;FLAVOR:Marlin
;TIME:816
;Filament used: 0.217934m
;Layer height: 0.2
;MINX:18.012
;MINY:24.637
;MINZ:0.2
;MAXX:54.491
;MAXY:51.129
;MAXZ:15
;TARGET_MACHINE.NAME:Creality Ender-3
;Generated with Cura_SteamEngine 5.10.0
M140 S50
M105
M190 S50
M104 S200
M105
M109 S200
; Ender 3 Custom Start G-code
G92 E0 ; Reset Extruder
G28 ; Home all axes
G1 Z2.0 F3000 ; Move Z Axis up little to prevent scratching of Heat Bed
G1 X0.1 Y20 Z0.3 F5000.0 ; Move to start position
G1 X0.1 Y200.0 Z0.3 F1500.0 E15 ; Draw the first line
G1 X0.4 Y200.0 Z0.3 F5000.0 ; Move to side a little
G1 X0.4 Y20 Z0.3 F1500.0 E30 ; Draw the second line
G92 E0 ; Reset Extruder
G1 Z2.0 F3000 ; Move Z Axis up little to prevent scratching of Heat Bed
G1 X5 Y20 Z0.3 F5000.0 ; Move over to prevent blob squish
M82 ;absolute extrusion mode
G92 E0
G92 E0
G1 F2700 E-5
;LAYER_COUNT:75
;LAYER:0
M107
G0 F6000 X22.831 Y27.662 Z0.2
;TYPE:SKIRT
G1 F2700 E0
G1 F1200 X23.295 Y27.311 E0.01935
G1 X23.755 Y26.983 E0.03814
G1 X24.544 Y26.471 E0.06943
G1 X25.541 Y25.947 E0.10689
G1 X26.026 Y25.725 E0.12463
G1 X26.862 Y25.385 E0.15464
G1 X27.866 Y25.078 E0.18956
G1 X28.863 Y24.873 E0.22342
G1 X29.586 Y24.759 E0.24776
G1 X30.523 Y24.654 E0.27912
G1 X31.725 Y24.637 E0.3191
G1 X32.517 Y24.67 E0.34547
G1 X35.123 Y24.741 E0.43218
G1 X37.614 Y24.738 E0.51503
G1 X40.24 Y24.662 E0.60241
G1 X40.77 Y24.639 E0.62005
G1 X41.762 Y24.643 E0.65304
G1 X42.753 Y24.734 E0.68614
G1 X43.321 Y24.814 E0.70522
G1 X44.281 Y24.994 E0.73771
G1 X45.28 Y25.278 E0.77225
G1 X45.824 Y25.462 E0.79135
G1 X46.731 Y25.816 E0.82374
G1 X47.57 Y26.231 E0.85487
G1 X48.349 Y26.7 E0.88511
G1 X48.969 Y27.127 E0.91015
G1 X49.304 Y27.373 E0.92397
G1 X50.065 Y27.991 E0.95658
G1 X50.844 Y28.756 E0.99289
G1 X51.201 Y29.144 E1.01043
G1 X51.827 Y29.89 E1.04282
G1 X52.385 Y30.69 E1.07526
G1 X52.873 Y31.54 E1.10786
G1 X53.184 Y32.146 E1.13052
G1 X53.587 Y33.031 E1.16286
G1 X53.911 Y33.944 E1.19508
G1 X54.115 Y34.717 E1.22167
G1 X54.189 Y35.048 E1.23295
G1 X54.366 Y36.018 E1.26575
G1 X54.491 Y37.397 E1.3118
G1 X54.465 Y38.755 E1.35698
G1 X54.439 Y39.082 E1.36789
G1 X54.297 Y40.195 E1.40521
G1 X54.045 Y41.317 E1.44345
G1 X53.792 Y42.132 E1.47184
G1 X53.267 Y43.46 E1.51933
G1 X52.804 Y44.359 E1.55297
G1 X52.641 Y44.645 E1.56391
G1 X52.137 Y45.446 E1.59539
G1 X51.298 Y46.513 E1.64054
G1 X50.705 Y47.153 E1.66956
G1 X50.443 Y47.417 E1.68193
G1 X49.778 Y48.028 E1.71196
G1 X48.953 Y48.66 E1.74653
G1 X48.282 Y49.092 E1.77307
G1 X47.674 Y49.452 E1.79657
G1 X46.813 Y49.908 E1.82898
G1 X45.92 Y50.286 E1.86123
G1 X45.164 Y50.535 E1.8877
G1 X44.894 Y50.613 E1.89705
G1 X44.141 Y50.801 E1.92287
G1 X43.721 Y50.891 E1.93715
G1 X42.83 Y51.04 E1.9672
G1 X41.64 Y51.123 E2.00687
G1 X40.965 Y51.125 E2.02932
G1 X40.178 Y51.106 E2.05551
G1 X38.409 Y51.039 E2.11439
G1 X35.873 Y51.013 E2.19874
G1 X33.378 Y51.06 E2.28174
G1 X32.149 Y51.11 E2.32265
G1 X31.279 Y51.129 E2.35159
G1 X30.307 Y51.104 E2.38393
G1 X29.41 Y51.004 E2.41395
G1 X28.759 Y50.884 E2.43597
G1 X28.021 Y50.715 E2.46115
G1 X27.63 Y50.612 E2.4746
G1 X26.7 Y50.323 E2.50699
G1 X25.8 Y49.954 E2.53934
G1 X25.002 Y49.543 E2.5692
G1 X24.503 Y49.26 E2.58828
G1 X23.705 Y48.757 E2.61965
G1 X22.704 Y47.977 E2.66186
G1 X22.271 Y47.596 E2.68104
G1 X21.559 Y46.907 E2.71399
G1 X20.944 Y46.201 E2.74514
G1 X20.458 Y45.542 E2.77237
G1 X20.264 Y45.259 E2.78378
G1 X19.784 Y44.496 E2.81376
G1 X19.16 Y43.257 E2.8599
G1 X19.034 Y42.965 E2.87048
G1 X18.692 Y42.062 E2.9026
G1 X18.465 Y41.284 E2.92955
G1 X18.213 Y40.127 E2.96894
G1 X18.146 Y39.701 E2.98328
G1 X18.036 Y38.732 E3.01572
G1 X18.012 Y37.775 E3.04756
G1 X18.036 Y37.232 E3.06563
G1 X18.069 Y36.763 E3.08127
G1 X18.218 Y35.593 E3.1205
G1 X18.304 Y35.133 E3.13606
G1 X18.527 Y34.184 E3.16849
G1 X18.837 Y33.253 E3.20113
G1 X19.297 Y32.214 E3.23892
G1 X19.646 Y31.532 E3.2644
G1 X20.13 Y30.687 E3.29679
G1 X20.681 Y29.895 E3.32888
G1 X21.131 Y29.344 E3.35254
G1 X21.433 Y28.998 E3.36781
G1 X22.056 Y28.344 E3.39786
G1 X22.831 Y27.662 E3.43219
G0 F6000 X23.072 Y27.981
G1 F1200 X23.528 Y27.636 E3.45121
G1 X23.973 Y27.318 E3.4694
G1 X24.73 Y26.825 E3.49945
G1 X25.708 Y26.311 E3.5362
G1 X26.177 Y26.096 E3.55336
G1 X27.013 Y25.756 E3.58337
G1 X27.947 Y25.47 E3.61586
G1 X28.925 Y25.268 E3.64908
G1 X29.631 Y25.157 E3.67285
G1 X30.568 Y25.052 E3.70421
G1 X31.708 Y25.037 E3.74213
G1 X32.5 Y25.07 E3.76849
G1 X35.112 Y25.141 E3.8554
G1 X37.626 Y25.138 E3.93901
G1 X40.258 Y25.062 E4.02659
G1 X40.769 Y25.039 E4.0436
G1 X41.726 Y25.041 E4.07543
G1 X42.698 Y25.13 E4.1079
G1 X43.248 Y25.207 E4.12637
G1 X44.172 Y25.379 E4.15763
G1 X45.152 Y25.657 E4.19151
G1 X45.679 Y25.835 E4.21001
G1 X46.554 Y26.175 E4.24124
G1 X47.364 Y26.574 E4.27127
G1 X48.143 Y27.043 E4.30151
G1 X48.732 Y27.449 E4.3253
G1 X49.052 Y27.684 E4.33851
G1 X49.785 Y28.277 E4.36987
G1 X50.55 Y29.027 E4.4055
G1 X50.895 Y29.401 E4.42242
G1 X51.499 Y30.119 E4.45363
G1 X52.038 Y30.889 E4.48489
G1 X52.517 Y31.723 E4.51688
G1 X52.82 Y32.312 E4.53891
G1 X53.21 Y33.165 E4.57011
G1 X53.524 Y34.047 E4.60124
G1 X53.725 Y34.805 E4.62733
G1 X53.796 Y35.12 E4.63807
G1 X53.968 Y36.055 E4.66969
G1 X54.091 Y37.39 E4.71428
G1 X54.066 Y38.724 E4.75865
G1 X54.042 Y39.031 E4.7689
G1 X53.9 Y40.144 E4.80621
G1 X53.663 Y41.198 E4.84215
G1 X53.41 Y42.013 E4.87053
G1 X52.911 Y43.277 E4.91573
G1 X52.456 Y44.161 E4.9488
G1 X52.302 Y44.432 E4.95916
G1 X51.798 Y45.233 E4.99064
G1 X51.004 Y46.241 E5.03332
G1 X50.421 Y46.871 E5.06187
G1 X50.172 Y47.122 E5.07363
G1 X49.507 Y47.733 E5.10366
G1 X48.736 Y48.324 E5.13597
G1 X48.078 Y48.748 E5.16201
G1 X47.486 Y49.099 E5.1849
G1 X46.657 Y49.54 E5.21613
G1 X45.795 Y49.906 E5.24728
G1 X45.053 Y50.151 E5.27327
G1 X44.797 Y50.225 E5.28213
G1 X44.058 Y50.41 E5.30747
G1 X43.655 Y50.496 E5.32117
G1 X42.764 Y50.645 E5.35122
G1 X41.639 Y50.723 E5.38873
G1 X40.975 Y50.725 E5.41081
G1 X40.193 Y50.706 E5.43683
G1 X38.424 Y50.639 E5.49571
G1 X35.87 Y50.613 E5.58066
G1 X33.361 Y50.66 E5.66412
G1 X32.137 Y50.711 E5.70487
G1 X31.289 Y50.729 E5.73308
G1 X30.351 Y50.706 E5.76429
G1 X29.454 Y50.606 E5.79431
G1 X28.848 Y50.494 E5.8148
G1 X28.122 Y50.328 E5.83957
G1 X27.748 Y50.23 E5.85243
G1 X26.851 Y49.953 E5.88366
G1 X25.983 Y49.598 E5.91485
G1 X25.199 Y49.195 E5.94417
G1 X24.716 Y48.921 E5.96264
G1 X23.951 Y48.441 E5.99268
G1 X22.968 Y47.676 E6.0341
G1 X22.549 Y47.308 E6.05265
G1 X21.861 Y46.644 E6.08445
G1 X21.246 Y45.938 E6.1156
G1 X20.788 Y45.316 E6.14129
G1 X20.603 Y45.046 E6.15217
G1 X20.123 Y44.283 E6.18215
G1 X19.527 Y43.098 E6.22627
G1 X19.408 Y42.823 E6.23624
G1 X19.076 Y41.95 E6.2673
G1 X18.856 Y41.199 E6.29333
G1 X18.608 Y40.064 E6.33197
G1 X18.543 Y39.655 E6.34575
G1 X18.436 Y38.722 E6.37698
G1 X18.412 Y37.792 E6.40792
G1 X18.435 Y37.26 E6.42563
G1 X18.466 Y36.814 E6.4405
G1 X18.615 Y35.644 E6.47973
G1 X18.693 Y35.224 E6.49394
G1 X18.907 Y34.31 E6.52516
G1 X19.203 Y33.415 E6.55652
G1 X19.663 Y32.376 E6.59431
G1 X19.993 Y31.73 E6.61844
G1 X20.458 Y30.915 E6.64965
G1 X20.991 Y30.148 E6.68071
G1 X21.433 Y29.607 E6.70395
G1 X21.723 Y29.274 E6.71863
G1 X22.346 Y28.62 E6.74867
G1 X23.072 Y27.981 E6.78084
G0 F6000 X23.314 Y28.3
G1 F1200 X23.761 Y27.961 E6.7995
G1 X24.191 Y27.653 E6.81709
G1 X24.948 Y27.16 E6.84714
G1 X25.875 Y26.675 E6.88194
G1 X26.328 Y26.467 E6.89852
G1 X27.164 Y26.127 E6.92853
G1 X28.028 Y25.862 E6.95859
G1 X28.988 Y25.663 E6.9912
G1 X29.676 Y25.554 E7.01437
G1 X30.573 Y25.452 E7.0444
G1 X31.691 Y25.437 E7.08158
G1 X32.483 Y25.47 E7.10795
G1 X35.101 Y25.541 E7.19506
G1 X37.638 Y25.538 E7.27944
G1 X40.276 Y25.462 E7.36721
G1 X40.787 Y25.439 E7.38423
G1 X41.69 Y25.439 E7.41426
G1 X42.643 Y25.526 E7.44609
G1 X43.175 Y25.6 E7.46395
G1 X44.063 Y25.764 E7.49399
G1 X45.024 Y26.036 E7.52721
G1 X45.535 Y26.208 E7.54514
G1 X46.377 Y26.534 E7.57517
G1 X47.187 Y26.933 E7.6052
G1 X47.916 Y27.373 E7.63352
G1 X48.495 Y27.771 E7.65689
G1 X48.801 Y27.996 E7.66952
G1 X49.505 Y28.563 E7.69959
G1 X50.256 Y29.298 E7.73454
G1 X50.589 Y29.659 E7.75088
G1 X51.172 Y30.349 E7.78092
G1 X51.691 Y31.088 E7.81096
G1 X52.161 Y31.906 E7.84233
G1 X52.456 Y32.479 E7.86377
G1 X52.833 Y33.3 E7.89382
G1 X53.137 Y34.15 E7.92384
G1 X53.335 Y34.893 E7.94942
G1 X53.403 Y35.193 E7.95965
G1 X53.57 Y36.092 E7.99006
G1 X53.691 Y37.383 E8.03319
G1 X53.667 Y38.693 E8.07676
G1 X53.645 Y38.98 E8.08634
G1 X53.503 Y40.093 E8.12366
G1 X53.281 Y41.08 E8.1573
G1 X53.038 Y41.866 E8.18467
G1 X52.539 Y43.13 E8.22987
G1 X52.108 Y43.964 E8.26109
G1 X51.963 Y44.22 E8.27088
G1 X51.484 Y44.985 E8.3009
G1 X50.69 Y45.993 E8.34357
G1 X50.138 Y46.589 E8.37059
G1 X49.901 Y46.827 E8.38176
G1 X49.236 Y47.438 E8.4118
G1 X48.519 Y47.988 E8.44186
G1 X47.874 Y48.404 E8.46738
G1 X47.297 Y48.746 E8.48969
G1 X46.5 Y49.172 E8.51975
G1 X45.669 Y49.526 E8.54979
G1 X44.941 Y49.767 E8.5753
G1 X44.7 Y49.837 E8.58365
G1 X43.975 Y50.019 E8.60851
G1 X43.589 Y50.101 E8.62163
G1 X42.698 Y50.25 E8.65168
G1 X41.638 Y50.323 E8.68702
G1 X40.985 Y50.325 E8.70874
G1 X40.208 Y50.306 E8.73459
G1 X38.439 Y50.239 E8.79347
G1 X35.867 Y50.213 E8.87902
G1 X33.344 Y50.26 E8.96295
G1 X32.128 Y50.311 E9.00343
G1 X31.298 Y50.329 E9.03104
G1 X30.395 Y50.308 E9.06108
G1 X29.498 Y50.208 E9.0911
G1 X28.937 Y50.104 E9.11008
G1 X28.223 Y49.941 E9.13444
G1 X27.865 Y49.848 E9.14674
G1 X27.002 Y49.583 E9.17676
G1 X26.166 Y49.242 E9.20679
G1 X25.396 Y48.847 E9.23558
G1 X24.929 Y48.582 E9.25344
G1 X24.164 Y48.102 E9.28347
G1 X23.232 Y47.375 E9.32279
G1 X22.813 Y47.007 E9.34134
G1 X22.162 Y46.381 E9.37137
G1 X21.568 Y45.701 E9.40141
G1 X21.118 Y45.091 E9.42662
G1 X20.942 Y44.833 E9.43701
G1 X20.462 Y44.07 E9.46699
G1 X19.894 Y42.939 E9.50908
G1 X19.782 Y42.68 E9.51847
G1 X19.46 Y41.837 E9.54848
G1 X19.247 Y41.113 E9.57358
G1 X19.003 Y40 E9.61148
G1 X18.94 Y39.609 E9.62465
G1 X18.836 Y38.711 E9.65472
G1 X18.812 Y37.809 E9.68473
G1 X18.834 Y37.287 E9.70211
G1 X18.863 Y36.865 E9.71618
G1 X19.012 Y35.695 E9.7554
G1 X19.083 Y35.314 E9.7683
G1 X19.287 Y34.435 E9.79831
G1 X19.569 Y33.577 E9.82835
G1 X20.029 Y32.538 E9.86614
G1 X20.341 Y31.928 E9.88893
G1 X20.787 Y31.143 E9.91896
G1 X21.301 Y30.401 E9.94898
G1 X21.734 Y29.87 E9.97177
G1 X22.013 Y29.55 E9.98589
G1 X22.636 Y28.896 E10.01593
G1 X23.314 Y28.3 E10.04595
G1 F2700 E5.04595
;MESH:slupek4.stl
G0 F6000 X29.363 Y35.664
G0 X31.916 Y39.386
;TYPE:WALL-INNER
G1 F2700 E10.04595
G1 F1200 X31.94 Y39.378 E10.0468
G1 X32.277 Y39.186 E10.0597
G1 X32.602 Y38.844 E10.07539
G1 X32.785 Y38.494 E10.08852
G1 X32.872 Y38.195 E10.09888
G1 X32.904 Y37.884 E10.10928
G1 X32.872 Y37.571 E10.11974
G1 X32.787 Y37.274 E10.13002
G1 X32.609 Y36.927 E10.14299
G1 X32.332 Y36.635 E10.15638
G1 X32.017 Y36.411 E10.16923
G1 X31.643 Y36.282 E10.18239
G1 X31.258 Y36.223 E10.19535
G1 X30.795 Y36.29 E10.21091
G1 X30.434 Y36.455 E10.22411
G1 X30.113 Y36.68 E10.23715
G1 X29.87 Y36.988 E10.25019
G1 X29.728 Y37.261 E10.26043
G1 X29.64 Y37.565 E10.27096
G1 X29.607 Y37.879 E10.28146
G1 X29.636 Y38.191 E10.29188
G1 X29.72 Y38.48 E10.30189
G1 X29.867 Y38.765 E10.31255
G1 X30.065 Y39.016 E10.32319
G1 X30.296 Y39.218 E10.33339
G1 X30.641 Y39.418 E10.34666
G1 X31.012 Y39.511 E10.35938
G1 X31.334 Y39.526 E10.3701
G1 X31.638 Y39.482 E10.38032
G1 X31.916 Y39.386 E10.3901
G0 F6000 X32.076 Y39.754
;TYPE:WALL-OUTER
G1 F1200 X32.105 Y39.744 E10.39112
G1 X32.527 Y39.504 E10.40727
G1 X32.931 Y39.078 E10.42679
G1 X33.157 Y38.644 E10.44307
G1 X33.266 Y38.273 E10.45593
G1 X33.306 Y37.884 E10.46893
G1 X33.266 Y37.495 E10.48194
G1 X33.161 Y37.126 E10.4947
G1 X32.939 Y36.693 E10.51089
G1 X32.596 Y36.332 E10.52745
G1 X32.203 Y36.052 E10.5435
G1 X31.739 Y35.892 E10.55982
G1 X31.259 Y35.819 E10.57597
G1 X30.681 Y35.902 E10.59539
G1 X30.233 Y36.107 E10.61178
G1 X29.835 Y36.387 E10.62796
G1 X29.533 Y36.77 E10.64419
G1 X29.355 Y37.111 E10.65698
G1 X29.246 Y37.487 E10.67
G1 X29.205 Y37.877 E10.68304
G1 X29.242 Y38.266 E10.69604
G1 X29.347 Y38.629 E10.70861
G1 X29.529 Y38.983 E10.72185
G1 X29.774 Y39.293 E10.73499
G1 X30.062 Y39.544 E10.7477
G1 X30.489 Y39.792 E10.76412
G1 X30.954 Y39.909 E10.78007
G1 X31.354 Y39.927 E10.79339
G1 X31.732 Y39.872 E10.80609
G1 X32.076 Y39.754 E10.81819
G0 F6000 X31.769 Y39.052
;TYPE:SKIN
G1 F1200 X31.443 Y39.168 E10.82969
G1 X31.062 Y39.152 E10.84238
G1 X30.777 Y39.077 E10.85218
G1 X30.407 Y38.867 E10.86633
G1 X30.17 Y38.567 E10.87905
G1 X30.055 Y38.342 E10.88745
G1 X29.969 Y37.882 E10.90302
G1 X30.063 Y37.395 E10.91951
G1 X30.177 Y37.174 E10.92778
G1 X30.358 Y36.948 E10.93741
G1 X30.613 Y36.77 E10.94776
G1 X30.902 Y36.635 E10.95837
G1 X31.254 Y36.587 E10.97018
G1 X31.552 Y36.632 E10.98021
G1 X31.851 Y36.733 E10.9907
G1 X32.091 Y36.904 E11.0005
G1 X32.31 Y37.137 E11.01114
G1 X32.444 Y37.402 E11.02102
G1 X32.549 Y37.77 E11.03374
G1 X32.502 Y38.255 E11.04995
G1 X32.307 Y38.63 E11.06401
G1 X32.052 Y38.896 E11.07626
G1 X31.788 Y39.045 E11.08635
G1 X31.769 Y39.052 E11.08702
G0 F6000 X31.854 Y39.301
G0 X31.036 Y39.351
G0 X30.702 Y39.267
G0 X30.183 Y38.905
G0 X29.763 Y38.267
G0 X30.218 Y38.137
G1 F1200 X31.012 Y38.932 E11.12439
G0 F6000 X31.578 Y38.932
G1 F1200 X30.227 Y37.581 E11.18794
G0 F6000 X30.411 Y37.199
G1 F1200 X31.938 Y38.726 E11.25976
G0 F6000 X32.194 Y38.416
G1 F1200 X30.72 Y36.942 E11.3291
G0 F6000 X31.147 Y36.803
G1 F1200 X32.32 Y37.977 E11.38429
G1 F2700 E6.38429
;MESH:slupek4.stl(1)
G0 F6000 X32.788 Y38.026
G0 X33.042 Y38.232
G0 X34.13 Y38.338
G0 X38.751 Y39.359
G0 X41.848 Y39.41
;TYPE:WALL-INNER
G1 F2700 E11.38429
G1 F1200 X41.94 Y39.378 E11.38753
G1 X42.277 Y39.186 E11.40043
G1 X42.602 Y38.844 E11.41613
G1 X42.785 Y38.494 E11.42926
G1 X42.872 Y38.195 E11.43962
G1 X42.904 Y37.884 E11.45002
G1 X42.872 Y37.571 E11.46048
G1 X42.787 Y37.274 E11.47076
G1 X42.609 Y36.927 E11.48373
G1 X42.332 Y36.635 E11.49711
G1 X42.017 Y36.411 E11.50997
G1 X41.643 Y36.282 E11.52313
G1 X41.258 Y36.223 E11.53608
G1 X40.795 Y36.29 E11.55164
G1 X40.434 Y36.455 E11.56485
G1 X40.113 Y36.68 E11.57788
G1 X39.87 Y36.988 E11.59093
G1 X39.728 Y37.261 E11.60117
G1 X39.64 Y37.565 E11.61169
G1 X39.607 Y37.879 E11.62219
G1 X39.636 Y38.191 E11.63262
G1 X39.72 Y38.48 E11.64263
G1 X39.867 Y38.765 E11.65329
G1 X40.065 Y39.016 E11.66393
G1 X40.296 Y39.218 E11.67413
G1 X40.641 Y39.418 E11.68739
G1 X41.012 Y39.511 E11.70012
G1 X41.334 Y39.526 E11.71084
G1 X41.638 Y39.482 E11.72105
G1 X41.848 Y39.41 E11.72844
G0 F6000 X41.993 Y39.783
;TYPE:WALL-OUTER
G1 F1200 X42.105 Y39.744 E11.73238
G1 X42.527 Y39.504 E11.74853
G1 X42.931 Y39.078 E11.76806
G1 X43.157 Y38.644 E11.78433
G1 X43.266 Y38.273 E11.79719
G1 X43.306 Y37.884 E11.8102
G1 X43.266 Y37.495 E11.8232
G1 X43.161 Y37.126 E11.83597
G1 X42.939 Y36.693 E11.85215
G1 X42.596 Y36.332 E11.86871
G1 X42.203 Y36.052 E11.88476
G1 X41.739 Y35.892 E11.90109
G1 X41.259 Y35.819 E11.91723
G1 X40.681 Y35.902 E11.93666
G1 X40.233 Y36.107 E11.95304
G1 X39.835 Y36.387 E11.96923
G1 X39.533 Y36.77 E11.98545
G1 X39.355 Y37.111 E11.99824
G1 X39.246 Y37.487 E12.01126
G1 X39.205 Y37.877 E12.02431
G1 X39.242 Y38.266 E12.0373
G1 X39.347 Y38.629 E12.04987
G1 X39.529 Y38.983 E12.06311
G1 X39.774 Y39.293 E12.07625
G1 X40.062 Y39.544 E12.08896
G1 X40.489 Y39.792 E12.10538
G1 X40.954 Y39.909 E12.12133
G1 X41.354 Y39.927 E12.13465
G1 X41.732 Y39.872 E12.14735
G1 X41.993 Y39.783 E12.15653
G0 F6000 X41.717 Y39.07
;TYPE:SKIN
G1 F1200 X41.443 Y39.168 E12.1662
G1 X41.062 Y39.152 E12.17889
G1 X40.777 Y39.077 E12.18869
G1 X40.407 Y38.867 E12.20284
G1 X40.17 Y38.567 E12.21556
G1 X40.055 Y38.342 E12.22396
G1 X39.969 Y37.882 E12.23952
G1 X40.063 Y37.395 E12.25602
G1 X40.177 Y37.174 E12.26429
G1 X40.358 Y36.948 E12.27392
G1 X40.613 Y36.77 E12.28427
G1 X40.902 Y36.635 E12.29487
G1 X41.254 Y36.587 E12.30669
G1 X41.552 Y36.632 E12.31671
G1 X41.851 Y36.733 E12.32721
G1 X42.091 Y36.904 E12.33701
G1 X42.31 Y37.137 E12.34765
G1 X42.444 Y37.402 E12.35752
G1 X42.549 Y37.77 E12.37025
G1 X42.502 Y38.255 E12.38646
G1 X42.307 Y38.63 E12.40052
G1 X42.052 Y38.896 E12.41277
G1 X41.788 Y39.045 E12.42286
G1 X41.717 Y39.07 E12.42536
G0 F6000 X41.802 Y39.319
G0 X41.036 Y39.351
G0 X40.702 Y39.267
G0 X40.183 Y38.905
G0 X39.929 Y38.513
G0 X39.715 Y37.955
G0 X40.175 Y37.912
G1 F1200 X41.21 Y38.947 E12.47404
G0 F6000 X41.695 Y38.866
G1 F1200 X40.278 Y37.45 E12.54067
G0 F6000 X40.492 Y37.098
G1 F1200 X42.028 Y38.633 E12.6129
G0 F6000 X42.256 Y38.296
G1 F1200 X40.843 Y36.883 E12.67936
G0 F6000 X41.325 Y36.8
G1 F1200 X42.319 Y37.793 E12.72609
G1 F2700 E7.72609
;MESH:NONMESH
G0 F300 X42.319 Y37.793 Z0.4
G0 F6000 X42.789 Y37.746
G0 X42.476 Y37.021
G0 X41.943 Y36.556
G0 X41.257 Y36.386
G0 X39.729 Y36.895
G0 X38.758 Y36.392
G0 X23.314 Y28.3
;TIME_ELAPSED:27.162584
;LAYER:1
;note -- min layer time used
M106 S85
;TYPE:SKIRT
G1 F2700 E12.72609
G1 F1140 X23.761 Y27.961 E12.74475
G1 X24.191 Y27.653 E12.76234
G1 X24.948 Y27.16 E12.79239
G1 X25.875 Y26.675 E12.82719
G1 X26.328 Y26.467 E12.84376
G1 X27.164 Y26.127 E12.87378
G1 X28.028 Y25.862 E12.90384
G1 X28.988 Y25.663 E12.93645
G1 X29.676 Y25.554 E12.95962
G1 X30.573 Y25.452 E12.98964
G1 X31.691 Y25.437 E13.02683
G1 X32.483 Y25.47 E13.0532
G1 X35.101 Y25.541 E13.1403
G1 X37.638 Y25.538 E13.22468
G1 X40.276 Y25.462 E13.31246
G1 X40.787 Y25.439 E13.32947
G1 X41.69 Y25.439 E13.35951
G1 X42.643 Y25.526 E13.39134
G1 X43.175 Y25.6 E13.4092
G1 X44.063 Y25.764 E13.43924
G1 X45.024 Y26.036 E13.47245
G1 X45.535 Y26.208 E13.49039
G1 X46.377 Y26.534 E13.52042
G1 X47.187 Y26.933 E13.55045
G1 X47.916 Y27.373 E13.57877
G1 X48.495 Y27.771 E13.60214
G1 X48.801 Y27.996 E13.61477
G1 X49.505 Y28.563 E13.64484
G1 X50.256 Y29.298 E13.67979
G1 X50.589 Y29.659 E13.69612
G1 X51.172 Y30.349 E13.72617
G1 X51.691 Y31.088 E13.7562
G1 X52.161 Y31.906 E13.78758
G1 X52.456 Y32.479 E13.80902
G1 X52.833 Y33.3 E13.83906
G1 X53.137 Y34.15 E13.86909
G1 X53.335 Y34.893 E13.89466
G1 X53.403 Y35.193 E13.90489
G1 X53.57 Y36.092 E13.93531
G1 X53.691 Y37.383 E13.97843
G1 X53.667 Y38.693 E14.02201
G1 X53.645 Y38.98 E14.03159
G1 X53.503 Y40.093 E14.0689
G1 X53.281 Y41.08 E14.10255
G1 X53.038 Y41.866 E14.12992
G1 X52.539 Y43.13 E14.17511
G1 X52.108 Y43.964 E14.20634
G1 X51.963 Y44.22 E14.21612
G1 X51.484 Y44.985 E14.24614
G1 X50.69 Y45.993 E14.28882
G1 X50.138 Y46.589 E14.31584
G1 X49.901 Y46.827 E14.32701
G1 X49.236 Y47.438 E14.35705
G1 X48.519 Y47.988 E14.3871
G1 X47.874 Y48.404 E14.41263
G1 X47.297 Y48.746 E14.43494
G1 X46.5 Y49.172 E14.465
G1 X45.669 Y49.526 E14.49504
G1 X44.941 Y49.767 E14.52055
G1 X44.7 Y49.837 E14.52889
G1 X43.975 Y50.019 E14.55376
G1 X43.589 Y50.101 E14.56688
G1 X42.698 Y50.25 E14.59693
G1 X41.638 Y50.323 E14.63227
G1 X40.985 Y50.325 E14.65398
G1 X40.208 Y50.306 E14.67984
G1 X38.439 Y50.239 E14.73872
G1 X35.867 Y50.213 E14.82426
G1 X33.344 Y50.26 E14.90819
G1 X32.128 Y50.311 E14.94867
G1 X31.298 Y50.329 E14.97629
G1 X30.395 Y50.308 E15.00633
G1 X29.498 Y50.208 E15.03635
G1 X28.937 Y50.104 E15.05532
G1 X28.223 Y49.941 E15.07968
G1 X27.865 Y49.848 E15.09199
G1 X27.002 Y49.583 E15.12201
G1 X26.166 Y49.242 E15.15204
G1 X25.396 Y48.847 E15.18083
G1 X24.929 Y48.582 E15.19868
G1 X24.164 Y48.102 E15.22872
G1 X23.232 Y47.375 E15.26804
G1 X22.813 Y47.007 E15.28658
G1 X22.162 Y46.381 E15.31662
G1 X21.568 Y45.701 E15.34665
G1 X21.118 Y45.091 E15.37187
G1 X20.942 Y44.833 E15.38225
G1 X20.462 Y44.07 E15.41223
G1 X19.894 Y42.939 E15.45433
G1 X19.782 Y42.68 E15.46371
G1 X19.46 Y41.837 E15.49373
G1 X19.247 Y41.113 E15.51883
G1 X19.003 Y40 E15.55673
G1 X18.94 Y39.609 E15.5699
G1 X18.836 Y38.711 E15.59997
G1 X18.812 Y37.809 E15.62998
G1 X18.834 Y37.287 E15.64735
G1 X18.863 Y36.865 E15.66142
G1 X19.012 Y35.695 E15.70065
G1 X19.083 Y35.314 E15.71354
G1 X19.287 Y34.435 E15.74356
G1 X19.569 Y33.577 E15.77359
G1 X20.029 Y32.538 E15.81139
G1 X20.341 Y31.928 E15.83418
G1 X20.787 Y31.143 E15.8642
G1 X21.301 Y30.401 E15.89423
G1 X21.734 Y29.87 E15.91702
G1 X22.013 Y29.55 E15.93114
G1 X22.636 Y28.896 E15.96118
G1 X23.314 Y28.3 E15.9912
G1 F2700 E10.9912
;MESH:slupek4.stl
G0 F9000 X29.428 Y35.618
G0 X31.918 Y39.391
;TYPE:WALL-INNER
G1 F2700 E15.9912
G1 F1140 X32.28 Y39.183 E16.00509
G1 X32.545 Y38.904 E16.01789
G1 X32.713 Y38.641 E16.02827
G1 X32.838 Y38.339 E16.03914
G1 X32.896 Y38.038 E16.04933
G1 X32.896 Y37.722 E16.05984
G1 X32.823 Y37.342 E16.07271
G1 X32.606 Y36.921 E16.08847
G1 X32.33 Y36.634 E16.10171
G1 X32.013 Y36.408 E16.11466
G1 X31.641 Y36.278 E16.12776
G1 X31.259 Y36.223 E16.1406
G1 X30.786 Y36.29 E16.15649
G1 X30.434 Y36.45 E16.16935
G1 X30.176 Y36.635 E16.17991
G1 X29.907 Y36.921 E16.19297
G1 X29.69 Y37.339 E16.20863
G1 X29.617 Y37.726 E16.22173
G1 X29.616 Y38.039 E16.23214
G1 X29.675 Y38.347 E16.24257
G1 X29.789 Y38.632 E16.25278
G1 X30.002 Y38.966 E16.26596
G1 X30.294 Y39.217 E16.27876
G1 X30.643 Y39.421 E16.29221
G1 X31.017 Y39.511 E16.305
G1 X31.418 Y39.528 E16.31835
G1 X31.867 Y39.42 E16.33371
G1 X31.918 Y39.391 E16.33566
G0 F9000 X32.079 Y39.76
;TYPE:WALL-OUTER
G1 F1140 X32.53 Y39.501 E16.35296
G1 X32.861 Y39.152 E16.36896
G1 X33.069 Y38.827 E16.38179
G1 X33.223 Y38.454 E16.39522
G1 X33.296 Y38.076 E16.40802
G1 X33.296 Y37.684 E16.42106
G1 X33.205 Y37.21 E16.43711
G1 X32.935 Y36.686 E16.45672
G1 X32.592 Y36.329 E16.47318
G1 X32.199 Y36.048 E16.48925
G1 X31.736 Y35.888 E16.50555
G1 X31.259 Y35.819 E16.52158
G1 X30.673 Y35.902 E16.54126
G1 X30.233 Y36.102 E16.55734
G1 X29.912 Y36.332 E16.57047
G1 X29.577 Y36.686 E16.58668
G1 X29.308 Y37.207 E16.60618
G1 X29.217 Y37.688 E16.62246
G1 X29.216 Y38.077 E16.6354
G1 X29.289 Y38.459 E16.64834
G1 X29.431 Y38.816 E16.66112
G1 X29.697 Y39.231 E16.67751
G1 X30.061 Y39.544 E16.69348
G1 X30.492 Y39.796 E16.71008
G1 X30.961 Y39.909 E16.72613
G1 X31.456 Y39.93 E16.74261
G1 X32.017 Y39.796 E16.76179
G1 X32.079 Y39.76 E16.76418
G0 F9000 X31.772 Y39.059
;TYPE:SKIN
G1 F1140 X31.73 Y39.083 E16.76579
G1 X31.384 Y39.163 E16.7776
G1 X31.061 Y39.152 E16.78835
G1 X30.78 Y39.08 E16.79799
G1 X30.505 Y38.924 E16.80851
G1 X30.277 Y38.723 E16.81862
G1 X30.107 Y38.463 E16.82895
G1 X30.021 Y38.248 E16.83665
G1 X29.976 Y37.759 E16.85299
G1 X30.032 Y37.458 E16.86317
G1 X30.201 Y37.13 E16.87544
G1 X30.412 Y36.908 E16.88563
G1 X30.617 Y36.762 E16.894
G1 X30.889 Y36.638 E16.90394
G1 X31.256 Y36.587 E16.91627
G1 X31.548 Y36.628 E16.92607
G1 X31.85 Y36.732 E16.9367
G1 X32.092 Y36.908 E16.94665
G1 X32.307 Y37.13 E16.95693
G1 X32.477 Y37.463 E16.96936
G1 X32.536 Y37.756 E16.9793
G1 X32.491 Y38.225 E16.99498
G1 X32.334 Y38.602 E17.00856
G1 X32.055 Y38.896 E17.02204
G1 X31.772 Y39.059 E17.0329
G0 F9000 X31.188 Y38.957
G1 F1140 X32.332 Y37.813 E17.08671
G0 F9000 X32.206 Y37.373
G1 F1140 X30.748 Y38.831 E17.15529
G0 F9000 X30.428 Y38.586
G1 F1140 X31.957 Y37.057 E17.22721
G0 F9000 X31.594 Y36.854
G1 F1140 X30.218 Y38.23 E17.29193
G0 F9000 X30.192 Y37.69
G1 F1140 X31.067 Y36.815 E17.33309
G1 F2700 E12.33309
;MESH:slupek4.stl(1)
G0 F9000 X31.003 Y36.36
G0 X31.603 Y36.435
G0 X32.985 Y37.283
G0 X34.059 Y37.076
G0 X38.352 Y38.053
G0 X41.854 Y39.423
;TYPE:WALL-INNER
G1 F2700 E17.33309
G1 F1142.8 X41.867 Y39.42 E17.33353
G1 F1140 X42.28 Y39.183 E17.34937
G1 X42.545 Y38.904 E17.36217
G1 X42.713 Y38.641 E17.37255
G1 X42.838 Y38.339 E17.38342
G1 X42.896 Y38.038 E17.39362
G1 X42.896 Y37.722 E17.40413
G1 X42.823 Y37.342 E17.417
G1 X42.606 Y36.921 E17.43275
G1 X42.33 Y36.634 E17.44599
G1 X42.013 Y36.408 E17.45894
G1 X41.641 Y36.278 E17.47205
G1 X41.259 Y36.223 E17.48488
G1 X40.786 Y36.29 E17.50077
G1 X40.434 Y36.45 E17.51363
G1 X40.176 Y36.635 E17.52419
G1 X39.907 Y36.921 E17.53725
G1 X39.69 Y37.339 E17.55292
G1 X39.617 Y37.726 E17.56601
G1 X39.616 Y38.039 E17.57642
G1 X39.675 Y38.347 E17.58686
G1 X39.789 Y38.632 E17.59706
G1 X40.002 Y38.966 E17.61024
G1 X40.294 Y39.217 E17.62305
G1 X40.643 Y39.421 E17.63649
G1 X41.017 Y39.511 E17.64929
G1 X41.418 Y39.528 E17.66264
G1 F1142.8 X41.854 Y39.423 E17.67751
G0 F9000 X41.999 Y39.8
;TYPE:WALL-OUTER
G1 F1142.8 X42.017 Y39.796 E17.67813
G1 F1140 X42.53 Y39.501 E17.69781
G1 X42.861 Y39.152 E17.71381
G1 X43.069 Y38.827 E17.72664
G1 X43.223 Y38.454 E17.74006
G1 X43.296 Y38.076 E17.75287
G1 X43.296 Y37.684 E17.76591
G1 X43.205 Y37.21 E17.78196
G1 X42.935 Y36.686 E17.80156
G1 X42.592 Y36.329 E17.81803
G1 X42.199 Y36.048 E17.8341
G1 X41.736 Y35.888 E17.85039
G1 X41.259 Y35.819 E17.86642
G1 X40.673 Y35.902 E17.88611
G1 X40.233 Y36.102 E17.90218
G1 X39.912 Y36.332 E17.91532
G1 X39.577 Y36.686 E17.93153
G1 X39.308 Y37.207 E17.95103
G1 X39.217 Y37.688 E17.96731
G1 X39.216 Y38.077 E17.98025
G1 X39.289 Y38.459 E17.99318
G1 X39.431 Y38.816 E18.00596
G1 X39.697 Y39.231 E18.02236
G1 X40.061 Y39.544 E18.03833
G1 X40.492 Y39.796 E18.05493
G1 X40.961 Y39.909 E18.07098
G1 X41.456 Y39.93 E18.08746
G1 F1142.8 X41.999 Y39.8 E18.10598
G0 F9000 X41.723 Y39.085
;TYPE:SKIN
G1 F1140 X41.384 Y39.163 E18.11755
G1 X41.061 Y39.152 E18.1283
G1 X40.78 Y39.08 E18.13795
G1 X40.505 Y38.924 E18.14846
G1 X40.277 Y38.723 E18.15857
G1 X40.107 Y38.463 E18.1689
G1 X40.021 Y38.248 E18.17661
G1 X39.976 Y37.759 E18.19294
G1 X40.032 Y37.458 E18.20312
G1 X40.201 Y37.13 E18.21539
G1 X40.412 Y36.908 E18.22558
G1 X40.617 Y36.762 E18.23395
G1 X40.889 Y36.638 E18.24389
G1 X41.256 Y36.587 E18.25622
G1 X41.548 Y36.628 E18.26602
G1 X41.85 Y36.732 E18.27665
G1 X42.092 Y36.908 E18.2866
G1 X42.307 Y37.13 E18.29688
G1 X42.477 Y37.463 E18.30932
G1 X42.536 Y37.756 E18.31926
G1 X42.491 Y38.225 E18.33493
G1 X42.334 Y38.602 E18.34851
G1 X42.055 Y38.896 E18.36199
G1 X41.73 Y39.083 E18.37446
G1 X41.723 Y39.085 E18.3747
G0 F9000 X41.365 Y38.962
G1 F1140 X42.313 Y38.014 E18.41929
G0 F9000 X42.268 Y37.494
G1 F1140 X40.866 Y38.896 E18.48524
G0 F9000 X40.523 Y38.673
G1 F1140 X42.047 Y37.149 E18.55692
G0 F9000 X41.729 Y36.901
G1 F1140 X40.275 Y38.355 E18.62532
G0 F9000 X40.186 Y37.879
G1 F1140 X41.274 Y36.791 E18.67649
G1 F2700 E13.67649
;MESH:NONMESH
G0 F300 X41.274 Y36.791 Z0.6
G0 F9000 X41.34 Y36.336
G0 X40.064 Y36.509
G0 X39.273 Y35.755
G0 X23.314 Y28.3
;TIME_ELAPSED:39.957695
;LAYER:2
;note -- min layer time used
M106 S170
;TYPE:SKIRT
G1 F2700 E18.67649
G1 F1141.6 X23.761 Y27.961 E18.69515
G1 X24.191 Y27.653 E18.71274
G1 X24.948 Y27.16 E18.74279
G1 X25.875 Y26.675 E18.77759
G1 X26.328 Y26.467 E18.79417
G1 X27.164 Y26.127 E18.82418
G1 X28.028 Y25.862 E18.85424
G1 X28.988 Y25.663 E18.88685
G1 X29.676 Y25.554 E18.91002
G1 X30.573 Y25.452 E18.94005
G1 X31.691 Y25.437 E18.97723
G1 X32.483 Y25.47 E19.0036
G1 X35.101 Y25.541 E19.09071
G1 X37.638 Y25.538 E19.17509
G1 X40.276 Y25.462 E19.26286
G1 X40.787 Y25.439 E19.27988
G1 X41.69 Y25.439 E19.30991
G1 X42.643 Y25.526 E19.34174
G1 X43.175 Y25.6 E19.3596
G1 X44.063 Y25.764 E19.38964
G1 X45.024 Y26.036 E19.42286
G1 X45.535 Y26.208 E19.44079
G1 X46.377 Y26.534 E19.47082
G1 X47.187 Y26.933 E19.50085
G1 X47.916 Y27.373 E19.52917
G1 X48.495 Y27.771 E19.55254
G1 X48.801 Y27.996 E19.56517
G1 X49.505 Y28.563 E19.59524
G1 X50.256 Y29.298 E19.63019
G1 X50.589 Y29.659 E19.64653
G1 X51.172 Y30.349 E19.67657
G1 X51.691 Y31.088 E19.7066
G1 X52.161 Y31.906 E19.73798
G1 X52.456 Y32.479 E19.75942
G1 X52.833 Y33.3 E19.78947
G1 X53.137 Y34.15 E19.81949
G1 X53.335 Y34.893 E19.84507
G1 X53.403 Y35.193 E19.8553
G1 X53.57 Y36.092 E19.88571
G1 X53.691 Y37.383 E19.92884
G1 X53.667 Y38.693 E19.97241
G1 X53.645 Y38.98 E19.98199
G1 X53.503 Y40.093 E20.01931
G1 X53.281 Y41.08 E20.05295
G1 X53.038 Y41.866 E20.08032
G1 X52.539 Y43.13 E20.12552
G1 X52.108 Y43.964 E20.15674
G1 X51.963 Y44.22 E20.16653
G1 X51.484 Y44.985 E20.19655
G1 X50.69 Y45.993 E20.23922
G1 X50.138 Y46.589 E20.26624
G1 X49.901 Y46.827 E20.27741
G1 X49.236 Y47.438 E20.30745
G1 X48.519 Y47.988 E20.33751
G1 X47.874 Y48.404 E20.36303
G1 X47.297 Y48.746 E20.38534
G1 X46.5 Y49.172 E20.4154
G1 X45.669 Y49.526 E20.44544
G1 X44.941 Y49.767 E20.47095
G1 X44.7 Y49.837 E20.4793
G1 X43.975 Y50.019 E20.50416
G1 X43.589 Y50.101 E20.51728
G1 X42.698 Y50.25 E20.54733
G1 X41.638 Y50.323 E20.58267
G1 X40.985 Y50.325 E20.60439
G1 X40.208 Y50.306 E20.63024
G1 X38.439 Y50.239 E20.68912
G1 X35.867 Y50.213 E20.77467
G1 X33.344 Y50.26 E20.8586
G1 X32.128 Y50.311 E20.89908
G1 X31.298 Y50.329 E20.92669
G1 X30.395 Y50.308 E20.95673
G1 X29.498 Y50.208 E20.98675
G1 X28.937 Y50.104 E21.00573
G1 X28.223 Y49.941 E21.03009
G1 X27.865 Y49.848 E21.04239
G1 X27.002 Y49.583 E21.07241
G1 X26.166 Y49.242 E21.10244
G1 X25.396 Y48.847 E21.13123
G1 X24.929 Y48.582 E21.14909
G1 X24.164 Y48.102 E21.17912
G1 X23.232 Y47.375 E21.21844
G1 X22.813 Y47.007 E21.23699
G1 X22.162 Y46.381 E21.26702
G1 X21.568 Y45.701 E21.29706
G1 X21.118 Y45.091 E21.32227
G1 X20.942 Y44.833 E21.33265
G1 X20.462 Y44.07 E21.36264
G1 X19.894 Y42.939 E21.40473
G1 X19.782 Y42.68 E21.41412
G1 X19.46 Y41.837 E21.44413
G1 X19.247 Y41.113 E21.46923
G1 X19.003 Y40 E21.50713
G1 X18.94 Y39.609 E21.5203
G1 X18.836 Y38.711 E21.55037
G1 X18.812 Y37.809 E21.58038
G1 X18.834 Y37.287 E21.59776
G1 X18.863 Y36.865 E21.61183
G1 X19.012 Y35.695 E21.65105
G1 X19.083 Y35.314 E21.66394
G1 X19.287 Y34.435 E21.69396
G1 X19.569 Y33.577 E21.724
G1 X20.029 Y32.538 E21.76179
G1 X20.341 Y31.928 E21.78458
G1 X20.787 Y31.143 E21.81461
G1 X21.301 Y30.401 E21.84463
G1 X21.734 Y29.87 E21.86742
G1 X22.013 Y29.55 E21.88154
G1 X22.636 Y28.896 E21.91158
G1 X23.314 Y28.3 E21.9416
G1 F2700 E16.9416
;MESH:slupek4.stl
G0 F9000 X29.428 Y35.618
G0 X31.918 Y39.391
;TYPE:WALL-INNER
G1 F2700 E21.9416
G1 F1141.6 X32.28 Y39.183 E21.95549
G1 X32.55 Y38.897 E21.96857
G1 X32.724 Y38.631 E21.97914
G1 X32.837 Y38.347 E21.98931
G1 X32.896 Y38.039 E21.99974
G1 X32.896 Y37.722 E22.01028
G1 X32.823 Y37.342 E22.02315
G1 X32.606 Y36.921 E22.03891
G1 X32.331 Y36.634 E22.05213
G1 X32.015 Y36.409 E22.06503
G1 X31.641 Y36.278 E22.07821
G1 X31.256 Y36.223 E22.09115
G1 X30.787 Y36.29 E22.1069
G1 X30.434 Y36.45 E22.11979
G1 X30.176 Y36.635 E22.13035
G1 X29.906 Y36.92 E22.14341
G1 X29.69 Y37.338 E22.15906
G1 X29.616 Y37.725 E22.17216
G1 X29.616 Y38.039 E22.18261
G1 X29.675 Y38.347 E22.19304
G1 X29.789 Y38.632 E22.20325
G1 X30.002 Y38.966 E22.21642
G1 X30.294 Y39.217 E22.22923
G1 X30.642 Y39.421 E22.24265
G1 X31.094 Y39.529 E22.2581
G1 X31.495 Y39.511 E22.27145
G1 X31.867 Y39.42 E22.28419
G1 X31.918 Y39.391 E22.28614
G0 F9000 X32.079 Y39.76
;TYPE:WALL-OUTER
G1 F1141.6 X32.53 Y39.501 E22.30344
G1 X32.866 Y39.147 E22.31967
G1 X33.081 Y38.815 E22.33283
G1 X33.223 Y38.459 E22.34558
G1 X33.296 Y38.077 E22.35851
G1 X33.296 Y37.684 E22.37158
G1 X33.205 Y37.21 E22.38764
G1 X32.935 Y36.686 E22.40724
G1 X32.593 Y36.329 E22.42369
G1 X32.199 Y36.049 E22.43976
G1 X31.736 Y35.888 E22.45607
G1 X31.256 Y35.819 E22.4722
G1 X30.673 Y35.902 E22.49178
G1 X30.233 Y36.102 E22.50786
G1 X29.912 Y36.332 E22.52099
G1 X29.577 Y36.686 E22.5372
G1 X29.308 Y37.206 E22.55667
G1 X29.216 Y37.687 E22.57296
G1 X29.216 Y38.077 E22.58593
G1 X29.289 Y38.459 E22.59887
G1 X29.431 Y38.816 E22.61165
G1 X29.697 Y39.231 E22.62804
G1 X30.061 Y39.544 E22.64401
G1 X30.492 Y39.796 E22.66062
G1 X31.056 Y39.931 E22.6799
G1 X31.551 Y39.909 E22.69638
G1 X32.017 Y39.796 E22.71233
G1 X32.079 Y39.76 E22.71472
G0 F9000 X31.772 Y39.058
;TYPE:SKIN
G1 F1141.6 X31.728 Y39.084 E22.71642
G1 X31.447 Y39.153 E22.72604
G1 X31.124 Y39.167 E22.73679
G1 X30.776 Y39.084 E22.74869
G1 X30.506 Y38.925 E22.75911
G1 X30.277 Y38.723 E22.76927
G1 X30.107 Y38.463 E22.7796
G1 X30.021 Y38.248 E22.7873
G1 X29.976 Y37.755 E22.80377
G1 X30.032 Y37.458 E22.81382
G1 X30.205 Y37.126 E22.82627
G1 X30.507 Y36.809 E22.84084
G1 X30.889 Y36.639 E22.85474
G1 X31.256 Y36.587 E22.86707
G1 X31.548 Y36.628 E22.87688
G1 X31.847 Y36.732 E22.88741
G1 X32.092 Y36.905 E22.89738
G1 X32.303 Y37.126 E22.90755
G1 X32.477 Y37.463 E22.92016
G1 X32.536 Y37.753 E22.93
G1 X32.487 Y38.242 E22.94635
G1 X32.269 Y38.668 E22.96227
G1 X32.051 Y38.897 E22.97278
G1 X31.772 Y39.058 E22.9835
G0 F9000 X31.901 Y39.285
G0 X31.11 Y39.367
G0 X30.704 Y39.27
G0 X30.183 Y38.9
G0 X29.751 Y38.213
G0 X30.208 Y38.127
G1 F1141.6 X31.016 Y38.935 E23.0215
G0 F9000 X31.564 Y38.918
G1 F1141.6 X30.214 Y37.568 E23.085
G0 F9000 X30.411 Y37.199
G1 F1141.6 X31.938 Y38.726 E23.15683
G0 F9000 X32.204 Y38.427
G1 F1141.6 X30.714 Y36.936 E23.22693
G0 F9000 X31.147 Y36.804
G1 F1141.6 X32.334 Y37.991 E23.28277
G1 F2700 E18.28277
;MESH:slupek4.stl(1)
G0 F9000 X32.786 Y38.078
G0 X33.068 Y38.053
G0 X34.162 Y38.053
G0 X38.352 Y38.053
G0 X41.854 Y39.423
;TYPE:WALL-INNER
G1 F2700 E23.28277
G1 F1141.6 X41.867 Y39.42 E23.28321
G1 X42.28 Y39.183 E23.29905
G1 X42.55 Y38.897 E23.31213
G1 X42.724 Y38.631 E23.3227
G1 X42.837 Y38.347 E23.33287
G1 X42.896 Y38.039 E23.3433
G1 X42.896 Y37.722 E23.35384
G1 X42.823 Y37.342 E23.36671
G1 X42.606 Y36.921 E23.38247
G1 X42.331 Y36.634 E23.39569
G1 X42.015 Y36.409 E23.40859
G1 X41.641 Y36.278 E23.42177
G1 X41.256 Y36.223 E23.4347
G1 X40.787 Y36.29 E23.45046
G1 X40.434 Y36.45 E23.46335
G1 X40.176 Y36.635 E23.47391
G1 X39.906 Y36.92 E23.48697
G1 X39.69 Y37.338 E23.50262
G1 X39.616 Y37.725 E23.51572
G1 X39.616 Y38.039 E23.52617
G1 X39.675 Y38.347 E23.5366
G1 X39.789 Y38.632 E23.54681
G1 X40.002 Y38.966 E23.55998
G1 X40.294 Y39.217 E23.57279
G1 X40.642 Y39.421 E23.58621
G1 X41.094 Y39.529 E23.60166
G1 X41.495 Y39.511 E23.61501
G1 X41.854 Y39.423 E23.62731
G0 F9000 X41.999 Y39.8
;TYPE:WALL-OUTER
G1 F1141.6 X42.017 Y39.796 E23.62792
G1 X42.53 Y39.501 E23.6476
G1 X42.866 Y39.147 E23.66384
G1 X43.081 Y38.815 E23.67699
G1 X43.223 Y38.459 E23.68974
G1 X43.296 Y38.077 E23.70267
G1 X43.296 Y37.684 E23.71575
G1 X43.205 Y37.21 E23.7318
G1 X42.935 Y36.686 E23.7514
G1 X42.593 Y36.329 E23.76785
G1 X42.199 Y36.049 E23.78392
G1 X41.736 Y35.888 E23.80023
G1 X41.256 Y35.819 E23.81636
G1 X40.673 Y35.902 E23.83594
G1 X40.233 Y36.102 E23.85202
G1 X39.912 Y36.332 E23.86515
G1 X39.577 Y36.686 E23.88136
G1 X39.308 Y37.206 E23.90084
G1 X39.216 Y37.687 E23.91712
G1 X39.216 Y38.077 E23.9301
G1 X39.289 Y38.459 E23.94303
G1 X39.431 Y38.816 E23.95581
G1 X39.697 Y39.231 E23.9722
G1 X40.061 Y39.544 E23.98817
G1 X40.492 Y39.796 E24.00478
G1 X41.056 Y39.931 E24.02407
G1 X41.551 Y39.909 E24.04055
G1 X41.999 Y39.8 E24.05588
G0 F9000 X41.723 Y39.085
;TYPE:SKIN
G1 F1141.6 X41.447 Y39.153 E24.06534
G1 X41.124 Y39.167 E24.07609
G1 X40.776 Y39.084 E24.08799
G1 X40.506 Y38.925 E24.09841
G1 X40.277 Y38.723 E24.10857
G1 X40.107 Y38.463 E24.1189
G1 X40.021 Y38.248 E24.1266
G1 X39.976 Y37.755 E24.14306
G1 X40.032 Y37.458 E24.15312
G1 X40.205 Y37.126 E24.16557
G1 X40.507 Y36.809 E24.18013
G1 X40.889 Y36.639 E24.19404
G1 X41.256 Y36.587 E24.20637
G1 X41.548 Y36.628 E24.21617
G1 X41.847 Y36.732 E24.2267
G1 X42.092 Y36.905 E24.23668
G1 X42.303 Y37.126 E24.24684
G1 X42.477 Y37.463 E24.25946
G1 X42.536 Y37.753 E24.2693
G1 X42.487 Y38.242 E24.28564
G1 X42.269 Y38.668 E24.30156
G1 X42.051 Y38.897 E24.31208
G1 X41.728 Y39.084 E24.32449
G1 X41.723 Y39.085 E24.32466
G0 F9000 X41.783 Y39.338
G0 X41.11 Y39.367
G0 X40.704 Y39.27
G0 X40.125 Y38.859
G0 X39.958 Y38.543
G0 X39.716 Y37.926
G0 X40.189 Y37.926
G1 F1141.6 X41.225 Y38.962 E24.37339
G0 F9000 X41.698 Y38.87
G1 F1141.6 X40.267 Y37.438 E24.44072
G0 F9000 X40.5 Y37.105
G1 F1141.6 X42.027 Y38.633 E24.51257
G0 F9000 X42.246 Y38.286
G1 F1141.6 X40.84 Y36.88 E24.57871
G0 F9000 X41.324 Y36.799
G1 F1141.6 X42.315 Y37.789 E24.6253
G1 F2700 E19.6253
;MESH:NONMESH
G0 F300 X42.315 Y37.789 Z0.8
G0 F9000 X42.796 Y37.789
G0 X42.58 Y38.556
G0 X42.179 Y39.055
G0 X41.806 Y39.27
G0 X41.11 Y39.367
G0 X40.704 Y39.27
G0 X40.235 Y38.937
G0 X39.446 Y38.053
G0 X38.352 Y38.053
G0 X33.889 Y39.123
G0 X31.918 Y39.391
;TIME_ELAPSED:52.926078
;LAYER:3
;note -- min layer time used
M106 S255
;TYPE:WALL-INNER
;MESH:slupek4.stl
G1 F2700 E24.6253
G1 F600 X32.28 Y39.183 E24.63918
G1 X32.55 Y38.897 E24.65226
G1 X32.724 Y38.631 E24.66284
G1 X32.837 Y38.347 E24.673
G1 X32.896 Y38.039 E24.68343
G1 X32.896 Y37.722 E24.69398
G1 X32.823 Y37.342 E24.70685
G1 X32.606 Y36.921 E24.7226
G1 X32.331 Y36.634 E24.73582
G1 X32.015 Y36.409 E24.74872
G1 X31.641 Y36.278 E24.7619
G1 X31.256 Y36.223 E24.77484
G1 X30.787 Y36.29 E24.79059
G1 X30.434 Y36.45 E24.80348
G1 X30.176 Y36.635 E24.81404
G1 X29.906 Y36.92 E24.8271
G1 X29.69 Y37.338 E24.84275
G1 X29.616 Y37.725 E24.85586
G1 X29.616 Y38.039 E24.8663
G1 X29.675 Y38.347 E24.87673
G1 X29.789 Y38.632 E24.88694
G1 X30.002 Y38.966 E24.90011
G1 X30.294 Y39.217 E24.91292
G1 X30.642 Y39.421 E24.92634
G1 X31.094 Y39.529 E24.94179
G1 X31.495 Y39.511 E24.95515
G1 X31.867 Y39.42 E24.96788
G1 X31.918 Y39.391 E24.96983
G0 F9000 X32.079 Y39.76
;TYPE:WALL-OUTER
G1 F600 X32.53 Y39.501 E24.98713
G1 X32.866 Y39.147 E25.00337
G1 X33.081 Y38.815 E25.01652
G1 X33.223 Y38.459 E25.02927
G1 X33.296 Y38.077 E25.0422
G1 X33.296 Y37.684 E25.05528
G1 X33.205 Y37.21 E25.07133
G1 X32.935 Y36.686 E25.09093
G1 X32.593 Y36.329 E25.10738
G1 X32.199 Y36.049 E25.12345
G1 X31.736 Y35.888 E25.13976
G1 X31.256 Y35.819 E25.15589
G1 X30.673 Y35.902 E25.17547
G1 X30.233 Y36.102 E25.19155
G1 X29.912 Y36.332 E25.20468
G1 X29.577 Y36.686 E25.22089
G1 X29.308 Y37.206 E25.24037
G1 X29.216 Y37.687 E25.25665
G1 X29.216 Y38.077 E25.26963
G1 X29.289 Y38.459 E25.28256
G1 X29.431 Y38.816 E25.29534
G1 X29.697 Y39.231 E25.31173
G1 X30.061 Y39.544 E25.3277
G1 X30.492 Y39.796 E25.34431
G1 X31.056 Y39.931 E25.3636
G1 X31.551 Y39.909 E25.38008
G1 X32.017 Y39.796 E25.39602
G1 X32.079 Y39.76 E25.39841
G0 F9000 X31.772 Y39.058
;TYPE:SKIN
G1 F600 X31.728 Y39.084 E25.40011
G1 X31.447 Y39.153 E25.40973
G1 X31.124 Y39.167 E25.42049
G1 X30.776 Y39.084 E25.43238
G1 X30.506 Y38.925 E25.44281
G1 X30.277 Y38.723 E25.45296
G1 X30.107 Y38.463 E25.46329
G1 X30.021 Y38.248 E25.471
G1 X29.976 Y37.755 E25.48746
G1 X30.032 Y37.458 E25.49751
G1 X30.205 Y37.126 E25.50997
G1 X30.507 Y36.809 E25.52453
G1 X30.889 Y36.639 E25.53843
G1 X31.256 Y36.587 E25.55076
G1 X31.548 Y36.628 E25.56057
G1 X31.847 Y36.732 E25.5711
G1 X32.092 Y36.905 E25.58107
G1 X32.303 Y37.126 E25.59124
G1 X32.477 Y37.463 E25.60385
G1 X32.536 Y37.753 E25.6137
G1 X32.487 Y38.242 E25.63004
G1 X32.269 Y38.668 E25.64596
G1 X32.051 Y38.897 E25.65647
G1 X31.772 Y39.058 E25.66719
G0 F9000 X31.18 Y38.965
G1 F600 X32.318 Y37.827 E25.72071
G0 F9000 X32.205 Y37.374
G1 F600 X30.746 Y38.834 E25.78937
G0 F9000 X30.428 Y38.586
G1 F600 X31.959 Y37.055 E25.86138
G0 F9000 X31.594 Y36.854
G1 F600 X30.218 Y38.23 E25.9261
G0 F9000 X30.191 Y37.691
G1 F600 X31.067 Y36.815 E25.96731
G1 F2700 E20.96731
;MESH:slupek4.stl(1)
G0 F9000 X31.003 Y36.36
G0 X31.603 Y36.436
G0 X32.985 Y37.283
G0 X34.059 Y37.076
G0 X38.352 Y38.053
G0 X41.854 Y39.423
;TYPE:WALL-INNER
G1 F2700 E25.96731
G1 F600 X41.867 Y39.42 E25.96775
G1 X42.28 Y39.183 E25.98359
G1 X42.55 Y38.897 E25.99667
G1 X42.724 Y38.631 E26.00724
G1 X42.837 Y38.347 E26.01741
G1 X42.896 Y38.039 E26.02784
G1 X42.896 Y37.722 E26.03838
G1 X42.823 Y37.342 E26.05125
G1 X42.606 Y36.921 E26.067
G1 X42.331 Y36.634 E26.08022
G1 X42.015 Y36.409 E26.09313
G1 X41.641 Y36.278 E26.10631
G1 X41.256 Y36.223 E26.11924
G1 X40.787 Y36.29 E26.135
G1 X40.434 Y36.45 E26.14789
G1 X40.176 Y36.635 E26.15845
G1 X39.906 Y36.92 E26.17151
G1 X39.69 Y37.338 E26.18716
G1 X39.616 Y37.725 E26.20026
G1 X39.616 Y38.039 E26.2107
G1 X39.675 Y38.347 E26.22113
G1 X39.789 Y38.632 E26.23134
G1 X40.002 Y38.966 E26.24452
G1 X40.294 Y39.217 E26.25733
G1 X40.642 Y39.421 E26.27074
G1 X41.094 Y39.529 E26.2862
G1 X41.495 Y39.511 E26.29955
G1 X41.854 Y39.423 E26.31184
G0 F9000 X41.999 Y39.8
;TYPE:WALL-OUTER
G1 F600 X42.017 Y39.796 E26.31246
G1 X42.53 Y39.501 E26.33214
G1 X42.866 Y39.147 E26.34837
G1 X43.081 Y38.815 E26.36153
G1 X43.223 Y38.459 E26.37428
G1 X43.296 Y38.077 E26.38721
G1 X43.296 Y37.684 E26.40028
G1 X43.205 Y37.21 E26.41634
G1 X42.935 Y36.686 E26.43594
G1 X42.593 Y36.329 E26.45239
G1 X42.199 Y36.049 E26.46846
G1 X41.736 Y35.888 E26.48477
G1 X41.256 Y35.819 E26.5009
G1 X40.673 Y35.902 E26.52048
G1 X40.233 Y36.102 E26.53656
G1 X39.912 Y36.332 E26.54969
G1 X39.577 Y36.686 E26.5659
G1 X39.308 Y37.206 E26.58537
G1 X39.216 Y37.687 E26.60166
G1 X39.216 Y38.077 E26.61463
G1 X39.289 Y38.459 E26.62757
G1 X39.431 Y38.816 E26.64035
G1 X39.697 Y39.231 E26.65674
G1 X40.061 Y39.544 E26.67271
G1 X40.492 Y39.796 E26.68931
G1 X41.056 Y39.931 E26.7086
G1 X41.551 Y39.909 E26.72508
G1 X41.999 Y39.8 E26.74042
G0 F9000 X41.723 Y39.085
;TYPE:SKIN
G1 F600 X41.447 Y39.153 E26.74987
G1 X41.124 Y39.167 E26.76063
G1 X40.776 Y39.084 E26.77253
G1 X40.506 Y38.925 E26.78295
G1 X40.277 Y38.723 E26.7931
G1 X40.107 Y38.463 E26.80344
G1 X40.021 Y38.248 E26.81114
G1 X39.976 Y37.755 E26.8276
G1 X40.032 Y37.458 E26.83766
G1 X40.205 Y37.126 E26.85011
G1 X40.507 Y36.809 E26.86467
G1 X40.889 Y36.639 E26.87858
G1 X41.256 Y36.587 E26.8909
G1 X41.548 Y36.628 E26.90071
G1 X41.847 Y36.732 E26.91124
G1 X42.092 Y36.905 E26.92122
G1 X42.303 Y37.126 E26.93138
G1 X42.477 Y37.463 E26.94399
G1 X42.536 Y37.753 E26.95384
G1 X42.487 Y38.242 E26.97018
G1 X42.269 Y38.668 E26.9861
G1 X42.051 Y38.897 E26.99661
G1 X41.728 Y39.084 E27.00903
G1 X41.723 Y39.085 E27.0092
G0 F9000 X41.371 Y38.957
G1 F600 X42.332 Y37.996 E27.0544
G0 F9000 X42.267 Y37.494
G1 F600 X40.863 Y38.899 E27.12046
G0 F9000 X40.523 Y38.673
G1 F600 X42.047 Y37.149 E27.19215
G0 F9000 X41.728 Y36.902
G1 F600 X40.275 Y38.356 E27.26052
G0 F9000 X40.186 Y37.879
G1 F600 X41.273 Y36.791 E27.31167
G1 F2700 E22.31167
;MESH:NONMESH
G0 F300 X41.273 Y36.791 Z1
G0 F9000 X41.339 Y36.337
G0 X40.832 Y36.446
G0 X40.52 Y36.622
G0 X39.529 Y37.281
G0 X38.454 Y37.075
G0 X34.162 Y38.053
G0 X31.918 Y39.391
;TIME_ELAPSED:63.416522
;LAYER:4
;note -- min layer time used
;TYPE:WALL-INNER
;MESH:slupek4.stl
G1 F2700 E27.31167
G1 F600 X32.28 Y39.183 E27.32555
G1 X32.55 Y38.897 E27.33864
G1 X32.724 Y38.631 E27.34921
G1 X32.837 Y38.347 E27.35937
G1 X32.896 Y38.039 E27.3698
G1 X32.896 Y37.722 E27.38035
G1 X32.823 Y37.342 E27.39322
G1 X32.606 Y36.921 E27.40897
G1 X32.331 Y36.634 E27.42219
G1 X32.015 Y36.409 E27.43509
G1 X31.641 Y36.278 E27.44827
G1 X31.256 Y36.223 E27.46121
G1 X30.787 Y36.29 E27.47697
G1 X30.434 Y36.45 E27.48986
G1 X30.176 Y36.635 E27.50042
G1 X29.906 Y36.92 E27.51347
G1 X29.69 Y37.338 E27.52912
G1 X29.616 Y37.725 E27.54223
G1 X29.616 Y38.039 E27.55267
G1 X29.675 Y38.347 E27.5631
G1 X29.789 Y38.632 E27.57331
G1 X30.002 Y38.966 E27.58649
G1 X30.294 Y39.217 E27.59929
G1 X30.642 Y39.421 E27.61271
G1 X31.094 Y39.529 E27.62817
G1 X31.495 Y39.511 E27.64152
G1 X31.867 Y39.42 E27.65426
G1 X31.918 Y39.391 E27.65621
G0 F9000 X32.079 Y39.76
;TYPE:WALL-OUTER
G1 F600 X32.53 Y39.501 E27.6735
G1 X32.866 Y39.147 E27.68974
G1 X33.081 Y38.815 E27.70289
G1 X33.223 Y38.459 E27.71564
G1 X33.296 Y38.077 E27.72858
G1 X33.296 Y37.684 E27.74165
G1 X33.205 Y37.21 E27.7577
G1 X32.935 Y36.686 E27.77731
G1 X32.593 Y36.329 E27.79375
G1 X32.199 Y36.049 E27.80983
G1 X31.736 Y35.888 E27.82613
G1 X31.256 Y35.819 E27.84226
G1 X30.673 Y35.902 E27.86185
G1 X30.233 Y36.102 E27.87792
G1 X29.912 Y36.332 E27.89106
G1 X29.577 Y36.686 E27.90727
G1 X29.308 Y37.206 E27.92674
G1 X29.216 Y37.687 E27.94303
G1 X29.216 Y38.077 E27.956
G1 X29.289 Y38.459 E27.96893
G1 X29.431 Y38.816 E27.98171
G1 X29.697 Y39.231 E27.99811
G1 X30.061 Y39.544 E28.01407
G1 X30.492 Y39.796 E28.03068
G1 X31.056 Y39.931 E28.04997
G1 X31.551 Y39.909 E28.06645
G1 X32.017 Y39.796 E28.0824
G1 X32.079 Y39.76 E28.08478
G0 F9000 X31.772 Y39.058
;TYPE:SKIN
G1 F600 X31.728 Y39.084 E28.08648
G1 X31.447 Y39.153 E28.0961
G1 X31.124 Y39.167 E28.10686
G1 X30.776 Y39.084 E28.11876
G1 X30.506 Y38.925 E28.12918
G1 X30.277 Y38.723 E28.13933
G1 X30.107 Y38.463 E28.14967
G1 X30.021 Y38.248 E28.15737
G1 X29.976 Y37.755 E28.17383
G1 X30.032 Y37.458 E28.18389
G1 X30.205 Y37.126 E28.19634
G1 X30.507 Y36.809 E28.2109
G1 X30.889 Y36.639 E28.22481
G1 X31.256 Y36.587 E28.23714
G1 X31.548 Y36.628 E28.24694
G1 X31.847 Y36.732 E28.25747
G1 X32.092 Y36.905 E28.26745
G1 X32.303 Y37.126 E28.27761
G1 X32.477 Y37.463 E28.29022
G1 X32.536 Y37.753 E28.30007
G1 X32.487 Y38.242 E28.31641
G1 X32.269 Y38.668 E28.33233
G1 X32.051 Y38.897 E28.34285
G1 X31.772 Y39.058 E28.35356
G0 F9000 X31.901 Y39.285
G0 X31.11 Y39.367
G0 X30.704 Y39.27
G0 X30.183 Y38.9
G0 X29.751 Y38.213
G0 X30.208 Y38.127
G1 F600 X31.016 Y38.935 E28.39157
G0 F9000 X31.564 Y38.918
G1 F600 X30.214 Y37.568 E28.45506
G0 F9000 X30.411 Y37.199
G1 F600 X31.938 Y38.726 E28.52689
G0 F9000 X32.204 Y38.427
G1 F600 X30.714 Y36.936 E28.597
G0 F9000 X31.147 Y36.804
G1 F600 X32.334 Y37.991 E28.65283
G1 F2700 E23.65283
;MESH:slupek4.stl(1)
G0 F9000 X32.786 Y38.078
G0 X33.068 Y38.053
G0 X34.162 Y38.053
G0 X38.352 Y38.053
G0 X41.854 Y39.423
;TYPE:WALL-INNER
G1 F2700 E28.65283
G1 F600 X41.867 Y39.42 E28.65328
G1 X42.28 Y39.183 E28.66911
G1 X42.55 Y38.897 E28.68219
G1 X42.724 Y38.631 E28.69277
G1 X42.837 Y38.347 E28.70293
G1 X42.896 Y38.039 E28.71336
G1 X42.896 Y37.722 E28.72391
G1 X42.823 Y37.342 E28.73678
G1 X42.606 Y36.921 E28.75253
G1 X42.331 Y36.634 E28.76575
G1 X42.015 Y36.409 E28.77865
G1 X41.641 Y36.278 E28.79183
G1 X41.256 Y36.223 E28.80477
G1 X40.787 Y36.29 E28.82053
G1 X40.434 Y36.45 E28.83342
G1 X40.176 Y36.635 E28.84397
G1 X39.906 Y36.92 E28.85703
G1 X39.69 Y37.338 E28.87268
G1 X39.616 Y37.725 E28.88579
G1 X39.616 Y38.039 E28.89623
G1 X39.675 Y38.347 E28.90666
G1 X39.789 Y38.632 E28.91687
G1 X40.002 Y38.966 E28.93005
G1 X40.294 Y39.217 E28.94285
G1 X40.642 Y39.421 E28.95627
G1 X41.094 Y39.529 E28.97173
G1 X41.495 Y39.511 E28.98508
G1 X41.854 Y39.423 E28.99737
G0 F9000 X41.999 Y39.8
;TYPE:WALL-OUTER
G1 F600 X42.017 Y39.796 E28.99798
G1 X42.53 Y39.501 E29.01767
G1 X42.866 Y39.147 E29.0339
G1 X43.081 Y38.815 E29.04705
G1 X43.223 Y38.459 E29.0598
G1 X43.296 Y38.077 E29.07274
G1 X43.296 Y37.684 E29.08581
G1 X43.205 Y37.21 E29.10186
G1 X42.935 Y36.686 E29.12147
G1 X42.593 Y36.329 E29.13791
G1 X42.199 Y36.049 E29.15399
G1 X41.736 Y35.888 E29.17029
G1 X41.256 Y35.819 E29.18642
G1 X40.673 Y35.902 E29.20601
G1 X40.233 Y36.102 E29.22208
G1 X39.912 Y36.332 E29.23522
G1 X39.577 Y36.686 E29.25143
G1 X39.308 Y37.206 E29.2709
G1 X39.216 Y37.687 E29.28719
G1 X39.216 Y38.077 E29.30016
G1 X39.289 Y38.459 E29.31309
G1 X39.431 Y38.816 E29.32587
G1 X39.697 Y39.231 E29.34227
G1 X40.061 Y39.544 E29.35824
G1 X40.492 Y39.796 E29.37484
G1 X41.056 Y39.931 E29.39413
G1 X41.551 Y39.909 E29.41061
G1 X41.999 Y39.8 E29.42594
G0 F9000 X41.723 Y39.085
;TYPE:SKIN
G1 F600 X41.447 Y39.153 E29.4354
G1 X41.124 Y39.167 E29.44615
G1 X40.776 Y39.084 E29.45805
G1 X40.506 Y38.925 E29.46847
G1 X40.277 Y38.723 E29.47863
G1 X40.107 Y38.463 E29.48896
G1 X40.021 Y38.248 E29.49666
G1 X39.976 Y37.755 E29.51313
G1 X40.032 Y37.458 E29.52318
G1 X40.205 Y37.126 E29.53563
G1 X40.507 Y36.809 E29.55019
G1 X40.889 Y36.639 E29.5641
G1 X41.256 Y36.587 E29.57643
G1 X41.548 Y36.628 E29.58624
G1 X41.847 Y36.732 E29.59677
G1 X42.092 Y36.905 E29.60674
G1 X42.303 Y37.126 E29.6169
G1 X42.477 Y37.463 E29.62952
G1 X42.536 Y37.753 E29.63936
G1 X42.487 Y38.242 E29.65571
G1 X42.269 Y38.668 E29.67162
G1 X42.051 Y38.897 E29.68214
G1 X41.728 Y39.084 E29.69455
G1 X41.723 Y39.085 E29.69472
G0 F9000 X41.783 Y39.338
G0 X41.11 Y39.367
G0 X40.704 Y39.27
G0 X40.125 Y38.859
G0 X39.958 Y38.543
G0 X39.716 Y37.926
G0 X40.189 Y37.926
G1 F600 X41.225 Y38.962 E29.74345
G0 F9000 X41.698 Y38.87
G1 F600 X40.267 Y37.438 E29.81079
G0 F9000 X40.5 Y37.105
G1 F600 X42.027 Y38.633 E29.88264
G0 F9000 X42.246 Y38.286
G1 F600 X40.84 Y36.88 E29.94877
G0 F9000 X41.324 Y36.799
G1 F600 X42.315 Y37.789 E29.99536
G1 F2700 E24.99536
;MESH:NONMESH
G0 F300 X42.315 Y37.789 Z1.2
G0 F9000 X42.796 Y37.789
G0 X42.58 Y38.556
G0 X42.179 Y39.055
G0 X41.806 Y39.27
G0 X41.11 Y39.367
G0 X40.704 Y39.27
G0 X40.235 Y38.937
G0 X39.446 Y38.053
G0 X38.352 Y38.053
G0 X33.889 Y39.123
G0 X31.918 Y39.391
;TIME_ELAPSED:74.172243
;LAYER:5
;note -- min layer time used
;TYPE:WALL-INNER
;MESH:slupek4.stl
G1 F2700 E29.99536
G1 F600 X32.28 Y39.183 E30.00925
G1 X32.55 Y38.897 E30.02233
G1 X32.724 Y38.631 E30.0329
G1 X32.837 Y38.347 E30.04307
G1 X32.896 Y38.039 E30.0535
G1 X32.896 Y37.722 E30.06404
G1 X32.823 Y37.342 E30.07691
G1 X32.606 Y36.921 E30.09266
G1 X32.331 Y36.634 E30.10588
G1 X32.015 Y36.409 E30.11878
G1 X31.641 Y36.278 E30.13197
G1 X31.256 Y36.223 E30.1449
G1 X30.787 Y36.29 E30.16066
G1 X30.434 Y36.45 E30.17355
G1 X30.176 Y36.635 E30.18411
G1 X29.906 Y36.92 E30.19717
G1 X29.69 Y37.338 E30.21281
G1 X29.616 Y37.725 E30.22592
G1 X29.616 Y38.039 E30.23636
G1 X29.675 Y38.347 E30.24679
G1 X29.789 Y38.632 E30.257
G1 X30.002 Y38.966 E30.27018
G1 X30.294 Y39.217 E30.28299
G1 X30.642 Y39.421 E30.2964
G1 X31.094 Y39.529 E30.31186
G1 X31.495 Y39.511 E30.32521
G1 X31.867 Y39.42 E30.33795
G1 X31.918 Y39.391 E30.3399
G0 F9000 X32.079 Y39.76
;TYPE:WALL-OUTER
G1 F600 X32.53 Y39.501 E30.3572
G1 X32.866 Y39.147 E30.37343
G1 X33.081 Y38.815 E30.38658
G1 X33.223 Y38.459 E30.39933
G1 X33.296 Y38.077 E30.41227
G1 X33.296 Y37.684 E30.42534
G1 X33.205 Y37.21 E30.44139
G1 X32.935 Y36.686 E30.461
G1 X32.593 Y36.329 E30.47744
G1 X32.199 Y36.049 E30.49352
G1 X31.736 Y35.888 E30.50982
G1 X31.256 Y35.819 E30.52595
G1 X30.673 Y35.902 E30.54554
G1 X30.233 Y36.102 E30.56161
G1 X29.912 Y36.332 E30.57475
G1 X29.577 Y36.686 E30.59096
G1 X29.308 Y37.206 E30.61043
G1 X29.216 Y37.687 E30.62672
G1 X29.216 Y38.077 E30.63969
G1 X29.289 Y38.459 E30.65262
G1 X29.431 Y38.816 E30.6654
G1 X29.697 Y39.231 E30.6818
G1 X30.061 Y39.544 E30.69777
G1 X30.492 Y39.796 E30.71437
G1 X31.056 Y39.931 E30.73366
G1 X31.551 Y39.909 E30.75014
G1 X32.017 Y39.796 E30.76609
G1 X32.079 Y39.76 E30.76847
G0 F9000 X31.772 Y39.058
;TYPE:SKIN
G1 F600 X31.728 Y39.084 E30.77017
G1 X31.447 Y39.153 E30.7798
G1 X31.124 Y39.167 E30.79055
G1 X30.776 Y39.084 E30.80245
G1 X30.506 Y38.925 E30.81287
G1 X30.277 Y38.723 E30.82303
G1 X30.107 Y38.463 E30.83336
G1 X30.021 Y38.248 E30.84106
G1 X29.976 Y37.755 E30.85753
G1 X30.032 Y37.458 E30.86758
G1 X30.205 Y37.126 E30.88003
G1 X30.507 Y36.809 E30.89459
G1 X30.889 Y36.639 E30.9085
G1 X31.256 Y36.587 E30.92083
G1 X31.548 Y36.628 E30.93063
G1 X31.847 Y36.732 E30.94116
G1 X32.092 Y36.905 E30.95114
G1 X32.303 Y37.126 E30.9613
G1 X32.477 Y37.463 E30.97392
G1 X32.536 Y37.753 E30.98376
G1 X32.487 Y38.242 E31.0001
G1 X32.269 Y38.668 E31.01602
G1 X32.051 Y38.897 E31.02654
G1 X31.772 Y39.058 E31.03725
G0 F9000 X31.18 Y38.965
G1 F600 X32.318 Y37.827 E31.09078
G0 F9000 X32.205 Y37.374
G1 F600 X30.746 Y38.834 E31.15943
G0 F9000 X30.428 Y38.586
G1 F600 X31.959 Y37.055 E31.23144
G0 F9000 X31.594 Y36.854
G1 F600 X30.218 Y38.23 E31.29617
G0 F9000 X30.191 Y37.691
G1 F600 X31.067 Y36.815 E31.33737
G1 F2700 E26.33737
;MESH:slupek4.stl(1)
G0 F9000 X31.003 Y36.36
G0 X31.603 Y36.436
G0 X32.985 Y37.283
G0 X34.059 Y37.076
G0 X38.352 Y38.053
G0 X41.854 Y39.423
;TYPE:WALL-INNER
G1 F2700 E31.33737
G1 F600 X41.867 Y39.42 E31.33781
G1 X42.28 Y39.183 E31.35365
G1 X42.55 Y38.897 E31.36673
G1 X42.724 Y38.631 E31.3773
G1 X42.837 Y38.347 E31.38747
G1 X42.896 Y38.039 E31.3979
G1 X42.896 Y37.722 E31.40844
G1 X42.823 Y37.342 E31.42131
G1 X42.606 Y36.921 E31.43707
G1 X42.331 Y36.634 E31.45029
G1 X42.015 Y36.409 E31.46319
G1 X41.641 Y36.278 E31.47637
G1 X41.256 Y36.223 E31.48931
G1 X40.787 Y36.29 E31.50506
G1 X40.434 Y36.45 E31.51795
G1 X40.176 Y36.635 E31.52851
G1 X39.906 Y36.92 E31.54157
G1 X39.69 Y37.338 E31.55722
G1 X39.616 Y37.725 E31.57032
G1 X39.616 Y38.039 E31.58077
G1 X39.675 Y38.347 E31.5912
G1 X39.789 Y38.632 E31.60141
G1 X40.002 Y38.966 E31.61458
G1 X40.294 Y39.217 E31.62739
G1 X40.642 Y39.421 E31.64081
G1 X41.094 Y39.529 E31.65626
G1 X41.495 Y39.511 E31.66961
G1 X41.854 Y39.423 E31.68191
G0 F9000 X41.999 Y39.8
;TYPE:WALL-OUTER
G1 F600 X42.017 Y39.796 E31.68252
G1 X42.53 Y39.501 E31.7022
G1 X42.866 Y39.147 E31.71844
G1 X43.081 Y38.815 E31.73159
G1 X43.223 Y38.459 E31.74434
G1 X43.296 Y38.077 E31.75728
G1 X43.296 Y37.684 E31.77035
G1 X43.205 Y37.21 E31.7864
G1 X42.935 Y36.686 E31.80601
G1 X42.593 Y36.329 E31.82245
G1 X42.199 Y36.049 E31.83853
G1 X41.736 Y35.888 E31.85483
G1 X41.256 Y35.819 E31.87096
G1 X40.673 Y35.902 E31.89055
G1 X40.233 Y36.102 E31.90662
G1 X39.912 Y36.332 E31.91975
G1 X39.577 Y36.686 E31.93597
G1 X39.308 Y37.206 E31.95544
G1 X39.216 Y37.687 E31.97173
G1 X39.216 Y38.077 E31.9847
G1 X39.289 Y38.459 E31.99763
G1 X39.431 Y38.816 E32.01041
G1 X39.697 Y39.231 E32.02681
G1 X40.061 Y39.544 E32.04277
G1 X40.492 Y39.796 E32.05938
G1 X41.056 Y39.931 E32.07867
G1 X41.551 Y39.909 E32.09515
G1 X41.999 Y39.8 E32.11048
G0 F9000 X41.723 Y39.085
;TYPE:SKIN
G1 F600 X41.447 Y39.153 E32.11994
G1 X41.124 Y39.167 E32.13069
G1 X40.776 Y39.084 E32.14259
G1 X40.506 Y38.925 E32.15301
G1 X40.277 Y38.723 E32.16317
G1 X40.107 Y38.463 E32.1735
G1 X40.021 Y38.248 E32.1812
G1 X39.976 Y37.755 E32.19767
G1 X40.032 Y37.458 E32.20772
G1 X40.205 Y37.126 E32.22017
G1 X40.507 Y36.809 E32.23473
G1 X40.889 Y36.639 E32.24864
G1 X41.256 Y36.587 E32.26097
G1 X41.548 Y36.628 E32.27078
G1 X41.847 Y36.732 E32.2813
G1 X42.092 Y36.905 E32.29128
G1 X42.303 Y37.126 E32.30144
G1 X42.477 Y37.463 E32.31406
G1 X42.536 Y37.753 E32.3239
G1 X42.487 Y38.242 E32.34025
G1 X42.269 Y38.668 E32.35616
G1 X42.051 Y38.897 E32.36668
G1 X41.728 Y39.084 E32.37909
G1 X41.723 Y39.085 E32.37926
G0 F9000 X41.371 Y38.957
G1 F600 X42.332 Y37.996 E32.42446
G0 F9000 X42.267 Y37.494
G1 F600 X40.863 Y38.899 E32.49053
G0 F9000 X40.523 Y38.673
G1 F600 X42.047 Y37.149 E32.56221
G0 F9000 X41.728 Y36.902
G1 F600 X40.275 Y38.356 E32.63058
G0 F9000 X40.186 Y37.879
G1 F600 X41.273 Y36.791 E32.68173
G1 F2700 E27.68173
;MESH:NONMESH
G0 F300 X41.273 Y36.791 Z1.4
G0 F9000 X41.339 Y36.337
G0 X40.832 Y36.446
G0 X40.52 Y36.622
G0 X39.529 Y37.281
G0 X38.454 Y37.075
G0 X34.162 Y38.053
G0 X31.918 Y39.391
;TIME_ELAPSED:84.662687
;LAYER:6
;note -- min layer time used
;TYPE:WALL-INNER
;MESH:slupek4.stl
G1 F2700 E32.68173
G1 F600 X32.28 Y39.183 E32.69562
G1 X32.55 Y38.897 E32.7087
G1 X32.724 Y38.631 E32.71927
G1 X32.837 Y38.347 E32.72944
G1 X32.896 Y38.039 E32.73987
G1 X32.896 Y37.722 E32.75041
G1 X32.823 Y37.342 E32.76328
G1 X32.606 Y36.921 E32.77903
G1 X32.331 Y36.634 E32.79226
G1 X32.015 Y36.409 E32.80516
G1 X31.641 Y36.278 E32.81834
G1 X31.256 Y36.223 E32.83127
G1 X30.787 Y36.29 E32.84703
G1 X30.434 Y36.45 E32.85992
G1 X30.176 Y36.635 E32.87048
G1 X29.906 Y36.92 E32.88354
G1 X29.69 Y37.338 E32.89919
G1 X29.616 Y37.725 E32.91229
G1 X29.616 Y38.039 E32.92274
G1 X29.675 Y38.347 E32.93317
G1 X29.789 Y38.632 E32.94338
G1 X30.002 Y38.966 E32.95655
G1 X30.294 Y39.217 E32.96936
G1 X30.642 Y39.421 E32.98277
G1 X31.094 Y39.529 E32.99823
G1 X31.495 Y39.511 E33.01158
G1 X31.867 Y39.42 E33.02432
G1 X31.918 Y39.391 E33.02627
G0 F9000 X32.079 Y39.76
;TYPE:WALL-OUTER
G1 F600 X32.53 Y39.501 E33.04357
G1 X32.866 Y39.147 E33.0598
G1 X33.081 Y38.815 E33.07296
G1 X33.223 Y38.459 E33.08571
G1 X33.296 Y38.077 E33.09864
G1 X33.296 Y37.684 E33.11171
G1 X33.205 Y37.21 E33.12776
G1 X32.935 Y36.686 E33.14737
G1 X32.593 Y36.329 E33.16381
G1 X32.199 Y36.049 E33.17989
G1 X31.736 Y35.888 E33.19619
G1 X31.256 Y35.819 E33.21232
G1 X30.673 Y35.902 E33.23191
G1 X30.233 Y36.102 E33.24799
G1 X29.912 Y36.332 E33.26112
G1 X29.577 Y36.686 E33.27733
G1 X29.308 Y37.206 E33.2968
G1 X29.216 Y37.687 E33.31309
G1 X29.216 Y38.077 E33.32606
G1 X29.289 Y38.459 E33.339
G1 X29.431 Y38.816 E33.35178
G1 X29.697 Y39.231 E33.36817
G1 X30.061 Y39.544 E33.38414
G1 X30.492 Y39.796 E33.40074
G1 X31.056 Y39.931 E33.42003
G1 X31.551 Y39.909 E33.43651
G1 X32.017 Y39.796 E33.45246
G1 X32.079 Y39.76 E33.45484
G0 F9000 X31.772 Y39.058
;TYPE:SKIN
G1 F600 X31.728 Y39.084 E33.45654
G1 X31.447 Y39.153 E33.46617
G1 X31.124 Y39.167 E33.47692
G1 X30.776 Y39.084 E33.48882
G1 X30.506 Y38.925 E33.49924
G1 X30.277 Y38.723 E33.5094
G1 X30.107 Y38.463 E33.51973
G1 X30.021 Y38.248 E33.52743
G1 X29.976 Y37.755 E33.5439
G1 X30.032 Y37.458 E33.55395
G1 X30.205 Y37.126 E33.5664
G1 X30.507 Y36.809 E33.58096
G1 X30.889 Y36.639 E33.59487
G1 X31.256 Y36.587 E33.6072
G1 X31.548 Y36.628 E33.61701
G1 X31.847 Y36.732 E33.62754
G1 X32.092 Y36.905 E33.63751
G1 X32.303 Y37.126 E33.64767
G1 X32.477 Y37.463 E33.66029
G1 X32.536 Y37.753 E33.67013
G1 X32.487 Y38.242 E33.68648
G1 X32.269 Y38.668 E33.70239
G1 X32.051 Y38.897 E33.71291
G1 X31.772 Y39.058 E33.72362
G0 F9000 X31.901 Y39.285
G0 X31.11 Y39.367
G0 X30.704 Y39.27
G0 X30.183 Y38.9
G0 X29.751 Y38.213
G0 X30.208 Y38.127
G1 F600 X31.016 Y38.935 E33.76163
G0 F9000 X31.564 Y38.918
G1 F600 X30.214 Y37.568 E33.82513
G0 F9000 X30.411 Y37.199
G1 F600 X31.938 Y38.726 E33.89695
G0 F9000 X32.204 Y38.427
G1 F600 X30.714 Y36.936 E33.96706
G0 F9000 X31.147 Y36.804
G1 F600 X32.334 Y37.991 E34.0229
G1 F2700 E29.0229
;MESH:slupek4.stl(1)
G0 F9000 X32.786 Y38.078
G0 X33.068 Y38.053
G0 X34.162 Y38.053
G0 X38.352 Y38.053
G0 X41.854 Y39.423
;TYPE:WALL-INNER
G1 F2700 E34.0229
G1 F600 X41.867 Y39.42 E34.02334
G1 X42.28 Y39.183 E34.03918
G1 X42.55 Y38.897 E34.05226
G1 X42.724 Y38.631 E34.06283
G1 X42.837 Y38.347 E34.073
G1 X42.896 Y38.039 E34.08343
G1 X42.896 Y37.722 E34.09397
G1 X42.823 Y37.342 E34.10684
G1 X42.606 Y36.921 E34.12259
G1 X42.331 Y36.634 E34.13581
G1 X42.015 Y36.409 E34.14872
G1 X41.641 Y36.278 E34.1619
G1 X41.256 Y36.223 E34.17483
G1 X40.787 Y36.29 E34.19059
G1 X40.434 Y36.45 E34.20348
G1 X40.176 Y36.635 E34.21404
G1 X39.906 Y36.92 E34.2271
G1 X39.69 Y37.338 E34.24275
G1 X39.616 Y37.725 E34.25585
G1 X39.616 Y38.039 E34.26629
G1 X39.675 Y38.347 E34.27672
G1 X39.789 Y38.632 E34.28693
G1 X40.002 Y38.966 E34.30011
G1 X40.294 Y39.217 E34.31292
G1 X40.642 Y39.421 E34.32633
G1 X41.094 Y39.529 E34.34179
G1 X41.495 Y39.511 E34.35514
G1 X41.854 Y39.423 E34.36743
G0 F9000 X41.999 Y39.8
;TYPE:WALL-OUTER
G1 F600 X42.017 Y39.796 E34.36805
G1 X42.53 Y39.501 E34.38773
G1 X42.866 Y39.147 E34.40396
G1 X43.081 Y38.815 E34.41712
G1 X43.223 Y38.459 E34.42987
G1 X43.296 Y38.077 E34.4428
G1 X43.296 Y37.684 E34.45587
G1 X43.205 Y37.21 E34.47193
G1 X42.935 Y36.686 E34.49153
G1 X42.593 Y36.329 E34.50798
G1 X42.199 Y36.049 E34.52405
G1 X41.736 Y35.888 E34.54036
G1 X41.256 Y35.819 E34.55648
G1 X40.673 Y35.902 E34.57607
G1 X40.233 Y36.102 E34.59215
G1 X39.912 Y36.332 E34.60528
G1 X39.577 Y36.686 E34.62149
G1 X39.308 Y37.206 E34.64096
G1 X39.216 Y37.687 E34.65725
G1 X39.216 Y38.077 E34.67022
G1 X39.289 Y38.459 E34.68316
G1 X39.431 Y38.816 E34.69594
G1 X39.697 Y39.231 E34.71233
G1 X40.061 Y39.544 E34.7283
G1 X40.492 Y39.796 E34.7449
G1 X41.056 Y39.931 E34.76419
G1 X41.551 Y39.909 E34.78067
G1 X41.999 Y39.8 E34.79601
G0 F9000 X41.723 Y39.085
;TYPE:SKIN
G1 F600 X41.447 Y39.153 E34.80546
G1 X41.124 Y39.167 E34.81622
G1 X40.776 Y39.084 E34.82812
G1 X40.506 Y38.925 E34.83854
G1 X40.277 Y38.723 E34.84869
G1 X40.107 Y38.463 E34.85903
G1 X40.021 Y38.248 E34.86673
G1 X39.976 Y37.755 E34.88319
G1 X40.032 Y37.458 E34.89324
G1 X40.205 Y37.126 E34.9057
G1 X40.507 Y36.809 E34.92026
G1 X40.889 Y36.639 E34.93417
G1 X41.256 Y36.587 E34.94649
G1 X41.548 Y36.628 E34.9563
G1 X41.847 Y36.732 E34.96683
G1 X42.092 Y36.905 E34.97681
G1 X42.303 Y37.126 E34.98697
G1 X42.477 Y37.463 E34.99958
G1 X42.536 Y37.753 E35.00943
G1 X42.487 Y38.242 E35.02577
G1 X42.269 Y38.668 E35.04169
G1 X42.051 Y38.897 E35.0522
G1 X41.728 Y39.084 E35.06462
G1 X41.723 Y39.085 E35.06479
G0 F9000 X41.783 Y39.338
G0 X41.11 Y39.367
G0 X40.704 Y39.27
G0 X40.125 Y38.859
G0 X39.958 Y38.543
G0 X39.716 Y37.926
G0 X40.189 Y37.926
G1 F600 X41.225 Y38.962 E35.11352
G0 F9000 X41.698 Y38.87
G1 F600 X40.267 Y37.438 E35.18085
G0 F9000 X40.5 Y37.105
G1 F600 X42.027 Y38.633 E35.2527
G0 F9000 X42.246 Y38.286
G1 F600 X40.84 Y36.88 E35.31883
G0 F9000 X41.324 Y36.799
G1 F600 X42.315 Y37.789 E35.36542
G1 F2700 E30.36542
;MESH:NONMESH
G0 F300 X42.315 Y37.789 Z1.6
G0 F9000 X42.796 Y37.789
G0 X42.58 Y38.556
G0 X42.179 Y39.055
G0 X41.806 Y39.27
G0 X41.11 Y39.367
G0 X40.704 Y39.27
G0 X40.235 Y38.937
G0 X39.446 Y38.053
G0 X38.352 Y38.053
G0 X33.889 Y39.123
G0 X31.918 Y39.391
;TIME_ELAPSED:95.418408
;LAYER:7
;note -- min layer time used
;TYPE:WALL-INNER
;MESH:slupek4.stl
G1 F2700 E35.36542
G1 F600 X32.28 Y39.183 E35.37931
G1 X32.55 Y38.897 E35.39239
G1 X32.724 Y38.631 E35.40296
G1 X32.837 Y38.347 E35.41313
G1 X32.896 Y38.039 E35.42356
G1 X32.896 Y37.722 E35.4341
G1 X32.823 Y37.342 E35.44697
G1 X32.606 Y36.921 E35.46273
G1 X32.331 Y36.634 E35.47595
G1 X32.015 Y36.409 E35.48885
G1 X31.641 Y36.278 E35.50203
G1 X31.256 Y36.223 E35.51496
G1 X30.787 Y36.29 E35.53072
G1 X30.434 Y36.45 E35.54361
G1 X30.176 Y36.635 E35.55417
G1 X29.906 Y36.92 E35.56723
G1 X29.69 Y37.338 E35.58288
G1 X29.616 Y37.725 E35.59598
G1 X29.616 Y38.039 E35.60643
G1 X29.675 Y38.347 E35.61686
G1 X29.789 Y38.632 E35.62707
G1 X30.002 Y38.966 E35.64024
G1 X30.294 Y39.217 E35.65305
G1 X30.642 Y39.421 E35.66647
G1 X31.094 Y39.529 E35.68192
G1 X31.495 Y39.511 E35.69527
G1 X31.867 Y39.42 E35.70801
G1 X31.918 Y39.391 E35.70996
G0 F9000 X32.079 Y39.76
;TYPE:WALL-OUTER
G1 F600 X32.53 Y39.501 E35.72726
G1 X32.866 Y39.147 E35.74349
G1 X33.081 Y38.815 E35.75665
G1 X33.223 Y38.459 E35.7694
G1 X33.296 Y38.077 E35.78233
G1 X33.296 Y37.684 E35.7954
G1 X33.205 Y37.21 E35.81146
G1 X32.935 Y36.686 E35.83106
G1 X32.593 Y36.329 E35.84751
G1 X32.199 Y36.049 E35.86358
G1 X31.736 Y35.888 E35.87989
G1 X31.256 Y35.819 E35.89601
G1 X30.673 Y35.902 E35.9156
G1 X30.233 Y36.102 E35.93168
G1 X29.912 Y36.332 E35.94481
G1 X29.577 Y36.686 E35.96102
G1 X29.308 Y37.206 E35.98049
G1 X29.216 Y37.687 E35.99678
G1 X29.216 Y38.077 E36.00975
G1 X29.289 Y38.459 E36.02269
G1 X29.431 Y38.816 E36.03547
G1 X29.697 Y39.231 E36.05186
G1 X30.061 Y39.544 E36.06783
G1 X30.492 Y39.796 E36.08443
G1 X31.056 Y39.931 E36.10372
G1 X31.551 Y39.909 E36.1202
G1 X32.017 Y39.796 E36.13615
G1 X32.079 Y39.76 E36.13854
G0 F9000 X31.772 Y39.058
;TYPE:SKIN
G1 F600 X31.728 Y39.084 E36.14024
G1 X31.447 Y39.153 E36.14986
G1 X31.124 Y39.167 E36.16061
G1 X30.776 Y39.084 E36.17251
G1 X30.506 Y38.925 E36.18293
G1 X30.277 Y38.723 E36.19309
G1 X30.107 Y38.463 E36.20342
G1 X30.021 Y38.248 E36.21112
G1 X29.976 Y37.755 E36.22759
G1 X30.032 Y37.458 E36.23764
G1 X30.205 Y37.126 E36.25009
G1 X30.507 Y36.809 E36.26466
G1 X30.889 Y36.639 E36.27856
G1 X31.256 Y36.587 E36.29089
G1 X31.548 Y36.628 E36.3007
G1 X31.847 Y36.732 E36.31123
G1 X32.092 Y36.905 E36.3212
G1 X32.303 Y37.126 E36.33137
G1 X32.477 Y37.463 E36.34398
G1 X32.536 Y37.753 E36.35382
G1 X32.487 Y38.242 E36.37017
G1 X32.269 Y38.668 E36.38608
G1 X32.051 Y38.897 E36.3966
G1 X31.772 Y39.058 E36.40731
G0 F9000 X31.18 Y38.965
G1 F600 X32.318 Y37.827 E36.46084
G0 F9000 X32.205 Y37.374
G1 F600 X30.746 Y38.834 E36.52949
G0 F9000 X30.428 Y38.586
G1 F600 X31.959 Y37.055 E36.60151
G0 F9000 X31.594 Y36.854
G1 F600 X30.218 Y38.23 E36.66623
G0 F9000 X30.191 Y37.691
G1 F600 X31.067 Y36.815 E36.70743
G1 F2700 E31.70743
;MESH:slupek4.stl(1)
G0 F9000 X31.003 Y36.36
G0 X31.603 Y36.436
G0 X32.985 Y37.283
G0 X34.059 Y37.076
G0 X38.352 Y38.053
G0 X41.854 Y39.423
;TYPE:WALL-INNER
G1 F2700 E36.70743
G1 F600 X41.867 Y39.42 E36.70788
G1 X42.28 Y39.183 E36.72371
G1 X42.55 Y38.897 E36.7368
G1 X42.724 Y38.631 E36.74737
G1 X42.837 Y38.347 E36.75753
G1 X42.896 Y38.039 E36.76796
G1 X42.896 Y37.722 E36.77851
G1 X42.823 Y37.342 E36.79138
G1 X42.606 Y36.921 E36.80713
G1 X42.331 Y36.634 E36.82035
G1 X42.015 Y36.409 E36.83325
G1 X41.641 Y36.278 E36.84643
G1 X41.256 Y36.223 E36.85937
G1 X40.787 Y36.29 E36.87513
G1 X40.434 Y36.45 E36.88802
G1 X40.176 Y36.635 E36.89858
G1 X39.906 Y36.92 E36.91163
G1 X39.69 Y37.338 E36.92728
G1 X39.616 Y37.725 E36.94039
G1 X39.616 Y38.039 E36.95083
G1 X39.675 Y38.347 E36.96126
G1 X39.789 Y38.632 E36.97147
G1 X40.002 Y38.966 E36.98465
G1 X40.294 Y39.217 E36.99745
G1 X40.642 Y39.421 E37.01087
G1 X41.094 Y39.529 E37.02633
G1 X41.495 Y39.511 E37.03968
G1 X41.854 Y39.423 E37.05197
G0 F9000 X41.999 Y39.8
;TYPE:WALL-OUTER
G1 F600 X42.017 Y39.796 E37.05259
G1 X42.53 Y39.501 E37.07227
G1 X42.866 Y39.147 E37.0885
G1 X43.081 Y38.815 E37.10166
G1 X43.223 Y38.459 E37.1144
G1 X43.296 Y38.077 E37.12734
G1 X43.296 Y37.684 E37.14041
G1 X43.205 Y37.21 E37.15646
G1 X42.935 Y36.686 E37.17607
G1 X42.593 Y36.329 E37.19251
G1 X42.199 Y36.049 E37.20859
G1 X41.736 Y35.888 E37.22489
G1 X41.256 Y35.819 E37.24102
G1 X40.673 Y35.902 E37.26061
G1 X40.233 Y36.102 E37.27668
G1 X39.912 Y36.332 E37.28982
G1 X39.577 Y36.686 E37.30603
G1 X39.308 Y37.206 E37.3255
G1 X39.216 Y37.687 E37.34179
G1 X39.216 Y38.077 E37.35476
G1 X39.289 Y38.459 E37.3677
G1 X39.431 Y38.816 E37.38047
G1 X39.697 Y39.231 E37.39687
G1 X40.061 Y39.544 E37.41284
G1 X40.492 Y39.796 E37.42944
G1 X41.056 Y39.931 E37.44873
G1 X41.551 Y39.909 E37.46521
G1 X41.999 Y39.8 E37.48055
G0 F9000 X41.723 Y39.085
;TYPE:SKIN
G1 F600 X41.447 Y39.153 E37.49
G1 X41.124 Y39.167 E37.50075
G1 X40.776 Y39.084 E37.51265
G1 X40.506 Y38.925 E37.52307
G1 X40.277 Y38.723 E37.53323
G1 X40.107 Y38.463 E37.54356
G1 X40.021 Y38.248 E37.55127
G1 X39.976 Y37.755 E37.56773
G1 X40.032 Y37.458 E37.57778
G1 X40.205 Y37.126 E37.59023
G1 X40.507 Y36.809 E37.6048
G1 X40.889 Y36.639 E37.6187
G1 X41.256 Y36.587 E37.63103
G1 X41.548 Y36.628 E37.64084
G1 X41.847 Y36.732 E37.65137
G1 X42.092 Y36.905 E37.66134
G1 X42.303 Y37.126 E37.67151
G1 X42.477 Y37.463 E37.68412
G1 X42.536 Y37.753 E37.69396
G1 X42.487 Y38.242 E37.71031
G1 X42.269 Y38.668 E37.72623
G1 X42.051 Y38.897 E37.73674
G1 X41.728 Y39.084 E37.74916
G1 X41.723 Y39.085 E37.74932
G0 F9000 X41.371 Y38.957
G1 F600 X42.332 Y37.996 E37.79453
G0 F9000 X42.267 Y37.494
G1 F600 X40.863 Y38.899 E37.86059
G0 F9000 X40.523 Y38.673
G1 F600 X42.047 Y37.149 E37.93228
G0 F9000 X41.728 Y36.902
G1 F600 X40.275 Y38.356 E38.00064
G0 F9000 X40.186 Y37.879
G1 F600 X41.273 Y36.791 E38.0518
G1 F2700 E33.0518
;MESH:NONMESH
G0 F300 X41.273 Y36.791 Z1.8
G0 F9000 X41.339 Y36.337
G0 X40.832 Y36.446
G0 X40.52 Y36.622
G0 X39.529 Y37.281
G0 X38.454 Y37.075
G0 X34.162 Y38.053
G0 X31.918 Y39.391
;TIME_ELAPSED:105.908852
;LAYER:8
;note -- min layer time used
;TYPE:WALL-INNER
;MESH:slupek4.stl
G1 F2700 E38.0518
G1 F600 X32.28 Y39.183 E38.06568
G1 X32.55 Y38.897 E38.07876
G1 X32.724 Y38.631 E38.08934
G1 X32.837 Y38.347 E38.0995
G1 X32.896 Y38.039 E38.10993
G1 X32.896 Y37.722 E38.12048
G1 X32.823 Y37.342 E38.13335
G1 X32.606 Y36.921 E38.1491
G1 X32.331 Y36.634 E38.16232
G1 X32.015 Y36.409 E38.17522
G1 X31.641 Y36.278 E38.1884
G1 X31.256 Y36.223 E38.20134
G1 X30.787 Y36.29 E38.21709
G1 X30.434 Y36.45 E38.22998
G1 X30.176 Y36.635 E38.24054
G1 X29.906 Y36.92 E38.2536
G1 X29.69 Y37.338 E38.26925
G1 X29.616 Y37.725 E38.28236
G1 X29.616 Y38.039 E38.2928
G1 X29.675 Y38.347 E38.30323
G1 X29.789 Y38.632 E38.31344
G1 X30.002 Y38.966 E38.32661
G1 X30.294 Y39.217 E38.33942
G1 X30.642 Y39.421 E38.35284
G1 X31.094 Y39.529 E38.36829
G1 X31.495 Y39.511 E38.38165
G1 X31.867 Y39.42 E38.39438
G1 X31.918 Y39.391 E38.39633
G0 F9000 X32.079 Y39.76
;TYPE:WALL-OUTER
G1 F600 X32.53 Y39.501 E38.41363
G1 X32.866 Y39.147 E38.42987
G1 X33.081 Y38.815 E38.44302
G1 X33.223 Y38.459 E38.45577
G1 X33.296 Y38.077 E38.4687
G1 X33.296 Y37.684 E38.48178
G1 X33.205 Y37.21 E38.49783
G1 X32.935 Y36.686 E38.51743
G1 X32.593 Y36.329 E38.53388
G1 X32.199 Y36.049 E38.54995
G1 X31.736 Y35.888 E38.56626
G1 X31.256 Y35.819 E38.58239
G1 X30.673 Y35.902 E38.60197
G1 X30.233 Y36.102 E38.61805
G1 X29.912 Y36.332 E38.63118
G1 X29.577 Y36.686 E38.64739
G1 X29.308 Y37.206 E38.66687
G1 X29.216 Y37.687 E38.68315
G1 X29.216 Y38.077 E38.69613
G1 X29.289 Y38.459 E38.70906
G1 X29.431 Y38.816 E38.72184
G1 X29.697 Y39.231 E38.73823
G1 X30.061 Y39.544 E38.7542
G1 X30.492 Y39.796 E38.77081
G1 X31.056 Y39.931 E38.7901
G1 X31.551 Y39.909 E38.80658
G1 X32.017 Y39.796 E38.82252
G1 X32.079 Y39.76 E38.82491
G0 F9000 X31.772 Y39.058
;TYPE:SKIN
G1 F600 X31.728 Y39.084 E38.82661
G1 X31.447 Y39.153 E38.83623
G1 X31.124 Y39.167 E38.84699
G1 X30.776 Y39.084 E38.85888
G1 X30.506 Y38.925 E38.86931
G1 X30.277 Y38.723 E38.87946
G1 X30.107 Y38.463 E38.88979
G1 X30.021 Y38.248 E38.8975
G1 X29.976 Y37.755 E38.91396
G1 X30.032 Y37.458 E38.92401
G1 X30.205 Y37.126 E38.93647
G1 X30.507 Y36.809 E38.95103
G1 X30.889 Y36.639 E38.96493
G1 X31.256 Y36.587 E38.97726
G1 X31.548 Y36.628 E38.98707
G1 X31.847 Y36.732 E38.9976
G1 X32.092 Y36.905 E39.00757
G1 X32.303 Y37.126 E39.01774
G1 X32.477 Y37.463 E39.03035
G1 X32.536 Y37.753 E39.0402
G1 X32.487 Y38.242 E39.05654
G1 X32.269 Y38.668 E39.07246
G1 X32.051 Y38.897 E39.08297
G1 X31.772 Y39.058 E39.09369
G0 F9000 X31.901 Y39.285
G0 X31.11 Y39.367
G0 X30.704 Y39.27
G0 X30.183 Y38.9
G0 X29.751 Y38.213
G0 X30.208 Y38.127
G1 F600 X31.016 Y38.935 E39.13169
G0 F9000 X31.564 Y38.918
G1 F600 X30.214 Y37.568 E39.19519
G0 F9000 X30.411 Y37.199
G1 F600 X31.938 Y38.726 E39.26702
G0 F9000 X32.204 Y38.427
G1 F600 X30.714 Y36.936 E39.33713
G0 F9000 X31.147 Y36.804
G1 F600 X32.334 Y37.991 E39.39296
G1 F2700 E34.39296
;MESH:slupek4.stl(1)
G0 F9000 X32.786 Y38.078
G0 X33.068 Y38.053
G0 X34.162 Y38.053
G0 X38.352 Y38.053
G0 X41.854 Y39.423
;TYPE:WALL-INNER
G1 F2700 E39.39296
G1 F600 X41.867 Y39.42 E39.3934
G1 X42.28 Y39.183 E39.40924
G1 X42.55 Y38.897 E39.42232
G1 X42.724 Y38.631 E39.43289
G1 X42.837 Y38.347 E39.44306
G1 X42.896 Y38.039 E39.45349
G1 X42.896 Y37.722 E39.46403
G1 X42.823 Y37.342 E39.4769
G1 X42.606 Y36.921 E39.49266
G1 X42.331 Y36.634 E39.50588
G1 X42.015 Y36.409 E39.51878
G1 X41.641 Y36.278 E39.53196
G1 X41.256 Y36.223 E39.5449
G1 X40.787 Y36.29 E39.56065
G1 X40.434 Y36.45 E39.57354
G1 X40.176 Y36.635 E39.5841
G1 X39.906 Y36.92 E39.59716
G1 X39.69 Y37.338 E39.61281
G1 X39.616 Y37.725 E39.62591
G1 X39.616 Y38.039 E39.63636
G1 X39.675 Y38.347 E39.64679
G1 X39.789 Y38.632 E39.657
G1 X40.002 Y38.966 E39.67017
G1 X40.294 Y39.217 E39.68298
G1 X40.642 Y39.421 E39.6964
G1 X41.094 Y39.529 E39.71185
G1 X41.495 Y39.511 E39.7252
G1 X41.854 Y39.423 E39.7375
G0 F9000 X41.999 Y39.8
;TYPE:WALL-OUTER
G1 F600 X42.017 Y39.796 E39.73811
G1 X42.53 Y39.501 E39.75779
G1 X42.866 Y39.147 E39.77403
G1 X43.081 Y38.815 E39.78718
G1 X43.223 Y38.459 E39.79993
G1 X43.296 Y38.077 E39.81287
G1 X43.296 Y37.684 E39.82594
G1 X43.205 Y37.21 E39.84199
G1 X42.935 Y36.686 E39.8616
G1 X42.593 Y36.329 E39.87804
G1 X42.199 Y36.049 E39.89412
G1 X41.736 Y35.888 E39.91042
G1 X41.256 Y35.819 E39.92655
G1 X40.673 Y35.902 E39.94613
G1 X40.233 Y36.102 E39.96221
G1 X39.912 Y36.332 E39.97534
G1 X39.577 Y36.686 E39.99155
G1 X39.308 Y37.206 E40.01103
G1 X39.216 Y37.687 E40.02732
G1 X39.216 Y38.077 E40.04029
G1 X39.289 Y38.459 E40.05322
G1 X39.431 Y38.816 E40.066
G1 X39.697 Y39.231 E40.0824
G1 X40.061 Y39.544 E40.09836
G1 X40.492 Y39.796 E40.11497
G1 X41.056 Y39.931 E40.13426
G1 X41.551 Y39.909 E40.15074
G1 X41.999 Y39.8 E40.16607
G0 F9000 X41.723 Y39.085
;TYPE:SKIN
G1 F600 X41.447 Y39.153 E40.17553
G1 X41.124 Y39.167 E40.18628
G1 X40.776 Y39.084 E40.19818
G1 X40.506 Y38.925 E40.2086
G1 X40.277 Y38.723 E40.21876
G1 X40.107 Y38.463 E40.22909
G1 X40.021 Y38.248 E40.23679
G1 X39.976 Y37.755 E40.25326
G1 X40.032 Y37.458 E40.26331
G1 X40.205 Y37.126 E40.27576
G1 X40.507 Y36.809 E40.29032
G1 X40.889 Y36.639 E40.30423
G1 X41.256 Y36.587 E40.31656
G1 X41.548 Y36.628 E40.32636
G1 X41.847 Y36.732 E40.33689
G1 X42.092 Y36.905 E40.34687
G1 X42.303 Y37.126 E40.35703
G1 X42.477 Y37.463 E40.36965
G1 X42.536 Y37.753 E40.37949
G1 X42.487 Y38.242 E40.39584
G1 X42.269 Y38.668 E40.41175
G1 X42.051 Y38.897 E40.42227
G1 X41.728 Y39.084 E40.43468
G1 X41.723 Y39.085 E40.43485
G0 F9000 X41.783 Y39.338
G0 X41.11 Y39.367
G0 X40.704 Y39.27
G0 X40.125 Y38.859
G0 X39.958 Y38.543
G0 X39.716 Y37.926
G0 X40.189 Y37.926
G1 F600 X41.225 Y38.962 E40.48358
G0 F9000 X41.698 Y38.87
G1 F600 X40.267 Y37.438 E40.55091
G0 F9000 X40.5 Y37.105
G1 F600 X42.027 Y38.633 E40.62276
G0 F9000 X42.246 Y38.286
G1 F600 X40.84 Y36.88 E40.6889
G0 F9000 X41.324 Y36.799
G1 F600 X42.315 Y37.789 E40.73549
G1 F2700 E35.73549
;MESH:NONMESH
G0 F300 X42.315 Y37.789 Z2
G0 F9000 X42.796 Y37.789
G0 X42.58 Y38.556
G0 X42.179 Y39.055
G0 X41.806 Y39.27
G0 X41.11 Y39.367
G0 X40.704 Y39.27
G0 X40.235 Y38.937
G0 X39.446 Y38.053
G0 X38.352 Y38.053
G0 X33.889 Y39.123
G0 X31.918 Y39.391
;TIME_ELAPSED:116.664573
;LAYER:9
;note -- min layer time used
;TYPE:WALL-INNER
;MESH:slupek4.stl
G1 F2700 E40.73549
G1 F600 X32.28 Y39.183 E40.74937
G1 X32.55 Y38.897 E40.76246
G1 X32.724 Y38.631 E40.77303
G1 X32.837 Y38.347 E40.78319
G1 X32.896 Y38.039 E40.79362
G1 X32.896 Y37.722 E40.80417
G1 X32.823 Y37.342 E40.81704
G1 X32.606 Y36.921 E40.83279
G1 X32.331 Y36.634 E40.84601
G1 X32.015 Y36.409 E40.85891
G1 X31.641 Y36.278 E40.87209
G1 X31.256 Y36.223 E40.88503
G1 X30.787 Y36.29 E40.90079
G1 X30.434 Y36.45 E40.91368
G1 X30.176 Y36.635 E40.92424
G1 X29.906 Y36.92 E40.93729
G1 X29.69 Y37.338 E40.95294
G1 X29.616 Y37.725 E40.96605
G1 X29.616 Y38.039 E40.97649
G1 X29.675 Y38.347 E40.98692
G1 X29.789 Y38.632 E40.99713
G1 X30.002 Y38.966 E41.01031
G1 X30.294 Y39.217 E41.02311
G1 X30.642 Y39.421 E41.03653
G1 X31.094 Y39.529 E41.05199
G1 X31.495 Y39.511 E41.06534
G1 X31.867 Y39.42 E41.07807
G1 X31.918 Y39.391 E41.08003
G0 F9000 X32.079 Y39.76
;TYPE:WALL-OUTER
G1 F600 X32.53 Y39.501 E41.09732
G1 X32.866 Y39.147 E41.11356
G1 X33.081 Y38.815 E41.12671
G1 X33.223 Y38.459 E41.13946
G1 X33.296 Y38.077 E41.1524
G1 X33.296 Y37.684 E41.16547
G1 X33.205 Y37.21 E41.18152
G1 X32.935 Y36.686 E41.20113
G1 X32.593 Y36.329 E41.21757
G1 X32.199 Y36.049 E41.23365
G1 X31.736 Y35.888 E41.24995
G1 X31.256 Y35.819 E41.26608
G1 X30.673 Y35.902 E41.28566
G1 X30.233 Y36.102 E41.30174
G1 X29.912 Y36.332 E41.31487
G1 X29.577 Y36.686 E41.33108
G1 X29.308 Y37.206 E41.35056
G1 X29.216 Y37.687 E41.36685
G1 X29.216 Y38.077 E41.37982
G1 X29.289 Y38.459 E41.39275
G1 X29.431 Y38.816 E41.40553
G1 X29.697 Y39.231 E41.42193
G1 X30.061 Y39.544 E41.43789
G1 X30.492 Y39.796 E41.4545
G1 X31.056 Y39.931 E41.47379
G1 X31.551 Y39.909 E41.49027
G1 X32.017 Y39.796 E41.50622
G1 X32.079 Y39.76 E41.5086
G0 F9000 X31.772 Y39.058
;TYPE:SKIN
G1 F600 X31.728 Y39.084 E41.5103
G1 X31.447 Y39.153 E41.51992
G1 X31.124 Y39.167 E41.53068
G1 X30.776 Y39.084 E41.54258
G1 X30.506 Y38.925 E41.553
G1 X30.277 Y38.723 E41.56315
G1 X30.107 Y38.463 E41.57349
G1 X30.021 Y38.248 E41.58119
G1 X29.976 Y37.755 E41.59765
G1 X30.032 Y37.458 E41.60771
G1 X30.205 Y37.126 E41.62016
G1 X30.507 Y36.809 E41.63472
G1 X30.889 Y36.639 E41.64863
G1 X31.256 Y36.587 E41.66095
G1 X31.548 Y36.628 E41.67076
G1 X31.847 Y36.732 E41.68129
G1 X32.092 Y36.905 E41.69127
G1 X32.303 Y37.126 E41.70143
G1 X32.477 Y37.463 E41.71404
G1 X32.536 Y37.753 E41.72389
G1 X32.487 Y38.242 E41.74023
G1 X32.269 Y38.668 E41.75615
G1 X32.051 Y38.897 E41.76666
G1 X31.772 Y39.058 E41.77738
G0 F9000 X31.18 Y38.965
G1 F600 X32.318 Y37.827 E41.83091
G0 F9000 X32.205 Y37.374
G1 F600 X30.746 Y38.834 E41.89956
G0 F9000 X30.428 Y38.586
G1 F600 X31.959 Y37.055 E41.97157
G0 F9000 X31.594 Y36.854
G1 F600 X30.218 Y38.23 E42.03629
G0 F9000 X30.191 Y37.691
G1 F600 X31.067 Y36.815 E42.0775
G1 F2700 E37.0775
;MESH:slupek4.stl(1)
G0 F9000 X31.003 Y36.36
G0 X31.603 Y36.436
G0 X32.985 Y37.283
G0 X34.059 Y37.076
G0 X38.352 Y38.053
G0 X41.854 Y39.423
;TYPE:WALL-INNER
G1 F2700 E42.0775
G1 F600 X41.867 Y39.42 E42.07794
G1 X42.28 Y39.183 E42.09378
G1 X42.55 Y38.897 E42.10686
G1 X42.724 Y38.631 E42.11743
G1 X42.837 Y38.347 E42.1276
G1 X42.896 Y38.039 E42.13803
G1 X42.896 Y37.722 E42.14857
G1 X42.823 Y37.342 E42.16144
G1 X42.606 Y36.921 E42.1772
G1 X42.331 Y36.634 E42.19042
G1 X42.015 Y36.409 E42.20332
G1 X41.641 Y36.278 E42.2165
G1 X41.256 Y36.223 E42.22943
G1 X40.787 Y36.29 E42.24519
G1 X40.434 Y36.45 E42.25808
G1 X40.176 Y36.635 E42.26864
G1 X39.906 Y36.92 E42.2817
G1 X39.69 Y37.338 E42.29735
G1 X39.616 Y37.725 E42.31045
G1 X39.616 Y38.039 E42.3209
G1 X39.675 Y38.347 E42.33133
G1 X39.789 Y38.632 E42.34154
G1 X40.002 Y38.966 E42.35471
G1 X40.294 Y39.217 E42.36752
G1 X40.642 Y39.421 E42.38093
G1 X41.094 Y39.529 E42.39639
G1 X41.495 Y39.511 E42.40974
G1 X41.854 Y39.423 E42.42204
G0 F9000 X41.999 Y39.8
;TYPE:WALL-OUTER
G1 F600 X42.017 Y39.796 E42.42265
G1 X42.53 Y39.501 E42.44233
G1 X42.866 Y39.147 E42.45857
G1 X43.081 Y38.815 E42.47172
G1 X43.223 Y38.459 E42.48447
G1 X43.296 Y38.077 E42.4974
G1 X43.296 Y37.684 E42.51048
G1 X43.205 Y37.21 E42.52653
G1 X42.935 Y36.686 E42.54613
G1 X42.593 Y36.329 E42.56258
G1 X42.199 Y36.049 E42.57865
G1 X41.736 Y35.888 E42.59496
G1 X41.256 Y35.819 E42.61109
G1 X40.673 Y35.902 E42.63067
G1 X40.233 Y36.102 E42.64675
G1 X39.912 Y36.332 E42.65988
G1 X39.577 Y36.686 E42.67609
G1 X39.308 Y37.206 E42.69557
G1 X39.216 Y37.687 E42.71185
G1 X39.216 Y38.077 E42.72482
G1 X39.289 Y38.459 E42.73776
G1 X39.431 Y38.816 E42.75054
G1 X39.697 Y39.231 E42.76693
G1 X40.061 Y39.544 E42.7829
G1 X40.492 Y39.796 E42.79951
G1 X41.056 Y39.931 E42.8188
G1 X41.551 Y39.909 E42.83528
G1 X41.999 Y39.8 E42.85061
G0 F9000 X41.723 Y39.085
;TYPE:SKIN
G1 F600 X41.447 Y39.153 E42.86006
G1 X41.124 Y39.167 E42.87082
G1 X40.776 Y39.084 E42.88272
G1 X40.506 Y38.925 E42.89314
G1 X40.277 Y38.723 E42.9033
G1 X40.107 Y38.463 E42.91363
G1 X40.021 Y38.248 E42.92133
G1 X39.976 Y37.755 E42.93779
G1 X40.032 Y37.458 E42.94785
G1 X40.205 Y37.126 E42.9603
G1 X40.507 Y36.809 E42.97486
G1 X40.889 Y36.639 E42.98877
G1 X41.256 Y36.587 E43.0011
G1 X41.548 Y36.628 E43.0109
G1 X41.847 Y36.732 E43.02143
G1 X42.092 Y36.905 E43.03141
G1 X42.303 Y37.126 E43.04157
G1 X42.477 Y37.463 E43.05418
G1 X42.536 Y37.753 E43.06403
G1 X42.487 Y38.242 E43.08037
G1 X42.269 Y38.668 E43.09629
G1 X42.051 Y38.897 E43.10681
G1 X41.728 Y39.084 E43.11922
G1 X41.723 Y39.085 E43.11939
G0 F9000 X41.371 Y38.957
G1 F600 X42.332 Y37.996 E43.16459
G0 F9000 X42.267 Y37.494
G1 F600 X40.863 Y38.899 E43.23065
G0 F9000 X40.523 Y38.673
G1 F600 X42.047 Y37.149 E43.30234
G0 F9000 X41.728 Y36.902
G1 F600 X40.275 Y38.356 E43.37071
G0 F9000 X40.186 Y37.879
G1 F600 X41.273 Y36.791 E43.42186
G1 F2700 E38.42186
;MESH:NONMESH
G0 F300 X41.273 Y36.791 Z2.2
G0 F9000 X41.339 Y36.337
G0 X40.832 Y36.446
G0 X40.52 Y36.622
G0 X39.529 Y37.281
G0 X38.454 Y37.075
G0 X34.162 Y38.053
G0 X31.918 Y39.391
;TIME_ELAPSED:127.155017
;LAYER:10
;note -- min layer time used
;TYPE:WALL-INNER
;MESH:slupek4.stl
G1 F2700 E43.42186
G1 F600 X32.28 Y39.183 E43.43575
G1 X32.55 Y38.897 E43.44883
G1 X32.724 Y38.631 E43.4594
G1 X32.837 Y38.347 E43.46957
G1 X32.896 Y38.039 E43.48
G1 X32.896 Y37.722 E43.49054
G1 X32.823 Y37.342 E43.50341
G1 X32.606 Y36.921 E43.51916
G1 X32.331 Y36.634 E43.53238
G1 X32.015 Y36.409 E43.54529
G1 X31.641 Y36.278 E43.55847
G1 X31.256 Y36.223 E43.5714
G1 X30.787 Y36.29 E43.58716
G1 X30.434 Y36.45 E43.60005
G1 X30.176 Y36.635 E43.61061
G1 X29.906 Y36.92 E43.62367
G1 X29.69 Y37.338 E43.63931
G1 X29.616 Y37.725 E43.65242
G1 X29.616 Y38.039 E43.66286
G1 X29.675 Y38.347 E43.67329
G1 X29.789 Y38.632 E43.6835
G1 X30.002 Y38.966 E43.69668
G1 X30.294 Y39.217 E43.70949
G1 X30.642 Y39.421 E43.7229
G1 X31.094 Y39.529 E43.73836
G1 X31.495 Y39.511 E43.75171
G1 X31.867 Y39.42 E43.76445
G1 X31.918 Y39.391 E43.7664
G0 F9000 X32.079 Y39.76
;TYPE:WALL-OUTER
G1 F600 X32.53 Y39.501 E43.7837
G1 X32.866 Y39.147 E43.79993
G1 X33.081 Y38.815 E43.81309
G1 X33.223 Y38.459 E43.82583
G1 X33.296 Y38.077 E43.83877
G1 X33.296 Y37.684 E43.85184
G1 X33.205 Y37.21 E43.86789
G1 X32.935 Y36.686 E43.8875
G1 X32.593 Y36.329 E43.90394
G1 X32.199 Y36.049 E43.92002
G1 X31.736 Y35.888 E43.93632
G1 X31.256 Y35.819 E43.95245
G1 X30.673 Y35.902 E43.97204
G1 X30.233 Y36.102 E43.98811
G1 X29.912 Y36.332 E44.00125
G1 X29.577 Y36.686 E44.01746
G1 X29.308 Y37.206 E44.03693
G1 X29.216 Y37.687 E44.05322
G1 X29.216 Y38.077 E44.06619
G1 X29.289 Y38.459 E44.07912
G1 X29.431 Y38.816 E44.0919
G1 X29.697 Y39.231 E44.1083
G1 X30.061 Y39.544 E44.12427
G1 X30.492 Y39.796 E44.14087
G1 X31.056 Y39.931 E44.16016
G1 X31.551 Y39.909 E44.17664
G1 X32.017 Y39.796 E44.19259
G1 X32.079 Y39.76 E44.19497
G0 F9000 X31.772 Y39.058
;TYPE:SKIN
G1 F600 X31.728 Y39.084 E44.19667
G1 X31.447 Y39.153 E44.2063
G1 X31.124 Y39.167 E44.21705
G1 X30.776 Y39.084 E44.22895
G1 X30.506 Y38.925 E44.23937
G1 X30.277 Y38.723 E44.24953
G1 X30.107 Y38.463 E44.25986
G1 X30.021 Y38.248 E44.26756
G1 X29.976 Y37.755 E44.28403
G1 X30.032 Y37.458 E44.29408
G1 X30.205 Y37.126 E44.30653
G1 X30.507 Y36.809 E44.32109
G1 X30.889 Y36.639 E44.335
G1 X31.256 Y36.587 E44.34733
G1 X31.548 Y36.628 E44.35713
G1 X31.847 Y36.732 E44.36766
G1 X32.092 Y36.905 E44.37764
G1 X32.303 Y37.126 E44.3878
G1 X32.477 Y37.463 E44.40042
G1 X32.536 Y37.753 E44.41026
G1 X32.487 Y38.242 E44.4266
G1 X32.269 Y38.668 E44.44252
G1 X32.051 Y38.897 E44.45304
G1 X31.772 Y39.058 E44.46375
G0 F9000 X31.901 Y39.285
G0 X31.11 Y39.367
G0 X30.704 Y39.27
G0 X30.183 Y38.9
G0 X29.751 Y38.213
G0 X30.208 Y38.127
G1 F600 X31.016 Y38.935 E44.50176
G0 F9000 X31.564 Y38.918
G1 F600 X30.214 Y37.568 E44.56526
G0 F9000 X30.411 Y37.199
G1 F600 X31.938 Y38.726 E44.63708
G0 F9000 X32.204 Y38.427
G1 F600 X30.714 Y36.936 E44.70719
G0 F9000 X31.147 Y36.804
G1 F600 X32.334 Y37.991 E44.76302
G1 F2700 E39.76302
;MESH:slupek4.stl(1)
G0 F9000 X32.786 Y38.078
G0 X33.068 Y38.053
G0 X34.162 Y38.053
G0 X38.352 Y38.053
G0 X41.854 Y39.423
;TYPE:WALL-INNER
G1 F2700 E44.76302
G1 F600 X41.867 Y39.42 E44.76347
G1 X42.28 Y39.183 E44.7793
G1 X42.55 Y38.897 E44.79239
G1 X42.724 Y38.631 E44.80296
G1 X42.837 Y38.347 E44.81312
G1 X42.896 Y38.039 E44.82355
G1 X42.896 Y37.722 E44.8341
G1 X42.823 Y37.342 E44.84697
G1 X42.606 Y36.921 E44.86272
G1 X42.331 Y36.634 E44.87594
G1 X42.015 Y36.409 E44.88884
G1 X41.641 Y36.278 E44.90202
G1 X41.256 Y36.223 E44.91496
G1 X40.787 Y36.29 E44.93072
G1 X40.434 Y36.45 E44.94361
G1 X40.176 Y36.635 E44.95417
G1 X39.906 Y36.92 E44.96722
G1 X39.69 Y37.338 E44.98287
G1 X39.616 Y37.725 E44.99598
G1 X39.616 Y38.039 E45.00642
G1 X39.675 Y38.347 E45.01685
G1 X39.789 Y38.632 E45.02706
G1 X40.002 Y38.966 E45.04024
G1 X40.294 Y39.217 E45.05304
G1 X40.642 Y39.421 E45.06646
G1 X41.094 Y39.529 E45.08192
G1 X41.495 Y39.511 E45.09527
G1 X41.854 Y39.423 E45.10756
G0 F9000 X41.999 Y39.8
;TYPE:WALL-OUTER
G1 F600 X42.017 Y39.796 E45.10818
G1 X42.53 Y39.501 E45.12786
G1 X42.866 Y39.147 E45.14409
G1 X43.081 Y38.815 E45.15725
G1 X43.223 Y38.459 E45.16999
G1 X43.296 Y38.077 E45.18293
G1 X43.296 Y37.684 E45.196
G1 X43.205 Y37.21 E45.21205
G1 X42.935 Y36.686 E45.23166
G1 X42.593 Y36.329 E45.2481
G1 X42.199 Y36.049 E45.26418
G1 X41.736 Y35.888 E45.28048
G1 X41.256 Y35.819 E45.29661
G1 X40.673 Y35.902 E45.3162
G1 X40.233 Y36.102 E45.33227
G1 X39.912 Y36.332 E45.34541
G1 X39.577 Y36.686 E45.36162
G1 X39.308 Y37.206 E45.38109
G1 X39.216 Y37.687 E45.39738
G1 X39.216 Y38.077 E45.41035
G1 X39.289 Y38.459 E45.42329
G1 X39.431 Y38.816 E45.43606
G1 X39.697 Y39.231 E45.45246
G1 X40.061 Y39.544 E45.46843
G1 X40.492 Y39.796 E45.48503
G1 X41.056 Y39.931 E45.50432
G1 X41.551 Y39.909 E45.5208
G1 X41.999 Y39.8 E45.53614
G0 F9000 X41.723 Y39.085
;TYPE:SKIN
G1 F600 X41.447 Y39.153 E45.54559
G1 X41.124 Y39.167 E45.55634
G1 X40.776 Y39.084 E45.56824
G1 X40.506 Y38.925 E45.57866
G1 X40.277 Y38.723 E45.58882
G1 X40.107 Y38.463 E45.59915
G1 X40.021 Y38.248 E45.60685
G1 X39.976 Y37.755 E45.62332
G1 X40.032 Y37.458 E45.63337
G1 X40.205 Y37.126 E45.64582
G1 X40.507 Y36.809 E45.66039
G1 X40.889 Y36.639 E45.67429
G1 X41.256 Y36.587 E45.68662
G1 X41.548 Y36.628 E45.69643
G1 X41.847 Y36.732 E45.70696
G1 X42.092 Y36.905 E45.71693
G1 X42.303 Y37.126 E45.7271
G1 X42.477 Y37.463 E45.73971
G1 X42.536 Y37.753 E45.74955
G1 X42.487 Y38.242 E45.7659
G1 X42.269 Y38.668 E45.78182
G1 X42.051 Y38.897 E45.79233
G1 X41.728 Y39.084 E45.80474
G1 X41.723 Y39.085 E45.80491
G0 F9000 X41.783 Y39.338
G0 X41.11 Y39.367
G0 X40.704 Y39.27
G0 X40.125 Y38.859
G0 X39.958 Y38.543
G0 X39.716 Y37.926
G0 X40.189 Y37.926
G1 F600 X41.225 Y38.962 E45.85364
G0 F9000 X41.698 Y38.87
G1 F600 X40.267 Y37.438 E45.92098
G0 F9000 X40.5 Y37.105
G1 F600 X42.027 Y38.633 E45.99283
G0 F9000 X42.246 Y38.286
G1 F600 X40.84 Y36.88 E46.05896
G0 F9000 X41.324 Y36.799
G1 F600 X42.315 Y37.789 E46.10555
G1 F2700 E41.10555
;MESH:NONMESH
G0 F300 X42.315 Y37.789 Z2.4
G0 F9000 X42.796 Y37.789
G0 X42.58 Y38.556
G0 X42.179 Y39.055
G0 X41.806 Y39.27
G0 X41.11 Y39.367
G0 X40.704 Y39.27
G0 X40.235 Y38.937
G0 X39.446 Y38.053
G0 X38.352 Y38.053
G0 X33.889 Y39.123
G0 X31.918 Y39.391
;TIME_ELAPSED:137.910738
;LAYER:11
;note -- min layer time used
;TYPE:WALL-INNER
;MESH:slupek4.stl
G1 F2700 E46.10555
G1 F600 X32.28 Y39.183 E46.11944
G1 X32.55 Y38.897 E46.13252
G1 X32.724 Y38.631 E46.14309
G1 X32.837 Y38.347 E46.15326
G1 X32.896 Y38.039 E46.16369
G1 X32.896 Y37.722 E46.17423
G1 X32.823 Y37.342 E46.1871
G1 X32.606 Y36.921 E46.20285
G1 X32.331 Y36.634 E46.21607
G1 X32.015 Y36.409 E46.22898
G1 X31.641 Y36.278 E46.24216
G1 X31.256 Y36.223 E46.25509
G1 X30.787 Y36.29 E46.27085
G1 X30.434 Y36.45 E46.28374
G1 X30.176 Y36.635 E46.2943
G1 X29.906 Y36.92 E46.30736
G1 X29.69 Y37.338 E46.32301
G1 X29.616 Y37.725 E46.33611
G1 X29.616 Y38.039 E46.34655
G1 X29.675 Y38.347 E46.35698
G1 X29.789 Y38.632 E46.36719
G1 X30.002 Y38.966 E46.38037
G1 X30.294 Y39.217 E46.39318
G1 X30.642 Y39.421 E46.40659
G1 X31.094 Y39.529 E46.42205
G1 X31.495 Y39.511 E46.4354
G1 X31.867 Y39.42 E46.44814
G1 X31.918 Y39.391 E46.45009
G0 F9000 X32.079 Y39.76
;TYPE:WALL-OUTER
G1 F600 X32.53 Y39.501 E46.46739
G1 X32.866 Y39.147 E46.48362
G1 X33.081 Y38.815 E46.49678
G1 X33.223 Y38.459 E46.50952
G1 X33.296 Y38.077 E46.52246
G1 X33.296 Y37.684 E46.53553
G1 X33.205 Y37.21 E46.55158
G1 X32.935 Y36.686 E46.57119
G1 X32.593 Y36.329 E46.58763
G1 X32.199 Y36.049 E46.60371
G1 X31.736 Y35.888 E46.62001
G1 X31.256 Y35.819 E46.63614
G1 X30.673 Y35.902 E46.65573
G1 X30.233 Y36.102 E46.6718
G1 X29.912 Y36.332 E46.68494
G1 X29.577 Y36.686 E46.70115
G1 X29.308 Y37.206 E46.72062
G1 X29.216 Y37.687 E46.73691
G1 X29.216 Y38.077 E46.74988
G1 X29.289 Y38.459 E46.76282
G1 X29.431 Y38.816 E46.77559
G1 X29.697 Y39.231 E46.79199
G1 X30.061 Y39.544 E46.80796
G1 X30.492 Y39.796 E46.82456
G1 X31.056 Y39.931 E46.84385
G1 X31.551 Y39.909 E46.86033
G1 X32.017 Y39.796 E46.87628
G1 X32.079 Y39.76 E46.87866
G0 F9000 X31.772 Y39.058
;TYPE:SKIN
G1 F600 X31.728 Y39.084 E46.88036
G1 X31.447 Y39.153 E46.88999
G1 X31.124 Y39.167 E46.90074
G1 X30.776 Y39.084 E46.91264
G1 X30.506 Y38.925 E46.92306
G1 X30.277 Y38.723 E46.93322
G1 X30.107 Y38.463 E46.94355
G1 X30.021 Y38.248 E46.95125
G1 X29.976 Y37.755 E46.96772
G1 X30.032 Y37.458 E46.97777
G1 X30.205 Y37.126 E46.99022
G1 X30.507 Y36.809 E47.00478
G1 X30.889 Y36.639 E47.01869
G1 X31.256 Y36.587 E47.03102
G1 X31.548 Y36.628 E47.04083
G1 X31.847 Y36.732 E47.05135
G1 X32.092 Y36.905 E47.06133
G1 X32.303 Y37.126 E47.07149
G1 X32.477 Y37.463 E47.08411
G1 X32.536 Y37.753 E47.09395
G1 X32.487 Y38.242 E47.1103
G1 X32.269 Y38.668 E47.12621
G1 X32.051 Y38.897 E47.13673
G1 X31.772 Y39.058 E47.14744
G0 F9000 X31.18 Y38.965
G1 F600 X32.318 Y37.827 E47.20097
G0 F9000 X32.205 Y37.374
G1 F600 X30.746 Y38.834 E47.26962
G0 F9000 X30.428 Y38.586
G1 F600 X31.959 Y37.055 E47.34163
G0 F9000 X31.594 Y36.854
G1 F600 X30.218 Y38.23 E47.40636
G0 F9000 X30.191 Y37.691
G1 F600 X31.067 Y36.815 E47.44756
G1 F2700 E42.44756
;MESH:slupek4.stl(1)
G0 F9000 X31.003 Y36.36
G0 X31.603 Y36.436
G0 X32.985 Y37.283
G0 X34.059 Y37.076
G0 X38.352 Y38.053
G0 X41.854 Y39.423
;TYPE:WALL-INNER
G1 F2700 E47.44756
G1 F600 X41.867 Y39.42 E47.44801
G1 X42.28 Y39.183 E47.46384
G1 X42.55 Y38.897 E47.47692
G1 X42.724 Y38.631 E47.4875
G1 X42.837 Y38.347 E47.49766
G1 X42.896 Y38.039 E47.50809
G1 X42.896 Y37.722 E47.51864
G1 X42.823 Y37.342 E47.53151
G1 X42.606 Y36.921 E47.54726
G1 X42.331 Y36.634 E47.56048
G1 X42.015 Y36.409 E47.57338
G1 X41.641 Y36.278 E47.58656
G1 X41.256 Y36.223 E47.5995
G1 X40.787 Y36.29 E47.61525
G1 X40.434 Y36.45 E47.62815
G1 X40.176 Y36.635 E47.6387
G1 X39.906 Y36.92 E47.65176
G1 X39.69 Y37.338 E47.66741
G1 X39.616 Y37.725 E47.68052
G1 X39.616 Y38.039 E47.69096
G1 X39.675 Y38.347 E47.70139
G1 X39.789 Y38.632 E47.7116
G1 X40.002 Y38.966 E47.72478
G1 X40.294 Y39.217 E47.73758
G1 X40.642 Y39.421 E47.751
G1 X41.094 Y39.529 E47.76646
G1 X41.495 Y39.511 E47.77981
G1 X41.854 Y39.423 E47.7921
G0 F9000 X41.999 Y39.8
;TYPE:WALL-OUTER
G1 F600 X42.017 Y39.796 E47.79271
G1 X42.53 Y39.501 E47.8124
G1 X42.866 Y39.147 E47.82863
G1 X43.081 Y38.815 E47.84178
G1 X43.223 Y38.459 E47.85453
G1 X43.296 Y38.077 E47.86747
G1 X43.296 Y37.684 E47.88054
G1 X43.205 Y37.21 E47.89659
G1 X42.935 Y36.686 E47.9162
G1 X42.593 Y36.329 E47.93264
G1 X42.199 Y36.049 E47.94872
G1 X41.736 Y35.888 E47.96502
G1 X41.256 Y35.819 E47.98115
G1 X40.673 Y35.902 E48.00074
G1 X40.233 Y36.102 E48.01681
G1 X39.912 Y36.332 E48.02995
G1 X39.577 Y36.686 E48.04616
G1 X39.308 Y37.206 E48.06563
G1 X39.216 Y37.687 E48.08192
G1 X39.216 Y38.077 E48.09489
G1 X39.289 Y38.459 E48.10782
G1 X39.431 Y38.816 E48.1206
G1 X39.697 Y39.231 E48.137
G1 X40.061 Y39.544 E48.15296
G1 X40.492 Y39.796 E48.16957
G1 X41.056 Y39.931 E48.18886
G1 X41.551 Y39.909 E48.20534
G1 X41.999 Y39.8 E48.22067
G0 F9000 X41.723 Y39.085
;TYPE:SKIN
G1 F600 X41.447 Y39.153 E48.23013
G1 X41.124 Y39.167 E48.24088
G1 X40.776 Y39.084 E48.25278
G1 X40.506 Y38.925 E48.2632
G1 X40.277 Y38.723 E48.27336
G1 X40.107 Y38.463 E48.28369
G1 X40.021 Y38.248 E48.29139
G1 X39.976 Y37.755 E48.30786
G1 X40.032 Y37.458 E48.31791
G1 X40.205 Y37.126 E48.33036
G1 X40.507 Y36.809 E48.34492
G1 X40.889 Y36.639 E48.35883
G1 X41.256 Y36.587 E48.37116
G1 X41.548 Y36.628 E48.38097
G1 X41.847 Y36.732 E48.3915
G1 X42.092 Y36.905 E48.40147
G1 X42.303 Y37.126 E48.41163
G1 X42.477 Y37.463 E48.42425
G1 X42.536 Y37.753 E48.43409
G1 X42.487 Y38.242 E48.45044
G1 X42.269 Y38.668 E48.46635
G1 X42.051 Y38.897 E48.47687
G1 X41.728 Y39.084 E48.48928
G1 X41.723 Y39.085 E48.48945
G0 F9000 X41.371 Y38.957
G1 F600 X42.332 Y37.996 E48.53466
G0 F9000 X42.267 Y37.494
G1 F600 X40.863 Y38.899 E48.60072
G0 F9000 X40.523 Y38.673
G1 F600 X42.047 Y37.149 E48.6724
G0 F9000 X41.728 Y36.902
G1 F600 X40.275 Y38.356 E48.74077
G0 F9000 X40.186 Y37.879
G1 F600 X41.273 Y36.791 E48.79192
G1 F2700 E43.79192
;MESH:NONMESH
G0 F300 X41.273 Y36.791 Z2.6
G0 F9000 X41.339 Y36.337
G0 X40.832 Y36.446
G0 X40.52 Y36.622
G0 X39.529 Y37.281
G0 X38.454 Y37.075
G0 X34.162 Y38.053
G0 X31.918 Y39.391
;TIME_ELAPSED:148.401182
;LAYER:12
;note -- min layer time used
;TYPE:WALL-INNER
;MESH:slupek4.stl
G1 F2700 E48.79192
G1 F600 X32.28 Y39.183 E48.80581
G1 X32.55 Y38.897 E48.81889
G1 X32.724 Y38.631 E48.82946
G1 X32.837 Y38.347 E48.83963
G1 X32.896 Y38.039 E48.85006
G1 X32.896 Y37.722 E48.8606
G1 X32.823 Y37.342 E48.87347
G1 X32.606 Y36.921 E48.88923
G1 X32.331 Y36.634 E48.90245
G1 X32.015 Y36.409 E48.91535
G1 X31.641 Y36.278 E48.92853
G1 X31.256 Y36.223 E48.94146
G1 X30.787 Y36.29 E48.95722
G1 X30.434 Y36.45 E48.97011
G1 X30.176 Y36.635 E48.98067
G1 X29.906 Y36.92 E48.99373
G1 X29.69 Y37.338 E49.00938
G1 X29.616 Y37.725 E49.02248
G1 X29.616 Y38.039 E49.03293
G1 X29.675 Y38.347 E49.04336
G1 X29.789 Y38.632 E49.05357
G1 X30.002 Y38.966 E49.06674
G1 X30.294 Y39.217 E49.07955
G1 X30.642 Y39.421 E49.09297
G1 X31.094 Y39.529 E49.10842
G1 X31.495 Y39.511 E49.12177
G1 X31.867 Y39.42 E49.13451
G1 X31.918 Y39.391 E49.13646
G0 F9000 X32.079 Y39.76
;TYPE:WALL-OUTER
G1 F600 X32.53 Y39.501 E49.15376
G1 X32.866 Y39.147 E49.16999
G1 X33.081 Y38.815 E49.18315
G1 X33.223 Y38.459 E49.1959
G1 X33.296 Y38.077 E49.20883
G1 X33.296 Y37.684 E49.2219
G1 X33.205 Y37.21 E49.23796
G1 X32.935 Y36.686 E49.25756
G1 X32.593 Y36.329 E49.27401
G1 X32.199 Y36.049 E49.29008
G1 X31.736 Y35.888 E49.30639
G1 X31.256 Y35.819 E49.32252
G1 X30.673 Y35.902 E49.3421
G1 X30.233 Y36.102 E49.35818
G1 X29.912 Y36.332 E49.37131
G1 X29.577 Y36.686 E49.38752
G1 X29.308 Y37.206 E49.40699
G1 X29.216 Y37.687 E49.42328
G1 X29.216 Y38.077 E49.43625
G1 X29.289 Y38.459 E49.44919
G1 X29.431 Y38.816 E49.46197
G1 X29.697 Y39.231 E49.47836
G1 X30.061 Y39.544 E49.49433
G1 X30.492 Y39.796 E49.51093
G1 X31.056 Y39.931 E49.53022
G1 X31.551 Y39.909 E49.5467
G1 X32.017 Y39.796 E49.56265
G1 X32.079 Y39.76 E49.56504
G0 F9000 X31.772 Y39.058
;TYPE:SKIN
G1 F600 X31.728 Y39.084 E49.56674
G1 X31.447 Y39.153 E49.57636
G1 X31.124 Y39.167 E49.58711
G1 X30.776 Y39.084 E49.59901
G1 X30.506 Y38.925 E49.60943
G1 X30.277 Y38.723 E49.61959
G1 X30.107 Y38.463 E49.62992
G1 X30.021 Y38.248 E49.63762
G1 X29.976 Y37.755 E49.65409
G1 X30.032 Y37.458 E49.66414
G1 X30.205 Y37.126 E49.67659
G1 X30.507 Y36.809 E49.69116
G1 X30.889 Y36.639 E49.70506
G1 X31.256 Y36.587 E49.71739
G1 X31.548 Y36.628 E49.7272
G1 X31.847 Y36.732 E49.73773
G1 X32.092 Y36.905 E49.7477
G1 X32.303 Y37.126 E49.75787
G1 X32.477 Y37.463 E49.77048
G1 X32.536 Y37.753 E49.78032
G1 X32.487 Y38.242 E49.79667
G1 X32.269 Y38.668 E49.81258
G1 X32.051 Y38.897 E49.8231
G1 X31.772 Y39.058 E49.83381
G0 F9000 X31.901 Y39.285
G0 X31.11 Y39.367
G0 X30.704 Y39.27
G0 X30.183 Y38.9
G0 X29.751 Y38.213
G0 X30.208 Y38.127
G1 F600 X31.016 Y38.935 E49.87182
G0 F9000 X31.564 Y38.918
G1 F600 X30.214 Y37.568 E49.93532
G0 F9000 X30.411 Y37.199
G1 F600 X31.938 Y38.726 E50.00715
G0 F9000 X32.204 Y38.427
G1 F600 X30.714 Y36.936 E50.07725
G0 F9000 X31.147 Y36.804
G1 F600 X32.334 Y37.991 E50.13309
G1 F2700 E45.13309
;MESH:slupek4.stl(1)
G0 F9000 X32.786 Y38.078
G0 X33.068 Y38.053
G0 X34.162 Y38.053
G0 X38.352 Y38.053
G0 X41.854 Y39.423
;TYPE:WALL-INNER
G1 F2700 E50.13309
G1 F600 X41.867 Y39.42 E50.13353
G1 X42.28 Y39.183 E50.14937
G1 X42.55 Y38.897 E50.16245
G1 X42.724 Y38.631 E50.17302
G1 X42.837 Y38.347 E50.18319
G1 X42.896 Y38.039 E50.19362
G1 X42.896 Y37.722 E50.20416
G1 X42.823 Y37.342 E50.21703
G1 X42.606 Y36.921 E50.23279
G1 X42.331 Y36.634 E50.24601
G1 X42.015 Y36.409 E50.25891
G1 X41.641 Y36.278 E50.27209
G1 X41.256 Y36.223 E50.28502
G1 X40.787 Y36.29 E50.30078
G1 X40.434 Y36.45 E50.31367
G1 X40.176 Y36.635 E50.32423
G1 X39.906 Y36.92 E50.33729
G1 X39.69 Y37.338 E50.35294
G1 X39.616 Y37.725 E50.36604
G1 X39.616 Y38.039 E50.37649
G1 X39.675 Y38.347 E50.38692
G1 X39.789 Y38.632 E50.39713
G1 X40.002 Y38.966 E50.4103
G1 X40.294 Y39.217 E50.42311
G1 X40.642 Y39.421 E50.43652
G1 X41.094 Y39.529 E50.45198
G1 X41.495 Y39.511 E50.46533
G1 X41.854 Y39.423 E50.47763
G0 F9000 X41.999 Y39.8
;TYPE:WALL-OUTER
G1 F600 X42.017 Y39.796 E50.47824
G1 X42.53 Y39.501 E50.49792
G1 X42.866 Y39.147 E50.51415
G1 X43.081 Y38.815 E50.52731
G1 X43.223 Y38.459 E50.54006
G1 X43.296 Y38.077 E50.55299
G1 X43.296 Y37.684 E50.56606
G1 X43.205 Y37.21 E50.58212
G1 X42.935 Y36.686 E50.60172
G1 X42.593 Y36.329 E50.61817
G1 X42.199 Y36.049 E50.63424
G1 X41.736 Y35.888 E50.65055
G1 X41.256 Y35.819 E50.66668
G1 X40.673 Y35.902 E50.68626
G1 X40.233 Y36.102 E50.70234
G1 X39.912 Y36.332 E50.71547
G1 X39.577 Y36.686 E50.73168
G1 X39.308 Y37.206 E50.75115
G1 X39.216 Y37.687 E50.76744
G1 X39.216 Y38.077 E50.78041
G1 X39.289 Y38.459 E50.79335
G1 X39.431 Y38.816 E50.80613
G1 X39.697 Y39.231 E50.82252
G1 X40.061 Y39.544 E50.83849
G1 X40.492 Y39.796 E50.8551
G1 X41.056 Y39.931 E50.87438
G1 X41.551 Y39.909 E50.89086
G1 X41.999 Y39.8 E50.9062
G0 F9000 X41.723 Y39.085
;TYPE:SKIN
G1 F600 X41.447 Y39.153 E50.91565
G1 X41.124 Y39.167 E50.92641
G1 X40.776 Y39.084 E50.93831
G1 X40.506 Y38.925 E50.94873
G1 X40.277 Y38.723 E50.95888
G1 X40.107 Y38.463 E50.96922
G1 X40.021 Y38.248 E50.97692
G1 X39.976 Y37.755 E50.99338
G1 X40.032 Y37.458 E51.00344
G1 X40.205 Y37.126 E51.01589
G1 X40.507 Y36.809 E51.03045
G1 X40.889 Y36.639 E51.04436
G1 X41.256 Y36.587 E51.05669
G1 X41.548 Y36.628 E51.06649
G1 X41.847 Y36.732 E51.07702
G1 X42.092 Y36.905 E51.087
G1 X42.303 Y37.126 E51.09716
G1 X42.477 Y37.463 E51.10977
G1 X42.536 Y37.753 E51.11962
G1 X42.487 Y38.242 E51.13596
G1 X42.269 Y38.668 E51.15188
G1 X42.051 Y38.897 E51.1624
G1 X41.728 Y39.084 E51.17481
G1 X41.723 Y39.085 E51.17498
G0 F9000 X41.783 Y39.338
G0 X41.11 Y39.367
G0 X40.704 Y39.27
G0 X40.125 Y38.859
G0 X39.958 Y38.543
G0 X39.716 Y37.926
G0 X40.189 Y37.926
G1 F600 X41.225 Y38.962 E51.22371
G0 F9000 X41.698 Y38.87
G1 F600 X40.267 Y37.438 E51.29104
G0 F9000 X40.5 Y37.105
G1 F600 X42.027 Y38.633 E51.36289
G0 F9000 X42.246 Y38.286
G1 F600 X40.84 Y36.88 E51.42902
G0 F9000 X41.324 Y36.799
G1 F600 X42.315 Y37.789 E51.47561
G1 F2700 E46.47561
;MESH:NONMESH
G0 F300 X42.315 Y37.789 Z2.8
G0 F9000 X42.796 Y37.789
G0 X42.58 Y38.556
G0 X42.179 Y39.055
G0 X41.806 Y39.27
G0 X41.11 Y39.367
G0 X40.704 Y39.27
G0 X40.235 Y38.937
G0 X39.446 Y38.053
G0 X38.352 Y38.053
G0 X33.889 Y39.123
G0 X31.918 Y39.391
;TIME_ELAPSED:159.156903
;LAYER:13
;note -- min layer time used
;TYPE:WALL-INNER
;MESH:slupek4.stl
G1 F2700 E51.47561
G1 F600 X32.28 Y39.183 E51.4895
G1 X32.55 Y38.897 E51.50258
G1 X32.724 Y38.631 E51.51315
G1 X32.837 Y38.347 E51.52332
G1 X32.896 Y38.039 E51.53375
G1 X32.896 Y37.722 E51.54429
G1 X32.823 Y37.342 E51.55716
G1 X32.606 Y36.921 E51.57292
G1 X32.331 Y36.634 E51.58614
G1 X32.015 Y36.409 E51.59904
G1 X31.641 Y36.278 E51.61222
G1 X31.256 Y36.223 E51.62516
G1 X30.787 Y36.29 E51.64091
G1 X30.434 Y36.45 E51.6538
G1 X30.176 Y36.635 E51.66436
G1 X29.906 Y36.92 E51.67742
G1 X29.69 Y37.338 E51.69307
G1 X29.616 Y37.725 E51.70617
G1 X29.616 Y38.039 E51.71662
G1 X29.675 Y38.347 E51.72705
G1 X29.789 Y38.632 E51.73726
G1 X30.002 Y38.966 E51.75043
G1 X30.294 Y39.217 E51.76324
G1 X30.642 Y39.421 E51.77666
G1 X31.094 Y39.529 E51.79211
G1 X31.495 Y39.511 E51.80546
G1 X31.867 Y39.42 E51.8182
G1 X31.918 Y39.391 E51.82015
G0 F9000 X32.079 Y39.76
;TYPE:WALL-OUTER
G1 F600 X32.53 Y39.501 E51.83745
G1 X32.866 Y39.147 E51.85368
G1 X33.081 Y38.815 E51.86684
G1 X33.223 Y38.459 E51.87959
G1 X33.296 Y38.077 E51.89252
G1 X33.296 Y37.684 E51.90559
G1 X33.205 Y37.21 E51.92165
G1 X32.935 Y36.686 E51.94125
G1 X32.593 Y36.329 E51.9577
G1 X32.199 Y36.049 E51.97377
G1 X31.736 Y35.888 E51.99008
G1 X31.256 Y35.819 E52.00621
G1 X30.673 Y35.902 E52.02579
G1 X30.233 Y36.102 E52.04187
G1 X29.912 Y36.332 E52.055
G1 X29.577 Y36.686 E52.07121
G1 X29.308 Y37.206 E52.09068
G1 X29.216 Y37.687 E52.10697
G1 X29.216 Y38.077 E52.11994
G1 X29.289 Y38.459 E52.13288
G1 X29.431 Y38.816 E52.14566
G1 X29.697 Y39.231 E52.16205
G1 X30.061 Y39.544 E52.17802
G1 X30.492 Y39.796 E52.19463
G1 X31.056 Y39.931 E52.21391
G1 X31.551 Y39.909 E52.23039
G1 X32.017 Y39.796 E52.24634
G1 X32.079 Y39.76 E52.24873
G0 F9000 X31.772 Y39.058
;TYPE:SKIN
G1 F600 X31.728 Y39.084 E52.25043
G1 X31.447 Y39.153 E52.26005
G1 X31.124 Y39.167 E52.2708
G1 X30.776 Y39.084 E52.2827
G1 X30.506 Y38.925 E52.29313
G1 X30.277 Y38.723 E52.30328
G1 X30.107 Y38.463 E52.31361
G1 X30.021 Y38.248 E52.32132
G1 X29.976 Y37.755 E52.33778
G1 X30.032 Y37.458 E52.34783
G1 X30.205 Y37.126 E52.36028
G1 X30.507 Y36.809 E52.37485
G1 X30.889 Y36.639 E52.38875
G1 X31.256 Y36.587 E52.40108
G1 X31.548 Y36.628 E52.41089
G1 X31.847 Y36.732 E52.42142
G1 X32.092 Y36.905 E52.43139
G1 X32.303 Y37.126 E52.44156
G1 X32.477 Y37.463 E52.45417
G1 X32.536 Y37.753 E52.46401
G1 X32.487 Y38.242 E52.48036
G1 X32.269 Y38.668 E52.49628
G1 X32.051 Y38.897 E52.50679
G1 X31.772 Y39.058 E52.51751
G0 F9000 X31.18 Y38.965
G1 F600 X32.318 Y37.827 E52.57103
G0 F9000 X32.205 Y37.374
G1 F600 X30.746 Y38.834 E52.63968
G0 F9000 X30.428 Y38.586
G1 F600 X31.959 Y37.055 E52.7117
G0 F9000 X31.594 Y36.854
G1 F600 X30.218 Y38.23 E52.77642
G0 F9000 X30.191 Y37.691
G1 F600 X31.067 Y36.815 E52.81763
G1 F2700 E47.81763
;MESH:slupek4.stl(1)
G0 F9000 X31.003 Y36.36
G0 X31.603 Y36.436
G0 X32.985 Y37.283
G0 X34.059 Y37.076
G0 X38.352 Y38.053
G0 X41.854 Y39.423
;TYPE:WALL-INNER
G1 F2700 E52.81763
G1 F600 X41.867 Y39.42 E52.81807
G1 X42.28 Y39.183 E52.83391
G1 X42.55 Y38.897 E52.84699
G1 X42.724 Y38.631 E52.85756
G1 X42.837 Y38.347 E52.86773
G1 X42.896 Y38.039 E52.87816
G1 X42.896 Y37.722 E52.8887
G1 X42.823 Y37.342 E52.90157
G1 X42.606 Y36.921 E52.91732
G1 X42.331 Y36.634 E52.93054
G1 X42.015 Y36.409 E52.94345
G1 X41.641 Y36.278 E52.95663
G1 X41.256 Y36.223 E52.96956
G1 X40.787 Y36.29 E52.98532
G1 X40.434 Y36.45 E52.99821
G1 X40.176 Y36.635 E53.00877
G1 X39.906 Y36.92 E53.02183
G1 X39.69 Y37.338 E53.03748
G1 X39.616 Y37.725 E53.05058
G1 X39.616 Y38.039 E53.06102
G1 X39.675 Y38.347 E53.07145
G1 X39.789 Y38.632 E53.08166
G1 X40.002 Y38.966 E53.09484
G1 X40.294 Y39.217 E53.10765
G1 X40.642 Y39.421 E53.12106
G1 X41.094 Y39.529 E53.13652
G1 X41.495 Y39.511 E53.14987
G1 X41.854 Y39.423 E53.16216
G0 F9000 X41.999 Y39.8
;TYPE:WALL-OUTER
G1 F600 X42.017 Y39.796 E53.16278
G1 X42.53 Y39.501 E53.18246
G1 X42.866 Y39.147 E53.19869
G1 X43.081 Y38.815 E53.21185
G1 X43.223 Y38.459 E53.2246
G1 X43.296 Y38.077 E53.23753
G1 X43.296 Y37.684 E53.2506
G1 X43.205 Y37.21 E53.26666
G1 X42.935 Y36.686 E53.28626
G1 X42.593 Y36.329 E53.30271
G1 X42.199 Y36.049 E53.31878
G1 X41.736 Y35.888 E53.33509
G1 X41.256 Y35.819 E53.35121
G1 X40.673 Y35.902 E53.3708
G1 X40.233 Y36.102 E53.38688
G1 X39.912 Y36.332 E53.40001
G1 X39.577 Y36.686 E53.41622
G1 X39.308 Y37.206 E53.43569
G1 X39.216 Y37.687 E53.45198
G1 X39.216 Y38.077 E53.46495
G1 X39.289 Y38.459 E53.47789
G1 X39.431 Y38.816 E53.49067
G1 X39.697 Y39.231 E53.50706
G1 X40.061 Y39.544 E53.52303
G1 X40.492 Y39.796 E53.53963
G1 X41.056 Y39.931 E53.55892
G1 X41.551 Y39.909 E53.5754
G1 X41.999 Y39.8 E53.59074
G0 F9000 X41.723 Y39.085
;TYPE:SKIN
G1 F600 X41.447 Y39.153 E53.60019
G1 X41.124 Y39.167 E53.61095
G1 X40.776 Y39.084 E53.62284
G1 X40.506 Y38.925 E53.63327
G1 X40.277 Y38.723 E53.64342
G1 X40.107 Y38.463 E53.65375
G1 X40.021 Y38.248 E53.66146
G1 X39.976 Y37.755 E53.67792
G1 X40.032 Y37.458 E53.68797
G1 X40.205 Y37.126 E53.70043
G1 X40.507 Y36.809 E53.71499
G1 X40.889 Y36.639 E53.72889
G1 X41.256 Y36.587 E53.74122
G1 X41.548 Y36.628 E53.75103
G1 X41.847 Y36.732 E53.76156
G1 X42.092 Y36.905 E53.77154
G1 X42.303 Y37.126 E53.7817
G1 X42.477 Y37.463 E53.79431
G1 X42.536 Y37.753 E53.80416
G1 X42.487 Y38.242 E53.8205
G1 X42.269 Y38.668 E53.83642
G1 X42.051 Y38.897 E53.84693
G1 X41.728 Y39.084 E53.85935
G1 X41.723 Y39.085 E53.85952
G0 F9000 X41.371 Y38.957
G1 F600 X42.332 Y37.996 E53.90472
G0 F9000 X42.267 Y37.494
G1 F600 X40.863 Y38.899 E53.97078
G0 F9000 X40.523 Y38.673
G1 F600 X42.047 Y37.149 E54.04247
G0 F9000 X41.728 Y36.902
G1 F600 X40.275 Y38.356 E54.11083
G0 F9000 X40.186 Y37.879
G1 F600 X41.273 Y36.791 E54.16199
G1 F2700 E49.16199
;MESH:NONMESH
G0 F300 X41.273 Y36.791 Z3
G0 F9000 X41.339 Y36.337
G0 X40.832 Y36.446
G0 X40.52 Y36.622
G0 X39.529 Y37.281
G0 X38.454 Y37.075
G0 X34.162 Y38.053
G0 X31.918 Y39.391
;TIME_ELAPSED:169.647346
;LAYER:14
;note -- min layer time used
;TYPE:WALL-INNER
;MESH:slupek4.stl
G1 F2700 E54.16199
G1 F600 X32.28 Y39.183 E54.17587
G1 X32.55 Y38.897 E54.18896
G1 X32.724 Y38.631 E54.19953
G1 X32.837 Y38.347 E54.20969
G1 X32.896 Y38.039 E54.22012
G1 X32.896 Y37.722 E54.23067
G1 X32.823 Y37.342 E54.24354
G1 X32.606 Y36.921 E54.25929
G1 X32.331 Y36.634 E54.27251
G1 X32.015 Y36.409 E54.28541
G1 X31.641 Y36.278 E54.29859
G1 X31.256 Y36.223 E54.31153
G1 X30.787 Y36.29 E54.32729
G1 X30.434 Y36.45 E54.34018
G1 X30.176 Y36.635 E54.35074
G1 X29.906 Y36.92 E54.36379
G1 X29.69 Y37.338 E54.37944
G1 X29.616 Y37.725 E54.39255
G1 X29.616 Y38.039 E54.40299
G1 X29.675 Y38.347 E54.41342
G1 X29.789 Y38.632 E54.42363
G1 X30.002 Y38.966 E54.43681
G1 X30.294 Y39.217 E54.44961
G1 X30.642 Y39.421 E54.46303
G1 X31.094 Y39.529 E54.47849
G1 X31.495 Y39.511 E54.49184
G1 X31.867 Y39.42 E54.50457
G1 X31.918 Y39.391 E54.50653
G0 F9000 X32.079 Y39.76
;TYPE:WALL-OUTER
G1 F600 X32.53 Y39.501 E54.52382
G1 X32.866 Y39.147 E54.54006
G1 X33.081 Y38.815 E54.55321
G1 X33.223 Y38.459 E54.56596
G1 X33.296 Y38.077 E54.5789
G1 X33.296 Y37.684 E54.59197
G1 X33.205 Y37.21 E54.60802
G1 X32.935 Y36.686 E54.62763
G1 X32.593 Y36.329 E54.64407
G1 X32.199 Y36.049 E54.66015
G1 X31.736 Y35.888 E54.67645
G1 X31.256 Y35.819 E54.69258
G1 X30.673 Y35.902 E54.71217
G1 X30.233 Y36.102 E54.72824
G1 X29.912 Y36.332 E54.74137
G1 X29.577 Y36.686 E54.75759
G1 X29.308 Y37.206 E54.77706
G1 X29.216 Y37.687 E54.79335
G1 X29.216 Y38.077 E54.80632
G1 X29.289 Y38.459 E54.81925
G1 X29.431 Y38.816 E54.83203
G1 X29.697 Y39.231 E54.84843
G1 X30.061 Y39.544 E54.86439
G1 X30.492 Y39.796 E54.881
G1 X31.056 Y39.931 E54.90029
G1 X31.551 Y39.909 E54.91677
G1 X32.017 Y39.796 E54.93272
G1 X32.079 Y39.76 E54.9351
G0 F9000 X31.772 Y39.058
;TYPE:SKIN
G1 F600 X31.728 Y39.084 E54.9368
G1 X31.447 Y39.153 E54.94642
G1 X31.124 Y39.167 E54.95718
G1 X30.776 Y39.084 E54.96908
G1 X30.506 Y38.925 E54.9795
G1 X30.277 Y38.723 E54.98965
G1 X30.107 Y38.463 E54.99999
G1 X30.021 Y38.248 E55.00769
G1 X29.976 Y37.755 E55.02415
G1 X30.032 Y37.458 E55.03421
G1 X30.205 Y37.126 E55.04666
G1 X30.507 Y36.809 E55.06122
G1 X30.889 Y36.639 E55.07513
G1 X31.256 Y36.587 E55.08745
G1 X31.548 Y36.628 E55.09726
G1 X31.847 Y36.732 E55.10779
G1 X32.092 Y36.905 E55.11777
G1 X32.303 Y37.126 E55.12793
G1 X32.477 Y37.463 E55.14054
G1 X32.536 Y37.753 E55.15039
G1 X32.487 Y38.242 E55.16673
G1 X32.269 Y38.668 E55.18265
G1 X32.051 Y38.897 E55.19316
G1 X31.772 Y39.058 E55.20388
G0 F9000 X31.901 Y39.285
G0 X31.11 Y39.367
G0 X30.704 Y39.27
G0 X30.183 Y38.9
G0 X29.751 Y38.213
G0 X30.208 Y38.127
G1 F600 X31.016 Y38.935 E55.24188
G0 F9000 X31.564 Y38.918
G1 F600 X30.214 Y37.568 E55.30538
G0 F9000 X30.411 Y37.199
G1 F600 X31.938 Y38.726 E55.37721
G0 F9000 X32.204 Y38.427
G1 F600 X30.714 Y36.936 E55.44732
G0 F9000 X31.147 Y36.804
G1 F600 X32.334 Y37.991 E55.50315
G1 F2700 E50.50315
;MESH:slupek4.stl(1)
G0 F9000 X32.786 Y38.078
G0 X33.068 Y38.053
G0 X34.162 Y38.053
G0 X38.352 Y38.053
G0 X41.854 Y39.423
;TYPE:WALL-INNER
G1 F2700 E55.50315
G1 F600 X41.867 Y39.42 E55.50359
G1 X42.28 Y39.183 E55.51943
G1 X42.55 Y38.897 E55.53251
G1 X42.724 Y38.631 E55.54309
G1 X42.837 Y38.347 E55.55325
G1 X42.896 Y38.039 E55.56368
G1 X42.896 Y37.722 E55.57423
G1 X42.823 Y37.342 E55.5871
G1 X42.606 Y36.921 E55.60285
G1 X42.331 Y36.634 E55.61607
G1 X42.015 Y36.409 E55.62897
G1 X41.641 Y36.278 E55.64215
G1 X41.256 Y36.223 E55.65509
G1 X40.787 Y36.29 E55.67084
G1 X40.434 Y36.45 E55.68373
G1 X40.176 Y36.635 E55.69429
G1 X39.906 Y36.92 E55.70735
G1 X39.69 Y37.338 E55.723
G1 X39.616 Y37.725 E55.73611
G1 X39.616 Y38.039 E55.74655
G1 X39.675 Y38.347 E55.75698
G1 X39.789 Y38.632 E55.76719
G1 X40.002 Y38.966 E55.78036
G1 X40.294 Y39.217 E55.79317
G1 X40.642 Y39.421 E55.80659
G1 X41.094 Y39.529 E55.82205
G1 X41.495 Y39.511 E55.8354
G1 X41.854 Y39.423 E55.84769
G0 F9000 X41.999 Y39.8
;TYPE:WALL-OUTER
G1 F600 X42.017 Y39.796 E55.8483
G1 X42.53 Y39.501 E55.86799
G1 X42.866 Y39.147 E55.88422
G1 X43.081 Y38.815 E55.89737
G1 X43.223 Y38.459 E55.91012
G1 X43.296 Y38.077 E55.92306
G1 X43.296 Y37.684 E55.93613
G1 X43.205 Y37.21 E55.95218
G1 X42.935 Y36.686 E55.97179
G1 X42.593 Y36.329 E55.98823
G1 X42.199 Y36.049 E56.00431
G1 X41.736 Y35.888 E56.02061
G1 X41.256 Y35.819 E56.03674
G1 X40.673 Y35.902 E56.05633
G1 X40.233 Y36.102 E56.0724
G1 X39.912 Y36.332 E56.08554
G1 X39.577 Y36.686 E56.10175
G1 X39.308 Y37.206 E56.12122
G1 X39.216 Y37.687 E56.13751
G1 X39.216 Y38.077 E56.15048
G1 X39.289 Y38.459 E56.16341
G1 X39.431 Y38.816 E56.17619
G1 X39.697 Y39.231 E56.19259
G1 X40.061 Y39.544 E56.20855
G1 X40.492 Y39.796 E56.22516
G1 X41.056 Y39.931 E56.24445
G1 X41.551 Y39.909 E56.26093
G1 X41.999 Y39.8 E56.27626
G0 F9000 X41.723 Y39.085
;TYPE:SKIN
G1 F600 X41.447 Y39.153 E56.28572
G1 X41.124 Y39.167 E56.29647
G1 X40.776 Y39.084 E56.30837
G1 X40.506 Y38.925 E56.31879
G1 X40.277 Y38.723 E56.32895
G1 X40.107 Y38.463 E56.33928
G1 X40.021 Y38.248 E56.34698
G1 X39.976 Y37.755 E56.36345
G1 X40.032 Y37.458 E56.3735
G1 X40.205 Y37.126 E56.38595
G1 X40.507 Y36.809 E56.40051
G1 X40.889 Y36.639 E56.41442
G1 X41.256 Y36.587 E56.42675
G1 X41.548 Y36.628 E56.43656
G1 X41.847 Y36.732 E56.44709
G1 X42.092 Y36.905 E56.45706
G1 X42.303 Y37.126 E56.46722
G1 X42.477 Y37.463 E56.47984
G1 X42.536 Y37.753 E56.48968
G1 X42.487 Y38.242 E56.50603
G1 X42.269 Y38.668 E56.52194
G1 X42.051 Y38.897 E56.53246
G1 X41.728 Y39.084 E56.54487
G1 X41.723 Y39.085 E56.54504
G0 F9000 X41.783 Y39.338
G0 X41.11 Y39.367
G0 X40.704 Y39.27
G0 X40.125 Y38.859
G0 X39.958 Y38.543
G0 X39.716 Y37.926
G0 X40.189 Y37.926
G1 F600 X41.225 Y38.962 E56.59377
G0 F9000 X41.698 Y38.87
G1 F600 X40.267 Y37.438 E56.66111
G0 F9000 X40.5 Y37.105
G1 F600 X42.027 Y38.633 E56.73295
G0 F9000 X42.246 Y38.286
G1 F600 X40.84 Y36.88 E56.79909
G0 F9000 X41.324 Y36.799
G1 F600 X42.315 Y37.789 E56.84568
G1 F2700 E51.84568
;MESH:NONMESH
G0 F300 X42.315 Y37.789 Z3.2
G0 F9000 X42.796 Y37.789
G0 X42.58 Y38.556
G0 X42.179 Y39.055
G0 X41.806 Y39.27
G0 X41.11 Y39.367
G0 X40.704 Y39.27
G0 X40.235 Y38.937
G0 X39.446 Y38.053
G0 X38.352 Y38.053
G0 X33.889 Y39.123
G0 X31.918 Y39.391
;TIME_ELAPSED:180.403068
;LAYER:15
;note -- min layer time used
;TYPE:WALL-INNER
;MESH:slupek4.stl
G1 F2700 E56.84568
G1 F600 X32.28 Y39.183 E56.85957
G1 X32.55 Y38.897 E56.87265
G1 X32.724 Y38.631 E56.88322
G1 X32.837 Y38.347 E56.89338
G1 X32.896 Y38.039 E56.90382
G1 X32.896 Y37.722 E56.91436
G1 X32.823 Y37.342 E56.92723
G1 X32.606 Y36.921 E56.94298
G1 X32.331 Y36.634 E56.9562
G1 X32.015 Y36.409 E56.9691
G1 X31.641 Y36.278 E56.98228
G1 X31.256 Y36.223 E56.99522
G1 X30.787 Y36.29 E57.01098
G1 X30.434 Y36.45 E57.02387
G1 X30.176 Y36.635 E57.03443
G1 X29.906 Y36.92 E57.04748
G1 X29.69 Y37.338 E57.06313
G1 X29.616 Y37.725 E57.07624
G1 X29.616 Y38.039 E57.08668
G1 X29.675 Y38.347 E57.09711
G1 X29.789 Y38.632 E57.10732
G1 X30.002 Y38.966 E57.1205
G1 X30.294 Y39.217 E57.1333
G1 X30.642 Y39.421 E57.14672
G1 X31.094 Y39.529 E57.16218
G1 X31.495 Y39.511 E57.17553
G1 X31.867 Y39.42 E57.18827
G1 X31.918 Y39.391 E57.19022
G0 F9000 X32.079 Y39.76
;TYPE:WALL-OUTER
G1 F600 X32.53 Y39.501 E57.20752
G1 X32.866 Y39.147 E57.22375
G1 X33.081 Y38.815 E57.2369
G1 X33.223 Y38.459 E57.24965
G1 X33.296 Y38.077 E57.26259
G1 X33.296 Y37.684 E57.27566
G1 X33.205 Y37.21 E57.29171
G1 X32.935 Y36.686 E57.31132
G1 X32.593 Y36.329 E57.32776
G1 X32.199 Y36.049 E57.34384
G1 X31.736 Y35.888 E57.36014
G1 X31.256 Y35.819 E57.37627
G1 X30.673 Y35.902 E57.39586
G1 X30.233 Y36.102 E57.41193
G1 X29.912 Y36.332 E57.42507
G1 X29.577 Y36.686 E57.44128
G1 X29.308 Y37.206 E57.46075
G1 X29.216 Y37.687 E57.47704
G1 X29.216 Y38.077 E57.49001
G1 X29.289 Y38.459 E57.50294
G1 X29.431 Y38.816 E57.51572
G1 X29.697 Y39.231 E57.53212
G1 X30.061 Y39.544 E57.54808
G1 X30.492 Y39.796 E57.56469
G1 X31.056 Y39.931 E57.58398
G1 X31.551 Y39.909 E57.60046
G1 X32.017 Y39.796 E57.61641
G1 X32.079 Y39.76 E57.61879
G0 F9000 X31.772 Y39.058
;TYPE:SKIN
G1 F600 X31.728 Y39.084 E57.62049
G1 X31.447 Y39.153 E57.63012
G1 X31.124 Y39.167 E57.64087
G1 X30.776 Y39.084 E57.65277
G1 X30.506 Y38.925 E57.66319
G1 X30.277 Y38.723 E57.67335
G1 X30.107 Y38.463 E57.68368
G1 X30.021 Y38.248 E57.69138
G1 X29.976 Y37.755 E57.70784
G1 X30.032 Y37.458 E57.7179
G1 X30.205 Y37.126 E57.73035
G1 X30.507 Y36.809 E57.74491
G1 X30.889 Y36.639 E57.75882
G1 X31.256 Y36.587 E57.77115
G1 X31.548 Y36.628 E57.78095
G1 X31.847 Y36.732 E57.79148
G1 X32.092 Y36.905 E57.80146
G1 X32.303 Y37.126 E57.81162
G1 X32.477 Y37.463 E57.82424
G1 X32.536 Y37.753 E57.83408
G1 X32.487 Y38.242 E57.85042
G1 X32.269 Y38.668 E57.86634
G1 X32.051 Y38.897 E57.87686
G1 X31.772 Y39.058 E57.88757
G0 F9000 X31.18 Y38.965
G1 F600 X32.318 Y37.827 E57.9411
G0 F9000 X32.205 Y37.374
G1 F600 X30.746 Y38.834 E58.00975
G0 F9000 X30.428 Y38.586
G1 F600 X31.959 Y37.055 E58.08176
G0 F9000 X31.594 Y36.854
G1 F600 X30.218 Y38.23 E58.14648
G0 F9000 X30.191 Y37.691
G1 F600 X31.067 Y36.815 E58.18769
G1 F2700 E53.18769
;MESH:slupek4.stl(1)
G0 F9000 X31.003 Y36.36
G0 X31.603 Y36.436
G0 X32.985 Y37.283
G0 X34.059 Y37.076
G0 X38.352 Y38.053
G0 X41.854 Y39.423
;TYPE:WALL-INNER
G1 F2700 E58.18769
G1 F600 X41.867 Y39.42 E58.18813
G1 X42.28 Y39.183 E58.20397
G1 X42.55 Y38.897 E58.21705
G1 X42.724 Y38.631 E58.22762
G1 X42.837 Y38.347 E58.23779
G1 X42.896 Y38.039 E58.24822
G1 X42.896 Y37.722 E58.25876
G1 X42.823 Y37.342 E58.27163
G1 X42.606 Y36.921 E58.28739
G1 X42.331 Y36.634 E58.30061
G1 X42.015 Y36.409 E58.31351
G1 X41.641 Y36.278 E58.32669
G1 X41.256 Y36.223 E58.33963
G1 X40.787 Y36.29 E58.35538
G1 X40.434 Y36.45 E58.36827
G1 X40.176 Y36.635 E58.37883
G1 X39.906 Y36.92 E58.39189
G1 X39.69 Y37.338 E58.40754
G1 X39.616 Y37.725 E58.42064
G1 X39.616 Y38.039 E58.43109
G1 X39.675 Y38.347 E58.44152
G1 X39.789 Y38.632 E58.45173
G1 X40.002 Y38.966 E58.4649
G1 X40.294 Y39.217 E58.47771
G1 X40.642 Y39.421 E58.49113
G1 X41.094 Y39.529 E58.50658
G1 X41.495 Y39.511 E58.51993
G1 X41.854 Y39.423 E58.53223
G0 F9000 X41.999 Y39.8
;TYPE:WALL-OUTER
G1 F600 X42.017 Y39.796 E58.53284
G1 X42.53 Y39.501 E58.55252
G1 X42.866 Y39.147 E58.56876
G1 X43.081 Y38.815 E58.58191
G1 X43.223 Y38.459 E58.59466
G1 X43.296 Y38.077 E58.6076
G1 X43.296 Y37.684 E58.62067
G1 X43.205 Y37.21 E58.63672
G1 X42.935 Y36.686 E58.65633
G1 X42.593 Y36.329 E58.67277
G1 X42.199 Y36.049 E58.68885
G1 X41.736 Y35.888 E58.70515
G1 X41.256 Y35.819 E58.72128
G1 X40.673 Y35.902 E58.74086
G1 X40.233 Y36.102 E58.75694
G1 X39.912 Y36.332 E58.77007
G1 X39.577 Y36.686 E58.78628
G1 X39.308 Y37.206 E58.80576
G1 X39.216 Y37.687 E58.82205
G1 X39.216 Y38.077 E58.83502
G1 X39.289 Y38.459 E58.84795
G1 X39.431 Y38.816 E58.86073
G1 X39.697 Y39.231 E58.87713
G1 X40.061 Y39.544 E58.89309
G1 X40.492 Y39.796 E58.9097
G1 X41.056 Y39.931 E58.92899
G1 X41.551 Y39.909 E58.94547
G1 X41.999 Y39.8 E58.9608
G0 F9000 X41.723 Y39.085
;TYPE:SKIN
G1 F600 X41.447 Y39.153 E58.97026
G1 X41.124 Y39.167 E58.98101
G1 X40.776 Y39.084 E58.99291
G1 X40.506 Y38.925 E59.00333
G1 X40.277 Y38.723 E59.01349
G1 X40.107 Y38.463 E59.02382
G1 X40.021 Y38.248 E59.03152
G1 X39.976 Y37.755 E59.04799
G1 X40.032 Y37.458 E59.05804
G1 X40.205 Y37.126 E59.07049
G1 X40.507 Y36.809 E59.08505
G1 X40.889 Y36.639 E59.09896
G1 X41.256 Y36.587 E59.11129
G1 X41.548 Y36.628 E59.12109
G1 X41.847 Y36.732 E59.13162
G1 X42.092 Y36.905 E59.1416
G1 X42.303 Y37.126 E59.15176
G1 X42.477 Y37.463 E59.16438
G1 X42.536 Y37.753 E59.17422
G1 X42.487 Y38.242 E59.19056
G1 X42.269 Y38.668 E59.20648
G1 X42.051 Y38.897 E59.217
G1 X41.728 Y39.084 E59.22941
G1 X41.723 Y39.085 E59.22958
G0 F9000 X41.371 Y38.957
G1 F600 X42.332 Y37.996 E59.27478
G0 F9000 X42.267 Y37.494
G1 F600 X40.863 Y38.899 E59.34085
G0 F9000 X40.523 Y38.673
G1 F600 X42.047 Y37.149 E59.41253
G0 F9000 X41.728 Y36.902
G1 F600 X40.275 Y38.356 E59.4809
G0 F9000 X40.186 Y37.879
G1 F600 X41.273 Y36.791 E59.53205
G1 F2700 E54.53205
;MESH:NONMESH
G0 F300 X41.273 Y36.791 Z3.4
G0 F9000 X41.339 Y36.337
G0 X40.832 Y36.446
G0 X40.52 Y36.622
G0 X39.529 Y37.281
G0 X38.454 Y37.075
G0 X34.162 Y38.053
G0 X31.918 Y39.391
;TIME_ELAPSED:190.893511
;LAYER:16
;note -- min layer time used
;TYPE:WALL-INNER
;MESH:slupek4.stl
G1 F2700 E59.53205
G1 F600 X32.28 Y39.183 E59.54594
G1 X32.55 Y38.897 E59.55902
G1 X32.724 Y38.631 E59.56959
G1 X32.837 Y38.347 E59.57976
G1 X32.896 Y38.039 E59.59019
G1 X32.896 Y37.722 E59.60073
G1 X32.823 Y37.342 E59.6136
G1 X32.606 Y36.921 E59.62935
G1 X32.331 Y36.634 E59.64257
G1 X32.015 Y36.409 E59.65548
G1 X31.641 Y36.278 E59.66866
G1 X31.256 Y36.223 E59.68159
G1 X30.787 Y36.29 E59.69735
G1 X30.434 Y36.45 E59.71024
G1 X30.176 Y36.635 E59.7208
G1 X29.906 Y36.92 E59.73386
G1 X29.69 Y37.338 E59.74951
G1 X29.616 Y37.725 E59.76261
G1 X29.616 Y38.039 E59.77305
G1 X29.675 Y38.347 E59.78349
G1 X29.789 Y38.632 E59.79369
G1 X30.002 Y38.966 E59.80687
G1 X30.294 Y39.217 E59.81968
G1 X30.642 Y39.421 E59.83309
G1 X31.094 Y39.529 E59.84855
G1 X31.495 Y39.511 E59.8619
G1 X31.867 Y39.42 E59.87464
G1 X31.918 Y39.391 E59.87659
G0 F9000 X32.079 Y39.76
;TYPE:WALL-OUTER
G1 F600 X32.53 Y39.501 E59.89389
G1 X32.866 Y39.147 E59.91012
G1 X33.081 Y38.815 E59.92328
G1 X33.223 Y38.459 E59.93602
G1 X33.296 Y38.077 E59.94896
G1 X33.296 Y37.684 E59.96203
G1 X33.205 Y37.21 E59.97808
G1 X32.935 Y36.686 E59.99769
G1 X32.593 Y36.329 E60.01413
G1 X32.199 Y36.049 E60.03021
G1 X31.736 Y35.888 E60.04651
G1 X31.256 Y35.819 E60.06264
G1 X30.673 Y35.902 E60.08223
G1 X30.233 Y36.102 E60.0983
G1 X29.912 Y36.332 E60.11144
G1 X29.577 Y36.686 E60.12765
G1 X29.308 Y37.206 E60.14712
G1 X29.216 Y37.687 E60.16341
G1 X29.216 Y38.077 E60.17638
G1 X29.289 Y38.459 E60.18932
G1 X29.431 Y38.816 E60.20209
G1 X29.697 Y39.231 E60.21849
G1 X30.061 Y39.544 E60.23446
G1 X30.492 Y39.796 E60.25106
G1 X31.056 Y39.931 E60.27035
G1 X31.551 Y39.909 E60.28683
G1 X32.017 Y39.796 E60.30278
G1 X32.079 Y39.76 E60.30516
G0 F9000 X31.772 Y39.058
;TYPE:SKIN
G1 F600 X31.728 Y39.084 E60.30686
G1 X31.447 Y39.153 E60.31649
G1 X31.124 Y39.167 E60.32724
G1 X30.776 Y39.084 E60.33914
G1 X30.506 Y38.925 E60.34956
G1 X30.277 Y38.723 E60.35972
G1 X30.107 Y38.463 E60.37005
G1 X30.021 Y38.248 E60.37775
G1 X29.976 Y37.755 E60.39422
G1 X30.032 Y37.458 E60.40427
G1 X30.205 Y37.126 E60.41672
G1 X30.507 Y36.809 E60.43128
G1 X30.889 Y36.639 E60.44519
G1 X31.256 Y36.587 E60.45752
G1 X31.548 Y36.628 E60.46733
G1 X31.847 Y36.732 E60.47785
G1 X32.092 Y36.905 E60.48783
G1 X32.303 Y37.126 E60.49799
G1 X32.477 Y37.463 E60.51061
G1 X32.536 Y37.753 E60.52045
G1 X32.487 Y38.242 E60.5368
G1 X32.269 Y38.668 E60.55271
G1 X32.051 Y38.897 E60.56323
G1 X31.772 Y39.058 E60.57394
G0 F9000 X31.901 Y39.285
G0 X31.11 Y39.367
G0 X30.704 Y39.27
G0 X30.183 Y38.9
G0 X29.751 Y38.213
G0 X30.208 Y38.127
G1 F600 X31.016 Y38.935 E60.61195
G0 F9000 X31.564 Y38.918
G1 F600 X30.214 Y37.568 E60.67545
G0 F9000 X30.411 Y37.199
G1 F600 X31.938 Y38.726 E60.74727
G0 F9000 X32.204 Y38.427
G1 F600 X30.714 Y36.936 E60.81738
G0 F9000 X31.147 Y36.804
G1 F600 X32.334 Y37.991 E60.87321
G1 F2700 E55.87321
;MESH:slupek4.stl(1)
G0 F9000 X32.786 Y38.078
G0 X33.068 Y38.053
G0 X34.162 Y38.053
G0 X38.352 Y38.053
G0 X41.854 Y39.423
;TYPE:WALL-INNER
G1 F2700 E60.87321
G1 F600 X41.867 Y39.42 E60.87366
G1 X42.28 Y39.183 E60.8895
G1 X42.55 Y38.897 E60.90258
G1 X42.724 Y38.631 E60.91315
G1 X42.837 Y38.347 E60.92332
G1 X42.896 Y38.039 E60.93375
G1 X42.896 Y37.722 E60.94429
G1 X42.823 Y37.342 E60.95716
G1 X42.606 Y36.921 E60.97291
G1 X42.331 Y36.634 E60.98613
G1 X42.015 Y36.409 E60.99904
G1 X41.641 Y36.278 E61.01222
G1 X41.256 Y36.223 E61.02515
G1 X40.787 Y36.29 E61.04091
G1 X40.434 Y36.45 E61.0538
G1 X40.176 Y36.635 E61.06436
G1 X39.906 Y36.92 E61.07742
G1 X39.69 Y37.338 E61.09306
G1 X39.616 Y37.725 E61.10617
G1 X39.616 Y38.039 E61.11661
G1 X39.675 Y38.347 E61.12704
G1 X39.789 Y38.632 E61.13725
G1 X40.002 Y38.966 E61.15043
G1 X40.294 Y39.217 E61.16324
G1 X40.642 Y39.421 E61.17665
G1 X41.094 Y39.529 E61.19211
G1 X41.495 Y39.511 E61.20546
G1 X41.854 Y39.423 E61.21775
G0 F9000 X41.999 Y39.8
;TYPE:WALL-OUTER
G1 F600 X42.017 Y39.796 E61.21837
G1 X42.53 Y39.501 E61.23805
G1 X42.866 Y39.147 E61.25428
G1 X43.081 Y38.815 E61.26744
G1 X43.223 Y38.459 E61.28019
G1 X43.296 Y38.077 E61.29312
G1 X43.296 Y37.684 E61.30619
G1 X43.205 Y37.21 E61.32225
G1 X42.935 Y36.686 E61.34185
G1 X42.593 Y36.329 E61.35829
G1 X42.199 Y36.049 E61.37437
G1 X41.736 Y35.888 E61.39068
G1 X41.256 Y35.819 E61.4068
G1 X40.673 Y35.902 E61.42639
G1 X40.233 Y36.102 E61.44247
G1 X39.912 Y36.332 E61.4556
G1 X39.577 Y36.686 E61.47181
G1 X39.308 Y37.206 E61.49128
G1 X39.216 Y37.687 E61.50757
G1 X39.216 Y38.077 E61.52054
G1 X39.289 Y38.459 E61.53348
G1 X39.431 Y38.816 E61.54626
G1 X39.697 Y39.231 E61.56265
G1 X40.061 Y39.544 E61.57862
G1 X40.492 Y39.796 E61.59522
G1 X41.056 Y39.931 E61.61451
G1 X41.551 Y39.909 E61.63099
G1 X41.999 Y39.8 E61.64633
G0 F9000 X41.723 Y39.085
;TYPE:SKIN
G1 F600 X41.447 Y39.153 E61.65578
G1 X41.124 Y39.167 E61.66654
G1 X40.776 Y39.084 E61.67843
G1 X40.506 Y38.925 E61.68886
G1 X40.277 Y38.723 E61.69901
G1 X40.107 Y38.463 E61.70934
G1 X40.021 Y38.248 E61.71705
G1 X39.976 Y37.755 E61.73351
G1 X40.032 Y37.458 E61.74356
G1 X40.205 Y37.126 E61.75602
G1 X40.507 Y36.809 E61.77058
G1 X40.889 Y36.639 E61.78448
G1 X41.256 Y36.587 E61.79681
G1 X41.548 Y36.628 E61.80662
G1 X41.847 Y36.732 E61.81715
G1 X42.092 Y36.905 E61.82712
G1 X42.303 Y37.126 E61.83729
G1 X42.477 Y37.463 E61.8499
G1 X42.536 Y37.753 E61.85975
G1 X42.487 Y38.242 E61.87609
G1 X42.269 Y38.668 E61.89201
G1 X42.051 Y38.897 E61.90252
G1 X41.728 Y39.084 E61.91494
G1 X41.723 Y39.085 E61.91511
G0 F9000 X41.783 Y39.338
G0 X41.11 Y39.367
G0 X40.704 Y39.27
G0 X40.125 Y38.859
G0 X39.958 Y38.543
G0 X39.716 Y37.926
G0 X40.189 Y37.926
G1 F600 X41.225 Y38.962 E61.96384
G0 F9000 X41.698 Y38.87
G1 F600 X40.267 Y37.438 E62.03117
G0 F9000 X40.5 Y37.105
G1 F600 X42.027 Y38.633 E62.10302
G0 F9000 X42.246 Y38.286
G1 F600 X40.84 Y36.88 E62.16915
G0 F9000 X41.324 Y36.799
G1 F600 X42.315 Y37.789 E62.21574
G1 F2700 E57.21574
;MESH:NONMESH
G0 F300 X42.315 Y37.789 Z3.6
G0 F9000 X42.796 Y37.789
G0 X42.58 Y38.556
G0 X42.179 Y39.055
G0 X41.806 Y39.27
G0 X41.11 Y39.367
G0 X40.704 Y39.27
G0 X40.235 Y38.937
G0 X39.446 Y38.053
G0 X38.352 Y38.053
G0 X33.889 Y39.123
G0 X31.918 Y39.391
;TIME_ELAPSED:201.649233
;LAYER:17
;note -- min layer time used
;TYPE:WALL-INNER
;MESH:slupek4.stl
G1 F2700 E62.21574
G1 F600 X32.28 Y39.183 E62.22963
G1 X32.55 Y38.897 E62.24271
G1 X32.724 Y38.631 E62.25328
G1 X32.837 Y38.347 E62.26345
G1 X32.896 Y38.039 E62.27388
G1 X32.896 Y37.722 E62.28442
G1 X32.823 Y37.342 E62.29729
G1 X32.606 Y36.921 E62.31305
G1 X32.331 Y36.634 E62.32627
G1 X32.015 Y36.409 E62.33917
G1 X31.641 Y36.278 E62.35235
G1 X31.256 Y36.223 E62.36528
G1 X30.787 Y36.29 E62.38104
G1 X30.434 Y36.45 E62.39393
G1 X30.176 Y36.635 E62.40449
G1 X29.906 Y36.92 E62.41755
G1 X29.69 Y37.338 E62.4332
G1 X29.616 Y37.725 E62.4463
G1 X29.616 Y38.039 E62.45675
G1 X29.675 Y38.347 E62.46718
G1 X29.789 Y38.632 E62.47739
G1 X30.002 Y38.966 E62.49056
G1 X30.294 Y39.217 E62.50337
G1 X30.642 Y39.421 E62.51678
G1 X31.094 Y39.529 E62.53224
G1 X31.495 Y39.511 E62.54559
G1 X31.867 Y39.42 E62.55833
G1 X31.918 Y39.391 E62.56028
G0 F9000 X32.079 Y39.76
;TYPE:WALL-OUTER
G1 F600 X32.53 Y39.501 E62.57758
G1 X32.866 Y39.147 E62.59381
G1 X33.081 Y38.815 E62.60697
G1 X33.223 Y38.459 E62.61972
G1 X33.296 Y38.077 E62.63265
G1 X33.296 Y37.684 E62.64572
G1 X33.205 Y37.21 E62.66178
G1 X32.935 Y36.686 E62.68138
G1 X32.593 Y36.329 E62.69782
G1 X32.199 Y36.049 E62.7139
G1 X31.736 Y35.888 E62.73021
G1 X31.256 Y35.819 E62.74633
G1 X30.673 Y35.902 E62.76592
G1 X30.233 Y36.102 E62.782
G1 X29.912 Y36.332 E62.79513
G1 X29.577 Y36.686 E62.81134
G1 X29.308 Y37.206 E62.83081
G1 X29.216 Y37.687 E62.8471
G1 X29.216 Y38.077 E62.86007
G1 X29.289 Y38.459 E62.87301
G1 X29.431 Y38.816 E62.88579
G1 X29.697 Y39.231 E62.90218
G1 X30.061 Y39.544 E62.91815
G1 X30.492 Y39.796 E62.93475
G1 X31.056 Y39.931 E62.95404
G1 X31.551 Y39.909 E62.97052
G1 X32.017 Y39.796 E62.98647
G1 X32.079 Y39.76 E62.98886
G0 F9000 X31.772 Y39.058
;TYPE:SKIN
G1 F600 X31.728 Y39.084 E62.99056
G1 X31.447 Y39.153 E63.00018
G1 X31.124 Y39.167 E63.01093
G1 X30.776 Y39.084 E63.02283
G1 X30.506 Y38.925 E63.03325
G1 X30.277 Y38.723 E63.04341
G1 X30.107 Y38.463 E63.05374
G1 X30.021 Y38.248 E63.06144
G1 X29.976 Y37.755 E63.07791
G1 X30.032 Y37.458 E63.08796
G1 X30.205 Y37.126 E63.10041
G1 X30.507 Y36.809 E63.11497
G1 X30.889 Y36.639 E63.12888
G1 X31.256 Y36.587 E63.14121
G1 X31.548 Y36.628 E63.15102
G1 X31.847 Y36.732 E63.16155
G1 X32.092 Y36.905 E63.17152
G1 X32.303 Y37.126 E63.18168
G1 X32.477 Y37.463 E63.1943
G1 X32.536 Y37.753 E63.20414
G1 X32.487 Y38.242 E63.22049
G1 X32.269 Y38.668 E63.2364
G1 X32.051 Y38.897 E63.24692
G1 X31.772 Y39.058 E63.25763
G0 F9000 X31.18 Y38.965
G1 F600 X32.318 Y37.827 E63.31116
G0 F9000 X32.205 Y37.374
G1 F600 X30.746 Y38.834 E63.37981
G0 F9000 X30.428 Y38.586
G1 F600 X31.959 Y37.055 E63.45183
G0 F9000 X31.594 Y36.854
G1 F600 X30.218 Y38.23 E63.51655
G0 F9000 X30.191 Y37.691
G1 F600 X31.067 Y36.815 E63.55775
G1 F2700 E58.55775
;MESH:slupek4.stl(1)
G0 F9000 X31.003 Y36.36
G0 X31.603 Y36.436
G0 X32.985 Y37.283
G0 X34.059 Y37.076
G0 X38.352 Y38.053
G0 X41.854 Y39.423
;TYPE:WALL-INNER
G1 F2700 E63.55775
G1 F600 X41.867 Y39.42 E63.5582
G1 X42.28 Y39.183 E63.57403
G1 X42.55 Y38.897 E63.58712
G1 X42.724 Y38.631 E63.59769
G1 X42.837 Y38.347 E63.60785
G1 X42.896 Y38.039 E63.61828
G1 X42.896 Y37.722 E63.62883
G1 X42.823 Y37.342 E63.6417
G1 X42.606 Y36.921 E63.65745
G1 X42.331 Y36.634 E63.67067
G1 X42.015 Y36.409 E63.68357
G1 X41.641 Y36.278 E63.69675
G1 X41.256 Y36.223 E63.70969
G1 X40.787 Y36.29 E63.72545
G1 X40.434 Y36.45 E63.73834
G1 X40.176 Y36.635 E63.7489
G1 X39.906 Y36.92 E63.76195
G1 X39.69 Y37.338 E63.7776
G1 X39.616 Y37.725 E63.79071
G1 X39.616 Y38.039 E63.80115
G1 X39.675 Y38.347 E63.81158
G1 X39.789 Y38.632 E63.82179
G1 X40.002 Y38.966 E63.83497
G1 X40.294 Y39.217 E63.84777
G1 X40.642 Y39.421 E63.86119
G1 X41.094 Y39.529 E63.87665
G1 X41.495 Y39.511 E63.89
G1 X41.854 Y39.423 E63.90229
G0 F9000 X41.999 Y39.8
;TYPE:WALL-OUTER
G1 F600 X42.017 Y39.796 E63.9029
G1 X42.53 Y39.501 E63.92259
G1 X42.866 Y39.147 E63.93882
G1 X43.081 Y38.815 E63.95198
G1 X43.223 Y38.459 E63.96472
G1 X43.296 Y38.077 E63.97766
G1 X43.296 Y37.684 E63.99073
G1 X43.205 Y37.21 E64.00678
G1 X42.935 Y36.686 E64.02639
G1 X42.593 Y36.329 E64.04283
G1 X42.199 Y36.049 E64.05891
G1 X41.736 Y35.888 E64.07521
G1 X41.256 Y35.819 E64.09134
G1 X40.673 Y35.902 E64.11093
G1 X40.233 Y36.102 E64.127
G1 X39.912 Y36.332 E64.14014
G1 X39.577 Y36.686 E64.15635
G1 X39.308 Y37.206 E64.17582
G1 X39.216 Y37.687 E64.19211
G1 X39.216 Y38.077 E64.20508
G1 X39.289 Y38.459 E64.21802
G1 X39.431 Y38.816 E64.23079
G1 X39.697 Y39.231 E64.24719
G1 X40.061 Y39.544 E64.26316
G1 X40.492 Y39.796 E64.27976
G1 X41.056 Y39.931 E64.29905
G1 X41.551 Y39.909 E64.31553
G1 X41.999 Y39.8 E64.33087
G0 F9000 X41.723 Y39.085
;TYPE:SKIN
G1 F600 X41.447 Y39.153 E64.34032
G1 X41.124 Y39.167 E64.35107
G1 X40.776 Y39.084 E64.36297
G1 X40.506 Y38.925 E64.37339
G1 X40.277 Y38.723 E64.38355
G1 X40.107 Y38.463 E64.39388
G1 X40.021 Y38.248 E64.40158
G1 X39.976 Y37.755 E64.41805
G1 X40.032 Y37.458 E64.4281
G1 X40.205 Y37.126 E64.44055
G1 X40.507 Y36.809 E64.45512
G1 X40.889 Y36.639 E64.46902
G1 X41.256 Y36.587 E64.48135
G1 X41.548 Y36.628 E64.49116
G1 X41.847 Y36.732 E64.50169
G1 X42.092 Y36.905 E64.51166
G1 X42.303 Y37.126 E64.52183
G1 X42.477 Y37.463 E64.53444
G1 X42.536 Y37.753 E64.54428
G1 X42.487 Y38.242 E64.56063
G1 X42.269 Y38.668 E64.57655
G1 X42.051 Y38.897 E64.58706
G1 X41.728 Y39.084 E64.59947
G1 X41.723 Y39.085 E64.59964
G0 F9000 X41.371 Y38.957
G1 F600 X42.332 Y37.996 E64.64485
G0 F9000 X42.267 Y37.494
G1 F600 X40.863 Y38.899 E64.71091
G0 F9000 X40.523 Y38.673
G1 F600 X42.047 Y37.149 E64.78259
G0 F9000 X41.728 Y36.902
G1 F600 X40.275 Y38.356 E64.85096
G0 F9000 X40.186 Y37.879
G1 F600 X41.273 Y36.791 E64.90212
G1 F2700 E59.90212
;MESH:NONMESH
G0 F300 X41.273 Y36.791 Z3.8
G0 F9000 X41.339 Y36.337
G0 X40.832 Y36.446
G0 X40.52 Y36.622
G0 X39.529 Y37.281
G0 X38.454 Y37.075
G0 X34.162 Y38.053
G0 X31.915 Y39.385
;TIME_ELAPSED:212.139319
;LAYER:18
;note -- min layer time used
;TYPE:WALL-INNER
;MESH:slupek4.stl
G1 F2700 E64.90212
G1 F600 X31.94 Y39.376 E64.903
G1 X32.278 Y39.182 E64.91596
G1 X32.551 Y38.897 E64.92909
G1 X32.724 Y38.631 E64.93964
G1 X32.837 Y38.347 E64.94981
G1 X32.896 Y38.039 E64.96024
G1 X32.896 Y37.722 E64.97078
G1 X32.823 Y37.342 E64.98365
G1 X32.606 Y36.921 E64.9994
G1 X32.329 Y36.634 E65.01267
G1 X32.013 Y36.409 E65.02557
G1 X31.641 Y36.278 E65.03869
G1 X31.256 Y36.223 E65.05163
G1 X30.787 Y36.29 E65.06738
G1 X30.434 Y36.45 E65.08027
G1 X30.176 Y36.635 E65.09083
G1 X29.91 Y36.916 E65.1037
G1 X29.69 Y37.343 E65.11968
G1 X29.616 Y37.725 E65.13262
G1 X29.616 Y38.039 E65.14306
G1 X29.675 Y38.347 E65.15349
G1 X29.789 Y38.632 E65.1637
G1 X30.002 Y38.966 E65.17688
G1 X30.294 Y39.217 E65.18969
G1 X30.643 Y39.421 E65.20313
G1 X31.017 Y39.511 E65.21593
G1 X31.338 Y39.526 E65.22661
G1 X31.64 Y39.482 E65.23676
G1 X31.915 Y39.385 E65.24646
G0 F9000 X32.076 Y39.752
;TYPE:WALL-OUTER
G1 F600 X32.108 Y39.741 E65.24759
G1 X32.527 Y39.5 E65.26367
G1 X32.866 Y39.147 E65.27994
G1 X33.081 Y38.815 E65.2931
G1 X33.223 Y38.459 E65.30585
G1 X33.296 Y38.077 E65.31878
G1 X33.296 Y37.684 E65.33185
G1 X33.205 Y37.21 E65.34791
G1 X32.935 Y36.686 E65.36751
G1 X32.592 Y36.329 E65.38398
G1 X32.199 Y36.049 E65.40003
G1 X31.736 Y35.888 E65.41633
G1 X31.256 Y35.819 E65.43246
G1 X30.673 Y35.902 E65.45205
G1 X30.233 Y36.102 E65.46812
G1 X29.912 Y36.332 E65.48126
G1 X29.581 Y36.682 E65.49728
G1 X29.308 Y37.211 E65.51708
G1 X29.216 Y37.687 E65.5332
G1 X29.216 Y38.077 E65.54617
G1 X29.289 Y38.459 E65.55911
G1 X29.431 Y38.816 E65.57189
G1 X29.697 Y39.231 E65.58828
G1 X30.061 Y39.544 E65.60425
G1 X30.492 Y39.796 E65.62086
G1 X30.961 Y39.909 E65.6369
G1 X31.358 Y39.927 E65.65012
G1 X31.736 Y39.872 E65.66282
G1 X32.076 Y39.752 E65.67482
G0 F9000 X31.769 Y39.051
;TYPE:SKIN
G1 F600 X31.442 Y39.168 E65.68637
G1 X31.062 Y39.152 E65.69902
G1 X30.78 Y39.08 E65.7087
G1 X30.505 Y38.924 E65.71921
G1 X30.277 Y38.723 E65.72932
G1 X30.107 Y38.463 E65.73966
G1 X30.021 Y38.248 E65.74736
G1 X29.976 Y37.759 E65.76369
G1 X30.032 Y37.462 E65.77374
G1 X30.209 Y37.122 E65.78649
G1 X30.507 Y36.809 E65.80087
G1 X30.889 Y36.639 E65.81477
G1 X31.256 Y36.586 E65.82711
G1 X31.547 Y36.628 E65.83688
G1 X31.846 Y36.736 E65.84746
G1 X32.093 Y36.909 E65.85749
G1 X32.307 Y37.13 E65.86772
G1 X32.477 Y37.463 E65.88016
G1 X32.536 Y37.756 E65.8901
G1 X32.536 Y38.003 E65.89831
G1 X32.4 Y38.461 E65.9142
G1 X32.265 Y38.675 E65.92262
G1 X32.056 Y38.891 E65.93261
G1 X31.784 Y39.045 E65.94301
G1 X31.769 Y39.051 E65.94355
G0 F9000 X31.856 Y39.299
G0 X31.04 Y39.351
G0 X30.704 Y39.27
G0 X30.183 Y38.9
G0 X29.751 Y38.213
G0 X30.208 Y38.127
G1 F600 X31.013 Y38.933 E65.98144
G0 F9000 X31.577 Y38.93
G1 F600 X30.215 Y37.569 E66.04548
G0 F9000 X30.415 Y37.203
G1 F600 X31.936 Y38.725 E66.11704
G0 F9000 X32.204 Y38.427
G1 F600 X30.714 Y36.936 E66.18715
G0 F9000 X31.147 Y36.804
G1 F600 X32.334 Y37.991 E66.24298
G1 F2700 E61.24298
;MESH:slupek4.stl(1)
G0 F9000 X32.786 Y38.078
G0 X33.068 Y38.053
G0 X34.162 Y38.053
G0 X38.352 Y38.053
G0 X41.848 Y39.409
;TYPE:WALL-INNER
G1 F2700 E66.24298
G1 F600 X41.94 Y39.376 E66.24624
G1 X42.278 Y39.182 E66.2592
G1 X42.551 Y38.897 E66.27232
G1 X42.724 Y38.631 E66.28288
G1 X42.837 Y38.347 E66.29304
G1 X42.896 Y38.039 E66.30347
G1 X42.896 Y37.722 E66.31402
G1 X42.823 Y37.342 E66.32689
G1 X42.606 Y36.921 E66.34264
G1 X42.329 Y36.634 E66.35591
G1 X42.013 Y36.409 E66.36881
G1 X41.641 Y36.278 E66.38193
G1 X41.256 Y36.223 E66.39486
G1 X40.787 Y36.29 E66.41062
G1 X40.434 Y36.45 E66.42351
G1 X40.176 Y36.635 E66.43407
G1 X39.91 Y36.916 E66.44694
G1 X39.69 Y37.343 E66.46292
G1 X39.616 Y37.725 E66.47586
G1 X39.616 Y38.039 E66.4863
G1 X39.675 Y38.347 E66.49673
G1 X39.789 Y38.632 E66.50694
G1 X40.002 Y38.966 E66.52012
G1 X40.294 Y39.217 E66.53292
G1 X40.643 Y39.421 E66.54637
G1 X41.017 Y39.511 E66.55916
G1 X41.338 Y39.526 E66.56985
G1 X41.64 Y39.482 E66.58
G1 X41.848 Y39.409 E66.58733
G0 F9000 X41.992 Y39.782
;TYPE:WALL-OUTER
G1 F600 X42.108 Y39.741 E66.59142
G1 X42.527 Y39.5 E66.6075
G1 X42.866 Y39.147 E66.62378
G1 X43.081 Y38.815 E66.63694
G1 X43.223 Y38.459 E66.64968
G1 X43.296 Y38.077 E66.66262
G1 X43.296 Y37.684 E66.67569
G1 X43.205 Y37.21 E66.69174
G1 X42.935 Y36.686 E66.71135
G1 X42.592 Y36.329 E66.72782
G1 X42.199 Y36.049 E66.74386
G1 X41.736 Y35.888 E66.76017
G1 X41.256 Y35.819 E66.7763
G1 X40.673 Y35.902 E66.79588
G1 X40.233 Y36.102 E66.81196
G1 X39.912 Y36.332 E66.82509
G1 X39.581 Y36.682 E66.84112
G1 X39.308 Y37.211 E66.86091
G1 X39.216 Y37.687 E66.87704
G1 X39.216 Y38.077 E66.89001
G1 X39.289 Y38.459 E66.90295
G1 X39.431 Y38.816 E66.91573
G1 X39.697 Y39.231 E66.93212
G1 X40.061 Y39.544 E66.94809
G1 X40.492 Y39.796 E66.96469
G1 X40.961 Y39.909 E66.98074
G1 X41.358 Y39.927 E66.99396
G1 X41.736 Y39.872 E67.00666
G1 X41.992 Y39.782 E67.01569
G0 F9000 X41.717 Y39.069
;TYPE:SKIN
G1 F600 X41.442 Y39.168 E67.02541
G1 X41.062 Y39.152 E67.03806
G1 X40.78 Y39.08 E67.04774
G1 X40.505 Y38.924 E67.05825
G1 X40.277 Y38.723 E67.06836
G1 X40.107 Y38.463 E67.07869
G1 X40.021 Y38.248 E67.0864
G1 X39.976 Y37.759 E67.10273
G1 X40.032 Y37.462 E67.11278
G1 X40.209 Y37.122 E67.12553
G1 X40.507 Y36.809 E67.13991
G1 X40.889 Y36.639 E67.15381
G1 X41.256 Y36.586 E67.16614
G1 X41.547 Y36.628 E67.17592
G1 X41.846 Y36.736 E67.1865
G1 X42.093 Y36.909 E67.19653
G1 X42.307 Y37.13 E67.20676
G1 X42.477 Y37.463 E67.21919
G1 X42.536 Y37.756 E67.22914
G1 X42.536 Y38.003 E67.23735
G1 X42.4 Y38.461 E67.25324
G1 X42.265 Y38.675 E67.26166
G1 X42.056 Y38.891 E67.27165
G1 X41.784 Y39.045 E67.28205
G1 X41.717 Y39.069 E67.28442
G0 F9000 X41.804 Y39.317
G0 X41.04 Y39.351
G0 X40.704 Y39.27
G0 X40.125 Y38.859
G0 X39.958 Y38.543
G0 X39.716 Y37.926
G0 X40.189 Y37.926
G1 F600 X41.21 Y38.947 E67.33244
G0 F9000 X41.695 Y38.866
G1 F600 X40.268 Y37.44 E67.39954
G0 F9000 X40.511 Y37.117
G1 F600 X42.026 Y38.632 E67.4708
G0 F9000 X42.246 Y38.286
G1 F600 X40.84 Y36.88 E67.53693
G0 F9000 X41.323 Y36.798
G1 F600 X42.345 Y37.82 E67.58501
G1 F2700 E62.58501
;MESH:NONMESH
G0 F300 X42.345 Y37.82 Z4
G0 F9000 X42.796 Y37.82
G0 X42.58 Y38.556
G0 X42.178 Y39.054
G0 X41.601 Y39.325
G0 X41.04 Y39.351
G0 X40.704 Y39.27
G0 X40.235 Y38.937
G0 X39.446 Y38.053
G0 X38.352 Y38.053
G0 X33.889 Y39.123
G0 X31.914 Y39.382
;TIME_ELAPSED:222.891079
;LAYER:19
;note -- min layer time used
;TYPE:WALL-INNER
;MESH:slupek4.stl
G1 F2700 E67.58501
G1 F600 X32.07 Y39.31 E67.59072
G1 X32.334 Y39.123 E67.60148
G1 X32.546 Y38.902 E67.61167
G1 X32.717 Y38.638 E67.62213
G1 X32.838 Y38.34 E67.63283
G1 X32.896 Y38.042 E67.64292
G1 X32.896 Y37.722 E67.65357
G1 X32.837 Y37.423 E67.6637
G1 X32.719 Y37.13 E67.67421
G1 X32.552 Y36.867 E67.68457
G1 X32.286 Y36.583 E67.69751
G1 X31.937 Y36.381 E67.71093
G1 X31.65 Y36.282 E67.72102
G1 X31.343 Y36.242 E67.73132
G1 X31.027 Y36.25 E67.74183
G1 X30.714 Y36.326 E67.75255
G1 X30.441 Y36.451 E67.76253
G1 X30.18 Y36.634 E67.77314
G1 X29.909 Y36.915 E67.78612
G1 X29.693 Y37.332 E67.80174
G1 X29.616 Y37.719 E67.81486
G1 X29.616 Y38.038 E67.82547
G1 X29.674 Y38.337 E67.8356
G1 X29.793 Y38.634 E67.84624
G1 X29.997 Y38.957 E67.85895
G1 X30.358 Y39.271 E67.87486
G1 X30.714 Y39.435 E67.8879
G1 X31.012 Y39.511 E67.89813
G1 X31.411 Y39.529 E67.91141
G1 X31.794 Y39.438 E67.92451
G1 X31.914 Y39.382 E67.92891
G0 F9000 X32.074 Y39.749
;TYPE:WALL-OUTER
G1 F600 X32.271 Y39.658 E67.93613
G1 X32.596 Y39.427 E67.94939
G1 X32.862 Y39.151 E67.96214
G1 X33.073 Y38.823 E67.97511
G1 X33.223 Y38.454 E67.98836
G1 X33.296 Y38.08 E68.00103
G1 X33.296 Y37.684 E68.01421
G1 X33.223 Y37.309 E68.02691
G1 X33.077 Y36.945 E68.03996
G1 X32.869 Y36.62 E68.05279
G1 X32.538 Y36.267 E68.06889
G1 X32.104 Y36.015 E68.08558
G1 X31.744 Y35.892 E68.09823
G1 X31.365 Y35.838 E68.11096
G1 X30.972 Y35.852 E68.12404
G1 X30.582 Y35.946 E68.13739
G1 X30.241 Y36.103 E68.14987
G1 X29.919 Y36.329 E68.16296
G1 X29.581 Y36.679 E68.17914
G1 X29.311 Y37.199 E68.19863
G1 X29.216 Y37.68 E68.21493
G1 X29.216 Y38.076 E68.22811
G1 X29.289 Y38.451 E68.24081
G1 X29.435 Y38.816 E68.25389
G1 X29.69 Y39.22 E68.26978
G1 X30.138 Y39.61 E68.28953
G1 X30.58 Y39.814 E68.30572
G1 X30.954 Y39.909 E68.31856
G1 X31.449 Y39.931 E68.33504
G1 X31.926 Y39.818 E68.35134
G1 X32.074 Y39.749 E68.35677
G0 F9000 X31.764 Y39.041
;TYPE:SKIN
G1 F600 X31.673 Y39.094 E68.36028
G1 X31.372 Y39.167 E68.37058
G1 X30.947 Y39.148 E68.38473
G1 X30.555 Y38.963 E68.39914
G1 X30.274 Y38.719 E68.41152
G1 X30.112 Y38.464 E68.42157
G1 X30.021 Y38.236 E68.42974
G1 X29.977 Y37.756 E68.44577
G1 X30.035 Y37.451 E68.45609
G1 X30.204 Y37.127 E68.46825
G1 X30.415 Y36.909 E68.47834
G1 X30.718 Y36.694 E68.49069
G1 X31.165 Y36.586 E68.50599
G1 X31.571 Y36.637 E68.5196
G1 X31.785 Y36.708 E68.5271
G1 X32.058 Y36.867 E68.53761
G1 X32.344 Y37.171 E68.55149
G1 X32.491 Y37.526 E68.56427
G1 X32.536 Y38.004 E68.58024
G1 X32.491 Y38.234 E68.58803
G1 X32.394 Y38.47 E68.59652
G1 X32.092 Y38.851 E68.61269
G1 X31.764 Y39.041 E68.6253
G0 F9000 X31.186 Y38.959
G1 F600 X32.32 Y37.825 E68.67864
G0 F9000 X32.195 Y37.384
G1 F600 X30.746 Y38.833 E68.74679
G0 F9000 X30.427 Y38.587
G1 F600 X31.959 Y37.055 E68.81885
G0 F9000 X31.611 Y36.837
G1 F600 X30.219 Y38.229 E68.88433
G0 F9000 X30.193 Y37.689
G1 F600 X31.061 Y36.821 E68.92516
G1 F2700 E63.92516
;MESH:slupek4.stl(1)
G0 F9000 X30.953 Y36.371
G0 X31.612 Y36.44
G0 X32.076 Y36.66
G0 X33.003 Y37.374
G0 X34.078 Y37.169
G0 X38.436 Y38.595
G0 X41.849 Y39.412
;TYPE:WALL-INNER
G1 F2700 E68.92516
G1 F600 X42.07 Y39.31 E68.93325
G1 X42.334 Y39.123 E68.94401
G1 X42.546 Y38.902 E68.9542
G1 X42.717 Y38.638 E68.96466
G1 X42.838 Y38.34 E68.97536
G1 X42.896 Y38.042 E68.98546
G1 X42.896 Y37.722 E68.9961
G1 X42.837 Y37.423 E69.00623
G1 X42.719 Y37.13 E69.01674
G1 X42.552 Y36.867 E69.0271
G1 X42.286 Y36.583 E69.04004
G1 X41.937 Y36.381 E69.05346
G1 X41.65 Y36.282 E69.06355
G1 X41.343 Y36.242 E69.07385
G1 X41.027 Y36.25 E69.08437
G1 X40.714 Y36.326 E69.09508
G1 X40.441 Y36.451 E69.10506
G1 X40.18 Y36.634 E69.11567
G1 X39.909 Y36.915 E69.12865
G1 X39.693 Y37.332 E69.14427
G1 X39.616 Y37.719 E69.15739
G1 X39.616 Y38.038 E69.168
G1 X39.674 Y38.337 E69.17813
G1 X39.793 Y38.634 E69.18878
G1 X39.997 Y38.957 E69.20148
G1 X40.358 Y39.271 E69.2174
G1 X40.714 Y39.435 E69.23043
G1 X41.012 Y39.511 E69.24066
G1 X41.411 Y39.529 E69.25395
G1 X41.794 Y39.438 E69.26704
G1 X41.849 Y39.412 E69.26906
G0 F9000 X41.994 Y39.786
;TYPE:WALL-OUTER
G1 F600 X42.271 Y39.658 E69.27921
G1 X42.596 Y39.427 E69.29247
G1 X42.862 Y39.151 E69.30522
G1 X43.073 Y38.823 E69.31819
G1 X43.223 Y38.454 E69.33144
G1 X43.296 Y38.08 E69.34412
G1 X43.296 Y37.684 E69.35729
G1 X43.223 Y37.309 E69.36999
G1 X43.077 Y36.945 E69.38304
G1 X42.869 Y36.62 E69.39587
G1 X42.538 Y36.267 E69.41197
G1 X42.104 Y36.015 E69.42866
G1 X41.744 Y35.892 E69.44131
G1 X41.365 Y35.838 E69.45405
G1 X40.972 Y35.852 E69.46712
G1 X40.582 Y35.946 E69.48047
G1 X40.241 Y36.103 E69.49295
G1 X39.919 Y36.329 E69.50604
G1 X39.581 Y36.679 E69.52222
G1 X39.311 Y37.199 E69.54171
G1 X39.216 Y37.68 E69.55802
G1 X39.216 Y38.076 E69.57119
G1 X39.289 Y38.451 E69.58389
G1 X39.435 Y38.816 E69.59697
G1 X39.69 Y39.22 E69.61286
G1 X40.138 Y39.61 E69.63261
G1 X40.58 Y39.814 E69.64881
G1 X40.954 Y39.909 E69.66164
G1 X41.449 Y39.931 E69.67812
G1 X41.926 Y39.818 E69.69442
G1 X41.994 Y39.786 E69.69692
G0 F9000 X41.716 Y39.069
;TYPE:SKIN
G1 F600 X41.673 Y39.094 E69.69858
G1 X41.372 Y39.167 E69.70888
G1 X40.947 Y39.148 E69.72303
G1 X40.555 Y38.963 E69.73745
G1 X40.274 Y38.719 E69.74982
G1 X40.112 Y38.464 E69.75987
G1 X40.021 Y38.236 E69.76804
G1 X39.977 Y37.756 E69.78407
G1 X40.035 Y37.451 E69.7944
G1 X40.204 Y37.127 E69.80655
G1 X40.415 Y36.909 E69.81664
G1 X40.718 Y36.694 E69.829
G1 X41.165 Y36.586 E69.84429
G1 X41.571 Y36.637 E69.8579
G1 X41.785 Y36.708 E69.8654
G1 X42.058 Y36.867 E69.87591
G1 X42.344 Y37.171 E69.88979
G1 X42.491 Y37.526 E69.90257
G1 X42.536 Y38.004 E69.91854
G1 X42.491 Y38.234 E69.92633
G1 X42.394 Y38.47 E69.93482
G1 X42.092 Y38.851 E69.95099
G1 X41.716 Y39.069 E69.96545
G0 F9000 X41.364 Y38.964
G1 F600 X42.334 Y37.994 E70.01107
G0 F9000 X42.257 Y37.505
G1 F600 X40.871 Y38.891 E70.07627
G0 F9000 X40.524 Y38.672
G1 F600 X42.047 Y37.149 E70.1479
G0 F9000 X41.726 Y36.905
G1 F600 X40.279 Y38.351 E70.21594
G0 F9000 X40.187 Y37.878
G1 F600 X41.248 Y36.816 E70.26587
G1 F2700 E65.26587
;MESH:NONMESH
G0 F300 X41.248 Y36.816 Z4.2
G0 F9000 X41.241 Y36.345
G0 X40.659 Y36.544
G0 X39.528 Y37.278
G0 X38.455 Y37.07
G0 X34.077 Y38.602
G0 X31.918 Y39.391
;TIME_ELAPSED:233.365873
;LAYER:20
;note -- min layer time used
;TYPE:WALL-INNER
;MESH:slupek4.stl
G1 F2700 E70.26587
G1 F600 X32.28 Y39.183 E70.27976
G1 X32.55 Y38.897 E70.29284
G1 X32.724 Y38.631 E70.30341
G1 X32.837 Y38.347 E70.31358
G1 X32.896 Y38.039 E70.32401
G1 X32.896 Y37.722 E70.33455
G1 X32.823 Y37.342 E70.34742
G1 X32.606 Y36.921 E70.36317
G1 X32.331 Y36.634 E70.3764
G1 X32.015 Y36.409 E70.3893
G1 X31.641 Y36.278 E70.40248
G1 X31.256 Y36.223 E70.41541
G1 X30.787 Y36.29 E70.43117
G1 X30.434 Y36.45 E70.44406
G1 X30.176 Y36.635 E70.45462
G1 X29.906 Y36.92 E70.46768
G1 X29.69 Y37.338 E70.48333
G1 X29.616 Y37.725 E70.49643
G1 X29.616 Y38.039 E70.50688
G1 X29.675 Y38.347 E70.51731
G1 X29.789 Y38.632 E70.52752
G1 X30.002 Y38.966 E70.54069
G1 X30.294 Y39.217 E70.5535
G1 X30.642 Y39.421 E70.56691
G1 X31.094 Y39.529 E70.58237
G1 X31.495 Y39.511 E70.59572
G1 X31.867 Y39.42 E70.60846
G1 X31.918 Y39.391 E70.61041
G0 F9000 X32.079 Y39.76
;TYPE:WALL-OUTER
G1 F600 X32.53 Y39.501 E70.62771
G1 X32.866 Y39.147 E70.64394
G1 X33.081 Y38.815 E70.6571
G1 X33.223 Y38.459 E70.66985
G1 X33.296 Y38.077 E70.68278
G1 X33.296 Y37.684 E70.69585
G1 X33.205 Y37.21 E70.7119
G1 X32.935 Y36.686 E70.73151
G1 X32.593 Y36.329 E70.74795
G1 X32.199 Y36.049 E70.76403
G1 X31.736 Y35.888 E70.78033
G1 X31.256 Y35.819 E70.79646
G1 X30.673 Y35.902 E70.81605
G1 X30.233 Y36.102 E70.83212
G1 X29.912 Y36.332 E70.84526
G1 X29.577 Y36.686 E70.86147
G1 X29.308 Y37.206 E70.88094
G1 X29.216 Y37.687 E70.89723
G1 X29.216 Y38.077 E70.9102
G1 X29.289 Y38.459 E70.92314
G1 X29.431 Y38.816 E70.93592
G1 X29.697 Y39.231 E70.95231
G1 X30.061 Y39.544 E70.96828
G1 X30.492 Y39.796 E70.98488
G1 X31.056 Y39.931 E71.00417
G1 X31.551 Y39.909 E71.02065
G1 X32.017 Y39.796 E71.0366
G1 X32.079 Y39.76 E71.03898
G0 F9000 X31.772 Y39.058
;TYPE:SKIN
G1 F600 X31.728 Y39.084 E71.04068
G1 X31.447 Y39.153 E71.05031
G1 X31.124 Y39.167 E71.06106
G1 X30.776 Y39.084 E71.07296
G1 X30.506 Y38.925 E71.08338
G1 X30.277 Y38.723 E71.09354
G1 X30.107 Y38.463 E71.10387
G1 X30.021 Y38.248 E71.11157
G1 X29.976 Y37.755 E71.12804
G1 X30.032 Y37.458 E71.13809
G1 X30.205 Y37.126 E71.15054
G1 X30.507 Y36.809 E71.1651
G1 X30.889 Y36.639 E71.17901
G1 X31.256 Y36.587 E71.19134
G1 X31.548 Y36.628 E71.20115
G1 X31.847 Y36.732 E71.21168
G1 X32.092 Y36.905 E71.22165
G1 X32.303 Y37.126 E71.23181
G1 X32.477 Y37.463 E71.24443
G1 X32.536 Y37.753 E71.25427
G1 X32.487 Y38.242 E71.27062
G1 X32.269 Y38.668 E71.28653
G1 X32.051 Y38.897 E71.29705
G1 X31.772 Y39.058 E71.30776
G0 F9000 X31.901 Y39.285
G0 X31.11 Y39.367
G0 X30.704 Y39.27
G0 X30.183 Y38.9
G0 X29.751 Y38.213
G0 X30.208 Y38.127
G1 F600 X31.016 Y38.935 E71.34577
G0 F9000 X31.564 Y38.918
G1 F600 X30.214 Y37.568 E71.40927
G0 F9000 X30.411 Y37.199
G1 F600 X31.938 Y38.726 E71.48109
G0 F9000 X32.204 Y38.427
G1 F600 X30.714 Y36.936 E71.5512
G0 F9000 X31.147 Y36.804
G1 F600 X32.334 Y37.991 E71.60704
G1 F2700 E66.60704
;MESH:slupek4.stl(1)
G0 F9000 X32.786 Y38.078
G0 X33.068 Y38.053
G0 X34.162 Y38.053
G0 X38.352 Y38.053
G0 X41.854 Y39.423
;TYPE:WALL-INNER
G1 F2700 E71.60704
G1 F600 X41.867 Y39.42 E71.60748
G1 X42.28 Y39.183 E71.62332
G1 X42.55 Y38.897 E71.6364
G1 X42.724 Y38.631 E71.64697
G1 X42.837 Y38.347 E71.65714
G1 X42.896 Y38.039 E71.66757
G1 X42.896 Y37.722 E71.67811
G1 X42.823 Y37.342 E71.69098
G1 X42.606 Y36.921 E71.70673
G1 X42.331 Y36.634 E71.71995
G1 X42.015 Y36.409 E71.73286
G1 X41.641 Y36.278 E71.74604
G1 X41.256 Y36.223 E71.75897
G1 X40.787 Y36.29 E71.77473
G1 X40.434 Y36.45 E71.78762
G1 X40.176 Y36.635 E71.79818
G1 X39.906 Y36.92 E71.81124
G1 X39.69 Y37.338 E71.82689
G1 X39.616 Y37.725 E71.83999
G1 X39.616 Y38.039 E71.85043
G1 X39.675 Y38.347 E71.86086
G1 X39.789 Y38.632 E71.87107
G1 X40.002 Y38.966 E71.88425
G1 X40.294 Y39.217 E71.89706
G1 X40.642 Y39.421 E71.91047
G1 X41.094 Y39.529 E71.92593
G1 X41.495 Y39.511 E71.93928
G1 X41.854 Y39.423 E71.95157
G0 F9000 X41.999 Y39.8
;TYPE:WALL-OUTER
G1 F600 X42.017 Y39.796 E71.95219
G1 X42.53 Y39.501 E71.97187
G1 X42.866 Y39.147 E71.9881
G1 X43.081 Y38.815 E72.00126
G1 X43.223 Y38.459 E72.01401
G1 X43.296 Y38.077 E72.02694
G1 X43.296 Y37.684 E72.04001
G1 X43.205 Y37.21 E72.05607
G1 X42.935 Y36.686 E72.07567
G1 X42.593 Y36.329 E72.09212
G1 X42.199 Y36.049 E72.10819
G1 X41.736 Y35.888 E72.1245
G1 X41.256 Y35.819 E72.14062
G1 X40.673 Y35.902 E72.16021
G1 X40.233 Y36.102 E72.17629
G1 X39.912 Y36.332 E72.18942
G1 X39.577 Y36.686 E72.20563
G1 X39.308 Y37.206 E72.2251
G1 X39.216 Y37.687 E72.24139
G1 X39.216 Y38.077 E72.25436
G1 X39.289 Y38.459 E72.2673
G1 X39.431 Y38.816 E72.28008
G1 X39.697 Y39.231 E72.29647
G1 X40.061 Y39.544 E72.31244
G1 X40.492 Y39.796 E72.32904
G1 X41.056 Y39.931 E72.34833
G1 X41.551 Y39.909 E72.36481
G1 X41.999 Y39.8 E72.38015
G0 F9000 X41.723 Y39.085
;TYPE:SKIN
G1 F600 X41.447 Y39.153 E72.3896
G1 X41.124 Y39.167 E72.40036
G1 X40.776 Y39.084 E72.41226
G1 X40.506 Y38.925 E72.42268
G1 X40.277 Y38.723 E72.43283
G1 X40.107 Y38.463 E72.44317
G1 X40.021 Y38.248 E72.45087
G1 X39.976 Y37.755 E72.46733
G1 X40.032 Y37.458 E72.47738
G1 X40.205 Y37.126 E72.48984
G1 X40.507 Y36.809 E72.5044
G1 X40.889 Y36.639 E72.51831
G1 X41.256 Y36.587 E72.53063
G1 X41.548 Y36.628 E72.54044
G1 X41.847 Y36.732 E72.55097
G1 X42.092 Y36.905 E72.56095
G1 X42.303 Y37.126 E72.57111
G1 X42.477 Y37.463 E72.58372
G1 X42.536 Y37.753 E72.59357
G1 X42.487 Y38.242 E72.60991
G1 X42.269 Y38.668 E72.62583
G1 X42.051 Y38.897 E72.63634
G1 X41.728 Y39.084 E72.64876
G1 X41.723 Y39.085 E72.64893
G0 F9000 X41.783 Y39.338
G0 X41.11 Y39.367
G0 X40.704 Y39.27
G0 X40.125 Y38.859
G0 X39.958 Y38.543
G0 X39.716 Y37.926
G0 X40.189 Y37.926
G1 F600 X41.225 Y38.962 E72.69766
G0 F9000 X41.698 Y38.87
G1 F600 X40.267 Y37.438 E72.76499
G0 F9000 X40.5 Y37.105
G1 F600 X42.027 Y38.633 E72.83684
G0 F9000 X42.246 Y38.286
G1 F600 X40.84 Y36.88 E72.90297
G0 F9000 X41.324 Y36.799
G1 F600 X42.315 Y37.789 E72.94956
G1 F2700 E67.94956
;MESH:NONMESH
G0 F300 X42.315 Y37.789 Z4.4
G0 F9000 X42.796 Y37.789
G0 X42.58 Y38.556
G0 X42.179 Y39.055
G0 X41.806 Y39.27
G0 X41.11 Y39.367
G0 X40.704 Y39.27
G0 X40.235 Y38.937
G0 X39.446 Y38.053
G0 X38.352 Y38.053
G0 X33.889 Y39.123
G0 X31.918 Y39.391
;TIME_ELAPSED:244.121594
;LAYER:21
;note -- min layer time used
;TYPE:WALL-INNER
;MESH:slupek4.stl
G1 F2700 E72.94956
G1 F600 X32.28 Y39.183 E72.96345
G1 X32.55 Y38.897 E72.97653
G1 X32.724 Y38.631 E72.9871
G1 X32.837 Y38.347 E72.99727
G1 X32.896 Y38.039 E73.0077
G1 X32.896 Y37.722 E73.01824
G1 X32.823 Y37.342 E73.03111
G1 X32.606 Y36.921 E73.04687
G1 X32.331 Y36.634 E73.06009
G1 X32.015 Y36.409 E73.07299
G1 X31.641 Y36.278 E73.08617
G1 X31.256 Y36.223 E73.0991
G1 X30.787 Y36.29 E73.11486
G1 X30.434 Y36.45 E73.12775
G1 X30.176 Y36.635 E73.13831
G1 X29.906 Y36.92 E73.15137
G1 X29.69 Y37.338 E73.16702
G1 X29.616 Y37.725 E73.18012
G1 X29.616 Y38.039 E73.19057
G1 X29.675 Y38.347 E73.201
G1 X29.789 Y38.632 E73.21121
G1 X30.002 Y38.966 E73.22438
G1 X30.294 Y39.217 E73.23719
G1 X30.642 Y39.421 E73.25061
G1 X31.094 Y39.529 E73.26606
G1 X31.495 Y39.511 E73.27941
G1 X31.867 Y39.42 E73.29215
G1 X31.918 Y39.391 E73.2941
G0 F9000 X32.079 Y39.76
;TYPE:WALL-OUTER
G1 F600 X32.53 Y39.501 E73.3114
G1 X32.866 Y39.147 E73.32763
G1 X33.081 Y38.815 E73.34079
G1 X33.223 Y38.459 E73.35354
G1 X33.296 Y38.077 E73.36647
G1 X33.296 Y37.684 E73.37954
G1 X33.205 Y37.21 E73.3956
G1 X32.935 Y36.686 E73.4152
G1 X32.593 Y36.329 E73.43165
G1 X32.199 Y36.049 E73.44772
G1 X31.736 Y35.888 E73.46403
G1 X31.256 Y35.819 E73.48015
G1 X30.673 Y35.902 E73.49974
G1 X30.233 Y36.102 E73.51582
G1 X29.912 Y36.332 E73.52895
G1 X29.577 Y36.686 E73.54516
G1 X29.308 Y37.206 E73.56463
G1 X29.216 Y37.687 E73.58092
G1 X29.216 Y38.077 E73.59389
G1 X29.289 Y38.459 E73.60683
G1 X29.431 Y38.816 E73.61961
G1 X29.697 Y39.231 E73.636
G1 X30.061 Y39.544 E73.65197
G1 X30.492 Y39.796 E73.66857
G1 X31.056 Y39.931 E73.68786
G1 X31.551 Y39.909 E73.70434
G1 X32.017 Y39.796 E73.72029
G1 X32.079 Y39.76 E73.72268
G0 F9000 X31.772 Y39.058
;TYPE:SKIN
G1 F600 X31.728 Y39.084 E73.72438
G1 X31.447 Y39.153 E73.734
G1 X31.124 Y39.167 E73.74475
G1 X30.776 Y39.084 E73.75665
G1 X30.506 Y38.925 E73.76707
G1 X30.277 Y38.723 E73.77723
G1 X30.107 Y38.463 E73.78756
G1 X30.021 Y38.248 E73.79526
G1 X29.976 Y37.755 E73.81173
G1 X30.032 Y37.458 E73.82178
G1 X30.205 Y37.126 E73.83423
G1 X30.507 Y36.809 E73.8488
G1 X30.889 Y36.639 E73.8627
G1 X31.256 Y36.587 E73.87503
G1 X31.548 Y36.628 E73.88484
G1 X31.847 Y36.732 E73.89537
G1 X32.092 Y36.905 E73.90534
G1 X32.303 Y37.126 E73.91551
G1 X32.477 Y37.463 E73.92812
G1 X32.536 Y37.753 E73.93796
G1 X32.487 Y38.242 E73.95431
G1 X32.269 Y38.668 E73.97022
G1 X32.051 Y38.897 E73.98074
G1 X31.772 Y39.058 E73.99145
G0 F9000 X31.18 Y38.965
G1 F600 X32.318 Y37.827 E74.04498
G0 F9000 X32.205 Y37.374
G1 F600 X30.746 Y38.834 E74.11363
G0 F9000 X30.428 Y38.586
G1 F600 X31.959 Y37.055 E74.18565
G0 F9000 X31.594 Y36.854
G1 F600 X30.218 Y38.23 E74.25037
G0 F9000 X30.191 Y37.691
G1 F600 X31.067 Y36.815 E74.29157
G1 F2700 E69.29157
;MESH:slupek4.stl(1)
G0 F9000 X31.003 Y36.36
G0 X31.603 Y36.436
G0 X32.985 Y37.283
G0 X34.059 Y37.076
G0 X38.352 Y38.053
G0 X41.854 Y39.423
;TYPE:WALL-INNER
G1 F2700 E74.29157
G1 F600 X41.867 Y39.42 E74.29202
G1 X42.28 Y39.183 E74.30785
G1 X42.55 Y38.897 E74.32094
G1 X42.724 Y38.631 E74.33151
G1 X42.837 Y38.347 E74.34167
G1 X42.896 Y38.039 E74.3521
G1 X42.896 Y37.722 E74.36265
G1 X42.823 Y37.342 E74.37552
G1 X42.606 Y36.921 E74.39127
G1 X42.331 Y36.634 E74.40449
G1 X42.015 Y36.409 E74.41739
G1 X41.641 Y36.278 E74.43057
G1 X41.256 Y36.223 E74.44351
G1 X40.787 Y36.29 E74.45927
G1 X40.434 Y36.45 E74.47216
G1 X40.176 Y36.635 E74.48272
G1 X39.906 Y36.92 E74.49577
G1 X39.69 Y37.338 E74.51142
G1 X39.616 Y37.725 E74.52453
G1 X39.616 Y38.039 E74.53497
G1 X39.675 Y38.347 E74.5454
G1 X39.789 Y38.632 E74.55561
G1 X40.002 Y38.966 E74.56879
G1 X40.294 Y39.217 E74.58159
G1 X40.642 Y39.421 E74.59501
G1 X41.094 Y39.529 E74.61047
G1 X41.495 Y39.511 E74.62382
G1 X41.854 Y39.423 E74.63611
G0 F9000 X41.999 Y39.8
;TYPE:WALL-OUTER
G1 F600 X42.017 Y39.796 E74.63673
G1 X42.53 Y39.501 E74.65641
G1 X42.866 Y39.147 E74.67264
G1 X43.081 Y38.815 E74.6858
G1 X43.223 Y38.459 E74.69854
G1 X43.296 Y38.077 E74.71148
G1 X43.296 Y37.684 E74.72455
G1 X43.205 Y37.21 E74.7406
G1 X42.935 Y36.686 E74.76021
G1 X42.593 Y36.329 E74.77665
G1 X42.199 Y36.049 E74.79273
G1 X41.736 Y35.888 E74.80903
G1 X41.256 Y35.819 E74.82516
G1 X40.673 Y35.902 E74.84475
G1 X40.233 Y36.102 E74.86082
G1 X39.912 Y36.332 E74.87396
G1 X39.577 Y36.686 E74.89017
G1 X39.308 Y37.206 E74.90964
G1 X39.216 Y37.687 E74.92593
G1 X39.216 Y38.077 E74.9389
G1 X39.289 Y38.459 E74.95184
G1 X39.431 Y38.816 E74.96461
G1 X39.697 Y39.231 E74.98101
G1 X40.061 Y39.544 E74.99698
G1 X40.492 Y39.796 E75.01358
G1 X41.056 Y39.931 E75.03287
G1 X41.551 Y39.909 E75.04935
G1 X41.999 Y39.8 E75.06469
G0 F9000 X41.723 Y39.085
;TYPE:SKIN
G1 F600 X41.447 Y39.153 E75.07414
G1 X41.124 Y39.167 E75.08489
G1 X40.776 Y39.084 E75.09679
G1 X40.506 Y38.925 E75.10721
G1 X40.277 Y38.723 E75.11737
G1 X40.107 Y38.463 E75.1277
G1 X40.021 Y38.248 E75.1354
G1 X39.976 Y37.755 E75.15187
G1 X40.032 Y37.458 E75.16192
G1 X40.205 Y37.126 E75.17437
G1 X40.507 Y36.809 E75.18894
G1 X40.889 Y36.639 E75.20284
G1 X41.256 Y36.587 E75.21517
G1 X41.548 Y36.628 E75.22498
G1 X41.847 Y36.732 E75.23551
G1 X42.092 Y36.905 E75.24548
G1 X42.303 Y37.126 E75.25565
G1 X42.477 Y37.463 E75.26826
G1 X42.536 Y37.753 E75.2781
G1 X42.487 Y38.242 E75.29445
G1 X42.269 Y38.668 E75.31037
G1 X42.051 Y38.897 E75.32088
G1 X41.728 Y39.084 E75.3333
G1 X41.723 Y39.085 E75.33346
G0 F9000 X41.371 Y38.957
G1 F600 X42.332 Y37.996 E75.37867
G0 F9000 X42.267 Y37.494
G1 F600 X40.863 Y38.899 E75.44473
G0 F9000 X40.523 Y38.673
G1 F600 X42.047 Y37.149 E75.51642
G0 F9000 X41.728 Y36.902
G1 F600 X40.275 Y38.356 E75.58478
G0 F9000 X40.186 Y37.879
G1 F600 X41.273 Y36.791 E75.63594
G1 F2700 E70.63594
;MESH:NONMESH
G0 F300 X41.273 Y36.791 Z4.6
G0 F9000 X41.339 Y36.337
G0 X40.832 Y36.446
G0 X40.52 Y36.622
G0 X39.529 Y37.281
G0 X38.454 Y37.075
G0 X34.162 Y38.053
G0 X31.918 Y39.391
;TIME_ELAPSED:254.612038
;LAYER:22
;note -- min layer time used
;TYPE:WALL-INNER
;MESH:slupek4.stl
G1 F2700 E75.63594
G1 F600 X32.28 Y39.183 E75.64982
G1 X32.55 Y38.897 E75.6629
G1 X32.724 Y38.631 E75.67348
G1 X32.837 Y38.347 E75.68364
G1 X32.896 Y38.039 E75.69407
G1 X32.896 Y37.722 E75.70462
G1 X32.823 Y37.342 E75.71749
G1 X32.606 Y36.921 E75.73324
G1 X32.331 Y36.634 E75.74646
G1 X32.015 Y36.409 E75.75936
G1 X31.641 Y36.278 E75.77254
G1 X31.256 Y36.223 E75.78548
G1 X30.787 Y36.29 E75.80123
G1 X30.434 Y36.45 E75.81412
G1 X30.176 Y36.635 E75.82468
G1 X29.906 Y36.92 E75.83774
G1 X29.69 Y37.338 E75.85339
G1 X29.616 Y37.725 E75.8665
G1 X29.616 Y38.039 E75.87694
G1 X29.675 Y38.347 E75.88737
G1 X29.789 Y38.632 E75.89758
G1 X30.002 Y38.966 E75.91075
G1 X30.294 Y39.217 E75.92356
G1 X30.642 Y39.421 E75.93698
G1 X31.094 Y39.529 E75.95243
G1 X31.495 Y39.511 E75.96579
G1 X31.867 Y39.42 E75.97852
G1 X31.918 Y39.391 E75.98047
G0 F9000 X32.079 Y39.76
;TYPE:WALL-OUTER
G1 F600 X32.53 Y39.501 E75.99777
G1 X32.866 Y39.147 E76.01401
G1 X33.081 Y38.815 E76.02716
G1 X33.223 Y38.459 E76.03991
G1 X33.296 Y38.077 E76.05284
G1 X33.296 Y37.684 E76.06592
G1 X33.205 Y37.21 E76.08197
G1 X32.935 Y36.686 E76.10157
G1 X32.593 Y36.329 E76.11802
G1 X32.199 Y36.049 E76.13409
G1 X31.736 Y35.888 E76.1504
G1 X31.256 Y35.819 E76.16653
G1 X30.673 Y35.902 E76.18611
G1 X30.233 Y36.102 E76.20219
G1 X29.912 Y36.332 E76.21532
G1 X29.577 Y36.686 E76.23153
G1 X29.308 Y37.206 E76.25101
G1 X29.216 Y37.687 E76.26729
G1 X29.216 Y38.077 E76.28027
G1 X29.289 Y38.459 E76.2932
G1 X29.431 Y38.816 E76.30598
G1 X29.697 Y39.231 E76.32237
G1 X30.061 Y39.544 E76.33834
G1 X30.492 Y39.796 E76.35495
G1 X31.056 Y39.931 E76.37424
G1 X31.551 Y39.909 E76.39072
G1 X32.017 Y39.796 E76.40666
G1 X32.079 Y39.76 E76.40905
G0 F9000 X31.772 Y39.058
;TYPE:SKIN
G1 F600 X31.728 Y39.084 E76.41075
G1 X31.447 Y39.153 E76.42037
G1 X31.124 Y39.167 E76.43113
G1 X30.776 Y39.084 E76.44302
G1 X30.506 Y38.925 E76.45345
G1 X30.277 Y38.723 E76.4636
G1 X30.107 Y38.463 E76.47393
G1 X30.021 Y38.248 E76.48164
G1 X29.976 Y37.755 E76.4981
G1 X30.032 Y37.458 E76.50815
G1 X30.205 Y37.126 E76.52061
G1 X30.507 Y36.809 E76.53517
G1 X30.889 Y36.639 E76.54907
G1 X31.256 Y36.587 E76.5614
G1 X31.548 Y36.628 E76.57121
G1 X31.847 Y36.732 E76.58174
G1 X32.092 Y36.905 E76.59171
G1 X32.303 Y37.126 E76.60188
G1 X32.477 Y37.463 E76.61449
G1 X32.536 Y37.753 E76.62434
G1 X32.487 Y38.242 E76.64068
G1 X32.269 Y38.668 E76.6566
G1 X32.051 Y38.897 E76.66711
G1 X31.772 Y39.058 E76.67783
G0 F9000 X31.901 Y39.285
G0 X31.11 Y39.367
G0 X30.704 Y39.27
G0 X30.183 Y38.9
G0 X29.751 Y38.213
G0 X30.208 Y38.127
G1 F600 X31.016 Y38.935 E76.71583
G0 F9000 X31.564 Y38.918
G1 F600 X30.214 Y37.568 E76.77933
G0 F9000 X30.411 Y37.199
G1 F600 X31.938 Y38.726 E76.85116
G0 F9000 X32.204 Y38.427
G1 F600 X30.714 Y36.936 E76.92127
G0 F9000 X31.147 Y36.804
G1 F600 X32.334 Y37.991 E76.9771
G1 F2700 E71.9771
;MESH:slupek4.stl(1)
G0 F9000 X32.786 Y38.078
G0 X33.068 Y38.053
G0 X34.162 Y38.053
G0 X38.352 Y38.053
G0 X41.854 Y39.423
;TYPE:WALL-INNER
G1 F2700 E76.9771
G1 F600 X41.867 Y39.42 E76.97754
G1 X42.28 Y39.183 E76.99338
G1 X42.55 Y38.897 E77.00646
G1 X42.724 Y38.631 E77.01703
G1 X42.837 Y38.347 E77.0272
G1 X42.896 Y38.039 E77.03763
G1 X42.896 Y37.722 E77.04817
G1 X42.823 Y37.342 E77.06104
G1 X42.606 Y36.921 E77.0768
G1 X42.331 Y36.634 E77.09002
G1 X42.015 Y36.409 E77.10292
G1 X41.641 Y36.278 E77.1161
G1 X41.256 Y36.223 E77.12904
G1 X40.787 Y36.29 E77.14479
G1 X40.434 Y36.45 E77.15768
G1 X40.176 Y36.635 E77.16824
G1 X39.906 Y36.92 E77.1813
G1 X39.69 Y37.338 E77.19695
G1 X39.616 Y37.725 E77.21005
G1 X39.616 Y38.039 E77.2205
G1 X39.675 Y38.347 E77.23093
G1 X39.789 Y38.632 E77.24114
G1 X40.002 Y38.966 E77.25431
G1 X40.294 Y39.217 E77.26712
G1 X40.642 Y39.421 E77.28054
G1 X41.094 Y39.529 E77.29599
G1 X41.495 Y39.511 E77.30934
G1 X41.854 Y39.423 E77.32164
G0 F9000 X41.999 Y39.8
;TYPE:WALL-OUTER
G1 F600 X42.017 Y39.796 E77.32225
G1 X42.53 Y39.501 E77.34193
G1 X42.866 Y39.147 E77.35817
G1 X43.081 Y38.815 E77.37132
G1 X43.223 Y38.459 E77.38407
G1 X43.296 Y38.077 E77.39701
G1 X43.296 Y37.684 E77.41008
G1 X43.205 Y37.21 E77.42613
G1 X42.935 Y36.686 E77.44574
G1 X42.593 Y36.329 E77.46218
G1 X42.199 Y36.049 E77.47826
G1 X41.736 Y35.888 E77.49456
G1 X41.256 Y35.819 E77.51069
G1 X40.673 Y35.902 E77.53027
G1 X40.233 Y36.102 E77.54635
G1 X39.912 Y36.332 E77.55948
G1 X39.577 Y36.686 E77.57569
G1 X39.308 Y37.206 E77.59517
G1 X39.216 Y37.687 E77.61146
G1 X39.216 Y38.077 E77.62443
G1 X39.289 Y38.459 E77.63736
G1 X39.431 Y38.816 E77.65014
G1 X39.697 Y39.231 E77.66654
G1 X40.061 Y39.544 E77.6825
G1 X40.492 Y39.796 E77.69911
G1 X41.056 Y39.931 E77.7184
G1 X41.551 Y39.909 E77.73488
G1 X41.999 Y39.8 E77.75021
G0 F9000 X41.723 Y39.085
;TYPE:SKIN
G1 F600 X41.447 Y39.153 E77.75967
G1 X41.124 Y39.167 E77.77042
G1 X40.776 Y39.084 E77.78232
G1 X40.506 Y38.925 E77.79274
G1 X40.277 Y38.723 E77.8029
G1 X40.107 Y38.463 E77.81323
G1 X40.021 Y38.248 E77.82093
G1 X39.976 Y37.755 E77.8374
G1 X40.032 Y37.458 E77.84745
G1 X40.205 Y37.126 E77.8599
G1 X40.507 Y36.809 E77.87446
G1 X40.889 Y36.639 E77.88837
G1 X41.256 Y36.587 E77.9007
G1 X41.548 Y36.628 E77.9105
G1 X41.847 Y36.732 E77.92103
G1 X42.092 Y36.905 E77.93101
G1 X42.303 Y37.126 E77.94117
G1 X42.477 Y37.463 E77.95379
G1 X42.536 Y37.753 E77.96363
G1 X42.487 Y38.242 E77.97998
G1 X42.269 Y38.668 E77.99589
G1 X42.051 Y38.897 E78.00641
G1 X41.728 Y39.084 E78.01882
G1 X41.723 Y39.085 E78.01899
G0 F9000 X41.783 Y39.338
G0 X41.11 Y39.367
G0 X40.704 Y39.27
G0 X40.125 Y38.859
G0 X39.958 Y38.543
G0 X39.716 Y37.926
G0 X40.189 Y37.926
G1 F600 X41.225 Y38.962 E78.06772
G0 F9000 X41.698 Y38.87
G1 F600 X40.267 Y37.438 E78.13505
G0 F9000 X40.5 Y37.105
G1 F600 X42.027 Y38.633 E78.2069
G0 F9000 X42.246 Y38.286
G1 F600 X40.84 Y36.88 E78.27304
G0 F9000 X41.324 Y36.799
G1 F600 X42.315 Y37.789 E78.31963
G1 F2700 E73.31963
;MESH:NONMESH
G0 F300 X42.315 Y37.789 Z4.8
G0 F9000 X42.796 Y37.789
G0 X42.58 Y38.556
G0 X42.179 Y39.055
G0 X41.806 Y39.27
G0 X41.11 Y39.367
G0 X40.704 Y39.27
G0 X40.235 Y38.937
G0 X39.446 Y38.053
G0 X38.352 Y38.053
G0 X33.889 Y39.123
G0 X31.918 Y39.391
;TIME_ELAPSED:265.367759
;LAYER:23
;note -- min layer time used
;TYPE:WALL-INNER
;MESH:slupek4.stl
G1 F2700 E78.31963
G1 F600 X32.28 Y39.183 E78.33351
G1 X32.55 Y38.897 E78.3466
G1 X32.724 Y38.631 E78.35717
G1 X32.837 Y38.347 E78.36733
G1 X32.896 Y38.039 E78.37776
G1 X32.896 Y37.722 E78.38831
G1 X32.823 Y37.342 E78.40118
G1 X32.606 Y36.921 E78.41693
G1 X32.331 Y36.634 E78.43015
G1 X32.015 Y36.409 E78.44305
G1 X31.641 Y36.278 E78.45623
G1 X31.256 Y36.223 E78.46917
G1 X30.787 Y36.29 E78.48493
G1 X30.434 Y36.45 E78.49782
G1 X30.176 Y36.635 E78.50838
G1 X29.906 Y36.92 E78.52143
G1 X29.69 Y37.338 E78.53708
G1 X29.616 Y37.725 E78.55019
G1 X29.616 Y38.039 E78.56063
G1 X29.675 Y38.347 E78.57106
G1 X29.789 Y38.632 E78.58127
G1 X30.002 Y38.966 E78.59445
G1 X30.294 Y39.217 E78.60725
G1 X30.642 Y39.421 E78.62067
G1 X31.094 Y39.529 E78.63613
G1 X31.495 Y39.511 E78.64948
G1 X31.867 Y39.42 E78.66221
G1 X31.918 Y39.391 E78.66417
G0 F9000 X32.079 Y39.76
;TYPE:WALL-OUTER
G1 F600 X32.53 Y39.501 E78.68146
G1 X32.866 Y39.147 E78.6977
G1 X33.081 Y38.815 E78.71085
G1 X33.223 Y38.459 E78.7236
G1 X33.296 Y38.077 E78.73654
G1 X33.296 Y37.684 E78.74961
G1 X33.205 Y37.21 E78.76566
G1 X32.935 Y36.686 E78.78527
G1 X32.593 Y36.329 E78.80171
G1 X32.199 Y36.049 E78.81779
G1 X31.736 Y35.888 E78.83409
G1 X31.256 Y35.819 E78.85022
G1 X30.673 Y35.902 E78.8698
G1 X30.233 Y36.102 E78.88588
G1 X29.912 Y36.332 E78.89901
G1 X29.577 Y36.686 E78.91522
G1 X29.308 Y37.206 E78.9347
G1 X29.216 Y37.687 E78.95099
G1 X29.216 Y38.077 E78.96396
G1 X29.289 Y38.459 E78.97689
G1 X29.431 Y38.816 E78.98967
G1 X29.697 Y39.231 E79.00607
G1 X30.061 Y39.544 E79.02203
G1 X30.492 Y39.796 E79.03864
G1 X31.056 Y39.931 E79.05793
G1 X31.551 Y39.909 E79.07441
G1 X32.017 Y39.796 E79.09036
G1 X32.079 Y39.76 E79.09274
G0 F9000 X31.772 Y39.058
;TYPE:SKIN
G1 F600 X31.728 Y39.084 E79.09444
G1 X31.447 Y39.153 E79.10406
G1 X31.124 Y39.167 E79.11482
G1 X30.776 Y39.084 E79.12672
G1 X30.506 Y38.925 E79.13714
G1 X30.277 Y38.723 E79.14729
G1 X30.107 Y38.463 E79.15763
G1 X30.021 Y38.248 E79.16533
G1 X29.976 Y37.755 E79.18179
G1 X30.032 Y37.458 E79.19185
G1 X30.205 Y37.126 E79.2043
G1 X30.507 Y36.809 E79.21886
G1 X30.889 Y36.639 E79.23277
G1 X31.256 Y36.587 E79.24509
G1 X31.548 Y36.628 E79.2549
G1 X31.847 Y36.732 E79.26543
G1 X32.092 Y36.905 E79.27541
G1 X32.303 Y37.126 E79.28557
G1 X32.477 Y37.463 E79.29818
G1 X32.536 Y37.753 E79.30803
G1 X32.487 Y38.242 E79.32437
G1 X32.269 Y38.668 E79.34029
G1 X32.051 Y38.897 E79.3508
G1 X31.772 Y39.058 E79.36152
G0 F9000 X31.18 Y38.965
G1 F600 X32.318 Y37.827 E79.41505
G0 F9000 X32.205 Y37.374
G1 F600 X30.746 Y38.834 E79.4837
G0 F9000 X30.428 Y38.586
G1 F600 X31.959 Y37.055 E79.55571
G0 F9000 X31.594 Y36.854
G1 F600 X30.218 Y38.23 E79.62043
G0 F9000 X30.191 Y37.691
G1 F600 X31.067 Y36.815 E79.66164
G1 F2700 E74.66164
;MESH:slupek4.stl(1)
G0 F9000 X31.003 Y36.36
G0 X31.603 Y36.436
G0 X32.985 Y37.283
G0 X34.059 Y37.076
G0 X38.352 Y38.053
G0 X41.854 Y39.423
;TYPE:WALL-INNER
G1 F2700 E79.66164
G1 F600 X41.867 Y39.42 E79.66208
G1 X42.28 Y39.183 E79.67792
G1 X42.55 Y38.897 E79.691
G1 X42.724 Y38.631 E79.70157
G1 X42.837 Y38.347 E79.71174
G1 X42.896 Y38.039 E79.72217
G1 X42.896 Y37.722 E79.73271
G1 X42.823 Y37.342 E79.74558
G1 X42.606 Y36.921 E79.76134
G1 X42.331 Y36.634 E79.77456
G1 X42.015 Y36.409 E79.78746
G1 X41.641 Y36.278 E79.80064
G1 X41.256 Y36.223 E79.81357
G1 X40.787 Y36.29 E79.82933
G1 X40.434 Y36.45 E79.84222
G1 X40.176 Y36.635 E79.85278
G1 X39.906 Y36.92 E79.86584
G1 X39.69 Y37.338 E79.88149
G1 X39.616 Y37.725 E79.89459
G1 X39.616 Y38.039 E79.90504
G1 X39.675 Y38.347 E79.91547
G1 X39.789 Y38.632 E79.92568
G1 X40.002 Y38.966 E79.93885
G1 X40.294 Y39.217 E79.95166
G1 X40.642 Y39.421 E79.96507
G1 X41.094 Y39.529 E79.98053
G1 X41.495 Y39.511 E79.99388
G1 X41.854 Y39.423 E80.00618
G0 F9000 X41.999 Y39.8
;TYPE:WALL-OUTER
G1 F600 X42.017 Y39.796 E80.00679
G1 X42.53 Y39.501 E80.02647
G1 X42.866 Y39.147 E80.04271
G1 X43.081 Y38.815 E80.05586
G1 X43.223 Y38.459 E80.06861
G1 X43.296 Y38.077 E80.08154
G1 X43.296 Y37.684 E80.09461
G1 X43.205 Y37.21 E80.11067
G1 X42.935 Y36.686 E80.13027
G1 X42.593 Y36.329 E80.14672
G1 X42.199 Y36.049 E80.16279
G1 X41.736 Y35.888 E80.1791
G1 X41.256 Y35.819 E80.19523
G1 X40.673 Y35.902 E80.21481
G1 X40.233 Y36.102 E80.23089
G1 X39.912 Y36.332 E80.24402
G1 X39.577 Y36.686 E80.26023
G1 X39.308 Y37.206 E80.27971
G1 X39.216 Y37.687 E80.29599
G1 X39.216 Y38.077 E80.30896
G1 X39.289 Y38.459 E80.3219
G1 X39.431 Y38.816 E80.33468
G1 X39.697 Y39.231 E80.35107
G1 X40.061 Y39.544 E80.36704
G1 X40.492 Y39.796 E80.38365
G1 X41.056 Y39.931 E80.40294
G1 X41.551 Y39.909 E80.41942
G1 X41.999 Y39.8 E80.43475
G0 F9000 X41.723 Y39.085
;TYPE:SKIN
G1 F600 X41.447 Y39.153 E80.4442
G1 X41.124 Y39.167 E80.45496
G1 X40.776 Y39.084 E80.46686
G1 X40.506 Y38.925 E80.47728
G1 X40.277 Y38.723 E80.48743
G1 X40.107 Y38.463 E80.49777
G1 X40.021 Y38.248 E80.50547
G1 X39.976 Y37.755 E80.52193
G1 X40.032 Y37.458 E80.53199
G1 X40.205 Y37.126 E80.54444
G1 X40.507 Y36.809 E80.559
G1 X40.889 Y36.639 E80.57291
G1 X41.256 Y36.587 E80.58524
G1 X41.548 Y36.628 E80.59504
G1 X41.847 Y36.732 E80.60557
G1 X42.092 Y36.905 E80.61555
G1 X42.303 Y37.126 E80.62571
G1 X42.477 Y37.463 E80.63832
G1 X42.536 Y37.753 E80.64817
G1 X42.487 Y38.242 E80.66451
G1 X42.269 Y38.668 E80.68043
G1 X42.051 Y38.897 E80.69095
G1 X41.728 Y39.084 E80.70336
G1 X41.723 Y39.085 E80.70353
G0 F9000 X41.371 Y38.957
G1 F600 X42.332 Y37.996 E80.74873
G0 F9000 X42.267 Y37.494
G1 F600 X40.863 Y38.899 E80.81479
G0 F9000 X40.523 Y38.673
G1 F600 X42.047 Y37.149 E80.88648
G0 F9000 X41.728 Y36.902
G1 F600 X40.275 Y38.356 E80.95485
G0 F9000 X40.186 Y37.879
G1 F600 X41.273 Y36.791 E81.006
G1 F2700 E76.006
;MESH:NONMESH
G0 F300 X41.273 Y36.791 Z5
G0 F9000 X41.339 Y36.337
G0 X40.832 Y36.446
G0 X40.52 Y36.622
G0 X39.529 Y37.281
G0 X38.454 Y37.075
G0 X34.162 Y38.053
G0 X31.918 Y39.391
;TIME_ELAPSED:275.858203
;LAYER:24
;note -- min layer time used
;TYPE:WALL-INNER
;MESH:slupek4.stl
G1 F2700 E81.006
G1 F600 X32.28 Y39.183 E81.01989
G1 X32.55 Y38.897 E81.03297
G1 X32.724 Y38.631 E81.04354
G1 X32.837 Y38.347 E81.05371
G1 X32.896 Y38.039 E81.06414
G1 X32.896 Y37.722 E81.07468
G1 X32.823 Y37.342 E81.08755
G1 X32.606 Y36.921 E81.1033
G1 X32.331 Y36.634 E81.11652
G1 X32.015 Y36.409 E81.12943
G1 X31.641 Y36.278 E81.14261
G1 X31.256 Y36.223 E81.15554
G1 X30.787 Y36.29 E81.1713
G1 X30.434 Y36.45 E81.18419
G1 X30.176 Y36.635 E81.19475
G1 X29.906 Y36.92 E81.20781
G1 X29.69 Y37.338 E81.22345
G1 X29.616 Y37.725 E81.23656
G1 X29.616 Y38.039 E81.247
G1 X29.675 Y38.347 E81.25743
G1 X29.789 Y38.632 E81.26764
G1 X30.002 Y38.966 E81.28082
G1 X30.294 Y39.217 E81.29363
G1 X30.642 Y39.421 E81.30704
G1 X31.094 Y39.529 E81.3225
G1 X31.495 Y39.511 E81.33585
G1 X31.867 Y39.42 E81.34859
G1 X31.918 Y39.391 E81.35054
G0 F9000 X32.079 Y39.76
;TYPE:WALL-OUTER
G1 F600 X32.53 Y39.501 E81.36784
G1 X32.866 Y39.147 E81.38407
G1 X33.081 Y38.815 E81.39723
G1 X33.223 Y38.459 E81.40997
G1 X33.296 Y38.077 E81.42291
G1 X33.296 Y37.684 E81.43598
G1 X33.205 Y37.21 E81.45203
G1 X32.935 Y36.686 E81.47164
G1 X32.593 Y36.329 E81.48808
G1 X32.199 Y36.049 E81.50416
G1 X31.736 Y35.888 E81.52046
G1 X31.256 Y35.819 E81.53659
G1 X30.673 Y35.902 E81.55618
G1 X30.233 Y36.102 E81.57225
G1 X29.912 Y36.332 E81.58539
G1 X29.577 Y36.686 E81.6016
G1 X29.308 Y37.206 E81.62107
G1 X29.216 Y37.687 E81.63736
G1 X29.216 Y38.077 E81.65033
G1 X29.289 Y38.459 E81.66326
G1 X29.431 Y38.816 E81.67604
G1 X29.697 Y39.231 E81.69244
G1 X30.061 Y39.544 E81.70841
G1 X30.492 Y39.796 E81.72501
G1 X31.056 Y39.931 E81.7443
G1 X31.551 Y39.909 E81.76078
G1 X32.017 Y39.796 E81.77673
G1 X32.079 Y39.76 E81.77911
G0 F9000 X31.772 Y39.058
;TYPE:SKIN
G1 F600 X31.728 Y39.084 E81.78081
G1 X31.447 Y39.153 E81.79044
G1 X31.124 Y39.167 E81.80119
G1 X30.776 Y39.084 E81.81309
G1 X30.506 Y38.925 E81.82351
G1 X30.277 Y38.723 E81.83367
G1 X30.107 Y38.463 E81.844
G1 X30.021 Y38.248 E81.8517
G1 X29.976 Y37.755 E81.86817
G1 X30.032 Y37.458 E81.87822
G1 X30.205 Y37.126 E81.89067
G1 X30.507 Y36.809 E81.90523
G1 X30.889 Y36.639 E81.91914
G1 X31.256 Y36.587 E81.93147
G1 X31.548 Y36.628 E81.94127
G1 X31.847 Y36.732 E81.9518
G1 X32.092 Y36.905 E81.96178
G1 X32.303 Y37.126 E81.97194
G1 X32.477 Y37.463 E81.98456
G1 X32.536 Y37.753 E81.9944
G1 X32.487 Y38.242 E82.01074
G1 X32.269 Y38.668 E82.02666
G1 X32.051 Y38.897 E82.03718
G1 X31.772 Y39.058 E82.04789
G0 F9000 X31.901 Y39.285
G0 X31.11 Y39.367
G0 X30.704 Y39.27
G0 X30.183 Y38.9
G0 X29.751 Y38.213
G0 X30.208 Y38.127
G1 F600 X31.016 Y38.935 E82.0859
G0 F9000 X31.564 Y38.918
G1 F600 X30.214 Y37.568 E82.1494
G0 F9000 X30.411 Y37.199
G1 F600 X31.938 Y38.726 E82.22122
G0 F9000 X32.204 Y38.427
G1 F600 X30.714 Y36.936 E82.29133
G0 F9000 X31.147 Y36.804
G1 F600 X32.334 Y37.991 E82.34716
G1 F2700 E77.34716
;MESH:slupek4.stl(1)
G0 F9000 X32.786 Y38.078
G0 X33.068 Y38.053
G0 X34.162 Y38.053
G0 X38.352 Y38.053
G0 X41.854 Y39.423
;TYPE:WALL-INNER
G1 F2700 E82.34716
G1 F600 X41.867 Y39.42 E82.34761
G1 X42.28 Y39.183 E82.36344
G1 X42.55 Y38.897 E82.37653
G1 X42.724 Y38.631 E82.3871
G1 X42.837 Y38.347 E82.39726
G1 X42.896 Y38.039 E82.40769
G1 X42.896 Y37.722 E82.41824
G1 X42.823 Y37.342 E82.43111
G1 X42.606 Y36.921 E82.44686
G1 X42.331 Y36.634 E82.46008
G1 X42.015 Y36.409 E82.47298
G1 X41.641 Y36.278 E82.48616
G1 X41.256 Y36.223 E82.4991
G1 X40.787 Y36.29 E82.51486
G1 X40.434 Y36.45 E82.52775
G1 X40.176 Y36.635 E82.53831
G1 X39.906 Y36.92 E82.55136
G1 X39.69 Y37.338 E82.56701
G1 X39.616 Y37.725 E82.58012
G1 X39.616 Y38.039 E82.59056
G1 X39.675 Y38.347 E82.60099
G1 X39.789 Y38.632 E82.6112
G1 X40.002 Y38.966 E82.62438
G1 X40.294 Y39.217 E82.63718
G1 X40.642 Y39.421 E82.6506
G1 X41.094 Y39.529 E82.66606
G1 X41.495 Y39.511 E82.67941
G1 X41.854 Y39.423 E82.6917
G0 F9000 X41.999 Y39.8
;TYPE:WALL-OUTER
G1 F600 X42.017 Y39.796 E82.69232
G1 X42.53 Y39.501 E82.712
G1 X42.866 Y39.147 E82.72823
G1 X43.081 Y38.815 E82.74139
G1 X43.223 Y38.459 E82.75413
G1 X43.296 Y38.077 E82.76707
G1 X43.296 Y37.684 E82.78014
G1 X43.205 Y37.21 E82.79619
G1 X42.935 Y36.686 E82.8158
G1 X42.593 Y36.329 E82.83224
G1 X42.199 Y36.049 E82.84832
G1 X41.736 Y35.888 E82.86462
G1 X41.256 Y35.819 E82.88075
G1 X40.673 Y35.902 E82.90034
G1 X40.233 Y36.102 E82.91641
G1 X39.912 Y36.332 E82.92955
G1 X39.577 Y36.686 E82.94576
G1 X39.308 Y37.206 E82.96523
G1 X39.216 Y37.687 E82.98152
G1 X39.216 Y38.077 E82.99449
G1 X39.289 Y38.459 E83.00743
G1 X39.431 Y38.816 E83.0202
G1 X39.697 Y39.231 E83.0366
G1 X40.061 Y39.544 E83.05257
G1 X40.492 Y39.796 E83.06917
G1 X41.056 Y39.931 E83.08846
G1 X41.551 Y39.909 E83.10494
G1 X41.999 Y39.8 E83.12028
G0 F9000 X41.723 Y39.085
;TYPE:SKIN
G1 F600 X41.447 Y39.153 E83.12973
G1 X41.124 Y39.167 E83.14048
G1 X40.776 Y39.084 E83.15238
G1 X40.506 Y38.925 E83.1628
G1 X40.277 Y38.723 E83.17296
G1 X40.107 Y38.463 E83.18329
G1 X40.021 Y38.248 E83.19099
G1 X39.976 Y37.755 E83.20746
G1 X40.032 Y37.458 E83.21751
G1 X40.205 Y37.126 E83.22996
G1 X40.507 Y36.809 E83.24453
G1 X40.889 Y36.639 E83.25843
G1 X41.256 Y36.587 E83.27076
G1 X41.548 Y36.628 E83.28057
G1 X41.847 Y36.732 E83.2911
G1 X42.092 Y36.905 E83.30107
G1 X42.303 Y37.126 E83.31124
G1 X42.477 Y37.463 E83.32385
G1 X42.536 Y37.753 E83.33369
G1 X42.487 Y38.242 E83.35004
G1 X42.269 Y38.668 E83.36596
G1 X42.051 Y38.897 E83.37647
G1 X41.728 Y39.084 E83.38888
G1 X41.723 Y39.085 E83.38905
G0 F9000 X41.783 Y39.338
G0 X41.11 Y39.367
G0 X40.704 Y39.27
G0 X40.125 Y38.859
G0 X39.958 Y38.543
G0 X39.716 Y37.926
G0 X40.189 Y37.926
G1 F600 X41.225 Y38.962 E83.43778
G0 F9000 X41.698 Y38.87
G1 F600 X40.267 Y37.438 E83.50512
G0 F9000 X40.5 Y37.105
G1 F600 X42.027 Y38.633 E83.57697
G0 F9000 X42.246 Y38.286
G1 F600 X40.84 Y36.88 E83.6431
G0 F9000 X41.324 Y36.799
G1 F600 X42.315 Y37.789 E83.68969
G1 F2700 E78.68969
;MESH:NONMESH
G0 F300 X42.315 Y37.789 Z5.2
G0 F9000 X42.796 Y37.789
G0 X42.58 Y38.556
G0 X42.179 Y39.055
G0 X41.806 Y39.27
G0 X41.11 Y39.367
G0 X40.704 Y39.27
G0 X40.235 Y38.937
G0 X39.446 Y38.053
G0 X38.352 Y38.053
G0 X33.889 Y39.123
G0 X31.918 Y39.391
;TIME_ELAPSED:286.613924
;LAYER:25
;note -- min layer time used
;TYPE:WALL-INNER
;MESH:slupek4.stl
G1 F2700 E83.68969
G1 F600 X32.28 Y39.183 E83.70358
G1 X32.55 Y38.897 E83.71666
G1 X32.724 Y38.631 E83.72723
G1 X32.837 Y38.347 E83.7374
G1 X32.896 Y38.039 E83.74783
G1 X32.896 Y37.722 E83.75837
G1 X32.823 Y37.342 E83.77124
G1 X32.606 Y36.921 E83.78699
G1 X32.331 Y36.634 E83.80021
G1 X32.015 Y36.409 E83.81312
G1 X31.641 Y36.278 E83.8263
G1 X31.256 Y36.223 E83.83923
G1 X30.787 Y36.29 E83.85499
G1 X30.434 Y36.45 E83.86788
G1 X30.176 Y36.635 E83.87844
G1 X29.906 Y36.92 E83.8915
G1 X29.69 Y37.338 E83.90715
G1 X29.616 Y37.725 E83.92025
G1 X29.616 Y38.039 E83.93069
G1 X29.675 Y38.347 E83.94112
G1 X29.789 Y38.632 E83.95133
G1 X30.002 Y38.966 E83.96451
G1 X30.294 Y39.217 E83.97732
G1 X30.642 Y39.421 E83.99073
G1 X31.094 Y39.529 E84.00619
G1 X31.495 Y39.511 E84.01954
G1 X31.867 Y39.42 E84.03228
G1 X31.918 Y39.391 E84.03423
G0 F9000 X32.079 Y39.76
;TYPE:WALL-OUTER
G1 F600 X32.53 Y39.501 E84.05153
G1 X32.866 Y39.147 E84.06776
G1 X33.081 Y38.815 E84.08092
G1 X33.223 Y38.459 E84.09366
G1 X33.296 Y38.077 E84.1066
G1 X33.296 Y37.684 E84.11967
G1 X33.205 Y37.21 E84.13572
G1 X32.935 Y36.686 E84.15533
G1 X32.593 Y36.329 E84.17177
G1 X32.199 Y36.049 E84.18785
G1 X31.736 Y35.888 E84.20415
G1 X31.256 Y35.819 E84.22028
G1 X30.673 Y35.902 E84.23987
G1 X30.233 Y36.102 E84.25594
G1 X29.912 Y36.332 E84.26908
G1 X29.577 Y36.686 E84.28529
G1 X29.308 Y37.206 E84.30476
G1 X29.216 Y37.687 E84.32105
G1 X29.216 Y38.077 E84.33402
G1 X29.289 Y38.459 E84.34696
G1 X29.431 Y38.816 E84.35973
G1 X29.697 Y39.231 E84.37613
G1 X30.061 Y39.544 E84.3921
G1 X30.492 Y39.796 E84.4087
G1 X31.056 Y39.931 E84.42799
G1 X31.551 Y39.909 E84.44447
G1 X32.017 Y39.796 E84.46042
G1 X32.079 Y39.76 E84.4628
G0 F9000 X31.772 Y39.058
;TYPE:SKIN
G1 F600 X31.728 Y39.084 E84.4645
G1 X31.447 Y39.153 E84.47413
G1 X31.124 Y39.167 E84.48488
G1 X30.776 Y39.084 E84.49678
G1 X30.506 Y38.925 E84.5072
G1 X30.277 Y38.723 E84.51736
G1 X30.107 Y38.463 E84.52769
G1 X30.021 Y38.248 E84.53539
G1 X29.976 Y37.755 E84.55186
G1 X30.032 Y37.458 E84.56191
G1 X30.205 Y37.126 E84.57436
G1 X30.507 Y36.809 E84.58892
G1 X30.889 Y36.639 E84.60283
G1 X31.256 Y36.587 E84.61516
G1 X31.548 Y36.628 E84.62497
G1 X31.847 Y36.732 E84.63549
G1 X32.092 Y36.905 E84.64547
G1 X32.303 Y37.126 E84.65563
G1 X32.477 Y37.463 E84.66825
G1 X32.536 Y37.753 E84.67809
G1 X32.487 Y38.242 E84.69444
G1 X32.269 Y38.668 E84.71035
G1 X32.051 Y38.897 E84.72087
G1 X31.772 Y39.058 E84.73158
G0 F9000 X31.18 Y38.965
G1 F600 X32.318 Y37.827 E84.78511
G0 F9000 X32.205 Y37.374
G1 F600 X30.746 Y38.834 E84.85376
G0 F9000 X30.428 Y38.586
G1 F600 X31.959 Y37.055 E84.92577
G0 F9000 X31.594 Y36.854
G1 F600 X30.218 Y38.23 E84.9905
G0 F9000 X30.191 Y37.691
G1 F600 X31.067 Y36.815 E85.0317
G1 F2700 E80.0317
;MESH:slupek4.stl(1)
G0 F9000 X31.003 Y36.36
G0 X31.603 Y36.436
G0 X32.985 Y37.283
G0 X34.059 Y37.076
G0 X38.352 Y38.053
G0 X41.854 Y39.423
;TYPE:WALL-INNER
G1 F2700 E85.0317
G1 F600 X41.867 Y39.42 E85.03215
G1 X42.28 Y39.183 E85.04798
G1 X42.55 Y38.897 E85.06106
G1 X42.724 Y38.631 E85.07164
G1 X42.837 Y38.347 E85.0818
G1 X42.896 Y38.039 E85.09223
G1 X42.896 Y37.722 E85.10278
G1 X42.823 Y37.342 E85.11565
G1 X42.606 Y36.921 E85.1314
G1 X42.331 Y36.634 E85.14462
G1 X42.015 Y36.409 E85.15752
G1 X41.641 Y36.278 E85.1707
G1 X41.256 Y36.223 E85.18364
G1 X40.787 Y36.29 E85.19939
G1 X40.434 Y36.45 E85.21229
G1 X40.176 Y36.635 E85.22284
G1 X39.906 Y36.92 E85.2359
G1 X39.69 Y37.338 E85.25155
G1 X39.616 Y37.725 E85.26466
G1 X39.616 Y38.039 E85.2751
G1 X39.675 Y38.347 E85.28553
G1 X39.789 Y38.632 E85.29574
G1 X40.002 Y38.966 E85.30892
G1 X40.294 Y39.217 E85.32172
G1 X40.642 Y39.421 E85.33514
G1 X41.094 Y39.529 E85.3506
G1 X41.495 Y39.511 E85.36395
G1 X41.854 Y39.423 E85.37624
G0 F9000 X41.999 Y39.8
;TYPE:WALL-OUTER
G1 F600 X42.017 Y39.796 E85.37685
G1 X42.53 Y39.501 E85.39654
G1 X42.866 Y39.147 E85.41277
G1 X43.081 Y38.815 E85.42592
G1 X43.223 Y38.459 E85.43867
G1 X43.296 Y38.077 E85.45161
G1 X43.296 Y37.684 E85.46468
G1 X43.205 Y37.21 E85.48073
G1 X42.935 Y36.686 E85.50034
G1 X42.593 Y36.329 E85.51678
G1 X42.199 Y36.049 E85.53286
G1 X41.736 Y35.888 E85.54916
G1 X41.256 Y35.819 E85.56529
G1 X40.673 Y35.902 E85.58488
G1 X40.233 Y36.102 E85.60095
G1 X39.912 Y36.332 E85.61409
G1 X39.577 Y36.686 E85.6303
G1 X39.308 Y37.206 E85.64977
G1 X39.216 Y37.687 E85.66606
G1 X39.216 Y38.077 E85.67903
G1 X39.289 Y38.459 E85.69196
G1 X39.431 Y38.816 E85.70474
G1 X39.697 Y39.231 E85.72114
G1 X40.061 Y39.544 E85.7371
G1 X40.492 Y39.796 E85.75371
G1 X41.056 Y39.931 E85.773
G1 X41.551 Y39.909 E85.78948
G1 X41.999 Y39.8 E85.80481
G0 F9000 X41.723 Y39.085
;TYPE:SKIN
G1 F600 X41.447 Y39.153 E85.81427
G1 X41.124 Y39.167 E85.82502
G1 X40.776 Y39.084 E85.83692
G1 X40.506 Y38.925 E85.84734
G1 X40.277 Y38.723 E85.8575
G1 X40.107 Y38.463 E85.86783
G1 X40.021 Y38.248 E85.87553
G1 X39.976 Y37.755 E85.892
G1 X40.032 Y37.458 E85.90205
G1 X40.205 Y37.126 E85.9145
G1 X40.507 Y36.809 E85.92906
G1 X40.889 Y36.639 E85.94297
G1 X41.256 Y36.587 E85.9553
G1 X41.548 Y36.628 E85.96511
G1 X41.847 Y36.732 E85.97564
G1 X42.092 Y36.905 E85.98561
G1 X42.303 Y37.126 E85.99577
G1 X42.477 Y37.463 E86.00839
G1 X42.536 Y37.753 E86.01823
G1 X42.487 Y38.242 E86.03458
G1 X42.269 Y38.668 E86.05049
G1 X42.051 Y38.897 E86.06101
G1 X41.728 Y39.084 E86.07342
G1 X41.723 Y39.085 E86.07359
G0 F9000 X41.371 Y38.957
G1 F600 X42.332 Y37.996 E86.1188
G0 F9000 X42.267 Y37.494
G1 F600 X40.863 Y38.899 E86.18486
G0 F9000 X40.523 Y38.673
G1 F600 X42.047 Y37.149 E86.25654
G0 F9000 X41.728 Y36.902
G1 F600 X40.275 Y38.356 E86.32491
G0 F9000 X40.186 Y37.879
G1 F600 X41.273 Y36.791 E86.37606
G1 F2700 E81.37606
;MESH:NONMESH
G0 F300 X41.273 Y36.791 Z5.4
G0 F9000 X41.339 Y36.337
G0 X40.832 Y36.446
G0 X40.52 Y36.622
G0 X39.529 Y37.281
G0 X38.454 Y37.075
G0 X34.162 Y38.053
G0 X31.918 Y39.391
;TIME_ELAPSED:297.104368
;LAYER:26
;note -- min layer time used
;TYPE:WALL-INNER
;MESH:slupek4.stl
G1 F2700 E86.37606
G1 F600 X32.28 Y39.183 E86.38995
G1 X32.55 Y38.897 E86.40303
G1 X32.724 Y38.631 E86.4136
G1 X32.837 Y38.347 E86.42377
G1 X32.896 Y38.039 E86.4342
G1 X32.896 Y37.722 E86.44474
G1 X32.823 Y37.342 E86.45761
G1 X32.606 Y36.921 E86.47337
G1 X32.331 Y36.634 E86.48659
G1 X32.015 Y36.409 E86.49949
G1 X31.641 Y36.278 E86.51267
G1 X31.256 Y36.223 E86.5256
G1 X30.787 Y36.29 E86.54136
G1 X30.434 Y36.45 E86.55425
G1 X30.176 Y36.635 E86.56481
G1 X29.906 Y36.92 E86.57787
G1 X29.69 Y37.338 E86.59352
G1 X29.616 Y37.725 E86.60662
G1 X29.616 Y38.039 E86.61707
G1 X29.675 Y38.347 E86.6275
G1 X29.789 Y38.632 E86.63771
G1 X30.002 Y38.966 E86.65088
G1 X30.294 Y39.217 E86.66369
G1 X30.642 Y39.421 E86.67711
G1 X31.094 Y39.529 E86.69256
G1 X31.495 Y39.511 E86.70591
G1 X31.867 Y39.42 E86.71865
G1 X31.918 Y39.391 E86.7206
G0 F9000 X32.079 Y39.76
;TYPE:WALL-OUTER
G1 F600 X32.53 Y39.501 E86.7379
G1 X32.866 Y39.147 E86.75413
G1 X33.081 Y38.815 E86.76729
G1 X33.223 Y38.459 E86.78004
G1 X33.296 Y38.077 E86.79297
G1 X33.296 Y37.684 E86.80604
G1 X33.205 Y37.21 E86.8221
G1 X32.935 Y36.686 E86.8417
G1 X32.593 Y36.329 E86.85815
G1 X32.199 Y36.049 E86.87422
G1 X31.736 Y35.888 E86.89053
G1 X31.256 Y35.819 E86.90666
G1 X30.673 Y35.902 E86.92624
G1 X30.233 Y36.102 E86.94232
G1 X29.912 Y36.332 E86.95545
G1 X29.577 Y36.686 E86.97166
G1 X29.308 Y37.206 E86.99113
G1 X29.216 Y37.687 E87.00742
G1 X29.216 Y38.077 E87.02039
G1 X29.289 Y38.459 E87.03333
G1 X29.431 Y38.816 E87.04611
G1 X29.697 Y39.231 E87.0625
G1 X30.061 Y39.544 E87.07847
G1 X30.492 Y39.796 E87.09507
G1 X31.056 Y39.931 E87.11436
G1 X31.551 Y39.909 E87.13084
G1 X32.017 Y39.796 E87.14679
G1 X32.079 Y39.76 E87.14918
G0 F9000 X31.772 Y39.058
;TYPE:SKIN
G1 F600 X31.728 Y39.084 E87.15088
G1 X31.447 Y39.153 E87.1605
G1 X31.124 Y39.167 E87.17125
G1 X30.776 Y39.084 E87.18315
G1 X30.506 Y38.925 E87.19357
G1 X30.277 Y38.723 E87.20373
G1 X30.107 Y38.463 E87.21406
G1 X30.021 Y38.248 E87.22176
G1 X29.976 Y37.755 E87.23823
G1 X30.032 Y37.458 E87.24828
G1 X30.205 Y37.126 E87.26073
G1 X30.507 Y36.809 E87.2753
G1 X30.889 Y36.639 E87.2892
G1 X31.256 Y36.587 E87.30153
G1 X31.548 Y36.628 E87.31134
G1 X31.847 Y36.732 E87.32187
G1 X32.092 Y36.905 E87.33184
G1 X32.303 Y37.126 E87.34201
G1 X32.477 Y37.463 E87.35462
G1 X32.536 Y37.753 E87.36446
G1 X32.487 Y38.242 E87.38081
G1 X32.269 Y38.668 E87.39672
G1 X32.051 Y38.897 E87.40724
G1 X31.772 Y39.058 E87.41795
G0 F9000 X31.901 Y39.285
G0 X31.11 Y39.367
G0 X30.704 Y39.27
G0 X30.183 Y38.9
G0 X29.751 Y38.213
G0 X30.208 Y38.127
G1 F600 X31.016 Y38.935 E87.45596
G0 F9000 X31.564 Y38.918
G1 F600 X30.214 Y37.568 E87.51946
G0 F9000 X30.411 Y37.199
G1 F600 X31.938 Y38.726 E87.59129
G0 F9000 X32.204 Y38.427
G1 F600 X30.714 Y36.936 E87.66139
G0 F9000 X31.147 Y36.804
G1 F600 X32.334 Y37.991 E87.71723
G1 F2700 E82.71723
;MESH:slupek4.stl(1)
G0 F9000 X32.786 Y38.078
G0 X33.068 Y38.053
G0 X34.162 Y38.053
G0 X38.352 Y38.053
G0 X41.854 Y39.423
;TYPE:WALL-INNER
G1 F2700 E87.71723
G1 F600 X41.867 Y39.42 E87.71767
G1 X42.28 Y39.183 E87.73351
G1 X42.55 Y38.897 E87.74659
G1 X42.724 Y38.631 E87.75716
G1 X42.837 Y38.347 E87.76733
G1 X42.896 Y38.039 E87.77776
G1 X42.896 Y37.722 E87.7883
G1 X42.823 Y37.342 E87.80117
G1 X42.606 Y36.921 E87.81693
G1 X42.331 Y36.634 E87.83015
G1 X42.015 Y36.409 E87.84305
G1 X41.641 Y36.278 E87.85623
G1 X41.256 Y36.223 E87.86916
G1 X40.787 Y36.29 E87.88492
G1 X40.434 Y36.45 E87.89781
G1 X40.176 Y36.635 E87.90837
G1 X39.906 Y36.92 E87.92143
G1 X39.69 Y37.338 E87.93708
G1 X39.616 Y37.725 E87.95018
G1 X39.616 Y38.039 E87.96063
G1 X39.675 Y38.347 E87.97106
G1 X39.789 Y38.632 E87.98127
G1 X40.002 Y38.966 E87.99444
G1 X40.294 Y39.217 E88.00725
G1 X40.642 Y39.421 E88.02066
G1 X41.094 Y39.529 E88.03612
G1 X41.495 Y39.511 E88.04947
G1 X41.854 Y39.423 E88.06177
G0 F9000 X41.999 Y39.8
;TYPE:WALL-OUTER
G1 F600 X42.017 Y39.796 E88.06238
G1 X42.53 Y39.501 E88.08206
G1 X42.866 Y39.147 E88.09829
G1 X43.081 Y38.815 E88.11145
G1 X43.223 Y38.459 E88.1242
G1 X43.296 Y38.077 E88.13713
G1 X43.296 Y37.684 E88.1502
G1 X43.205 Y37.21 E88.16626
G1 X42.935 Y36.686 E88.18586
G1 X42.593 Y36.329 E88.20231
G1 X42.199 Y36.049 E88.21838
G1 X41.736 Y35.888 E88.23469
G1 X41.256 Y35.819 E88.25082
G1 X40.673 Y35.902 E88.2704
G1 X40.233 Y36.102 E88.28648
G1 X39.912 Y36.332 E88.29961
G1 X39.577 Y36.686 E88.31582
G1 X39.308 Y37.206 E88.33529
G1 X39.216 Y37.687 E88.35158
G1 X39.216 Y38.077 E88.36455
G1 X39.289 Y38.459 E88.37749
G1 X39.431 Y38.816 E88.39027
G1 X39.697 Y39.231 E88.40666
G1 X40.061 Y39.544 E88.42263
G1 X40.492 Y39.796 E88.43924
G1 X41.056 Y39.931 E88.45852
G1 X41.551 Y39.909 E88.475
G1 X41.999 Y39.8 E88.49034
G0 F9000 X41.723 Y39.085
;TYPE:SKIN
G1 F600 X41.447 Y39.153 E88.49979
G1 X41.124 Y39.167 E88.51055
G1 X40.776 Y39.084 E88.52245
G1 X40.506 Y38.925 E88.53287
G1 X40.277 Y38.723 E88.54302
G1 X40.107 Y38.463 E88.55336
G1 X40.021 Y38.248 E88.56106
G1 X39.976 Y37.755 E88.57752
G1 X40.032 Y37.458 E88.58758
G1 X40.205 Y37.126 E88.60003
G1 X40.507 Y36.809 E88.61459
G1 X40.889 Y36.639 E88.6285
G1 X41.256 Y36.587 E88.64083
G1 X41.548 Y36.628 E88.65063
G1 X41.847 Y36.732 E88.66116
G1 X42.092 Y36.905 E88.67114
G1 X42.303 Y37.126 E88.6813
G1 X42.477 Y37.463 E88.69391
G1 X42.536 Y37.753 E88.70376
G1 X42.487 Y38.242 E88.7201
G1 X42.269 Y38.668 E88.73602
G1 X42.051 Y38.897 E88.74654
G1 X41.728 Y39.084 E88.75895
G1 X41.723 Y39.085 E88.75912
G0 F9000 X41.783 Y39.338
G0 X41.11 Y39.367
G0 X40.704 Y39.27
G0 X40.125 Y38.859
G0 X39.958 Y38.543
G0 X39.716 Y37.926
G0 X40.189 Y37.926
G1 F600 X41.225 Y38.962 E88.80785
G0 F9000 X41.698 Y38.87
G1 F600 X40.267 Y37.438 E88.87518
G0 F9000 X40.5 Y37.105
G1 F600 X42.027 Y38.633 E88.94703
G0 F9000 X42.246 Y38.286
G1 F600 X40.84 Y36.88 E89.01316
G0 F9000 X41.324 Y36.799
G1 F600 X42.315 Y37.789 E89.05975
G1 F2700 E84.05975
;MESH:NONMESH
G0 F300 X42.315 Y37.789 Z5.6
G0 F9000 X42.796 Y37.789
G0 X42.58 Y38.556
G0 X42.179 Y39.055
G0 X41.806 Y39.27
G0 X41.11 Y39.367
G0 X40.704 Y39.27
G0 X40.235 Y38.937
G0 X39.446 Y38.053
G0 X38.352 Y38.053
G0 X33.889 Y39.123
G0 X31.918 Y39.391
;TIME_ELAPSED:307.860089
;LAYER:27
;note -- min layer time used
;TYPE:WALL-INNER
;MESH:slupek4.stl
G1 F2700 E89.05975
G1 F600 X32.28 Y39.183 E89.07364
G1 X32.55 Y38.897 E89.08672
G1 X32.724 Y38.631 E89.09729
G1 X32.837 Y38.347 E89.10746
G1 X32.896 Y38.039 E89.11789
G1 X32.896 Y37.722 E89.12843
G1 X32.823 Y37.342 E89.1413
G1 X32.606 Y36.921 E89.15706
G1 X32.331 Y36.634 E89.17028
G1 X32.015 Y36.409 E89.18318
G1 X31.641 Y36.278 E89.19636
G1 X31.256 Y36.223 E89.2093
G1 X30.787 Y36.29 E89.22505
G1 X30.434 Y36.45 E89.23794
G1 X30.176 Y36.635 E89.2485
G1 X29.906 Y36.92 E89.26156
G1 X29.69 Y37.338 E89.27721
G1 X29.616 Y37.725 E89.29031
G1 X29.616 Y38.039 E89.30076
G1 X29.675 Y38.347 E89.31119
G1 X29.789 Y38.632 E89.3214
G1 X30.002 Y38.966 E89.33457
G1 X30.294 Y39.217 E89.34738
G1 X30.642 Y39.421 E89.3608
G1 X31.094 Y39.529 E89.37625
G1 X31.495 Y39.511 E89.3896
G1 X31.867 Y39.42 E89.40234
G1 X31.918 Y39.391 E89.40429
G0 F9000 X32.079 Y39.76
;TYPE:WALL-OUTER
G1 F600 X32.53 Y39.501 E89.42159
G1 X32.866 Y39.147 E89.43782
G1 X33.081 Y38.815 E89.45098
G1 X33.223 Y38.459 E89.46373
G1 X33.296 Y38.077 E89.47666
G1 X33.296 Y37.684 E89.48973
G1 X33.205 Y37.21 E89.50579
G1 X32.935 Y36.686 E89.52539
G1 X32.593 Y36.329 E89.54184
G1 X32.199 Y36.049 E89.55791
G1 X31.736 Y35.888 E89.57422
G1 X31.256 Y35.819 E89.59035
G1 X30.673 Y35.902 E89.60993
G1 X30.233 Y36.102 E89.62601
G1 X29.912 Y36.332 E89.63914
G1 X29.577 Y36.686 E89.65535
G1 X29.308 Y37.206 E89.67482
G1 X29.216 Y37.687 E89.69111
G1 X29.216 Y38.077 E89.70408
G1 X29.289 Y38.459 E89.71702
G1 X29.431 Y38.816 E89.7298
G1 X29.697 Y39.231 E89.74619
G1 X30.061 Y39.544 E89.76216
G1 X30.492 Y39.796 E89.77877
G1 X31.056 Y39.931 E89.79805
G1 X31.551 Y39.909 E89.81453
G1 X32.017 Y39.796 E89.83048
G1 X32.079 Y39.76 E89.83287
G0 F9000 X31.772 Y39.058
;TYPE:SKIN
G1 F600 X31.728 Y39.084 E89.83457
G1 X31.447 Y39.153 E89.84419
G1 X31.124 Y39.167 E89.85494
G1 X30.776 Y39.084 E89.86684
G1 X30.506 Y38.925 E89.87727
G1 X30.277 Y38.723 E89.88742
G1 X30.107 Y38.463 E89.89775
G1 X30.021 Y38.248 E89.90546
G1 X29.976 Y37.755 E89.92192
G1 X30.032 Y37.458 E89.93197
G1 X30.205 Y37.126 E89.94442
G1 X30.507 Y36.809 E89.95899
G1 X30.889 Y36.639 E89.97289
G1 X31.256 Y36.587 E89.98522
G1 X31.548 Y36.628 E89.99503
G1 X31.847 Y36.732 E90.00556
G1 X32.092 Y36.905 E90.01553
G1 X32.303 Y37.126 E90.0257
G1 X32.477 Y37.463 E90.03831
G1 X32.536 Y37.753 E90.04815
G1 X32.487 Y38.242 E90.0645
G1 X32.269 Y38.668 E90.08042
G1 X32.051 Y38.897 E90.09093
G1 X31.772 Y39.058 E90.10165
G0 F9000 X31.18 Y38.965
G1 F600 X32.318 Y37.827 E90.15517
G0 F9000 X32.205 Y37.374
G1 F600 X30.746 Y38.834 E90.22382
G0 F9000 X30.428 Y38.586
G1 F600 X31.959 Y37.055 E90.29584
G0 F9000 X31.594 Y36.854
G1 F600 X30.218 Y38.23 E90.36056
G0 F9000 X30.191 Y37.691
G1 F600 X31.067 Y36.815 E90.40177
G1 F2700 E85.40177
;MESH:slupek4.stl(1)
G0 F9000 X31.003 Y36.36
G0 X31.603 Y36.436
G0 X32.985 Y37.283
G0 X34.059 Y37.076
G0 X38.352 Y38.053
G0 X41.854 Y39.423
;TYPE:WALL-INNER
G1 F2700 E90.40177
G1 F600 X41.867 Y39.42 E90.40221
G1 X42.28 Y39.183 E90.41805
G1 X42.55 Y38.897 E90.43113
G1 X42.724 Y38.631 E90.4417
G1 X42.837 Y38.347 E90.45187
G1 X42.896 Y38.039 E90.4623
G1 X42.896 Y37.722 E90.47284
G1 X42.823 Y37.342 E90.48571
G1 X42.606 Y36.921 E90.50146
G1 X42.331 Y36.634 E90.51468
G1 X42.015 Y36.409 E90.52759
G1 X41.641 Y36.278 E90.54077
G1 X41.256 Y36.223 E90.5537
G1 X40.787 Y36.29 E90.56946
G1 X40.434 Y36.45 E90.58235
G1 X40.176 Y36.635 E90.59291
G1 X39.906 Y36.92 E90.60597
G1 X39.69 Y37.338 E90.62162
G1 X39.616 Y37.725 E90.63472
G1 X39.616 Y38.039 E90.64516
G1 X39.675 Y38.347 E90.65559
G1 X39.789 Y38.632 E90.6658
G1 X40.002 Y38.966 E90.67898
G1 X40.294 Y39.217 E90.69179
G1 X40.642 Y39.421 E90.7052
G1 X41.094 Y39.529 E90.72066
G1 X41.495 Y39.511 E90.73401
G1 X41.854 Y39.423 E90.7463
G0 F9000 X41.999 Y39.8
;TYPE:WALL-OUTER
G1 F600 X42.017 Y39.796 E90.74692
G1 X42.53 Y39.501 E90.7666
G1 X42.866 Y39.147 E90.78283
G1 X43.081 Y38.815 E90.79599
G1 X43.223 Y38.459 E90.80874
G1 X43.296 Y38.077 E90.82167
G1 X43.296 Y37.684 E90.83474
G1 X43.205 Y37.21 E90.8508
G1 X42.935 Y36.686 E90.8704
G1 X42.593 Y36.329 E90.88685
G1 X42.199 Y36.049 E90.90292
G1 X41.736 Y35.888 E90.91923
G1 X41.256 Y35.819 E90.93535
G1 X40.673 Y35.902 E90.95494
G1 X40.233 Y36.102 E90.97102
G1 X39.912 Y36.332 E90.98415
G1 X39.577 Y36.686 E91.00036
G1 X39.308 Y37.206 E91.01983
G1 X39.216 Y37.687 E91.03612
G1 X39.216 Y38.077 E91.04909
G1 X39.289 Y38.459 E91.06203
G1 X39.431 Y38.816 E91.07481
G1 X39.697 Y39.231 E91.0912
G1 X40.061 Y39.544 E91.10717
G1 X40.492 Y39.796 E91.12377
G1 X41.056 Y39.931 E91.14306
G1 X41.551 Y39.909 E91.15954
G1 X41.999 Y39.8 E91.17488
G0 F9000 X41.723 Y39.085
;TYPE:SKIN
G1 F600 X41.447 Y39.153 E91.18433
G1 X41.124 Y39.167 E91.19509
G1 X40.776 Y39.084 E91.20698
G1 X40.506 Y38.925 E91.21741
G1 X40.277 Y38.723 E91.22756
G1 X40.107 Y38.463 E91.23789
G1 X40.021 Y38.248 E91.2456
G1 X39.976 Y37.755 E91.26206
G1 X40.032 Y37.458 E91.27211
G1 X40.205 Y37.126 E91.28457
G1 X40.507 Y36.809 E91.29913
G1 X40.889 Y36.639 E91.31303
G1 X41.256 Y36.587 E91.32536
G1 X41.548 Y36.628 E91.33517
G1 X41.847 Y36.732 E91.3457
G1 X42.092 Y36.905 E91.35568
G1 X42.303 Y37.126 E91.36584
G1 X42.477 Y37.463 E91.37845
G1 X42.536 Y37.753 E91.3883
G1 X42.487 Y38.242 E91.40464
G1 X42.269 Y38.668 E91.42056
G1 X42.051 Y38.897 E91.43107
G1 X41.728 Y39.084 E91.44349
G1 X41.723 Y39.085 E91.44366
G0 F9000 X41.371 Y38.957
G1 F600 X42.332 Y37.996 E91.48886
G0 F9000 X42.267 Y37.494
G1 F600 X40.863 Y38.899 E91.55492
G0 F9000 X40.523 Y38.673
G1 F600 X42.047 Y37.149 E91.62661
G0 F9000 X41.728 Y36.902
G1 F600 X40.275 Y38.356 E91.69497
G0 F9000 X40.186 Y37.879
G1 F600 X41.273 Y36.791 E91.74613
G1 F2700 E86.74613
;MESH:NONMESH
G0 F300 X41.273 Y36.791 Z5.8
G0 F9000 X41.339 Y36.337
G0 X40.832 Y36.446
G0 X40.52 Y36.622
G0 X39.529 Y37.281
G0 X38.454 Y37.075
G0 X34.162 Y38.053
G0 X31.918 Y39.391
;TIME_ELAPSED:318.350533
;LAYER:28
;note -- min layer time used
;TYPE:WALL-INNER
;MESH:slupek4.stl
G1 F2700 E91.74613
G1 F600 X32.28 Y39.183 E91.76001
G1 X32.55 Y38.897 E91.7731
G1 X32.724 Y38.631 E91.78367
G1 X32.837 Y38.347 E91.79383
G1 X32.896 Y38.039 E91.80426
G1 X32.896 Y37.722 E91.81481
G1 X32.823 Y37.342 E91.82768
G1 X32.606 Y36.921 E91.84343
G1 X32.331 Y36.634 E91.85665
G1 X32.015 Y36.409 E91.86955
G1 X31.641 Y36.278 E91.88273
G1 X31.256 Y36.223 E91.89567
G1 X30.787 Y36.29 E91.91143
G1 X30.434 Y36.45 E91.92432
G1 X30.176 Y36.635 E91.93488
G1 X29.906 Y36.92 E91.94793
G1 X29.69 Y37.338 E91.96358
G1 X29.616 Y37.725 E91.97669
G1 X29.616 Y38.039 E91.98713
G1 X29.675 Y38.347 E91.99756
G1 X29.789 Y38.632 E92.00777
G1 X30.002 Y38.966 E92.02095
G1 X30.294 Y39.217 E92.03375
G1 X30.642 Y39.421 E92.04717
G1 X31.094 Y39.529 E92.06263
G1 X31.495 Y39.511 E92.07598
G1 X31.867 Y39.42 E92.08871
G1 X31.918 Y39.391 E92.09067
G0 F9000 X32.079 Y39.76
;TYPE:WALL-OUTER
G1 F600 X32.53 Y39.501 E92.10796
G1 X32.866 Y39.147 E92.1242
G1 X33.081 Y38.815 E92.13735
G1 X33.223 Y38.459 E92.1501
G1 X33.296 Y38.077 E92.16304
G1 X33.296 Y37.684 E92.17611
G1 X33.205 Y37.21 E92.19216
G1 X32.935 Y36.686 E92.21177
G1 X32.593 Y36.329 E92.22821
G1 X32.199 Y36.049 E92.24429
G1 X31.736 Y35.888 E92.26059
G1 X31.256 Y35.819 E92.27672
G1 X30.673 Y35.902 E92.29631
G1 X30.233 Y36.102 E92.31238
G1 X29.912 Y36.332 E92.32551
G1 X29.577 Y36.686 E92.34173
G1 X29.308 Y37.206 E92.3612
G1 X29.216 Y37.687 E92.37749
G1 X29.216 Y38.077 E92.39046
G1 X29.289 Y38.459 E92.40339
G1 X29.431 Y38.816 E92.41617
G1 X29.697 Y39.231 E92.43257
G1 X30.061 Y39.544 E92.44853
G1 X30.492 Y39.796 E92.46514
G1 X31.056 Y39.931 E92.48443
G1 X31.551 Y39.909 E92.50091
G1 X32.017 Y39.796 E92.51686
G1 X32.079 Y39.76 E92.51924
G0 F9000 X31.772 Y39.058
;TYPE:SKIN
G1 F600 X31.728 Y39.084 E92.52094
G1 X31.447 Y39.153 E92.53056
G1 X31.124 Y39.167 E92.54132
G1 X30.776 Y39.084 E92.55322
G1 X30.506 Y38.925 E92.56364
G1 X30.277 Y38.723 E92.57379
G1 X30.107 Y38.463 E92.58413
G1 X30.021 Y38.248 E92.59183
G1 X29.976 Y37.755 E92.60829
G1 X30.032 Y37.458 E92.61835
G1 X30.205 Y37.126 E92.6308
G1 X30.507 Y36.809 E92.64536
G1 X30.889 Y36.639 E92.65927
G1 X31.256 Y36.587 E92.67159
G1 X31.548 Y36.628 E92.6814
G1 X31.847 Y36.732 E92.69193
G1 X32.092 Y36.905 E92.70191
G1 X32.303 Y37.126 E92.71207
G1 X32.477 Y37.463 E92.72468
G1 X32.536 Y37.753 E92.73453
G1 X32.487 Y38.242 E92.75087
G1 X32.269 Y38.668 E92.76679
G1 X32.051 Y38.897 E92.7773
G1 X31.772 Y39.058 E92.78802
G0 F9000 X31.901 Y39.285
G0 X31.11 Y39.367
G0 X30.704 Y39.27
G0 X30.183 Y38.9
G0 X29.751 Y38.213
G0 X30.208 Y38.127
G1 F600 X31.016 Y38.935 E92.82602
G0 F9000 X31.564 Y38.918
G1 F600 X30.214 Y37.568 E92.88952
G0 F9000 X30.411 Y37.199
G1 F600 X31.938 Y38.726 E92.96135
G0 F9000 X32.204 Y38.427
G1 F600 X30.714 Y36.936 E93.03146
G0 F9000 X31.147 Y36.804
G1 F600 X32.334 Y37.991 E93.08729
G1 F2700 E88.08729
;MESH:slupek4.stl(1)
G0 F9000 X32.786 Y38.078
G0 X33.068 Y38.053
G0 X34.162 Y38.053
G0 X38.352 Y38.053
G0 X41.854 Y39.423
;TYPE:WALL-INNER
G1 F2700 E93.08729
G1 F600 X41.867 Y39.42 E93.08773
G1 X42.28 Y39.183 E93.10357
G1 X42.55 Y38.897 E93.11665
G1 X42.724 Y38.631 E93.12723
G1 X42.837 Y38.347 E93.13739
G1 X42.896 Y38.039 E93.14782
G1 X42.896 Y37.722 E93.15837
G1 X42.823 Y37.342 E93.17124
G1 X42.606 Y36.921 E93.18699
G1 X42.331 Y36.634 E93.20021
G1 X42.015 Y36.409 E93.21311
G1 X41.641 Y36.278 E93.22629
G1 X41.256 Y36.223 E93.23923
G1 X40.787 Y36.29 E93.25498
G1 X40.434 Y36.45 E93.26787
G1 X40.176 Y36.635 E93.27843
G1 X39.906 Y36.92 E93.29149
G1 X39.69 Y37.338 E93.30714
G1 X39.616 Y37.725 E93.32025
G1 X39.616 Y38.039 E93.33069
G1 X39.675 Y38.347 E93.34112
G1 X39.789 Y38.632 E93.35133
G1 X40.002 Y38.966 E93.3645
G1 X40.294 Y39.217 E93.37731
G1 X40.642 Y39.421 E93.39073
G1 X41.094 Y39.529 E93.40619
G1 X41.495 Y39.511 E93.41954
G1 X41.854 Y39.423 E93.43183
G0 F9000 X41.999 Y39.8
;TYPE:WALL-OUTER
G1 F600 X42.017 Y39.796 E93.43244
G1 X42.53 Y39.501 E93.45213
G1 X42.866 Y39.147 E93.46836
G1 X43.081 Y38.815 E93.48151
G1 X43.223 Y38.459 E93.49426
G1 X43.296 Y38.077 E93.5072
G1 X43.296 Y37.684 E93.52027
G1 X43.205 Y37.21 E93.53632
G1 X42.935 Y36.686 E93.55593
G1 X42.593 Y36.329 E93.57237
G1 X42.199 Y36.049 E93.58845
G1 X41.736 Y35.888 E93.60475
G1 X41.256 Y35.819 E93.62088
G1 X40.673 Y35.902 E93.64047
G1 X40.233 Y36.102 E93.65654
G1 X39.912 Y36.332 E93.66968
G1 X39.577 Y36.686 E93.68589
G1 X39.308 Y37.206 E93.70536
G1 X39.216 Y37.687 E93.72165
G1 X39.216 Y38.077 E93.73462
G1 X39.289 Y38.459 E93.74755
G1 X39.431 Y38.816 E93.76033
G1 X39.697 Y39.231 E93.77673
G1 X40.061 Y39.544 E93.79269
G1 X40.492 Y39.796 E93.8093
G1 X41.056 Y39.931 E93.82859
G1 X41.551 Y39.909 E93.84507
G1 X41.999 Y39.8 E93.8604
G0 F9000 X41.723 Y39.085
;TYPE:SKIN
G1 F600 X41.447 Y39.153 E93.86986
G1 X41.124 Y39.167 E93.88061
G1 X40.776 Y39.084 E93.89251
G1 X40.506 Y38.925 E93.90293
G1 X40.277 Y38.723 E93.91309
G1 X40.107 Y38.463 E93.92342
G1 X40.021 Y38.248 E93.93112
G1 X39.976 Y37.755 E93.94759
G1 X40.032 Y37.458 E93.95764
G1 X40.205 Y37.126 E93.97009
G1 X40.507 Y36.809 E93.98465
G1 X40.889 Y36.639 E93.99856
G1 X41.256 Y36.587 E94.01089
G1 X41.548 Y36.628 E94.0207
G1 X41.847 Y36.732 E94.03123
G1 X42.092 Y36.905 E94.0412
G1 X42.303 Y37.126 E94.05136
G1 X42.477 Y37.463 E94.06398
G1 X42.536 Y37.753 E94.07382
G1 X42.487 Y38.242 E94.09017
G1 X42.269 Y38.668 E94.10608
G1 X42.051 Y38.897 E94.1166
G1 X41.728 Y39.084 E94.12901
G1 X41.723 Y39.085 E94.12918
G0 F9000 X41.783 Y39.338
G0 X41.11 Y39.367
G0 X40.704 Y39.27
G0 X40.125 Y38.859
G0 X39.958 Y38.543
G0 X39.716 Y37.926
G0 X40.189 Y37.926
G1 F600 X41.225 Y38.962 E94.17791
G0 F9000 X41.698 Y38.87
G1 F600 X40.267 Y37.438 E94.24525
G0 F9000 X40.5 Y37.105
G1 F600 X42.027 Y38.633 E94.31709
G0 F9000 X42.246 Y38.286
G1 F600 X40.84 Y36.88 E94.38323
G0 F9000 X41.324 Y36.799
G1 F600 X42.315 Y37.789 E94.42982
G1 F2700 E89.42982
;MESH:NONMESH
G0 F300 X42.315 Y37.789 Z6
G0 F9000 X42.796 Y37.789
G0 X42.58 Y38.556
G0 X42.179 Y39.055
G0 X41.806 Y39.27
G0 X41.11 Y39.367
G0 X40.704 Y39.27
G0 X40.235 Y38.937
G0 X39.446 Y38.053
G0 X38.352 Y38.053
G0 X33.889 Y39.123
G0 X31.918 Y39.391
;TIME_ELAPSED:329.106254
;LAYER:29
;note -- min layer time used
;TYPE:WALL-INNER
;MESH:slupek4.stl
G1 F2700 E94.42982
G1 F600 X32.28 Y39.183 E94.44371
G1 X32.55 Y38.897 E94.45679
G1 X32.724 Y38.631 E94.46736
G1 X32.837 Y38.347 E94.47752
G1 X32.896 Y38.039 E94.48796
G1 X32.896 Y37.722 E94.4985
G1 X32.823 Y37.342 E94.51137
G1 X32.606 Y36.921 E94.52712
G1 X32.331 Y36.634 E94.54034
G1 X32.015 Y36.409 E94.55324
G1 X31.641 Y36.278 E94.56642
G1 X31.256 Y36.223 E94.57936
G1 X30.787 Y36.29 E94.59512
G1 X30.434 Y36.45 E94.60801
G1 X30.176 Y36.635 E94.61857
G1 X29.906 Y36.92 E94.63162
G1 X29.69 Y37.338 E94.64727
G1 X29.616 Y37.725 E94.66038
G1 X29.616 Y38.039 E94.67082
G1 X29.675 Y38.347 E94.68125
G1 X29.789 Y38.632 E94.69146
G1 X30.002 Y38.966 E94.70464
G1 X30.294 Y39.217 E94.71744
G1 X30.642 Y39.421 E94.73086
G1 X31.094 Y39.529 E94.74632
G1 X31.495 Y39.511 E94.75967
G1 X31.867 Y39.42 E94.77241
G1 X31.918 Y39.391 E94.77436
G0 F9000 X32.079 Y39.76
;TYPE:WALL-OUTER
G1 F600 X32.53 Y39.501 E94.79166
G1 X32.866 Y39.147 E94.80789
G1 X33.081 Y38.815 E94.82104
G1 X33.223 Y38.459 E94.83379
G1 X33.296 Y38.077 E94.84673
G1 X33.296 Y37.684 E94.8598
G1 X33.205 Y37.21 E94.87585
G1 X32.935 Y36.686 E94.89546
G1 X32.593 Y36.329 E94.9119
G1 X32.199 Y36.049 E94.92798
G1 X31.736 Y35.888 E94.94428
G1 X31.256 Y35.819 E94.96041
G1 X30.673 Y35.902 E94.98
G1 X30.233 Y36.102 E94.99607
G1 X29.912 Y36.332 E95.00921
G1 X29.577 Y36.686 E95.02542
G1 X29.308 Y37.206 E95.04489
G1 X29.216 Y37.687 E95.06118
G1 X29.216 Y38.077 E95.07415
G1 X29.289 Y38.459 E95.08708
G1 X29.431 Y38.816 E95.09986
G1 X29.697 Y39.231 E95.11626
G1 X30.061 Y39.544 E95.13222
G1 X30.492 Y39.796 E95.14883
G1 X31.056 Y39.931 E95.16812
G1 X31.551 Y39.909 E95.1846
G1 X32.017 Y39.796 E95.20055
G1 X32.079 Y39.76 E95.20293
G0 F9000 X31.772 Y39.058
;TYPE:SKIN
G1 F600 X31.728 Y39.084 E95.20463
G1 X31.447 Y39.153 E95.21426
G1 X31.124 Y39.167 E95.22501
G1 X30.776 Y39.084 E95.23691
G1 X30.506 Y38.925 E95.24733
G1 X30.277 Y38.723 E95.25749
G1 X30.107 Y38.463 E95.26782
G1 X30.021 Y38.248 E95.27552
G1 X29.976 Y37.755 E95.29198
G1 X30.032 Y37.458 E95.30204
G1 X30.205 Y37.126 E95.31449
G1 X30.507 Y36.809 E95.32905
G1 X30.889 Y36.639 E95.34296
G1 X31.256 Y36.587 E95.35529
G1 X31.548 Y36.628 E95.36509
G1 X31.847 Y36.732 E95.37562
G1 X32.092 Y36.905 E95.3856
G1 X32.303 Y37.126 E95.39576
G1 X32.477 Y37.463 E95.40838
G1 X32.536 Y37.753 E95.41822
G1 X32.487 Y38.242 E95.43456
G1 X32.269 Y38.668 E95.45048
G1 X32.051 Y38.897 E95.461
G1 X31.772 Y39.058 E95.47171
G0 F9000 X31.18 Y38.965
G1 F600 X32.318 Y37.827 E95.52524
G0 F9000 X32.205 Y37.374
G1 F600 X30.746 Y38.834 E95.59389
G0 F9000 X30.428 Y38.586
G1 F600 X31.959 Y37.055 E95.6659
G0 F9000 X31.594 Y36.854
G1 F600 X30.218 Y38.23 E95.73062
G0 F9000 X30.191 Y37.691
G1 F600 X31.067 Y36.815 E95.77183
G1 F2700 E90.77183
;MESH:slupek4.stl(1)
G0 F9000 X31.003 Y36.36
G0 X31.603 Y36.436
G0 X32.985 Y37.283
G0 X34.059 Y37.076
G0 X38.352 Y38.053
G0 X41.854 Y39.423
;TYPE:WALL-INNER
G1 F2700 E95.77183
G1 F600 X41.867 Y39.42 E95.77227
G1 X42.28 Y39.183 E95.78811
G1 X42.55 Y38.897 E95.80119
G1 X42.724 Y38.631 E95.81176
G1 X42.837 Y38.347 E95.82193
G1 X42.896 Y38.039 E95.83236
G1 X42.896 Y37.722 E95.8429
G1 X42.823 Y37.342 E95.85577
G1 X42.606 Y36.921 E95.87153
G1 X42.331 Y36.634 E95.88475
G1 X42.015 Y36.409 E95.89765
G1 X41.641 Y36.278 E95.91083
G1 X41.256 Y36.223 E95.92377
G1 X40.787 Y36.29 E95.93952
G1 X40.434 Y36.45 E95.95241
G1 X40.176 Y36.635 E95.96297
G1 X39.906 Y36.92 E95.97603
G1 X39.69 Y37.338 E95.99168
G1 X39.616 Y37.725 E96.00478
G1 X39.616 Y38.039 E96.01523
G1 X39.675 Y38.347 E96.02566
G1 X39.789 Y38.632 E96.03587
G1 X40.002 Y38.966 E96.04904
G1 X40.294 Y39.217 E96.06185
G1 X40.642 Y39.421 E96.07527
G1 X41.094 Y39.529 E96.09072
G1 X41.495 Y39.511 E96.10407
G1 X41.854 Y39.423 E96.11637
G0 F9000 X41.999 Y39.8
;TYPE:WALL-OUTER
G1 F600 X42.017 Y39.796 E96.11698
G1 X42.53 Y39.501 E96.13666
G1 X42.866 Y39.147 E96.1529
G1 X43.081 Y38.815 E96.16605
G1 X43.223 Y38.459 E96.1788
G1 X43.296 Y38.077 E96.19174
G1 X43.296 Y37.684 E96.20481
G1 X43.205 Y37.21 E96.22086
G1 X42.935 Y36.686 E96.24047
G1 X42.593 Y36.329 E96.25691
G1 X42.199 Y36.049 E96.27299
G1 X41.736 Y35.888 E96.28929
G1 X41.256 Y35.819 E96.30542
G1 X40.673 Y35.902 E96.325
G1 X40.233 Y36.102 E96.34108
G1 X39.912 Y36.332 E96.35421
G1 X39.577 Y36.686 E96.37042
G1 X39.308 Y37.206 E96.3899
G1 X39.216 Y37.687 E96.40619
G1 X39.216 Y38.077 E96.41916
G1 X39.289 Y38.459 E96.43209
G1 X39.431 Y38.816 E96.44487
G1 X39.697 Y39.231 E96.46127
G1 X40.061 Y39.544 E96.47723
G1 X40.492 Y39.796 E96.49384
G1 X41.056 Y39.931 E96.51313
G1 X41.551 Y39.909 E96.52961
G1 X41.999 Y39.8 E96.54494
G0 F9000 X41.723 Y39.085
;TYPE:SKIN
G1 F600 X41.447 Y39.153 E96.5544
G1 X41.124 Y39.167 E96.56515
G1 X40.776 Y39.084 E96.57705
G1 X40.506 Y38.925 E96.58747
G1 X40.277 Y38.723 E96.59763
G1 X40.107 Y38.463 E96.60796
G1 X40.021 Y38.248 E96.61566
G1 X39.976 Y37.755 E96.63213
G1 X40.032 Y37.458 E96.64218
G1 X40.205 Y37.126 E96.65463
G1 X40.507 Y36.809 E96.66919
G1 X40.889 Y36.639 E96.6831
G1 X41.256 Y36.587 E96.69543
G1 X41.548 Y36.628 E96.70523
G1 X41.847 Y36.732 E96.71576
G1 X42.092 Y36.905 E96.72574
G1 X42.303 Y37.126 E96.7359
G1 X42.477 Y37.463 E96.74852
G1 X42.536 Y37.753 E96.75836
G1 X42.487 Y38.242 E96.7747
G1 X42.269 Y38.668 E96.79062
G1 X42.051 Y38.897 E96.80114
G1 X41.728 Y39.084 E96.81355
G1 X41.723 Y39.085 E96.81372
G0 F9000 X41.371 Y38.957
G1 F600 X42.332 Y37.996 E96.85892
G0 F9000 X42.267 Y37.494
G1 F600 X40.863 Y38.899 E96.92499
G0 F9000 X40.523 Y38.673
G1 F600 X42.047 Y37.149 E96.99667
G0 F9000 X41.728 Y36.902
G1 F600 X40.275 Y38.356 E97.06504
G0 F9000 X40.186 Y37.879
G1 F600 X41.273 Y36.791 E97.11619
G1 F2700 E92.11619
;MESH:NONMESH
G0 F300 X41.273 Y36.791 Z6.2
G0 F9000 X41.339 Y36.337
G0 X40.832 Y36.446
G0 X40.52 Y36.622
G0 X39.529 Y37.281
G0 X38.454 Y37.075
G0 X34.162 Y38.053
G0 X31.918 Y39.391
;TIME_ELAPSED:339.596698
;LAYER:30
;note -- min layer time used
;TYPE:WALL-INNER
;MESH:slupek4.stl
G1 F2700 E97.11619
G1 F600 X32.28 Y39.183 E97.13008
G1 X32.55 Y38.897 E97.14316
G1 X32.724 Y38.631 E97.15373
G1 X32.837 Y38.347 E97.1639
G1 X32.896 Y38.039 E97.17433
G1 X32.896 Y37.722 E97.18487
G1 X32.823 Y37.342 E97.19774
G1 X32.606 Y36.921 E97.21349
G1 X32.331 Y36.634 E97.22671
G1 X32.015 Y36.409 E97.23962
G1 X31.641 Y36.278 E97.2528
G1 X31.256 Y36.223 E97.26573
G1 X30.787 Y36.29 E97.28149
G1 X30.434 Y36.45 E97.29438
G1 X30.176 Y36.635 E97.30494
G1 X29.906 Y36.92 E97.318
G1 X29.69 Y37.338 E97.33365
G1 X29.616 Y37.725 E97.34675
G1 X29.616 Y38.039 E97.35719
G1 X29.675 Y38.347 E97.36763
G1 X29.789 Y38.632 E97.37783
G1 X30.002 Y38.966 E97.39101
G1 X30.294 Y39.217 E97.40382
G1 X30.642 Y39.421 E97.41723
G1 X31.094 Y39.529 E97.43269
G1 X31.495 Y39.511 E97.44604
G1 X31.867 Y39.42 E97.45878
G1 X31.918 Y39.391 E97.46073
G0 F9000 X32.079 Y39.76
;TYPE:WALL-OUTER
G1 F600 X32.53 Y39.501 E97.47803
G1 X32.866 Y39.147 E97.49426
G1 X33.081 Y38.815 E97.50742
G1 X33.223 Y38.459 E97.52016
G1 X33.296 Y38.077 E97.5331
G1 X33.296 Y37.684 E97.54617
G1 X33.205 Y37.21 E97.56222
G1 X32.935 Y36.686 E97.58183
G1 X32.593 Y36.329 E97.59827
G1 X32.199 Y36.049 E97.61435
G1 X31.736 Y35.888 E97.63065
G1 X31.256 Y35.819 E97.64678
G1 X30.673 Y35.902 E97.66637
G1 X30.233 Y36.102 E97.68244
G1 X29.912 Y36.332 E97.69558
G1 X29.577 Y36.686 E97.71179
G1 X29.308 Y37.206 E97.73126
G1 X29.216 Y37.687 E97.74755
G1 X29.216 Y38.077 E97.76052
G1 X29.289 Y38.459 E97.77346
G1 X29.431 Y38.816 E97.78623
G1 X29.697 Y39.231 E97.80263
G1 X30.061 Y39.544 E97.8186
G1 X30.492 Y39.796 E97.8352
G1 X31.056 Y39.931 E97.85449
G1 X31.551 Y39.909 E97.87097
G1 X32.017 Y39.796 E97.88692
G1 X32.079 Y39.76 E97.8893
G0 F9000 X31.772 Y39.058
;TYPE:SKIN
G1 F600 X31.728 Y39.084 E97.891
G1 X31.447 Y39.153 E97.90063
G1 X31.124 Y39.167 E97.91138
G1 X30.776 Y39.084 E97.92328
G1 X30.506 Y38.925 E97.9337
G1 X30.277 Y38.723 E97.94386
G1 X30.107 Y38.463 E97.95419
G1 X30.021 Y38.248 E97.96189
G1 X29.976 Y37.755 E97.97836
G1 X30.032 Y37.458 E97.98841
G1 X30.205 Y37.126 E98.00086
G1 X30.507 Y36.809 E98.01542
G1 X30.889 Y36.639 E98.02933
G1 X31.256 Y36.587 E98.04166
G1 X31.548 Y36.628 E98.05147
G1 X31.847 Y36.732 E98.06199
G1 X32.092 Y36.905 E98.07197
G1 X32.303 Y37.126 E98.08213
G1 X32.477 Y37.463 E98.09475
G1 X32.536 Y37.753 E98.10459
G1 X32.487 Y38.242 E98.12094
G1 X32.269 Y38.668 E98.13685
G1 X32.051 Y38.897 E98.14737
G1 X31.772 Y39.058 E98.15808
G0 F9000 X31.901 Y39.285
G0 X31.11 Y39.367
G0 X30.704 Y39.27
G0 X30.183 Y38.9
G0 X29.751 Y38.213
G0 X30.208 Y38.127
G1 F600 X31.016 Y38.935 E98.19609
G0 F9000 X31.564 Y38.918
G1 F600 X30.214 Y37.568 E98.25959
G0 F9000 X30.411 Y37.199
G1 F600 X31.938 Y38.726 E98.33141
G0 F9000 X32.204 Y38.427
G1 F600 X30.714 Y36.936 E98.40152
G0 F9000 X31.147 Y36.804
G1 F600 X32.334 Y37.991 E98.45735
G1 F2700 E93.45735
;MESH:slupek4.stl(1)
G0 F9000 X32.786 Y38.078
G0 X33.068 Y38.053
G0 X34.162 Y38.053
G0 X38.352 Y38.053
G0 X41.854 Y39.423
;TYPE:WALL-INNER
G1 F2700 E98.45735
G1 F600 X41.867 Y39.42 E98.4578
G1 X42.28 Y39.183 E98.47364
G1 X42.55 Y38.897 E98.48672
G1 X42.724 Y38.631 E98.49729
G1 X42.837 Y38.347 E98.50746
G1 X42.896 Y38.039 E98.51789
G1 X42.896 Y37.722 E98.52843
G1 X42.823 Y37.342 E98.5413
G1 X42.606 Y36.921 E98.55705
G1 X42.331 Y36.634 E98.57027
G1 X42.015 Y36.409 E98.58318
G1 X41.641 Y36.278 E98.59636
G1 X41.256 Y36.223 E98.60929
G1 X40.787 Y36.29 E98.62505
G1 X40.434 Y36.45 E98.63794
G1 X40.176 Y36.635 E98.6485
G1 X39.906 Y36.92 E98.66156
G1 X39.69 Y37.338 E98.6772
G1 X39.616 Y37.725 E98.69031
G1 X39.616 Y38.039 E98.70075
G1 X39.675 Y38.347 E98.71118
G1 X39.789 Y38.632 E98.72139
G1 X40.002 Y38.966 E98.73457
G1 X40.294 Y39.217 E98.74738
G1 X40.642 Y39.421 E98.76079
G1 X41.094 Y39.529 E98.77625
G1 X41.495 Y39.511 E98.7896
G1 X41.854 Y39.423 E98.80189
G0 F9000 X41.999 Y39.8
;TYPE:WALL-OUTER
G1 F600 X42.017 Y39.796 E98.80251
G1 X42.53 Y39.501 E98.82219
G1 X42.866 Y39.147 E98.83842
G1 X43.081 Y38.815 E98.85158
G1 X43.223 Y38.459 E98.86433
G1 X43.296 Y38.077 E98.87726
G1 X43.296 Y37.684 E98.89033
G1 X43.205 Y37.21 E98.90639
G1 X42.935 Y36.686 E98.92599
G1 X42.593 Y36.329 E98.94243
G1 X42.199 Y36.049 E98.95851
G1 X41.736 Y35.888 E98.97482
G1 X41.256 Y35.819 E98.99094
G1 X40.673 Y35.902 E99.01053
G1 X40.233 Y36.102 E99.02661
G1 X39.912 Y36.332 E99.03974
G1 X39.577 Y36.686 E99.05595
G1 X39.308 Y37.206 E99.07542
G1 X39.216 Y37.687 E99.09171
G1 X39.216 Y38.077 E99.10468
G1 X39.289 Y38.459 E99.11762
G1 X39.431 Y38.816 E99.1304
G1 X39.697 Y39.231 E99.14679
G1 X40.061 Y39.544 E99.16276
G1 X40.492 Y39.796 E99.17936
G1 X41.056 Y39.931 E99.19865
G1 X41.551 Y39.909 E99.21513
G1 X41.999 Y39.8 E99.23047
G0 F9000 X41.723 Y39.085
;TYPE:SKIN
G1 F600 X41.447 Y39.153 E99.23992
G1 X41.124 Y39.167 E99.25068
G1 X40.776 Y39.084 E99.26257
G1 X40.506 Y38.925 E99.273
G1 X40.277 Y38.723 E99.28315
G1 X40.107 Y38.463 E99.29348
G1 X40.021 Y38.248 E99.30119
G1 X39.976 Y37.755 E99.31765
G1 X40.032 Y37.458 E99.3277
G1 X40.205 Y37.126 E99.34016
G1 X40.507 Y36.809 E99.35472
G1 X40.889 Y36.639 E99.36862
G1 X41.256 Y36.587 E99.38095
G1 X41.548 Y36.628 E99.39076
G1 X41.847 Y36.732 E99.40129
G1 X42.092 Y36.905 E99.41126
G1 X42.303 Y37.126 E99.42143
G1 X42.477 Y37.463 E99.43404
G1 X42.536 Y37.753 E99.44389
G1 X42.487 Y38.242 E99.46023
G1 X42.269 Y38.668 E99.47615
G1 X42.051 Y38.897 E99.48666
G1 X41.728 Y39.084 E99.49908
G1 X41.723 Y39.085 E99.49925
G0 F9000 X41.783 Y39.338
G0 X41.11 Y39.367
G0 X40.704 Y39.27
G0 X40.125 Y38.859
G0 X39.958 Y38.543
G0 X39.716 Y37.926
G0 X40.189 Y37.926
G1 F600 X41.225 Y38.962 E99.54798
G0 F9000 X41.698 Y38.87
G1 F600 X40.267 Y37.438 E99.61531
G0 F9000 X40.5 Y37.105
G1 F600 X42.027 Y38.633 E99.68716
G0 F9000 X42.246 Y38.286
G1 F600 X40.84 Y36.88 E99.75329
G0 F9000 X41.324 Y36.799
G1 F600 X42.315 Y37.789 E99.79988
G1 F2700 E94.79988
;MESH:NONMESH
G0 F300 X42.315 Y37.789 Z6.4
G0 F9000 X42.796 Y37.789
G0 X42.58 Y38.556
G0 X42.179 Y39.055
G0 X41.806 Y39.27
G0 X41.11 Y39.367
G0 X40.704 Y39.27
G0 X40.235 Y38.937
G0 X39.446 Y38.053
G0 X38.352 Y38.053
G0 X33.889 Y39.123
G0 X31.918 Y39.391
;TIME_ELAPSED:350.352419
;LAYER:31
;note -- min layer time used
;TYPE:WALL-INNER
;MESH:slupek4.stl
G1 F2700 E99.79988
G1 F600 X32.28 Y39.183 E99.81377
G1 X32.55 Y38.897 E99.82685
G1 X32.724 Y38.631 E99.83742
G1 X32.837 Y38.347 E99.84759
G1 X32.896 Y38.039 E99.85802
G1 X32.896 Y37.722 E99.86856
G1 X32.823 Y37.342 E99.88143
G1 X32.606 Y36.921 E99.89719
G1 X32.331 Y36.634 E99.91041
G1 X32.015 Y36.409 E99.92331
G1 X31.641 Y36.278 E99.93649
G1 X31.256 Y36.223 E99.94942
G1 X30.787 Y36.29 E99.96518
G1 X30.434 Y36.45 E99.97807
G1 X30.176 Y36.635 E99.98863
G1 X29.906 Y36.92 E100.00169
G1 X29.69 Y37.338 E100.01734
G1 X29.616 Y37.725 E100.03044
G1 X29.616 Y38.039 E100.04089
G1 X29.675 Y38.347 E100.05132
G1 X29.789 Y38.632 E100.06153
G1 X30.002 Y38.966 E100.0747
G1 X30.294 Y39.217 E100.08751
G1 X30.642 Y39.421 E100.10092
G1 X31.094 Y39.529 E100.11638
G1 X31.495 Y39.511 E100.12973
G1 X31.867 Y39.42 E100.14247
G1 X31.918 Y39.391 E100.14442
G0 F9000 X32.079 Y39.76
;TYPE:WALL-OUTER
G1 F600 X32.53 Y39.501 E100.16172
G1 X32.866 Y39.147 E100.17795
G1 X33.081 Y38.815 E100.19111
G1 X33.223 Y38.459 E100.20386
G1 X33.296 Y38.077 E100.21679
G1 X33.296 Y37.684 E100.22986
G1 X33.205 Y37.21 E100.24592
G1 X32.935 Y36.686 E100.26552
G1 X32.593 Y36.329 E100.28196
G1 X32.199 Y36.049 E100.29804
G1 X31.736 Y35.888 E100.31435
G1 X31.256 Y35.819 E100.33047
G1 X30.673 Y35.902 E100.35006
G1 X30.233 Y36.102 E100.36614
G1 X29.912 Y36.332 E100.37927
G1 X29.577 Y36.686 E100.39548
G1 X29.308 Y37.206 E100.41495
G1 X29.216 Y37.687 E100.43124
G1 X29.216 Y38.077 E100.44421
G1 X29.289 Y38.459 E100.45715
G1 X29.431 Y38.816 E100.46993
G1 X29.697 Y39.231 E100.48632
G1 X30.061 Y39.544 E100.50229
G1 X30.492 Y39.796 E100.51889
G1 X31.056 Y39.931 E100.53818
G1 X31.551 Y39.909 E100.55466
G1 X32.017 Y39.796 E100.57061
G1 X32.079 Y39.76 E100.573
G0 F9000 X31.772 Y39.058
;TYPE:SKIN
G1 F600 X31.728 Y39.084 E100.5747
G1 X31.447 Y39.153 E100.58432
G1 X31.124 Y39.167 E100.59507
G1 X30.776 Y39.084 E100.60697
G1 X30.506 Y38.925 E100.61739
G1 X30.277 Y38.723 E100.62755
G1 X30.107 Y38.463 E100.63788
G1 X30.021 Y38.248 E100.64558
G1 X29.976 Y37.755 E100.66205
G1 X30.032 Y37.458 E100.6721
G1 X30.205 Y37.126 E100.68455
G1 X30.507 Y36.809 E100.69911
G1 X30.889 Y36.639 E100.71302
G1 X31.256 Y36.587 E100.72535
G1 X31.548 Y36.628 E100.73516
G1 X31.847 Y36.732 E100.74569
G1 X32.092 Y36.905 E100.75566
G1 X32.303 Y37.126 E100.76582
G1 X32.477 Y37.463 E100.77844
G1 X32.536 Y37.753 E100.78828
G1 X32.487 Y38.242 E100.80463
G1 X32.269 Y38.668 E100.82054
G1 X32.051 Y38.897 E100.83106
G1 X31.772 Y39.058 E100.84177
G0 F9000 X31.18 Y38.965
G1 F600 X32.318 Y37.827 E100.8953
G0 F9000 X32.205 Y37.374
G1 F600 X30.746 Y38.834 E100.96395
G0 F9000 X30.428 Y38.586
G1 F600 X31.959 Y37.055 E101.03597
G0 F9000 X31.594 Y36.854
G1 F600 X30.218 Y38.23 E101.10069
G0 F9000 X30.191 Y37.691
G1 F600 X31.067 Y36.815 E101.14189
G1 F2700 E96.14189
;MESH:slupek4.stl(1)
G0 F9000 X31.003 Y36.36
G0 X31.603 Y36.436
G0 X32.985 Y37.283
G0 X34.059 Y37.076
G0 X38.352 Y38.053
G0 X41.854 Y39.423
;TYPE:WALL-INNER
G1 F2700 E101.14189
G1 F600 X41.867 Y39.42 E101.14234
G1 X42.28 Y39.183 E101.15817
G1 X42.55 Y38.897 E101.17126
G1 X42.724 Y38.631 E101.18183
G1 X42.837 Y38.347 E101.19199
G1 X42.896 Y38.039 E101.20242
G1 X42.896 Y37.722 E101.21297
G1 X42.823 Y37.342 E101.22584
G1 X42.606 Y36.921 E101.24159
G1 X42.331 Y36.634 E101.25481
G1 X42.015 Y36.409 E101.26771
G1 X41.641 Y36.278 E101.28089
G1 X41.256 Y36.223 E101.29383
G1 X40.787 Y36.29 E101.30959
G1 X40.434 Y36.45 E101.32248
G1 X40.176 Y36.635 E101.33304
G1 X39.906 Y36.92 E101.34609
G1 X39.69 Y37.338 E101.36174
G1 X39.616 Y37.725 E101.37485
G1 X39.616 Y38.039 E101.38529
G1 X39.675 Y38.347 E101.39572
G1 X39.789 Y38.632 E101.40593
G1 X40.002 Y38.966 E101.41911
G1 X40.294 Y39.217 E101.43191
G1 X40.642 Y39.421 E101.44533
G1 X41.094 Y39.529 E101.46079
G1 X41.495 Y39.511 E101.47414
G1 X41.854 Y39.423 E101.48643
G0 F9000 X41.999 Y39.8
;TYPE:WALL-OUTER
G1 F600 X42.017 Y39.796 E101.48704
G1 X42.53 Y39.501 E101.50673
G1 X42.866 Y39.147 E101.52296
G1 X43.081 Y38.815 E101.53612
G1 X43.223 Y38.459 E101.54886
G1 X43.296 Y38.077 E101.5618
G1 X43.296 Y37.684 E101.57487
G1 X43.205 Y37.21 E101.59092
G1 X42.935 Y36.686 E101.61053
G1 X42.593 Y36.329 E101.62697
G1 X42.199 Y36.049 E101.64305
G1 X41.736 Y35.888 E101.65935
G1 X41.256 Y35.819 E101.67548
G1 X40.673 Y35.902 E101.69507
G1 X40.233 Y36.102 E101.71114
G1 X39.912 Y36.332 E101.72428
G1 X39.577 Y36.686 E101.74049
G1 X39.308 Y37.206 E101.75996
G1 X39.216 Y37.687 E101.77625
G1 X39.216 Y38.077 E101.78922
G1 X39.289 Y38.459 E101.80216
G1 X39.431 Y38.816 E101.81493
G1 X39.697 Y39.231 E101.83133
G1 X40.061 Y39.544 E101.8473
G1 X40.492 Y39.796 E101.8639
G1 X41.056 Y39.931 E101.88319
G1 X41.551 Y39.909 E101.89967
G1 X41.999 Y39.8 E101.91501
G0 F9000 X41.723 Y39.085
;TYPE:SKIN
G1 F600 X41.447 Y39.153 E101.92446
G1 X41.124 Y39.167 E101.93521
G1 X40.776 Y39.084 E101.94711
G1 X40.506 Y38.925 E101.95753
G1 X40.277 Y38.723 E101.96769
G1 X40.107 Y38.463 E101.97802
G1 X40.021 Y38.248 E101.98572
G1 X39.976 Y37.755 E102.00219
G1 X40.032 Y37.458 E102.01224
G1 X40.205 Y37.126 E102.02469
G1 X40.507 Y36.809 E102.03926
G1 X40.889 Y36.639 E102.05316
G1 X41.256 Y36.587 E102.06549
G1 X41.548 Y36.628 E102.0753
G1 X41.847 Y36.732 E102.08583
G1 X42.092 Y36.905 E102.0958
G1 X42.303 Y37.126 E102.10597
G1 X42.477 Y37.463 E102.11858
G1 X42.536 Y37.753 E102.12842
G1 X42.487 Y38.242 E102.14477
G1 X42.269 Y38.668 E102.16069
G1 X42.051 Y38.897 E102.1712
G1 X41.728 Y39.084 E102.18361
G1 X41.723 Y39.085 E102.18378
G0 F9000 X41.371 Y38.957
G1 F600 X42.332 Y37.996 E102.22899
G0 F9000 X42.267 Y37.494
G1 F600 X40.863 Y38.899 E102.29505
G0 F9000 X40.523 Y38.673
G1 F600 X42.047 Y37.149 E102.36673
G0 F9000 X41.728 Y36.902
G1 F600 X40.275 Y38.356 E102.4351
G0 F9000 X40.186 Y37.879
G1 F600 X41.273 Y36.791 E102.48626
G1 F2700 E97.48626
;MESH:NONMESH
G0 F300 X41.273 Y36.791 Z6.6
G0 F9000 X41.339 Y36.337
G0 X40.832 Y36.446
G0 X40.52 Y36.622
G0 X39.529 Y37.281
G0 X38.454 Y37.075
G0 X34.162 Y38.053
G0 X31.918 Y39.391
;TIME_ELAPSED:360.842863
;LAYER:32
;note -- min layer time used
;TYPE:WALL-INNER
;MESH:slupek4.stl
G1 F2700 E102.48626
G1 F600 X32.28 Y39.183 E102.50014
G1 X32.55 Y38.897 E102.51322
G1 X32.724 Y38.631 E102.52379
G1 X32.837 Y38.347 E102.53396
G1 X32.896 Y38.039 E102.54439
G1 X32.896 Y37.722 E102.55493
G1 X32.823 Y37.342 E102.5678
G1 X32.606 Y36.921 E102.58356
G1 X32.331 Y36.634 E102.59678
G1 X32.015 Y36.409 E102.60968
G1 X31.641 Y36.278 E102.62286
G1 X31.256 Y36.223 E102.6358
G1 X30.787 Y36.29 E102.65155
G1 X30.434 Y36.45 E102.66444
G1 X30.176 Y36.635 E102.675
G1 X29.906 Y36.92 E102.68806
G1 X29.69 Y37.338 E102.70371
G1 X29.616 Y37.725 E102.71681
G1 X29.616 Y38.039 E102.72726
G1 X29.675 Y38.347 E102.73769
G1 X29.789 Y38.632 E102.7479
G1 X30.002 Y38.966 E102.76107
G1 X30.294 Y39.217 E102.77388
G1 X30.642 Y39.421 E102.7873
G1 X31.094 Y39.529 E102.80275
G1 X31.495 Y39.511 E102.8161
G1 X31.867 Y39.42 E102.82884
G1 X31.918 Y39.391 E102.83079
G0 F9000 X32.079 Y39.76
;TYPE:WALL-OUTER
G1 F600 X32.53 Y39.501 E102.84809
G1 X32.866 Y39.147 E102.86433
G1 X33.081 Y38.815 E102.87748
G1 X33.223 Y38.459 E102.89023
G1 X33.296 Y38.077 E102.90316
G1 X33.296 Y37.684 E102.91623
G1 X33.205 Y37.21 E102.93229
G1 X32.935 Y36.686 E102.95189
G1 X32.593 Y36.329 E102.96834
G1 X32.199 Y36.049 E102.98441
G1 X31.736 Y35.888 E103.00072
G1 X31.256 Y35.819 E103.01685
G1 X30.673 Y35.902 E103.03643
G1 X30.233 Y36.102 E103.05251
G1 X29.912 Y36.332 E103.06564
G1 X29.577 Y36.686 E103.08185
G1 X29.308 Y37.206 E103.10133
G1 X29.216 Y37.687 E103.11761
G1 X29.216 Y38.077 E103.13058
G1 X29.289 Y38.459 E103.14352
G1 X29.431 Y38.816 E103.1563
G1 X29.697 Y39.231 E103.17269
G1 X30.061 Y39.544 E103.18866
G1 X30.492 Y39.796 E103.20527
G1 X31.056 Y39.931 E103.22456
G1 X31.551 Y39.909 E103.24104
G1 X32.017 Y39.796 E103.25698
G1 X32.079 Y39.76 E103.25937
G0 F9000 X31.772 Y39.058
;TYPE:SKIN
G1 F600 X31.728 Y39.084 E103.26107
G1 X31.447 Y39.153 E103.27069
G1 X31.124 Y39.167 E103.28144
G1 X30.776 Y39.084 E103.29334
G1 X30.506 Y38.925 E103.30377
G1 X30.277 Y38.723 E103.31392
G1 X30.107 Y38.463 E103.32425
G1 X30.021 Y38.248 E103.33196
G1 X29.976 Y37.755 E103.34842
G1 X30.032 Y37.458 E103.35847
G1 X30.205 Y37.126 E103.37093
G1 X30.507 Y36.809 E103.38549
G1 X30.889 Y36.639 E103.39939
G1 X31.256 Y36.587 E103.41172
G1 X31.548 Y36.628 E103.42153
G1 X31.847 Y36.732 E103.43206
G1 X32.092 Y36.905 E103.44203
G1 X32.303 Y37.126 E103.4522
G1 X32.477 Y37.463 E103.46481
G1 X32.536 Y37.753 E103.47465
G1 X32.487 Y38.242 E103.491
G1 X32.269 Y38.668 E103.50692
G1 X32.051 Y38.897 E103.51743
G1 X31.772 Y39.058 E103.52815
G0 F9000 X31.901 Y39.285
G0 X31.11 Y39.367
G0 X30.704 Y39.27
G0 X30.183 Y38.9
G0 X29.751 Y38.213
G0 X30.208 Y38.127
G1 F600 X31.016 Y38.935 E103.56615
G0 F9000 X31.564 Y38.918
G1 F600 X30.214 Y37.568 E103.62965
G0 F9000 X30.411 Y37.199
G1 F600 X31.938 Y38.726 E103.70148
G0 F9000 X32.204 Y38.427
G1 F600 X30.714 Y36.936 E103.77159
G0 F9000 X31.147 Y36.804
G1 F600 X32.334 Y37.991 E103.82742
G1 F2700 E98.82742
;MESH:slupek4.stl(1)
G0 F9000 X32.786 Y38.078
G0 X33.068 Y38.053
G0 X34.162 Y38.053
G0 X38.352 Y38.053
G0 X41.854 Y39.423
;TYPE:WALL-INNER
G1 F2700 E103.82742
G1 F600 X41.867 Y39.42 E103.82786
G1 X42.28 Y39.183 E103.8437
G1 X42.55 Y38.897 E103.85678
G1 X42.724 Y38.631 E103.86735
G1 X42.837 Y38.347 E103.87752
G1 X42.896 Y38.039 E103.88795
G1 X42.896 Y37.722 E103.89849
G1 X42.823 Y37.342 E103.91136
G1 X42.606 Y36.921 E103.92712
G1 X42.331 Y36.634 E103.94034
G1 X42.015 Y36.409 E103.95324
G1 X41.641 Y36.278 E103.96642
G1 X41.256 Y36.223 E103.97935
G1 X40.787 Y36.29 E103.99511
G1 X40.434 Y36.45 E104.008
G1 X40.176 Y36.635 E104.01856
G1 X39.906 Y36.92 E104.03162
G1 X39.69 Y37.338 E104.04727
G1 X39.616 Y37.725 E104.06037
G1 X39.616 Y38.039 E104.07082
G1 X39.675 Y38.347 E104.08125
G1 X39.789 Y38.632 E104.09146
G1 X40.002 Y38.966 E104.10463
G1 X40.294 Y39.217 E104.11744
G1 X40.642 Y39.421 E104.13086
G1 X41.094 Y39.529 E104.14631
G1 X41.495 Y39.511 E104.15966
G1 X41.854 Y39.423 E104.17196
G0 F9000 X41.999 Y39.8
;TYPE:WALL-OUTER
G1 F600 X42.017 Y39.796 E104.17257
G1 X42.53 Y39.501 E104.19225
G1 X42.866 Y39.147 E104.20849
G1 X43.081 Y38.815 E104.22164
G1 X43.223 Y38.459 E104.23439
G1 X43.296 Y38.077 E104.24733
G1 X43.296 Y37.684 E104.2604
G1 X43.205 Y37.21 E104.27645
G1 X42.935 Y36.686 E104.29606
G1 X42.593 Y36.329 E104.3125
G1 X42.199 Y36.049 E104.32858
G1 X41.736 Y35.888 E104.34488
G1 X41.256 Y35.819 E104.36101
G1 X40.673 Y35.902 E104.38059
G1 X40.233 Y36.102 E104.39667
G1 X39.912 Y36.332 E104.4098
G1 X39.577 Y36.686 E104.42601
G1 X39.308 Y37.206 E104.44549
G1 X39.216 Y37.687 E104.46177
G1 X39.216 Y38.077 E104.47475
G1 X39.289 Y38.459 E104.48768
G1 X39.431 Y38.816 E104.50046
G1 X39.697 Y39.231 E104.51686
G1 X40.061 Y39.544 E104.53282
G1 X40.492 Y39.796 E104.54943
G1 X41.056 Y39.931 E104.56872
G1 X41.551 Y39.909 E104.5852
G1 X41.999 Y39.8 E104.60053
G0 F9000 X41.723 Y39.085
;TYPE:SKIN
G1 F600 X41.447 Y39.153 E104.60999
G1 X41.124 Y39.167 E104.62074
G1 X40.776 Y39.084 E104.63264
G1 X40.506 Y38.925 E104.64306
G1 X40.277 Y38.723 E104.65322
G1 X40.107 Y38.463 E104.66355
G1 X40.021 Y38.248 E104.67125
G1 X39.976 Y37.755 E104.68772
G1 X40.032 Y37.458 E104.69777
G1 X40.205 Y37.126 E104.71022
G1 X40.507 Y36.809 E104.72478
G1 X40.889 Y36.639 E104.73869
G1 X41.256 Y36.587 E104.75102
G1 X41.548 Y36.628 E104.76082
G1 X41.847 Y36.732 E104.77135
G1 X42.092 Y36.905 E104.78133
G1 X42.303 Y37.126 E104.79149
G1 X42.477 Y37.463 E104.80411
G1 X42.536 Y37.753 E104.81395
G1 X42.487 Y38.242 E104.83029
G1 X42.269 Y38.668 E104.84621
G1 X42.051 Y38.897 E104.85673
G1 X41.728 Y39.084 E104.86914
G1 X41.723 Y39.085 E104.86931
G0 F9000 X41.783 Y39.338
G0 X41.11 Y39.367
G0 X40.704 Y39.27
G0 X40.125 Y38.859
G0 X39.958 Y38.543
G0 X39.716 Y37.926
G0 X40.189 Y37.926
G1 F600 X41.225 Y38.962 E104.91804
G0 F9000 X41.698 Y38.87
G1 F600 X40.267 Y37.438 E104.98537
G0 F9000 X40.5 Y37.105
G1 F600 X42.027 Y38.633 E105.05722
G0 F9000 X42.246 Y38.286
G1 F600 X40.84 Y36.88 E105.12336
G0 F9000 X41.324 Y36.799
G1 F600 X42.315 Y37.789 E105.16995
G1 F2700 E100.16995
;MESH:NONMESH
G0 F300 X42.315 Y37.789 Z6.8
G0 F9000 X42.796 Y37.789
G0 X42.58 Y38.556
G0 X42.179 Y39.055
G0 X41.806 Y39.27
G0 X41.11 Y39.367
G0 X40.704 Y39.27
G0 X40.235 Y38.937
G0 X39.446 Y38.053
G0 X38.352 Y38.053
G0 X33.889 Y39.123
G0 X31.918 Y39.391
;TIME_ELAPSED:371.598584
;LAYER:33
;note -- min layer time used
;TYPE:WALL-INNER
;MESH:slupek4.stl
G1 F2700 E105.16995
G1 F600 X32.28 Y39.183 E105.18383
G1 X32.55 Y38.897 E105.19691
G1 X32.724 Y38.631 E105.20749
G1 X32.837 Y38.347 E105.21765
G1 X32.896 Y38.039 E105.22808
G1 X32.896 Y37.722 E105.23863
G1 X32.823 Y37.342 E105.2515
G1 X32.606 Y36.921 E105.26725
G1 X32.331 Y36.634 E105.28047
G1 X32.015 Y36.409 E105.29337
G1 X31.641 Y36.278 E105.30655
G1 X31.256 Y36.223 E105.31949
G1 X30.787 Y36.29 E105.33524
G1 X30.434 Y36.45 E105.34814
G1 X30.176 Y36.635 E105.35869
G1 X29.906 Y36.92 E105.37175
G1 X29.69 Y37.338 E105.3874
G1 X29.616 Y37.725 E105.40051
G1 X29.616 Y38.039 E105.41095
G1 X29.675 Y38.347 E105.42138
G1 X29.789 Y38.632 E105.43159
G1 X30.002 Y38.966 E105.44477
G1 X30.294 Y39.217 E105.45757
G1 X30.642 Y39.421 E105.47099
G1 X31.094 Y39.529 E105.48645
G1 X31.495 Y39.511 E105.4998
G1 X31.867 Y39.42 E105.51253
G1 X31.918 Y39.391 E105.51449
G0 F9000 X32.079 Y39.76
;TYPE:WALL-OUTER
G1 F600 X32.53 Y39.501 E105.53178
G1 X32.866 Y39.147 E105.54802
G1 X33.081 Y38.815 E105.56117
G1 X33.223 Y38.459 E105.57392
G1 X33.296 Y38.077 E105.58686
G1 X33.296 Y37.684 E105.59993
G1 X33.205 Y37.21 E105.61598
G1 X32.935 Y36.686 E105.63559
G1 X32.593 Y36.329 E105.65203
G1 X32.199 Y36.049 E105.66811
G1 X31.736 Y35.888 E105.68441
G1 X31.256 Y35.819 E105.70054
G1 X30.673 Y35.902 E105.72012
G1 X30.233 Y36.102 E105.7362
G1 X29.912 Y36.332 E105.74933
G1 X29.577 Y36.686 E105.76554
G1 X29.308 Y37.206 E105.78502
G1 X29.216 Y37.687 E105.8013
G1 X29.216 Y38.077 E105.81428
G1 X29.289 Y38.459 E105.82721
G1 X29.431 Y38.816 E105.83999
G1 X29.697 Y39.231 E105.85639
G1 X30.061 Y39.544 E105.87235
G1 X30.492 Y39.796 E105.88896
G1 X31.056 Y39.931 E105.90825
G1 X31.551 Y39.909 E105.92473
G1 X32.017 Y39.796 E105.94067
G1 X32.079 Y39.76 E105.94306
G0 F9000 X31.772 Y39.058
;TYPE:SKIN
G1 F600 X31.728 Y39.084 E105.94476
G1 X31.447 Y39.153 E105.95438
G1 X31.124 Y39.167 E105.96514
G1 X30.776 Y39.084 E105.97704
G1 X30.506 Y38.925 E105.98746
G1 X30.277 Y38.723 E105.99761
G1 X30.107 Y38.463 E106.00795
G1 X30.021 Y38.248 E106.01565
G1 X29.976 Y37.755 E106.03211
G1 X30.032 Y37.458 E106.04216
G1 X30.205 Y37.126 E106.05462
G1 X30.507 Y36.809 E106.06918
G1 X30.889 Y36.639 E106.08309
G1 X31.256 Y36.587 E106.09541
G1 X31.548 Y36.628 E106.10522
G1 X31.847 Y36.732 E106.11575
G1 X32.092 Y36.905 E106.12573
G1 X32.303 Y37.126 E106.13589
G1 X32.477 Y37.463 E106.1485
G1 X32.536 Y37.753 E106.15835
G1 X32.487 Y38.242 E106.17469
G1 X32.269 Y38.668 E106.19061
G1 X32.051 Y38.897 E106.20112
G1 X31.772 Y39.058 E106.21184
G0 F9000 X31.18 Y38.965
G1 F600 X32.318 Y37.827 E106.26537
G0 F9000 X32.205 Y37.374
G1 F600 X30.746 Y38.834 E106.33402
G0 F9000 X30.428 Y38.586
G1 F600 X31.959 Y37.055 E106.40603
G0 F9000 X31.594 Y36.854
G1 F600 X30.218 Y38.23 E106.47075
G0 F9000 X30.191 Y37.691
G1 F600 X31.067 Y36.815 E106.51196
G1 F2700 E101.51196
;MESH:slupek4.stl(1)
G0 F9000 X31.003 Y36.36
G0 X31.603 Y36.436
G0 X32.985 Y37.283
G0 X34.059 Y37.076
G0 X38.352 Y38.053
G0 X41.854 Y39.423
;TYPE:WALL-INNER
G1 F2700 E106.51196
G1 F600 X41.867 Y39.42 E106.5124
G1 X42.28 Y39.183 E106.52824
G1 X42.55 Y38.897 E106.54132
G1 X42.724 Y38.631 E106.55189
G1 X42.837 Y38.347 E106.56206
G1 X42.896 Y38.039 E106.57249
G1 X42.896 Y37.722 E106.58303
G1 X42.823 Y37.342 E106.5959
G1 X42.606 Y36.921 E106.61165
G1 X42.331 Y36.634 E106.62488
G1 X42.015 Y36.409 E106.63778
G1 X41.641 Y36.278 E106.65096
G1 X41.256 Y36.223 E106.66389
G1 X40.787 Y36.29 E106.67965
G1 X40.434 Y36.45 E106.69254
G1 X40.176 Y36.635 E106.7031
G1 X39.906 Y36.92 E106.71616
G1 X39.69 Y37.338 E106.73181
G1 X39.616 Y37.725 E106.74491
G1 X39.616 Y38.039 E106.75536
G1 X39.675 Y38.347 E106.76579
G1 X39.789 Y38.632 E106.77599
G1 X40.002 Y38.966 E106.78917
G1 X40.294 Y39.217 E106.80198
G1 X40.642 Y39.421 E106.81539
G1 X41.094 Y39.529 E106.83085
G1 X41.495 Y39.511 E106.8442
G1 X41.854 Y39.423 E106.8565
G0 F9000 X41.999 Y39.8
;TYPE:WALL-OUTER
G1 F600 X42.017 Y39.796 E106.85711
G1 X42.53 Y39.501 E106.87679
G1 X42.866 Y39.147 E106.89302
G1 X43.081 Y38.815 E106.90618
G1 X43.223 Y38.459 E106.91893
G1 X43.296 Y38.077 E106.93186
G1 X43.296 Y37.684 E106.94493
G1 X43.205 Y37.21 E106.96099
G1 X42.935 Y36.686 E106.98059
G1 X42.593 Y36.329 E106.99704
G1 X42.199 Y36.049 E107.01311
G1 X41.736 Y35.888 E107.02942
G1 X41.256 Y35.819 E107.04555
G1 X40.673 Y35.902 E107.06513
G1 X40.233 Y36.102 E107.08121
G1 X39.912 Y36.332 E107.09434
G1 X39.577 Y36.686 E107.11055
G1 X39.308 Y37.206 E107.13002
G1 X39.216 Y37.687 E107.14631
G1 X39.216 Y38.077 E107.15928
G1 X39.289 Y38.459 E107.17222
G1 X39.431 Y38.816 E107.185
G1 X39.697 Y39.231 E107.20139
G1 X40.061 Y39.544 E107.21736
G1 X40.492 Y39.796 E107.23397
G1 X41.056 Y39.931 E107.25325
G1 X41.551 Y39.909 E107.26973
G1 X41.999 Y39.8 E107.28507
G0 F9000 X41.723 Y39.085
;TYPE:SKIN
G1 F600 X41.447 Y39.153 E107.29452
G1 X41.124 Y39.167 E107.30528
G1 X40.776 Y39.084 E107.31718
G1 X40.506 Y38.925 E107.3276
G1 X40.277 Y38.723 E107.33775
G1 X40.107 Y38.463 E107.34809
G1 X40.021 Y38.248 E107.35579
G1 X39.976 Y37.755 E107.37225
G1 X40.032 Y37.458 E107.38231
G1 X40.205 Y37.126 E107.39476
G1 X40.507 Y36.809 E107.40932
G1 X40.889 Y36.639 E107.42323
G1 X41.256 Y36.587 E107.43555
G1 X41.548 Y36.628 E107.44536
G1 X41.847 Y36.732 E107.45589
G1 X42.092 Y36.905 E107.46587
G1 X42.303 Y37.126 E107.47603
G1 X42.477 Y37.463 E107.48864
G1 X42.536 Y37.753 E107.49849
G1 X42.487 Y38.242 E107.51483
G1 X42.269 Y38.668 E107.53075
G1 X42.051 Y38.897 E107.54126
G1 X41.728 Y39.084 E107.55368
G1 X41.723 Y39.085 E107.55385
G0 F9000 X41.371 Y38.957
G1 F600 X42.332 Y37.996 E107.59905
G0 F9000 X42.267 Y37.494
G1 F600 X40.863 Y38.899 E107.66511
G0 F9000 X40.523 Y38.673
G1 F600 X42.047 Y37.149 E107.7368
G0 F9000 X41.728 Y36.902
G1 F600 X40.275 Y38.356 E107.80517
G0 F9000 X40.186 Y37.879
G1 F600 X41.273 Y36.791 E107.85632
G1 F2700 E102.85632
;MESH:NONMESH
G0 F300 X41.273 Y36.791 Z7
G0 F9000 X41.339 Y36.337
G0 X40.832 Y36.446
G0 X40.52 Y36.622
G0 X39.529 Y37.281
G0 X38.454 Y37.075
G0 X34.162 Y38.053
G0 X31.918 Y39.391
;TIME_ELAPSED:382.089028
;LAYER:34
;note -- min layer time used
;TYPE:WALL-INNER
;MESH:slupek4.stl
G1 F2700 E107.85632
G1 F600 X32.28 Y39.183 E107.87021
G1 X32.55 Y38.897 E107.88329
G1 X32.724 Y38.631 E107.89386
G1 X32.837 Y38.347 E107.90402
G1 X32.896 Y38.039 E107.91446
G1 X32.896 Y37.722 E107.925
G1 X32.823 Y37.342 E107.93787
G1 X32.606 Y36.921 E107.95362
G1 X32.331 Y36.634 E107.96684
G1 X32.015 Y36.409 E107.97974
G1 X31.641 Y36.278 E107.99292
G1 X31.256 Y36.223 E108.00586
G1 X30.787 Y36.29 E108.02162
G1 X30.434 Y36.45 E108.03451
G1 X30.176 Y36.635 E108.04507
G1 X29.906 Y36.92 E108.05812
G1 X29.69 Y37.338 E108.07377
G1 X29.616 Y37.725 E108.08688
G1 X29.616 Y38.039 E108.09732
G1 X29.675 Y38.347 E108.10775
G1 X29.789 Y38.632 E108.11796
G1 X30.002 Y38.966 E108.13114
G1 X30.294 Y39.217 E108.14394
G1 X30.642 Y39.421 E108.15736
G1 X31.094 Y39.529 E108.17282
G1 X31.495 Y39.511 E108.18617
G1 X31.867 Y39.42 E108.19891
G1 X31.918 Y39.391 E108.20086
G0 F9000 X32.079 Y39.76
;TYPE:WALL-OUTER
G1 F600 X32.53 Y39.501 E108.21816
G1 X32.866 Y39.147 E108.23439
G1 X33.081 Y38.815 E108.24754
G1 X33.223 Y38.459 E108.26029
G1 X33.296 Y38.077 E108.27323
G1 X33.296 Y37.684 E108.2863
G1 X33.205 Y37.21 E108.30235
G1 X32.935 Y36.686 E108.32196
G1 X32.593 Y36.329 E108.3384
G1 X32.199 Y36.049 E108.35448
G1 X31.736 Y35.888 E108.37078
G1 X31.256 Y35.819 E108.38691
G1 X30.673 Y35.902 E108.4065
G1 X30.233 Y36.102 E108.42257
G1 X29.912 Y36.332 E108.43571
G1 X29.577 Y36.686 E108.45192
G1 X29.308 Y37.206 E108.47139
G1 X29.216 Y37.687 E108.48768
G1 X29.216 Y38.077 E108.50065
G1 X29.289 Y38.459 E108.51358
G1 X29.431 Y38.816 E108.52636
G1 X29.697 Y39.231 E108.54276
G1 X30.061 Y39.544 E108.55872
G1 X30.492 Y39.796 E108.57533
G1 X31.056 Y39.931 E108.59462
G1 X31.551 Y39.909 E108.6111
G1 X32.017 Y39.796 E108.62705
G1 X32.079 Y39.76 E108.62943
G0 F9000 X31.772 Y39.058
;TYPE:SKIN
G1 F600 X31.728 Y39.084 E108.63113
G1 X31.447 Y39.153 E108.64076
G1 X31.124 Y39.167 E108.65151
G1 X30.776 Y39.084 E108.66341
G1 X30.506 Y38.925 E108.67383
G1 X30.277 Y38.723 E108.68399
G1 X30.107 Y38.463 E108.69432
G1 X30.021 Y38.248 E108.70202
G1 X29.976 Y37.755 E108.71849
G1 X30.032 Y37.458 E108.72854
G1 X30.205 Y37.126 E108.74099
G1 X30.507 Y36.809 E108.75555
G1 X30.889 Y36.639 E108.76946
G1 X31.256 Y36.587 E108.78179
G1 X31.548 Y36.628 E108.79159
G1 X31.847 Y36.732 E108.80212
G1 X32.092 Y36.905 E108.8121
G1 X32.303 Y37.126 E108.82226
G1 X32.477 Y37.463 E108.83488
G1 X32.536 Y37.753 E108.84472
G1 X32.536 Y38.003 E108.85303
G1 X32.4 Y38.46 E108.86889
G1 X32.269 Y38.668 E108.87707
G1 X32.051 Y38.897 E108.88758
G1 X31.772 Y39.058 E108.8983
G0 F9000 X31.901 Y39.285
G0 X31.11 Y39.367
G0 X30.704 Y39.27
G0 X30.183 Y38.9
G0 X29.751 Y38.213
G0 X30.208 Y38.127
G1 F600 X31.016 Y38.935 E108.9363
G0 F9000 X31.564 Y38.918
G1 F600 X30.214 Y37.568 E108.9998
G0 F9000 X30.411 Y37.199
G1 F600 X31.938 Y38.726 E109.07163
G0 F9000 X32.204 Y38.427
G1 F600 X30.714 Y36.936 E109.14174
G0 F9000 X31.147 Y36.804
G1 F600 X32.334 Y37.991 E109.19757
G1 F2700 E104.19757
;MESH:slupek4.stl(1)
G0 F9000 X32.786 Y38.078
G0 X33.068 Y38.053
G0 X34.162 Y38.053
G0 X38.352 Y38.053
G0 X41.854 Y39.423
;TYPE:WALL-INNER
G1 F2700 E109.19757
G1 F600 X41.867 Y39.42 E109.19801
G1 X42.28 Y39.183 E109.21385
G1 X42.55 Y38.897 E109.22693
G1 X42.724 Y38.631 E109.23751
G1 X42.837 Y38.347 E109.24767
G1 X42.896 Y38.039 E109.2581
G1 X42.896 Y37.722 E109.26865
G1 X42.823 Y37.342 E109.28151
G1 X42.606 Y36.921 E109.29727
G1 X42.331 Y36.634 E109.31049
G1 X42.015 Y36.409 E109.32339
G1 X41.641 Y36.278 E109.33657
G1 X41.256 Y36.223 E109.34951
G1 X40.787 Y36.29 E109.36526
G1 X40.434 Y36.45 E109.37815
G1 X40.176 Y36.635 E109.38871
G1 X39.906 Y36.92 E109.40177
G1 X39.69 Y37.338 E109.41742
G1 X39.616 Y37.725 E109.43052
G1 X39.616 Y38.039 E109.44097
G1 X39.675 Y38.347 E109.4514
G1 X39.789 Y38.632 E109.46161
G1 X40.002 Y38.966 E109.47478
G1 X40.294 Y39.217 E109.48759
G1 X40.642 Y39.421 E109.50101
G1 X41.094 Y39.529 E109.51646
G1 X41.495 Y39.511 E109.52982
G1 X41.854 Y39.423 E109.54211
G0 F9000 X41.999 Y39.8
;TYPE:WALL-OUTER
G1 F600 X42.017 Y39.796 E109.54272
G1 X42.53 Y39.501 E109.5624
G1 X42.866 Y39.147 E109.57864
G1 X43.081 Y38.815 E109.59179
G1 X43.223 Y38.459 E109.60454
G1 X43.296 Y38.077 E109.61748
G1 X43.296 Y37.684 E109.63055
G1 X43.205 Y37.21 E109.6466
G1 X42.935 Y36.686 E109.66621
G1 X42.593 Y36.329 E109.68265
G1 X42.199 Y36.049 E109.69873
G1 X41.736 Y35.888 E109.71503
G1 X41.256 Y35.819 E109.73116
G1 X40.673 Y35.902 E109.75075
G1 X40.233 Y36.102 E109.76682
G1 X39.912 Y36.332 E109.77996
G1 X39.577 Y36.686 E109.79617
G1 X39.308 Y37.206 E109.81564
G1 X39.216 Y37.687 E109.83193
G1 X39.216 Y38.077 E109.8449
G1 X39.289 Y38.459 E109.85783
G1 X39.431 Y38.816 E109.87061
G1 X39.697 Y39.231 E109.88701
G1 X40.061 Y39.544 E109.90297
G1 X40.492 Y39.796 E109.91958
G1 X41.056 Y39.931 E109.93887
G1 X41.551 Y39.909 E109.95535
G1 X41.999 Y39.8 E109.97068
G0 F9000 X41.723 Y39.085
;TYPE:SKIN
G1 F600 X41.447 Y39.153 E109.98014
G1 X41.124 Y39.167 E109.99089
G1 X40.776 Y39.084 E110.00279
G1 X40.506 Y38.925 E110.01321
G1 X40.277 Y38.723 E110.02337
G1 X40.107 Y38.463 E110.0337
G1 X40.021 Y38.248 E110.0414
G1 X39.976 Y37.755 E110.05787
G1 X40.032 Y37.458 E110.06792
G1 X40.205 Y37.126 E110.08037
G1 X40.507 Y36.809 E110.09493
G1 X40.889 Y36.639 E110.10884
G1 X41.256 Y36.587 E110.12117
G1 X41.548 Y36.628 E110.13098
G1 X41.847 Y36.732 E110.1415
G1 X42.092 Y36.905 E110.15148
G1 X42.303 Y37.126 E110.16164
G1 X42.477 Y37.463 E110.17426
G1 X42.536 Y37.753 E110.1841
G1 X42.487 Y38.242 E110.20045
G1 X42.269 Y38.668 E110.21636
G1 X42.051 Y38.897 E110.22688
G1 X41.728 Y39.084 E110.23929
G1 X41.723 Y39.085 E110.23946
G0 F9000 X41.783 Y39.338
G0 X41.11 Y39.367
G0 X40.704 Y39.27
G0 X40.125 Y38.859
G0 X39.958 Y38.543
G0 X39.716 Y37.926
G0 X40.189 Y37.926
G1 F600 X41.225 Y38.962 E110.28819
G0 F9000 X41.698 Y38.87
G1 F600 X40.267 Y37.438 E110.35553
G0 F9000 X40.5 Y37.105
G1 F600 X42.027 Y38.633 E110.42737
G0 F9000 X42.246 Y38.286
G1 F600 X40.84 Y36.88 E110.49351
G0 F9000 X41.324 Y36.799
G1 F600 X42.315 Y37.789 E110.5401
G1 F2700 E105.5401
;MESH:NONMESH
G0 F300 X42.315 Y37.789 Z7.2
G0 F9000 X42.796 Y37.789
G0 X42.58 Y38.556
G0 X42.179 Y39.055
G0 X41.806 Y39.27
G0 X41.11 Y39.367
G0 X40.704 Y39.27
G0 X40.235 Y38.937
G0 X39.446 Y38.053
G0 X38.352 Y38.053
G0 X33.889 Y39.123
G0 X31.918 Y39.391
;TIME_ELAPSED:392.845013
;LAYER:35
;note -- min layer time used
;TYPE:WALL-INNER
;MESH:slupek4.stl
G1 F2700 E110.5401
G1 F600 X32.28 Y39.183 E110.55398
G1 X32.55 Y38.897 E110.56707
G1 X32.724 Y38.631 E110.57764
G1 X32.837 Y38.347 E110.5878
G1 X32.896 Y38.039 E110.59823
G1 X32.896 Y37.722 E110.60878
G1 X32.823 Y37.342 E110.62165
G1 X32.606 Y36.921 E110.6374
G1 X32.331 Y36.634 E110.65062
G1 X32.015 Y36.409 E110.66352
G1 X31.641 Y36.278 E110.6767
G1 X31.256 Y36.223 E110.68964
G1 X30.787 Y36.29 E110.7054
G1 X30.434 Y36.45 E110.71829
G1 X30.176 Y36.635 E110.72885
G1 X29.906 Y36.92 E110.7419
G1 X29.69 Y37.338 E110.75755
G1 X29.616 Y37.725 E110.77066
G1 X29.616 Y38.039 E110.7811
G1 X29.675 Y38.347 E110.79153
G1 X29.789 Y38.632 E110.80174
G1 X30.002 Y38.966 E110.81492
G1 X30.294 Y39.217 E110.82772
G1 X30.642 Y39.421 E110.84114
G1 X31.094 Y39.529 E110.8566
G1 X31.495 Y39.511 E110.86995
G1 X31.867 Y39.42 E110.88269
G1 X31.918 Y39.391 E110.88464
G0 F9000 X32.079 Y39.76
;TYPE:WALL-OUTER
G1 F600 X32.53 Y39.501 E110.90193
G1 X32.866 Y39.147 E110.91817
G1 X33.081 Y38.815 E110.93132
G1 X33.223 Y38.459 E110.94407
G1 X33.296 Y38.077 E110.95701
G1 X33.296 Y37.684 E110.97008
G1 X33.205 Y37.21 E110.98613
G1 X32.935 Y36.686 E111.00574
G1 X32.593 Y36.329 E111.02218
G1 X32.199 Y36.049 E111.03826
G1 X31.736 Y35.888 E111.05456
G1 X31.256 Y35.819 E111.07069
G1 X30.673 Y35.902 E111.09028
G1 X30.233 Y36.102 E111.10635
G1 X29.912 Y36.332 E111.11949
G1 X29.577 Y36.686 E111.1357
G1 X29.308 Y37.206 E111.15517
G1 X29.216 Y37.687 E111.17146
G1 X29.216 Y38.077 E111.18443
G1 X29.289 Y38.459 E111.19736
G1 X29.431 Y38.816 E111.21014
G1 X29.697 Y39.231 E111.22654
G1 X30.061 Y39.544 E111.2425
G1 X30.492 Y39.796 E111.25911
G1 X31.056 Y39.931 E111.2784
G1 X31.551 Y39.909 E111.29488
G1 X32.017 Y39.796 E111.31083
G1 X32.079 Y39.76 E111.31321
G0 F9000 X31.772 Y39.058
;TYPE:SKIN
G1 F600 X31.728 Y39.084 E111.31491
G1 X31.447 Y39.153 E111.32453
G1 X31.124 Y39.167 E111.33529
G1 X30.776 Y39.084 E111.34719
G1 X30.506 Y38.925 E111.35761
G1 X30.277 Y38.723 E111.36776
G1 X30.107 Y38.463 E111.3781
G1 X30.021 Y38.248 E111.3858
G1 X29.976 Y37.755 E111.40226
G1 X30.032 Y37.458 E111.41232
G1 X30.205 Y37.126 E111.42477
G1 X30.507 Y36.809 E111.43933
G1 X30.889 Y36.639 E111.45324
G1 X31.256 Y36.587 E111.46557
G1 X31.548 Y36.628 E111.47537
G1 X31.847 Y36.732 E111.4859
G1 X32.092 Y36.905 E111.49588
G1 X32.303 Y37.126 E111.50604
G1 X32.477 Y37.463 E111.51865
G1 X32.536 Y37.753 E111.5285
G1 X32.487 Y38.242 E111.54484
G1 X32.269 Y38.668 E111.56076
G1 X32.051 Y38.897 E111.57128
G1 X31.772 Y39.058 E111.58199
G0 F9000 X31.18 Y38.965
G1 F600 X32.318 Y37.827 E111.63552
G0 F9000 X32.205 Y37.374
G1 F600 X30.746 Y38.834 E111.70417
G0 F9000 X30.428 Y38.586
G1 F600 X31.959 Y37.055 E111.77618
G0 F9000 X31.594 Y36.854
G1 F600 X30.218 Y38.23 E111.8409
G0 F9000 X30.191 Y37.691
G1 F600 X31.067 Y36.815 E111.88211
G1 F2700 E106.88211
;MESH:slupek4.stl(1)
G0 F9000 X31.003 Y36.36
G0 X31.603 Y36.436
G0 X32.985 Y37.283
G0 X34.059 Y37.076
G0 X38.352 Y38.053
G0 X41.854 Y39.423
;TYPE:WALL-INNER
G1 F2700 E111.88211
G1 F600 X41.867 Y39.42 E111.88255
G1 X42.28 Y39.183 E111.89839
G1 X42.55 Y38.897 E111.91147
G1 X42.724 Y38.631 E111.92204
G1 X42.837 Y38.347 E111.93221
G1 X42.896 Y38.039 E111.94264
G1 X42.896 Y37.722 E111.95318
G1 X42.823 Y37.342 E111.96605
G1 X42.606 Y36.921 E111.98181
G1 X42.331 Y36.634 E111.99503
G1 X42.015 Y36.409 E112.00793
G1 X41.641 Y36.278 E112.02111
G1 X41.256 Y36.223 E112.03404
G1 X40.787 Y36.29 E112.0498
G1 X40.434 Y36.45 E112.06269
G1 X40.176 Y36.635 E112.07325
G1 X39.906 Y36.92 E112.08631
G1 X39.69 Y37.338 E112.10196
G1 X39.616 Y37.725 E112.11506
G1 X39.616 Y38.039 E112.12551
G1 X39.675 Y38.347 E112.13594
G1 X39.789 Y38.632 E112.14615
G1 X40.002 Y38.966 E112.15932
G1 X40.294 Y39.217 E112.17213
G1 X40.642 Y39.421 E112.18555
G1 X41.094 Y39.529 E112.201
G1 X41.495 Y39.511 E112.21435
G1 X41.854 Y39.423 E112.22665
G0 F9000 X41.999 Y39.8
;TYPE:WALL-OUTER
G1 F600 X42.017 Y39.796 E112.22726
G1 X42.53 Y39.501 E112.24694
G1 X42.866 Y39.147 E112.26318
G1 X43.081 Y38.815 E112.27633
G1 X43.223 Y38.459 E112.28908
G1 X43.296 Y38.077 E112.30201
G1 X43.296 Y37.684 E112.31509
G1 X43.205 Y37.21 E112.33114
G1 X42.935 Y36.686 E112.35074
G1 X42.593 Y36.329 E112.36719
G1 X42.199 Y36.049 E112.38326
G1 X41.736 Y35.888 E112.39957
G1 X41.256 Y35.819 E112.4157
G1 X40.673 Y35.902 E112.43528
G1 X40.233 Y36.102 E112.45136
G1 X39.912 Y36.332 E112.46449
G1 X39.577 Y36.686 E112.4807
G1 X39.308 Y37.206 E112.50018
G1 X39.216 Y37.687 E112.51646
G1 X39.216 Y38.077 E112.52944
G1 X39.289 Y38.459 E112.54237
G1 X39.431 Y38.816 E112.55515
G1 X39.697 Y39.231 E112.57154
G1 X40.061 Y39.544 E112.58751
G1 X40.492 Y39.796 E112.60412
G1 X41.056 Y39.931 E112.62341
G1 X41.551 Y39.909 E112.63989
G1 X41.999 Y39.8 E112.65522
G0 F9000 X41.723 Y39.085
;TYPE:SKIN
G1 F600 X41.447 Y39.153 E112.66468
G1 X41.124 Y39.167 E112.67543
G1 X40.776 Y39.084 E112.68733
G1 X40.506 Y38.925 E112.69775
G1 X40.277 Y38.723 E112.70791
G1 X40.107 Y38.463 E112.71824
G1 X40.021 Y38.248 E112.72594
G1 X39.976 Y37.755 E112.74241
G1 X40.032 Y37.458 E112.75246
G1 X40.205 Y37.126 E112.76491
G1 X40.507 Y36.809 E112.77947
G1 X40.889 Y36.639 E112.79338
G1 X41.256 Y36.587 E112.80571
G1 X41.548 Y36.628 E112.81551
G1 X41.847 Y36.732 E112.82604
G1 X42.092 Y36.905 E112.83602
G1 X42.303 Y37.126 E112.84618
G1 X42.477 Y37.463 E112.8588
G1 X42.536 Y37.753 E112.86864
G1 X42.487 Y38.242 E112.88498
G1 X42.269 Y38.668 E112.9009
G1 X42.051 Y38.897 E112.91142
G1 X41.728 Y39.084 E112.92383
G1 X41.723 Y39.085 E112.924
G0 F9000 X41.371 Y38.957
G1 F600 X42.332 Y37.996 E112.9692
G0 F9000 X42.267 Y37.494
G1 F600 X40.863 Y38.899 E113.03527
G0 F9000 X40.523 Y38.673
G1 F600 X42.047 Y37.149 E113.10695
G0 F9000 X41.728 Y36.902
G1 F600 X40.275 Y38.356 E113.17532
G0 F9000 X40.186 Y37.879
G1 F600 X41.273 Y36.791 E113.22647
G1 F2700 E108.22647
;MESH:NONMESH
G0 F300 X41.273 Y36.791 Z7.4
G0 F9000 X41.339 Y36.337
G0 X40.832 Y36.446
G0 X40.52 Y36.622
G0 X39.529 Y37.281
G0 X38.454 Y37.075
G0 X34.162 Y38.053
G0 X31.918 Y39.391
;TIME_ELAPSED:403.335456
;LAYER:36
;note -- min layer time used
;TYPE:WALL-INNER
;MESH:slupek4.stl
G1 F2700 E113.22647
G1 F600 X32.28 Y39.183 E113.24036
G1 X32.55 Y38.897 E113.25344
G1 X32.724 Y38.631 E113.26401
G1 X32.837 Y38.347 E113.27418
G1 X32.896 Y38.039 E113.28461
G1 X32.896 Y37.722 E113.29515
G1 X32.823 Y37.342 E113.30802
G1 X32.606 Y36.921 E113.32377
G1 X32.331 Y36.634 E113.33699
G1 X32.015 Y36.409 E113.3499
G1 X31.641 Y36.278 E113.36308
G1 X31.256 Y36.223 E113.37601
G1 X30.787 Y36.29 E113.39177
G1 X30.434 Y36.45 E113.40466
G1 X30.176 Y36.635 E113.41522
G1 X29.906 Y36.92 E113.42828
G1 X29.69 Y37.338 E113.44393
G1 X29.616 Y37.725 E113.45703
G1 X29.616 Y38.039 E113.46747
G1 X29.675 Y38.347 E113.4779
G1 X29.789 Y38.632 E113.48811
G1 X30.002 Y38.966 E113.50129
G1 X30.294 Y39.217 E113.5141
G1 X30.642 Y39.421 E113.52751
G1 X31.094 Y39.529 E113.54297
G1 X31.495 Y39.511 E113.55632
G1 X31.867 Y39.42 E113.56906
G1 X31.918 Y39.391 E113.57101
G0 F9000 X32.079 Y39.76
;TYPE:WALL-OUTER
G1 F600 X32.53 Y39.501 E113.58831
G1 X32.866 Y39.147 E113.60454
G1 X33.081 Y38.815 E113.6177
G1 X33.223 Y38.459 E113.63044
G1 X33.296 Y38.077 E113.64338
G1 X33.296 Y37.684 E113.65645
G1 X33.205 Y37.21 E113.6725
G1 X32.935 Y36.686 E113.69211
G1 X32.593 Y36.329 E113.70855
G1 X32.199 Y36.049 E113.72463
G1 X31.736 Y35.888 E113.74093
G1 X31.256 Y35.819 E113.75706
G1 X30.673 Y35.902 E113.77665
G1 X30.233 Y36.102 E113.79272
G1 X29.912 Y36.332 E113.80586
G1 X29.577 Y36.686 E113.82207
G1 X29.308 Y37.206 E113.84154
G1 X29.216 Y37.687 E113.85783
G1 X29.216 Y38.077 E113.8708
G1 X29.289 Y38.459 E113.88374
G1 X29.431 Y38.816 E113.89651
G1 X29.697 Y39.231 E113.91291
G1 X30.061 Y39.544 E113.92888
G1 X30.492 Y39.796 E113.94548
G1 X31.056 Y39.931 E113.96477
G1 X31.551 Y39.909 E113.98125
G1 X32.017 Y39.796 E113.9972
G1 X32.079 Y39.76 E113.99958
G0 F9000 X31.772 Y39.058
;TYPE:SKIN
G1 F600 X31.728 Y39.084 E114.00128
G1 X31.447 Y39.153 E114.01091
G1 X31.124 Y39.167 E114.02166
G1 X30.776 Y39.084 E114.03356
G1 X30.506 Y38.925 E114.04398
G1 X30.277 Y38.723 E114.05414
G1 X30.107 Y38.463 E114.06447
G1 X30.021 Y38.248 E114.07217
G1 X29.976 Y37.755 E114.08864
G1 X30.032 Y37.458 E114.09869
G1 X30.205 Y37.126 E114.11114
G1 X30.507 Y36.809 E114.1257
G1 X30.889 Y36.639 E114.13961
G1 X31.256 Y36.587 E114.15194
G1 X31.548 Y36.628 E114.16174
G1 X31.847 Y36.732 E114.17227
G1 X32.092 Y36.905 E114.18225
G1 X32.303 Y37.126 E114.19241
G1 X32.477 Y37.463 E114.20503
G1 X32.536 Y37.753 E114.21487
G1 X32.487 Y38.242 E114.23122
G1 X32.269 Y38.668 E114.24713
G1 X32.051 Y38.897 E114.25765
G1 X31.772 Y39.058 E114.26836
G0 F9000 X31.901 Y39.285
G0 X31.11 Y39.367
G0 X30.704 Y39.27
G0 X30.183 Y38.9
G0 X29.751 Y38.213
G0 X30.208 Y38.127
G1 F600 X31.016 Y38.935 E114.30637
G0 F9000 X31.564 Y38.918
G1 F600 X30.214 Y37.568 E114.36987
G0 F9000 X30.411 Y37.199
G1 F600 X31.938 Y38.726 E114.44169
G0 F9000 X32.204 Y38.427
G1 F600 X30.714 Y36.936 E114.5118
G0 F9000 X31.147 Y36.804
G1 F600 X32.334 Y37.991 E114.56763
G1 F2700 E109.56763
;MESH:slupek4.stl(1)
G0 F9000 X32.786 Y38.078
G0 X33.068 Y38.053
G0 X34.162 Y38.053
G0 X38.352 Y38.053
G0 X41.854 Y39.423
;TYPE:WALL-INNER
G1 F2700 E114.56763
G1 F600 X41.867 Y39.42 E114.56808
G1 X42.28 Y39.183 E114.58392
G1 X42.55 Y38.897 E114.597
G1 X42.724 Y38.631 E114.60757
G1 X42.837 Y38.347 E114.61774
G1 X42.896 Y38.039 E114.62817
G1 X42.896 Y37.722 E114.63871
G1 X42.823 Y37.342 E114.65158
G1 X42.606 Y36.921 E114.66733
G1 X42.331 Y36.634 E114.68055
G1 X42.015 Y36.409 E114.69345
G1 X41.641 Y36.278 E114.70663
G1 X41.256 Y36.223 E114.71957
G1 X40.787 Y36.29 E114.73533
G1 X40.434 Y36.45 E114.74822
G1 X40.176 Y36.635 E114.75878
G1 X39.906 Y36.92 E114.77183
G1 X39.69 Y37.338 E114.78748
G1 X39.616 Y37.725 E114.80059
G1 X39.616 Y38.039 E114.81103
G1 X39.675 Y38.347 E114.82146
G1 X39.789 Y38.632 E114.83167
G1 X40.002 Y38.966 E114.84485
G1 X40.294 Y39.217 E114.85765
G1 X40.642 Y39.421 E114.87107
G1 X41.094 Y39.529 E114.88653
G1 X41.495 Y39.511 E114.89988
G1 X41.854 Y39.423 E114.91217
G0 F9000 X41.999 Y39.8
;TYPE:WALL-OUTER
G1 F600 X42.017 Y39.796 E114.91279
G1 X42.53 Y39.501 E114.93247
G1 X42.866 Y39.147 E114.9487
G1 X43.081 Y38.815 E114.96186
G1 X43.223 Y38.459 E114.97461
G1 X43.296 Y38.077 E114.98754
G1 X43.296 Y37.684 E115.00061
G1 X43.205 Y37.21 E115.01666
G1 X42.935 Y36.686 E115.03627
G1 X42.593 Y36.329 E115.05271
G1 X42.199 Y36.049 E115.06879
G1 X41.736 Y35.888 E115.08509
G1 X41.256 Y35.819 E115.10122
G1 X40.673 Y35.902 E115.12081
G1 X40.233 Y36.102 E115.13688
G1 X39.912 Y36.332 E115.15002
G1 X39.577 Y36.686 E115.16623
G1 X39.308 Y37.206 E115.1857
G1 X39.216 Y37.687 E115.20199
G1 X39.216 Y38.077 E115.21496
G1 X39.289 Y38.459 E115.2279
G1 X39.431 Y38.816 E115.24068
G1 X39.697 Y39.231 E115.25707
G1 X40.061 Y39.544 E115.27304
G1 X40.492 Y39.796 E115.28964
G1 X41.056 Y39.931 E115.30893
G1 X41.551 Y39.909 E115.32541
G1 X41.999 Y39.8 E115.34075
G0 F9000 X41.723 Y39.085
;TYPE:SKIN
G1 F600 X41.447 Y39.153 E115.3502
G1 X41.124 Y39.167 E115.36095
G1 X40.776 Y39.084 E115.37285
G1 X40.506 Y38.925 E115.38328
G1 X40.277 Y38.723 E115.39343
G1 X40.107 Y38.463 E115.40376
G1 X40.021 Y38.248 E115.41147
G1 X39.976 Y37.755 E115.42793
G1 X40.032 Y37.458 E115.43798
G1 X40.205 Y37.126 E115.45043
G1 X40.507 Y36.809 E115.465
G1 X40.889 Y36.639 E115.4789
G1 X41.256 Y36.587 E115.49123
G1 X41.548 Y36.628 E115.50104
G1 X41.847 Y36.732 E115.51157
G1 X42.092 Y36.905 E115.52154
G1 X42.303 Y37.126 E115.53171
G1 X42.477 Y37.463 E115.54432
G1 X42.536 Y37.753 E115.55416
G1 X42.487 Y38.242 E115.57051
G1 X42.269 Y38.668 E115.58643
G1 X42.051 Y38.897 E115.59694
G1 X41.728 Y39.084 E115.60936
G1 X41.723 Y39.085 E115.60953
G0 F9000 X41.783 Y39.338
G0 X41.11 Y39.367
G0 X40.704 Y39.27
G0 X40.125 Y38.859
G0 X39.958 Y38.543
G0 X39.716 Y37.926
G0 X40.189 Y37.926
G1 F600 X41.225 Y38.962 E115.65826
G0 F9000 X41.698 Y38.87
G1 F600 X40.267 Y37.438 E115.72559
G0 F9000 X40.5 Y37.105
G1 F600 X42.027 Y38.633 E115.79744
G0 F9000 X42.246 Y38.286
G1 F600 X40.84 Y36.88 E115.86357
G0 F9000 X41.324 Y36.799
G1 F600 X42.315 Y37.789 E115.91016
G1 F2700 E110.91016
;MESH:NONMESH
G0 F300 X42.315 Y37.789 Z7.6
G0 F9000 X42.796 Y37.789
G0 X42.58 Y38.556
G0 X42.179 Y39.055
G0 X41.806 Y39.27
G0 X41.11 Y39.367
G0 X40.704 Y39.27
G0 X40.235 Y38.937
G0 X39.446 Y38.053
G0 X38.352 Y38.053
G0 X33.889 Y39.123
G0 X31.918 Y39.391
;TIME_ELAPSED:414.091178
;LAYER:37
;note -- min layer time used
;TYPE:WALL-INNER
;MESH:slupek4.stl
G1 F2700 E115.91016
G1 F600 X32.28 Y39.183 E115.92405
G1 X32.55 Y38.897 E115.93713
G1 X32.724 Y38.631 E115.9477
G1 X32.837 Y38.347 E115.95787
G1 X32.896 Y38.039 E115.9683
G1 X32.896 Y37.722 E115.97884
G1 X32.823 Y37.342 E115.99171
G1 X32.606 Y36.921 E116.00746
G1 X32.331 Y36.634 E116.02069
G1 X32.015 Y36.409 E116.03359
G1 X31.641 Y36.278 E116.04677
G1 X31.256 Y36.223 E116.0597
G1 X30.787 Y36.29 E116.07546
G1 X30.434 Y36.45 E116.08835
G1 X30.176 Y36.635 E116.09891
G1 X29.906 Y36.92 E116.11197
G1 X29.69 Y37.338 E116.12762
G1 X29.616 Y37.725 E116.14072
G1 X29.616 Y38.039 E116.15117
G1 X29.675 Y38.347 E116.1616
G1 X29.789 Y38.632 E116.17181
G1 X30.002 Y38.966 E116.18498
G1 X30.294 Y39.217 E116.19779
G1 X30.642 Y39.421 E116.2112
G1 X31.094 Y39.529 E116.22666
G1 X31.495 Y39.511 E116.24001
G1 X31.867 Y39.42 E116.25275
G1 X31.918 Y39.391 E116.2547
G0 F9000 X32.079 Y39.76
;TYPE:WALL-OUTER
G1 F600 X32.53 Y39.501 E116.272
G1 X32.866 Y39.147 E116.28823
G1 X33.081 Y38.815 E116.30139
G1 X33.223 Y38.459 E116.31414
G1 X33.296 Y38.077 E116.32707
G1 X33.296 Y37.684 E116.34014
G1 X33.205 Y37.21 E116.35619
G1 X32.935 Y36.686 E116.3758
G1 X32.593 Y36.329 E116.39224
G1 X32.199 Y36.049 E116.40832
G1 X31.736 Y35.888 E116.42462
G1 X31.256 Y35.819 E116.44075
G1 X30.673 Y35.902 E116.46034
G1 X30.233 Y36.102 E116.47641
G1 X29.912 Y36.332 E116.48955
G1 X29.577 Y36.686 E116.50576
G1 X29.308 Y37.206 E116.52523
G1 X29.216 Y37.687 E116.54152
G1 X29.216 Y38.077 E116.55449
G1 X29.289 Y38.459 E116.56743
G1 X29.431 Y38.816 E116.58021
G1 X29.697 Y39.231 E116.5966
G1 X30.061 Y39.544 E116.61257
G1 X30.492 Y39.796 E116.62917
G1 X31.056 Y39.931 E116.64846
G1 X31.551 Y39.909 E116.66494
G1 X32.017 Y39.796 E116.68089
G1 X32.079 Y39.76 E116.68327
G0 F9000 X31.772 Y39.058
;TYPE:SKIN
G1 F600 X31.728 Y39.084 E116.68497
G1 X31.447 Y39.153 E116.6946
G1 X31.124 Y39.167 E116.70535
G1 X30.776 Y39.084 E116.71725
G1 X30.506 Y38.925 E116.72767
G1 X30.277 Y38.723 E116.73783
G1 X30.107 Y38.463 E116.74816
G1 X30.021 Y38.248 E116.75586
G1 X29.976 Y37.755 E116.77233
G1 X30.032 Y37.458 E116.78238
G1 X30.205 Y37.126 E116.79483
G1 X30.507 Y36.809 E116.80939
G1 X30.889 Y36.639 E116.8233
G1 X31.256 Y36.587 E116.83563
G1 X31.548 Y36.628 E116.84544
G1 X31.847 Y36.732 E116.85597
G1 X32.092 Y36.905 E116.86594
G1 X32.303 Y37.126 E116.8761
G1 X32.477 Y37.463 E116.88872
G1 X32.536 Y37.753 E116.89856
G1 X32.487 Y38.242 E116.91491
G1 X32.269 Y38.668 E116.93082
G1 X32.051 Y38.897 E116.94134
G1 X31.772 Y39.058 E116.95205
G0 F9000 X31.18 Y38.965
G1 F600 X32.318 Y37.827 E117.00558
G0 F9000 X32.205 Y37.374
G1 F600 X30.746 Y38.834 E117.07423
G0 F9000 X30.428 Y38.586
G1 F600 X31.959 Y37.055 E117.14624
G0 F9000 X31.594 Y36.854
G1 F600 X30.218 Y38.23 E117.21097
G0 F9000 X30.191 Y37.691
G1 F600 X31.067 Y36.815 E117.25217
G1 F2700 E112.25217
;MESH:slupek4.stl(1)
G0 F9000 X31.003 Y36.36
G0 X31.603 Y36.436
G0 X32.985 Y37.283
G0 X34.059 Y37.076
G0 X38.352 Y38.053
G0 X41.854 Y39.423
;TYPE:WALL-INNER
G1 F2700 E117.25217
G1 F600 X41.867 Y39.42 E117.25262
G1 X42.28 Y39.183 E117.26845
G1 X42.55 Y38.897 E117.28154
G1 X42.724 Y38.631 E117.29211
G1 X42.837 Y38.347 E117.30227
G1 X42.896 Y38.039 E117.3127
G1 X42.896 Y37.722 E117.32325
G1 X42.823 Y37.342 E117.33612
G1 X42.606 Y36.921 E117.35187
G1 X42.331 Y36.634 E117.36509
G1 X42.015 Y36.409 E117.37799
G1 X41.641 Y36.278 E117.39117
G1 X41.256 Y36.223 E117.40411
G1 X40.787 Y36.29 E117.41987
G1 X40.434 Y36.45 E117.43276
G1 X40.176 Y36.635 E117.44332
G1 X39.906 Y36.92 E117.45637
G1 X39.69 Y37.338 E117.47202
G1 X39.616 Y37.725 E117.48513
G1 X39.616 Y38.039 E117.49557
G1 X39.675 Y38.347 E117.506
G1 X39.789 Y38.632 E117.51621
G1 X40.002 Y38.966 E117.52939
G1 X40.294 Y39.217 E117.54219
G1 X40.642 Y39.421 E117.55561
G1 X41.094 Y39.529 E117.57107
G1 X41.495 Y39.511 E117.58442
G1 X41.854 Y39.423 E117.59671
G0 F9000 X41.999 Y39.8
;TYPE:WALL-OUTER
G1 F600 X42.017 Y39.796 E117.59732
G1 X42.53 Y39.501 E117.61701
G1 X42.866 Y39.147 E117.63324
G1 X43.081 Y38.815 E117.6464
G1 X43.223 Y38.459 E117.65914
G1 X43.296 Y38.077 E117.67208
G1 X43.296 Y37.684 E117.68515
G1 X43.205 Y37.21 E117.7012
G1 X42.935 Y36.686 E117.72081
G1 X42.593 Y36.329 E117.73725
G1 X42.199 Y36.049 E117.75333
G1 X41.736 Y35.888 E117.76963
G1 X41.256 Y35.819 E117.78576
G1 X40.673 Y35.902 E117.80535
G1 X40.233 Y36.102 E117.82142
G1 X39.912 Y36.332 E117.83456
G1 X39.577 Y36.686 E117.85077
G1 X39.308 Y37.206 E117.87024
G1 X39.216 Y37.687 E117.88653
G1 X39.216 Y38.077 E117.8995
G1 X39.289 Y38.459 E117.91243
G1 X39.431 Y38.816 E117.92521
G1 X39.697 Y39.231 E117.94161
G1 X40.061 Y39.544 E117.95758
G1 X40.492 Y39.796 E117.97418
G1 X41.056 Y39.931 E117.99347
G1 X41.551 Y39.909 E118.00995
G1 X41.999 Y39.8 E118.02529
G0 F9000 X41.723 Y39.085
;TYPE:SKIN
G1 F600 X41.447 Y39.153 E118.03474
G1 X41.124 Y39.167 E118.04549
G1 X40.776 Y39.084 E118.05739
G1 X40.506 Y38.925 E118.06781
G1 X40.277 Y38.723 E118.07797
G1 X40.107 Y38.463 E118.0883
G1 X40.021 Y38.248 E118.096
G1 X39.976 Y37.755 E118.11247
G1 X40.032 Y37.458 E118.12252
G1 X40.205 Y37.126 E118.13497
G1 X40.507 Y36.809 E118.14954
G1 X40.889 Y36.639 E118.16344
G1 X41.256 Y36.587 E118.17577
G1 X41.548 Y36.628 E118.18558
G1 X41.847 Y36.732 E118.19611
G1 X42.092 Y36.905 E118.20608
G1 X42.303 Y37.126 E118.21624
G1 X42.477 Y37.463 E118.22886
G1 X42.536 Y37.753 E118.2387
G1 X42.487 Y38.242 E118.25505
G1 X42.269 Y38.668 E118.27096
G1 X42.051 Y38.897 E118.28148
G1 X41.728 Y39.084 E118.29389
G1 X41.723 Y39.085 E118.29406
G0 F9000 X41.371 Y38.957
G1 F600 X42.332 Y37.996 E118.33927
G0 F9000 X42.267 Y37.494
G1 F600 X40.863 Y38.899 E118.40533
G0 F9000 X40.523 Y38.673
G1 F600 X42.047 Y37.149 E118.47701
G0 F9000 X41.728 Y36.902
G1 F600 X40.275 Y38.356 E118.54538
G0 F9000 X40.186 Y37.879
G1 F600 X41.273 Y36.791 E118.59653
G1 F2700 E113.59653
;MESH:NONMESH
G0 F300 X41.273 Y36.791 Z7.8
G0 F9000 X41.339 Y36.337
G0 X40.832 Y36.446
G0 X40.52 Y36.622
G0 X39.529 Y37.281
G0 X38.454 Y37.075
G0 X34.162 Y38.053
G0 X31.913 Y39.381
;TIME_ELAPSED:424.581025
;LAYER:38
;note -- min layer time used
;TYPE:WALL-INNER
;MESH:slupek4.stl
G1 F2700 E118.59653
G1 F601.5 X32.08 Y39.305 E118.60262
G1 F600 X32.334 Y39.127 E118.61294
G1 X32.545 Y38.903 E118.62317
G1 X32.718 Y38.636 E118.63375
G1 X32.834 Y38.353 E118.64393
G1 X32.896 Y38.045 E118.65438
G1 X32.896 Y37.722 E118.66512
G1 X32.823 Y37.342 E118.67799
G1 X32.605 Y36.921 E118.69376
G1 X32.33 Y36.634 E118.70698
G1 X32.078 Y36.456 E118.71724
G1 X31.727 Y36.293 E118.73011
G1 X31.258 Y36.223 E118.74588
G1 X30.792 Y36.29 E118.76154
G1 X30.433 Y36.455 E118.77468
G1 X30.173 Y36.638 E118.78526
G1 X29.966 Y36.854 E118.79521
G1 X29.799 Y37.114 E118.80549
G1 X29.678 Y37.411 E118.81615
G1 X29.617 Y37.716 E118.8265
G1 X29.616 Y38.039 E118.83724
G1 X29.675 Y38.346 E118.84764
G1 X29.789 Y38.629 E118.85779
G1 X29.962 Y38.902 E118.86854
G1 X30.173 Y39.119 E118.8786
G1 X30.436 Y39.307 E118.88936
G1 X30.713 Y39.435 E118.89951
G1 X31.089 Y39.529 E118.9124
G1 X31.494 Y39.511 E118.92588
G1 X31.789 Y39.438 E118.93599
G1 F601.5 X31.913 Y39.381 E118.94051
G0 F9000 X32.074 Y39.748
;TYPE:WALL-OUTER
G1 F600 X32.28 Y39.653 E118.94806
G1 X32.596 Y39.431 E118.9609
G1 X32.861 Y39.151 E118.97373
G1 X33.074 Y38.822 E118.98676
G1 X33.219 Y38.469 E118.99946
G1 X33.296 Y38.084 E119.01251
G1 X33.296 Y37.684 E119.02582
G1 X33.205 Y37.21 E119.04187
G1 X32.935 Y36.686 E119.06148
G1 X32.592 Y36.329 E119.07794
G1 X32.279 Y36.107 E119.09071
G1 X31.842 Y35.906 E119.10671
G1 X31.259 Y35.819 E119.12631
G1 X30.678 Y35.902 E119.14583
G1 X30.233 Y36.107 E119.16213
G1 X29.911 Y36.333 E119.17521
G1 X29.65 Y36.605 E119.18775
G1 X29.443 Y36.929 E119.20054
G1 X29.293 Y37.295 E119.21369
G1 X29.217 Y37.676 E119.22661
G1 X29.216 Y38.077 E119.23995
G1 X29.289 Y38.459 E119.25289
G1 X29.431 Y38.812 E119.26554
G1 X29.646 Y39.151 E119.27889
G1 X29.911 Y39.423 E119.29152
G1 X30.234 Y39.654 E119.30473
G1 X30.579 Y39.814 E119.31738
G1 X31.049 Y39.931 E119.33349
G1 X31.551 Y39.909 E119.3502
G1 X31.921 Y39.818 E119.36288
G1 X32.074 Y39.748 E119.36847
G0 F9000 X31.768 Y39.049
;TYPE:SKIN
G1 F600 X31.556 Y39.148 E119.37625
G1 X31.121 Y39.166 E119.39073
G1 X30.715 Y39.064 E119.40466
G1 X30.306 Y38.77 E119.42141
G1 X30.042 Y38.355 E119.43777
G1 X29.976 Y38.005 E119.44962
G1 X29.976 Y37.643 E119.46166
G1 X30.119 Y37.276 E119.47476
G1 X30.309 Y36.983 E119.48637
G1 X30.613 Y36.766 E119.49879
G1 X30.897 Y36.635 E119.5092
G1 X31.255 Y36.586 E119.52121
G1 X31.618 Y36.638 E119.53341
G1 X32.017 Y36.825 E119.54807
G1 X32.303 Y37.129 E119.56195
G1 X32.477 Y37.467 E119.57459
G1 X32.536 Y37.757 E119.58444
G1 X32.536 Y38.003 E119.59262
G1 X32.483 Y38.249 E119.60099
G1 X32.394 Y38.47 E119.60891
G1 X32.099 Y38.848 E119.62486
G1 X31.895 Y38.99 E119.63313
G1 X31.768 Y39.049 E119.63779
G0 F9000 X30.995 Y38.914
G1 F600 X30.208 Y38.128 E119.67478
G0 F9000 X30.232 Y37.586
G1 F600 X31.569 Y38.923 E119.73767
G0 F9000 X31.929 Y38.718
G1 F600 X30.41 Y37.198 E119.80914
G0 F9000 X30.717 Y36.939
G1 F600 X32.189 Y38.411 E119.87838
G0 F9000 X32.334 Y37.991
G1 F600 X31.147 Y36.803 E119.93424
G1 F2700 E114.93424
;MESH:slupek4.stl(1)
G0 F9000 X31.082 Y36.349
G0 X31.68 Y36.449
G0 X31.989 Y36.623
G0 X32.985 Y37.283
G0 X34.059 Y37.076
G0 X38.352 Y38.053
G0 X41.849 Y39.411
;TYPE:WALL-INNER
G1 F2700 E119.93424
G1 F600 X42.08 Y39.305 E119.94269
G1 X42.334 Y39.127 E119.95301
G1 X42.545 Y38.903 E119.96324
G1 X42.718 Y38.636 E119.97382
G1 X42.834 Y38.353 E119.98399
G1 X42.896 Y38.045 E119.99444
G1 X42.896 Y37.722 E120.00519
G1 X42.823 Y37.342 E120.01806
G1 X42.605 Y36.921 E120.03383
G1 X42.33 Y36.634 E120.04705
G1 X42.078 Y36.456 E120.05731
G1 X41.727 Y36.293 E120.07018
G1 X41.258 Y36.223 E120.08595
G1 X40.792 Y36.29 E120.10161
G1 X40.433 Y36.455 E120.11475
G1 X40.173 Y36.638 E120.12533
G1 X39.966 Y36.854 E120.13528
G1 X39.799 Y37.114 E120.14555
G1 X39.678 Y37.411 E120.15622
G1 X39.617 Y37.716 E120.16657
G1 X39.616 Y38.039 E120.17731
G1 X39.675 Y38.346 E120.18771
G1 X39.789 Y38.629 E120.19785
G1 X39.962 Y38.902 E120.2086
G1 X40.173 Y39.119 E120.21867
G1 X40.436 Y39.307 E120.22942
G1 X40.713 Y39.435 E120.23957
G1 X41.089 Y39.529 E120.25246
G1 X41.494 Y39.511 E120.26595
G1 X41.789 Y39.438 E120.27605
G1 X41.849 Y39.411 E120.27824
G0 F9000 X41.993 Y39.785
;TYPE:WALL-OUTER
G1 F600 X42.28 Y39.653 E120.28875
G1 X42.596 Y39.431 E120.30159
G1 X42.861 Y39.151 E120.31442
G1 X43.074 Y38.822 E120.32745
G1 X43.219 Y38.469 E120.34015
G1 X43.296 Y38.084 E120.3532
G1 X43.296 Y37.684 E120.36651
G1 X43.205 Y37.21 E120.38256
G1 X42.935 Y36.686 E120.40217
G1 X42.592 Y36.329 E120.41863
G1 X42.279 Y36.107 E120.4314
G1 X41.842 Y35.906 E120.44739
G1 X41.259 Y35.819 E120.467
G1 X40.678 Y35.902 E120.48652
G1 X40.233 Y36.107 E120.50282
G1 X39.911 Y36.333 E120.5159
G1 X39.65 Y36.605 E120.52844
G1 X39.443 Y36.929 E120.54123
G1 X39.293 Y37.295 E120.55438
G1 X39.217 Y37.676 E120.5673
G1 X39.216 Y38.077 E120.58064
G1 X39.289 Y38.459 E120.59358
G1 X39.431 Y38.812 E120.60623
G1 X39.646 Y39.151 E120.61958
G1 X39.911 Y39.423 E120.63221
G1 X40.234 Y39.654 E120.64542
G1 X40.579 Y39.814 E120.65807
G1 X41.049 Y39.931 E120.67418
G1 X41.551 Y39.909 E120.69089
G1 X41.921 Y39.818 E120.70357
G1 X41.993 Y39.785 E120.7062
G0 F9000 X41.718 Y39.073
;TYPE:SKIN
G1 F600 X41.556 Y39.148 E120.71214
G1 X41.121 Y39.166 E120.72662
G1 X40.715 Y39.064 E120.74054
G1 X40.306 Y38.77 E120.75729
G1 X40.042 Y38.355 E120.77365
G1 X39.976 Y38.005 E120.7855
G1 X39.976 Y37.643 E120.79754
G1 X40.119 Y37.276 E120.81064
G1 X40.309 Y36.983 E120.82226
G1 X40.613 Y36.766 E120.83468
G1 X40.897 Y36.635 E120.84508
G1 X41.255 Y36.586 E120.8571
G1 X41.618 Y36.638 E120.86929
G1 X42.017 Y36.825 E120.88395
G1 X42.303 Y37.129 E120.89783
G1 X42.477 Y37.467 E120.91048
G1 X42.536 Y37.757 E120.92032
G1 X42.536 Y38.003 E120.9285
G1 X42.483 Y38.249 E120.93687
G1 X42.394 Y38.47 E120.9448
G1 X42.099 Y38.848 E120.96074
G1 X41.895 Y38.99 E120.96901
G1 X41.718 Y39.073 E120.97551
G0 F9000 X41.224 Y38.962
G1 F600 X40.19 Y37.927 E121.02417
G0 F9000 X40.274 Y37.446
G1 F600 X41.685 Y38.857 E121.09054
G0 F9000 X42.021 Y38.627
G1 F600 X40.509 Y37.115 E121.16166
G0 F9000 X40.842 Y36.882
G1 F600 X42.244 Y38.284 E121.22761
G0 F9000 X42.315 Y37.789
G1 F600 X41.324 Y36.799 E121.2742
G1 F2700 E116.2742
;MESH:NONMESH
G0 F300 X41.324 Y36.799 Z8
G0 F9000 X41.392 Y36.346
G0 X40.838 Y36.446
G0 X40.52 Y36.624
G0 X39.514 Y37.362
G0 X38.44 Y37.152
G0 X34.162 Y38.068
G0 X31.918 Y39.391
;TIME_ELAPSED:435.062745
;LAYER:39
;note -- min layer time used
;TYPE:WALL-INNER
;MESH:slupek4.stl
G1 F2700 E121.2742
G1 F600 X32.28 Y39.183 E121.28808
G1 X32.55 Y38.897 E121.30117
G1 X32.724 Y38.631 E121.31174
G1 X32.837 Y38.347 E121.3219
G1 X32.896 Y38.039 E121.33233
G1 X32.896 Y37.722 E121.34288
G1 X32.823 Y37.342 E121.35575
G1 X32.606 Y36.921 E121.3715
G1 X32.331 Y36.634 E121.38472
G1 X32.015 Y36.409 E121.39762
G1 X31.641 Y36.278 E121.4108
G1 X31.256 Y36.223 E121.42374
G1 X30.787 Y36.29 E121.4395
G1 X30.434 Y36.45 E121.45239
G1 X30.176 Y36.635 E121.46295
G1 X29.906 Y36.92 E121.476
G1 X29.69 Y37.338 E121.49165
G1 X29.616 Y37.725 E121.50476
G1 X29.616 Y38.039 E121.5152
G1 X29.675 Y38.347 E121.52563
G1 X29.789 Y38.632 E121.53584
G1 X30.002 Y38.966 E121.54902
G1 X30.294 Y39.217 E121.56182
G1 X30.642 Y39.421 E121.57524
G1 X31.094 Y39.529 E121.5907
G1 X31.495 Y39.511 E121.60405
G1 X31.867 Y39.42 E121.61679
G1 X31.918 Y39.391 E121.61874
G0 F9000 X32.079 Y39.76
;TYPE:WALL-OUTER
G1 F600 X32.53 Y39.501 E121.63603
G1 X32.866 Y39.147 E121.65227
G1 X33.081 Y38.815 E121.66542
G1 X33.223 Y38.459 E121.67817
G1 X33.296 Y38.077 E121.69111
G1 X33.296 Y37.684 E121.70418
G1 X33.205 Y37.21 E121.72023
G1 X32.935 Y36.686 E121.73984
G1 X32.593 Y36.329 E121.75628
G1 X32.199 Y36.049 E121.77236
G1 X31.736 Y35.888 E121.78866
G1 X31.256 Y35.819 E121.80479
G1 X30.673 Y35.902 E121.82438
G1 X30.233 Y36.102 E121.84045
G1 X29.912 Y36.332 E121.85359
G1 X29.577 Y36.686 E121.8698
G1 X29.308 Y37.206 E121.88927
G1 X29.216 Y37.687 E121.90556
G1 X29.216 Y38.077 E121.91853
G1 X29.289 Y38.459 E121.93146
G1 X29.431 Y38.816 E121.94424
G1 X29.697 Y39.231 E121.96064
G1 X30.061 Y39.544 E121.9766
G1 X30.492 Y39.796 E121.99321
G1 X31.056 Y39.931 E122.0125
G1 X31.551 Y39.909 E122.02898
G1 X32.017 Y39.796 E122.04493
G1 X32.079 Y39.76 E122.04731
G0 F9000 X31.772 Y39.058
;TYPE:SKIN
G1 F600 X31.728 Y39.084 E122.04901
G1 X31.447 Y39.153 E122.05863
G1 X31.124 Y39.167 E122.06939
G1 X30.776 Y39.084 E122.08129
G1 X30.506 Y38.925 E122.09171
G1 X30.277 Y38.723 E122.10186
G1 X30.107 Y38.463 E122.1122
G1 X30.021 Y38.248 E122.1199
G1 X29.976 Y37.755 E122.13636
G1 X30.032 Y37.458 E122.14642
G1 X30.205 Y37.126 E122.15887
G1 X30.507 Y36.809 E122.17343
G1 X30.889 Y36.639 E122.18734
G1 X31.256 Y36.587 E122.19967
G1 X31.548 Y36.628 E122.20947
G1 X31.847 Y36.732 E122.22
G1 X32.092 Y36.905 E122.22998
G1 X32.303 Y37.126 E122.24014
G1 X32.477 Y37.463 E122.25275
G1 X32.536 Y37.753 E122.2626
G1 X32.487 Y38.242 E122.27894
G1 X32.269 Y38.668 E122.29486
G1 X32.051 Y38.897 E122.30538
G1 X31.772 Y39.058 E122.31609
G0 F9000 X31.18 Y38.965
G1 F600 X32.318 Y37.827 E122.36962
G0 F9000 X32.205 Y37.374
G1 F600 X30.746 Y38.834 E122.43827
G0 F9000 X30.428 Y38.586
G1 F600 X31.959 Y37.055 E122.51028
G0 F9000 X31.594 Y36.854
G1 F600 X30.218 Y38.23 E122.575
G0 F9000 X30.191 Y37.691
G1 F600 X31.067 Y36.815 E122.61621
G1 F2700 E117.61621
;MESH:slupek4.stl(1)
G0 F9000 X31.003 Y36.36
G0 X31.603 Y36.436
G0 X32.985 Y37.283
G0 X34.059 Y37.076
G0 X38.352 Y38.053
G0 X41.854 Y39.423
;TYPE:WALL-INNER
G1 F2700 E122.61621
G1 F600 X41.867 Y39.42 E122.61665
G1 X42.28 Y39.183 E122.63249
G1 X42.55 Y38.897 E122.64557
G1 X42.724 Y38.631 E122.65614
G1 X42.837 Y38.347 E122.66631
G1 X42.896 Y38.039 E122.67674
G1 X42.896 Y37.722 E122.68728
G1 X42.823 Y37.342 E122.70015
G1 X42.606 Y36.921 E122.71591
G1 X42.331 Y36.634 E122.72913
G1 X42.015 Y36.409 E122.74203
G1 X41.641 Y36.278 E122.75521
G1 X41.256 Y36.223 E122.76814
G1 X40.787 Y36.29 E122.7839
G1 X40.434 Y36.45 E122.79679
G1 X40.176 Y36.635 E122.80735
G1 X39.906 Y36.92 E122.82041
G1 X39.69 Y37.338 E122.83606
G1 X39.616 Y37.725 E122.84916
G1 X39.616 Y38.039 E122.85961
G1 X39.675 Y38.347 E122.87004
G1 X39.789 Y38.632 E122.88025
G1 X40.002 Y38.966 E122.89342
G1 X40.294 Y39.217 E122.90623
G1 X40.642 Y39.421 E122.91965
G1 X41.094 Y39.529 E122.9351
G1 X41.495 Y39.511 E122.94845
G1 X41.854 Y39.423 E122.96075
G0 F9000 X41.999 Y39.8
;TYPE:WALL-OUTER
G1 F600 X42.017 Y39.796 E122.96136
G1 X42.53 Y39.501 E122.98104
G1 X42.866 Y39.147 E122.99728
G1 X43.081 Y38.815 E123.01043
G1 X43.223 Y38.459 E123.02318
G1 X43.296 Y38.077 E123.03611
G1 X43.296 Y37.684 E123.04919
G1 X43.205 Y37.21 E123.06524
G1 X42.935 Y36.686 E123.08484
G1 X42.593 Y36.329 E123.10129
G1 X42.199 Y36.049 E123.11736
G1 X41.736 Y35.888 E123.13367
G1 X41.256 Y35.819 E123.1498
G1 X40.673 Y35.902 E123.16938
G1 X40.233 Y36.102 E123.18546
G1 X39.912 Y36.332 E123.19859
G1 X39.577 Y36.686 E123.2148
G1 X39.308 Y37.206 E123.23428
G1 X39.216 Y37.687 E123.25056
G1 X39.216 Y38.077 E123.26354
G1 X39.289 Y38.459 E123.27647
G1 X39.431 Y38.816 E123.28925
G1 X39.697 Y39.231 E123.30564
G1 X40.061 Y39.544 E123.32161
G1 X40.492 Y39.796 E123.33822
G1 X41.056 Y39.931 E123.35751
G1 X41.551 Y39.909 E123.37399
G1 X41.999 Y39.8 E123.38932
G0 F9000 X41.723 Y39.085
;TYPE:SKIN
G1 F600 X41.447 Y39.153 E123.39878
G1 X41.124 Y39.167 E123.40953
G1 X40.776 Y39.084 E123.42143
G1 X40.506 Y38.925 E123.43185
G1 X40.277 Y38.723 E123.44201
G1 X40.107 Y38.463 E123.45234
G1 X40.021 Y38.248 E123.46004
G1 X39.976 Y37.755 E123.4765
G1 X40.032 Y37.458 E123.48656
G1 X40.205 Y37.126 E123.49901
G1 X40.507 Y36.809 E123.51357
G1 X40.889 Y36.639 E123.52748
G1 X41.256 Y36.587 E123.53981
G1 X41.548 Y36.628 E123.54961
G1 X41.847 Y36.732 E123.56014
G1 X42.092 Y36.905 E123.57012
G1 X42.303 Y37.126 E123.58028
G1 X42.477 Y37.463 E123.5929
G1 X42.536 Y37.753 E123.60274
G1 X42.487 Y38.242 E123.61908
G1 X42.269 Y38.668 E123.635
G1 X42.051 Y38.897 E123.64552
G1 X41.728 Y39.084 E123.65793
G1 X41.723 Y39.085 E123.6581
G0 F9000 X41.371 Y38.957
G1 F600 X42.332 Y37.996 E123.7033
G0 F9000 X42.267 Y37.494
G1 F600 X40.863 Y38.899 E123.76937
G0 F9000 X40.523 Y38.673
G1 F600 X42.047 Y37.149 E123.84105
G0 F9000 X41.728 Y36.902
G1 F600 X40.275 Y38.356 E123.90942
G0 F9000 X40.186 Y37.879
G1 F600 X41.273 Y36.791 E123.96057
G1 F2700 E118.96057
;MESH:NONMESH
G0 F300 X41.273 Y36.791 Z8.2
G0 F9000 X41.339 Y36.337
G0 X40.832 Y36.446
G0 X40.52 Y36.622
G0 X39.529 Y37.281
G0 X38.454 Y37.075
G0 X34.162 Y38.053
G0 X31.918 Y39.391
;TIME_ELAPSED:445.553189
;LAYER:40
;note -- min layer time used
;TYPE:WALL-INNER
;MESH:slupek4.stl
G1 F2700 E123.96057
G1 F600 X32.28 Y39.183 E123.97446
G1 X32.55 Y38.897 E123.98754
G1 X32.724 Y38.631 E123.99811
G1 X32.837 Y38.347 E124.00828
G1 X32.896 Y38.039 E124.01871
G1 X32.896 Y37.722 E124.02925
G1 X32.823 Y37.342 E124.04212
G1 X32.606 Y36.921 E124.05787
G1 X32.331 Y36.634 E124.07109
G1 X32.015 Y36.409 E124.084
G1 X31.641 Y36.278 E124.09718
G1 X31.256 Y36.223 E124.11011
G1 X30.787 Y36.29 E124.12587
G1 X30.434 Y36.45 E124.13876
G1 X30.176 Y36.635 E124.14932
G1 X29.906 Y36.92 E124.16238
G1 X29.69 Y37.338 E124.17803
G1 X29.616 Y37.725 E124.19113
G1 X29.616 Y38.039 E124.20157
G1 X29.675 Y38.347 E124.212
G1 X29.789 Y38.632 E124.22221
G1 X30.002 Y38.966 E124.23539
G1 X30.294 Y39.217 E124.2482
G1 X30.642 Y39.421 E124.26161
G1 X31.094 Y39.529 E124.27707
G1 X31.495 Y39.511 E124.29042
G1 X31.867 Y39.42 E124.30316
G1 X31.918 Y39.391 E124.30511
G0 F9000 X32.079 Y39.76
;TYPE:WALL-OUTER
G1 F600 X32.53 Y39.501 E124.32241
G1 X32.866 Y39.147 E124.33864
G1 X33.081 Y38.815 E124.3518
G1 X33.223 Y38.459 E124.36454
G1 X33.296 Y38.077 E124.37748
G1 X33.296 Y37.684 E124.39055
G1 X33.205 Y37.21 E124.4066
G1 X32.935 Y36.686 E124.42621
G1 X32.593 Y36.329 E124.44265
G1 X32.199 Y36.049 E124.45873
G1 X31.736 Y35.888 E124.47503
G1 X31.256 Y35.819 E124.49116
G1 X30.673 Y35.902 E124.51075
G1 X30.233 Y36.102 E124.52682
G1 X29.912 Y36.332 E124.53996
G1 X29.577 Y36.686 E124.55617
G1 X29.308 Y37.206 E124.57564
G1 X29.216 Y37.687 E124.59193
G1 X29.216 Y38.077 E124.6049
G1 X29.289 Y38.459 E124.61784
G1 X29.431 Y38.816 E124.63061
G1 X29.697 Y39.231 E124.64701
G1 X30.061 Y39.544 E124.66298
G1 X30.492 Y39.796 E124.67958
G1 X31.056 Y39.931 E124.69887
G1 X31.551 Y39.909 E124.71535
G1 X32.017 Y39.796 E124.7313
G1 X32.079 Y39.76 E124.73368
G0 F9000 X31.772 Y39.058
;TYPE:SKIN
G1 F600 X31.728 Y39.084 E124.73538
G1 X31.447 Y39.153 E124.74501
G1 X31.124 Y39.167 E124.75576
G1 X30.776 Y39.084 E124.76766
G1 X30.506 Y38.925 E124.77808
G1 X30.277 Y38.723 E124.78824
G1 X30.107 Y38.463 E124.79857
G1 X30.021 Y38.248 E124.80627
G1 X29.976 Y37.755 E124.82274
G1 X30.032 Y37.458 E124.83279
G1 X30.205 Y37.126 E124.84524
G1 X30.507 Y36.809 E124.8598
G1 X30.889 Y36.639 E124.87371
G1 X31.256 Y36.587 E124.88604
G1 X31.548 Y36.628 E124.89584
G1 X31.847 Y36.732 E124.90637
G1 X32.092 Y36.905 E124.91635
G1 X32.303 Y37.126 E124.92651
G1 X32.477 Y37.463 E124.93913
G1 X32.536 Y37.753 E124.94897
G1 X32.487 Y38.242 E124.96532
G1 X32.269 Y38.668 E124.98123
G1 X32.051 Y38.897 E124.99175
G1 X31.772 Y39.058 E125.00246
G0 F9000 X31.901 Y39.285
G0 X31.11 Y39.367
G0 X30.704 Y39.27
G0 X30.183 Y38.9
G0 X29.751 Y38.213
G0 X30.208 Y38.127
G1 F600 X31.016 Y38.935 E125.04047
G0 F9000 X31.564 Y38.918
G1 F600 X30.214 Y37.568 E125.10397
G0 F9000 X30.411 Y37.199
G1 F600 X31.938 Y38.726 E125.17579
G0 F9000 X32.204 Y38.427
G1 F600 X30.714 Y36.936 E125.2459
G0 F9000 X31.147 Y36.804
G1 F600 X32.334 Y37.991 E125.30173
G1 F2700 E120.30173
;MESH:slupek4.stl(1)
G0 F9000 X32.786 Y38.078
G0 X33.068 Y38.053
G0 X34.162 Y38.053
G0 X38.352 Y38.053
G0 X41.854 Y39.423
;TYPE:WALL-INNER
G1 F2700 E125.30173
G1 F600 X41.867 Y39.42 E125.30218
G1 X42.28 Y39.183 E125.31802
G1 X42.55 Y38.897 E125.3311
G1 X42.724 Y38.631 E125.34167
G1 X42.837 Y38.347 E125.35183
G1 X42.896 Y38.039 E125.36227
G1 X42.896 Y37.722 E125.37281
G1 X42.823 Y37.342 E125.38568
G1 X42.606 Y36.921 E125.40143
G1 X42.331 Y36.634 E125.41465
G1 X42.015 Y36.409 E125.42755
G1 X41.641 Y36.278 E125.44073
G1 X41.256 Y36.223 E125.45367
G1 X40.787 Y36.29 E125.46943
G1 X40.434 Y36.45 E125.48232
G1 X40.176 Y36.635 E125.49288
G1 X39.906 Y36.92 E125.50593
G1 X39.69 Y37.338 E125.52158
G1 X39.616 Y37.725 E125.53469
G1 X39.616 Y38.039 E125.54513
G1 X39.675 Y38.347 E125.55556
G1 X39.789 Y38.632 E125.56577
G1 X40.002 Y38.966 E125.57895
G1 X40.294 Y39.217 E125.59175
G1 X40.642 Y39.421 E125.60517
G1 X41.094 Y39.529 E125.62063
G1 X41.495 Y39.511 E125.63398
G1 X41.854 Y39.423 E125.64627
G0 F9000 X41.999 Y39.8
;TYPE:WALL-OUTER
G1 F600 X42.017 Y39.796 E125.64689
G1 X42.53 Y39.501 E125.66657
G1 X42.866 Y39.147 E125.6828
G1 X43.081 Y38.815 E125.69596
G1 X43.223 Y38.459 E125.7087
G1 X43.296 Y38.077 E125.72164
G1 X43.296 Y37.684 E125.73471
G1 X43.205 Y37.21 E125.75076
G1 X42.935 Y36.686 E125.77037
G1 X42.593 Y36.329 E125.78681
G1 X42.199 Y36.049 E125.80289
G1 X41.736 Y35.888 E125.81919
G1 X41.256 Y35.819 E125.83532
G1 X40.673 Y35.902 E125.85491
G1 X40.233 Y36.102 E125.87098
G1 X39.912 Y36.332 E125.88412
G1 X39.577 Y36.686 E125.90033
G1 X39.308 Y37.206 E125.9198
G1 X39.216 Y37.687 E125.93609
G1 X39.216 Y38.077 E125.94906
G1 X39.289 Y38.459 E125.962
G1 X39.431 Y38.816 E125.97478
G1 X39.697 Y39.231 E125.99117
G1 X40.061 Y39.544 E126.00714
G1 X40.492 Y39.796 E126.02374
G1 X41.056 Y39.931 E126.04303
G1 X41.551 Y39.909 E126.05951
G1 X41.999 Y39.8 E126.07485
G0 F9000 X41.723 Y39.085
;TYPE:SKIN
G1 F600 X41.447 Y39.153 E126.0843
G1 X41.124 Y39.167 E126.09505
G1 X40.776 Y39.084 E126.10695
G1 X40.506 Y38.925 E126.11738
G1 X40.277 Y38.723 E126.12753
G1 X40.107 Y38.463 E126.13786
G1 X40.021 Y38.248 E126.14557
G1 X39.976 Y37.755 E126.16203
G1 X40.032 Y37.458 E126.17208
G1 X40.205 Y37.126 E126.18453
G1 X40.507 Y36.809 E126.1991
G1 X40.889 Y36.639 E126.213
G1 X41.256 Y36.587 E126.22533
G1 X41.548 Y36.628 E126.23514
G1 X41.847 Y36.732 E126.24567
G1 X42.092 Y36.905 E126.25564
G1 X42.303 Y37.126 E126.26581
G1 X42.477 Y37.463 E126.27842
G1 X42.536 Y37.753 E126.28826
G1 X42.487 Y38.242 E126.30461
G1 X42.269 Y38.668 E126.32053
G1 X42.051 Y38.897 E126.33104
G1 X41.728 Y39.084 E126.34346
G1 X41.723 Y39.085 E126.34363
G0 F9000 X41.783 Y39.338
G0 X41.11 Y39.367
G0 X40.704 Y39.27
G0 X40.125 Y38.859
G0 X39.958 Y38.543
G0 X39.716 Y37.926
G0 X40.189 Y37.926
G1 F600 X41.225 Y38.962 E126.39236
G0 F9000 X41.698 Y38.87
G1 F600 X40.267 Y37.438 E126.45969
G0 F9000 X40.5 Y37.105
G1 F600 X42.027 Y38.633 E126.53154
G0 F9000 X42.246 Y38.286
G1 F600 X40.84 Y36.88 E126.59767
G0 F9000 X41.324 Y36.799
G1 F600 X42.315 Y37.789 E126.64426
G1 F2700 E121.64426
;MESH:NONMESH
G0 F300 X42.315 Y37.789 Z8.4
G0 F9000 X42.796 Y37.789
G0 X42.58 Y38.556
G0 X42.179 Y39.055
G0 X41.806 Y39.27
G0 X41.11 Y39.367
G0 X40.704 Y39.27
G0 X40.235 Y38.937
G0 X39.446 Y38.053
G0 X38.352 Y38.053
G0 X33.889 Y39.123
G0 X31.918 Y39.391
;TIME_ELAPSED:456.308910
;LAYER:41
;note -- min layer time used
;TYPE:WALL-INNER
;MESH:slupek4.stl
G1 F2700 E126.64426
G1 F600 X32.28 Y39.183 E126.65815
G1 X32.55 Y38.897 E126.67123
G1 X32.724 Y38.631 E126.6818
G1 X32.837 Y38.347 E126.69197
G1 X32.896 Y38.039 E126.7024
G1 X32.896 Y37.722 E126.71294
G1 X32.823 Y37.342 E126.72581
G1 X32.606 Y36.921 E126.74156
G1 X32.331 Y36.634 E126.75478
G1 X32.015 Y36.409 E126.76769
G1 X31.641 Y36.278 E126.78087
G1 X31.256 Y36.223 E126.7938
G1 X30.787 Y36.29 E126.80956
G1 X30.434 Y36.45 E126.82245
G1 X30.176 Y36.635 E126.83301
G1 X29.906 Y36.92 E126.84607
G1 X29.69 Y37.338 E126.86172
G1 X29.616 Y37.725 E126.87482
G1 X29.616 Y38.039 E126.88527
G1 X29.675 Y38.347 E126.8957
G1 X29.789 Y38.632 E126.9059
G1 X30.002 Y38.966 E126.91908
G1 X30.294 Y39.217 E126.93189
G1 X30.642 Y39.421 E126.9453
G1 X31.094 Y39.529 E126.96076
G1 X31.495 Y39.511 E126.97411
G1 X31.867 Y39.42 E126.98685
G1 X31.918 Y39.391 E126.9888
G0 F9000 X32.079 Y39.76
;TYPE:WALL-OUTER
G1 F600 X32.53 Y39.501 E127.0061
G1 X32.866 Y39.147 E127.02233
G1 X33.081 Y38.815 E127.03549
G1 X33.223 Y38.459 E127.04823
G1 X33.296 Y38.077 E127.06117
G1 X33.296 Y37.684 E127.07424
G1 X33.205 Y37.21 E127.09029
G1 X32.935 Y36.686 E127.1099
G1 X32.593 Y36.329 E127.12634
G1 X32.199 Y36.049 E127.14242
G1 X31.736 Y35.888 E127.15872
G1 X31.256 Y35.819 E127.17485
G1 X30.673 Y35.902 E127.19444
G1 X30.233 Y36.102 E127.21051
G1 X29.912 Y36.332 E127.22365
G1 X29.577 Y36.686 E127.23986
G1 X29.308 Y37.206 E127.25933
G1 X29.216 Y37.687 E127.27562
G1 X29.216 Y38.077 E127.28859
G1 X29.289 Y38.459 E127.30153
G1 X29.431 Y38.816 E127.31431
G1 X29.697 Y39.231 E127.3307
G1 X30.061 Y39.544 E127.34667
G1 X30.492 Y39.796 E127.36327
G1 X31.056 Y39.931 E127.38256
G1 X31.551 Y39.909 E127.39904
G1 X32.017 Y39.796 E127.41499
G1 X32.079 Y39.76 E127.41737
G0 F9000 X31.772 Y39.058
;TYPE:SKIN
G1 F600 X31.728 Y39.084 E127.41907
G1 X31.447 Y39.153 E127.4287
G1 X31.124 Y39.167 E127.43945
G1 X30.776 Y39.084 E127.45135
G1 X30.506 Y38.925 E127.46177
G1 X30.277 Y38.723 E127.47193
G1 X30.107 Y38.463 E127.48226
G1 X30.021 Y38.248 E127.48996
G1 X29.976 Y37.755 E127.50643
G1 X30.032 Y37.458 E127.51648
G1 X30.205 Y37.126 E127.52893
G1 X30.507 Y36.809 E127.54349
G1 X30.889 Y36.639 E127.5574
G1 X31.256 Y36.587 E127.56973
G1 X31.548 Y36.628 E127.57954
G1 X31.847 Y36.732 E127.59007
G1 X32.092 Y36.905 E127.60004
G1 X32.303 Y37.126 E127.6102
G1 X32.477 Y37.463 E127.62282
G1 X32.536 Y37.753 E127.63266
G1 X32.487 Y38.242 E127.64901
G1 X32.269 Y38.668 E127.66492
G1 X32.051 Y38.897 E127.67544
G1 X31.772 Y39.058 E127.68615
G0 F9000 X31.18 Y38.965
G1 F600 X32.318 Y37.827 E127.73968
G0 F9000 X32.205 Y37.374
G1 F600 X30.746 Y38.834 E127.80833
G0 F9000 X30.428 Y38.586
G1 F600 X31.959 Y37.055 E127.88034
G0 F9000 X31.594 Y36.854
G1 F600 X30.218 Y38.23 E127.94507
G0 F9000 X30.191 Y37.691
G1 F600 X31.067 Y36.815 E127.98627
G1 F2700 E122.98627
;MESH:slupek4.stl(1)
G0 F9000 X31.003 Y36.36
G0 X31.603 Y36.436
G0 X32.985 Y37.283
G0 X34.059 Y37.076
G0 X38.352 Y38.053
G0 X41.854 Y39.423
;TYPE:WALL-INNER
G1 F2700 E127.98627
G1 F600 X41.867 Y39.42 E127.98672
G1 X42.28 Y39.183 E128.00255
G1 X42.55 Y38.897 E128.01563
G1 X42.724 Y38.631 E128.02621
G1 X42.837 Y38.347 E128.03637
G1 X42.896 Y38.039 E128.0468
G1 X42.896 Y37.722 E128.05735
G1 X42.823 Y37.342 E128.07022
G1 X42.606 Y36.921 E128.08597
G1 X42.331 Y36.634 E128.09919
G1 X42.015 Y36.409 E128.11209
G1 X41.641 Y36.278 E128.12527
G1 X41.256 Y36.223 E128.13821
G1 X40.787 Y36.29 E128.15397
G1 X40.434 Y36.45 E128.16686
G1 X40.176 Y36.635 E128.17742
G1 X39.906 Y36.92 E128.19047
G1 X39.69 Y37.338 E128.20612
G1 X39.616 Y37.725 E128.21923
G1 X39.616 Y38.039 E128.22967
G1 X39.675 Y38.347 E128.2401
G1 X39.789 Y38.632 E128.25031
G1 X40.002 Y38.966 E128.26349
G1 X40.294 Y39.217 E128.27629
G1 X40.642 Y39.421 E128.28971
G1 X41.094 Y39.529 E128.30517
G1 X41.495 Y39.511 E128.31852
G1 X41.854 Y39.423 E128.33081
G0 F9000 X41.999 Y39.8
;TYPE:WALL-OUTER
G1 F600 X42.017 Y39.796 E128.33142
G1 X42.53 Y39.501 E128.35111
G1 X42.866 Y39.147 E128.36734
G1 X43.081 Y38.815 E128.3805
G1 X43.223 Y38.459 E128.39324
G1 X43.296 Y38.077 E128.40618
G1 X43.296 Y37.684 E128.41925
G1 X43.205 Y37.21 E128.4353
G1 X42.935 Y36.686 E128.45491
G1 X42.593 Y36.329 E128.47135
G1 X42.199 Y36.049 E128.48743
G1 X41.736 Y35.888 E128.50373
G1 X41.256 Y35.819 E128.51986
G1 X40.673 Y35.902 E128.53945
G1 X40.233 Y36.102 E128.55552
G1 X39.912 Y36.332 E128.56866
G1 X39.577 Y36.686 E128.58487
G1 X39.308 Y37.206 E128.60434
G1 X39.216 Y37.687 E128.62063
G1 X39.216 Y38.077 E128.6336
G1 X39.289 Y38.459 E128.64653
G1 X39.431 Y38.816 E128.65931
G1 X39.697 Y39.231 E128.67571
G1 X40.061 Y39.544 E128.69168
G1 X40.492 Y39.796 E128.70828
G1 X41.056 Y39.931 E128.72757
G1 X41.551 Y39.909 E128.74405
G1 X41.999 Y39.8 E128.75938
G0 F9000 X41.723 Y39.085
;TYPE:SKIN
G1 F600 X41.447 Y39.153 E128.76884
G1 X41.124 Y39.167 E128.77959
G1 X40.776 Y39.084 E128.79149
G1 X40.506 Y38.925 E128.80191
G1 X40.277 Y38.723 E128.81207
G1 X40.107 Y38.463 E128.8224
G1 X40.021 Y38.248 E128.8301
G1 X39.976 Y37.755 E128.84657
G1 X40.032 Y37.458 E128.85662
G1 X40.205 Y37.126 E128.86907
G1 X40.507 Y36.809 E128.88363
G1 X40.889 Y36.639 E128.89754
G1 X41.256 Y36.587 E128.90987
G1 X41.548 Y36.628 E128.91968
G1 X41.847 Y36.732 E128.93021
G1 X42.092 Y36.905 E128.94018
G1 X42.303 Y37.126 E128.95034
G1 X42.477 Y37.463 E128.96296
G1 X42.536 Y37.753 E128.9728
G1 X42.487 Y38.242 E128.98915
G1 X42.269 Y38.668 E129.00506
G1 X42.051 Y38.897 E129.01558
G1 X41.728 Y39.084 E129.02799
G1 X41.723 Y39.085 E129.02816
G0 F9000 X41.371 Y38.957
G1 F600 X42.332 Y37.996 E129.07337
G0 F9000 X42.267 Y37.494
G1 F600 X40.863 Y38.899 E129.13943
G0 F9000 X40.523 Y38.673
G1 F600 X42.047 Y37.149 E129.21111
G0 F9000 X41.728 Y36.902
G1 F600 X40.275 Y38.356 E129.27948
G0 F9000 X40.186 Y37.879
G1 F600 X41.273 Y36.791 E129.33063
G1 F2700 E124.33063
;MESH:NONMESH
G0 F300 X41.273 Y36.791 Z8.6
G0 F9000 X41.339 Y36.337
G0 X40.832 Y36.446
G0 X40.52 Y36.622
G0 X39.529 Y37.281
G0 X38.454 Y37.075
G0 X34.162 Y38.053
G0 X31.918 Y39.391
;TIME_ELAPSED:466.799354
;LAYER:42
;note -- min layer time used
;TYPE:WALL-INNER
;MESH:slupek4.stl
G1 F2700 E129.33063
G1 F600 X32.28 Y39.183 E129.34452
G1 X32.55 Y38.897 E129.3576
G1 X32.724 Y38.631 E129.36817
G1 X32.837 Y38.347 E129.37834
G1 X32.896 Y38.039 E129.38877
G1 X32.896 Y37.722 E129.39931
G1 X32.823 Y37.342 E129.41218
G1 X32.606 Y36.921 E129.42794
G1 X32.331 Y36.634 E129.44116
G1 X32.015 Y36.409 E129.45406
G1 X31.641 Y36.278 E129.46724
G1 X31.256 Y36.223 E129.48018
G1 X30.787 Y36.29 E129.49593
G1 X30.434 Y36.45 E129.50882
G1 X30.176 Y36.635 E129.51938
G1 X29.906 Y36.92 E129.53244
G1 X29.69 Y37.338 E129.54809
G1 X29.616 Y37.725 E129.56119
G1 X29.616 Y38.039 E129.57164
G1 X29.675 Y38.347 E129.58207
G1 X29.789 Y38.632 E129.59228
G1 X30.002 Y38.966 E129.60545
G1 X30.294 Y39.217 E129.61826
G1 X30.642 Y39.421 E129.63168
G1 X31.094 Y39.529 E129.64713
G1 X31.495 Y39.511 E129.66048
G1 X31.867 Y39.42 E129.67322
G1 X31.918 Y39.391 E129.67517
G0 F9000 X32.079 Y39.76
;TYPE:WALL-OUTER
G1 F600 X32.53 Y39.501 E129.69247
G1 X32.866 Y39.147 E129.7087
G1 X33.081 Y38.815 E129.72186
G1 X33.223 Y38.459 E129.73461
G1 X33.296 Y38.077 E129.74754
G1 X33.296 Y37.684 E129.76061
G1 X33.205 Y37.21 E129.77667
G1 X32.935 Y36.686 E129.79627
G1 X32.593 Y36.329 E129.81272
G1 X32.199 Y36.049 E129.82879
G1 X31.736 Y35.888 E129.8451
G1 X31.256 Y35.819 E129.86123
G1 X30.673 Y35.902 E129.88081
G1 X30.233 Y36.102 E129.89689
G1 X29.912 Y36.332 E129.91002
G1 X29.577 Y36.686 E129.92623
G1 X29.308 Y37.206 E129.9457
G1 X29.216 Y37.687 E129.96199
G1 X29.216 Y38.077 E129.97496
G1 X29.289 Y38.459 E129.9879
G1 X29.431 Y38.816 E130.00068
G1 X29.697 Y39.231 E130.01707
G1 X30.061 Y39.544 E130.03304
G1 X30.492 Y39.796 E130.04965
G1 X31.056 Y39.931 E130.06893
G1 X31.551 Y39.909 E130.08541
G1 X32.017 Y39.796 E130.10136
G1 X32.079 Y39.76 E130.10375
G0 F9000 X31.772 Y39.058
;TYPE:SKIN
G1 F600 X31.728 Y39.084 E130.10545
G1 X31.447 Y39.153 E130.11507
G1 X31.124 Y39.167 E130.12582
G1 X30.776 Y39.084 E130.13772
G1 X30.506 Y38.925 E130.14814
G1 X30.277 Y38.723 E130.1583
G1 X30.107 Y38.463 E130.16863
G1 X30.021 Y38.248 E130.17633
G1 X29.976 Y37.755 E130.1928
G1 X30.032 Y37.458 E130.20285
G1 X30.205 Y37.126 E130.2153
G1 X30.507 Y36.809 E130.22987
G1 X30.889 Y36.639 E130.24377
G1 X31.256 Y36.587 E130.2561
G1 X31.548 Y36.628 E130.26591
G1 X31.847 Y36.732 E130.27644
G1 X32.092 Y36.905 E130.28641
G1 X32.303 Y37.126 E130.29658
G1 X32.477 Y37.463 E130.30919
G1 X32.536 Y37.753 E130.31903
G1 X32.487 Y38.242 E130.33538
G1 X32.269 Y38.668 E130.3513
G1 X32.051 Y38.897 E130.36181
G1 X31.772 Y39.058 E130.37253
G0 F9000 X31.901 Y39.285
G0 X31.11 Y39.367
G0 X30.704 Y39.27
G0 X30.183 Y38.9
G0 X29.751 Y38.213
G0 X30.208 Y38.127
G1 F600 X31.016 Y38.935 E130.41053
G0 F9000 X31.564 Y38.918
G1 F600 X30.214 Y37.568 E130.47403
G0 F9000 X30.411 Y37.199
G1 F600 X31.938 Y38.726 E130.54586
G0 F9000 X32.204 Y38.427
G1 F600 X30.714 Y36.936 E130.61596
G0 F9000 X31.147 Y36.804
G1 F600 X32.334 Y37.991 E130.6718
G1 F2700 E125.6718
;MESH:slupek4.stl(1)
G0 F9000 X32.786 Y38.078
G0 X33.068 Y38.053
G0 X34.162 Y38.053
G0 X38.352 Y38.053
G0 X41.854 Y39.423
;TYPE:WALL-INNER
G1 F2700 E130.6718
G1 F600 X41.867 Y39.42 E130.67224
G1 X42.28 Y39.183 E130.68808
G1 X42.55 Y38.897 E130.70116
G1 X42.724 Y38.631 E130.71173
G1 X42.837 Y38.347 E130.7219
G1 X42.896 Y38.039 E130.73233
G1 X42.896 Y37.722 E130.74287
G1 X42.823 Y37.342 E130.75574
G1 X42.606 Y36.921 E130.7715
G1 X42.331 Y36.634 E130.78472
G1 X42.015 Y36.409 E130.79762
G1 X41.641 Y36.278 E130.8108
G1 X41.256 Y36.223 E130.82373
G1 X40.787 Y36.29 E130.83949
G1 X40.434 Y36.45 E130.85238
G1 X40.176 Y36.635 E130.86294
G1 X39.906 Y36.92 E130.876
G1 X39.69 Y37.338 E130.89165
G1 X39.616 Y37.725 E130.90475
G1 X39.616 Y38.039 E130.9152
G1 X39.675 Y38.347 E130.92563
G1 X39.789 Y38.632 E130.93584
G1 X40.002 Y38.966 E130.94901
G1 X40.294 Y39.217 E130.96182
G1 X40.642 Y39.421 E130.97524
G1 X41.094 Y39.529 E130.99069
G1 X41.495 Y39.511 E131.00404
G1 X41.854 Y39.423 E131.01634
G0 F9000 X41.999 Y39.8
;TYPE:WALL-OUTER
G1 F600 X42.017 Y39.796 E131.01695
G1 X42.53 Y39.501 E131.03663
G1 X42.866 Y39.147 E131.05287
G1 X43.081 Y38.815 E131.06602
G1 X43.223 Y38.459 E131.07877
G1 X43.296 Y38.077 E131.0917
G1 X43.296 Y37.684 E131.10478
G1 X43.205 Y37.21 E131.12083
G1 X42.935 Y36.686 E131.14043
G1 X42.593 Y36.329 E131.15688
G1 X42.199 Y36.049 E131.17295
G1 X41.736 Y35.888 E131.18926
G1 X41.256 Y35.819 E131.20539
G1 X40.673 Y35.902 E131.22497
G1 X40.233 Y36.102 E131.24105
G1 X39.912 Y36.332 E131.25418
G1 X39.577 Y36.686 E131.27039
G1 X39.308 Y37.206 E131.28987
G1 X39.216 Y37.687 E131.30615
G1 X39.216 Y38.077 E131.31913
G1 X39.289 Y38.459 E131.33206
G1 X39.431 Y38.816 E131.34484
G1 X39.697 Y39.231 E131.36123
G1 X40.061 Y39.544 E131.3772
G1 X40.492 Y39.796 E131.39381
G1 X41.056 Y39.931 E131.4131
G1 X41.551 Y39.909 E131.42958
G1 X41.999 Y39.8 E131.44491
G0 F9000 X41.723 Y39.085
;TYPE:SKIN
G1 F600 X41.447 Y39.153 E131.45437
G1 X41.124 Y39.167 E131.46512
G1 X40.776 Y39.084 E131.47702
G1 X40.506 Y38.925 E131.48744
G1 X40.277 Y38.723 E131.4976
G1 X40.107 Y38.463 E131.50793
G1 X40.021 Y38.248 E131.51563
G1 X39.976 Y37.755 E131.53209
G1 X40.032 Y37.458 E131.54215
G1 X40.205 Y37.126 E131.5546
G1 X40.507 Y36.809 E131.56916
G1 X40.889 Y36.639 E131.58307
G1 X41.256 Y36.587 E131.5954
G1 X41.548 Y36.628 E131.6052
G1 X41.847 Y36.732 E131.61573
G1 X42.092 Y36.905 E131.62571
G1 X42.303 Y37.126 E131.63587
G1 X42.477 Y37.463 E131.64848
G1 X42.536 Y37.753 E131.65833
G1 X42.487 Y38.242 E131.67467
G1 X42.269 Y38.668 E131.69059
G1 X42.051 Y38.897 E131.70111
G1 X41.728 Y39.084 E131.71352
G1 X41.723 Y39.085 E131.71369
G0 F9000 X41.783 Y39.338
G0 X41.11 Y39.367
G0 X40.704 Y39.27
G0 X40.125 Y38.859
G0 X39.958 Y38.543
G0 X39.716 Y37.926
G0 X40.189 Y37.926
G1 F600 X41.225 Y38.962 E131.76242
G0 F9000 X41.698 Y38.87
G1 F600 X40.267 Y37.438 E131.82975
G0 F9000 X40.5 Y37.105
G1 F600 X42.027 Y38.633 E131.9016
G0 F9000 X42.246 Y38.286
G1 F600 X40.84 Y36.88 E131.96774
G0 F9000 X41.324 Y36.799
G1 F600 X42.315 Y37.789 E132.01433
G1 F2700 E127.01433
;MESH:NONMESH
G0 F300 X42.315 Y37.789 Z8.8
G0 F9000 X42.796 Y37.789
G0 X42.58 Y38.556
G0 X42.179 Y39.055
G0 X41.806 Y39.27
G0 X41.11 Y39.367
G0 X40.704 Y39.27
G0 X40.235 Y38.937
G0 X39.446 Y38.053
G0 X38.352 Y38.053
G0 X33.889 Y39.123
G0 X31.918 Y39.391
;TIME_ELAPSED:477.555075
;LAYER:43
;note -- min layer time used
;TYPE:WALL-INNER
;MESH:slupek4.stl
G1 F2700 E132.01433
G1 F600 X32.28 Y39.183 E132.02821
G1 X32.55 Y38.897 E132.04129
G1 X32.724 Y38.631 E132.05187
G1 X32.837 Y38.347 E132.06203
G1 X32.896 Y38.039 E132.07246
G1 X32.896 Y37.722 E132.08301
G1 X32.823 Y37.342 E132.09588
G1 X32.606 Y36.921 E132.11163
G1 X32.331 Y36.634 E132.12485
G1 X32.015 Y36.409 E132.13775
G1 X31.641 Y36.278 E132.15093
G1 X31.256 Y36.223 E132.16387
G1 X30.787 Y36.29 E132.17962
G1 X30.434 Y36.45 E132.19251
G1 X30.176 Y36.635 E132.20307
G1 X29.906 Y36.92 E132.21613
G1 X29.69 Y37.338 E132.23178
G1 X29.616 Y37.725 E132.24489
G1 X29.616 Y38.039 E132.25533
G1 X29.675 Y38.347 E132.26576
G1 X29.789 Y38.632 E132.27597
G1 X30.002 Y38.966 E132.28914
G1 X30.294 Y39.217 E132.30195
G1 X30.642 Y39.421 E132.31537
G1 X31.094 Y39.529 E132.33082
G1 X31.495 Y39.511 E132.34418
G1 X31.867 Y39.42 E132.35691
G1 X31.918 Y39.391 E132.35886
G0 F9000 X32.079 Y39.76
;TYPE:WALL-OUTER
G1 F600 X32.53 Y39.501 E132.37616
G1 X32.866 Y39.147 E132.3924
G1 X33.081 Y38.815 E132.40555
G1 X33.223 Y38.459 E132.4183
G1 X33.296 Y38.077 E132.43123
G1 X33.296 Y37.684 E132.44431
G1 X33.205 Y37.21 E132.46036
G1 X32.935 Y36.686 E132.47996
G1 X32.593 Y36.329 E132.49641
G1 X32.199 Y36.049 E132.51248
G1 X31.736 Y35.888 E132.52879
G1 X31.256 Y35.819 E132.54492
G1 X30.673 Y35.902 E132.5645
G1 X30.233 Y36.102 E132.58058
G1 X29.912 Y36.332 E132.59371
G1 X29.577 Y36.686 E132.60992
G1 X29.308 Y37.206 E132.6294
G1 X29.216 Y37.687 E132.64568
G1 X29.216 Y38.077 E132.65866
G1 X29.289 Y38.459 E132.67159
G1 X29.431 Y38.816 E132.68437
G1 X29.697 Y39.231 E132.70076
G1 X30.061 Y39.544 E132.71673
G1 X30.492 Y39.796 E132.73334
G1 X31.056 Y39.931 E132.75263
G1 X31.551 Y39.909 E132.76911
G1 X32.017 Y39.796 E132.78505
G1 X32.079 Y39.76 E132.78744
G0 F9000 X31.772 Y39.058
;TYPE:SKIN
G1 F600 X31.728 Y39.084 E132.78914
G1 X31.447 Y39.153 E132.79876
G1 X31.124 Y39.167 E132.80952
G1 X30.776 Y39.084 E132.82141
G1 X30.506 Y38.925 E132.83184
G1 X30.277 Y38.723 E132.84199
G1 X30.107 Y38.463 E132.85232
G1 X30.021 Y38.248 E132.86003
G1 X29.976 Y37.755 E132.87649
G1 X30.032 Y37.458 E132.88654
G1 X30.205 Y37.126 E132.899
G1 X30.507 Y36.809 E132.91356
G1 X30.889 Y36.639 E132.92746
G1 X31.256 Y36.587 E132.93979
G1 X31.548 Y36.628 E132.9496
G1 X31.847 Y36.732 E132.96013
G1 X32.092 Y36.905 E132.9701
G1 X32.303 Y37.126 E132.98027
G1 X32.477 Y37.463 E132.99288
G1 X32.536 Y37.753 E133.00272
G1 X32.487 Y38.242 E133.01907
G1 X32.269 Y38.668 E133.03499
G1 X32.051 Y38.897 E133.0455
G1 X31.772 Y39.058 E133.05622
G0 F9000 X31.18 Y38.965
G1 F600 X32.318 Y37.827 E133.10974
G0 F9000 X32.205 Y37.374
G1 F600 X30.746 Y38.834 E133.1784
G0 F9000 X30.428 Y38.586
G1 F600 X31.959 Y37.055 E133.25041
G0 F9000 X31.594 Y36.854
G1 F600 X30.218 Y38.23 E133.31513
G0 F9000 X30.191 Y37.691
G1 F600 X31.067 Y36.815 E133.35634
G1 F2700 E128.35634
;MESH:slupek4.stl(1)
G0 F9000 X31.003 Y36.36
G0 X31.603 Y36.436
G0 X32.985 Y37.283
G0 X34.059 Y37.076
G0 X38.352 Y38.053
G0 X41.854 Y39.423
;TYPE:WALL-INNER
G1 F2700 E133.35634
G1 F600 X41.867 Y39.42 E133.35678
G1 X42.28 Y39.183 E133.37262
G1 X42.55 Y38.897 E133.3857
G1 X42.724 Y38.631 E133.39627
G1 X42.837 Y38.347 E133.40644
G1 X42.896 Y38.039 E133.41687
G1 X42.896 Y37.722 E133.42741
G1 X42.823 Y37.342 E133.44028
G1 X42.606 Y36.921 E133.45603
G1 X42.331 Y36.634 E133.46925
G1 X42.015 Y36.409 E133.48216
G1 X41.641 Y36.278 E133.49534
G1 X41.256 Y36.223 E133.50827
G1 X40.787 Y36.29 E133.52403
G1 X40.434 Y36.45 E133.53692
G1 X40.176 Y36.635 E133.54748
G1 X39.906 Y36.92 E133.56054
G1 X39.69 Y37.338 E133.57619
G1 X39.616 Y37.725 E133.58929
G1 X39.616 Y38.039 E133.59973
G1 X39.675 Y38.347 E133.61016
G1 X39.789 Y38.632 E133.62037
G1 X40.002 Y38.966 E133.63355
G1 X40.294 Y39.217 E133.64636
G1 X40.642 Y39.421 E133.65977
G1 X41.094 Y39.529 E133.67523
G1 X41.495 Y39.511 E133.68858
G1 X41.854 Y39.423 E133.70087
G0 F9000 X41.999 Y39.8
;TYPE:WALL-OUTER
G1 F600 X42.017 Y39.796 E133.70149
G1 X42.53 Y39.501 E133.72117
G1 X42.866 Y39.147 E133.7374
G1 X43.081 Y38.815 E133.75056
G1 X43.223 Y38.459 E133.76331
G1 X43.296 Y38.077 E133.77624
G1 X43.296 Y37.684 E133.78931
G1 X43.205 Y37.21 E133.80537
G1 X42.935 Y36.686 E133.82497
G1 X42.593 Y36.329 E133.84142
G1 X42.199 Y36.049 E133.85749
G1 X41.736 Y35.888 E133.8738
G1 X41.256 Y35.819 E133.88993
G1 X40.673 Y35.902 E133.90951
G1 X40.233 Y36.102 E133.92559
G1 X39.912 Y36.332 E133.93872
G1 X39.577 Y36.686 E133.95493
G1 X39.308 Y37.206 E133.9744
G1 X39.216 Y37.687 E133.99069
G1 X39.216 Y38.077 E134.00366
G1 X39.289 Y38.459 E134.0166
G1 X39.431 Y38.816 E134.02938
G1 X39.697 Y39.231 E134.04577
G1 X40.061 Y39.544 E134.06174
G1 X40.492 Y39.796 E134.07834
G1 X41.056 Y39.931 E134.09763
G1 X41.551 Y39.909 E134.11411
G1 X41.999 Y39.8 E134.12945
G0 F9000 X41.723 Y39.085
;TYPE:SKIN
G1 F600 X41.447 Y39.153 E134.1389
G1 X41.124 Y39.167 E134.14966
G1 X40.776 Y39.084 E134.16156
G1 X40.506 Y38.925 E134.17198
G1 X40.277 Y38.723 E134.18213
G1 X40.107 Y38.463 E134.19247
G1 X40.021 Y38.248 E134.20017
G1 X39.976 Y37.755 E134.21663
G1 X40.032 Y37.458 E134.22668
G1 X40.205 Y37.126 E134.23914
G1 X40.507 Y36.809 E134.2537
G1 X40.889 Y36.639 E134.26761
G1 X41.256 Y36.587 E134.27993
G1 X41.548 Y36.628 E134.28974
G1 X41.847 Y36.732 E134.30027
G1 X42.092 Y36.905 E134.31025
G1 X42.303 Y37.126 E134.32041
G1 X42.477 Y37.463 E134.33302
G1 X42.536 Y37.753 E134.34287
G1 X42.487 Y38.242 E134.35921
G1 X42.269 Y38.668 E134.37513
G1 X42.051 Y38.897 E134.38564
G1 X41.728 Y39.084 E134.39806
G1 X41.723 Y39.085 E134.39823
G0 F9000 X41.371 Y38.957
G1 F600 X42.332 Y37.996 E134.44343
G0 F9000 X42.267 Y37.494
G1 F600 X40.863 Y38.899 E134.50949
G0 F9000 X40.523 Y38.673
G1 F600 X42.047 Y37.149 E134.58118
G0 F9000 X41.728 Y36.902
G1 F600 X40.275 Y38.356 E134.64955
G0 F9000 X40.186 Y37.879
G1 F600 X41.273 Y36.791 E134.7007
G1 F2700 E129.7007
;MESH:NONMESH
G0 F300 X41.273 Y36.791 Z9
G0 F9000 X41.339 Y36.337
G0 X40.832 Y36.446
G0 X40.52 Y36.622
G0 X39.529 Y37.281
G0 X38.454 Y37.075
G0 X34.162 Y38.053
G0 X31.918 Y39.391
;TIME_ELAPSED:488.045519
;LAYER:44
;note -- min layer time used
;TYPE:WALL-INNER
;MESH:slupek4.stl
G1 F2700 E134.7007
G1 F600 X32.28 Y39.183 E134.71458
G1 X32.55 Y38.897 E134.72767
G1 X32.724 Y38.631 E134.73824
G1 X32.837 Y38.347 E134.7484
G1 X32.896 Y38.039 E134.75883
G1 X32.896 Y37.722 E134.76938
G1 X32.823 Y37.342 E134.78225
G1 X32.606 Y36.921 E134.798
G1 X32.331 Y36.634 E134.81122
G1 X32.015 Y36.409 E134.82412
G1 X31.641 Y36.278 E134.8373
G1 X31.256 Y36.223 E134.85024
G1 X30.787 Y36.29 E134.866
G1 X30.434 Y36.45 E134.87889
G1 X30.176 Y36.635 E134.88945
G1 X29.906 Y36.92 E134.9025
G1 X29.69 Y37.338 E134.91815
G1 X29.616 Y37.725 E134.93126
G1 X29.616 Y38.039 E134.9417
G1 X29.675 Y38.347 E134.95213
G1 X29.789 Y38.632 E134.96234
G1 X30.002 Y38.966 E134.97552
G1 X30.294 Y39.217 E134.98832
G1 X30.642 Y39.421 E135.00174
G1 X31.094 Y39.529 E135.0172
G1 X31.495 Y39.511 E135.03055
G1 X31.867 Y39.42 E135.04329
G1 X31.918 Y39.391 E135.04524
G0 F9000 X32.079 Y39.76
;TYPE:WALL-OUTER
G1 F600 X32.53 Y39.501 E135.06253
G1 X32.866 Y39.147 E135.07877
G1 X33.081 Y38.815 E135.09192
G1 X33.223 Y38.459 E135.10467
G1 X33.296 Y38.077 E135.11761
G1 X33.296 Y37.684 E135.13068
G1 X33.205 Y37.21 E135.14673
G1 X32.935 Y36.686 E135.16634
G1 X32.593 Y36.329 E135.18278
G1 X32.199 Y36.049 E135.19886
G1 X31.736 Y35.888 E135.21516
G1 X31.256 Y35.819 E135.23129
G1 X30.673 Y35.902 E135.25088
G1 X30.233 Y36.102 E135.26695
G1 X29.912 Y36.332 E135.28009
G1 X29.577 Y36.686 E135.2963
G1 X29.308 Y37.206 E135.31577
G1 X29.216 Y37.687 E135.33206
G1 X29.216 Y38.077 E135.34503
G1 X29.289 Y38.459 E135.35796
G1 X29.431 Y38.816 E135.37074
G1 X29.697 Y39.231 E135.38714
G1 X30.061 Y39.544 E135.4031
G1 X30.492 Y39.796 E135.41971
G1 X31.056 Y39.931 E135.439
G1 X31.551 Y39.909 E135.45548
G1 X32.017 Y39.796 E135.47143
G1 X32.079 Y39.76 E135.47381
G0 F9000 X31.772 Y39.058
;TYPE:SKIN
G1 F600 X31.728 Y39.084 E135.47551
G1 X31.447 Y39.153 E135.48513
G1 X31.124 Y39.167 E135.49589
G1 X30.776 Y39.084 E135.50779
G1 X30.506 Y38.925 E135.51821
G1 X30.277 Y38.723 E135.52836
G1 X30.107 Y38.463 E135.5387
G1 X30.021 Y38.248 E135.5464
G1 X29.976 Y37.755 E135.56286
G1 X30.032 Y37.458 E135.57292
G1 X30.205 Y37.126 E135.58537
G1 X30.507 Y36.809 E135.59993
G1 X30.889 Y36.639 E135.61384
G1 X31.256 Y36.587 E135.62617
G1 X31.548 Y36.628 E135.63597
G1 X31.847 Y36.732 E135.6465
G1 X32.092 Y36.905 E135.65648
G1 X32.303 Y37.126 E135.66664
G1 X32.477 Y37.463 E135.67925
G1 X32.536 Y37.753 E135.6891
G1 X32.487 Y38.242 E135.70544
G1 X32.269 Y38.668 E135.72136
G1 X32.051 Y38.897 E135.73188
G1 X31.772 Y39.058 E135.74259
G0 F9000 X31.901 Y39.285
G0 X31.11 Y39.367
G0 X30.704 Y39.27
G0 X30.183 Y38.9
G0 X29.751 Y38.213
G0 X30.208 Y38.127
G1 F600 X31.016 Y38.935 E135.78059
G0 F9000 X31.564 Y38.918
G1 F600 X30.214 Y37.568 E135.84409
G0 F9000 X30.411 Y37.199
G1 F600 X31.938 Y38.726 E135.91592
G0 F9000 X32.204 Y38.427
G1 F600 X30.714 Y36.936 E135.98603
G0 F9000 X31.147 Y36.804
G1 F600 X32.334 Y37.991 E136.04186
G1 F2700 E131.04186
;MESH:slupek4.stl(1)
G0 F9000 X32.786 Y38.078
G0 X33.068 Y38.053
G0 X34.162 Y38.053
G0 X38.352 Y38.053
G0 X41.854 Y39.423
;TYPE:WALL-INNER
G1 F2700 E136.04186
G1 F600 X41.867 Y39.42 E136.04231
G1 X42.28 Y39.183 E136.05814
G1 X42.55 Y38.897 E136.07122
G1 X42.724 Y38.631 E136.0818
G1 X42.837 Y38.347 E136.09196
G1 X42.896 Y38.039 E136.10239
G1 X42.896 Y37.722 E136.11294
G1 X42.823 Y37.342 E136.12581
G1 X42.606 Y36.921 E136.14156
G1 X42.331 Y36.634 E136.15478
G1 X42.015 Y36.409 E136.16768
G1 X41.641 Y36.278 E136.18086
G1 X41.256 Y36.223 E136.1938
G1 X40.787 Y36.29 E136.20955
G1 X40.434 Y36.45 E136.22245
G1 X40.176 Y36.635 E136.233
G1 X39.906 Y36.92 E136.24606
G1 X39.69 Y37.338 E136.26171
G1 X39.616 Y37.725 E136.27482
G1 X39.616 Y38.039 E136.28526
G1 X39.675 Y38.347 E136.29569
G1 X39.789 Y38.632 E136.3059
G1 X40.002 Y38.966 E136.31908
G1 X40.294 Y39.217 E136.33188
G1 X40.642 Y39.421 E136.3453
G1 X41.094 Y39.529 E136.36076
G1 X41.495 Y39.511 E136.37411
G1 X41.854 Y39.423 E136.3864
G0 F9000 X41.999 Y39.8
;TYPE:WALL-OUTER
G1 F600 X42.017 Y39.796 E136.38701
G1 X42.53 Y39.501 E136.4067
G1 X42.866 Y39.147 E136.42293
G1 X43.081 Y38.815 E136.43608
G1 X43.223 Y38.459 E136.44883
G1 X43.296 Y38.077 E136.46177
G1 X43.296 Y37.684 E136.47484
G1 X43.205 Y37.21 E136.49089
G1 X42.935 Y36.686 E136.5105
G1 X42.593 Y36.329 E136.52694
G1 X42.199 Y36.049 E136.54302
G1 X41.736 Y35.888 E136.55932
G1 X41.256 Y35.819 E136.57545
G1 X40.673 Y35.902 E136.59504
G1 X40.233 Y36.102 E136.61111
G1 X39.912 Y36.332 E136.62425
G1 X39.577 Y36.686 E136.64046
G1 X39.308 Y37.206 E136.65993
G1 X39.216 Y37.687 E136.67622
G1 X39.216 Y38.077 E136.68919
G1 X39.289 Y38.459 E136.70212
G1 X39.431 Y38.816 E136.7149
G1 X39.697 Y39.231 E136.7313
G1 X40.061 Y39.544 E136.74727
G1 X40.492 Y39.796 E136.76387
G1 X41.056 Y39.931 E136.78316
G1 X41.551 Y39.909 E136.79964
G1 X41.999 Y39.8 E136.81497
G0 F9000 X41.723 Y39.085
;TYPE:SKIN
G1 F600 X41.447 Y39.153 E136.82443
G1 X41.124 Y39.167 E136.83518
G1 X40.776 Y39.084 E136.84708
G1 X40.506 Y38.925 E136.8575
G1 X40.277 Y38.723 E136.86766
G1 X40.107 Y38.463 E136.87799
G1 X40.021 Y38.248 E136.88569
G1 X39.976 Y37.755 E136.90216
G1 X40.032 Y37.458 E136.91221
G1 X40.205 Y37.126 E136.92466
G1 X40.507 Y36.809 E136.93922
G1 X40.889 Y36.639 E136.95313
G1 X41.256 Y36.587 E136.96546
G1 X41.548 Y36.628 E136.97527
G1 X41.847 Y36.732 E136.9858
G1 X42.092 Y36.905 E136.99577
G1 X42.303 Y37.126 E137.00593
G1 X42.477 Y37.463 E137.01855
G1 X42.536 Y37.753 E137.02839
G1 X42.487 Y38.242 E137.04474
G1 X42.269 Y38.668 E137.06065
G1 X42.051 Y38.897 E137.07117
G1 X41.728 Y39.084 E137.08358
G1 X41.723 Y39.085 E137.08375
G0 F9000 X41.783 Y39.338
G0 X41.11 Y39.367
G0 X40.704 Y39.27
G0 X40.125 Y38.859
G0 X39.958 Y38.543
G0 X39.716 Y37.926
G0 X40.189 Y37.926
G1 F600 X41.225 Y38.962 E137.13248
G0 F9000 X41.698 Y38.87
G1 F600 X40.267 Y37.438 E137.19982
G0 F9000 X40.5 Y37.105
G1 F600 X42.027 Y38.633 E137.27167
G0 F9000 X42.246 Y38.286
G1 F600 X40.84 Y36.88 E137.3378
G0 F9000 X41.324 Y36.799
G1 F600 X42.315 Y37.789 E137.38439
G1 F2700 E132.38439
;MESH:NONMESH
G0 F300 X42.315 Y37.789 Z9.2
G0 F9000 X42.796 Y37.789
G0 X42.58 Y38.556
G0 X42.179 Y39.055
G0 X41.806 Y39.27
G0 X41.11 Y39.367
G0 X40.704 Y39.27
G0 X40.235 Y38.937
G0 X39.446 Y38.053
G0 X38.352 Y38.053
G0 X33.889 Y39.123
G0 X31.918 Y39.391
;TIME_ELAPSED:498.801240
;LAYER:45
;note -- min layer time used
;TYPE:WALL-INNER
;MESH:slupek4.stl
G1 F2700 E137.38439
G1 F600 X32.28 Y39.183 E137.39828
G1 X32.55 Y38.897 E137.41136
G1 X32.724 Y38.631 E137.42193
G1 X32.837 Y38.347 E137.4321
G1 X32.896 Y38.039 E137.44253
G1 X32.896 Y37.722 E137.45307
G1 X32.823 Y37.342 E137.46594
G1 X32.606 Y36.921 E137.48169
G1 X32.331 Y36.634 E137.49491
G1 X32.015 Y36.409 E137.50781
G1 X31.641 Y36.278 E137.521
G1 X31.256 Y36.223 E137.53393
G1 X30.787 Y36.29 E137.54969
G1 X30.434 Y36.45 E137.56258
G1 X30.176 Y36.635 E137.57314
G1 X29.906 Y36.92 E137.5862
G1 X29.69 Y37.338 E137.60184
G1 X29.616 Y37.725 E137.61495
G1 X29.616 Y38.039 E137.62539
G1 X29.675 Y38.347 E137.63582
G1 X29.789 Y38.632 E137.64603
G1 X30.002 Y38.966 E137.65921
G1 X30.294 Y39.217 E137.67202
G1 X30.642 Y39.421 E137.68543
G1 X31.094 Y39.529 E137.70089
G1 X31.495 Y39.511 E137.71424
G1 X31.867 Y39.42 E137.72698
G1 X31.918 Y39.391 E137.72893
G0 F9000 X32.079 Y39.76
;TYPE:WALL-OUTER
G1 F600 X32.53 Y39.501 E137.74623
G1 X32.866 Y39.147 E137.76246
G1 X33.081 Y38.815 E137.77561
G1 X33.223 Y38.459 E137.78836
G1 X33.296 Y38.077 E137.8013
G1 X33.296 Y37.684 E137.81437
G1 X33.205 Y37.21 E137.83042
G1 X32.935 Y36.686 E137.85003
G1 X32.593 Y36.329 E137.86647
G1 X32.199 Y36.049 E137.88255
G1 X31.736 Y35.888 E137.89885
G1 X31.256 Y35.819 E137.91498
G1 X30.673 Y35.902 E137.93457
G1 X30.233 Y36.102 E137.95064
G1 X29.912 Y36.332 E137.96378
G1 X29.577 Y36.686 E137.97999
G1 X29.308 Y37.206 E137.99946
G1 X29.216 Y37.687 E138.01575
G1 X29.216 Y38.077 E138.02872
G1 X29.289 Y38.459 E138.04165
G1 X29.431 Y38.816 E138.05443
G1 X29.697 Y39.231 E138.07083
G1 X30.061 Y39.544 E138.0868
G1 X30.492 Y39.796 E138.1034
G1 X31.056 Y39.931 E138.12269
G1 X31.551 Y39.909 E138.13917
G1 X32.017 Y39.796 E138.15512
G1 X32.079 Y39.76 E138.1575
G0 F9000 X31.772 Y39.058
;TYPE:SKIN
G1 F600 X31.728 Y39.084 E138.1592
G1 X31.447 Y39.153 E138.16883
G1 X31.124 Y39.167 E138.17958
G1 X30.776 Y39.084 E138.19148
G1 X30.506 Y38.925 E138.2019
G1 X30.277 Y38.723 E138.21206
G1 X30.107 Y38.463 E138.22239
G1 X30.021 Y38.248 E138.23009
G1 X29.976 Y37.755 E138.24656
G1 X30.032 Y37.458 E138.25661
G1 X30.205 Y37.126 E138.26906
G1 X30.507 Y36.809 E138.28362
G1 X30.889 Y36.639 E138.29753
G1 X31.256 Y36.587 E138.30986
G1 X31.548 Y36.628 E138.31966
G1 X31.847 Y36.732 E138.33019
G1 X32.092 Y36.905 E138.34017
G1 X32.303 Y37.126 E138.35033
G1 X32.477 Y37.463 E138.36295
G1 X32.536 Y37.753 E138.37279
G1 X32.487 Y38.242 E138.38913
G1 X32.269 Y38.668 E138.40505
G1 X32.051 Y38.897 E138.41557
G1 X31.772 Y39.058 E138.42628
G0 F9000 X31.18 Y38.965
G1 F600 X32.318 Y37.827 E138.47981
G0 F9000 X32.205 Y37.374
G1 F600 X30.746 Y38.834 E138.54846
G0 F9000 X30.428 Y38.586
G1 F600 X31.959 Y37.055 E138.62047
G0 F9000 X31.594 Y36.854
G1 F600 X30.218 Y38.23 E138.6852
G0 F9000 X30.191 Y37.691
G1 F600 X31.067 Y36.815 E138.7264
G1 F2700 E133.7264
;MESH:slupek4.stl(1)
G0 F9000 X31.003 Y36.36
G0 X31.603 Y36.436
G0 X32.985 Y37.283
G0 X34.059 Y37.076
G0 X38.352 Y38.053
G0 X41.854 Y39.423
;TYPE:WALL-INNER
G1 F2700 E138.7264
G1 F600 X41.867 Y39.42 E138.72684
G1 X42.28 Y39.183 E138.74268
G1 X42.55 Y38.897 E138.75576
G1 X42.724 Y38.631 E138.76633
G1 X42.837 Y38.347 E138.7765
G1 X42.896 Y38.039 E138.78693
G1 X42.896 Y37.722 E138.79747
G1 X42.823 Y37.342 E138.81034
G1 X42.606 Y36.921 E138.8261
G1 X42.331 Y36.634 E138.83932
G1 X42.015 Y36.409 E138.85222
G1 X41.641 Y36.278 E138.8654
G1 X41.256 Y36.223 E138.87834
G1 X40.787 Y36.29 E138.89409
G1 X40.434 Y36.45 E138.90698
G1 X40.176 Y36.635 E138.91754
G1 X39.906 Y36.92 E138.9306
G1 X39.69 Y37.338 E138.94625
G1 X39.616 Y37.725 E138.95935
G1 X39.616 Y38.039 E138.9698
G1 X39.675 Y38.347 E138.98023
G1 X39.789 Y38.632 E138.99044
G1 X40.002 Y38.966 E139.00361
G1 X40.294 Y39.217 E139.01642
G1 X40.642 Y39.421 E139.02984
G1 X41.094 Y39.529 E139.04529
G1 X41.495 Y39.511 E139.05864
G1 X41.854 Y39.423 E139.07094
G0 F9000 X41.999 Y39.8
;TYPE:WALL-OUTER
G1 F600 X42.017 Y39.796 E139.07155
G1 X42.53 Y39.501 E139.09123
G1 X42.866 Y39.147 E139.10747
G1 X43.081 Y38.815 E139.12062
G1 X43.223 Y38.459 E139.13337
G1 X43.296 Y38.077 E139.14631
G1 X43.296 Y37.684 E139.15938
G1 X43.205 Y37.21 E139.17543
G1 X42.935 Y36.686 E139.19504
G1 X42.593 Y36.329 E139.21148
G1 X42.199 Y36.049 E139.22756
G1 X41.736 Y35.888 E139.24386
G1 X41.256 Y35.819 E139.25999
G1 X40.673 Y35.902 E139.27958
G1 X40.233 Y36.102 E139.29565
G1 X39.912 Y36.332 E139.30878
G1 X39.577 Y36.686 E139.325
G1 X39.308 Y37.206 E139.34447
G1 X39.216 Y37.687 E139.36076
G1 X39.216 Y38.077 E139.37373
G1 X39.289 Y38.459 E139.38666
G1 X39.431 Y38.816 E139.39944
G1 X39.697 Y39.231 E139.41584
G1 X40.061 Y39.544 E139.4318
G1 X40.492 Y39.796 E139.44841
G1 X41.056 Y39.931 E139.4677
G1 X41.551 Y39.909 E139.48418
G1 X41.999 Y39.8 E139.49951
G0 F9000 X41.723 Y39.085
;TYPE:SKIN
G1 F600 X41.447 Y39.153 E139.50897
G1 X41.124 Y39.167 E139.51972
G1 X40.776 Y39.084 E139.53162
G1 X40.506 Y38.925 E139.54204
G1 X40.277 Y38.723 E139.5522
G1 X40.107 Y38.463 E139.56253
G1 X40.021 Y38.248 E139.57023
G1 X39.976 Y37.755 E139.5867
G1 X40.032 Y37.458 E139.59675
G1 X40.205 Y37.126 E139.6092
G1 X40.507 Y36.809 E139.62376
G1 X40.889 Y36.639 E139.63767
G1 X41.256 Y36.587 E139.65
G1 X41.548 Y36.628 E139.6598
G1 X41.847 Y36.732 E139.67033
G1 X42.092 Y36.905 E139.68031
G1 X42.303 Y37.126 E139.69047
G1 X42.477 Y37.463 E139.70309
G1 X42.536 Y37.753 E139.71293
G1 X42.487 Y38.242 E139.72928
G1 X42.269 Y38.668 E139.74519
G1 X42.051 Y38.897 E139.75571
G1 X41.728 Y39.084 E139.76812
G1 X41.723 Y39.085 E139.76829
G0 F9000 X41.371 Y38.957
G1 F600 X42.332 Y37.996 E139.81349
G0 F9000 X42.267 Y37.494
G1 F600 X40.863 Y38.899 E139.87956
G0 F9000 X40.523 Y38.673
G1 F600 X42.047 Y37.149 E139.95124
G0 F9000 X41.728 Y36.902
G1 F600 X40.275 Y38.356 E140.01961
G0 F9000 X40.186 Y37.879
G1 F600 X41.273 Y36.791 E140.07076
G1 F2700 E135.07076
;MESH:NONMESH
G0 F300 X41.273 Y36.791 Z9.4
G0 F9000 X41.339 Y36.337
G0 X40.832 Y36.446
G0 X40.52 Y36.622
G0 X39.529 Y37.281
G0 X38.454 Y37.075
G0 X34.162 Y38.053
G0 X31.918 Y39.391
;TIME_ELAPSED:509.291684
;LAYER:46
;note -- min layer time used
;TYPE:WALL-INNER
;MESH:slupek4.stl
G1 F2700 E140.07076
G1 F600 X32.28 Y39.183 E140.08465
G1 X32.55 Y38.897 E140.09773
G1 X32.724 Y38.631 E140.1083
G1 X32.837 Y38.347 E140.11847
G1 X32.896 Y38.039 E140.1289
G1 X32.896 Y37.722 E140.13944
G1 X32.823 Y37.342 E140.15231
G1 X32.606 Y36.921 E140.16806
G1 X32.331 Y36.634 E140.18129
G1 X32.015 Y36.409 E140.19419
G1 X31.641 Y36.278 E140.20737
G1 X31.256 Y36.223 E140.2203
G1 X30.787 Y36.29 E140.23606
G1 X30.434 Y36.45 E140.24895
G1 X30.176 Y36.635 E140.25951
G1 X29.906 Y36.92 E140.27257
G1 X29.69 Y37.338 E140.28822
G1 X29.616 Y37.725 E140.30132
G1 X29.616 Y38.039 E140.31177
G1 X29.675 Y38.347 E140.3222
G1 X29.789 Y38.632 E140.33241
G1 X30.002 Y38.966 E140.34558
G1 X30.294 Y39.217 E140.35839
G1 X30.642 Y39.421 E140.3718
G1 X31.094 Y39.529 E140.38726
G1 X31.495 Y39.511 E140.40061
G1 X31.867 Y39.42 E140.41335
G1 X31.918 Y39.391 E140.4153
G0 F9000 X32.079 Y39.76
;TYPE:WALL-OUTER
G1 F600 X32.53 Y39.501 E140.4326
G1 X32.866 Y39.147 E140.44883
G1 X33.081 Y38.815 E140.46199
G1 X33.223 Y38.459 E140.47474
G1 X33.296 Y38.077 E140.48767
G1 X33.296 Y37.684 E140.50074
G1 X33.205 Y37.21 E140.51679
G1 X32.935 Y36.686 E140.5364
G1 X32.593 Y36.329 E140.55284
G1 X32.199 Y36.049 E140.56892
G1 X31.736 Y35.888 E140.58522
G1 X31.256 Y35.819 E140.60135
G1 X30.673 Y35.902 E140.62094
G1 X30.233 Y36.102 E140.63701
G1 X29.912 Y36.332 E140.65015
G1 X29.577 Y36.686 E140.66636
G1 X29.308 Y37.206 E140.68583
G1 X29.216 Y37.687 E140.70212
G1 X29.216 Y38.077 E140.71509
G1 X29.289 Y38.459 E140.72803
G1 X29.431 Y38.816 E140.74081
G1 X29.697 Y39.231 E140.7572
G1 X30.061 Y39.544 E140.77317
G1 X30.492 Y39.796 E140.78977
G1 X31.056 Y39.931 E140.80906
G1 X31.551 Y39.909 E140.82554
G1 X32.017 Y39.796 E140.84149
G1 X32.079 Y39.76 E140.84387
G0 F9000 X31.772 Y39.058
;TYPE:SKIN
G1 F600 X31.728 Y39.084 E140.84557
G1 X31.447 Y39.153 E140.8552
G1 X31.124 Y39.167 E140.86595
G1 X30.776 Y39.084 E140.87785
G1 X30.506 Y38.925 E140.88827
G1 X30.277 Y38.723 E140.89843
G1 X30.107 Y38.463 E140.90876
G1 X30.021 Y38.248 E140.91646
G1 X29.976 Y37.755 E140.93293
G1 X30.032 Y37.458 E140.94298
G1 X30.205 Y37.126 E140.95543
G1 X30.507 Y36.809 E140.96999
G1 X30.889 Y36.639 E140.9839
G1 X31.256 Y36.587 E140.99623
G1 X31.548 Y36.628 E141.00604
G1 X31.847 Y36.732 E141.01657
G1 X32.092 Y36.905 E141.02654
G1 X32.303 Y37.126 E141.0367
G1 X32.477 Y37.463 E141.04932
G1 X32.536 Y37.753 E141.05916
G1 X32.487 Y38.242 E141.07551
G1 X32.269 Y38.668 E141.09142
G1 X32.051 Y38.897 E141.10194
G1 X31.772 Y39.058 E141.11265
G0 F9000 X31.901 Y39.285
G0 X31.11 Y39.367
G0 X30.704 Y39.27
G0 X30.183 Y38.9
G0 X29.751 Y38.213
G0 X30.208 Y38.127
G1 F600 X31.016 Y38.935 E141.15066
G0 F9000 X31.564 Y38.918
G1 F600 X30.214 Y37.568 E141.21416
G0 F9000 X30.411 Y37.199
G1 F600 X31.938 Y38.726 E141.28598
G0 F9000 X32.204 Y38.427
G1 F600 X30.714 Y36.936 E141.35609
G0 F9000 X31.147 Y36.804
G1 F600 X32.334 Y37.991 E141.41193
G1 F2700 E136.41193
;MESH:slupek4.stl(1)
G0 F9000 X32.786 Y38.078
G0 X33.068 Y38.053
G0 X34.162 Y38.053
G0 X38.352 Y38.053
G0 X41.854 Y39.423
;TYPE:WALL-INNER
G1 F2700 E141.41193
G1 F600 X41.867 Y39.42 E141.41237
G1 X42.28 Y39.183 E141.42821
G1 X42.55 Y38.897 E141.44129
G1 X42.724 Y38.631 E141.45186
G1 X42.837 Y38.347 E141.46203
G1 X42.896 Y38.039 E141.47246
G1 X42.896 Y37.722 E141.483
G1 X42.823 Y37.342 E141.49587
G1 X42.606 Y36.921 E141.51162
G1 X42.331 Y36.634 E141.52484
G1 X42.015 Y36.409 E141.53775
G1 X41.641 Y36.278 E141.55093
G1 X41.256 Y36.223 E141.56386
G1 X40.787 Y36.29 E141.57962
G1 X40.434 Y36.45 E141.59251
G1 X40.176 Y36.635 E141.60307
G1 X39.906 Y36.92 E141.61613
G1 X39.69 Y37.338 E141.63178
G1 X39.616 Y37.725 E141.64488
G1 X39.616 Y38.039 E141.65532
G1 X39.675 Y38.347 E141.66575
G1 X39.789 Y38.632 E141.67596
G1 X40.002 Y38.966 E141.68914
G1 X40.294 Y39.217 E141.70195
G1 X40.642 Y39.421 E141.71536
G1 X41.094 Y39.529 E141.73082
G1 X41.495 Y39.511 E141.74417
G1 X41.854 Y39.423 E141.75646
G0 F9000 X41.999 Y39.8
;TYPE:WALL-OUTER
G1 F600 X42.017 Y39.796 E141.75708
G1 X42.53 Y39.501 E141.77676
G1 X42.866 Y39.147 E141.79299
G1 X43.081 Y38.815 E141.80615
G1 X43.223 Y38.459 E141.8189
G1 X43.296 Y38.077 E141.83183
G1 X43.296 Y37.684 E141.8449
G1 X43.205 Y37.21 E141.86096
G1 X42.935 Y36.686 E141.88056
G1 X42.593 Y36.329 E141.89701
G1 X42.199 Y36.049 E141.91308
G1 X41.736 Y35.888 E141.92939
G1 X41.256 Y35.819 E141.94551
G1 X40.673 Y35.902 E141.9651
G1 X40.233 Y36.102 E141.98118
G1 X39.912 Y36.332 E141.99431
G1 X39.577 Y36.686 E142.01052
G1 X39.308 Y37.206 E142.02999
G1 X39.216 Y37.687 E142.04628
G1 X39.216 Y38.077 E142.05925
G1 X39.289 Y38.459 E142.07219
G1 X39.431 Y38.816 E142.08497
G1 X39.697 Y39.231 E142.10136
G1 X40.061 Y39.544 E142.11733
G1 X40.492 Y39.796 E142.13393
G1 X41.056 Y39.931 E142.15322
G1 X41.551 Y39.909 E142.1697
G1 X41.999 Y39.8 E142.18504
G0 F9000 X41.723 Y39.085
;TYPE:SKIN
G1 F600 X41.447 Y39.153 E142.19449
G1 X41.124 Y39.167 E142.20525
G1 X40.776 Y39.084 E142.21715
G1 X40.506 Y38.925 E142.22757
G1 X40.277 Y38.723 E142.23772
G1 X40.107 Y38.463 E142.24806
G1 X40.021 Y38.248 E142.25576
G1 X39.976 Y37.755 E142.27222
G1 X40.032 Y37.458 E142.28227
G1 X40.205 Y37.126 E142.29473
G1 X40.507 Y36.809 E142.30929
G1 X40.889 Y36.639 E142.3232
G1 X41.256 Y36.587 E142.33552
G1 X41.548 Y36.628 E142.34533
G1 X41.847 Y36.732 E142.35586
G1 X42.092 Y36.905 E142.36584
G1 X42.303 Y37.126 E142.376
G1 X42.477 Y37.463 E142.38861
G1 X42.536 Y37.753 E142.39846
G1 X42.487 Y38.242 E142.4148
G1 X42.269 Y38.668 E142.43072
G1 X42.051 Y38.897 E142.44123
G1 X41.728 Y39.084 E142.45365
G1 X41.723 Y39.085 E142.45382
G0 F9000 X41.783 Y39.338
G0 X41.11 Y39.367
G0 X40.704 Y39.27
G0 X40.125 Y38.859
G0 X39.958 Y38.543
G0 X39.716 Y37.926
G0 X40.189 Y37.926
G1 F600 X41.225 Y38.962 E142.50255
G0 F9000 X41.698 Y38.87
G1 F600 X40.267 Y37.438 E142.56988
G0 F9000 X40.5 Y37.105
G1 F600 X42.027 Y38.633 E142.64173
G0 F9000 X42.246 Y38.286
G1 F600 X40.84 Y36.88 E142.70786
G0 F9000 X41.324 Y36.799
G1 F600 X42.315 Y37.789 E142.75445
G1 F2700 E137.75445
;MESH:NONMESH
G0 F300 X42.315 Y37.789 Z9.6
G0 F9000 X42.796 Y37.789
G0 X42.58 Y38.556
G0 X42.179 Y39.055
G0 X41.806 Y39.27
G0 X41.11 Y39.367
G0 X40.704 Y39.27
G0 X40.235 Y38.937
G0 X39.446 Y38.053
G0 X38.352 Y38.053
G0 X33.889 Y39.123
G0 X31.918 Y39.391
;TIME_ELAPSED:520.047405
;LAYER:47
;note -- min layer time used
;TYPE:WALL-INNER
;MESH:slupek4.stl
G1 F2700 E142.75445
G1 F600 X32.28 Y39.183 E142.76834
G1 X32.55 Y38.897 E142.78142
G1 X32.724 Y38.631 E142.79199
G1 X32.837 Y38.347 E142.80216
G1 X32.896 Y38.039 E142.81259
G1 X32.896 Y37.722 E142.82313
G1 X32.823 Y37.342 E142.836
G1 X32.606 Y36.921 E142.85176
G1 X32.331 Y36.634 E142.86498
G1 X32.015 Y36.409 E142.87788
G1 X31.641 Y36.278 E142.89106
G1 X31.256 Y36.223 E142.90399
G1 X30.787 Y36.29 E142.91975
G1 X30.434 Y36.45 E142.93264
G1 X30.176 Y36.635 E142.9432
G1 X29.906 Y36.92 E142.95626
G1 X29.69 Y37.338 E142.97191
G1 X29.616 Y37.725 E142.98501
G1 X29.616 Y38.039 E142.99546
G1 X29.675 Y38.347 E143.00589
G1 X29.789 Y38.632 E143.0161
G1 X30.002 Y38.966 E143.02927
G1 X30.294 Y39.217 E143.04208
G1 X30.642 Y39.421 E143.0555
G1 X31.094 Y39.529 E143.07095
G1 X31.495 Y39.511 E143.0843
G1 X31.867 Y39.42 E143.09704
G1 X31.918 Y39.391 E143.09899
G0 F9000 X32.079 Y39.76
;TYPE:WALL-OUTER
G1 F600 X32.53 Y39.501 E143.11629
G1 X32.866 Y39.147 E143.13252
G1 X33.081 Y38.815 E143.14568
G1 X33.223 Y38.459 E143.15843
G1 X33.296 Y38.077 E143.17136
G1 X33.296 Y37.684 E143.18443
G1 X33.205 Y37.21 E143.20049
G1 X32.935 Y36.686 E143.22009
G1 X32.593 Y36.329 E143.23654
G1 X32.199 Y36.049 E143.25261
G1 X31.736 Y35.888 E143.26892
G1 X31.256 Y35.819 E143.28504
G1 X30.673 Y35.902 E143.30463
G1 X30.233 Y36.102 E143.32071
G1 X29.912 Y36.332 E143.33384
G1 X29.577 Y36.686 E143.35005
G1 X29.308 Y37.206 E143.36952
G1 X29.216 Y37.687 E143.38581
G1 X29.216 Y38.077 E143.39878
G1 X29.289 Y38.459 E143.41172
G1 X29.431 Y38.816 E143.4245
G1 X29.697 Y39.231 E143.44089
G1 X30.061 Y39.544 E143.45686
G1 X30.492 Y39.796 E143.47346
G1 X31.056 Y39.931 E143.49275
G1 X31.551 Y39.909 E143.50923
G1 X32.017 Y39.796 E143.52518
G1 X32.079 Y39.76 E143.52757
G0 F9000 X31.772 Y39.058
;TYPE:SKIN
G1 F600 X31.728 Y39.084 E143.52927
G1 X31.447 Y39.153 E143.53889
G1 X31.124 Y39.167 E143.54964
G1 X30.776 Y39.084 E143.56154
G1 X30.506 Y38.925 E143.57196
G1 X30.277 Y38.723 E143.58212
G1 X30.107 Y38.463 E143.59245
G1 X30.021 Y38.248 E143.60015
G1 X29.976 Y37.755 E143.61662
G1 X30.032 Y37.458 E143.62667
G1 X30.205 Y37.126 E143.63912
G1 X30.507 Y36.809 E143.65369
G1 X30.889 Y36.639 E143.66759
G1 X31.256 Y36.587 E143.67992
G1 X31.548 Y36.628 E143.68973
G1 X31.847 Y36.732 E143.70026
G1 X32.092 Y36.905 E143.71023
G1 X32.303 Y37.126 E143.7204
G1 X32.477 Y37.463 E143.73301
G1 X32.536 Y37.753 E143.74285
G1 X32.487 Y38.242 E143.7592
G1 X32.269 Y38.668 E143.77511
G1 X32.051 Y38.897 E143.78563
G1 X31.772 Y39.058 E143.79634
G0 F9000 X31.18 Y38.965
G1 F600 X32.318 Y37.827 E143.84987
G0 F9000 X32.205 Y37.374
G1 F600 X30.746 Y38.834 E143.91852
G0 F9000 X30.428 Y38.586
G1 F600 X31.959 Y37.055 E143.99054
G0 F9000 X31.594 Y36.854
G1 F600 X30.218 Y38.23 E144.05526
G0 F9000 X30.191 Y37.691
G1 F600 X31.067 Y36.815 E144.09646
G1 F2700 E139.09646
;MESH:slupek4.stl(1)
G0 F9000 X31.003 Y36.36
G0 X31.603 Y36.436
G0 X32.985 Y37.283
G0 X34.059 Y37.076
G0 X38.352 Y38.053
G0 X41.854 Y39.423
;TYPE:WALL-INNER
G1 F2700 E144.09646
G1 F600 X41.867 Y39.42 E144.09691
G1 X42.28 Y39.183 E144.11274
G1 X42.55 Y38.897 E144.12583
G1 X42.724 Y38.631 E144.1364
G1 X42.837 Y38.347 E144.14656
G1 X42.896 Y38.039 E144.15699
G1 X42.896 Y37.722 E144.16754
G1 X42.823 Y37.342 E144.18041
G1 X42.606 Y36.921 E144.19616
G1 X42.331 Y36.634 E144.20938
G1 X42.015 Y36.409 E144.22228
G1 X41.641 Y36.278 E144.23546
G1 X41.256 Y36.223 E144.2484
G1 X40.787 Y36.29 E144.26416
G1 X40.434 Y36.45 E144.27705
G1 X40.176 Y36.635 E144.28761
G1 X39.906 Y36.92 E144.30066
G1 X39.69 Y37.338 E144.31631
G1 X39.616 Y37.725 E144.32942
G1 X39.616 Y38.039 E144.33986
G1 X39.675 Y38.347 E144.35029
G1 X39.789 Y38.632 E144.3605
G1 X40.002 Y38.966 E144.37368
G1 X40.294 Y39.217 E144.38648
G1 X40.642 Y39.421 E144.3999
G1 X41.094 Y39.529 E144.41536
G1 X41.495 Y39.511 E144.42871
G1 X41.854 Y39.423 E144.441
G0 F9000 X41.999 Y39.8
;TYPE:WALL-OUTER
G1 F600 X42.017 Y39.796 E144.44162
G1 X42.53 Y39.501 E144.4613
G1 X42.866 Y39.147 E144.47753
G1 X43.081 Y38.815 E144.49069
G1 X43.223 Y38.459 E144.50343
G1 X43.296 Y38.077 E144.51637
G1 X43.296 Y37.684 E144.52944
G1 X43.205 Y37.21 E144.54549
G1 X42.935 Y36.686 E144.5651
G1 X42.593 Y36.329 E144.58154
G1 X42.199 Y36.049 E144.59762
G1 X41.736 Y35.888 E144.61392
G1 X41.256 Y35.819 E144.63005
G1 X40.673 Y35.902 E144.64964
G1 X40.233 Y36.102 E144.66571
G1 X39.912 Y36.332 E144.67885
G1 X39.577 Y36.686 E144.69506
G1 X39.308 Y37.206 E144.71453
G1 X39.216 Y37.687 E144.73082
G1 X39.216 Y38.077 E144.74379
G1 X39.289 Y38.459 E144.75673
G1 X39.431 Y38.816 E144.7695
G1 X39.697 Y39.231 E144.7859
G1 X40.061 Y39.544 E144.80187
G1 X40.492 Y39.796 E144.81847
G1 X41.056 Y39.931 E144.83776
G1 X41.551 Y39.909 E144.85424
G1 X41.999 Y39.8 E144.86958
G0 F9000 X41.723 Y39.085
;TYPE:SKIN
G1 F600 X41.447 Y39.153 E144.87903
G1 X41.124 Y39.167 E144.88978
G1 X40.776 Y39.084 E144.90168
G1 X40.506 Y38.925 E144.9121
G1 X40.277 Y38.723 E144.92226
G1 X40.107 Y38.463 E144.93259
G1 X40.021 Y38.248 E144.94029
G1 X39.976 Y37.755 E144.95676
G1 X40.032 Y37.458 E144.96681
G1 X40.205 Y37.126 E144.97926
G1 X40.507 Y36.809 E144.99383
G1 X40.889 Y36.639 E145.00773
G1 X41.256 Y36.587 E145.02006
G1 X41.548 Y36.628 E145.02987
G1 X41.847 Y36.732 E145.0404
G1 X42.092 Y36.905 E145.05037
G1 X42.303 Y37.126 E145.06054
G1 X42.477 Y37.463 E145.07315
G1 X42.536 Y37.753 E145.08299
G1 X42.487 Y38.242 E145.09934
G1 X42.269 Y38.668 E145.11526
G1 X42.051 Y38.897 E145.12577
G1 X41.728 Y39.084 E145.13819
G1 X41.723 Y39.085 E145.13835
G0 F9000 X41.371 Y38.957
G1 F600 X42.332 Y37.996 E145.18356
G0 F9000 X42.267 Y37.494
G1 F600 X40.863 Y38.899 E145.24962
G0 F9000 X40.523 Y38.673
G1 F600 X42.047 Y37.149 E145.3213
G0 F9000 X41.728 Y36.902
G1 F600 X40.275 Y38.356 E145.38967
G0 F9000 X40.186 Y37.879
G1 F600 X41.273 Y36.791 E145.44083
G1 F2700 E140.44083
;MESH:NONMESH
G0 F300 X41.273 Y36.791 Z9.8
G0 F9000 X41.339 Y36.337
G0 X40.832 Y36.446
G0 X40.52 Y36.622
G0 X39.529 Y37.281
G0 X38.454 Y37.075
G0 X34.162 Y38.053
G0 X31.918 Y39.391
;TIME_ELAPSED:530.537849
;LAYER:48
;note -- min layer time used
;TYPE:WALL-INNER
;MESH:slupek4.stl
G1 F2700 E145.44083
G1 F600 X32.28 Y39.183 E145.45471
G1 X32.55 Y38.897 E145.46779
G1 X32.724 Y38.631 E145.47837
G1 X32.837 Y38.347 E145.48853
G1 X32.896 Y38.039 E145.49896
G1 X32.896 Y37.722 E145.50951
G1 X32.823 Y37.342 E145.52238
G1 X32.606 Y36.921 E145.53813
G1 X32.331 Y36.634 E145.55135
G1 X32.015 Y36.409 E145.56425
G1 X31.641 Y36.278 E145.57743
G1 X31.256 Y36.223 E145.59037
G1 X30.787 Y36.29 E145.60612
G1 X30.434 Y36.45 E145.61901
G1 X30.176 Y36.635 E145.62957
G1 X29.906 Y36.92 E145.64263
G1 X29.69 Y37.338 E145.65828
G1 X29.616 Y37.725 E145.67139
G1 X29.616 Y38.039 E145.68183
G1 X29.675 Y38.347 E145.69226
G1 X29.789 Y38.632 E145.70247
G1 X30.002 Y38.966 E145.71564
G1 X30.294 Y39.217 E145.72845
G1 X30.642 Y39.421 E145.74187
G1 X31.094 Y39.529 E145.75732
G1 X31.495 Y39.511 E145.77068
G1 X31.867 Y39.42 E145.78341
G1 X31.918 Y39.391 E145.78536
G0 F9000 X32.079 Y39.76
;TYPE:WALL-OUTER
G1 F600 X32.53 Y39.501 E145.80266
G1 X32.866 Y39.147 E145.8189
G1 X33.081 Y38.815 E145.83205
G1 X33.223 Y38.459 E145.8448
G1 X33.296 Y38.077 E145.85773
G1 X33.296 Y37.684 E145.87081
G1 X33.205 Y37.21 E145.88686
G1 X32.935 Y36.686 E145.90646
G1 X32.593 Y36.329 E145.92291
G1 X32.199 Y36.049 E145.93898
G1 X31.736 Y35.888 E145.95529
G1 X31.256 Y35.819 E145.97142
G1 X30.673 Y35.902 E145.991
G1 X30.233 Y36.102 E146.00708
G1 X29.912 Y36.332 E146.02021
G1 X29.577 Y36.686 E146.03642
G1 X29.308 Y37.206 E146.0559
G1 X29.216 Y37.687 E146.07218
G1 X29.216 Y38.077 E146.08516
G1 X29.289 Y38.459 E146.09809
G1 X29.431 Y38.816 E146.11087
G1 X29.697 Y39.231 E146.12726
G1 X30.061 Y39.544 E146.14323
G1 X30.492 Y39.796 E146.15984
G1 X31.056 Y39.931 E146.17913
G1 X31.551 Y39.909 E146.19561
G1 X32.017 Y39.796 E146.21155
G1 X32.079 Y39.76 E146.21394
G0 F9000 X31.772 Y39.058
;TYPE:SKIN
G1 F600 X31.728 Y39.084 E146.21564
G1 X31.447 Y39.153 E146.22526
G1 X31.124 Y39.167 E146.23602
G1 X30.776 Y39.084 E146.24791
G1 X30.506 Y38.925 E146.25834
G1 X30.277 Y38.723 E146.26849
G1 X30.107 Y38.463 E146.27882
G1 X30.021 Y38.248 E146.28653
G1 X29.976 Y37.755 E146.30299
G1 X30.032 Y37.458 E146.31304
G1 X30.205 Y37.126 E146.3255
G1 X30.507 Y36.809 E146.34006
G1 X30.889 Y36.639 E146.35396
G1 X31.256 Y36.587 E146.36629
G1 X31.548 Y36.628 E146.3761
G1 X31.847 Y36.732 E146.38663
G1 X32.092 Y36.905 E146.3966
G1 X32.303 Y37.126 E146.40677
G1 X32.477 Y37.463 E146.41938
G1 X32.536 Y37.753 E146.42923
G1 X32.487 Y38.242 E146.44557
G1 X32.269 Y38.668 E146.46149
G1 X32.051 Y38.897 E146.472
G1 X31.772 Y39.058 E146.48272
G0 F9000 X31.901 Y39.285
G0 X31.11 Y39.367
G0 X30.704 Y39.27
G0 X30.183 Y38.9
G0 X29.751 Y38.213
G0 X30.208 Y38.127
G1 F600 X31.016 Y38.935 E146.52072
G0 F9000 X31.564 Y38.918
G1 F600 X30.214 Y37.568 E146.58422
G0 F9000 X30.411 Y37.199
G1 F600 X31.938 Y38.726 E146.65605
G0 F9000 X32.204 Y38.427
G1 F600 X30.714 Y36.936 E146.72616
G0 F9000 X31.147 Y36.804
G1 F600 X32.334 Y37.991 E146.78199
G1 F2700 E141.78199
;MESH:slupek4.stl(1)
G0 F9000 X32.786 Y38.078
G0 X33.068 Y38.053
G0 X34.162 Y38.053
G0 X38.352 Y38.053
G0 X41.854 Y39.423
;TYPE:WALL-INNER
G1 F2700 E146.78199
G1 F600 X41.867 Y39.42 E146.78243
G1 X42.28 Y39.183 E146.79827
G1 X42.55 Y38.897 E146.81135
G1 X42.724 Y38.631 E146.82192
G1 X42.837 Y38.347 E146.83209
G1 X42.896 Y38.039 E146.84252
G1 X42.896 Y37.722 E146.85306
G1 X42.823 Y37.342 E146.86593
G1 X42.606 Y36.921 E146.88169
G1 X42.331 Y36.634 E146.89491
G1 X42.015 Y36.409 E146.90781
G1 X41.641 Y36.278 E146.92099
G1 X41.256 Y36.223 E146.93393
G1 X40.787 Y36.29 E146.94968
G1 X40.434 Y36.45 E146.96257
G1 X40.176 Y36.635 E146.97313
G1 X39.906 Y36.92 E146.98619
G1 X39.69 Y37.338 E147.00184
G1 X39.616 Y37.725 E147.01494
G1 X39.616 Y38.039 E147.02539
G1 X39.675 Y38.347 E147.03582
G1 X39.789 Y38.632 E147.04603
G1 X40.002 Y38.966 E147.0592
G1 X40.294 Y39.217 E147.07201
G1 X40.642 Y39.421 E147.08543
G1 X41.094 Y39.529 E147.10088
G1 X41.495 Y39.511 E147.11423
G1 X41.854 Y39.423 E147.12653
G0 F9000 X41.999 Y39.8
;TYPE:WALL-OUTER
G1 F600 X42.017 Y39.796 E147.12714
G1 X42.53 Y39.501 E147.14682
G1 X42.866 Y39.147 E147.16306
G1 X43.081 Y38.815 E147.17621
G1 X43.223 Y38.459 E147.18896
G1 X43.296 Y38.077 E147.2019
G1 X43.296 Y37.684 E147.21497
G1 X43.205 Y37.21 E147.23102
G1 X42.935 Y36.686 E147.25063
G1 X42.593 Y36.329 E147.26707
G1 X42.199 Y36.049 E147.28315
G1 X41.736 Y35.888 E147.29945
G1 X41.256 Y35.819 E147.31558
G1 X40.673 Y35.902 E147.33516
G1 X40.233 Y36.102 E147.35124
G1 X39.912 Y36.332 E147.36437
G1 X39.577 Y36.686 E147.38058
G1 X39.308 Y37.206 E147.40006
G1 X39.216 Y37.687 E147.41635
G1 X39.216 Y38.077 E147.42932
G1 X39.289 Y38.459 E147.44225
G1 X39.431 Y38.816 E147.45503
G1 X39.697 Y39.231 E147.47143
G1 X40.061 Y39.544 E147.48739
G1 X40.492 Y39.796 E147.504
G1 X41.056 Y39.931 E147.52329
G1 X41.551 Y39.909 E147.53977
G1 X41.999 Y39.8 E147.5551
G0 F9000 X41.723 Y39.085
;TYPE:SKIN
G1 F600 X41.447 Y39.153 E147.56456
G1 X41.124 Y39.167 E147.57531
G1 X40.776 Y39.084 E147.58721
G1 X40.506 Y38.925 E147.59763
G1 X40.277 Y38.723 E147.60779
G1 X40.107 Y38.463 E147.61812
G1 X40.021 Y38.248 E147.62582
G1 X39.976 Y37.755 E147.64229
G1 X40.032 Y37.458 E147.65234
G1 X40.205 Y37.126 E147.66479
G1 X40.507 Y36.809 E147.67935
G1 X40.889 Y36.639 E147.69326
G1 X41.256 Y36.587 E147.70559
G1 X41.548 Y36.628 E147.71539
G1 X41.847 Y36.732 E147.72592
G1 X42.092 Y36.905 E147.7359
G1 X42.303 Y37.126 E147.74606
G1 X42.477 Y37.463 E147.75868
G1 X42.536 Y37.753 E147.76852
G1 X42.487 Y38.242 E147.78487
G1 X42.269 Y38.668 E147.80078
G1 X42.051 Y38.897 E147.8113
G1 X41.728 Y39.084 E147.82371
G1 X41.723 Y39.085 E147.82388
G0 F9000 X41.783 Y39.338
G0 X41.11 Y39.367
G0 X40.704 Y39.27
G0 X40.125 Y38.859
G0 X39.958 Y38.543
G0 X39.716 Y37.926
G0 X40.189 Y37.926
G1 F600 X41.225 Y38.962 E147.87261
G0 F9000 X41.698 Y38.87
G1 F600 X40.267 Y37.438 E147.93994
G0 F9000 X40.5 Y37.105
G1 F600 X42.027 Y38.633 E148.01179
G0 F9000 X42.246 Y38.286
G1 F600 X40.84 Y36.88 E148.07793
G0 F9000 X41.324 Y36.799
G1 F600 X42.315 Y37.789 E148.12452
G1 F2700 E143.12452
;MESH:NONMESH
G0 F300 X42.315 Y37.789 Z10
G0 F9000 X42.796 Y37.789
G0 X42.58 Y38.556
G0 X42.179 Y39.055
G0 X41.806 Y39.27
G0 X41.11 Y39.367
G0 X40.704 Y39.27
G0 X40.235 Y38.937
G0 X39.446 Y38.053
G0 X38.352 Y38.053
G0 X33.889 Y39.123
G0 X31.918 Y39.391
;TIME_ELAPSED:541.293570
;LAYER:49
;note -- min layer time used
;TYPE:WALL-INNER
;MESH:slupek4.stl
G1 F2700 E148.12452
G1 F600 X32.28 Y39.183 E148.1384
G1 X32.55 Y38.897 E148.15149
G1 X32.724 Y38.631 E148.16206
G1 X32.837 Y38.347 E148.17222
G1 X32.896 Y38.039 E148.18265
G1 X32.896 Y37.722 E148.1932
G1 X32.823 Y37.342 E148.20607
G1 X32.606 Y36.921 E148.22182
G1 X32.331 Y36.634 E148.23504
G1 X32.015 Y36.409 E148.24794
G1 X31.641 Y36.278 E148.26112
G1 X31.256 Y36.223 E148.27406
G1 X30.787 Y36.29 E148.28982
G1 X30.434 Y36.45 E148.30271
G1 X30.176 Y36.635 E148.31327
G1 X29.906 Y36.92 E148.32632
G1 X29.69 Y37.338 E148.34197
G1 X29.616 Y37.725 E148.35508
G1 X29.616 Y38.039 E148.36552
G1 X29.675 Y38.347 E148.37595
G1 X29.789 Y38.632 E148.38616
G1 X30.002 Y38.966 E148.39934
G1 X30.294 Y39.217 E148.41214
G1 X30.642 Y39.421 E148.42556
G1 X31.094 Y39.529 E148.44102
G1 X31.495 Y39.511 E148.45437
G1 X31.867 Y39.42 E148.4671
G1 X31.918 Y39.391 E148.46906
G0 F9000 X32.079 Y39.76
;TYPE:WALL-OUTER
G1 F600 X32.53 Y39.501 E148.48635
G1 X32.866 Y39.147 E148.50259
G1 X33.081 Y38.815 E148.51574
G1 X33.223 Y38.459 E148.52849
G1 X33.296 Y38.077 E148.54143
G1 X33.296 Y37.684 E148.5545
G1 X33.205 Y37.21 E148.57055
G1 X32.935 Y36.686 E148.59016
G1 X32.593 Y36.329 E148.6066
G1 X32.199 Y36.049 E148.62268
G1 X31.736 Y35.888 E148.63898
G1 X31.256 Y35.819 E148.65511
G1 X30.673 Y35.902 E148.67469
G1 X30.233 Y36.102 E148.69077
G1 X29.912 Y36.332 E148.7039
G1 X29.577 Y36.686 E148.72011
G1 X29.308 Y37.206 E148.73959
G1 X29.216 Y37.687 E148.75588
G1 X29.216 Y38.077 E148.76885
G1 X29.289 Y38.459 E148.78178
G1 X29.431 Y38.816 E148.79456
G1 X29.697 Y39.231 E148.81096
G1 X30.061 Y39.544 E148.82692
G1 X30.492 Y39.796 E148.84353
G1 X31.056 Y39.931 E148.86282
G1 X31.551 Y39.909 E148.8793
G1 X32.017 Y39.796 E148.89525
G1 X32.079 Y39.76 E148.89763
G0 F9000 X31.772 Y39.058
;TYPE:SKIN
G1 F600 X31.728 Y39.084 E148.89933
G1 X31.447 Y39.153 E148.90895
G1 X31.124 Y39.167 E148.91971
G1 X30.776 Y39.084 E148.93161
G1 X30.506 Y38.925 E148.94203
G1 X30.277 Y38.723 E148.95218
G1 X30.107 Y38.463 E148.96252
G1 X30.021 Y38.248 E148.97022
G1 X29.976 Y37.755 E148.98668
G1 X30.032 Y37.458 E148.99674
G1 X30.205 Y37.126 E149.00919
G1 X30.507 Y36.809 E149.02375
G1 X30.889 Y36.639 E149.03766
G1 X31.256 Y36.587 E149.04998
G1 X31.548 Y36.628 E149.05979
G1 X31.847 Y36.732 E149.07032
G1 X32.092 Y36.905 E149.0803
G1 X32.303 Y37.126 E149.09046
G1 X32.477 Y37.463 E149.10307
G1 X32.536 Y37.753 E149.11292
G1 X32.487 Y38.242 E149.12926
G1 X32.269 Y38.668 E149.14518
G1 X32.051 Y38.897 E149.15569
G1 X31.772 Y39.058 E149.16641
G0 F9000 X31.18 Y38.965
G1 F600 X32.318 Y37.827 E149.21994
G0 F9000 X32.205 Y37.374
G1 F600 X30.746 Y38.834 E149.28859
G0 F9000 X30.428 Y38.586
G1 F600 X31.959 Y37.055 E149.3606
G0 F9000 X31.594 Y36.854
G1 F600 X30.218 Y38.23 E149.42532
G0 F9000 X30.191 Y37.691
G1 F600 X31.067 Y36.815 E149.46653
G1 F2700 E144.46653
;MESH:slupek4.stl(1)
G0 F9000 X31.003 Y36.36
G0 X31.603 Y36.436
G0 X32.985 Y37.283
G0 X34.059 Y37.076
G0 X38.352 Y38.053
G0 X41.854 Y39.423
;TYPE:WALL-INNER
G1 F2700 E149.46653
G1 F600 X41.867 Y39.42 E149.46697
G1 X42.28 Y39.183 E149.48281
G1 X42.55 Y38.897 E149.49589
G1 X42.724 Y38.631 E149.50646
G1 X42.837 Y38.347 E149.51663
G1 X42.896 Y38.039 E149.52706
G1 X42.896 Y37.722 E149.5376
G1 X42.823 Y37.342 E149.55047
G1 X42.606 Y36.921 E149.56623
G1 X42.331 Y36.634 E149.57945
G1 X42.015 Y36.409 E149.59235
G1 X41.641 Y36.278 E149.60553
G1 X41.256 Y36.223 E149.61846
G1 X40.787 Y36.29 E149.63422
G1 X40.434 Y36.45 E149.64711
G1 X40.176 Y36.635 E149.65767
G1 X39.906 Y36.92 E149.67073
G1 X39.69 Y37.338 E149.68638
G1 X39.616 Y37.725 E149.69948
G1 X39.616 Y38.039 E149.70993
G1 X39.675 Y38.347 E149.72036
G1 X39.789 Y38.632 E149.73057
G1 X40.002 Y38.966 E149.74374
G1 X40.294 Y39.217 E149.75655
G1 X40.642 Y39.421 E149.76996
G1 X41.094 Y39.529 E149.78542
G1 X41.495 Y39.511 E149.79877
G1 X41.854 Y39.423 E149.81107
G0 F9000 X41.999 Y39.8
;TYPE:WALL-OUTER
G1 F600 X42.017 Y39.796 E149.81168
G1 X42.53 Y39.501 E149.83136
G1 X42.866 Y39.147 E149.8476
G1 X43.081 Y38.815 E149.86075
G1 X43.223 Y38.459 E149.8735
G1 X43.296 Y38.077 E149.88643
G1 X43.296 Y37.684 E149.8995
G1 X43.205 Y37.21 E149.91556
G1 X42.935 Y36.686 E149.93516
G1 X42.593 Y36.329 E149.95161
G1 X42.199 Y36.049 E149.96768
G1 X41.736 Y35.888 E149.98399
G1 X41.256 Y35.819 E150.00012
G1 X40.673 Y35.902 E150.0197
G1 X40.233 Y36.102 E150.03578
G1 X39.912 Y36.332 E150.04891
G1 X39.577 Y36.686 E150.06512
G1 X39.308 Y37.206 E150.0846
G1 X39.216 Y37.687 E150.10088
G1 X39.216 Y38.077 E150.11385
G1 X39.289 Y38.459 E150.12679
G1 X39.431 Y38.816 E150.13957
G1 X39.697 Y39.231 E150.15596
G1 X40.061 Y39.544 E150.17193
G1 X40.492 Y39.796 E150.18854
G1 X41.056 Y39.931 E150.20783
G1 X41.551 Y39.909 E150.22431
G1 X41.999 Y39.8 E150.23964
G0 F9000 X41.723 Y39.085
;TYPE:SKIN
G1 F600 X41.447 Y39.153 E150.24909
G1 X41.124 Y39.167 E150.25985
G1 X40.776 Y39.084 E150.27175
G1 X40.506 Y38.925 E150.28217
G1 X40.277 Y38.723 E150.29232
G1 X40.107 Y38.463 E150.30266
G1 X40.021 Y38.248 E150.31036
G1 X39.976 Y37.755 E150.32682
G1 X40.032 Y37.458 E150.33688
G1 X40.205 Y37.126 E150.34933
G1 X40.507 Y36.809 E150.36389
G1 X40.889 Y36.639 E150.3778
G1 X41.256 Y36.587 E150.39013
G1 X41.548 Y36.628 E150.39993
G1 X41.847 Y36.732 E150.41046
G1 X42.092 Y36.905 E150.42044
G1 X42.303 Y37.126 E150.4306
G1 X42.477 Y37.463 E150.44321
G1 X42.536 Y37.753 E150.45306
G1 X42.487 Y38.242 E150.4694
G1 X42.269 Y38.668 E150.48532
G1 X42.051 Y38.897 E150.49584
G1 X41.728 Y39.084 E150.50825
G1 X41.723 Y39.085 E150.50842
G0 F9000 X41.371 Y38.957
G1 F600 X42.332 Y37.996 E150.55362
G0 F9000 X42.267 Y37.494
G1 F600 X40.863 Y38.899 E150.61968
G0 F9000 X40.523 Y38.673
G1 F600 X42.047 Y37.149 E150.69137
G0 F9000 X41.728 Y36.902
G1 F600 X40.275 Y38.356 E150.75974
G0 F9000 X40.186 Y37.879
G1 F600 X41.273 Y36.791 E150.81089
G1 F2700 E145.81089
;MESH:NONMESH
G0 F300 X41.273 Y36.791 Z10.2
G0 F9000 X41.339 Y36.337
G0 X40.832 Y36.446
G0 X40.52 Y36.622
G0 X39.529 Y37.281
G0 X38.454 Y37.075
G0 X34.162 Y38.053
G0 X31.918 Y39.391
;TIME_ELAPSED:551.784014
;LAYER:50
;note -- min layer time used
;TYPE:WALL-INNER
;MESH:slupek4.stl
G1 F2700 E150.81089
G1 F600 X32.28 Y39.183 E150.82478
G1 X32.55 Y38.897 E150.83786
G1 X32.724 Y38.631 E150.84843
G1 X32.837 Y38.347 E150.8586
G1 X32.896 Y38.039 E150.86903
G1 X32.896 Y37.722 E150.87957
G1 X32.823 Y37.342 E150.89244
G1 X32.606 Y36.921 E150.90819
G1 X32.331 Y36.634 E150.92141
G1 X32.015 Y36.409 E150.93432
G1 X31.641 Y36.278 E150.9475
G1 X31.256 Y36.223 E150.96043
G1 X30.787 Y36.29 E150.97619
G1 X30.434 Y36.45 E150.98908
G1 X30.176 Y36.635 E150.99964
G1 X29.906 Y36.92 E151.0127
G1 X29.69 Y37.338 E151.02834
G1 X29.616 Y37.725 E151.04145
G1 X29.616 Y38.039 E151.05189
G1 X29.675 Y38.347 E151.06232
G1 X29.789 Y38.632 E151.07253
G1 X30.002 Y38.966 E151.08571
G1 X30.294 Y39.217 E151.09852
G1 X30.642 Y39.421 E151.11193
G1 X31.094 Y39.529 E151.12739
G1 X31.495 Y39.511 E151.14074
G1 X31.867 Y39.42 E151.15348
G1 X31.918 Y39.391 E151.15543
G0 F9000 X32.079 Y39.76
;TYPE:WALL-OUTER
G1 F600 X32.53 Y39.501 E151.17273
G1 X32.866 Y39.147 E151.18896
G1 X33.081 Y38.815 E151.20212
G1 X33.223 Y38.459 E151.21486
G1 X33.296 Y38.077 E151.2278
G1 X33.296 Y37.684 E151.24087
G1 X33.205 Y37.21 E151.25692
G1 X32.935 Y36.686 E151.27653
G1 X32.593 Y36.329 E151.29297
G1 X32.199 Y36.049 E151.30905
G1 X31.736 Y35.888 E151.32535
G1 X31.256 Y35.819 E151.34148
G1 X30.673 Y35.902 E151.36107
G1 X30.233 Y36.102 E151.37714
G1 X29.912 Y36.332 E151.39028
G1 X29.577 Y36.686 E151.40649
G1 X29.308 Y37.206 E151.42596
G1 X29.216 Y37.687 E151.44225
G1 X29.216 Y38.077 E151.45522
G1 X29.289 Y38.459 E151.46815
G1 X29.431 Y38.816 E151.48093
G1 X29.697 Y39.231 E151.49733
G1 X30.061 Y39.544 E151.5133
G1 X30.492 Y39.796 E151.5299
G1 X31.056 Y39.931 E151.54919
G1 X31.551 Y39.909 E151.56567
G1 X32.017 Y39.796 E151.58162
G1 X32.079 Y39.76 E151.584
G0 F9000 X31.772 Y39.058
;TYPE:SKIN
G1 F600 X31.728 Y39.084 E151.5857
G1 X31.447 Y39.153 E151.59533
G1 X31.124 Y39.167 E151.60608
G1 X30.776 Y39.084 E151.61798
G1 X30.506 Y38.925 E151.6284
G1 X30.277 Y38.723 E151.63856
G1 X30.107 Y38.463 E151.64889
G1 X30.021 Y38.248 E151.65659
G1 X29.976 Y37.755 E151.67306
G1 X30.032 Y37.458 E151.68311
G1 X30.205 Y37.126 E151.69556
G1 X30.507 Y36.809 E151.71012
G1 X30.889 Y36.639 E151.72403
G1 X31.256 Y36.587 E151.73636
G1 X31.548 Y36.628 E151.74616
G1 X31.847 Y36.732 E151.75669
G1 X32.092 Y36.905 E151.76667
G1 X32.303 Y37.126 E151.77683
G1 X32.477 Y37.463 E151.78945
G1 X32.536 Y37.753 E151.79929
G1 X32.487 Y38.242 E151.81563
G1 X32.269 Y38.668 E151.83155
G1 X32.051 Y38.897 E151.84207
G1 X31.772 Y39.058 E151.85278
G0 F9000 X31.901 Y39.285
G0 X31.11 Y39.367
G0 X30.704 Y39.27
G0 X30.183 Y38.9
G0 X29.751 Y38.213
G0 X30.208 Y38.127
G1 F600 X31.016 Y38.935 E151.89079
G0 F9000 X31.564 Y38.918
G1 F600 X30.214 Y37.568 E151.95429
G0 F9000 X30.411 Y37.199
G1 F600 X31.938 Y38.726 E152.02611
G0 F9000 X32.204 Y38.427
G1 F600 X30.714 Y36.936 E152.09622
G0 F9000 X31.147 Y36.804
G1 F600 X32.334 Y37.991 E152.15205
G1 F2700 E147.15205
;MESH:slupek4.stl(1)
G0 F9000 X32.786 Y38.078
G0 X33.068 Y38.053
G0 X34.162 Y38.053
G0 X38.352 Y38.053
G0 X41.854 Y39.423
;TYPE:WALL-INNER
G1 F2700 E152.15205
G1 F600 X41.867 Y39.42 E152.1525
G1 X42.28 Y39.183 E152.16833
G1 X42.55 Y38.897 E152.18142
G1 X42.724 Y38.631 E152.19199
G1 X42.837 Y38.347 E152.20215
G1 X42.896 Y38.039 E152.21258
G1 X42.896 Y37.722 E152.22313
G1 X42.823 Y37.342 E152.236
G1 X42.606 Y36.921 E152.25175
G1 X42.331 Y36.634 E152.26497
G1 X42.015 Y36.409 E152.27787
G1 X41.641 Y36.278 E152.29105
G1 X41.256 Y36.223 E152.30399
G1 X40.787 Y36.29 E152.31975
G1 X40.434 Y36.45 E152.33264
G1 X40.176 Y36.635 E152.3432
G1 X39.906 Y36.92 E152.35625
G1 X39.69 Y37.338 E152.3719
G1 X39.616 Y37.725 E152.38501
G1 X39.616 Y38.039 E152.39545
G1 X39.675 Y38.347 E152.40588
G1 X39.789 Y38.632 E152.41609
G1 X40.002 Y38.966 E152.42927
G1 X40.294 Y39.217 E152.44207
G1 X40.642 Y39.421 E152.45549
G1 X41.094 Y39.529 E152.47095
G1 X41.495 Y39.511 E152.4843
G1 X41.854 Y39.423 E152.49659
G0 F9000 X41.999 Y39.8
;TYPE:WALL-OUTER
G1 F600 X42.017 Y39.796 E152.49721
G1 X42.53 Y39.501 E152.51689
G1 X42.866 Y39.147 E152.53312
G1 X43.081 Y38.815 E152.54628
G1 X43.223 Y38.459 E152.55902
G1 X43.296 Y38.077 E152.57196
G1 X43.296 Y37.684 E152.58503
G1 X43.205 Y37.21 E152.60108
G1 X42.935 Y36.686 E152.62069
G1 X42.593 Y36.329 E152.63713
G1 X42.199 Y36.049 E152.65321
G1 X41.736 Y35.888 E152.66951
G1 X41.256 Y35.819 E152.68564
G1 X40.673 Y35.902 E152.70523
G1 X40.233 Y36.102 E152.7213
G1 X39.912 Y36.332 E152.73444
G1 X39.577 Y36.686 E152.75065
G1 X39.308 Y37.206 E152.77012
G1 X39.216 Y37.687 E152.78641
G1 X39.216 Y38.077 E152.79938
G1 X39.289 Y38.459 E152.81232
G1 X39.431 Y38.816 E152.82509
G1 X39.697 Y39.231 E152.84149
G1 X40.061 Y39.544 E152.85746
G1 X40.492 Y39.796 E152.87406
G1 X41.056 Y39.931 E152.89335
G1 X41.551 Y39.909 E152.90983
G1 X41.999 Y39.8 E152.92517
G0 F9000 X41.723 Y39.085
;TYPE:SKIN
G1 F600 X41.447 Y39.153 E152.93462
G1 X41.124 Y39.167 E152.94537
G1 X40.776 Y39.084 E152.95727
G1 X40.506 Y38.925 E152.96769
G1 X40.277 Y38.723 E152.97785
G1 X40.107 Y38.463 E152.98818
G1 X40.021 Y38.248 E152.99588
G1 X39.976 Y37.755 E153.01235
G1 X40.032 Y37.458 E153.0224
G1 X40.205 Y37.126 E153.03485
G1 X40.507 Y36.809 E153.04942
G1 X40.889 Y36.639 E153.06332
G1 X41.256 Y36.587 E153.07565
G1 X41.548 Y36.628 E153.08546
G1 X41.847 Y36.732 E153.09599
G1 X42.092 Y36.905 E153.10596
G1 X42.303 Y37.126 E153.11613
G1 X42.477 Y37.463 E153.12874
G1 X42.536 Y37.753 E153.13858
G1 X42.487 Y38.242 E153.15493
G1 X42.269 Y38.668 E153.17085
G1 X42.051 Y38.897 E153.18136
G1 X41.728 Y39.084 E153.19377
G1 X41.723 Y39.085 E153.19394
G0 F9000 X41.783 Y39.338
G0 X41.11 Y39.367
G0 X40.704 Y39.27
G0 X40.125 Y38.859
G0 X39.958 Y38.543
G0 X39.716 Y37.926
G0 X40.189 Y37.926
G1 F600 X41.225 Y38.962 E153.24267
G0 F9000 X41.698 Y38.87
G1 F600 X40.267 Y37.438 E153.31001
G0 F9000 X40.5 Y37.105
G1 F600 X42.027 Y38.633 E153.38186
G0 F9000 X42.246 Y38.286
G1 F600 X40.84 Y36.88 E153.44799
G0 F9000 X41.324 Y36.799
G1 F600 X42.315 Y37.789 E153.49458
G1 F2700 E148.49458
;MESH:NONMESH
G0 F300 X42.315 Y37.789 Z10.4
G0 F9000 X42.796 Y37.789
G0 X42.58 Y38.556
G0 X42.179 Y39.055
G0 X41.806 Y39.27
G0 X41.11 Y39.367
G0 X40.704 Y39.27
G0 X40.235 Y38.937
G0 X39.446 Y38.053
G0 X38.352 Y38.053
G0 X33.889 Y39.123
G0 X31.918 Y39.391
;TIME_ELAPSED:562.539735
;LAYER:51
;note -- min layer time used
;TYPE:WALL-INNER
;MESH:slupek4.stl
G1 F2700 E153.49458
G1 F600 X32.28 Y39.183 E153.50847
G1 X32.55 Y38.897 E153.52155
G1 X32.724 Y38.631 E153.53212
G1 X32.837 Y38.347 E153.54229
G1 X32.896 Y38.039 E153.55272
G1 X32.896 Y37.722 E153.56326
G1 X32.823 Y37.342 E153.57613
G1 X32.606 Y36.921 E153.59188
G1 X32.331 Y36.634 E153.6051
G1 X32.015 Y36.409 E153.61801
G1 X31.641 Y36.278 E153.63119
G1 X31.256 Y36.223 E153.64412
G1 X30.787 Y36.29 E153.65988
G1 X30.434 Y36.45 E153.67277
G1 X30.176 Y36.635 E153.68333
G1 X29.906 Y36.92 E153.69639
G1 X29.69 Y37.338 E153.71204
G1 X29.616 Y37.725 E153.72514
G1 X29.616 Y38.039 E153.73558
G1 X29.675 Y38.347 E153.74601
G1 X29.789 Y38.632 E153.75622
G1 X30.002 Y38.966 E153.7694
G1 X30.294 Y39.217 E153.78221
G1 X30.642 Y39.421 E153.79562
G1 X31.094 Y39.529 E153.81108
G1 X31.495 Y39.511 E153.82443
G1 X31.867 Y39.42 E153.83717
G1 X31.918 Y39.391 E153.83912
G0 F9000 X32.079 Y39.76
;TYPE:WALL-OUTER
G1 F600 X32.53 Y39.501 E153.85642
G1 X32.866 Y39.147 E153.87265
G1 X33.081 Y38.815 E153.88581
G1 X33.223 Y38.459 E153.89855
G1 X33.296 Y38.077 E153.91149
G1 X33.296 Y37.684 E153.92456
G1 X33.205 Y37.21 E153.94061
G1 X32.935 Y36.686 E153.96022
G1 X32.593 Y36.329 E153.97666
G1 X32.199 Y36.049 E153.99274
G1 X31.736 Y35.888 E154.00904
G1 X31.256 Y35.819 E154.02517
G1 X30.673 Y35.902 E154.04476
G1 X30.233 Y36.102 E154.06083
G1 X29.912 Y36.332 E154.07397
G1 X29.577 Y36.686 E154.09018
G1 X29.308 Y37.206 E154.10965
G1 X29.216 Y37.687 E154.12594
G1 X29.216 Y38.077 E154.13891
G1 X29.289 Y38.459 E154.15185
G1 X29.431 Y38.816 E154.16462
G1 X29.697 Y39.231 E154.18102
G1 X30.061 Y39.544 E154.19699
G1 X30.492 Y39.796 E154.21359
G1 X31.056 Y39.931 E154.23288
G1 X31.551 Y39.909 E154.24936
G1 X32.017 Y39.796 E154.26531
G1 X32.079 Y39.76 E154.26769
G0 F9000 X31.772 Y39.058
;TYPE:SKIN
G1 F600 X31.728 Y39.084 E154.26939
G1 X31.447 Y39.153 E154.27902
G1 X31.124 Y39.167 E154.28977
G1 X30.776 Y39.084 E154.30167
G1 X30.506 Y38.925 E154.31209
G1 X30.277 Y38.723 E154.32225
G1 X30.107 Y38.463 E154.33258
G1 X30.021 Y38.248 E154.34028
G1 X29.976 Y37.755 E154.35675
G1 X30.032 Y37.458 E154.3668
G1 X30.205 Y37.126 E154.37925
G1 X30.507 Y36.809 E154.39381
G1 X30.889 Y36.639 E154.40772
G1 X31.256 Y36.587 E154.42005
G1 X31.548 Y36.628 E154.42986
G1 X31.847 Y36.732 E154.44038
G1 X32.092 Y36.905 E154.45036
G1 X32.303 Y37.126 E154.46052
G1 X32.477 Y37.463 E154.47314
G1 X32.536 Y37.753 E154.48298
G1 X32.487 Y38.242 E154.49933
G1 X32.269 Y38.668 E154.51524
G1 X32.051 Y38.897 E154.52576
G1 X31.772 Y39.058 E154.53647
G0 F9000 X31.18 Y38.965
G1 F600 X32.318 Y37.827 E154.59
G0 F9000 X32.205 Y37.374
G1 F600 X30.746 Y38.834 E154.65865
G0 F9000 X30.428 Y38.586
G1 F600 X31.959 Y37.055 E154.73066
G0 F9000 X31.594 Y36.854
G1 F600 X30.218 Y38.23 E154.79539
G0 F9000 X30.191 Y37.691
G1 F600 X31.067 Y36.815 E154.83659
G1 F2700 E149.83659
;MESH:slupek4.stl(1)
G0 F9000 X31.003 Y36.36
G0 X31.603 Y36.436
G0 X32.985 Y37.283
G0 X34.059 Y37.076
G0 X38.352 Y38.053
G0 X41.854 Y39.423
;TYPE:WALL-INNER
G1 F2700 E154.83659
G1 F600 X41.867 Y39.42 E154.83704
G1 X42.28 Y39.183 E154.85287
G1 X42.55 Y38.897 E154.86595
G1 X42.724 Y38.631 E154.87653
G1 X42.837 Y38.347 E154.88669
G1 X42.896 Y38.039 E154.89712
G1 X42.896 Y37.722 E154.90767
G1 X42.823 Y37.342 E154.92054
G1 X42.606 Y36.921 E154.93629
G1 X42.331 Y36.634 E154.94951
G1 X42.015 Y36.409 E154.96241
G1 X41.641 Y36.278 E154.97559
G1 X41.256 Y36.223 E154.98853
G1 X40.787 Y36.29 E155.00428
G1 X40.434 Y36.45 E155.01718
G1 X40.176 Y36.635 E155.02773
G1 X39.906 Y36.92 E155.04079
G1 X39.69 Y37.338 E155.05644
G1 X39.616 Y37.725 E155.06955
G1 X39.616 Y38.039 E155.07999
G1 X39.675 Y38.347 E155.09042
G1 X39.789 Y38.632 E155.10063
G1 X40.002 Y38.966 E155.11381
G1 X40.294 Y39.217 E155.12661
G1 X40.642 Y39.421 E155.14003
G1 X41.094 Y39.529 E155.15549
G1 X41.495 Y39.511 E155.16884
G1 X41.854 Y39.423 E155.18113
G0 F9000 X41.999 Y39.8
;TYPE:WALL-OUTER
G1 F600 X42.017 Y39.796 E155.18174
G1 X42.53 Y39.501 E155.20143
G1 X42.866 Y39.147 E155.21766
G1 X43.081 Y38.815 E155.23081
G1 X43.223 Y38.459 E155.24356
G1 X43.296 Y38.077 E155.2565
G1 X43.296 Y37.684 E155.26957
G1 X43.205 Y37.21 E155.28562
G1 X42.935 Y36.686 E155.30523
G1 X42.593 Y36.329 E155.32167
G1 X42.199 Y36.049 E155.33775
G1 X41.736 Y35.888 E155.35405
G1 X41.256 Y35.819 E155.37018
G1 X40.673 Y35.902 E155.38977
G1 X40.233 Y36.102 E155.40584
G1 X39.912 Y36.332 E155.41898
G1 X39.577 Y36.686 E155.43519
G1 X39.308 Y37.206 E155.45466
G1 X39.216 Y37.687 E155.47095
G1 X39.216 Y38.077 E155.48392
G1 X39.289 Y38.459 E155.49685
G1 X39.431 Y38.816 E155.50963
G1 X39.697 Y39.231 E155.52603
G1 X40.061 Y39.544 E155.54199
G1 X40.492 Y39.796 E155.5586
G1 X41.056 Y39.931 E155.57789
G1 X41.551 Y39.909 E155.59437
G1 X41.999 Y39.8 E155.6097
G0 F9000 X41.723 Y39.085
;TYPE:SKIN
G1 F600 X41.447 Y39.153 E155.61916
G1 X41.124 Y39.167 E155.62991
G1 X40.776 Y39.084 E155.64181
G1 X40.506 Y38.925 E155.65223
G1 X40.277 Y38.723 E155.66239
G1 X40.107 Y38.463 E155.67272
G1 X40.021 Y38.248 E155.68042
G1 X39.976 Y37.755 E155.69689
G1 X40.032 Y37.458 E155.70694
G1 X40.205 Y37.126 E155.71939
G1 X40.507 Y36.809 E155.73395
G1 X40.889 Y36.639 E155.74786
G1 X41.256 Y36.587 E155.76019
G1 X41.548 Y36.628 E155.77
G1 X41.847 Y36.732 E155.78053
G1 X42.092 Y36.905 E155.7905
G1 X42.303 Y37.126 E155.80066
G1 X42.477 Y37.463 E155.81328
G1 X42.536 Y37.753 E155.82312
G1 X42.487 Y38.242 E155.83947
G1 X42.269 Y38.668 E155.85538
G1 X42.051 Y38.897 E155.8659
G1 X41.728 Y39.084 E155.87831
G1 X41.723 Y39.085 E155.87848
G0 F9000 X41.371 Y38.957
G1 F600 X42.332 Y37.996 E155.92369
G0 F9000 X42.267 Y37.494
G1 F600 X40.863 Y38.899 E155.98975
G0 F9000 X40.523 Y38.673
G1 F600 X42.047 Y37.149 E156.06143
G0 F9000 X41.728 Y36.902
G1 F600 X40.275 Y38.356 E156.1298
G0 F9000 X40.186 Y37.879
G1 F600 X41.273 Y36.791 E156.18095
G1 F2700 E151.18095
;MESH:NONMESH
G0 F300 X41.273 Y36.791 Z10.6
G0 F9000 X41.339 Y36.337
G0 X40.832 Y36.446
G0 X40.52 Y36.622
G0 X39.529 Y37.281
G0 X38.454 Y37.075
G0 X34.162 Y38.053
G0 X31.918 Y39.391
;TIME_ELAPSED:573.030179
;LAYER:52
;note -- min layer time used
;TYPE:WALL-INNER
;MESH:slupek4.stl
G1 F2700 E156.18095
G1 F600 X32.28 Y39.183 E156.19484
G1 X32.55 Y38.897 E156.20792
G1 X32.724 Y38.631 E156.21849
G1 X32.837 Y38.347 E156.22866
G1 X32.896 Y38.039 E156.23909
G1 X32.896 Y37.722 E156.24963
G1 X32.823 Y37.342 E156.2625
G1 X32.606 Y36.921 E156.27826
G1 X32.331 Y36.634 E156.29148
G1 X32.015 Y36.409 E156.30438
G1 X31.641 Y36.278 E156.31756
G1 X31.256 Y36.223 E156.33049
G1 X30.787 Y36.29 E156.34625
G1 X30.434 Y36.45 E156.35914
G1 X30.176 Y36.635 E156.3697
G1 X29.906 Y36.92 E156.38276
G1 X29.69 Y37.338 E156.39841
G1 X29.616 Y37.725 E156.41151
G1 X29.616 Y38.039 E156.42196
G1 X29.675 Y38.347 E156.43239
G1 X29.789 Y38.632 E156.4426
G1 X30.002 Y38.966 E156.45577
G1 X30.294 Y39.217 E156.46858
G1 X30.642 Y39.421 E156.482
G1 X31.094 Y39.529 E156.49745
G1 X31.495 Y39.511 E156.5108
G1 X31.867 Y39.42 E156.52354
G1 X31.918 Y39.391 E156.52549
G0 F9000 X32.079 Y39.76
;TYPE:WALL-OUTER
G1 F600 X32.53 Y39.501 E156.54279
G1 X32.866 Y39.147 E156.55902
G1 X33.081 Y38.815 E156.57218
G1 X33.223 Y38.459 E156.58493
G1 X33.296 Y38.077 E156.59786
G1 X33.296 Y37.684 E156.61093
G1 X33.205 Y37.21 E156.62699
G1 X32.935 Y36.686 E156.64659
G1 X32.593 Y36.329 E156.66304
G1 X32.199 Y36.049 E156.67911
G1 X31.736 Y35.888 E156.69542
G1 X31.256 Y35.819 E156.71155
G1 X30.673 Y35.902 E156.73113
G1 X30.233 Y36.102 E156.74721
G1 X29.912 Y36.332 E156.76034
G1 X29.577 Y36.686 E156.77655
G1 X29.308 Y37.206 E156.79602
G1 X29.216 Y37.687 E156.81231
G1 X29.216 Y38.077 E156.82528
G1 X29.289 Y38.459 E156.83822
G1 X29.431 Y38.816 E156.851
G1 X29.697 Y39.231 E156.86739
G1 X30.061 Y39.544 E156.88336
G1 X30.492 Y39.796 E156.89996
G1 X31.056 Y39.931 E156.91925
G1 X31.551 Y39.909 E156.93573
G1 X32.017 Y39.796 E156.95168
G1 X32.079 Y39.76 E156.95407
G0 F9000 X31.772 Y39.058
;TYPE:SKIN
G1 F600 X31.728 Y39.084 E156.95577
G1 X31.447 Y39.153 E156.96539
G1 X31.124 Y39.167 E156.97614
G1 X30.776 Y39.084 E156.98804
G1 X30.506 Y38.925 E156.99846
G1 X30.277 Y38.723 E157.00862
G1 X30.107 Y38.463 E157.01895
G1 X30.021 Y38.248 E157.02665
G1 X29.976 Y37.755 E157.04312
G1 X30.032 Y37.458 E157.05317
G1 X30.205 Y37.126 E157.06562
G1 X30.507 Y36.809 E157.08019
G1 X30.889 Y36.639 E157.09409
G1 X31.256 Y36.587 E157.10642
G1 X31.548 Y36.628 E157.11623
G1 X31.847 Y36.732 E157.12676
G1 X32.092 Y36.905 E157.13673
G1 X32.303 Y37.126 E157.1469
G1 X32.477 Y37.463 E157.15951
G1 X32.536 Y37.753 E157.16935
G1 X32.487 Y38.242 E157.1857
G1 X32.269 Y38.668 E157.20161
G1 X32.051 Y38.897 E157.21213
G1 X31.772 Y39.058 E157.22284
G0 F9000 X31.901 Y39.285
G0 X31.11 Y39.367
G0 X30.704 Y39.27
G0 X30.183 Y38.9
G0 X29.751 Y38.213
G0 X30.208 Y38.127
G1 F600 X31.016 Y38.935 E157.26085
G0 F9000 X31.564 Y38.918
G1 F600 X30.214 Y37.568 E157.32435
G0 F9000 X30.411 Y37.199
G1 F600 X31.938 Y38.726 E157.39618
G0 F9000 X32.204 Y38.427
G1 F600 X30.714 Y36.936 E157.46628
G0 F9000 X31.147 Y36.804
G1 F600 X32.334 Y37.991 E157.52212
G1 F2700 E152.52212
;MESH:slupek4.stl(1)
G0 F9000 X32.786 Y38.078
G0 X33.068 Y38.053
G0 X34.162 Y38.053
G0 X38.352 Y38.053
G0 X41.854 Y39.423
;TYPE:WALL-INNER
G1 F2700 E157.52212
G1 F600 X41.867 Y39.42 E157.52256
G1 X42.28 Y39.183 E157.5384
G1 X42.55 Y38.897 E157.55148
G1 X42.724 Y38.631 E157.56205
G1 X42.837 Y38.347 E157.57222
G1 X42.896 Y38.039 E157.58265
G1 X42.896 Y37.722 E157.59319
G1 X42.823 Y37.342 E157.60606
G1 X42.606 Y36.921 E157.62182
G1 X42.331 Y36.634 E157.63504
G1 X42.015 Y36.409 E157.64794
G1 X41.641 Y36.278 E157.66112
G1 X41.256 Y36.223 E157.67405
G1 X40.787 Y36.29 E157.68981
G1 X40.434 Y36.45 E157.7027
G1 X40.176 Y36.635 E157.71326
G1 X39.906 Y36.92 E157.72632
G1 X39.69 Y37.338 E157.74197
G1 X39.616 Y37.725 E157.75507
G1 X39.616 Y38.039 E157.76552
G1 X39.675 Y38.347 E157.77595
G1 X39.789 Y38.632 E157.78616
G1 X40.002 Y38.966 E157.79933
G1 X40.294 Y39.217 E157.81214
G1 X40.642 Y39.421 E157.82555
G1 X41.094 Y39.529 E157.84101
G1 X41.495 Y39.511 E157.85436
G1 X41.854 Y39.423 E157.86666
G0 F9000 X41.999 Y39.8
;TYPE:WALL-OUTER
G1 F600 X42.017 Y39.796 E157.86727
G1 X42.53 Y39.501 E157.88695
G1 X42.866 Y39.147 E157.90318
G1 X43.081 Y38.815 E157.91634
G1 X43.223 Y38.459 E157.92909
G1 X43.296 Y38.077 E157.94202
G1 X43.296 Y37.684 E157.95509
G1 X43.205 Y37.21 E157.97115
G1 X42.935 Y36.686 E157.99075
G1 X42.593 Y36.329 E158.0072
G1 X42.199 Y36.049 E158.02327
G1 X41.736 Y35.888 E158.03958
G1 X41.256 Y35.819 E158.05571
G1 X40.673 Y35.902 E158.07529
G1 X40.233 Y36.102 E158.09137
G1 X39.912 Y36.332 E158.1045
G1 X39.577 Y36.686 E158.12071
G1 X39.308 Y37.206 E158.14018
G1 X39.216 Y37.687 E158.15647
G1 X39.216 Y38.077 E158.16944
G1 X39.289 Y38.459 E158.18238
G1 X39.431 Y38.816 E158.19516
G1 X39.697 Y39.231 E158.21155
G1 X40.061 Y39.544 E158.22752
G1 X40.492 Y39.796 E158.24413
G1 X41.056 Y39.931 E158.26341
G1 X41.551 Y39.909 E158.27989
G1 X41.999 Y39.8 E158.29523
G0 F9000 X41.723 Y39.085
;TYPE:SKIN
G1 F600 X41.447 Y39.153 E158.30468
G1 X41.124 Y39.167 E158.31544
G1 X40.776 Y39.084 E158.32734
G1 X40.506 Y38.925 E158.33776
G1 X40.277 Y38.723 E158.34791
G1 X40.107 Y38.463 E158.35825
G1 X40.021 Y38.248 E158.36595
G1 X39.976 Y37.755 E158.38241
G1 X40.032 Y37.458 E158.39247
G1 X40.205 Y37.126 E158.40492
G1 X40.507 Y36.809 E158.41948
G1 X40.889 Y36.639 E158.43339
G1 X41.256 Y36.587 E158.44572
G1 X41.548 Y36.628 E158.45552
G1 X41.847 Y36.732 E158.46605
G1 X42.092 Y36.905 E158.47603
G1 X42.303 Y37.126 E158.48619
G1 X42.477 Y37.463 E158.4988
G1 X42.536 Y37.753 E158.50865
G1 X42.487 Y38.242 E158.52499
G1 X42.269 Y38.668 E158.54091
G1 X42.051 Y38.897 E158.55143
G1 X41.728 Y39.084 E158.56384
G1 X41.723 Y39.085 E158.56401
G0 F9000 X41.783 Y39.338
G0 X41.11 Y39.367
G0 X40.704 Y39.27
G0 X40.125 Y38.859
G0 X39.958 Y38.543
G0 X39.716 Y37.926
G0 X40.189 Y37.926
G1 F600 X41.225 Y38.962 E158.61274
G0 F9000 X41.698 Y38.87
G1 F600 X40.267 Y37.438 E158.68007
G0 F9000 X40.5 Y37.105
G1 F600 X42.027 Y38.633 E158.75192
G0 F9000 X42.246 Y38.286
G1 F600 X40.84 Y36.88 E158.81805
G0 F9000 X41.324 Y36.799
G1 F600 X42.315 Y37.789 E158.86464
G1 F2700 E153.86464
;MESH:NONMESH
G0 F300 X42.315 Y37.789 Z10.8
G0 F9000 X42.796 Y37.789
G0 X42.58 Y38.556
G0 X42.179 Y39.055
G0 X41.806 Y39.27
G0 X41.11 Y39.367
G0 X40.704 Y39.27
G0 X40.235 Y38.937
G0 X39.446 Y38.053
G0 X38.352 Y38.053
G0 X33.889 Y39.123
G0 X31.918 Y39.391
;TIME_ELAPSED:583.785900
;LAYER:53
;note -- min layer time used
;TYPE:WALL-INNER
;MESH:slupek4.stl
G1 F2700 E158.86464
G1 F600 X32.28 Y39.183 E158.87853
G1 X32.55 Y38.897 E158.89161
G1 X32.724 Y38.631 E158.90218
G1 X32.837 Y38.347 E158.91235
G1 X32.896 Y38.039 E158.92278
G1 X32.896 Y37.722 E158.93332
G1 X32.823 Y37.342 E158.94619
G1 X32.606 Y36.921 E158.96195
G1 X32.331 Y36.634 E158.97517
G1 X32.015 Y36.409 E158.98807
G1 X31.641 Y36.278 E159.00125
G1 X31.256 Y36.223 E159.01419
G1 X30.787 Y36.29 E159.02994
G1 X30.434 Y36.45 E159.04283
G1 X30.176 Y36.635 E159.05339
G1 X29.906 Y36.92 E159.06645
G1 X29.69 Y37.338 E159.0821
G1 X29.616 Y37.725 E159.0952
G1 X29.616 Y38.039 E159.10565
G1 X29.675 Y38.347 E159.11608
G1 X29.789 Y38.632 E159.12629
G1 X30.002 Y38.966 E159.13946
G1 X30.294 Y39.217 E159.15227
G1 X30.642 Y39.421 E159.16569
G1 X31.094 Y39.529 E159.18114
G1 X31.495 Y39.511 E159.19449
G1 X31.867 Y39.42 E159.20723
G1 X31.918 Y39.391 E159.20918
G0 F9000 X32.079 Y39.76
;TYPE:WALL-OUTER
G1 F600 X32.53 Y39.501 E159.22648
G1 X32.866 Y39.147 E159.24271
G1 X33.081 Y38.815 E159.25587
G1 X33.223 Y38.459 E159.26862
G1 X33.296 Y38.077 E159.28155
G1 X33.296 Y37.684 E159.29462
G1 X33.205 Y37.21 E159.31068
G1 X32.935 Y36.686 E159.33028
G1 X32.593 Y36.329 E159.34673
G1 X32.199 Y36.049 E159.3628
G1 X31.736 Y35.888 E159.37911
G1 X31.256 Y35.819 E159.39524
G1 X30.673 Y35.902 E159.41482
G1 X30.233 Y36.102 E159.4309
G1 X29.912 Y36.332 E159.44403
G1 X29.577 Y36.686 E159.46024
G1 X29.308 Y37.206 E159.47971
G1 X29.216 Y37.687 E159.496
G1 X29.216 Y38.077 E159.50897
G1 X29.289 Y38.459 E159.52191
G1 X29.431 Y38.816 E159.53469
G1 X29.697 Y39.231 E159.55108
G1 X30.061 Y39.544 E159.56705
G1 X30.492 Y39.796 E159.58366
G1 X31.056 Y39.931 E159.60294
G1 X31.551 Y39.909 E159.61942
G1 X32.017 Y39.796 E159.63537
G1 X32.079 Y39.76 E159.63776
G0 F9000 X31.772 Y39.058
;TYPE:SKIN
G1 F600 X31.728 Y39.084 E159.63946
G1 X31.447 Y39.153 E159.64908
G1 X31.124 Y39.167 E159.65983
G1 X30.776 Y39.084 E159.67173
G1 X30.506 Y38.925 E159.68216
G1 X30.277 Y38.723 E159.69231
G1 X30.107 Y38.463 E159.70264
G1 X30.021 Y38.248 E159.71035
G1 X29.976 Y37.755 E159.72681
G1 X30.032 Y37.458 E159.73686
G1 X30.205 Y37.126 E159.74931
G1 X30.507 Y36.809 E159.76388
G1 X30.889 Y36.639 E159.77778
G1 X31.256 Y36.587 E159.79011
G1 X31.548 Y36.628 E159.79992
G1 X31.847 Y36.732 E159.81045
G1 X32.092 Y36.905 E159.82042
G1 X32.303 Y37.126 E159.83059
G1 X32.477 Y37.463 E159.8432
G1 X32.536 Y37.753 E159.85304
G1 X32.487 Y38.242 E159.86939
G1 X32.269 Y38.668 E159.88531
G1 X32.051 Y38.897 E159.89582
G1 X31.772 Y39.058 E159.90654
G0 F9000 X31.18 Y38.965
G1 F600 X32.318 Y37.827 E159.96006
G0 F9000 X32.205 Y37.374
G1 F600 X30.746 Y38.834 E160.02871
G0 F9000 X30.428 Y38.586
G1 F600 X31.959 Y37.055 E160.10073
G0 F9000 X31.594 Y36.854
G1 F600 X30.218 Y38.23 E160.16545
G0 F9000 X30.191 Y37.691
G1 F600 X31.067 Y36.815 E160.20666
G1 F2700 E155.20666
;MESH:slupek4.stl(1)
G0 F9000 X31.003 Y36.36
G0 X31.603 Y36.436
G0 X32.985 Y37.283
G0 X34.059 Y37.076
G0 X38.352 Y38.053
G0 X41.854 Y39.423
;TYPE:WALL-INNER
G1 F2700 E160.20666
G1 F600 X41.867 Y39.42 E160.2071
G1 X42.28 Y39.183 E160.22294
G1 X42.55 Y38.897 E160.23602
G1 X42.724 Y38.631 E160.24659
G1 X42.837 Y38.347 E160.25676
G1 X42.896 Y38.039 E160.26719
G1 X42.896 Y37.722 E160.27773
G1 X42.823 Y37.342 E160.2906
G1 X42.606 Y36.921 E160.30635
G1 X42.331 Y36.634 E160.31957
G1 X42.015 Y36.409 E160.33248
G1 X41.641 Y36.278 E160.34566
G1 X41.256 Y36.223 E160.35859
G1 X40.787 Y36.29 E160.37435
G1 X40.434 Y36.45 E160.38724
G1 X40.176 Y36.635 E160.3978
G1 X39.906 Y36.92 E160.41086
G1 X39.69 Y37.338 E160.42651
G1 X39.616 Y37.725 E160.43961
G1 X39.616 Y38.039 E160.45005
G1 X39.675 Y38.347 E160.46048
G1 X39.789 Y38.632 E160.47069
G1 X40.002 Y38.966 E160.48387
G1 X40.294 Y39.217 E160.49668
G1 X40.642 Y39.421 E160.51009
G1 X41.094 Y39.529 E160.52555
G1 X41.495 Y39.511 E160.5389
G1 X41.854 Y39.423 E160.55119
G0 F9000 X41.999 Y39.8
;TYPE:WALL-OUTER
G1 F600 X42.017 Y39.796 E160.55181
G1 X42.53 Y39.501 E160.57149
G1 X42.866 Y39.147 E160.58772
G1 X43.081 Y38.815 E160.60088
G1 X43.223 Y38.459 E160.61363
G1 X43.296 Y38.077 E160.62656
G1 X43.296 Y37.684 E160.63963
G1 X43.205 Y37.21 E160.65569
G1 X42.935 Y36.686 E160.67529
G1 X42.593 Y36.329 E160.69173
G1 X42.199 Y36.049 E160.70781
G1 X41.736 Y35.888 E160.72412
G1 X41.256 Y35.819 E160.74024
G1 X40.673 Y35.902 E160.75983
G1 X40.233 Y36.102 E160.77591
G1 X39.912 Y36.332 E160.78904
G1 X39.577 Y36.686 E160.80525
G1 X39.308 Y37.206 E160.82472
G1 X39.216 Y37.687 E160.84101
G1 X39.216 Y38.077 E160.85398
G1 X39.289 Y38.459 E160.86692
G1 X39.431 Y38.816 E160.8797
G1 X39.697 Y39.231 E160.89609
G1 X40.061 Y39.544 E160.91206
G1 X40.492 Y39.796 E160.92866
G1 X41.056 Y39.931 E160.94795
G1 X41.551 Y39.909 E160.96443
G1 X41.999 Y39.8 E160.97977
G0 F9000 X41.723 Y39.085
;TYPE:SKIN
G1 F600 X41.447 Y39.153 E160.98922
G1 X41.124 Y39.167 E160.99998
G1 X40.776 Y39.084 E161.01187
G1 X40.506 Y38.925 E161.0223
G1 X40.277 Y38.723 E161.03245
G1 X40.107 Y38.463 E161.04278
G1 X40.021 Y38.248 E161.05049
G1 X39.976 Y37.755 E161.06695
G1 X40.032 Y37.458 E161.077
G1 X40.205 Y37.126 E161.08946
G1 X40.507 Y36.809 E161.10402
G1 X40.889 Y36.639 E161.11792
G1 X41.256 Y36.587 E161.13025
G1 X41.548 Y36.628 E161.14006
G1 X41.847 Y36.732 E161.15059
G1 X42.092 Y36.905 E161.16057
G1 X42.303 Y37.126 E161.17073
G1 X42.477 Y37.463 E161.18334
G1 X42.536 Y37.753 E161.19319
G1 X42.487 Y38.242 E161.20953
G1 X42.269 Y38.668 E161.22545
G1 X42.051 Y38.897 E161.23596
G1 X41.728 Y39.084 E161.24838
G1 X41.723 Y39.085 E161.24855
G0 F9000 X41.371 Y38.957
G1 F600 X42.332 Y37.996 E161.29375
G0 F9000 X42.267 Y37.494
G1 F600 X40.863 Y38.899 E161.35981
G0 F9000 X40.523 Y38.673
G1 F600 X42.047 Y37.149 E161.4315
G0 F9000 X41.728 Y36.902
G1 F600 X40.275 Y38.356 E161.49986
G0 F9000 X40.186 Y37.879
G1 F600 X41.273 Y36.791 E161.55102
G1 F2700 E156.55102
;MESH:NONMESH
G0 F300 X41.273 Y36.791 Z11
G0 F9000 X41.339 Y36.337
G0 X40.832 Y36.446
G0 X40.52 Y36.622
G0 X39.529 Y37.281
G0 X38.454 Y37.075
G0 X34.162 Y38.053
G0 X31.918 Y39.391
;TIME_ELAPSED:594.276344
;LAYER:54
;note -- min layer time used
;TYPE:WALL-INNER
;MESH:slupek4.stl
G1 F2700 E161.55102
G1 F600 X32.28 Y39.183 E161.5649
G1 X32.55 Y38.897 E161.57799
G1 X32.724 Y38.631 E161.58856
G1 X32.837 Y38.347 E161.59872
G1 X32.896 Y38.039 E161.60915
G1 X32.896 Y37.722 E161.6197
G1 X32.823 Y37.342 E161.63257
G1 X32.606 Y36.921 E161.64832
G1 X32.331 Y36.634 E161.66154
G1 X32.015 Y36.409 E161.67444
G1 X31.641 Y36.278 E161.68762
G1 X31.256 Y36.223 E161.70056
G1 X30.787 Y36.29 E161.71632
G1 X30.434 Y36.45 E161.72921
G1 X30.176 Y36.635 E161.73977
G1 X29.906 Y36.92 E161.75282
G1 X29.69 Y37.338 E161.76847
G1 X29.616 Y37.725 E161.78158
G1 X29.616 Y38.039 E161.79202
G1 X29.675 Y38.347 E161.80245
G1 X29.789 Y38.632 E161.81266
G1 X30.002 Y38.966 E161.82584
G1 X30.294 Y39.217 E161.83864
G1 X30.642 Y39.421 E161.85206
G1 X31.094 Y39.529 E161.86752
G1 X31.495 Y39.511 E161.88087
G1 X31.867 Y39.42 E161.8936
G1 X31.918 Y39.391 E161.89556
G0 F9000 X32.079 Y39.76
;TYPE:WALL-OUTER
G1 F600 X32.53 Y39.501 E161.91285
G1 X32.866 Y39.147 E161.92909
G1 X33.081 Y38.815 E161.94224
G1 X33.223 Y38.459 E161.95499
G1 X33.296 Y38.077 E161.96793
G1 X33.296 Y37.684 E161.981
G1 X33.205 Y37.21 E161.99705
G1 X32.935 Y36.686 E162.01666
G1 X32.593 Y36.329 E162.0331
G1 X32.199 Y36.049 E162.04918
G1 X31.736 Y35.888 E162.06548
G1 X31.256 Y35.819 E162.08161
G1 X30.673 Y35.902 E162.1012
G1 X30.233 Y36.102 E162.11727
G1 X29.912 Y36.332 E162.1304
G1 X29.577 Y36.686 E162.14662
G1 X29.308 Y37.206 E162.16609
G1 X29.216 Y37.687 E162.18238
G1 X29.216 Y38.077 E162.19535
G1 X29.289 Y38.459 E162.20828
G1 X29.431 Y38.816 E162.22106
G1 X29.697 Y39.231 E162.23746
G1 X30.061 Y39.544 E162.25342
G1 X30.492 Y39.796 E162.27003
G1 X31.056 Y39.931 E162.28932
G1 X31.551 Y39.909 E162.3058
G1 X32.017 Y39.796 E162.32175
G1 X32.079 Y39.76 E162.32413
G0 F9000 X31.772 Y39.058
;TYPE:SKIN
G1 F600 X31.728 Y39.084 E162.32583
G1 X31.447 Y39.153 E162.33545
G1 X31.124 Y39.167 E162.34621
G1 X30.776 Y39.084 E162.35811
G1 X30.506 Y38.925 E162.36853
G1 X30.277 Y38.723 E162.37868
G1 X30.107 Y38.463 E162.38902
G1 X30.021 Y38.248 E162.39672
G1 X29.976 Y37.755 E162.41318
G1 X30.032 Y37.458 E162.42324
G1 X30.205 Y37.126 E162.43569
G1 X30.507 Y36.809 E162.45025
G1 X30.889 Y36.639 E162.46416
G1 X31.256 Y36.587 E162.47648
G1 X31.548 Y36.628 E162.48629
G1 X31.847 Y36.732 E162.49682
G1 X32.092 Y36.905 E162.5068
G1 X32.303 Y37.126 E162.51696
G1 X32.477 Y37.463 E162.52957
G1 X32.536 Y37.753 E162.53942
G1 X32.487 Y38.242 E162.55576
G1 X32.269 Y38.668 E162.57168
G1 X32.051 Y38.897 E162.58219
G1 X31.772 Y39.058 E162.59291
G0 F9000 X31.901 Y39.285
G0 X31.11 Y39.367
G0 X30.704 Y39.27
G0 X30.183 Y38.9
G0 X29.751 Y38.213
G0 X30.208 Y38.127
G1 F600 X31.016 Y38.935 E162.63091
G0 F9000 X31.564 Y38.918
G1 F600 X30.214 Y37.568 E162.69441
G0 F9000 X30.411 Y37.199
G1 F600 X31.938 Y38.726 E162.76624
G0 F9000 X32.204 Y38.427
G1 F600 X30.714 Y36.936 E162.83635
G0 F9000 X31.147 Y36.804
G1 F600 X32.334 Y37.991 E162.89218
G1 F2700 E157.89218
;MESH:slupek4.stl(1)
G0 F9000 X32.786 Y38.078
G0 X33.068 Y38.053
G0 X34.162 Y38.053
G0 X38.352 Y38.053
G0 X41.854 Y39.423
;TYPE:WALL-INNER
G1 F2700 E162.89218
G1 F600 X41.867 Y39.42 E162.89262
G1 X42.28 Y39.183 E162.90846
G1 X42.55 Y38.897 E162.92154
G1 X42.724 Y38.631 E162.93212
G1 X42.837 Y38.347 E162.94228
G1 X42.896 Y38.039 E162.95271
G1 X42.896 Y37.722 E162.96326
G1 X42.823 Y37.342 E162.97613
G1 X42.606 Y36.921 E162.99188
G1 X42.331 Y36.634 E163.0051
G1 X42.015 Y36.409 E163.018
G1 X41.641 Y36.278 E163.03118
G1 X41.256 Y36.223 E163.04412
G1 X40.787 Y36.29 E163.05987
G1 X40.434 Y36.45 E163.07276
G1 X40.176 Y36.635 E163.08332
G1 X39.906 Y36.92 E163.09638
G1 X39.69 Y37.338 E163.11203
G1 X39.616 Y37.725 E163.12514
G1 X39.616 Y38.039 E163.13558
G1 X39.675 Y38.347 E163.14601
G1 X39.789 Y38.632 E163.15622
G1 X40.002 Y38.966 E163.16939
G1 X40.294 Y39.217 E163.1822
G1 X40.642 Y39.421 E163.19562
G1 X41.094 Y39.529 E163.21108
G1 X41.495 Y39.511 E163.22443
G1 X41.854 Y39.423 E163.23672
G0 F9000 X41.999 Y39.8
;TYPE:WALL-OUTER
G1 F600 X42.017 Y39.796 E163.23733
G1 X42.53 Y39.501 E163.25702
G1 X42.866 Y39.147 E163.27325
G1 X43.081 Y38.815 E163.2864
G1 X43.223 Y38.459 E163.29915
G1 X43.296 Y38.077 E163.31209
G1 X43.296 Y37.684 E163.32516
G1 X43.205 Y37.21 E163.34121
G1 X42.935 Y36.686 E163.36082
G1 X42.593 Y36.329 E163.37726
G1 X42.199 Y36.049 E163.39334
G1 X41.736 Y35.888 E163.40964
G1 X41.256 Y35.819 E163.42577
G1 X40.673 Y35.902 E163.44536
G1 X40.233 Y36.102 E163.46143
G1 X39.912 Y36.332 E163.47457
G1 X39.577 Y36.686 E163.49078
G1 X39.308 Y37.206 E163.51025
G1 X39.216 Y37.687 E163.52654
G1 X39.216 Y38.077 E163.53951
G1 X39.289 Y38.459 E163.55244
G1 X39.431 Y38.816 E163.56522
G1 X39.697 Y39.231 E163.58162
G1 X40.061 Y39.544 E163.59758
G1 X40.492 Y39.796 E163.61419
G1 X41.056 Y39.931 E163.63348
G1 X41.551 Y39.909 E163.64996
G1 X41.999 Y39.8 E163.66529
G0 F9000 X41.723 Y39.085
;TYPE:SKIN
G1 F600 X41.447 Y39.153 E163.67475
G1 X41.124 Y39.167 E163.6855
G1 X40.776 Y39.084 E163.6974
G1 X40.506 Y38.925 E163.70782
G1 X40.277 Y38.723 E163.71798
G1 X40.107 Y38.463 E163.72831
G1 X40.021 Y38.248 E163.73601
G1 X39.976 Y37.755 E163.75248
G1 X40.032 Y37.458 E163.76253
G1 X40.205 Y37.126 E163.77498
G1 X40.507 Y36.809 E163.78954
G1 X40.889 Y36.639 E163.80345
G1 X41.256 Y36.587 E163.81578
G1 X41.548 Y36.628 E163.82559
G1 X41.847 Y36.732 E163.83612
G1 X42.092 Y36.905 E163.84609
G1 X42.303 Y37.126 E163.85625
G1 X42.477 Y37.463 E163.86887
G1 X42.536 Y37.753 E163.87871
G1 X42.487 Y38.242 E163.89506
G1 X42.269 Y38.668 E163.91097
G1 X42.051 Y38.897 E163.92149
G1 X41.728 Y39.084 E163.9339
G1 X41.723 Y39.085 E163.93407
G0 F9000 X41.783 Y39.338
G0 X41.11 Y39.367
G0 X40.704 Y39.27
G0 X40.125 Y38.859
G0 X39.958 Y38.543
G0 X39.716 Y37.926
G0 X40.189 Y37.926
G1 F600 X41.225 Y38.962 E163.9828
G0 F9000 X41.698 Y38.87
G1 F600 X40.267 Y37.438 E164.05014
G0 F9000 X40.5 Y37.105
G1 F600 X42.027 Y38.633 E164.12198
G0 F9000 X42.246 Y38.286
G1 F600 X40.84 Y36.88 E164.18812
G0 F9000 X41.324 Y36.799
G1 F600 X42.315 Y37.789 E164.23471
G1 F2700 E159.23471
;MESH:NONMESH
G0 F300 X42.315 Y37.789 Z11.2
G0 F9000 X42.796 Y37.789
G0 X42.58 Y38.556
G0 X42.179 Y39.055
G0 X41.806 Y39.27
G0 X41.11 Y39.367
G0 X40.704 Y39.27
G0 X40.235 Y38.937
G0 X39.446 Y38.053
G0 X38.352 Y38.053
G0 X33.889 Y39.123
G0 X31.918 Y39.391
;TIME_ELAPSED:605.032065
;LAYER:55
;note -- min layer time used
;TYPE:WALL-INNER
;MESH:slupek4.stl
G1 F2700 E164.23471
G1 F600 X32.28 Y39.183 E164.24859
G1 X32.55 Y38.897 E164.26168
G1 X32.724 Y38.631 E164.27225
G1 X32.837 Y38.347 E164.28241
G1 X32.896 Y38.039 E164.29285
G1 X32.896 Y37.722 E164.30339
G1 X32.823 Y37.342 E164.31626
G1 X32.606 Y36.921 E164.33201
G1 X32.331 Y36.634 E164.34523
G1 X32.015 Y36.409 E164.35813
G1 X31.641 Y36.278 E164.37131
G1 X31.256 Y36.223 E164.38425
G1 X30.787 Y36.29 E164.40001
G1 X30.434 Y36.45 E164.4129
G1 X30.176 Y36.635 E164.42346
G1 X29.906 Y36.92 E164.43651
G1 X29.69 Y37.338 E164.45216
G1 X29.616 Y37.725 E164.46527
G1 X29.616 Y38.039 E164.47571
G1 X29.675 Y38.347 E164.48614
G1 X29.789 Y38.632 E164.49635
G1 X30.002 Y38.966 E164.50953
G1 X30.294 Y39.217 E164.52233
G1 X30.642 Y39.421 E164.53575
G1 X31.094 Y39.529 E164.55121
G1 X31.495 Y39.511 E164.56456
G1 X31.867 Y39.42 E164.5773
G1 X31.918 Y39.391 E164.57925
G0 F9000 X32.079 Y39.76
;TYPE:WALL-OUTER
G1 F600 X32.53 Y39.501 E164.59655
G1 X32.866 Y39.147 E164.61278
G1 X33.081 Y38.815 E164.62593
G1 X33.223 Y38.459 E164.63868
G1 X33.296 Y38.077 E164.65162
G1 X33.296 Y37.684 E164.66469
G1 X33.205 Y37.21 E164.68074
G1 X32.935 Y36.686 E164.70035
G1 X32.593 Y36.329 E164.71679
G1 X32.199 Y36.049 E164.73287
G1 X31.736 Y35.888 E164.74917
G1 X31.256 Y35.819 E164.7653
G1 X30.673 Y35.902 E164.78489
G1 X30.233 Y36.102 E164.80096
G1 X29.912 Y36.332 E164.8141
G1 X29.577 Y36.686 E164.83031
G1 X29.308 Y37.206 E164.84978
G1 X29.216 Y37.687 E164.86607
G1 X29.216 Y38.077 E164.87904
G1 X29.289 Y38.459 E164.89197
G1 X29.431 Y38.816 E164.90475
G1 X29.697 Y39.231 E164.92115
G1 X30.061 Y39.544 E164.93711
G1 X30.492 Y39.796 E164.95372
G1 X31.056 Y39.931 E164.97301
G1 X31.551 Y39.909 E164.98949
G1 X32.017 Y39.796 E165.00544
G1 X32.079 Y39.76 E165.00782
G0 F9000 X31.772 Y39.058
;TYPE:SKIN
G1 F600 X31.728 Y39.084 E165.00952
G1 X31.447 Y39.153 E165.01915
G1 X31.124 Y39.167 E165.0299
G1 X30.776 Y39.084 E165.0418
G1 X30.506 Y38.925 E165.05222
G1 X30.277 Y38.723 E165.06238
G1 X30.107 Y38.463 E165.07271
G1 X30.021 Y38.248 E165.08041
G1 X29.976 Y37.755 E165.09687
G1 X30.032 Y37.458 E165.10693
G1 X30.205 Y37.126 E165.11938
G1 X30.507 Y36.809 E165.13394
G1 X30.889 Y36.639 E165.14785
G1 X31.256 Y36.587 E165.16018
G1 X31.548 Y36.628 E165.16998
G1 X31.847 Y36.732 E165.18051
G1 X32.092 Y36.905 E165.19049
G1 X32.303 Y37.126 E165.20065
G1 X32.477 Y37.463 E165.21327
G1 X32.536 Y37.753 E165.22311
G1 X32.487 Y38.242 E165.23945
G1 X32.269 Y38.668 E165.25537
G1 X32.051 Y38.897 E165.26589
G1 X31.772 Y39.058 E165.2766
G0 F9000 X31.18 Y38.965
G1 F600 X32.318 Y37.827 E165.33013
G0 F9000 X32.205 Y37.374
G1 F600 X30.746 Y38.834 E165.39878
G0 F9000 X30.428 Y38.586
G1 F600 X31.959 Y37.055 E165.47079
G0 F9000 X31.594 Y36.854
G1 F600 X30.218 Y38.23 E165.53551
G0 F9000 X30.191 Y37.691
G1 F600 X31.067 Y36.815 E165.57672
G1 F2700 E160.57672
;MESH:slupek4.stl(1)
G0 F9000 X31.003 Y36.36
G0 X31.603 Y36.436
G0 X32.985 Y37.283
G0 X34.059 Y37.076
G0 X38.352 Y38.053
G0 X41.854 Y39.423
;TYPE:WALL-INNER
G1 F2700 E165.57672
G1 F600 X41.867 Y39.42 E165.57716
G1 X42.28 Y39.183 E165.593
G1 X42.55 Y38.897 E165.60608
G1 X42.724 Y38.631 E165.61665
G1 X42.837 Y38.347 E165.62682
G1 X42.896 Y38.039 E165.63725
G1 X42.896 Y37.722 E165.64779
G1 X42.823 Y37.342 E165.66066
G1 X42.606 Y36.921 E165.67642
G1 X42.331 Y36.634 E165.68964
G1 X42.015 Y36.409 E165.70254
G1 X41.641 Y36.278 E165.71572
G1 X41.256 Y36.223 E165.72865
G1 X40.787 Y36.29 E165.74441
G1 X40.434 Y36.45 E165.7573
G1 X40.176 Y36.635 E165.76786
G1 X39.906 Y36.92 E165.78092
G1 X39.69 Y37.338 E165.79657
G1 X39.616 Y37.725 E165.80967
G1 X39.616 Y38.039 E165.82012
G1 X39.675 Y38.347 E165.83055
G1 X39.789 Y38.632 E165.84076
G1 X40.002 Y38.966 E165.85393
G1 X40.294 Y39.217 E165.86674
G1 X40.642 Y39.421 E165.88016
G1 X41.094 Y39.529 E165.89561
G1 X41.495 Y39.511 E165.90896
G1 X41.854 Y39.423 E165.92126
G0 F9000 X41.999 Y39.8
;TYPE:WALL-OUTER
G1 F600 X42.017 Y39.796 E165.92187
G1 X42.53 Y39.501 E165.94155
G1 X42.866 Y39.147 E165.95779
G1 X43.081 Y38.815 E165.97094
G1 X43.223 Y38.459 E165.98369
G1 X43.296 Y38.077 E165.99663
G1 X43.296 Y37.684 E166.0097
G1 X43.205 Y37.21 E166.02575
G1 X42.935 Y36.686 E166.04536
G1 X42.593 Y36.329 E166.0618
G1 X42.199 Y36.049 E166.07788
G1 X41.736 Y35.888 E166.09418
G1 X41.256 Y35.819 E166.11031
G1 X40.673 Y35.902 E166.12989
G1 X40.233 Y36.102 E166.14597
G1 X39.912 Y36.332 E166.1591
G1 X39.577 Y36.686 E166.17531
G1 X39.308 Y37.206 E166.19479
G1 X39.216 Y37.687 E166.21107
G1 X39.216 Y38.077 E166.22405
G1 X39.289 Y38.459 E166.23698
G1 X39.431 Y38.816 E166.24976
G1 X39.697 Y39.231 E166.26616
G1 X40.061 Y39.544 E166.28212
G1 X40.492 Y39.796 E166.29873
G1 X41.056 Y39.931 E166.31802
G1 X41.551 Y39.909 E166.3345
G1 X41.999 Y39.8 E166.34983
G0 F9000 X41.723 Y39.085
;TYPE:SKIN
G1 F600 X41.447 Y39.153 E166.35929
G1 X41.124 Y39.167 E166.37004
G1 X40.776 Y39.084 E166.38194
G1 X40.506 Y38.925 E166.39236
G1 X40.277 Y38.723 E166.40252
G1 X40.107 Y38.463 E166.41285
G1 X40.021 Y38.248 E166.42055
G1 X39.976 Y37.755 E166.43702
G1 X40.032 Y37.458 E166.44707
G1 X40.205 Y37.126 E166.45952
G1 X40.507 Y36.809 E166.47408
G1 X40.889 Y36.639 E166.48799
G1 X41.256 Y36.587 E166.50032
G1 X41.548 Y36.628 E166.51012
G1 X41.847 Y36.732 E166.52065
G1 X42.092 Y36.905 E166.53063
G1 X42.303 Y37.126 E166.54079
G1 X42.477 Y37.463 E166.55341
G1 X42.536 Y37.753 E166.56325
G1 X42.487 Y38.242 E166.57959
G1 X42.269 Y38.668 E166.59551
G1 X42.051 Y38.897 E166.60603
G1 X41.728 Y39.084 E166.61844
G1 X41.723 Y39.085 E166.61861
G0 F9000 X41.371 Y38.957
G1 F600 X42.332 Y37.996 E166.66381
G0 F9000 X42.267 Y37.494
G1 F600 X40.863 Y38.899 E166.72988
G0 F9000 X40.523 Y38.673
G1 F600 X42.047 Y37.149 E166.80156
G0 F9000 X41.728 Y36.902
G1 F600 X40.275 Y38.356 E166.86993
G0 F9000 X40.186 Y37.879
G1 F600 X41.273 Y36.791 E166.92108
G1 F2700 E161.92108
;MESH:NONMESH
G0 F300 X41.273 Y36.791 Z11.4
G0 F9000 X41.339 Y36.337
G0 X40.832 Y36.446
G0 X40.52 Y36.622
G0 X39.529 Y37.281
G0 X38.454 Y37.075
G0 X34.162 Y38.053
G0 X31.917 Y39.389
;TIME_ELAPSED:615.522390
;LAYER:56
;note -- min layer time used
;TYPE:WALL-INNER
;MESH:slupek4.stl
G1 F2700 E166.92108
G1 F600 X32.281 Y39.182 E166.93501
G1 X32.601 Y38.844 E166.95049
G1 X32.785 Y38.489 E166.96379
G1 X32.875 Y38.194 E166.97405
G1 X32.901 Y37.887 E166.98429
G1 X32.871 Y37.571 E166.99485
G1 X32.787 Y37.271 E167.00521
G1 X32.606 Y36.924 E167.01823
G1 X32.328 Y36.631 E167.03166
G1 X32.081 Y36.454 E167.04177
G1 X31.794 Y36.322 E167.05228
G1 X31.418 Y36.232 E167.06514
G1 X31.021 Y36.249 E167.07835
G1 X30.722 Y36.322 E167.08859
G1 X30.433 Y36.454 E167.09916
G1 X30.112 Y36.681 E167.11223
G1 X29.87 Y36.984 E167.12513
G1 X29.725 Y37.267 E167.13571
G1 X29.616 Y37.642 E167.1487
G1 X29.616 Y38.111 E167.1643
G1 X29.748 Y38.564 E167.17999
G1 X30.004 Y38.961 E167.1957
G1 X30.362 Y39.275 E167.21154
G1 X30.718 Y39.438 E167.22456
G1 X31.091 Y39.529 E167.23733
G1 X31.494 Y39.511 E167.25075
G1 X31.863 Y39.42 E167.26339
G1 X31.917 Y39.389 E167.26546
G0 F9000 X32.078 Y39.759
;TYPE:WALL-OUTER
G1 F600 X32.531 Y39.5 E167.28282
G1 X32.931 Y39.078 E167.30216
G1 X33.157 Y38.64 E167.31855
G1 X33.27 Y38.27 E167.33142
G1 X33.303 Y37.885 E167.34427
G1 X33.266 Y37.497 E167.35723
G1 X33.161 Y37.123 E167.37015
G1 X32.935 Y36.69 E167.3864
G1 X32.592 Y36.328 E167.40298
G1 X32.283 Y36.106 E167.41564
G1 X31.926 Y35.942 E167.4287
G1 X31.456 Y35.83 E167.44477
G1 X30.965 Y35.851 E167.46112
G1 X30.59 Y35.942 E167.47395
G1 X30.233 Y36.106 E167.48702
G1 X29.835 Y36.387 E167.50323
G1 X29.533 Y36.766 E167.51934
G1 X29.351 Y37.119 E167.53255
G1 X29.216 Y37.585 E167.54869
G1 X29.216 Y38.167 E167.56805
G1 X29.38 Y38.732 E167.58762
G1 X29.698 Y39.224 E167.6071
G1 X30.142 Y39.614 E167.62676
G1 X30.586 Y39.818 E167.64301
G1 X31.052 Y39.931 E167.65896
G1 X31.551 Y39.909 E167.67557
G1 X32.013 Y39.796 E167.69139
G1 X32.078 Y39.759 E167.69387
G0 F9000 X31.772 Y39.058
;TYPE:SKIN
G1 F600 X31.728 Y39.084 E167.69557
G1 X31.447 Y39.153 E167.7052
G1 X31.125 Y39.166 E167.71592
G1 X30.839 Y39.094 E167.72573
G1 X30.558 Y38.965 E167.73601
G1 X30.278 Y38.723 E167.74832
G1 X30.077 Y38.408 E167.76075
G1 X29.976 Y38.059 E167.77283
G1 X29.976 Y37.689 E167.78514
G1 X30.059 Y37.403 E167.79504
G1 X30.174 Y37.181 E167.80336
G1 X30.36 Y36.943 E167.8134
G1 X30.612 Y36.767 E167.82363
G1 X30.952 Y36.612 E167.83606
G1 X31.384 Y36.593 E167.85044
G1 X31.674 Y36.662 E167.86035
G1 X32 Y36.813 E167.8723
G1 X32.311 Y37.134 E167.88717
G1 X32.445 Y37.398 E167.89702
G1 X32.55 Y37.768 E167.90981
G1 X32.507 Y38.235 E167.92541
G1 X32.303 Y38.63 E167.94019
G1 X32.05 Y38.897 E167.95243
G1 X31.772 Y39.058 E167.96311
G0 F9000 X31.9 Y39.284
G0 X31.108 Y39.367
G0 X30.451 Y39.138
G0 X30.188 Y38.908
G0 X29.761 Y38.249
G0 X30.203 Y38.122
G1 F600 X31.012 Y38.931 E168.00116
G0 F9000 X31.564 Y38.918
G1 F600 X30.218 Y37.572 E168.06448
G0 F9000 X30.412 Y37.2
G1 F600 X31.938 Y38.726 E168.13625
G0 F9000 X32.19 Y38.413
G1 F600 X30.717 Y36.939 E168.20556
G0 F9000 X31.147 Y36.804
G1 F600 X32.32 Y37.977 E168.26074
G1 F2700 E163.26074
;MESH:slupek4.stl(1)
G0 F9000 X32.788 Y38.017
G0 X33.043 Y38.23
G0 X34.131 Y38.334
G0 X38.542 Y38.946
G0 X41.853 Y39.422
;TYPE:WALL-INNER
G1 F2700 E168.26074
G1 F600 X41.863 Y39.42 E168.26108
G1 X42.281 Y39.182 E168.27707
G1 X42.601 Y38.844 E168.29256
G1 X42.785 Y38.489 E168.30585
G1 X42.875 Y38.194 E168.31611
G1 X42.901 Y37.887 E168.32636
G1 X42.871 Y37.571 E168.33692
G1 X42.787 Y37.271 E168.34728
G1 X42.606 Y36.924 E168.3603
G1 X42.328 Y36.631 E168.37373
G1 X42.081 Y36.454 E168.38384
G1 X41.794 Y36.322 E168.39434
G1 X41.418 Y36.232 E168.4072
G1 X41.021 Y36.249 E168.42042
G1 X40.722 Y36.322 E168.43066
G1 X40.433 Y36.454 E168.44122
G1 X40.112 Y36.681 E168.4543
G1 X39.87 Y36.984 E168.4672
G1 X39.725 Y37.267 E168.47777
G1 X39.616 Y37.642 E168.49076
G1 X39.616 Y38.111 E168.50636
G1 X39.748 Y38.564 E168.52206
G1 X40.004 Y38.961 E168.53777
G1 X40.362 Y39.275 E168.5536
G1 X40.718 Y39.438 E168.56663
G1 X41.091 Y39.529 E168.5794
G1 X41.494 Y39.511 E168.59281
G1 X41.853 Y39.422 E168.60512
G0 F9000 X41.999 Y39.799
;TYPE:WALL-OUTER
G1 F601.5 X42.013 Y39.796 E168.60559
G1 F600 X42.531 Y39.5 E168.62543
G1 X42.931 Y39.078 E168.64477
G1 X43.157 Y38.64 E168.66117
G1 X43.27 Y38.27 E168.67403
G1 X43.303 Y37.885 E168.68689
G1 X43.266 Y37.497 E168.69985
G1 X43.161 Y37.123 E168.71277
G1 X42.935 Y36.69 E168.72902
G1 X42.592 Y36.328 E168.7456
G1 X42.283 Y36.106 E168.75826
G1 X41.926 Y35.942 E168.77132
G1 X41.456 Y35.83 E168.78739
G1 X40.965 Y35.851 E168.80374
G1 X40.59 Y35.942 E168.81657
G1 X40.233 Y36.106 E168.82964
G1 X39.835 Y36.387 E168.84584
G1 X39.533 Y36.766 E168.86196
G1 X39.351 Y37.119 E168.87517
G1 X39.216 Y37.585 E168.89131
G1 X39.216 Y38.167 E168.91067
G1 X39.38 Y38.732 E168.93023
G1 X39.698 Y39.224 E168.94972
G1 X40.142 Y39.614 E168.96937
G1 X40.586 Y39.818 E168.98563
G1 X41.052 Y39.931 E169.00157
G1 X41.551 Y39.909 E169.01819
G1 F601.5 X41.999 Y39.799 E169.03349
G0 F9000 X41.723 Y39.085
;TYPE:SKIN
G1 F600 X41.447 Y39.153 E169.04295
G1 X41.125 Y39.166 E169.05366
G1 X40.839 Y39.094 E169.06347
G1 X40.558 Y38.965 E169.07376
G1 X40.278 Y38.723 E169.08607
G1 X40.077 Y38.408 E169.09849
G1 X39.976 Y38.059 E169.11058
G1 X39.976 Y37.689 E169.12289
G1 X40.059 Y37.403 E169.13279
G1 X40.174 Y37.181 E169.14111
G1 X40.36 Y36.943 E169.15115
G1 X40.612 Y36.767 E169.16138
G1 X40.952 Y36.612 E169.1738
G1 X41.384 Y36.593 E169.18819
G1 X41.674 Y36.662 E169.1981
G1 X42 Y36.813 E169.21005
G1 X42.311 Y37.134 E169.22492
G1 X42.445 Y37.398 E169.23476
G1 X42.55 Y37.768 E169.24755
G1 X42.507 Y38.235 E169.26315
G1 X42.303 Y38.63 E169.27794
G1 X42.05 Y38.897 E169.29017
G1 X41.728 Y39.084 E169.30256
G1 X41.723 Y39.085 E169.30273
G0 F9000 X41.783 Y39.336
G0 X41.108 Y39.367
G0 X40.451 Y39.138
G0 X40.127 Y38.855
G0 X39.716 Y37.914
G0 X40.176 Y37.914
G1 F600 X41.224 Y38.962 E169.35202
G0 F9000 X41.698 Y38.87
G1 F600 X40.259 Y37.431 E169.41971
G0 F9000 X40.492 Y37.098
G1 F600 X42.026 Y38.632 E169.49186
G0 F9000 X42.252 Y38.293
G1 F600 X40.852 Y36.892 E169.55774
G0 F9000 X41.322 Y36.796
G1 F600 X42.318 Y37.793 E169.60461
G1 F2700 E164.60461
;MESH:NONMESH
G0 F300 X42.318 Y37.793 Z11.6
G0 F9000 X42.787 Y37.75
G0 X42.636 Y38.428
G0 X42.469 Y38.75
G0 X42.18 Y39.054
G0 X41.803 Y39.27
G0 X41.108 Y39.367
G0 X40.451 Y39.138
G0 X39.446 Y38.137
G0 X38.352 Y38.137
G0 X33.718 Y39.448
G0 X31.918 Y39.391
;TIME_ELAPSED:626.273905
;LAYER:57
;note -- min layer time used
;TYPE:WALL-INNER
;MESH:slupek4.stl
G1 F2700 E169.60461
G1 F600 X32.282 Y39.182 E169.61857
G1 X32.55 Y38.903 E169.63144
G1 X32.764 Y38.568 E169.64466
G1 X32.896 Y38.121 E169.66016
G1 X32.896 Y37.722 E169.67343
G1 X32.823 Y37.342 E169.6863
G1 X32.605 Y36.919 E169.70213
G1 X32.333 Y36.632 E169.71528
G1 X32.022 Y36.411 E169.72797
G1 X31.64 Y36.278 E169.74143
G1 X31.259 Y36.223 E169.75423
G1 X30.792 Y36.29 E169.76992
G1 X30.432 Y36.455 E169.78309
G1 X30.189 Y36.626 E169.79297
G1 X29.908 Y36.918 E169.80645
G1 X29.724 Y37.27 E169.81966
G1 X29.616 Y37.638 E169.83242
G1 X29.616 Y38.039 E169.84576
G1 X29.675 Y38.347 E169.85619
G1 X29.788 Y38.63 E169.86632
G1 X29.964 Y38.901 E169.87707
G1 X30.234 Y39.182 E169.89003
G1 X30.643 Y39.418 E169.90574
G1 X31.086 Y39.529 E169.92093
G1 X31.495 Y39.511 E169.93454
G1 X31.867 Y39.42 E169.94728
G1 X31.918 Y39.391 E169.94923
G0 F9000 X32.079 Y39.76
;TYPE:WALL-OUTER
G1 F600 X32.531 Y39.5 E169.96658
G1 X32.866 Y39.151 E169.98267
G1 X33.132 Y38.736 E169.99906
G1 X33.296 Y38.179 E170.01837
G1 X33.296 Y37.684 E170.03484
G1 X33.205 Y37.21 E170.05089
G1 X32.935 Y36.685 E170.07052
G1 X32.596 Y36.328 E170.0869
G1 X32.207 Y36.052 E170.10276
G1 X31.736 Y35.888 E170.11935
G1 X31.259 Y35.819 E170.13538
G1 X30.678 Y35.902 E170.1549
G1 X30.232 Y36.107 E170.17123
G1 X29.927 Y36.321 E170.18362
G1 X29.58 Y36.682 E170.20027
G1 X29.351 Y37.12 E170.21671
G1 X29.216 Y37.581 E170.23269
G1 X29.216 Y38.077 E170.24919
G1 X29.289 Y38.459 E170.26212
G1 X29.431 Y38.815 E170.27487
G1 X29.65 Y39.151 E170.28821
G1 X29.985 Y39.5 E170.3043
G1 X30.492 Y39.792 E170.32376
G1 X31.045 Y39.931 E170.34272
G1 X31.551 Y39.909 E170.35957
G1 X32.017 Y39.796 E170.37552
G1 X32.079 Y39.76 E170.3779
G0 F9000 X31.772 Y39.058
;TYPE:SKIN
G1 F600 X31.728 Y39.084 E170.3796
G1 X31.447 Y39.153 E170.38923
G1 X31.121 Y39.167 E170.40008
G1 X30.781 Y39.081 E170.41174
G1 X30.457 Y38.892 E170.42422
G1 X30.25 Y38.678 E170.43412
G1 X30.107 Y38.459 E170.44282
G1 X29.976 Y38.005 E170.45854
G1 X29.977 Y37.684 E170.46921
G1 X30.055 Y37.408 E170.47875
G1 X30.204 Y37.131 E170.48921
G1 X30.507 Y36.813 E170.50382
G1 X30.897 Y36.635 E170.51808
G1 X31.255 Y36.587 E170.5301
G1 X31.549 Y36.628 E170.53997
G1 X31.855 Y36.732 E170.55072
G1 X32.091 Y36.904 E170.56043
G1 X32.307 Y37.13 E170.57083
G1 X32.477 Y37.463 E170.58326
G1 X32.536 Y37.756 E170.59321
G1 X32.536 Y38.07 E170.60365
G1 X32.432 Y38.411 E170.61551
G1 X32.261 Y38.68 E170.62611
G1 X32.058 Y38.893 E170.6359
G1 X31.772 Y39.058 E170.64688
G0 F9000 X31.181 Y38.964
G1 F600 X32.336 Y37.809 E170.7012
G0 F9000 X32.206 Y37.373
G1 F600 X30.749 Y38.831 E170.76976
G0 F9000 X30.434 Y38.58
G1 F600 X31.959 Y37.055 E170.84149
G0 F9000 X31.594 Y36.854
G1 F600 X30.24 Y38.208 E170.90518
G0 F9000 X30.18 Y37.702
G1 F600 X31.069 Y36.813 E170.947
G1 F2700 E165.947
;MESH:slupek4.stl(1)
G0 F9000 X31.005 Y36.36
G0 X31.602 Y36.435
G0 X32.985 Y37.283
G0 X34.059 Y37.076
G0 X38.352 Y38.053
G0 X41.854 Y39.423
;TYPE:WALL-INNER
G1 F2700 E170.947
G1 F600 X41.867 Y39.42 E170.94744
G1 X42.282 Y39.182 E170.96335
G1 X42.55 Y38.903 E170.97622
G1 X42.764 Y38.568 E170.98944
G1 X42.896 Y38.121 E171.00494
G1 X42.896 Y37.722 E171.01821
G1 X42.823 Y37.342 E171.03108
G1 X42.605 Y36.919 E171.04691
G1 X42.333 Y36.632 E171.06006
G1 X42.022 Y36.411 E171.07275
G1 X41.64 Y36.278 E171.08621
G1 X41.259 Y36.223 E171.09901
G1 X40.792 Y36.29 E171.1147
G1 X40.432 Y36.455 E171.12787
G1 X40.189 Y36.626 E171.13775
G1 X39.908 Y36.918 E171.15123
G1 X39.724 Y37.27 E171.16444
G1 X39.616 Y37.638 E171.1772
G1 X39.616 Y38.039 E171.19054
G1 X39.675 Y38.347 E171.20097
G1 X39.788 Y38.63 E171.2111
G1 X39.964 Y38.901 E171.22185
G1 X40.234 Y39.182 E171.23481
G1 X40.643 Y39.418 E171.25052
G1 X41.086 Y39.529 E171.26571
G1 X41.495 Y39.511 E171.27932
G1 X41.854 Y39.423 E171.29162
G0 F9000 X41.999 Y39.8
;TYPE:WALL-OUTER
G1 F600 X42.017 Y39.796 E171.29223
G1 X42.531 Y39.5 E171.31196
G1 X42.866 Y39.151 E171.32805
G1 X43.132 Y38.736 E171.34444
G1 X43.296 Y38.179 E171.36376
G1 X43.296 Y37.684 E171.38022
G1 X43.205 Y37.21 E171.39627
G1 X42.935 Y36.685 E171.41591
G1 X42.596 Y36.328 E171.43228
G1 X42.207 Y36.052 E171.44815
G1 X41.736 Y35.888 E171.46473
G1 X41.259 Y35.819 E171.48076
G1 X40.678 Y35.902 E171.50028
G1 X40.232 Y36.107 E171.51661
G1 X39.927 Y36.321 E171.529
G1 X39.58 Y36.682 E171.54566
G1 X39.351 Y37.12 E171.5621
G1 X39.216 Y37.581 E171.57807
G1 X39.216 Y38.077 E171.59457
G1 X39.289 Y38.459 E171.60751
G1 X39.431 Y38.815 E171.62025
G1 X39.65 Y39.151 E171.63359
G1 X39.985 Y39.5 E171.64968
G1 X40.492 Y39.792 E171.66914
G1 X41.045 Y39.931 E171.68811
G1 X41.551 Y39.909 E171.70495
G1 X41.999 Y39.8 E171.72029
G0 F9000 X41.723 Y39.085
;TYPE:SKIN
G1 F600 X41.447 Y39.153 E171.72974
G1 X41.121 Y39.167 E171.7406
G1 X40.781 Y39.081 E171.75226
G1 X40.457 Y38.892 E171.76474
G1 X40.25 Y38.678 E171.77464
G1 X40.107 Y38.459 E171.78334
G1 X39.976 Y38.005 E171.79905
G1 X39.977 Y37.684 E171.80973
G1 X40.055 Y37.408 E171.81927
G1 X40.204 Y37.131 E171.82973
G1 X40.507 Y36.813 E171.84434
G1 X40.897 Y36.635 E171.8586
G1 X41.255 Y36.587 E171.87061
G1 X41.549 Y36.628 E171.88049
G1 X41.855 Y36.732 E171.89123
G1 X42.091 Y36.904 E171.90095
G1 X42.307 Y37.13 E171.91135
G1 X42.477 Y37.463 E171.92378
G1 X42.536 Y37.756 E171.93372
G1 X42.536 Y38.07 E171.94417
G1 X42.432 Y38.411 E171.95602
G1 X42.261 Y38.68 E171.96662
G1 X42.058 Y38.893 E171.97641
G1 X41.728 Y39.084 E171.98909
G1 X41.723 Y39.085 E171.98926
G0 F9000 X41.371 Y38.956
G1 F600 X42.336 Y37.991 E172.03465
G0 F9000 X42.268 Y37.494
G1 F600 X40.865 Y38.897 E172.10065
G0 F9000 X40.524 Y38.672
G1 F600 X42.047 Y37.149 E172.17228
G0 F9000 X41.729 Y36.901
G1 F600 X40.281 Y38.349 E172.24039
G0 F9000 X40.177 Y37.887
G1 F600 X41.274 Y36.791 E172.29197
G1 F2700 E167.29197
;MESH:NONMESH
G0 F300 X41.274 Y36.791 Z11.8
G0 F9000 X41.34 Y36.336
G0 X40.838 Y36.446
G0 X40.397 Y36.691
G0 X39.446 Y37.617
G0 X38.352 Y37.617
G0 X34.162 Y38.146
G0 X31.918 Y39.391
;TIME_ELAPSED:636.763472
;LAYER:58
;note -- min layer time used
;TYPE:WALL-INNER
;MESH:slupek4.stl
G1 F2700 E172.29197
G1 F600 X32.28 Y39.183 E172.30585
G1 X32.55 Y38.897 E172.31894
G1 X32.724 Y38.631 E172.32951
G1 X32.837 Y38.347 E172.33967
G1 X32.896 Y38.039 E172.3501
G1 X32.896 Y37.722 E172.36065
G1 X32.823 Y37.342 E172.37352
G1 X32.606 Y36.921 E172.38927
G1 X32.331 Y36.634 E172.40249
G1 X32.015 Y36.409 E172.41539
G1 X31.641 Y36.278 E172.42857
G1 X31.256 Y36.223 E172.44151
G1 X30.787 Y36.29 E172.45727
G1 X30.434 Y36.45 E172.47016
G1 X30.176 Y36.635 E172.48072
G1 X29.906 Y36.92 E172.49377
G1 X29.69 Y37.338 E172.50942
G1 X29.616 Y37.725 E172.52253
G1 X29.616 Y38.039 E172.53297
G1 X29.675 Y38.347 E172.5434
G1 X29.789 Y38.632 E172.55361
G1 X30.002 Y38.966 E172.56679
G1 X30.294 Y39.217 E172.57959
G1 X30.642 Y39.421 E172.59301
G1 X31.094 Y39.529 E172.60847
G1 X31.495 Y39.511 E172.62182
G1 X31.867 Y39.42 E172.63456
G1 X31.918 Y39.391 E172.63651
G0 F9000 X32.079 Y39.76
;TYPE:WALL-OUTER
G1 F600 X32.53 Y39.501 E172.65381
G1 X32.866 Y39.147 E172.67004
G1 X33.081 Y38.815 E172.68319
G1 X33.223 Y38.459 E172.69594
G1 X33.296 Y38.077 E172.70888
G1 X33.296 Y37.684 E172.72195
G1 X33.205 Y37.21 E172.738
G1 X32.935 Y36.686 E172.75761
G1 X32.593 Y36.329 E172.77405
G1 X32.199 Y36.049 E172.79013
G1 X31.736 Y35.888 E172.80643
G1 X31.256 Y35.819 E172.82256
G1 X30.673 Y35.902 E172.84215
G1 X30.233 Y36.102 E172.85822
G1 X29.912 Y36.332 E172.87136
G1 X29.577 Y36.686 E172.88757
G1 X29.308 Y37.206 E172.90704
G1 X29.216 Y37.687 E172.92333
G1 X29.216 Y38.077 E172.9363
G1 X29.289 Y38.459 E172.94923
G1 X29.431 Y38.816 E172.96201
G1 X29.697 Y39.231 E172.97841
G1 X30.061 Y39.544 E172.99437
G1 X30.492 Y39.796 E173.01098
G1 X31.056 Y39.931 E173.03027
G1 X31.551 Y39.909 E173.04675
G1 X32.017 Y39.796 E173.0627
G1 X32.079 Y39.76 E173.06508
G0 F9000 X31.772 Y39.058
;TYPE:SKIN
G1 F600 X31.728 Y39.084 E173.06678
G1 X31.447 Y39.153 E173.07641
G1 X31.124 Y39.167 E173.08716
G1 X30.776 Y39.084 E173.09906
G1 X30.506 Y38.925 E173.10948
G1 X30.277 Y38.723 E173.11964
G1 X30.107 Y38.463 E173.12997
G1 X30.021 Y38.248 E173.13767
G1 X29.976 Y37.755 E173.15413
G1 X30.032 Y37.458 E173.16419
G1 X30.205 Y37.126 E173.17664
G1 X30.507 Y36.809 E173.1912
G1 X30.889 Y36.639 E173.20511
G1 X31.256 Y36.587 E173.21744
G1 X31.548 Y36.628 E173.22724
G1 X31.847 Y36.732 E173.23777
G1 X32.092 Y36.905 E173.24775
G1 X32.303 Y37.126 E173.25791
G1 X32.477 Y37.463 E173.27053
G1 X32.536 Y37.753 E173.28037
G1 X32.487 Y38.242 E173.29671
G1 X32.269 Y38.668 E173.31263
G1 X32.051 Y38.897 E173.32315
G1 X31.772 Y39.058 E173.33386
G0 F9000 X31.901 Y39.285
G0 X31.11 Y39.367
G0 X30.704 Y39.27
G0 X30.183 Y38.9
G0 X29.751 Y38.213
G0 X30.208 Y38.127
G1 F600 X31.016 Y38.935 E173.37187
G0 F9000 X31.564 Y38.918
G1 F600 X30.214 Y37.568 E173.43537
G0 F9000 X30.411 Y37.199
G1 F600 X31.938 Y38.726 E173.50719
G0 F9000 X32.204 Y38.427
G1 F600 X30.714 Y36.936 E173.5773
G0 F9000 X31.147 Y36.804
G1 F600 X32.334 Y37.991 E173.63313
G1 F2700 E168.63313
;MESH:slupek4.stl(1)
G0 F9000 X32.786 Y38.078
G0 X33.068 Y38.053
G0 X34.162 Y38.053
G0 X38.352 Y38.053
G0 X41.854 Y39.423
;TYPE:WALL-INNER
G1 F2700 E173.63313
G1 F600 X41.867 Y39.42 E173.63358
G1 X42.28 Y39.183 E173.64941
G1 X42.55 Y38.897 E173.6625
G1 X42.724 Y38.631 E173.67307
G1 X42.837 Y38.347 E173.68323
G1 X42.896 Y38.039 E173.69366
G1 X42.896 Y37.722 E173.70421
G1 X42.823 Y37.342 E173.71708
G1 X42.606 Y36.921 E173.73283
G1 X42.331 Y36.634 E173.74605
G1 X42.015 Y36.409 E173.75895
G1 X41.641 Y36.278 E173.77213
G1 X41.256 Y36.223 E173.78507
G1 X40.787 Y36.29 E173.80083
G1 X40.434 Y36.45 E173.81372
G1 X40.176 Y36.635 E173.82428
G1 X39.906 Y36.92 E173.83733
G1 X39.69 Y37.338 E173.85298
G1 X39.616 Y37.725 E173.86609
G1 X39.616 Y38.039 E173.87653
G1 X39.675 Y38.347 E173.88696
G1 X39.789 Y38.632 E173.89717
G1 X40.002 Y38.966 E173.91035
G1 X40.294 Y39.217 E173.92315
G1 X40.642 Y39.421 E173.93657
G1 X41.094 Y39.529 E173.95203
G1 X41.495 Y39.511 E173.96538
G1 X41.854 Y39.423 E173.97767
G0 F9000 X41.999 Y39.8
;TYPE:WALL-OUTER
G1 F600 X42.017 Y39.796 E173.97828
G1 X42.53 Y39.501 E173.99797
G1 X42.866 Y39.147 E174.0142
G1 X43.081 Y38.815 E174.02736
G1 X43.223 Y38.459 E174.0401
G1 X43.296 Y38.077 E174.05304
G1 X43.296 Y37.684 E174.06611
G1 X43.205 Y37.21 E174.08216
G1 X42.935 Y36.686 E174.10177
G1 X42.593 Y36.329 E174.11821
G1 X42.199 Y36.049 E174.13429
G1 X41.736 Y35.888 E174.15059
G1 X41.256 Y35.819 E174.16672
G1 X40.673 Y35.902 E174.18631
G1 X40.233 Y36.102 E174.20238
G1 X39.912 Y36.332 E174.21552
G1 X39.577 Y36.686 E174.23173
G1 X39.308 Y37.206 E174.2512
G1 X39.216 Y37.687 E174.26749
G1 X39.216 Y38.077 E174.28046
G1 X39.289 Y38.459 E174.29339
G1 X39.431 Y38.816 E174.30617
G1 X39.697 Y39.231 E174.32257
G1 X40.061 Y39.544 E174.33854
G1 X40.492 Y39.796 E174.35514
G1 X41.056 Y39.931 E174.37443
G1 X41.551 Y39.909 E174.39091
G1 X41.999 Y39.8 E174.40625
G0 F9000 X41.723 Y39.085
;TYPE:SKIN
G1 F600 X41.447 Y39.153 E174.4157
G1 X41.124 Y39.167 E174.42645
G1 X40.776 Y39.084 E174.43835
G1 X40.506 Y38.925 E174.44877
G1 X40.277 Y38.723 E174.45893
G1 X40.107 Y38.463 E174.46926
G1 X40.021 Y38.248 E174.47696
G1 X39.976 Y37.755 E174.49343
G1 X40.032 Y37.458 E174.50348
G1 X40.205 Y37.126 E174.51593
G1 X40.507 Y36.809 E174.5305
G1 X40.889 Y36.639 E174.5444
G1 X41.256 Y36.587 E174.55673
G1 X41.548 Y36.628 E174.56654
G1 X41.847 Y36.732 E174.57707
G1 X42.092 Y36.905 E174.58704
G1 X42.303 Y37.126 E174.5972
G1 X42.477 Y37.463 E174.60982
G1 X42.536 Y37.753 E174.61966
G1 X42.487 Y38.242 E174.63601
G1 X42.269 Y38.668 E174.65192
G1 X42.051 Y38.897 E174.66244
G1 X41.728 Y39.084 E174.67485
G1 X41.723 Y39.085 E174.67502
G0 F9000 X41.783 Y39.338
G0 X41.11 Y39.367
G0 X40.704 Y39.27
G0 X40.125 Y38.859
G0 X39.958 Y38.543
G0 X39.716 Y37.926
G0 X40.189 Y37.926
G1 F600 X41.225 Y38.962 E174.72375
G0 F9000 X41.698 Y38.87
G1 F600 X40.267 Y37.438 E174.79109
G0 F9000 X40.5 Y37.105
G1 F600 X42.027 Y38.633 E174.86294
G0 F9000 X42.246 Y38.286
G1 F600 X40.84 Y36.88 E174.92907
G0 F9000 X41.324 Y36.799
G1 F600 X42.315 Y37.789 E174.97566
G1 F2700 E169.97566
;MESH:NONMESH
G0 F300 X42.315 Y37.789 Z12
G0 F9000 X42.796 Y37.789
G0 X42.58 Y38.556
G0 X42.179 Y39.055
G0 X41.806 Y39.27
G0 X41.11 Y39.367
G0 X40.704 Y39.27
G0 X40.235 Y38.937
G0 X39.446 Y38.053
G0 X38.352 Y38.053
G0 X33.889 Y39.123
G0 X31.918 Y39.391
;TIME_ELAPSED:647.519193
;LAYER:59
;note -- min layer time used
;TYPE:WALL-INNER
;MESH:slupek4.stl
G1 F2700 E174.97566
G1 F600 X32.28 Y39.183 E174.98955
G1 X32.55 Y38.897 E175.00263
G1 X32.724 Y38.631 E175.0132
G1 X32.837 Y38.347 E175.02337
G1 X32.896 Y38.039 E175.0338
G1 X32.896 Y37.722 E175.04434
G1 X32.823 Y37.342 E175.05721
G1 X32.606 Y36.921 E175.07296
G1 X32.331 Y36.634 E175.08618
G1 X32.015 Y36.409 E175.09909
G1 X31.641 Y36.278 E175.11227
G1 X31.256 Y36.223 E175.1252
G1 X30.787 Y36.29 E175.14096
G1 X30.434 Y36.45 E175.15385
G1 X30.176 Y36.635 E175.16441
G1 X29.906 Y36.92 E175.17747
G1 X29.69 Y37.338 E175.19311
G1 X29.616 Y37.725 E175.20622
G1 X29.616 Y38.039 E175.21666
G1 X29.675 Y38.347 E175.22709
G1 X29.789 Y38.632 E175.2373
G1 X30.002 Y38.966 E175.25048
G1 X30.294 Y39.217 E175.26329
G1 X30.642 Y39.421 E175.2767
G1 X31.094 Y39.529 E175.29216
G1 X31.495 Y39.511 E175.30551
G1 X31.867 Y39.42 E175.31825
G1 X31.918 Y39.391 E175.3202
G0 F9000 X32.079 Y39.76
;TYPE:WALL-OUTER
G1 F600 X32.53 Y39.501 E175.3375
G1 X32.866 Y39.147 E175.35373
G1 X33.081 Y38.815 E175.36689
G1 X33.223 Y38.459 E175.37963
G1 X33.296 Y38.077 E175.39257
G1 X33.296 Y37.684 E175.40564
G1 X33.205 Y37.21 E175.42169
G1 X32.935 Y36.686 E175.4413
G1 X32.593 Y36.329 E175.45774
G1 X32.199 Y36.049 E175.47382
G1 X31.736 Y35.888 E175.49012
G1 X31.256 Y35.819 E175.50625
G1 X30.673 Y35.902 E175.52584
G1 X30.233 Y36.102 E175.54191
G1 X29.912 Y36.332 E175.55505
G1 X29.577 Y36.686 E175.57126
G1 X29.308 Y37.206 E175.59073
G1 X29.216 Y37.687 E175.60702
G1 X29.216 Y38.077 E175.61999
G1 X29.289 Y38.459 E175.63292
G1 X29.431 Y38.816 E175.6457
G1 X29.697 Y39.231 E175.6621
G1 X30.061 Y39.544 E175.67807
G1 X30.492 Y39.796 E175.69467
G1 X31.056 Y39.931 E175.71396
G1 X31.551 Y39.909 E175.73044
G1 X32.017 Y39.796 E175.74639
G1 X32.079 Y39.76 E175.74877
G0 F9000 X31.772 Y39.058
;TYPE:SKIN
G1 F600 X31.728 Y39.084 E175.75047
G1 X31.447 Y39.153 E175.7601
G1 X31.124 Y39.167 E175.77085
G1 X30.776 Y39.084 E175.78275
G1 X30.506 Y38.925 E175.79317
G1 X30.277 Y38.723 E175.80333
G1 X30.107 Y38.463 E175.81366
G1 X30.021 Y38.248 E175.82136
G1 X29.976 Y37.755 E175.83783
G1 X30.032 Y37.458 E175.84788
G1 X30.205 Y37.126 E175.86033
G1 X30.507 Y36.809 E175.87489
G1 X30.889 Y36.639 E175.8888
G1 X31.256 Y36.587 E175.90113
G1 X31.548 Y36.628 E175.91093
G1 X31.847 Y36.732 E175.92146
G1 X32.092 Y36.905 E175.93144
G1 X32.303 Y37.126 E175.9416
G1 X32.477 Y37.463 E175.95422
G1 X32.536 Y37.753 E175.96406
G1 X32.487 Y38.242 E175.98041
G1 X32.269 Y38.668 E175.99632
G1 X32.051 Y38.897 E176.00684
G1 X31.772 Y39.058 E176.01755
G0 F9000 X31.18 Y38.965
G1 F600 X32.318 Y37.827 E176.07108
G0 F9000 X32.205 Y37.374
G1 F600 X30.746 Y38.834 E176.13973
G0 F9000 X30.428 Y38.586
G1 F600 X31.959 Y37.055 E176.21174
G0 F9000 X31.594 Y36.854
G1 F600 X30.218 Y38.23 E176.27647
G0 F9000 X30.191 Y37.691
G1 F600 X31.067 Y36.815 E176.31767
G1 F2700 E171.31767
;MESH:slupek4.stl(1)
G0 F9000 X31.003 Y36.36
G0 X31.603 Y36.436
G0 X32.985 Y37.283
G0 X34.059 Y37.076
G0 X38.352 Y38.053
G0 X41.854 Y39.423
;TYPE:WALL-INNER
G1 F2700 E176.31767
G1 F600 X41.867 Y39.42 E176.31811
G1 X42.28 Y39.183 E176.33395
G1 X42.55 Y38.897 E176.34703
G1 X42.724 Y38.631 E176.35761
G1 X42.837 Y38.347 E176.36777
G1 X42.896 Y38.039 E176.3782
G1 X42.896 Y37.722 E176.38875
G1 X42.823 Y37.342 E176.40161
G1 X42.606 Y36.921 E176.41737
G1 X42.331 Y36.634 E176.43059
G1 X42.015 Y36.409 E176.44349
G1 X41.641 Y36.278 E176.45667
G1 X41.256 Y36.223 E176.46961
G1 X40.787 Y36.29 E176.48536
G1 X40.434 Y36.45 E176.49825
G1 X40.176 Y36.635 E176.50881
G1 X39.906 Y36.92 E176.52187
G1 X39.69 Y37.338 E176.53752
G1 X39.616 Y37.725 E176.55062
G1 X39.616 Y38.039 E176.56107
G1 X39.675 Y38.347 E176.5715
G1 X39.789 Y38.632 E176.58171
G1 X40.002 Y38.966 E176.59488
G1 X40.294 Y39.217 E176.60769
G1 X40.642 Y39.421 E176.62111
G1 X41.094 Y39.529 E176.63656
G1 X41.495 Y39.511 E176.64992
G1 X41.854 Y39.423 E176.66221
G0 F9000 X41.999 Y39.8
;TYPE:WALL-OUTER
G1 F600 X42.017 Y39.796 E176.66282
G1 X42.53 Y39.501 E176.6825
G1 X42.866 Y39.147 E176.69874
G1 X43.081 Y38.815 E176.71189
G1 X43.223 Y38.459 E176.72464
G1 X43.296 Y38.077 E176.73758
G1 X43.296 Y37.684 E176.75065
G1 X43.205 Y37.21 E176.7667
G1 X42.935 Y36.686 E176.78631
G1 X42.593 Y36.329 E176.80275
G1 X42.199 Y36.049 E176.81883
G1 X41.736 Y35.888 E176.83513
G1 X41.256 Y35.819 E176.85126
G1 X40.673 Y35.902 E176.87085
G1 X40.233 Y36.102 E176.88692
G1 X39.912 Y36.332 E176.90006
G1 X39.577 Y36.686 E176.91627
G1 X39.308 Y37.206 E176.93574
G1 X39.216 Y37.687 E176.95203
G1 X39.216 Y38.077 E176.965
G1 X39.289 Y38.459 E176.97793
G1 X39.431 Y38.816 E176.99071
G1 X39.697 Y39.231 E177.00711
G1 X40.061 Y39.544 E177.02307
G1 X40.492 Y39.796 E177.03968
G1 X41.056 Y39.931 E177.05897
G1 X41.551 Y39.909 E177.07545
G1 X41.999 Y39.8 E177.09078
G0 F9000 X41.723 Y39.085
;TYPE:SKIN
G1 F600 X41.447 Y39.153 E177.10024
G1 X41.124 Y39.167 E177.11099
G1 X40.776 Y39.084 E177.12289
G1 X40.506 Y38.925 E177.13331
G1 X40.277 Y38.723 E177.14347
G1 X40.107 Y38.463 E177.1538
G1 X40.021 Y38.248 E177.1615
G1 X39.976 Y37.755 E177.17797
G1 X40.032 Y37.458 E177.18802
G1 X40.205 Y37.126 E177.20047
G1 X40.507 Y36.809 E177.21503
G1 X40.889 Y36.639 E177.22894
G1 X41.256 Y36.587 E177.24127
G1 X41.548 Y36.628 E177.25108
G1 X41.847 Y36.732 E177.2616
G1 X42.092 Y36.905 E177.27158
G1 X42.303 Y37.126 E177.28174
G1 X42.477 Y37.463 E177.29436
G1 X42.536 Y37.753 E177.3042
G1 X42.487 Y38.242 E177.32055
G1 X42.269 Y38.668 E177.33646
G1 X42.051 Y38.897 E177.34698
G1 X41.728 Y39.084 E177.35939
G1 X41.723 Y39.085 E177.35956
G0 F9000 X41.371 Y38.957
G1 F600 X42.332 Y37.996 E177.40476
G0 F9000 X42.267 Y37.494
G1 F600 X40.863 Y38.899 E177.47083
G0 F9000 X40.523 Y38.673
G1 F600 X42.047 Y37.149 E177.54251
G0 F9000 X41.728 Y36.902
G1 F600 X40.275 Y38.356 E177.61088
G0 F9000 X40.186 Y37.879
G1 F600 X41.273 Y36.791 E177.66203
G1 F2700 E172.66203
;MESH:NONMESH
G0 F300 X41.273 Y36.791 Z12.2
G0 F9000 X41.339 Y36.337
G0 X40.832 Y36.446
G0 X40.52 Y36.622
G0 X39.529 Y37.281
G0 X38.454 Y37.075
G0 X34.162 Y38.053
G0 X31.918 Y39.391
;TIME_ELAPSED:658.009637
;LAYER:60
;note -- min layer time used
;TYPE:WALL-INNER
;MESH:slupek4.stl
G1 F2700 E177.66203
G1 F600 X32.28 Y39.183 E177.67592
G1 X32.55 Y38.897 E177.689
G1 X32.724 Y38.631 E177.69957
G1 X32.837 Y38.347 E177.70974
G1 X32.896 Y38.039 E177.72017
G1 X32.896 Y37.722 E177.73071
G1 X32.823 Y37.342 E177.74358
G1 X32.606 Y36.921 E177.75934
G1 X32.331 Y36.634 E177.77256
G1 X32.015 Y36.409 E177.78546
G1 X31.641 Y36.278 E177.79864
G1 X31.256 Y36.223 E177.81157
G1 X30.787 Y36.29 E177.82733
G1 X30.434 Y36.45 E177.84022
G1 X30.176 Y36.635 E177.85078
G1 X29.906 Y36.92 E177.86384
G1 X29.69 Y37.338 E177.87949
G1 X29.616 Y37.725 E177.89259
G1 X29.616 Y38.039 E177.90304
G1 X29.675 Y38.347 E177.91347
G1 X29.789 Y38.632 E177.92368
G1 X30.002 Y38.966 E177.93685
G1 X30.294 Y39.217 E177.94966
G1 X30.642 Y39.421 E177.96307
G1 X31.094 Y39.529 E177.97853
G1 X31.495 Y39.511 E177.99188
G1 X31.867 Y39.42 E178.00462
G1 X31.918 Y39.391 E178.00657
G0 F9000 X32.079 Y39.76
;TYPE:WALL-OUTER
G1 F600 X32.53 Y39.501 E178.02387
G1 X32.866 Y39.147 E178.0401
G1 X33.081 Y38.815 E178.05326
G1 X33.223 Y38.459 E178.06601
G1 X33.296 Y38.077 E178.07894
G1 X33.296 Y37.684 E178.09201
G1 X33.205 Y37.21 E178.10807
G1 X32.935 Y36.686 E178.12767
G1 X32.593 Y36.329 E178.14411
G1 X32.199 Y36.049 E178.16019
G1 X31.736 Y35.888 E178.1765
G1 X31.256 Y35.819 E178.19262
G1 X30.673 Y35.902 E178.21221
G1 X30.233 Y36.102 E178.22829
G1 X29.912 Y36.332 E178.24142
G1 X29.577 Y36.686 E178.25763
G1 X29.308 Y37.206 E178.2771
G1 X29.216 Y37.687 E178.29339
G1 X29.216 Y38.077 E178.30636
G1 X29.289 Y38.459 E178.3193
G1 X29.431 Y38.816 E178.33208
G1 X29.697 Y39.231 E178.34847
G1 X30.061 Y39.544 E178.36444
G1 X30.492 Y39.796 E178.38104
G1 X31.056 Y39.931 E178.40033
G1 X31.551 Y39.909 E178.41681
G1 X32.017 Y39.796 E178.43276
G1 X32.079 Y39.76 E178.43515
G0 F9000 X31.772 Y39.058
;TYPE:SKIN
G1 F600 X31.728 Y39.084 E178.43685
G1 X31.447 Y39.153 E178.44647
G1 X31.124 Y39.167 E178.45722
G1 X30.776 Y39.084 E178.46912
G1 X30.506 Y38.925 E178.47954
G1 X30.277 Y38.723 E178.4897
G1 X30.107 Y38.463 E178.50003
G1 X30.021 Y38.248 E178.50773
G1 X29.976 Y37.755 E178.5242
G1 X30.032 Y37.458 E178.53425
G1 X30.205 Y37.126 E178.5467
G1 X30.507 Y36.809 E178.56126
G1 X30.889 Y36.639 E178.57517
G1 X31.256 Y36.587 E178.5875
G1 X31.548 Y36.628 E178.59731
G1 X31.847 Y36.732 E178.60784
G1 X32.092 Y36.905 E178.61781
G1 X32.303 Y37.126 E178.62797
G1 X32.477 Y37.463 E178.64059
G1 X32.536 Y37.753 E178.65043
G1 X32.487 Y38.242 E178.66678
G1 X32.269 Y38.668 E178.68269
G1 X32.051 Y38.897 E178.69321
G1 X31.772 Y39.058 E178.70392
G0 F9000 X31.901 Y39.285
G0 X31.11 Y39.367
G0 X30.704 Y39.27
G0 X30.183 Y38.9
G0 X29.751 Y38.213
G0 X30.208 Y38.127
G1 F600 X31.016 Y38.935 E178.74193
G0 F9000 X31.564 Y38.918
G1 F600 X30.214 Y37.568 E178.80543
G0 F9000 X30.411 Y37.199
G1 F600 X31.938 Y38.726 E178.87725
G0 F9000 X32.204 Y38.427
G1 F600 X30.714 Y36.936 E178.94736
G0 F9000 X31.147 Y36.804
G1 F600 X32.334 Y37.991 E179.0032
G1 F2700 E174.0032
;MESH:slupek4.stl(1)
G0 F9000 X32.786 Y38.078
G0 X33.068 Y38.053
G0 X34.162 Y38.053
G0 X38.352 Y38.053
G0 X41.854 Y39.423
;TYPE:WALL-INNER
G1 F2700 E179.0032
G1 F600 X41.867 Y39.42 E179.00364
G1 X42.28 Y39.183 E179.01948
G1 X42.55 Y38.897 E179.03256
G1 X42.724 Y38.631 E179.04313
G1 X42.837 Y38.347 E179.0533
G1 X42.896 Y38.039 E179.06373
G1 X42.896 Y37.722 E179.07427
G1 X42.823 Y37.342 E179.08714
G1 X42.606 Y36.921 E179.10289
G1 X42.331 Y36.634 E179.11611
G1 X42.015 Y36.409 E179.12902
G1 X41.641 Y36.278 E179.1422
G1 X41.256 Y36.223 E179.15513
G1 X40.787 Y36.29 E179.17089
G1 X40.434 Y36.45 E179.18378
G1 X40.176 Y36.635 E179.19434
G1 X39.906 Y36.92 E179.2074
G1 X39.69 Y37.338 E179.22305
G1 X39.616 Y37.725 E179.23615
G1 X39.616 Y38.039 E179.24659
G1 X39.675 Y38.347 E179.25702
G1 X39.789 Y38.632 E179.26723
G1 X40.002 Y38.966 E179.28041
G1 X40.294 Y39.217 E179.29322
G1 X40.642 Y39.421 E179.30663
G1 X41.094 Y39.529 E179.32209
G1 X41.495 Y39.511 E179.33544
G1 X41.854 Y39.423 E179.34773
G0 F9000 X41.999 Y39.8
;TYPE:WALL-OUTER
G1 F600 X42.017 Y39.796 E179.34835
G1 X42.53 Y39.501 E179.36803
G1 X42.866 Y39.147 E179.38426
G1 X43.081 Y38.815 E179.39742
G1 X43.223 Y38.459 E179.41017
G1 X43.296 Y38.077 E179.4231
G1 X43.296 Y37.684 E179.43617
G1 X43.205 Y37.21 E179.45223
G1 X42.935 Y36.686 E179.47183
G1 X42.593 Y36.329 E179.48828
G1 X42.199 Y36.049 E179.50435
G1 X41.736 Y35.888 E179.52066
G1 X41.256 Y35.819 E179.53679
G1 X40.673 Y35.902 E179.55637
G1 X40.233 Y36.102 E179.57245
G1 X39.912 Y36.332 E179.58558
G1 X39.577 Y36.686 E179.60179
G1 X39.308 Y37.206 E179.62126
G1 X39.216 Y37.687 E179.63755
G1 X39.216 Y38.077 E179.65052
G1 X39.289 Y38.459 E179.66346
G1 X39.431 Y38.816 E179.67624
G1 X39.697 Y39.231 E179.69263
G1 X40.061 Y39.544 E179.7086
G1 X40.492 Y39.796 E179.72521
G1 X41.056 Y39.931 E179.74449
G1 X41.551 Y39.909 E179.76097
G1 X41.999 Y39.8 E179.77631
G0 F9000 X41.723 Y39.085
;TYPE:SKIN
G1 F600 X41.447 Y39.153 E179.78576
G1 X41.124 Y39.167 E179.79652
G1 X40.776 Y39.084 E179.80842
G1 X40.506 Y38.925 E179.81884
G1 X40.277 Y38.723 E179.82899
G1 X40.107 Y38.463 E179.83933
G1 X40.021 Y38.248 E179.84703
G1 X39.976 Y37.755 E179.86349
G1 X40.032 Y37.458 E179.87355
G1 X40.205 Y37.126 E179.886
G1 X40.507 Y36.809 E179.90056
G1 X40.889 Y36.639 E179.91447
G1 X41.256 Y36.587 E179.92679
G1 X41.548 Y36.628 E179.9366
G1 X41.847 Y36.732 E179.94713
G1 X42.092 Y36.905 E179.95711
G1 X42.303 Y37.126 E179.96727
G1 X42.477 Y37.463 E179.97988
G1 X42.536 Y37.753 E179.98973
G1 X42.487 Y38.242 E180.00607
G1 X42.269 Y38.668 E180.02199
G1 X42.051 Y38.897 E180.0325
G1 X41.728 Y39.084 E180.04492
G1 X41.723 Y39.085 E180.04509
G0 F9000 X41.783 Y39.338
G0 X41.11 Y39.367
G0 X40.704 Y39.27
G0 X40.125 Y38.859
G0 X39.958 Y38.543
G0 X39.716 Y37.926
G0 X40.189 Y37.926
G1 F600 X41.225 Y38.962 E180.09382
G0 F9000 X41.698 Y38.87
G1 F600 X40.267 Y37.438 E180.16115
G0 F9000 X40.5 Y37.105
G1 F600 X42.027 Y38.633 E180.233
G0 F9000 X42.246 Y38.286
G1 F600 X40.84 Y36.88 E180.29913
G0 F9000 X41.324 Y36.799
G1 F600 X42.315 Y37.789 E180.34572
G1 F2700 E175.34572
;MESH:NONMESH
G0 F300 X42.315 Y37.789 Z12.4
G0 F9000 X42.796 Y37.789
G0 X42.58 Y38.556
G0 X42.179 Y39.055
G0 X41.806 Y39.27
G0 X41.11 Y39.367
G0 X40.704 Y39.27
G0 X40.235 Y38.937
G0 X39.446 Y38.053
G0 X38.352 Y38.053
G0 X33.889 Y39.123
G0 X31.918 Y39.391
;TIME_ELAPSED:668.765358
;LAYER:61
;note -- min layer time used
;TYPE:WALL-INNER
;MESH:slupek4.stl
G1 F2700 E180.34572
G1 F600 X32.28 Y39.183 E180.35961
G1 X32.55 Y38.897 E180.37269
G1 X32.724 Y38.631 E180.38326
G1 X32.837 Y38.347 E180.39343
G1 X32.896 Y38.039 E180.40386
G1 X32.896 Y37.722 E180.4144
G1 X32.823 Y37.342 E180.42727
G1 X32.606 Y36.921 E180.44303
G1 X32.331 Y36.634 E180.45625
G1 X32.015 Y36.409 E180.46915
G1 X31.641 Y36.278 E180.48233
G1 X31.256 Y36.223 E180.49526
G1 X30.787 Y36.29 E180.51102
G1 X30.434 Y36.45 E180.52391
G1 X30.176 Y36.635 E180.53447
G1 X29.906 Y36.92 E180.54753
G1 X29.69 Y37.338 E180.56318
G1 X29.616 Y37.725 E180.57628
G1 X29.616 Y38.039 E180.58673
G1 X29.675 Y38.347 E180.59716
G1 X29.789 Y38.632 E180.60737
G1 X30.002 Y38.966 E180.62054
G1 X30.294 Y39.217 E180.63335
G1 X30.642 Y39.421 E180.64677
G1 X31.094 Y39.529 E180.66222
G1 X31.495 Y39.511 E180.67557
G1 X31.867 Y39.42 E180.68831
G1 X31.918 Y39.391 E180.69026
G0 F9000 X32.079 Y39.76
;TYPE:WALL-OUTER
G1 F600 X32.53 Y39.501 E180.70756
G1 X32.866 Y39.147 E180.72379
G1 X33.081 Y38.815 E180.73695
G1 X33.223 Y38.459 E180.7497
G1 X33.296 Y38.077 E180.76263
G1 X33.296 Y37.684 E180.7757
G1 X33.205 Y37.21 E180.79176
G1 X32.935 Y36.686 E180.81136
G1 X32.593 Y36.329 E180.82781
G1 X32.199 Y36.049 E180.84388
G1 X31.736 Y35.888 E180.86019
G1 X31.256 Y35.819 E180.87632
G1 X30.673 Y35.902 E180.8959
G1 X30.233 Y36.102 E180.91198
G1 X29.912 Y36.332 E180.92511
G1 X29.577 Y36.686 E180.94132
G1 X29.308 Y37.206 E180.96079
G1 X29.216 Y37.687 E180.97708
G1 X29.216 Y38.077 E180.99005
G1 X29.289 Y38.459 E181.00299
G1 X29.431 Y38.816 E181.01577
G1 X29.697 Y39.231 E181.03216
G1 X30.061 Y39.544 E181.04813
G1 X30.492 Y39.796 E181.06474
G1 X31.056 Y39.931 E181.08402
G1 X31.551 Y39.909 E181.1005
G1 X32.017 Y39.796 E181.11645
G1 X32.079 Y39.76 E181.11884
G0 F9000 X31.772 Y39.058
;TYPE:SKIN
G1 F600 X31.728 Y39.084 E181.12054
G1 X31.447 Y39.153 E181.13016
G1 X31.124 Y39.167 E181.14091
G1 X30.776 Y39.084 E181.15281
G1 X30.506 Y38.925 E181.16323
G1 X30.277 Y38.723 E181.17339
G1 X30.107 Y38.463 E181.18372
G1 X30.021 Y38.248 E181.19142
G1 X29.976 Y37.755 E181.20789
G1 X30.032 Y37.458 E181.21794
G1 X30.205 Y37.126 E181.23039
G1 X30.507 Y36.809 E181.24496
G1 X30.889 Y36.639 E181.25886
G1 X31.256 Y36.587 E181.27119
G1 X31.548 Y36.628 E181.281
G1 X31.847 Y36.732 E181.29153
G1 X32.092 Y36.905 E181.3015
G1 X32.303 Y37.126 E181.31167
G1 X32.477 Y37.463 E181.32428
G1 X32.536 Y37.753 E181.33412
G1 X32.487 Y38.242 E181.35047
G1 X32.269 Y38.668 E181.36639
G1 X32.051 Y38.897 E181.3769
G1 X31.772 Y39.058 E181.38761
G0 F9000 X31.18 Y38.965
G1 F600 X32.318 Y37.827 E181.44114
G0 F9000 X32.205 Y37.374
G1 F600 X30.746 Y38.834 E181.50979
G0 F9000 X30.428 Y38.586
G1 F600 X31.959 Y37.055 E181.58181
G0 F9000 X31.594 Y36.854
G1 F600 X30.218 Y38.23 E181.64653
G0 F9000 X30.191 Y37.691
G1 F600 X31.067 Y36.815 E181.68773
G1 F2700 E176.68773
;MESH:slupek4.stl(1)
G0 F9000 X31.003 Y36.36
G0 X31.603 Y36.436
G0 X32.985 Y37.283
G0 X34.059 Y37.076
G0 X38.352 Y38.053
G0 X41.854 Y39.423
;TYPE:WALL-INNER
G1 F2700 E181.68773
G1 F600 X41.867 Y39.42 E181.68818
G1 X42.28 Y39.183 E181.70402
G1 X42.55 Y38.897 E181.7171
G1 X42.724 Y38.631 E181.72767
G1 X42.837 Y38.347 E181.73784
G1 X42.896 Y38.039 E181.74827
G1 X42.896 Y37.722 E181.75881
G1 X42.823 Y37.342 E181.77168
G1 X42.606 Y36.921 E181.78743
G1 X42.331 Y36.634 E181.80065
G1 X42.015 Y36.409 E181.81355
G1 X41.641 Y36.278 E181.82673
G1 X41.256 Y36.223 E181.83967
G1 X40.787 Y36.29 E181.85543
G1 X40.434 Y36.45 E181.86832
G1 X40.176 Y36.635 E181.87888
G1 X39.906 Y36.92 E181.89193
G1 X39.69 Y37.338 E181.90758
G1 X39.616 Y37.725 E181.92069
G1 X39.616 Y38.039 E181.93113
G1 X39.675 Y38.347 E181.94156
G1 X39.789 Y38.632 E181.95177
G1 X40.002 Y38.966 E181.96495
G1 X40.294 Y39.217 E181.97775
G1 X40.642 Y39.421 E181.99117
G1 X41.094 Y39.529 E182.00663
G1 X41.495 Y39.511 E182.01998
G1 X41.854 Y39.423 E182.03227
G0 F9000 X41.999 Y39.8
;TYPE:WALL-OUTER
G1 F600 X42.017 Y39.796 E182.03289
G1 X42.53 Y39.501 E182.05257
G1 X42.866 Y39.147 E182.0688
G1 X43.081 Y38.815 E182.08196
G1 X43.223 Y38.459 E182.09471
G1 X43.296 Y38.077 E182.10764
G1 X43.296 Y37.684 E182.12071
G1 X43.205 Y37.21 E182.13676
G1 X42.935 Y36.686 E182.15637
G1 X42.593 Y36.329 E182.17281
G1 X42.199 Y36.049 E182.18889
G1 X41.736 Y35.888 E182.20519
G1 X41.256 Y35.819 E182.22132
G1 X40.673 Y35.902 E182.24091
G1 X40.233 Y36.102 E182.25698
G1 X39.912 Y36.332 E182.27012
G1 X39.577 Y36.686 E182.28633
G1 X39.308 Y37.206 E182.3058
G1 X39.216 Y37.687 E182.32209
G1 X39.216 Y38.077 E182.33506
G1 X39.289 Y38.459 E182.348
G1 X39.431 Y38.816 E182.36078
G1 X39.697 Y39.231 E182.37717
G1 X40.061 Y39.544 E182.39314
G1 X40.492 Y39.796 E182.40974
G1 X41.056 Y39.931 E182.42903
G1 X41.551 Y39.909 E182.44551
G1 X41.999 Y39.8 E182.46085
G0 F9000 X41.723 Y39.085
;TYPE:SKIN
G1 F600 X41.447 Y39.153 E182.4703
G1 X41.124 Y39.167 E182.48105
G1 X40.776 Y39.084 E182.49295
G1 X40.506 Y38.925 E182.50338
G1 X40.277 Y38.723 E182.51353
G1 X40.107 Y38.463 E182.52386
G1 X40.021 Y38.248 E182.53157
G1 X39.976 Y37.755 E182.54803
G1 X40.032 Y37.458 E182.55808
G1 X40.205 Y37.126 E182.57053
G1 X40.507 Y36.809 E182.5851
G1 X40.889 Y36.639 E182.599
G1 X41.256 Y36.587 E182.61133
G1 X41.548 Y36.628 E182.62114
G1 X41.847 Y36.732 E182.63167
G1 X42.092 Y36.905 E182.64164
G1 X42.303 Y37.126 E182.65181
G1 X42.477 Y37.463 E182.66442
G1 X42.536 Y37.753 E182.67426
G1 X42.487 Y38.242 E182.69061
G1 X42.269 Y38.668 E182.70653
G1 X42.051 Y38.897 E182.71704
G1 X41.728 Y39.084 E182.72946
G1 X41.723 Y39.085 E182.72963
G0 F9000 X41.371 Y38.957
G1 F600 X42.332 Y37.996 E182.77483
G0 F9000 X42.267 Y37.494
G1 F600 X40.863 Y38.899 E182.84089
G0 F9000 X40.523 Y38.673
G1 F600 X42.047 Y37.149 E182.91258
G0 F9000 X41.728 Y36.902
G1 F600 X40.275 Y38.356 E182.98094
G0 F9000 X40.186 Y37.879
G1 F600 X41.273 Y36.791 E183.0321
G1 F2700 E178.0321
;MESH:NONMESH
G0 F300 X41.273 Y36.791 Z12.6
G0 F9000 X41.339 Y36.337
G0 X40.832 Y36.446
G0 X40.52 Y36.622
G0 X39.529 Y37.281
G0 X38.454 Y37.075
G0 X34.162 Y38.053
G0 X31.918 Y39.391
;TIME_ELAPSED:679.255801
;LAYER:62
;note -- min layer time used
;TYPE:WALL-INNER
;MESH:slupek4.stl
G1 F2700 E183.0321
G1 F600 X32.28 Y39.183 E183.04598
G1 X32.55 Y38.897 E183.05906
G1 X32.724 Y38.631 E183.06964
G1 X32.837 Y38.347 E183.0798
G1 X32.896 Y38.039 E183.09023
G1 X32.896 Y37.722 E183.10078
G1 X32.823 Y37.342 E183.11365
G1 X32.606 Y36.921 E183.1294
G1 X32.331 Y36.634 E183.14262
G1 X32.015 Y36.409 E183.15552
G1 X31.641 Y36.278 E183.1687
G1 X31.256 Y36.223 E183.18164
G1 X30.787 Y36.29 E183.19739
G1 X30.434 Y36.45 E183.21029
G1 X30.176 Y36.635 E183.22084
G1 X29.906 Y36.92 E183.2339
G1 X29.69 Y37.338 E183.24955
G1 X29.616 Y37.725 E183.26266
G1 X29.616 Y38.039 E183.2731
G1 X29.675 Y38.347 E183.28353
G1 X29.789 Y38.632 E183.29374
G1 X30.002 Y38.966 E183.30692
G1 X30.294 Y39.217 E183.31972
G1 X30.642 Y39.421 E183.33314
G1 X31.094 Y39.529 E183.3486
G1 X31.495 Y39.511 E183.36195
G1 X31.867 Y39.42 E183.37468
G1 X31.918 Y39.391 E183.37664
G0 F9000 X32.079 Y39.76
;TYPE:WALL-OUTER
G1 F600 X32.53 Y39.501 E183.39393
G1 X32.866 Y39.147 E183.41017
G1 X33.081 Y38.815 E183.42332
G1 X33.223 Y38.459 E183.43607
G1 X33.296 Y38.077 E183.449
G1 X33.296 Y37.684 E183.46208
G1 X33.205 Y37.21 E183.47813
G1 X32.935 Y36.686 E183.49774
G1 X32.593 Y36.329 E183.51418
G1 X32.199 Y36.049 E183.53025
G1 X31.736 Y35.888 E183.54656
G1 X31.256 Y35.819 E183.56269
G1 X30.673 Y35.902 E183.58227
G1 X30.233 Y36.102 E183.59835
G1 X29.912 Y36.332 E183.61148
G1 X29.577 Y36.686 E183.62769
G1 X29.308 Y37.206 E183.64717
G1 X29.216 Y37.687 E183.66345
G1 X29.216 Y38.077 E183.67643
G1 X29.289 Y38.459 E183.68936
G1 X29.431 Y38.816 E183.70214
G1 X29.697 Y39.231 E183.71853
G1 X30.061 Y39.544 E183.7345
G1 X30.492 Y39.796 E183.75111
G1 X31.056 Y39.931 E183.7704
G1 X31.551 Y39.909 E183.78688
G1 X32.017 Y39.796 E183.80282
G1 X32.079 Y39.76 E183.80521
G0 F9000 X31.772 Y39.058
;TYPE:SKIN
G1 F600 X31.728 Y39.084 E183.80691
G1 X31.447 Y39.153 E183.81653
G1 X31.124 Y39.167 E183.82729
G1 X30.776 Y39.084 E183.83919
G1 X30.506 Y38.925 E183.84961
G1 X30.277 Y38.723 E183.85976
G1 X30.107 Y38.463 E183.8701
G1 X30.021 Y38.248 E183.8778
G1 X29.976 Y37.755 E183.89426
G1 X30.032 Y37.458 E183.90431
G1 X30.205 Y37.126 E183.91677
G1 X30.507 Y36.809 E183.93133
G1 X30.889 Y36.639 E183.94524
G1 X31.256 Y36.587 E183.95756
G1 X31.548 Y36.628 E183.96737
G1 X31.847 Y36.732 E183.9779
G1 X32.092 Y36.905 E183.98788
G1 X32.303 Y37.126 E183.99804
G1 X32.477 Y37.463 E184.01065
G1 X32.536 Y37.753 E184.0205
G1 X32.487 Y38.242 E184.03684
G1 X32.269 Y38.668 E184.05276
G1 X32.051 Y38.897 E184.06327
G1 X31.772 Y39.058 E184.07399
G0 F9000 X31.901 Y39.285
G0 X31.11 Y39.367
G0 X30.704 Y39.27
G0 X30.183 Y38.9
G0 X29.751 Y38.213
G0 X30.208 Y38.127
G1 F600 X31.016 Y38.935 E184.11199
G0 F9000 X31.564 Y38.918
G1 F600 X30.214 Y37.568 E184.17549
G0 F9000 X30.411 Y37.199
G1 F600 X31.938 Y38.726 E184.24732
G0 F9000 X32.204 Y38.427
G1 F600 X30.714 Y36.936 E184.31743
G0 F9000 X31.147 Y36.804
G1 F600 X32.334 Y37.991 E184.37326
G1 F2700 E179.37326
;MESH:slupek4.stl(1)
G0 F9000 X32.786 Y38.078
G0 X33.068 Y38.053
G0 X34.162 Y38.053
G0 X38.352 Y38.053
G0 X41.854 Y39.423
;TYPE:WALL-INNER
G1 F2700 E184.37326
G1 F600 X41.867 Y39.42 E184.3737
G1 X42.28 Y39.183 E184.38954
G1 X42.55 Y38.897 E184.40262
G1 X42.724 Y38.631 E184.41319
G1 X42.837 Y38.347 E184.42336
G1 X42.896 Y38.039 E184.43379
G1 X42.896 Y37.722 E184.44433
G1 X42.823 Y37.342 E184.4572
G1 X42.606 Y36.921 E184.47296
G1 X42.331 Y36.634 E184.48618
G1 X42.015 Y36.409 E184.49908
G1 X41.641 Y36.278 E184.51226
G1 X41.256 Y36.223 E184.5252
G1 X40.787 Y36.29 E184.54095
G1 X40.434 Y36.45 E184.55384
G1 X40.176 Y36.635 E184.5644
G1 X39.906 Y36.92 E184.57746
G1 X39.69 Y37.338 E184.59311
G1 X39.616 Y37.725 E184.60621
G1 X39.616 Y38.039 E184.61666
G1 X39.675 Y38.347 E184.62709
G1 X39.789 Y38.632 E184.6373
G1 X40.002 Y38.966 E184.65047
G1 X40.294 Y39.217 E184.66328
G1 X40.642 Y39.421 E184.6767
G1 X41.094 Y39.529 E184.69215
G1 X41.495 Y39.511 E184.7055
G1 X41.854 Y39.423 E184.7178
G0 F9000 X41.999 Y39.8
;TYPE:WALL-OUTER
G1 F600 X42.017 Y39.796 E184.71841
G1 X42.53 Y39.501 E184.73809
G1 X42.866 Y39.147 E184.75433
G1 X43.081 Y38.815 E184.76748
G1 X43.223 Y38.459 E184.78023
G1 X43.296 Y38.077 E184.79317
G1 X43.296 Y37.684 E184.80624
G1 X43.205 Y37.21 E184.82229
G1 X42.935 Y36.686 E184.8419
G1 X42.593 Y36.329 E184.85834
G1 X42.199 Y36.049 E184.87442
G1 X41.736 Y35.888 E184.89072
G1 X41.256 Y35.819 E184.90685
G1 X40.673 Y35.902 E184.92644
G1 X40.233 Y36.102 E184.94251
G1 X39.912 Y36.332 E184.95564
G1 X39.577 Y36.686 E184.97186
G1 X39.308 Y37.206 E184.99133
G1 X39.216 Y37.687 E185.00762
G1 X39.216 Y38.077 E185.02059
G1 X39.289 Y38.459 E185.03352
G1 X39.431 Y38.816 E185.0463
G1 X39.697 Y39.231 E185.0627
G1 X40.061 Y39.544 E185.07866
G1 X40.492 Y39.796 E185.09527
G1 X41.056 Y39.931 E185.11456
G1 X41.551 Y39.909 E185.13104
G1 X41.999 Y39.8 E185.14637
G0 F9000 X41.723 Y39.085
;TYPE:SKIN
G1 F600 X41.447 Y39.153 E185.15583
G1 X41.124 Y39.167 E185.16658
G1 X40.776 Y39.084 E185.17848
G1 X40.506 Y38.925 E185.1889
G1 X40.277 Y38.723 E185.19906
G1 X40.107 Y38.463 E185.20939
G1 X40.021 Y38.248 E185.21709
G1 X39.976 Y37.755 E185.23356
G1 X40.032 Y37.458 E185.24361
G1 X40.205 Y37.126 E185.25606
G1 X40.507 Y36.809 E185.27062
G1 X40.889 Y36.639 E185.28453
G1 X41.256 Y36.587 E185.29686
G1 X41.548 Y36.628 E185.30667
G1 X41.847 Y36.732 E185.31719
G1 X42.092 Y36.905 E185.32717
G1 X42.303 Y37.126 E185.33733
G1 X42.477 Y37.463 E185.34995
G1 X42.536 Y37.753 E185.35979
G1 X42.487 Y38.242 E185.37614
G1 X42.269 Y38.668 E185.39205
G1 X42.051 Y38.897 E185.40257
G1 X41.728 Y39.084 E185.41498
G1 X41.723 Y39.085 E185.41515
G0 F9000 X41.783 Y39.338
G0 X41.11 Y39.367
G0 X40.704 Y39.27
G0 X40.125 Y38.859
G0 X39.958 Y38.543
G0 X39.716 Y37.926
G0 X40.189 Y37.926
G1 F600 X41.225 Y38.962 E185.46388
G0 F9000 X41.698 Y38.87
G1 F600 X40.267 Y37.438 E185.53121
G0 F9000 X40.5 Y37.105
G1 F600 X42.027 Y38.633 E185.60306
G0 F9000 X42.246 Y38.286
G1 F600 X40.84 Y36.88 E185.6692
G0 F9000 X41.324 Y36.799
G1 F600 X42.315 Y37.789 E185.71579
G1 F2700 E180.71579
;MESH:NONMESH
G0 F300 X42.315 Y37.789 Z12.8
G0 F9000 X42.796 Y37.789
G0 X42.58 Y38.556
G0 X42.179 Y39.055
G0 X41.806 Y39.27
G0 X41.11 Y39.367
G0 X40.704 Y39.27
G0 X40.235 Y38.937
G0 X39.446 Y38.053
G0 X38.352 Y38.053
G0 X33.889 Y39.123
G0 X31.918 Y39.391
;TIME_ELAPSED:690.011523
;LAYER:63
;note -- min layer time used
;TYPE:WALL-INNER
;MESH:slupek4.stl
G1 F2700 E185.71579
G1 F600 X32.28 Y39.183 E185.72967
G1 X32.55 Y38.897 E185.74276
G1 X32.724 Y38.631 E185.75333
G1 X32.837 Y38.347 E185.76349
G1 X32.896 Y38.039 E185.77392
G1 X32.896 Y37.722 E185.78447
G1 X32.823 Y37.342 E185.79734
G1 X32.606 Y36.921 E185.81309
G1 X32.331 Y36.634 E185.82631
G1 X32.015 Y36.409 E185.83921
G1 X31.641 Y36.278 E185.85239
G1 X31.256 Y36.223 E185.86533
G1 X30.787 Y36.29 E185.88109
G1 X30.434 Y36.45 E185.89398
G1 X30.176 Y36.635 E185.90454
G1 X29.906 Y36.92 E185.91759
G1 X29.69 Y37.338 E185.93324
G1 X29.616 Y37.725 E185.94635
G1 X29.616 Y38.039 E185.95679
G1 X29.675 Y38.347 E185.96722
G1 X29.789 Y38.632 E185.97743
G1 X30.002 Y38.966 E185.99061
G1 X30.294 Y39.217 E186.00341
G1 X30.642 Y39.421 E186.01683
G1 X31.094 Y39.529 E186.03229
G1 X31.495 Y39.511 E186.04564
G1 X31.867 Y39.42 E186.05838
G1 X31.918 Y39.391 E186.06033
G0 F9000 X32.079 Y39.76
;TYPE:WALL-OUTER
G1 F600 X32.53 Y39.501 E186.07762
G1 X32.866 Y39.147 E186.09386
G1 X33.081 Y38.815 E186.10701
G1 X33.223 Y38.459 E186.11976
G1 X33.296 Y38.077 E186.1327
G1 X33.296 Y37.684 E186.14577
G1 X33.205 Y37.21 E186.16182
G1 X32.935 Y36.686 E186.18143
G1 X32.593 Y36.329 E186.19787
G1 X32.199 Y36.049 E186.21395
G1 X31.736 Y35.888 E186.23025
G1 X31.256 Y35.819 E186.24638
G1 X30.673 Y35.902 E186.26597
G1 X30.233 Y36.102 E186.28204
G1 X29.912 Y36.332 E186.29517
G1 X29.577 Y36.686 E186.31139
G1 X29.308 Y37.206 E186.33086
G1 X29.216 Y37.687 E186.34715
G1 X29.216 Y38.077 E186.36012
G1 X29.289 Y38.459 E186.37305
G1 X29.431 Y38.816 E186.38583
G1 X29.697 Y39.231 E186.40223
G1 X30.061 Y39.544 E186.41819
G1 X30.492 Y39.796 E186.4348
G1 X31.056 Y39.931 E186.45409
G1 X31.551 Y39.909 E186.47057
G1 X32.017 Y39.796 E186.48652
G1 X32.079 Y39.76 E186.4889
G0 F9000 X31.772 Y39.058
;TYPE:SKIN
G1 F600 X31.728 Y39.084 E186.4906
G1 X31.447 Y39.153 E186.50022
G1 X31.124 Y39.167 E186.51098
G1 X30.776 Y39.084 E186.52288
G1 X30.506 Y38.925 E186.5333
G1 X30.277 Y38.723 E186.54345
G1 X30.107 Y38.463 E186.55379
G1 X30.021 Y38.248 E186.56149
G1 X29.976 Y37.755 E186.57795
G1 X30.032 Y37.458 E186.58801
G1 X30.205 Y37.126 E186.60046
G1 X30.507 Y36.809 E186.61502
G1 X30.889 Y36.639 E186.62893
G1 X31.256 Y36.587 E186.64125
G1 X31.548 Y36.628 E186.65106
G1 X31.847 Y36.732 E186.66159
G1 X32.092 Y36.905 E186.67157
G1 X32.303 Y37.126 E186.68173
G1 X32.477 Y37.463 E186.69434
G1 X32.536 Y37.753 E186.70419
G1 X32.487 Y38.242 E186.72053
G1 X32.269 Y38.668 E186.73645
G1 X32.051 Y38.897 E186.74697
G1 X31.772 Y39.058 E186.75768
G0 F9000 X31.18 Y38.965
G1 F600 X32.318 Y37.827 E186.81121
G0 F9000 X32.205 Y37.374
G1 F600 X30.746 Y38.834 E186.87986
G0 F9000 X30.428 Y38.586
G1 F600 X31.959 Y37.055 E186.95187
G0 F9000 X31.594 Y36.854
G1 F600 X30.218 Y38.23 E187.01659
G0 F9000 X30.191 Y37.691
G1 F600 X31.067 Y36.815 E187.0578
G1 F2700 E182.0578
;MESH:slupek4.stl(1)
G0 F9000 X31.003 Y36.36
G0 X31.603 Y36.436
G0 X32.985 Y37.283
G0 X34.059 Y37.076
G0 X38.352 Y38.053
G0 X41.854 Y39.423
;TYPE:WALL-INNER
G1 F2700 E187.0578
G1 F600 X41.867 Y39.42 E187.05824
G1 X42.28 Y39.183 E187.07408
G1 X42.55 Y38.897 E187.08716
G1 X42.724 Y38.631 E187.09773
G1 X42.837 Y38.347 E187.1079
G1 X42.896 Y38.039 E187.11833
G1 X42.896 Y37.722 E187.12887
G1 X42.823 Y37.342 E187.14174
G1 X42.606 Y36.921 E187.1575
G1 X42.331 Y36.634 E187.17072
G1 X42.015 Y36.409 E187.18362
G1 X41.641 Y36.278 E187.1968
G1 X41.256 Y36.223 E187.20973
G1 X40.787 Y36.29 E187.22549
G1 X40.434 Y36.45 E187.23838
G1 X40.176 Y36.635 E187.24894
G1 X39.906 Y36.92 E187.262
G1 X39.69 Y37.338 E187.27765
G1 X39.616 Y37.725 E187.29075
G1 X39.616 Y38.039 E187.3012
G1 X39.675 Y38.347 E187.31163
G1 X39.789 Y38.632 E187.32184
G1 X40.002 Y38.966 E187.33501
G1 X40.294 Y39.217 E187.34782
G1 X40.642 Y39.421 E187.36124
G1 X41.094 Y39.529 E187.37669
G1 X41.495 Y39.511 E187.39004
G1 X41.854 Y39.423 E187.40234
G0 F9000 X41.999 Y39.8
;TYPE:WALL-OUTER
G1 F600 X42.017 Y39.796 E187.40295
G1 X42.53 Y39.501 E187.42263
G1 X42.866 Y39.147 E187.43887
G1 X43.081 Y38.815 E187.45202
G1 X43.223 Y38.459 E187.46477
G1 X43.296 Y38.077 E187.4777
G1 X43.296 Y37.684 E187.49078
G1 X43.205 Y37.21 E187.50683
G1 X42.935 Y36.686 E187.52643
G1 X42.593 Y36.329 E187.54288
G1 X42.199 Y36.049 E187.55895
G1 X41.736 Y35.888 E187.57526
G1 X41.256 Y35.819 E187.59139
G1 X40.673 Y35.902 E187.61097
G1 X40.233 Y36.102 E187.62705
G1 X39.912 Y36.332 E187.64018
G1 X39.577 Y36.686 E187.65639
G1 X39.308 Y37.206 E187.67587
G1 X39.216 Y37.687 E187.69215
G1 X39.216 Y38.077 E187.70513
G1 X39.289 Y38.459 E187.71806
G1 X39.431 Y38.816 E187.73084
G1 X39.697 Y39.231 E187.74723
G1 X40.061 Y39.544 E187.7632
G1 X40.492 Y39.796 E187.77981
G1 X41.056 Y39.931 E187.7991
G1 X41.551 Y39.909 E187.81558
G1 X41.999 Y39.8 E187.83091
G0 F9000 X41.723 Y39.085
;TYPE:SKIN
G1 F600 X41.447 Y39.153 E187.84037
G1 X41.124 Y39.167 E187.85112
G1 X40.776 Y39.084 E187.86302
G1 X40.506 Y38.925 E187.87344
G1 X40.277 Y38.723 E187.8836
G1 X40.107 Y38.463 E187.89393
G1 X40.021 Y38.248 E187.90163
G1 X39.976 Y37.755 E187.91809
G1 X40.032 Y37.458 E187.92815
G1 X40.205 Y37.126 E187.9406
G1 X40.507 Y36.809 E187.95516
G1 X40.889 Y36.639 E187.96907
G1 X41.256 Y36.587 E187.9814
G1 X41.548 Y36.628 E187.9912
G1 X41.847 Y36.732 E188.00173
G1 X42.092 Y36.905 E188.01171
G1 X42.303 Y37.126 E188.02187
G1 X42.477 Y37.463 E188.03449
G1 X42.536 Y37.753 E188.04433
G1 X42.487 Y38.242 E188.06067
G1 X42.269 Y38.668 E188.07659
G1 X42.051 Y38.897 E188.08711
G1 X41.728 Y39.084 E188.09952
G1 X41.723 Y39.085 E188.09969
G0 F9000 X41.371 Y38.957
G1 F600 X42.332 Y37.996 E188.14489
G0 F9000 X42.267 Y37.494
G1 F600 X40.863 Y38.899 E188.21096
G0 F9000 X40.523 Y38.673
G1 F600 X42.047 Y37.149 E188.28264
G0 F9000 X41.728 Y36.902
G1 F600 X40.275 Y38.356 E188.35101
G0 F9000 X40.186 Y37.879
G1 F600 X41.273 Y36.791 E188.40216
G1 F2700 E183.40216
;MESH:NONMESH
G0 F300 X41.273 Y36.791 Z13
G0 F9000 X41.339 Y36.337
G0 X40.832 Y36.446
G0 X40.52 Y36.622
G0 X39.529 Y37.281
G0 X38.454 Y37.075
G0 X34.162 Y38.053
G0 X31.918 Y39.391
;TIME_ELAPSED:700.501966
;LAYER:64
;note -- min layer time used
;TYPE:WALL-INNER
;MESH:slupek4.stl
G1 F2700 E188.40216
G1 F600 X32.28 Y39.183 E188.41605
G1 X32.55 Y38.897 E188.42913
G1 X32.724 Y38.631 E188.4397
G1 X32.837 Y38.347 E188.44987
G1 X32.896 Y38.039 E188.4603
G1 X32.896 Y37.722 E188.47084
G1 X32.823 Y37.342 E188.48371
G1 X32.606 Y36.921 E188.49946
G1 X32.331 Y36.634 E188.51268
G1 X32.015 Y36.409 E188.52559
G1 X31.641 Y36.278 E188.53877
G1 X31.256 Y36.223 E188.5517
G1 X30.787 Y36.29 E188.56746
G1 X30.434 Y36.45 E188.58035
G1 X30.176 Y36.635 E188.59091
G1 X29.906 Y36.92 E188.60397
G1 X29.69 Y37.338 E188.61962
G1 X29.616 Y37.725 E188.63272
G1 X29.616 Y38.039 E188.64316
G1 X29.675 Y38.347 E188.65359
G1 X29.789 Y38.632 E188.6638
G1 X30.002 Y38.966 E188.67698
G1 X30.294 Y39.217 E188.68979
G1 X30.642 Y39.421 E188.7032
G1 X31.094 Y39.529 E188.71866
G1 X31.495 Y39.511 E188.73201
G1 X31.867 Y39.42 E188.74475
G1 X31.918 Y39.391 E188.7467
G0 F9000 X32.079 Y39.76
;TYPE:WALL-OUTER
G1 F600 X32.53 Y39.501 E188.764
G1 X32.866 Y39.147 E188.78023
G1 X33.081 Y38.815 E188.79339
G1 X33.223 Y38.459 E188.80613
G1 X33.296 Y38.077 E188.81907
G1 X33.296 Y37.684 E188.83214
G1 X33.205 Y37.21 E188.84819
G1 X32.935 Y36.686 E188.8678
G1 X32.593 Y36.329 E188.88424
G1 X32.199 Y36.049 E188.90032
G1 X31.736 Y35.888 E188.91662
G1 X31.256 Y35.819 E188.93275
G1 X30.673 Y35.902 E188.95234
G1 X30.233 Y36.102 E188.96841
G1 X29.912 Y36.332 E188.98155
G1 X29.577 Y36.686 E188.99776
G1 X29.308 Y37.206 E189.01723
G1 X29.216 Y37.687 E189.03352
G1 X29.216 Y38.077 E189.04649
G1 X29.289 Y38.459 E189.05943
G1 X29.431 Y38.816 E189.0722
G1 X29.697 Y39.231 E189.0886
G1 X30.061 Y39.544 E189.10457
G1 X30.492 Y39.796 E189.12117
G1 X31.056 Y39.931 E189.14046
G1 X31.551 Y39.909 E189.15694
G1 X32.017 Y39.796 E189.17289
G1 X32.079 Y39.76 E189.17527
G0 F9000 X31.772 Y39.058
;TYPE:SKIN
G1 F600 X31.728 Y39.084 E189.17697
G1 X31.447 Y39.153 E189.1866
G1 X31.124 Y39.167 E189.19735
G1 X30.776 Y39.084 E189.20925
G1 X30.506 Y38.925 E189.21967
G1 X30.277 Y38.723 E189.22983
G1 X30.107 Y38.463 E189.24016
G1 X30.021 Y38.248 E189.24786
G1 X29.976 Y37.755 E189.26433
G1 X30.032 Y37.458 E189.27438
G1 X30.205 Y37.126 E189.28683
G1 X30.507 Y36.809 E189.30139
G1 X30.889 Y36.639 E189.3153
G1 X31.256 Y36.587 E189.32763
G1 X31.548 Y36.628 E189.33743
G1 X31.847 Y36.732 E189.34796
G1 X32.092 Y36.905 E189.35794
G1 X32.303 Y37.126 E189.3681
G1 X32.477 Y37.463 E189.38072
G1 X32.536 Y37.753 E189.39056
G1 X32.487 Y38.242 E189.40691
G1 X32.269 Y38.668 E189.42282
G1 X32.051 Y38.897 E189.43334
G1 X31.772 Y39.058 E189.44405
G0 F9000 X31.901 Y39.285
G0 X31.11 Y39.367
G0 X30.704 Y39.27
G0 X30.183 Y38.9
G0 X29.751 Y38.213
G0 X30.208 Y38.127
G1 F600 X31.016 Y38.935 E189.48206
G0 F9000 X31.564 Y38.918
G1 F600 X30.214 Y37.568 E189.54556
G0 F9000 X30.411 Y37.199
G1 F600 X31.938 Y38.726 E189.61738
G0 F9000 X32.204 Y38.427
G1 F600 X30.714 Y36.936 E189.68749
G0 F9000 X31.147 Y36.804
G1 F600 X32.334 Y37.991 E189.74332
G1 F2700 E184.74332
;MESH:slupek4.stl(1)
G0 F9000 X32.786 Y38.078
G0 X33.068 Y38.053
G0 X34.162 Y38.053
G0 X38.352 Y38.053
G0 X41.854 Y39.423
;TYPE:WALL-INNER
G1 F2700 E189.74332
G1 F600 X41.867 Y39.42 E189.74377
G1 X42.28 Y39.183 E189.75961
G1 X42.55 Y38.897 E189.77269
G1 X42.724 Y38.631 E189.78326
G1 X42.837 Y38.347 E189.79342
G1 X42.896 Y38.039 E189.80386
G1 X42.896 Y37.722 E189.8144
G1 X42.823 Y37.342 E189.82727
G1 X42.606 Y36.921 E189.84302
G1 X42.331 Y36.634 E189.85624
G1 X42.015 Y36.409 E189.86914
G1 X41.641 Y36.278 E189.88232
G1 X41.256 Y36.223 E189.89526
G1 X40.787 Y36.29 E189.91102
G1 X40.434 Y36.45 E189.92391
G1 X40.176 Y36.635 E189.93447
G1 X39.906 Y36.92 E189.94752
G1 X39.69 Y37.338 E189.96317
G1 X39.616 Y37.725 E189.97628
G1 X39.616 Y38.039 E189.98672
G1 X39.675 Y38.347 E189.99715
G1 X39.789 Y38.632 E190.00736
G1 X40.002 Y38.966 E190.02054
G1 X40.294 Y39.217 E190.03334
G1 X40.642 Y39.421 E190.04676
G1 X41.094 Y39.529 E190.06222
G1 X41.495 Y39.511 E190.07557
G1 X41.854 Y39.423 E190.08786
G0 F9000 X41.999 Y39.8
;TYPE:WALL-OUTER
G1 F600 X42.017 Y39.796 E190.08848
G1 X42.53 Y39.501 E190.10816
G1 X42.866 Y39.147 E190.12439
G1 X43.081 Y38.815 E190.13755
G1 X43.223 Y38.459 E190.15029
G1 X43.296 Y38.077 E190.16323
G1 X43.296 Y37.684 E190.1763
G1 X43.205 Y37.21 E190.19235
G1 X42.935 Y36.686 E190.21196
G1 X42.593 Y36.329 E190.2284
G1 X42.199 Y36.049 E190.24448
G1 X41.736 Y35.888 E190.26078
G1 X41.256 Y35.819 E190.27691
G1 X40.673 Y35.902 E190.2965
G1 X40.233 Y36.102 E190.31257
G1 X39.912 Y36.332 E190.32571
G1 X39.577 Y36.686 E190.34192
G1 X39.308 Y37.206 E190.36139
G1 X39.216 Y37.687 E190.37768
G1 X39.216 Y38.077 E190.39065
G1 X39.289 Y38.459 E190.40359
G1 X39.431 Y38.816 E190.41637
G1 X39.697 Y39.231 E190.43276
G1 X40.061 Y39.544 E190.44873
G1 X40.492 Y39.796 E190.46533
G1 X41.056 Y39.931 E190.48462
G1 X41.551 Y39.909 E190.5011
G1 X41.999 Y39.8 E190.51644
G0 F9000 X41.723 Y39.085
;TYPE:SKIN
G1 F600 X41.447 Y39.153 E190.52589
G1 X41.124 Y39.167 E190.53664
G1 X40.776 Y39.084 E190.54854
G1 X40.506 Y38.925 E190.55897
G1 X40.277 Y38.723 E190.56912
G1 X40.107 Y38.463 E190.57945
G1 X40.021 Y38.248 E190.58716
G1 X39.976 Y37.755 E190.60362
G1 X40.032 Y37.458 E190.61367
G1 X40.205 Y37.126 E190.62612
G1 X40.507 Y36.809 E190.64069
G1 X40.889 Y36.639 E190.65459
G1 X41.256 Y36.587 E190.66692
G1 X41.548 Y36.628 E190.67673
G1 X41.847 Y36.732 E190.68726
G1 X42.092 Y36.905 E190.69723
G1 X42.303 Y37.126 E190.7074
G1 X42.477 Y37.463 E190.72001
G1 X42.536 Y37.753 E190.72985
G1 X42.487 Y38.242 E190.7462
G1 X42.269 Y38.668 E190.76212
G1 X42.051 Y38.897 E190.77263
G1 X41.728 Y39.084 E190.78505
G1 X41.723 Y39.085 E190.78522
G0 F9000 X41.783 Y39.338
G0 X41.11 Y39.367
G0 X40.704 Y39.27
G0 X40.125 Y38.859
G0 X39.958 Y38.543
G0 X39.716 Y37.926
G0 X40.189 Y37.926
G1 F600 X41.225 Y38.962 E190.83395
G0 F9000 X41.698 Y38.87
G1 F600 X40.267 Y37.438 E190.90128
G0 F9000 X40.5 Y37.105
G1 F600 X42.027 Y38.633 E190.97313
G0 F9000 X42.246 Y38.286
G1 F600 X40.84 Y36.88 E191.03926
G0 F9000 X41.324 Y36.799
G1 F600 X42.315 Y37.789 E191.08585
G1 F2700 E186.08585
;MESH:NONMESH
G0 F300 X42.315 Y37.789 Z13.2
G0 F9000 X42.796 Y37.789
G0 X42.58 Y38.556
G0 X42.179 Y39.055
G0 X41.806 Y39.27
G0 X41.11 Y39.367
G0 X40.704 Y39.27
G0 X40.235 Y38.937
G0 X39.446 Y38.053
G0 X38.352 Y38.053
G0 X33.889 Y39.123
G0 X31.918 Y39.391
;TIME_ELAPSED:711.257688
;LAYER:65
;note -- min layer time used
;TYPE:WALL-INNER
;MESH:slupek4.stl
G1 F2700 E191.08585
G1 F600 X32.28 Y39.183 E191.09974
G1 X32.55 Y38.897 E191.11282
G1 X32.724 Y38.631 E191.12339
G1 X32.837 Y38.347 E191.13356
G1 X32.896 Y38.039 E191.14399
G1 X32.896 Y37.722 E191.15453
G1 X32.823 Y37.342 E191.1674
G1 X32.606 Y36.921 E191.18315
G1 X32.331 Y36.634 E191.19637
G1 X32.015 Y36.409 E191.20928
G1 X31.641 Y36.278 E191.22246
G1 X31.256 Y36.223 E191.23539
G1 X30.787 Y36.29 E191.25115
G1 X30.434 Y36.45 E191.26404
G1 X30.176 Y36.635 E191.2746
G1 X29.906 Y36.92 E191.28766
G1 X29.69 Y37.338 E191.30331
G1 X29.616 Y37.725 E191.31641
G1 X29.616 Y38.039 E191.32686
G1 X29.675 Y38.347 E191.33729
G1 X29.789 Y38.632 E191.34749
G1 X30.002 Y38.966 E191.36067
G1 X30.294 Y39.217 E191.37348
G1 X30.642 Y39.421 E191.38689
G1 X31.094 Y39.529 E191.40235
G1 X31.495 Y39.511 E191.4157
G1 X31.867 Y39.42 E191.42844
G1 X31.918 Y39.391 E191.43039
G0 F9000 X32.079 Y39.76
;TYPE:WALL-OUTER
G1 F600 X32.53 Y39.501 E191.44769
G1 X32.866 Y39.147 E191.46392
G1 X33.081 Y38.815 E191.47708
G1 X33.223 Y38.459 E191.48982
G1 X33.296 Y38.077 E191.50276
G1 X33.296 Y37.684 E191.51583
G1 X33.205 Y37.21 E191.53188
G1 X32.935 Y36.686 E191.55149
G1 X32.593 Y36.329 E191.56793
G1 X32.199 Y36.049 E191.58401
G1 X31.736 Y35.888 E191.60031
G1 X31.256 Y35.819 E191.61644
G1 X30.673 Y35.902 E191.63603
G1 X30.233 Y36.102 E191.6521
G1 X29.912 Y36.332 E191.66524
G1 X29.577 Y36.686 E191.68145
G1 X29.308 Y37.206 E191.70092
G1 X29.216 Y37.687 E191.71721
G1 X29.216 Y38.077 E191.73018
G1 X29.289 Y38.459 E191.74312
G1 X29.431 Y38.816 E191.7559
G1 X29.697 Y39.231 E191.77229
G1 X30.061 Y39.544 E191.78826
G1 X30.492 Y39.796 E191.80486
G1 X31.056 Y39.931 E191.82415
G1 X31.551 Y39.909 E191.84063
G1 X32.017 Y39.796 E191.85658
G1 X32.079 Y39.76 E191.85896
G0 F9000 X31.772 Y39.058
;TYPE:SKIN
G1 F600 X31.728 Y39.084 E191.86066
G1 X31.447 Y39.153 E191.87029
G1 X31.124 Y39.167 E191.88104
G1 X30.776 Y39.084 E191.89294
G1 X30.506 Y38.925 E191.90336
G1 X30.277 Y38.723 E191.91352
G1 X30.107 Y38.463 E191.92385
G1 X30.021 Y38.248 E191.93155
G1 X29.976 Y37.755 E191.94802
G1 X30.032 Y37.458 E191.95807
G1 X30.205 Y37.126 E191.97052
G1 X30.507 Y36.809 E191.98508
G1 X30.889 Y36.639 E191.99899
G1 X31.256 Y36.587 E192.01132
G1 X31.548 Y36.628 E192.02113
G1 X31.847 Y36.732 E192.03166
G1 X32.092 Y36.905 E192.04163
G1 X32.303 Y37.126 E192.05179
G1 X32.477 Y37.463 E192.06441
G1 X32.536 Y37.753 E192.07425
G1 X32.487 Y38.242 E192.0906
G1 X32.269 Y38.668 E192.10651
G1 X32.051 Y38.897 E192.11703
G1 X31.772 Y39.058 E192.12774
G0 F9000 X31.18 Y38.965
G1 F600 X32.318 Y37.827 E192.18127
G0 F9000 X32.205 Y37.374
G1 F600 X30.746 Y38.834 E192.24992
G0 F9000 X30.428 Y38.586
G1 F600 X31.959 Y37.055 E192.32193
G0 F9000 X31.594 Y36.854
G1 F600 X30.218 Y38.23 E192.38666
G0 F9000 X30.191 Y37.691
G1 F600 X31.067 Y36.815 E192.42786
G1 F2700 E187.42786
;MESH:slupek4.stl(1)
G0 F9000 X31.003 Y36.36
G0 X31.603 Y36.436
G0 X32.985 Y37.283
G0 X34.059 Y37.076
G0 X38.352 Y38.053
G0 X41.854 Y39.423
;TYPE:WALL-INNER
G1 F2700 E192.42786
G1 F600 X41.867 Y39.42 E192.42831
G1 X42.28 Y39.183 E192.44414
G1 X42.55 Y38.897 E192.45722
G1 X42.724 Y38.631 E192.4678
G1 X42.837 Y38.347 E192.47796
G1 X42.896 Y38.039 E192.48839
G1 X42.896 Y37.722 E192.49894
G1 X42.823 Y37.342 E192.51181
G1 X42.606 Y36.921 E192.52756
G1 X42.331 Y36.634 E192.54078
G1 X42.015 Y36.409 E192.55368
G1 X41.641 Y36.278 E192.56686
G1 X41.256 Y36.223 E192.5798
G1 X40.787 Y36.29 E192.59556
G1 X40.434 Y36.45 E192.60845
G1 X40.176 Y36.635 E192.619
G1 X39.906 Y36.92 E192.63206
G1 X39.69 Y37.338 E192.64771
G1 X39.616 Y37.725 E192.66082
G1 X39.616 Y38.039 E192.67126
G1 X39.675 Y38.347 E192.68169
G1 X39.789 Y38.632 E192.6919
G1 X40.002 Y38.966 E192.70508
G1 X40.294 Y39.217 E192.71788
G1 X40.642 Y39.421 E192.7313
G1 X41.094 Y39.529 E192.74676
G1 X41.495 Y39.511 E192.76011
G1 X41.854 Y39.423 E192.7724
G0 F9000 X41.999 Y39.8
;TYPE:WALL-OUTER
G1 F600 X42.017 Y39.796 E192.77301
G1 X42.53 Y39.501 E192.7927
G1 X42.866 Y39.147 E192.80893
G1 X43.081 Y38.815 E192.82209
G1 X43.223 Y38.459 E192.83483
G1 X43.296 Y38.077 E192.84777
G1 X43.296 Y37.684 E192.86084
G1 X43.205 Y37.21 E192.87689
G1 X42.935 Y36.686 E192.8965
G1 X42.593 Y36.329 E192.91294
G1 X42.199 Y36.049 E192.92902
G1 X41.736 Y35.888 E192.94532
G1 X41.256 Y35.819 E192.96145
G1 X40.673 Y35.902 E192.98104
G1 X40.233 Y36.102 E192.99711
G1 X39.912 Y36.332 E193.01025
G1 X39.577 Y36.686 E193.02646
G1 X39.308 Y37.206 E193.04593
G1 X39.216 Y37.687 E193.06222
G1 X39.216 Y38.077 E193.07519
G1 X39.289 Y38.459 E193.08812
G1 X39.431 Y38.816 E193.1009
G1 X39.697 Y39.231 E193.1173
G1 X40.061 Y39.544 E193.13327
G1 X40.492 Y39.796 E193.14987
G1 X41.056 Y39.931 E193.16916
G1 X41.551 Y39.909 E193.18564
G1 X41.999 Y39.8 E193.20097
G0 F9000 X41.723 Y39.085
;TYPE:SKIN
G1 F600 X41.447 Y39.153 E193.21043
G1 X41.124 Y39.167 E193.22118
G1 X40.776 Y39.084 E193.23308
G1 X40.506 Y38.925 E193.2435
G1 X40.277 Y38.723 E193.25366
G1 X40.107 Y38.463 E193.26399
G1 X40.021 Y38.248 E193.27169
G1 X39.976 Y37.755 E193.28816
G1 X40.032 Y37.458 E193.29821
G1 X40.205 Y37.126 E193.31066
G1 X40.507 Y36.809 E193.32522
G1 X40.889 Y36.639 E193.33913
G1 X41.256 Y36.587 E193.35146
G1 X41.548 Y36.628 E193.36127
G1 X41.847 Y36.732 E193.3718
G1 X42.092 Y36.905 E193.38177
G1 X42.303 Y37.126 E193.39193
G1 X42.477 Y37.463 E193.40455
G1 X42.536 Y37.753 E193.41439
G1 X42.487 Y38.242 E193.43074
G1 X42.269 Y38.668 E193.44665
G1 X42.051 Y38.897 E193.45717
G1 X41.728 Y39.084 E193.46958
G1 X41.723 Y39.085 E193.46975
G0 F9000 X41.371 Y38.957
G1 F600 X42.332 Y37.996 E193.51496
G0 F9000 X42.267 Y37.494
G1 F600 X40.863 Y38.899 E193.58102
G0 F9000 X40.523 Y38.673
G1 F600 X42.047 Y37.149 E193.6527
G0 F9000 X41.728 Y36.902
G1 F600 X40.275 Y38.356 E193.72107
G0 F9000 X40.186 Y37.879
G1 F600 X41.273 Y36.791 E193.77222
G1 F2700 E188.77222
;MESH:NONMESH
G0 F300 X41.273 Y36.791 Z13.4
G0 F9000 X41.339 Y36.337
G0 X40.832 Y36.446
G0 X40.52 Y36.622
G0 X39.529 Y37.281
G0 X38.454 Y37.075
G0 X34.162 Y38.053
G0 X31.918 Y39.391
;TIME_ELAPSED:721.748131
;LAYER:66
;note -- min layer time used
;TYPE:WALL-INNER
;MESH:slupek4.stl
G1 F2700 E193.77222
G1 F600 X32.28 Y39.183 E193.78611
G1 X32.55 Y38.897 E193.79919
G1 X32.724 Y38.631 E193.80976
G1 X32.837 Y38.347 E193.81993
G1 X32.896 Y38.039 E193.83036
G1 X32.896 Y37.722 E193.8409
G1 X32.823 Y37.342 E193.85377
G1 X32.606 Y36.921 E193.86953
G1 X32.331 Y36.634 E193.88275
G1 X32.015 Y36.409 E193.89565
G1 X31.641 Y36.278 E193.90883
G1 X31.256 Y36.223 E193.92177
G1 X30.787 Y36.29 E193.93752
G1 X30.434 Y36.45 E193.95041
G1 X30.176 Y36.635 E193.96097
G1 X29.906 Y36.92 E193.97403
G1 X29.69 Y37.338 E193.98968
G1 X29.616 Y37.725 E194.00278
G1 X29.616 Y38.039 E194.01323
G1 X29.675 Y38.347 E194.02366
G1 X29.789 Y38.632 E194.03387
G1 X30.002 Y38.966 E194.04704
G1 X30.294 Y39.217 E194.05985
G1 X30.642 Y39.421 E194.07327
G1 X31.094 Y39.529 E194.08872
G1 X31.495 Y39.511 E194.10207
G1 X31.867 Y39.42 E194.11481
G1 X31.918 Y39.391 E194.11676
G0 F9000 X32.079 Y39.76
;TYPE:WALL-OUTER
G1 F600 X32.53 Y39.501 E194.13406
G1 X32.866 Y39.147 E194.15029
G1 X33.081 Y38.815 E194.16345
G1 X33.223 Y38.459 E194.1762
G1 X33.296 Y38.077 E194.18913
G1 X33.296 Y37.684 E194.2022
G1 X33.205 Y37.21 E194.21826
G1 X32.935 Y36.686 E194.23786
G1 X32.593 Y36.329 E194.25431
G1 X32.199 Y36.049 E194.27038
G1 X31.736 Y35.888 E194.28669
G1 X31.256 Y35.819 E194.30282
G1 X30.673 Y35.902 E194.3224
G1 X30.233 Y36.102 E194.33848
G1 X29.912 Y36.332 E194.35161
G1 X29.577 Y36.686 E194.36782
G1 X29.308 Y37.206 E194.38729
G1 X29.216 Y37.687 E194.40358
G1 X29.216 Y38.077 E194.41655
G1 X29.289 Y38.459 E194.42949
G1 X29.431 Y38.816 E194.44227
G1 X29.697 Y39.231 E194.45866
G1 X30.061 Y39.544 E194.47463
G1 X30.492 Y39.796 E194.49124
G1 X31.056 Y39.931 E194.51052
G1 X31.551 Y39.909 E194.527
G1 X32.017 Y39.796 E194.54295
G1 X32.079 Y39.76 E194.54534
G0 F9000 X31.772 Y39.058
;TYPE:SKIN
G1 F600 X31.728 Y39.084 E194.54704
G1 X31.447 Y39.153 E194.55666
G1 X31.124 Y39.167 E194.56741
G1 X30.776 Y39.084 E194.57931
G1 X30.506 Y38.925 E194.58973
G1 X30.277 Y38.723 E194.59989
G1 X30.107 Y38.463 E194.61022
G1 X30.021 Y38.248 E194.61792
G1 X29.976 Y37.755 E194.63439
G1 X30.032 Y37.458 E194.64444
G1 X30.205 Y37.126 E194.65689
G1 X30.507 Y36.809 E194.67146
G1 X30.889 Y36.639 E194.68536
G1 X31.256 Y36.587 E194.69769
G1 X31.548 Y36.628 E194.7075
G1 X31.847 Y36.732 E194.71803
G1 X32.092 Y36.905 E194.728
G1 X32.303 Y37.126 E194.73817
G1 X32.477 Y37.463 E194.75078
G1 X32.536 Y37.753 E194.76062
G1 X32.487 Y38.242 E194.77697
G1 X32.269 Y38.668 E194.79289
G1 X32.051 Y38.897 E194.8034
G1 X31.772 Y39.058 E194.81412
G0 F9000 X31.901 Y39.285
G0 X31.11 Y39.367
G0 X30.704 Y39.27
G0 X30.183 Y38.9
G0 X29.751 Y38.213
G0 X30.208 Y38.127
G1 F600 X31.016 Y38.935 E194.85212
G0 F9000 X31.564 Y38.918
G1 F600 X30.214 Y37.568 E194.91562
G0 F9000 X30.411 Y37.199
G1 F600 X31.938 Y38.726 E194.98745
G0 F9000 X32.204 Y38.427
G1 F600 X30.714 Y36.936 E195.05755
G0 F9000 X31.147 Y36.804
G1 F600 X32.334 Y37.991 E195.11339
G1 F2700 E190.11339
;MESH:slupek4.stl(1)
G0 F9000 X32.786 Y38.078
G0 X33.068 Y38.053
G0 X34.162 Y38.053
G0 X38.352 Y38.053
G0 X41.854 Y39.423
;TYPE:WALL-INNER
G1 F2700 E195.11339
G1 F600 X41.867 Y39.42 E195.11383
G1 X42.28 Y39.183 E195.12967
G1 X42.55 Y38.897 E195.14275
G1 X42.724 Y38.631 E195.15332
G1 X42.837 Y38.347 E195.16349
G1 X42.896 Y38.039 E195.17392
G1 X42.896 Y37.722 E195.18446
G1 X42.823 Y37.342 E195.19733
G1 X42.606 Y36.921 E195.21309
G1 X42.331 Y36.634 E195.22631
G1 X42.015 Y36.409 E195.23921
G1 X41.641 Y36.278 E195.25239
G1 X41.256 Y36.223 E195.26532
G1 X40.787 Y36.29 E195.28108
G1 X40.434 Y36.45 E195.29397
G1 X40.176 Y36.635 E195.30453
G1 X39.906 Y36.92 E195.31759
G1 X39.69 Y37.338 E195.33324
G1 X39.616 Y37.725 E195.34634
G1 X39.616 Y38.039 E195.35679
G1 X39.675 Y38.347 E195.36722
G1 X39.789 Y38.632 E195.37743
G1 X40.002 Y38.966 E195.3906
G1 X40.294 Y39.217 E195.40341
G1 X40.642 Y39.421 E195.41682
G1 X41.094 Y39.529 E195.43228
G1 X41.495 Y39.511 E195.44563
G1 X41.854 Y39.423 E195.45793
G0 F9000 X41.999 Y39.8
;TYPE:WALL-OUTER
G1 F600 X42.017 Y39.796 E195.45854
G1 X42.53 Y39.501 E195.47822
G1 X42.866 Y39.147 E195.49446
G1 X43.081 Y38.815 E195.50761
G1 X43.223 Y38.459 E195.52036
G1 X43.296 Y38.077 E195.53329
G1 X43.296 Y37.684 E195.54637
G1 X43.205 Y37.21 E195.56242
G1 X42.935 Y36.686 E195.58202
G1 X42.593 Y36.329 E195.59847
G1 X42.199 Y36.049 E195.61454
G1 X41.736 Y35.888 E195.63085
G1 X41.256 Y35.819 E195.64698
G1 X40.673 Y35.902 E195.66656
G1 X40.233 Y36.102 E195.68264
G1 X39.912 Y36.332 E195.69577
G1 X39.577 Y36.686 E195.71198
G1 X39.308 Y37.206 E195.73146
G1 X39.216 Y37.687 E195.74774
G1 X39.216 Y38.077 E195.76072
G1 X39.289 Y38.459 E195.77365
G1 X39.431 Y38.816 E195.78643
G1 X39.697 Y39.231 E195.80282
G1 X40.061 Y39.544 E195.81879
G1 X40.492 Y39.796 E195.8354
G1 X41.056 Y39.931 E195.85469
G1 X41.551 Y39.909 E195.87117
G1 X41.999 Y39.8 E195.8865
G0 F9000 X41.723 Y39.085
;TYPE:SKIN
G1 F600 X41.447 Y39.153 E195.89595
G1 X41.124 Y39.167 E195.90671
G1 X40.776 Y39.084 E195.91861
G1 X40.506 Y38.925 E195.92903
G1 X40.277 Y38.723 E195.93919
G1 X40.107 Y38.463 E195.94952
G1 X40.021 Y38.248 E195.95722
G1 X39.976 Y37.755 E195.97368
G1 X40.032 Y37.458 E195.98374
G1 X40.205 Y37.126 E195.99619
G1 X40.507 Y36.809 E196.01075
G1 X40.889 Y36.639 E196.02466
G1 X41.256 Y36.587 E196.03699
G1 X41.548 Y36.628 E196.04679
G1 X41.847 Y36.732 E196.05732
G1 X42.092 Y36.905 E196.0673
G1 X42.303 Y37.126 E196.07746
G1 X42.477 Y37.463 E196.09007
G1 X42.536 Y37.753 E196.09992
G1 X42.487 Y38.242 E196.11626
G1 X42.269 Y38.668 E196.13218
G1 X42.051 Y38.897 E196.1427
G1 X41.728 Y39.084 E196.15511
G1 X41.723 Y39.085 E196.15528
G0 F9000 X41.783 Y39.338
G0 X41.11 Y39.367
G0 X40.704 Y39.27
G0 X40.125 Y38.859
G0 X39.958 Y38.543
G0 X39.716 Y37.926
G0 X40.189 Y37.926
G1 F600 X41.225 Y38.962 E196.20401
G0 F9000 X41.698 Y38.87
G1 F600 X40.267 Y37.438 E196.27134
G0 F9000 X40.5 Y37.105
G1 F600 X42.027 Y38.633 E196.34319
G0 F9000 X42.246 Y38.286
G1 F600 X40.84 Y36.88 E196.40933
G0 F9000 X41.324 Y36.799
G1 F600 X42.315 Y37.789 E196.45592
G1 F2700 E191.45592
;MESH:NONMESH
G0 F300 X42.315 Y37.789 Z13.6
G0 F9000 X42.796 Y37.789
G0 X42.58 Y38.556
G0 X42.179 Y39.055
G0 X41.806 Y39.27
G0 X41.11 Y39.367
G0 X40.704 Y39.27
G0 X40.235 Y38.937
G0 X39.446 Y38.053
G0 X38.352 Y38.053
G0 X33.889 Y39.123
G0 X31.918 Y39.391
;TIME_ELAPSED:732.503853
;LAYER:67
;note -- min layer time used
;TYPE:WALL-INNER
;MESH:slupek4.stl
G1 F2700 E196.45592
G1 F600 X32.28 Y39.183 E196.4698
G1 X32.55 Y38.897 E196.48288
G1 X32.724 Y38.631 E196.49346
G1 X32.837 Y38.347 E196.50362
G1 X32.896 Y38.039 E196.51405
G1 X32.896 Y37.722 E196.5246
G1 X32.823 Y37.342 E196.53747
G1 X32.606 Y36.921 E196.55322
G1 X32.331 Y36.634 E196.56644
G1 X32.015 Y36.409 E196.57934
G1 X31.641 Y36.278 E196.59252
G1 X31.256 Y36.223 E196.60546
G1 X30.787 Y36.29 E196.62121
G1 X30.434 Y36.45 E196.6341
G1 X30.176 Y36.635 E196.64466
G1 X29.906 Y36.92 E196.65772
G1 X29.69 Y37.338 E196.67337
G1 X29.616 Y37.725 E196.68648
G1 X29.616 Y38.039 E196.69692
G1 X29.675 Y38.347 E196.70735
G1 X29.789 Y38.632 E196.71756
G1 X30.002 Y38.966 E196.73073
G1 X30.294 Y39.217 E196.74354
G1 X30.642 Y39.421 E196.75696
G1 X31.094 Y39.529 E196.77241
G1 X31.495 Y39.511 E196.78577
G1 X31.867 Y39.42 E196.7985
G1 X31.918 Y39.391 E196.80045
G0 F9000 X32.079 Y39.76
;TYPE:WALL-OUTER
G1 F600 X32.53 Y39.501 E196.81775
G1 X32.866 Y39.147 E196.83399
G1 X33.081 Y38.815 E196.84714
G1 X33.223 Y38.459 E196.85989
G1 X33.296 Y38.077 E196.87282
G1 X33.296 Y37.684 E196.8859
G1 X33.205 Y37.21 E196.90195
G1 X32.935 Y36.686 E196.92155
G1 X32.593 Y36.329 E196.938
G1 X32.199 Y36.049 E196.95407
G1 X31.736 Y35.888 E196.97038
G1 X31.256 Y35.819 E196.98651
G1 X30.673 Y35.902 E197.00609
G1 X30.233 Y36.102 E197.02217
G1 X29.912 Y36.332 E197.0353
G1 X29.577 Y36.686 E197.05151
G1 X29.308 Y37.206 E197.07099
G1 X29.216 Y37.687 E197.08727
G1 X29.216 Y38.077 E197.10025
G1 X29.289 Y38.459 E197.11318
G1 X29.431 Y38.816 E197.12596
G1 X29.697 Y39.231 E197.14235
G1 X30.061 Y39.544 E197.15832
G1 X30.492 Y39.796 E197.17493
G1 X31.056 Y39.931 E197.19422
G1 X31.551 Y39.909 E197.2107
G1 X32.017 Y39.796 E197.22664
G1 X32.079 Y39.76 E197.22903
G0 F9000 X31.772 Y39.058
;TYPE:SKIN
G1 F600 X31.728 Y39.084 E197.23073
G1 X31.447 Y39.153 E197.24035
G1 X31.124 Y39.167 E197.25111
G1 X30.776 Y39.084 E197.263
G1 X30.506 Y38.925 E197.27343
G1 X30.277 Y38.723 E197.28358
G1 X30.107 Y38.463 E197.29391
G1 X30.021 Y38.248 E197.30162
G1 X29.976 Y37.755 E197.31808
G1 X30.032 Y37.458 E197.32813
G1 X30.205 Y37.126 E197.34059
G1 X30.507 Y36.809 E197.35515
G1 X30.889 Y36.639 E197.36905
G1 X31.256 Y36.587 E197.38138
G1 X31.548 Y36.628 E197.39119
G1 X31.847 Y36.732 E197.40172
G1 X32.092 Y36.905 E197.41169
G1 X32.303 Y37.126 E197.42186
G1 X32.477 Y37.463 E197.43447
G1 X32.536 Y37.753 E197.44431
G1 X32.487 Y38.242 E197.46066
G1 X32.269 Y38.668 E197.47658
G1 X32.051 Y38.897 E197.48709
G1 X31.772 Y39.058 E197.49781
G0 F9000 X31.18 Y38.965
G1 F600 X32.318 Y37.827 E197.55133
G0 F9000 X32.205 Y37.374
G1 F600 X30.746 Y38.834 E197.61999
G0 F9000 X30.428 Y38.586
G1 F600 X31.959 Y37.055 E197.692
G0 F9000 X31.594 Y36.854
G1 F600 X30.218 Y38.23 E197.75672
G0 F9000 X30.191 Y37.691
G1 F600 X31.067 Y36.815 E197.79793
G1 F2700 E192.79793
;MESH:slupek4.stl(1)
G0 F9000 X31.003 Y36.36
G0 X31.603 Y36.436
G0 X32.985 Y37.283
G0 X34.059 Y37.076
G0 X38.352 Y38.053
G0 X41.854 Y39.423
;TYPE:WALL-INNER
G1 F2700 E197.79793
G1 F600 X41.867 Y39.42 E197.79837
G1 X42.28 Y39.183 E197.81421
G1 X42.55 Y38.897 E197.82729
G1 X42.724 Y38.631 E197.83786
G1 X42.837 Y38.347 E197.84803
G1 X42.896 Y38.039 E197.85846
G1 X42.896 Y37.722 E197.869
G1 X42.823 Y37.342 E197.88187
G1 X42.606 Y36.921 E197.89762
G1 X42.331 Y36.634 E197.91084
G1 X42.015 Y36.409 E197.92375
G1 X41.641 Y36.278 E197.93693
G1 X41.256 Y36.223 E197.94986
G1 X40.787 Y36.29 E197.96562
G1 X40.434 Y36.45 E197.97851
G1 X40.176 Y36.635 E197.98907
G1 X39.906 Y36.92 E198.00213
G1 X39.69 Y37.338 E198.01778
G1 X39.616 Y37.725 E198.03088
G1 X39.616 Y38.039 E198.04132
G1 X39.675 Y38.347 E198.05175
G1 X39.789 Y38.632 E198.06196
G1 X40.002 Y38.966 E198.07514
G1 X40.294 Y39.217 E198.08795
G1 X40.642 Y39.421 E198.10136
G1 X41.094 Y39.529 E198.11682
G1 X41.495 Y39.511 E198.13017
G1 X41.854 Y39.423 E198.14246
G0 F9000 X41.999 Y39.8
;TYPE:WALL-OUTER
G1 F600 X42.017 Y39.796 E198.14308
G1 X42.53 Y39.501 E198.16276
G1 X42.866 Y39.147 E198.17899
G1 X43.081 Y38.815 E198.19215
G1 X43.223 Y38.459 E198.2049
G1 X43.296 Y38.077 E198.21783
G1 X43.296 Y37.684 E198.2309
G1 X43.205 Y37.21 E198.24696
G1 X42.935 Y36.686 E198.26656
G1 X42.593 Y36.329 E198.28301
G1 X42.199 Y36.049 E198.29908
G1 X41.736 Y35.888 E198.31539
G1 X41.256 Y35.819 E198.33152
G1 X40.673 Y35.902 E198.3511
G1 X40.233 Y36.102 E198.36718
G1 X39.912 Y36.332 E198.38031
G1 X39.577 Y36.686 E198.39652
G1 X39.308 Y37.206 E198.41599
G1 X39.216 Y37.687 E198.43228
G1 X39.216 Y38.077 E198.44525
G1 X39.289 Y38.459 E198.45819
G1 X39.431 Y38.816 E198.47097
G1 X39.697 Y39.231 E198.48736
G1 X40.061 Y39.544 E198.50333
G1 X40.492 Y39.796 E198.51993
G1 X41.056 Y39.931 E198.53922
G1 X41.551 Y39.909 E198.5557
G1 X41.999 Y39.8 E198.57104
G0 F9000 X41.723 Y39.085
;TYPE:SKIN
G1 F600 X41.447 Y39.153 E198.58049
G1 X41.124 Y39.167 E198.59125
G1 X40.776 Y39.084 E198.60315
G1 X40.506 Y38.925 E198.61357
G1 X40.277 Y38.723 E198.62372
G1 X40.107 Y38.463 E198.63406
G1 X40.021 Y38.248 E198.64176
G1 X39.976 Y37.755 E198.65822
G1 X40.032 Y37.458 E198.66827
G1 X40.205 Y37.126 E198.68073
G1 X40.507 Y36.809 E198.69529
G1 X40.889 Y36.639 E198.7092
G1 X41.256 Y36.587 E198.72152
G1 X41.548 Y36.628 E198.73133
G1 X41.847 Y36.732 E198.74186
G1 X42.092 Y36.905 E198.75184
G1 X42.303 Y37.126 E198.762
G1 X42.477 Y37.463 E198.77461
G1 X42.536 Y37.753 E198.78446
G1 X42.487 Y38.242 E198.8008
G1 X42.269 Y38.668 E198.81672
G1 X42.051 Y38.897 E198.82723
G1 X41.728 Y39.084 E198.83965
G1 X41.723 Y39.085 E198.83982
G0 F9000 X41.371 Y38.957
G1 F600 X42.332 Y37.996 E198.88502
G0 F9000 X42.267 Y37.494
G1 F600 X40.863 Y38.899 E198.95108
G0 F9000 X40.523 Y38.673
G1 F600 X42.047 Y37.149 E199.02277
G0 F9000 X41.728 Y36.902
G1 F600 X40.275 Y38.356 E199.09114
G0 F9000 X40.186 Y37.879
G1 F600 X41.273 Y36.791 E199.14229
G1 F2700 E194.14229
;MESH:NONMESH
G0 F300 X41.273 Y36.791 Z13.8
G0 F9000 X41.339 Y36.337
G0 X40.832 Y36.446
G0 X40.52 Y36.622
G0 X39.529 Y37.281
G0 X38.454 Y37.075
G0 X34.162 Y38.053
G0 X31.918 Y39.391
;TIME_ELAPSED:742.994296
;LAYER:68
;note -- min layer time used
;TYPE:WALL-INNER
;MESH:slupek4.stl
G1 F2700 E199.14229
G1 F600 X32.28 Y39.183 E199.15617
G1 X32.55 Y38.897 E199.16926
G1 X32.724 Y38.631 E199.17983
G1 X32.837 Y38.347 E199.18999
G1 X32.896 Y38.039 E199.20042
G1 X32.896 Y37.722 E199.21097
G1 X32.823 Y37.342 E199.22384
G1 X32.606 Y36.921 E199.23959
G1 X32.331 Y36.634 E199.25281
G1 X32.015 Y36.409 E199.26571
G1 X31.641 Y36.278 E199.27889
G1 X31.256 Y36.223 E199.29183
G1 X30.787 Y36.29 E199.30759
G1 X30.434 Y36.45 E199.32048
G1 X30.176 Y36.635 E199.33104
G1 X29.906 Y36.92 E199.34409
G1 X29.69 Y37.338 E199.35974
G1 X29.616 Y37.725 E199.37285
G1 X29.616 Y38.039 E199.38329
G1 X29.675 Y38.347 E199.39372
G1 X29.789 Y38.632 E199.40393
G1 X30.002 Y38.966 E199.41711
G1 X30.294 Y39.217 E199.42991
G1 X30.642 Y39.421 E199.44333
G1 X31.094 Y39.529 E199.45879
G1 X31.495 Y39.511 E199.47214
G1 X31.867 Y39.42 E199.48488
G1 X31.918 Y39.391 E199.48683
G0 F9000 X32.079 Y39.76
;TYPE:WALL-OUTER
G1 F600 X32.53 Y39.501 E199.50412
G1 X32.866 Y39.147 E199.52036
G1 X33.081 Y38.815 E199.53351
G1 X33.223 Y38.459 E199.54626
G1 X33.296 Y38.077 E199.5592
G1 X33.296 Y37.684 E199.57227
G1 X33.205 Y37.21 E199.58832
G1 X32.935 Y36.686 E199.60793
G1 X32.593 Y36.329 E199.62437
G1 X32.199 Y36.049 E199.64045
G1 X31.736 Y35.888 E199.65675
G1 X31.256 Y35.819 E199.67288
G1 X30.673 Y35.902 E199.69247
G1 X30.233 Y36.102 E199.70854
G1 X29.912 Y36.332 E199.72168
G1 X29.577 Y36.686 E199.73789
G1 X29.308 Y37.206 E199.75736
G1 X29.216 Y37.687 E199.77365
G1 X29.216 Y38.077 E199.78662
G1 X29.289 Y38.459 E199.79955
G1 X29.431 Y38.816 E199.81233
G1 X29.697 Y39.231 E199.82873
G1 X30.061 Y39.544 E199.84469
G1 X30.492 Y39.796 E199.8613
G1 X31.056 Y39.931 E199.88059
G1 X31.551 Y39.909 E199.89707
G1 X32.017 Y39.796 E199.91302
G1 X32.079 Y39.76 E199.9154
G0 F9000 X31.772 Y39.058
;TYPE:SKIN
G1 F600 X31.728 Y39.084 E199.9171
G1 X31.447 Y39.153 E199.92672
G1 X31.124 Y39.167 E199.93748
G1 X30.776 Y39.084 E199.94938
G1 X30.506 Y38.925 E199.9598
G1 X30.277 Y38.723 E199.96995
G1 X30.107 Y38.463 E199.98029
G1 X30.021 Y38.248 E199.98799
G1 X29.976 Y37.755 E200.00445
G1 X30.032 Y37.458 E200.01451
G1 X30.205 Y37.126 E200.02696
G1 X30.507 Y36.809 E200.04152
G1 X30.889 Y36.639 E200.05543
G1 X31.256 Y36.587 E200.06776
G1 X31.548 Y36.628 E200.07756
G1 X31.847 Y36.732 E200.08809
G1 X32.092 Y36.905 E200.09807
G1 X32.303 Y37.126 E200.10823
G1 X32.477 Y37.463 E200.12084
G1 X32.536 Y37.753 E200.13069
G1 X32.487 Y38.242 E200.14703
G1 X32.269 Y38.668 E200.16295
G1 X32.051 Y38.897 E200.17347
G1 X31.772 Y39.058 E200.18418
G0 F9000 X31.901 Y39.285
G0 X31.11 Y39.367
G0 X30.704 Y39.27
G0 X30.183 Y38.9
G0 X29.751 Y38.213
G0 X30.208 Y38.127
G1 F600 X31.016 Y38.935 E200.22218
G0 F9000 X31.564 Y38.918
G1 F600 X30.214 Y37.568 E200.28568
G0 F9000 X30.411 Y37.199
G1 F600 X31.938 Y38.726 E200.35751
G0 F9000 X32.204 Y38.427
G1 F600 X30.714 Y36.936 E200.42762
G0 F9000 X31.147 Y36.804
G1 F600 X32.334 Y37.991 E200.48345
G1 F2700 E195.48345
;MESH:slupek4.stl(1)
G0 F9000 X32.786 Y38.078
G0 X33.068 Y38.053
G0 X34.162 Y38.053
G0 X38.352 Y38.053
G0 X41.854 Y39.423
;TYPE:WALL-INNER
G1 F2700 E200.48345
G1 F600 X41.867 Y39.42 E200.4839
G1 X42.28 Y39.183 E200.49973
G1 X42.55 Y38.897 E200.51281
G1 X42.724 Y38.631 E200.52339
G1 X42.837 Y38.347 E200.53355
G1 X42.896 Y38.039 E200.54398
G1 X42.896 Y37.722 E200.55453
G1 X42.823 Y37.342 E200.5674
G1 X42.606 Y36.921 E200.58315
G1 X42.331 Y36.634 E200.59637
G1 X42.015 Y36.409 E200.60927
G1 X41.641 Y36.278 E200.62245
G1 X41.256 Y36.223 E200.63539
G1 X40.787 Y36.29 E200.65114
G1 X40.434 Y36.45 E200.66404
G1 X40.176 Y36.635 E200.67459
G1 X39.906 Y36.92 E200.68765
G1 X39.69 Y37.338 E200.7033
G1 X39.616 Y37.725 E200.71641
G1 X39.616 Y38.039 E200.72685
G1 X39.675 Y38.347 E200.73728
G1 X39.789 Y38.632 E200.74749
G1 X40.002 Y38.966 E200.76067
G1 X40.294 Y39.217 E200.77347
G1 X40.642 Y39.421 E200.78689
G1 X41.094 Y39.529 E200.80235
G1 X41.495 Y39.511 E200.8157
G1 X41.854 Y39.423 E200.82799
G0 F9000 X41.999 Y39.8
;TYPE:WALL-OUTER
G1 F600 X42.017 Y39.796 E200.8286
G1 X42.53 Y39.501 E200.84829
G1 X42.866 Y39.147 E200.86452
G1 X43.081 Y38.815 E200.87767
G1 X43.223 Y38.459 E200.89042
G1 X43.296 Y38.077 E200.90336
G1 X43.296 Y37.684 E200.91643
G1 X43.205 Y37.21 E200.93248
G1 X42.935 Y36.686 E200.95209
G1 X42.593 Y36.329 E200.96853
G1 X42.199 Y36.049 E200.98461
G1 X41.736 Y35.888 E201.00091
G1 X41.256 Y35.819 E201.01704
G1 X40.673 Y35.902 E201.03663
G1 X40.233 Y36.102 E201.0527
G1 X39.912 Y36.332 E201.06584
G1 X39.577 Y36.686 E201.08205
G1 X39.308 Y37.206 E201.10152
G1 X39.216 Y37.687 E201.11781
G1 X39.216 Y38.077 E201.13078
G1 X39.289 Y38.459 E201.14371
G1 X39.431 Y38.816 E201.15649
G1 X39.697 Y39.231 E201.17289
G1 X40.061 Y39.544 E201.18886
G1 X40.492 Y39.796 E201.20546
G1 X41.056 Y39.931 E201.22475
G1 X41.551 Y39.909 E201.24123
G1 X41.999 Y39.8 E201.25656
G0 F9000 X41.723 Y39.085
;TYPE:SKIN
G1 F600 X41.447 Y39.153 E201.26602
G1 X41.124 Y39.167 E201.27677
G1 X40.776 Y39.084 E201.28867
G1 X40.506 Y38.925 E201.29909
G1 X40.277 Y38.723 E201.30925
G1 X40.107 Y38.463 E201.31958
G1 X40.021 Y38.248 E201.32728
G1 X39.976 Y37.755 E201.34375
G1 X40.032 Y37.458 E201.3538
G1 X40.205 Y37.126 E201.36625
G1 X40.507 Y36.809 E201.38081
G1 X40.889 Y36.639 E201.39472
G1 X41.256 Y36.587 E201.40705
G1 X41.548 Y36.628 E201.41686
G1 X41.847 Y36.732 E201.42739
G1 X42.092 Y36.905 E201.43736
G1 X42.303 Y37.126 E201.44752
G1 X42.477 Y37.463 E201.46014
G1 X42.536 Y37.753 E201.46998
G1 X42.487 Y38.242 E201.48633
G1 X42.269 Y38.668 E201.50224
G1 X42.051 Y38.897 E201.51276
G1 X41.728 Y39.084 E201.52517
G1 X41.723 Y39.085 E201.52534
G0 F9000 X41.783 Y39.338
G0 X41.11 Y39.367
G0 X40.704 Y39.27
G0 X40.125 Y38.859
G0 X39.958 Y38.543
G0 X39.716 Y37.926
G0 X40.189 Y37.926
G1 F600 X41.225 Y38.962 E201.57407
G0 F9000 X41.698 Y38.87
G1 F600 X40.267 Y37.438 E201.64141
G0 F9000 X40.5 Y37.105
G1 F600 X42.027 Y38.633 E201.71326
G0 F9000 X42.246 Y38.286
G1 F600 X40.84 Y36.88 E201.77939
G0 F9000 X41.324 Y36.799
G1 F600 X42.315 Y37.789 E201.82598
G1 F2700 E196.82598
;MESH:NONMESH
G0 F300 X42.315 Y37.789 Z14
G0 F9000 X42.796 Y37.789
G0 X42.58 Y38.556
G0 X42.179 Y39.055
G0 X41.806 Y39.27
G0 X41.11 Y39.367
G0 X40.704 Y39.27
G0 X40.235 Y38.937
G0 X39.446 Y38.053
G0 X38.352 Y38.053
G0 X33.889 Y39.123
G0 X31.918 Y39.391
;TIME_ELAPSED:753.750018
;LAYER:69
;note -- min layer time used
;TYPE:WALL-INNER
;MESH:slupek4.stl
G1 F2700 E201.82598
G1 F600 X32.28 Y39.183 E201.83987
G1 X32.55 Y38.897 E201.85295
G1 X32.724 Y38.631 E201.86352
G1 X32.837 Y38.347 E201.87369
G1 X32.896 Y38.039 E201.88412
G1 X32.896 Y37.722 E201.89466
G1 X32.823 Y37.342 E201.90753
G1 X32.606 Y36.921 E201.92328
G1 X32.331 Y36.634 E201.9365
G1 X32.015 Y36.409 E201.9494
G1 X31.641 Y36.278 E201.96259
G1 X31.256 Y36.223 E201.97552
G1 X30.787 Y36.29 E201.99128
G1 X30.434 Y36.45 E202.00417
G1 X30.176 Y36.635 E202.01473
G1 X29.906 Y36.92 E202.02778
G1 X29.69 Y37.338 E202.04343
G1 X29.616 Y37.725 E202.05654
G1 X29.616 Y38.039 E202.06698
G1 X29.675 Y38.347 E202.07741
G1 X29.789 Y38.632 E202.08762
G1 X30.002 Y38.966 E202.1008
G1 X30.294 Y39.217 E202.1136
G1 X30.642 Y39.421 E202.12702
G1 X31.094 Y39.529 E202.14248
G1 X31.495 Y39.511 E202.15583
G1 X31.867 Y39.42 E202.16857
G1 X31.918 Y39.391 E202.17052
G0 F9000 X32.079 Y39.76
;TYPE:WALL-OUTER
G1 F600 X32.53 Y39.501 E202.18782
G1 X32.866 Y39.147 E202.20405
G1 X33.081 Y38.815 E202.2172
G1 X33.223 Y38.459 E202.22995
G1 X33.296 Y38.077 E202.24289
G1 X33.296 Y37.684 E202.25596
G1 X33.205 Y37.21 E202.27201
G1 X32.935 Y36.686 E202.29162
G1 X32.593 Y36.329 E202.30806
G1 X32.199 Y36.049 E202.32414
G1 X31.736 Y35.888 E202.34044
G1 X31.256 Y35.819 E202.35657
G1 X30.673 Y35.902 E202.37616
G1 X30.233 Y36.102 E202.39223
G1 X29.912 Y36.332 E202.40537
G1 X29.577 Y36.686 E202.42158
G1 X29.308 Y37.206 E202.44105
G1 X29.216 Y37.687 E202.45734
G1 X29.216 Y38.077 E202.47031
G1 X29.289 Y38.459 E202.48324
G1 X29.431 Y38.816 E202.49602
G1 X29.697 Y39.231 E202.51242
G1 X30.061 Y39.544 E202.52839
G1 X30.492 Y39.796 E202.54499
G1 X31.056 Y39.931 E202.56428
G1 X31.551 Y39.909 E202.58076
G1 X32.017 Y39.796 E202.59671
G1 X32.079 Y39.76 E202.59909
G0 F9000 X31.772 Y39.058
;TYPE:SKIN
G1 F600 X31.728 Y39.084 E202.60079
G1 X31.447 Y39.153 E202.61042
G1 X31.124 Y39.167 E202.62117
G1 X30.776 Y39.084 E202.63307
G1 X30.506 Y38.925 E202.64349
G1 X30.277 Y38.723 E202.65365
G1 X30.107 Y38.463 E202.66398
G1 X30.021 Y38.248 E202.67168
G1 X29.976 Y37.755 E202.68815
G1 X30.032 Y37.458 E202.6982
G1 X30.205 Y37.126 E202.71065
G1 X30.507 Y36.809 E202.72521
G1 X30.889 Y36.639 E202.73912
G1 X31.256 Y36.587 E202.75145
G1 X31.548 Y36.628 E202.76125
G1 X31.847 Y36.732 E202.77178
G1 X32.092 Y36.905 E202.78176
G1 X32.303 Y37.126 E202.79192
G1 X32.477 Y37.463 E202.80454
G1 X32.536 Y37.753 E202.81438
G1 X32.487 Y38.242 E202.83072
G1 X32.269 Y38.668 E202.84664
G1 X32.051 Y38.897 E202.85716
G1 X31.772 Y39.058 E202.86787
G0 F9000 X31.18 Y38.965
G1 F600 X32.318 Y37.827 E202.9214
G0 F9000 X32.205 Y37.374
G1 F600 X30.746 Y38.834 E202.99005
G0 F9000 X30.428 Y38.586
G1 F600 X31.959 Y37.055 E203.06206
G0 F9000 X31.594 Y36.854
G1 F600 X30.218 Y38.23 E203.12679
G0 F9000 X30.191 Y37.691
G1 F600 X31.067 Y36.815 E203.16799
G1 F2700 E198.16799
;MESH:slupek4.stl(1)
G0 F9000 X31.003 Y36.36
G0 X31.603 Y36.436
G0 X32.985 Y37.283
G0 X34.059 Y37.076
G0 X38.352 Y38.053
G0 X41.854 Y39.423
;TYPE:WALL-INNER
G1 F2700 E203.16799
G1 F600 X41.867 Y39.42 E203.16843
G1 X42.28 Y39.183 E203.18427
G1 X42.55 Y38.897 E203.19735
G1 X42.724 Y38.631 E203.20792
G1 X42.837 Y38.347 E203.21809
G1 X42.896 Y38.039 E203.22852
G1 X42.896 Y37.722 E203.23906
G1 X42.823 Y37.342 E203.25193
G1 X42.606 Y36.921 E203.26769
G1 X42.331 Y36.634 E203.28091
G1 X42.015 Y36.409 E203.29381
G1 X41.641 Y36.278 E203.30699
G1 X41.256 Y36.223 E203.31993
G1 X40.787 Y36.29 E203.33568
G1 X40.434 Y36.45 E203.34857
G1 X40.176 Y36.635 E203.35913
G1 X39.906 Y36.92 E203.37219
G1 X39.69 Y37.338 E203.38784
G1 X39.616 Y37.725 E203.40094
G1 X39.616 Y38.039 E203.41139
G1 X39.675 Y38.347 E203.42182
G1 X39.789 Y38.632 E203.43203
G1 X40.002 Y38.966 E203.4452
G1 X40.294 Y39.217 E203.45801
G1 X40.642 Y39.421 E203.47143
G1 X41.094 Y39.529 E203.48688
G1 X41.495 Y39.511 E203.50023
G1 X41.854 Y39.423 E203.51253
G0 F9000 X41.999 Y39.8
;TYPE:WALL-OUTER
G1 F600 X42.017 Y39.796 E203.51314
G1 X42.53 Y39.501 E203.53282
G1 X42.866 Y39.147 E203.54906
G1 X43.081 Y38.815 E203.56221
G1 X43.223 Y38.459 E203.57496
G1 X43.296 Y38.077 E203.5879
G1 X43.296 Y37.684 E203.60097
G1 X43.205 Y37.21 E203.61702
G1 X42.935 Y36.686 E203.63663
G1 X42.593 Y36.329 E203.65307
G1 X42.199 Y36.049 E203.66915
G1 X41.736 Y35.888 E203.68545
G1 X41.256 Y35.819 E203.70158
G1 X40.673 Y35.902 E203.72117
G1 X40.233 Y36.102 E203.73724
G1 X39.912 Y36.332 E203.75037
G1 X39.577 Y36.686 E203.76659
G1 X39.308 Y37.206 E203.78606
G1 X39.216 Y37.687 E203.80235
G1 X39.216 Y38.077 E203.81532
G1 X39.289 Y38.459 E203.82825
G1 X39.431 Y38.816 E203.84103
G1 X39.697 Y39.231 E203.85743
G1 X40.061 Y39.544 E203.87339
G1 X40.492 Y39.796 E203.89
G1 X41.056 Y39.931 E203.90929
G1 X41.551 Y39.909 E203.92577
G1 X41.999 Y39.8 E203.9411
G0 F9000 X41.723 Y39.085
;TYPE:SKIN
G1 F600 X41.447 Y39.153 E203.95056
G1 X41.124 Y39.167 E203.96131
G1 X40.776 Y39.084 E203.97321
G1 X40.506 Y38.925 E203.98363
G1 X40.277 Y38.723 E203.99379
G1 X40.107 Y38.463 E204.00412
G1 X40.021 Y38.248 E204.01182
G1 X39.976 Y37.755 E204.02829
G1 X40.032 Y37.458 E204.03834
G1 X40.205 Y37.126 E204.05079
G1 X40.507 Y36.809 E204.06535
G1 X40.889 Y36.639 E204.07926
G1 X41.256 Y36.587 E204.09159
G1 X41.548 Y36.628 E204.10139
G1 X41.847 Y36.732 E204.11192
G1 X42.092 Y36.905 E204.1219
G1 X42.303 Y37.126 E204.13206
G1 X42.477 Y37.463 E204.14468
G1 X42.536 Y37.753 E204.15452
G1 X42.487 Y38.242 E204.17087
G1 X42.269 Y38.668 E204.18678
G1 X42.051 Y38.897 E204.1973
G1 X41.728 Y39.084 E204.20971
G1 X41.723 Y39.085 E204.20988
G0 F9000 X41.371 Y38.957
G1 F600 X42.332 Y37.996 E204.25508
G0 F9000 X42.267 Y37.494
G1 F600 X40.863 Y38.899 E204.32115
G0 F9000 X40.523 Y38.673
G1 F600 X42.047 Y37.149 E204.39283
G0 F9000 X41.728 Y36.902
G1 F600 X40.275 Y38.356 E204.4612
G0 F9000 X40.186 Y37.879
G1 F600 X41.273 Y36.791 E204.51235
G1 F2700 E199.51235
;MESH:NONMESH
G0 F300 X41.273 Y36.791 Z14.2
G0 F9000 X41.339 Y36.337
G0 X40.832 Y36.446
G0 X40.52 Y36.622
G0 X39.529 Y37.281
G0 X38.454 Y37.075
G0 X34.162 Y38.053
G0 X31.918 Y39.391
;TIME_ELAPSED:764.240461
;LAYER:70
;note -- min layer time used
;TYPE:WALL-INNER
;MESH:slupek4.stl
G1 F2700 E204.51235
G1 F600 X32.28 Y39.183 E204.52624
G1 X32.55 Y38.897 E204.53932
G1 X32.724 Y38.631 E204.54989
G1 X32.837 Y38.347 E204.56006
G1 X32.896 Y38.039 E204.57049
G1 X32.896 Y37.722 E204.58103
G1 X32.823 Y37.342 E204.5939
G1 X32.606 Y36.921 E204.60965
G1 X32.331 Y36.634 E204.62288
G1 X32.015 Y36.409 E204.63578
G1 X31.641 Y36.278 E204.64896
G1 X31.256 Y36.223 E204.66189
G1 X30.787 Y36.29 E204.67765
G1 X30.434 Y36.45 E204.69054
G1 X30.176 Y36.635 E204.7011
G1 X29.906 Y36.92 E204.71416
G1 X29.69 Y37.338 E204.72981
G1 X29.616 Y37.725 E204.74291
G1 X29.616 Y38.039 E204.75336
G1 X29.675 Y38.347 E204.76379
G1 X29.789 Y38.632 E204.77399
G1 X30.002 Y38.966 E204.78717
G1 X30.294 Y39.217 E204.79998
G1 X30.642 Y39.421 E204.81339
G1 X31.094 Y39.529 E204.82885
G1 X31.495 Y39.511 E204.8422
G1 X31.867 Y39.42 E204.85494
G1 X31.918 Y39.391 E204.85689
G0 F9000 X32.079 Y39.76
;TYPE:WALL-OUTER
G1 F600 X32.53 Y39.501 E204.87419
G1 X32.866 Y39.147 E204.89042
G1 X33.081 Y38.815 E204.90358
G1 X33.223 Y38.459 E204.91633
G1 X33.296 Y38.077 E204.92926
G1 X33.296 Y37.684 E204.94233
G1 X33.205 Y37.21 E204.95838
G1 X32.935 Y36.686 E204.97799
G1 X32.593 Y36.329 E204.99443
G1 X32.199 Y36.049 E205.01051
G1 X31.736 Y35.888 E205.02681
G1 X31.256 Y35.819 E205.04294
G1 X30.673 Y35.902 E205.06253
G1 X30.233 Y36.102 E205.0786
G1 X29.912 Y36.332 E205.09174
G1 X29.577 Y36.686 E205.10795
G1 X29.308 Y37.206 E205.12742
G1 X29.216 Y37.687 E205.14371
G1 X29.216 Y38.077 E205.15668
G1 X29.289 Y38.459 E205.16962
G1 X29.431 Y38.816 E205.1824
G1 X29.697 Y39.231 E205.19879
G1 X30.061 Y39.544 E205.21476
G1 X30.492 Y39.796 E205.23136
G1 X31.056 Y39.931 E205.25065
G1 X31.551 Y39.909 E205.26713
G1 X32.017 Y39.796 E205.28308
G1 X32.079 Y39.76 E205.28546
G0 F9000 X31.772 Y39.058
;TYPE:SKIN
G1 F600 X31.728 Y39.084 E205.28716
G1 X31.447 Y39.153 E205.29679
G1 X31.124 Y39.167 E205.30754
G1 X30.776 Y39.084 E205.31944
G1 X30.506 Y38.925 E205.32986
G1 X30.277 Y38.723 E205.34002
G1 X30.107 Y38.463 E205.35035
G1 X30.021 Y38.248 E205.35805
G1 X29.976 Y37.755 E205.37452
G1 X30.032 Y37.458 E205.38457
G1 X30.205 Y37.126 E205.39702
G1 X30.507 Y36.809 E205.41158
G1 X30.889 Y36.639 E205.42549
G1 X31.256 Y36.587 E205.43782
G1 X31.548 Y36.628 E205.44763
G1 X31.847 Y36.732 E205.45816
G1 X32.092 Y36.905 E205.46813
G1 X32.303 Y37.126 E205.47829
G1 X32.477 Y37.463 E205.49091
G1 X32.536 Y37.753 E205.50075
G1 X32.487 Y38.242 E205.5171
G1 X32.269 Y38.668 E205.53301
G1 X32.051 Y38.897 E205.54353
G1 X31.772 Y39.058 E205.55424
G0 F9000 X31.901 Y39.285
G0 X31.11 Y39.367
G0 X30.704 Y39.27
G0 X30.183 Y38.9
G0 X29.751 Y38.213
G0 X30.208 Y38.127
G1 F600 X31.016 Y38.935 E205.59225
G0 F9000 X31.564 Y38.918
G1 F600 X30.214 Y37.568 E205.65575
G0 F9000 X30.411 Y37.199
G1 F600 X31.938 Y38.726 E205.72757
G0 F9000 X32.204 Y38.427
G1 F600 X30.714 Y36.936 E205.79768
G0 F9000 X31.147 Y36.804
G1 F600 X32.334 Y37.991 E205.85352
G1 F2700 E200.85352
;MESH:slupek4.stl(1)
G0 F9000 X32.786 Y38.078
G0 X33.068 Y38.053
G0 X34.162 Y38.053
G0 X38.352 Y38.053
G0 X41.854 Y39.423
;TYPE:WALL-INNER
G1 F2700 E205.85352
G1 F600 X41.867 Y39.42 E205.85396
G1 X42.28 Y39.183 E205.8698
G1 X42.55 Y38.897 E205.88288
G1 X42.724 Y38.631 E205.89345
G1 X42.837 Y38.347 E205.90362
G1 X42.896 Y38.039 E205.91405
G1 X42.896 Y37.722 E205.92459
G1 X42.823 Y37.342 E205.93746
G1 X42.606 Y36.921 E205.95321
G1 X42.331 Y36.634 E205.96643
G1 X42.015 Y36.409 E205.97934
G1 X41.641 Y36.278 E205.99252
G1 X41.256 Y36.223 E206.00545
G1 X40.787 Y36.29 E206.02121
G1 X40.434 Y36.45 E206.0341
G1 X40.176 Y36.635 E206.04466
G1 X39.906 Y36.92 E206.05772
G1 X39.69 Y37.338 E206.07337
G1 X39.616 Y37.725 E206.08647
G1 X39.616 Y38.039 E206.09691
G1 X39.675 Y38.347 E206.10734
G1 X39.789 Y38.632 E206.11755
G1 X40.002 Y38.966 E206.13073
G1 X40.294 Y39.217 E206.14354
G1 X40.642 Y39.421 E206.15695
G1 X41.094 Y39.529 E206.17241
G1 X41.495 Y39.511 E206.18576
G1 X41.854 Y39.423 E206.19805
G0 F9000 X41.999 Y39.8
;TYPE:WALL-OUTER
G1 F600 X42.017 Y39.796 E206.19867
G1 X42.53 Y39.501 E206.21835
G1 X42.866 Y39.147 E206.23458
G1 X43.081 Y38.815 E206.24774
G1 X43.223 Y38.459 E206.26049
G1 X43.296 Y38.077 E206.27342
G1 X43.296 Y37.684 E206.28649
G1 X43.205 Y37.21 E206.30255
G1 X42.935 Y36.686 E206.32215
G1 X42.593 Y36.329 E206.3386
G1 X42.199 Y36.049 E206.35467
G1 X41.736 Y35.888 E206.37098
G1 X41.256 Y35.819 E206.3871
G1 X40.673 Y35.902 E206.40669
G1 X40.233 Y36.102 E206.42277
G1 X39.912 Y36.332 E206.4359
G1 X39.577 Y36.686 E206.45211
G1 X39.308 Y37.206 E206.47158
G1 X39.216 Y37.687 E206.48787
G1 X39.216 Y38.077 E206.50084
G1 X39.289 Y38.459 E206.51378
G1 X39.431 Y38.816 E206.52656
G1 X39.697 Y39.231 E206.54295
G1 X40.061 Y39.544 E206.55892
G1 X40.492 Y39.796 E206.57552
G1 X41.056 Y39.931 E206.59481
G1 X41.551 Y39.909 E206.61129
G1 X41.999 Y39.8 E206.62663
G0 F9000 X41.723 Y39.085
;TYPE:SKIN
G1 F600 X41.447 Y39.153 E206.63608
G1 X41.124 Y39.167 E206.64684
G1 X40.776 Y39.084 E206.65873
G1 X40.506 Y38.925 E206.66916
G1 X40.277 Y38.723 E206.67931
G1 X40.107 Y38.463 E206.68965
G1 X40.021 Y38.248 E206.69735
G1 X39.976 Y37.755 E206.71381
G1 X40.032 Y37.458 E206.72386
G1 X40.205 Y37.126 E206.73632
G1 X40.507 Y36.809 E206.75088
G1 X40.889 Y36.639 E206.76479
G1 X41.256 Y36.587 E206.77711
G1 X41.548 Y36.628 E206.78692
G1 X41.847 Y36.732 E206.79745
G1 X42.092 Y36.905 E206.80743
G1 X42.303 Y37.126 E206.81759
G1 X42.477 Y37.463 E206.8302
G1 X42.536 Y37.753 E206.84005
G1 X42.487 Y38.242 E206.85639
G1 X42.269 Y38.668 E206.87231
G1 X42.051 Y38.897 E206.88282
G1 X41.728 Y39.084 E206.89524
G1 X41.723 Y39.085 E206.89541
G0 F9000 X41.783 Y39.338
G0 X41.11 Y39.367
G0 X40.704 Y39.27
G0 X40.125 Y38.859
G0 X39.958 Y38.543
G0 X39.716 Y37.926
G0 X40.189 Y37.926
G1 F600 X41.225 Y38.962 E206.94414
G0 F9000 X41.698 Y38.87
G1 F600 X40.267 Y37.438 E207.01147
G0 F9000 X40.5 Y37.105
G1 F600 X42.027 Y38.633 E207.08332
G0 F9000 X42.246 Y38.286
G1 F600 X40.84 Y36.88 E207.14945
G0 F9000 X41.324 Y36.799
G1 F600 X42.315 Y37.789 E207.19604
G1 F2700 E202.19604
;MESH:NONMESH
G0 F300 X42.315 Y37.789 Z14.4
G0 F9000 X42.796 Y37.789
G0 X42.58 Y38.556
G0 X42.179 Y39.055
G0 X41.806 Y39.27
G0 X41.11 Y39.367
G0 X40.704 Y39.27
G0 X40.235 Y38.937
G0 X39.446 Y38.053
G0 X38.352 Y38.053
G0 X33.889 Y39.123
G0 X31.918 Y39.391
;TIME_ELAPSED:774.996182
;LAYER:71
;note -- min layer time used
;TYPE:WALL-INNER
;MESH:slupek4.stl
G1 F2700 E207.19604
G1 F600 X32.28 Y39.183 E207.20993
G1 X32.55 Y38.897 E207.22301
G1 X32.724 Y38.631 E207.23358
G1 X32.837 Y38.347 E207.24375
G1 X32.896 Y38.039 E207.25418
G1 X32.896 Y37.722 E207.26472
G1 X32.823 Y37.342 E207.27759
G1 X32.606 Y36.921 E207.29335
G1 X32.331 Y36.634 E207.30657
G1 X32.015 Y36.409 E207.31947
G1 X31.641 Y36.278 E207.33265
G1 X31.256 Y36.223 E207.34558
G1 X30.787 Y36.29 E207.36134
G1 X30.434 Y36.45 E207.37423
G1 X30.176 Y36.635 E207.38479
G1 X29.906 Y36.92 E207.39785
G1 X29.69 Y37.338 E207.4135
G1 X29.616 Y37.725 E207.4266
G1 X29.616 Y38.039 E207.43705
G1 X29.675 Y38.347 E207.44748
G1 X29.789 Y38.632 E207.45769
G1 X30.002 Y38.966 E207.47086
G1 X30.294 Y39.217 E207.48367
G1 X30.642 Y39.421 E207.49709
G1 X31.094 Y39.529 E207.51254
G1 X31.495 Y39.511 E207.52589
G1 X31.867 Y39.42 E207.53863
G1 X31.918 Y39.391 E207.54058
G0 F9000 X32.079 Y39.76
;TYPE:WALL-OUTER
G1 F600 X32.53 Y39.501 E207.55788
G1 X32.866 Y39.147 E207.57411
G1 X33.081 Y38.815 E207.58727
G1 X33.223 Y38.459 E207.60002
G1 X33.296 Y38.077 E207.61295
G1 X33.296 Y37.684 E207.62602
G1 X33.205 Y37.21 E207.64208
G1 X32.935 Y36.686 E207.66168
G1 X32.593 Y36.329 E207.67813
G1 X32.199 Y36.049 E207.6942
G1 X31.736 Y35.888 E207.71051
G1 X31.256 Y35.819 E207.72663
G1 X30.673 Y35.902 E207.74622
G1 X30.233 Y36.102 E207.7623
G1 X29.912 Y36.332 E207.77543
G1 X29.577 Y36.686 E207.79164
G1 X29.308 Y37.206 E207.81111
G1 X29.216 Y37.687 E207.8274
G1 X29.216 Y38.077 E207.84037
G1 X29.289 Y38.459 E207.85331
G1 X29.431 Y38.816 E207.86609
G1 X29.697 Y39.231 E207.88248
G1 X30.061 Y39.544 E207.89845
G1 X30.492 Y39.796 E207.91505
G1 X31.056 Y39.931 E207.93434
G1 X31.551 Y39.909 E207.95082
G1 X32.017 Y39.796 E207.96677
G1 X32.079 Y39.76 E207.96916
G0 F9000 X31.772 Y39.058
;TYPE:SKIN
G1 F600 X31.728 Y39.084 E207.97086
G1 X31.447 Y39.153 E207.98048
G1 X31.124 Y39.167 E207.99123
G1 X30.776 Y39.084 E208.00313
G1 X30.506 Y38.925 E208.01355
G1 X30.277 Y38.723 E208.02371
G1 X30.107 Y38.463 E208.03404
G1 X30.021 Y38.248 E208.04174
G1 X29.976 Y37.755 E208.05821
G1 X30.032 Y37.458 E208.06826
G1 X30.205 Y37.126 E208.08071
G1 X30.507 Y36.809 E208.09528
G1 X30.889 Y36.639 E208.10918
G1 X31.256 Y36.587 E208.12151
G1 X31.548 Y36.628 E208.13132
G1 X31.847 Y36.732 E208.14185
G1 X32.092 Y36.905 E208.15182
G1 X32.303 Y37.126 E208.16199
G1 X32.477 Y37.463 E208.1746
G1 X32.536 Y37.753 E208.18444
G1 X32.487 Y38.242 E208.20079
G1 X32.269 Y38.668 E208.2167
G1 X32.051 Y38.897 E208.22722
G1 X31.772 Y39.058 E208.23793
G0 F9000 X31.18 Y38.965
G1 F600 X32.318 Y37.827 E208.29146
G0 F9000 X32.205 Y37.374
G1 F600 X30.746 Y38.834 E208.36011
G0 F9000 X30.428 Y38.586
G1 F600 X31.959 Y37.055 E208.43213
G0 F9000 X31.594 Y36.854
G1 F600 X30.218 Y38.23 E208.49685
G0 F9000 X30.191 Y37.691
G1 F600 X31.067 Y36.815 E208.53805
G1 F2700 E203.53805
;MESH:slupek4.stl(1)
G0 F9000 X31.003 Y36.36
G0 X31.603 Y36.436
G0 X32.985 Y37.283
G0 X34.059 Y37.076
G0 X38.352 Y38.053
G0 X41.854 Y39.423
;TYPE:WALL-INNER
G1 F2700 E208.53805
G1 F600 X41.867 Y39.42 E208.5385
G1 X42.28 Y39.183 E208.55433
G1 X42.55 Y38.897 E208.56742
G1 X42.724 Y38.631 E208.57799
G1 X42.837 Y38.347 E208.58815
G1 X42.896 Y38.039 E208.59858
G1 X42.896 Y37.722 E208.60913
G1 X42.823 Y37.342 E208.622
G1 X42.606 Y36.921 E208.63775
G1 X42.331 Y36.634 E208.65097
G1 X42.015 Y36.409 E208.66387
G1 X41.641 Y36.278 E208.67705
G1 X41.256 Y36.223 E208.68999
G1 X40.787 Y36.29 E208.70575
G1 X40.434 Y36.45 E208.71864
G1 X40.176 Y36.635 E208.7292
G1 X39.906 Y36.92 E208.74225
G1 X39.69 Y37.338 E208.7579
G1 X39.616 Y37.725 E208.77101
G1 X39.616 Y38.039 E208.78145
G1 X39.675 Y38.347 E208.79188
G1 X39.789 Y38.632 E208.80209
G1 X40.002 Y38.966 E208.81527
G1 X40.294 Y39.217 E208.82807
G1 X40.642 Y39.421 E208.84149
G1 X41.094 Y39.529 E208.85695
G1 X41.495 Y39.511 E208.8703
G1 X41.854 Y39.423 E208.88259
G0 F9000 X41.999 Y39.8
;TYPE:WALL-OUTER
G1 F600 X42.017 Y39.796 E208.88321
G1 X42.53 Y39.501 E208.90289
G1 X42.866 Y39.147 E208.91912
G1 X43.081 Y38.815 E208.93228
G1 X43.223 Y38.459 E208.94502
G1 X43.296 Y38.077 E208.95796
G1 X43.296 Y37.684 E208.97103
G1 X43.205 Y37.21 E208.98708
G1 X42.935 Y36.686 E209.00669
G1 X42.593 Y36.329 E209.02313
G1 X42.199 Y36.049 E209.03921
G1 X41.736 Y35.888 E209.05551
G1 X41.256 Y35.819 E209.07164
G1 X40.673 Y35.902 E209.09123
G1 X40.233 Y36.102 E209.1073
G1 X39.912 Y36.332 E209.12044
G1 X39.577 Y36.686 E209.13665
G1 X39.308 Y37.206 E209.15612
G1 X39.216 Y37.687 E209.17241
G1 X39.216 Y38.077 E209.18538
G1 X39.289 Y38.459 E209.19832
G1 X39.431 Y38.816 E209.21109
G1 X39.697 Y39.231 E209.22749
G1 X40.061 Y39.544 E209.24346
G1 X40.492 Y39.796 E209.26006
G1 X41.056 Y39.931 E209.27935
G1 X41.551 Y39.909 E209.29583
G1 X41.999 Y39.8 E209.31117
G0 F9000 X41.723 Y39.085
;TYPE:SKIN
G1 F600 X41.447 Y39.153 E209.32062
G1 X41.124 Y39.167 E209.33137
G1 X40.776 Y39.084 E209.34327
G1 X40.506 Y38.925 E209.35369
G1 X40.277 Y38.723 E209.36385
G1 X40.107 Y38.463 E209.37418
G1 X40.021 Y38.248 E209.38188
G1 X39.976 Y37.755 E209.39835
G1 X40.032 Y37.458 E209.4084
G1 X40.205 Y37.126 E209.42085
G1 X40.507 Y36.809 E209.43542
G1 X40.889 Y36.639 E209.44932
G1 X41.256 Y36.587 E209.46165
G1 X41.548 Y36.628 E209.47146
G1 X41.847 Y36.732 E209.48199
G1 X42.092 Y36.905 E209.49196
G1 X42.303 Y37.126 E209.50213
G1 X42.477 Y37.463 E209.51474
G1 X42.536 Y37.753 E209.52458
G1 X42.487 Y38.242 E209.54093
G1 X42.269 Y38.668 E209.55685
G1 X42.051 Y38.897 E209.56736
G1 X41.728 Y39.084 E209.57978
G1 X41.723 Y39.085 E209.57994
G0 F9000 X41.371 Y38.957
G1 F600 X42.332 Y37.996 E209.62515
G0 F9000 X42.267 Y37.494
G1 F600 X40.863 Y38.899 E209.69121
G0 F9000 X40.523 Y38.673
G1 F600 X42.047 Y37.149 E209.76289
G0 F9000 X41.728 Y36.902
G1 F600 X40.275 Y38.356 E209.83126
G0 F9000 X40.186 Y37.879
G1 F600 X41.273 Y36.791 E209.88242
G1 F2700 E204.88242
;MESH:NONMESH
G0 F300 X41.273 Y36.791 Z14.6
G0 F9000 X41.339 Y36.337
G0 X40.832 Y36.446
G0 X40.52 Y36.622
G0 X39.529 Y37.281
G0 X38.454 Y37.075
G0 X34.162 Y38.053
G0 X31.918 Y39.391
;TIME_ELAPSED:785.486626
;LAYER:72
;note -- min layer time used
;TYPE:WALL-INNER
;MESH:slupek4.stl
G1 F2700 E209.88242
G1 F600 X32.28 Y39.183 E209.8963
G1 X32.55 Y38.897 E209.90938
G1 X32.724 Y38.631 E209.91996
G1 X32.837 Y38.347 E209.93012
G1 X32.896 Y38.039 E209.94055
G1 X32.896 Y37.722 E209.9511
G1 X32.823 Y37.342 E209.96397
G1 X32.606 Y36.921 E209.97972
G1 X32.331 Y36.634 E209.99294
G1 X32.015 Y36.409 E210.00584
G1 X31.641 Y36.278 E210.01902
G1 X31.256 Y36.223 E210.03196
G1 X30.787 Y36.29 E210.04771
G1 X30.434 Y36.45 E210.0606
G1 X30.176 Y36.635 E210.07116
G1 X29.906 Y36.92 E210.08422
G1 X29.69 Y37.338 E210.09987
G1 X29.616 Y37.725 E210.11298
G1 X29.616 Y38.039 E210.12342
G1 X29.675 Y38.347 E210.13385
G1 X29.789 Y38.632 E210.14406
G1 X30.002 Y38.966 E210.15723
G1 X30.294 Y39.217 E210.17004
G1 X30.642 Y39.421 E210.18346
G1 X31.094 Y39.529 E210.19891
G1 X31.495 Y39.511 E210.21227
G1 X31.867 Y39.42 E210.225
G1 X31.918 Y39.391 E210.22695
G0 F9000 X32.079 Y39.76
;TYPE:WALL-OUTER
G1 F600 X32.53 Y39.501 E210.24425
G1 X32.866 Y39.147 E210.26049
G1 X33.081 Y38.815 E210.27364
G1 X33.223 Y38.459 E210.28639
G1 X33.296 Y38.077 E210.29932
G1 X33.296 Y37.684 E210.3124
G1 X33.205 Y37.21 E210.32845
G1 X32.935 Y36.686 E210.34805
G1 X32.593 Y36.329 E210.3645
G1 X32.199 Y36.049 E210.38057
G1 X31.736 Y35.888 E210.39688
G1 X31.256 Y35.819 E210.41301
G1 X30.673 Y35.902 E210.43259
G1 X30.233 Y36.102 E210.44867
G1 X29.912 Y36.332 E210.4618
G1 X29.577 Y36.686 E210.47801
G1 X29.308 Y37.206 E210.49749
G1 X29.216 Y37.687 E210.51377
G1 X29.216 Y38.077 E210.52675
G1 X29.289 Y38.459 E210.53968
G1 X29.431 Y38.816 E210.55246
G1 X29.697 Y39.231 E210.56885
G1 X30.061 Y39.544 E210.58482
G1 X30.492 Y39.796 E210.60143
G1 X31.056 Y39.931 E210.62072
G1 X31.551 Y39.909 E210.6372
G1 X32.017 Y39.796 E210.65314
G1 X32.079 Y39.76 E210.65553
G0 F9000 X31.772 Y39.058
;TYPE:SKIN
G1 F600 X31.728 Y39.084 E210.65723
G1 X31.447 Y39.153 E210.66685
G1 X31.124 Y39.167 E210.67761
G1 X30.776 Y39.084 E210.6895
G1 X30.506 Y38.925 E210.69993
G1 X30.277 Y38.723 E210.71008
G1 X30.107 Y38.463 E210.72041
G1 X30.021 Y38.248 E210.72812
G1 X29.976 Y37.755 E210.74458
G1 X30.032 Y37.458 E210.75463
G1 X30.205 Y37.126 E210.76709
G1 X30.507 Y36.809 E210.78165
G1 X30.889 Y36.639 E210.79555
G1 X31.256 Y36.587 E210.80788
G1 X31.548 Y36.628 E210.81769
G1 X31.847 Y36.732 E210.82822
G1 X32.092 Y36.905 E210.83819
G1 X32.303 Y37.126 E210.84836
G1 X32.477 Y37.463 E210.86097
G1 X32.536 Y37.753 E210.87082
G1 X32.487 Y38.242 E210.88716
G1 X32.269 Y38.668 E210.90308
G1 X32.051 Y38.897 E210.91359
G1 X31.772 Y39.058 E210.92431
G0 F9000 X31.901 Y39.285
G0 X31.11 Y39.367
G0 X30.704 Y39.27
G0 X30.183 Y38.9
G0 X29.754 Y38.226
G0 X30.218 Y38.138
G1 F600 X31.016 Y38.935 E210.96182
G0 F9000 X31.564 Y38.918
G1 F600 X30.215 Y37.569 E211.02527
G0 F9000 X30.411 Y37.199
G1 F600 X31.938 Y38.726 E211.0971
G0 F9000 X32.204 Y38.427
G1 F600 X30.714 Y36.936 E211.16721
G0 F9000 X31.147 Y36.804
G1 F600 X32.334 Y37.991 E211.22304
G1 F2700 E206.22304
;MESH:slupek4.stl(1)
G0 F9000 X32.786 Y38.078
G0 X33.068 Y38.053
G0 X34.162 Y38.053
G0 X38.352 Y38.053
G0 X41.854 Y39.423
;TYPE:WALL-INNER
G1 F2700 E211.22304
G1 F600 X41.867 Y39.42 E211.22348
G1 X42.28 Y39.183 E211.23932
G1 X42.55 Y38.897 E211.2524
G1 X42.724 Y38.631 E211.26297
G1 X42.837 Y38.347 E211.27314
G1 X42.896 Y38.039 E211.28357
G1 X42.896 Y37.722 E211.29411
G1 X42.823 Y37.342 E211.30698
G1 X42.606 Y36.921 E211.32274
G1 X42.331 Y36.634 E211.33596
G1 X42.015 Y36.409 E211.34886
G1 X41.641 Y36.278 E211.36204
G1 X41.256 Y36.223 E211.37497
G1 X40.787 Y36.29 E211.39073
G1 X40.434 Y36.45 E211.40362
G1 X40.176 Y36.635 E211.41418
G1 X39.906 Y36.92 E211.42724
G1 X39.69 Y37.338 E211.44289
G1 X39.616 Y37.725 E211.45599
G1 X39.616 Y38.039 E211.46644
G1 X39.675 Y38.347 E211.47687
G1 X39.789 Y38.632 E211.48708
G1 X40.002 Y38.966 E211.50025
G1 X40.294 Y39.217 E211.51306
G1 X40.642 Y39.421 E211.52648
G1 X41.094 Y39.529 E211.54193
G1 X41.495 Y39.511 E211.55528
G1 X41.854 Y39.423 E211.56758
G0 F9000 X41.999 Y39.8
;TYPE:WALL-OUTER
G1 F600 X42.017 Y39.796 E211.56819
G1 X42.53 Y39.501 E211.58787
G1 X42.866 Y39.147 E211.60411
G1 X43.081 Y38.815 E211.61726
G1 X43.223 Y38.459 E211.63001
G1 X43.296 Y38.077 E211.64294
G1 X43.296 Y37.684 E211.65602
G1 X43.205 Y37.21 E211.67207
G1 X42.935 Y36.686 E211.69167
G1 X42.593 Y36.329 E211.70812
G1 X42.199 Y36.049 E211.72419
G1 X41.736 Y35.888 E211.7405
G1 X41.256 Y35.819 E211.75663
G1 X40.673 Y35.902 E211.77621
G1 X40.233 Y36.102 E211.79229
G1 X39.912 Y36.332 E211.80542
G1 X39.577 Y36.686 E211.82163
G1 X39.308 Y37.206 E211.84111
G1 X39.216 Y37.687 E211.85739
G1 X39.216 Y38.077 E211.87037
G1 X39.289 Y38.459 E211.8833
G1 X39.431 Y38.816 E211.89608
G1 X39.697 Y39.231 E211.91247
G1 X40.061 Y39.544 E211.92844
G1 X40.492 Y39.796 E211.94505
G1 X41.056 Y39.931 E211.96434
G1 X41.551 Y39.909 E211.98082
G1 X41.999 Y39.8 E211.99615
G0 F9000 X41.723 Y39.085
;TYPE:SKIN
G1 F600 X41.447 Y39.153 E212.00561
G1 X41.124 Y39.167 E212.01636
G1 X40.776 Y39.084 E212.02826
G1 X40.506 Y38.925 E212.03868
G1 X40.277 Y38.723 E212.04884
G1 X40.107 Y38.463 E212.05917
G1 X40.021 Y38.248 E212.06687
G1 X39.976 Y37.755 E212.08334
G1 X40.032 Y37.458 E212.09339
G1 X40.205 Y37.126 E212.10584
G1 X40.507 Y36.809 E212.1204
G1 X40.889 Y36.639 E212.13431
G1 X41.256 Y36.587 E212.14664
G1 X41.548 Y36.628 E212.15644
G1 X41.847 Y36.732 E212.16697
G1 X42.092 Y36.905 E212.17695
G1 X42.303 Y37.126 E212.18711
G1 X42.477 Y37.463 E212.19973
G1 X42.536 Y37.753 E212.20957
G1 X42.487 Y38.242 E212.22591
G1 X42.269 Y38.668 E212.24183
G1 X42.051 Y38.897 E212.25235
G1 X41.728 Y39.084 E212.26476
G1 X41.723 Y39.085 E212.26493
G0 F9000 X41.783 Y39.338
G0 X41.11 Y39.367
G0 X40.704 Y39.27
G0 X40.125 Y38.859
G0 X39.958 Y38.543
G0 X39.716 Y37.926
G0 X40.189 Y37.926
G1 F600 X41.225 Y38.962 E212.31366
G0 F9000 X41.698 Y38.87
G1 F600 X40.267 Y37.438 E212.38099
G0 F9000 X40.5 Y37.105
G1 F600 X42.027 Y38.633 E212.45284
G0 F9000 X42.246 Y38.286
G1 F600 X40.84 Y36.88 E212.51898
G0 F9000 X41.324 Y36.799
G1 F600 X42.315 Y37.789 E212.56557
G1 F2700 E207.56557
;MESH:NONMESH
G0 F300 X42.315 Y37.789 Z14.8
G0 F9000 X42.796 Y37.789
G0 X42.58 Y38.556
G0 X42.179 Y39.055
G0 X41.806 Y39.27
G0 X41.11 Y39.367
G0 X40.704 Y39.27
G0 X40.235 Y38.937
G0 X39.446 Y38.053
G0 X38.352 Y38.053
G0 X33.889 Y39.123
G0 X31.918 Y39.391
;TIME_ELAPSED:796.240595
;LAYER:73
;note -- min layer time used
;TYPE:WALL-INNER
;MESH:slupek4.stl
G1 F2700 E212.56557
G1 F600 X32.28 Y39.183 E212.57945
G1 X32.55 Y38.897 E212.59253
G1 X32.724 Y38.631 E212.60311
G1 X32.837 Y38.347 E212.61327
G1 X32.896 Y38.039 E212.6237
G1 X32.896 Y37.722 E212.63425
G1 X32.823 Y37.342 E212.64712
G1 X32.606 Y36.921 E212.66287
G1 X32.331 Y36.634 E212.67609
G1 X32.015 Y36.409 E212.68899
G1 X31.641 Y36.278 E212.70217
G1 X31.256 Y36.223 E212.71511
G1 X30.787 Y36.29 E212.73086
G1 X30.434 Y36.45 E212.74376
G1 X30.176 Y36.635 E212.75431
G1 X29.906 Y36.92 E212.76737
G1 X29.69 Y37.338 E212.78302
G1 X29.616 Y37.725 E212.79613
G1 X29.616 Y38.039 E212.80657
G1 X29.675 Y38.347 E212.817
G1 X29.789 Y38.632 E212.82721
G1 X30.002 Y38.966 E212.84038
G1 X30.294 Y39.217 E212.85319
G1 X30.642 Y39.421 E212.86661
G1 X31.094 Y39.529 E212.88207
G1 X31.495 Y39.511 E212.89542
G1 X31.867 Y39.42 E212.90815
G1 X31.918 Y39.391 E212.9101
G0 F9000 X32.079 Y39.76
;TYPE:WALL-OUTER
G1 F600 X32.53 Y39.501 E212.9274
G1 X32.866 Y39.147 E212.94364
G1 X33.081 Y38.815 E212.95679
G1 X33.223 Y38.459 E212.96954
G1 X33.296 Y38.077 E212.98247
G1 X33.296 Y37.684 E212.99555
G1 X33.205 Y37.21 E213.0116
G1 X32.935 Y36.686 E213.0312
G1 X32.593 Y36.329 E213.04765
G1 X32.199 Y36.049 E213.06372
G1 X31.736 Y35.888 E213.08003
G1 X31.256 Y35.819 E213.09616
G1 X30.673 Y35.902 E213.11574
G1 X30.233 Y36.102 E213.13182
G1 X29.912 Y36.332 E213.14495
G1 X29.577 Y36.686 E213.16116
G1 X29.308 Y37.206 E213.18064
G1 X29.216 Y37.687 E213.19692
G1 X29.216 Y38.077 E213.2099
G1 X29.289 Y38.459 E213.22283
G1 X29.431 Y38.816 E213.23561
G1 X29.697 Y39.231 E213.252
G1 X30.061 Y39.544 E213.26797
G1 X30.492 Y39.796 E213.28458
G1 X31.056 Y39.931 E213.30387
G1 X31.551 Y39.909 E213.32035
G1 X32.017 Y39.796 E213.33629
G1 X32.079 Y39.76 E213.33868
G0 F9000 X31.772 Y39.058
;TYPE:SKIN
G1 F600 X31.728 Y39.084 E213.34038
G1 X31.447 Y39.153 E213.35
G1 X31.124 Y39.167 E213.36076
G1 X30.776 Y39.084 E213.37265
G1 X30.506 Y38.925 E213.38308
G1 X30.277 Y38.723 E213.39323
G1 X30.107 Y38.463 E213.40356
G1 X30.021 Y38.248 E213.41127
G1 X29.976 Y37.755 E213.42773
G1 X30.032 Y37.458 E213.43778
G1 X30.205 Y37.126 E213.45024
G1 X30.507 Y36.809 E213.4648
G1 X30.889 Y36.639 E213.47871
G1 X31.256 Y36.587 E213.49103
G1 X31.548 Y36.628 E213.50084
G1 X31.847 Y36.732 E213.51137
G1 X32.092 Y36.905 E213.52135
G1 X32.303 Y37.126 E213.53151
G1 X32.477 Y37.463 E213.54412
G1 X32.536 Y37.753 E213.55397
G1 X32.487 Y38.242 E213.57031
G1 X32.269 Y38.668 E213.58623
G1 X32.051 Y38.897 E213.59674
G1 X31.772 Y39.058 E213.60746
G0 F9000 X31.18 Y38.965
G1 F600 X32.318 Y37.827 E213.66099
G0 F9000 X32.205 Y37.374
G1 F600 X30.746 Y38.834 E213.72964
G0 F9000 X30.428 Y38.586
G1 F600 X31.959 Y37.055 E213.80165
G0 F9000 X31.594 Y36.854
G1 F600 X30.218 Y38.23 E213.86637
G0 F9000 X30.191 Y37.691
G1 F600 X31.067 Y36.815 E213.90758
G1 F2700 E208.90758
;MESH:slupek4.stl(1)
G0 F9000 X31.003 Y36.36
G0 X31.603 Y36.436
G0 X32.985 Y37.283
G0 X34.059 Y37.076
G0 X38.352 Y38.053
G0 X41.854 Y39.423
;TYPE:WALL-INNER
G1 F2700 E213.90758
G1 F600 X41.867 Y39.42 E213.90802
G1 X42.28 Y39.183 E213.92386
G1 X42.55 Y38.897 E213.93694
G1 X42.724 Y38.631 E213.94751
G1 X42.837 Y38.347 E213.95768
G1 X42.896 Y38.039 E213.96811
G1 X42.896 Y37.722 E213.97865
G1 X42.823 Y37.342 E213.99152
G1 X42.606 Y36.921 E214.00727
G1 X42.331 Y36.634 E214.02049
G1 X42.015 Y36.409 E214.0334
G1 X41.641 Y36.278 E214.04658
G1 X41.256 Y36.223 E214.05951
G1 X40.787 Y36.29 E214.07527
G1 X40.434 Y36.45 E214.08816
G1 X40.176 Y36.635 E214.09872
G1 X39.906 Y36.92 E214.11178
G1 X39.69 Y37.338 E214.12743
G1 X39.616 Y37.725 E214.14053
G1 X39.616 Y38.039 E214.15097
G1 X39.675 Y38.347 E214.16141
G1 X39.789 Y38.632 E214.17161
G1 X40.002 Y38.966 E214.18479
G1 X40.294 Y39.217 E214.1976
G1 X40.642 Y39.421 E214.21101
G1 X41.094 Y39.529 E214.22647
G1 X41.495 Y39.511 E214.23982
G1 X41.854 Y39.423 E214.25212
G0 F9000 X41.999 Y39.8
;TYPE:WALL-OUTER
G1 F600 X42.017 Y39.796 E214.25273
G1 X42.53 Y39.501 E214.27241
G1 X42.866 Y39.147 E214.28864
G1 X43.081 Y38.815 E214.3018
G1 X43.223 Y38.459 E214.31455
G1 X43.296 Y38.077 E214.32748
G1 X43.296 Y37.684 E214.34055
G1 X43.205 Y37.21 E214.35661
G1 X42.935 Y36.686 E214.37621
G1 X42.593 Y36.329 E214.39266
G1 X42.199 Y36.049 E214.40873
G1 X41.736 Y35.888 E214.42504
G1 X41.256 Y35.819 E214.44117
G1 X40.673 Y35.902 E214.46075
G1 X40.233 Y36.102 E214.47683
G1 X39.912 Y36.332 E214.48996
G1 X39.577 Y36.686 E214.50617
G1 X39.308 Y37.206 E214.52564
G1 X39.216 Y37.687 E214.54193
G1 X39.216 Y38.077 E214.5549
G1 X39.289 Y38.459 E214.56784
G1 X39.431 Y38.816 E214.58062
G1 X39.697 Y39.231 E214.59701
G1 X40.061 Y39.544 E214.61298
G1 X40.492 Y39.796 E214.62959
G1 X41.056 Y39.931 E214.64887
G1 X41.551 Y39.909 E214.66535
G1 X41.999 Y39.8 E214.68069
G0 F9000 X41.723 Y39.085
;TYPE:SKIN
G1 F600 X41.447 Y39.153 E214.69014
G1 X41.124 Y39.167 E214.7009
G1 X40.776 Y39.084 E214.7128
G1 X40.506 Y38.925 E214.72322
G1 X40.277 Y38.723 E214.73337
G1 X40.107 Y38.463 E214.74371
G1 X40.021 Y38.248 E214.75141
G1 X39.976 Y37.755 E214.76787
G1 X40.032 Y37.458 E214.77793
G1 X40.205 Y37.126 E214.79038
G1 X40.507 Y36.809 E214.80494
G1 X40.889 Y36.639 E214.81885
G1 X41.256 Y36.587 E214.83117
G1 X41.548 Y36.628 E214.84098
G1 X41.847 Y36.732 E214.85151
G1 X42.092 Y36.905 E214.86149
G1 X42.303 Y37.126 E214.87165
G1 X42.477 Y37.463 E214.88426
G1 X42.536 Y37.753 E214.89411
G1 X42.487 Y38.242 E214.91045
G1 X42.269 Y38.668 E214.92637
G1 X42.051 Y38.897 E214.93688
G1 X41.728 Y39.084 E214.9493
G1 X41.723 Y39.085 E214.94947
G0 F9000 X41.371 Y38.957
G1 F600 X42.332 Y37.996 E214.99467
G0 F9000 X42.267 Y37.494
G1 F600 X40.863 Y38.899 E215.06073
G0 F9000 X40.523 Y38.673
G1 F600 X42.047 Y37.149 E215.13242
G0 F9000 X41.728 Y36.902
G1 F600 X40.275 Y38.356 E215.20079
G0 F9000 X40.186 Y37.879
G1 F600 X41.273 Y36.791 E215.25194
G1 F2700 E210.25194
;MESH:NONMESH
G0 F300 X41.273 Y36.791 Z15
G0 F9000 X41.339 Y36.337
G0 X40.832 Y36.446
G0 X40.52 Y36.622
G0 X39.529 Y37.281
G0 X38.454 Y37.075
G0 X34.162 Y38.053
G0 X31.918 Y39.391
;TIME_ELAPSED:806.731039
;LAYER:74
;note -- min layer time used
;TYPE:WALL-INNER
;MESH:slupek4.stl
G1 F2700 E215.25194
G1 F600 X32.28 Y39.181 E215.26586
G1 X32.549 Y38.898 E215.27884
G1 X32.724 Y38.631 E215.28946
G1 X32.837 Y38.347 E215.29963
G1 X32.896 Y38.039 E215.31006
G1 X32.896 Y37.721 E215.32064
G1 X32.837 Y37.416 E215.33097
G1 X32.72 Y37.129 E215.34128
G1 X32.549 Y36.86 E215.35188
G1 X32.333 Y36.632 E215.36232
G1 X32.015 Y36.408 E215.37526
G1 X31.641 Y36.278 E215.38843
G1 X31.256 Y36.223 E215.40137
G1 X30.787 Y36.29 E215.41712
G1 X30.434 Y36.45 E215.43001
G1 X30.176 Y36.635 E215.44057
G1 X29.907 Y36.919 E215.45358
G1 X29.69 Y37.338 E215.46928
G1 X29.617 Y37.725 E215.48238
G1 X29.616 Y38.039 E215.49282
G1 X29.675 Y38.347 E215.50325
G1 X29.789 Y38.632 E215.51346
G1 X30.002 Y38.966 E215.52664
G1 X30.294 Y39.217 E215.53944
G1 X30.642 Y39.421 E215.55286
G1 X31.094 Y39.529 E215.56832
G1 X31.495 Y39.511 E215.58167
G1 X31.867 Y39.42 E215.5944
G1 X31.918 Y39.391 E215.59636
G0 F9000 X32.079 Y39.76
;TYPE:WALL-OUTER
G1 F600 X32.53 Y39.5 E215.61367
G1 X32.865 Y39.147 E215.62986
G1 X33.081 Y38.815 E215.64303
G1 X33.223 Y38.459 E215.65578
G1 X33.296 Y38.077 E215.66871
G1 X33.296 Y37.683 E215.68182
G1 X33.223 Y37.302 E215.69472
G1 X33.077 Y36.945 E215.70755
G1 X32.865 Y36.612 E215.72068
G1 X32.596 Y36.328 E215.73369
G1 X32.199 Y36.048 E215.74985
G1 X31.736 Y35.888 E215.76614
G1 X31.256 Y35.819 E215.78227
G1 X30.673 Y35.902 E215.80185
G1 X30.233 Y36.102 E215.81793
G1 X29.912 Y36.332 E215.83106
G1 X29.577 Y36.685 E215.84725
G1 X29.308 Y37.206 E215.86675
G1 X29.217 Y37.687 E215.88303
G1 X29.216 Y38.077 E215.89601
G1 X29.289 Y38.459 E215.90894
G1 X29.431 Y38.816 E215.92172
G1 X29.697 Y39.231 E215.93811
G1 X30.061 Y39.544 E215.95408
G1 X30.492 Y39.796 E215.97069
G1 X31.056 Y39.931 E215.98998
G1 X31.551 Y39.909 E216.00646
G1 X32.017 Y39.796 E216.0224
G1 X32.079 Y39.76 E216.02479
G0 F9000 X31.771 Y39.055
;TYPE:SKIN
G1 F600 X31.727 Y39.081 E216.02649
G1 X31.446 Y39.153 E216.03614
G1 X31.124 Y39.167 E216.04686
G1 X30.776 Y39.084 E216.05876
G1 X30.506 Y38.925 E216.06918
G1 X30.277 Y38.723 E216.07933
G1 X30.107 Y38.463 E216.08967
G1 X29.975 Y38.134 E216.10146
G1 X29.977 Y37.755 E216.11406
G1 X30.032 Y37.458 E216.12411
G1 X30.201 Y37.13 E216.13638
G1 X30.514 Y36.807 E216.15134
G1 X30.889 Y36.638 E216.16502
G1 X31.253 Y36.587 E216.17725
G1 X31.553 Y36.628 E216.18732
G1 X31.843 Y36.728 E216.19752
G1 X32.092 Y36.904 E216.20766
G1 X32.398 Y37.294 E216.22415
G1 X32.536 Y37.626 E216.23611
G1 X32.536 Y38.004 E216.24868
G1 X32.402 Y38.458 E216.26442
G1 X32.258 Y38.675 E216.27309
G1 X32.054 Y38.89 E216.28294
G1 X31.771 Y39.055 E216.29384
G0 F9000 X31.903 Y39.284
G0 X31.11 Y39.367
G0 X30.704 Y39.27
G0 X30.183 Y38.9
G0 X29.751 Y38.213
G0 X30.208 Y38.127
G1 F600 X31.016 Y38.935 E216.33184
G0 F9000 X31.562 Y38.916
G1 F600 X30.214 Y37.568 E216.39525
G0 F9000 X30.411 Y37.199
G1 F600 X31.935 Y38.723 E216.46693
G0 F9000 X32.188 Y38.411
G1 F600 X30.714 Y36.936 E216.53629
G0 F9000 X31.147 Y36.804
G1 F600 X32.335 Y37.991 E216.59215
G1 F2700 E211.59215
;MESH:slupek4.stl(1)
G0 F9000 X32.786 Y38.077
G0 X33.068 Y38.053
G0 X34.162 Y38.053
G0 X38.352 Y38.053
G0 X41.854 Y39.423
;TYPE:WALL-INNER
G1 F2700 E216.59215
G1 F600 X41.867 Y39.42 E216.59259
G1 X42.28 Y39.181 E216.60846
G1 X42.549 Y38.898 E216.62145
G1 X42.724 Y38.631 E216.63207
G1 X42.837 Y38.347 E216.64223
G1 X42.896 Y38.039 E216.65266
G1 X42.896 Y37.721 E216.66324
G1 X42.837 Y37.416 E216.67357
G1 X42.72 Y37.129 E216.68388
G1 X42.549 Y36.86 E216.69448
G1 X42.333 Y36.632 E216.70493
G1 X42.015 Y36.408 E216.71787
G1 X41.641 Y36.278 E216.73103
G1 X41.256 Y36.223 E216.74397
G1 X40.787 Y36.29 E216.75973
G1 X40.434 Y36.45 E216.77262
G1 X40.176 Y36.635 E216.78318
G1 X39.907 Y36.919 E216.79619
G1 X39.69 Y37.338 E216.81188
G1 X39.617 Y37.725 E216.82498
G1 X39.616 Y38.039 E216.83542
G1 X39.675 Y38.347 E216.84585
G1 X39.789 Y38.632 E216.85606
G1 X40.002 Y38.966 E216.86924
G1 X40.294 Y39.217 E216.88205
G1 X40.642 Y39.421 E216.89546
G1 X41.094 Y39.529 E216.91092
G1 X41.495 Y39.511 E216.92427
G1 X41.854 Y39.423 E216.93656
G0 F9000 X41.999 Y39.8
;TYPE:WALL-OUTER
G1 F600 X42.017 Y39.796 E216.93718
G1 X42.53 Y39.5 E216.95688
G1 X42.865 Y39.147 E216.97306
G1 X43.081 Y38.815 E216.98624
G1 X43.223 Y38.459 E216.99898
G1 X43.296 Y38.077 E217.01192
G1 X43.296 Y37.683 E217.02502
G1 X43.223 Y37.302 E217.03793
G1 X43.077 Y36.945 E217.05075
G1 X42.865 Y36.612 E217.06388
G1 X42.596 Y36.328 E217.07689
G1 X42.199 Y36.048 E217.09305
G1 X41.736 Y35.888 E217.10935
G1 X41.256 Y35.819 E217.12547
G1 X40.673 Y35.902 E217.14506
G1 X40.233 Y36.102 E217.16114
G1 X39.912 Y36.332 E217.17427
G1 X39.577 Y36.685 E217.19046
G1 X39.308 Y37.206 E217.20996
G1 X39.217 Y37.687 E217.22624
G1 X39.216 Y38.077 E217.23921
G1 X39.289 Y38.459 E217.25215
G1 X39.431 Y38.816 E217.26493
G1 X39.697 Y39.231 E217.28132
G1 X40.061 Y39.544 E217.29729
G1 X40.492 Y39.796 E217.31389
G1 X41.056 Y39.931 E217.33318
G1 X41.551 Y39.909 E217.34966
G1 X41.999 Y39.8 E217.365
G0 F9000 X41.722 Y39.082
;TYPE:SKIN
G1 F600 X41.446 Y39.153 E217.37448
G1 X41.124 Y39.167 E217.3852
G1 X40.776 Y39.084 E217.3971
G1 X40.506 Y38.925 E217.40752
G1 X40.277 Y38.723 E217.41767
G1 X40.107 Y38.463 E217.42801
G1 X39.975 Y38.134 E217.4398
G1 X39.977 Y37.755 E217.4524
G1 X40.032 Y37.458 E217.46245
G1 X40.201 Y37.13 E217.47472
G1 X40.514 Y36.807 E217.48968
G1 X40.889 Y36.638 E217.50336
G1 X41.253 Y36.587 E217.51559
G1 X41.553 Y36.628 E217.52566
G1 X41.843 Y36.728 E217.53586
G1 X42.092 Y36.904 E217.546
G1 X42.398 Y37.294 E217.56249
G1 X42.536 Y37.626 E217.57445
G1 X42.536 Y38.004 E217.58702
G1 X42.402 Y38.458 E217.60276
G1 X42.258 Y38.675 E217.61143
G1 X42.054 Y38.89 E217.62128
G1 X41.727 Y39.081 E217.63388
G1 X41.722 Y39.082 E217.63405
G0 F9000 X41.783 Y39.338
G0 X41.11 Y39.367
G0 X40.704 Y39.27
G0 X40.125 Y38.859
G0 X39.958 Y38.543
G0 X39.717 Y37.926
G0 X40.191 Y37.928
G1 F600 X41.225 Y38.962 E217.68268
G0 F9000 X41.695 Y38.867
G1 F600 X40.266 Y37.438 E217.7499
G0 F9000 X40.501 Y37.107
G1 F600 X42.017 Y38.623 E217.82121
G0 F9000 X42.248 Y38.288
G1 F600 X40.84 Y36.88 E217.88744
G0 F9000 X41.324 Y36.799
G1 F600 X42.318 Y37.793 E217.93419
;TIME_ELAPSED:816.780485
G1 F2700 E212.93419
M140 S0
M107
G91 ;Relative positioning
G1 E-2 F2700 ;Retract a bit
G1 E-2 Z0.2 F2400 ;Retract and raise Z
G1 X5 Y5 F3000 ;Wipe out
G1 Z10 ;Raise Z more
G90 ;Absolute positioning

G1 X0 Y235 ;Present print
M106 S0 ;Turn-off fan
M104 S0 ;Turn-off hotend
M140 S0 ;Turn-off bed

M84 X Y E ;Disable all steppers but Z

M82 ;absolute extrusion mode
M104 S0
;End of Gcode
;SETTING_3 {"global_quality": "[general]\\nversion = 4\\nname = Standard Quality
;SETTING_3  #2\\ndefinition = creality_ender3\\n\\n[metadata]\\ntype = quality_c
;SETTING_3 hanges\\nquality_type = standard\\nsetting_version = 25\\n\\n[values]
;SETTING_3 \\nspeed_slowdown_layers = 1\\nsupport_structure = normal\\n\\n", "ex
;SETTING_3 truder_quality": ["[general]\\nversion = 4\\nname = Standard Quality 
;SETTING_3 #2\\ndefinition = creality_ender3\\n\\n[metadata]\\ntype = quality_ch
;SETTING_3 anges\\nquality_type = standard\\nsetting_version = 25\\nposition = 0
;SETTING_3 \\n\\n[values]\\ninfill_pattern = gyroid\\ninfill_sparse_density = 10
;SETTING_3 0\\noptimize_wall_printing_order = False\\nspeed_print = 60.0\\nspeed
;SETTING_3 _topbottom = 40.0\\nspeed_wall = 40.0\\nsupport_type = buildplate\\ns
;SETTING_3 upport_use_towers = False\\n\\n"]}
