;FLAVOR:Marlin
;TIME:629
;Filament used: 0.158437m
;Layer height: 0.2
;MINX:27.219
;MINY:27.179
;MINZ:0.2
;MAXX:61.558
;MAXY:53.78
;MAXZ:15
;TARGET_MACHINE.NAME:Creality Ender-3
;Generated with Cura_SteamEngine 5.10.0
M140 S50
M105
M190 S50
M104 S200
M105
M109 S200
; Ender 3 Custom Start G-code
G92 E0 ; Reset Extruder
G28 ; Home all axes
G1 Z2.0 F3000 ; Move Z Axis up little to prevent scratching of Heat Bed
G1 X0.1 Y20 Z0.3 F5000.0 ; Move to start position
G1 X0.1 Y200.0 Z0.3 F1500.0 E15 ; Draw the first line
G1 X0.4 Y200.0 Z0.3 F5000.0 ; Move to side a little
G1 X0.4 Y20 Z0.3 F1500.0 E30 ; Draw the second line
G92 E0 ; Reset Extruder
G1 Z2.0 F3000 ; Move Z Axis up little to prevent scratching of Heat Bed
G1 X5 Y20 Z0.3 F5000.0 ; Move over to prevent blob squish
M82 ;absolute extrusion mode
G92 E0
G92 E0
G1 F2700 E-5
;LAYER_COUNT:75
;LAYER:0
M107
G0 F6000 X31.365 Y31.404 Z0.2
;TYPE:SKIRT
G1 F2700 E0
G1 F1200 X32.106 Y30.768 E0.03248
G1 X32.957 Y30.163 E0.06721
G1 X33.237 Y29.984 E0.07826
G1 X34.157 Y29.46 E0.11347
G1 X34.568 Y29.254 E0.12877
G1 X35.458 Y28.858 E0.16117
G1 X36.377 Y28.543 E0.19348
G1 X37.206 Y28.334 E0.22191
G1 X37.73 Y28.223 E0.23973
G1 X38.621 Y28.076 E0.26976
G1 X39.281 Y28.015 E0.29181
G1 X41.657 Y27.867 E0.37099
G1 X44.149 Y27.646 E0.4542
G1 X47.094 Y27.296 E0.55284
G1 X47.778 Y27.229 E0.5757
G1 X48.752 Y27.179 E0.60813
G1 X49.724 Y27.218 E0.64049
G1 X50.652 Y27.335 E0.6716
G1 X51.495 Y27.512 E0.70025
G1 X51.904 Y27.616 E0.71428
G1 X52.633 Y27.828 E0.73954
G1 X52.946 Y27.932 E0.75051
G1 X53.856 Y28.281 E0.78292
G1 X54.668 Y28.675 E0.81294
G1 X55.405 Y29.106 E0.84134
G1 X56.076 Y29.551 E0.86812
G1 X56.338 Y29.741 E0.87888
G1 X57.099 Y30.347 E0.91124
G1 X57.766 Y30.979 E0.9418
G1 X58.161 Y31.386 E0.96066
G1 X58.761 Y32.061 E0.9907
G1 X59.383 Y32.901 E1.02546
G1 X59.886 Y33.727 E1.05763
G1 X60.237 Y34.424 E1.08359
G1 X60.467 Y34.924 E1.10189
G1 X60.822 Y35.8 E1.13333
G1 X61.191 Y37.069 E1.17728
G1 X61.292 Y37.517 E1.19256
G1 X61.461 Y38.484 E1.22521
G1 X61.551 Y39.651 E1.26414
G1 X61.558 Y39.99 E1.27542
G1 X61.537 Y40.929 E1.30666
G1 X61.422 Y41.954 E1.34096
G1 X61.348 Y42.413 E1.35642
G1 X61.147 Y43.365 E1.38879
G1 X60.857 Y44.313 E1.42176
G1 X60.333 Y45.545 E1.46629
G1 X60.007 Y46.192 E1.49038
G1 X59.527 Y47.039 E1.52276
G1 X58.994 Y47.814 E1.55405
G1 X58.312 Y48.634 E1.58952
G1 X58.101 Y48.864 E1.5999
G1 X57.047 Y49.871 E1.64839
G1 X56.765 Y50.106 E1.6606
G1 X56.047 Y50.654 E1.69064
G1 X55.267 Y51.159 E1.72154
G1 X54.418 Y51.635 E1.75392
G1 X53.561 Y52.022 E1.78519
G1 X52.59 Y52.36 E1.81939
G1 X52.127 Y52.495 E1.83543
G1 X51.176 Y52.729 E1.868
G1 X50.126 Y52.885 E1.90331
G1 X49.329 Y52.955 E1.92992
G1 X48.419 Y53.013 E1.96025
G1 X45.81 Y53.214 E2.04728
G1 X42.537 Y53.572 E2.15679
G1 X41.685 Y53.675 E2.18534
G1 X41.039 Y53.736 E2.20692
G1 X40.137 Y53.78 E2.23695
G1 X38.781 Y53.706 E2.28212
G1 X38.367 Y53.658 E2.29598
G1 X37.405 Y53.5 E2.32841
G1 X36.53 Y53.277 E2.35844
G1 X35.724 Y53.006 E2.38672
G1 X34.735 Y52.598 E2.42231
G1 X34.41 Y52.443 E2.43428
G1 X33.317 Y51.844 E2.47574
G1 X33.023 Y51.661 E2.48726
G1 X32.279 Y51.149 E2.51729
G1 X31.467 Y50.475 E2.55239
G1 X30.644 Y49.64 E2.59139
G1 X30.307 Y49.257 E2.60836
G1 X29.689 Y48.488 E2.64117
G1 X29.021 Y47.459 E2.68197
G1 X28.78 Y47.033 E2.69825
G1 X28.353 Y46.19 E2.72968
G1 X27.89 Y44.989 E2.77249
G1 X27.78 Y44.643 E2.78457
G1 X27.535 Y43.735 E2.81585
G1 X27.346 Y42.63 E2.85313
G1 X27.288 Y42.142 E2.86948
G1 X27.219 Y41.155 E2.90239
G1 X27.266 Y39.815 E2.94698
G1 X27.308 Y39.393 E2.96109
G1 X27.44 Y38.499 E2.99115
G1 X27.719 Y37.355 E3.03031
G1 X27.843 Y36.948 E3.04446
G1 X28.164 Y36.042 E3.07643
G1 X28.723 Y34.86 E3.11992
G1 X28.95 Y34.449 E3.13554
G1 X29.471 Y33.606 E3.1685
G1 X30.298 Y32.539 E3.2134
G1 X30.684 Y32.102 E3.23279
G1 X31.365 Y31.404 E3.26522
G0 F6000 X31.626 Y31.707
G1 F1200 X32.338 Y31.094 E3.29647
G1 X33.172 Y30.5 E3.33053
G1 X33.435 Y30.332 E3.34091
G1 X34.355 Y29.808 E3.37612
G1 X34.731 Y29.619 E3.39012
G1 X35.588 Y29.236 E3.42134
G1 X36.475 Y28.931 E3.45254
G1 X37.289 Y28.725 E3.48046
G1 X37.795 Y28.618 E3.49767
G1 X38.686 Y28.471 E3.5277
G1 X39.306 Y28.414 E3.54841
G1 X41.682 Y28.266 E3.62759
G1 X44.196 Y28.043 E3.71153
G1 X47.133 Y27.694 E3.80991
G1 X47.799 Y27.628 E3.83217
G1 X48.737 Y27.579 E3.86341
G1 X49.674 Y27.615 E3.89459
G1 X50.57 Y27.727 E3.92463
G1 X51.397 Y27.9 E3.95273
G1 X51.792 Y28 E3.96628
G1 X52.507 Y28.208 E3.99105
G1 X52.803 Y28.306 E4.00142
G1 X53.681 Y28.641 E4.03267
G1 X54.493 Y29.035 E4.06269
G1 X55.184 Y29.439 E4.08931
G1 X55.842 Y29.876 E4.11559
G1 X56.089 Y30.054 E4.12571
G1 X56.824 Y30.637 E4.15692
G1 X57.479 Y31.257 E4.18691
G1 X57.862 Y31.652 E4.20521
G1 X58.462 Y32.327 E4.23525
G1 X59.042 Y33.109 E4.26763
G1 X59.529 Y33.907 E4.29873
G1 X59.874 Y34.591 E4.32421
G1 X60.096 Y35.074 E4.34189
G1 X60.451 Y35.95 E4.37332
G1 X60.801 Y37.157 E4.41512
G1 X60.898 Y37.587 E4.42978
G1 X61.062 Y38.515 E4.46113
G1 X61.151 Y39.66 E4.49933
G1 X61.158 Y39.982 E4.51004
G1 X61.139 Y40.885 E4.54008
G1 X61.027 Y41.89 E4.57371
G1 X60.956 Y42.331 E4.58857
G1 X60.764 Y43.249 E4.61976
G1 X60.489 Y44.156 E4.65129
G1 X59.965 Y45.388 E4.69581
G1 X59.659 Y45.995 E4.71842
G1 X59.197 Y46.812 E4.74964
G1 X58.664 Y47.587 E4.78092
G1 X58.017 Y48.364 E4.81455
G1 X57.806 Y48.594 E4.82494
G1 X56.79 Y49.564 E4.87166
G1 X56.522 Y49.788 E4.88327
G1 X55.804 Y50.336 E4.91331
G1 X55.071 Y50.81 E4.94235
G1 X54.253 Y51.27 E4.97356
G1 X53.396 Y51.657 E5.00484
G1 X52.477 Y51.976 E5.03719
G1 X52.031 Y52.107 E5.05265
G1 X51.117 Y52.333 E5.08397
G1 X50.067 Y52.489 E5.11927
G1 X49.304 Y52.556 E5.14475
G1 X48.388 Y52.614 E5.17528
G1 X45.769 Y52.816 E5.26264
G1 X42.494 Y53.174 E5.37222
G1 X41.637 Y53.278 E5.40093
G1 X41.02 Y53.336 E5.42154
G1 X40.118 Y53.38 E5.45158
G1 X38.827 Y53.309 E5.49458
G1 X38.431 Y53.263 E5.50784
G1 X37.504 Y53.112 E5.53908
G1 X36.629 Y52.889 E5.56912
G1 X35.876 Y52.636 E5.59554
G1 X34.907 Y52.237 E5.63039
G1 X34.602 Y52.092 E5.64162
G1 X33.529 Y51.505 E5.6823
G1 X33.25 Y51.331 E5.69324
G1 X32.506 Y50.819 E5.72328
G1 X31.752 Y50.194 E5.75585
G1 X30.944 Y49.375 E5.79412
G1 X30.618 Y49.006 E5.81049
G1 X30.025 Y48.27 E5.84193
G1 X29.357 Y47.241 E5.88273
G1 X29.137 Y46.852 E5.8976
G1 X28.71 Y46.009 E5.92903
G1 X28.271 Y44.868 E5.96969
G1 X28.166 Y44.538 E5.98121
G1 X27.929 Y43.667 E6.01123
G1 X27.743 Y42.583 E6.04781
G1 X27.687 Y42.113 E6.06355
G1 X27.619 Y41.169 E6.09503
G1 X27.666 Y39.829 E6.13963
G1 X27.704 Y39.451 E6.15226
G1 X27.836 Y38.557 E6.18232
G1 X28.102 Y37.472 E6.21948
G1 X28.226 Y37.065 E6.23363
G1 X28.526 Y36.213 E6.26367
G1 X29.085 Y35.031 E6.30716
G1 X29.291 Y34.658 E6.32133
G1 X29.787 Y33.851 E6.35284
G1 X30.614 Y32.784 E6.39774
G1 X30.971 Y32.381 E6.41564
G1 X31.626 Y31.707 E6.4469
G0 F6000 X31.887 Y32.01
G1 F1200 X32.57 Y31.42 E6.47692
G1 X33.388 Y30.837 E6.51033
G1 X33.633 Y30.68 E6.52001
G1 X34.553 Y30.156 E6.55523
G1 X34.895 Y29.984 E6.56796
G1 X35.719 Y29.614 E6.598
G1 X36.573 Y29.319 E6.62805
G1 X37.372 Y29.116 E6.65547
G1 X37.86 Y29.013 E6.67206
G1 X38.751 Y28.866 E6.70209
G1 X39.331 Y28.813 E6.72147
G1 X41.707 Y28.665 E6.80064
G1 X44.243 Y28.44 E6.88532
G1 X47.173 Y28.092 E6.98346
G1 X47.82 Y28.027 E7.00509
G1 X48.722 Y27.979 E7.03513
G1 X49.624 Y28.012 E7.06515
G1 X50.52 Y28.124 E7.09519
G1 X51.299 Y28.288 E7.12166
G1 X51.68 Y28.384 E7.13473
G1 X52.382 Y28.588 E7.15905
G1 X52.661 Y28.68 E7.16882
G1 X53.506 Y29.001 E7.19888
G1 X54.318 Y29.395 E7.2289
G1 X54.963 Y29.772 E7.25375
G1 X55.608 Y30.2 E7.27949
G1 X55.841 Y30.368 E7.28905
G1 X56.549 Y30.928 E7.31907
G1 X57.192 Y31.536 E7.34851
G1 X57.563 Y31.918 E7.36622
G1 X58.163 Y32.593 E7.39625
G1 X58.701 Y33.318 E7.42628
G1 X59.172 Y34.088 E7.4563
G1 X59.511 Y34.758 E7.48128
G1 X59.726 Y35.225 E7.49838
G1 X60.067 Y36.062 E7.52844
G1 X60.411 Y37.245 E7.56941
G1 X60.504 Y37.657 E7.58346
G1 X60.663 Y38.546 E7.6135
G1 X60.751 Y39.669 E7.65097
G1 X60.758 Y39.974 E7.66111
G1 X60.739 Y40.877 E7.69115
G1 X60.632 Y41.827 E7.72295
G1 X60.564 Y42.25 E7.7372
G1 X60.381 Y43.134 E7.76723
G1 X60.121 Y43.999 E7.79727
G1 X59.597 Y45.231 E7.8418
G1 X59.31 Y45.799 E7.86296
G1 X58.867 Y46.586 E7.893
G1 X58.357 Y47.331 E7.92303
G1 X57.722 Y48.094 E7.95604
G1 X57.511 Y48.324 E7.96643
G1 X56.534 Y49.257 E8.01136
G1 X56.279 Y49.47 E8.02241
G1 X55.561 Y50.018 E8.05245
G1 X54.874 Y50.462 E8.07966
G1 X54.088 Y50.906 E8.10968
G1 X53.265 Y51.279 E8.13974
G1 X52.363 Y51.592 E8.17149
G1 X51.934 Y51.719 E8.18637
G1 X51.058 Y51.937 E8.2164
G1 X50.008 Y52.093 E8.2517
G1 X49.279 Y52.157 E8.27604
G1 X48.357 Y52.215 E8.30677
G1 X45.725 Y52.418 E8.39457
G1 X42.45 Y52.777 E8.50415
G1 X41.6 Y52.88 E8.53263
G1 X41.001 Y52.936 E8.55264
G1 X40.099 Y52.98 E8.58267
G1 X38.873 Y52.912 E8.62351
G1 X38.495 Y52.868 E8.63617
G1 X37.603 Y52.724 E8.66622
G1 X36.728 Y52.501 E8.69626
G1 X36.028 Y52.266 E8.72081
G1 X35.078 Y51.875 E8.75498
G1 X34.794 Y51.741 E8.76543
G1 X33.741 Y51.166 E8.80533
G1 X33.477 Y51.001 E8.81569
G1 X32.733 Y50.489 E8.84573
G1 X32.037 Y49.913 E8.87577
G1 X31.244 Y49.11 E8.91331
G1 X30.929 Y48.754 E8.92912
G1 X30.361 Y48.052 E8.95915
G1 X29.693 Y47.023 E8.99996
G1 X29.493 Y46.67 E9.01345
G1 X29.083 Y45.865 E9.0435
G1 X28.652 Y44.746 E9.08338
G1 X28.552 Y44.433 E9.09431
G1 X28.315 Y43.562 E9.12433
G1 X28.14 Y42.536 E9.15895
G1 X28.086 Y42.083 E9.17413
G1 X28.019 Y41.183 E9.20414
G1 X28.066 Y39.843 E9.24874
G1 X28.1 Y39.509 E9.25991
G1 X28.232 Y38.615 E9.28996
G1 X28.485 Y37.588 E9.32514
G1 X28.603 Y37.198 E9.33869
G1 X28.903 Y36.346 E9.36874
G1 X29.435 Y35.224 E9.41004
G1 X29.632 Y34.867 E9.4236
G1 X30.103 Y34.096 E9.45365
G1 X30.93 Y33.029 E9.49855
G1 X31.258 Y32.659 E9.51499
G1 X31.887 Y32.01 E9.54505
G1 F2700 E4.54505
;MESH:slupek3.stl
G0 F6000 X38.341 Y39.029
G0 X39.159 Y39.753
G0 X40.861 Y41.638
G0 X40.582 Y42.093
;TYPE:WALL-INNER
G1 F2700 E9.54505
G1 F1200 X40.65 Y42.073 E9.54741
G1 X40.924 Y41.889 E9.55839
G1 X41.114 Y41.693 E9.56747
G1 X41.261 Y41.467 E9.57644
G1 X41.353 Y41.226 E9.58502
G1 X41.397 Y40.962 E9.59392
G1 X41.384 Y40.695 E9.60281
G1 X41.294 Y40.368 E9.61409
G1 X41.121 Y40.089 E9.62501
G1 X40.936 Y39.899 E9.63383
G1 X40.714 Y39.748 E9.64276
G1 X40.461 Y39.643 E9.65187
G1 X40.14 Y39.584 E9.66272
G1 X39.809 Y39.627 E9.67383
G1 X39.56 Y39.715 E9.68261
G1 X39.266 Y39.889 E9.69397
G1 X39.043 Y40.14 E9.70514
G1 X38.916 Y40.365 E9.71373
G1 X38.831 Y40.623 E9.72277
G1 X38.804 Y40.885 E9.73153
G1 X38.831 Y41.153 E9.74049
G1 X38.909 Y41.399 E9.74907
G1 X39.045 Y41.64 E9.75827
G1 X39.266 Y41.893 E9.76945
G1 X39.541 Y42.057 E9.7801
G1 X39.8 Y42.149 E9.78924
G1 X40.071 Y42.185 E9.79833
G1 X40.333 Y42.166 E9.80707
G1 X40.582 Y42.093 E9.8157
G0 F6000 X40.731 Y42.467
;TYPE:WALL-OUTER
G1 F1200 X40.822 Y42.44 E9.81886
G1 X41.182 Y42.197 E9.8333
G1 X41.43 Y41.943 E9.84511
G1 X41.62 Y41.649 E9.85675
G1 X41.741 Y41.331 E9.86807
G1 X41.799 Y40.984 E9.87977
G1 X41.781 Y40.632 E9.89149
G1 X41.666 Y40.206 E9.90617
G1 X41.437 Y39.841 E9.9205
G1 X41.194 Y39.591 E9.9321
G1 X40.904 Y39.394 E9.94376
G1 X40.575 Y39.257 E9.95561
G1 X40.15 Y39.179 E9.96998
G1 X39.715 Y39.236 E9.98457
G1 X39.39 Y39.351 E9.99604
G1 X39.009 Y39.577 E10.01077
G1 X38.716 Y39.906 E10.02543
G1 X38.548 Y40.202 E10.03675
G1 X38.437 Y40.539 E10.04855
G1 X38.402 Y40.885 E10.06011
G1 X38.437 Y41.235 E10.07181
G1 X38.541 Y41.559 E10.08313
G1 X38.717 Y41.872 E10.09507
G1 X39.006 Y42.204 E10.10971
G1 X39.37 Y42.421 E10.12381
G1 X39.707 Y42.54 E10.1357
G1 X40.059 Y42.587 E10.14751
G1 X40.404 Y42.562 E10.15901
G1 X40.731 Y42.467 E10.17034
G0 F6000 X40.446 Y41.752
;TYPE:SKIN
G1 F1200 X40.085 Y41.818 E10.18254
G1 X39.688 Y41.724 E10.19611
G1 X39.498 Y41.612 E10.20345
G1 X39.344 Y41.435 E10.21125
G1 X39.189 Y41.078 E10.2242
G1 X39.188 Y40.698 E10.23684
G1 X39.339 Y40.345 E10.24961
G1 X39.497 Y40.169 E10.25747
G1 X39.796 Y39.993 E10.26901
G1 X40.13 Y39.947 E10.28023
G1 X40.531 Y40.062 E10.2941
G1 X40.838 Y40.317 E10.30737
G1 X40.959 Y40.513 E10.31504
G1 X41.034 Y40.933 E10.32923
G1 X40.934 Y41.299 E10.34185
G1 X40.682 Y41.615 E10.35529
G1 X40.49 Y41.744 E10.36298
G1 X40.446 Y41.752 E10.36447
G0 F6000 X39.862 Y41.559
G1 F1200 X39.427 Y41.124 E10.38493
G0 F6000 X39.453 Y40.584
G1 F1200 X40.42 Y41.551 E10.43041
G0 F6000 X40.703 Y41.269
G1 F1200 X39.71 Y40.275 E10.47715
G0 F6000 X40.159 Y40.159
G1 F1200 X40.816 Y40.816 E10.50805
G1 F2700 E5.50805
;MESH:slupek3.stl(1)
G0 F6000 X41.244 Y41.152
G0 X41.571 Y40.968
G0 X42.661 Y40.91
G0 X46.297 Y41.083
G0 X47.338 Y40.752
G0 X48.442 Y41.24
G0 X49.089 Y41.307
;TYPE:WALL-INNER
G1 F2700 E10.50805
G1 F1200 X49.212 Y41.272 E10.5123
G1 X49.489 Y41.085 E10.52342
G1 X49.718 Y40.85 E10.53433
G1 X49.902 Y40.488 E10.54784
G1 X49.965 Y40.093 E10.56114
G1 X49.916 Y39.768 E10.57207
G1 X49.819 Y39.512 E10.58118
G1 X49.678 Y39.287 E10.59001
G1 X49.493 Y39.1 E10.59876
G1 X49.269 Y38.947 E10.60778
G1 X49.016 Y38.843 E10.61688
G1 X48.702 Y38.784 E10.62751
G1 X48.361 Y38.828 E10.63894
G1 X48.115 Y38.912 E10.64759
G1 X47.828 Y39.085 E10.65873
G1 X47.603 Y39.337 E10.66997
G1 X47.473 Y39.563 E10.67864
G1 X47.391 Y39.82 E10.68761
G1 X47.364 Y40.088 E10.69657
G1 X47.388 Y40.352 E10.70539
G1 X47.488 Y40.667 E10.71638
G1 X47.685 Y40.941 E10.72761
G1 X47.885 Y41.127 E10.73669
G1 X48.1 Y41.259 E10.74508
G1 X48.356 Y41.349 E10.75411
G1 X48.627 Y41.384 E10.7632
G1 X48.892 Y41.362 E10.77204
G1 X49.089 Y41.307 E10.77884
G0 F6000 X49.222 Y41.685
;TYPE:WALL-OUTER
G1 F1200 X49.382 Y41.64 E10.78437
G1 X49.747 Y41.393 E10.79903
G1 X50.047 Y41.086 E10.81331
G1 X50.287 Y40.613 E10.83095
G1 X50.369 Y40.095 E10.84839
G1 X50.305 Y39.667 E10.86278
G1 X50.179 Y39.334 E10.87463
G1 X49.994 Y39.037 E10.88626
G1 X49.751 Y38.791 E10.89776
G1 X49.46 Y38.593 E10.90947
G1 X49.13 Y38.457 E10.92134
G1 X48.714 Y38.379 E10.93542
G1 X48.27 Y38.436 E10.95031
G1 X47.945 Y38.547 E10.96173
G1 X47.57 Y38.773 E10.97629
G1 X47.276 Y39.102 E10.99097
G1 X47.105 Y39.401 E11.00243
G1 X46.997 Y39.738 E11.0142
G1 X46.962 Y40.086 E11.02583
G1 X46.994 Y40.432 E11.03739
G1 X47.126 Y40.849 E11.05193
G1 X47.383 Y41.207 E11.06659
G1 X47.642 Y41.447 E11.07834
G1 X47.927 Y41.622 E11.08946
G1 X48.263 Y41.74 E11.1013
G1 X48.617 Y41.786 E11.11318
G1 X48.964 Y41.758 E11.12475
G1 X49.222 Y41.685 E11.13367
G0 F6000 X48.965 Y40.958
;TYPE:SKIN
G1 F1200 X48.647 Y41.021 E11.14446
G1 X48.253 Y40.927 E11.15793
G1 X47.95 Y40.692 E11.17068
G1 X47.813 Y40.5 E11.17853
G1 X47.745 Y40.289 E11.1859
G1 X47.748 Y39.891 E11.19914
G1 X47.899 Y39.542 E11.21179
G1 X48.058 Y39.364 E11.21972
G1 X48.34 Y39.193 E11.23069
G1 X48.694 Y39.147 E11.24257
G1 X49.086 Y39.261 E11.25614
G1 X49.391 Y39.515 E11.26934
G1 X49.566 Y39.868 E11.28245
G1 X49.598 Y40.087 E11.28981
G1 X49.554 Y40.373 E11.29944
G1 X49.419 Y40.638 E11.30933
G1 X49.259 Y40.805 E11.31702
G1 X49.055 Y40.94 E11.32516
G1 X48.965 Y40.958 E11.32821
G0 F6000 X48.442 Y41.24
G0 X48.169 Y41.113
G0 X47.807 Y40.835
G0 X47.487 Y40.038
G0 X47.947 Y40.027
G1 F1200 X48.725 Y40.806 E11.36483
G0 F6000 X49.118 Y40.633
G1 F1200 X48.101 Y39.616 E11.41266
G0 F6000 X48.434 Y39.383
G1 F1200 X49.362 Y40.311 E11.45631
G1 F2700 E6.45631
;MESH:NONMESH
G0 F300 X49.362 Y40.311 Z0.4
G0 F6000 X49.772 Y40.52
G0 X49.759 Y39.808
G0 X49.551 Y39.388
G0 X49.194 Y39.09
G0 X48.697 Y38.947
G0 X48.356 Y38.992
G0 X47.317 Y39.501
G0 X46.365 Y38.962
G0 X31.887 Y32.01
;TIME_ELAPSED:24.963130
;LAYER:1
;note -- min layer time used
M106 S85
;TYPE:SKIRT
G1 F2700 E11.45631
G1 F954.6 X32.57 Y31.42 E11.48633
G1 X33.388 Y30.837 E11.51974
G1 X33.633 Y30.68 E11.52942
G1 X34.553 Y30.156 E11.56463
G1 X34.895 Y29.984 E11.57737
G1 X35.719 Y29.614 E11.60741
G1 X36.573 Y29.319 E11.63746
G1 X37.372 Y29.116 E11.66488
G1 X37.86 Y29.013 E11.68147
G1 X38.751 Y28.866 E11.7115
G1 X39.331 Y28.813 E11.73087
G1 X41.707 Y28.665 E11.81005
G1 X44.243 Y28.44 E11.89473
G1 X47.173 Y28.092 E11.99287
G1 X47.82 Y28.027 E12.0145
G1 X48.722 Y27.979 E12.04454
G1 X49.624 Y28.012 E12.07456
G1 X50.52 Y28.124 E12.10459
G1 X51.299 Y28.288 E12.13107
G1 X51.68 Y28.384 E12.14414
G1 X52.382 Y28.588 E12.16845
G1 X52.661 Y28.68 E12.17823
G1 X53.506 Y29.001 E12.20829
G1 X54.318 Y29.395 E12.23831
G1 X54.963 Y29.772 E12.26316
G1 X55.608 Y30.2 E12.2889
G1 X55.841 Y30.368 E12.29846
G1 X56.549 Y30.928 E12.32848
G1 X57.192 Y31.536 E12.35791
G1 X57.563 Y31.918 E12.37563
G1 X58.163 Y32.593 E12.40566
G1 X58.701 Y33.318 E12.43569
G1 X59.172 Y34.088 E12.46571
G1 X59.511 Y34.758 E12.49069
G1 X59.726 Y35.225 E12.50779
G1 X60.067 Y36.062 E12.53785
G1 X60.411 Y37.245 E12.57882
G1 X60.504 Y37.657 E12.59287
G1 X60.663 Y38.546 E12.62291
G1 X60.751 Y39.669 E12.66038
G1 X60.758 Y39.974 E12.67052
G1 X60.739 Y40.877 E12.70056
G1 X60.632 Y41.827 E12.73236
G1 X60.564 Y42.25 E12.74661
G1 X60.381 Y43.134 E12.77663
G1 X60.121 Y43.999 E12.80668
G1 X59.597 Y45.231 E12.85121
G1 X59.31 Y45.799 E12.87237
G1 X58.867 Y46.586 E12.90241
G1 X58.357 Y47.331 E12.93244
G1 X57.722 Y48.094 E12.96545
G1 X57.511 Y48.324 E12.97584
G1 X56.534 Y49.257 E13.02077
G1 X56.279 Y49.47 E13.03182
G1 X55.561 Y50.018 E13.06186
G1 X54.874 Y50.462 E13.08907
G1 X54.088 Y50.906 E13.11909
G1 X53.265 Y51.279 E13.14914
G1 X52.363 Y51.592 E13.1809
G1 X51.934 Y51.719 E13.19578
G1 X51.058 Y51.937 E13.22581
G1 X50.008 Y52.093 E13.26111
G1 X49.279 Y52.157 E13.28545
G1 X48.357 Y52.215 E13.31618
G1 X45.725 Y52.418 E13.40398
G1 X42.45 Y52.777 E13.51356
G1 X41.6 Y52.88 E13.54204
G1 X41.001 Y52.936 E13.56205
G1 X40.099 Y52.98 E13.59208
G1 X38.873 Y52.912 E13.63292
G1 X38.495 Y52.868 E13.64558
G1 X37.603 Y52.724 E13.67563
G1 X36.728 Y52.501 E13.70566
G1 X36.028 Y52.266 E13.73022
G1 X35.078 Y51.875 E13.76439
G1 X34.794 Y51.741 E13.77484
G1 X33.741 Y51.166 E13.81474
G1 X33.477 Y51.001 E13.8251
G1 X32.733 Y50.489 E13.85513
G1 X32.037 Y49.913 E13.88518
G1 X31.244 Y49.11 E13.92272
G1 X30.929 Y48.754 E13.93853
G1 X30.361 Y48.052 E13.96856
G1 X29.693 Y47.023 E14.00937
G1 X29.493 Y46.67 E14.02286
G1 X29.083 Y45.865 E14.05291
G1 X28.652 Y44.746 E14.09279
G1 X28.552 Y44.433 E14.10372
G1 X28.315 Y43.562 E14.13374
G1 X28.14 Y42.536 E14.16836
G1 X28.086 Y42.083 E14.18354
G1 X28.019 Y41.183 E14.21355
G1 X28.066 Y39.843 E14.25815
G1 X28.1 Y39.509 E14.26931
G1 X28.232 Y38.615 E14.29937
G1 X28.485 Y37.588 E14.33455
G1 X28.603 Y37.198 E14.3481
G1 X28.903 Y36.346 E14.37815
G1 X29.435 Y35.224 E14.41945
G1 X29.632 Y34.867 E14.43301
G1 X30.103 Y34.096 E14.46306
G1 X30.93 Y33.029 E14.50796
G1 X31.258 Y32.659 E14.5244
G1 X31.887 Y32.01 E14.55446
G1 F2700 E9.55446
;MESH:slupek3.stl
G0 F9000 X38.45 Y38.937
G0 X39.105 Y39.812
G0 X40.367 Y41.921
G0 X40.582 Y42.092
;TYPE:WALL-INNER
G1 F2700 E14.55446
G1 F954.6 X40.827 Y41.963 E14.56367
G1 X41.08 Y41.75 E14.57467
G1 X41.264 Y41.465 E14.58596
G1 X41.349 Y41.236 E14.59408
G1 X41.408 Y40.891 E14.60572
G1 X41.356 Y40.56 E14.61687
G1 X41.26 Y40.311 E14.62574
G1 X41.083 Y40.029 E14.63682
G1 X40.824 Y39.814 E14.64801
G1 X40.528 Y39.658 E14.65914
G1 X40.205 Y39.598 E14.67007
G1 X39.937 Y39.606 E14.67898
G1 X39.671 Y39.667 E14.68806
G1 X39.44 Y39.777 E14.69657
G1 X39.22 Y39.941 E14.7057
G1 X39.044 Y40.138 E14.71448
G1 X38.913 Y40.374 E14.72346
G1 X38.831 Y40.626 E14.73228
G1 X38.804 Y40.889 E14.74107
G1 X38.831 Y41.155 E14.74996
G1 X38.912 Y41.405 E14.7587
G1 X39.045 Y41.639 E14.76765
G1 X39.27 Y41.893 E14.77894
G1 X39.548 Y42.061 E14.78974
G1 X39.803 Y42.149 E14.79872
G1 X40.072 Y42.184 E14.80774
G1 X40.339 Y42.162 E14.81665
G1 X40.582 Y42.092 E14.82506
G0 F9000 X40.732 Y42.465
;TYPE:WALL-OUTER
G1 F954.6 X41.051 Y42.297 E14.83705
G1 X41.384 Y42.018 E14.8515
G1 X41.624 Y41.645 E14.86625
G1 X41.737 Y41.34 E14.87707
G1 X41.813 Y40.894 E14.89212
G1 X41.745 Y40.456 E14.90686
G1 X41.62 Y40.131 E14.91844
G1 X41.387 Y39.762 E14.93296
G1 X41.048 Y39.48 E14.94762
G1 X40.661 Y39.276 E14.96217
G1 X40.236 Y39.197 E14.97655
G1 X39.886 Y39.208 E14.9882
G1 X39.539 Y39.287 E15.00004
G1 X39.232 Y39.433 E15.01134
G1 X38.948 Y39.645 E15.02313
G1 X38.716 Y39.905 E15.03472
G1 X38.545 Y40.213 E15.04644
G1 X38.437 Y40.542 E15.05795
G1 X38.402 Y40.889 E15.06955
G1 X38.437 Y41.238 E15.08122
G1 X38.544 Y41.567 E15.09273
G1 X38.717 Y41.871 E15.10436
G1 X39.01 Y42.204 E15.11911
G1 X39.378 Y42.425 E15.13339
G1 X39.711 Y42.54 E15.14511
G1 X40.062 Y42.586 E15.15688
G1 X40.411 Y42.558 E15.16853
G1 X40.732 Y42.465 E15.17964
G0 F9000 X40.445 Y41.752
;TYPE:SKIN
G1 F954.6 X40.082 Y41.819 E15.19192
G1 X39.693 Y41.724 E15.20524
G1 X39.502 Y41.612 E15.2126
G1 X39.347 Y41.435 E15.22043
G1 X39.188 Y41.078 E15.23343
G1 X39.188 Y40.698 E15.24606
G1 X39.343 Y40.341 E15.25901
G1 X39.458 Y40.212 E15.26476
G1 X39.789 Y40.013 E15.2776
G1 X40.186 Y39.959 E15.29093
G1 X40.405 Y40 E15.29834
G1 X40.807 Y40.269 E15.31443
G1 X40.989 Y40.56 E15.32584
G1 X41.041 Y40.883 E15.33672
G1 X40.981 Y41.229 E15.3484
G1 X40.8 Y41.509 E15.35949
G1 X40.445 Y41.752 E15.3738
G0 F9000 X40.356 Y42.034
G0 X40.958 Y41.642
G0 X41.133 Y41.371
G0 X41.259 Y40.587
G0 X40.801 Y40.657
G1 F954.6 X39.891 Y41.567 E15.41661
G0 F9000 X39.541 Y41.352
G1 F954.6 X40.557 Y40.336 E15.4644
G0 F9000 X40.163 Y40.164
G1 F954.6 X39.388 Y40.939 E15.50085
G1 F2700 E10.50085
;MESH:slupek3.stl(1)
G0 F9000 X38.928 Y40.925
G0 X39.176 Y41.543
G0 X39.374 Y41.768
G0 X39.618 Y41.915
G0 X40.076 Y42.022
G0 X40.519 Y41.943
G0 X40.875 Y41.699
G0 X41.583 Y40.898
G0 X42.663 Y40.726
G0 X46.191 Y40.759
G0 X47.262 Y40.535
G0 X48.74 Y41.158
G0 X49.089 Y41.307
;TYPE:WALL-INNER
G1 F2700 E15.50085
G1 F954.6 X49.141 Y41.292 E15.50265
G1 X49.381 Y41.164 E15.5117
G1 X49.591 Y40.987 E15.52083
G1 X49.75 Y40.788 E15.5293
G1 X49.871 Y40.544 E15.53836
G1 X49.939 Y40.283 E15.54733
G1 X49.955 Y39.959 E15.55812
G1 X49.87 Y39.635 E15.56926
G1 X49.72 Y39.331 E15.58054
G1 X49.489 Y39.092 E15.59159
G1 X49.269 Y38.946 E15.60037
G1 X49.016 Y38.843 E15.60946
G1 X48.764 Y38.794 E15.618
G1 X48.499 Y38.803 E15.62682
G1 X48.168 Y38.879 E15.63811
G1 X47.822 Y39.086 E15.65152
G1 X47.603 Y39.338 E15.66263
G1 X47.469 Y39.571 E15.67157
G1 X47.391 Y39.821 E15.68028
G1 X47.358 Y40.152 E15.69134
G1 X47.428 Y40.491 E15.70285
G1 X47.53 Y40.728 E15.71144
G1 X47.683 Y40.942 E15.72019
G1 X47.883 Y41.129 E15.72929
G1 X48.103 Y41.26 E15.73781
G1 X48.359 Y41.348 E15.74681
G1 X48.628 Y41.384 E15.75584
G1 X48.896 Y41.363 E15.76478
G1 X49.089 Y41.307 E15.77146
G0 F9000 X49.222 Y41.685
;TYPE:WALL-OUTER
G1 F954.6 X49.292 Y41.665 E15.77389
G1 X49.607 Y41.497 E15.78576
G1 X49.879 Y41.267 E15.79761
G1 X50.09 Y41.004 E15.80882
G1 X50.247 Y40.685 E15.82065
G1 X50.337 Y40.345 E15.83234
G1 X50.358 Y39.917 E15.8466
G1 X50.247 Y39.492 E15.86121
G1 X50.05 Y39.097 E15.87589
G1 X49.747 Y38.783 E15.8904
G1 X49.457 Y38.59 E15.90199
G1 X49.13 Y38.457 E15.91373
G1 X48.796 Y38.393 E15.92504
G1 X48.447 Y38.404 E15.93665
G1 X48.016 Y38.504 E15.95137
G1 X47.562 Y38.776 E15.96897
G1 X47.276 Y39.105 E15.98347
G1 X47.101 Y39.409 E15.99514
G1 X46.997 Y39.741 E16.00671
G1 X46.954 Y40.173 E16.02115
G1 X47.044 Y40.611 E16.03602
G1 X47.18 Y40.925 E16.0474
G1 X47.38 Y41.207 E16.0589
G1 X47.641 Y41.451 E16.07078
G1 X47.933 Y41.625 E16.08209
G1 X48.267 Y41.74 E16.09384
G1 X48.618 Y41.786 E16.10561
G1 X48.968 Y41.758 E16.11729
G1 X49.222 Y41.685 E16.12608
G0 F9000 X48.966 Y40.96
;TYPE:SKIN
G1 F954.6 X48.635 Y41.017 E16.13725
G1 X48.448 Y40.993 E16.14352
G1 X48.093 Y40.831 E16.1565
G1 X47.959 Y40.706 E16.1626
G1 X47.77 Y40.373 E16.17533
G1 X47.722 Y40.13 E16.18357
G1 X47.745 Y39.896 E16.19139
G1 X47.827 Y39.628 E16.20071
G1 X48.055 Y39.368 E16.21221
G1 X48.305 Y39.216 E16.22195
G1 X48.724 Y39.157 E16.23602
G1 X49.103 Y39.268 E16.24915
G1 X49.422 Y39.541 E16.26312
G1 X49.59 Y39.989 E16.27903
G1 X49.577 Y40.222 E16.28679
G1 X49.439 Y40.586 E16.29974
G1 X49.166 Y40.87 E16.31284
G1 X49.01 Y40.952 E16.31871
G1 X48.966 Y40.96 E16.32019
G0 F9000 X48.57 Y40.808
G1 F954.6 X49.383 Y39.995 E16.35843
G0 F9000 X49.203 Y39.61
G1 F954.6 X48.177 Y40.636 E16.40669
G0 F9000 X47.957 Y40.29
G1 F954.6 X48.846 Y39.401 E16.44851
G1 F2700 E11.44851
;MESH:NONMESH
G0 F300 X48.846 Y39.401 Z0.6
G0 F9000 X48.993 Y38.965
G0 X48.61 Y38.963
G0 X47.464 Y39.239
G0 X46.512 Y38.702
G0 X31.887 Y32.01
;TIME_ELAPSED:37.602395
;LAYER:2
;note -- min layer time used
M106 S170
;TYPE:SKIRT
G1 F2700 E16.44851
G1 F955 X32.57 Y31.42 E16.47853
G1 X33.388 Y30.837 E16.51194
G1 X33.633 Y30.68 E16.52162
G1 X34.553 Y30.156 E16.55683
G1 X34.895 Y29.984 E16.56956
G1 X35.719 Y29.614 E16.59961
G1 X36.573 Y29.319 E16.62966
G1 X37.372 Y29.116 E16.65708
G1 X37.86 Y29.013 E16.67366
G1 X38.751 Y28.866 E16.7037
G1 X39.331 Y28.813 E16.72307
G1 X41.707 Y28.665 E16.80225
G1 X44.243 Y28.44 E16.88693
G1 X47.173 Y28.092 E16.98507
G1 X47.82 Y28.027 E17.00669
G1 X48.722 Y27.979 E17.03674
G1 X49.624 Y28.012 E17.06676
G1 X50.52 Y28.124 E17.09679
G1 X51.299 Y28.288 E17.12327
G1 X51.68 Y28.384 E17.13634
G1 X52.382 Y28.588 E17.16065
G1 X52.661 Y28.68 E17.17042
G1 X53.506 Y29.001 E17.20049
G1 X54.318 Y29.395 E17.23051
G1 X54.963 Y29.772 E17.25535
G1 X55.608 Y30.2 E17.2811
G1 X55.841 Y30.368 E17.29065
G1 X56.549 Y30.928 E17.32068
G1 X57.192 Y31.536 E17.35011
G1 X57.563 Y31.918 E17.36782
G1 X58.163 Y32.593 E17.39786
G1 X58.701 Y33.318 E17.42789
G1 X59.172 Y34.088 E17.45791
G1 X59.511 Y34.758 E17.48288
G1 X59.726 Y35.225 E17.49998
G1 X60.067 Y36.062 E17.53004
G1 X60.411 Y37.245 E17.57102
G1 X60.504 Y37.657 E17.58507
G1 X60.663 Y38.546 E17.61511
G1 X60.751 Y39.669 E17.65257
G1 X60.758 Y39.974 E17.66272
G1 X60.739 Y40.877 E17.69276
G1 X60.632 Y41.827 E17.72456
G1 X60.564 Y42.25 E17.73881
G1 X60.381 Y43.134 E17.76883
G1 X60.121 Y43.999 E17.79887
G1 X59.597 Y45.231 E17.8434
G1 X59.31 Y45.799 E17.86457
G1 X58.867 Y46.586 E17.89461
G1 X58.357 Y47.331 E17.92463
G1 X57.722 Y48.094 E17.95765
G1 X57.511 Y48.324 E17.96803
G1 X56.534 Y49.257 E18.01296
G1 X56.279 Y49.47 E18.02402
G1 X55.561 Y50.018 E18.05406
G1 X54.874 Y50.462 E18.08126
G1 X54.088 Y50.906 E18.11129
G1 X53.265 Y51.279 E18.14134
G1 X52.363 Y51.592 E18.1731
G1 X51.934 Y51.719 E18.18798
G1 X51.058 Y51.937 E18.218
G1 X50.008 Y52.093 E18.25331
G1 X49.279 Y52.157 E18.27765
G1 X48.357 Y52.215 E18.30838
G1 X45.725 Y52.418 E18.39618
G1 X42.45 Y52.777 E18.50576
G1 X41.6 Y52.88 E18.53423
G1 X41.001 Y52.936 E18.55424
G1 X40.099 Y52.98 E18.58428
G1 X38.873 Y52.912 E18.62512
G1 X38.495 Y52.868 E18.63778
G1 X37.603 Y52.724 E18.66783
G1 X36.728 Y52.501 E18.69786
G1 X36.028 Y52.266 E18.72242
G1 X35.078 Y51.875 E18.75659
G1 X34.794 Y51.741 E18.76703
G1 X33.741 Y51.166 E18.80694
G1 X33.477 Y51.001 E18.81729
G1 X32.733 Y50.489 E18.84733
G1 X32.037 Y49.913 E18.87738
G1 X31.244 Y49.11 E18.91492
G1 X30.929 Y48.754 E18.93073
G1 X30.361 Y48.052 E18.96076
G1 X29.693 Y47.023 E19.00156
G1 X29.493 Y46.67 E19.01506
G1 X29.083 Y45.865 E19.04511
G1 X28.652 Y44.746 E19.08499
G1 X28.552 Y44.433 E19.09592
G1 X28.315 Y43.562 E19.12594
G1 X28.14 Y42.536 E19.16056
G1 X28.086 Y42.083 E19.17573
G1 X28.019 Y41.183 E19.20575
G1 X28.066 Y39.843 E19.25034
G1 X28.1 Y39.509 E19.26151
G1 X28.232 Y38.615 E19.29157
G1 X28.485 Y37.588 E19.32675
G1 X28.603 Y37.198 E19.3403
G1 X28.903 Y36.346 E19.37034
G1 X29.435 Y35.224 E19.41164
G1 X29.632 Y34.867 E19.4252
G1 X30.103 Y34.096 E19.45525
G1 X30.93 Y33.029 E19.50015
G1 X31.258 Y32.659 E19.5166
G1 X31.887 Y32.01 E19.54666
G1 F2700 E14.54666
;MESH:slupek3.stl
G0 F9000 X38.45 Y38.937
G0 X39.105 Y39.812
G0 X40.367 Y41.921
G0 X40.582 Y42.092
;TYPE:WALL-INNER
G1 F2700 E19.54666
G1 F955 X40.827 Y41.963 E19.55587
G1 X41.08 Y41.751 E19.56685
G1 X41.26 Y41.468 E19.578
G1 X41.357 Y41.217 E19.58695
G1 X41.408 Y40.889 E19.59799
G1 X41.357 Y40.563 E19.60897
G1 X41.26 Y40.306 E19.61811
G1 X41.084 Y40.03 E19.62899
G1 X40.822 Y39.815 E19.64027
G1 X40.585 Y39.687 E19.64922
G1 X40.333 Y39.614 E19.65795
G1 X40.01 Y39.587 E19.66873
G1 X39.673 Y39.666 E19.68024
G1 X39.44 Y39.777 E19.68883
G1 X39.22 Y39.941 E19.69795
G1 X39.044 Y40.138 E19.70674
G1 X38.913 Y40.374 E19.71572
G1 X38.831 Y40.626 E19.72453
G1 X38.804 Y40.889 E19.73333
G1 X38.831 Y41.155 E19.74222
G1 X38.912 Y41.405 E19.75096
G1 X39.045 Y41.639 E19.75991
G1 X39.27 Y41.893 E19.7712
G1 X39.548 Y42.061 E19.782
G1 X39.803 Y42.149 E19.79097
G1 X40.072 Y42.184 E19.79999
G1 X40.339 Y42.162 E19.80891
G1 X40.582 Y42.092 E19.81732
G0 F9000 X40.732 Y42.465
;TYPE:WALL-OUTER
G1 F955 X41.051 Y42.297 E19.82931
G1 X41.384 Y42.018 E19.84376
G1 X41.62 Y41.649 E19.85833
G1 X41.745 Y41.32 E19.87003
G1 X41.813 Y40.889 E19.88454
G1 X41.745 Y40.46 E19.89899
G1 X41.62 Y40.126 E19.91085
G1 X41.388 Y39.762 E19.92521
G1 X41.047 Y39.48 E19.93993
G1 X40.736 Y39.315 E19.95164
G1 X40.407 Y39.218 E19.96304
G1 X39.98 Y39.183 E19.97729
G1 X39.539 Y39.286 E19.99236
G1 X39.232 Y39.433 E20.00368
G1 X38.948 Y39.645 E20.01546
G1 X38.716 Y39.905 E20.02705
G1 X38.545 Y40.213 E20.03877
G1 X38.437 Y40.542 E20.05029
G1 X38.402 Y40.889 E20.06189
G1 X38.437 Y41.238 E20.07355
G1 X38.544 Y41.567 E20.08506
G1 X38.717 Y41.871 E20.09669
G1 X39.01 Y42.204 E20.11145
G1 X39.378 Y42.425 E20.12572
G1 X39.711 Y42.54 E20.13744
G1 X40.062 Y42.586 E20.14922
G1 X40.411 Y42.558 E20.16086
G1 X40.732 Y42.465 E20.17198
G0 F9000 X40.449 Y41.752
;TYPE:SKIN
G1 F955 X40.083 Y41.819 E20.18435
G1 X39.693 Y41.724 E20.1977
G1 X39.502 Y41.612 E20.20507
G1 X39.347 Y41.435 E20.21289
G1 X39.188 Y41.077 E20.22592
G1 X39.188 Y40.698 E20.23853
G1 X39.343 Y40.341 E20.25147
G1 X39.458 Y40.212 E20.25722
G1 X39.8 Y40.004 E20.27053
G1 X40.04 Y39.95 E20.27871
G1 X40.263 Y39.967 E20.28615
G1 X40.532 Y40.049 E20.29551
G1 X40.809 Y40.272 E20.30733
G1 X40.988 Y40.553 E20.31842
G1 X41.041 Y40.887 E20.32966
G1 X40.988 Y41.219 E20.34085
G1 X40.803 Y41.51 E20.35231
G1 X40.449 Y41.752 E20.36658
G0 F9000 X39.862 Y41.559
G1 F955 X39.428 Y41.125 E20.38699
G0 F9000 X39.454 Y40.586
G1 F955 X40.41 Y41.542 E20.43196
G0 F9000 X40.714 Y41.279
G1 F955 X39.721 Y40.287 E20.47864
G0 F9000 X40.177 Y40.177
G1 F955 X40.83 Y40.83 E20.50936
G1 F2700 E15.50936
;MESH:slupek3.stl(1)
G0 F9000 X41.286 Y40.758
G0 X41.581 Y40.891
G0 X42.662 Y40.721
G0 X46.191 Y40.759
G0 X47.262 Y40.535
G0 X48.74 Y41.158
G0 X49.089 Y41.307
;TYPE:WALL-INNER
G1 F2700 E20.50936
G1 F955 X49.141 Y41.292 E20.51116
G1 X49.381 Y41.164 E20.5202
G1 X49.591 Y40.987 E20.52934
G1 X49.75 Y40.788 E20.53781
G1 X49.871 Y40.544 E20.54687
G1 X49.956 Y40.221 E20.55798
G1 X49.939 Y39.893 E20.5689
G1 X49.87 Y39.635 E20.57779
G1 X49.72 Y39.331 E20.58906
G1 X49.488 Y39.091 E20.60016
G1 X49.214 Y38.907 E20.61114
G1 X48.826 Y38.798 E20.62454
G1 X48.497 Y38.806 E20.63549
G1 X48.168 Y38.879 E20.6467
G1 X47.822 Y39.086 E20.66011
G1 X47.603 Y39.338 E20.67121
G1 X47.469 Y39.571 E20.68015
G1 X47.391 Y39.821 E20.68886
G1 X47.358 Y40.152 E20.69993
G1 X47.428 Y40.491 E20.71144
G1 X47.53 Y40.728 E20.72002
G1 X47.683 Y40.942 E20.72877
G1 X47.883 Y41.129 E20.73788
G1 X48.103 Y41.26 E20.74639
G1 X48.359 Y41.348 E20.7554
G1 X48.628 Y41.384 E20.76443
G1 X48.896 Y41.363 E20.77337
G1 X49.089 Y41.307 E20.78005
G0 F9000 X49.222 Y41.685
;TYPE:WALL-OUTER
G1 F955 X49.292 Y41.665 E20.78247
G1 X49.607 Y41.497 E20.79435
G1 X49.879 Y41.267 E20.80619
G1 X50.09 Y41.004 E20.81741
G1 X50.247 Y40.685 E20.82923
G1 X50.358 Y40.263 E20.84375
G1 X50.337 Y39.831 E20.85813
G1 X50.247 Y39.492 E20.8698
G1 X50.05 Y39.097 E20.88448
G1 X49.746 Y38.783 E20.89901
G1 X49.386 Y38.54 E20.91346
G1 X48.878 Y38.394 E20.93104
G1 X48.446 Y38.405 E20.94541
G1 X48.016 Y38.504 E20.96009
G1 X47.562 Y38.776 E20.97769
G1 X47.276 Y39.105 E20.99219
G1 X47.101 Y39.409 E21.00386
G1 X46.997 Y39.741 E21.01543
G1 X46.954 Y40.173 E21.02987
G1 X47.044 Y40.611 E21.04474
G1 X47.18 Y40.925 E21.05612
G1 X47.38 Y41.207 E21.06762
G1 X47.641 Y41.451 E21.07951
G1 X47.933 Y41.625 E21.09081
G1 X48.267 Y41.74 E21.10256
G1 X48.618 Y41.786 E21.11433
G1 X48.968 Y41.758 E21.12601
G1 X49.222 Y41.685 E21.1348
G0 F9000 X48.966 Y40.96
;TYPE:SKIN
G1 F955 X48.635 Y41.017 E21.14597
G1 X48.448 Y40.993 E21.15224
G1 X48.093 Y40.831 E21.16522
G1 X47.959 Y40.706 E21.17132
G1 X47.77 Y40.373 E21.18405
G1 X47.722 Y40.13 E21.19229
G1 X47.745 Y39.896 E21.20011
G1 X47.827 Y39.628 E21.20943
G1 X48.054 Y39.368 E21.22091
G1 X48.307 Y39.217 E21.23071
G1 X48.779 Y39.161 E21.24652
G1 X49.059 Y39.237 E21.25617
G1 X49.422 Y39.537 E21.27183
G1 X49.574 Y39.858 E21.28365
G1 X49.59 Y40.179 E21.29434
G1 X49.446 Y40.583 E21.3086
G1 X49.166 Y40.869 E21.32191
G1 X49.01 Y40.952 E21.32779
G1 X48.966 Y40.96 E21.32928
G0 F9000 X48.903 Y41.236
G0 X48.394 Y41.191
G0 X48.06 Y41.037
G0 X47.632 Y40.655
G0 X47.944 Y40.024
G1 F955 X48.719 Y40.799 E21.36573
G0 F9000 X49.118 Y40.632
G1 F955 X48.102 Y39.616 E21.41352
G0 F9000 X48.45 Y39.399
G1 F955 X49.342 Y40.291 E21.45548
G1 F2700 E16.45548
;MESH:NONMESH
G0 F300 X49.342 Y40.291 Z0.8
G0 F9000 X49.538 Y40.866
G0 X47.755 Y40.606
G0 X47.262 Y40.535
G0 X46.191 Y40.759
G0 X42.604 Y41.434
G0 X41.522 Y41.265
G0 X40.356 Y42.034
G0 X40.582 Y42.092
;TIME_ELAPSED:50.121773
;LAYER:3
;note -- min layer time used
M106 S255
;TYPE:WALL-INNER
;MESH:slupek3.stl
G1 F2700 E21.45548
G1 F600 X40.827 Y41.963 E21.46469
G1 X41.08 Y41.751 E21.47567
G1 X41.26 Y41.468 E21.48682
G1 X41.357 Y41.217 E21.49577
G1 X41.408 Y40.889 E21.50681
G1 X41.357 Y40.563 E21.51779
G1 X41.26 Y40.306 E21.52692
G1 X41.084 Y40.03 E21.53781
G1 X40.822 Y39.815 E21.54908
G1 X40.585 Y39.687 E21.55804
G1 X40.333 Y39.614 E21.56677
G1 X40.01 Y39.587 E21.57755
G1 X39.673 Y39.666 E21.58906
G1 X39.44 Y39.777 E21.59765
G1 X39.22 Y39.941 E21.60677
G1 X39.044 Y40.138 E21.61556
G1 X38.913 Y40.374 E21.62454
G1 X38.831 Y40.626 E21.63335
G1 X38.804 Y40.889 E21.64214
G1 X38.831 Y41.155 E21.65104
G1 X38.912 Y41.405 E21.65978
G1 X39.045 Y41.639 E21.66873
G1 X39.27 Y41.893 E21.68002
G1 X39.548 Y42.061 E21.69082
G1 X39.803 Y42.149 E21.69979
G1 X40.072 Y42.184 E21.70881
G1 X40.339 Y42.162 E21.71772
G1 X40.582 Y42.092 E21.72613
G0 F9000 X40.732 Y42.465
;TYPE:WALL-OUTER
G1 F600 X41.051 Y42.297 E21.73813
G1 X41.384 Y42.018 E21.75258
G1 X41.62 Y41.649 E21.76714
G1 X41.745 Y41.32 E21.77885
G1 X41.813 Y40.889 E21.79336
G1 X41.745 Y40.46 E21.80781
G1 X41.62 Y40.126 E21.81967
G1 X41.388 Y39.762 E21.83403
G1 X41.047 Y39.48 E21.84874
G1 X40.736 Y39.315 E21.86045
G1 X40.407 Y39.218 E21.87186
G1 X39.98 Y39.183 E21.88611
G1 X39.539 Y39.286 E21.90117
G1 X39.232 Y39.433 E21.9125
G1 X38.948 Y39.645 E21.92428
G1 X38.716 Y39.905 E21.93587
G1 X38.545 Y40.213 E21.94759
G1 X38.437 Y40.542 E21.95911
G1 X38.402 Y40.889 E21.97071
G1 X38.437 Y41.238 E21.98237
G1 X38.544 Y41.567 E21.99388
G1 X38.717 Y41.871 E22.00551
G1 X39.01 Y42.204 E22.02027
G1 X39.378 Y42.425 E22.03454
G1 X39.711 Y42.54 E22.04626
G1 X40.062 Y42.586 E22.05803
G1 X40.411 Y42.558 E22.06968
G1 X40.732 Y42.465 E22.0808
G0 F9000 X40.449 Y41.752
;TYPE:SKIN
G1 F600 X40.083 Y41.819 E22.09317
G1 X39.693 Y41.724 E22.10652
G1 X39.502 Y41.612 E22.11389
G1 X39.347 Y41.435 E22.12171
G1 X39.188 Y41.077 E22.13474
G1 X39.188 Y40.698 E22.14735
G1 X39.343 Y40.341 E22.16029
G1 X39.458 Y40.212 E22.16604
G1 X39.8 Y40.004 E22.17935
G1 X40.04 Y39.95 E22.18753
G1 X40.263 Y39.967 E22.19497
G1 X40.532 Y40.049 E22.20433
G1 X40.809 Y40.272 E22.21615
G1 X40.988 Y40.553 E22.22723
G1 X41.041 Y40.887 E22.23848
G1 X40.988 Y41.219 E22.24966
G1 X40.803 Y41.51 E22.26113
G1 X40.449 Y41.752 E22.2754
G0 F9000 X40.356 Y42.034
G0 X40.958 Y41.643
G0 X41.139 Y41.359
G0 X41.258 Y40.585
G0 X40.802 Y40.657
G1 F600 X39.891 Y41.567 E22.31822
G0 F9000 X39.541 Y41.352
G1 F600 X40.562 Y40.331 E22.36625
G0 F9000 X40.155 Y40.172
G1 F600 X39.388 Y40.939 E22.40232
G1 F2700 E17.40232
;MESH:slupek3.stl(1)
G0 F9000 X38.928 Y40.925
G0 X39.176 Y41.543
G0 X39.374 Y41.768
G0 X39.618 Y41.915
G0 X40.076 Y42.022
G0 X40.519 Y41.943
G0 X40.875 Y41.7
G0 X41.581 Y40.891
G0 X42.662 Y40.721
G0 X46.191 Y40.759
G0 X47.262 Y40.535
G0 X48.74 Y41.158
G0 X49.089 Y41.307
;TYPE:WALL-INNER
G1 F2700 E22.40232
G1 F600 X49.141 Y41.292 E22.40412
G1 X49.381 Y41.164 E22.41317
G1 X49.591 Y40.987 E22.42231
G1 X49.75 Y40.788 E22.43078
G1 X49.871 Y40.544 E22.43984
G1 X49.956 Y40.221 E22.45095
G1 X49.939 Y39.893 E22.46187
G1 X49.87 Y39.635 E22.47075
G1 X49.72 Y39.331 E22.48203
G1 X49.488 Y39.091 E22.49313
G1 X49.214 Y38.907 E22.50411
G1 X48.826 Y38.798 E22.51751
G1 X48.497 Y38.806 E22.52846
G1 X48.168 Y38.879 E22.53967
G1 X47.822 Y39.086 E22.55308
G1 X47.603 Y39.338 E22.56418
G1 X47.469 Y39.571 E22.57312
G1 X47.391 Y39.821 E22.58183
G1 X47.358 Y40.152 E22.59289
G1 X47.428 Y40.491 E22.60441
G1 X47.53 Y40.728 E22.61299
G1 X47.683 Y40.942 E22.62174
G1 X47.883 Y41.129 E22.63085
G1 X48.103 Y41.26 E22.63936
G1 X48.359 Y41.348 E22.64837
G1 X48.628 Y41.384 E22.65739
G1 X48.896 Y41.363 E22.66633
G1 X49.089 Y41.307 E22.67302
G0 F9000 X49.222 Y41.685
;TYPE:WALL-OUTER
G1 F600 X49.292 Y41.665 E22.67544
G1 X49.607 Y41.497 E22.68731
G1 X49.879 Y41.267 E22.69916
G1 X50.09 Y41.004 E22.71037
G1 X50.247 Y40.685 E22.7222
G1 X50.358 Y40.263 E22.73671
G1 X50.337 Y39.831 E22.7511
G1 X50.247 Y39.492 E22.76276
G1 X50.05 Y39.097 E22.77745
G1 X49.746 Y38.783 E22.79198
G1 X49.386 Y38.54 E22.80643
G1 X48.878 Y38.394 E22.82401
G1 X48.446 Y38.405 E22.83838
G1 X48.016 Y38.504 E22.85306
G1 X47.562 Y38.776 E22.87066
G1 X47.276 Y39.105 E22.88516
G1 X47.101 Y39.409 E22.89683
G1 X46.997 Y39.741 E22.9084
G1 X46.954 Y40.173 E22.92284
G1 X47.044 Y40.611 E22.93771
G1 X47.18 Y40.925 E22.94909
G1 X47.38 Y41.207 E22.96059
G1 X47.641 Y41.451 E22.97247
G1 X47.933 Y41.625 E22.98378
G1 X48.267 Y41.74 E22.99553
G1 X48.618 Y41.786 E23.0073
G1 X48.968 Y41.758 E23.01898
G1 X49.222 Y41.685 E23.02777
G0 F9000 X48.966 Y40.96
;TYPE:SKIN
G1 F600 X48.635 Y41.017 E23.03894
G1 X48.448 Y40.993 E23.04521
G1 X48.093 Y40.831 E23.05819
G1 X47.959 Y40.706 E23.06428
G1 X47.77 Y40.373 E23.07702
G1 X47.722 Y40.13 E23.08526
G1 X47.745 Y39.896 E23.09308
G1 X47.827 Y39.628 E23.1024
G1 X48.054 Y39.368 E23.11388
G1 X48.307 Y39.217 E23.12368
G1 X48.779 Y39.161 E23.13949
G1 X49.059 Y39.237 E23.14914
G1 X49.422 Y39.537 E23.1648
G1 X49.574 Y39.858 E23.17661
G1 X49.59 Y40.179 E23.1873
G1 X49.446 Y40.583 E23.20157
G1 X49.166 Y40.869 E23.21488
G1 X49.01 Y40.952 E23.22076
G1 X48.966 Y40.96 E23.22225
G0 F9000 X48.57 Y40.808
G1 F600 X49.38 Y39.998 E23.26035
G0 F9000 X49.203 Y39.609
G1 F600 X48.177 Y40.636 E23.30863
G0 F9000 X47.958 Y40.289
G1 F600 X48.858 Y39.389 E23.35096
G1 F2700 E18.35096
;MESH:NONMESH
G0 F300 X48.858 Y39.389 Z1
G0 F9000 X48.979 Y38.946
G0 X48.23 Y39.03
G0 X47.927 Y39.211
G0 X47.704 Y39.468
G0 X47.262 Y40.535
G0 X46.191 Y40.759
G0 X42.604 Y41.434
G0 X41.522 Y41.265
G0 X40.356 Y42.034
G0 X40.582 Y42.092
;TIME_ELAPSED:58.240376
;LAYER:4
;note -- min layer time used
;TYPE:WALL-INNER
;MESH:slupek3.stl
G1 F2700 E23.35096
G1 F600 X40.827 Y41.963 E23.36017
G1 X41.08 Y41.751 E23.37115
G1 X41.26 Y41.468 E23.38231
G1 X41.357 Y41.217 E23.39126
G1 X41.408 Y40.889 E23.4023
G1 X41.357 Y40.563 E23.41327
G1 X41.26 Y40.306 E23.42241
G1 X41.084 Y40.03 E23.43329
G1 X40.822 Y39.815 E23.44457
G1 X40.585 Y39.687 E23.45353
G1 X40.333 Y39.614 E23.46225
G1 X40.01 Y39.587 E23.47303
G1 X39.673 Y39.666 E23.48455
G1 X39.44 Y39.777 E23.49313
G1 X39.22 Y39.941 E23.50226
G1 X39.044 Y40.138 E23.51104
G1 X38.913 Y40.374 E23.52002
G1 X38.831 Y40.626 E23.52883
G1 X38.804 Y40.889 E23.53763
G1 X38.831 Y41.155 E23.54652
G1 X38.912 Y41.405 E23.55526
G1 X39.045 Y41.639 E23.56421
G1 X39.27 Y41.893 E23.5755
G1 X39.548 Y42.061 E23.5863
G1 X39.803 Y42.149 E23.59527
G1 X40.072 Y42.184 E23.6043
G1 X40.339 Y42.162 E23.61321
G1 X40.582 Y42.092 E23.62162
G0 F9000 X40.732 Y42.465
;TYPE:WALL-OUTER
G1 F600 X41.051 Y42.297 E23.63361
G1 X41.384 Y42.018 E23.64806
G1 X41.62 Y41.649 E23.66263
G1 X41.745 Y41.32 E23.67433
G1 X41.813 Y40.889 E23.68885
G1 X41.745 Y40.46 E23.70329
G1 X41.62 Y40.126 E23.71515
G1 X41.388 Y39.762 E23.72951
G1 X41.047 Y39.48 E23.74423
G1 X40.736 Y39.315 E23.75594
G1 X40.407 Y39.218 E23.76735
G1 X39.98 Y39.183 E23.7816
G1 X39.539 Y39.286 E23.79666
G1 X39.232 Y39.433 E23.80798
G1 X38.948 Y39.645 E23.81977
G1 X38.716 Y39.905 E23.83136
G1 X38.545 Y40.213 E23.84307
G1 X38.437 Y40.542 E23.85459
G1 X38.402 Y40.889 E23.86619
G1 X38.437 Y41.238 E23.87786
G1 X38.544 Y41.567 E23.88936
G1 X38.717 Y41.871 E23.901
G1 X39.01 Y42.204 E23.91575
G1 X39.378 Y42.425 E23.93003
G1 X39.711 Y42.54 E23.94174
G1 X40.062 Y42.586 E23.95352
G1 X40.411 Y42.558 E23.96516
G1 X40.732 Y42.465 E23.97628
G0 F9000 X40.449 Y41.752
;TYPE:SKIN
G1 F600 X40.083 Y41.819 E23.98865
G1 X39.693 Y41.724 E24.00201
G1 X39.502 Y41.612 E24.00937
G1 X39.347 Y41.435 E24.01719
G1 X39.188 Y41.077 E24.03022
G1 X39.188 Y40.698 E24.04283
G1 X39.343 Y40.341 E24.05577
G1 X39.458 Y40.212 E24.06152
G1 X39.8 Y40.004 E24.07484
G1 X40.04 Y39.95 E24.08302
G1 X40.263 Y39.967 E24.09046
G1 X40.532 Y40.049 E24.09981
G1 X40.809 Y40.272 E24.11164
G1 X40.988 Y40.553 E24.12272
G1 X41.041 Y40.887 E24.13397
G1 X40.988 Y41.219 E24.14515
G1 X40.803 Y41.51 E24.15662
G1 X40.449 Y41.752 E24.17088
G0 F9000 X39.862 Y41.559
G1 F600 X39.428 Y41.125 E24.19129
G0 F9000 X39.454 Y40.586
G1 F600 X40.41 Y41.542 E24.23626
G0 F9000 X40.714 Y41.279
G1 F600 X39.721 Y40.287 E24.28294
G0 F9000 X40.177 Y40.177
G1 F600 X40.83 Y40.83 E24.31366
G1 F2700 E19.31366
;MESH:slupek3.stl(1)
G0 F9000 X41.286 Y40.758
G0 X41.581 Y40.891
G0 X42.662 Y40.721
G0 X46.191 Y40.759
G0 X47.262 Y40.535
G0 X48.74 Y41.158
G0 X49.089 Y41.307
;TYPE:WALL-INNER
G1 F2700 E24.31366
G1 F600 X49.141 Y41.292 E24.31546
G1 X49.381 Y41.164 E24.32451
G1 X49.591 Y40.987 E24.33364
G1 X49.75 Y40.788 E24.34211
G1 X49.871 Y40.544 E24.35117
G1 X49.956 Y40.221 E24.36228
G1 X49.939 Y39.893 E24.3732
G1 X49.87 Y39.635 E24.38209
G1 X49.72 Y39.331 E24.39336
G1 X49.488 Y39.091 E24.40446
G1 X49.214 Y38.907 E24.41544
G1 X48.826 Y38.798 E24.42885
G1 X48.497 Y38.806 E24.43979
G1 X48.168 Y38.879 E24.451
G1 X47.822 Y39.086 E24.46441
G1 X47.603 Y39.338 E24.47552
G1 X47.469 Y39.571 E24.48446
G1 X47.391 Y39.821 E24.49317
G1 X47.358 Y40.152 E24.50423
G1 X47.428 Y40.491 E24.51574
G1 X47.53 Y40.728 E24.52432
G1 X47.683 Y40.942 E24.53307
G1 X47.883 Y41.129 E24.54218
G1 X48.103 Y41.26 E24.5507
G1 X48.359 Y41.348 E24.5597
G1 X48.628 Y41.384 E24.56873
G1 X48.896 Y41.363 E24.57767
G1 X49.089 Y41.307 E24.58435
G0 F9000 X49.222 Y41.685
;TYPE:WALL-OUTER
G1 F600 X49.292 Y41.665 E24.58677
G1 X49.607 Y41.497 E24.59865
G1 X49.879 Y41.267 E24.6105
G1 X50.09 Y41.004 E24.62171
G1 X50.247 Y40.685 E24.63354
G1 X50.358 Y40.263 E24.64805
G1 X50.337 Y39.831 E24.66243
G1 X50.247 Y39.492 E24.6741
G1 X50.05 Y39.097 E24.68878
G1 X49.746 Y38.783 E24.70332
G1 X49.386 Y38.54 E24.71776
G1 X48.878 Y38.394 E24.73534
G1 X48.446 Y38.405 E24.74972
G1 X48.016 Y38.504 E24.76439
G1 X47.562 Y38.776 E24.78199
G1 X47.276 Y39.105 E24.79649
G1 X47.101 Y39.409 E24.80816
G1 X46.997 Y39.741 E24.81973
G1 X46.954 Y40.173 E24.83417
G1 X47.044 Y40.611 E24.84904
G1 X47.18 Y40.925 E24.86043
G1 X47.38 Y41.207 E24.87192
G1 X47.641 Y41.451 E24.88381
G1 X47.933 Y41.625 E24.89511
G1 X48.267 Y41.74 E24.90686
G1 X48.618 Y41.786 E24.91864
G1 X48.968 Y41.758 E24.93031
G1 X49.222 Y41.685 E24.9391
G0 F9000 X48.966 Y40.96
;TYPE:SKIN
G1 F600 X48.635 Y41.017 E24.95028
G1 X48.448 Y40.993 E24.95655
G1 X48.093 Y40.831 E24.96952
G1 X47.959 Y40.706 E24.97562
G1 X47.77 Y40.373 E24.98835
G1 X47.722 Y40.13 E24.99659
G1 X47.745 Y39.896 E25.00441
G1 X47.827 Y39.628 E25.01374
G1 X48.054 Y39.368 E25.02522
G1 X48.307 Y39.217 E25.03501
G1 X48.779 Y39.161 E25.05082
G1 X49.059 Y39.237 E25.06047
G1 X49.422 Y39.537 E25.07614
G1 X49.574 Y39.858 E25.08795
G1 X49.59 Y40.179 E25.09864
G1 X49.446 Y40.583 E25.1129
G1 X49.166 Y40.869 E25.12622
G1 X49.01 Y40.952 E25.13209
G1 X48.966 Y40.96 E25.13358
G0 F9000 X48.903 Y41.236
G0 X48.394 Y41.191
G0 X48.06 Y41.037
G0 X47.632 Y40.655
G0 X47.944 Y40.024
G1 F600 X48.719 Y40.799 E25.17003
G0 F9000 X49.118 Y40.632
G1 F600 X48.102 Y39.616 E25.21782
G0 F9000 X48.45 Y39.399
G1 F600 X49.342 Y40.291 E25.25978
G1 F2700 E20.25978
;MESH:NONMESH
G0 F300 X49.342 Y40.291 Z1.2
G0 F9000 X49.538 Y40.866
G0 X47.755 Y40.606
G0 X47.262 Y40.535
G0 X46.191 Y40.759
G0 X42.604 Y41.434
G0 X41.522 Y41.265
G0 X40.356 Y42.034
G0 X40.582 Y42.092
;TIME_ELAPSED:66.265456
;LAYER:5
;note -- min layer time used
;TYPE:WALL-INNER
;MESH:slupek3.stl
G1 F2700 E25.25978
G1 F600 X40.827 Y41.963 E25.26899
G1 X41.08 Y41.751 E25.27997
G1 X41.26 Y41.468 E25.29112
G1 X41.357 Y41.217 E25.30007
G1 X41.408 Y40.889 E25.31111
G1 X41.357 Y40.563 E25.32209
G1 X41.26 Y40.306 E25.33123
G1 X41.084 Y40.03 E25.34211
G1 X40.822 Y39.815 E25.35339
G1 X40.585 Y39.687 E25.36234
G1 X40.333 Y39.614 E25.37107
G1 X40.01 Y39.587 E25.38185
G1 X39.673 Y39.666 E25.39336
G1 X39.44 Y39.777 E25.40195
G1 X39.22 Y39.941 E25.41107
G1 X39.044 Y40.138 E25.41986
G1 X38.913 Y40.374 E25.42884
G1 X38.831 Y40.626 E25.43765
G1 X38.804 Y40.889 E25.44645
G1 X38.831 Y41.155 E25.45534
G1 X38.912 Y41.405 E25.46408
G1 X39.045 Y41.639 E25.47303
G1 X39.27 Y41.893 E25.48432
G1 X39.548 Y42.061 E25.49512
G1 X39.803 Y42.149 E25.50409
G1 X40.072 Y42.184 E25.51312
G1 X40.339 Y42.162 E25.52203
G1 X40.582 Y42.092 E25.53044
G0 F9000 X40.732 Y42.465
;TYPE:WALL-OUTER
G1 F600 X41.051 Y42.297 E25.54243
G1 X41.384 Y42.018 E25.55688
G1 X41.62 Y41.649 E25.57145
G1 X41.745 Y41.32 E25.58315
G1 X41.813 Y40.889 E25.59766
G1 X41.745 Y40.46 E25.61211
G1 X41.62 Y40.126 E25.62397
G1 X41.388 Y39.762 E25.63833
G1 X41.047 Y39.48 E25.65305
G1 X40.736 Y39.315 E25.66476
G1 X40.407 Y39.218 E25.67616
G1 X39.98 Y39.183 E25.69041
G1 X39.539 Y39.286 E25.70548
G1 X39.232 Y39.433 E25.7168
G1 X38.948 Y39.645 E25.72858
G1 X38.716 Y39.905 E25.74017
G1 X38.545 Y40.213 E25.75189
G1 X38.437 Y40.542 E25.76341
G1 X38.402 Y40.889 E25.77501
G1 X38.437 Y41.238 E25.78667
G1 X38.544 Y41.567 E25.79818
G1 X38.717 Y41.871 E25.80982
G1 X39.01 Y42.204 E25.82457
G1 X39.378 Y42.425 E25.83885
G1 X39.711 Y42.54 E25.85056
G1 X40.062 Y42.586 E25.86234
G1 X40.411 Y42.558 E25.87398
G1 X40.732 Y42.465 E25.8851
G0 F9000 X40.449 Y41.752
;TYPE:SKIN
G1 F600 X40.083 Y41.819 E25.89747
G1 X39.693 Y41.724 E25.91082
G1 X39.502 Y41.612 E25.91819
G1 X39.347 Y41.435 E25.92601
G1 X39.188 Y41.077 E25.93904
G1 X39.188 Y40.698 E25.95165
G1 X39.343 Y40.341 E25.96459
G1 X39.458 Y40.212 E25.97034
G1 X39.8 Y40.004 E25.98365
G1 X40.04 Y39.95 E25.99184
G1 X40.263 Y39.967 E25.99927
G1 X40.532 Y40.049 E26.00863
G1 X40.809 Y40.272 E26.02046
G1 X40.988 Y40.553 E26.03154
G1 X41.041 Y40.887 E26.04278
G1 X40.988 Y41.219 E26.05397
G1 X40.803 Y41.51 E26.06544
G1 X40.449 Y41.752 E26.0797
G0 F9000 X40.356 Y42.034
G0 X40.958 Y41.643
G0 X41.139 Y41.359
G0 X41.258 Y40.585
G0 X40.802 Y40.657
G1 F600 X39.891 Y41.567 E26.12252
G0 F9000 X39.541 Y41.352
G1 F600 X40.562 Y40.331 E26.17055
G0 F9000 X40.155 Y40.172
G1 F600 X39.388 Y40.939 E26.20663
G1 F2700 E21.20663
;MESH:slupek3.stl(1)
G0 F9000 X38.928 Y40.925
G0 X39.176 Y41.543
G0 X39.374 Y41.768
G0 X39.618 Y41.915
G0 X40.076 Y42.022
G0 X40.519 Y41.943
G0 X40.875 Y41.7
G0 X41.581 Y40.891
G0 X42.662 Y40.721
G0 X46.191 Y40.759
G0 X47.262 Y40.535
G0 X48.74 Y41.158
G0 X49.089 Y41.307
;TYPE:WALL-INNER
G1 F2700 E26.20663
G1 F600 X49.141 Y41.292 E26.20843
G1 X49.381 Y41.164 E26.21747
G1 X49.591 Y40.987 E26.22661
G1 X49.75 Y40.788 E26.23508
G1 X49.871 Y40.544 E26.24414
G1 X49.956 Y40.221 E26.25525
G1 X49.939 Y39.893 E26.26617
G1 X49.87 Y39.635 E26.27505
G1 X49.72 Y39.331 E26.28633
G1 X49.488 Y39.091 E26.29743
G1 X49.214 Y38.907 E26.30841
G1 X48.826 Y38.798 E26.32181
G1 X48.497 Y38.806 E26.33276
G1 X48.168 Y38.879 E26.34397
G1 X47.822 Y39.086 E26.35738
G1 X47.603 Y39.338 E26.36848
G1 X47.469 Y39.571 E26.37742
G1 X47.391 Y39.821 E26.38613
G1 X47.358 Y40.152 E26.3972
G1 X47.428 Y40.491 E26.40871
G1 X47.53 Y40.728 E26.41729
G1 X47.683 Y40.942 E26.42604
G1 X47.883 Y41.129 E26.43515
G1 X48.103 Y41.26 E26.44366
G1 X48.359 Y41.348 E26.45267
G1 X48.628 Y41.384 E26.46169
G1 X48.896 Y41.363 E26.47064
G1 X49.089 Y41.307 E26.47732
G0 F9000 X49.222 Y41.685
;TYPE:WALL-OUTER
G1 F600 X49.292 Y41.665 E26.47974
G1 X49.607 Y41.497 E26.49161
G1 X49.879 Y41.267 E26.50346
G1 X50.09 Y41.004 E26.51468
G1 X50.247 Y40.685 E26.5265
G1 X50.358 Y40.263 E26.54102
G1 X50.337 Y39.831 E26.5554
G1 X50.247 Y39.492 E26.56707
G1 X50.05 Y39.097 E26.58175
G1 X49.746 Y38.783 E26.59628
G1 X49.386 Y38.54 E26.61073
G1 X48.878 Y38.394 E26.62831
G1 X48.446 Y38.405 E26.64268
G1 X48.016 Y38.504 E26.65736
G1 X47.562 Y38.776 E26.67496
G1 X47.276 Y39.105 E26.68946
G1 X47.101 Y39.409 E26.70113
G1 X46.997 Y39.741 E26.7127
G1 X46.954 Y40.173 E26.72714
G1 X47.044 Y40.611 E26.74201
G1 X47.18 Y40.925 E26.75339
G1 X47.38 Y41.207 E26.76489
G1 X47.641 Y41.451 E26.77677
G1 X47.933 Y41.625 E26.78808
G1 X48.267 Y41.74 E26.79983
G1 X48.618 Y41.786 E26.8116
G1 X48.968 Y41.758 E26.82328
G1 X49.222 Y41.685 E26.83207
G0 F9000 X48.966 Y40.96
;TYPE:SKIN
G1 F600 X48.635 Y41.017 E26.84324
G1 X48.448 Y40.993 E26.84951
G1 X48.093 Y40.831 E26.86249
G1 X47.959 Y40.706 E26.86859
G1 X47.77 Y40.373 E26.88132
G1 X47.722 Y40.13 E26.88956
G1 X47.745 Y39.896 E26.89738
G1 X47.827 Y39.628 E26.9067
G1 X48.054 Y39.368 E26.91818
G1 X48.307 Y39.217 E26.92798
G1 X48.779 Y39.161 E26.94379
G1 X49.059 Y39.237 E26.95344
G1 X49.422 Y39.537 E26.9691
G1 X49.574 Y39.858 E26.98092
G1 X49.59 Y40.179 E26.99161
G1 X49.446 Y40.583 E27.00587
G1 X49.166 Y40.869 E27.01918
G1 X49.01 Y40.952 E27.02506
G1 X48.966 Y40.96 E27.02655
G0 F9000 X48.57 Y40.808
G1 F600 X49.38 Y39.998 E27.06465
G0 F9000 X49.203 Y39.609
G1 F600 X48.177 Y40.636 E27.11293
G0 F9000 X47.958 Y40.289
G1 F600 X48.858 Y39.389 E27.15526
G1 F2700 E22.15526
;MESH:NONMESH
G0 F300 X48.858 Y39.389 Z1.4
G0 F9000 X48.979 Y38.946
G0 X48.23 Y39.03
G0 X47.927 Y39.211
G0 X47.704 Y39.468
G0 X47.262 Y40.535
G0 X46.191 Y40.759
G0 X42.604 Y41.434
G0 X41.522 Y41.265
G0 X40.356 Y42.034
G0 X40.582 Y42.092
;TIME_ELAPSED:74.384060
;LAYER:6
;note -- min layer time used
;TYPE:WALL-INNER
;MESH:slupek3.stl
G1 F2700 E27.15526
G1 F600 X40.827 Y41.963 E27.16447
G1 X41.08 Y41.751 E27.17545
G1 X41.26 Y41.468 E27.18661
G1 X41.357 Y41.217 E27.19556
G1 X41.408 Y40.889 E27.2066
G1 X41.357 Y40.563 E27.21757
G1 X41.26 Y40.306 E27.22671
G1 X41.084 Y40.03 E27.2376
G1 X40.822 Y39.815 E27.24887
G1 X40.585 Y39.687 E27.25783
G1 X40.333 Y39.614 E27.26655
G1 X40.01 Y39.587 E27.27733
G1 X39.673 Y39.666 E27.28885
G1 X39.44 Y39.777 E27.29743
G1 X39.22 Y39.941 E27.30656
G1 X39.044 Y40.138 E27.31534
G1 X38.913 Y40.374 E27.32432
G1 X38.831 Y40.626 E27.33314
G1 X38.804 Y40.889 E27.34193
G1 X38.831 Y41.155 E27.35082
G1 X38.912 Y41.405 E27.35956
G1 X39.045 Y41.639 E27.36851
G1 X39.27 Y41.893 E27.3798
G1 X39.548 Y42.061 E27.3906
G1 X39.803 Y42.149 E27.39958
G1 X40.072 Y42.184 E27.4086
G1 X40.339 Y42.162 E27.41751
G1 X40.582 Y42.092 E27.42592
G0 F9000 X40.732 Y42.465
;TYPE:WALL-OUTER
G1 F600 X41.051 Y42.297 E27.43791
G1 X41.384 Y42.018 E27.45236
G1 X41.62 Y41.649 E27.46693
G1 X41.745 Y41.32 E27.47864
G1 X41.813 Y40.889 E27.49315
G1 X41.745 Y40.46 E27.50759
G1 X41.62 Y40.126 E27.51946
G1 X41.388 Y39.762 E27.53381
G1 X41.047 Y39.48 E27.54853
G1 X40.736 Y39.315 E27.56024
G1 X40.407 Y39.218 E27.57165
G1 X39.98 Y39.183 E27.5859
G1 X39.539 Y39.286 E27.60096
G1 X39.232 Y39.433 E27.61228
G1 X38.948 Y39.645 E27.62407
G1 X38.716 Y39.905 E27.63566
G1 X38.545 Y40.213 E27.64738
G1 X38.437 Y40.542 E27.65889
G1 X38.402 Y40.889 E27.67049
G1 X38.437 Y41.238 E27.68216
G1 X38.544 Y41.567 E27.69367
G1 X38.717 Y41.871 E27.7053
G1 X39.01 Y42.204 E27.72005
G1 X39.378 Y42.425 E27.73433
G1 X39.711 Y42.54 E27.74605
G1 X40.062 Y42.586 E27.75782
G1 X40.411 Y42.558 E27.76947
G1 X40.732 Y42.465 E27.78058
G0 F9000 X40.449 Y41.752
;TYPE:SKIN
G1 F600 X40.083 Y41.819 E27.79296
G1 X39.693 Y41.724 E27.80631
G1 X39.502 Y41.612 E27.81367
G1 X39.347 Y41.435 E27.8215
G1 X39.188 Y41.077 E27.83453
G1 X39.188 Y40.698 E27.84713
G1 X39.343 Y40.341 E27.86008
G1 X39.458 Y40.212 E27.86582
G1 X39.8 Y40.004 E27.87914
G1 X40.04 Y39.95 E27.88732
G1 X40.263 Y39.967 E27.89476
G1 X40.532 Y40.049 E27.90411
G1 X40.809 Y40.272 E27.91594
G1 X40.988 Y40.553 E27.92702
G1 X41.041 Y40.887 E27.93827
G1 X40.988 Y41.219 E27.94945
G1 X40.803 Y41.51 E27.96092
G1 X40.449 Y41.752 E27.97518
G0 F9000 X39.862 Y41.559
G1 F600 X39.428 Y41.125 E27.9956
G0 F9000 X39.454 Y40.586
G1 F600 X40.41 Y41.542 E28.04056
G0 F9000 X40.714 Y41.279
G1 F600 X39.721 Y40.287 E28.08725
G0 F9000 X40.177 Y40.177
G1 F600 X40.83 Y40.83 E28.11796
G1 F2700 E23.11796
;MESH:slupek3.stl(1)
G0 F9000 X41.286 Y40.758
G0 X41.581 Y40.891
G0 X42.662 Y40.721
G0 X46.191 Y40.759
G0 X47.262 Y40.535
G0 X48.74 Y41.158
G0 X49.089 Y41.307
;TYPE:WALL-INNER
G1 F2700 E28.11796
G1 F600 X49.141 Y41.292 E28.11976
G1 X49.381 Y41.164 E28.12881
G1 X49.591 Y40.987 E28.13794
G1 X49.75 Y40.788 E28.14642
G1 X49.871 Y40.544 E28.15547
G1 X49.956 Y40.221 E28.16658
G1 X49.939 Y39.893 E28.17751
G1 X49.87 Y39.635 E28.18639
G1 X49.72 Y39.331 E28.19766
G1 X49.488 Y39.091 E28.20877
G1 X49.214 Y38.907 E28.21974
G1 X48.826 Y38.798 E28.23315
G1 X48.497 Y38.806 E28.24409
G1 X48.168 Y38.879 E28.2553
G1 X47.822 Y39.086 E28.26871
G1 X47.603 Y39.338 E28.27982
G1 X47.469 Y39.571 E28.28876
G1 X47.391 Y39.821 E28.29747
G1 X47.358 Y40.152 E28.30853
G1 X47.428 Y40.491 E28.32004
G1 X47.53 Y40.728 E28.32863
G1 X47.683 Y40.942 E28.33738
G1 X47.883 Y41.129 E28.34648
G1 X48.103 Y41.26 E28.355
G1 X48.359 Y41.348 E28.364
G1 X48.628 Y41.384 E28.37303
G1 X48.896 Y41.363 E28.38197
G1 X49.089 Y41.307 E28.38865
G0 F9000 X49.222 Y41.685
;TYPE:WALL-OUTER
G1 F600 X49.292 Y41.665 E28.39108
G1 X49.607 Y41.497 E28.40295
G1 X49.879 Y41.267 E28.4148
G1 X50.09 Y41.004 E28.42601
G1 X50.247 Y40.685 E28.43784
G1 X50.358 Y40.263 E28.45235
G1 X50.337 Y39.831 E28.46674
G1 X50.247 Y39.492 E28.4784
G1 X50.05 Y39.097 E28.49308
G1 X49.746 Y38.783 E28.50762
G1 X49.386 Y38.54 E28.52207
G1 X48.878 Y38.394 E28.53965
G1 X48.446 Y38.405 E28.55402
G1 X48.016 Y38.504 E28.56869
G1 X47.562 Y38.776 E28.5863
G1 X47.276 Y39.105 E28.6008
G1 X47.101 Y39.409 E28.61246
G1 X46.997 Y39.741 E28.62403
G1 X46.954 Y40.173 E28.63847
G1 X47.044 Y40.611 E28.65335
G1 X47.18 Y40.925 E28.66473
G1 X47.38 Y41.207 E28.67623
G1 X47.641 Y41.451 E28.68811
G1 X47.933 Y41.625 E28.69942
G1 X48.267 Y41.74 E28.71116
G1 X48.618 Y41.786 E28.72294
G1 X48.968 Y41.758 E28.73462
G1 X49.222 Y41.685 E28.74341
G0 F9000 X48.966 Y40.96
;TYPE:SKIN
G1 F600 X48.635 Y41.017 E28.75458
G1 X48.448 Y40.993 E28.76085
G1 X48.093 Y40.831 E28.77383
G1 X47.959 Y40.706 E28.77992
G1 X47.77 Y40.373 E28.79266
G1 X47.722 Y40.13 E28.8009
G1 X47.745 Y39.896 E28.80872
G1 X47.827 Y39.628 E28.81804
G1 X48.054 Y39.368 E28.82952
G1 X48.307 Y39.217 E28.83932
G1 X48.779 Y39.161 E28.85513
G1 X49.059 Y39.237 E28.86478
G1 X49.422 Y39.537 E28.88044
G1 X49.574 Y39.858 E28.89225
G1 X49.59 Y40.179 E28.90294
G1 X49.446 Y40.583 E28.91721
G1 X49.166 Y40.869 E28.93052
G1 X49.01 Y40.952 E28.9364
G1 X48.966 Y40.96 E28.93788
G0 F9000 X48.903 Y41.236
G0 X48.394 Y41.191
G0 X48.06 Y41.037
G0 X47.632 Y40.655
G0 X47.944 Y40.024
G1 F600 X48.719 Y40.799 E28.97434
G0 F9000 X49.118 Y40.632
G1 F600 X48.102 Y39.616 E29.02213
G0 F9000 X48.45 Y39.399
G1 F600 X49.342 Y40.291 E29.06408
G1 F2700 E24.06408
;MESH:NONMESH
G0 F300 X49.342 Y40.291 Z1.6
G0 F9000 X49.538 Y40.866
G0 X47.755 Y40.606
G0 X47.262 Y40.535
G0 X46.191 Y40.759
G0 X42.604 Y41.434
G0 X41.522 Y41.265
G0 X40.356 Y42.034
G0 X40.582 Y42.092
;TIME_ELAPSED:82.409139
;LAYER:7
;note -- min layer time used
;TYPE:WALL-INNER
;MESH:slupek3.stl
G1 F2700 E29.06408
G1 F600 X40.827 Y41.963 E29.07329
G1 X41.08 Y41.751 E29.08427
G1 X41.26 Y41.468 E29.09543
G1 X41.357 Y41.217 E29.10438
G1 X41.408 Y40.889 E29.11542
G1 X41.357 Y40.563 E29.12639
G1 X41.26 Y40.306 E29.13553
G1 X41.084 Y40.03 E29.14642
G1 X40.822 Y39.815 E29.15769
G1 X40.585 Y39.687 E29.16665
G1 X40.333 Y39.614 E29.17537
G1 X40.01 Y39.587 E29.18615
G1 X39.673 Y39.666 E29.19767
G1 X39.44 Y39.777 E29.20625
G1 X39.22 Y39.941 E29.21538
G1 X39.044 Y40.138 E29.22416
G1 X38.913 Y40.374 E29.23314
G1 X38.831 Y40.626 E29.24195
G1 X38.804 Y40.889 E29.25075
G1 X38.831 Y41.155 E29.25964
G1 X38.912 Y41.405 E29.26838
G1 X39.045 Y41.639 E29.27733
G1 X39.27 Y41.893 E29.28862
G1 X39.548 Y42.061 E29.29942
G1 X39.803 Y42.149 E29.3084
G1 X40.072 Y42.184 E29.31742
G1 X40.339 Y42.162 E29.32633
G1 X40.582 Y42.092 E29.33474
G0 F9000 X40.732 Y42.465
;TYPE:WALL-OUTER
G1 F600 X41.051 Y42.297 E29.34673
G1 X41.384 Y42.018 E29.36118
G1 X41.62 Y41.649 E29.37575
G1 X41.745 Y41.32 E29.38745
G1 X41.813 Y40.889 E29.40197
G1 X41.745 Y40.46 E29.41641
G1 X41.62 Y40.126 E29.42827
G1 X41.388 Y39.762 E29.44263
G1 X41.047 Y39.48 E29.45735
G1 X40.736 Y39.315 E29.46906
G1 X40.407 Y39.218 E29.48047
G1 X39.98 Y39.183 E29.49472
G1 X39.539 Y39.286 E29.50978
G1 X39.232 Y39.433 E29.5211
G1 X38.948 Y39.645 E29.53289
G1 X38.716 Y39.905 E29.54448
G1 X38.545 Y40.213 E29.55619
G1 X38.437 Y40.542 E29.56771
G1 X38.402 Y40.889 E29.57931
G1 X38.437 Y41.238 E29.59098
G1 X38.544 Y41.567 E29.60248
G1 X38.717 Y41.871 E29.61412
G1 X39.01 Y42.204 E29.62887
G1 X39.378 Y42.425 E29.64315
G1 X39.711 Y42.54 E29.65486
G1 X40.062 Y42.586 E29.66664
G1 X40.411 Y42.558 E29.67828
G1 X40.732 Y42.465 E29.6894
G0 F9000 X40.449 Y41.752
;TYPE:SKIN
G1 F600 X40.083 Y41.819 E29.70177
G1 X39.693 Y41.724 E29.71513
G1 X39.502 Y41.612 E29.72249
G1 X39.347 Y41.435 E29.73032
G1 X39.188 Y41.077 E29.74334
G1 X39.188 Y40.698 E29.75595
G1 X39.343 Y40.341 E29.76889
G1 X39.458 Y40.212 E29.77464
G1 X39.8 Y40.004 E29.78796
G1 X40.04 Y39.95 E29.79614
G1 X40.263 Y39.967 E29.80358
G1 X40.532 Y40.049 E29.81293
G1 X40.809 Y40.272 E29.82476
G1 X40.988 Y40.553 E29.83584
G1 X41.041 Y40.887 E29.84709
G1 X40.988 Y41.219 E29.85827
G1 X40.803 Y41.51 E29.86974
G1 X40.449 Y41.752 E29.884
G0 F9000 X40.356 Y42.034
G0 X40.958 Y41.643
G0 X41.139 Y41.359
G0 X41.258 Y40.585
G0 X40.802 Y40.657
G1 F600 X39.891 Y41.567 E29.92683
G0 F9000 X39.541 Y41.352
G1 F600 X40.562 Y40.331 E29.97485
G0 F9000 X40.155 Y40.172
G1 F600 X39.388 Y40.939 E30.01093
G1 F2700 E25.01093
;MESH:slupek3.stl(1)
G0 F9000 X38.928 Y40.925
G0 X39.176 Y41.543
G0 X39.374 Y41.768
G0 X39.618 Y41.915
G0 X40.076 Y42.022
G0 X40.519 Y41.943
G0 X40.875 Y41.7
G0 X41.581 Y40.891
G0 X42.662 Y40.721
G0 X46.191 Y40.759
G0 X47.262 Y40.535
G0 X48.74 Y41.158
G0 X49.089 Y41.307
;TYPE:WALL-INNER
G1 F2700 E30.01093
G1 F600 X49.141 Y41.292 E30.01273
G1 X49.381 Y41.164 E30.02178
G1 X49.591 Y40.987 E30.03091
G1 X49.75 Y40.788 E30.03938
G1 X49.871 Y40.544 E30.04844
G1 X49.956 Y40.221 E30.05955
G1 X49.939 Y39.893 E30.07047
G1 X49.87 Y39.635 E30.07936
G1 X49.72 Y39.331 E30.09063
G1 X49.488 Y39.091 E30.10173
G1 X49.214 Y38.907 E30.11271
G1 X48.826 Y38.798 E30.12612
G1 X48.497 Y38.806 E30.13706
G1 X48.168 Y38.879 E30.14827
G1 X47.822 Y39.086 E30.16168
G1 X47.603 Y39.338 E30.17278
G1 X47.469 Y39.571 E30.18172
G1 X47.391 Y39.821 E30.19044
G1 X47.358 Y40.152 E30.2015
G1 X47.428 Y40.491 E30.21301
G1 X47.53 Y40.728 E30.22159
G1 X47.683 Y40.942 E30.23034
G1 X47.883 Y41.129 E30.23945
G1 X48.103 Y41.26 E30.24797
G1 X48.359 Y41.348 E30.25697
G1 X48.628 Y41.384 E30.266
G1 X48.896 Y41.363 E30.27494
G1 X49.089 Y41.307 E30.28162
G0 F9000 X49.222 Y41.685
;TYPE:WALL-OUTER
G1 F600 X49.292 Y41.665 E30.28404
G1 X49.607 Y41.497 E30.29592
G1 X49.879 Y41.267 E30.30776
G1 X50.09 Y41.004 E30.31898
G1 X50.247 Y40.685 E30.3308
G1 X50.358 Y40.263 E30.34532
G1 X50.337 Y39.831 E30.3597
G1 X50.247 Y39.492 E30.37137
G1 X50.05 Y39.097 E30.38605
G1 X49.746 Y38.783 E30.40059
G1 X49.386 Y38.54 E30.41503
G1 X48.878 Y38.394 E30.43261
G1 X48.446 Y38.405 E30.44699
G1 X48.016 Y38.504 E30.46166
G1 X47.562 Y38.776 E30.47926
G1 X47.276 Y39.105 E30.49376
G1 X47.101 Y39.409 E30.50543
G1 X46.997 Y39.741 E30.517
G1 X46.954 Y40.173 E30.53144
G1 X47.044 Y40.611 E30.54631
G1 X47.18 Y40.925 E30.55769
G1 X47.38 Y41.207 E30.56919
G1 X47.641 Y41.451 E30.58108
G1 X47.933 Y41.625 E30.59238
G1 X48.267 Y41.74 E30.60413
G1 X48.618 Y41.786 E30.61591
G1 X48.968 Y41.758 E30.62758
G1 X49.222 Y41.685 E30.63637
G0 F9000 X48.966 Y40.96
;TYPE:SKIN
G1 F600 X48.635 Y41.017 E30.64754
G1 X48.448 Y40.993 E30.65382
G1 X48.093 Y40.831 E30.66679
G1 X47.959 Y40.706 E30.67289
G1 X47.77 Y40.373 E30.68562
G1 X47.722 Y40.13 E30.69386
G1 X47.745 Y39.896 E30.70168
G1 X47.827 Y39.628 E30.711
G1 X48.054 Y39.368 E30.72248
G1 X48.307 Y39.217 E30.73228
G1 X48.779 Y39.161 E30.74809
G1 X49.059 Y39.237 E30.75774
G1 X49.422 Y39.537 E30.77341
G1 X49.574 Y39.858 E30.78522
G1 X49.59 Y40.179 E30.79591
G1 X49.446 Y40.583 E30.81017
G1 X49.166 Y40.869 E30.82349
G1 X49.01 Y40.952 E30.82936
G1 X48.966 Y40.96 E30.83085
G0 F9000 X48.57 Y40.808
G1 F600 X49.38 Y39.998 E30.86895
G0 F9000 X49.203 Y39.609
G1 F600 X48.177 Y40.636 E30.91723
G0 F9000 X47.958 Y40.289
G1 F600 X48.858 Y39.389 E30.95957
G1 F2700 E25.95957
;MESH:NONMESH
G0 F300 X48.858 Y39.389 Z1.8
G0 F9000 X48.979 Y38.946
G0 X48.23 Y39.03
G0 X47.927 Y39.211
G0 X47.704 Y39.468
G0 X47.262 Y40.535
G0 X46.191 Y40.759
G0 X42.604 Y41.434
G0 X41.522 Y41.265
G0 X40.356 Y42.034
G0 X40.582 Y42.092
;TIME_ELAPSED:90.527743
;LAYER:8
;note -- min layer time used
;TYPE:WALL-INNER
;MESH:slupek3.stl
G1 F2700 E30.95957
G1 F600 X40.827 Y41.963 E30.96878
G1 X41.08 Y41.751 E30.97975
G1 X41.26 Y41.468 E30.99091
G1 X41.357 Y41.217 E30.99986
G1 X41.408 Y40.889 E31.0109
G1 X41.357 Y40.563 E31.02187
G1 X41.26 Y40.306 E31.03101
G1 X41.084 Y40.03 E31.0419
G1 X40.822 Y39.815 E31.05317
G1 X40.585 Y39.687 E31.06213
G1 X40.333 Y39.614 E31.07086
G1 X40.01 Y39.587 E31.08164
G1 X39.673 Y39.666 E31.09315
G1 X39.44 Y39.777 E31.10173
G1 X39.22 Y39.941 E31.11086
G1 X39.044 Y40.138 E31.11965
G1 X38.913 Y40.374 E31.12862
G1 X38.831 Y40.626 E31.13744
G1 X38.804 Y40.889 E31.14623
G1 X38.831 Y41.155 E31.15512
G1 X38.912 Y41.405 E31.16386
G1 X39.045 Y41.639 E31.17282
G1 X39.27 Y41.893 E31.1841
G1 X39.548 Y42.061 E31.19491
G1 X39.803 Y42.149 E31.20388
G1 X40.072 Y42.184 E31.2129
G1 X40.339 Y42.162 E31.22181
G1 X40.582 Y42.092 E31.23022
G0 F9000 X40.732 Y42.465
;TYPE:WALL-OUTER
G1 F600 X41.051 Y42.297 E31.24221
G1 X41.384 Y42.018 E31.25666
G1 X41.62 Y41.649 E31.27123
G1 X41.745 Y41.32 E31.28294
G1 X41.813 Y40.889 E31.29745
G1 X41.745 Y40.46 E31.3119
G1 X41.62 Y40.126 E31.32376
G1 X41.388 Y39.762 E31.33811
G1 X41.047 Y39.48 E31.35283
G1 X40.736 Y39.315 E31.36454
G1 X40.407 Y39.218 E31.37595
G1 X39.98 Y39.183 E31.3902
G1 X39.539 Y39.286 E31.40526
G1 X39.232 Y39.433 E31.41658
G1 X38.948 Y39.645 E31.42837
G1 X38.716 Y39.905 E31.43996
G1 X38.545 Y40.213 E31.45168
G1 X38.437 Y40.542 E31.46319
G1 X38.402 Y40.889 E31.47479
G1 X38.437 Y41.238 E31.48646
G1 X38.544 Y41.567 E31.49797
G1 X38.717 Y41.871 E31.5096
G1 X39.01 Y42.204 E31.52435
G1 X39.378 Y42.425 E31.53863
G1 X39.711 Y42.54 E31.55035
G1 X40.062 Y42.586 E31.56212
G1 X40.411 Y42.558 E31.57377
G1 X40.732 Y42.465 E31.58488
G0 F9000 X40.449 Y41.752
;TYPE:SKIN
G1 F600 X40.083 Y41.819 E31.59726
G1 X39.693 Y41.724 E31.61061
G1 X39.502 Y41.612 E31.61797
G1 X39.347 Y41.435 E31.6258
G1 X39.188 Y41.077 E31.63883
G1 X39.188 Y40.698 E31.65143
G1 X39.343 Y40.341 E31.66438
G1 X39.458 Y40.212 E31.67013
G1 X39.8 Y40.004 E31.68344
G1 X40.04 Y39.95 E31.69162
G1 X40.263 Y39.967 E31.69906
G1 X40.532 Y40.049 E31.70841
G1 X40.809 Y40.272 E31.72024
G1 X40.988 Y40.553 E31.73132
G1 X41.041 Y40.887 E31.74257
G1 X40.988 Y41.219 E31.75375
G1 X40.803 Y41.51 E31.76522
G1 X40.449 Y41.752 E31.77948
G0 F9000 X39.862 Y41.559
G1 F600 X39.428 Y41.125 E31.7999
G0 F9000 X39.454 Y40.586
G1 F600 X40.41 Y41.542 E31.84486
G0 F9000 X40.714 Y41.279
G1 F600 X39.721 Y40.287 E31.89155
G0 F9000 X40.177 Y40.177
G1 F600 X40.83 Y40.83 E31.92226
G1 F2700 E26.92226
;MESH:slupek3.stl(1)
G0 F9000 X41.286 Y40.758
G0 X41.581 Y40.891
G0 X42.662 Y40.721
G0 X46.191 Y40.759
G0 X47.262 Y40.535
G0 X48.74 Y41.158
G0 X49.089 Y41.307
;TYPE:WALL-INNER
G1 F2700 E31.92226
G1 F600 X49.141 Y41.292 E31.92406
G1 X49.381 Y41.164 E31.93311
G1 X49.591 Y40.987 E31.94225
G1 X49.75 Y40.788 E31.95072
G1 X49.871 Y40.544 E31.95978
G1 X49.956 Y40.221 E31.97088
G1 X49.939 Y39.893 E31.98181
G1 X49.87 Y39.635 E31.99069
G1 X49.72 Y39.331 E32.00197
G1 X49.488 Y39.091 E32.01307
G1 X49.214 Y38.907 E32.02405
G1 X48.826 Y38.798 E32.03745
G1 X48.497 Y38.806 E32.0484
G1 X48.168 Y38.879 E32.05961
G1 X47.822 Y39.086 E32.07302
G1 X47.603 Y39.338 E32.08412
G1 X47.469 Y39.571 E32.09306
G1 X47.391 Y39.821 E32.10177
G1 X47.358 Y40.152 E32.11283
G1 X47.428 Y40.491 E32.12435
G1 X47.53 Y40.728 E32.13293
G1 X47.683 Y40.942 E32.14168
G1 X47.883 Y41.129 E32.15078
G1 X48.103 Y41.26 E32.1593
G1 X48.359 Y41.348 E32.1683
G1 X48.628 Y41.384 E32.17733
G1 X48.896 Y41.363 E32.18627
G1 X49.089 Y41.307 E32.19296
G0 F9000 X49.222 Y41.685
;TYPE:WALL-OUTER
G1 F600 X49.292 Y41.665 E32.19538
G1 X49.607 Y41.497 E32.20725
G1 X49.879 Y41.267 E32.2191
G1 X50.09 Y41.004 E32.23031
G1 X50.247 Y40.685 E32.24214
G1 X50.358 Y40.263 E32.25665
G1 X50.337 Y39.831 E32.27104
G1 X50.247 Y39.492 E32.2827
G1 X50.05 Y39.097 E32.29738
G1 X49.746 Y38.783 E32.31192
G1 X49.386 Y38.54 E32.32637
G1 X48.878 Y38.394 E32.34395
G1 X48.446 Y38.405 E32.35832
G1 X48.016 Y38.504 E32.373
G1 X47.562 Y38.776 E32.3906
G1 X47.276 Y39.105 E32.4051
G1 X47.101 Y39.409 E32.41676
G1 X46.997 Y39.741 E32.42834
G1 X46.954 Y40.173 E32.44278
G1 X47.044 Y40.611 E32.45765
G1 X47.18 Y40.925 E32.46903
G1 X47.38 Y41.207 E32.48053
G1 X47.641 Y41.451 E32.49241
G1 X47.933 Y41.625 E32.50372
G1 X48.267 Y41.74 E32.51547
G1 X48.618 Y41.786 E32.52724
G1 X48.968 Y41.758 E32.53892
G1 X49.222 Y41.685 E32.54771
G0 F9000 X48.966 Y40.96
;TYPE:SKIN
G1 F600 X48.635 Y41.017 E32.55888
G1 X48.448 Y40.993 E32.56515
G1 X48.093 Y40.831 E32.57813
G1 X47.959 Y40.706 E32.58422
G1 X47.77 Y40.373 E32.59696
G1 X47.722 Y40.13 E32.6052
G1 X47.745 Y39.896 E32.61302
G1 X47.827 Y39.628 E32.62234
G1 X48.054 Y39.368 E32.63382
G1 X48.307 Y39.217 E32.64362
G1 X48.779 Y39.161 E32.65943
G1 X49.059 Y39.237 E32.66908
G1 X49.422 Y39.537 E32.68474
G1 X49.574 Y39.858 E32.69655
G1 X49.59 Y40.179 E32.70724
G1 X49.446 Y40.583 E32.72151
G1 X49.166 Y40.869 E32.73482
G1 X49.01 Y40.952 E32.7407
G1 X48.966 Y40.96 E32.74219
G0 F9000 X48.903 Y41.236
G0 X48.394 Y41.191
G0 X48.06 Y41.037
G0 X47.632 Y40.655
G0 X47.944 Y40.024
G1 F600 X48.719 Y40.799 E32.77864
G0 F9000 X49.118 Y40.632
G1 F600 X48.102 Y39.616 E32.82643
G0 F9000 X48.45 Y39.399
G1 F600 X49.342 Y40.291 E32.86839
G1 F2700 E27.86839
;MESH:NONMESH
G0 F300 X49.342 Y40.291 Z2
G0 F9000 X49.538 Y40.866
G0 X47.755 Y40.606
G0 X47.262 Y40.535
G0 X46.191 Y40.759
G0 X42.604 Y41.434
G0 X41.522 Y41.265
G0 X40.356 Y42.034
G0 X40.582 Y42.092
;TIME_ELAPSED:98.552822
;LAYER:9
;note -- min layer time used
;TYPE:WALL-INNER
;MESH:slupek3.stl
G1 F2700 E32.86839
G1 F600 X40.827 Y41.963 E32.87759
G1 X41.08 Y41.751 E32.88857
G1 X41.26 Y41.468 E32.89973
G1 X41.357 Y41.217 E32.90868
G1 X41.408 Y40.889 E32.91972
G1 X41.357 Y40.563 E32.93069
G1 X41.26 Y40.306 E32.93983
G1 X41.084 Y40.03 E32.95072
G1 X40.822 Y39.815 E32.96199
G1 X40.585 Y39.687 E32.97095
G1 X40.333 Y39.614 E32.97967
G1 X40.01 Y39.587 E32.99046
G1 X39.673 Y39.666 E33.00197
G1 X39.44 Y39.777 E33.01055
G1 X39.22 Y39.941 E33.01968
G1 X39.044 Y40.138 E33.02846
G1 X38.913 Y40.374 E33.03744
G1 X38.831 Y40.626 E33.04626
G1 X38.804 Y40.889 E33.05505
G1 X38.831 Y41.155 E33.06394
G1 X38.912 Y41.405 E33.07268
G1 X39.045 Y41.639 E33.08164
G1 X39.27 Y41.893 E33.09292
G1 X39.548 Y42.061 E33.10372
G1 X39.803 Y42.149 E33.1127
G1 X40.072 Y42.184 E33.12172
G1 X40.339 Y42.162 E33.13063
G1 X40.582 Y42.092 E33.13904
G0 F9000 X40.732 Y42.465
;TYPE:WALL-OUTER
G1 F600 X41.051 Y42.297 E33.15103
G1 X41.384 Y42.018 E33.16548
G1 X41.62 Y41.649 E33.18005
G1 X41.745 Y41.32 E33.19176
G1 X41.813 Y40.889 E33.20627
G1 X41.745 Y40.46 E33.22071
G1 X41.62 Y40.126 E33.23258
G1 X41.388 Y39.762 E33.24693
G1 X41.047 Y39.48 E33.26165
G1 X40.736 Y39.315 E33.27336
G1 X40.407 Y39.218 E33.28477
G1 X39.98 Y39.183 E33.29902
G1 X39.539 Y39.286 E33.31408
G1 X39.232 Y39.433 E33.3254
G1 X38.948 Y39.645 E33.33719
G1 X38.716 Y39.905 E33.34878
G1 X38.545 Y40.213 E33.3605
G1 X38.437 Y40.542 E33.37201
G1 X38.402 Y40.889 E33.38361
G1 X38.437 Y41.238 E33.39528
G1 X38.544 Y41.567 E33.40679
G1 X38.717 Y41.871 E33.41842
G1 X39.01 Y42.204 E33.43317
G1 X39.378 Y42.425 E33.44745
G1 X39.711 Y42.54 E33.45917
G1 X40.062 Y42.586 E33.47094
G1 X40.411 Y42.558 E33.48259
G1 X40.732 Y42.465 E33.4937
G0 F9000 X40.449 Y41.752
;TYPE:SKIN
G1 F600 X40.083 Y41.819 E33.50608
G1 X39.693 Y41.724 E33.51943
G1 X39.502 Y41.612 E33.52679
G1 X39.347 Y41.435 E33.53462
G1 X39.188 Y41.077 E33.54765
G1 X39.188 Y40.698 E33.56025
G1 X39.343 Y40.341 E33.5732
G1 X39.458 Y40.212 E33.57894
G1 X39.8 Y40.004 E33.59226
G1 X40.04 Y39.95 E33.60044
G1 X40.263 Y39.967 E33.60788
G1 X40.532 Y40.049 E33.61723
G1 X40.809 Y40.272 E33.62906
G1 X40.988 Y40.553 E33.64014
G1 X41.041 Y40.887 E33.65139
G1 X40.988 Y41.219 E33.66257
G1 X40.803 Y41.51 E33.67404
G1 X40.449 Y41.752 E33.6883
G0 F9000 X40.356 Y42.034
G0 X40.958 Y41.643
G0 X41.139 Y41.359
G0 X41.258 Y40.585
G0 X40.802 Y40.657
G1 F600 X39.891 Y41.567 E33.73113
G0 F9000 X39.541 Y41.352
G1 F600 X40.562 Y40.331 E33.77915
G0 F9000 X40.155 Y40.172
G1 F600 X39.388 Y40.939 E33.81523
G1 F2700 E28.81523
;MESH:slupek3.stl(1)
G0 F9000 X38.928 Y40.925
G0 X39.176 Y41.543
G0 X39.374 Y41.768
G0 X39.618 Y41.915
G0 X40.076 Y42.022
G0 X40.519 Y41.943
G0 X40.875 Y41.7
G0 X41.581 Y40.891
G0 X42.662 Y40.721
G0 X46.191 Y40.759
G0 X47.262 Y40.535
G0 X48.74 Y41.158
G0 X49.089 Y41.307
;TYPE:WALL-INNER
G1 F2700 E33.81523
G1 F600 X49.141 Y41.292 E33.81703
G1 X49.381 Y41.164 E33.82608
G1 X49.591 Y40.987 E33.83521
G1 X49.75 Y40.788 E33.84368
G1 X49.871 Y40.544 E33.85274
G1 X49.956 Y40.221 E33.86385
G1 X49.939 Y39.893 E33.87478
G1 X49.87 Y39.635 E33.88366
G1 X49.72 Y39.331 E33.89493
G1 X49.488 Y39.091 E33.90604
G1 X49.214 Y38.907 E33.91701
G1 X48.826 Y38.798 E33.93042
G1 X48.497 Y38.806 E33.94136
G1 X48.168 Y38.879 E33.95257
G1 X47.822 Y39.086 E33.96598
G1 X47.603 Y39.338 E33.97709
G1 X47.469 Y39.571 E33.98603
G1 X47.391 Y39.821 E33.99474
G1 X47.358 Y40.152 E34.0058
G1 X47.428 Y40.491 E34.01731
G1 X47.53 Y40.728 E34.0259
G1 X47.683 Y40.942 E34.03465
G1 X47.883 Y41.129 E34.04375
G1 X48.103 Y41.26 E34.05227
G1 X48.359 Y41.348 E34.06127
G1 X48.628 Y41.384 E34.0703
G1 X48.896 Y41.363 E34.07924
G1 X49.089 Y41.307 E34.08592
G0 F9000 X49.222 Y41.685
;TYPE:WALL-OUTER
G1 F600 X49.292 Y41.665 E34.08835
G1 X49.607 Y41.497 E34.10022
G1 X49.879 Y41.267 E34.11207
G1 X50.09 Y41.004 E34.12328
G1 X50.247 Y40.685 E34.13511
G1 X50.358 Y40.263 E34.14962
G1 X50.337 Y39.831 E34.164
G1 X50.247 Y39.492 E34.17567
G1 X50.05 Y39.097 E34.19035
G1 X49.746 Y38.783 E34.20489
G1 X49.386 Y38.54 E34.21933
G1 X48.878 Y38.394 E34.23691
G1 X48.446 Y38.405 E34.25129
G1 X48.016 Y38.504 E34.26596
G1 X47.562 Y38.776 E34.28357
G1 X47.276 Y39.105 E34.29807
G1 X47.101 Y39.409 E34.30973
G1 X46.997 Y39.741 E34.3213
G1 X46.954 Y40.173 E34.33574
G1 X47.044 Y40.611 E34.35062
G1 X47.18 Y40.925 E34.362
G1 X47.38 Y41.207 E34.3735
G1 X47.641 Y41.451 E34.38538
G1 X47.933 Y41.625 E34.39668
G1 X48.267 Y41.74 E34.40843
G1 X48.618 Y41.786 E34.42021
G1 X48.968 Y41.758 E34.43189
G1 X49.222 Y41.685 E34.44068
G0 F9000 X48.966 Y40.96
;TYPE:SKIN
G1 F600 X48.635 Y41.017 E34.45185
G1 X48.448 Y40.993 E34.45812
G1 X48.093 Y40.831 E34.4711
G1 X47.959 Y40.706 E34.47719
G1 X47.77 Y40.373 E34.48993
G1 X47.722 Y40.13 E34.49816
G1 X47.745 Y39.896 E34.50598
G1 X47.827 Y39.628 E34.51531
G1 X48.054 Y39.368 E34.52679
G1 X48.307 Y39.217 E34.53659
G1 X48.779 Y39.161 E34.55239
G1 X49.059 Y39.237 E34.56204
G1 X49.422 Y39.537 E34.57771
G1 X49.574 Y39.858 E34.58952
G1 X49.59 Y40.179 E34.60021
G1 X49.446 Y40.583 E34.61448
G1 X49.166 Y40.869 E34.62779
G1 X49.01 Y40.952 E34.63366
G1 X48.966 Y40.96 E34.63515
G0 F9000 X48.57 Y40.808
G1 F600 X49.38 Y39.998 E34.67325
G0 F9000 X49.203 Y39.609
G1 F600 X48.177 Y40.636 E34.72154
G0 F9000 X47.958 Y40.289
G1 F600 X48.858 Y39.389 E34.76387
G1 F2700 E29.76387
;MESH:NONMESH
G0 F300 X48.858 Y39.389 Z2.2
G0 F9000 X48.979 Y38.946
G0 X48.23 Y39.03
G0 X47.927 Y39.211
G0 X47.704 Y39.468
G0 X47.262 Y40.535
G0 X46.191 Y40.759
G0 X42.604 Y41.434
G0 X41.522 Y41.265
G0 X40.356 Y42.034
G0 X40.582 Y42.092
;TIME_ELAPSED:106.671426
;LAYER:10
;note -- min layer time used
;TYPE:WALL-INNER
;MESH:slupek3.stl
G1 F2700 E34.76387
G1 F600 X40.827 Y41.963 E34.77308
G1 X41.08 Y41.751 E34.78406
G1 X41.26 Y41.468 E34.79521
G1 X41.357 Y41.217 E34.80416
G1 X41.408 Y40.889 E34.8152
G1 X41.357 Y40.563 E34.82618
G1 X41.26 Y40.306 E34.83531
G1 X41.084 Y40.03 E34.8462
G1 X40.822 Y39.815 E34.85747
G1 X40.585 Y39.687 E34.86643
G1 X40.333 Y39.614 E34.87516
G1 X40.01 Y39.587 E34.88594
G1 X39.673 Y39.666 E34.89745
G1 X39.44 Y39.777 E34.90604
G1 X39.22 Y39.941 E34.91516
G1 X39.044 Y40.138 E34.92395
G1 X38.913 Y40.374 E34.93293
G1 X38.831 Y40.626 E34.94174
G1 X38.804 Y40.889 E34.95053
G1 X38.831 Y41.155 E34.95943
G1 X38.912 Y41.405 E34.96817
G1 X39.045 Y41.639 E34.97712
G1 X39.27 Y41.893 E34.9884
G1 X39.548 Y42.061 E34.99921
G1 X39.803 Y42.149 E35.00818
G1 X40.072 Y42.184 E35.0172
G1 X40.339 Y42.162 E35.02611
G1 X40.582 Y42.092 E35.03452
G0 F9000 X40.732 Y42.465
;TYPE:WALL-OUTER
G1 F600 X41.051 Y42.297 E35.04652
G1 X41.384 Y42.018 E35.06097
G1 X41.62 Y41.649 E35.07553
G1 X41.745 Y41.32 E35.08724
G1 X41.813 Y40.889 E35.10175
G1 X41.745 Y40.46 E35.1162
G1 X41.62 Y40.126 E35.12806
G1 X41.388 Y39.762 E35.14242
G1 X41.047 Y39.48 E35.15713
G1 X40.736 Y39.315 E35.16884
G1 X40.407 Y39.218 E35.18025
G1 X39.98 Y39.183 E35.1945
G1 X39.539 Y39.286 E35.20956
G1 X39.232 Y39.433 E35.22089
G1 X38.948 Y39.645 E35.23267
G1 X38.716 Y39.905 E35.24426
G1 X38.545 Y40.213 E35.25598
G1 X38.437 Y40.542 E35.2675
G1 X38.402 Y40.889 E35.2791
G1 X38.437 Y41.238 E35.29076
G1 X38.544 Y41.567 E35.30227
G1 X38.717 Y41.871 E35.3139
G1 X39.01 Y42.204 E35.32866
G1 X39.378 Y42.425 E35.34293
G1 X39.711 Y42.54 E35.35465
G1 X40.062 Y42.586 E35.36642
G1 X40.411 Y42.558 E35.37807
G1 X40.732 Y42.465 E35.38918
G0 F9000 X40.449 Y41.752
;TYPE:SKIN
G1 F600 X40.083 Y41.819 E35.40156
G1 X39.693 Y41.724 E35.41491
G1 X39.502 Y41.612 E35.42228
G1 X39.347 Y41.435 E35.4301
G1 X39.188 Y41.077 E35.44313
G1 X39.188 Y40.698 E35.45574
G1 X39.343 Y40.341 E35.46868
G1 X39.458 Y40.212 E35.47443
G1 X39.8 Y40.004 E35.48774
G1 X40.04 Y39.95 E35.49592
G1 X40.263 Y39.967 E35.50336
G1 X40.532 Y40.049 E35.51272
G1 X40.809 Y40.272 E35.52454
G1 X40.988 Y40.553 E35.53562
G1 X41.041 Y40.887 E35.54687
G1 X40.988 Y41.219 E35.55805
G1 X40.803 Y41.51 E35.56952
G1 X40.449 Y41.752 E35.58379
G0 F9000 X39.862 Y41.559
G1 F600 X39.428 Y41.125 E35.6042
G0 F9000 X39.454 Y40.586
G1 F600 X40.41 Y41.542 E35.64917
G0 F9000 X40.714 Y41.279
G1 F600 X39.721 Y40.287 E35.69585
G0 F9000 X40.177 Y40.177
G1 F600 X40.83 Y40.83 E35.72657
G1 F2700 E30.72657
;MESH:slupek3.stl(1)
G0 F9000 X41.286 Y40.758
G0 X41.581 Y40.891
G0 X42.662 Y40.721
G0 X46.191 Y40.759
G0 X47.262 Y40.535
G0 X48.74 Y41.158
G0 X49.089 Y41.307
;TYPE:WALL-INNER
G1 F2700 E35.72657
G1 F600 X49.141 Y41.292 E35.72837
G1 X49.381 Y41.164 E35.73741
G1 X49.591 Y40.987 E35.74655
G1 X49.75 Y40.788 E35.75502
G1 X49.871 Y40.544 E35.76408
G1 X49.956 Y40.221 E35.77519
G1 X49.939 Y39.893 E35.78611
G1 X49.87 Y39.635 E35.79499
G1 X49.72 Y39.331 E35.80627
G1 X49.488 Y39.091 E35.81737
G1 X49.214 Y38.907 E35.82835
G1 X48.826 Y38.798 E35.84175
G1 X48.497 Y38.806 E35.8527
G1 X48.168 Y38.879 E35.86391
G1 X47.822 Y39.086 E35.87732
G1 X47.603 Y39.338 E35.88842
G1 X47.469 Y39.571 E35.89736
G1 X47.391 Y39.821 E35.90607
G1 X47.358 Y40.152 E35.91714
G1 X47.428 Y40.491 E35.92865
G1 X47.53 Y40.728 E35.93723
G1 X47.683 Y40.942 E35.94598
G1 X47.883 Y41.129 E35.95509
G1 X48.103 Y41.26 E35.9636
G1 X48.359 Y41.348 E35.97261
G1 X48.628 Y41.384 E35.98163
G1 X48.896 Y41.363 E35.99057
G1 X49.089 Y41.307 E35.99726
G0 F9000 X49.222 Y41.685
;TYPE:WALL-OUTER
G1 F600 X49.292 Y41.665 E35.99968
G1 X49.607 Y41.497 E36.01155
G1 X49.879 Y41.267 E36.0234
G1 X50.09 Y41.004 E36.03462
G1 X50.247 Y40.685 E36.04644
G1 X50.358 Y40.263 E36.06095
G1 X50.337 Y39.831 E36.07534
G1 X50.247 Y39.492 E36.08701
G1 X50.05 Y39.097 E36.10169
G1 X49.746 Y38.783 E36.11622
G1 X49.386 Y38.54 E36.13067
G1 X48.878 Y38.394 E36.14825
G1 X48.446 Y38.405 E36.16262
G1 X48.016 Y38.504 E36.1773
G1 X47.562 Y38.776 E36.1949
G1 X47.276 Y39.105 E36.2094
G1 X47.101 Y39.409 E36.22107
G1 X46.997 Y39.741 E36.23264
G1 X46.954 Y40.173 E36.24708
G1 X47.044 Y40.611 E36.26195
G1 X47.18 Y40.925 E36.27333
G1 X47.38 Y41.207 E36.28483
G1 X47.641 Y41.451 E36.29671
G1 X47.933 Y41.625 E36.30802
G1 X48.267 Y41.74 E36.31977
G1 X48.618 Y41.786 E36.33154
G1 X48.968 Y41.758 E36.34322
G1 X49.222 Y41.685 E36.35201
G0 F9000 X48.966 Y40.96
;TYPE:SKIN
G1 F600 X48.635 Y41.017 E36.36318
G1 X48.448 Y40.993 E36.36945
G1 X48.093 Y40.831 E36.38243
G1 X47.959 Y40.706 E36.38853
G1 X47.77 Y40.373 E36.40126
G1 X47.722 Y40.13 E36.4095
G1 X47.745 Y39.896 E36.41732
G1 X47.827 Y39.628 E36.42664
G1 X48.054 Y39.368 E36.43812
G1 X48.307 Y39.217 E36.44792
G1 X48.779 Y39.161 E36.46373
G1 X49.059 Y39.237 E36.47338
G1 X49.422 Y39.537 E36.48904
G1 X49.574 Y39.858 E36.50086
G1 X49.59 Y40.179 E36.51155
G1 X49.446 Y40.583 E36.52581
G1 X49.166 Y40.869 E36.53912
G1 X49.01 Y40.952 E36.545
G1 X48.966 Y40.96 E36.54649
G0 F9000 X48.903 Y41.236
G0 X48.394 Y41.191
G0 X48.06 Y41.037
G0 X47.632 Y40.655
G0 X47.944 Y40.024
G1 F600 X48.719 Y40.799 E36.58294
G0 F9000 X49.118 Y40.632
G1 F600 X48.102 Y39.616 E36.63073
G0 F9000 X48.45 Y39.399
G1 F600 X49.342 Y40.291 E36.67269
G1 F2700 E31.67269
;MESH:NONMESH
G0 F300 X49.342 Y40.291 Z2.4
G0 F9000 X49.538 Y40.866
G0 X47.755 Y40.606
G0 X47.262 Y40.535
G0 X46.191 Y40.759
G0 X42.604 Y41.434
G0 X41.522 Y41.265
G0 X40.356 Y42.034
G0 X40.582 Y42.092
;TIME_ELAPSED:114.696505
;LAYER:11
;note -- min layer time used
;TYPE:WALL-INNER
;MESH:slupek3.stl
G1 F2700 E36.67269
G1 F600 X40.827 Y41.963 E36.6819
G1 X41.08 Y41.751 E36.69288
G1 X41.26 Y41.468 E36.70403
G1 X41.357 Y41.217 E36.71298
G1 X41.408 Y40.889 E36.72402
G1 X41.357 Y40.563 E36.735
G1 X41.26 Y40.306 E36.74413
G1 X41.084 Y40.03 E36.75502
G1 X40.822 Y39.815 E36.76629
G1 X40.585 Y39.687 E36.77525
G1 X40.333 Y39.614 E36.78398
G1 X40.01 Y39.587 E36.79476
G1 X39.673 Y39.666 E36.80627
G1 X39.44 Y39.777 E36.81485
G1 X39.22 Y39.941 E36.82398
G1 X39.044 Y40.138 E36.83277
G1 X38.913 Y40.374 E36.84174
G1 X38.831 Y40.626 E36.85056
G1 X38.804 Y40.889 E36.85935
G1 X38.831 Y41.155 E36.86824
G1 X38.912 Y41.405 E36.87699
G1 X39.045 Y41.639 E36.88594
G1 X39.27 Y41.893 E36.89722
G1 X39.548 Y42.061 E36.90803
G1 X39.803 Y42.149 E36.917
G1 X40.072 Y42.184 E36.92602
G1 X40.339 Y42.162 E36.93493
G1 X40.582 Y42.092 E36.94334
G0 F9000 X40.732 Y42.465
;TYPE:WALL-OUTER
G1 F600 X41.051 Y42.297 E36.95533
G1 X41.384 Y42.018 E36.96978
G1 X41.62 Y41.649 E36.98435
G1 X41.745 Y41.32 E36.99606
G1 X41.813 Y40.889 E37.01057
G1 X41.745 Y40.46 E37.02502
G1 X41.62 Y40.126 E37.03688
G1 X41.388 Y39.762 E37.05124
G1 X41.047 Y39.48 E37.06595
G1 X40.736 Y39.315 E37.07766
G1 X40.407 Y39.218 E37.08907
G1 X39.98 Y39.183 E37.10332
G1 X39.539 Y39.286 E37.11838
G1 X39.232 Y39.433 E37.1297
G1 X38.948 Y39.645 E37.14149
G1 X38.716 Y39.905 E37.15308
G1 X38.545 Y40.213 E37.1648
G1 X38.437 Y40.542 E37.17632
G1 X38.402 Y40.889 E37.18791
G1 X38.437 Y41.238 E37.19958
G1 X38.544 Y41.567 E37.21109
G1 X38.717 Y41.871 E37.22272
G1 X39.01 Y42.204 E37.23747
G1 X39.378 Y42.425 E37.25175
G1 X39.711 Y42.54 E37.26347
G1 X40.062 Y42.586 E37.27524
G1 X40.411 Y42.558 E37.28689
G1 X40.732 Y42.465 E37.298
G0 F9000 X40.449 Y41.752
;TYPE:SKIN
G1 F600 X40.083 Y41.819 E37.31038
G1 X39.693 Y41.724 E37.32373
G1 X39.502 Y41.612 E37.33109
G1 X39.347 Y41.435 E37.33892
G1 X39.188 Y41.077 E37.35195
G1 X39.188 Y40.698 E37.36455
G1 X39.343 Y40.341 E37.3775
G1 X39.458 Y40.212 E37.38325
G1 X39.8 Y40.004 E37.39656
G1 X40.04 Y39.95 E37.40474
G1 X40.263 Y39.967 E37.41218
G1 X40.532 Y40.049 E37.42153
G1 X40.809 Y40.272 E37.43336
G1 X40.988 Y40.553 E37.44444
G1 X41.041 Y40.887 E37.45569
G1 X40.988 Y41.219 E37.46687
G1 X40.803 Y41.51 E37.47834
G1 X40.449 Y41.752 E37.4926
G0 F9000 X40.356 Y42.034
G0 X40.958 Y41.643
G0 X41.139 Y41.359
G0 X41.258 Y40.585
G0 X40.802 Y40.657
G1 F600 X39.891 Y41.567 E37.53543
G0 F9000 X39.541 Y41.352
G1 F600 X40.562 Y40.331 E37.58346
G0 F9000 X40.155 Y40.172
G1 F600 X39.388 Y40.939 E37.61953
G1 F2700 E32.61953
;MESH:slupek3.stl(1)
G0 F9000 X38.928 Y40.925
G0 X39.176 Y41.543
G0 X39.374 Y41.768
G0 X39.618 Y41.915
G0 X40.076 Y42.022
G0 X40.519 Y41.943
G0 X40.875 Y41.7
G0 X41.581 Y40.891
G0 X42.662 Y40.721
G0 X46.191 Y40.759
G0 X47.262 Y40.535
G0 X48.74 Y41.158
G0 X49.089 Y41.307
;TYPE:WALL-INNER
G1 F2700 E37.61953
G1 F600 X49.141 Y41.292 E37.62133
G1 X49.381 Y41.164 E37.63038
G1 X49.591 Y40.987 E37.63951
G1 X49.75 Y40.788 E37.64799
G1 X49.871 Y40.544 E37.65705
G1 X49.956 Y40.221 E37.66815
G1 X49.939 Y39.893 E37.67908
G1 X49.87 Y39.635 E37.68796
G1 X49.72 Y39.331 E37.69924
G1 X49.488 Y39.091 E37.71034
G1 X49.214 Y38.907 E37.72132
G1 X48.826 Y38.798 E37.73472
G1 X48.497 Y38.806 E37.74567
G1 X48.168 Y38.879 E37.75687
G1 X47.822 Y39.086 E37.77028
G1 X47.603 Y39.338 E37.78139
G1 X47.469 Y39.571 E37.79033
G1 X47.391 Y39.821 E37.79904
G1 X47.358 Y40.152 E37.8101
G1 X47.428 Y40.491 E37.82162
G1 X47.53 Y40.728 E37.8302
G1 X47.683 Y40.942 E37.83895
G1 X47.883 Y41.129 E37.84805
G1 X48.103 Y41.26 E37.85657
G1 X48.359 Y41.348 E37.86557
G1 X48.628 Y41.384 E37.8746
G1 X48.896 Y41.363 E37.88354
G1 X49.089 Y41.307 E37.89023
G0 F9000 X49.222 Y41.685
;TYPE:WALL-OUTER
G1 F600 X49.292 Y41.665 E37.89265
G1 X49.607 Y41.497 E37.90452
G1 X49.879 Y41.267 E37.91637
G1 X50.09 Y41.004 E37.92758
G1 X50.247 Y40.685 E37.93941
G1 X50.358 Y40.263 E37.95392
G1 X50.337 Y39.831 E37.96831
G1 X50.247 Y39.492 E37.97997
G1 X50.05 Y39.097 E37.99465
G1 X49.746 Y38.783 E38.00919
G1 X49.386 Y38.54 E38.02364
G1 X48.878 Y38.394 E38.04122
G1 X48.446 Y38.405 E38.05559
G1 X48.016 Y38.504 E38.07027
G1 X47.562 Y38.776 E38.08787
G1 X47.276 Y39.105 E38.10237
G1 X47.101 Y39.409 E38.11403
G1 X46.997 Y39.741 E38.12561
G1 X46.954 Y40.173 E38.14004
G1 X47.044 Y40.611 E38.15492
G1 X47.18 Y40.925 E38.1663
G1 X47.38 Y41.207 E38.1778
G1 X47.641 Y41.451 E38.18968
G1 X47.933 Y41.625 E38.20099
G1 X48.267 Y41.74 E38.21274
G1 X48.618 Y41.786 E38.22451
G1 X48.968 Y41.758 E38.23619
G1 X49.222 Y41.685 E38.24498
G0 F9000 X48.966 Y40.96
;TYPE:SKIN
G1 F600 X48.635 Y41.017 E38.25615
G1 X48.448 Y40.993 E38.26242
G1 X48.093 Y40.831 E38.2754
G1 X47.959 Y40.706 E38.28149
G1 X47.77 Y40.373 E38.29423
G1 X47.722 Y40.13 E38.30247
G1 X47.745 Y39.896 E38.31029
G1 X47.827 Y39.628 E38.31961
G1 X48.054 Y39.368 E38.33109
G1 X48.307 Y39.217 E38.34089
G1 X48.779 Y39.161 E38.3567
G1 X49.059 Y39.237 E38.36635
G1 X49.422 Y39.537 E38.38201
G1 X49.574 Y39.858 E38.39382
G1 X49.59 Y40.179 E38.40451
G1 X49.446 Y40.583 E38.41878
G1 X49.166 Y40.869 E38.43209
G1 X49.01 Y40.952 E38.43797
G1 X48.966 Y40.96 E38.43945
G0 F9000 X48.57 Y40.808
G1 F600 X49.38 Y39.998 E38.47755
G0 F9000 X49.203 Y39.609
G1 F600 X48.177 Y40.636 E38.52584
G0 F9000 X47.958 Y40.289
G1 F600 X48.858 Y39.389 E38.56817
G1 F2700 E33.56817
;MESH:NONMESH
G0 F300 X48.858 Y39.389 Z2.6
G0 F9000 X48.979 Y38.946
G0 X48.23 Y39.03
G0 X47.927 Y39.211
G0 X47.704 Y39.468
G0 X47.262 Y40.535
G0 X46.191 Y40.759
G0 X42.604 Y41.434
G0 X41.522 Y41.265
G0 X40.356 Y42.034
G0 X40.582 Y42.092
;TIME_ELAPSED:122.815109
;LAYER:12
;note -- min layer time used
;TYPE:WALL-INNER
;MESH:slupek3.stl
G1 F2700 E38.56817
G1 F600 X40.827 Y41.963 E38.57738
G1 X41.08 Y41.751 E38.58836
G1 X41.26 Y41.468 E38.59951
G1 X41.357 Y41.217 E38.60846
G1 X41.408 Y40.889 E38.6195
G1 X41.357 Y40.563 E38.63048
G1 X41.26 Y40.306 E38.63962
G1 X41.084 Y40.03 E38.6505
G1 X40.822 Y39.815 E38.66178
G1 X40.585 Y39.687 E38.67073
G1 X40.333 Y39.614 E38.67946
G1 X40.01 Y39.587 E38.69024
G1 X39.673 Y39.666 E38.70175
G1 X39.44 Y39.777 E38.71034
G1 X39.22 Y39.941 E38.71946
G1 X39.044 Y40.138 E38.72825
G1 X38.913 Y40.374 E38.73723
G1 X38.831 Y40.626 E38.74604
G1 X38.804 Y40.889 E38.75484
G1 X38.831 Y41.155 E38.76373
G1 X38.912 Y41.405 E38.77247
G1 X39.045 Y41.639 E38.78142
G1 X39.27 Y41.893 E38.79271
G1 X39.548 Y42.061 E38.80351
G1 X39.803 Y42.149 E38.81248
G1 X40.072 Y42.184 E38.82151
G1 X40.339 Y42.162 E38.83042
G1 X40.582 Y42.092 E38.83883
G0 F9000 X40.732 Y42.465
;TYPE:WALL-OUTER
G1 F600 X41.051 Y42.297 E38.85082
G1 X41.384 Y42.018 E38.86527
G1 X41.62 Y41.649 E38.87984
G1 X41.745 Y41.32 E38.89154
G1 X41.813 Y40.889 E38.90605
G1 X41.745 Y40.46 E38.9205
G1 X41.62 Y40.126 E38.93236
G1 X41.388 Y39.762 E38.94672
G1 X41.047 Y39.48 E38.96144
G1 X40.736 Y39.315 E38.97315
G1 X40.407 Y39.218 E38.98455
G1 X39.98 Y39.183 E38.9988
G1 X39.539 Y39.286 E39.01387
G1 X39.232 Y39.433 E39.02519
G1 X38.948 Y39.645 E39.03697
G1 X38.716 Y39.905 E39.04856
G1 X38.545 Y40.213 E39.06028
G1 X38.437 Y40.542 E39.0718
G1 X38.402 Y40.889 E39.0834
G1 X38.437 Y41.238 E39.09506
G1 X38.544 Y41.567 E39.10657
G1 X38.717 Y41.871 E39.1182
G1 X39.01 Y42.204 E39.13296
G1 X39.378 Y42.425 E39.14723
G1 X39.711 Y42.54 E39.15895
G1 X40.062 Y42.586 E39.17073
G1 X40.411 Y42.558 E39.18237
G1 X40.732 Y42.465 E39.19349
G0 F9000 X40.449 Y41.752
;TYPE:SKIN
G1 F600 X40.083 Y41.819 E39.20586
G1 X39.693 Y41.724 E39.21921
G1 X39.502 Y41.612 E39.22658
G1 X39.347 Y41.435 E39.2344
G1 X39.188 Y41.077 E39.24743
G1 X39.188 Y40.698 E39.26004
G1 X39.343 Y40.341 E39.27298
G1 X39.458 Y40.212 E39.27873
G1 X39.8 Y40.004 E39.29204
G1 X40.04 Y39.95 E39.30023
G1 X40.263 Y39.967 E39.30766
G1 X40.532 Y40.049 E39.31702
G1 X40.809 Y40.272 E39.32884
G1 X40.988 Y40.553 E39.33993
G1 X41.041 Y40.887 E39.35117
G1 X40.988 Y41.219 E39.36236
G1 X40.803 Y41.51 E39.37383
G1 X40.449 Y41.752 E39.38809
G0 F9000 X39.862 Y41.559
G1 F600 X39.428 Y41.125 E39.4085
G0 F9000 X39.454 Y40.586
G1 F600 X40.41 Y41.542 E39.45347
G0 F9000 X40.714 Y41.279
G1 F600 X39.721 Y40.287 E39.50015
G0 F9000 X40.177 Y40.177
G1 F600 X40.83 Y40.83 E39.53087
G1 F2700 E34.53087
;MESH:slupek3.stl(1)
G0 F9000 X41.286 Y40.758
G0 X41.581 Y40.891
G0 X42.662 Y40.721
G0 X46.191 Y40.759
G0 X47.262 Y40.535
G0 X48.74 Y41.158
G0 X49.089 Y41.307
;TYPE:WALL-INNER
G1 F2700 E39.53087
G1 F600 X49.141 Y41.292 E39.53267
G1 X49.381 Y41.164 E39.54172
G1 X49.591 Y40.987 E39.55085
G1 X49.75 Y40.788 E39.55932
G1 X49.871 Y40.544 E39.56838
G1 X49.956 Y40.221 E39.57949
G1 X49.939 Y39.893 E39.59041
G1 X49.87 Y39.635 E39.5993
G1 X49.72 Y39.331 E39.61057
G1 X49.488 Y39.091 E39.62167
G1 X49.214 Y38.907 E39.63265
G1 X48.826 Y38.798 E39.64605
G1 X48.497 Y38.806 E39.657
G1 X48.168 Y38.879 E39.66821
G1 X47.822 Y39.086 E39.68162
G1 X47.603 Y39.338 E39.69272
G1 X47.469 Y39.571 E39.70166
G1 X47.391 Y39.821 E39.71037
G1 X47.358 Y40.152 E39.72144
G1 X47.428 Y40.491 E39.73295
G1 X47.53 Y40.728 E39.74153
G1 X47.683 Y40.942 E39.75028
G1 X47.883 Y41.129 E39.75939
G1 X48.103 Y41.26 E39.76791
G1 X48.359 Y41.348 E39.77691
G1 X48.628 Y41.384 E39.78594
G1 X48.896 Y41.363 E39.79488
G1 X49.089 Y41.307 E39.80156
G0 F9000 X49.222 Y41.685
;TYPE:WALL-OUTER
G1 F600 X49.292 Y41.665 E39.80398
G1 X49.607 Y41.497 E39.81586
G1 X49.879 Y41.267 E39.8277
G1 X50.09 Y41.004 E39.83892
G1 X50.247 Y40.685 E39.85074
G1 X50.358 Y40.263 E39.86526
G1 X50.337 Y39.831 E39.87964
G1 X50.247 Y39.492 E39.89131
G1 X50.05 Y39.097 E39.90599
G1 X49.746 Y38.783 E39.92053
G1 X49.386 Y38.54 E39.93497
G1 X48.878 Y38.394 E39.95255
G1 X48.446 Y38.405 E39.96692
G1 X48.016 Y38.504 E39.9816
G1 X47.562 Y38.776 E39.9992
G1 X47.276 Y39.105 E40.0137
G1 X47.101 Y39.409 E40.02537
G1 X46.997 Y39.741 E40.03694
G1 X46.954 Y40.173 E40.05138
G1 X47.044 Y40.611 E40.06625
G1 X47.18 Y40.925 E40.07763
G1 X47.38 Y41.207 E40.08913
G1 X47.641 Y41.451 E40.10102
G1 X47.933 Y41.625 E40.11232
G1 X48.267 Y41.74 E40.12407
G1 X48.618 Y41.786 E40.13584
G1 X48.968 Y41.758 E40.14752
G1 X49.222 Y41.685 E40.15631
G0 F9000 X48.966 Y40.96
;TYPE:SKIN
G1 F600 X48.635 Y41.017 E40.16748
G1 X48.448 Y40.993 E40.17375
G1 X48.093 Y40.831 E40.18673
G1 X47.959 Y40.706 E40.19283
G1 X47.77 Y40.373 E40.20556
G1 X47.722 Y40.13 E40.2138
G1 X47.745 Y39.896 E40.22162
G1 X47.827 Y39.628 E40.23094
G1 X48.054 Y39.368 E40.24242
G1 X48.307 Y39.217 E40.25222
G1 X48.779 Y39.161 E40.26803
G1 X49.059 Y39.237 E40.27768
G1 X49.422 Y39.537 E40.29334
G1 X49.574 Y39.858 E40.30516
G1 X49.59 Y40.179 E40.31585
G1 X49.446 Y40.583 E40.33011
G1 X49.166 Y40.869 E40.34342
G1 X49.01 Y40.952 E40.3493
G1 X48.966 Y40.96 E40.35079
G0 F9000 X48.903 Y41.236
G0 X48.394 Y41.191
G0 X48.06 Y41.037
G0 X47.632 Y40.655
G0 X47.944 Y40.024
G1 F600 X48.719 Y40.799 E40.38724
G0 F9000 X49.118 Y40.632
G1 F600 X48.102 Y39.616 E40.43503
G0 F9000 X48.45 Y39.399
G1 F600 X49.342 Y40.291 E40.47699
G1 F2700 E35.47699
;MESH:NONMESH
G0 F300 X49.342 Y40.291 Z2.8
G0 F9000 X49.538 Y40.866
G0 X47.755 Y40.606
G0 X47.262 Y40.535
G0 X46.191 Y40.759
G0 X42.604 Y41.434
G0 X41.522 Y41.265
G0 X40.356 Y42.034
G0 X40.582 Y42.092
;TIME_ELAPSED:130.840189
;LAYER:13
;note -- min layer time used
;TYPE:WALL-INNER
;MESH:slupek3.stl
G1 F2700 E40.47699
G1 F600 X40.827 Y41.963 E40.4862
G1 X41.08 Y41.751 E40.49718
G1 X41.26 Y41.468 E40.50833
G1 X41.357 Y41.217 E40.51728
G1 X41.408 Y40.889 E40.52832
G1 X41.357 Y40.563 E40.5393
G1 X41.26 Y40.306 E40.54843
G1 X41.084 Y40.03 E40.55932
G1 X40.822 Y39.815 E40.57059
G1 X40.585 Y39.687 E40.57955
G1 X40.333 Y39.614 E40.58828
G1 X40.01 Y39.587 E40.59906
G1 X39.673 Y39.666 E40.61057
G1 X39.44 Y39.777 E40.61916
G1 X39.22 Y39.941 E40.62828
G1 X39.044 Y40.138 E40.63707
G1 X38.913 Y40.374 E40.64605
G1 X38.831 Y40.626 E40.65486
G1 X38.804 Y40.889 E40.66365
G1 X38.831 Y41.155 E40.67255
G1 X38.912 Y41.405 E40.68129
G1 X39.045 Y41.639 E40.69024
G1 X39.27 Y41.893 E40.70153
G1 X39.548 Y42.061 E40.71233
G1 X39.803 Y42.149 E40.7213
G1 X40.072 Y42.184 E40.73032
G1 X40.339 Y42.162 E40.73923
G1 X40.582 Y42.092 E40.74765
G0 F9000 X40.732 Y42.465
;TYPE:WALL-OUTER
G1 F600 X41.051 Y42.297 E40.75964
G1 X41.384 Y42.018 E40.77409
G1 X41.62 Y41.649 E40.78865
G1 X41.745 Y41.32 E40.80036
G1 X41.813 Y40.889 E40.81487
G1 X41.745 Y40.46 E40.82932
G1 X41.62 Y40.126 E40.84118
G1 X41.388 Y39.762 E40.85554
G1 X41.047 Y39.48 E40.87025
G1 X40.736 Y39.315 E40.88196
G1 X40.407 Y39.218 E40.89337
G1 X39.98 Y39.183 E40.90762
G1 X39.539 Y39.286 E40.92268
G1 X39.232 Y39.433 E40.93401
G1 X38.948 Y39.645 E40.94579
G1 X38.716 Y39.905 E40.95738
G1 X38.545 Y40.213 E40.9691
G1 X38.437 Y40.542 E40.98062
G1 X38.402 Y40.889 E40.99222
G1 X38.437 Y41.238 E41.00388
G1 X38.544 Y41.567 E41.01539
G1 X38.717 Y41.871 E41.02702
G1 X39.01 Y42.204 E41.04178
G1 X39.378 Y42.425 E41.05605
G1 X39.711 Y42.54 E41.06777
G1 X40.062 Y42.586 E41.07954
G1 X40.411 Y42.558 E41.09119
G1 X40.732 Y42.465 E41.10231
G0 F9000 X40.449 Y41.752
;TYPE:SKIN
G1 F600 X40.083 Y41.819 E41.11468
G1 X39.693 Y41.724 E41.12803
G1 X39.502 Y41.612 E41.1354
G1 X39.347 Y41.435 E41.14322
G1 X39.188 Y41.077 E41.15625
G1 X39.188 Y40.698 E41.16886
G1 X39.343 Y40.341 E41.1818
G1 X39.458 Y40.212 E41.18755
G1 X39.8 Y40.004 E41.20086
G1 X40.04 Y39.95 E41.20904
G1 X40.263 Y39.967 E41.21648
G1 X40.532 Y40.049 E41.22584
G1 X40.809 Y40.272 E41.23766
G1 X40.988 Y40.553 E41.24874
G1 X41.041 Y40.887 E41.25999
G1 X40.988 Y41.219 E41.27117
G1 X40.803 Y41.51 E41.28264
G1 X40.449 Y41.752 E41.29691
G0 F9000 X40.356 Y42.034
G0 X40.958 Y41.643
G0 X41.139 Y41.359
G0 X41.258 Y40.585
G0 X40.802 Y40.657
G1 F600 X39.891 Y41.567 E41.33973
G0 F9000 X39.541 Y41.352
G1 F600 X40.562 Y40.331 E41.38776
G0 F9000 X40.155 Y40.172
G1 F600 X39.388 Y40.939 E41.42384
G1 F2700 E36.42384
;MESH:slupek3.stl(1)
G0 F9000 X38.928 Y40.925
G0 X39.176 Y41.543
G0 X39.374 Y41.768
G0 X39.618 Y41.915
G0 X40.076 Y42.022
G0 X40.519 Y41.943
G0 X40.875 Y41.7
G0 X41.581 Y40.891
G0 X42.662 Y40.721
G0 X46.191 Y40.759
G0 X47.262 Y40.535
G0 X48.74 Y41.158
G0 X49.089 Y41.307
;TYPE:WALL-INNER
G1 F2700 E41.42384
G1 F600 X49.141 Y41.292 E41.42564
G1 X49.381 Y41.164 E41.43468
G1 X49.591 Y40.987 E41.44382
G1 X49.75 Y40.788 E41.45229
G1 X49.871 Y40.544 E41.46135
G1 X49.956 Y40.221 E41.47246
G1 X49.939 Y39.893 E41.48338
G1 X49.87 Y39.635 E41.49226
G1 X49.72 Y39.331 E41.50354
G1 X49.488 Y39.091 E41.51464
G1 X49.214 Y38.907 E41.52562
G1 X48.826 Y38.798 E41.53902
G1 X48.497 Y38.806 E41.54997
G1 X48.168 Y38.879 E41.56118
G1 X47.822 Y39.086 E41.57459
G1 X47.603 Y39.338 E41.58569
G1 X47.469 Y39.571 E41.59463
G1 X47.391 Y39.821 E41.60334
G1 X47.358 Y40.152 E41.6144
G1 X47.428 Y40.491 E41.62592
G1 X47.53 Y40.728 E41.6345
G1 X47.683 Y40.942 E41.64325
G1 X47.883 Y41.129 E41.65236
G1 X48.103 Y41.26 E41.66087
G1 X48.359 Y41.348 E41.66988
G1 X48.628 Y41.384 E41.6789
G1 X48.896 Y41.363 E41.68784
G1 X49.089 Y41.307 E41.69453
G0 F9000 X49.222 Y41.685
;TYPE:WALL-OUTER
G1 F600 X49.292 Y41.665 E41.69695
G1 X49.607 Y41.497 E41.70882
G1 X49.879 Y41.267 E41.72067
G1 X50.09 Y41.004 E41.73189
G1 X50.247 Y40.685 E41.74371
G1 X50.358 Y40.263 E41.75822
G1 X50.337 Y39.831 E41.77261
G1 X50.247 Y39.492 E41.78427
G1 X50.05 Y39.097 E41.79896
G1 X49.746 Y38.783 E41.81349
G1 X49.386 Y38.54 E41.82794
G1 X48.878 Y38.394 E41.84552
G1 X48.446 Y38.405 E41.85989
G1 X48.016 Y38.504 E41.87457
G1 X47.562 Y38.776 E41.89217
G1 X47.276 Y39.105 E41.90667
G1 X47.101 Y39.409 E41.91834
G1 X46.997 Y39.741 E41.92991
G1 X46.954 Y40.173 E41.94435
G1 X47.044 Y40.611 E41.95922
G1 X47.18 Y40.925 E41.9706
G1 X47.38 Y41.207 E41.9821
G1 X47.641 Y41.451 E41.99398
G1 X47.933 Y41.625 E42.00529
G1 X48.267 Y41.74 E42.01704
G1 X48.618 Y41.786 E42.02881
G1 X48.968 Y41.758 E42.04049
G1 X49.222 Y41.685 E42.04928
G0 F9000 X48.966 Y40.96
;TYPE:SKIN
G1 F600 X48.635 Y41.017 E42.06045
G1 X48.448 Y40.993 E42.06672
G1 X48.093 Y40.831 E42.0797
G1 X47.959 Y40.706 E42.0858
G1 X47.77 Y40.373 E42.09853
G1 X47.722 Y40.13 E42.10677
G1 X47.745 Y39.896 E42.11459
G1 X47.827 Y39.628 E42.12391
G1 X48.054 Y39.368 E42.13539
G1 X48.307 Y39.217 E42.14519
G1 X48.779 Y39.161 E42.161
G1 X49.059 Y39.237 E42.17065
G1 X49.422 Y39.537 E42.18631
G1 X49.574 Y39.858 E42.19812
G1 X49.59 Y40.179 E42.20881
G1 X49.446 Y40.583 E42.22308
G1 X49.166 Y40.869 E42.23639
G1 X49.01 Y40.952 E42.24227
G1 X48.966 Y40.96 E42.24376
G0 F9000 X48.57 Y40.808
G1 F600 X49.38 Y39.998 E42.28186
G0 F9000 X49.203 Y39.609
G1 F600 X48.177 Y40.636 E42.33014
G0 F9000 X47.958 Y40.289
G1 F600 X48.858 Y39.389 E42.37247
G1 F2700 E37.37247
;MESH:NONMESH
G0 F300 X48.858 Y39.389 Z3
G0 F9000 X48.979 Y38.946
G0 X48.23 Y39.03
G0 X47.927 Y39.211
G0 X47.704 Y39.468
G0 X47.262 Y40.535
G0 X46.191 Y40.759
G0 X42.604 Y41.434
G0 X41.522 Y41.265
G0 X40.356 Y42.034
G0 X40.582 Y42.092
;TIME_ELAPSED:138.958792
;LAYER:14
;note -- min layer time used
;TYPE:WALL-INNER
;MESH:slupek3.stl
G1 F2700 E42.37247
G1 F600 X40.827 Y41.963 E42.38168
G1 X41.08 Y41.751 E42.39266
G1 X41.26 Y41.468 E42.40382
G1 X41.357 Y41.217 E42.41277
G1 X41.408 Y40.889 E42.42381
G1 X41.357 Y40.563 E42.43478
G1 X41.26 Y40.306 E42.44392
G1 X41.084 Y40.03 E42.45481
G1 X40.822 Y39.815 E42.46608
G1 X40.585 Y39.687 E42.47504
G1 X40.333 Y39.614 E42.48376
G1 X40.01 Y39.587 E42.49454
G1 X39.673 Y39.666 E42.50606
G1 X39.44 Y39.777 E42.51464
G1 X39.22 Y39.941 E42.52377
G1 X39.044 Y40.138 E42.53255
G1 X38.913 Y40.374 E42.54153
G1 X38.831 Y40.626 E42.55034
G1 X38.804 Y40.889 E42.55914
G1 X38.831 Y41.155 E42.56803
G1 X38.912 Y41.405 E42.57677
G1 X39.045 Y41.639 E42.58572
G1 X39.27 Y41.893 E42.59701
G1 X39.548 Y42.061 E42.60781
G1 X39.803 Y42.149 E42.61678
G1 X40.072 Y42.184 E42.62581
G1 X40.339 Y42.162 E42.63472
G1 X40.582 Y42.092 E42.64313
G0 F9000 X40.732 Y42.465
;TYPE:WALL-OUTER
G1 F600 X41.051 Y42.297 E42.65512
G1 X41.384 Y42.018 E42.66957
G1 X41.62 Y41.649 E42.68414
G1 X41.745 Y41.32 E42.69584
G1 X41.813 Y40.889 E42.71036
G1 X41.745 Y40.46 E42.7248
G1 X41.62 Y40.126 E42.73666
G1 X41.388 Y39.762 E42.75102
G1 X41.047 Y39.48 E42.76574
G1 X40.736 Y39.315 E42.77745
G1 X40.407 Y39.218 E42.78886
G1 X39.98 Y39.183 E42.80311
G1 X39.539 Y39.286 E42.81817
G1 X39.232 Y39.433 E42.82949
G1 X38.948 Y39.645 E42.84128
G1 X38.716 Y39.905 E42.85287
G1 X38.545 Y40.213 E42.86458
G1 X38.437 Y40.542 E42.8761
G1 X38.402 Y40.889 E42.8877
G1 X38.437 Y41.238 E42.89937
G1 X38.544 Y41.567 E42.91087
G1 X38.717 Y41.871 E42.92251
G1 X39.01 Y42.204 E42.93726
G1 X39.378 Y42.425 E42.95154
G1 X39.711 Y42.54 E42.96325
G1 X40.062 Y42.586 E42.97503
G1 X40.411 Y42.558 E42.98667
G1 X40.732 Y42.465 E42.99779
G0 F9000 X40.449 Y41.752
;TYPE:SKIN
G1 F600 X40.083 Y41.819 E43.01016
G1 X39.693 Y41.724 E43.02352
G1 X39.502 Y41.612 E43.03088
G1 X39.347 Y41.435 E43.0387
G1 X39.188 Y41.077 E43.05173
G1 X39.188 Y40.698 E43.06434
G1 X39.343 Y40.341 E43.07728
G1 X39.458 Y40.212 E43.08303
G1 X39.8 Y40.004 E43.09635
G1 X40.04 Y39.95 E43.10453
G1 X40.263 Y39.967 E43.11197
G1 X40.532 Y40.049 E43.12132
G1 X40.809 Y40.272 E43.13315
G1 X40.988 Y40.553 E43.14423
G1 X41.041 Y40.887 E43.15548
G1 X40.988 Y41.219 E43.16666
G1 X40.803 Y41.51 E43.17813
G1 X40.449 Y41.752 E43.19239
G0 F9000 X39.862 Y41.559
G1 F600 X39.428 Y41.125 E43.2128
G0 F9000 X39.454 Y40.586
G1 F600 X40.41 Y41.542 E43.25777
G0 F9000 X40.714 Y41.279
G1 F600 X39.721 Y40.287 E43.30446
G0 F9000 X40.177 Y40.177
G1 F600 X40.83 Y40.83 E43.33517
G1 F2700 E38.33517
;MESH:slupek3.stl(1)
G0 F9000 X41.286 Y40.758
G0 X41.581 Y40.891
G0 X42.662 Y40.721
G0 X46.191 Y40.759
G0 X47.262 Y40.535
G0 X48.74 Y41.158
G0 X49.089 Y41.307
;TYPE:WALL-INNER
G1 F2700 E43.33517
G1 F600 X49.141 Y41.292 E43.33697
G1 X49.381 Y41.164 E43.34602
G1 X49.591 Y40.987 E43.35515
G1 X49.75 Y40.788 E43.36362
G1 X49.871 Y40.544 E43.37268
G1 X49.956 Y40.221 E43.38379
G1 X49.939 Y39.893 E43.39472
G1 X49.87 Y39.635 E43.4036
G1 X49.72 Y39.331 E43.41487
G1 X49.488 Y39.091 E43.42598
G1 X49.214 Y38.907 E43.43695
G1 X48.826 Y38.798 E43.45036
G1 X48.497 Y38.806 E43.4613
G1 X48.168 Y38.879 E43.47251
G1 X47.822 Y39.086 E43.48592
G1 X47.603 Y39.338 E43.49703
G1 X47.469 Y39.571 E43.50597
G1 X47.391 Y39.821 E43.51468
G1 X47.358 Y40.152 E43.52574
G1 X47.428 Y40.491 E43.53725
G1 X47.53 Y40.728 E43.54583
G1 X47.683 Y40.942 E43.55458
G1 X47.883 Y41.129 E43.56369
G1 X48.103 Y41.26 E43.57221
G1 X48.359 Y41.348 E43.58121
G1 X48.628 Y41.384 E43.59024
G1 X48.896 Y41.363 E43.59918
G1 X49.089 Y41.307 E43.60586
G0 F9000 X49.222 Y41.685
;TYPE:WALL-OUTER
G1 F600 X49.292 Y41.665 E43.60828
G1 X49.607 Y41.497 E43.62016
G1 X49.879 Y41.267 E43.63201
G1 X50.09 Y41.004 E43.64322
G1 X50.247 Y40.685 E43.65505
G1 X50.358 Y40.263 E43.66956
G1 X50.337 Y39.831 E43.68394
G1 X50.247 Y39.492 E43.69561
G1 X50.05 Y39.097 E43.71029
G1 X49.746 Y38.783 E43.72483
G1 X49.386 Y38.54 E43.73927
G1 X48.878 Y38.394 E43.75685
G1 X48.446 Y38.405 E43.77123
G1 X48.016 Y38.504 E43.7859
G1 X47.562 Y38.776 E43.80351
G1 X47.276 Y39.105 E43.818
G1 X47.101 Y39.409 E43.82967
G1 X46.997 Y39.741 E43.84124
G1 X46.954 Y40.173 E43.85568
G1 X47.044 Y40.611 E43.87055
G1 X47.18 Y40.925 E43.88194
G1 X47.38 Y41.207 E43.89343
G1 X47.641 Y41.451 E43.90532
G1 X47.933 Y41.625 E43.91662
G1 X48.267 Y41.74 E43.92837
G1 X48.618 Y41.786 E43.94015
G1 X48.968 Y41.758 E43.95182
G1 X49.222 Y41.685 E43.96061
G0 F9000 X48.966 Y40.96
;TYPE:SKIN
G1 F600 X48.635 Y41.017 E43.97179
G1 X48.448 Y40.993 E43.97806
G1 X48.093 Y40.831 E43.99104
G1 X47.959 Y40.706 E43.99713
G1 X47.77 Y40.373 E44.00987
G1 X47.722 Y40.13 E44.0181
G1 X47.745 Y39.896 E44.02592
G1 X47.827 Y39.628 E44.03525
G1 X48.054 Y39.368 E44.04673
G1 X48.307 Y39.217 E44.05653
G1 X48.779 Y39.161 E44.07233
G1 X49.059 Y39.237 E44.08198
G1 X49.422 Y39.537 E44.09765
G1 X49.574 Y39.858 E44.10946
G1 X49.59 Y40.179 E44.12015
G1 X49.446 Y40.583 E44.13441
G1 X49.166 Y40.869 E44.14773
G1 X49.01 Y40.952 E44.1536
G1 X48.966 Y40.96 E44.15509
G0 F9000 X48.903 Y41.236
G0 X48.394 Y41.191
G0 X48.06 Y41.037
G0 X47.632 Y40.655
G0 X47.944 Y40.024
G1 F600 X48.719 Y40.799 E44.19155
G0 F9000 X49.118 Y40.632
G1 F600 X48.102 Y39.616 E44.23933
G0 F9000 X48.45 Y39.399
G1 F600 X49.342 Y40.291 E44.28129
G1 F2700 E39.28129
;MESH:NONMESH
G0 F300 X49.342 Y40.291 Z3.2
G0 F9000 X49.538 Y40.866
G0 X47.755 Y40.606
G0 X47.262 Y40.535
G0 X46.191 Y40.759
G0 X42.604 Y41.434
G0 X41.522 Y41.265
G0 X40.356 Y42.034
G0 X40.582 Y42.092
;TIME_ELAPSED:146.983872
;LAYER:15
;note -- min layer time used
;TYPE:WALL-INNER
;MESH:slupek3.stl
G1 F2700 E44.28129
G1 F600 X40.827 Y41.963 E44.2905
G1 X41.08 Y41.751 E44.30148
G1 X41.26 Y41.468 E44.31263
G1 X41.357 Y41.217 E44.32158
G1 X41.408 Y40.889 E44.33263
G1 X41.357 Y40.563 E44.3436
G1 X41.26 Y40.306 E44.35274
G1 X41.084 Y40.03 E44.36362
G1 X40.822 Y39.815 E44.3749
G1 X40.585 Y39.687 E44.38386
G1 X40.333 Y39.614 E44.39258
G1 X40.01 Y39.587 E44.40336
G1 X39.673 Y39.666 E44.41487
G1 X39.44 Y39.777 E44.42346
G1 X39.22 Y39.941 E44.43258
G1 X39.044 Y40.138 E44.44137
G1 X38.913 Y40.374 E44.45035
G1 X38.831 Y40.626 E44.45916
G1 X38.804 Y40.889 E44.46796
G1 X38.831 Y41.155 E44.47685
G1 X38.912 Y41.405 E44.48559
G1 X39.045 Y41.639 E44.49454
G1 X39.27 Y41.893 E44.50583
G1 X39.548 Y42.061 E44.51663
G1 X39.803 Y42.149 E44.5256
G1 X40.072 Y42.184 E44.53463
G1 X40.339 Y42.162 E44.54354
G1 X40.582 Y42.092 E44.55195
G0 F9000 X40.732 Y42.465
;TYPE:WALL-OUTER
G1 F600 X41.051 Y42.297 E44.56394
G1 X41.384 Y42.018 E44.57839
G1 X41.62 Y41.649 E44.59296
G1 X41.745 Y41.32 E44.60466
G1 X41.813 Y40.889 E44.61917
G1 X41.745 Y40.46 E44.63362
G1 X41.62 Y40.126 E44.64548
G1 X41.388 Y39.762 E44.65984
G1 X41.047 Y39.48 E44.67456
G1 X40.736 Y39.315 E44.68627
G1 X40.407 Y39.218 E44.69767
G1 X39.98 Y39.183 E44.71192
G1 X39.539 Y39.286 E44.72699
G1 X39.232 Y39.433 E44.73831
G1 X38.948 Y39.645 E44.7501
G1 X38.716 Y39.905 E44.76169
G1 X38.545 Y40.213 E44.7734
G1 X38.437 Y40.542 E44.78492
G1 X38.402 Y40.889 E44.79652
G1 X38.437 Y41.238 E44.80819
G1 X38.544 Y41.567 E44.81969
G1 X38.717 Y41.871 E44.83133
G1 X39.01 Y42.204 E44.84608
G1 X39.378 Y42.425 E44.86036
G1 X39.711 Y42.54 E44.87207
G1 X40.062 Y42.586 E44.88385
G1 X40.411 Y42.558 E44.89549
G1 X40.732 Y42.465 E44.90661
G0 F9000 X40.449 Y41.752
;TYPE:SKIN
G1 F600 X40.083 Y41.819 E44.91898
G1 X39.693 Y41.724 E44.93233
G1 X39.502 Y41.612 E44.9397
G1 X39.347 Y41.435 E44.94752
G1 X39.188 Y41.077 E44.96055
G1 X39.188 Y40.698 E44.97316
G1 X39.343 Y40.341 E44.9861
G1 X39.458 Y40.212 E44.99185
G1 X39.8 Y40.004 E45.00516
G1 X40.04 Y39.95 E45.01335
G1 X40.263 Y39.967 E45.02078
G1 X40.532 Y40.049 E45.03014
G1 X40.809 Y40.272 E45.04197
G1 X40.988 Y40.553 E45.05305
G1 X41.041 Y40.887 E45.06429
G1 X40.988 Y41.219 E45.07548
G1 X40.803 Y41.51 E45.08695
G1 X40.449 Y41.752 E45.10121
G0 F9000 X40.356 Y42.034
G0 X40.958 Y41.643
G0 X41.139 Y41.359
G0 X41.258 Y40.585
G0 X40.802 Y40.657
G1 F600 X39.891 Y41.567 E45.14404
G0 F9000 X39.541 Y41.352
G1 F600 X40.562 Y40.331 E45.19206
G0 F9000 X40.155 Y40.172
G1 F600 X39.388 Y40.939 E45.22814
G1 F2700 E40.22814
;MESH:slupek3.stl(1)
G0 F9000 X38.928 Y40.925
G0 X39.176 Y41.543
G0 X39.374 Y41.768
G0 X39.618 Y41.915
G0 X40.076 Y42.022
G0 X40.519 Y41.943
G0 X40.875 Y41.7
G0 X41.581 Y40.891
G0 X42.662 Y40.721
G0 X46.191 Y40.759
G0 X47.262 Y40.535
G0 X48.74 Y41.158
G0 X49.089 Y41.307
;TYPE:WALL-INNER
G1 F2700 E45.22814
G1 F600 X49.141 Y41.292 E45.22994
G1 X49.381 Y41.164 E45.23898
G1 X49.591 Y40.987 E45.24812
G1 X49.75 Y40.788 E45.25659
G1 X49.871 Y40.544 E45.26565
G1 X49.956 Y40.221 E45.27676
G1 X49.939 Y39.893 E45.28768
G1 X49.87 Y39.635 E45.29656
G1 X49.72 Y39.331 E45.30784
G1 X49.488 Y39.091 E45.31894
G1 X49.214 Y38.907 E45.32992
G1 X48.826 Y38.798 E45.34332
G1 X48.497 Y38.806 E45.35427
G1 X48.168 Y38.879 E45.36548
G1 X47.822 Y39.086 E45.37889
G1 X47.603 Y39.338 E45.38999
G1 X47.469 Y39.571 E45.39893
G1 X47.391 Y39.821 E45.40764
G1 X47.358 Y40.152 E45.41871
G1 X47.428 Y40.491 E45.43022
G1 X47.53 Y40.728 E45.4388
G1 X47.683 Y40.942 E45.44755
G1 X47.883 Y41.129 E45.45666
G1 X48.103 Y41.26 E45.46517
G1 X48.359 Y41.348 E45.47418
G1 X48.628 Y41.384 E45.4832
G1 X48.896 Y41.363 E45.49215
G1 X49.089 Y41.307 E45.49883
G0 F9000 X49.222 Y41.685
;TYPE:WALL-OUTER
G1 F600 X49.292 Y41.665 E45.50125
G1 X49.607 Y41.497 E45.51313
G1 X49.879 Y41.267 E45.52497
G1 X50.09 Y41.004 E45.53619
G1 X50.247 Y40.685 E45.54801
G1 X50.358 Y40.263 E45.56253
G1 X50.337 Y39.831 E45.57691
G1 X50.247 Y39.492 E45.58858
G1 X50.05 Y39.097 E45.60326
G1 X49.746 Y38.783 E45.61779
G1 X49.386 Y38.54 E45.63224
G1 X48.878 Y38.394 E45.64982
G1 X48.446 Y38.405 E45.66419
G1 X48.016 Y38.504 E45.67887
G1 X47.562 Y38.776 E45.69647
G1 X47.276 Y39.105 E45.71097
G1 X47.101 Y39.409 E45.72264
G1 X46.997 Y39.741 E45.73421
G1 X46.954 Y40.173 E45.74865
G1 X47.044 Y40.611 E45.76352
G1 X47.18 Y40.925 E45.7749
G1 X47.38 Y41.207 E45.7864
G1 X47.641 Y41.451 E45.79828
G1 X47.933 Y41.625 E45.80959
G1 X48.267 Y41.74 E45.82134
G1 X48.618 Y41.786 E45.83311
G1 X48.968 Y41.758 E45.84479
G1 X49.222 Y41.685 E45.85358
G0 F9000 X48.966 Y40.96
;TYPE:SKIN
G1 F600 X48.635 Y41.017 E45.86475
G1 X48.448 Y40.993 E45.87102
G1 X48.093 Y40.831 E45.884
G1 X47.959 Y40.706 E45.8901
G1 X47.77 Y40.373 E45.90283
G1 X47.722 Y40.13 E45.91107
G1 X47.745 Y39.896 E45.91889
G1 X47.827 Y39.628 E45.92821
G1 X48.054 Y39.368 E45.93969
G1 X48.307 Y39.217 E45.94949
G1 X48.779 Y39.161 E45.9653
G1 X49.059 Y39.237 E45.97495
G1 X49.422 Y39.537 E45.99061
G1 X49.574 Y39.858 E46.00243
G1 X49.59 Y40.179 E46.01312
G1 X49.446 Y40.583 E46.02738
G1 X49.166 Y40.869 E46.04069
G1 X49.01 Y40.952 E46.04657
G1 X48.966 Y40.96 E46.04806
G0 F9000 X48.57 Y40.808
G1 F600 X49.38 Y39.998 E46.08616
G0 F9000 X49.203 Y39.609
G1 F600 X48.177 Y40.636 E46.13444
G0 F9000 X47.958 Y40.289
G1 F600 X48.858 Y39.389 E46.17678
G1 F2700 E41.17678
;MESH:NONMESH
G0 F300 X48.858 Y39.389 Z3.4
G0 F9000 X48.979 Y38.946
G0 X48.23 Y39.03
G0 X47.927 Y39.211
G0 X47.704 Y39.468
G0 X47.262 Y40.535
G0 X46.191 Y40.759
G0 X42.604 Y41.434
G0 X41.522 Y41.265
G0 X40.356 Y42.034
G0 X40.582 Y42.092
;TIME_ELAPSED:155.102475
;LAYER:16
;note -- min layer time used
;TYPE:WALL-INNER
;MESH:slupek3.stl
G1 F2700 E46.17678
G1 F600 X40.827 Y41.963 E46.18598
G1 X41.08 Y41.751 E46.19696
G1 X41.26 Y41.468 E46.20812
G1 X41.357 Y41.217 E46.21707
G1 X41.408 Y40.889 E46.22811
G1 X41.357 Y40.563 E46.23908
G1 X41.26 Y40.306 E46.24822
G1 X41.084 Y40.03 E46.25911
G1 X40.822 Y39.815 E46.27038
G1 X40.585 Y39.687 E46.27934
G1 X40.333 Y39.614 E46.28806
G1 X40.01 Y39.587 E46.29885
G1 X39.673 Y39.666 E46.31036
G1 X39.44 Y39.777 E46.31894
G1 X39.22 Y39.941 E46.32807
G1 X39.044 Y40.138 E46.33685
G1 X38.913 Y40.374 E46.34583
G1 X38.831 Y40.626 E46.35465
G1 X38.804 Y40.889 E46.36344
G1 X38.831 Y41.155 E46.37233
G1 X38.912 Y41.405 E46.38107
G1 X39.045 Y41.639 E46.39003
G1 X39.27 Y41.893 E46.40131
G1 X39.548 Y42.061 E46.41211
G1 X39.803 Y42.149 E46.42109
G1 X40.072 Y42.184 E46.43011
G1 X40.339 Y42.162 E46.43902
G1 X40.582 Y42.092 E46.44743
G0 F9000 X40.732 Y42.465
;TYPE:WALL-OUTER
G1 F600 X41.051 Y42.297 E46.45942
G1 X41.384 Y42.018 E46.47387
G1 X41.62 Y41.649 E46.48844
G1 X41.745 Y41.32 E46.50015
G1 X41.813 Y40.889 E46.51466
G1 X41.745 Y40.46 E46.5291
G1 X41.62 Y40.126 E46.54097
G1 X41.388 Y39.762 E46.55532
G1 X41.047 Y39.48 E46.57004
G1 X40.736 Y39.315 E46.58175
G1 X40.407 Y39.218 E46.59316
G1 X39.98 Y39.183 E46.60741
G1 X39.539 Y39.286 E46.62247
G1 X39.232 Y39.433 E46.63379
G1 X38.948 Y39.645 E46.64558
G1 X38.716 Y39.905 E46.65717
G1 X38.545 Y40.213 E46.66889
G1 X38.437 Y40.542 E46.6804
G1 X38.402 Y40.889 E46.692
G1 X38.437 Y41.238 E46.70367
G1 X38.544 Y41.567 E46.71518
G1 X38.717 Y41.871 E46.72681
G1 X39.01 Y42.204 E46.74156
G1 X39.378 Y42.425 E46.75584
G1 X39.711 Y42.54 E46.76756
G1 X40.062 Y42.586 E46.77933
G1 X40.411 Y42.558 E46.79098
G1 X40.732 Y42.465 E46.80209
G0 F9000 X40.449 Y41.752
;TYPE:SKIN
G1 F600 X40.083 Y41.819 E46.81447
G1 X39.693 Y41.724 E46.82782
G1 X39.502 Y41.612 E46.83518
G1 X39.347 Y41.435 E46.84301
G1 X39.188 Y41.077 E46.85604
G1 X39.188 Y40.698 E46.86864
G1 X39.343 Y40.341 E46.88159
G1 X39.458 Y40.212 E46.88733
G1 X39.8 Y40.004 E46.90065
G1 X40.04 Y39.95 E46.90883
G1 X40.263 Y39.967 E46.91627
G1 X40.532 Y40.049 E46.92562
G1 X40.809 Y40.272 E46.93745
G1 X40.988 Y40.553 E46.94853
G1 X41.041 Y40.887 E46.95978
G1 X40.988 Y41.219 E46.97096
G1 X40.803 Y41.51 E46.98243
G1 X40.449 Y41.752 E46.99669
G0 F9000 X39.862 Y41.559
G1 F600 X39.428 Y41.125 E47.01711
G0 F9000 X39.454 Y40.586
G1 F600 X40.41 Y41.542 E47.06207
G0 F9000 X40.714 Y41.279
G1 F600 X39.721 Y40.287 E47.10876
G0 F9000 X40.177 Y40.177
G1 F600 X40.83 Y40.83 E47.13947
G1 F2700 E42.13947
;MESH:slupek3.stl(1)
G0 F9000 X41.286 Y40.758
G0 X41.581 Y40.891
G0 X42.662 Y40.721
G0 X46.191 Y40.759
G0 X47.262 Y40.535
G0 X48.74 Y41.158
G0 X49.089 Y41.307
;TYPE:WALL-INNER
G1 F2700 E47.13947
G1 F600 X49.141 Y41.292 E47.14127
G1 X49.381 Y41.164 E47.15032
G1 X49.591 Y40.987 E47.15945
G1 X49.75 Y40.788 E47.16793
G1 X49.871 Y40.544 E47.17698
G1 X49.956 Y40.221 E47.18809
G1 X49.939 Y39.893 E47.19902
G1 X49.87 Y39.635 E47.2079
G1 X49.72 Y39.331 E47.21917
G1 X49.488 Y39.091 E47.23028
G1 X49.214 Y38.907 E47.24125
G1 X48.826 Y38.798 E47.25466
G1 X48.497 Y38.806 E47.2656
G1 X48.168 Y38.879 E47.27681
G1 X47.822 Y39.086 E47.29022
G1 X47.603 Y39.338 E47.30133
G1 X47.469 Y39.571 E47.31027
G1 X47.391 Y39.821 E47.31898
G1 X47.358 Y40.152 E47.33004
G1 X47.428 Y40.491 E47.34156
G1 X47.53 Y40.728 E47.35014
G1 X47.683 Y40.942 E47.35889
G1 X47.883 Y41.129 E47.36799
G1 X48.103 Y41.26 E47.37651
G1 X48.359 Y41.348 E47.38551
G1 X48.628 Y41.384 E47.39454
G1 X48.896 Y41.363 E47.40348
G1 X49.089 Y41.307 E47.41016
G0 F9000 X49.222 Y41.685
;TYPE:WALL-OUTER
G1 F600 X49.292 Y41.665 E47.41259
G1 X49.607 Y41.497 E47.42446
G1 X49.879 Y41.267 E47.43631
G1 X50.09 Y41.004 E47.44752
G1 X50.247 Y40.685 E47.45935
G1 X50.358 Y40.263 E47.47386
G1 X50.337 Y39.831 E47.48825
G1 X50.247 Y39.492 E47.49991
G1 X50.05 Y39.097 E47.51459
G1 X49.746 Y38.783 E47.52913
G1 X49.386 Y38.54 E47.54358
G1 X48.878 Y38.394 E47.56116
G1 X48.446 Y38.405 E47.57553
G1 X48.016 Y38.504 E47.5902
G1 X47.562 Y38.776 E47.60781
G1 X47.276 Y39.105 E47.62231
G1 X47.101 Y39.409 E47.63397
G1 X46.997 Y39.741 E47.64554
G1 X46.954 Y40.173 E47.65998
G1 X47.044 Y40.611 E47.67486
G1 X47.18 Y40.925 E47.68624
G1 X47.38 Y41.207 E47.69774
G1 X47.641 Y41.451 E47.70962
G1 X47.933 Y41.625 E47.72093
G1 X48.267 Y41.74 E47.73267
G1 X48.618 Y41.786 E47.74445
G1 X48.968 Y41.758 E47.75613
G1 X49.222 Y41.685 E47.76492
G0 F9000 X48.966 Y40.96
;TYPE:SKIN
G1 F600 X48.635 Y41.017 E47.77609
G1 X48.448 Y40.993 E47.78236
G1 X48.093 Y40.831 E47.79534
G1 X47.959 Y40.706 E47.80143
G1 X47.77 Y40.373 E47.81417
G1 X47.722 Y40.13 E47.82241
G1 X47.745 Y39.896 E47.83023
G1 X47.827 Y39.628 E47.83955
G1 X48.054 Y39.368 E47.85103
G1 X48.307 Y39.217 E47.86083
G1 X48.779 Y39.161 E47.87664
G1 X49.059 Y39.237 E47.88629
G1 X49.422 Y39.537 E47.90195
G1 X49.574 Y39.858 E47.91376
G1 X49.59 Y40.179 E47.92445
G1 X49.446 Y40.583 E47.93872
G1 X49.166 Y40.869 E47.95203
G1 X49.01 Y40.952 E47.95791
G1 X48.966 Y40.96 E47.95939
G0 F9000 X48.903 Y41.236
G0 X48.394 Y41.191
G0 X48.06 Y41.037
G0 X47.632 Y40.655
G0 X47.944 Y40.024
G1 F600 X48.719 Y40.799 E47.99585
G0 F9000 X49.118 Y40.632
G1 F600 X48.102 Y39.616 E48.04364
G0 F9000 X48.45 Y39.399
G1 F600 X49.342 Y40.291 E48.08559
G1 F2700 E43.08559
;MESH:NONMESH
G0 F300 X49.342 Y40.291 Z3.6
G0 F9000 X49.538 Y40.866
G0 X47.755 Y40.606
G0 X47.262 Y40.535
G0 X46.191 Y40.759
G0 X42.604 Y41.434
G0 X41.522 Y41.265
G0 X40.356 Y42.034
G0 X40.582 Y42.092
;TIME_ELAPSED:163.127555
;LAYER:17
;note -- min layer time used
;TYPE:WALL-INNER
;MESH:slupek3.stl
G1 F2700 E48.08559
G1 F600 X40.827 Y41.963 E48.0948
G1 X41.08 Y41.751 E48.10578
G1 X41.26 Y41.468 E48.11694
G1 X41.357 Y41.217 E48.12589
G1 X41.408 Y40.889 E48.13693
G1 X41.357 Y40.563 E48.1479
G1 X41.26 Y40.306 E48.15704
G1 X41.084 Y40.03 E48.16793
G1 X40.822 Y39.815 E48.1792
G1 X40.585 Y39.687 E48.18816
G1 X40.333 Y39.614 E48.19688
G1 X40.01 Y39.587 E48.20766
G1 X39.673 Y39.666 E48.21918
G1 X39.44 Y39.777 E48.22776
G1 X39.22 Y39.941 E48.23689
G1 X39.044 Y40.138 E48.24567
G1 X38.913 Y40.374 E48.25465
G1 X38.831 Y40.626 E48.26346
G1 X38.804 Y40.889 E48.27226
G1 X38.831 Y41.155 E48.28115
G1 X38.912 Y41.405 E48.28989
G1 X39.045 Y41.639 E48.29884
G1 X39.27 Y41.893 E48.31013
G1 X39.548 Y42.061 E48.32093
G1 X39.803 Y42.149 E48.32991
G1 X40.072 Y42.184 E48.33893
G1 X40.339 Y42.162 E48.34784
G1 X40.582 Y42.092 E48.35625
G0 F9000 X40.732 Y42.465
;TYPE:WALL-OUTER
G1 F600 X41.051 Y42.297 E48.36824
G1 X41.384 Y42.018 E48.38269
G1 X41.62 Y41.649 E48.39726
G1 X41.745 Y41.32 E48.40896
G1 X41.813 Y40.889 E48.42348
G1 X41.745 Y40.46 E48.43792
G1 X41.62 Y40.126 E48.44978
G1 X41.388 Y39.762 E48.46414
G1 X41.047 Y39.48 E48.47886
G1 X40.736 Y39.315 E48.49057
G1 X40.407 Y39.218 E48.50198
G1 X39.98 Y39.183 E48.51623
G1 X39.539 Y39.286 E48.53129
G1 X39.232 Y39.433 E48.54261
G1 X38.948 Y39.645 E48.5544
G1 X38.716 Y39.905 E48.56599
G1 X38.545 Y40.213 E48.5777
G1 X38.437 Y40.542 E48.58922
G1 X38.402 Y40.889 E48.60082
G1 X38.437 Y41.238 E48.61249
G1 X38.544 Y41.567 E48.62399
G1 X38.717 Y41.871 E48.63563
G1 X39.01 Y42.204 E48.65038
G1 X39.378 Y42.425 E48.66466
G1 X39.711 Y42.54 E48.67637
G1 X40.062 Y42.586 E48.68815
G1 X40.411 Y42.558 E48.69979
G1 X40.732 Y42.465 E48.71091
G0 F9000 X40.449 Y41.752
;TYPE:SKIN
G1 F600 X40.083 Y41.819 E48.72329
G1 X39.693 Y41.724 E48.73664
G1 X39.502 Y41.612 E48.744
G1 X39.347 Y41.435 E48.75183
G1 X39.188 Y41.077 E48.76485
G1 X39.188 Y40.698 E48.77746
G1 X39.343 Y40.341 E48.7904
G1 X39.458 Y40.212 E48.79615
G1 X39.8 Y40.004 E48.80947
G1 X40.04 Y39.95 E48.81765
G1 X40.263 Y39.967 E48.82509
G1 X40.532 Y40.049 E48.83444
G1 X40.809 Y40.272 E48.84627
G1 X40.988 Y40.553 E48.85735
G1 X41.041 Y40.887 E48.8686
G1 X40.988 Y41.219 E48.87978
G1 X40.803 Y41.51 E48.89125
G1 X40.449 Y41.752 E48.90551
G0 F9000 X40.356 Y42.034
G0 X40.958 Y41.643
G0 X41.139 Y41.359
G0 X41.258 Y40.585
G0 X40.802 Y40.657
G1 F600 X39.891 Y41.567 E48.94834
G0 F9000 X39.541 Y41.352
G1 F600 X40.562 Y40.331 E48.99636
G0 F9000 X40.155 Y40.172
G1 F600 X39.388 Y40.939 E49.03244
G1 F2700 E44.03244
;MESH:slupek3.stl(1)
G0 F9000 X38.928 Y40.925
G0 X39.176 Y41.543
G0 X39.374 Y41.768
G0 X39.618 Y41.915
G0 X40.076 Y42.022
G0 X40.519 Y41.943
G0 X40.875 Y41.7
G0 X41.581 Y40.891
G0 X42.662 Y40.721
G0 X46.191 Y40.759
G0 X47.262 Y40.535
G0 X48.74 Y41.158
G0 X49.089 Y41.307
;TYPE:WALL-INNER
G1 F2700 E49.03244
G1 F600 X49.141 Y41.292 E49.03424
G1 X49.381 Y41.164 E49.04329
G1 X49.591 Y40.987 E49.05242
G1 X49.75 Y40.788 E49.06089
G1 X49.871 Y40.544 E49.06995
G1 X49.956 Y40.221 E49.08106
G1 X49.939 Y39.893 E49.09198
G1 X49.87 Y39.635 E49.10087
G1 X49.72 Y39.331 E49.11214
G1 X49.488 Y39.091 E49.12324
G1 X49.214 Y38.907 E49.13422
G1 X48.826 Y38.798 E49.14763
G1 X48.497 Y38.806 E49.15857
G1 X48.168 Y38.879 E49.16978
G1 X47.822 Y39.086 E49.18319
G1 X47.603 Y39.338 E49.1943
G1 X47.469 Y39.571 E49.20324
G1 X47.391 Y39.821 E49.21195
G1 X47.358 Y40.152 E49.22301
G1 X47.428 Y40.491 E49.23452
G1 X47.53 Y40.728 E49.2431
G1 X47.683 Y40.942 E49.25185
G1 X47.883 Y41.129 E49.26096
G1 X48.103 Y41.26 E49.26948
G1 X48.359 Y41.348 E49.27848
G1 X48.628 Y41.384 E49.28751
G1 X48.896 Y41.363 E49.29645
G1 X49.089 Y41.307 E49.30313
G0 F9000 X49.222 Y41.685
;TYPE:WALL-OUTER
G1 F600 X49.292 Y41.665 E49.30555
G1 X49.607 Y41.497 E49.31743
G1 X49.879 Y41.267 E49.32927
G1 X50.09 Y41.004 E49.34049
G1 X50.247 Y40.685 E49.35231
G1 X50.358 Y40.263 E49.36683
G1 X50.337 Y39.831 E49.38121
G1 X50.247 Y39.492 E49.39288
G1 X50.05 Y39.097 E49.40756
G1 X49.746 Y38.783 E49.4221
G1 X49.386 Y38.54 E49.43654
G1 X48.878 Y38.394 E49.45412
G1 X48.446 Y38.405 E49.4685
G1 X48.016 Y38.504 E49.48317
G1 X47.562 Y38.776 E49.50077
G1 X47.276 Y39.105 E49.51527
G1 X47.101 Y39.409 E49.52694
G1 X46.997 Y39.741 E49.53851
G1 X46.954 Y40.173 E49.55295
G1 X47.044 Y40.611 E49.56782
G1 X47.18 Y40.925 E49.5792
G1 X47.38 Y41.207 E49.5907
G1 X47.641 Y41.451 E49.60259
G1 X47.933 Y41.625 E49.61389
G1 X48.267 Y41.74 E49.62564
G1 X48.618 Y41.786 E49.63742
G1 X48.968 Y41.758 E49.64909
G1 X49.222 Y41.685 E49.65788
G0 F9000 X48.966 Y40.96
;TYPE:SKIN
G1 F600 X48.635 Y41.017 E49.66905
G1 X48.448 Y40.993 E49.67533
G1 X48.093 Y40.831 E49.6883
G1 X47.959 Y40.706 E49.6944
G1 X47.77 Y40.373 E49.70713
G1 X47.722 Y40.13 E49.71537
G1 X47.745 Y39.896 E49.72319
G1 X47.827 Y39.628 E49.73251
G1 X48.054 Y39.368 E49.74399
G1 X48.307 Y39.217 E49.75379
G1 X48.779 Y39.161 E49.7696
G1 X49.059 Y39.237 E49.77925
G1 X49.422 Y39.537 E49.79492
G1 X49.574 Y39.858 E49.80673
G1 X49.59 Y40.179 E49.81742
G1 X49.446 Y40.583 E49.83168
G1 X49.166 Y40.869 E49.845
G1 X49.01 Y40.952 E49.85087
G1 X48.966 Y40.96 E49.85236
G0 F9000 X48.57 Y40.808
G1 F600 X49.38 Y39.998 E49.89046
G0 F9000 X49.203 Y39.609
G1 F600 X48.177 Y40.636 E49.93874
G0 F9000 X47.958 Y40.289
G1 F600 X48.858 Y39.389 E49.98108
G1 F2700 E44.98108
;MESH:NONMESH
G0 F300 X48.858 Y39.389 Z3.8
G0 F9000 X48.979 Y38.946
G0 X48.23 Y39.03
G0 X47.927 Y39.211
G0 X47.704 Y39.468
G0 X47.262 Y40.535
G0 X46.191 Y40.759
G0 X42.604 Y41.434
G0 X41.522 Y41.265
G0 X40.356 Y42.034
G0 X40.582 Y42.094
;TIME_ELAPSED:171.246176
;LAYER:18
;note -- min layer time used
;TYPE:WALL-INNER
;MESH:slupek3.stl
G1 F2700 E49.98108
G1 F600 X40.655 Y42.073 E49.9836
G1 X40.935 Y41.885 E49.99482
G1 X41.113 Y41.699 E50.00338
G1 X41.258 Y41.47 E50.0124
G1 X41.357 Y41.217 E50.02143
G1 X41.408 Y40.889 E50.03248
G1 X41.357 Y40.563 E50.04345
G1 X41.26 Y40.306 E50.05259
G1 X41.084 Y40.03 E50.06347
G1 X40.822 Y39.815 E50.07475
G1 X40.585 Y39.687 E50.08371
G1 X40.333 Y39.614 E50.09243
G1 X40.01 Y39.587 E50.10321
G1 X39.673 Y39.666 E50.11472
G1 X39.44 Y39.777 E50.12331
G1 X39.22 Y39.941 E50.13244
G1 X39.044 Y40.138 E50.14122
G1 X38.913 Y40.374 E50.1502
G1 X38.831 Y40.626 E50.15901
G1 X38.804 Y40.889 E50.16781
G1 X38.831 Y41.155 E50.1767
G1 X38.912 Y41.405 E50.18544
G1 X39.045 Y41.639 E50.19439
G1 X39.27 Y41.893 E50.20568
G1 X39.548 Y42.061 E50.21648
G1 X39.803 Y42.149 E50.22545
G1 X40.074 Y42.185 E50.23455
G1 X40.333 Y42.166 E50.24318
G1 X40.582 Y42.094 E50.2518
G0 F9000 X40.731 Y42.467
;TYPE:WALL-OUTER
G1 F600 X40.826 Y42.44 E50.25509
G1 X41.194 Y42.193 E50.26983
G1 X41.429 Y41.947 E50.28115
G1 X41.619 Y41.65 E50.29287
G1 X41.745 Y41.32 E50.30462
G1 X41.813 Y40.889 E50.31913
G1 X41.745 Y40.46 E50.33358
G1 X41.62 Y40.126 E50.34544
G1 X41.388 Y39.762 E50.3598
G1 X41.047 Y39.48 E50.37452
G1 X40.736 Y39.315 E50.38623
G1 X40.407 Y39.218 E50.39763
G1 X39.98 Y39.183 E50.41188
G1 X39.539 Y39.286 E50.42695
G1 X39.232 Y39.433 E50.43827
G1 X38.948 Y39.645 E50.45005
G1 X38.716 Y39.905 E50.46164
G1 X38.545 Y40.213 E50.47336
G1 X38.437 Y40.542 E50.48488
G1 X38.402 Y40.889 E50.49648
G1 X38.437 Y41.238 E50.50814
G1 X38.544 Y41.567 E50.51965
G1 X38.717 Y41.871 E50.53129
G1 X39.01 Y42.204 E50.54604
G1 X39.378 Y42.425 E50.56031
G1 X39.711 Y42.54 E50.57203
G1 X40.062 Y42.587 E50.58381
G1 X40.404 Y42.562 E50.59522
G1 X40.731 Y42.467 E50.60654
G0 F9000 X40.445 Y41.75
;TYPE:SKIN
G1 F600 X40.093 Y41.818 E50.61847
G1 X39.688 Y41.724 E50.63229
G1 X39.502 Y41.612 E50.63952
G1 X39.347 Y41.435 E50.64734
G1 X39.188 Y41.077 E50.66037
G1 X39.188 Y40.698 E50.67298
G1 X39.343 Y40.341 E50.68592
G1 X39.458 Y40.212 E50.69167
G1 X39.8 Y40.004 E50.70498
G1 X40.04 Y39.95 E50.71316
G1 X40.263 Y39.967 E50.7206
G1 X40.532 Y40.049 E50.72996
G1 X40.808 Y40.272 E50.74176
G1 X40.988 Y40.553 E50.75286
G1 X41.041 Y40.889 E50.76417
G1 X41.007 Y41.114 E50.77174
G1 X40.823 Y41.478 E50.7853
G1 X40.498 Y41.74 E50.79919
G1 X40.445 Y41.75 E50.80098
G0 F9000 X39.862 Y41.559
G1 F600 X39.428 Y41.125 E50.8214
G0 F9000 X39.454 Y40.586
G1 F600 X40.42 Y41.551 E50.86681
G0 F9000 X40.704 Y41.27
G1 F600 X39.721 Y40.287 E50.91305
G0 F9000 X40.177 Y40.177
G1 F600 X40.83 Y40.83 E50.94376
G1 F2700 E45.94376
;MESH:slupek3.stl(1)
G0 F9000 X41.175 Y41.36
G0 X41.581 Y40.891
G0 X42.662 Y40.721
G0 X46.191 Y40.759
G0 X47.262 Y40.535
G0 X48.74 Y41.158
G0 X49.089 Y41.307
;TYPE:WALL-INNER
G1 F2700 E50.94376
G1 F600 X49.141 Y41.292 E50.94556
G1 X49.381 Y41.164 E50.95461
G1 X49.591 Y40.987 E50.96374
G1 X49.75 Y40.788 E50.97222
G1 X49.871 Y40.544 E50.98128
G1 X49.956 Y40.221 E50.99238
G1 X49.939 Y39.893 E51.00331
G1 X49.87 Y39.635 E51.01219
G1 X49.72 Y39.331 E51.02347
G1 X49.489 Y39.092 E51.03452
G1 X49.211 Y38.907 E51.04563
G1 X48.89 Y38.814 E51.05674
G1 X48.628 Y38.792 E51.06549
G1 X48.359 Y38.827 E51.07451
G1 X48.104 Y38.915 E51.08348
G1 X47.827 Y39.082 E51.09424
G1 X47.603 Y39.339 E51.10558
G1 X47.469 Y39.571 E51.11449
G1 X47.391 Y39.821 E51.1232
G1 X47.359 Y40.152 E51.13426
G1 X47.428 Y40.491 E51.14577
G1 X47.53 Y40.728 E51.15435
G1 X47.683 Y40.942 E51.1631
G1 X47.883 Y41.129 E51.17221
G1 X48.103 Y41.26 E51.18072
G1 X48.359 Y41.348 E51.18973
G1 X48.628 Y41.384 E51.19875
G1 X48.896 Y41.363 E51.20769
G1 X49.089 Y41.307 E51.21438
G0 F9000 X49.222 Y41.685
;TYPE:WALL-OUTER
G1 F600 X49.292 Y41.665 E51.2168
G1 X49.607 Y41.497 E51.22867
G1 X49.879 Y41.267 E51.24052
G1 X50.09 Y41.004 E51.25173
G1 X50.247 Y40.685 E51.26356
G1 X50.358 Y40.263 E51.27807
G1 X50.337 Y39.831 E51.29246
G1 X50.247 Y39.492 E51.30412
G1 X50.05 Y39.097 E51.31881
G1 X49.747 Y38.783 E51.33332
G1 X49.382 Y38.54 E51.3479
G1 X48.963 Y38.418 E51.36242
G1 X48.618 Y38.39 E51.37393
G1 X48.267 Y38.436 E51.3857
G1 X47.934 Y38.551 E51.39742
G1 X47.567 Y38.772 E51.41167
G1 X47.276 Y39.105 E51.42638
G1 X47.101 Y39.409 E51.43805
G1 X46.997 Y39.741 E51.44962
G1 X46.955 Y40.173 E51.46405
G1 X47.044 Y40.611 E51.47892
G1 X47.18 Y40.925 E51.4903
G1 X47.38 Y41.207 E51.5018
G1 X47.641 Y41.451 E51.51368
G1 X47.933 Y41.625 E51.52499
G1 X48.267 Y41.74 E51.53674
G1 X48.618 Y41.786 E51.54851
G1 X48.968 Y41.758 E51.56019
G1 X49.222 Y41.685 E51.56898
G0 F9000 X48.966 Y40.96
;TYPE:SKIN
G1 F600 X48.635 Y41.017 E51.58015
G1 X48.448 Y40.993 E51.58642
G1 X48.093 Y40.831 E51.5994
G1 X47.959 Y40.706 E51.60549
G1 X47.771 Y40.373 E51.61821
G1 X47.722 Y40.13 E51.62646
G1 X47.746 Y39.888 E51.63455
G1 X47.827 Y39.624 E51.64373
G1 X48.058 Y39.36 E51.6554
G1 X48.248 Y39.248 E51.66273
G1 X48.716 Y39.138 E51.67872
G1 X49.058 Y39.236 E51.69056
G1 X49.255 Y39.367 E51.69843
G1 X49.421 Y39.54 E51.7064
G1 X49.574 Y39.859 E51.71817
G1 X49.59 Y40.179 E51.72882
G1 X49.446 Y40.583 E51.74309
G1 X49.166 Y40.869 E51.7564
G1 X49.01 Y40.952 E51.76228
G1 X48.966 Y40.96 E51.76377
G0 F9000 X48.903 Y41.236
G0 X48.394 Y41.191
G0 X48.06 Y41.037
G0 X47.632 Y40.655
G0 X47.943 Y40.024
G1 F600 X48.719 Y40.799 E51.80024
G0 F9000 X49.118 Y40.632
G1 F600 X48.1 Y39.615 E51.8481
G0 F9000 X48.457 Y39.406
G1 F600 X49.342 Y40.291 E51.88973
G1 F2700 E46.88973
;MESH:NONMESH
G0 F300 X49.342 Y40.291 Z4
G0 F9000 X49.538 Y40.866
G0 X47.755 Y40.606
G0 X47.262 Y40.535
G0 X46.191 Y40.759
G0 X42.604 Y41.434
G0 X41.522 Y41.265
G0 X39.896 Y42.042
G0 X40.581 Y42.092
;TIME_ELAPSED:179.355754
;LAYER:19
;note -- min layer time used
;TYPE:WALL-INNER
;MESH:slupek3.stl
G1 F2700 E51.88973
G1 F600 X40.595 Y42.088 E51.89022
G1 X40.819 Y41.971 E51.89862
G1 X41.028 Y41.794 E51.90773
G1 X41.236 Y41.534 E51.9188
G1 X41.353 Y41.227 E51.92973
G1 X41.408 Y40.894 E51.94096
G1 X41.356 Y40.567 E51.95197
G1 X41.237 Y40.254 E51.96311
G1 X41.032 Y39.987 E51.9743
G1 X40.778 Y39.773 E51.98535
G1 X40.399 Y39.619 E51.99896
G1 X40.009 Y39.587 E52.01197
G1 X39.686 Y39.663 E52.02301
G1 X39.429 Y39.783 E52.03244
G1 X39.225 Y39.933 E52.04086
G1 X39.047 Y40.136 E52.04984
G1 X38.881 Y40.424 E52.0609
G1 X38.799 Y40.821 E52.07438
G1 X38.831 Y41.157 E52.08561
G1 X38.909 Y41.398 E52.09403
G1 X39.046 Y41.64 E52.10328
G1 X39.26 Y41.888 E52.11418
G1 X39.546 Y42.062 E52.12531
G1 X39.796 Y42.149 E52.13412
G1 X40.063 Y42.185 E52.14308
G1 X40.326 Y42.166 E52.15185
G1 X40.581 Y42.092 E52.16068
G0 F9000 X40.73 Y42.465
;TYPE:WALL-OUTER
G1 F600 X40.745 Y42.461 E52.1612
G1 X41.043 Y42.305 E52.17238
G1 X41.316 Y42.075 E52.18426
G1 X41.588 Y41.735 E52.19874
G1 X41.741 Y41.331 E52.21311
G1 X41.813 Y40.895 E52.2278
G1 X41.745 Y40.464 E52.24232
G1 X41.591 Y40.056 E52.25682
G1 X41.322 Y39.708 E52.27145
G1 X40.987 Y39.426 E52.28601
G1 X40.493 Y39.225 E52.30375
G1 X39.979 Y39.183 E52.32091
G1 X39.554 Y39.283 E52.33543
G1 X39.223 Y39.437 E52.34757
G1 X38.953 Y39.637 E52.35875
G1 X38.72 Y39.902 E52.37048
G1 X38.502 Y40.28 E52.385
G1 X38.395 Y40.799 E52.40262
G1 X38.437 Y41.239 E52.41732
G1 X38.541 Y41.559 E52.42851
G1 X38.717 Y41.872 E52.44046
G1 X38.999 Y42.197 E52.45477
G1 X39.374 Y42.426 E52.46938
G1 X39.703 Y42.54 E52.48096
G1 X40.051 Y42.587 E52.49264
G1 X40.396 Y42.562 E52.50415
G1 X40.73 Y42.465 E52.51571
G0 F9000 X40.438 Y41.734
;TYPE:SKIN
G1 F600 X40.255 Y41.806 E52.52226
G1 X40.077 Y41.818 E52.52819
G1 X39.693 Y41.728 E52.54131
G1 X39.49 Y41.605 E52.5492
G1 X39.347 Y41.442 E52.55641
G1 X39.181 Y41.069 E52.56999
G1 X39.162 Y40.844 E52.5775
G1 X39.222 Y40.551 E52.58745
G1 X39.465 Y40.205 E52.60151
G1 X39.807 Y40.005 E52.61469
G1 X40.039 Y39.951 E52.62261
G1 X40.309 Y39.973 E52.63162
G1 X40.592 Y40.086 E52.64176
G1 X40.77 Y40.236 E52.6495
G1 X40.919 Y40.431 E52.65766
G1 X41.041 Y40.891 E52.67349
G1 X40.916 Y41.351 E52.68935
G1 X40.624 Y41.661 E52.70351
G1 X40.438 Y41.734 E52.71016
G0 F9000 X40.546 Y41.975
G0 X40.912 Y41.681
G0 X41.094 Y41.453
G0 X41.216 Y40.999
G0 X41.227 Y40.509
G0 X40.782 Y40.677
G1 F600 X39.891 Y41.568 E52.75207
G0 F9000 X39.54 Y41.353
G1 F600 X40.558 Y40.335 E52.79995
G0 F9000 X40.166 Y40.162
G1 F600 X39.372 Y40.955 E52.83727
G1 F2700 E47.83727
;MESH:slupek3.stl(1)
G0 F9000 X39.022 Y41.347
G0 X41.581 Y40.896
G0 X42.662 Y40.728
G0 X46.296 Y41.083
G0 X47.338 Y40.751
G0 X47.978 Y40.94
G0 X48.664 Y41.156
G0 X48.913 Y41.233
G0 X49.088 Y41.305
;TYPE:WALL-INNER
G1 F2700 E52.83727
G1 F600 X49.155 Y41.287 E52.83958
G1 X49.379 Y41.167 E52.84803
G1 X49.588 Y40.994 E52.85706
G1 X49.752 Y40.786 E52.86587
G1 X49.872 Y40.551 E52.87464
G1 X49.939 Y40.299 E52.88332
G1 X49.956 Y39.957 E52.8947
G1 X49.874 Y39.635 E52.90576
G1 X49.728 Y39.343 E52.91661
G1 X49.486 Y39.093 E52.92819
G1 X49.27 Y38.944 E52.93691
G1 X48.959 Y38.819 E52.94806
G1 X48.566 Y38.786 E52.96118
G1 X48.171 Y38.879 E52.97468
G1 X47.831 Y39.081 E52.98783
G1 X47.563 Y39.385 E53.00131
G1 X47.423 Y39.697 E53.01268
G1 X47.358 Y40.019 E53.02361
G1 X47.391 Y40.357 E53.0349
G1 X47.492 Y40.668 E53.04578
G1 X47.684 Y40.94 E53.05685
G1 X47.874 Y41.119 E53.06554
G1 X48.103 Y41.259 E53.07446
G1 X48.358 Y41.349 E53.08346
G1 X48.62 Y41.384 E53.09225
G1 X48.884 Y41.362 E53.10106
G1 X49.088 Y41.305 E53.10811
G0 F9000 X49.222 Y41.684
;TYPE:WALL-OUTER
G1 F600 X49.305 Y41.661 E53.11097
G1 X49.603 Y41.501 E53.12222
G1 X49.876 Y41.275 E53.13401
G1 X50.09 Y41.003 E53.14552
G1 X50.248 Y40.695 E53.15703
G1 X50.337 Y40.361 E53.16853
G1 X50.358 Y39.917 E53.18331
G1 X50.251 Y39.495 E53.19779
G1 X50.058 Y39.109 E53.21215
G1 X49.746 Y38.786 E53.22708
G1 X49.46 Y38.59 E53.23861
G1 X49.053 Y38.425 E53.25322
G1 X48.536 Y38.382 E53.27048
G1 X48.02 Y38.504 E53.28811
G1 X47.573 Y38.769 E53.3054
G1 X47.223 Y39.166 E53.323
G1 X47.04 Y39.574 E53.33787
G1 X46.954 Y39.999 E53.35229
G1 X46.997 Y40.439 E53.367
G1 X47.13 Y40.849 E53.38133
G1 X47.38 Y41.204 E53.39577
G1 X47.63 Y41.439 E53.40719
G1 X47.931 Y41.622 E53.4189
G1 X48.264 Y41.74 E53.43065
G1 X48.61 Y41.786 E53.44226
G1 X48.956 Y41.758 E53.45381
G1 X49.222 Y41.684 E53.46299
G0 F9000 X48.965 Y40.956
;TYPE:SKIN
G1 F600 X48.63 Y41.019 E53.47433
G1 X48.261 Y40.927 E53.48698
G1 X47.95 Y40.691 E53.49996
G1 X47.817 Y40.501 E53.50768
G1 X47.722 Y40.042 E53.52327
G1 X47.768 Y39.806 E53.53126
G1 X47.871 Y39.582 E53.53946
G1 X48.063 Y39.36 E53.54923
G1 X48.304 Y39.216 E53.55856
G1 X48.598 Y39.147 E53.56861
G1 X48.872 Y39.173 E53.57776
G1 X49.178 Y39.295 E53.58872
G1 X49.434 Y39.557 E53.6009
G1 X49.591 Y39.994 E53.61635
G1 X49.576 Y40.346 E53.62806
G1 X49.325 Y40.737 E53.64352
G1 X49.014 Y40.947 E53.656
G1 X48.965 Y40.956 E53.65766
G0 F9000 X48.913 Y41.233
G0 X49.472 Y40.88
G0 X49.673 Y40.569
G0 X49.834 Y39.883
G0 X49.383 Y39.995
G1 F600 X48.578 Y40.8 E53.69552
G0 F9000 X48.189 Y40.623
G1 F600 X49.204 Y39.609 E53.74324
G0 F9000 X48.862 Y39.384
G1 F600 X47.971 Y40.276 E53.78517
G1 F2700 E48.78517
;MESH:NONMESH
G0 F300 X47.971 Y40.276 Z4.2
G0 F9000 X47.923 Y40.999
G0 X47.338 Y40.751
G0 X46.296 Y41.083
G0 X42.601 Y41.446
G0 X40.582 Y42.092
;TIME_ELAPSED:187.391921
;LAYER:20
;note -- min layer time used
;TYPE:WALL-INNER
;MESH:slupek3.stl
G1 F2700 E53.78517
G1 F600 X40.827 Y41.963 E53.79438
G1 X41.08 Y41.751 E53.80536
G1 X41.26 Y41.468 E53.81652
G1 X41.357 Y41.217 E53.82547
G1 X41.408 Y40.889 E53.83651
G1 X41.357 Y40.563 E53.84748
G1 X41.26 Y40.306 E53.85662
G1 X41.084 Y40.03 E53.86751
G1 X40.822 Y39.815 E53.87878
G1 X40.585 Y39.687 E53.88774
G1 X40.333 Y39.614 E53.89646
G1 X40.01 Y39.587 E53.90724
G1 X39.673 Y39.666 E53.91876
G1 X39.44 Y39.777 E53.92734
G1 X39.22 Y39.941 E53.93647
G1 X39.044 Y40.138 E53.94525
G1 X38.913 Y40.374 E53.95423
G1 X38.831 Y40.626 E53.96304
G1 X38.804 Y40.889 E53.97184
G1 X38.831 Y41.155 E53.98073
G1 X38.912 Y41.405 E53.98947
G1 X39.045 Y41.639 E53.99842
G1 X39.27 Y41.893 E54.00971
G1 X39.548 Y42.061 E54.02051
G1 X39.803 Y42.149 E54.02949
G1 X40.072 Y42.184 E54.03851
G1 X40.339 Y42.162 E54.04742
G1 X40.582 Y42.092 E54.05583
G0 F9000 X40.732 Y42.465
;TYPE:WALL-OUTER
G1 F600 X41.051 Y42.297 E54.06782
G1 X41.384 Y42.018 E54.08227
G1 X41.62 Y41.649 E54.09684
G1 X41.745 Y41.32 E54.10854
G1 X41.813 Y40.889 E54.12306
G1 X41.745 Y40.46 E54.1375
G1 X41.62 Y40.126 E54.14936
G1 X41.388 Y39.762 E54.16372
G1 X41.047 Y39.48 E54.17844
G1 X40.736 Y39.315 E54.19015
G1 X40.407 Y39.218 E54.20156
G1 X39.98 Y39.183 E54.21581
G1 X39.539 Y39.286 E54.23087
G1 X39.232 Y39.433 E54.24219
G1 X38.948 Y39.645 E54.25398
G1 X38.716 Y39.905 E54.26557
G1 X38.545 Y40.213 E54.27728
G1 X38.437 Y40.542 E54.2888
G1 X38.402 Y40.889 E54.3004
G1 X38.437 Y41.238 E54.31207
G1 X38.544 Y41.567 E54.32357
G1 X38.717 Y41.871 E54.33521
G1 X39.01 Y42.204 E54.34996
G1 X39.378 Y42.425 E54.36424
G1 X39.711 Y42.54 E54.37595
G1 X40.062 Y42.586 E54.38773
G1 X40.411 Y42.558 E54.39937
G1 X40.732 Y42.465 E54.41049
G0 F9000 X40.449 Y41.752
;TYPE:SKIN
G1 F600 X40.083 Y41.819 E54.42286
G1 X39.693 Y41.724 E54.43622
G1 X39.502 Y41.612 E54.44358
G1 X39.347 Y41.435 E54.45141
G1 X39.188 Y41.077 E54.46443
G1 X39.188 Y40.698 E54.47704
G1 X39.343 Y40.341 E54.48998
G1 X39.458 Y40.212 E54.49573
G1 X39.8 Y40.004 E54.50905
G1 X40.04 Y39.95 E54.51723
G1 X40.263 Y39.967 E54.52467
G1 X40.532 Y40.049 E54.53402
G1 X40.809 Y40.272 E54.54585
G1 X40.988 Y40.553 E54.55693
G1 X41.041 Y40.887 E54.56818
G1 X40.988 Y41.219 E54.57936
G1 X40.803 Y41.51 E54.59083
G1 X40.449 Y41.752 E54.60509
G0 F9000 X39.862 Y41.559
G1 F600 X39.428 Y41.125 E54.6255
G0 F9000 X39.454 Y40.586
G1 F600 X40.41 Y41.542 E54.67047
G0 F9000 X40.714 Y41.279
G1 F600 X39.721 Y40.287 E54.71716
G0 F9000 X40.177 Y40.177
G1 F600 X40.829 Y40.829 E54.74782
G1 F2700 E49.74782
;MESH:slupek3.stl(1)
G0 F9000 X41.286 Y40.757
G0 X41.581 Y40.891
G0 X42.662 Y40.721
G0 X46.191 Y40.759
G0 X47.262 Y40.535
G0 X48.74 Y41.158
G0 X49.089 Y41.307
;TYPE:WALL-INNER
G1 F2700 E54.74782
G1 F600 X49.141 Y41.292 E54.74962
G1 X49.381 Y41.164 E54.75867
G1 X49.591 Y40.987 E54.7678
G1 X49.75 Y40.788 E54.77628
G1 X49.871 Y40.544 E54.78534
G1 X49.956 Y40.221 E54.79644
G1 X49.939 Y39.893 E54.80737
G1 X49.87 Y39.635 E54.81625
G1 X49.72 Y39.331 E54.82753
G1 X49.488 Y39.091 E54.83863
G1 X49.214 Y38.907 E54.84961
G1 X48.826 Y38.798 E54.86301
G1 X48.497 Y38.806 E54.87396
G1 X48.168 Y38.879 E54.88516
G1 X47.822 Y39.086 E54.89857
G1 X47.603 Y39.338 E54.90968
G1 X47.469 Y39.571 E54.91862
G1 X47.391 Y39.821 E54.92733
G1 X47.358 Y40.152 E54.93839
G1 X47.428 Y40.491 E54.94991
G1 X47.53 Y40.728 E54.95849
G1 X47.683 Y40.942 E54.96724
G1 X47.883 Y41.129 E54.97634
G1 X48.103 Y41.26 E54.98486
G1 X48.359 Y41.348 E54.99386
G1 X48.628 Y41.384 E55.00289
G1 X48.896 Y41.363 E55.01183
G1 X49.089 Y41.307 E55.01852
G0 F9000 X49.222 Y41.685
;TYPE:WALL-OUTER
G1 F600 X49.292 Y41.665 E55.02094
G1 X49.607 Y41.497 E55.03281
G1 X49.879 Y41.267 E55.04466
G1 X50.09 Y41.004 E55.05587
G1 X50.247 Y40.685 E55.0677
G1 X50.358 Y40.263 E55.08221
G1 X50.337 Y39.831 E55.0966
G1 X50.247 Y39.492 E55.10826
G1 X50.05 Y39.097 E55.12294
G1 X49.746 Y38.783 E55.13748
G1 X49.386 Y38.54 E55.15193
G1 X48.878 Y38.394 E55.16951
G1 X48.446 Y38.405 E55.18388
G1 X48.016 Y38.504 E55.19856
G1 X47.562 Y38.776 E55.21616
G1 X47.276 Y39.105 E55.23066
G1 X47.101 Y39.409 E55.24232
G1 X46.997 Y39.741 E55.2539
G1 X46.954 Y40.173 E55.26834
G1 X47.044 Y40.611 E55.28321
G1 X47.18 Y40.925 E55.29459
G1 X47.38 Y41.207 E55.30609
G1 X47.641 Y41.451 E55.31797
G1 X47.933 Y41.625 E55.32928
G1 X48.267 Y41.74 E55.34103
G1 X48.618 Y41.786 E55.3528
G1 X48.968 Y41.758 E55.36448
G1 X49.222 Y41.685 E55.37327
G0 F9000 X48.966 Y40.96
;TYPE:SKIN
G1 F600 X48.635 Y41.017 E55.38444
G1 X48.448 Y40.993 E55.39071
G1 X48.093 Y40.831 E55.40369
G1 X47.959 Y40.706 E55.40978
G1 X47.77 Y40.373 E55.42252
G1 X47.722 Y40.13 E55.43076
G1 X47.745 Y39.896 E55.43858
G1 X47.827 Y39.628 E55.4479
G1 X48.054 Y39.368 E55.45938
G1 X48.307 Y39.217 E55.46918
G1 X48.779 Y39.161 E55.48499
G1 X49.059 Y39.237 E55.49464
G1 X49.422 Y39.537 E55.5103
G1 X49.574 Y39.858 E55.52211
G1 X49.59 Y40.179 E55.5328
G1 X49.446 Y40.583 E55.54707
G1 X49.166 Y40.869 E55.56038
G1 X49.01 Y40.952 E55.56626
G1 X48.966 Y40.96 E55.56774
G0 F9000 X48.903 Y41.236
G0 X48.394 Y41.191
G0 X48.06 Y41.037
G0 X47.632 Y40.655
G0 X47.944 Y40.024
G1 F600 X48.719 Y40.799 E55.6042
G0 F9000 X49.118 Y40.632
G1 F600 X48.102 Y39.616 E55.65199
G0 F9000 X48.45 Y39.399
G1 F600 X49.342 Y40.291 E55.69394
G1 F2700 E50.69394
;MESH:NONMESH
G0 F300 X49.342 Y40.291 Z4.4
G0 F9000 X49.538 Y40.866
G0 X47.755 Y40.606
G0 X47.262 Y40.535
G0 X46.191 Y40.759
G0 X42.604 Y41.434
G0 X41.522 Y41.265
G0 X40.356 Y42.034
G0 X40.582 Y42.092
;TIME_ELAPSED:195.417122
;LAYER:21
;note -- min layer time used
;TYPE:WALL-INNER
;MESH:slupek3.stl
G1 F2700 E55.69394
G1 F600 X40.827 Y41.963 E55.70315
G1 X41.08 Y41.751 E55.71413
G1 X41.26 Y41.468 E55.72529
G1 X41.357 Y41.217 E55.73424
G1 X41.408 Y40.889 E55.74528
G1 X41.357 Y40.563 E55.75625
G1 X41.26 Y40.306 E55.76539
G1 X41.084 Y40.03 E55.77628
G1 X40.822 Y39.815 E55.78755
G1 X40.585 Y39.687 E55.79651
G1 X40.333 Y39.614 E55.80523
G1 X40.01 Y39.587 E55.81601
G1 X39.673 Y39.666 E55.82753
G1 X39.44 Y39.777 E55.83611
G1 X39.22 Y39.941 E55.84524
G1 X39.044 Y40.138 E55.85402
G1 X38.913 Y40.374 E55.863
G1 X38.831 Y40.626 E55.87182
G1 X38.804 Y40.889 E55.88061
G1 X38.831 Y41.155 E55.8895
G1 X38.912 Y41.405 E55.89824
G1 X39.045 Y41.639 E55.90719
G1 X39.27 Y41.893 E55.91848
G1 X39.548 Y42.061 E55.92928
G1 X39.803 Y42.149 E55.93826
G1 X40.072 Y42.184 E55.94728
G1 X40.339 Y42.162 E55.95619
G1 X40.582 Y42.092 E55.9646
G0 F9000 X40.732 Y42.465
;TYPE:WALL-OUTER
G1 F600 X41.051 Y42.297 E55.97659
G1 X41.384 Y42.018 E55.99104
G1 X41.62 Y41.649 E56.00561
G1 X41.745 Y41.32 E56.01732
G1 X41.813 Y40.889 E56.03183
G1 X41.745 Y40.46 E56.04627
G1 X41.62 Y40.126 E56.05814
G1 X41.388 Y39.762 E56.07249
G1 X41.047 Y39.48 E56.08721
G1 X40.736 Y39.315 E56.09892
G1 X40.407 Y39.218 E56.11033
G1 X39.98 Y39.183 E56.12458
G1 X39.539 Y39.286 E56.13964
G1 X39.232 Y39.433 E56.15096
G1 X38.948 Y39.645 E56.16275
G1 X38.716 Y39.905 E56.17434
G1 X38.545 Y40.213 E56.18606
G1 X38.437 Y40.542 E56.19757
G1 X38.402 Y40.889 E56.20917
G1 X38.437 Y41.238 E56.22084
G1 X38.544 Y41.567 E56.23235
G1 X38.717 Y41.871 E56.24398
G1 X39.01 Y42.204 E56.25873
G1 X39.378 Y42.425 E56.27301
G1 X39.711 Y42.54 E56.28473
G1 X40.062 Y42.586 E56.2965
G1 X40.411 Y42.558 E56.30815
G1 X40.732 Y42.465 E56.31926
G0 F9000 X40.449 Y41.752
;TYPE:SKIN
G1 F600 X40.083 Y41.819 E56.33164
G1 X39.693 Y41.724 E56.34499
G1 X39.502 Y41.612 E56.35235
G1 X39.347 Y41.435 E56.36018
G1 X39.188 Y41.077 E56.37321
G1 X39.188 Y40.698 E56.38581
G1 X39.343 Y40.341 E56.39876
G1 X39.458 Y40.212 E56.4045
G1 X39.8 Y40.004 E56.41782
G1 X40.04 Y39.95 E56.426
G1 X40.263 Y39.967 E56.43344
G1 X40.532 Y40.049 E56.44279
G1 X40.809 Y40.272 E56.45462
G1 X40.988 Y40.553 E56.4657
G1 X41.041 Y40.887 E56.47695
G1 X40.988 Y41.219 E56.48813
G1 X40.803 Y41.51 E56.4996
G1 X40.449 Y41.752 E56.51386
G0 F9000 X40.356 Y42.034
G0 X40.958 Y41.643
G0 X41.139 Y41.359
G0 X41.258 Y40.585
G0 X40.802 Y40.657
G1 F600 X39.891 Y41.567 E56.55669
G0 F9000 X39.541 Y41.352
G1 F600 X40.562 Y40.331 E56.60471
G0 F9000 X40.155 Y40.172
G1 F600 X39.388 Y40.939 E56.64079
G1 F2700 E51.64079
;MESH:slupek3.stl(1)
G0 F9000 X38.928 Y40.925
G0 X39.176 Y41.543
G0 X39.374 Y41.768
G0 X39.618 Y41.915
G0 X40.076 Y42.022
G0 X40.519 Y41.943
G0 X40.875 Y41.7
G0 X41.581 Y40.891
G0 X42.662 Y40.721
G0 X46.191 Y40.759
G0 X47.262 Y40.535
G0 X48.74 Y41.158
G0 X49.089 Y41.307
;TYPE:WALL-INNER
G1 F2700 E56.64079
G1 F600 X49.141 Y41.292 E56.64259
G1 X49.381 Y41.164 E56.65164
G1 X49.591 Y40.987 E56.66077
G1 X49.75 Y40.788 E56.66924
G1 X49.871 Y40.544 E56.6783
G1 X49.956 Y40.221 E56.68941
G1 X49.939 Y39.893 E56.70034
G1 X49.87 Y39.635 E56.70922
G1 X49.72 Y39.331 E56.72049
G1 X49.488 Y39.091 E56.7316
G1 X49.214 Y38.907 E56.74257
G1 X48.826 Y38.798 E56.75598
G1 X48.497 Y38.806 E56.76692
G1 X48.168 Y38.879 E56.77813
G1 X47.822 Y39.086 E56.79154
G1 X47.603 Y39.338 E56.80265
G1 X47.469 Y39.571 E56.81159
G1 X47.391 Y39.821 E56.8203
G1 X47.358 Y40.152 E56.83136
G1 X47.428 Y40.491 E56.84287
G1 X47.53 Y40.728 E56.85145
G1 X47.683 Y40.942 E56.8602
G1 X47.883 Y41.129 E56.86931
G1 X48.103 Y41.26 E56.87783
G1 X48.359 Y41.348 E56.88683
G1 X48.628 Y41.384 E56.89586
G1 X48.896 Y41.363 E56.9048
G1 X49.089 Y41.307 E56.91148
G0 F9000 X49.222 Y41.685
;TYPE:WALL-OUTER
G1 F600 X49.292 Y41.665 E56.9139
G1 X49.607 Y41.497 E56.92578
G1 X49.879 Y41.267 E56.93763
G1 X50.09 Y41.004 E56.94884
G1 X50.247 Y40.685 E56.96067
G1 X50.358 Y40.263 E56.97518
G1 X50.337 Y39.831 E56.98956
G1 X50.247 Y39.492 E57.00123
G1 X50.05 Y39.097 E57.01591
G1 X49.746 Y38.783 E57.03045
G1 X49.386 Y38.54 E57.04489
G1 X48.878 Y38.394 E57.06247
G1 X48.446 Y38.405 E57.07685
G1 X48.016 Y38.504 E57.09152
G1 X47.562 Y38.776 E57.10913
G1 X47.276 Y39.105 E57.12362
G1 X47.101 Y39.409 E57.13529
G1 X46.997 Y39.741 E57.14686
G1 X46.954 Y40.173 E57.1613
G1 X47.044 Y40.611 E57.17617
G1 X47.18 Y40.925 E57.18756
G1 X47.38 Y41.207 E57.19905
G1 X47.641 Y41.451 E57.21094
G1 X47.933 Y41.625 E57.22224
G1 X48.267 Y41.74 E57.23399
G1 X48.618 Y41.786 E57.24577
G1 X48.968 Y41.758 E57.25744
G1 X49.222 Y41.685 E57.26623
G0 F9000 X48.966 Y40.96
;TYPE:SKIN
G1 F600 X48.635 Y41.017 E57.27741
G1 X48.448 Y40.993 E57.28368
G1 X48.093 Y40.831 E57.29666
G1 X47.959 Y40.706 E57.30275
G1 X47.77 Y40.373 E57.31549
G1 X47.722 Y40.13 E57.32372
G1 X47.745 Y39.896 E57.33154
G1 X47.827 Y39.628 E57.34087
G1 X48.054 Y39.368 E57.35235
G1 X48.307 Y39.217 E57.36215
G1 X48.779 Y39.161 E57.37795
G1 X49.059 Y39.237 E57.3876
G1 X49.422 Y39.537 E57.40327
G1 X49.574 Y39.858 E57.41508
G1 X49.59 Y40.179 E57.42577
G1 X49.446 Y40.583 E57.44003
G1 X49.166 Y40.869 E57.45335
G1 X49.01 Y40.952 E57.45922
G1 X48.966 Y40.96 E57.46071
G0 F9000 X48.57 Y40.808
G1 F600 X49.38 Y39.998 E57.49881
G0 F9000 X49.203 Y39.609
G1 F600 X48.177 Y40.636 E57.5471
G0 F9000 X47.958 Y40.289
G1 F600 X48.858 Y39.389 E57.58943
G1 F2700 E52.58943
;MESH:NONMESH
G0 F300 X48.858 Y39.389 Z4.6
G0 F9000 X48.979 Y38.946
G0 X48.23 Y39.03
G0 X47.927 Y39.211
G0 X47.704 Y39.468
G0 X47.262 Y40.535
G0 X46.191 Y40.759
G0 X42.604 Y41.434
G0 X41.522 Y41.265
G0 X40.356 Y42.034
G0 X40.582 Y42.092
;TIME_ELAPSED:203.535725
;LAYER:22
;note -- min layer time used
;TYPE:WALL-INNER
;MESH:slupek3.stl
G1 F2700 E57.58943
G1 F600 X40.827 Y41.963 E57.59864
G1 X41.08 Y41.751 E57.60962
G1 X41.26 Y41.468 E57.62077
G1 X41.357 Y41.217 E57.62972
G1 X41.408 Y40.889 E57.64076
G1 X41.357 Y40.563 E57.65174
G1 X41.26 Y40.306 E57.66087
G1 X41.084 Y40.03 E57.67176
G1 X40.822 Y39.815 E57.68303
G1 X40.585 Y39.687 E57.69199
G1 X40.333 Y39.614 E57.70072
G1 X40.01 Y39.587 E57.7115
G1 X39.673 Y39.666 E57.72301
G1 X39.44 Y39.777 E57.73159
G1 X39.22 Y39.941 E57.74072
G1 X39.044 Y40.138 E57.74951
G1 X38.913 Y40.374 E57.75849
G1 X38.831 Y40.626 E57.7673
G1 X38.804 Y40.889 E57.77609
G1 X38.831 Y41.155 E57.78499
G1 X38.912 Y41.405 E57.79373
G1 X39.045 Y41.639 E57.80268
G1 X39.27 Y41.893 E57.81396
G1 X39.548 Y42.061 E57.82477
G1 X39.803 Y42.149 E57.83374
G1 X40.072 Y42.184 E57.84276
G1 X40.339 Y42.162 E57.85167
G1 X40.582 Y42.092 E57.86008
G0 F9000 X40.732 Y42.465
;TYPE:WALL-OUTER
G1 F600 X41.051 Y42.297 E57.87208
G1 X41.384 Y42.018 E57.88652
G1 X41.62 Y41.649 E57.90109
G1 X41.745 Y41.32 E57.9128
G1 X41.813 Y40.889 E57.92731
G1 X41.745 Y40.46 E57.94176
G1 X41.62 Y40.126 E57.95362
G1 X41.388 Y39.762 E57.96798
G1 X41.047 Y39.48 E57.98269
G1 X40.736 Y39.315 E57.9944
G1 X40.407 Y39.218 E58.00581
G1 X39.98 Y39.183 E58.02006
G1 X39.539 Y39.286 E58.03512
G1 X39.232 Y39.433 E58.04644
G1 X38.948 Y39.645 E58.05823
G1 X38.716 Y39.905 E58.06982
G1 X38.545 Y40.213 E58.08154
G1 X38.437 Y40.542 E58.09306
G1 X38.402 Y40.889 E58.10466
G1 X38.437 Y41.238 E58.11632
G1 X38.544 Y41.567 E58.12783
G1 X38.717 Y41.871 E58.13946
G1 X39.01 Y42.204 E58.15421
G1 X39.378 Y42.425 E58.16849
G1 X39.711 Y42.54 E58.18021
G1 X40.062 Y42.586 E58.19198
G1 X40.411 Y42.558 E58.20363
G1 X40.732 Y42.465 E58.21474
G0 F9000 X40.449 Y41.752
;TYPE:SKIN
G1 F600 X40.083 Y41.819 E58.22712
G1 X39.693 Y41.724 E58.24047
G1 X39.502 Y41.612 E58.24783
G1 X39.347 Y41.435 E58.25566
G1 X39.188 Y41.077 E58.26869
G1 X39.188 Y40.698 E58.28129
G1 X39.343 Y40.341 E58.29424
G1 X39.458 Y40.212 E58.29999
G1 X39.8 Y40.004 E58.3133
G1 X40.04 Y39.95 E58.32148
G1 X40.263 Y39.967 E58.32892
G1 X40.532 Y40.049 E58.33827
G1 X40.809 Y40.272 E58.3501
G1 X40.988 Y40.553 E58.36118
G1 X41.041 Y40.887 E58.37243
G1 X40.988 Y41.219 E58.38361
G1 X40.803 Y41.51 E58.39508
G1 X40.449 Y41.752 E58.40934
G0 F9000 X39.862 Y41.559
G1 F600 X39.428 Y41.125 E58.42976
G0 F9000 X39.454 Y40.586
G1 F600 X40.41 Y41.542 E58.47473
G0 F9000 X40.714 Y41.279
G1 F600 X39.721 Y40.287 E58.52141
G0 F9000 X40.177 Y40.177
G1 F600 X40.83 Y40.83 E58.55213
G1 F2700 E53.55213
;MESH:slupek3.stl(1)
G0 F9000 X41.286 Y40.758
G0 X41.581 Y40.891
G0 X42.662 Y40.721
G0 X46.191 Y40.759
G0 X47.262 Y40.535
G0 X48.74 Y41.158
G0 X49.089 Y41.307
;TYPE:WALL-INNER
G1 F2700 E58.55213
G1 F600 X49.141 Y41.292 E58.55393
G1 X49.381 Y41.164 E58.56297
G1 X49.591 Y40.987 E58.57211
G1 X49.75 Y40.788 E58.58058
G1 X49.871 Y40.544 E58.58964
G1 X49.956 Y40.221 E58.60075
G1 X49.939 Y39.893 E58.61167
G1 X49.87 Y39.635 E58.62055
G1 X49.72 Y39.331 E58.63183
G1 X49.488 Y39.091 E58.64293
G1 X49.214 Y38.907 E58.65391
G1 X48.826 Y38.798 E58.66731
G1 X48.497 Y38.806 E58.67826
G1 X48.168 Y38.879 E58.68947
G1 X47.822 Y39.086 E58.70288
G1 X47.603 Y39.338 E58.71398
G1 X47.469 Y39.571 E58.72292
G1 X47.391 Y39.821 E58.73163
G1 X47.358 Y40.152 E58.7427
G1 X47.428 Y40.491 E58.75421
G1 X47.53 Y40.728 E58.76279
G1 X47.683 Y40.942 E58.77154
G1 X47.883 Y41.129 E58.78065
G1 X48.103 Y41.26 E58.78916
G1 X48.359 Y41.348 E58.79817
G1 X48.628 Y41.384 E58.80719
G1 X48.896 Y41.363 E58.81613
G1 X49.089 Y41.307 E58.82282
G0 F9000 X49.222 Y41.685
;TYPE:WALL-OUTER
G1 F600 X49.292 Y41.665 E58.82524
G1 X49.607 Y41.497 E58.83711
G1 X49.879 Y41.267 E58.84896
G1 X50.09 Y41.004 E58.86018
G1 X50.247 Y40.685 E58.872
G1 X50.358 Y40.263 E58.88651
G1 X50.337 Y39.831 E58.9009
G1 X50.247 Y39.492 E58.91257
G1 X50.05 Y39.097 E58.92725
G1 X49.746 Y38.783 E58.94178
G1 X49.386 Y38.54 E58.95623
G1 X48.878 Y38.394 E58.97381
G1 X48.446 Y38.405 E58.98818
G1 X48.016 Y38.504 E59.00286
G1 X47.562 Y38.776 E59.02046
G1 X47.276 Y39.105 E59.03496
G1 X47.101 Y39.409 E59.04663
G1 X46.997 Y39.741 E59.0582
G1 X46.954 Y40.173 E59.07264
G1 X47.044 Y40.611 E59.08751
G1 X47.18 Y40.925 E59.09889
G1 X47.38 Y41.207 E59.11039
G1 X47.641 Y41.451 E59.12227
G1 X47.933 Y41.625 E59.13358
G1 X48.267 Y41.74 E59.14533
G1 X48.618 Y41.786 E59.1571
G1 X48.968 Y41.758 E59.16878
G1 X49.222 Y41.685 E59.17757
G0 F9000 X48.966 Y40.96
;TYPE:SKIN
G1 F600 X48.635 Y41.017 E59.18874
G1 X48.448 Y40.993 E59.19501
G1 X48.093 Y40.831 E59.20799
G1 X47.959 Y40.706 E59.21409
G1 X47.77 Y40.373 E59.22682
G1 X47.722 Y40.13 E59.23506
G1 X47.745 Y39.896 E59.24288
G1 X47.827 Y39.628 E59.2522
G1 X48.054 Y39.368 E59.26368
G1 X48.307 Y39.217 E59.27348
G1 X48.779 Y39.161 E59.28929
G1 X49.059 Y39.237 E59.29894
G1 X49.422 Y39.537 E59.3146
G1 X49.574 Y39.858 E59.32641
G1 X49.59 Y40.179 E59.3371
G1 X49.446 Y40.583 E59.35137
G1 X49.166 Y40.869 E59.36468
G1 X49.01 Y40.952 E59.37056
G1 X48.966 Y40.96 E59.37205
G0 F9000 X48.903 Y41.236
G0 X48.394 Y41.191
G0 X48.06 Y41.037
G0 X47.632 Y40.655
G0 X47.944 Y40.024
G1 F600 X48.719 Y40.799 E59.4085
G0 F9000 X49.118 Y40.632
G1 F600 X48.102 Y39.616 E59.45629
G0 F9000 X48.45 Y39.399
G1 F600 X49.342 Y40.291 E59.49825
G1 F2700 E54.49825
;MESH:NONMESH
G0 F300 X49.342 Y40.291 Z4.8
G0 F9000 X49.538 Y40.866
G0 X47.755 Y40.606
G0 X47.262 Y40.535
G0 X46.191 Y40.759
G0 X42.604 Y41.434
G0 X41.522 Y41.265
G0 X40.356 Y42.034
G0 X40.582 Y42.092
;TIME_ELAPSED:211.560805
;LAYER:23
;note -- min layer time used
;TYPE:WALL-INNER
;MESH:slupek3.stl
G1 F2700 E59.49825
G1 F600 X40.827 Y41.963 E59.50746
G1 X41.08 Y41.751 E59.51843
G1 X41.26 Y41.468 E59.52959
G1 X41.357 Y41.217 E59.53854
G1 X41.408 Y40.889 E59.54958
G1 X41.357 Y40.563 E59.56055
G1 X41.26 Y40.306 E59.56969
G1 X41.084 Y40.03 E59.58058
G1 X40.822 Y39.815 E59.59185
G1 X40.585 Y39.687 E59.60081
G1 X40.333 Y39.614 E59.60954
G1 X40.01 Y39.587 E59.62032
G1 X39.673 Y39.666 E59.63183
G1 X39.44 Y39.777 E59.64041
G1 X39.22 Y39.941 E59.64954
G1 X39.044 Y40.138 E59.65833
G1 X38.913 Y40.374 E59.6673
G1 X38.831 Y40.626 E59.67612
G1 X38.804 Y40.889 E59.68491
G1 X38.831 Y41.155 E59.6938
G1 X38.912 Y41.405 E59.70254
G1 X39.045 Y41.639 E59.7115
G1 X39.27 Y41.893 E59.72278
G1 X39.548 Y42.061 E59.73359
G1 X39.803 Y42.149 E59.74256
G1 X40.072 Y42.184 E59.75158
G1 X40.339 Y42.162 E59.76049
G1 X40.582 Y42.092 E59.7689
G0 F9000 X40.732 Y42.465
;TYPE:WALL-OUTER
G1 F600 X41.051 Y42.297 E59.78089
G1 X41.384 Y42.018 E59.79534
G1 X41.62 Y41.649 E59.80991
G1 X41.745 Y41.32 E59.82162
G1 X41.813 Y40.889 E59.83613
G1 X41.745 Y40.46 E59.85058
G1 X41.62 Y40.126 E59.86244
G1 X41.388 Y39.762 E59.87679
G1 X41.047 Y39.48 E59.89151
G1 X40.736 Y39.315 E59.90322
G1 X40.407 Y39.218 E59.91463
G1 X39.98 Y39.183 E59.92888
G1 X39.539 Y39.286 E59.94394
G1 X39.232 Y39.433 E59.95526
G1 X38.948 Y39.645 E59.96705
G1 X38.716 Y39.905 E59.97864
G1 X38.545 Y40.213 E59.99036
G1 X38.437 Y40.542 E60.00187
G1 X38.402 Y40.889 E60.01347
G1 X38.437 Y41.238 E60.02514
G1 X38.544 Y41.567 E60.03665
G1 X38.717 Y41.871 E60.04828
G1 X39.01 Y42.204 E60.06303
G1 X39.378 Y42.425 E60.07731
G1 X39.711 Y42.54 E60.08903
G1 X40.062 Y42.586 E60.1008
G1 X40.411 Y42.558 E60.11245
G1 X40.732 Y42.465 E60.12356
G0 F9000 X40.449 Y41.752
;TYPE:SKIN
G1 F600 X40.083 Y41.819 E60.13594
G1 X39.693 Y41.724 E60.14929
G1 X39.502 Y41.612 E60.15665
G1 X39.347 Y41.435 E60.16448
G1 X39.188 Y41.077 E60.17751
G1 X39.188 Y40.698 E60.19011
G1 X39.343 Y40.341 E60.20306
G1 X39.458 Y40.212 E60.20881
G1 X39.8 Y40.004 E60.22212
G1 X40.04 Y39.95 E60.2303
G1 X40.263 Y39.967 E60.23774
G1 X40.532 Y40.049 E60.24709
G1 X40.809 Y40.272 E60.25892
G1 X40.988 Y40.553 E60.27
G1 X41.041 Y40.887 E60.28125
G1 X40.988 Y41.219 E60.29243
G1 X40.803 Y41.51 E60.3039
G1 X40.449 Y41.752 E60.31816
G0 F9000 X40.356 Y42.034
G0 X40.958 Y41.643
G0 X41.139 Y41.359
G0 X41.258 Y40.585
G0 X40.802 Y40.657
G1 F600 X39.891 Y41.567 E60.36099
G0 F9000 X39.541 Y41.352
G1 F600 X40.562 Y40.331 E60.40902
G0 F9000 X40.155 Y40.172
G1 F600 X39.388 Y40.939 E60.44509
G1 F2700 E55.44509
;MESH:slupek3.stl(1)
G0 F9000 X38.928 Y40.925
G0 X39.176 Y41.543
G0 X39.374 Y41.768
G0 X39.618 Y41.915
G0 X40.076 Y42.022
G0 X40.519 Y41.943
G0 X40.875 Y41.7
G0 X41.581 Y40.891
G0 X42.662 Y40.721
G0 X46.191 Y40.759
G0 X47.262 Y40.535
G0 X48.74 Y41.158
G0 X49.089 Y41.307
;TYPE:WALL-INNER
G1 F2700 E60.44509
G1 F600 X49.141 Y41.292 E60.44689
G1 X49.381 Y41.164 E60.45594
G1 X49.591 Y40.987 E60.46507
G1 X49.75 Y40.788 E60.47355
G1 X49.871 Y40.544 E60.4826
G1 X49.956 Y40.221 E60.49371
G1 X49.939 Y39.893 E60.50464
G1 X49.87 Y39.635 E60.51352
G1 X49.72 Y39.331 E60.5248
G1 X49.488 Y39.091 E60.5359
G1 X49.214 Y38.907 E60.54687
G1 X48.826 Y38.798 E60.56028
G1 X48.497 Y38.806 E60.57123
G1 X48.168 Y38.879 E60.58243
G1 X47.822 Y39.086 E60.59584
G1 X47.603 Y39.338 E60.60695
G1 X47.469 Y39.571 E60.61589
G1 X47.391 Y39.821 E60.6246
G1 X47.358 Y40.152 E60.63566
G1 X47.428 Y40.491 E60.64718
G1 X47.53 Y40.728 E60.65576
G1 X47.683 Y40.942 E60.66451
G1 X47.883 Y41.129 E60.67361
G1 X48.103 Y41.26 E60.68213
G1 X48.359 Y41.348 E60.69113
G1 X48.628 Y41.384 E60.70016
G1 X48.896 Y41.363 E60.7091
G1 X49.089 Y41.307 E60.71579
G0 F9000 X49.222 Y41.685
;TYPE:WALL-OUTER
G1 F600 X49.292 Y41.665 E60.71821
G1 X49.607 Y41.497 E60.73008
G1 X49.879 Y41.267 E60.74193
G1 X50.09 Y41.004 E60.75314
G1 X50.247 Y40.685 E60.76497
G1 X50.358 Y40.263 E60.77948
G1 X50.337 Y39.831 E60.79387
G1 X50.247 Y39.492 E60.80553
G1 X50.05 Y39.097 E60.82021
G1 X49.746 Y38.783 E60.83475
G1 X49.386 Y38.54 E60.8492
G1 X48.878 Y38.394 E60.86678
G1 X48.446 Y38.405 E60.88115
G1 X48.016 Y38.504 E60.89582
G1 X47.562 Y38.776 E60.91343
G1 X47.276 Y39.105 E60.92793
G1 X47.101 Y39.409 E60.93959
G1 X46.997 Y39.741 E60.95116
G1 X46.954 Y40.173 E60.9656
G1 X47.044 Y40.611 E60.98048
G1 X47.18 Y40.925 E60.99186
G1 X47.38 Y41.207 E61.00336
G1 X47.641 Y41.451 E61.01524
G1 X47.933 Y41.625 E61.02655
G1 X48.267 Y41.74 E61.03829
G1 X48.618 Y41.786 E61.05007
G1 X48.968 Y41.758 E61.06175
G1 X49.222 Y41.685 E61.07054
G0 F9000 X48.966 Y40.96
;TYPE:SKIN
G1 F600 X48.635 Y41.017 E61.08171
G1 X48.448 Y40.993 E61.08798
G1 X48.093 Y40.831 E61.10096
G1 X47.959 Y40.706 E61.10705
G1 X47.77 Y40.373 E61.11979
G1 X47.722 Y40.13 E61.12803
G1 X47.745 Y39.896 E61.13585
G1 X47.827 Y39.628 E61.14517
G1 X48.054 Y39.368 E61.15665
G1 X48.307 Y39.217 E61.16645
G1 X48.779 Y39.161 E61.18226
G1 X49.059 Y39.237 E61.19191
G1 X49.422 Y39.537 E61.20757
G1 X49.574 Y39.858 E61.21938
G1 X49.59 Y40.179 E61.23007
G1 X49.446 Y40.583 E61.24434
G1 X49.166 Y40.869 E61.25765
G1 X49.01 Y40.952 E61.26353
G1 X48.966 Y40.96 E61.26501
G0 F9000 X48.57 Y40.808
G1 F600 X49.38 Y39.998 E61.30311
G0 F9000 X49.203 Y39.609
G1 F600 X48.177 Y40.636 E61.3514
G0 F9000 X47.958 Y40.289
G1 F600 X48.858 Y39.389 E61.39373
G1 F2700 E56.39373
;MESH:NONMESH
G0 F300 X48.858 Y39.389 Z5
G0 F9000 X48.979 Y38.946
G0 X48.23 Y39.03
G0 X47.927 Y39.211
G0 X47.704 Y39.468
G0 X47.262 Y40.535
G0 X46.191 Y40.759
G0 X42.604 Y41.434
G0 X41.522 Y41.265
G0 X40.356 Y42.034
G0 X40.582 Y42.092
;TIME_ELAPSED:219.679408
;LAYER:24
;note -- min layer time used
;TYPE:WALL-INNER
;MESH:slupek3.stl
G1 F2700 E61.39373
G1 F600 X40.827 Y41.963 E61.40294
G1 X41.08 Y41.751 E61.41392
G1 X41.26 Y41.468 E61.42507
G1 X41.357 Y41.217 E61.43402
G1 X41.408 Y40.889 E61.44506
G1 X41.357 Y40.563 E61.45604
G1 X41.26 Y40.306 E61.46517
G1 X41.084 Y40.03 E61.47606
G1 X40.822 Y39.815 E61.48733
G1 X40.585 Y39.687 E61.49629
G1 X40.333 Y39.614 E61.50502
G1 X40.01 Y39.587 E61.5158
G1 X39.673 Y39.666 E61.52731
G1 X39.44 Y39.777 E61.5359
G1 X39.22 Y39.941 E61.54502
G1 X39.044 Y40.138 E61.55381
G1 X38.913 Y40.374 E61.56279
G1 X38.831 Y40.626 E61.5716
G1 X38.804 Y40.889 E61.5804
G1 X38.831 Y41.155 E61.58929
G1 X38.912 Y41.405 E61.59803
G1 X39.045 Y41.639 E61.60698
G1 X39.27 Y41.893 E61.61827
G1 X39.548 Y42.061 E61.62907
G1 X39.803 Y42.149 E61.63804
G1 X40.072 Y42.184 E61.64706
G1 X40.339 Y42.162 E61.65598
G1 X40.582 Y42.092 E61.66439
G0 F9000 X40.732 Y42.465
;TYPE:WALL-OUTER
G1 F600 X41.051 Y42.297 E61.67638
G1 X41.384 Y42.018 E61.69083
G1 X41.62 Y41.649 E61.7054
G1 X41.745 Y41.32 E61.7171
G1 X41.813 Y40.889 E61.73161
G1 X41.745 Y40.46 E61.74606
G1 X41.62 Y40.126 E61.75792
G1 X41.388 Y39.762 E61.77228
G1 X41.047 Y39.48 E61.787
G1 X40.736 Y39.315 E61.79871
G1 X40.407 Y39.218 E61.81011
G1 X39.98 Y39.183 E61.82436
G1 X39.539 Y39.286 E61.83943
G1 X39.232 Y39.433 E61.85075
G1 X38.948 Y39.645 E61.86253
G1 X38.716 Y39.905 E61.87412
G1 X38.545 Y40.213 E61.88584
G1 X38.437 Y40.542 E61.89736
G1 X38.402 Y40.889 E61.90896
G1 X38.437 Y41.238 E61.92062
G1 X38.544 Y41.567 E61.93213
G1 X38.717 Y41.871 E61.94376
G1 X39.01 Y42.204 E61.95852
G1 X39.378 Y42.425 E61.97279
G1 X39.711 Y42.54 E61.98451
G1 X40.062 Y42.586 E61.99629
G1 X40.411 Y42.558 E62.00793
G1 X40.732 Y42.465 E62.01905
G0 F9000 X40.449 Y41.752
;TYPE:SKIN
G1 F600 X40.083 Y41.819 E62.03142
G1 X39.693 Y41.724 E62.04477
G1 X39.502 Y41.612 E62.05214
G1 X39.347 Y41.435 E62.05996
G1 X39.188 Y41.077 E62.07299
G1 X39.188 Y40.698 E62.0856
G1 X39.343 Y40.341 E62.09854
G1 X39.458 Y40.212 E62.10429
G1 X39.8 Y40.004 E62.1176
G1 X40.04 Y39.95 E62.12578
G1 X40.263 Y39.967 E62.13322
G1 X40.532 Y40.049 E62.14258
G1 X40.809 Y40.272 E62.1544
G1 X40.988 Y40.553 E62.16549
G1 X41.041 Y40.887 E62.17673
G1 X40.988 Y41.219 E62.18792
G1 X40.803 Y41.51 E62.19938
G1 X40.449 Y41.752 E62.21365
G0 F9000 X39.862 Y41.559
G1 F600 X39.428 Y41.125 E62.23406
G0 F9000 X39.454 Y40.586
G1 F600 X40.41 Y41.542 E62.27903
G0 F9000 X40.714 Y41.279
G1 F600 X39.721 Y40.287 E62.32571
G0 F9000 X40.177 Y40.177
G1 F600 X40.83 Y40.83 E62.35643
G1 F2700 E57.35643
;MESH:slupek3.stl(1)
G0 F9000 X41.286 Y40.758
G0 X41.581 Y40.891
G0 X42.662 Y40.721
G0 X46.191 Y40.759
G0 X47.262 Y40.535
G0 X48.74 Y41.158
G0 X49.089 Y41.307
;TYPE:WALL-INNER
G1 F2700 E62.35643
G1 F600 X49.141 Y41.292 E62.35823
G1 X49.381 Y41.164 E62.36727
G1 X49.591 Y40.987 E62.37641
G1 X49.75 Y40.788 E62.38488
G1 X49.871 Y40.544 E62.39394
G1 X49.956 Y40.221 E62.40505
G1 X49.939 Y39.893 E62.41597
G1 X49.87 Y39.635 E62.42486
G1 X49.72 Y39.331 E62.43613
G1 X49.488 Y39.091 E62.44723
G1 X49.214 Y38.907 E62.45821
G1 X48.826 Y38.798 E62.47161
G1 X48.497 Y38.806 E62.48256
G1 X48.168 Y38.879 E62.49377
G1 X47.822 Y39.086 E62.50718
G1 X47.603 Y39.338 E62.51828
G1 X47.469 Y39.571 E62.52722
G1 X47.391 Y39.821 E62.53593
G1 X47.358 Y40.152 E62.547
G1 X47.428 Y40.491 E62.55851
G1 X47.53 Y40.728 E62.56709
G1 X47.683 Y40.942 E62.57584
G1 X47.883 Y41.129 E62.58495
G1 X48.103 Y41.26 E62.59346
G1 X48.359 Y41.348 E62.60247
G1 X48.628 Y41.384 E62.6115
G1 X48.896 Y41.363 E62.62044
G1 X49.089 Y41.307 E62.62712
G0 F9000 X49.222 Y41.685
;TYPE:WALL-OUTER
G1 F600 X49.292 Y41.665 E62.62954
G1 X49.607 Y41.497 E62.64142
G1 X49.879 Y41.267 E62.65326
G1 X50.09 Y41.004 E62.66448
G1 X50.247 Y40.685 E62.6763
G1 X50.358 Y40.263 E62.69082
G1 X50.337 Y39.831 E62.7052
G1 X50.247 Y39.492 E62.71687
G1 X50.05 Y39.097 E62.73155
G1 X49.746 Y38.783 E62.74608
G1 X49.386 Y38.54 E62.76053
G1 X48.878 Y38.394 E62.77811
G1 X48.446 Y38.405 E62.79248
G1 X48.016 Y38.504 E62.80716
G1 X47.562 Y38.776 E62.82476
G1 X47.276 Y39.105 E62.83926
G1 X47.101 Y39.409 E62.85093
G1 X46.997 Y39.741 E62.8625
G1 X46.954 Y40.173 E62.87694
G1 X47.044 Y40.611 E62.89181
G1 X47.18 Y40.925 E62.90319
G1 X47.38 Y41.207 E62.91469
G1 X47.641 Y41.451 E62.92658
G1 X47.933 Y41.625 E62.93788
G1 X48.267 Y41.74 E62.94963
G1 X48.618 Y41.786 E62.9614
G1 X48.968 Y41.758 E62.97308
G1 X49.222 Y41.685 E62.98187
G0 F9000 X48.966 Y40.96
;TYPE:SKIN
G1 F600 X48.635 Y41.017 E62.99304
G1 X48.448 Y40.993 E62.99931
G1 X48.093 Y40.831 E63.01229
G1 X47.959 Y40.706 E63.01839
G1 X47.77 Y40.373 E63.03112
G1 X47.722 Y40.13 E63.03936
G1 X47.745 Y39.896 E63.04718
G1 X47.827 Y39.628 E63.0565
G1 X48.054 Y39.368 E63.06798
G1 X48.307 Y39.217 E63.07778
G1 X48.779 Y39.161 E63.09359
G1 X49.059 Y39.237 E63.10324
G1 X49.422 Y39.537 E63.1189
G1 X49.574 Y39.858 E63.13072
G1 X49.59 Y40.179 E63.14141
G1 X49.446 Y40.583 E63.15567
G1 X49.166 Y40.869 E63.16898
G1 X49.01 Y40.952 E63.17486
G1 X48.966 Y40.96 E63.17635
G0 F9000 X48.903 Y41.236
G0 X48.394 Y41.191
G0 X48.06 Y41.037
G0 X47.632 Y40.655
G0 X47.944 Y40.024
G1 F600 X48.719 Y40.799 E63.2128
G0 F9000 X49.118 Y40.632
G1 F600 X48.102 Y39.616 E63.26059
G0 F9000 X48.45 Y39.399
G1 F600 X49.342 Y40.291 E63.30255
G1 F2700 E58.30255
;MESH:NONMESH
G0 F300 X49.342 Y40.291 Z5.2
G0 F9000 X49.538 Y40.866
G0 X47.755 Y40.606
G0 X47.262 Y40.535
G0 X46.191 Y40.759
G0 X42.604 Y41.434
G0 X41.522 Y41.265
G0 X40.356 Y42.034
G0 X40.582 Y42.092
;TIME_ELAPSED:227.704488
;LAYER:25
;note -- min layer time used
;TYPE:WALL-INNER
;MESH:slupek3.stl
G1 F2700 E63.30255
G1 F600 X40.827 Y41.963 E63.31176
G1 X41.08 Y41.751 E63.32274
G1 X41.26 Y41.468 E63.33389
G1 X41.357 Y41.217 E63.34284
G1 X41.408 Y40.889 E63.35388
G1 X41.357 Y40.563 E63.36486
G1 X41.26 Y40.306 E63.37399
G1 X41.084 Y40.03 E63.38488
G1 X40.822 Y39.815 E63.39615
G1 X40.585 Y39.687 E63.40511
G1 X40.333 Y39.614 E63.41384
G1 X40.01 Y39.587 E63.42462
G1 X39.673 Y39.666 E63.43613
G1 X39.44 Y39.777 E63.44472
G1 X39.22 Y39.941 E63.45384
G1 X39.044 Y40.138 E63.46263
G1 X38.913 Y40.374 E63.47161
G1 X38.831 Y40.626 E63.48042
G1 X38.804 Y40.889 E63.48921
G1 X38.831 Y41.155 E63.49811
G1 X38.912 Y41.405 E63.50685
G1 X39.045 Y41.639 E63.5158
G1 X39.27 Y41.893 E63.52708
G1 X39.548 Y42.061 E63.53789
G1 X39.803 Y42.149 E63.54686
G1 X40.072 Y42.184 E63.55588
G1 X40.339 Y42.162 E63.56479
G1 X40.582 Y42.092 E63.5732
G0 F9000 X40.732 Y42.465
;TYPE:WALL-OUTER
G1 F600 X41.051 Y42.297 E63.5852
G1 X41.384 Y42.018 E63.59965
G1 X41.62 Y41.649 E63.61421
G1 X41.745 Y41.32 E63.62592
G1 X41.813 Y40.889 E63.64043
G1 X41.745 Y40.46 E63.65488
G1 X41.62 Y40.126 E63.66674
G1 X41.388 Y39.762 E63.6811
G1 X41.047 Y39.48 E63.69581
G1 X40.736 Y39.315 E63.70752
G1 X40.407 Y39.218 E63.71893
G1 X39.98 Y39.183 E63.73318
G1 X39.539 Y39.286 E63.74824
G1 X39.232 Y39.433 E63.75957
G1 X38.948 Y39.645 E63.77135
G1 X38.716 Y39.905 E63.78294
G1 X38.545 Y40.213 E63.79466
G1 X38.437 Y40.542 E63.80618
G1 X38.402 Y40.889 E63.81778
G1 X38.437 Y41.238 E63.82944
G1 X38.544 Y41.567 E63.84095
G1 X38.717 Y41.871 E63.85258
G1 X39.01 Y42.204 E63.86734
G1 X39.378 Y42.425 E63.88161
G1 X39.711 Y42.54 E63.89333
G1 X40.062 Y42.586 E63.9051
G1 X40.411 Y42.558 E63.91675
G1 X40.732 Y42.465 E63.92786
G0 F9000 X40.449 Y41.752
;TYPE:SKIN
G1 F600 X40.083 Y41.819 E63.94024
G1 X39.693 Y41.724 E63.95359
G1 X39.502 Y41.612 E63.96096
G1 X39.347 Y41.435 E63.96878
G1 X39.188 Y41.077 E63.98181
G1 X39.188 Y40.698 E63.99442
G1 X39.343 Y40.341 E64.00736
G1 X39.458 Y40.212 E64.01311
G1 X39.8 Y40.004 E64.02642
G1 X40.04 Y39.95 E64.0346
G1 X40.263 Y39.967 E64.04204
G1 X40.532 Y40.049 E64.0514
G1 X40.809 Y40.272 E64.06322
G1 X40.988 Y40.553 E64.0743
G1 X41.041 Y40.887 E64.08555
G1 X40.988 Y41.219 E64.09673
G1 X40.803 Y41.51 E64.1082
G1 X40.449 Y41.752 E64.12247
G0 F9000 X40.356 Y42.034
G0 X40.958 Y41.643
G0 X41.139 Y41.359
G0 X41.258 Y40.585
G0 X40.802 Y40.657
G1 F600 X39.891 Y41.567 E64.16529
G0 F9000 X39.541 Y41.352
G1 F600 X40.562 Y40.331 E64.21332
G0 F9000 X40.155 Y40.172
G1 F600 X39.388 Y40.939 E64.24939
G1 F2700 E59.24939
;MESH:slupek3.stl(1)
G0 F9000 X38.928 Y40.925
G0 X39.176 Y41.543
G0 X39.374 Y41.768
G0 X39.618 Y41.915
G0 X40.076 Y42.022
G0 X40.519 Y41.943
G0 X40.875 Y41.7
G0 X41.581 Y40.891
G0 X42.662 Y40.721
G0 X46.191 Y40.759
G0 X47.262 Y40.535
G0 X48.74 Y41.158
G0 X49.089 Y41.307
;TYPE:WALL-INNER
G1 F2700 E64.24939
G1 F600 X49.141 Y41.292 E64.25119
G1 X49.381 Y41.164 E64.26024
G1 X49.591 Y40.987 E64.26938
G1 X49.75 Y40.788 E64.27785
G1 X49.871 Y40.544 E64.28691
G1 X49.956 Y40.221 E64.29802
G1 X49.939 Y39.893 E64.30894
G1 X49.87 Y39.635 E64.31782
G1 X49.72 Y39.331 E64.3291
G1 X49.488 Y39.091 E64.3402
G1 X49.214 Y38.907 E64.35118
G1 X48.826 Y38.798 E64.36458
G1 X48.497 Y38.806 E64.37553
G1 X48.168 Y38.879 E64.38674
G1 X47.822 Y39.086 E64.40015
G1 X47.603 Y39.338 E64.41125
G1 X47.469 Y39.571 E64.42019
G1 X47.391 Y39.821 E64.4289
G1 X47.358 Y40.152 E64.43996
G1 X47.428 Y40.491 E64.45148
G1 X47.53 Y40.728 E64.46006
G1 X47.683 Y40.942 E64.46881
G1 X47.883 Y41.129 E64.47792
G1 X48.103 Y41.26 E64.48643
G1 X48.359 Y41.348 E64.49544
G1 X48.628 Y41.384 E64.50446
G1 X48.896 Y41.363 E64.5134
G1 X49.089 Y41.307 E64.52009
G0 F9000 X49.222 Y41.685
;TYPE:WALL-OUTER
G1 F600 X49.292 Y41.665 E64.52251
G1 X49.607 Y41.497 E64.53438
G1 X49.879 Y41.267 E64.54623
G1 X50.09 Y41.004 E64.55744
G1 X50.247 Y40.685 E64.56927
G1 X50.358 Y40.263 E64.58378
G1 X50.337 Y39.831 E64.59817
G1 X50.247 Y39.492 E64.60983
G1 X50.05 Y39.097 E64.62452
G1 X49.746 Y38.783 E64.63905
G1 X49.386 Y38.54 E64.6535
G1 X48.878 Y38.394 E64.67108
G1 X48.446 Y38.405 E64.68545
G1 X48.016 Y38.504 E64.70013
G1 X47.562 Y38.776 E64.71773
G1 X47.276 Y39.105 E64.73223
G1 X47.101 Y39.409 E64.7439
G1 X46.997 Y39.741 E64.75547
G1 X46.954 Y40.173 E64.76991
G1 X47.044 Y40.611 E64.78478
G1 X47.18 Y40.925 E64.79616
G1 X47.38 Y41.207 E64.80766
G1 X47.641 Y41.451 E64.81954
G1 X47.933 Y41.625 E64.83085
G1 X48.267 Y41.74 E64.8426
G1 X48.618 Y41.786 E64.85437
G1 X48.968 Y41.758 E64.86605
G1 X49.222 Y41.685 E64.87484
G0 F9000 X48.966 Y40.96
;TYPE:SKIN
G1 F600 X48.635 Y41.017 E64.88601
G1 X48.448 Y40.993 E64.89228
G1 X48.093 Y40.831 E64.90526
G1 X47.959 Y40.706 E64.91135
G1 X47.77 Y40.373 E64.92409
G1 X47.722 Y40.13 E64.93233
G1 X47.745 Y39.896 E64.94015
G1 X47.827 Y39.628 E64.94947
G1 X48.054 Y39.368 E64.96095
G1 X48.307 Y39.217 E64.97075
G1 X48.779 Y39.161 E64.98656
G1 X49.059 Y39.237 E64.99621
G1 X49.422 Y39.537 E65.01187
G1 X49.574 Y39.858 E65.02368
G1 X49.59 Y40.179 E65.03437
G1 X49.446 Y40.583 E65.04864
G1 X49.166 Y40.869 E65.06195
G1 X49.01 Y40.952 E65.06783
G1 X48.966 Y40.96 E65.06932
G0 F9000 X48.57 Y40.808
G1 F600 X49.38 Y39.998 E65.10742
G0 F9000 X49.203 Y39.609
G1 F600 X48.177 Y40.636 E65.1557
G0 F9000 X47.958 Y40.289
G1 F600 X48.858 Y39.389 E65.19803
G1 F2700 E60.19803
;MESH:NONMESH
G0 F300 X48.858 Y39.389 Z5.4
G0 F9000 X48.979 Y38.946
G0 X48.23 Y39.03
G0 X47.927 Y39.211
G0 X47.704 Y39.468
G0 X47.262 Y40.535
G0 X46.191 Y40.759
G0 X42.604 Y41.434
G0 X41.522 Y41.265
G0 X40.356 Y42.034
G0 X40.582 Y42.092
;TIME_ELAPSED:235.823091
;LAYER:26
;note -- min layer time used
;TYPE:WALL-INNER
;MESH:slupek3.stl
G1 F2700 E65.19803
G1 F600 X40.827 Y41.963 E65.20724
G1 X41.08 Y41.751 E65.21822
G1 X41.26 Y41.468 E65.22938
G1 X41.357 Y41.217 E65.23833
G1 X41.408 Y40.889 E65.24937
G1 X41.357 Y40.563 E65.26034
G1 X41.26 Y40.306 E65.26948
G1 X41.084 Y40.03 E65.28036
G1 X40.822 Y39.815 E65.29164
G1 X40.585 Y39.687 E65.3006
G1 X40.333 Y39.614 E65.30932
G1 X40.01 Y39.587 E65.3201
G1 X39.673 Y39.666 E65.33162
G1 X39.44 Y39.777 E65.3402
G1 X39.22 Y39.941 E65.34933
G1 X39.044 Y40.138 E65.35811
G1 X38.913 Y40.374 E65.36709
G1 X38.831 Y40.626 E65.3759
G1 X38.804 Y40.889 E65.3847
G1 X38.831 Y41.155 E65.39359
G1 X38.912 Y41.405 E65.40233
G1 X39.045 Y41.639 E65.41128
G1 X39.27 Y41.893 E65.42257
G1 X39.548 Y42.061 E65.43337
G1 X39.803 Y42.149 E65.44234
G1 X40.072 Y42.184 E65.45137
G1 X40.339 Y42.162 E65.46028
G1 X40.582 Y42.092 E65.46869
G0 F9000 X40.732 Y42.465
;TYPE:WALL-OUTER
G1 F600 X41.051 Y42.297 E65.48068
G1 X41.384 Y42.018 E65.49513
G1 X41.62 Y41.649 E65.5097
G1 X41.745 Y41.32 E65.5214
G1 X41.813 Y40.889 E65.53592
G1 X41.745 Y40.46 E65.55036
G1 X41.62 Y40.126 E65.56222
G1 X41.388 Y39.762 E65.57658
G1 X41.047 Y39.48 E65.5913
G1 X40.736 Y39.315 E65.60301
G1 X40.407 Y39.218 E65.61442
G1 X39.98 Y39.183 E65.62867
G1 X39.539 Y39.286 E65.64373
G1 X39.232 Y39.433 E65.65505
G1 X38.948 Y39.645 E65.66684
G1 X38.716 Y39.905 E65.67843
G1 X38.545 Y40.213 E65.69014
G1 X38.437 Y40.542 E65.70166
G1 X38.402 Y40.889 E65.71326
G1 X38.437 Y41.238 E65.72493
G1 X38.544 Y41.567 E65.73643
G1 X38.717 Y41.871 E65.74807
G1 X39.01 Y42.204 E65.76282
G1 X39.378 Y42.425 E65.7771
G1 X39.711 Y42.54 E65.78881
G1 X40.062 Y42.586 E65.80059
G1 X40.411 Y42.558 E65.81223
G1 X40.732 Y42.465 E65.82335
G0 F9000 X40.449 Y41.752
;TYPE:SKIN
G1 F600 X40.083 Y41.819 E65.83572
G1 X39.693 Y41.724 E65.84907
G1 X39.502 Y41.612 E65.85644
G1 X39.347 Y41.435 E65.86426
G1 X39.188 Y41.077 E65.87729
G1 X39.188 Y40.698 E65.8899
G1 X39.343 Y40.341 E65.90284
G1 X39.458 Y40.212 E65.90859
G1 X39.8 Y40.004 E65.9219
G1 X40.04 Y39.95 E65.93009
G1 X40.263 Y39.967 E65.93753
G1 X40.532 Y40.049 E65.94688
G1 X40.809 Y40.272 E65.95871
G1 X40.988 Y40.553 E65.96979
G1 X41.041 Y40.887 E65.98104
G1 X40.988 Y41.219 E65.99222
G1 X40.803 Y41.51 E66.00369
G1 X40.449 Y41.752 E66.01795
G0 F9000 X39.862 Y41.559
G1 F600 X39.428 Y41.125 E66.03836
G0 F9000 X39.454 Y40.586
G1 F600 X40.41 Y41.542 E66.08333
G0 F9000 X40.714 Y41.279
G1 F600 X39.721 Y40.287 E66.13001
G0 F9000 X40.177 Y40.177
G1 F600 X40.83 Y40.83 E66.16073
G1 F2700 E61.16073
;MESH:slupek3.stl(1)
G0 F9000 X41.286 Y40.758
G0 X41.581 Y40.891
G0 X42.662 Y40.721
G0 X46.191 Y40.759
G0 X47.262 Y40.535
G0 X48.74 Y41.158
G0 X49.089 Y41.307
;TYPE:WALL-INNER
G1 F2700 E66.16073
G1 F600 X49.141 Y41.292 E66.16253
G1 X49.381 Y41.164 E66.17158
G1 X49.591 Y40.987 E66.18071
G1 X49.75 Y40.788 E66.18918
G1 X49.871 Y40.544 E66.19824
G1 X49.956 Y40.221 E66.20935
G1 X49.939 Y39.893 E66.22027
G1 X49.87 Y39.635 E66.22916
G1 X49.72 Y39.331 E66.24043
G1 X49.488 Y39.091 E66.25153
G1 X49.214 Y38.907 E66.26251
G1 X48.826 Y38.798 E66.27592
G1 X48.497 Y38.806 E66.28686
G1 X48.168 Y38.879 E66.29807
G1 X47.822 Y39.086 E66.31148
G1 X47.603 Y39.338 E66.32259
G1 X47.469 Y39.571 E66.33153
G1 X47.391 Y39.821 E66.34024
G1 X47.358 Y40.152 E66.3513
G1 X47.428 Y40.491 E66.36281
G1 X47.53 Y40.728 E66.37139
G1 X47.683 Y40.942 E66.38014
G1 X47.883 Y41.129 E66.38925
G1 X48.103 Y41.26 E66.39777
G1 X48.359 Y41.348 E66.40677
G1 X48.628 Y41.384 E66.4158
G1 X48.896 Y41.363 E66.42474
G1 X49.089 Y41.307 E66.43142
G0 F9000 X49.222 Y41.685
;TYPE:WALL-OUTER
G1 F600 X49.292 Y41.665 E66.43384
G1 X49.607 Y41.497 E66.44572
G1 X49.879 Y41.267 E66.45756
G1 X50.09 Y41.004 E66.46878
G1 X50.247 Y40.685 E66.4806
G1 X50.358 Y40.263 E66.49512
G1 X50.337 Y39.831 E66.5095
G1 X50.247 Y39.492 E66.52117
G1 X50.05 Y39.097 E66.53585
G1 X49.746 Y38.783 E66.55039
G1 X49.386 Y38.54 E66.56483
G1 X48.878 Y38.394 E66.58241
G1 X48.446 Y38.405 E66.59679
G1 X48.016 Y38.504 E66.61146
G1 X47.562 Y38.776 E66.62906
G1 X47.276 Y39.105 E66.64356
G1 X47.101 Y39.409 E66.65523
G1 X46.997 Y39.741 E66.6668
G1 X46.954 Y40.173 E66.68124
G1 X47.044 Y40.611 E66.69611
G1 X47.18 Y40.925 E66.70749
G1 X47.38 Y41.207 E66.71899
G1 X47.641 Y41.451 E66.73088
G1 X47.933 Y41.625 E66.74218
G1 X48.267 Y41.74 E66.75393
G1 X48.618 Y41.786 E66.76571
G1 X48.968 Y41.758 E66.77738
G1 X49.222 Y41.685 E66.78617
G0 F9000 X48.966 Y40.96
;TYPE:SKIN
G1 F600 X48.635 Y41.017 E66.79735
G1 X48.448 Y40.993 E66.80362
G1 X48.093 Y40.831 E66.81659
G1 X47.959 Y40.706 E66.82269
G1 X47.77 Y40.373 E66.83542
G1 X47.722 Y40.13 E66.84366
G1 X47.745 Y39.896 E66.85148
G1 X47.827 Y39.628 E66.86081
G1 X48.054 Y39.368 E66.87228
G1 X48.307 Y39.217 E66.88208
G1 X48.779 Y39.161 E66.89789
G1 X49.059 Y39.237 E66.90754
G1 X49.422 Y39.537 E66.92321
G1 X49.574 Y39.858 E66.93502
G1 X49.59 Y40.179 E66.94571
G1 X49.446 Y40.583 E66.95997
G1 X49.166 Y40.869 E66.97329
G1 X49.01 Y40.952 E66.97916
G1 X48.966 Y40.96 E66.98065
G0 F9000 X48.903 Y41.236
G0 X48.394 Y41.191
G0 X48.06 Y41.037
G0 X47.632 Y40.655
G0 X47.944 Y40.024
G1 F600 X48.719 Y40.799 E67.0171
G0 F9000 X49.118 Y40.632
G1 F600 X48.102 Y39.616 E67.06489
G0 F9000 X48.45 Y39.399
G1 F600 X49.342 Y40.291 E67.10685
G1 F2700 E62.10685
;MESH:NONMESH
G0 F300 X49.342 Y40.291 Z5.6
G0 F9000 X49.538 Y40.866
G0 X47.755 Y40.606
G0 X47.262 Y40.535
G0 X46.191 Y40.759
G0 X42.604 Y41.434
G0 X41.522 Y41.265
G0 X40.356 Y42.034
G0 X40.582 Y42.092
;TIME_ELAPSED:243.848171
;LAYER:27
;note -- min layer time used
;TYPE:WALL-INNER
;MESH:slupek3.stl
G1 F2700 E67.10685
G1 F600 X40.827 Y41.963 E67.11606
G1 X41.08 Y41.751 E67.12704
G1 X41.26 Y41.468 E67.13819
G1 X41.357 Y41.217 E67.14714
G1 X41.408 Y40.889 E67.15818
G1 X41.357 Y40.563 E67.16916
G1 X41.26 Y40.306 E67.1783
G1 X41.084 Y40.03 E67.18918
G1 X40.822 Y39.815 E67.20046
G1 X40.585 Y39.687 E67.20941
G1 X40.333 Y39.614 E67.21814
G1 X40.01 Y39.587 E67.22892
G1 X39.673 Y39.666 E67.24043
G1 X39.44 Y39.777 E67.24902
G1 X39.22 Y39.941 E67.25814
G1 X39.044 Y40.138 E67.26693
G1 X38.913 Y40.374 E67.27591
G1 X38.831 Y40.626 E67.28472
G1 X38.804 Y40.889 E67.29352
G1 X38.831 Y41.155 E67.30241
G1 X38.912 Y41.405 E67.31115
G1 X39.045 Y41.639 E67.3201
G1 X39.27 Y41.893 E67.33139
G1 X39.548 Y42.061 E67.34219
G1 X39.803 Y42.149 E67.35116
G1 X40.072 Y42.184 E67.36019
G1 X40.339 Y42.162 E67.3691
G1 X40.582 Y42.092 E67.37751
G0 F9000 X40.732 Y42.465
;TYPE:WALL-OUTER
G1 F600 X41.051 Y42.297 E67.3895
G1 X41.384 Y42.018 E67.40395
G1 X41.62 Y41.649 E67.41852
G1 X41.745 Y41.32 E67.43022
G1 X41.813 Y40.889 E67.44473
G1 X41.745 Y40.46 E67.45918
G1 X41.62 Y40.126 E67.47104
G1 X41.388 Y39.762 E67.4854
G1 X41.047 Y39.48 E67.50012
G1 X40.736 Y39.315 E67.51183
G1 X40.407 Y39.218 E67.52323
G1 X39.98 Y39.183 E67.53748
G1 X39.539 Y39.286 E67.55255
G1 X39.232 Y39.433 E67.56387
G1 X38.948 Y39.645 E67.57565
G1 X38.716 Y39.905 E67.58724
G1 X38.545 Y40.213 E67.59896
G1 X38.437 Y40.542 E67.61048
G1 X38.402 Y40.889 E67.62208
G1 X38.437 Y41.238 E67.63374
G1 X38.544 Y41.567 E67.64525
G1 X38.717 Y41.871 E67.65688
G1 X39.01 Y42.204 E67.67164
G1 X39.378 Y42.425 E67.68591
G1 X39.711 Y42.54 E67.69763
G1 X40.062 Y42.586 E67.70941
G1 X40.411 Y42.558 E67.72105
G1 X40.732 Y42.465 E67.73217
G0 F9000 X40.449 Y41.752
;TYPE:SKIN
G1 F600 X40.083 Y41.819 E67.74454
G1 X39.693 Y41.724 E67.75789
G1 X39.502 Y41.612 E67.76526
G1 X39.347 Y41.435 E67.77308
G1 X39.188 Y41.077 E67.78611
G1 X39.188 Y40.698 E67.79872
G1 X39.343 Y40.341 E67.81166
G1 X39.458 Y40.212 E67.81741
G1 X39.8 Y40.004 E67.83072
G1 X40.04 Y39.95 E67.83891
G1 X40.263 Y39.967 E67.84634
G1 X40.532 Y40.049 E67.8557
G1 X40.809 Y40.272 E67.86752
G1 X40.988 Y40.553 E67.87861
G1 X41.041 Y40.887 E67.88985
G1 X40.988 Y41.219 E67.90104
G1 X40.803 Y41.51 E67.91251
G1 X40.449 Y41.752 E67.92677
G0 F9000 X40.356 Y42.034
G0 X40.958 Y41.643
G0 X41.139 Y41.359
G0 X41.258 Y40.585
G0 X40.802 Y40.657
G1 F600 X39.891 Y41.567 E67.96959
G0 F9000 X39.541 Y41.352
G1 F600 X40.562 Y40.331 E68.01762
G0 F9000 X40.155 Y40.172
G1 F600 X39.388 Y40.939 E68.0537
G1 F2700 E63.0537
;MESH:slupek3.stl(1)
G0 F9000 X38.928 Y40.925
G0 X39.176 Y41.543
G0 X39.374 Y41.768
G0 X39.618 Y41.915
G0 X40.076 Y42.022
G0 X40.519 Y41.943
G0 X40.875 Y41.7
G0 X41.581 Y40.891
G0 X42.662 Y40.721
G0 X46.191 Y40.759
G0 X47.262 Y40.535
G0 X48.74 Y41.158
G0 X49.089 Y41.307
;TYPE:WALL-INNER
G1 F2700 E68.0537
G1 F600 X49.141 Y41.292 E68.0555
G1 X49.381 Y41.164 E68.06454
G1 X49.591 Y40.987 E68.07368
G1 X49.75 Y40.788 E68.08215
G1 X49.871 Y40.544 E68.09121
G1 X49.956 Y40.221 E68.10232
G1 X49.939 Y39.893 E68.11324
G1 X49.87 Y39.635 E68.12212
G1 X49.72 Y39.331 E68.1334
G1 X49.488 Y39.091 E68.1445
G1 X49.214 Y38.907 E68.15548
G1 X48.826 Y38.798 E68.16888
G1 X48.497 Y38.806 E68.17983
G1 X48.168 Y38.879 E68.19104
G1 X47.822 Y39.086 E68.20445
G1 X47.603 Y39.338 E68.21555
G1 X47.469 Y39.571 E68.22449
G1 X47.391 Y39.821 E68.2332
G1 X47.358 Y40.152 E68.24427
G1 X47.428 Y40.491 E68.25578
G1 X47.53 Y40.728 E68.26436
G1 X47.683 Y40.942 E68.27311
G1 X47.883 Y41.129 E68.28222
G1 X48.103 Y41.26 E68.29073
G1 X48.359 Y41.348 E68.29974
G1 X48.628 Y41.384 E68.30876
G1 X48.896 Y41.363 E68.31771
G1 X49.089 Y41.307 E68.32439
G0 F9000 X49.222 Y41.685
;TYPE:WALL-OUTER
G1 F600 X49.292 Y41.665 E68.32681
G1 X49.607 Y41.497 E68.33868
G1 X49.879 Y41.267 E68.35053
G1 X50.09 Y41.004 E68.36175
G1 X50.247 Y40.685 E68.37357
G1 X50.358 Y40.263 E68.38809
G1 X50.337 Y39.831 E68.40247
G1 X50.247 Y39.492 E68.41414
G1 X50.05 Y39.097 E68.42882
G1 X49.746 Y38.783 E68.44335
G1 X49.386 Y38.54 E68.4578
G1 X48.878 Y38.394 E68.47538
G1 X48.446 Y38.405 E68.48975
G1 X48.016 Y38.504 E68.50443
G1 X47.562 Y38.776 E68.52203
G1 X47.276 Y39.105 E68.53653
G1 X47.101 Y39.409 E68.5482
G1 X46.997 Y39.741 E68.55977
G1 X46.954 Y40.173 E68.57421
G1 X47.044 Y40.611 E68.58908
G1 X47.18 Y40.925 E68.60046
G1 X47.38 Y41.207 E68.61196
G1 X47.641 Y41.451 E68.62384
G1 X47.933 Y41.625 E68.63515
G1 X48.267 Y41.74 E68.6469
G1 X48.618 Y41.786 E68.65867
G1 X48.968 Y41.758 E68.67035
G1 X49.222 Y41.685 E68.67914
G0 F9000 X48.966 Y40.96
;TYPE:SKIN
G1 F600 X48.635 Y41.017 E68.69031
G1 X48.448 Y40.993 E68.69658
G1 X48.093 Y40.831 E68.70956
G1 X47.959 Y40.706 E68.71566
G1 X47.77 Y40.373 E68.72839
G1 X47.722 Y40.13 E68.73663
G1 X47.745 Y39.896 E68.74445
G1 X47.827 Y39.628 E68.75377
G1 X48.054 Y39.368 E68.76525
G1 X48.307 Y39.217 E68.77505
G1 X48.779 Y39.161 E68.79086
G1 X49.059 Y39.237 E68.80051
G1 X49.422 Y39.537 E68.81617
G1 X49.574 Y39.858 E68.82799
G1 X49.59 Y40.179 E68.83868
G1 X49.446 Y40.583 E68.85294
G1 X49.166 Y40.869 E68.86625
G1 X49.01 Y40.952 E68.87213
G1 X48.966 Y40.96 E68.87362
G0 F9000 X48.57 Y40.808
G1 F600 X49.38 Y39.998 E68.91172
G0 F9000 X49.203 Y39.609
G1 F600 X48.177 Y40.636 E68.96
G0 F9000 X47.958 Y40.289
G1 F600 X48.858 Y39.389 E69.00233
G1 F2700 E64.00233
;MESH:NONMESH
G0 F300 X48.858 Y39.389 Z5.8
G0 F9000 X48.979 Y38.946
G0 X48.23 Y39.03
G0 X47.927 Y39.211
G0 X47.704 Y39.468
G0 X47.262 Y40.535
G0 X46.191 Y40.759
G0 X42.604 Y41.434
G0 X41.522 Y41.265
G0 X40.356 Y42.034
G0 X40.582 Y42.092
;TIME_ELAPSED:251.966775
;LAYER:28
;note -- min layer time used
;TYPE:WALL-INNER
;MESH:slupek3.stl
G1 F2700 E69.00233
G1 F600 X40.827 Y41.963 E69.01154
G1 X41.08 Y41.751 E69.02252
G1 X41.26 Y41.468 E69.03368
G1 X41.357 Y41.217 E69.04263
G1 X41.408 Y40.889 E69.05367
G1 X41.357 Y40.563 E69.06464
G1 X41.26 Y40.306 E69.07378
G1 X41.084 Y40.03 E69.08467
G1 X40.822 Y39.815 E69.09594
G1 X40.585 Y39.687 E69.1049
G1 X40.333 Y39.614 E69.11362
G1 X40.01 Y39.587 E69.1244
G1 X39.673 Y39.666 E69.13592
G1 X39.44 Y39.777 E69.1445
G1 X39.22 Y39.941 E69.15363
G1 X39.044 Y40.138 E69.16241
G1 X38.913 Y40.374 E69.17139
G1 X38.831 Y40.626 E69.18021
G1 X38.804 Y40.889 E69.189
G1 X38.831 Y41.155 E69.19789
G1 X38.912 Y41.405 E69.20663
G1 X39.045 Y41.639 E69.21558
G1 X39.27 Y41.893 E69.22687
G1 X39.548 Y42.061 E69.23767
G1 X39.803 Y42.149 E69.24665
G1 X40.072 Y42.184 E69.25567
G1 X40.339 Y42.162 E69.26458
G1 X40.582 Y42.092 E69.27299
G0 F9000 X40.732 Y42.465
;TYPE:WALL-OUTER
G1 F600 X41.051 Y42.297 E69.28498
G1 X41.384 Y42.018 E69.29943
G1 X41.62 Y41.649 E69.314
G1 X41.745 Y41.32 E69.3257
G1 X41.813 Y40.889 E69.34022
G1 X41.745 Y40.46 E69.35466
G1 X41.62 Y40.126 E69.36653
G1 X41.388 Y39.762 E69.38088
G1 X41.047 Y39.48 E69.3956
G1 X40.736 Y39.315 E69.40731
G1 X40.407 Y39.218 E69.41872
G1 X39.98 Y39.183 E69.43297
G1 X39.539 Y39.286 E69.44803
G1 X39.232 Y39.433 E69.45935
G1 X38.948 Y39.645 E69.47114
G1 X38.716 Y39.905 E69.48273
G1 X38.545 Y40.213 E69.49445
G1 X38.437 Y40.542 E69.50596
G1 X38.402 Y40.889 E69.51756
G1 X38.437 Y41.238 E69.52923
G1 X38.544 Y41.567 E69.54073
G1 X38.717 Y41.871 E69.55237
G1 X39.01 Y42.204 E69.56712
G1 X39.378 Y42.425 E69.5814
G1 X39.711 Y42.54 E69.59312
G1 X40.062 Y42.586 E69.60489
G1 X40.411 Y42.558 E69.61654
G1 X40.732 Y42.465 E69.62765
G0 F9000 X40.449 Y41.752
;TYPE:SKIN
G1 F600 X40.083 Y41.819 E69.64003
G1 X39.693 Y41.724 E69.65338
G1 X39.502 Y41.612 E69.66074
G1 X39.347 Y41.435 E69.66857
G1 X39.188 Y41.077 E69.6816
G1 X39.188 Y40.698 E69.6942
G1 X39.343 Y40.341 E69.70715
G1 X39.458 Y40.212 E69.71289
G1 X39.8 Y40.004 E69.72621
G1 X40.04 Y39.95 E69.73439
G1 X40.263 Y39.967 E69.74183
G1 X40.532 Y40.049 E69.75118
G1 X40.809 Y40.272 E69.76301
G1 X40.988 Y40.553 E69.77409
G1 X41.041 Y40.887 E69.78534
G1 X40.988 Y41.219 E69.79652
G1 X40.803 Y41.51 E69.80799
G1 X40.449 Y41.752 E69.82225
G0 F9000 X39.862 Y41.559
G1 F600 X39.428 Y41.125 E69.84267
G0 F9000 X39.454 Y40.586
G1 F600 X40.41 Y41.542 E69.88763
G0 F9000 X40.714 Y41.279
G1 F600 X39.721 Y40.287 E69.93432
G0 F9000 X40.177 Y40.177
G1 F600 X40.83 Y40.83 E69.96503
G1 F2700 E64.96503
;MESH:slupek3.stl(1)
G0 F9000 X41.286 Y40.758
G0 X41.581 Y40.891
G0 X42.662 Y40.721
G0 X46.191 Y40.759
G0 X47.262 Y40.535
G0 X48.74 Y41.158
G0 X49.089 Y41.307
;TYPE:WALL-INNER
G1 F2700 E69.96503
G1 F600 X49.141 Y41.292 E69.96683
G1 X49.381 Y41.164 E69.97588
G1 X49.591 Y40.987 E69.98501
G1 X49.75 Y40.788 E69.99349
G1 X49.871 Y40.544 E70.00254
G1 X49.956 Y40.221 E70.01365
G1 X49.939 Y39.893 E70.02458
G1 X49.87 Y39.635 E70.03346
G1 X49.72 Y39.331 E70.04473
G1 X49.488 Y39.091 E70.05584
G1 X49.214 Y38.907 E70.06681
G1 X48.826 Y38.798 E70.08022
G1 X48.497 Y38.806 E70.09116
G1 X48.168 Y38.879 E70.10237
G1 X47.822 Y39.086 E70.11578
G1 X47.603 Y39.338 E70.12689
G1 X47.469 Y39.571 E70.13583
G1 X47.391 Y39.821 E70.14454
G1 X47.358 Y40.152 E70.1556
G1 X47.428 Y40.491 E70.16711
G1 X47.53 Y40.728 E70.1757
G1 X47.683 Y40.942 E70.18445
G1 X47.883 Y41.129 E70.19355
G1 X48.103 Y41.26 E70.20207
G1 X48.359 Y41.348 E70.21107
G1 X48.628 Y41.384 E70.2201
G1 X48.896 Y41.363 E70.22904
G1 X49.089 Y41.307 E70.23572
G0 F9000 X49.222 Y41.685
;TYPE:WALL-OUTER
G1 F600 X49.292 Y41.665 E70.23815
G1 X49.607 Y41.497 E70.25002
G1 X49.879 Y41.267 E70.26187
G1 X50.09 Y41.004 E70.27308
G1 X50.247 Y40.685 E70.28491
G1 X50.358 Y40.263 E70.29942
G1 X50.337 Y39.831 E70.31381
G1 X50.247 Y39.492 E70.32547
G1 X50.05 Y39.097 E70.34015
G1 X49.746 Y38.783 E70.35469
G1 X49.386 Y38.54 E70.36913
G1 X48.878 Y38.394 E70.38671
G1 X48.446 Y38.405 E70.40109
G1 X48.016 Y38.504 E70.41576
G1 X47.562 Y38.776 E70.43337
G1 X47.276 Y39.105 E70.44787
G1 X47.101 Y39.409 E70.45953
G1 X46.997 Y39.741 E70.4711
G1 X46.954 Y40.173 E70.48554
G1 X47.044 Y40.611 E70.50042
G1 X47.18 Y40.925 E70.5118
G1 X47.38 Y41.207 E70.5233
G1 X47.641 Y41.451 E70.53518
G1 X47.933 Y41.625 E70.54648
G1 X48.267 Y41.74 E70.55823
G1 X48.618 Y41.786 E70.57001
G1 X48.968 Y41.758 E70.58169
G1 X49.222 Y41.685 E70.59048
G0 F9000 X48.966 Y40.96
;TYPE:SKIN
G1 F600 X48.635 Y41.017 E70.60165
G1 X48.448 Y40.993 E70.60792
G1 X48.093 Y40.831 E70.6209
G1 X47.959 Y40.706 E70.62699
G1 X47.77 Y40.373 E70.63973
G1 X47.722 Y40.13 E70.64797
G1 X47.745 Y39.896 E70.65579
G1 X47.827 Y39.628 E70.66511
G1 X48.054 Y39.368 E70.67659
G1 X48.307 Y39.217 E70.68639
G1 X48.779 Y39.161 E70.7022
G1 X49.059 Y39.237 E70.71185
G1 X49.422 Y39.537 E70.72751
G1 X49.574 Y39.858 E70.73932
G1 X49.59 Y40.179 E70.75001
G1 X49.446 Y40.583 E70.76428
G1 X49.166 Y40.869 E70.77759
G1 X49.01 Y40.952 E70.78347
G1 X48.966 Y40.96 E70.78495
G0 F9000 X48.903 Y41.236
G0 X48.394 Y41.191
G0 X48.06 Y41.037
G0 X47.632 Y40.655
G0 X47.944 Y40.024
G1 F600 X48.719 Y40.799 E70.82141
G0 F9000 X49.118 Y40.632
G1 F600 X48.102 Y39.616 E70.8692
G0 F9000 X48.45 Y39.399
G1 F600 X49.342 Y40.291 E70.91115
G1 F2700 E65.91115
;MESH:NONMESH
G0 F300 X49.342 Y40.291 Z6
G0 F9000 X49.538 Y40.866
G0 X47.755 Y40.606
G0 X47.262 Y40.535
G0 X46.191 Y40.759
G0 X42.604 Y41.434
G0 X41.522 Y41.265
G0 X40.356 Y42.034
G0 X40.582 Y42.092
;TIME_ELAPSED:259.991854
;LAYER:29
;note -- min layer time used
;TYPE:WALL-INNER
;MESH:slupek3.stl
G1 F2700 E70.91115
G1 F600 X40.827 Y41.963 E70.92036
G1 X41.08 Y41.751 E70.93134
G1 X41.26 Y41.468 E70.9425
G1 X41.357 Y41.217 E70.95145
G1 X41.408 Y40.889 E70.96249
G1 X41.357 Y40.563 E70.97346
G1 X41.26 Y40.306 E70.9826
G1 X41.084 Y40.03 E70.99349
G1 X40.822 Y39.815 E71.00476
G1 X40.585 Y39.687 E71.01372
G1 X40.333 Y39.614 E71.02244
G1 X40.01 Y39.587 E71.03322
G1 X39.673 Y39.666 E71.04474
G1 X39.44 Y39.777 E71.05332
G1 X39.22 Y39.941 E71.06245
G1 X39.044 Y40.138 E71.07123
G1 X38.913 Y40.374 E71.08021
G1 X38.831 Y40.626 E71.08902
G1 X38.804 Y40.889 E71.09782
G1 X38.831 Y41.155 E71.10671
G1 X38.912 Y41.405 E71.11545
G1 X39.045 Y41.639 E71.1244
G1 X39.27 Y41.893 E71.13569
G1 X39.548 Y42.061 E71.14649
G1 X39.803 Y42.149 E71.15546
G1 X40.072 Y42.184 E71.16449
G1 X40.339 Y42.162 E71.1734
G1 X40.582 Y42.092 E71.18181
G0 F9000 X40.732 Y42.465
;TYPE:WALL-OUTER
G1 F600 X41.051 Y42.297 E71.1938
G1 X41.384 Y42.018 E71.20825
G1 X41.62 Y41.649 E71.22282
G1 X41.745 Y41.32 E71.23452
G1 X41.813 Y40.889 E71.24904
G1 X41.745 Y40.46 E71.26348
G1 X41.62 Y40.126 E71.27534
G1 X41.388 Y39.762 E71.2897
G1 X41.047 Y39.48 E71.30442
G1 X40.736 Y39.315 E71.31613
G1 X40.407 Y39.218 E71.32754
G1 X39.98 Y39.183 E71.34179
G1 X39.539 Y39.286 E71.35685
G1 X39.232 Y39.433 E71.36817
G1 X38.948 Y39.645 E71.37996
G1 X38.716 Y39.905 E71.39155
G1 X38.545 Y40.213 E71.40326
G1 X38.437 Y40.542 E71.41478
G1 X38.402 Y40.889 E71.42638
G1 X38.437 Y41.238 E71.43805
G1 X38.544 Y41.567 E71.44955
G1 X38.717 Y41.871 E71.46119
G1 X39.01 Y42.204 E71.47594
G1 X39.378 Y42.425 E71.49022
G1 X39.711 Y42.54 E71.50193
G1 X40.062 Y42.586 E71.51371
G1 X40.411 Y42.558 E71.52535
G1 X40.732 Y42.465 E71.53647
G0 F9000 X40.449 Y41.752
;TYPE:SKIN
G1 F600 X40.083 Y41.819 E71.54884
G1 X39.693 Y41.724 E71.5622
G1 X39.502 Y41.612 E71.56956
G1 X39.347 Y41.435 E71.57738
G1 X39.188 Y41.077 E71.59041
G1 X39.188 Y40.698 E71.60302
G1 X39.343 Y40.341 E71.61596
G1 X39.458 Y40.212 E71.62171
G1 X39.8 Y40.004 E71.63503
G1 X40.04 Y39.95 E71.64321
G1 X40.263 Y39.967 E71.65065
G1 X40.532 Y40.049 E71.66
G1 X40.809 Y40.272 E71.67183
G1 X40.988 Y40.553 E71.68291
G1 X41.041 Y40.887 E71.69416
G1 X40.988 Y41.219 E71.70534
G1 X40.803 Y41.51 E71.71681
G1 X40.449 Y41.752 E71.73107
G0 F9000 X40.356 Y42.034
G0 X40.958 Y41.643
G0 X41.139 Y41.359
G0 X41.258 Y40.585
G0 X40.802 Y40.657
G1 F600 X39.891 Y41.567 E71.7739
G0 F9000 X39.541 Y41.352
G1 F600 X40.562 Y40.331 E71.82192
G0 F9000 X40.155 Y40.172
G1 F600 X39.388 Y40.939 E71.858
G1 F2700 E66.858
;MESH:slupek3.stl(1)
G0 F9000 X38.928 Y40.925
G0 X39.176 Y41.543
G0 X39.374 Y41.768
G0 X39.618 Y41.915
G0 X40.076 Y42.022
G0 X40.519 Y41.943
G0 X40.875 Y41.7
G0 X41.581 Y40.891
G0 X42.662 Y40.721
G0 X46.191 Y40.759
G0 X47.262 Y40.535
G0 X48.74 Y41.158
G0 X49.089 Y41.307
;TYPE:WALL-INNER
G1 F2700 E71.858
G1 F600 X49.141 Y41.292 E71.8598
G1 X49.381 Y41.164 E71.86885
G1 X49.591 Y40.987 E71.87798
G1 X49.75 Y40.788 E71.88645
G1 X49.871 Y40.544 E71.89551
G1 X49.956 Y40.221 E71.90662
G1 X49.939 Y39.893 E71.91754
G1 X49.87 Y39.635 E71.92643
G1 X49.72 Y39.331 E71.9377
G1 X49.488 Y39.091 E71.9488
G1 X49.214 Y38.907 E71.95978
G1 X48.826 Y38.798 E71.97319
G1 X48.497 Y38.806 E71.98413
G1 X48.168 Y38.879 E71.99534
G1 X47.822 Y39.086 E72.00875
G1 X47.603 Y39.338 E72.01985
G1 X47.469 Y39.571 E72.02879
G1 X47.391 Y39.821 E72.0375
G1 X47.358 Y40.152 E72.04857
G1 X47.428 Y40.491 E72.06008
G1 X47.53 Y40.728 E72.06866
G1 X47.683 Y40.942 E72.07741
G1 X47.883 Y41.129 E72.08652
G1 X48.103 Y41.26 E72.09504
G1 X48.359 Y41.348 E72.10404
G1 X48.628 Y41.384 E72.11307
G1 X48.896 Y41.363 E72.12201
G1 X49.089 Y41.307 E72.12869
G0 F9000 X49.222 Y41.685
;TYPE:WALL-OUTER
G1 F600 X49.292 Y41.665 E72.13111
G1 X49.607 Y41.497 E72.14299
G1 X49.879 Y41.267 E72.15483
G1 X50.09 Y41.004 E72.16605
G1 X50.247 Y40.685 E72.17787
G1 X50.358 Y40.263 E72.19239
G1 X50.337 Y39.831 E72.20677
G1 X50.247 Y39.492 E72.21844
G1 X50.05 Y39.097 E72.23312
G1 X49.746 Y38.783 E72.24766
G1 X49.386 Y38.54 E72.2621
G1 X48.878 Y38.394 E72.27968
G1 X48.446 Y38.405 E72.29406
G1 X48.016 Y38.504 E72.30873
G1 X47.562 Y38.776 E72.32633
G1 X47.276 Y39.105 E72.34083
G1 X47.101 Y39.409 E72.3525
G1 X46.997 Y39.741 E72.36407
G1 X46.954 Y40.173 E72.37851
G1 X47.044 Y40.611 E72.39338
G1 X47.18 Y40.925 E72.40476
G1 X47.38 Y41.207 E72.41626
G1 X47.641 Y41.451 E72.42815
G1 X47.933 Y41.625 E72.43945
G1 X48.267 Y41.74 E72.4512
G1 X48.618 Y41.786 E72.46297
G1 X48.968 Y41.758 E72.47465
G1 X49.222 Y41.685 E72.48344
G0 F9000 X48.966 Y40.96
;TYPE:SKIN
G1 F600 X48.635 Y41.017 E72.49461
G1 X48.448 Y40.993 E72.50089
G1 X48.093 Y40.831 E72.51386
G1 X47.959 Y40.706 E72.51996
G1 X47.77 Y40.373 E72.53269
G1 X47.722 Y40.13 E72.54093
G1 X47.745 Y39.896 E72.54875
G1 X47.827 Y39.628 E72.55807
G1 X48.054 Y39.368 E72.56955
G1 X48.307 Y39.217 E72.57935
G1 X48.779 Y39.161 E72.59516
G1 X49.059 Y39.237 E72.60481
G1 X49.422 Y39.537 E72.62048
G1 X49.574 Y39.858 E72.63229
G1 X49.59 Y40.179 E72.64298
G1 X49.446 Y40.583 E72.65724
G1 X49.166 Y40.869 E72.67056
G1 X49.01 Y40.952 E72.67643
G1 X48.966 Y40.96 E72.67792
G0 F9000 X48.57 Y40.808
G1 F600 X49.38 Y39.998 E72.71602
G0 F9000 X49.203 Y39.609
G1 F600 X48.177 Y40.636 E72.7643
G0 F9000 X47.958 Y40.289
G1 F600 X48.858 Y39.389 E72.80664
G1 F2700 E67.80664
;MESH:NONMESH
G0 F300 X48.858 Y39.389 Z6.2
G0 F9000 X48.979 Y38.946
G0 X48.23 Y39.03
G0 X47.927 Y39.211
G0 X47.704 Y39.468
G0 X47.262 Y40.535
G0 X46.191 Y40.759
G0 X42.604 Y41.434
G0 X41.522 Y41.265
G0 X40.356 Y42.034
G0 X40.582 Y42.092
;TIME_ELAPSED:268.110458
;LAYER:30
;note -- min layer time used
;TYPE:WALL-INNER
;MESH:slupek3.stl
G1 F2700 E72.80664
G1 F600 X40.827 Y41.963 E72.81585
G1 X41.08 Y41.751 E72.82682
G1 X41.26 Y41.468 E72.83798
G1 X41.357 Y41.217 E72.84693
G1 X41.408 Y40.889 E72.85797
G1 X41.357 Y40.563 E72.86894
G1 X41.26 Y40.306 E72.87808
G1 X41.084 Y40.03 E72.88897
G1 X40.822 Y39.815 E72.90024
G1 X40.585 Y39.687 E72.9092
G1 X40.333 Y39.614 E72.91793
G1 X40.01 Y39.587 E72.92871
G1 X39.673 Y39.666 E72.94022
G1 X39.44 Y39.777 E72.9488
G1 X39.22 Y39.941 E72.95793
G1 X39.044 Y40.138 E72.96672
G1 X38.913 Y40.374 E72.97569
G1 X38.831 Y40.626 E72.98451
G1 X38.804 Y40.889 E72.9933
G1 X38.831 Y41.155 E73.00219
G1 X38.912 Y41.405 E73.01093
G1 X39.045 Y41.639 E73.01989
G1 X39.27 Y41.893 E73.03117
G1 X39.548 Y42.061 E73.04198
G1 X39.803 Y42.149 E73.05095
G1 X40.072 Y42.184 E73.05997
G1 X40.339 Y42.162 E73.06888
G1 X40.582 Y42.092 E73.07729
G0 F9000 X40.732 Y42.465
;TYPE:WALL-OUTER
G1 F600 X41.051 Y42.297 E73.08928
G1 X41.384 Y42.018 E73.10373
G1 X41.62 Y41.649 E73.1183
G1 X41.745 Y41.32 E73.13001
G1 X41.813 Y40.889 E73.14452
G1 X41.745 Y40.46 E73.15897
G1 X41.62 Y40.126 E73.17083
G1 X41.388 Y39.762 E73.18518
G1 X41.047 Y39.48 E73.1999
G1 X40.736 Y39.315 E73.21161
G1 X40.407 Y39.218 E73.22302
G1 X39.98 Y39.183 E73.23727
G1 X39.539 Y39.286 E73.25233
G1 X39.232 Y39.433 E73.26365
G1 X38.948 Y39.645 E73.27544
G1 X38.716 Y39.905 E73.28703
G1 X38.545 Y40.213 E73.29875
G1 X38.437 Y40.542 E73.31026
G1 X38.402 Y40.889 E73.32186
G1 X38.437 Y41.238 E73.33353
G1 X38.544 Y41.567 E73.34504
G1 X38.717 Y41.871 E73.35667
G1 X39.01 Y42.204 E73.37142
G1 X39.378 Y42.425 E73.3857
G1 X39.711 Y42.54 E73.39742
G1 X40.062 Y42.586 E73.40919
G1 X40.411 Y42.558 E73.42084
G1 X40.732 Y42.465 E73.43195
G0 F9000 X40.449 Y41.752
;TYPE:SKIN
G1 F600 X40.083 Y41.819 E73.44433
G1 X39.693 Y41.724 E73.45768
G1 X39.502 Y41.612 E73.46504
G1 X39.347 Y41.435 E73.47287
G1 X39.188 Y41.077 E73.4859
G1 X39.188 Y40.698 E73.4985
G1 X39.343 Y40.341 E73.51145
G1 X39.458 Y40.212 E73.5172
G1 X39.8 Y40.004 E73.53051
G1 X40.04 Y39.95 E73.53869
G1 X40.263 Y39.967 E73.54613
G1 X40.532 Y40.049 E73.55548
G1 X40.809 Y40.272 E73.56731
G1 X40.988 Y40.553 E73.57839
G1 X41.041 Y40.887 E73.58964
G1 X40.988 Y41.219 E73.60082
G1 X40.803 Y41.51 E73.61229
G1 X40.449 Y41.752 E73.62655
G0 F9000 X39.862 Y41.559
G1 F600 X39.428 Y41.125 E73.64697
G0 F9000 X39.454 Y40.586
G1 F600 X40.41 Y41.542 E73.69193
G0 F9000 X40.714 Y41.279
G1 F600 X39.721 Y40.287 E73.73862
G0 F9000 X40.177 Y40.177
G1 F600 X40.83 Y40.83 E73.76933
G1 F2700 E68.76933
;MESH:slupek3.stl(1)
G0 F9000 X41.286 Y40.758
G0 X41.581 Y40.891
G0 X42.662 Y40.721
G0 X46.191 Y40.759
G0 X47.262 Y40.535
G0 X48.74 Y41.158
G0 X49.089 Y41.307
;TYPE:WALL-INNER
G1 F2700 E73.76933
G1 F600 X49.141 Y41.292 E73.77113
G1 X49.381 Y41.164 E73.78018
G1 X49.591 Y40.987 E73.78932
G1 X49.75 Y40.788 E73.79779
G1 X49.871 Y40.544 E73.80685
G1 X49.956 Y40.221 E73.81795
G1 X49.939 Y39.893 E73.82888
G1 X49.87 Y39.635 E73.83776
G1 X49.72 Y39.331 E73.84904
G1 X49.488 Y39.091 E73.86014
G1 X49.214 Y38.907 E73.87112
G1 X48.826 Y38.798 E73.88452
G1 X48.497 Y38.806 E73.89547
G1 X48.168 Y38.879 E73.90668
G1 X47.822 Y39.086 E73.92009
G1 X47.603 Y39.338 E73.93119
G1 X47.469 Y39.571 E73.94013
G1 X47.391 Y39.821 E73.94884
G1 X47.358 Y40.152 E73.9599
G1 X47.428 Y40.491 E73.97142
G1 X47.53 Y40.728 E73.98
G1 X47.683 Y40.942 E73.98875
G1 X47.883 Y41.129 E73.99785
G1 X48.103 Y41.26 E74.00637
G1 X48.359 Y41.348 E74.01537
G1 X48.628 Y41.384 E74.0244
G1 X48.896 Y41.363 E74.03334
G1 X49.089 Y41.307 E74.04003
G0 F9000 X49.222 Y41.685
;TYPE:WALL-OUTER
G1 F600 X49.292 Y41.665 E74.04245
G1 X49.607 Y41.497 E74.05432
G1 X49.879 Y41.267 E74.06617
G1 X50.09 Y41.004 E74.07738
G1 X50.247 Y40.685 E74.08921
G1 X50.358 Y40.263 E74.10372
G1 X50.337 Y39.831 E74.11811
G1 X50.247 Y39.492 E74.12977
G1 X50.05 Y39.097 E74.14445
G1 X49.746 Y38.783 E74.15899
G1 X49.386 Y38.54 E74.17344
G1 X48.878 Y38.394 E74.19102
G1 X48.446 Y38.405 E74.20539
G1 X48.016 Y38.504 E74.22007
G1 X47.562 Y38.776 E74.23767
G1 X47.276 Y39.105 E74.25217
G1 X47.101 Y39.409 E74.26383
G1 X46.997 Y39.741 E74.27541
G1 X46.954 Y40.173 E74.28985
G1 X47.044 Y40.611 E74.30472
G1 X47.18 Y40.925 E74.3161
G1 X47.38 Y41.207 E74.3276
G1 X47.641 Y41.451 E74.33948
G1 X47.933 Y41.625 E74.35079
G1 X48.267 Y41.74 E74.36254
G1 X48.618 Y41.786 E74.37431
G1 X48.968 Y41.758 E74.38599
G1 X49.222 Y41.685 E74.39478
G0 F9000 X48.966 Y40.96
;TYPE:SKIN
G1 F600 X48.635 Y41.017 E74.40595
G1 X48.448 Y40.993 E74.41222
G1 X48.093 Y40.831 E74.4252
G1 X47.959 Y40.706 E74.43129
G1 X47.77 Y40.373 E74.44403
G1 X47.722 Y40.13 E74.45227
G1 X47.745 Y39.896 E74.46009
G1 X47.827 Y39.628 E74.46941
G1 X48.054 Y39.368 E74.48089
G1 X48.307 Y39.217 E74.49069
G1 X48.779 Y39.161 E74.5065
G1 X49.059 Y39.237 E74.51615
G1 X49.422 Y39.537 E74.53181
G1 X49.574 Y39.858 E74.54362
G1 X49.59 Y40.179 E74.55431
G1 X49.446 Y40.583 E74.56858
G1 X49.166 Y40.869 E74.58189
G1 X49.01 Y40.952 E74.58777
G1 X48.966 Y40.96 E74.58926
G0 F9000 X48.903 Y41.236
G0 X48.394 Y41.191
G0 X48.06 Y41.037
G0 X47.632 Y40.655
G0 X47.944 Y40.024
G1 F600 X48.719 Y40.799 E74.62571
G0 F9000 X49.118 Y40.632
G1 F600 X48.102 Y39.616 E74.6735
G0 F9000 X48.45 Y39.399
G1 F600 X49.342 Y40.291 E74.71546
G1 F2700 E69.71546
;MESH:NONMESH
G0 F300 X49.342 Y40.291 Z6.4
G0 F9000 X49.538 Y40.866
G0 X47.755 Y40.606
G0 X47.262 Y40.535
G0 X46.191 Y40.759
G0 X42.604 Y41.434
G0 X41.522 Y41.265
G0 X40.356 Y42.034
G0 X40.582 Y42.092
;TIME_ELAPSED:276.135537
;LAYER:31
;note -- min layer time used
;TYPE:WALL-INNER
;MESH:slupek3.stl
G1 F2700 E74.71546
G1 F600 X40.827 Y41.963 E74.72466
G1 X41.08 Y41.751 E74.73564
G1 X41.26 Y41.468 E74.7468
G1 X41.357 Y41.217 E74.75575
G1 X41.408 Y40.889 E74.76679
G1 X41.357 Y40.563 E74.77776
G1 X41.26 Y40.306 E74.7869
G1 X41.084 Y40.03 E74.79779
G1 X40.822 Y39.815 E74.80906
G1 X40.585 Y39.687 E74.81802
G1 X40.333 Y39.614 E74.82674
G1 X40.01 Y39.587 E74.83753
G1 X39.673 Y39.666 E74.84904
G1 X39.44 Y39.777 E74.85762
G1 X39.22 Y39.941 E74.86675
G1 X39.044 Y40.138 E74.87553
G1 X38.913 Y40.374 E74.88451
G1 X38.831 Y40.626 E74.89333
G1 X38.804 Y40.889 E74.90212
G1 X38.831 Y41.155 E74.91101
G1 X38.912 Y41.405 E74.91975
G1 X39.045 Y41.639 E74.92871
G1 X39.27 Y41.893 E74.93999
G1 X39.548 Y42.061 E74.95079
G1 X39.803 Y42.149 E74.95977
G1 X40.072 Y42.184 E74.96879
G1 X40.339 Y42.162 E74.9777
G1 X40.582 Y42.092 E74.98611
G0 F9000 X40.732 Y42.465
;TYPE:WALL-OUTER
G1 F600 X41.051 Y42.297 E74.9981
G1 X41.384 Y42.018 E75.01255
G1 X41.62 Y41.649 E75.02712
G1 X41.745 Y41.32 E75.03883
G1 X41.813 Y40.889 E75.05334
G1 X41.745 Y40.46 E75.06778
G1 X41.62 Y40.126 E75.07965
G1 X41.388 Y39.762 E75.094
G1 X41.047 Y39.48 E75.10872
G1 X40.736 Y39.315 E75.12043
G1 X40.407 Y39.218 E75.13184
G1 X39.98 Y39.183 E75.14609
G1 X39.539 Y39.286 E75.16115
G1 X39.232 Y39.433 E75.17247
G1 X38.948 Y39.645 E75.18426
G1 X38.716 Y39.905 E75.19585
G1 X38.545 Y40.213 E75.20757
G1 X38.437 Y40.542 E75.21908
G1 X38.402 Y40.889 E75.23068
G1 X38.437 Y41.238 E75.24235
G1 X38.544 Y41.567 E75.25386
G1 X38.717 Y41.871 E75.26549
G1 X39.01 Y42.204 E75.28024
G1 X39.378 Y42.425 E75.29452
G1 X39.711 Y42.54 E75.30624
G1 X40.062 Y42.586 E75.31801
G1 X40.411 Y42.558 E75.32966
G1 X40.732 Y42.465 E75.34077
G0 F9000 X40.449 Y41.752
;TYPE:SKIN
G1 F600 X40.083 Y41.819 E75.35315
G1 X39.693 Y41.724 E75.3665
G1 X39.502 Y41.612 E75.37386
G1 X39.347 Y41.435 E75.38169
G1 X39.188 Y41.077 E75.39472
G1 X39.188 Y40.698 E75.40732
G1 X39.343 Y40.341 E75.42027
G1 X39.458 Y40.212 E75.42601
G1 X39.8 Y40.004 E75.43933
G1 X40.04 Y39.95 E75.44751
G1 X40.263 Y39.967 E75.45495
G1 X40.532 Y40.049 E75.4643
G1 X40.809 Y40.272 E75.47613
G1 X40.988 Y40.553 E75.48721
G1 X41.041 Y40.887 E75.49846
G1 X40.988 Y41.219 E75.50964
G1 X40.803 Y41.51 E75.52111
G1 X40.449 Y41.752 E75.53537
G0 F9000 X40.356 Y42.034
G0 X40.958 Y41.643
G0 X41.139 Y41.359
G0 X41.258 Y40.585
G0 X40.802 Y40.657
G1 F600 X39.891 Y41.567 E75.5782
G0 F9000 X39.541 Y41.352
G1 F600 X40.562 Y40.331 E75.62622
G0 F9000 X40.155 Y40.172
G1 F600 X39.388 Y40.939 E75.6623
G1 F2700 E70.6623
;MESH:slupek3.stl(1)
G0 F9000 X38.928 Y40.925
G0 X39.176 Y41.543
G0 X39.374 Y41.768
G0 X39.618 Y41.915
G0 X40.076 Y42.022
G0 X40.519 Y41.943
G0 X40.875 Y41.7
G0 X41.581 Y40.891
G0 X42.662 Y40.721
G0 X46.191 Y40.759
G0 X47.262 Y40.535
G0 X48.74 Y41.158
G0 X49.089 Y41.307
;TYPE:WALL-INNER
G1 F2700 E75.6623
G1 F600 X49.141 Y41.292 E75.6641
G1 X49.381 Y41.164 E75.67315
G1 X49.591 Y40.987 E75.68228
G1 X49.75 Y40.788 E75.69075
G1 X49.871 Y40.544 E75.69981
G1 X49.956 Y40.221 E75.71092
G1 X49.939 Y39.893 E75.72185
G1 X49.87 Y39.635 E75.73073
G1 X49.72 Y39.331 E75.742
G1 X49.488 Y39.091 E75.75311
G1 X49.214 Y38.907 E75.76408
G1 X48.826 Y38.798 E75.77749
G1 X48.497 Y38.806 E75.78843
G1 X48.168 Y38.879 E75.79964
G1 X47.822 Y39.086 E75.81305
G1 X47.603 Y39.338 E75.82416
G1 X47.469 Y39.571 E75.8331
G1 X47.391 Y39.821 E75.84181
G1 X47.358 Y40.152 E75.85287
G1 X47.428 Y40.491 E75.86438
G1 X47.53 Y40.728 E75.87297
G1 X47.683 Y40.942 E75.88172
G1 X47.883 Y41.129 E75.89082
G1 X48.103 Y41.26 E75.89934
G1 X48.359 Y41.348 E75.90834
G1 X48.628 Y41.384 E75.91737
G1 X48.896 Y41.363 E75.92631
G1 X49.089 Y41.307 E75.93299
G0 F9000 X49.222 Y41.685
;TYPE:WALL-OUTER
G1 F600 X49.292 Y41.665 E75.93541
G1 X49.607 Y41.497 E75.94729
G1 X49.879 Y41.267 E75.95914
G1 X50.09 Y41.004 E75.97035
G1 X50.247 Y40.685 E75.98218
G1 X50.358 Y40.263 E75.99669
G1 X50.337 Y39.831 E76.01107
G1 X50.247 Y39.492 E76.02274
G1 X50.05 Y39.097 E76.03742
G1 X49.746 Y38.783 E76.05196
G1 X49.386 Y38.54 E76.0664
G1 X48.878 Y38.394 E76.08398
G1 X48.446 Y38.405 E76.09836
G1 X48.016 Y38.504 E76.11303
G1 X47.562 Y38.776 E76.13064
G1 X47.276 Y39.105 E76.14514
G1 X47.101 Y39.409 E76.1568
G1 X46.997 Y39.741 E76.16837
G1 X46.954 Y40.173 E76.18281
G1 X47.044 Y40.611 E76.19768
G1 X47.18 Y40.925 E76.20907
G1 X47.38 Y41.207 E76.22056
G1 X47.641 Y41.451 E76.23245
G1 X47.933 Y41.625 E76.24375
G1 X48.267 Y41.74 E76.2555
G1 X48.618 Y41.786 E76.26728
G1 X48.968 Y41.758 E76.27896
G1 X49.222 Y41.685 E76.28775
G0 F9000 X48.966 Y40.96
;TYPE:SKIN
G1 F600 X48.635 Y41.017 E76.29892
G1 X48.448 Y40.993 E76.30519
G1 X48.093 Y40.831 E76.31817
G1 X47.959 Y40.706 E76.32426
G1 X47.77 Y40.373 E76.337
G1 X47.722 Y40.13 E76.34523
G1 X47.745 Y39.896 E76.35305
G1 X47.827 Y39.628 E76.36238
G1 X48.054 Y39.368 E76.37386
G1 X48.307 Y39.217 E76.38366
G1 X48.779 Y39.161 E76.39946
G1 X49.059 Y39.237 E76.40911
G1 X49.422 Y39.537 E76.42478
G1 X49.574 Y39.858 E76.43659
G1 X49.59 Y40.179 E76.44728
G1 X49.446 Y40.583 E76.46155
G1 X49.166 Y40.869 E76.47486
G1 X49.01 Y40.952 E76.48073
G1 X48.966 Y40.96 E76.48222
G0 F9000 X48.57 Y40.808
G1 F600 X49.38 Y39.998 E76.52032
G0 F9000 X49.203 Y39.609
G1 F600 X48.177 Y40.636 E76.56861
G0 F9000 X47.958 Y40.289
G1 F600 X48.858 Y39.389 E76.61094
G1 F2700 E71.61094
;MESH:NONMESH
G0 F300 X48.858 Y39.389 Z6.6
G0 F9000 X48.979 Y38.946
G0 X48.23 Y39.03
G0 X47.927 Y39.211
G0 X47.704 Y39.468
G0 X47.262 Y40.535
G0 X46.191 Y40.759
G0 X42.604 Y41.434
G0 X41.522 Y41.265
G0 X40.356 Y42.034
G0 X40.582 Y42.092
;TIME_ELAPSED:284.254141
;LAYER:32
;note -- min layer time used
;TYPE:WALL-INNER
;MESH:slupek3.stl
G1 F2700 E76.61094
G1 F600 X40.827 Y41.963 E76.62015
G1 X41.08 Y41.751 E76.63113
G1 X41.26 Y41.468 E76.64228
G1 X41.357 Y41.217 E76.65123
G1 X41.408 Y40.889 E76.66227
G1 X41.357 Y40.563 E76.67325
G1 X41.26 Y40.306 E76.68238
G1 X41.084 Y40.03 E76.69327
G1 X40.822 Y39.815 E76.70454
G1 X40.585 Y39.687 E76.7135
G1 X40.333 Y39.614 E76.72223
G1 X40.01 Y39.587 E76.73301
G1 X39.673 Y39.666 E76.74452
G1 X39.44 Y39.777 E76.75311
G1 X39.22 Y39.941 E76.76223
G1 X39.044 Y40.138 E76.77102
G1 X38.913 Y40.374 E76.78
G1 X38.831 Y40.626 E76.78881
G1 X38.804 Y40.889 E76.7976
G1 X38.831 Y41.155 E76.8065
G1 X38.912 Y41.405 E76.81524
G1 X39.045 Y41.639 E76.82419
G1 X39.27 Y41.893 E76.83547
G1 X39.548 Y42.061 E76.84628
G1 X39.803 Y42.149 E76.85525
G1 X40.072 Y42.184 E76.86427
G1 X40.339 Y42.162 E76.87318
G1 X40.582 Y42.092 E76.88159
G0 F9000 X40.732 Y42.465
;TYPE:WALL-OUTER
G1 F600 X41.051 Y42.297 E76.89359
G1 X41.384 Y42.018 E76.90803
G1 X41.62 Y41.649 E76.9226
G1 X41.745 Y41.32 E76.93431
G1 X41.813 Y40.889 E76.94882
G1 X41.745 Y40.46 E76.96327
G1 X41.62 Y40.126 E76.97513
G1 X41.388 Y39.762 E76.98949
G1 X41.047 Y39.48 E77.0042
G1 X40.736 Y39.315 E77.01591
G1 X40.407 Y39.218 E77.02732
G1 X39.98 Y39.183 E77.04157
G1 X39.539 Y39.286 E77.05663
G1 X39.232 Y39.433 E77.06795
G1 X38.948 Y39.645 E77.07974
G1 X38.716 Y39.905 E77.09133
G1 X38.545 Y40.213 E77.10305
G1 X38.437 Y40.542 E77.11457
G1 X38.402 Y40.889 E77.12617
G1 X38.437 Y41.238 E77.13783
G1 X38.544 Y41.567 E77.14934
G1 X38.717 Y41.871 E77.16097
G1 X39.01 Y42.204 E77.17573
G1 X39.378 Y42.425 E77.19
G1 X39.711 Y42.54 E77.20172
G1 X40.062 Y42.586 E77.21349
G1 X40.411 Y42.558 E77.22514
G1 X40.732 Y42.465 E77.23625
G0 F9000 X40.449 Y41.752
;TYPE:SKIN
G1 F600 X40.083 Y41.819 E77.24863
G1 X39.693 Y41.724 E77.26198
G1 X39.502 Y41.612 E77.26935
G1 X39.347 Y41.435 E77.27717
G1 X39.188 Y41.077 E77.2902
G1 X39.188 Y40.698 E77.3028
G1 X39.343 Y40.341 E77.31575
G1 X39.458 Y40.212 E77.3215
G1 X39.8 Y40.004 E77.33481
G1 X40.04 Y39.95 E77.34299
G1 X40.263 Y39.967 E77.35043
G1 X40.532 Y40.049 E77.35979
G1 X40.809 Y40.272 E77.37161
G1 X40.988 Y40.553 E77.38269
G1 X41.041 Y40.887 E77.39394
G1 X40.988 Y41.219 E77.40512
G1 X40.803 Y41.51 E77.41659
G1 X40.449 Y41.752 E77.43086
G0 F9000 X39.862 Y41.559
G1 F600 X39.428 Y41.125 E77.45127
G0 F9000 X39.454 Y40.586
G1 F600 X40.41 Y41.542 E77.49624
G0 F9000 X40.714 Y41.279
G1 F600 X39.721 Y40.287 E77.54292
G0 F9000 X40.177 Y40.177
G1 F600 X40.83 Y40.83 E77.57364
G1 F2700 E72.57364
;MESH:slupek3.stl(1)
G0 F9000 X41.286 Y40.758
G0 X41.581 Y40.891
G0 X42.662 Y40.721
G0 X46.191 Y40.759
G0 X47.262 Y40.535
G0 X48.74 Y41.158
G0 X49.089 Y41.307
;TYPE:WALL-INNER
G1 F2700 E77.57364
G1 F600 X49.141 Y41.292 E77.57544
G1 X49.381 Y41.164 E77.58448
G1 X49.591 Y40.987 E77.59362
G1 X49.75 Y40.788 E77.60209
G1 X49.871 Y40.544 E77.61115
G1 X49.956 Y40.221 E77.62226
G1 X49.939 Y39.893 E77.63318
G1 X49.87 Y39.635 E77.64206
G1 X49.72 Y39.331 E77.65334
G1 X49.488 Y39.091 E77.66444
G1 X49.214 Y38.907 E77.67542
G1 X48.826 Y38.798 E77.68882
G1 X48.497 Y38.806 E77.69977
G1 X48.168 Y38.879 E77.71098
G1 X47.822 Y39.086 E77.72439
G1 X47.603 Y39.338 E77.73549
G1 X47.469 Y39.571 E77.74443
G1 X47.391 Y39.821 E77.75314
G1 X47.358 Y40.152 E77.76421
G1 X47.428 Y40.491 E77.77572
G1 X47.53 Y40.728 E77.7843
G1 X47.683 Y40.942 E77.79305
G1 X47.883 Y41.129 E77.80216
G1 X48.103 Y41.26 E77.81067
G1 X48.359 Y41.348 E77.81968
G1 X48.628 Y41.384 E77.8287
G1 X48.896 Y41.363 E77.83764
G1 X49.089 Y41.307 E77.84433
G0 F9000 X49.222 Y41.685
;TYPE:WALL-OUTER
G1 F600 X49.292 Y41.665 E77.84675
G1 X49.607 Y41.497 E77.85862
G1 X49.879 Y41.267 E77.87047
G1 X50.09 Y41.004 E77.88169
G1 X50.247 Y40.685 E77.89351
G1 X50.358 Y40.263 E77.90802
G1 X50.337 Y39.831 E77.92241
G1 X50.247 Y39.492 E77.93408
G1 X50.05 Y39.097 E77.94876
G1 X49.746 Y38.783 E77.96329
G1 X49.386 Y38.54 E77.97774
G1 X48.878 Y38.394 E77.99532
G1 X48.446 Y38.405 E78.00969
G1 X48.016 Y38.504 E78.02437
G1 X47.562 Y38.776 E78.04197
G1 X47.276 Y39.105 E78.05647
G1 X47.101 Y39.409 E78.06814
G1 X46.997 Y39.741 E78.07971
G1 X46.954 Y40.173 E78.09415
G1 X47.044 Y40.611 E78.10902
G1 X47.18 Y40.925 E78.1204
G1 X47.38 Y41.207 E78.1319
G1 X47.641 Y41.451 E78.14378
G1 X47.933 Y41.625 E78.15509
G1 X48.267 Y41.74 E78.16684
G1 X48.618 Y41.786 E78.17861
G1 X48.968 Y41.758 E78.19029
G1 X49.222 Y41.685 E78.19908
G0 F9000 X48.966 Y40.96
;TYPE:SKIN
G1 F600 X48.635 Y41.017 E78.21025
G1 X48.448 Y40.993 E78.21652
G1 X48.093 Y40.831 E78.2295
G1 X47.959 Y40.706 E78.2356
G1 X47.77 Y40.373 E78.24833
G1 X47.722 Y40.13 E78.25657
G1 X47.745 Y39.896 E78.26439
G1 X47.827 Y39.628 E78.27371
G1 X48.054 Y39.368 E78.28519
G1 X48.307 Y39.217 E78.29499
G1 X48.779 Y39.161 E78.3108
G1 X49.059 Y39.237 E78.32045
G1 X49.422 Y39.537 E78.33611
G1 X49.574 Y39.858 E78.34793
G1 X49.59 Y40.179 E78.35862
G1 X49.446 Y40.583 E78.37288
G1 X49.166 Y40.869 E78.38619
G1 X49.01 Y40.952 E78.39207
G1 X48.966 Y40.96 E78.39356
G0 F9000 X48.903 Y41.236
G0 X48.394 Y41.191
G0 X48.06 Y41.037
G0 X47.632 Y40.655
G0 X47.944 Y40.024
G1 F600 X48.719 Y40.799 E78.43001
G0 F9000 X49.118 Y40.632
G1 F600 X48.102 Y39.616 E78.4778
G0 F9000 X48.45 Y39.399
G1 F600 X49.342 Y40.291 E78.51976
G1 F2700 E73.51976
;MESH:NONMESH
G0 F300 X49.342 Y40.291 Z6.8
G0 F9000 X49.538 Y40.866
G0 X47.755 Y40.606
G0 X47.262 Y40.535
G0 X46.191 Y40.759
G0 X42.604 Y41.434
G0 X41.522 Y41.265
G0 X40.356 Y42.034
G0 X40.582 Y42.092
;TIME_ELAPSED:292.279220
;LAYER:33
;note -- min layer time used
;TYPE:WALL-INNER
;MESH:slupek3.stl
G1 F2700 E78.51976
G1 F600 X40.827 Y41.963 E78.52897
G1 X41.08 Y41.751 E78.53994
G1 X41.26 Y41.468 E78.5511
G1 X41.357 Y41.217 E78.56005
G1 X41.408 Y40.889 E78.57109
G1 X41.357 Y40.563 E78.58207
G1 X41.26 Y40.306 E78.5912
G1 X41.084 Y40.03 E78.60209
G1 X40.822 Y39.815 E78.61336
G1 X40.585 Y39.687 E78.62232
G1 X40.333 Y39.614 E78.63105
G1 X40.01 Y39.587 E78.64183
G1 X39.673 Y39.666 E78.65334
G1 X39.44 Y39.777 E78.66192
G1 X39.22 Y39.941 E78.67105
G1 X39.044 Y40.138 E78.67984
G1 X38.913 Y40.374 E78.68881
G1 X38.831 Y40.626 E78.69763
G1 X38.804 Y40.889 E78.70642
G1 X38.831 Y41.155 E78.71531
G1 X38.912 Y41.405 E78.72406
G1 X39.045 Y41.639 E78.73301
G1 X39.27 Y41.893 E78.74429
G1 X39.548 Y42.061 E78.7551
G1 X39.803 Y42.149 E78.76407
G1 X40.072 Y42.184 E78.77309
G1 X40.339 Y42.162 E78.782
G1 X40.582 Y42.092 E78.79041
G0 F9000 X40.732 Y42.465
;TYPE:WALL-OUTER
G1 F600 X41.051 Y42.297 E78.8024
G1 X41.384 Y42.018 E78.81685
G1 X41.62 Y41.649 E78.83142
G1 X41.745 Y41.32 E78.84313
G1 X41.813 Y40.889 E78.85764
G1 X41.745 Y40.46 E78.87209
G1 X41.62 Y40.126 E78.88395
G1 X41.388 Y39.762 E78.8983
G1 X41.047 Y39.48 E78.91302
G1 X40.736 Y39.315 E78.92473
G1 X40.407 Y39.218 E78.93614
G1 X39.98 Y39.183 E78.95039
G1 X39.539 Y39.286 E78.96545
G1 X39.232 Y39.433 E78.97677
G1 X38.948 Y39.645 E78.98856
G1 X38.716 Y39.905 E79.00015
G1 X38.545 Y40.213 E79.01187
G1 X38.437 Y40.542 E79.02338
G1 X38.402 Y40.889 E79.03498
G1 X38.437 Y41.238 E79.04665
G1 X38.544 Y41.567 E79.05816
G1 X38.717 Y41.871 E79.06979
G1 X39.01 Y42.204 E79.08454
G1 X39.378 Y42.425 E79.09882
G1 X39.711 Y42.54 E79.11054
G1 X40.062 Y42.586 E79.12231
G1 X40.411 Y42.558 E79.13396
G1 X40.732 Y42.465 E79.14507
G0 F9000 X40.449 Y41.752
;TYPE:SKIN
G1 F600 X40.083 Y41.819 E79.15745
G1 X39.693 Y41.724 E79.1708
G1 X39.502 Y41.612 E79.17816
G1 X39.347 Y41.435 E79.18599
G1 X39.188 Y41.077 E79.19902
G1 X39.188 Y40.698 E79.21162
G1 X39.343 Y40.341 E79.22457
G1 X39.458 Y40.212 E79.23032
G1 X39.8 Y40.004 E79.24363
G1 X40.04 Y39.95 E79.25181
G1 X40.263 Y39.967 E79.25925
G1 X40.532 Y40.049 E79.2686
G1 X40.809 Y40.272 E79.28043
G1 X40.988 Y40.553 E79.29151
G1 X41.041 Y40.887 E79.30276
G1 X40.988 Y41.219 E79.31394
G1 X40.803 Y41.51 E79.32541
G1 X40.449 Y41.752 E79.33967
G0 F9000 X40.356 Y42.034
G0 X40.958 Y41.643
G0 X41.139 Y41.359
G0 X41.258 Y40.585
G0 X40.802 Y40.657
G1 F600 X39.891 Y41.567 E79.3825
G0 F9000 X39.541 Y41.352
G1 F600 X40.562 Y40.331 E79.43053
G0 F9000 X40.155 Y40.172
G1 F600 X39.388 Y40.939 E79.4666
G1 F2700 E74.4666
;MESH:slupek3.stl(1)
G0 F9000 X38.928 Y40.925
G0 X39.176 Y41.543
G0 X39.374 Y41.768
G0 X39.618 Y41.915
G0 X40.076 Y42.022
G0 X40.519 Y41.943
G0 X40.875 Y41.7
G0 X41.581 Y40.891
G0 X42.662 Y40.721
G0 X46.191 Y40.759
G0 X47.262 Y40.535
G0 X48.74 Y41.158
G0 X49.089 Y41.307
;TYPE:WALL-INNER
G1 F2700 E79.4666
G1 F600 X49.141 Y41.292 E79.4684
G1 X49.381 Y41.164 E79.47745
G1 X49.591 Y40.987 E79.48658
G1 X49.75 Y40.788 E79.49506
G1 X49.871 Y40.544 E79.50412
G1 X49.956 Y40.221 E79.51522
G1 X49.939 Y39.893 E79.52615
G1 X49.87 Y39.635 E79.53503
G1 X49.72 Y39.331 E79.54631
G1 X49.488 Y39.091 E79.55741
G1 X49.214 Y38.907 E79.56839
G1 X48.826 Y38.798 E79.58179
G1 X48.497 Y38.806 E79.59274
G1 X48.168 Y38.879 E79.60394
G1 X47.822 Y39.086 E79.61735
G1 X47.603 Y39.338 E79.62846
G1 X47.469 Y39.571 E79.6374
G1 X47.391 Y39.821 E79.64611
G1 X47.358 Y40.152 E79.65717
G1 X47.428 Y40.491 E79.66869
G1 X47.53 Y40.728 E79.67727
G1 X47.683 Y40.942 E79.68602
G1 X47.883 Y41.129 E79.69512
G1 X48.103 Y41.26 E79.70364
G1 X48.359 Y41.348 E79.71264
G1 X48.628 Y41.384 E79.72167
G1 X48.896 Y41.363 E79.73061
G1 X49.089 Y41.307 E79.7373
G0 F9000 X49.222 Y41.685
;TYPE:WALL-OUTER
G1 F600 X49.292 Y41.665 E79.73972
G1 X49.607 Y41.497 E79.75159
G1 X49.879 Y41.267 E79.76344
G1 X50.09 Y41.004 E79.77465
G1 X50.247 Y40.685 E79.78648
G1 X50.358 Y40.263 E79.80099
G1 X50.337 Y39.831 E79.81538
G1 X50.247 Y39.492 E79.82704
G1 X50.05 Y39.097 E79.84172
G1 X49.746 Y38.783 E79.85626
G1 X49.386 Y38.54 E79.87071
G1 X48.878 Y38.394 E79.88829
G1 X48.446 Y38.405 E79.90266
G1 X48.016 Y38.504 E79.91734
G1 X47.562 Y38.776 E79.93494
G1 X47.276 Y39.105 E79.94944
G1 X47.101 Y39.409 E79.9611
G1 X46.997 Y39.741 E79.97268
G1 X46.954 Y40.173 E79.98711
G1 X47.044 Y40.611 E80.00199
G1 X47.18 Y40.925 E80.01337
G1 X47.38 Y41.207 E80.02487
G1 X47.641 Y41.451 E80.03675
G1 X47.933 Y41.625 E80.04806
G1 X48.267 Y41.74 E80.0598
G1 X48.618 Y41.786 E80.07158
G1 X48.968 Y41.758 E80.08326
G1 X49.222 Y41.685 E80.09205
G0 F9000 X48.966 Y40.96
;TYPE:SKIN
G1 F600 X48.635 Y41.017 E80.10322
G1 X48.448 Y40.993 E80.10949
G1 X48.093 Y40.831 E80.12247
G1 X47.959 Y40.706 E80.12856
G1 X47.77 Y40.373 E80.1413
G1 X47.722 Y40.13 E80.14954
G1 X47.745 Y39.896 E80.15736
G1 X47.827 Y39.628 E80.16668
G1 X48.054 Y39.368 E80.17816
G1 X48.307 Y39.217 E80.18796
G1 X48.779 Y39.161 E80.20377
G1 X49.059 Y39.237 E80.21342
G1 X49.422 Y39.537 E80.22908
G1 X49.574 Y39.858 E80.24089
G1 X49.59 Y40.179 E80.25158
G1 X49.446 Y40.583 E80.26585
G1 X49.166 Y40.869 E80.27916
G1 X49.01 Y40.952 E80.28504
G1 X48.966 Y40.96 E80.28652
G0 F9000 X48.57 Y40.808
G1 F600 X49.38 Y39.998 E80.32462
G0 F9000 X49.203 Y39.609
G1 F600 X48.177 Y40.636 E80.37291
G0 F9000 X47.958 Y40.289
G1 F600 X48.858 Y39.389 E80.41524
G1 F2700 E75.41524
;MESH:NONMESH
G0 F300 X48.858 Y39.389 Z7
G0 F9000 X48.979 Y38.946
G0 X48.23 Y39.03
G0 X47.927 Y39.211
G0 X47.704 Y39.468
G0 X47.262 Y40.535
G0 X46.191 Y40.759
G0 X42.604 Y41.434
G0 X41.522 Y41.265
G0 X40.356 Y42.034
G0 X40.582 Y42.092
;TIME_ELAPSED:300.397824
;LAYER:34
;note -- min layer time used
;TYPE:WALL-INNER
;MESH:slupek3.stl
G1 F2700 E80.41524
G1 F600 X40.827 Y41.963 E80.42445
G1 X41.08 Y41.751 E80.43543
G1 X41.26 Y41.468 E80.44658
G1 X41.357 Y41.217 E80.45553
G1 X41.408 Y40.889 E80.46657
G1 X41.357 Y40.563 E80.47755
G1 X41.26 Y40.306 E80.48669
G1 X41.084 Y40.03 E80.49757
G1 X40.822 Y39.815 E80.50885
G1 X40.585 Y39.687 E80.5178
G1 X40.333 Y39.614 E80.52653
G1 X40.01 Y39.587 E80.53731
G1 X39.673 Y39.666 E80.54882
G1 X39.44 Y39.777 E80.55741
G1 X39.22 Y39.941 E80.56653
G1 X39.044 Y40.138 E80.57532
G1 X38.913 Y40.374 E80.5843
G1 X38.831 Y40.626 E80.59311
G1 X38.804 Y40.889 E80.60191
G1 X38.831 Y41.155 E80.6108
G1 X38.912 Y41.405 E80.61954
G1 X39.045 Y41.639 E80.62849
G1 X39.27 Y41.893 E80.63978
G1 X39.548 Y42.061 E80.65058
G1 X39.803 Y42.149 E80.65955
G1 X40.072 Y42.184 E80.66857
G1 X40.339 Y42.162 E80.67749
G1 X40.582 Y42.092 E80.6859
G0 F9000 X40.732 Y42.465
;TYPE:WALL-OUTER
G1 F600 X41.051 Y42.297 E80.69789
G1 X41.384 Y42.018 E80.71234
G1 X41.62 Y41.649 E80.72691
G1 X41.745 Y41.32 E80.73861
G1 X41.813 Y40.889 E80.75312
G1 X41.745 Y40.46 E80.76757
G1 X41.62 Y40.126 E80.77943
G1 X41.388 Y39.762 E80.79379
G1 X41.047 Y39.48 E80.80851
G1 X40.736 Y39.315 E80.82022
G1 X40.407 Y39.218 E80.83162
G1 X39.98 Y39.183 E80.84587
G1 X39.539 Y39.286 E80.86094
G1 X39.232 Y39.433 E80.87226
G1 X38.948 Y39.645 E80.88404
G1 X38.716 Y39.905 E80.89563
G1 X38.545 Y40.213 E80.90735
G1 X38.437 Y40.542 E80.91887
G1 X38.402 Y40.889 E80.93047
G1 X38.437 Y41.238 E80.94213
G1 X38.544 Y41.567 E80.95364
G1 X38.717 Y41.871 E80.96527
G1 X39.01 Y42.204 E80.98003
G1 X39.378 Y42.425 E80.9943
G1 X39.711 Y42.54 E81.00602
G1 X40.062 Y42.586 E81.0178
G1 X40.411 Y42.558 E81.02944
G1 X40.732 Y42.465 E81.04056
G0 F9000 X40.449 Y41.752
;TYPE:SKIN
G1 F600 X40.083 Y41.819 E81.05293
G1 X39.693 Y41.724 E81.06628
G1 X39.502 Y41.612 E81.07365
G1 X39.347 Y41.435 E81.08147
G1 X39.188 Y41.077 E81.0945
G1 X39.188 Y40.698 E81.10711
G1 X39.343 Y40.341 E81.12005
G1 X39.458 Y40.212 E81.1258
G1 X39.8 Y40.004 E81.13911
G1 X40.04 Y39.95 E81.1473
G1 X40.263 Y39.967 E81.15473
G1 X40.532 Y40.049 E81.16409
G1 X40.809 Y40.272 E81.17591
G1 X40.988 Y40.553 E81.187
G1 X41.041 Y40.887 E81.19824
G1 X40.988 Y41.219 E81.20943
G1 X40.803 Y41.51 E81.2209
G1 X40.449 Y41.752 E81.23516
G0 F9000 X39.862 Y41.559
G1 F600 X39.428 Y41.125 E81.25557
G0 F9000 X39.454 Y40.586
G1 F600 X40.41 Y41.542 E81.30054
G0 F9000 X40.714 Y41.279
G1 F600 X39.721 Y40.287 E81.34722
G0 F9000 X40.177 Y40.177
G1 F600 X40.83 Y40.83 E81.37794
G1 F2700 E76.37794
;MESH:slupek3.stl(1)
G0 F9000 X41.286 Y40.758
G0 X41.581 Y40.891
G0 X42.662 Y40.721
G0 X46.191 Y40.759
G0 X47.262 Y40.535
G0 X48.74 Y41.158
G0 X49.089 Y41.307
;TYPE:WALL-INNER
G1 F2700 E81.37794
G1 F600 X49.141 Y41.292 E81.37974
G1 X49.381 Y41.164 E81.38878
G1 X49.591 Y40.987 E81.39792
G1 X49.75 Y40.788 E81.40639
G1 X49.871 Y40.544 E81.41545
G1 X49.956 Y40.221 E81.42656
G1 X49.939 Y39.893 E81.43748
G1 X49.87 Y39.635 E81.44637
G1 X49.72 Y39.331 E81.45764
G1 X49.488 Y39.091 E81.46874
G1 X49.214 Y38.907 E81.47972
G1 X48.826 Y38.798 E81.49312
G1 X48.497 Y38.806 E81.50407
G1 X48.168 Y38.879 E81.51528
G1 X47.822 Y39.086 E81.52869
G1 X47.603 Y39.338 E81.53979
G1 X47.469 Y39.571 E81.54873
G1 X47.391 Y39.821 E81.55744
G1 X47.358 Y40.152 E81.56851
G1 X47.428 Y40.491 E81.58002
G1 X47.53 Y40.728 E81.5886
G1 X47.683 Y40.942 E81.59735
G1 X47.883 Y41.129 E81.60646
G1 X48.103 Y41.26 E81.61498
G1 X48.359 Y41.348 E81.62398
G1 X48.628 Y41.384 E81.63301
G1 X48.896 Y41.363 E81.64195
G1 X49.089 Y41.307 E81.64863
G0 F9000 X49.222 Y41.685
;TYPE:WALL-OUTER
G1 F600 X49.292 Y41.665 E81.65105
G1 X49.607 Y41.497 E81.66293
G1 X49.879 Y41.267 E81.67477
G1 X50.09 Y41.004 E81.68599
G1 X50.247 Y40.685 E81.69781
G1 X50.358 Y40.263 E81.71233
G1 X50.337 Y39.831 E81.72671
G1 X50.247 Y39.492 E81.73838
G1 X50.05 Y39.097 E81.75306
G1 X49.746 Y38.783 E81.76759
G1 X49.386 Y38.54 E81.78204
G1 X48.878 Y38.394 E81.79962
G1 X48.446 Y38.405 E81.81399
G1 X48.016 Y38.504 E81.82867
G1 X47.562 Y38.776 E81.84627
G1 X47.276 Y39.105 E81.86077
G1 X47.101 Y39.409 E81.87244
G1 X46.997 Y39.741 E81.88401
G1 X46.954 Y40.173 E81.89845
G1 X47.044 Y40.611 E81.91332
G1 X47.18 Y40.925 E81.9247
G1 X47.38 Y41.207 E81.9362
G1 X47.641 Y41.451 E81.94809
G1 X47.933 Y41.625 E81.95939
G1 X48.267 Y41.74 E81.97114
G1 X48.618 Y41.786 E81.98291
G1 X48.968 Y41.758 E81.99459
G1 X49.222 Y41.685 E82.00338
G0 F9000 X48.966 Y40.96
;TYPE:SKIN
G1 F600 X48.635 Y41.017 E82.01455
G1 X48.448 Y40.993 E82.02082
G1 X48.093 Y40.831 E82.0338
G1 X47.959 Y40.706 E82.0399
G1 X47.77 Y40.373 E82.05263
G1 X47.722 Y40.13 E82.06087
G1 X47.745 Y39.896 E82.06869
G1 X47.827 Y39.628 E82.07801
G1 X48.054 Y39.368 E82.08949
G1 X48.307 Y39.217 E82.09929
G1 X48.779 Y39.161 E82.1151
G1 X49.059 Y39.237 E82.12475
G1 X49.422 Y39.537 E82.14041
G1 X49.574 Y39.858 E82.15223
G1 X49.59 Y40.179 E82.16292
G1 X49.446 Y40.583 E82.17718
G1 X49.166 Y40.869 E82.19049
G1 X49.01 Y40.952 E82.19637
G1 X48.966 Y40.96 E82.19786
G0 F9000 X48.903 Y41.236
G0 X48.394 Y41.191
G0 X48.06 Y41.037
G0 X47.632 Y40.655
G0 X47.944 Y40.024
G1 F600 X48.719 Y40.799 E82.23431
G0 F9000 X49.118 Y40.632
G1 F600 X48.102 Y39.616 E82.2821
G0 F9000 X48.45 Y39.399
G1 F600 X49.342 Y40.291 E82.32406
G1 F2700 E77.32406
;MESH:NONMESH
G0 F300 X49.342 Y40.291 Z7.2
G0 F9000 X49.538 Y40.866
G0 X47.755 Y40.606
G0 X47.262 Y40.535
G0 X46.191 Y40.759
G0 X42.604 Y41.434
G0 X41.522 Y41.265
G0 X40.356 Y42.034
G0 X40.582 Y42.092
;TIME_ELAPSED:308.422904
;LAYER:35
;note -- min layer time used
;TYPE:WALL-INNER
;MESH:slupek3.stl
G1 F2700 E82.32406
G1 F600 X40.827 Y41.963 E82.33327
G1 X41.08 Y41.751 E82.34425
G1 X41.26 Y41.468 E82.3554
G1 X41.357 Y41.217 E82.36435
G1 X41.408 Y40.889 E82.37539
G1 X41.357 Y40.563 E82.38637
G1 X41.26 Y40.306 E82.3955
G1 X41.084 Y40.03 E82.40639
G1 X40.822 Y39.815 E82.41766
G1 X40.585 Y39.687 E82.42662
G1 X40.333 Y39.614 E82.43535
G1 X40.01 Y39.587 E82.44613
G1 X39.673 Y39.666 E82.45764
G1 X39.44 Y39.777 E82.46623
G1 X39.22 Y39.941 E82.47535
G1 X39.044 Y40.138 E82.48414
G1 X38.913 Y40.374 E82.49312
G1 X38.831 Y40.626 E82.50193
G1 X38.804 Y40.889 E82.51072
G1 X38.831 Y41.155 E82.51962
G1 X38.912 Y41.405 E82.52836
G1 X39.045 Y41.639 E82.53731
G1 X39.27 Y41.893 E82.5486
G1 X39.548 Y42.061 E82.5594
G1 X39.803 Y42.149 E82.56837
G1 X40.072 Y42.184 E82.57739
G1 X40.339 Y42.162 E82.5863
G1 X40.582 Y42.092 E82.59471
G0 F9000 X40.732 Y42.465
;TYPE:WALL-OUTER
G1 F600 X41.051 Y42.297 E82.60671
G1 X41.384 Y42.018 E82.62116
G1 X41.62 Y41.649 E82.63572
G1 X41.745 Y41.32 E82.64743
G1 X41.813 Y40.889 E82.66194
G1 X41.745 Y40.46 E82.67639
G1 X41.62 Y40.126 E82.68825
G1 X41.388 Y39.762 E82.70261
G1 X41.047 Y39.48 E82.71732
G1 X40.736 Y39.315 E82.72903
G1 X40.407 Y39.218 E82.74044
G1 X39.98 Y39.183 E82.75469
G1 X39.539 Y39.286 E82.76975
G1 X39.232 Y39.433 E82.78108
G1 X38.948 Y39.645 E82.79286
G1 X38.716 Y39.905 E82.80445
G1 X38.545 Y40.213 E82.81617
G1 X38.437 Y40.542 E82.82769
G1 X38.402 Y40.889 E82.83929
G1 X38.437 Y41.238 E82.85095
G1 X38.544 Y41.567 E82.86246
G1 X38.717 Y41.871 E82.87409
G1 X39.01 Y42.204 E82.88885
G1 X39.378 Y42.425 E82.90312
G1 X39.711 Y42.54 E82.91484
G1 X40.062 Y42.586 E82.92661
G1 X40.411 Y42.558 E82.93826
G1 X40.732 Y42.465 E82.94938
G0 F9000 X40.449 Y41.752
;TYPE:SKIN
G1 F600 X40.083 Y41.819 E82.96175
G1 X39.693 Y41.724 E82.9751
G1 X39.502 Y41.612 E82.98247
G1 X39.347 Y41.435 E82.99029
G1 X39.188 Y41.077 E83.00332
G1 X39.188 Y40.698 E83.01593
G1 X39.343 Y40.341 E83.02887
G1 X39.458 Y40.212 E83.03462
G1 X39.8 Y40.004 E83.04793
G1 X40.04 Y39.95 E83.05611
G1 X40.263 Y39.967 E83.06355
G1 X40.532 Y40.049 E83.07291
G1 X40.809 Y40.272 E83.08473
G1 X40.988 Y40.553 E83.09581
G1 X41.041 Y40.887 E83.10706
G1 X40.988 Y41.219 E83.11824
G1 X40.803 Y41.51 E83.12971
G1 X40.449 Y41.752 E83.14398
G0 F9000 X40.356 Y42.034
G0 X40.958 Y41.643
G0 X41.139 Y41.359
G0 X41.258 Y40.585
G0 X40.802 Y40.657
G1 F600 X39.891 Y41.567 E83.1868
G0 F9000 X39.541 Y41.352
G1 F600 X40.562 Y40.331 E83.23483
G0 F9000 X40.155 Y40.172
G1 F600 X39.388 Y40.939 E83.27091
G1 F2700 E78.27091
;MESH:slupek3.stl(1)
G0 F9000 X38.928 Y40.925
G0 X39.176 Y41.543
G0 X39.374 Y41.768
G0 X39.618 Y41.915
G0 X40.076 Y42.022
G0 X40.519 Y41.943
G0 X40.875 Y41.7
G0 X41.581 Y40.891
G0 X42.662 Y40.721
G0 X46.191 Y40.759
G0 X47.262 Y40.535
G0 X48.74 Y41.158
G0 X49.089 Y41.307
;TYPE:WALL-INNER
G1 F2700 E83.27091
G1 F600 X49.141 Y41.292 E83.27271
G1 X49.381 Y41.164 E83.28175
G1 X49.591 Y40.987 E83.29089
G1 X49.75 Y40.788 E83.29936
G1 X49.871 Y40.544 E83.30842
G1 X49.956 Y40.221 E83.31953
G1 X49.939 Y39.893 E83.33045
G1 X49.87 Y39.635 E83.33933
G1 X49.72 Y39.331 E83.35061
G1 X49.488 Y39.091 E83.36171
G1 X49.214 Y38.907 E83.37269
G1 X48.826 Y38.798 E83.38609
G1 X48.497 Y38.806 E83.39704
G1 X48.168 Y38.879 E83.40825
G1 X47.822 Y39.086 E83.42166
G1 X47.603 Y39.338 E83.43276
G1 X47.469 Y39.571 E83.4417
G1 X47.391 Y39.821 E83.45041
G1 X47.358 Y40.152 E83.46147
G1 X47.428 Y40.491 E83.47299
G1 X47.53 Y40.728 E83.48157
G1 X47.683 Y40.942 E83.49032
G1 X47.883 Y41.129 E83.49943
G1 X48.103 Y41.26 E83.50794
G1 X48.359 Y41.348 E83.51695
G1 X48.628 Y41.384 E83.52597
G1 X48.896 Y41.363 E83.53491
G1 X49.089 Y41.307 E83.5416
G0 F9000 X49.222 Y41.685
;TYPE:WALL-OUTER
G1 F600 X49.292 Y41.665 E83.54402
G1 X49.607 Y41.497 E83.55589
G1 X49.879 Y41.267 E83.56774
G1 X50.09 Y41.004 E83.57895
G1 X50.247 Y40.685 E83.59078
G1 X50.358 Y40.263 E83.60529
G1 X50.337 Y39.831 E83.61968
G1 X50.247 Y39.492 E83.63134
G1 X50.05 Y39.097 E83.64603
G1 X49.746 Y38.783 E83.66056
G1 X49.386 Y38.54 E83.67501
G1 X48.878 Y38.394 E83.69259
G1 X48.446 Y38.405 E83.70696
G1 X48.016 Y38.504 E83.72164
G1 X47.562 Y38.776 E83.73924
G1 X47.276 Y39.105 E83.75374
G1 X47.101 Y39.409 E83.76541
G1 X46.997 Y39.741 E83.77698
G1 X46.954 Y40.173 E83.79142
G1 X47.044 Y40.611 E83.80629
G1 X47.18 Y40.925 E83.81767
G1 X47.38 Y41.207 E83.82917
G1 X47.641 Y41.451 E83.84105
G1 X47.933 Y41.625 E83.85236
G1 X48.267 Y41.74 E83.86411
G1 X48.618 Y41.786 E83.87588
G1 X48.968 Y41.758 E83.88756
G1 X49.222 Y41.685 E83.89635
G0 F9000 X48.966 Y40.96
;TYPE:SKIN
G1 F600 X48.635 Y41.017 E83.90752
G1 X48.448 Y40.993 E83.91379
G1 X48.093 Y40.831 E83.92677
G1 X47.959 Y40.706 E83.93286
G1 X47.77 Y40.373 E83.9456
G1 X47.722 Y40.13 E83.95384
G1 X47.745 Y39.896 E83.96166
G1 X47.827 Y39.628 E83.97098
G1 X48.054 Y39.368 E83.98246
G1 X48.307 Y39.217 E83.99226
G1 X48.779 Y39.161 E84.00807
G1 X49.059 Y39.237 E84.01772
G1 X49.422 Y39.537 E84.03338
G1 X49.574 Y39.858 E84.04519
G1 X49.59 Y40.179 E84.05588
G1 X49.446 Y40.583 E84.07015
G1 X49.166 Y40.869 E84.08346
G1 X49.01 Y40.952 E84.08934
G1 X48.966 Y40.96 E84.09083
G0 F9000 X48.57 Y40.808
G1 F600 X49.38 Y39.998 E84.12893
G0 F9000 X49.203 Y39.609
G1 F600 X48.177 Y40.636 E84.17721
G0 F9000 X47.958 Y40.289
G1 F600 X48.858 Y39.389 E84.21954
G1 F2700 E79.21954
;MESH:NONMESH
G0 F300 X48.858 Y39.389 Z7.4
G0 F9000 X48.979 Y38.946
G0 X48.23 Y39.03
G0 X47.927 Y39.211
G0 X47.704 Y39.468
G0 X47.262 Y40.535
G0 X46.191 Y40.759
G0 X42.604 Y41.434
G0 X41.522 Y41.265
G0 X40.356 Y42.034
G0 X40.582 Y42.092
;TIME_ELAPSED:316.541507
;LAYER:36
;note -- min layer time used
;TYPE:WALL-INNER
;MESH:slupek3.stl
G1 F2700 E84.21954
G1 F600 X40.827 Y41.963 E84.22875
G1 X41.08 Y41.751 E84.23973
G1 X41.26 Y41.468 E84.25089
G1 X41.357 Y41.217 E84.25984
G1 X41.408 Y40.889 E84.27088
G1 X41.357 Y40.563 E84.28185
G1 X41.26 Y40.306 E84.29099
G1 X41.084 Y40.03 E84.30187
G1 X40.822 Y39.815 E84.31315
G1 X40.585 Y39.687 E84.32211
G1 X40.333 Y39.614 E84.33083
G1 X40.01 Y39.587 E84.34161
G1 X39.673 Y39.666 E84.35313
G1 X39.44 Y39.777 E84.36171
G1 X39.22 Y39.941 E84.37084
G1 X39.044 Y40.138 E84.37962
G1 X38.913 Y40.374 E84.3886
G1 X38.831 Y40.626 E84.39741
G1 X38.804 Y40.889 E84.40621
G1 X38.831 Y41.155 E84.4151
G1 X38.912 Y41.405 E84.42384
G1 X39.045 Y41.639 E84.43279
G1 X39.27 Y41.893 E84.44408
G1 X39.548 Y42.061 E84.45488
G1 X39.803 Y42.149 E84.46385
G1 X40.072 Y42.184 E84.47288
G1 X40.339 Y42.162 E84.48179
G1 X40.582 Y42.092 E84.4902
G0 F9000 X40.732 Y42.465
;TYPE:WALL-OUTER
G1 F600 X41.051 Y42.297 E84.50219
G1 X41.384 Y42.018 E84.51664
G1 X41.62 Y41.649 E84.53121
G1 X41.745 Y41.32 E84.54291
G1 X41.813 Y40.889 E84.55743
G1 X41.745 Y40.46 E84.57187
G1 X41.62 Y40.126 E84.58373
G1 X41.388 Y39.762 E84.59809
G1 X41.047 Y39.48 E84.61281
G1 X40.736 Y39.315 E84.62452
G1 X40.407 Y39.218 E84.63593
G1 X39.98 Y39.183 E84.65018
G1 X39.539 Y39.286 E84.66524
G1 X39.232 Y39.433 E84.67656
G1 X38.948 Y39.645 E84.68835
G1 X38.716 Y39.905 E84.69994
G1 X38.545 Y40.213 E84.71165
G1 X38.437 Y40.542 E84.72317
G1 X38.402 Y40.889 E84.73477
G1 X38.437 Y41.238 E84.74644
G1 X38.544 Y41.567 E84.75794
G1 X38.717 Y41.871 E84.76958
G1 X39.01 Y42.204 E84.78433
G1 X39.378 Y42.425 E84.79861
G1 X39.711 Y42.54 E84.81032
G1 X40.062 Y42.586 E84.8221
G1 X40.411 Y42.558 E84.83374
G1 X40.732 Y42.465 E84.84486
G0 F9000 X40.449 Y41.752
;TYPE:SKIN
G1 F600 X40.083 Y41.819 E84.85723
G1 X39.693 Y41.724 E84.87059
G1 X39.502 Y41.612 E84.87795
G1 X39.347 Y41.435 E84.88577
G1 X39.188 Y41.077 E84.8988
G1 X39.188 Y40.698 E84.91141
G1 X39.343 Y40.341 E84.92435
G1 X39.458 Y40.212 E84.9301
G1 X39.8 Y40.004 E84.94342
G1 X40.04 Y39.95 E84.9516
G1 X40.263 Y39.967 E84.95904
G1 X40.532 Y40.049 E84.96839
G1 X40.809 Y40.272 E84.98022
G1 X40.988 Y40.553 E84.9913
G1 X41.041 Y40.887 E85.00255
G1 X40.988 Y41.219 E85.01373
G1 X40.803 Y41.51 E85.0252
G1 X40.449 Y41.752 E85.03946
G0 F9000 X39.862 Y41.559
G1 F600 X39.428 Y41.125 E85.05987
G0 F9000 X39.454 Y40.586
G1 F600 X40.41 Y41.542 E85.10484
G0 F9000 X40.714 Y41.279
G1 F600 X39.721 Y40.287 E85.15152
G0 F9000 X40.177 Y40.177
G1 F600 X40.83 Y40.83 E85.18224
G1 F2700 E80.18224
;MESH:slupek3.stl(1)
G0 F9000 X41.286 Y40.758
G0 X41.581 Y40.891
G0 X42.662 Y40.721
G0 X46.191 Y40.759
G0 X47.262 Y40.535
G0 X48.74 Y41.158
G0 X49.089 Y41.307
;TYPE:WALL-INNER
G1 F2700 E85.18224
G1 F600 X49.141 Y41.292 E85.18404
G1 X49.381 Y41.164 E85.19309
G1 X49.591 Y40.987 E85.20222
G1 X49.75 Y40.788 E85.21069
G1 X49.871 Y40.544 E85.21975
G1 X49.956 Y40.221 E85.23086
G1 X49.939 Y39.893 E85.24178
G1 X49.871 Y39.632 E85.25076
G1 X49.75 Y39.388 E85.25981
G1 X49.592 Y39.189 E85.26827
G1 X49.383 Y39.013 E85.27735
G1 X49.141 Y38.887 E85.28643
G1 X48.828 Y38.795 E85.29728
G1 X48.497 Y38.803 E85.30829
G1 X48.168 Y38.879 E85.31952
G1 X47.822 Y39.086 E85.33293
G1 X47.603 Y39.338 E85.34404
G1 X47.469 Y39.571 E85.35298
G1 X47.391 Y39.821 E85.36169
G1 X47.359 Y40.152 E85.37275
G1 X47.428 Y40.491 E85.38425
G1 X47.53 Y40.728 E85.39283
G1 X47.683 Y40.942 E85.40158
G1 X47.883 Y41.129 E85.41069
G1 X48.103 Y41.26 E85.41921
G1 X48.359 Y41.348 E85.42821
G1 X48.628 Y41.384 E85.43724
G1 X48.896 Y41.363 E85.44618
G1 X49.089 Y41.307 E85.45286
G0 F9000 X49.222 Y41.685
;TYPE:WALL-OUTER
G1 F600 X49.292 Y41.665 E85.45528
G1 X49.607 Y41.497 E85.46716
G1 X49.879 Y41.267 E85.47901
G1 X50.09 Y41.004 E85.49022
G1 X50.247 Y40.685 E85.50205
G1 X50.358 Y40.263 E85.51656
G1 X50.337 Y39.831 E85.53094
G1 X50.247 Y39.491 E85.54264
G1 X50.09 Y39.172 E85.55447
G1 X49.88 Y38.909 E85.56566
G1 X49.607 Y38.679 E85.57753
G1 X49.292 Y38.515 E85.58935
G1 X48.881 Y38.393 E85.60361
G1 X48.446 Y38.404 E85.61808
G1 X48.016 Y38.504 E85.63276
G1 X47.562 Y38.776 E85.65036
G1 X47.276 Y39.105 E85.66486
G1 X47.101 Y39.409 E85.67653
G1 X46.997 Y39.741 E85.6881
G1 X46.955 Y40.173 E85.70254
G1 X47.044 Y40.611 E85.7174
G1 X47.18 Y40.925 E85.72879
G1 X47.38 Y41.207 E85.74028
G1 X47.641 Y41.451 E85.75217
G1 X47.933 Y41.625 E85.76347
G1 X48.267 Y41.74 E85.77522
G1 X48.618 Y41.786 E85.787
G1 X48.968 Y41.758 E85.79867
G1 X49.222 Y41.685 E85.80746
G0 F9000 X48.966 Y40.96
;TYPE:SKIN
G1 F600 X48.635 Y41.017 E85.81864
G1 X48.448 Y40.993 E85.82491
G1 X48.093 Y40.831 E85.83788
G1 X47.959 Y40.706 E85.84398
G1 X47.77 Y40.373 E85.85671
G1 X47.722 Y40.126 E85.86508
G1 X47.746 Y39.9 E85.87264
G1 X47.828 Y39.628 E85.88209
G1 X48.055 Y39.367 E85.8936
G1 X48.305 Y39.216 E85.90331
G1 X48.541 Y39.16 E85.91138
G1 X48.781 Y39.157 E85.91936
G1 X49.112 Y39.253 E85.93082
G1 X49.323 Y39.429 E85.93996
G1 X49.534 Y39.769 E85.95327
G1 X49.591 Y40.178 E85.96701
G1 X49.446 Y40.583 E85.98131
G1 X49.166 Y40.869 E85.99463
G1 X49.01 Y40.952 E86.0005
G1 X48.966 Y40.96 E86.00199
G0 F9000 X48.903 Y41.236
G0 X48.394 Y41.191
G0 X48.06 Y41.037
G0 X47.632 Y40.655
G0 X47.943 Y40.024
G1 F600 X48.719 Y40.799 E86.03847
G0 F9000 X49.118 Y40.632
G1 F600 X48.102 Y39.616 E86.08626
G0 F9000 X48.447 Y39.396
G1 F600 X49.343 Y40.292 E86.1284
G1 F2700 E81.1284
;MESH:NONMESH
G0 F300 X49.343 Y40.292 Z7.6
G0 F9000 X49.538 Y40.866
G0 X47.755 Y40.606
G0 X47.262 Y40.535
G0 X46.191 Y40.759
G0 X42.604 Y41.434
G0 X41.522 Y41.265
G0 X40.356 Y42.034
G0 X40.582 Y42.092
;TIME_ELAPSED:324.566534
;LAYER:37
;note -- min layer time used
;TYPE:WALL-INNER
;MESH:slupek3.stl
G1 F2700 E86.1284
G1 F600 X40.827 Y41.963 E86.13761
G1 X41.08 Y41.751 E86.14859
G1 X41.26 Y41.468 E86.15975
G1 X41.357 Y41.217 E86.1687
G1 X41.408 Y40.889 E86.17974
G1 X41.357 Y40.563 E86.19071
G1 X41.26 Y40.306 E86.19985
G1 X41.084 Y40.03 E86.21073
G1 X40.822 Y39.815 E86.22201
G1 X40.585 Y39.687 E86.23097
G1 X40.333 Y39.614 E86.23969
G1 X40.01 Y39.587 E86.25047
G1 X39.673 Y39.666 E86.26199
G1 X39.44 Y39.777 E86.27057
G1 X39.22 Y39.941 E86.2797
G1 X39.044 Y40.138 E86.28848
G1 X38.913 Y40.374 E86.29746
G1 X38.831 Y40.626 E86.30627
G1 X38.804 Y40.889 E86.31507
G1 X38.831 Y41.155 E86.32396
G1 X38.912 Y41.405 E86.3327
G1 X39.045 Y41.639 E86.34165
G1 X39.27 Y41.893 E86.35294
G1 X39.548 Y42.061 E86.36374
G1 X39.803 Y42.149 E86.37271
G1 X40.072 Y42.184 E86.38174
G1 X40.339 Y42.162 E86.39065
G1 X40.582 Y42.092 E86.39906
G0 F9000 X40.732 Y42.465
;TYPE:WALL-OUTER
G1 F600 X41.051 Y42.297 E86.41105
G1 X41.384 Y42.018 E86.4255
G1 X41.62 Y41.649 E86.44007
G1 X41.745 Y41.32 E86.45177
G1 X41.813 Y40.889 E86.46629
G1 X41.745 Y40.46 E86.48073
G1 X41.62 Y40.126 E86.49259
G1 X41.388 Y39.762 E86.50695
G1 X41.047 Y39.48 E86.52167
G1 X40.736 Y39.315 E86.53338
G1 X40.407 Y39.218 E86.54479
G1 X39.98 Y39.183 E86.55904
G1 X39.539 Y39.286 E86.5741
G1 X39.232 Y39.433 E86.58542
G1 X38.948 Y39.645 E86.59721
G1 X38.716 Y39.905 E86.6088
G1 X38.545 Y40.213 E86.62051
G1 X38.437 Y40.542 E86.63203
G1 X38.402 Y40.889 E86.64363
G1 X38.437 Y41.238 E86.6553
G1 X38.544 Y41.567 E86.6668
G1 X38.717 Y41.871 E86.67844
G1 X39.01 Y42.204 E86.69319
G1 X39.378 Y42.425 E86.70747
G1 X39.711 Y42.54 E86.71918
G1 X40.062 Y42.586 E86.73096
G1 X40.411 Y42.558 E86.7426
G1 X40.732 Y42.465 E86.75372
G0 F9000 X40.449 Y41.752
;TYPE:SKIN
G1 F600 X40.083 Y41.819 E86.76609
G1 X39.693 Y41.724 E86.77945
G1 X39.502 Y41.612 E86.78681
G1 X39.347 Y41.435 E86.79463
G1 X39.188 Y41.077 E86.80766
G1 X39.188 Y40.698 E86.82027
G1 X39.343 Y40.341 E86.83321
G1 X39.458 Y40.212 E86.83896
G1 X39.8 Y40.004 E86.85228
G1 X40.04 Y39.95 E86.86046
G1 X40.263 Y39.967 E86.8679
G1 X40.532 Y40.049 E86.87725
G1 X40.809 Y40.272 E86.88908
G1 X40.988 Y40.553 E86.90016
G1 X41.041 Y40.887 E86.91141
G1 X40.988 Y41.219 E86.92259
G1 X40.803 Y41.51 E86.93406
G1 X40.449 Y41.752 E86.94832
G0 F9000 X40.356 Y42.034
G0 X40.958 Y41.643
G0 X41.139 Y41.359
G0 X41.258 Y40.585
G0 X40.801 Y40.657
G1 F600 X39.891 Y41.567 E86.99112
G0 F9000 X39.541 Y41.352
G1 F600 X40.562 Y40.331 E87.03915
G0 F9000 X40.155 Y40.172
G1 F600 X39.388 Y40.939 E87.07523
G1 F2700 E82.07523
;MESH:slupek3.stl(1)
G0 F9000 X38.928 Y40.925
G0 X39.176 Y41.543
G0 X39.374 Y41.768
G0 X39.618 Y41.915
G0 X40.076 Y42.022
G0 X40.519 Y41.943
G0 X40.875 Y41.7
G0 X41.581 Y40.891
G0 X42.662 Y40.721
G0 X46.191 Y40.759
G0 X47.262 Y40.535
G0 X48.74 Y41.158
G0 X49.089 Y41.307
;TYPE:WALL-INNER
G1 F2700 E87.07523
G1 F600 X49.141 Y41.292 E87.07703
G1 X49.381 Y41.164 E87.08607
G1 X49.591 Y40.987 E87.09521
G1 X49.75 Y40.788 E87.10368
G1 X49.871 Y40.544 E87.11274
G1 X49.956 Y40.221 E87.12385
G1 X49.939 Y39.893 E87.13477
G1 X49.87 Y39.635 E87.14365
G1 X49.72 Y39.331 E87.15493
G1 X49.488 Y39.091 E87.16603
G1 X49.214 Y38.907 E87.17701
G1 X48.826 Y38.798 E87.19041
G1 X48.497 Y38.806 E87.20136
G1 X48.168 Y38.879 E87.21257
G1 X47.822 Y39.086 E87.22598
G1 X47.603 Y39.338 E87.23708
G1 X47.469 Y39.571 E87.24602
G1 X47.391 Y39.821 E87.25473
G1 X47.358 Y40.152 E87.26579
G1 X47.428 Y40.491 E87.27731
G1 X47.53 Y40.728 E87.28589
G1 X47.683 Y40.942 E87.29464
G1 X47.883 Y41.129 E87.30375
G1 X48.103 Y41.26 E87.31226
G1 X48.359 Y41.348 E87.32127
G1 X48.628 Y41.384 E87.33029
G1 X48.896 Y41.363 E87.33923
G1 X49.089 Y41.307 E87.34592
G0 F9000 X49.222 Y41.685
;TYPE:WALL-OUTER
G1 F600 X49.292 Y41.665 E87.34834
G1 X49.607 Y41.497 E87.36021
G1 X49.879 Y41.267 E87.37206
G1 X50.09 Y41.004 E87.38328
G1 X50.247 Y40.685 E87.3951
G1 X50.358 Y40.263 E87.40961
G1 X50.337 Y39.831 E87.424
G1 X50.247 Y39.492 E87.43566
G1 X50.05 Y39.097 E87.45035
G1 X49.746 Y38.783 E87.46488
G1 X49.386 Y38.54 E87.47933
G1 X48.878 Y38.394 E87.49691
G1 X48.446 Y38.405 E87.51128
G1 X48.016 Y38.504 E87.52596
G1 X47.562 Y38.776 E87.54356
G1 X47.276 Y39.105 E87.55806
G1 X47.101 Y39.409 E87.56973
G1 X46.997 Y39.741 E87.5813
G1 X46.954 Y40.173 E87.59574
G1 X47.044 Y40.611 E87.61061
G1 X47.18 Y40.925 E87.62199
G1 X47.38 Y41.207 E87.63349
G1 X47.641 Y41.451 E87.64537
G1 X47.933 Y41.625 E87.65668
G1 X48.267 Y41.74 E87.66843
G1 X48.618 Y41.786 E87.6802
G1 X48.968 Y41.758 E87.69188
G1 X49.222 Y41.685 E87.70067
G0 F9000 X48.966 Y40.96
;TYPE:SKIN
G1 F600 X48.635 Y41.017 E87.71184
G1 X48.448 Y40.993 E87.71811
G1 X48.093 Y40.831 E87.73109
G1 X47.959 Y40.706 E87.73718
G1 X47.77 Y40.373 E87.74992
G1 X47.722 Y40.13 E87.75816
G1 X47.745 Y39.896 E87.76598
G1 X47.827 Y39.628 E87.7753
G1 X48.054 Y39.368 E87.78678
G1 X48.307 Y39.217 E87.79658
G1 X48.779 Y39.161 E87.81239
G1 X49.059 Y39.237 E87.82204
G1 X49.422 Y39.537 E87.8377
G1 X49.574 Y39.858 E87.84951
G1 X49.59 Y40.179 E87.8602
G1 X49.446 Y40.583 E87.87447
G1 X49.166 Y40.869 E87.88778
G1 X49.01 Y40.952 E87.89366
G1 X48.966 Y40.96 E87.89515
G0 F9000 X48.57 Y40.808
G1 F600 X49.38 Y39.998 E87.93325
G0 F9000 X49.203 Y39.609
G1 F600 X48.177 Y40.636 E87.98153
G0 F9000 X47.958 Y40.289
G1 F600 X48.858 Y39.389 E88.02386
G1 F2700 E83.02386
;MESH:NONMESH
G0 F300 X48.858 Y39.389 Z7.8
G0 F9000 X48.979 Y38.946
G0 X48.23 Y39.03
G0 X47.927 Y39.211
G0 X47.704 Y39.468
G0 X47.262 Y40.535
G0 X46.191 Y40.759
G0 X42.604 Y41.434
G0 X41.522 Y41.265
G0 X40.356 Y42.034
G0 X40.581 Y42.093
;TIME_ELAPSED:332.685048
;LAYER:38
;note -- min layer time used
;TYPE:WALL-INNER
;MESH:slupek3.stl
G1 F2700 E88.02386
G1 F600 X40.833 Y41.958 E88.03337
G1 X41.026 Y41.8 E88.04167
G1 X41.194 Y41.588 E88.05066
G1 X41.342 Y41.29 E88.06173
G1 X41.408 Y40.889 E88.07525
G1 X41.356 Y40.561 E88.08629
G1 X41.238 Y40.244 E88.09754
G1 X41.037 Y39.991 E88.10829
G1 X40.829 Y39.819 E88.11727
G1 X40.595 Y39.689 E88.12617
G1 X40.337 Y39.613 E88.13512
G1 X40.015 Y39.586 E88.14586
G1 X39.614 Y39.676 E88.15953
G1 X39.269 Y39.883 E88.17291
G1 X39.046 Y40.136 E88.18413
G1 X38.916 Y40.361 E88.19277
G1 X38.834 Y40.618 E88.20175
G1 X38.804 Y40.891 E88.21088
G1 X38.831 Y41.155 E88.21971
G1 X38.912 Y41.404 E88.22842
G1 X39.077 Y41.696 E88.23957
G1 X39.324 Y41.926 E88.2508
G1 X39.548 Y42.061 E88.2595
G1 X39.803 Y42.149 E88.26847
G1 X40.072 Y42.184 E88.27749
G1 X40.339 Y42.162 E88.2864
G1 X40.581 Y42.093 E88.29477
G0 F9000 X40.732 Y42.465
;TYPE:WALL-OUTER
G1 F600 X41.056 Y42.292 E88.30699
G1 X41.312 Y42.082 E88.318
G1 X41.534 Y41.804 E88.32983
G1 X41.727 Y41.414 E88.34431
G1 X41.813 Y40.891 E88.36193
G1 X41.745 Y40.459 E88.37648
G1 X41.591 Y40.044 E88.3912
G1 X41.324 Y39.709 E88.40545
G1 X41.055 Y39.487 E88.41705
G1 X40.75 Y39.318 E88.42865
G1 X40.411 Y39.218 E88.4404
G1 X39.987 Y39.182 E88.45456
G1 X39.464 Y39.3 E88.47239
G1 X39.01 Y39.572 E88.48999
G1 X38.72 Y39.902 E88.5046
G1 X38.548 Y40.198 E88.51599
G1 X38.441 Y40.534 E88.52772
G1 X38.402 Y40.889 E88.5396
G1 X38.437 Y41.238 E88.55126
G1 X38.544 Y41.566 E88.56274
G1 X38.759 Y41.946 E88.57726
G1 X39.082 Y42.247 E88.59194
G1 X39.378 Y42.425 E88.60343
G1 X39.711 Y42.54 E88.61515
G1 X40.062 Y42.586 E88.62692
G1 X40.411 Y42.558 E88.63857
G1 X40.732 Y42.465 E88.64968
G0 F9000 X40.445 Y41.751
;TYPE:SKIN
G1 F600 X40.44 Y41.754 E88.64988
G1 X40.086 Y41.819 E88.66185
G1 X39.689 Y41.724 E88.67543
G1 X39.364 Y41.47 E88.68915
G1 X39.246 Y41.26 E88.69716
G1 X39.165 Y40.891 E88.70972
G1 X39.249 Y40.501 E88.72299
G1 X39.502 Y40.16 E88.73711
G1 X39.748 Y40.013 E88.74665
G1 X40.042 Y39.946 E88.75668
G1 X40.445 Y40.019 E88.7703
G1 X40.782 Y40.249 E88.78387
G1 X40.915 Y40.416 E88.79097
G1 X41.005 Y40.656 E88.79949
G1 X41.041 Y40.882 E88.8071
G1 X40.991 Y41.177 E88.81706
G1 X40.771 Y41.538 E88.83112
G1 X40.445 Y41.751 E88.84407
G0 F9000 X40.686 Y41.906
G0 X40.076 Y42.022
G0 X39.618 Y41.916
G0 X39.283 Y41.655
G0 X38.967 Y41.194
G0 X39.418 Y41.115
G1 F600 X39.863 Y41.56 E88.865
G0 F9000 X40.406 Y41.538
G1 F600 X39.44 Y40.571 E88.91046
G0 F9000 X39.706 Y40.272
G1 F600 X40.705 Y41.271 E88.95745
G0 F9000 X40.823 Y40.823
G1 F600 X40.169 Y40.169 E88.98821
G1 F2700 E83.98821
;MESH:slupek3.stl(1)
G0 F9000 X40.741 Y39.907
G0 X41.522 Y40.515
G0 X42.603 Y40.345
G0 X46.191 Y40.758
G0 X47.262 Y40.535
G0 X47.745 Y40.674
G0 X49.1 Y41.047
G0 X49.089 Y41.307
;TYPE:WALL-INNER
G1 F2700 E88.98821
G1 F600 X49.141 Y41.292 E88.99001
G1 X49.391 Y41.159 E88.99943
G1 X49.579 Y41.003 E89.00756
G1 X49.75 Y40.785 E89.01677
G1 X49.872 Y40.541 E89.02585
G1 X49.956 Y40.23 E89.03656
G1 X49.939 Y39.883 E89.04812
G1 X49.875 Y39.637 E89.05657
G1 X49.75 Y39.388 E89.06584
G1 X49.547 Y39.131 E89.07673
G1 X49.218 Y38.91 E89.08991
G1 X48.835 Y38.804 E89.10313
G1 X48.5 Y38.803 E89.11427
G1 X48.173 Y38.877 E89.12542
G1 X47.886 Y39.047 E89.13652
G1 X47.684 Y39.236 E89.14572
G1 X47.536 Y39.44 E89.1541
G1 X47.399 Y39.753 E89.16546
G1 X47.356 Y40.149 E89.17871
G1 X47.427 Y40.489 E89.19027
G1 X47.53 Y40.728 E89.19892
G1 X47.682 Y40.942 E89.20765
G1 X47.88 Y41.126 E89.21664
G1 X48.104 Y41.261 E89.22534
G1 X48.359 Y41.348 E89.2343
G1 X48.629 Y41.384 E89.24336
G1 X48.896 Y41.362 E89.25227
G1 X49.089 Y41.307 E89.25895
G0 F9000 X49.222 Y41.685
;TYPE:WALL-OUTER
G1 F600 X49.292 Y41.665 E89.26137
G1 X49.615 Y41.493 E89.27354
G1 X49.867 Y41.283 E89.28445
G1 X50.09 Y41 E89.29643
G1 X50.248 Y40.684 E89.30818
G1 X50.358 Y40.274 E89.3223
G1 X50.337 Y39.823 E89.33732
G1 X50.251 Y39.495 E89.3486
G1 X50.09 Y39.172 E89.3606
G1 X49.822 Y38.833 E89.37498
G1 X49.39 Y38.544 E89.39226
G1 X48.889 Y38.399 E89.40961
G1 X48.452 Y38.404 E89.42414
G1 X48.023 Y38.501 E89.43877
G1 X47.645 Y38.725 E89.45339
G1 X47.383 Y38.97 E89.46532
G1 X47.187 Y39.24 E89.47642
G1 X47.008 Y39.649 E89.49126
G1 X46.951 Y40.169 E89.50866
G1 X47.044 Y40.611 E89.52369
G1 X47.18 Y40.925 E89.53507
G1 X47.38 Y41.207 E89.54657
G1 X47.638 Y41.447 E89.55829
G1 X47.934 Y41.625 E89.56977
G1 X48.267 Y41.74 E89.58149
G1 X48.618 Y41.786 E89.59327
G1 X48.968 Y41.758 E89.60494
G1 X49.222 Y41.685 E89.61373
G0 F9000 X48.968 Y40.964
;TYPE:SKIN
G1 F600 X48.834 Y41.003 E89.61838
G1 X48.433 Y40.992 E89.63172
G1 X48.264 Y40.933 E89.63767
G1 X47.955 Y40.701 E89.65052
G1 X47.77 Y40.369 E89.66316
G1 X47.719 Y40.125 E89.67146
G1 X47.748 Y39.846 E89.68078
G1 X47.846 Y39.63 E89.68867
G1 X48.106 Y39.332 E89.70183
G1 X48.307 Y39.213 E89.7096
G1 X48.538 Y39.161 E89.71747
G1 X48.787 Y39.164 E89.72575
G1 X49.06 Y39.241 E89.73519
G1 X49.299 Y39.398 E89.7447
G1 X49.44 Y39.576 E89.75225
G1 X49.581 Y39.945 E89.76539
G1 X49.591 Y40.19 E89.77355
G1 X49.534 Y40.406 E89.78098
G1 X49.318 Y40.744 E89.79432
G1 X48.995 Y40.956 E89.80717
G1 X48.968 Y40.964 E89.8081
G0 F9000 X49.266 Y41.093
G0 X48.865 Y41.204
G0 X48.398 Y41.192
G0 X47.631 Y40.653
G0 X47.931 Y40.012
G1 F600 X48.718 Y40.799 E89.84512
G0 F9000 X49.12 Y40.635
G1 F600 X48.113 Y39.628 E89.89249
G0 F9000 X48.446 Y39.395
G1 F600 X49.352 Y40.301 E89.9351
G1 F2700 E84.9351
;MESH:NONMESH
G0 F300 X49.352 Y40.301 Z8
G0 F9000 X49.691 Y40.644
G0 X47.73 Y40.556
G0 X47.262 Y40.535
G0 X46.191 Y40.758
G0 X42.587 Y41.524
G0 X41.507 Y41.347
G0 X40.686 Y41.906
G0 X40.582 Y42.092
;TIME_ELAPSED:340.915283
;LAYER:39
;note -- min layer time used
;TYPE:WALL-INNER
;MESH:slupek3.stl
G1 F2700 E89.9351
G1 F600 X40.827 Y41.963 E89.94431
G1 X41.08 Y41.751 E89.95529
G1 X41.26 Y41.468 E89.96645
G1 X41.357 Y41.217 E89.9754
G1 X41.408 Y40.889 E89.98644
G1 X41.357 Y40.563 E89.99741
G1 X41.26 Y40.306 E90.00655
G1 X41.084 Y40.03 E90.01744
G1 X40.822 Y39.815 E90.02871
G1 X40.585 Y39.687 E90.03767
G1 X40.333 Y39.614 E90.04639
G1 X40.01 Y39.587 E90.05717
G1 X39.673 Y39.666 E90.06869
G1 X39.44 Y39.777 E90.07727
G1 X39.22 Y39.941 E90.0864
G1 X39.044 Y40.138 E90.09518
G1 X38.913 Y40.374 E90.10416
G1 X38.831 Y40.626 E90.11298
G1 X38.804 Y40.889 E90.12177
G1 X38.831 Y41.155 E90.13066
G1 X38.912 Y41.405 E90.1394
G1 X39.045 Y41.639 E90.14835
G1 X39.27 Y41.893 E90.15964
G1 X39.548 Y42.061 E90.17044
G1 X39.803 Y42.149 E90.17942
G1 X40.072 Y42.184 E90.18844
G1 X40.339 Y42.162 E90.19735
G1 X40.582 Y42.092 E90.20576
G0 F9000 X40.732 Y42.465
;TYPE:WALL-OUTER
G1 F600 X41.051 Y42.297 E90.21775
G1 X41.384 Y42.018 E90.2322
G1 X41.62 Y41.649 E90.24677
G1 X41.745 Y41.32 E90.25847
G1 X41.813 Y40.889 E90.27299
G1 X41.745 Y40.46 E90.28743
G1 X41.62 Y40.126 E90.2993
G1 X41.388 Y39.762 E90.31365
G1 X41.047 Y39.48 E90.32837
G1 X40.736 Y39.315 E90.34008
G1 X40.407 Y39.218 E90.35149
G1 X39.98 Y39.183 E90.36574
G1 X39.539 Y39.286 E90.3808
G1 X39.232 Y39.433 E90.39212
G1 X38.948 Y39.645 E90.40391
G1 X38.716 Y39.905 E90.4155
G1 X38.545 Y40.213 E90.42721
G1 X38.437 Y40.542 E90.43873
G1 X38.402 Y40.889 E90.45033
G1 X38.437 Y41.238 E90.462
G1 X38.544 Y41.567 E90.4735
G1 X38.717 Y41.871 E90.48514
G1 X39.01 Y42.204 E90.49989
G1 X39.378 Y42.425 E90.51417
G1 X39.711 Y42.54 E90.52589
G1 X40.062 Y42.586 E90.53766
G1 X40.411 Y42.558 E90.5493
G1 X40.732 Y42.465 E90.56042
G0 F9000 X40.449 Y41.752
;TYPE:SKIN
G1 F600 X40.083 Y41.819 E90.5728
G1 X39.693 Y41.724 E90.58615
G1 X39.502 Y41.612 E90.59351
G1 X39.347 Y41.435 E90.60134
G1 X39.188 Y41.077 E90.61436
G1 X39.188 Y40.698 E90.62697
G1 X39.343 Y40.341 E90.63992
G1 X39.458 Y40.212 E90.64566
G1 X39.8 Y40.004 E90.65898
G1 X40.04 Y39.95 E90.66716
G1 X40.263 Y39.967 E90.6746
G1 X40.532 Y40.049 E90.68395
G1 X40.809 Y40.272 E90.69578
G1 X40.988 Y40.553 E90.70686
G1 X41.041 Y40.887 E90.71811
G1 X40.988 Y41.219 E90.72929
G1 X40.803 Y41.51 E90.74076
G1 X40.449 Y41.752 E90.75502
G0 F9000 X40.356 Y42.034
G0 X40.958 Y41.643
G0 X41.139 Y41.359
G0 X41.258 Y40.585
G0 X40.801 Y40.657
G1 F600 X39.891 Y41.567 E90.79782
G0 F9000 X39.541 Y41.352
G1 F600 X40.562 Y40.331 E90.84585
G0 F9000 X40.155 Y40.172
G1 F600 X39.388 Y40.939 E90.88193
G1 F2700 E85.88193
;MESH:slupek3.stl(1)
G0 F9000 X38.928 Y40.925
G0 X39.176 Y41.543
G0 X39.374 Y41.768
G0 X39.618 Y41.915
G0 X40.076 Y42.022
G0 X40.519 Y41.943
G0 X40.875 Y41.7
G0 X41.581 Y40.891
G0 X42.662 Y40.721
G0 X46.191 Y40.759
G0 X47.262 Y40.535
G0 X48.74 Y41.158
G0 X49.089 Y41.307
;TYPE:WALL-INNER
G1 F2700 E90.88193
G1 F600 X49.141 Y41.292 E90.88373
G1 X49.381 Y41.164 E90.89277
G1 X49.591 Y40.987 E90.90191
G1 X49.75 Y40.788 E90.91038
G1 X49.871 Y40.544 E90.91944
G1 X49.956 Y40.221 E90.93055
G1 X49.939 Y39.893 E90.94147
G1 X49.87 Y39.635 E90.95035
G1 X49.72 Y39.331 E90.96163
G1 X49.488 Y39.091 E90.97273
G1 X49.214 Y38.907 E90.98371
G1 X48.826 Y38.798 E90.99711
G1 X48.497 Y38.806 E91.00806
G1 X48.168 Y38.879 E91.01927
G1 X47.822 Y39.086 E91.03268
G1 X47.603 Y39.338 E91.04378
G1 X47.469 Y39.571 E91.05272
G1 X47.391 Y39.821 E91.06143
G1 X47.358 Y40.152 E91.0725
G1 X47.428 Y40.491 E91.08401
G1 X47.53 Y40.728 E91.09259
G1 X47.683 Y40.942 E91.10134
G1 X47.883 Y41.129 E91.11045
G1 X48.103 Y41.26 E91.11896
G1 X48.359 Y41.348 E91.12797
G1 X48.628 Y41.384 E91.13699
G1 X48.896 Y41.363 E91.14594
G1 X49.089 Y41.307 E91.15262
G0 F9000 X49.222 Y41.685
;TYPE:WALL-OUTER
G1 F600 X49.292 Y41.665 E91.15504
G1 X49.607 Y41.497 E91.16691
G1 X49.879 Y41.267 E91.17876
G1 X50.09 Y41.004 E91.18998
G1 X50.247 Y40.685 E91.2018
G1 X50.358 Y40.263 E91.21632
G1 X50.337 Y39.831 E91.2307
G1 X50.247 Y39.492 E91.24237
G1 X50.05 Y39.097 E91.25705
G1 X49.746 Y38.783 E91.27158
G1 X49.386 Y38.54 E91.28603
G1 X48.878 Y38.394 E91.30361
G1 X48.446 Y38.405 E91.31798
G1 X48.016 Y38.504 E91.33266
G1 X47.562 Y38.776 E91.35026
G1 X47.276 Y39.105 E91.36476
G1 X47.101 Y39.409 E91.37643
G1 X46.997 Y39.741 E91.388
G1 X46.954 Y40.173 E91.40244
G1 X47.044 Y40.611 E91.41731
G1 X47.18 Y40.925 E91.42869
G1 X47.38 Y41.207 E91.44019
G1 X47.641 Y41.451 E91.45207
G1 X47.933 Y41.625 E91.46338
G1 X48.267 Y41.74 E91.47513
G1 X48.618 Y41.786 E91.4869
G1 X48.968 Y41.758 E91.49858
G1 X49.222 Y41.685 E91.50737
G0 F9000 X48.966 Y40.96
;TYPE:SKIN
G1 F600 X48.635 Y41.017 E91.51854
G1 X48.448 Y40.993 E91.52481
G1 X48.093 Y40.831 E91.53779
G1 X47.959 Y40.706 E91.54389
G1 X47.77 Y40.373 E91.55662
G1 X47.722 Y40.13 E91.56486
G1 X47.745 Y39.896 E91.57268
G1 X47.827 Y39.628 E91.582
G1 X48.054 Y39.368 E91.59348
G1 X48.307 Y39.217 E91.60328
G1 X48.779 Y39.161 E91.61909
G1 X49.059 Y39.237 E91.62874
G1 X49.422 Y39.537 E91.6444
G1 X49.574 Y39.858 E91.65622
G1 X49.59 Y40.179 E91.66691
G1 X49.446 Y40.583 E91.68117
G1 X49.166 Y40.869 E91.69448
G1 X49.01 Y40.952 E91.70036
G1 X48.966 Y40.96 E91.70185
G0 F9000 X48.57 Y40.808
G1 F600 X49.38 Y39.998 E91.73995
G0 F9000 X49.203 Y39.609
G1 F600 X48.177 Y40.636 E91.78823
G0 F9000 X47.958 Y40.289
G1 F600 X48.858 Y39.389 E91.83056
G1 F2700 E86.83056
;MESH:NONMESH
G0 F300 X48.858 Y39.389 Z8.2
G0 F9000 X48.979 Y38.946
G0 X48.23 Y39.03
G0 X47.927 Y39.211
G0 X47.704 Y39.468
G0 X47.262 Y40.535
G0 X46.191 Y40.759
G0 X42.604 Y41.434
G0 X41.522 Y41.265
G0 X40.356 Y42.034
G0 X40.582 Y42.092
;TIME_ELAPSED:349.033877
;LAYER:40
;note -- min layer time used
;TYPE:WALL-INNER
;MESH:slupek3.stl
G1 F2700 E91.83056
G1 F600 X40.827 Y41.963 E91.83977
G1 X41.08 Y41.751 E91.85075
G1 X41.26 Y41.468 E91.86191
G1 X41.357 Y41.217 E91.87086
G1 X41.408 Y40.889 E91.8819
G1 X41.357 Y40.563 E91.89287
G1 X41.26 Y40.306 E91.90201
G1 X41.084 Y40.03 E91.9129
G1 X40.822 Y39.815 E91.92417
G1 X40.585 Y39.687 E91.93313
G1 X40.333 Y39.614 E91.94185
G1 X40.01 Y39.587 E91.95263
G1 X39.673 Y39.666 E91.96415
G1 X39.44 Y39.777 E91.97273
G1 X39.22 Y39.941 E91.98186
G1 X39.044 Y40.138 E91.99064
G1 X38.913 Y40.374 E91.99962
G1 X38.831 Y40.626 E92.00844
G1 X38.804 Y40.889 E92.01723
G1 X38.831 Y41.155 E92.02612
G1 X38.912 Y41.405 E92.03486
G1 X39.045 Y41.639 E92.04381
G1 X39.27 Y41.893 E92.0551
G1 X39.548 Y42.061 E92.0659
G1 X39.803 Y42.149 E92.07488
G1 X40.072 Y42.184 E92.0839
G1 X40.339 Y42.162 E92.09281
G1 X40.582 Y42.092 E92.10122
G0 F9000 X40.732 Y42.465
;TYPE:WALL-OUTER
G1 F600 X41.051 Y42.297 E92.11321
G1 X41.384 Y42.018 E92.12766
G1 X41.62 Y41.649 E92.14223
G1 X41.745 Y41.32 E92.15393
G1 X41.813 Y40.889 E92.16845
G1 X41.745 Y40.46 E92.18289
G1 X41.62 Y40.126 E92.19476
G1 X41.388 Y39.762 E92.20911
G1 X41.047 Y39.48 E92.22383
G1 X40.736 Y39.315 E92.23554
G1 X40.407 Y39.218 E92.24695
G1 X39.98 Y39.183 E92.2612
G1 X39.539 Y39.286 E92.27626
G1 X39.232 Y39.433 E92.28758
G1 X38.948 Y39.645 E92.29937
G1 X38.716 Y39.905 E92.31096
G1 X38.545 Y40.213 E92.32267
G1 X38.437 Y40.542 E92.33419
G1 X38.402 Y40.889 E92.34579
G1 X38.437 Y41.238 E92.35746
G1 X38.544 Y41.567 E92.36896
G1 X38.717 Y41.871 E92.3806
G1 X39.01 Y42.204 E92.39535
G1 X39.378 Y42.425 E92.40963
G1 X39.711 Y42.54 E92.42135
G1 X40.062 Y42.586 E92.43312
G1 X40.411 Y42.558 E92.44476
G1 X40.732 Y42.465 E92.45588
G0 F9000 X40.449 Y41.752
;TYPE:SKIN
G1 F600 X40.083 Y41.819 E92.46826
G1 X39.693 Y41.724 E92.48161
G1 X39.502 Y41.612 E92.48897
G1 X39.347 Y41.435 E92.4968
G1 X39.188 Y41.077 E92.50982
G1 X39.188 Y40.698 E92.52243
G1 X39.343 Y40.341 E92.53538
G1 X39.458 Y40.212 E92.54112
G1 X39.8 Y40.004 E92.55444
G1 X40.04 Y39.95 E92.56262
G1 X40.263 Y39.967 E92.57006
G1 X40.532 Y40.049 E92.57941
G1 X40.809 Y40.272 E92.59124
G1 X40.988 Y40.553 E92.60232
G1 X41.041 Y40.887 E92.61357
G1 X40.988 Y41.219 E92.62475
G1 X40.803 Y41.51 E92.63622
G1 X40.449 Y41.752 E92.65048
G0 F9000 X39.862 Y41.559
G1 F600 X39.428 Y41.125 E92.6709
G0 F9000 X39.454 Y40.586
G1 F600 X40.41 Y41.542 E92.71586
G0 F9000 X40.714 Y41.279
G1 F600 X39.721 Y40.287 E92.76255
G0 F9000 X40.177 Y40.177
G1 F600 X40.83 Y40.83 E92.79326
G1 F2700 E87.79326
;MESH:slupek3.stl(1)
G0 F9000 X41.286 Y40.758
G0 X41.581 Y40.891
G0 X42.662 Y40.721
G0 X46.191 Y40.759
G0 X47.262 Y40.535
G0 X48.74 Y41.158
G0 X49.089 Y41.307
;TYPE:WALL-INNER
G1 F2700 E92.79326
G1 F600 X49.141 Y41.292 E92.79506
G1 X49.381 Y41.164 E92.80411
G1 X49.591 Y40.987 E92.81324
G1 X49.75 Y40.788 E92.82172
G1 X49.871 Y40.544 E92.83077
G1 X49.956 Y40.221 E92.84188
G1 X49.939 Y39.893 E92.85281
G1 X49.87 Y39.635 E92.86169
G1 X49.72 Y39.331 E92.87296
G1 X49.488 Y39.091 E92.88407
G1 X49.214 Y38.907 E92.89504
G1 X48.826 Y38.798 E92.90845
G1 X48.497 Y38.806 E92.91939
G1 X48.168 Y38.879 E92.9306
G1 X47.822 Y39.086 E92.94401
G1 X47.603 Y39.338 E92.95512
G1 X47.469 Y39.571 E92.96406
G1 X47.391 Y39.821 E92.97277
G1 X47.358 Y40.152 E92.98383
G1 X47.428 Y40.491 E92.99534
G1 X47.53 Y40.728 E93.00393
G1 X47.683 Y40.942 E93.01268
G1 X47.883 Y41.129 E93.02178
G1 X48.103 Y41.26 E93.0303
G1 X48.359 Y41.348 E93.0393
G1 X48.628 Y41.384 E93.04833
G1 X48.896 Y41.363 E93.05727
G1 X49.089 Y41.307 E93.06395
G0 F9000 X49.222 Y41.685
;TYPE:WALL-OUTER
G1 F600 X49.292 Y41.665 E93.06638
G1 X49.607 Y41.497 E93.07825
G1 X49.879 Y41.267 E93.0901
G1 X50.09 Y41.004 E93.10131
G1 X50.247 Y40.685 E93.11314
G1 X50.358 Y40.263 E93.12765
G1 X50.337 Y39.831 E93.14204
G1 X50.247 Y39.492 E93.1537
G1 X50.05 Y39.097 E93.16838
G1 X49.746 Y38.783 E93.18292
G1 X49.386 Y38.54 E93.19736
G1 X48.878 Y38.394 E93.21494
G1 X48.446 Y38.405 E93.22932
G1 X48.016 Y38.504 E93.24399
G1 X47.562 Y38.776 E93.2616
G1 X47.276 Y39.105 E93.2761
G1 X47.101 Y39.409 E93.28776
G1 X46.997 Y39.741 E93.29933
G1 X46.954 Y40.173 E93.31377
G1 X47.044 Y40.611 E93.32865
G1 X47.18 Y40.925 E93.34003
G1 X47.38 Y41.207 E93.35153
G1 X47.641 Y41.451 E93.36341
G1 X47.933 Y41.625 E93.37471
G1 X48.267 Y41.74 E93.38646
G1 X48.618 Y41.786 E93.39824
G1 X48.968 Y41.758 E93.40992
G1 X49.222 Y41.685 E93.41871
G0 F9000 X48.966 Y40.96
;TYPE:SKIN
G1 F600 X48.635 Y41.017 E93.42988
G1 X48.448 Y40.993 E93.43615
G1 X48.093 Y40.831 E93.44913
G1 X47.959 Y40.706 E93.45522
G1 X47.77 Y40.373 E93.46796
G1 X47.722 Y40.13 E93.4762
G1 X47.745 Y39.896 E93.48402
G1 X47.827 Y39.628 E93.49334
G1 X48.054 Y39.368 E93.50482
G1 X48.307 Y39.217 E93.51462
G1 X48.779 Y39.161 E93.53043
G1 X49.059 Y39.237 E93.54008
G1 X49.422 Y39.537 E93.55574
G1 X49.574 Y39.858 E93.56755
G1 X49.59 Y40.179 E93.57824
G1 X49.446 Y40.583 E93.59251
G1 X49.166 Y40.869 E93.60582
G1 X49.01 Y40.952 E93.6117
G1 X48.966 Y40.96 E93.61318
G0 F9000 X48.903 Y41.236
G0 X48.394 Y41.191
G0 X48.06 Y41.037
G0 X47.632 Y40.655
G0 X47.944 Y40.024
G1 F600 X48.719 Y40.799 E93.64964
G0 F9000 X49.118 Y40.632
G1 F600 X48.102 Y39.616 E93.69743
G0 F9000 X48.45 Y39.399
G1 F600 X49.342 Y40.291 E93.73938
G1 F2700 E88.73938
;MESH:NONMESH
G0 F300 X49.342 Y40.291 Z8.4
G0 F9000 X49.538 Y40.866
G0 X47.755 Y40.606
G0 X47.262 Y40.535
G0 X46.191 Y40.759
G0 X42.604 Y41.434
G0 X41.522 Y41.265
G0 X40.356 Y42.034
G0 X40.582 Y42.092
;TIME_ELAPSED:357.058956
;LAYER:41
;note -- min layer time used
;TYPE:WALL-INNER
;MESH:slupek3.stl
G1 F2700 E93.73938
G1 F600 X40.827 Y41.963 E93.74859
G1 X41.08 Y41.751 E93.75957
G1 X41.26 Y41.468 E93.77073
G1 X41.357 Y41.217 E93.77968
G1 X41.408 Y40.889 E93.79072
G1 X41.357 Y40.563 E93.80169
G1 X41.26 Y40.306 E93.81083
G1 X41.084 Y40.03 E93.82171
G1 X40.822 Y39.815 E93.83299
G1 X40.585 Y39.687 E93.84195
G1 X40.333 Y39.614 E93.85067
G1 X40.01 Y39.587 E93.86145
G1 X39.673 Y39.666 E93.87297
G1 X39.44 Y39.777 E93.88155
G1 X39.22 Y39.941 E93.89068
G1 X39.044 Y40.138 E93.89946
G1 X38.913 Y40.374 E93.90844
G1 X38.831 Y40.626 E93.91725
G1 X38.804 Y40.889 E93.92605
G1 X38.831 Y41.155 E93.93494
G1 X38.912 Y41.405 E93.94368
G1 X39.045 Y41.639 E93.95263
G1 X39.27 Y41.893 E93.96392
G1 X39.548 Y42.061 E93.97472
G1 X39.803 Y42.149 E93.98369
G1 X40.072 Y42.184 E93.99272
G1 X40.339 Y42.162 E94.00163
G1 X40.582 Y42.092 E94.01004
G0 F9000 X40.732 Y42.465
;TYPE:WALL-OUTER
G1 F600 X41.051 Y42.297 E94.02203
G1 X41.384 Y42.018 E94.03648
G1 X41.62 Y41.649 E94.05105
G1 X41.745 Y41.32 E94.06275
G1 X41.813 Y40.889 E94.07727
G1 X41.745 Y40.46 E94.09171
G1 X41.62 Y40.126 E94.10357
G1 X41.388 Y39.762 E94.11793
G1 X41.047 Y39.48 E94.13265
G1 X40.736 Y39.315 E94.14436
G1 X40.407 Y39.218 E94.15577
G1 X39.98 Y39.183 E94.17002
G1 X39.539 Y39.286 E94.18508
G1 X39.232 Y39.433 E94.1964
G1 X38.948 Y39.645 E94.20819
G1 X38.716 Y39.905 E94.21978
G1 X38.545 Y40.213 E94.23149
G1 X38.437 Y40.542 E94.24301
G1 X38.402 Y40.889 E94.25461
G1 X38.437 Y41.238 E94.26628
G1 X38.544 Y41.567 E94.27778
G1 X38.717 Y41.871 E94.28942
G1 X39.01 Y42.204 E94.30417
G1 X39.378 Y42.425 E94.31845
G1 X39.711 Y42.54 E94.33016
G1 X40.062 Y42.586 E94.34194
G1 X40.411 Y42.558 E94.35358
G1 X40.732 Y42.465 E94.3647
G0 F9000 X40.449 Y41.752
;TYPE:SKIN
G1 F600 X40.083 Y41.819 E94.37707
G1 X39.693 Y41.724 E94.39043
G1 X39.502 Y41.612 E94.39779
G1 X39.347 Y41.435 E94.40561
G1 X39.188 Y41.077 E94.41864
G1 X39.188 Y40.698 E94.43125
G1 X39.343 Y40.341 E94.44419
G1 X39.458 Y40.212 E94.44994
G1 X39.8 Y40.004 E94.46326
G1 X40.04 Y39.95 E94.47144
G1 X40.263 Y39.967 E94.47888
G1 X40.532 Y40.049 E94.48823
G1 X40.809 Y40.272 E94.50006
G1 X40.988 Y40.553 E94.51114
G1 X41.041 Y40.887 E94.52239
G1 X40.988 Y41.219 E94.53357
G1 X40.803 Y41.51 E94.54504
G1 X40.449 Y41.752 E94.5593
G0 F9000 X40.356 Y42.034
G0 X40.958 Y41.643
G0 X41.139 Y41.359
G0 X41.258 Y40.585
G0 X40.802 Y40.657
G1 F600 X39.891 Y41.567 E94.60213
G0 F9000 X39.541 Y41.352
G1 F600 X40.562 Y40.331 E94.65015
G0 F9000 X40.155 Y40.172
G1 F600 X39.388 Y40.939 E94.68623
G1 F2700 E89.68623
;MESH:slupek3.stl(1)
G0 F9000 X38.928 Y40.925
G0 X39.176 Y41.543
G0 X39.374 Y41.768
G0 X39.618 Y41.915
G0 X40.076 Y42.022
G0 X40.519 Y41.943
G0 X40.875 Y41.7
G0 X41.581 Y40.891
G0 X42.662 Y40.721
G0 X46.191 Y40.759
G0 X47.262 Y40.535
G0 X48.74 Y41.158
G0 X49.089 Y41.307
;TYPE:WALL-INNER
G1 F2700 E94.68623
G1 F600 X49.141 Y41.292 E94.68803
G1 X49.381 Y41.164 E94.69708
G1 X49.591 Y40.987 E94.70621
G1 X49.75 Y40.788 E94.71468
G1 X49.871 Y40.544 E94.72374
G1 X49.956 Y40.221 E94.73485
G1 X49.939 Y39.893 E94.74577
G1 X49.87 Y39.635 E94.75466
G1 X49.72 Y39.331 E94.76593
G1 X49.488 Y39.091 E94.77703
G1 X49.214 Y38.907 E94.78801
G1 X48.826 Y38.798 E94.80142
G1 X48.497 Y38.806 E94.81236
G1 X48.168 Y38.879 E94.82357
G1 X47.822 Y39.086 E94.83698
G1 X47.603 Y39.338 E94.84808
G1 X47.469 Y39.571 E94.85702
G1 X47.391 Y39.821 E94.86573
G1 X47.358 Y40.152 E94.8768
G1 X47.428 Y40.491 E94.88831
G1 X47.53 Y40.728 E94.89689
G1 X47.683 Y40.942 E94.90564
G1 X47.883 Y41.129 E94.91475
G1 X48.103 Y41.26 E94.92327
G1 X48.359 Y41.348 E94.93227
G1 X48.628 Y41.384 E94.9413
G1 X48.896 Y41.363 E94.95024
G1 X49.089 Y41.307 E94.95692
G0 F9000 X49.222 Y41.685
;TYPE:WALL-OUTER
G1 F600 X49.292 Y41.665 E94.95934
G1 X49.607 Y41.497 E94.97122
G1 X49.879 Y41.267 E94.98306
G1 X50.09 Y41.004 E94.99428
G1 X50.247 Y40.685 E95.0061
G1 X50.358 Y40.263 E95.02062
G1 X50.337 Y39.831 E95.035
G1 X50.247 Y39.492 E95.04667
G1 X50.05 Y39.097 E95.06135
G1 X49.746 Y38.783 E95.07589
G1 X49.386 Y38.54 E95.09033
G1 X48.878 Y38.394 E95.10791
G1 X48.446 Y38.405 E95.12228
G1 X48.016 Y38.504 E95.13696
G1 X47.562 Y38.776 E95.15456
G1 X47.276 Y39.105 E95.16906
G1 X47.101 Y39.409 E95.18073
G1 X46.997 Y39.741 E95.1923
G1 X46.954 Y40.173 E95.20674
G1 X47.044 Y40.611 E95.22161
G1 X47.18 Y40.925 E95.23299
G1 X47.38 Y41.207 E95.24449
G1 X47.641 Y41.451 E95.25638
G1 X47.933 Y41.625 E95.26768
G1 X48.267 Y41.74 E95.27943
G1 X48.618 Y41.786 E95.2912
G1 X48.968 Y41.758 E95.30288
G1 X49.222 Y41.685 E95.31167
G0 F9000 X48.966 Y40.96
;TYPE:SKIN
G1 F600 X48.635 Y41.017 E95.32284
G1 X48.448 Y40.993 E95.32911
G1 X48.093 Y40.831 E95.34209
G1 X47.959 Y40.706 E95.34819
G1 X47.77 Y40.373 E95.36092
G1 X47.722 Y40.13 E95.36916
G1 X47.745 Y39.896 E95.37698
G1 X47.827 Y39.628 E95.3863
G1 X48.054 Y39.368 E95.39778
G1 X48.307 Y39.217 E95.40758
G1 X48.779 Y39.161 E95.42339
G1 X49.059 Y39.237 E95.43304
G1 X49.422 Y39.537 E95.44871
G1 X49.574 Y39.858 E95.46052
G1 X49.59 Y40.179 E95.47121
G1 X49.446 Y40.583 E95.48547
G1 X49.166 Y40.869 E95.49879
G1 X49.01 Y40.952 E95.50466
G1 X48.966 Y40.96 E95.50615
G0 F9000 X48.57 Y40.808
G1 F600 X49.38 Y39.998 E95.54425
G0 F9000 X49.203 Y39.609
G1 F600 X48.177 Y40.636 E95.59253
G0 F9000 X47.958 Y40.289
G1 F600 X48.858 Y39.389 E95.63487
G1 F2700 E90.63487
;MESH:NONMESH
G0 F300 X48.858 Y39.389 Z8.6
G0 F9000 X48.979 Y38.946
G0 X48.23 Y39.03
G0 X47.927 Y39.211
G0 X47.704 Y39.468
G0 X47.262 Y40.535
G0 X46.191 Y40.759
G0 X42.604 Y41.434
G0 X41.522 Y41.265
G0 X40.356 Y42.034
G0 X40.582 Y42.092
;TIME_ELAPSED:365.177560
;LAYER:42
;note -- min layer time used
;TYPE:WALL-INNER
;MESH:slupek3.stl
G1 F2700 E95.63487
G1 F600 X40.827 Y41.963 E95.64408
G1 X41.08 Y41.751 E95.65505
G1 X41.26 Y41.468 E95.66621
G1 X41.357 Y41.217 E95.67516
G1 X41.408 Y40.889 E95.6862
G1 X41.357 Y40.563 E95.69717
G1 X41.26 Y40.306 E95.70631
G1 X41.084 Y40.03 E95.7172
G1 X40.822 Y39.815 E95.72847
G1 X40.585 Y39.687 E95.73743
G1 X40.333 Y39.614 E95.74616
G1 X40.01 Y39.587 E95.75694
G1 X39.673 Y39.666 E95.76845
G1 X39.44 Y39.777 E95.77703
G1 X39.22 Y39.941 E95.78616
G1 X39.044 Y40.138 E95.79495
G1 X38.913 Y40.374 E95.80392
G1 X38.831 Y40.626 E95.81274
G1 X38.804 Y40.889 E95.82153
G1 X38.831 Y41.155 E95.83042
G1 X38.912 Y41.405 E95.83916
G1 X39.045 Y41.639 E95.84812
G1 X39.27 Y41.893 E95.8594
G1 X39.548 Y42.061 E95.87021
G1 X39.803 Y42.149 E95.87918
G1 X40.072 Y42.184 E95.8882
G1 X40.339 Y42.162 E95.89711
G1 X40.582 Y42.092 E95.90552
G0 F9000 X40.732 Y42.465
;TYPE:WALL-OUTER
G1 F600 X41.051 Y42.297 E95.91751
G1 X41.384 Y42.018 E95.93196
G1 X41.62 Y41.649 E95.94653
G1 X41.745 Y41.32 E95.95824
G1 X41.813 Y40.889 E95.97275
G1 X41.745 Y40.46 E95.9872
G1 X41.62 Y40.126 E95.99906
G1 X41.388 Y39.762 E96.01341
G1 X41.047 Y39.48 E96.02813
G1 X40.736 Y39.315 E96.03984
G1 X40.407 Y39.218 E96.05125
G1 X39.98 Y39.183 E96.0655
G1 X39.539 Y39.286 E96.08056
G1 X39.232 Y39.433 E96.09188
G1 X38.948 Y39.645 E96.10367
G1 X38.716 Y39.905 E96.11526
G1 X38.545 Y40.213 E96.12698
G1 X38.437 Y40.542 E96.13849
G1 X38.402 Y40.889 E96.15009
G1 X38.437 Y41.238 E96.16176
G1 X38.544 Y41.567 E96.17327
G1 X38.717 Y41.871 E96.1849
G1 X39.01 Y42.204 E96.19965
G1 X39.378 Y42.425 E96.21393
G1 X39.711 Y42.54 E96.22565
G1 X40.062 Y42.586 E96.23742
G1 X40.411 Y42.558 E96.24907
G1 X40.732 Y42.465 E96.26018
G0 F9000 X40.449 Y41.752
;TYPE:SKIN
G1 F600 X40.083 Y41.819 E96.27256
G1 X39.693 Y41.724 E96.28591
G1 X39.502 Y41.612 E96.29327
G1 X39.347 Y41.435 E96.3011
G1 X39.188 Y41.077 E96.31413
G1 X39.188 Y40.698 E96.32673
G1 X39.343 Y40.341 E96.33968
G1 X39.458 Y40.212 E96.34543
G1 X39.8 Y40.004 E96.35874
G1 X40.04 Y39.95 E96.36692
G1 X40.263 Y39.967 E96.37436
G1 X40.532 Y40.049 E96.38371
G1 X40.809 Y40.272 E96.39554
G1 X40.988 Y40.553 E96.40662
G1 X41.041 Y40.887 E96.41787
G1 X40.988 Y41.219 E96.42905
G1 X40.803 Y41.51 E96.44052
G1 X40.449 Y41.752 E96.45478
G0 F9000 X39.862 Y41.559
G1 F600 X39.428 Y41.125 E96.4752
G0 F9000 X39.454 Y40.586
G1 F600 X40.41 Y41.542 E96.52016
G0 F9000 X40.714 Y41.279
G1 F600 X39.721 Y40.287 E96.56685
G0 F9000 X40.177 Y40.177
G1 F600 X40.83 Y40.83 E96.59756
G1 F2700 E91.59756
;MESH:slupek3.stl(1)
G0 F9000 X41.286 Y40.758
G0 X41.581 Y40.891
G0 X42.662 Y40.721
G0 X46.191 Y40.759
G0 X47.262 Y40.535
G0 X48.74 Y41.158
G0 X49.089 Y41.307
;TYPE:WALL-INNER
G1 F2700 E96.59756
G1 F600 X49.141 Y41.292 E96.59936
G1 X49.381 Y41.164 E96.60841
G1 X49.591 Y40.987 E96.61755
G1 X49.75 Y40.788 E96.62602
G1 X49.871 Y40.544 E96.63508
G1 X49.956 Y40.221 E96.64618
G1 X49.939 Y39.893 E96.65711
G1 X49.87 Y39.635 E96.66599
G1 X49.72 Y39.331 E96.67727
G1 X49.488 Y39.091 E96.68837
G1 X49.214 Y38.907 E96.69935
G1 X48.826 Y38.798 E96.71275
G1 X48.497 Y38.806 E96.7237
G1 X48.168 Y38.879 E96.7349
G1 X47.822 Y39.086 E96.74832
G1 X47.603 Y39.338 E96.75942
G1 X47.469 Y39.571 E96.76836
G1 X47.391 Y39.821 E96.77707
G1 X47.358 Y40.152 E96.78813
G1 X47.428 Y40.491 E96.79965
G1 X47.53 Y40.728 E96.80823
G1 X47.683 Y40.942 E96.81698
G1 X47.883 Y41.129 E96.82608
G1 X48.103 Y41.26 E96.8346
G1 X48.359 Y41.348 E96.8436
G1 X48.628 Y41.384 E96.85263
G1 X48.896 Y41.363 E96.86157
G1 X49.089 Y41.307 E96.86826
G0 F9000 X49.222 Y41.685
;TYPE:WALL-OUTER
G1 F600 X49.292 Y41.665 E96.87068
G1 X49.607 Y41.497 E96.88255
G1 X49.879 Y41.267 E96.8944
G1 X50.09 Y41.004 E96.90561
G1 X50.247 Y40.685 E96.91744
G1 X50.358 Y40.263 E96.93195
G1 X50.337 Y39.831 E96.94634
G1 X50.247 Y39.492 E96.958
G1 X50.05 Y39.097 E96.97268
G1 X49.746 Y38.783 E96.98722
G1 X49.386 Y38.54 E97.00167
G1 X48.878 Y38.394 E97.01925
G1 X48.446 Y38.405 E97.03362
G1 X48.016 Y38.504 E97.0483
G1 X47.562 Y38.776 E97.0659
G1 X47.276 Y39.105 E97.0804
G1 X47.101 Y39.409 E97.09206
G1 X46.997 Y39.741 E97.10364
G1 X46.954 Y40.173 E97.11808
G1 X47.044 Y40.611 E97.13295
G1 X47.18 Y40.925 E97.14433
G1 X47.38 Y41.207 E97.15583
G1 X47.641 Y41.451 E97.16771
G1 X47.933 Y41.625 E97.17902
G1 X48.267 Y41.74 E97.19077
G1 X48.618 Y41.786 E97.20254
G1 X48.968 Y41.758 E97.21422
G1 X49.222 Y41.685 E97.22301
G0 F9000 X48.966 Y40.96
;TYPE:SKIN
G1 F600 X48.635 Y41.017 E97.23418
G1 X48.448 Y40.993 E97.24045
G1 X48.093 Y40.831 E97.25343
G1 X47.959 Y40.706 E97.25952
G1 X47.77 Y40.373 E97.27226
G1 X47.722 Y40.13 E97.2805
G1 X47.745 Y39.896 E97.28832
G1 X47.827 Y39.628 E97.29764
G1 X48.054 Y39.368 E97.30912
G1 X48.307 Y39.217 E97.31892
G1 X48.779 Y39.161 E97.33473
G1 X49.059 Y39.237 E97.34438
G1 X49.422 Y39.537 E97.36004
G1 X49.574 Y39.858 E97.37185
G1 X49.59 Y40.179 E97.38254
G1 X49.446 Y40.583 E97.39681
G1 X49.166 Y40.869 E97.41012
G1 X49.01 Y40.952 E97.416
G1 X48.966 Y40.96 E97.41748
G0 F9000 X48.903 Y41.236
G0 X48.394 Y41.191
G0 X48.06 Y41.037
G0 X47.632 Y40.655
G0 X47.944 Y40.024
G1 F600 X48.719 Y40.799 E97.45394
G0 F9000 X49.118 Y40.632
G1 F600 X48.102 Y39.616 E97.50173
G0 F9000 X48.45 Y39.399
G1 F600 X49.342 Y40.291 E97.54369
G1 F2700 E92.54369
;MESH:NONMESH
G0 F300 X49.342 Y40.291 Z8.8
G0 F9000 X49.538 Y40.866
G0 X47.755 Y40.606
G0 X47.262 Y40.535
G0 X46.191 Y40.759
G0 X42.604 Y41.434
G0 X41.522 Y41.265
G0 X40.356 Y42.034
G0 X40.582 Y42.092
;TIME_ELAPSED:373.202639
;LAYER:43
;note -- min layer time used
;TYPE:WALL-INNER
;MESH:slupek3.stl
G1 F2700 E97.54369
G1 F600 X40.827 Y41.963 E97.55289
G1 X41.08 Y41.751 E97.56387
G1 X41.26 Y41.468 E97.57503
G1 X41.357 Y41.217 E97.58398
G1 X41.408 Y40.889 E97.59502
G1 X41.357 Y40.563 E97.60599
G1 X41.26 Y40.306 E97.61513
G1 X41.084 Y40.03 E97.62602
G1 X40.822 Y39.815 E97.63729
G1 X40.585 Y39.687 E97.64625
G1 X40.333 Y39.614 E97.65497
G1 X40.01 Y39.587 E97.66576
G1 X39.673 Y39.666 E97.67727
G1 X39.44 Y39.777 E97.68585
G1 X39.22 Y39.941 E97.69498
G1 X39.044 Y40.138 E97.70376
G1 X38.913 Y40.374 E97.71274
G1 X38.831 Y40.626 E97.72156
G1 X38.804 Y40.889 E97.73035
G1 X38.831 Y41.155 E97.73924
G1 X38.912 Y41.405 E97.74798
G1 X39.045 Y41.639 E97.75694
G1 X39.27 Y41.893 E97.76822
G1 X39.548 Y42.061 E97.77902
G1 X39.803 Y42.149 E97.788
G1 X40.072 Y42.184 E97.79702
G1 X40.339 Y42.162 E97.80593
G1 X40.582 Y42.092 E97.81434
G0 F9000 X40.732 Y42.465
;TYPE:WALL-OUTER
G1 F600 X41.051 Y42.297 E97.82633
G1 X41.384 Y42.018 E97.84078
G1 X41.62 Y41.649 E97.85535
G1 X41.745 Y41.32 E97.86706
G1 X41.813 Y40.889 E97.88157
G1 X41.745 Y40.46 E97.89601
G1 X41.62 Y40.126 E97.90788
G1 X41.388 Y39.762 E97.92223
G1 X41.047 Y39.48 E97.93695
G1 X40.736 Y39.315 E97.94866
G1 X40.407 Y39.218 E97.96007
G1 X39.98 Y39.183 E97.97432
G1 X39.539 Y39.286 E97.98938
G1 X39.232 Y39.433 E98.0007
G1 X38.948 Y39.645 E98.01249
G1 X38.716 Y39.905 E98.02408
G1 X38.545 Y40.213 E98.0358
G1 X38.437 Y40.542 E98.04731
G1 X38.402 Y40.889 E98.05891
G1 X38.437 Y41.238 E98.07058
G1 X38.544 Y41.567 E98.08209
G1 X38.717 Y41.871 E98.09372
G1 X39.01 Y42.204 E98.10847
G1 X39.378 Y42.425 E98.12275
G1 X39.711 Y42.54 E98.13447
G1 X40.062 Y42.586 E98.14624
G1 X40.411 Y42.558 E98.15789
G1 X40.732 Y42.465 E98.169
G0 F9000 X40.449 Y41.752
;TYPE:SKIN
G1 F600 X40.083 Y41.819 E98.18138
G1 X39.693 Y41.724 E98.19473
G1 X39.502 Y41.612 E98.20209
G1 X39.347 Y41.435 E98.20992
G1 X39.188 Y41.077 E98.22295
G1 X39.188 Y40.698 E98.23555
G1 X39.343 Y40.341 E98.2485
G1 X39.458 Y40.212 E98.25424
G1 X39.8 Y40.004 E98.26756
G1 X40.04 Y39.95 E98.27574
G1 X40.263 Y39.967 E98.28318
G1 X40.532 Y40.049 E98.29253
G1 X40.809 Y40.272 E98.30436
G1 X40.988 Y40.553 E98.31544
G1 X41.041 Y40.887 E98.32669
G1 X40.988 Y41.219 E98.33787
G1 X40.803 Y41.51 E98.34934
G1 X40.449 Y41.752 E98.3636
G0 F9000 X40.356 Y42.034
G0 X40.958 Y41.643
G0 X41.139 Y41.359
G0 X41.258 Y40.585
G0 X40.802 Y40.657
G1 F600 X39.891 Y41.567 E98.40643
G0 F9000 X39.541 Y41.352
G1 F600 X40.562 Y40.331 E98.45445
G0 F9000 X40.155 Y40.172
G1 F600 X39.388 Y40.939 E98.49053
G1 F2700 E93.49053
;MESH:slupek3.stl(1)
G0 F9000 X38.928 Y40.925
G0 X39.176 Y41.543
G0 X39.374 Y41.768
G0 X39.618 Y41.915
G0 X40.076 Y42.022
G0 X40.519 Y41.943
G0 X40.875 Y41.7
G0 X41.581 Y40.891
G0 X42.662 Y40.721
G0 X46.191 Y40.759
G0 X47.262 Y40.535
G0 X48.74 Y41.158
G0 X49.089 Y41.307
;TYPE:WALL-INNER
G1 F2700 E98.49053
G1 F600 X49.141 Y41.292 E98.49233
G1 X49.381 Y41.164 E98.50138
G1 X49.591 Y40.987 E98.51051
G1 X49.75 Y40.788 E98.51898
G1 X49.871 Y40.544 E98.52804
G1 X49.956 Y40.221 E98.53915
G1 X49.939 Y39.893 E98.55008
G1 X49.87 Y39.635 E98.55896
G1 X49.72 Y39.331 E98.57023
G1 X49.488 Y39.091 E98.58134
G1 X49.214 Y38.907 E98.59231
G1 X48.826 Y38.798 E98.60572
G1 X48.497 Y38.806 E98.61666
G1 X48.168 Y38.879 E98.62787
G1 X47.822 Y39.086 E98.64128
G1 X47.603 Y39.338 E98.65239
G1 X47.469 Y39.571 E98.66133
G1 X47.391 Y39.821 E98.67004
G1 X47.358 Y40.152 E98.6811
G1 X47.428 Y40.491 E98.69261
G1 X47.53 Y40.728 E98.7012
G1 X47.683 Y40.942 E98.70994
G1 X47.883 Y41.129 E98.71905
G1 X48.103 Y41.26 E98.72757
G1 X48.359 Y41.348 E98.73657
G1 X48.628 Y41.384 E98.7456
G1 X48.896 Y41.363 E98.75454
G1 X49.089 Y41.307 E98.76122
G0 F9000 X49.222 Y41.685
;TYPE:WALL-OUTER
G1 F600 X49.292 Y41.665 E98.76364
G1 X49.607 Y41.497 E98.77552
G1 X49.879 Y41.267 E98.78737
G1 X50.09 Y41.004 E98.79858
G1 X50.247 Y40.685 E98.81041
G1 X50.358 Y40.263 E98.82492
G1 X50.337 Y39.831 E98.8393
G1 X50.247 Y39.492 E98.85097
G1 X50.05 Y39.097 E98.86565
G1 X49.746 Y38.783 E98.88019
G1 X49.386 Y38.54 E98.89463
G1 X48.878 Y38.394 E98.91221
G1 X48.446 Y38.405 E98.92659
G1 X48.016 Y38.504 E98.94126
G1 X47.562 Y38.776 E98.95887
G1 X47.276 Y39.105 E98.97336
G1 X47.101 Y39.409 E98.98503
G1 X46.997 Y39.741 E98.9966
G1 X46.954 Y40.173 E99.01104
G1 X47.044 Y40.611 E99.02591
G1 X47.18 Y40.925 E99.0373
G1 X47.38 Y41.207 E99.04879
G1 X47.641 Y41.451 E99.06068
G1 X47.933 Y41.625 E99.07198
G1 X48.267 Y41.74 E99.08373
G1 X48.618 Y41.786 E99.09551
G1 X48.968 Y41.758 E99.10719
G1 X49.222 Y41.685 E99.11598
G0 F9000 X48.966 Y40.96
;TYPE:SKIN
G1 F600 X48.635 Y41.017 E99.12715
G1 X48.448 Y40.993 E99.13342
G1 X48.093 Y40.831 E99.1464
G1 X47.959 Y40.706 E99.15249
G1 X47.77 Y40.373 E99.16523
G1 X47.722 Y40.13 E99.17346
G1 X47.745 Y39.896 E99.18128
G1 X47.827 Y39.628 E99.19061
G1 X48.054 Y39.368 E99.20209
G1 X48.307 Y39.217 E99.21189
G1 X48.779 Y39.161 E99.22769
G1 X49.059 Y39.237 E99.23734
G1 X49.422 Y39.537 E99.25301
G1 X49.574 Y39.858 E99.26482
G1 X49.59 Y40.179 E99.27551
G1 X49.446 Y40.583 E99.28978
G1 X49.166 Y40.869 E99.30309
G1 X49.01 Y40.952 E99.30896
G1 X48.966 Y40.96 E99.31045
G0 F9000 X48.57 Y40.808
G1 F600 X49.38 Y39.998 E99.34855
G0 F9000 X49.203 Y39.609
G1 F600 X48.177 Y40.636 E99.39684
G0 F9000 X47.958 Y40.289
G1 F600 X48.858 Y39.389 E99.43917
G1 F2700 E94.43917
;MESH:NONMESH
G0 F300 X48.858 Y39.389 Z9
G0 F9000 X48.979 Y38.946
G0 X48.23 Y39.03
G0 X47.927 Y39.211
G0 X47.704 Y39.468
G0 X47.262 Y40.535
G0 X46.191 Y40.759
G0 X42.604 Y41.434
G0 X41.522 Y41.265
G0 X40.356 Y42.034
G0 X40.582 Y42.092
;TIME_ELAPSED:381.321243
;LAYER:44
;note -- min layer time used
;TYPE:WALL-INNER
;MESH:slupek3.stl
G1 F2700 E99.43917
G1 F600 X40.827 Y41.963 E99.44838
G1 X41.08 Y41.751 E99.45936
G1 X41.26 Y41.468 E99.47051
G1 X41.357 Y41.217 E99.47946
G1 X41.408 Y40.889 E99.4905
G1 X41.357 Y40.563 E99.50148
G1 X41.26 Y40.306 E99.51061
G1 X41.084 Y40.03 E99.5215
G1 X40.822 Y39.815 E99.53277
G1 X40.585 Y39.687 E99.54173
G1 X40.333 Y39.614 E99.55046
G1 X40.01 Y39.587 E99.56124
G1 X39.673 Y39.666 E99.57275
G1 X39.44 Y39.777 E99.58134
G1 X39.22 Y39.941 E99.59046
G1 X39.044 Y40.138 E99.59925
G1 X38.913 Y40.374 E99.60823
G1 X38.831 Y40.626 E99.61704
G1 X38.804 Y40.889 E99.62583
G1 X38.831 Y41.155 E99.63473
G1 X38.912 Y41.405 E99.64347
G1 X39.045 Y41.639 E99.65242
G1 X39.27 Y41.893 E99.6637
G1 X39.548 Y42.061 E99.67451
G1 X39.803 Y42.149 E99.68348
G1 X40.072 Y42.184 E99.6925
G1 X40.339 Y42.162 E99.70141
G1 X40.582 Y42.092 E99.70982
G0 F9000 X40.732 Y42.465
;TYPE:WALL-OUTER
G1 F600 X41.051 Y42.297 E99.72182
G1 X41.384 Y42.018 E99.73626
G1 X41.62 Y41.649 E99.75083
G1 X41.745 Y41.32 E99.76254
G1 X41.813 Y40.889 E99.77705
G1 X41.745 Y40.46 E99.7915
G1 X41.62 Y40.126 E99.80336
G1 X41.388 Y39.762 E99.81772
G1 X41.047 Y39.48 E99.83243
G1 X40.736 Y39.315 E99.84414
G1 X40.407 Y39.218 E99.85555
G1 X39.98 Y39.183 E99.8698
G1 X39.539 Y39.286 E99.88486
G1 X39.232 Y39.433 E99.89618
G1 X38.948 Y39.645 E99.90797
G1 X38.716 Y39.905 E99.91956
G1 X38.545 Y40.213 E99.93128
G1 X38.437 Y40.542 E99.9428
G1 X38.402 Y40.889 E99.9544
G1 X38.437 Y41.238 E99.96606
G1 X38.544 Y41.567 E99.97757
G1 X38.717 Y41.871 E99.9892
G1 X39.01 Y42.204 E100.00396
G1 X39.378 Y42.425 E100.01823
G1 X39.711 Y42.54 E100.02995
G1 X40.062 Y42.586 E100.04172
G1 X40.411 Y42.558 E100.05337
G1 X40.732 Y42.465 E100.06448
G0 F9000 X40.449 Y41.752
;TYPE:SKIN
G1 F600 X40.083 Y41.819 E100.07686
G1 X39.693 Y41.724 E100.09021
G1 X39.502 Y41.612 E100.09758
G1 X39.347 Y41.435 E100.1054
G1 X39.188 Y41.077 E100.11843
G1 X39.188 Y40.698 E100.13103
G1 X39.343 Y40.341 E100.14398
G1 X39.458 Y40.212 E100.14973
G1 X39.8 Y40.004 E100.16304
G1 X40.04 Y39.95 E100.17122
G1 X40.263 Y39.967 E100.17866
G1 X40.532 Y40.049 E100.18801
G1 X40.809 Y40.272 E100.19984
G1 X40.988 Y40.553 E100.21092
G1 X41.041 Y40.887 E100.22217
G1 X40.988 Y41.219 E100.23335
G1 X40.803 Y41.51 E100.24482
G1 X40.449 Y41.752 E100.25909
G0 F9000 X39.862 Y41.559
G1 F600 X39.428 Y41.125 E100.2795
G0 F9000 X39.454 Y40.586
G1 F600 X40.41 Y41.542 E100.32447
G0 F9000 X40.714 Y41.279
G1 F600 X39.721 Y40.287 E100.37115
G0 F9000 X40.177 Y40.177
G1 F600 X40.83 Y40.83 E100.40187
G1 F2700 E95.40187
;MESH:slupek3.stl(1)
G0 F9000 X41.286 Y40.758
G0 X41.581 Y40.891
G0 X42.662 Y40.721
G0 X46.191 Y40.759
G0 X47.262 Y40.535
G0 X48.74 Y41.158
G0 X49.089 Y41.307
;TYPE:WALL-INNER
G1 F2700 E100.40187
G1 F600 X49.141 Y41.292 E100.40367
G1 X49.381 Y41.164 E100.41271
G1 X49.591 Y40.987 E100.42185
G1 X49.75 Y40.788 E100.43032
G1 X49.871 Y40.544 E100.43938
G1 X49.956 Y40.221 E100.45049
G1 X49.939 Y39.893 E100.46141
G1 X49.87 Y39.635 E100.47029
G1 X49.72 Y39.331 E100.48157
G1 X49.488 Y39.091 E100.49267
G1 X49.214 Y38.907 E100.50365
G1 X48.826 Y38.798 E100.51705
G1 X48.497 Y38.806 E100.528
G1 X48.168 Y38.879 E100.53921
G1 X47.822 Y39.086 E100.55262
G1 X47.603 Y39.338 E100.56372
G1 X47.469 Y39.571 E100.57266
G1 X47.391 Y39.821 E100.58137
G1 X47.358 Y40.152 E100.59244
G1 X47.428 Y40.491 E100.60395
G1 X47.53 Y40.728 E100.61253
G1 X47.683 Y40.942 E100.62128
G1 X47.883 Y41.129 E100.63039
G1 X48.103 Y41.26 E100.6389
G1 X48.359 Y41.348 E100.64791
G1 X48.628 Y41.384 E100.65693
G1 X48.896 Y41.363 E100.66587
G1 X49.089 Y41.307 E100.67256
G0 F9000 X49.222 Y41.685
;TYPE:WALL-OUTER
G1 F600 X49.292 Y41.665 E100.67498
G1 X49.607 Y41.497 E100.68685
G1 X49.879 Y41.267 E100.6987
G1 X50.09 Y41.004 E100.70992
G1 X50.247 Y40.685 E100.72174
G1 X50.358 Y40.263 E100.73625
G1 X50.337 Y39.831 E100.75064
G1 X50.247 Y39.492 E100.76231
G1 X50.05 Y39.097 E100.77699
G1 X49.746 Y38.783 E100.79152
G1 X49.386 Y38.54 E100.80597
G1 X48.878 Y38.394 E100.82355
G1 X48.446 Y38.405 E100.83792
G1 X48.016 Y38.504 E100.8526
G1 X47.562 Y38.776 E100.8702
G1 X47.276 Y39.105 E100.8847
G1 X47.101 Y39.409 E100.89637
G1 X46.997 Y39.741 E100.90794
G1 X46.954 Y40.173 E100.92238
G1 X47.044 Y40.611 E100.93725
G1 X47.18 Y40.925 E100.94863
G1 X47.38 Y41.207 E100.96013
G1 X47.641 Y41.451 E100.97201
G1 X47.933 Y41.625 E100.98332
G1 X48.267 Y41.74 E100.99507
G1 X48.618 Y41.786 E101.00684
G1 X48.968 Y41.758 E101.01852
G1 X49.222 Y41.685 E101.02731
G0 F9000 X48.966 Y40.96
;TYPE:SKIN
G1 F600 X48.635 Y41.017 E101.03848
G1 X48.448 Y40.993 E101.04475
G1 X48.093 Y40.831 E101.05773
G1 X47.959 Y40.706 E101.06383
G1 X47.77 Y40.373 E101.07656
G1 X47.722 Y40.13 E101.0848
G1 X47.745 Y39.896 E101.09262
G1 X47.827 Y39.628 E101.10194
G1 X48.054 Y39.368 E101.11342
G1 X48.307 Y39.217 E101.12322
G1 X48.779 Y39.161 E101.13903
G1 X49.059 Y39.237 E101.14868
G1 X49.422 Y39.537 E101.16434
G1 X49.574 Y39.858 E101.17616
G1 X49.59 Y40.179 E101.18684
G1 X49.446 Y40.583 E101.20111
G1 X49.166 Y40.869 E101.21442
G1 X49.01 Y40.952 E101.2203
G1 X48.966 Y40.96 E101.22179
G0 F9000 X48.903 Y41.236
G0 X48.394 Y41.191
G0 X48.06 Y41.037
G0 X47.632 Y40.655
G0 X47.944 Y40.024
G1 F600 X48.719 Y40.799 E101.25824
G0 F9000 X49.118 Y40.632
G1 F600 X48.102 Y39.616 E101.30603
G0 F9000 X48.45 Y39.399
G1 F600 X49.342 Y40.291 E101.34799
G1 F2700 E96.34799
;MESH:NONMESH
G0 F300 X49.342 Y40.291 Z9.2
G0 F9000 X49.538 Y40.866
G0 X47.755 Y40.606
G0 X47.262 Y40.535
G0 X46.191 Y40.759
G0 X42.604 Y41.434
G0 X41.522 Y41.265
G0 X40.356 Y42.034
G0 X40.582 Y42.092
;TIME_ELAPSED:389.346323
;LAYER:45
;note -- min layer time used
;TYPE:WALL-INNER
;MESH:slupek3.stl
G1 F2700 E101.34799
G1 F600 X40.827 Y41.963 E101.3572
G1 X41.08 Y41.751 E101.36817
G1 X41.26 Y41.468 E101.37933
G1 X41.357 Y41.217 E101.38828
G1 X41.408 Y40.889 E101.39932
G1 X41.357 Y40.563 E101.4103
G1 X41.26 Y40.306 E101.41943
G1 X41.084 Y40.03 E101.43032
G1 X40.822 Y39.815 E101.44159
G1 X40.585 Y39.687 E101.45055
G1 X40.333 Y39.614 E101.45928
G1 X40.01 Y39.587 E101.47006
G1 X39.673 Y39.666 E101.48157
G1 X39.44 Y39.777 E101.49015
G1 X39.22 Y39.941 E101.49928
G1 X39.044 Y40.138 E101.50807
G1 X38.913 Y40.374 E101.51704
G1 X38.831 Y40.626 E101.52586
G1 X38.804 Y40.889 E101.53465
G1 X38.831 Y41.155 E101.54354
G1 X38.912 Y41.405 E101.55229
G1 X39.045 Y41.639 E101.56124
G1 X39.27 Y41.893 E101.57252
G1 X39.548 Y42.061 E101.58333
G1 X39.803 Y42.149 E101.5923
G1 X40.072 Y42.184 E101.60132
G1 X40.339 Y42.162 E101.61023
G1 X40.582 Y42.092 E101.61864
G0 F9000 X40.732 Y42.465
;TYPE:WALL-OUTER
G1 F600 X41.051 Y42.297 E101.63063
G1 X41.384 Y42.018 E101.64508
G1 X41.62 Y41.649 E101.65965
G1 X41.745 Y41.32 E101.67136
G1 X41.813 Y40.889 E101.68587
G1 X41.745 Y40.46 E101.70032
G1 X41.62 Y40.126 E101.71218
G1 X41.388 Y39.762 E101.72653
G1 X41.047 Y39.48 E101.74125
G1 X40.736 Y39.315 E101.75296
G1 X40.407 Y39.218 E101.76437
G1 X39.98 Y39.183 E101.77862
G1 X39.539 Y39.286 E101.79368
G1 X39.232 Y39.433 E101.805
G1 X38.948 Y39.645 E101.81679
G1 X38.716 Y39.905 E101.82838
G1 X38.545 Y40.213 E101.8401
G1 X38.437 Y40.542 E101.85161
G1 X38.402 Y40.889 E101.86321
G1 X38.437 Y41.238 E101.87488
G1 X38.544 Y41.567 E101.88639
G1 X38.717 Y41.871 E101.89802
G1 X39.01 Y42.204 E101.91277
G1 X39.378 Y42.425 E101.92705
G1 X39.711 Y42.54 E101.93877
G1 X40.062 Y42.586 E101.95054
G1 X40.411 Y42.558 E101.96219
G1 X40.732 Y42.465 E101.9733
G0 F9000 X40.449 Y41.752
;TYPE:SKIN
G1 F600 X40.083 Y41.819 E101.98568
G1 X39.693 Y41.724 E101.99903
G1 X39.502 Y41.612 E102.00639
G1 X39.347 Y41.435 E102.01422
G1 X39.188 Y41.077 E102.02725
G1 X39.188 Y40.698 E102.03985
G1 X39.343 Y40.341 E102.0528
G1 X39.458 Y40.212 E102.05855
G1 X39.8 Y40.004 E102.07186
G1 X40.04 Y39.95 E102.08004
G1 X40.263 Y39.967 E102.08748
G1 X40.532 Y40.049 E102.09683
G1 X40.809 Y40.272 E102.10866
G1 X40.988 Y40.553 E102.11974
G1 X41.041 Y40.887 E102.13099
G1 X40.988 Y41.219 E102.14217
G1 X40.803 Y41.51 E102.15364
G1 X40.449 Y41.752 E102.1679
G0 F9000 X40.356 Y42.034
G0 X40.958 Y41.643
G0 X41.139 Y41.359
G0 X41.258 Y40.585
G0 X40.802 Y40.657
G1 F600 X39.891 Y41.567 E102.21073
G0 F9000 X39.541 Y41.352
G1 F600 X40.562 Y40.331 E102.25876
G0 F9000 X40.155 Y40.172
G1 F600 X39.388 Y40.939 E102.29483
G1 F2700 E97.29483
;MESH:slupek3.stl(1)
G0 F9000 X38.928 Y40.925
G0 X39.176 Y41.543
G0 X39.374 Y41.768
G0 X39.618 Y41.915
G0 X40.076 Y42.022
G0 X40.519 Y41.943
G0 X40.875 Y41.7
G0 X41.581 Y40.891
G0 X42.662 Y40.721
G0 X46.191 Y40.759
G0 X47.262 Y40.535
G0 X48.74 Y41.158
G0 X49.089 Y41.307
;TYPE:WALL-INNER
G1 F2700 E102.29483
G1 F600 X49.141 Y41.292 E102.29663
G1 X49.381 Y41.164 E102.30568
G1 X49.591 Y40.987 E102.31481
G1 X49.75 Y40.788 E102.32329
G1 X49.871 Y40.544 E102.33234
G1 X49.956 Y40.221 E102.34345
G1 X49.939 Y39.893 E102.35438
G1 X49.87 Y39.635 E102.36326
G1 X49.72 Y39.331 E102.37454
G1 X49.488 Y39.091 E102.38564
G1 X49.214 Y38.907 E102.39662
G1 X48.826 Y38.798 E102.41002
G1 X48.497 Y38.806 E102.42097
G1 X48.168 Y38.879 E102.43217
G1 X47.822 Y39.086 E102.44558
G1 X47.603 Y39.338 E102.45669
G1 X47.469 Y39.571 E102.46563
G1 X47.391 Y39.821 E102.47434
G1 X47.358 Y40.152 E102.4854
G1 X47.428 Y40.491 E102.49692
G1 X47.53 Y40.728 E102.5055
G1 X47.683 Y40.942 E102.51425
G1 X47.883 Y41.129 E102.52335
G1 X48.103 Y41.26 E102.53187
G1 X48.359 Y41.348 E102.54087
G1 X48.628 Y41.384 E102.5499
G1 X48.896 Y41.363 E102.55884
G1 X49.089 Y41.307 E102.56553
G0 F9000 X49.222 Y41.685
;TYPE:WALL-OUTER
G1 F600 X49.292 Y41.665 E102.56795
G1 X49.607 Y41.497 E102.57982
G1 X49.879 Y41.267 E102.59167
G1 X50.09 Y41.004 E102.60288
G1 X50.247 Y40.685 E102.61471
G1 X50.358 Y40.263 E102.62922
G1 X50.337 Y39.831 E102.64361
G1 X50.247 Y39.492 E102.65527
G1 X50.05 Y39.097 E102.66995
G1 X49.746 Y38.783 E102.68449
G1 X49.386 Y38.54 E102.69894
G1 X48.878 Y38.394 E102.71652
G1 X48.446 Y38.405 E102.73089
G1 X48.016 Y38.504 E102.74557
G1 X47.562 Y38.776 E102.76317
G1 X47.276 Y39.105 E102.77767
G1 X47.101 Y39.409 E102.78933
G1 X46.997 Y39.741 E102.80091
G1 X46.954 Y40.173 E102.81534
G1 X47.044 Y40.611 E102.83022
G1 X47.18 Y40.925 E102.8416
G1 X47.38 Y41.207 E102.8531
G1 X47.641 Y41.451 E102.86498
G1 X47.933 Y41.625 E102.87629
G1 X48.267 Y41.74 E102.88803
G1 X48.618 Y41.786 E102.89981
G1 X48.968 Y41.758 E102.91149
G1 X49.222 Y41.685 E102.92028
G0 F9000 X48.966 Y40.96
;TYPE:SKIN
G1 F600 X48.635 Y41.017 E102.93145
G1 X48.448 Y40.993 E102.93772
G1 X48.093 Y40.831 E102.9507
G1 X47.959 Y40.706 E102.95679
G1 X47.77 Y40.373 E102.96953
G1 X47.722 Y40.13 E102.97777
G1 X47.745 Y39.896 E102.98559
G1 X47.827 Y39.628 E102.99491
G1 X48.054 Y39.368 E103.00639
G1 X48.307 Y39.217 E103.01619
G1 X48.779 Y39.161 E103.032
G1 X49.059 Y39.237 E103.04165
G1 X49.422 Y39.537 E103.05731
G1 X49.574 Y39.858 E103.06912
G1 X49.59 Y40.179 E103.07981
G1 X49.446 Y40.583 E103.09408
G1 X49.166 Y40.869 E103.10739
G1 X49.01 Y40.952 E103.11327
G1 X48.966 Y40.96 E103.11475
G0 F9000 X48.57 Y40.808
G1 F600 X49.38 Y39.998 E103.15285
G0 F9000 X49.203 Y39.609
G1 F600 X48.177 Y40.636 E103.20114
G0 F9000 X47.958 Y40.289
G1 F600 X48.858 Y39.389 E103.24347
G1 F2700 E98.24347
;MESH:NONMESH
G0 F300 X48.858 Y39.389 Z9.4
G0 F9000 X48.979 Y38.946
G0 X48.23 Y39.03
G0 X47.927 Y39.211
G0 X47.704 Y39.468
G0 X47.262 Y40.535
G0 X46.191 Y40.759
G0 X42.604 Y41.434
G0 X41.522 Y41.265
G0 X40.356 Y42.034
G0 X40.582 Y42.092
;TIME_ELAPSED:397.464926
;LAYER:46
;note -- min layer time used
;TYPE:WALL-INNER
;MESH:slupek3.stl
G1 F2700 E103.24347
G1 F600 X40.827 Y41.963 E103.25268
G1 X41.08 Y41.751 E103.26366
G1 X41.26 Y41.468 E103.27481
G1 X41.357 Y41.217 E103.28376
G1 X41.408 Y40.889 E103.2948
G1 X41.357 Y40.563 E103.30578
G1 X41.26 Y40.306 E103.31492
G1 X41.084 Y40.03 E103.3258
G1 X40.822 Y39.815 E103.33708
G1 X40.585 Y39.687 E103.34603
G1 X40.333 Y39.614 E103.35476
G1 X40.01 Y39.587 E103.36554
G1 X39.673 Y39.666 E103.37705
G1 X39.44 Y39.777 E103.38564
G1 X39.22 Y39.941 E103.39476
G1 X39.044 Y40.138 E103.40355
G1 X38.913 Y40.374 E103.41253
G1 X38.831 Y40.626 E103.42134
G1 X38.804 Y40.889 E103.43014
G1 X38.831 Y41.155 E103.43903
G1 X38.912 Y41.405 E103.44777
G1 X39.045 Y41.639 E103.45672
G1 X39.27 Y41.893 E103.46801
G1 X39.548 Y42.061 E103.47881
G1 X39.803 Y42.149 E103.48778
G1 X40.072 Y42.184 E103.4968
G1 X40.339 Y42.162 E103.50572
G1 X40.582 Y42.092 E103.51413
G0 F9000 X40.732 Y42.465
;TYPE:WALL-OUTER
G1 F600 X41.051 Y42.297 E103.52612
G1 X41.384 Y42.018 E103.54057
G1 X41.62 Y41.649 E103.55514
G1 X41.745 Y41.32 E103.56684
G1 X41.813 Y40.889 E103.58135
G1 X41.745 Y40.46 E103.5958
G1 X41.62 Y40.126 E103.60766
G1 X41.388 Y39.762 E103.62202
G1 X41.047 Y39.48 E103.63674
G1 X40.736 Y39.315 E103.64845
G1 X40.407 Y39.218 E103.65985
G1 X39.98 Y39.183 E103.6741
G1 X39.539 Y39.286 E103.68917
G1 X39.232 Y39.433 E103.70049
G1 X38.948 Y39.645 E103.71227
G1 X38.716 Y39.905 E103.72386
G1 X38.545 Y40.213 E103.73558
G1 X38.437 Y40.542 E103.7471
G1 X38.402 Y40.889 E103.7587
G1 X38.437 Y41.238 E103.77036
G1 X38.544 Y41.567 E103.78187
G1 X38.717 Y41.871 E103.7935
G1 X39.01 Y42.204 E103.80826
G1 X39.378 Y42.425 E103.82253
G1 X39.711 Y42.54 E103.83425
G1 X40.062 Y42.586 E103.84603
G1 X40.411 Y42.558 E103.85767
G1 X40.732 Y42.465 E103.86879
G0 F9000 X40.449 Y41.752
;TYPE:SKIN
G1 F600 X40.083 Y41.819 E103.88116
G1 X39.693 Y41.724 E103.89451
G1 X39.502 Y41.612 E103.90188
G1 X39.347 Y41.435 E103.9097
G1 X39.188 Y41.077 E103.92273
G1 X39.188 Y40.698 E103.93534
G1 X39.343 Y40.341 E103.94828
G1 X39.458 Y40.212 E103.95403
G1 X39.8 Y40.004 E103.96734
G1 X40.04 Y39.95 E103.97552
G1 X40.263 Y39.967 E103.98296
G1 X40.532 Y40.049 E103.99232
G1 X40.809 Y40.272 E104.00414
G1 X40.988 Y40.553 E104.01523
G1 X41.041 Y40.887 E104.02647
G1 X40.988 Y41.219 E104.03766
G1 X40.803 Y41.51 E104.04912
G1 X40.449 Y41.752 E104.06339
G0 F9000 X39.862 Y41.559
G1 F600 X39.428 Y41.125 E104.0838
G0 F9000 X39.454 Y40.586
G1 F600 X40.41 Y41.542 E104.12877
G0 F9000 X40.714 Y41.279
G1 F600 X39.721 Y40.287 E104.17545
G0 F9000 X40.177 Y40.177
G1 F600 X40.83 Y40.83 E104.20617
G1 F2700 E99.20617
;MESH:slupek3.stl(1)
G0 F9000 X41.286 Y40.758
G0 X41.581 Y40.891
G0 X42.662 Y40.721
G0 X46.191 Y40.759
G0 X47.262 Y40.535
G0 X48.74 Y41.158
G0 X49.089 Y41.307
;TYPE:WALL-INNER
G1 F2700 E104.20617
G1 F600 X49.141 Y41.292 E104.20797
G1 X49.381 Y41.164 E104.21701
G1 X49.591 Y40.987 E104.22615
G1 X49.75 Y40.788 E104.23462
G1 X49.871 Y40.544 E104.24368
G1 X49.956 Y40.221 E104.25479
G1 X49.939 Y39.893 E104.26571
G1 X49.87 Y39.635 E104.2746
G1 X49.72 Y39.331 E104.28587
G1 X49.488 Y39.091 E104.29697
G1 X49.214 Y38.907 E104.30795
G1 X48.826 Y38.798 E104.32135
G1 X48.497 Y38.806 E104.3323
G1 X48.168 Y38.879 E104.34351
G1 X47.822 Y39.086 E104.35692
G1 X47.603 Y39.338 E104.36802
G1 X47.469 Y39.571 E104.37696
G1 X47.391 Y39.821 E104.38567
G1 X47.358 Y40.152 E104.39674
G1 X47.428 Y40.491 E104.40825
G1 X47.53 Y40.728 E104.41683
G1 X47.683 Y40.942 E104.42558
G1 X47.883 Y41.129 E104.43469
G1 X48.103 Y41.26 E104.4432
G1 X48.359 Y41.348 E104.45221
G1 X48.628 Y41.384 E104.46124
G1 X48.896 Y41.363 E104.47018
G1 X49.089 Y41.307 E104.47686
G0 F9000 X49.222 Y41.685
;TYPE:WALL-OUTER
G1 F600 X49.292 Y41.665 E104.47928
G1 X49.607 Y41.497 E104.49116
G1 X49.879 Y41.267 E104.503
G1 X50.09 Y41.004 E104.51422
G1 X50.247 Y40.685 E104.52604
G1 X50.358 Y40.263 E104.54056
G1 X50.337 Y39.831 E104.55494
G1 X50.247 Y39.492 E104.56661
G1 X50.05 Y39.097 E104.58129
G1 X49.746 Y38.783 E104.59582
G1 X49.386 Y38.54 E104.61027
G1 X48.878 Y38.394 E104.62785
G1 X48.446 Y38.405 E104.64222
G1 X48.016 Y38.504 E104.6569
G1 X47.562 Y38.776 E104.6745
G1 X47.276 Y39.105 E104.689
G1 X47.101 Y39.409 E104.70067
G1 X46.997 Y39.741 E104.71224
G1 X46.954 Y40.173 E104.72668
G1 X47.044 Y40.611 E104.74155
G1 X47.18 Y40.925 E104.75293
G1 X47.38 Y41.207 E104.76443
G1 X47.641 Y41.451 E104.77632
G1 X47.933 Y41.625 E104.78762
G1 X48.267 Y41.74 E104.79937
G1 X48.618 Y41.786 E104.81114
G1 X48.968 Y41.758 E104.82282
G1 X49.222 Y41.685 E104.83161
G0 F9000 X48.966 Y40.96
;TYPE:SKIN
G1 F600 X48.635 Y41.017 E104.84278
G1 X48.448 Y40.993 E104.84905
G1 X48.093 Y40.831 E104.86203
G1 X47.959 Y40.706 E104.86813
G1 X47.77 Y40.373 E104.88086
G1 X47.722 Y40.13 E104.8891
G1 X47.745 Y39.896 E104.89692
G1 X47.827 Y39.628 E104.90624
G1 X48.054 Y39.368 E104.91772
G1 X48.307 Y39.217 E104.92752
G1 X48.779 Y39.161 E104.94333
G1 X49.059 Y39.237 E104.95298
G1 X49.422 Y39.537 E104.96864
G1 X49.574 Y39.858 E104.98046
G1 X49.59 Y40.179 E104.99115
G1 X49.446 Y40.583 E105.00541
G1 X49.166 Y40.869 E105.01872
G1 X49.01 Y40.952 E105.0246
G1 X48.966 Y40.96 E105.02609
G0 F9000 X48.903 Y41.236
G0 X48.394 Y41.191
G0 X48.06 Y41.037
G0 X47.632 Y40.655
G0 X47.944 Y40.024
G1 F600 X48.719 Y40.799 E105.06254
G0 F9000 X49.118 Y40.632
G1 F600 X48.102 Y39.616 E105.11033
G0 F9000 X48.45 Y39.399
G1 F600 X49.342 Y40.291 E105.15229
G1 F2700 E100.15229
;MESH:NONMESH
G0 F300 X49.342 Y40.291 Z9.6
G0 F9000 X49.538 Y40.866
G0 X47.755 Y40.606
G0 X47.262 Y40.535
G0 X46.191 Y40.759
G0 X42.604 Y41.434
G0 X41.522 Y41.265
G0 X40.356 Y42.034
G0 X40.582 Y42.092
;TIME_ELAPSED:405.490006
;LAYER:47
;note -- min layer time used
;TYPE:WALL-INNER
;MESH:slupek3.stl
G1 F2700 E105.15229
G1 F600 X40.827 Y41.963 E105.1615
G1 X41.08 Y41.751 E105.17248
G1 X41.26 Y41.468 E105.18363
G1 X41.357 Y41.217 E105.19258
G1 X41.408 Y40.889 E105.20362
G1 X41.357 Y40.563 E105.2146
G1 X41.26 Y40.306 E105.22373
G1 X41.084 Y40.03 E105.23462
G1 X40.822 Y39.815 E105.24589
G1 X40.585 Y39.687 E105.25485
G1 X40.333 Y39.614 E105.26358
G1 X40.01 Y39.587 E105.27436
G1 X39.673 Y39.666 E105.28587
G1 X39.44 Y39.777 E105.29446
G1 X39.22 Y39.941 E105.30358
G1 X39.044 Y40.138 E105.31237
G1 X38.913 Y40.374 E105.32135
G1 X38.831 Y40.626 E105.33016
G1 X38.804 Y40.889 E105.33895
G1 X38.831 Y41.155 E105.34785
G1 X38.912 Y41.405 E105.35659
G1 X39.045 Y41.639 E105.36554
G1 X39.27 Y41.893 E105.37683
G1 X39.548 Y42.061 E105.38763
G1 X39.803 Y42.149 E105.3966
G1 X40.072 Y42.184 E105.40562
G1 X40.339 Y42.162 E105.41453
G1 X40.582 Y42.092 E105.42294
G0 F9000 X40.732 Y42.465
;TYPE:WALL-OUTER
G1 F600 X41.051 Y42.297 E105.43494
G1 X41.384 Y42.018 E105.44939
G1 X41.62 Y41.649 E105.46395
G1 X41.745 Y41.32 E105.47566
G1 X41.813 Y40.889 E105.49017
G1 X41.745 Y40.46 E105.50462
G1 X41.62 Y40.126 E105.51648
G1 X41.388 Y39.762 E105.53084
G1 X41.047 Y39.48 E105.54555
G1 X40.736 Y39.315 E105.55726
G1 X40.407 Y39.218 E105.56867
G1 X39.98 Y39.183 E105.58292
G1 X39.539 Y39.286 E105.59798
G1 X39.232 Y39.433 E105.60931
G1 X38.948 Y39.645 E105.62109
G1 X38.716 Y39.905 E105.63268
G1 X38.545 Y40.213 E105.6444
G1 X38.437 Y40.542 E105.65592
G1 X38.402 Y40.889 E105.66752
G1 X38.437 Y41.238 E105.67918
G1 X38.544 Y41.567 E105.69069
G1 X38.717 Y41.871 E105.70232
G1 X39.01 Y42.204 E105.71708
G1 X39.378 Y42.425 E105.73135
G1 X39.711 Y42.54 E105.74307
G1 X40.062 Y42.586 E105.75484
G1 X40.411 Y42.558 E105.76649
G1 X40.732 Y42.465 E105.77761
G0 F9000 X40.449 Y41.752
;TYPE:SKIN
G1 F600 X40.083 Y41.819 E105.78998
G1 X39.693 Y41.724 E105.80333
G1 X39.502 Y41.612 E105.8107
G1 X39.347 Y41.435 E105.81852
G1 X39.188 Y41.077 E105.83155
G1 X39.188 Y40.698 E105.84416
G1 X39.343 Y40.341 E105.8571
G1 X39.458 Y40.212 E105.86285
G1 X39.8 Y40.004 E105.87616
G1 X40.04 Y39.95 E105.88434
G1 X40.263 Y39.967 E105.89178
G1 X40.532 Y40.049 E105.90114
G1 X40.809 Y40.272 E105.91296
G1 X40.988 Y40.553 E105.92404
G1 X41.041 Y40.887 E105.93529
G1 X40.988 Y41.219 E105.94647
G1 X40.803 Y41.51 E105.95794
G1 X40.449 Y41.752 E105.97221
G0 F9000 X40.356 Y42.034
G0 X40.958 Y41.643
G0 X41.139 Y41.359
G0 X41.258 Y40.585
G0 X40.802 Y40.657
G1 F600 X39.891 Y41.567 E106.01503
G0 F9000 X39.541 Y41.352
G1 F600 X40.562 Y40.331 E106.06306
G0 F9000 X40.155 Y40.172
G1 F600 X39.388 Y40.939 E106.09913
G1 F2700 E101.09913
;MESH:slupek3.stl(1)
G0 F9000 X38.928 Y40.925
G0 X39.176 Y41.543
G0 X39.374 Y41.768
G0 X39.618 Y41.915
G0 X40.076 Y42.022
G0 X40.519 Y41.943
G0 X40.875 Y41.7
G0 X41.581 Y40.891
G0 X42.662 Y40.721
G0 X46.191 Y40.759
G0 X47.262 Y40.535
G0 X48.74 Y41.158
G0 X49.089 Y41.307
;TYPE:WALL-INNER
G1 F2700 E106.09913
G1 F600 X49.141 Y41.292 E106.10094
G1 X49.381 Y41.164 E106.10998
G1 X49.591 Y40.987 E106.11912
G1 X49.75 Y40.788 E106.12759
G1 X49.871 Y40.544 E106.13665
G1 X49.956 Y40.221 E106.14776
G1 X49.939 Y39.893 E106.15868
G1 X49.87 Y39.635 E106.16756
G1 X49.72 Y39.331 E106.17884
G1 X49.488 Y39.091 E106.18994
G1 X49.214 Y38.907 E106.20092
G1 X48.826 Y38.798 E106.21432
G1 X48.497 Y38.806 E106.22527
G1 X48.168 Y38.879 E106.23648
G1 X47.822 Y39.086 E106.24989
G1 X47.603 Y39.338 E106.26099
G1 X47.469 Y39.571 E106.26993
G1 X47.391 Y39.821 E106.27864
G1 X47.358 Y40.152 E106.2897
G1 X47.428 Y40.491 E106.30122
G1 X47.53 Y40.728 E106.3098
G1 X47.683 Y40.942 E106.31855
G1 X47.883 Y41.129 E106.32766
G1 X48.103 Y41.26 E106.33617
G1 X48.359 Y41.348 E106.34518
G1 X48.628 Y41.384 E106.3542
G1 X48.896 Y41.363 E106.36314
G1 X49.089 Y41.307 E106.36983
G0 F9000 X49.222 Y41.685
;TYPE:WALL-OUTER
G1 F600 X49.292 Y41.665 E106.37225
G1 X49.607 Y41.497 E106.38412
G1 X49.879 Y41.267 E106.39597
G1 X50.09 Y41.004 E106.40718
G1 X50.247 Y40.685 E106.41901
G1 X50.358 Y40.263 E106.43352
G1 X50.337 Y39.831 E106.44791
G1 X50.247 Y39.492 E106.45957
G1 X50.05 Y39.097 E106.47426
G1 X49.746 Y38.783 E106.48879
G1 X49.386 Y38.54 E106.50324
G1 X48.878 Y38.394 E106.52082
G1 X48.446 Y38.405 E106.53519
G1 X48.016 Y38.504 E106.54987
G1 X47.562 Y38.776 E106.56747
G1 X47.276 Y39.105 E106.58197
G1 X47.101 Y39.409 E106.59364
G1 X46.997 Y39.741 E106.60521
G1 X46.954 Y40.173 E106.61965
G1 X47.044 Y40.611 E106.63452
G1 X47.18 Y40.925 E106.6459
G1 X47.38 Y41.207 E106.6574
G1 X47.641 Y41.451 E106.66928
G1 X47.933 Y41.625 E106.68059
G1 X48.267 Y41.74 E106.69234
G1 X48.618 Y41.786 E106.70411
G1 X48.968 Y41.758 E106.71579
G1 X49.222 Y41.685 E106.72458
G0 F9000 X48.966 Y40.96
;TYPE:SKIN
G1 F600 X48.635 Y41.017 E106.73575
G1 X48.448 Y40.993 E106.74202
G1 X48.093 Y40.831 E106.755
G1 X47.959 Y40.706 E106.76109
G1 X47.77 Y40.373 E106.77383
G1 X47.722 Y40.13 E106.78207
G1 X47.745 Y39.896 E106.78989
G1 X47.827 Y39.628 E106.79921
G1 X48.054 Y39.368 E106.81069
G1 X48.307 Y39.217 E106.82049
G1 X48.779 Y39.161 E106.8363
G1 X49.059 Y39.237 E106.84595
G1 X49.422 Y39.537 E106.86161
G1 X49.574 Y39.858 E106.87342
G1 X49.59 Y40.179 E106.88411
G1 X49.446 Y40.583 E106.89838
G1 X49.166 Y40.869 E106.91169
G1 X49.01 Y40.952 E106.91757
G1 X48.966 Y40.96 E106.91906
G0 F9000 X48.57 Y40.808
G1 F600 X49.38 Y39.998 E106.95716
G0 F9000 X49.203 Y39.609
G1 F600 X48.177 Y40.636 E107.00544
G0 F9000 X47.958 Y40.289
G1 F600 X48.858 Y39.389 E107.04777
G1 F2700 E102.04777
;MESH:NONMESH
G0 F300 X48.858 Y39.389 Z9.8
G0 F9000 X48.979 Y38.946
G0 X48.23 Y39.03
G0 X47.927 Y39.211
G0 X47.704 Y39.468
G0 X47.262 Y40.535
G0 X46.191 Y40.759
G0 X42.604 Y41.434
G0 X41.522 Y41.265
G0 X40.356 Y42.034
G0 X40.582 Y42.092
;TIME_ELAPSED:413.608609
;LAYER:48
;note -- min layer time used
;TYPE:WALL-INNER
;MESH:slupek3.stl
G1 F2700 E107.04777
G1 F600 X40.827 Y41.963 E107.05698
G1 X41.08 Y41.751 E107.06796
G1 X41.26 Y41.468 E107.07912
G1 X41.357 Y41.217 E107.08807
G1 X41.408 Y40.889 E107.09911
G1 X41.357 Y40.563 E107.11008
G1 X41.26 Y40.306 E107.11922
G1 X41.084 Y40.03 E107.1301
G1 X40.822 Y39.815 E107.14138
G1 X40.585 Y39.687 E107.15034
G1 X40.333 Y39.614 E107.15906
G1 X40.01 Y39.587 E107.16984
G1 X39.673 Y39.666 E107.18136
G1 X39.44 Y39.777 E107.18994
G1 X39.22 Y39.941 E107.19907
G1 X39.044 Y40.138 E107.20785
G1 X38.913 Y40.374 E107.21683
G1 X38.831 Y40.626 E107.22564
G1 X38.804 Y40.889 E107.23444
G1 X38.831 Y41.155 E107.24333
G1 X38.912 Y41.405 E107.25207
G1 X39.045 Y41.639 E107.26102
G1 X39.27 Y41.893 E107.27231
G1 X39.548 Y42.061 E107.28311
G1 X39.803 Y42.149 E107.29208
G1 X40.072 Y42.184 E107.30111
G1 X40.339 Y42.162 E107.31002
G1 X40.582 Y42.092 E107.31843
G0 F9000 X40.732 Y42.465
;TYPE:WALL-OUTER
G1 F600 X41.051 Y42.297 E107.33042
G1 X41.384 Y42.018 E107.34487
G1 X41.62 Y41.649 E107.35944
G1 X41.745 Y41.32 E107.37114
G1 X41.813 Y40.889 E107.38566
G1 X41.745 Y40.46 E107.4001
G1 X41.62 Y40.126 E107.41196
G1 X41.388 Y39.762 E107.42632
G1 X41.047 Y39.48 E107.44104
G1 X40.736 Y39.315 E107.45275
G1 X40.407 Y39.218 E107.46416
G1 X39.98 Y39.183 E107.47841
G1 X39.539 Y39.286 E107.49347
G1 X39.232 Y39.433 E107.50479
G1 X38.948 Y39.645 E107.51658
G1 X38.716 Y39.905 E107.52817
G1 X38.545 Y40.213 E107.53988
G1 X38.437 Y40.542 E107.5514
G1 X38.402 Y40.889 E107.563
G1 X38.437 Y41.238 E107.57467
G1 X38.544 Y41.567 E107.58617
G1 X38.717 Y41.871 E107.59781
G1 X39.01 Y42.204 E107.61256
G1 X39.378 Y42.425 E107.62684
G1 X39.711 Y42.54 E107.63855
G1 X40.062 Y42.586 E107.65033
G1 X40.411 Y42.558 E107.66197
G1 X40.732 Y42.465 E107.67309
G0 F9000 X40.449 Y41.752
;TYPE:SKIN
G1 F600 X40.083 Y41.819 E107.68546
G1 X39.693 Y41.724 E107.69882
G1 X39.502 Y41.612 E107.70618
G1 X39.347 Y41.435 E107.714
G1 X39.188 Y41.077 E107.72703
G1 X39.188 Y40.698 E107.73964
G1 X39.343 Y40.341 E107.75258
G1 X39.458 Y40.212 E107.75833
G1 X39.8 Y40.004 E107.77165
G1 X40.04 Y39.95 E107.77983
G1 X40.263 Y39.967 E107.78727
G1 X40.532 Y40.049 E107.79662
G1 X40.809 Y40.272 E107.80845
G1 X40.988 Y40.553 E107.81953
G1 X41.041 Y40.887 E107.83078
G1 X40.988 Y41.219 E107.84196
G1 X40.803 Y41.51 E107.85343
G1 X40.449 Y41.752 E107.86769
G0 F9000 X39.862 Y41.559
G1 F600 X39.428 Y41.125 E107.8881
G0 F9000 X39.454 Y40.586
G1 F600 X40.41 Y41.542 E107.93307
G0 F9000 X40.714 Y41.279
G1 F600 X39.721 Y40.287 E107.97975
G0 F9000 X40.177 Y40.177
G1 F600 X40.83 Y40.83 E108.01047
G1 F2700 E103.01047
;MESH:slupek3.stl(1)
G0 F9000 X41.286 Y40.758
G0 X41.581 Y40.891
G0 X42.662 Y40.721
G0 X46.191 Y40.759
G0 X47.262 Y40.535
G0 X48.74 Y41.158
G0 X49.089 Y41.307
;TYPE:WALL-INNER
G1 F2700 E108.01047
G1 F600 X49.141 Y41.292 E108.01227
G1 X49.381 Y41.164 E108.02132
G1 X49.591 Y40.987 E108.03045
G1 X49.75 Y40.788 E108.03892
G1 X49.871 Y40.544 E108.04798
G1 X49.956 Y40.221 E108.05909
G1 X49.939 Y39.893 E108.07001
G1 X49.87 Y39.635 E108.0789
G1 X49.72 Y39.331 E108.09017
G1 X49.488 Y39.091 E108.10127
G1 X49.214 Y38.907 E108.11225
G1 X48.826 Y38.798 E108.12566
G1 X48.497 Y38.806 E108.1366
G1 X48.168 Y38.879 E108.14781
G1 X47.822 Y39.086 E108.16122
G1 X47.603 Y39.338 E108.17233
G1 X47.469 Y39.571 E108.18127
G1 X47.391 Y39.821 E108.18998
G1 X47.358 Y40.152 E108.20104
G1 X47.428 Y40.491 E108.21255
G1 X47.53 Y40.728 E108.22113
G1 X47.683 Y40.942 E108.22988
G1 X47.883 Y41.129 E108.23899
G1 X48.103 Y41.26 E108.24751
G1 X48.359 Y41.348 E108.25651
G1 X48.628 Y41.384 E108.26554
G1 X48.896 Y41.363 E108.27448
G1 X49.089 Y41.307 E108.28116
G0 F9000 X49.222 Y41.685
;TYPE:WALL-OUTER
G1 F600 X49.292 Y41.665 E108.28358
G1 X49.607 Y41.497 E108.29546
G1 X49.879 Y41.267 E108.30731
G1 X50.09 Y41.004 E108.31852
G1 X50.247 Y40.685 E108.33035
G1 X50.358 Y40.263 E108.34486
G1 X50.337 Y39.831 E108.35924
G1 X50.247 Y39.492 E108.37091
G1 X50.05 Y39.097 E108.38559
G1 X49.746 Y38.783 E108.40013
G1 X49.386 Y38.54 E108.41457
G1 X48.878 Y38.394 E108.43215
G1 X48.446 Y38.405 E108.44653
G1 X48.016 Y38.504 E108.4612
G1 X47.562 Y38.776 E108.4788
G1 X47.276 Y39.105 E108.4933
G1 X47.101 Y39.409 E108.50497
G1 X46.997 Y39.741 E108.51654
G1 X46.954 Y40.173 E108.53098
G1 X47.044 Y40.611 E108.54585
G1 X47.18 Y40.925 E108.55724
G1 X47.38 Y41.207 E108.56873
G1 X47.641 Y41.451 E108.58062
G1 X47.933 Y41.625 E108.59192
G1 X48.267 Y41.74 E108.60367
G1 X48.618 Y41.786 E108.61545
G1 X48.968 Y41.758 E108.62712
G1 X49.222 Y41.685 E108.63591
G0 F9000 X48.966 Y40.96
;TYPE:SKIN
G1 F600 X48.635 Y41.017 E108.64709
G1 X48.448 Y40.993 E108.65336
G1 X48.093 Y40.831 E108.66633
G1 X47.959 Y40.706 E108.67243
G1 X47.77 Y40.373 E108.68516
G1 X47.722 Y40.13 E108.6934
G1 X47.745 Y39.896 E108.70122
G1 X47.827 Y39.628 E108.71055
G1 X48.054 Y39.368 E108.72203
G1 X48.307 Y39.217 E108.73182
G1 X48.779 Y39.161 E108.74763
G1 X49.059 Y39.237 E108.75728
G1 X49.422 Y39.537 E108.77295
G1 X49.574 Y39.858 E108.78476
G1 X49.59 Y40.179 E108.79545
G1 X49.446 Y40.583 E108.80971
G1 X49.166 Y40.869 E108.82303
G1 X49.01 Y40.952 E108.8289
G1 X48.966 Y40.96 E108.83039
G0 F9000 X48.903 Y41.236
G0 X48.394 Y41.191
G0 X48.06 Y41.037
G0 X47.632 Y40.655
G0 X47.944 Y40.024
G1 F600 X48.719 Y40.799 E108.86684
G0 F9000 X49.118 Y40.632
G1 F600 X48.102 Y39.616 E108.91463
G0 F9000 X48.45 Y39.399
G1 F600 X49.342 Y40.291 E108.95659
G1 F2700 E103.95659
;MESH:NONMESH
G0 F300 X49.342 Y40.291 Z10
G0 F9000 X49.538 Y40.866
G0 X47.755 Y40.606
G0 X47.262 Y40.535
G0 X46.191 Y40.759
G0 X42.604 Y41.434
G0 X41.522 Y41.265
G0 X40.356 Y42.034
G0 X40.582 Y42.092
;TIME_ELAPSED:421.633689
;LAYER:49
;note -- min layer time used
;TYPE:WALL-INNER
;MESH:slupek3.stl
G1 F2700 E108.95659
G1 F600 X40.827 Y41.963 E108.9658
G1 X41.08 Y41.751 E108.97678
G1 X41.26 Y41.468 E108.98793
G1 X41.357 Y41.217 E108.99688
G1 X41.408 Y40.889 E109.00792
G1 X41.357 Y40.563 E109.0189
G1 X41.26 Y40.306 E109.02804
G1 X41.084 Y40.03 E109.03892
G1 X40.822 Y39.815 E109.0502
G1 X40.585 Y39.687 E109.05915
G1 X40.333 Y39.614 E109.06788
G1 X40.01 Y39.587 E109.07866
G1 X39.673 Y39.666 E109.09017
G1 X39.44 Y39.777 E109.09876
G1 X39.22 Y39.941 E109.10788
G1 X39.044 Y40.138 E109.11667
G1 X38.913 Y40.374 E109.12565
G1 X38.831 Y40.626 E109.13446
G1 X38.804 Y40.889 E109.14326
G1 X38.831 Y41.155 E109.15215
G1 X38.912 Y41.405 E109.16089
G1 X39.045 Y41.639 E109.16984
G1 X39.27 Y41.893 E109.18113
G1 X39.548 Y42.061 E109.19193
G1 X39.803 Y42.149 E109.2009
G1 X40.072 Y42.184 E109.20993
G1 X40.339 Y42.162 E109.21884
G1 X40.582 Y42.092 E109.22725
G0 F9000 X40.732 Y42.465
;TYPE:WALL-OUTER
G1 F600 X41.051 Y42.297 E109.23924
G1 X41.384 Y42.018 E109.25369
G1 X41.62 Y41.649 E109.26826
G1 X41.745 Y41.32 E109.27996
G1 X41.813 Y40.889 E109.29447
G1 X41.745 Y40.46 E109.30892
G1 X41.62 Y40.126 E109.32078
G1 X41.388 Y39.762 E109.33514
G1 X41.047 Y39.48 E109.34986
G1 X40.736 Y39.315 E109.36157
G1 X40.407 Y39.218 E109.37297
G1 X39.98 Y39.183 E109.38722
G1 X39.539 Y39.286 E109.40229
G1 X39.232 Y39.433 E109.41361
G1 X38.948 Y39.645 E109.42539
G1 X38.716 Y39.905 E109.43698
G1 X38.545 Y40.213 E109.4487
G1 X38.437 Y40.542 E109.46022
G1 X38.402 Y40.889 E109.47182
G1 X38.437 Y41.238 E109.48348
G1 X38.544 Y41.567 E109.49499
G1 X38.717 Y41.871 E109.50663
G1 X39.01 Y42.204 E109.52138
G1 X39.378 Y42.425 E109.53566
G1 X39.711 Y42.54 E109.54737
G1 X40.062 Y42.586 E109.55915
G1 X40.411 Y42.558 E109.57079
G1 X40.732 Y42.465 E109.58191
G0 F9000 X40.449 Y41.752
;TYPE:SKIN
G1 F600 X40.083 Y41.819 E109.59428
G1 X39.693 Y41.724 E109.60763
G1 X39.502 Y41.612 E109.615
G1 X39.347 Y41.435 E109.62282
G1 X39.188 Y41.077 E109.63585
G1 X39.188 Y40.698 E109.64846
G1 X39.343 Y40.341 E109.6614
G1 X39.458 Y40.212 E109.66715
G1 X39.8 Y40.004 E109.68046
G1 X40.04 Y39.95 E109.68865
G1 X40.263 Y39.967 E109.69608
G1 X40.532 Y40.049 E109.70544
G1 X40.809 Y40.272 E109.71727
G1 X40.988 Y40.553 E109.72835
G1 X41.041 Y40.887 E109.73959
G1 X40.988 Y41.219 E109.75078
G1 X40.803 Y41.51 E109.76225
G1 X40.449 Y41.752 E109.77651
G0 F9000 X40.356 Y42.034
G0 X40.958 Y41.643
G0 X41.139 Y41.359
G0 X41.258 Y40.585
G0 X40.802 Y40.657
G1 F600 X39.891 Y41.567 E109.81933
G0 F9000 X39.541 Y41.352
G1 F600 X40.562 Y40.331 E109.86736
G0 F9000 X40.155 Y40.172
G1 F600 X39.388 Y40.939 E109.90344
G1 F2700 E104.90344
;MESH:slupek3.stl(1)
G0 F9000 X38.928 Y40.925
G0 X39.176 Y41.543
G0 X39.374 Y41.768
G0 X39.618 Y41.915
G0 X40.076 Y42.022
G0 X40.519 Y41.943
G0 X40.875 Y41.7
G0 X41.581 Y40.891
G0 X42.662 Y40.721
G0 X46.191 Y40.759
G0 X47.262 Y40.535
G0 X48.74 Y41.158
G0 X49.089 Y41.307
;TYPE:WALL-INNER
G1 F2700 E109.90344
G1 F600 X49.141 Y41.292 E109.90524
G1 X49.381 Y41.164 E109.91428
G1 X49.591 Y40.987 E109.92342
G1 X49.75 Y40.788 E109.93189
G1 X49.871 Y40.544 E109.94095
G1 X49.956 Y40.221 E109.95206
G1 X49.939 Y39.893 E109.96298
G1 X49.87 Y39.635 E109.97186
G1 X49.72 Y39.331 E109.98314
G1 X49.488 Y39.091 E109.99424
G1 X49.214 Y38.907 E110.00522
G1 X48.826 Y38.798 E110.01862
G1 X48.497 Y38.806 E110.02957
G1 X48.168 Y38.879 E110.04078
G1 X47.822 Y39.086 E110.05419
G1 X47.603 Y39.338 E110.06529
G1 X47.469 Y39.571 E110.07423
G1 X47.391 Y39.821 E110.08294
G1 X47.358 Y40.152 E110.09401
G1 X47.428 Y40.491 E110.10552
G1 X47.53 Y40.728 E110.1141
G1 X47.683 Y40.942 E110.12285
G1 X47.883 Y41.129 E110.13196
G1 X48.103 Y41.26 E110.14047
G1 X48.359 Y41.348 E110.14948
G1 X48.628 Y41.384 E110.1585
G1 X48.896 Y41.363 E110.16745
G1 X49.089 Y41.307 E110.17413
G0 F9000 X49.222 Y41.685
;TYPE:WALL-OUTER
G1 F600 X49.292 Y41.665 E110.17655
G1 X49.607 Y41.497 E110.18842
G1 X49.879 Y41.267 E110.20027
G1 X50.09 Y41.004 E110.21149
G1 X50.247 Y40.685 E110.22331
G1 X50.358 Y40.263 E110.23783
G1 X50.337 Y39.831 E110.25221
G1 X50.247 Y39.492 E110.26388
G1 X50.05 Y39.097 E110.27856
G1 X49.746 Y38.783 E110.29309
G1 X49.386 Y38.54 E110.30754
G1 X48.878 Y38.394 E110.32512
G1 X48.446 Y38.405 E110.33949
G1 X48.016 Y38.504 E110.35417
G1 X47.562 Y38.776 E110.37177
G1 X47.276 Y39.105 E110.38627
G1 X47.101 Y39.409 E110.39794
G1 X46.997 Y39.741 E110.40951
G1 X46.954 Y40.173 E110.42395
G1 X47.044 Y40.611 E110.43882
G1 X47.18 Y40.925 E110.4502
G1 X47.38 Y41.207 E110.4617
G1 X47.641 Y41.451 E110.47358
G1 X47.933 Y41.625 E110.48489
G1 X48.267 Y41.74 E110.49664
G1 X48.618 Y41.786 E110.50841
G1 X48.968 Y41.758 E110.52009
G1 X49.222 Y41.685 E110.52888
G0 F9000 X48.966 Y40.96
;TYPE:SKIN
G1 F600 X48.635 Y41.017 E110.54005
G1 X48.448 Y40.993 E110.54632
G1 X48.093 Y40.831 E110.5593
G1 X47.959 Y40.706 E110.5654
G1 X47.77 Y40.373 E110.57813
G1 X47.722 Y40.13 E110.58637
G1 X47.745 Y39.896 E110.59419
G1 X47.827 Y39.628 E110.60351
G1 X48.054 Y39.368 E110.61499
G1 X48.307 Y39.217 E110.62479
G1 X48.779 Y39.161 E110.6406
G1 X49.059 Y39.237 E110.65025
G1 X49.422 Y39.537 E110.66591
G1 X49.574 Y39.858 E110.67773
G1 X49.59 Y40.179 E110.68842
G1 X49.446 Y40.583 E110.70268
G1 X49.166 Y40.869 E110.71599
G1 X49.01 Y40.952 E110.72187
G1 X48.966 Y40.96 E110.72336
G0 F9000 X48.57 Y40.808
G1 F600 X49.38 Y39.998 E110.76146
G0 F9000 X49.203 Y39.609
G1 F600 X48.177 Y40.636 E110.80974
G0 F9000 X47.958 Y40.289
G1 F600 X48.858 Y39.389 E110.85207
G1 F2700 E105.85207
;MESH:NONMESH
G0 F300 X48.858 Y39.389 Z10.2
G0 F9000 X48.979 Y38.946
G0 X48.23 Y39.03
G0 X47.927 Y39.211
G0 X47.704 Y39.468
G0 X47.262 Y40.535
G0 X46.191 Y40.759
G0 X42.604 Y41.434
G0 X41.522 Y41.265
G0 X40.356 Y42.034
G0 X40.582 Y42.092
;TIME_ELAPSED:429.752293
;LAYER:50
;note -- min layer time used
;TYPE:WALL-INNER
;MESH:slupek3.stl
G1 F2700 E110.85207
G1 F600 X40.827 Y41.963 E110.86128
G1 X41.08 Y41.751 E110.87226
G1 X41.26 Y41.468 E110.88342
G1 X41.357 Y41.217 E110.89237
G1 X41.408 Y40.889 E110.90341
G1 X41.357 Y40.563 E110.91438
G1 X41.26 Y40.306 E110.92352
G1 X41.084 Y40.03 E110.93441
G1 X40.822 Y39.815 E110.94568
G1 X40.585 Y39.687 E110.95464
G1 X40.333 Y39.614 E110.96336
G1 X40.01 Y39.587 E110.97414
G1 X39.673 Y39.666 E110.98566
G1 X39.44 Y39.777 E110.99424
G1 X39.22 Y39.941 E111.00337
G1 X39.044 Y40.138 E111.01215
G1 X38.913 Y40.374 E111.02113
G1 X38.831 Y40.626 E111.02995
G1 X38.804 Y40.889 E111.03874
G1 X38.831 Y41.155 E111.04763
G1 X38.912 Y41.405 E111.05637
G1 X39.045 Y41.639 E111.06532
G1 X39.27 Y41.893 E111.07661
G1 X39.548 Y42.061 E111.08741
G1 X39.803 Y42.149 E111.09639
G1 X40.072 Y42.184 E111.10541
G1 X40.339 Y42.162 E111.11432
G1 X40.582 Y42.092 E111.12273
G0 F9000 X40.732 Y42.465
;TYPE:WALL-OUTER
G1 F600 X41.051 Y42.297 E111.13472
G1 X41.384 Y42.018 E111.14917
G1 X41.62 Y41.649 E111.16374
G1 X41.745 Y41.32 E111.17545
G1 X41.813 Y40.889 E111.18996
G1 X41.745 Y40.46 E111.2044
G1 X41.62 Y40.126 E111.21627
G1 X41.388 Y39.762 E111.23062
G1 X41.047 Y39.48 E111.24534
G1 X40.736 Y39.315 E111.25705
G1 X40.407 Y39.218 E111.26846
G1 X39.98 Y39.183 E111.28271
G1 X39.539 Y39.286 E111.29777
G1 X39.232 Y39.433 E111.30909
G1 X38.948 Y39.645 E111.32088
G1 X38.716 Y39.905 E111.33247
G1 X38.545 Y40.213 E111.34419
G1 X38.437 Y40.542 E111.3557
G1 X38.402 Y40.889 E111.3673
G1 X38.437 Y41.238 E111.37897
G1 X38.544 Y41.567 E111.39048
G1 X38.717 Y41.871 E111.40211
G1 X39.01 Y42.204 E111.41686
G1 X39.378 Y42.425 E111.43114
G1 X39.711 Y42.54 E111.44286
G1 X40.062 Y42.586 E111.45463
G1 X40.411 Y42.558 E111.46628
G1 X40.732 Y42.465 E111.47739
G0 F9000 X40.449 Y41.752
;TYPE:SKIN
G1 F600 X40.083 Y41.819 E111.48977
G1 X39.693 Y41.724 E111.50312
G1 X39.502 Y41.612 E111.51048
G1 X39.347 Y41.435 E111.51831
G1 X39.188 Y41.077 E111.53134
G1 X39.188 Y40.698 E111.54394
G1 X39.343 Y40.341 E111.55689
G1 X39.458 Y40.212 E111.56263
G1 X39.8 Y40.004 E111.57595
G1 X40.04 Y39.95 E111.58413
G1 X40.263 Y39.967 E111.59157
G1 X40.532 Y40.049 E111.60092
G1 X40.809 Y40.272 E111.61275
G1 X40.988 Y40.553 E111.62383
G1 X41.041 Y40.887 E111.63508
G1 X40.988 Y41.219 E111.64626
G1 X40.803 Y41.51 E111.65773
G1 X40.449 Y41.752 E111.67199
G0 F9000 X39.862 Y41.559
G1 F600 X39.428 Y41.125 E111.69241
G0 F9000 X39.454 Y40.586
G1 F600 X40.41 Y41.542 E111.73737
G0 F9000 X40.714 Y41.279
G1 F600 X39.721 Y40.287 E111.78406
G0 F9000 X40.177 Y40.177
G1 F600 X40.83 Y40.83 E111.81477
G1 F2700 E106.81477
;MESH:slupek3.stl(1)
G0 F9000 X41.286 Y40.758
G0 X41.581 Y40.891
G0 X42.662 Y40.721
G0 X46.191 Y40.759
G0 X47.262 Y40.535
G0 X48.74 Y41.158
G0 X49.089 Y41.307
;TYPE:WALL-INNER
G1 F2700 E111.81477
G1 F600 X49.141 Y41.292 E111.81657
G1 X49.381 Y41.164 E111.82562
G1 X49.591 Y40.987 E111.83475
G1 X49.75 Y40.788 E111.84323
G1 X49.871 Y40.544 E111.85228
G1 X49.956 Y40.221 E111.86339
G1 X49.939 Y39.893 E111.87432
G1 X49.87 Y39.635 E111.8832
G1 X49.72 Y39.331 E111.89447
G1 X49.488 Y39.091 E111.90558
G1 X49.214 Y38.907 E111.91655
G1 X48.826 Y38.798 E111.92996
G1 X48.497 Y38.806 E111.9409
G1 X48.168 Y38.879 E111.95211
G1 X47.822 Y39.086 E111.96552
G1 X47.603 Y39.338 E111.97663
G1 X47.469 Y39.571 E111.98557
G1 X47.391 Y39.821 E111.99428
G1 X47.358 Y40.152 E112.00534
G1 X47.428 Y40.491 E112.01685
G1 X47.53 Y40.728 E112.02544
G1 X47.683 Y40.942 E112.03419
G1 X47.883 Y41.129 E112.04329
G1 X48.103 Y41.26 E112.05181
G1 X48.359 Y41.348 E112.06081
G1 X48.628 Y41.384 E112.06984
G1 X48.896 Y41.363 E112.07878
G1 X49.089 Y41.307 E112.08546
G0 F9000 X49.222 Y41.685
;TYPE:WALL-OUTER
G1 F600 X49.292 Y41.665 E112.08789
G1 X49.607 Y41.497 E112.09976
G1 X49.879 Y41.267 E112.11161
G1 X50.09 Y41.004 E112.12282
G1 X50.247 Y40.685 E112.13465
G1 X50.358 Y40.263 E112.14916
G1 X50.337 Y39.831 E112.16355
G1 X50.247 Y39.492 E112.17521
G1 X50.05 Y39.097 E112.18989
G1 X49.746 Y38.783 E112.20443
G1 X49.386 Y38.54 E112.21888
G1 X48.878 Y38.394 E112.23646
G1 X48.446 Y38.405 E112.25083
G1 X48.016 Y38.504 E112.2655
G1 X47.562 Y38.776 E112.28311
G1 X47.276 Y39.105 E112.29761
G1 X47.101 Y39.409 E112.30927
G1 X46.997 Y39.741 E112.32084
G1 X46.954 Y40.173 E112.33528
G1 X47.044 Y40.611 E112.35016
G1 X47.18 Y40.925 E112.36154
G1 X47.38 Y41.207 E112.37304
G1 X47.641 Y41.451 E112.38492
G1 X47.933 Y41.625 E112.39623
G1 X48.267 Y41.74 E112.40797
G1 X48.618 Y41.786 E112.41975
G1 X48.968 Y41.758 E112.43143
G1 X49.222 Y41.685 E112.44022
G0 F9000 X48.966 Y40.96
;TYPE:SKIN
G1 F600 X48.635 Y41.017 E112.45139
G1 X48.448 Y40.993 E112.45766
G1 X48.093 Y40.831 E112.47064
G1 X47.959 Y40.706 E112.47673
G1 X47.77 Y40.373 E112.48947
G1 X47.722 Y40.13 E112.49771
G1 X47.745 Y39.896 E112.50553
G1 X47.827 Y39.628 E112.51485
G1 X48.054 Y39.368 E112.52633
G1 X48.307 Y39.217 E112.53613
G1 X48.779 Y39.161 E112.55194
G1 X49.059 Y39.237 E112.56159
G1 X49.422 Y39.537 E112.57725
G1 X49.574 Y39.858 E112.58906
G1 X49.59 Y40.179 E112.59975
G1 X49.446 Y40.583 E112.61402
G1 X49.166 Y40.869 E112.62733
G1 X49.01 Y40.952 E112.63321
G1 X48.966 Y40.96 E112.63469
G0 F9000 X48.903 Y41.236
G0 X48.394 Y41.191
G0 X48.06 Y41.037
G0 X47.632 Y40.655
G0 X47.944 Y40.024
G1 F600 X48.719 Y40.799 E112.67115
G0 F9000 X49.118 Y40.632
G1 F600 X48.102 Y39.616 E112.71894
G0 F9000 X48.45 Y39.399
G1 F600 X49.342 Y40.291 E112.76089
G1 F2700 E107.76089
;MESH:NONMESH
G0 F300 X49.342 Y40.291 Z10.4
G0 F9000 X49.538 Y40.866
G0 X47.755 Y40.606
G0 X47.262 Y40.535
G0 X46.191 Y40.759
G0 X42.604 Y41.434
G0 X41.522 Y41.265
G0 X40.356 Y42.034
G0 X40.582 Y42.092
;TIME_ELAPSED:437.777372
;LAYER:51
;note -- min layer time used
;TYPE:WALL-INNER
;MESH:slupek3.stl
G1 F2700 E112.76089
G1 F600 X40.827 Y41.963 E112.7701
G1 X41.08 Y41.751 E112.78108
G1 X41.26 Y41.468 E112.79224
G1 X41.357 Y41.217 E112.80119
G1 X41.408 Y40.889 E112.81223
G1 X41.357 Y40.563 E112.8232
G1 X41.26 Y40.306 E112.83234
G1 X41.084 Y40.03 E112.84323
G1 X40.822 Y39.815 E112.8545
G1 X40.585 Y39.687 E112.86346
G1 X40.333 Y39.614 E112.87218
G1 X40.01 Y39.587 E112.88296
G1 X39.673 Y39.666 E112.89448
G1 X39.44 Y39.777 E112.90306
G1 X39.22 Y39.941 E112.91219
G1 X39.044 Y40.138 E112.92097
G1 X38.913 Y40.374 E112.92995
G1 X38.831 Y40.626 E112.93876
G1 X38.804 Y40.889 E112.94756
G1 X38.831 Y41.155 E112.95645
G1 X38.912 Y41.405 E112.96519
G1 X39.045 Y41.639 E112.97414
G1 X39.27 Y41.893 E112.98543
G1 X39.548 Y42.061 E112.99623
G1 X39.803 Y42.149 E113.00521
G1 X40.072 Y42.184 E113.01423
G1 X40.339 Y42.162 E113.02314
G1 X40.582 Y42.092 E113.03155
G0 F9000 X40.732 Y42.465
;TYPE:WALL-OUTER
G1 F600 X41.051 Y42.297 E113.04354
G1 X41.384 Y42.018 E113.05799
G1 X41.62 Y41.649 E113.07256
G1 X41.745 Y41.32 E113.08426
G1 X41.813 Y40.889 E113.09878
G1 X41.745 Y40.46 E113.11322
G1 X41.62 Y40.126 E113.12508
G1 X41.388 Y39.762 E113.13944
G1 X41.047 Y39.48 E113.15416
G1 X40.736 Y39.315 E113.16587
G1 X40.407 Y39.218 E113.17728
G1 X39.98 Y39.183 E113.19153
G1 X39.539 Y39.286 E113.20659
G1 X39.232 Y39.433 E113.21791
G1 X38.948 Y39.645 E113.2297
G1 X38.716 Y39.905 E113.24129
G1 X38.545 Y40.213 E113.253
G1 X38.437 Y40.542 E113.26452
G1 X38.402 Y40.889 E113.27612
G1 X38.437 Y41.238 E113.28779
G1 X38.544 Y41.567 E113.29929
G1 X38.717 Y41.871 E113.31093
G1 X39.01 Y42.204 E113.32568
G1 X39.378 Y42.425 E113.33996
G1 X39.711 Y42.54 E113.35167
G1 X40.062 Y42.586 E113.36345
G1 X40.411 Y42.558 E113.37509
G1 X40.732 Y42.465 E113.38621
G0 F9000 X40.449 Y41.752
;TYPE:SKIN
G1 F600 X40.083 Y41.819 E113.39858
G1 X39.693 Y41.724 E113.41194
G1 X39.502 Y41.612 E113.4193
G1 X39.347 Y41.435 E113.42713
G1 X39.188 Y41.077 E113.44015
G1 X39.188 Y40.698 E113.45276
G1 X39.343 Y40.341 E113.4657
G1 X39.458 Y40.212 E113.47145
G1 X39.8 Y40.004 E113.48477
G1 X40.04 Y39.95 E113.49295
G1 X40.263 Y39.967 E113.50039
G1 X40.532 Y40.049 E113.50974
G1 X40.809 Y40.272 E113.52157
G1 X40.988 Y40.553 E113.53265
G1 X41.041 Y40.887 E113.5439
G1 X40.988 Y41.219 E113.55508
G1 X40.803 Y41.51 E113.56655
G1 X40.449 Y41.752 E113.58081
G0 F9000 X40.356 Y42.034
G0 X40.958 Y41.643
G0 X41.139 Y41.359
G0 X41.258 Y40.585
G0 X40.802 Y40.657
G1 F600 X39.891 Y41.567 E113.62364
G0 F9000 X39.541 Y41.352
G1 F600 X40.562 Y40.331 E113.67166
G0 F9000 X40.155 Y40.172
G1 F600 X39.388 Y40.939 E113.70774
G1 F2700 E108.70774
;MESH:slupek3.stl(1)
G0 F9000 X38.928 Y40.925
G0 X39.176 Y41.543
G0 X39.374 Y41.768
G0 X39.618 Y41.915
G0 X40.076 Y42.022
G0 X40.519 Y41.943
G0 X40.875 Y41.7
G0 X41.581 Y40.891
G0 X42.662 Y40.721
G0 X46.191 Y40.759
G0 X47.262 Y40.535
G0 X48.74 Y41.158
G0 X49.089 Y41.307
;TYPE:WALL-INNER
G1 F2700 E113.70774
G1 F600 X49.141 Y41.292 E113.70954
G1 X49.381 Y41.164 E113.71859
G1 X49.591 Y40.987 E113.72772
G1 X49.75 Y40.788 E113.73619
G1 X49.871 Y40.544 E113.74525
G1 X49.956 Y40.221 E113.75636
G1 X49.939 Y39.893 E113.76728
G1 X49.87 Y39.635 E113.77617
G1 X49.72 Y39.331 E113.78744
G1 X49.488 Y39.091 E113.79854
G1 X49.214 Y38.907 E113.80952
G1 X48.826 Y38.798 E113.82293
G1 X48.497 Y38.806 E113.83387
G1 X48.168 Y38.879 E113.84508
G1 X47.822 Y39.086 E113.85849
G1 X47.603 Y39.338 E113.86959
G1 X47.469 Y39.571 E113.87853
G1 X47.391 Y39.821 E113.88725
G1 X47.358 Y40.152 E113.89831
G1 X47.428 Y40.491 E113.90982
G1 X47.53 Y40.728 E113.9184
G1 X47.683 Y40.942 E113.92715
G1 X47.883 Y41.129 E113.93626
G1 X48.103 Y41.26 E113.94478
G1 X48.359 Y41.348 E113.95378
G1 X48.628 Y41.384 E113.96281
G1 X48.896 Y41.363 E113.97175
G1 X49.089 Y41.307 E113.97843
G0 F9000 X49.222 Y41.685
;TYPE:WALL-OUTER
G1 F600 X49.292 Y41.665 E113.98085
G1 X49.607 Y41.497 E113.99273
G1 X49.879 Y41.267 E114.00457
G1 X50.09 Y41.004 E114.01579
G1 X50.247 Y40.685 E114.02761
G1 X50.358 Y40.263 E114.04213
G1 X50.337 Y39.831 E114.05651
G1 X50.247 Y39.492 E114.06818
G1 X50.05 Y39.097 E114.08286
G1 X49.746 Y38.783 E114.0974
G1 X49.386 Y38.54 E114.11184
G1 X48.878 Y38.394 E114.12942
G1 X48.446 Y38.405 E114.1438
G1 X48.016 Y38.504 E114.15847
G1 X47.562 Y38.776 E114.17607
G1 X47.276 Y39.105 E114.19057
G1 X47.101 Y39.409 E114.20224
G1 X46.997 Y39.741 E114.21381
G1 X46.954 Y40.173 E114.22825
G1 X47.044 Y40.611 E114.24312
G1 X47.18 Y40.925 E114.2545
G1 X47.38 Y41.207 E114.266
G1 X47.641 Y41.451 E114.27789
G1 X47.933 Y41.625 E114.28919
G1 X48.267 Y41.74 E114.30094
G1 X48.618 Y41.786 E114.31272
G1 X48.968 Y41.758 E114.32439
G1 X49.222 Y41.685 E114.33318
G0 F9000 X48.966 Y40.96
;TYPE:SKIN
G1 F600 X48.635 Y41.017 E114.34435
G1 X48.448 Y40.993 E114.35063
G1 X48.093 Y40.831 E114.3636
G1 X47.959 Y40.706 E114.3697
G1 X47.77 Y40.373 E114.38243
G1 X47.722 Y40.13 E114.39067
G1 X47.745 Y39.896 E114.39849
G1 X47.827 Y39.628 E114.40781
G1 X48.054 Y39.368 E114.41929
G1 X48.307 Y39.217 E114.42909
G1 X48.779 Y39.161 E114.4449
G1 X49.059 Y39.237 E114.45455
G1 X49.422 Y39.537 E114.47022
G1 X49.574 Y39.858 E114.48203
G1 X49.59 Y40.179 E114.49272
G1 X49.446 Y40.583 E114.50698
G1 X49.166 Y40.869 E114.5203
G1 X49.01 Y40.952 E114.52617
G1 X48.966 Y40.96 E114.52766
G0 F9000 X48.57 Y40.808
G1 F600 X49.38 Y39.998 E114.56576
G0 F9000 X49.203 Y39.609
G1 F600 X48.177 Y40.636 E114.61404
G0 F9000 X47.958 Y40.289
G1 F600 X48.858 Y39.389 E114.65638
G1 F2700 E109.65638
;MESH:NONMESH
G0 F300 X48.858 Y39.389 Z10.6
G0 F9000 X48.979 Y38.946
G0 X48.23 Y39.03
G0 X47.927 Y39.211
G0 X47.704 Y39.468
G0 X47.262 Y40.535
G0 X46.191 Y40.759
G0 X42.604 Y41.434
G0 X41.522 Y41.265
G0 X40.356 Y42.034
G0 X40.582 Y42.092
;TIME_ELAPSED:445.895976
;LAYER:52
;note -- min layer time used
;TYPE:WALL-INNER
;MESH:slupek3.stl
G1 F2700 E114.65638
G1 F600 X40.827 Y41.963 E114.66559
G1 X41.08 Y41.751 E114.67656
G1 X41.26 Y41.468 E114.68772
G1 X41.357 Y41.217 E114.69667
G1 X41.408 Y40.889 E114.70771
G1 X41.357 Y40.563 E114.71869
G1 X41.26 Y40.306 E114.72782
G1 X41.084 Y40.03 E114.73871
G1 X40.822 Y39.815 E114.74998
G1 X40.585 Y39.687 E114.75894
G1 X40.333 Y39.614 E114.76767
G1 X40.01 Y39.587 E114.77845
G1 X39.673 Y39.666 E114.78996
G1 X39.44 Y39.777 E114.79854
G1 X39.22 Y39.941 E114.80767
G1 X39.044 Y40.138 E114.81646
G1 X38.913 Y40.374 E114.82543
G1 X38.831 Y40.626 E114.83425
G1 X38.804 Y40.889 E114.84304
G1 X38.831 Y41.155 E114.85193
G1 X38.912 Y41.405 E114.86067
G1 X39.045 Y41.639 E114.86963
G1 X39.27 Y41.893 E114.88091
G1 X39.548 Y42.061 E114.89172
G1 X39.803 Y42.149 E114.90069
G1 X40.072 Y42.184 E114.90971
G1 X40.339 Y42.162 E114.91862
G1 X40.582 Y42.092 E114.92703
G0 F9000 X40.732 Y42.465
;TYPE:WALL-OUTER
G1 F600 X41.051 Y42.297 E114.93902
G1 X41.384 Y42.018 E114.95347
G1 X41.62 Y41.649 E114.96804
G1 X41.745 Y41.32 E114.97975
G1 X41.813 Y40.889 E114.99426
G1 X41.745 Y40.46 E115.00871
G1 X41.62 Y40.126 E115.02057
G1 X41.388 Y39.762 E115.03492
G1 X41.047 Y39.48 E115.04964
G1 X40.736 Y39.315 E115.06135
G1 X40.407 Y39.218 E115.07276
G1 X39.98 Y39.183 E115.08701
G1 X39.539 Y39.286 E115.10207
G1 X39.232 Y39.433 E115.11339
G1 X38.948 Y39.645 E115.12518
G1 X38.716 Y39.905 E115.13677
G1 X38.545 Y40.213 E115.14849
G1 X38.437 Y40.542 E115.16
G1 X38.402 Y40.889 E115.1716
G1 X38.437 Y41.238 E115.18327
G1 X38.544 Y41.567 E115.19478
G1 X38.717 Y41.871 E115.20641
G1 X39.01 Y42.204 E115.22116
G1 X39.378 Y42.425 E115.23544
G1 X39.711 Y42.54 E115.24716
G1 X40.062 Y42.586 E115.25893
G1 X40.411 Y42.558 E115.27058
G1 X40.732 Y42.465 E115.28169
G0 F9000 X40.449 Y41.752
;TYPE:SKIN
G1 F600 X40.083 Y41.819 E115.29407
G1 X39.693 Y41.724 E115.30742
G1 X39.502 Y41.612 E115.31478
G1 X39.347 Y41.435 E115.32261
G1 X39.188 Y41.077 E115.33564
G1 X39.188 Y40.698 E115.34824
G1 X39.343 Y40.341 E115.36119
G1 X39.458 Y40.212 E115.36694
G1 X39.8 Y40.004 E115.38025
G1 X40.04 Y39.95 E115.38843
G1 X40.263 Y39.967 E115.39587
G1 X40.532 Y40.049 E115.40522
G1 X40.809 Y40.272 E115.41705
G1 X40.988 Y40.553 E115.42813
G1 X41.041 Y40.887 E115.43938
G1 X40.988 Y41.219 E115.45056
G1 X40.803 Y41.51 E115.46203
G1 X40.449 Y41.752 E115.47629
G0 F9000 X39.862 Y41.559
G1 F600 X39.428 Y41.125 E115.49671
G0 F9000 X39.454 Y40.586
G1 F600 X40.41 Y41.542 E115.54167
G0 F9000 X40.714 Y41.279
G1 F600 X39.721 Y40.287 E115.58836
G0 F9000 X40.177 Y40.177
G1 F600 X40.83 Y40.83 E115.61907
G1 F2700 E110.61907
;MESH:slupek3.stl(1)
G0 F9000 X41.286 Y40.758
G0 X41.581 Y40.891
G0 X42.662 Y40.721
G0 X46.191 Y40.759
G0 X47.262 Y40.535
G0 X48.74 Y41.158
G0 X49.089 Y41.307
;TYPE:WALL-INNER
G1 F2700 E115.61907
G1 F600 X49.141 Y41.292 E115.62087
G1 X49.381 Y41.164 E115.62992
G1 X49.591 Y40.987 E115.63906
G1 X49.75 Y40.788 E115.64753
G1 X49.871 Y40.544 E115.65659
G1 X49.956 Y40.221 E115.66769
G1 X49.939 Y39.893 E115.67862
G1 X49.87 Y39.635 E115.6875
G1 X49.72 Y39.331 E115.69878
G1 X49.488 Y39.091 E115.70988
G1 X49.214 Y38.907 E115.72086
G1 X48.826 Y38.798 E115.73426
G1 X48.497 Y38.806 E115.74521
G1 X48.168 Y38.879 E115.75642
G1 X47.822 Y39.086 E115.76983
G1 X47.603 Y39.338 E115.78093
G1 X47.469 Y39.571 E115.78987
G1 X47.391 Y39.821 E115.79858
G1 X47.358 Y40.152 E115.80964
G1 X47.428 Y40.491 E115.82116
G1 X47.53 Y40.728 E115.82974
G1 X47.683 Y40.942 E115.83849
G1 X47.883 Y41.129 E115.8476
G1 X48.103 Y41.26 E115.85611
G1 X48.359 Y41.348 E115.86511
G1 X48.628 Y41.384 E115.87414
G1 X48.896 Y41.363 E115.88308
G1 X49.089 Y41.307 E115.88977
G0 F9000 X49.222 Y41.685
;TYPE:WALL-OUTER
G1 F600 X49.292 Y41.665 E115.89219
G1 X49.607 Y41.497 E115.90406
G1 X49.879 Y41.267 E115.91591
G1 X50.09 Y41.004 E115.92712
G1 X50.247 Y40.685 E115.93895
G1 X50.358 Y40.263 E115.95346
G1 X50.337 Y39.831 E115.96785
G1 X50.247 Y39.492 E115.97951
G1 X50.05 Y39.097 E115.99419
G1 X49.746 Y38.783 E116.00873
G1 X49.386 Y38.54 E116.02318
G1 X48.878 Y38.394 E116.04076
G1 X48.446 Y38.405 E116.05513
G1 X48.016 Y38.504 E116.06981
G1 X47.562 Y38.776 E116.08741
G1 X47.276 Y39.105 E116.10191
G1 X47.101 Y39.409 E116.11357
G1 X46.997 Y39.741 E116.12515
G1 X46.954 Y40.173 E116.13959
G1 X47.044 Y40.611 E116.15446
G1 X47.18 Y40.925 E116.16584
G1 X47.38 Y41.207 E116.17734
G1 X47.641 Y41.451 E116.18922
G1 X47.933 Y41.625 E116.20053
G1 X48.267 Y41.74 E116.21228
G1 X48.618 Y41.786 E116.22405
G1 X48.968 Y41.758 E116.23573
G1 X49.222 Y41.685 E116.24452
G0 F9000 X48.966 Y40.96
;TYPE:SKIN
G1 F600 X48.635 Y41.017 E116.25569
G1 X48.448 Y40.993 E116.26196
G1 X48.093 Y40.831 E116.27494
G1 X47.959 Y40.706 E116.28103
G1 X47.77 Y40.373 E116.29377
G1 X47.722 Y40.13 E116.30201
G1 X47.745 Y39.896 E116.30983
G1 X47.827 Y39.628 E116.31915
G1 X48.054 Y39.368 E116.33063
G1 X48.307 Y39.217 E116.34043
G1 X48.779 Y39.161 E116.35624
G1 X49.059 Y39.237 E116.36589
G1 X49.422 Y39.537 E116.38155
G1 X49.574 Y39.858 E116.39336
G1 X49.59 Y40.179 E116.40405
G1 X49.446 Y40.583 E116.41832
G1 X49.166 Y40.869 E116.43163
G1 X49.01 Y40.952 E116.43751
G1 X48.966 Y40.96 E116.439
G0 F9000 X48.903 Y41.236
G0 X48.394 Y41.191
G0 X48.06 Y41.037
G0 X47.632 Y40.655
G0 X47.944 Y40.024
G1 F600 X48.719 Y40.799 E116.47545
G0 F9000 X49.118 Y40.632
G1 F600 X48.102 Y39.616 E116.52324
G0 F9000 X48.45 Y39.399
G1 F600 X49.342 Y40.291 E116.5652
G1 F2700 E111.5652
;MESH:NONMESH
G0 F300 X49.342 Y40.291 Z10.8
G0 F9000 X49.538 Y40.866
G0 X47.755 Y40.606
G0 X47.262 Y40.535
G0 X46.191 Y40.759
G0 X42.604 Y41.434
G0 X41.522 Y41.265
G0 X40.356 Y42.034
G0 X40.582 Y42.092
;TIME_ELAPSED:453.921055
;LAYER:53
;note -- min layer time used
;TYPE:WALL-INNER
;MESH:slupek3.stl
G1 F2700 E116.5652
G1 F600 X40.827 Y41.963 E116.5744
G1 X41.08 Y41.751 E116.58538
G1 X41.26 Y41.468 E116.59654
G1 X41.357 Y41.217 E116.60549
G1 X41.408 Y40.889 E116.61653
G1 X41.357 Y40.563 E116.6275
G1 X41.26 Y40.306 E116.63664
G1 X41.084 Y40.03 E116.64753
G1 X40.822 Y39.815 E116.6588
G1 X40.585 Y39.687 E116.66776
G1 X40.333 Y39.614 E116.67648
G1 X40.01 Y39.587 E116.68727
G1 X39.673 Y39.666 E116.69878
G1 X39.44 Y39.777 E116.70736
G1 X39.22 Y39.941 E116.71649
G1 X39.044 Y40.138 E116.72527
G1 X38.913 Y40.374 E116.73425
G1 X38.831 Y40.626 E116.74307
G1 X38.804 Y40.889 E116.75186
G1 X38.831 Y41.155 E116.76075
G1 X38.912 Y41.405 E116.76949
G1 X39.045 Y41.639 E116.77845
G1 X39.27 Y41.893 E116.78973
G1 X39.548 Y42.061 E116.80054
G1 X39.803 Y42.149 E116.80951
G1 X40.072 Y42.184 E116.81853
G1 X40.339 Y42.162 E116.82744
G1 X40.582 Y42.092 E116.83585
G0 F9000 X40.732 Y42.465
;TYPE:WALL-OUTER
G1 F600 X41.051 Y42.297 E116.84784
G1 X41.384 Y42.018 E116.86229
G1 X41.62 Y41.649 E116.87686
G1 X41.745 Y41.32 E116.88857
G1 X41.813 Y40.889 E116.90308
G1 X41.745 Y40.46 E116.91752
G1 X41.62 Y40.126 E116.92939
G1 X41.388 Y39.762 E116.94374
G1 X41.047 Y39.48 E116.95846
G1 X40.736 Y39.315 E116.97017
G1 X40.407 Y39.218 E116.98158
G1 X39.98 Y39.183 E116.99583
G1 X39.539 Y39.286 E117.01089
G1 X39.232 Y39.433 E117.02221
G1 X38.948 Y39.645 E117.034
G1 X38.716 Y39.905 E117.04559
G1 X38.545 Y40.213 E117.05731
G1 X38.437 Y40.542 E117.06882
G1 X38.402 Y40.889 E117.08042
G1 X38.437 Y41.238 E117.09209
G1 X38.544 Y41.567 E117.1036
G1 X38.717 Y41.871 E117.11523
G1 X39.01 Y42.204 E117.12998
G1 X39.378 Y42.425 E117.14426
G1 X39.711 Y42.54 E117.15598
G1 X40.062 Y42.586 E117.16775
G1 X40.411 Y42.558 E117.1794
G1 X40.732 Y42.465 E117.19051
G0 F9000 X40.449 Y41.752
;TYPE:SKIN
G1 F600 X40.083 Y41.819 E117.20289
G1 X39.693 Y41.724 E117.21624
G1 X39.502 Y41.612 E117.2236
G1 X39.347 Y41.435 E117.23143
G1 X39.188 Y41.077 E117.24446
G1 X39.188 Y40.698 E117.25706
G1 X39.343 Y40.341 E117.27001
G1 X39.458 Y40.212 E117.27575
G1 X39.8 Y40.004 E117.28907
G1 X40.04 Y39.95 E117.29725
G1 X40.263 Y39.967 E117.30469
G1 X40.532 Y40.049 E117.31404
G1 X40.809 Y40.272 E117.32587
G1 X40.988 Y40.553 E117.33695
G1 X41.041 Y40.887 E117.3482
G1 X40.988 Y41.219 E117.35938
G1 X40.803 Y41.51 E117.37085
G1 X40.449 Y41.752 E117.38511
G0 F9000 X40.356 Y42.034
G0 X40.958 Y41.643
G0 X41.139 Y41.359
G0 X41.258 Y40.585
G0 X40.802 Y40.657
G1 F600 X39.891 Y41.567 E117.42794
G0 F9000 X39.541 Y41.352
G1 F600 X40.562 Y40.331 E117.47596
G0 F9000 X40.155 Y40.172
G1 F600 X39.388 Y40.939 E117.51204
G1 F2700 E112.51204
;MESH:slupek3.stl(1)
G0 F9000 X38.928 Y40.925
G0 X39.176 Y41.543
G0 X39.374 Y41.768
G0 X39.618 Y41.915
G0 X40.076 Y42.022
G0 X40.519 Y41.943
G0 X40.875 Y41.7
G0 X41.581 Y40.891
G0 X42.662 Y40.721
G0 X46.191 Y40.759
G0 X47.262 Y40.535
G0 X48.74 Y41.158
G0 X49.089 Y41.307
;TYPE:WALL-INNER
G1 F2700 E117.51204
G1 F600 X49.141 Y41.292 E117.51384
G1 X49.381 Y41.164 E117.52289
G1 X49.591 Y40.987 E117.53202
G1 X49.75 Y40.788 E117.54049
G1 X49.871 Y40.544 E117.54955
G1 X49.956 Y40.221 E117.56066
G1 X49.939 Y39.893 E117.57159
G1 X49.87 Y39.635 E117.58047
G1 X49.72 Y39.331 E117.59174
G1 X49.488 Y39.091 E117.60285
G1 X49.214 Y38.907 E117.61382
G1 X48.826 Y38.798 E117.62723
G1 X48.497 Y38.806 E117.63817
G1 X48.168 Y38.879 E117.64938
G1 X47.822 Y39.086 E117.66279
G1 X47.603 Y39.338 E117.6739
G1 X47.469 Y39.571 E117.68284
G1 X47.391 Y39.821 E117.69155
G1 X47.358 Y40.152 E117.70261
G1 X47.428 Y40.491 E117.71412
G1 X47.53 Y40.728 E117.72271
G1 X47.683 Y40.942 E117.73146
G1 X47.883 Y41.129 E117.74056
G1 X48.103 Y41.26 E117.74908
G1 X48.359 Y41.348 E117.75808
G1 X48.628 Y41.384 E117.76711
G1 X48.896 Y41.363 E117.77605
G1 X49.089 Y41.307 E117.78273
G0 F9000 X49.222 Y41.685
;TYPE:WALL-OUTER
G1 F600 X49.292 Y41.665 E117.78516
G1 X49.607 Y41.497 E117.79703
G1 X49.879 Y41.267 E117.80888
G1 X50.09 Y41.004 E117.82009
G1 X50.247 Y40.685 E117.83192
G1 X50.358 Y40.263 E117.84643
G1 X50.337 Y39.831 E117.86081
G1 X50.247 Y39.492 E117.87248
G1 X50.05 Y39.097 E117.88716
G1 X49.746 Y38.783 E117.9017
G1 X49.386 Y38.54 E117.91614
G1 X48.878 Y38.394 E117.93372
G1 X48.446 Y38.405 E117.9481
G1 X48.016 Y38.504 E117.96277
G1 X47.562 Y38.776 E117.98038
G1 X47.276 Y39.105 E117.99488
G1 X47.101 Y39.409 E118.00654
G1 X46.997 Y39.741 E118.01811
G1 X46.954 Y40.173 E118.03255
G1 X47.044 Y40.611 E118.04743
G1 X47.18 Y40.925 E118.05881
G1 X47.38 Y41.207 E118.07031
G1 X47.641 Y41.451 E118.08219
G1 X47.933 Y41.625 E118.09349
G1 X48.267 Y41.74 E118.10524
G1 X48.618 Y41.786 E118.11702
G1 X48.968 Y41.758 E118.1287
G1 X49.222 Y41.685 E118.13749
G0 F9000 X48.966 Y40.96
;TYPE:SKIN
G1 F600 X48.635 Y41.017 E118.14866
G1 X48.448 Y40.993 E118.15493
G1 X48.093 Y40.831 E118.16791
G1 X47.959 Y40.706 E118.174
G1 X47.77 Y40.373 E118.18674
G1 X47.722 Y40.13 E118.19497
G1 X47.745 Y39.896 E118.20279
G1 X47.827 Y39.628 E118.21212
G1 X48.054 Y39.368 E118.2236
G1 X48.307 Y39.217 E118.2334
G1 X48.779 Y39.161 E118.2492
G1 X49.059 Y39.237 E118.25885
G1 X49.422 Y39.537 E118.27452
G1 X49.574 Y39.858 E118.28633
G1 X49.59 Y40.179 E118.29702
G1 X49.446 Y40.583 E118.31129
G1 X49.166 Y40.869 E118.3246
G1 X49.01 Y40.952 E118.33047
G1 X48.966 Y40.96 E118.33196
G0 F9000 X48.57 Y40.808
G1 F600 X49.38 Y39.998 E118.37006
G0 F9000 X49.203 Y39.609
G1 F600 X48.177 Y40.636 E118.41835
G0 F9000 X47.958 Y40.289
G1 F600 X48.858 Y39.389 E118.46068
G1 F2700 E113.46068
;MESH:NONMESH
G0 F300 X48.858 Y39.389 Z11
G0 F9000 X48.979 Y38.946
G0 X48.23 Y39.03
G0 X47.927 Y39.211
G0 X47.704 Y39.468
G0 X47.262 Y40.535
G0 X46.191 Y40.759
G0 X42.604 Y41.434
G0 X41.522 Y41.265
G0 X40.356 Y42.034
G0 X40.582 Y42.092
;TIME_ELAPSED:462.039659
;LAYER:54
;note -- min layer time used
;TYPE:WALL-INNER
;MESH:slupek3.stl
G1 F2700 E118.46068
G1 F600 X40.827 Y41.963 E118.46989
G1 X41.08 Y41.751 E118.48087
G1 X41.26 Y41.468 E118.49202
G1 X41.357 Y41.217 E118.50097
G1 X41.408 Y40.889 E118.51201
G1 X41.357 Y40.563 E118.52299
G1 X41.26 Y40.306 E118.53212
G1 X41.084 Y40.03 E118.54301
G1 X40.822 Y39.815 E118.55428
G1 X40.585 Y39.687 E118.56324
G1 X40.333 Y39.614 E118.57197
G1 X40.01 Y39.587 E118.58275
G1 X39.673 Y39.666 E118.59426
G1 X39.44 Y39.777 E118.60285
G1 X39.22 Y39.941 E118.61197
G1 X39.044 Y40.138 E118.62076
G1 X38.913 Y40.374 E118.62974
G1 X38.831 Y40.626 E118.63855
G1 X38.804 Y40.889 E118.64734
G1 X38.831 Y41.155 E118.65624
G1 X38.912 Y41.405 E118.66498
G1 X39.045 Y41.639 E118.67393
G1 X39.27 Y41.893 E118.68522
G1 X39.548 Y42.061 E118.69602
G1 X39.803 Y42.149 E118.70499
G1 X40.072 Y42.184 E118.71401
G1 X40.339 Y42.162 E118.72292
G1 X40.582 Y42.092 E118.73133
G0 F9000 X40.732 Y42.465
;TYPE:WALL-OUTER
G1 F600 X41.051 Y42.297 E118.74333
G1 X41.384 Y42.018 E118.75778
G1 X41.62 Y41.649 E118.77234
G1 X41.745 Y41.32 E118.78405
G1 X41.813 Y40.889 E118.79856
G1 X41.745 Y40.46 E118.81301
G1 X41.62 Y40.126 E118.82487
G1 X41.388 Y39.762 E118.83923
G1 X41.047 Y39.48 E118.85394
G1 X40.736 Y39.315 E118.86565
G1 X40.407 Y39.218 E118.87706
G1 X39.98 Y39.183 E118.89131
G1 X39.539 Y39.286 E118.90637
G1 X39.232 Y39.433 E118.9177
G1 X38.948 Y39.645 E118.92948
G1 X38.716 Y39.905 E118.94107
G1 X38.545 Y40.213 E118.95279
G1 X38.437 Y40.542 E118.96431
G1 X38.402 Y40.889 E118.97591
G1 X38.437 Y41.238 E118.98757
G1 X38.544 Y41.567 E118.99908
G1 X38.717 Y41.871 E119.01071
G1 X39.01 Y42.204 E119.02547
G1 X39.378 Y42.425 E119.03974
G1 X39.711 Y42.54 E119.05146
G1 X40.062 Y42.586 E119.06323
G1 X40.411 Y42.558 E119.07488
G1 X40.732 Y42.465 E119.086
G0 F9000 X40.449 Y41.752
;TYPE:SKIN
G1 F600 X40.083 Y41.819 E119.09837
G1 X39.693 Y41.724 E119.11172
G1 X39.502 Y41.612 E119.11909
G1 X39.347 Y41.435 E119.12691
G1 X39.188 Y41.077 E119.13994
G1 X39.188 Y40.698 E119.15255
G1 X39.343 Y40.341 E119.16549
G1 X39.458 Y40.212 E119.17124
G1 X39.8 Y40.004 E119.18455
G1 X40.04 Y39.95 E119.19273
G1 X40.263 Y39.967 E119.20017
G1 X40.532 Y40.049 E119.20953
G1 X40.809 Y40.272 E119.22135
G1 X40.988 Y40.553 E119.23243
G1 X41.041 Y40.887 E119.24368
G1 X40.988 Y41.219 E119.25486
G1 X40.803 Y41.51 E119.26633
G1 X40.449 Y41.752 E119.2806
G0 F9000 X39.862 Y41.559
G1 F600 X39.428 Y41.125 E119.30101
G0 F9000 X39.454 Y40.586
G1 F600 X40.41 Y41.542 E119.34598
G0 F9000 X40.714 Y41.279
G1 F600 X39.721 Y40.287 E119.39266
G0 F9000 X40.177 Y40.177
G1 F600 X40.83 Y40.83 E119.42338
G1 F2700 E114.42338
;MESH:slupek3.stl(1)
G0 F9000 X41.286 Y40.758
G0 X41.581 Y40.891
G0 X42.662 Y40.721
G0 X46.191 Y40.759
G0 X47.262 Y40.535
G0 X48.74 Y41.158
G0 X49.089 Y41.307
;TYPE:WALL-INNER
G1 F2700 E119.42338
G1 F600 X49.141 Y41.292 E119.42518
G1 X49.381 Y41.164 E119.43422
G1 X49.591 Y40.987 E119.44336
G1 X49.75 Y40.788 E119.45183
G1 X49.871 Y40.544 E119.46089
G1 X49.956 Y40.221 E119.472
G1 X49.939 Y39.893 E119.48292
G1 X49.87 Y39.635 E119.4918
G1 X49.72 Y39.331 E119.50308
G1 X49.488 Y39.091 E119.51418
G1 X49.214 Y38.907 E119.52516
G1 X48.826 Y38.798 E119.53856
G1 X48.497 Y38.806 E119.54951
G1 X48.168 Y38.879 E119.56072
G1 X47.822 Y39.086 E119.57413
G1 X47.603 Y39.338 E119.58523
G1 X47.469 Y39.571 E119.59417
G1 X47.391 Y39.821 E119.60288
G1 X47.358 Y40.152 E119.61395
G1 X47.428 Y40.491 E119.62546
G1 X47.53 Y40.728 E119.63404
G1 X47.683 Y40.942 E119.64279
G1 X47.883 Y41.129 E119.6519
G1 X48.103 Y41.26 E119.66041
G1 X48.359 Y41.348 E119.66942
G1 X48.628 Y41.384 E119.67844
G1 X48.896 Y41.363 E119.68738
G1 X49.089 Y41.307 E119.69407
G0 F9000 X49.222 Y41.685
;TYPE:WALL-OUTER
G1 F600 X49.292 Y41.665 E119.69649
G1 X49.607 Y41.497 E119.70836
G1 X49.879 Y41.267 E119.72021
G1 X50.09 Y41.004 E119.73143
G1 X50.247 Y40.685 E119.74325
G1 X50.358 Y40.263 E119.75776
G1 X50.337 Y39.831 E119.77215
G1 X50.247 Y39.492 E119.78382
G1 X50.05 Y39.097 E119.7985
G1 X49.746 Y38.783 E119.81303
G1 X49.386 Y38.54 E119.82748
G1 X48.878 Y38.394 E119.84506
G1 X48.446 Y38.405 E119.85943
G1 X48.016 Y38.504 E119.87411
G1 X47.562 Y38.776 E119.89171
G1 X47.276 Y39.105 E119.90621
G1 X47.101 Y39.409 E119.91788
G1 X46.997 Y39.741 E119.92945
G1 X46.954 Y40.173 E119.94389
G1 X47.044 Y40.611 E119.95876
G1 X47.18 Y40.925 E119.97014
G1 X47.38 Y41.207 E119.98164
G1 X47.641 Y41.451 E119.99352
G1 X47.933 Y41.625 E120.00483
G1 X48.267 Y41.74 E120.01658
G1 X48.618 Y41.786 E120.02835
G1 X48.968 Y41.758 E120.04003
G1 X49.222 Y41.685 E120.04882
G0 F9000 X48.966 Y40.96
;TYPE:SKIN
G1 F600 X48.635 Y41.017 E120.05999
G1 X48.448 Y40.993 E120.06626
G1 X48.093 Y40.831 E120.07924
G1 X47.959 Y40.706 E120.08534
G1 X47.77 Y40.373 E120.09807
G1 X47.722 Y40.13 E120.10631
G1 X47.745 Y39.896 E120.11413
G1 X47.827 Y39.628 E120.12345
G1 X48.054 Y39.368 E120.13493
G1 X48.307 Y39.217 E120.14473
G1 X48.779 Y39.161 E120.16054
G1 X49.059 Y39.237 E120.17019
G1 X49.422 Y39.537 E120.18585
G1 X49.574 Y39.858 E120.19767
G1 X49.59 Y40.179 E120.20836
G1 X49.446 Y40.583 E120.22262
G1 X49.166 Y40.869 E120.23593
G1 X49.01 Y40.952 E120.24181
G1 X48.966 Y40.96 E120.2433
G0 F9000 X48.903 Y41.236
G0 X48.394 Y41.191
G0 X48.06 Y41.037
G0 X47.632 Y40.655
G0 X47.944 Y40.024
G1 F600 X48.719 Y40.799 E120.27975
G0 F9000 X49.118 Y40.632
G1 F600 X48.102 Y39.616 E120.32754
G0 F9000 X48.45 Y39.399
G1 F600 X49.342 Y40.291 E120.3695
G1 F2700 E115.3695
;MESH:NONMESH
G0 F300 X49.342 Y40.291 Z11.2
G0 F9000 X49.538 Y40.866
G0 X47.755 Y40.606
G0 X47.262 Y40.535
G0 X46.191 Y40.759
G0 X42.604 Y41.434
G0 X41.522 Y41.265
G0 X40.356 Y42.034
G0 X40.582 Y42.092
;TIME_ELAPSED:470.064738
;LAYER:55
;note -- min layer time used
;TYPE:WALL-INNER
;MESH:slupek3.stl
G1 F2700 E120.3695
G1 F600 X40.827 Y41.963 E120.37871
G1 X41.08 Y41.751 E120.38969
G1 X41.26 Y41.468 E120.40084
G1 X41.357 Y41.217 E120.40979
G1 X41.408 Y40.889 E120.42083
G1 X41.357 Y40.563 E120.43181
G1 X41.26 Y40.306 E120.44094
G1 X41.084 Y40.03 E120.45183
G1 X40.822 Y39.815 E120.4631
G1 X40.585 Y39.687 E120.47206
G1 X40.333 Y39.614 E120.48079
G1 X40.01 Y39.587 E120.49157
G1 X39.673 Y39.666 E120.50308
G1 X39.44 Y39.777 E120.51166
G1 X39.22 Y39.941 E120.52079
G1 X39.044 Y40.138 E120.52958
G1 X38.913 Y40.374 E120.53855
G1 X38.831 Y40.626 E120.54737
G1 X38.804 Y40.889 E120.55616
G1 X38.831 Y41.155 E120.56505
G1 X38.912 Y41.405 E120.5738
G1 X39.045 Y41.639 E120.58275
G1 X39.27 Y41.893 E120.59403
G1 X39.548 Y42.061 E120.60484
G1 X39.803 Y42.149 E120.61381
G1 X40.072 Y42.184 E120.62283
G1 X40.339 Y42.162 E120.63174
G1 X40.582 Y42.092 E120.64015
G0 F9000 X40.732 Y42.465
;TYPE:WALL-OUTER
G1 F600 X41.051 Y42.297 E120.65214
G1 X41.384 Y42.018 E120.66659
G1 X41.62 Y41.649 E120.68116
G1 X41.745 Y41.32 E120.69287
G1 X41.813 Y40.889 E120.70738
G1 X41.745 Y40.46 E120.72183
G1 X41.62 Y40.126 E120.73369
G1 X41.388 Y39.762 E120.74805
G1 X41.047 Y39.48 E120.76276
G1 X40.736 Y39.315 E120.77447
G1 X40.407 Y39.218 E120.78588
G1 X39.98 Y39.183 E120.80013
G1 X39.539 Y39.286 E120.81519
G1 X39.232 Y39.433 E120.82651
G1 X38.948 Y39.645 E120.8383
G1 X38.716 Y39.905 E120.84989
G1 X38.545 Y40.213 E120.86161
G1 X38.437 Y40.542 E120.87313
G1 X38.402 Y40.889 E120.88472
G1 X38.437 Y41.238 E120.89639
G1 X38.544 Y41.567 E120.9079
G1 X38.717 Y41.871 E120.91953
G1 X39.01 Y42.204 E120.93428
G1 X39.378 Y42.425 E120.94856
G1 X39.711 Y42.54 E120.96028
G1 X40.062 Y42.586 E120.97205
G1 X40.411 Y42.558 E120.9837
G1 X40.732 Y42.465 E120.99481
G0 F9000 X40.449 Y41.752
;TYPE:SKIN
G1 F600 X40.083 Y41.819 E121.00719
G1 X39.693 Y41.724 E121.02054
G1 X39.502 Y41.612 E121.0279
G1 X39.347 Y41.435 E121.03573
G1 X39.188 Y41.077 E121.04876
G1 X39.188 Y40.698 E121.06136
G1 X39.343 Y40.341 E121.07431
G1 X39.458 Y40.212 E121.08006
G1 X39.8 Y40.004 E121.09337
G1 X40.04 Y39.95 E121.10155
G1 X40.263 Y39.967 E121.10899
G1 X40.532 Y40.049 E121.11834
G1 X40.809 Y40.272 E121.13017
G1 X40.988 Y40.553 E121.14125
G1 X41.041 Y40.887 E121.1525
G1 X40.988 Y41.219 E121.16368
G1 X40.803 Y41.51 E121.17515
G1 X40.449 Y41.752 E121.18941
G0 F9000 X40.356 Y42.034
G0 X40.958 Y41.643
G0 X41.139 Y41.359
G0 X41.258 Y40.585
G0 X40.801 Y40.657
G1 F600 X39.891 Y41.567 E121.23222
G0 F9000 X39.541 Y41.352
G1 F600 X40.562 Y40.331 E121.28024
G0 F9000 X40.155 Y40.172
G1 F600 X39.388 Y40.939 E121.31632
G1 F2700 E116.31632
;MESH:slupek3.stl(1)
G0 F9000 X38.928 Y40.925
G0 X39.176 Y41.543
G0 X39.374 Y41.768
G0 X39.618 Y41.915
G0 X40.076 Y42.022
G0 X40.519 Y41.943
G0 X40.875 Y41.7
G0 X41.581 Y40.891
G0 X42.662 Y40.721
G0 X46.191 Y40.759
G0 X47.262 Y40.535
G0 X48.74 Y41.158
G0 X49.089 Y41.307
;TYPE:WALL-INNER
G1 F2700 E121.31632
G1 F600 X49.141 Y41.292 E121.31812
G1 X49.381 Y41.164 E121.32717
G1 X49.591 Y40.987 E121.3363
G1 X49.75 Y40.788 E121.34477
G1 X49.871 Y40.544 E121.35383
G1 X49.956 Y40.221 E121.36494
G1 X49.939 Y39.893 E121.37586
G1 X49.87 Y39.635 E121.38475
G1 X49.72 Y39.331 E121.39602
G1 X49.488 Y39.091 E121.40712
G1 X49.214 Y38.907 E121.4181
G1 X48.826 Y38.798 E121.43151
G1 X48.497 Y38.806 E121.44245
G1 X48.168 Y38.879 E121.45366
G1 X47.822 Y39.086 E121.46707
G1 X47.603 Y39.338 E121.47818
G1 X47.469 Y39.571 E121.48712
G1 X47.391 Y39.821 E121.49583
G1 X47.358 Y40.152 E121.50689
G1 X47.428 Y40.491 E121.5184
G1 X47.53 Y40.728 E121.52698
G1 X47.683 Y40.942 E121.53573
G1 X47.883 Y41.129 E121.54484
G1 X48.103 Y41.26 E121.55336
G1 X48.359 Y41.348 E121.56236
G1 X48.628 Y41.384 E121.57139
G1 X48.896 Y41.363 E121.58033
G1 X49.089 Y41.307 E121.58701
G0 F9000 X49.222 Y41.685
;TYPE:WALL-OUTER
G1 F600 X49.292 Y41.665 E121.58943
G1 X49.607 Y41.497 E121.60131
G1 X49.879 Y41.267 E121.61315
G1 X50.09 Y41.004 E121.62437
G1 X50.247 Y40.685 E121.63619
G1 X50.358 Y40.263 E121.65071
G1 X50.337 Y39.831 E121.66509
G1 X50.247 Y39.492 E121.67676
G1 X50.05 Y39.097 E121.69144
G1 X49.746 Y38.783 E121.70598
G1 X49.386 Y38.54 E121.72042
G1 X48.878 Y38.394 E121.738
G1 X48.446 Y38.405 E121.75238
G1 X48.016 Y38.504 E121.76705
G1 X47.562 Y38.776 E121.78465
G1 X47.276 Y39.105 E121.79915
G1 X47.101 Y39.409 E121.81082
G1 X46.997 Y39.741 E121.82239
G1 X46.954 Y40.173 E121.83683
G1 X47.044 Y40.611 E121.8517
G1 X47.18 Y40.925 E121.86308
G1 X47.38 Y41.207 E121.87458
G1 X47.641 Y41.451 E121.88647
G1 X47.933 Y41.625 E121.89777
G1 X48.267 Y41.74 E121.90952
G1 X48.618 Y41.786 E121.9213
G1 X48.968 Y41.758 E121.93297
G1 X49.222 Y41.685 E121.94176
G0 F9000 X48.966 Y40.96
;TYPE:SKIN
G1 F600 X48.635 Y41.017 E121.95294
G1 X48.448 Y40.993 E121.95921
G1 X48.093 Y40.831 E121.97218
G1 X47.959 Y40.706 E121.97828
G1 X47.77 Y40.373 E121.99101
G1 X47.722 Y40.13 E121.99925
G1 X47.745 Y39.896 E122.00707
G1 X47.827 Y39.628 E122.0164
G1 X48.054 Y39.368 E122.02787
G1 X48.307 Y39.217 E122.03767
G1 X48.779 Y39.161 E122.05348
G1 X49.059 Y39.237 E122.06313
G1 X49.422 Y39.537 E122.0788
G1 X49.574 Y39.858 E122.09061
G1 X49.59 Y40.179 E122.1013
G1 X49.446 Y40.583 E122.11556
G1 X49.166 Y40.869 E122.12888
G1 X49.01 Y40.952 E122.13475
G1 X48.966 Y40.96 E122.13624
G0 F9000 X48.57 Y40.808
G1 F600 X49.38 Y39.998 E122.17434
G0 F9000 X49.203 Y39.609
G1 F600 X48.177 Y40.636 E122.22262
G0 F9000 X47.958 Y40.289
G1 F600 X48.858 Y39.389 E122.26496
G1 F2700 E117.26496
;MESH:NONMESH
G0 F300 X48.858 Y39.389 Z11.4
G0 F9000 X48.979 Y38.946
G0 X48.23 Y39.03
G0 X47.927 Y39.211
G0 X47.704 Y39.468
G0 X47.262 Y40.535
G0 X46.191 Y40.759
G0 X42.604 Y41.434
G0 X41.522 Y41.265
G0 X40.356 Y42.034
G0 X40.584 Y42.093
;TIME_ELAPSED:478.183515
;LAYER:56
;note -- min layer time used
;TYPE:WALL-INNER
;MESH:slupek3.stl
G1 F2700 E122.26496
G1 F600 X40.831 Y41.959 E122.2743
G1 X41.029 Y41.797 E122.28281
G1 X41.195 Y41.588 E122.29169
G1 X41.315 Y41.347 E122.30064
G1 X41.398 Y41.021 E122.31183
G1 X41.383 Y40.688 E122.32292
G1 X41.299 Y40.368 E122.33392
G1 X41.083 Y40.029 E122.34729
G1 X40.83 Y39.816 E122.35829
G1 X40.588 Y39.687 E122.36741
G1 X40.334 Y39.614 E122.3762
G1 X40.011 Y39.587 E122.38698
G1 X39.677 Y39.667 E122.39841
G1 X39.429 Y39.783 E122.40751
G1 X39.221 Y39.936 E122.4161
G1 X39.048 Y40.134 E122.42485
G1 X38.913 Y40.371 E122.43392
G1 X38.812 Y40.686 E122.44492
G1 X38.812 Y41.092 E122.45843
G1 X38.91 Y41.403 E122.46927
G1 X39.044 Y41.639 E122.4783
G1 X39.262 Y41.889 E122.48933
G1 X39.551 Y42.061 E122.50051
G1 X39.804 Y42.149 E122.50942
G1 X40.071 Y42.185 E122.51839
G1 X40.33 Y42.166 E122.52702
G1 X40.584 Y42.093 E122.53581
G0 F9000 X40.731 Y42.467
;TYPE:WALL-OUTER
G1 F601.5 X40.736 Y42.465 E122.53599
G1 F600 X41.055 Y42.293 E122.54805
G1 X41.316 Y42.079 E122.55927
G1 X41.534 Y41.804 E122.57094
G1 X41.691 Y41.489 E122.58265
G1 X41.802 Y41.063 E122.59729
G1 X41.781 Y40.627 E122.61181
G1 X41.67 Y40.206 E122.62629
G1 X41.387 Y39.762 E122.6438
G1 X41.055 Y39.483 E122.65823
G1 X40.74 Y39.315 E122.6701
G1 X40.407 Y39.218 E122.68164
G1 X39.98 Y39.183 E122.69589
G1 X39.546 Y39.287 E122.71073
G1 X39.223 Y39.437 E122.72257
G1 X38.949 Y39.64 E122.73392
G1 X38.72 Y39.901 E122.74546
G1 X38.545 Y40.209 E122.75725
G1 X38.412 Y40.624 E122.77174
G1 X38.412 Y41.153 E122.78934
G1 X38.541 Y41.563 E122.80363
G1 X38.716 Y41.871 E122.81541
G1 X39.002 Y42.2 E122.82991
G1 X39.381 Y42.425 E122.84457
G1 X39.711 Y42.54 E122.8562
G1 X40.059 Y42.587 E122.86788
G1 X40.4 Y42.562 E122.87925
G1 F601.5 X40.731 Y42.467 E122.89067
G0 F9000 X40.446 Y41.752
;TYPE:SKIN
G1 F600 X40.439 Y41.756 E122.89094
G1 X40.271 Y41.803 E122.89674
G1 X39.88 Y41.792 E122.90975
G1 X39.491 Y41.604 E122.92412
G1 X39.271 Y41.348 E122.93535
G1 X39.172 Y41.037 E122.9462
G1 X39.172 Y40.74 E122.95608
G1 X39.242 Y40.523 E122.96367
G1 X39.467 Y40.203 E122.97668
G1 X39.8 Y40.008 E122.98951
G1 X40.041 Y39.95 E122.99776
G1 X40.253 Y39.966 E123.00483
G1 X40.632 Y40.122 E123.01846
G1 X40.808 Y40.267 E123.02604
G1 X40.962 Y40.509 E123.03559
G1 X41.024 Y40.745 E123.0437
G1 X41.031 Y40.982 E123.05159
G1 X40.973 Y41.216 E123.05961
G1 X40.769 Y41.536 E123.07223
G1 X40.446 Y41.752 E123.08515
G0 F9000 X39.877 Y41.574
G1 F600 X39.402 Y41.099 E123.10749
G0 F9000 X39.447 Y40.578
G1 F600 X40.406 Y41.538 E123.15263
G0 F9000 X40.702 Y41.268
G1 F600 X39.721 Y40.287 E123.19877
G0 F9000 X40.167 Y40.167
G1 F600 X40.808 Y40.808 E123.22892
G1 F2700 E118.22892
;MESH:slupek3.stl(1)
G0 F9000 X41.125 Y41.464
G0 X41.575 Y41.041
G0 X42.665 Y40.983
G0 X46.295 Y41.082
G0 X47.338 Y40.752
G0 X47.974 Y40.936
G0 X48.684 Y41.154
G0 X48.931 Y41.229
G0 X49.088 Y41.305
;TYPE:WALL-INNER
G1 F2700 E123.22892
G1 F603 X49.145 Y41.288 E123.23089
G1 F600 X49.389 Y41.158 E123.24008
G1 X49.585 Y40.997 E123.24852
G1 X49.75 Y40.789 E123.25735
G1 X49.871 Y40.543 E123.26647
G1 X49.956 Y40.224 E123.27745
G1 X49.939 Y39.89 E123.28857
G1 X49.874 Y39.632 E123.29742
G1 X49.751 Y39.389 E123.30648
G1 X49.59 Y39.184 E123.31515
G1 X49.391 Y39.017 E123.32379
G1 X49.145 Y38.887 E123.33304
G1 X48.893 Y38.813 E123.34178
G1 X48.631 Y38.792 E123.35052
G1 X48.364 Y38.827 E123.35948
G1 X48.112 Y38.915 E123.36836
G1 X47.824 Y39.088 E123.37953
G1 X47.608 Y39.331 E123.39034
G1 X47.472 Y39.572 E123.39955
G1 X47.368 Y39.888 E123.41061
G1 X47.368 Y40.286 E123.42385
G1 X47.491 Y40.671 E123.43729
G1 X47.685 Y40.941 E123.44835
G1 X47.885 Y41.127 E123.45744
G1 X48.105 Y41.261 E123.466
G1 X48.359 Y41.348 E123.47493
G1 X48.627 Y41.384 E123.48393
G1 X48.887 Y41.363 E123.4926
G1 F603 X49.088 Y41.305 E123.49953
G0 F9000 X49.221 Y41.682
;TYPE:WALL-OUTER
G1 F600 X49.296 Y41.661 E123.50212
G1 X49.612 Y41.492 E123.51403
G1 X49.872 Y41.279 E123.52521
G1 X50.09 Y41.004 E123.53689
G1 X50.247 Y40.685 E123.54871
G1 X50.358 Y40.266 E123.56313
G1 X50.337 Y39.83 E123.57765
G1 X50.251 Y39.491 E123.58928
G1 X50.09 Y39.173 E123.60113
G1 X49.879 Y38.904 E123.6125
G1 X49.615 Y38.683 E123.62396
G1 X49.296 Y38.515 E123.63595
G1 X48.967 Y38.418 E123.64736
G1 X48.621 Y38.39 E123.6589
G1 X48.271 Y38.436 E123.67064
G1 X47.942 Y38.551 E123.68223
G1 X47.566 Y38.776 E123.69681
G1 X47.28 Y39.097 E123.71111
G1 X47.104 Y39.41 E123.72305
G1 X46.968 Y39.824 E123.73754
G1 X46.968 Y40.348 E123.75497
G1 X47.129 Y40.853 E123.7726
G1 X47.383 Y41.207 E123.78709
G1 X47.642 Y41.447 E123.79884
G1 X47.934 Y41.625 E123.81021
G1 X48.267 Y41.74 E123.82193
G1 X48.617 Y41.786 E123.83367
G1 X48.959 Y41.758 E123.84508
G1 X49.221 Y41.682 E123.85416
G0 F9000 X48.965 Y40.957
;TYPE:SKIN
G1 F600 X48.638 Y41.015 E123.8652
G1 X48.259 Y40.926 E123.87815
G1 X47.95 Y40.695 E123.89098
G1 X47.818 Y40.506 E123.89865
G1 X47.728 Y40.228 E123.90837
G1 X47.728 Y39.948 E123.91768
G1 X47.838 Y39.61 E123.9295
G1 X48.053 Y39.369 E123.94025
G1 X48.256 Y39.248 E123.94811
G1 X48.656 Y39.154 E123.96177
G1 X48.813 Y39.166 E123.96701
G1 X49.195 Y39.322 E123.98073
G1 X49.323 Y39.43 E123.9863
G1 X49.534 Y39.761 E123.99936
G1 X49.591 Y40.186 E124.01362
G1 X49.534 Y40.403 E124.02108
G1 X49.321 Y40.74 E124.03434
G1 X49.004 Y40.95 E124.04699
G1 X48.965 Y40.957 E124.04831
G0 F9000 X48.998 Y41.217
G0 X48.632 Y41.222
G0 X48.174 Y41.115
G0 X47.807 Y40.835
G0 X47.468 Y40.009
G0 X47.928 Y40.009
G1 F600 X48.717 Y40.797 E124.0854
G0 F9000 X49.118 Y40.633
G1 F600 X48.1 Y39.615 E124.13328
G0 F9000 X48.457 Y39.406
G1 F600 X49.354 Y40.303 E124.17547
G1 F2700 E119.17547
;MESH:NONMESH
G0 F300 X49.354 Y40.303 Z11.6
G0 F9000 X49.689 Y40.649
G0 X47.338 Y40.752
G0 X46.295 Y41.082
G0 X42.665 Y40.983
G0 X41.575 Y41.041
G0 X40.704 Y41.896
G0 X40.586 Y42.092
;TIME_ELAPSED:486.261440
;LAYER:57
;note -- min layer time used
;TYPE:WALL-INNER
;MESH:slupek3.stl
G1 F2700 E124.17547
G1 F600 X40.83 Y41.963 E124.18465
G1 X41.072 Y41.759 E124.19518
G1 X41.261 Y41.467 E124.20675
G1 X41.357 Y41.216 E124.21569
G1 X41.408 Y40.891 E124.22663
G1 X41.356 Y40.56 E124.23777
G1 X41.261 Y40.313 E124.24658
G1 X41.079 Y40.027 E124.25785
G1 X40.824 Y39.811 E124.26897
G1 X40.6 Y39.691 E124.27742
G1 X40.33 Y39.613 E124.28676
G1 X40.012 Y39.586 E124.29738
G1 X39.672 Y39.666 E124.309
G1 X39.44 Y39.777 E124.31755
G1 X39.22 Y39.941 E124.32668
G1 X39.044 Y40.138 E124.33546
G1 X38.913 Y40.374 E124.34444
G1 X38.831 Y40.627 E124.35329
G1 X38.804 Y40.879 E124.36172
G1 X38.831 Y41.155 E124.37094
G1 X38.912 Y41.405 E124.37968
G1 X39.045 Y41.638 E124.3886
G1 X39.222 Y41.841 E124.39756
G1 X39.428 Y41.995 E124.40612
G1 X39.681 Y42.115 E124.41543
G1 X39.993 Y42.19 E124.4261
G1 X40.344 Y42.162 E124.43781
G1 X40.586 Y42.092 E124.44619
G0 F9000 X40.731 Y42.467
;TYPE:WALL-OUTER
G1 F600 X40.736 Y42.465 E124.44637
G1 X41.055 Y42.297 E124.45836
G1 X41.376 Y42.026 E124.47234
G1 X41.62 Y41.649 E124.48727
G1 X41.745 Y41.32 E124.49898
G1 X41.813 Y40.891 E124.51342
G1 X41.745 Y40.456 E124.52807
G1 X41.62 Y40.131 E124.53965
G1 X41.383 Y39.761 E124.55426
G1 X41.05 Y39.479 E124.56878
G1 X40.752 Y39.319 E124.58003
G1 X40.403 Y39.218 E124.59211
G1 X39.983 Y39.182 E124.60613
G1 X39.539 Y39.286 E124.6213
G1 X39.232 Y39.433 E124.63262
G1 X38.948 Y39.645 E124.64441
G1 X38.716 Y39.905 E124.656
G1 X38.545 Y40.213 E124.66772
G1 X38.437 Y40.543 E124.67926
G1 X38.402 Y40.877 E124.69043
G1 X38.437 Y41.238 E124.7025
G1 X38.544 Y41.567 E124.714
G1 X38.717 Y41.871 E124.72564
G1 X38.949 Y42.136 E124.73735
G1 X39.22 Y42.339 E124.74861
G1 X39.547 Y42.494 E124.76065
G1 X39.961 Y42.594 E124.77482
G1 X40.416 Y42.558 E124.79
G1 X40.731 Y42.467 E124.8009
G0 F9000 X40.439 Y41.734
;TYPE:SKIN
G1 F600 X40.269 Y41.803 E124.807
G1 X40.017 Y41.822 E124.81541
G1 X39.808 Y41.772 E124.82256
G1 X39.467 Y41.569 E124.83576
G1 X39.238 Y41.249 E124.84884
G1 X39.188 Y41.088 E124.85445
G1 X39.185 Y40.702 E124.86729
G1 X39.343 Y40.342 E124.88037
G1 X39.458 Y40.212 E124.88614
G1 X39.797 Y40.008 E124.8993
G1 X40.043 Y39.951 E124.9077
G1 X40.253 Y39.969 E124.91471
G1 X40.624 Y40.115 E124.92797
G1 X40.803 Y40.265 E124.93573
G1 X40.988 Y40.56 E124.94732
G1 X41.041 Y40.889 E124.9584
G1 X40.989 Y41.218 E124.96948
G1 X40.792 Y41.522 E124.98153
G1 X40.635 Y41.654 E124.98835
G1 X40.439 Y41.734 E124.99539
G0 F9000 X40.545 Y41.975
G0 X40.95 Y41.651
G0 X41.136 Y41.363
G0 X41.258 Y40.586
G0 X40.801 Y40.658
G1 F600 X39.877 Y41.581 E125.03883
G0 F9000 X39.551 Y41.342
G1 F600 X40.566 Y40.327 E125.08657
G0 F9000 X40.166 Y40.162
G1 F600 X39.388 Y40.939 E125.12314
G1 F2700 E120.12314
;MESH:slupek3.stl(1)
G0 F9000 X38.927 Y40.926
G0 X39.061 Y41.341
G0 X39.332 Y41.722
G0 X39.733 Y41.962
G0 X40.006 Y42.027
G0 X40.317 Y42.003
G0 X40.737 Y41.83
G0 X41.582 Y40.894
G0 X42.662 Y40.724
G0 X46.191 Y40.761
G0 X47.262 Y40.537
G0 X48.746 Y41.159
G0 X49.089 Y41.307
;TYPE:WALL-INNER
G1 F2700 E125.12314
G1 F600 X49.142 Y41.292 E125.12497
G1 X49.388 Y41.162 E125.13423
G1 X49.58 Y41.002 E125.14254
G1 X49.75 Y40.788 E125.15163
G1 X49.902 Y40.482 E125.163
G1 X49.953 Y40.166 E125.17364
G1 X49.939 Y39.893 E125.18273
G1 X49.871 Y39.632 E125.1917
G1 X49.75 Y39.388 E125.20076
G1 X49.593 Y39.19 E125.20917
G1 X49.375 Y39.009 E125.21859
G1 X49.157 Y38.893 E125.2268
G1 X48.883 Y38.81 E125.23633
G1 X48.571 Y38.786 E125.24674
G1 X48.168 Y38.879 E125.26049
G1 X47.822 Y39.086 E125.2739
G1 X47.603 Y39.339 E125.28503
G1 X47.47 Y39.571 E125.29393
G1 X47.391 Y39.823 E125.30271
G1 X47.355 Y40.149 E125.31362
G1 X47.427 Y40.49 E125.32521
G1 X47.523 Y40.714 E125.33332
G1 X47.686 Y40.945 E125.34272
G1 X47.881 Y41.124 E125.35152
G1 X48.104 Y41.258 E125.36018
G1 X48.355 Y41.345 E125.36901
G1 X48.633 Y41.384 E125.37835
G1 X48.895 Y41.362 E125.38709
G1 X49.089 Y41.307 E125.3938
G0 F9000 X49.222 Y41.685
;TYPE:WALL-OUTER
G1 F600 X49.292 Y41.665 E125.39622
G1 X49.612 Y41.496 E125.40826
G1 X49.868 Y41.283 E125.41933
G1 X50.09 Y41.004 E125.43119
G1 X50.287 Y40.606 E125.44596
G1 X50.355 Y40.188 E125.46005
G1 X50.337 Y39.831 E125.47194
G1 X50.247 Y39.491 E125.48364
G1 X50.09 Y39.172 E125.49546
G1 X49.88 Y38.909 E125.50665
G1 X49.599 Y38.675 E125.51882
G1 X49.311 Y38.522 E125.52966
G1 X48.958 Y38.414 E125.54194
G1 X48.54 Y38.382 E125.55588
G1 X48.016 Y38.504 E125.57378
G1 X47.562 Y38.776 E125.59138
G1 X47.276 Y39.105 E125.60588
G1 X47.101 Y39.409 E125.61755
G1 X46.997 Y39.741 E125.62912
G1 X46.951 Y40.169 E125.64344
G1 X47.044 Y40.611 E125.65846
G1 X47.172 Y40.91 E125.66928
G1 X47.384 Y41.211 E125.68152
G1 X47.641 Y41.446 E125.69311
G1 X47.934 Y41.622 E125.70447
G1 X48.26 Y41.736 E125.71596
G1 X48.622 Y41.786 E125.72811
G1 X48.967 Y41.758 E125.73963
G1 X49.222 Y41.685 E125.74845
G0 F9000 X48.966 Y40.96
;TYPE:SKIN
G1 F600 X48.643 Y41.019 E125.75937
G1 X48.263 Y40.927 E125.77237
G1 X47.958 Y40.701 E125.785
G1 X47.77 Y40.368 E125.79772
G1 X47.719 Y40.13 E125.80581
G1 X47.745 Y39.901 E125.81348
G1 X47.827 Y39.628 E125.82296
G1 X48.055 Y39.368 E125.83446
G1 X48.304 Y39.216 E125.84416
G1 X48.596 Y39.15 E125.85412
G1 X48.814 Y39.166 E125.86139
G1 X49.171 Y39.311 E125.87421
G1 X49.447 Y39.586 E125.88717
G1 X49.527 Y39.749 E125.89321
G1 X49.589 Y40.151 E125.90673
G1 X49.555 Y40.366 E125.91397
G1 X49.446 Y40.583 E125.92205
G1 X49.174 Y40.866 E125.93511
G1 X49.01 Y40.952 E125.94127
G1 X48.966 Y40.96 E125.94275
G0 F9000 X48.58 Y40.799
G1 F600 X49.365 Y40.014 E125.97968
G0 F9000 X49.196 Y39.617
G1 F600 X48.189 Y40.624 E126.02704
G0 F9000 X47.958 Y40.289
G1 F600 X48.85 Y39.396 E126.06902
G1 F2700 E121.06902
;MESH:NONMESH
G0 F300 X48.85 Y39.396 Z11.8
G0 F9000 X49.034 Y38.977
G0 X48.583 Y38.949
G0 X48.23 Y39.03
G0 X47.927 Y39.211
G0 X47.704 Y39.469
G0 X47.262 Y40.537
G0 X46.191 Y40.761
G0 X42.603 Y41.438
G0 X40.582 Y42.092
;TIME_ELAPSED:494.287249
;LAYER:58
;note -- min layer time used
;TYPE:WALL-INNER
;MESH:slupek3.stl
G1 F2700 E126.06902
G1 F600 X40.827 Y41.963 E126.07823
G1 X41.08 Y41.751 E126.08921
G1 X41.26 Y41.468 E126.10037
G1 X41.357 Y41.217 E126.10932
G1 X41.408 Y40.889 E126.12036
G1 X41.357 Y40.563 E126.13133
G1 X41.26 Y40.306 E126.14047
G1 X41.084 Y40.03 E126.15136
G1 X40.822 Y39.815 E126.16263
G1 X40.585 Y39.687 E126.17159
G1 X40.333 Y39.614 E126.18031
G1 X40.01 Y39.587 E126.19109
G1 X39.673 Y39.666 E126.20261
G1 X39.44 Y39.777 E126.21119
G1 X39.22 Y39.941 E126.22032
G1 X39.044 Y40.138 E126.2291
G1 X38.913 Y40.373 E126.23805
G1 X38.812 Y40.687 E126.24902
G1 X38.812 Y41.09 E126.26243
G1 X38.913 Y41.406 E126.27346
G1 X39.044 Y41.638 E126.28232
G1 X39.27 Y41.893 E126.29365
G1 X39.548 Y42.061 E126.30446
G1 X39.803 Y42.149 E126.31343
G1 X40.072 Y42.184 E126.32245
G1 X40.339 Y42.162 E126.33136
G1 X40.582 Y42.092 E126.33977
G0 F9000 X40.732 Y42.465
;TYPE:WALL-OUTER
G1 F600 X41.051 Y42.297 E126.35177
G1 X41.384 Y42.018 E126.36621
G1 X41.62 Y41.649 E126.38078
G1 X41.745 Y41.32 E126.39249
G1 X41.813 Y40.889 E126.407
G1 X41.745 Y40.46 E126.42145
G1 X41.62 Y40.126 E126.43331
G1 X41.388 Y39.762 E126.44767
G1 X41.047 Y39.48 E126.46238
G1 X40.736 Y39.315 E126.47409
G1 X40.407 Y39.218 E126.4855
G1 X39.98 Y39.183 E126.49975
G1 X39.539 Y39.286 E126.51481
G1 X39.232 Y39.433 E126.52613
G1 X38.948 Y39.645 E126.53792
G1 X38.716 Y39.905 E126.54951
G1 X38.545 Y40.213 E126.56123
G1 X38.412 Y40.624 E126.5756
G1 X38.412 Y41.152 E126.59316
G1 X38.545 Y41.567 E126.60765
G1 X38.716 Y41.871 E126.61925
G1 X39.01 Y42.204 E126.63403
G1 X39.378 Y42.425 E126.64831
G1 X39.711 Y42.54 E126.66002
G1 X40.062 Y42.586 E126.6718
G1 X40.411 Y42.558 E126.68344
G1 X40.732 Y42.465 E126.69456
G0 F9000 X40.449 Y41.752
;TYPE:SKIN
G1 F600 X40.083 Y41.819 E126.70693
G1 X39.693 Y41.724 E126.72028
G1 X39.501 Y41.611 E126.72769
G1 X39.275 Y41.355 E126.73905
G1 X39.172 Y41.033 E126.7503
G1 X39.172 Y40.739 E126.76007
G1 X39.238 Y40.527 E126.76746
G1 X39.467 Y40.21 E126.78047
G1 X39.801 Y40.004 E126.79352
G1 X40.04 Y39.95 E126.80167
G1 X40.263 Y39.966 E126.8091
G1 X40.532 Y40.049 E126.81847
G1 X40.809 Y40.272 E126.83029
G1 X40.988 Y40.553 E126.84138
G1 X41.041 Y40.887 E126.85262
G1 X40.988 Y41.219 E126.86381
G1 X40.803 Y41.51 E126.87527
G1 X40.449 Y41.752 E126.88954
G0 F9000 X39.862 Y41.559
G1 F600 X39.404 Y41.101 E126.91108
G0 F9000 X39.447 Y40.578
G1 F600 X40.41 Y41.542 E126.9564
G0 F9000 X40.714 Y41.279
G1 F600 X39.722 Y40.288 E127.00304
G0 F9000 X40.177 Y40.177
G1 F600 X40.83 Y40.83 E127.03375
G1 F2700 E122.03375
;MESH:slupek3.stl(1)
G0 F9000 X41.286 Y40.758
G0 X41.581 Y40.891
G0 X42.662 Y40.721
G0 X46.191 Y40.759
G0 X47.262 Y40.535
G0 X47.794 Y40.742
G0 X48.699 Y41.149
G0 X49.089 Y41.307
;TYPE:WALL-INNER
G1 F2700 E127.03375
G1 F600 X49.141 Y41.292 E127.03555
G1 X49.381 Y41.164 E127.0446
G1 X49.591 Y40.987 E127.05373
G1 X49.75 Y40.788 E127.06221
G1 X49.871 Y40.544 E127.07126
G1 X49.956 Y40.221 E127.08237
G1 X49.939 Y39.893 E127.0933
G1 X49.87 Y39.635 E127.10218
G1 X49.72 Y39.331 E127.11345
G1 X49.488 Y39.091 E127.12456
G1 X49.214 Y38.907 E127.13553
G1 X48.826 Y38.798 E127.14894
G1 X48.497 Y38.806 E127.15989
G1 X48.168 Y38.879 E127.17109
G1 X47.822 Y39.086 E127.1845
G1 X47.603 Y39.338 E127.19561
G1 X47.469 Y39.572 E127.20458
G1 X47.368 Y39.886 E127.21555
G1 X47.368 Y40.212 E127.22639
G1 X47.427 Y40.489 E127.23581
G1 X47.53 Y40.728 E127.24447
G1 X47.682 Y40.942 E127.2532
G1 X47.883 Y41.129 E127.26233
G1 X48.103 Y41.26 E127.27084
G1 X48.359 Y41.348 E127.27985
G1 X48.628 Y41.384 E127.28887
G1 X48.896 Y41.363 E127.29782
G1 X49.089 Y41.307 E127.3045
G0 F9000 X49.222 Y41.685
;TYPE:WALL-OUTER
G1 F600 X49.292 Y41.665 E127.30692
G1 X49.607 Y41.497 E127.31879
G1 X49.879 Y41.267 E127.33064
G1 X50.09 Y41.004 E127.34186
G1 X50.247 Y40.685 E127.35368
G1 X50.358 Y40.263 E127.3682
G1 X50.337 Y39.831 E127.38258
G1 X50.247 Y39.492 E127.39425
G1 X50.05 Y39.097 E127.40893
G1 X49.746 Y38.783 E127.42346
G1 X49.386 Y38.54 E127.43791
G1 X48.878 Y38.394 E127.45549
G1 X48.446 Y38.405 E127.46986
G1 X48.016 Y38.504 E127.48454
G1 X47.562 Y38.776 E127.50214
G1 X47.276 Y39.105 E127.51664
G1 X47.101 Y39.41 E127.52834
G1 X46.968 Y39.824 E127.5428
G1 X46.968 Y40.254 E127.5571
G1 X47.044 Y40.611 E127.56924
G1 X47.18 Y40.925 E127.58062
G1 X47.38 Y41.207 E127.59212
G1 X47.641 Y41.451 E127.604
G1 X47.933 Y41.625 E127.61531
G1 X48.267 Y41.74 E127.62706
G1 X48.618 Y41.786 E127.63883
G1 X48.968 Y41.758 E127.65051
G1 X49.222 Y41.685 E127.6593
G0 F9000 X48.966 Y40.96
;TYPE:SKIN
G1 F600 X48.635 Y41.017 E127.67047
G1 X48.448 Y40.993 E127.67674
G1 X48.102 Y40.835 E127.68939
G1 X47.847 Y40.544 E127.70226
G1 X47.728 Y40.169 E127.71535
G1 X47.728 Y39.94 E127.72297
G1 X47.83 Y39.629 E127.73385
G1 X48.055 Y39.368 E127.74531
G1 X48.307 Y39.217 E127.75508
G1 X48.779 Y39.161 E127.77089
G1 X49.059 Y39.237 E127.78054
G1 X49.422 Y39.537 E127.79621
G1 X49.574 Y39.858 E127.80802
G1 X49.59 Y40.179 E127.81871
G1 X49.446 Y40.583 E127.83297
G1 X49.166 Y40.869 E127.84629
G1 X49.01 Y40.952 E127.85216
G1 X48.966 Y40.96 E127.85365
G0 F9000 X48.719 Y40.799
G1 F600 X47.928 Y40.008 E127.89086
G0 F9000 X48.103 Y39.618
G1 F600 X49.118 Y40.632 E127.93858
G0 F9000 X49.342 Y40.291
G1 F600 X48.45 Y39.399 E127.98053
G1 F2700 E122.98053
;MESH:NONMESH
G0 F300 X48.45 Y39.399 Z12
G0 F9000 X48.352 Y38.942
G0 X48.111 Y39.095
G0 X47.2 Y39.864
G0 X46.106 Y39.864
G0 X42.604 Y41.434
G0 X41.522 Y41.265
G0 X40.356 Y42.034
G0 X40.582 Y42.092
;TIME_ELAPSED:502.216213
;LAYER:59
;note -- min layer time used
;TYPE:WALL-INNER
;MESH:slupek3.stl
G1 F2700 E127.98053
G1 F600 X40.827 Y41.963 E127.98974
G1 X41.08 Y41.751 E128.00072
G1 X41.26 Y41.468 E128.01188
G1 X41.357 Y41.217 E128.02083
G1 X41.408 Y40.889 E128.03187
G1 X41.357 Y40.563 E128.04284
G1 X41.26 Y40.306 E128.05198
G1 X41.084 Y40.03 E128.06286
G1 X40.822 Y39.815 E128.07414
G1 X40.585 Y39.687 E128.0831
G1 X40.333 Y39.614 E128.09182
G1 X40.01 Y39.587 E128.1026
G1 X39.673 Y39.666 E128.11411
G1 X39.44 Y39.777 E128.1227
G1 X39.22 Y39.941 E128.13183
G1 X39.044 Y40.138 E128.14061
G1 X38.913 Y40.373 E128.14956
G1 X38.812 Y40.687 E128.16053
G1 X38.812 Y41.09 E128.17393
G1 X38.913 Y41.406 E128.18497
G1 X39.044 Y41.638 E128.19383
G1 X39.27 Y41.893 E128.20516
G1 X39.548 Y42.061 E128.21597
G1 X39.803 Y42.149 E128.22494
G1 X40.072 Y42.184 E128.23396
G1 X40.339 Y42.162 E128.24287
G1 X40.582 Y42.092 E128.25128
G0 F9000 X40.732 Y42.465
;TYPE:WALL-OUTER
G1 F600 X41.051 Y42.297 E128.26327
G1 X41.384 Y42.018 E128.27772
G1 X41.62 Y41.649 E128.29229
G1 X41.745 Y41.32 E128.304
G1 X41.813 Y40.889 E128.31851
G1 X41.745 Y40.46 E128.33296
G1 X41.62 Y40.126 E128.34482
G1 X41.388 Y39.762 E128.35917
G1 X41.047 Y39.48 E128.37389
G1 X40.736 Y39.315 E128.3856
G1 X40.407 Y39.218 E128.39701
G1 X39.98 Y39.183 E128.41126
G1 X39.539 Y39.286 E128.42632
G1 X39.232 Y39.433 E128.43764
G1 X38.948 Y39.645 E128.44943
G1 X38.716 Y39.905 E128.46102
G1 X38.545 Y40.213 E128.47274
G1 X38.412 Y40.624 E128.48711
G1 X38.412 Y41.152 E128.50467
G1 X38.545 Y41.567 E128.51916
G1 X38.716 Y41.871 E128.53076
G1 X39.01 Y42.204 E128.54554
G1 X39.378 Y42.425 E128.55981
G1 X39.711 Y42.54 E128.57153
G1 X40.062 Y42.586 E128.58331
G1 X40.411 Y42.558 E128.59495
G1 X40.732 Y42.465 E128.60607
G0 F9000 X40.449 Y41.752
;TYPE:SKIN
G1 F600 X40.083 Y41.819 E128.61844
G1 X39.693 Y41.724 E128.63179
G1 X39.501 Y41.611 E128.6392
G1 X39.275 Y41.355 E128.65056
G1 X39.172 Y41.033 E128.6618
G1 X39.172 Y40.739 E128.67158
G1 X39.238 Y40.527 E128.67897
G1 X39.467 Y40.21 E128.69198
G1 X39.801 Y40.004 E128.70503
G1 X40.04 Y39.95 E128.71318
G1 X40.263 Y39.966 E128.72061
G1 X40.532 Y40.049 E128.72998
G1 X40.809 Y40.272 E128.7418
G1 X40.988 Y40.553 E128.75288
G1 X41.041 Y40.887 E128.76413
G1 X40.988 Y41.219 E128.77531
G1 X40.803 Y41.51 E128.78678
G1 X40.449 Y41.752 E128.80105
G0 F9000 X40.356 Y42.034
G0 X40.958 Y41.643
G0 X41.139 Y41.359
G0 X41.258 Y40.585
G0 X40.802 Y40.657
G1 F600 X39.891 Y41.567 E128.84387
G0 F9000 X39.541 Y41.352
G1 F600 X40.562 Y40.331 E128.8919
G0 F9000 X40.155 Y40.172
G1 F600 X39.372 Y40.956 E128.92875
G1 F2700 E123.92875
;MESH:slupek3.stl(1)
G0 F9000 X38.912 Y40.956
G0 X39.1 Y41.455
G0 X39.374 Y41.768
G0 X39.618 Y41.915
G0 X40.076 Y42.022
G0 X40.519 Y41.943
G0 X40.875 Y41.7
G0 X41.581 Y40.891
G0 X42.662 Y40.721
G0 X46.191 Y40.759
G0 X47.262 Y40.535
G0 X47.794 Y40.742
G0 X48.699 Y41.149
G0 X49.089 Y41.307
;TYPE:WALL-INNER
G1 F2700 E128.92875
G1 F600 X49.141 Y41.292 E128.93055
G1 X49.381 Y41.164 E128.9396
G1 X49.591 Y40.987 E128.94873
G1 X49.75 Y40.788 E128.9572
G1 X49.871 Y40.544 E128.96626
G1 X49.956 Y40.221 E128.97737
G1 X49.939 Y39.893 E128.9883
G1 X49.87 Y39.635 E128.99718
G1 X49.72 Y39.331 E129.00845
G1 X49.488 Y39.091 E129.01956
G1 X49.214 Y38.907 E129.03053
G1 X48.826 Y38.798 E129.04394
G1 X48.497 Y38.806 E129.05488
G1 X48.168 Y38.879 E129.06609
G1 X47.822 Y39.086 E129.0795
G1 X47.603 Y39.338 E129.09061
G1 X47.469 Y39.572 E129.09958
G1 X47.368 Y39.886 E129.11055
G1 X47.368 Y40.212 E129.12139
G1 X47.427 Y40.489 E129.13081
G1 X47.53 Y40.728 E129.13946
G1 X47.682 Y40.942 E129.1482
G1 X47.883 Y41.129 E129.15733
G1 X48.103 Y41.26 E129.16584
G1 X48.359 Y41.348 E129.17485
G1 X48.628 Y41.384 E129.18387
G1 X48.896 Y41.363 E129.19281
G1 X49.089 Y41.307 E129.1995
G0 F9000 X49.222 Y41.685
;TYPE:WALL-OUTER
G1 F600 X49.292 Y41.665 E129.20192
G1 X49.607 Y41.497 E129.21379
G1 X49.879 Y41.267 E129.22564
G1 X50.09 Y41.004 E129.23686
G1 X50.247 Y40.685 E129.24868
G1 X50.358 Y40.263 E129.26319
G1 X50.337 Y39.831 E129.27758
G1 X50.247 Y39.492 E129.28925
G1 X50.05 Y39.097 E129.30393
G1 X49.746 Y38.783 E129.31846
G1 X49.386 Y38.54 E129.33291
G1 X48.878 Y38.394 E129.35049
G1 X48.446 Y38.405 E129.36486
G1 X48.016 Y38.504 E129.37954
G1 X47.562 Y38.776 E129.39714
G1 X47.276 Y39.105 E129.41164
G1 X47.101 Y39.41 E129.42334
G1 X46.968 Y39.824 E129.4378
G1 X46.968 Y40.254 E129.4521
G1 X47.044 Y40.611 E129.46424
G1 X47.18 Y40.925 E129.47562
G1 X47.38 Y41.207 E129.48712
G1 X47.641 Y41.451 E129.499
G1 X47.933 Y41.625 E129.51031
G1 X48.267 Y41.74 E129.52206
G1 X48.618 Y41.786 E129.53383
G1 X48.968 Y41.758 E129.54551
G1 X49.222 Y41.685 E129.5543
G0 F9000 X48.966 Y40.96
;TYPE:SKIN
G1 F600 X48.635 Y41.017 E129.56547
G1 X48.448 Y40.993 E129.57174
G1 X48.102 Y40.835 E129.58439
G1 X47.847 Y40.544 E129.59726
G1 X47.728 Y40.169 E129.61035
G1 X47.728 Y39.94 E129.61796
G1 X47.83 Y39.629 E129.62885
G1 X48.055 Y39.368 E129.64031
G1 X48.307 Y39.217 E129.65008
G1 X48.779 Y39.161 E129.66589
G1 X49.059 Y39.237 E129.67554
G1 X49.422 Y39.537 E129.6912
G1 X49.574 Y39.858 E129.70302
G1 X49.59 Y40.179 E129.71371
G1 X49.446 Y40.583 E129.72797
G1 X49.166 Y40.869 E129.74128
G1 X49.01 Y40.952 E129.74716
G1 X48.966 Y40.96 E129.74865
G0 F9000 X48.57 Y40.808
G1 F600 X49.38 Y39.998 E129.78675
G0 F9000 X49.203 Y39.609
G1 F600 X48.186 Y40.627 E129.83461
G0 F9000 X47.972 Y40.275
G1 F600 X48.858 Y39.389 E129.87628
G1 F2700 E124.87628
;MESH:NONMESH
G0 F300 X48.858 Y39.389 Z12.2
G0 F9000 X48.979 Y38.946
G0 X48.23 Y39.03
G0 X47.927 Y39.211
G0 X47.2 Y40.242
G0 X46.13 Y40.465
G0 X42.604 Y41.434
G0 X41.522 Y41.265
G0 X40.356 Y42.034
G0 X40.582 Y42.092
;TIME_ELAPSED:510.327911
;LAYER:60
;note -- min layer time used
;TYPE:WALL-INNER
;MESH:slupek3.stl
G1 F2700 E129.87628
G1 F600 X40.827 Y41.963 E129.88549
G1 X41.08 Y41.751 E129.89647
G1 X41.26 Y41.468 E129.90763
G1 X41.357 Y41.217 E129.91658
G1 X41.408 Y40.889 E129.92762
G1 X41.357 Y40.563 E129.93859
G1 X41.26 Y40.306 E129.94773
G1 X41.084 Y40.03 E129.95862
G1 X40.822 Y39.815 E129.96989
G1 X40.585 Y39.687 E129.97885
G1 X40.333 Y39.614 E129.98757
G1 X40.01 Y39.587 E129.99835
G1 X39.673 Y39.666 E130.00987
G1 X39.44 Y39.777 E130.01845
G1 X39.22 Y39.941 E130.02758
G1 X39.044 Y40.138 E130.03636
G1 X38.913 Y40.373 E130.04531
G1 X38.812 Y40.687 E130.05628
G1 X38.812 Y41.09 E130.06969
G1 X38.913 Y41.406 E130.08072
G1 X39.044 Y41.638 E130.08958
G1 X39.27 Y41.893 E130.10091
G1 X39.548 Y42.061 E130.11172
G1 X39.803 Y42.149 E130.12069
G1 X40.072 Y42.184 E130.12971
G1 X40.339 Y42.162 E130.13862
G1 X40.582 Y42.092 E130.14703
G0 F9000 X40.732 Y42.465
;TYPE:WALL-OUTER
G1 F600 X41.051 Y42.297 E130.15903
G1 X41.384 Y42.018 E130.17347
G1 X41.62 Y41.649 E130.18804
G1 X41.745 Y41.32 E130.19975
G1 X41.813 Y40.889 E130.21426
G1 X41.745 Y40.46 E130.22871
G1 X41.62 Y40.126 E130.24057
G1 X41.388 Y39.762 E130.25493
G1 X41.047 Y39.48 E130.26964
G1 X40.736 Y39.315 E130.28135
G1 X40.407 Y39.218 E130.29276
G1 X39.98 Y39.183 E130.30701
G1 X39.539 Y39.286 E130.32207
G1 X39.232 Y39.433 E130.33339
G1 X38.948 Y39.645 E130.34518
G1 X38.716 Y39.905 E130.35677
G1 X38.545 Y40.213 E130.36849
G1 X38.412 Y40.624 E130.38286
G1 X38.412 Y41.152 E130.40042
G1 X38.545 Y41.567 E130.41491
G1 X38.716 Y41.871 E130.42651
G1 X39.01 Y42.204 E130.44129
G1 X39.378 Y42.425 E130.45557
G1 X39.711 Y42.54 E130.46728
G1 X40.062 Y42.586 E130.47906
G1 X40.411 Y42.558 E130.4907
G1 X40.732 Y42.465 E130.50182
G0 F9000 X40.449 Y41.752
;TYPE:SKIN
G1 F600 X40.083 Y41.819 E130.51419
G1 X39.693 Y41.724 E130.52754
G1 X39.501 Y41.611 E130.53495
G1 X39.275 Y41.355 E130.54631
G1 X39.172 Y41.033 E130.55756
G1 X39.172 Y40.739 E130.56733
G1 X39.238 Y40.527 E130.57472
G1 X39.467 Y40.21 E130.58773
G1 X39.801 Y40.004 E130.60078
G1 X40.04 Y39.95 E130.60893
G1 X40.263 Y39.966 E130.61636
G1 X40.532 Y40.049 E130.62573
G1 X40.809 Y40.272 E130.63755
G1 X40.988 Y40.553 E130.64864
G1 X41.041 Y40.887 E130.65988
G1 X40.988 Y41.219 E130.67107
G1 X40.803 Y41.51 E130.68254
G1 X40.449 Y41.752 E130.6968
G0 F9000 X39.862 Y41.559
G1 F600 X39.404 Y41.101 E130.71834
G0 F9000 X39.447 Y40.578
G1 F600 X40.41 Y41.542 E130.76366
G0 F9000 X40.714 Y41.279
G1 F600 X39.722 Y40.288 E130.8103
G0 F9000 X40.177 Y40.177
G1 F600 X40.83 Y40.83 E130.84101
G1 F2700 E125.84101
;MESH:slupek3.stl(1)
G0 F9000 X41.286 Y40.758
G0 X41.581 Y40.891
G0 X42.662 Y40.721
G0 X46.191 Y40.759
G0 X47.262 Y40.535
G0 X47.794 Y40.742
G0 X48.699 Y41.149
G0 X49.089 Y41.307
;TYPE:WALL-INNER
G1 F2700 E130.84101
G1 F600 X49.141 Y41.292 E130.84281
G1 X49.381 Y41.164 E130.85186
G1 X49.591 Y40.987 E130.86099
G1 X49.75 Y40.788 E130.86947
G1 X49.871 Y40.544 E130.87852
G1 X49.956 Y40.221 E130.88963
G1 X49.939 Y39.893 E130.90056
G1 X49.87 Y39.635 E130.90944
G1 X49.72 Y39.331 E130.92072
G1 X49.488 Y39.091 E130.93182
G1 X49.214 Y38.907 E130.94279
G1 X48.826 Y38.798 E130.9562
G1 X48.497 Y38.806 E130.96715
G1 X48.168 Y38.879 E130.97835
G1 X47.822 Y39.086 E130.99176
G1 X47.603 Y39.338 E131.00287
G1 X47.469 Y39.572 E131.01184
G1 X47.368 Y39.886 E131.02281
G1 X47.368 Y40.212 E131.03365
G1 X47.427 Y40.489 E131.04307
G1 X47.53 Y40.728 E131.05173
G1 X47.682 Y40.942 E131.06046
G1 X47.883 Y41.129 E131.06959
G1 X48.103 Y41.26 E131.0781
G1 X48.359 Y41.348 E131.08711
G1 X48.628 Y41.384 E131.09613
G1 X48.896 Y41.363 E131.10508
G1 X49.089 Y41.307 E131.11176
G0 F9000 X49.222 Y41.685
;TYPE:WALL-OUTER
G1 F600 X49.292 Y41.665 E131.11418
G1 X49.607 Y41.497 E131.12605
G1 X49.879 Y41.267 E131.1379
G1 X50.09 Y41.004 E131.14912
G1 X50.247 Y40.685 E131.16094
G1 X50.358 Y40.263 E131.17546
G1 X50.337 Y39.831 E131.18984
G1 X50.247 Y39.492 E131.20151
G1 X50.05 Y39.097 E131.21619
G1 X49.746 Y38.783 E131.23072
G1 X49.386 Y38.54 E131.24517
G1 X48.878 Y38.394 E131.26275
G1 X48.446 Y38.405 E131.27712
G1 X48.016 Y38.504 E131.2918
G1 X47.562 Y38.776 E131.3094
G1 X47.276 Y39.105 E131.3239
G1 X47.101 Y39.41 E131.3356
G1 X46.968 Y39.824 E131.35006
G1 X46.968 Y40.254 E131.36436
G1 X47.044 Y40.611 E131.3765
G1 X47.18 Y40.925 E131.38788
G1 X47.38 Y41.207 E131.39938
G1 X47.641 Y41.451 E131.41126
G1 X47.933 Y41.625 E131.42257
G1 X48.267 Y41.74 E131.43432
G1 X48.618 Y41.786 E131.44609
G1 X48.968 Y41.758 E131.45777
G1 X49.222 Y41.685 E131.46656
G0 F9000 X48.966 Y40.96
;TYPE:SKIN
G1 F600 X48.635 Y41.017 E131.47773
G1 X48.448 Y40.993 E131.484
G1 X48.102 Y40.835 E131.49665
G1 X47.847 Y40.544 E131.50952
G1 X47.728 Y40.169 E131.52261
G1 X47.728 Y39.94 E131.53023
G1 X47.83 Y39.629 E131.54111
G1 X48.055 Y39.368 E131.55257
G1 X48.307 Y39.217 E131.56234
G1 X48.779 Y39.161 E131.57815
G1 X49.059 Y39.237 E131.5878
G1 X49.422 Y39.537 E131.60347
G1 X49.574 Y39.858 E131.61528
G1 X49.59 Y40.179 E131.62597
G1 X49.446 Y40.583 E131.64023
G1 X49.166 Y40.869 E131.65355
G1 X49.01 Y40.952 E131.65942
G1 X48.966 Y40.96 E131.66091
G0 F9000 X48.719 Y40.799
G1 F600 X47.928 Y40.008 E131.69812
G0 F9000 X48.103 Y39.618
G1 F600 X49.118 Y40.632 E131.74584
G0 F9000 X49.342 Y40.291
G1 F600 X48.45 Y39.399 E131.78779
G1 F2700 E126.78779
;MESH:NONMESH
G0 F300 X48.45 Y39.399 Z12.4
G0 F9000 X48.352 Y38.942
G0 X48.111 Y39.095
G0 X47.2 Y39.864
G0 X46.106 Y39.864
G0 X42.604 Y41.434
G0 X41.522 Y41.265
G0 X40.356 Y42.034
G0 X40.582 Y42.092
;TIME_ELAPSED:518.256876
;LAYER:61
;note -- min layer time used
;TYPE:WALL-INNER
;MESH:slupek3.stl
G1 F2700 E131.78779
G1 F600 X40.827 Y41.963 E131.797
G1 X41.08 Y41.751 E131.80798
G1 X41.26 Y41.468 E131.81914
G1 X41.357 Y41.217 E131.82809
G1 X41.408 Y40.889 E131.83913
G1 X41.357 Y40.563 E131.8501
G1 X41.26 Y40.306 E131.85924
G1 X41.084 Y40.03 E131.87012
G1 X40.822 Y39.815 E131.8814
G1 X40.585 Y39.687 E131.89036
G1 X40.333 Y39.614 E131.89908
G1 X40.01 Y39.587 E131.90986
G1 X39.673 Y39.666 E131.92138
G1 X39.44 Y39.777 E131.92996
G1 X39.22 Y39.941 E131.93909
G1 X39.044 Y40.138 E131.94787
G1 X38.913 Y40.373 E131.95682
G1 X38.812 Y40.687 E131.96779
G1 X38.812 Y41.09 E131.9812
G1 X38.913 Y41.406 E131.99223
G1 X39.044 Y41.638 E132.00109
G1 X39.27 Y41.893 E132.01242
G1 X39.548 Y42.061 E132.02323
G1 X39.803 Y42.149 E132.0322
G1 X40.072 Y42.184 E132.04122
G1 X40.339 Y42.162 E132.05013
G1 X40.582 Y42.092 E132.05854
G0 F9000 X40.732 Y42.465
;TYPE:WALL-OUTER
G1 F600 X41.051 Y42.297 E132.07053
G1 X41.384 Y42.018 E132.08498
G1 X41.62 Y41.649 E132.09955
G1 X41.745 Y41.32 E132.11126
G1 X41.813 Y40.889 E132.12577
G1 X41.745 Y40.46 E132.14022
G1 X41.62 Y40.126 E132.15208
G1 X41.388 Y39.762 E132.16644
G1 X41.047 Y39.48 E132.18115
G1 X40.736 Y39.315 E132.19286
G1 X40.407 Y39.218 E132.20427
G1 X39.98 Y39.183 E132.21852
G1 X39.539 Y39.286 E132.23358
G1 X39.232 Y39.433 E132.2449
G1 X38.948 Y39.645 E132.25669
G1 X38.716 Y39.905 E132.26828
G1 X38.545 Y40.213 E132.28
G1 X38.412 Y40.624 E132.29437
G1 X38.412 Y41.152 E132.31193
G1 X38.545 Y41.567 E132.32642
G1 X38.716 Y41.871 E132.33802
G1 X39.01 Y42.204 E132.3528
G1 X39.378 Y42.425 E132.36707
G1 X39.711 Y42.54 E132.37879
G1 X40.062 Y42.586 E132.39057
G1 X40.411 Y42.558 E132.40221
G1 X40.732 Y42.465 E132.41333
G0 F9000 X40.449 Y41.752
;TYPE:SKIN
G1 F600 X40.083 Y41.819 E132.4257
G1 X39.693 Y41.724 E132.43905
G1 X39.501 Y41.611 E132.44646
G1 X39.275 Y41.355 E132.45782
G1 X39.172 Y41.033 E132.46906
G1 X39.172 Y40.739 E132.47884
G1 X39.238 Y40.527 E132.48623
G1 X39.467 Y40.21 E132.49924
G1 X39.801 Y40.004 E132.51229
G1 X40.04 Y39.95 E132.52044
G1 X40.263 Y39.966 E132.52787
G1 X40.532 Y40.049 E132.53724
G1 X40.809 Y40.272 E132.54906
G1 X40.988 Y40.553 E132.56014
G1 X41.041 Y40.887 E132.57139
G1 X40.988 Y41.219 E132.58257
G1 X40.803 Y41.51 E132.59404
G1 X40.449 Y41.752 E132.60831
G0 F9000 X40.356 Y42.034
G0 X40.958 Y41.643
G0 X41.139 Y41.359
G0 X41.258 Y40.585
G0 X40.802 Y40.657
G1 F600 X39.891 Y41.567 E132.65113
G0 F9000 X39.541 Y41.352
G1 F600 X40.562 Y40.331 E132.69916
G0 F9000 X40.155 Y40.172
G1 F600 X39.372 Y40.956 E132.73601
G1 F2700 E127.73601
;MESH:slupek3.stl(1)
G0 F9000 X38.912 Y40.956
G0 X39.1 Y41.455
G0 X39.374 Y41.768
G0 X39.618 Y41.915
G0 X40.076 Y42.022
G0 X40.519 Y41.943
G0 X40.875 Y41.7
G0 X41.581 Y40.891
G0 X42.662 Y40.721
G0 X46.191 Y40.759
G0 X47.262 Y40.535
G0 X47.794 Y40.742
G0 X48.699 Y41.149
G0 X49.089 Y41.307
;TYPE:WALL-INNER
G1 F2700 E132.73601
G1 F600 X49.141 Y41.292 E132.73781
G1 X49.381 Y41.164 E132.74686
G1 X49.591 Y40.987 E132.75599
G1 X49.75 Y40.788 E132.76446
G1 X49.871 Y40.544 E132.77352
G1 X49.956 Y40.221 E132.78463
G1 X49.939 Y39.893 E132.79556
G1 X49.87 Y39.635 E132.80444
G1 X49.72 Y39.331 E132.81571
G1 X49.488 Y39.091 E132.82682
G1 X49.214 Y38.907 E132.83779
G1 X48.826 Y38.798 E132.8512
G1 X48.497 Y38.806 E132.86214
G1 X48.168 Y38.879 E132.87335
G1 X47.822 Y39.086 E132.88676
G1 X47.603 Y39.338 E132.89787
G1 X47.469 Y39.572 E132.90684
G1 X47.368 Y39.886 E132.91781
G1 X47.368 Y40.212 E132.92865
G1 X47.427 Y40.489 E132.93807
G1 X47.53 Y40.728 E132.94673
G1 X47.682 Y40.942 E132.95546
G1 X47.883 Y41.129 E132.96459
G1 X48.103 Y41.26 E132.9731
G1 X48.359 Y41.348 E132.98211
G1 X48.628 Y41.384 E132.99113
G1 X48.896 Y41.363 E133.00007
G1 X49.089 Y41.307 E133.00676
G0 F9000 X49.222 Y41.685
;TYPE:WALL-OUTER
G1 F600 X49.292 Y41.665 E133.00918
G1 X49.607 Y41.497 E133.02105
G1 X49.879 Y41.267 E133.0329
G1 X50.09 Y41.004 E133.04412
G1 X50.247 Y40.685 E133.05594
G1 X50.358 Y40.263 E133.07045
G1 X50.337 Y39.831 E133.08484
G1 X50.247 Y39.492 E133.09651
G1 X50.05 Y39.097 E133.11119
G1 X49.746 Y38.783 E133.12572
G1 X49.386 Y38.54 E133.14017
G1 X48.878 Y38.394 E133.15775
G1 X48.446 Y38.405 E133.17212
G1 X48.016 Y38.504 E133.1868
G1 X47.562 Y38.776 E133.2044
G1 X47.276 Y39.105 E133.2189
G1 X47.101 Y39.41 E133.2306
G1 X46.968 Y39.824 E133.24506
G1 X46.968 Y40.254 E133.25936
G1 X47.044 Y40.611 E133.2715
G1 X47.18 Y40.925 E133.28288
G1 X47.38 Y41.207 E133.29438
G1 X47.641 Y41.451 E133.30626
G1 X47.933 Y41.625 E133.31757
G1 X48.267 Y41.74 E133.32932
G1 X48.618 Y41.786 E133.34109
G1 X48.968 Y41.758 E133.35277
G1 X49.222 Y41.685 E133.36156
G0 F9000 X48.966 Y40.96
;TYPE:SKIN
G1 F600 X48.635 Y41.017 E133.37273
G1 X48.448 Y40.993 E133.379
G1 X48.102 Y40.835 E133.39165
G1 X47.847 Y40.544 E133.40452
G1 X47.728 Y40.169 E133.41761
G1 X47.728 Y39.94 E133.42522
G1 X47.83 Y39.629 E133.43611
G1 X48.055 Y39.368 E133.44757
G1 X48.307 Y39.217 E133.45734
G1 X48.779 Y39.161 E133.47315
G1 X49.059 Y39.237 E133.4828
G1 X49.422 Y39.537 E133.49846
G1 X49.574 Y39.858 E133.51028
G1 X49.59 Y40.179 E133.52097
G1 X49.446 Y40.583 E133.53523
G1 X49.166 Y40.869 E133.54854
G1 X49.01 Y40.952 E133.55442
G1 X48.966 Y40.96 E133.55591
G0 F9000 X48.57 Y40.808
G1 F600 X49.38 Y39.998 E133.59401
G0 F9000 X49.203 Y39.609
G1 F600 X48.186 Y40.627 E133.64187
G0 F9000 X47.972 Y40.275
G1 F600 X48.858 Y39.389 E133.68354
G1 F2700 E128.68354
;MESH:NONMESH
G0 F300 X48.858 Y39.389 Z12.6
G0 F9000 X48.979 Y38.946
G0 X48.23 Y39.03
G0 X47.927 Y39.211
G0 X47.2 Y40.242
G0 X46.13 Y40.465
G0 X42.604 Y41.434
G0 X41.522 Y41.265
G0 X40.356 Y42.034
G0 X40.582 Y42.092
;TIME_ELAPSED:526.368574
;LAYER:62
;note -- min layer time used
;TYPE:WALL-INNER
;MESH:slupek3.stl
G1 F2700 E133.68354
G1 F600 X40.827 Y41.963 E133.69275
G1 X41.08 Y41.751 E133.70373
G1 X41.26 Y41.468 E133.71489
G1 X41.357 Y41.217 E133.72384
G1 X41.408 Y40.889 E133.73488
G1 X41.357 Y40.563 E133.74585
G1 X41.26 Y40.306 E133.75499
G1 X41.084 Y40.03 E133.76588
G1 X40.822 Y39.815 E133.77715
G1 X40.585 Y39.687 E133.78611
G1 X40.333 Y39.614 E133.79483
G1 X40.01 Y39.587 E133.80561
G1 X39.673 Y39.666 E133.81713
G1 X39.44 Y39.777 E133.82571
G1 X39.22 Y39.941 E133.83484
G1 X39.044 Y40.138 E133.84362
G1 X38.913 Y40.373 E133.85257
G1 X38.812 Y40.687 E133.86354
G1 X38.812 Y41.09 E133.87695
G1 X38.913 Y41.406 E133.88798
G1 X39.044 Y41.638 E133.89684
G1 X39.27 Y41.893 E133.90817
G1 X39.548 Y42.061 E133.91898
G1 X39.803 Y42.149 E133.92795
G1 X40.072 Y42.184 E133.93697
G1 X40.339 Y42.162 E133.94588
G1 X40.582 Y42.092 E133.95429
G0 F9000 X40.732 Y42.465
;TYPE:WALL-OUTER
G1 F600 X41.051 Y42.297 E133.96629
G1 X41.384 Y42.018 E133.98073
G1 X41.62 Y41.649 E133.9953
G1 X41.745 Y41.32 E134.00701
G1 X41.813 Y40.889 E134.02152
G1 X41.745 Y40.46 E134.03597
G1 X41.62 Y40.126 E134.04783
G1 X41.388 Y39.762 E134.06219
G1 X41.047 Y39.48 E134.0769
G1 X40.736 Y39.315 E134.08861
G1 X40.407 Y39.218 E134.10002
G1 X39.98 Y39.183 E134.11427
G1 X39.539 Y39.286 E134.12933
G1 X39.232 Y39.433 E134.14066
G1 X38.948 Y39.645 E134.15244
G1 X38.716 Y39.905 E134.16403
G1 X38.545 Y40.213 E134.17575
G1 X38.412 Y40.624 E134.19012
G1 X38.412 Y41.152 E134.20768
G1 X38.545 Y41.567 E134.22217
G1 X38.716 Y41.871 E134.23377
G1 X39.01 Y42.204 E134.24855
G1 X39.378 Y42.425 E134.26283
G1 X39.711 Y42.54 E134.27454
G1 X40.062 Y42.586 E134.28632
G1 X40.411 Y42.558 E134.29796
G1 X40.732 Y42.465 E134.30908
G0 F9000 X40.449 Y41.752
;TYPE:SKIN
G1 F600 X40.083 Y41.819 E134.32145
G1 X39.693 Y41.724 E134.3348
G1 X39.501 Y41.611 E134.34221
G1 X39.275 Y41.355 E134.35357
G1 X39.172 Y41.033 E134.36482
G1 X39.172 Y40.739 E134.37459
G1 X39.238 Y40.527 E134.38198
G1 X39.467 Y40.21 E134.39499
G1 X39.801 Y40.004 E134.40804
G1 X40.04 Y39.95 E134.41619
G1 X40.263 Y39.966 E134.42362
G1 X40.532 Y40.049 E134.43299
G1 X40.809 Y40.272 E134.44481
G1 X40.988 Y40.553 E134.4559
G1 X41.041 Y40.887 E134.46714
G1 X40.988 Y41.219 E134.47833
G1 X40.803 Y41.51 E134.4898
G1 X40.449 Y41.752 E134.50406
G0 F9000 X39.862 Y41.559
G1 F600 X39.404 Y41.101 E134.5256
G0 F9000 X39.447 Y40.578
G1 F600 X40.41 Y41.542 E134.57092
G0 F9000 X40.714 Y41.279
G1 F600 X39.722 Y40.288 E134.61756
G0 F9000 X40.177 Y40.177
G1 F600 X40.83 Y40.83 E134.64827
G1 F2700 E129.64827
;MESH:slupek3.stl(1)
G0 F9000 X41.286 Y40.758
G0 X41.581 Y40.891
G0 X42.662 Y40.721
G0 X46.191 Y40.759
G0 X47.262 Y40.535
G0 X47.794 Y40.742
G0 X48.699 Y41.149
G0 X49.089 Y41.307
;TYPE:WALL-INNER
G1 F2700 E134.64827
G1 F600 X49.141 Y41.292 E134.65007
G1 X49.381 Y41.164 E134.65912
G1 X49.591 Y40.987 E134.66825
G1 X49.75 Y40.788 E134.67673
G1 X49.871 Y40.544 E134.68578
G1 X49.956 Y40.221 E134.69689
G1 X49.939 Y39.893 E134.70782
G1 X49.87 Y39.635 E134.7167
G1 X49.72 Y39.331 E134.72798
G1 X49.488 Y39.091 E134.73908
G1 X49.214 Y38.907 E134.75005
G1 X48.826 Y38.798 E134.76346
G1 X48.497 Y38.806 E134.77441
G1 X48.168 Y38.879 E134.78561
G1 X47.822 Y39.086 E134.79902
G1 X47.603 Y39.338 E134.81013
G1 X47.469 Y39.572 E134.8191
G1 X47.368 Y39.886 E134.83007
G1 X47.368 Y40.212 E134.84091
G1 X47.427 Y40.489 E134.85033
G1 X47.53 Y40.728 E134.85899
G1 X47.682 Y40.942 E134.86772
G1 X47.883 Y41.129 E134.87685
G1 X48.103 Y41.26 E134.88536
G1 X48.359 Y41.348 E134.89437
G1 X48.628 Y41.384 E134.90339
G1 X48.896 Y41.363 E134.91234
G1 X49.089 Y41.307 E134.91902
G0 F9000 X49.222 Y41.685
;TYPE:WALL-OUTER
G1 F600 X49.292 Y41.665 E134.92144
G1 X49.607 Y41.497 E134.93331
G1 X49.879 Y41.267 E134.94516
G1 X50.09 Y41.004 E134.95638
G1 X50.247 Y40.685 E134.9682
G1 X50.358 Y40.263 E134.98272
G1 X50.337 Y39.831 E134.9971
G1 X50.247 Y39.492 E135.00877
G1 X50.05 Y39.097 E135.02345
G1 X49.746 Y38.783 E135.03798
G1 X49.386 Y38.54 E135.05243
G1 X48.878 Y38.394 E135.07001
G1 X48.446 Y38.405 E135.08438
G1 X48.016 Y38.504 E135.09906
G1 X47.562 Y38.776 E135.11666
G1 X47.276 Y39.105 E135.13116
G1 X47.101 Y39.41 E135.14286
G1 X46.968 Y39.824 E135.15732
G1 X46.968 Y40.254 E135.17162
G1 X47.044 Y40.611 E135.18376
G1 X47.18 Y40.925 E135.19514
G1 X47.38 Y41.207 E135.20664
G1 X47.641 Y41.451 E135.21852
G1 X47.933 Y41.625 E135.22983
G1 X48.267 Y41.74 E135.24158
G1 X48.618 Y41.786 E135.25335
G1 X48.968 Y41.758 E135.26503
G1 X49.222 Y41.685 E135.27382
G0 F9000 X48.966 Y40.96
;TYPE:SKIN
G1 F600 X48.635 Y41.017 E135.28499
G1 X48.448 Y40.993 E135.29126
G1 X48.102 Y40.835 E135.30391
G1 X47.847 Y40.544 E135.31678
G1 X47.728 Y40.169 E135.32987
G1 X47.728 Y39.94 E135.33749
G1 X47.83 Y39.629 E135.34837
G1 X48.055 Y39.368 E135.35983
G1 X48.307 Y39.217 E135.3696
G1 X48.779 Y39.161 E135.38541
G1 X49.059 Y39.237 E135.39506
G1 X49.422 Y39.537 E135.41073
G1 X49.574 Y39.858 E135.42254
G1 X49.59 Y40.179 E135.43323
G1 X49.446 Y40.583 E135.44749
G1 X49.166 Y40.869 E135.46081
G1 X49.01 Y40.952 E135.46668
G1 X48.966 Y40.96 E135.46817
G0 F9000 X48.719 Y40.799
G1 F600 X47.928 Y40.008 E135.50538
G0 F9000 X48.103 Y39.618
G1 F600 X49.118 Y40.632 E135.5531
G0 F9000 X49.342 Y40.291
G1 F600 X48.45 Y39.399 E135.59505
G1 F2700 E130.59505
;MESH:NONMESH
G0 F300 X48.45 Y39.399 Z12.8
G0 F9000 X48.352 Y38.942
G0 X48.111 Y39.095
G0 X47.2 Y39.864
G0 X46.106 Y39.864
G0 X42.604 Y41.434
G0 X41.522 Y41.265
G0 X40.356 Y42.034
G0 X40.582 Y42.092
;TIME_ELAPSED:534.297539
;LAYER:63
;note -- min layer time used
;TYPE:WALL-INNER
;MESH:slupek3.stl
G1 F2700 E135.59505
G1 F600 X40.827 Y41.963 E135.60426
G1 X41.08 Y41.751 E135.61524
G1 X41.26 Y41.468 E135.6264
G1 X41.357 Y41.217 E135.63535
G1 X41.408 Y40.889 E135.64639
G1 X41.357 Y40.563 E135.65736
G1 X41.26 Y40.306 E135.6665
G1 X41.084 Y40.03 E135.67738
G1 X40.822 Y39.815 E135.68866
G1 X40.585 Y39.687 E135.69762
G1 X40.333 Y39.614 E135.70634
G1 X40.01 Y39.587 E135.71712
G1 X39.673 Y39.666 E135.72864
G1 X39.44 Y39.777 E135.73722
G1 X39.22 Y39.941 E135.74635
G1 X39.044 Y40.138 E135.75513
G1 X38.913 Y40.373 E135.76408
G1 X38.812 Y40.687 E135.77505
G1 X38.812 Y41.09 E135.78846
G1 X38.913 Y41.406 E135.79949
G1 X39.044 Y41.638 E135.80835
G1 X39.27 Y41.893 E135.81968
G1 X39.548 Y42.061 E135.83049
G1 X39.803 Y42.149 E135.83946
G1 X40.072 Y42.184 E135.84848
G1 X40.339 Y42.162 E135.85739
G1 X40.582 Y42.092 E135.8658
G0 F9000 X40.732 Y42.465
;TYPE:WALL-OUTER
G1 F600 X41.051 Y42.297 E135.87779
G1 X41.384 Y42.018 E135.89224
G1 X41.62 Y41.649 E135.90681
G1 X41.745 Y41.32 E135.91852
G1 X41.813 Y40.889 E135.93303
G1 X41.745 Y40.46 E135.94748
G1 X41.62 Y40.126 E135.95934
G1 X41.388 Y39.762 E135.9737
G1 X41.047 Y39.48 E135.98841
G1 X40.736 Y39.315 E136.00012
G1 X40.407 Y39.218 E136.01153
G1 X39.98 Y39.183 E136.02578
G1 X39.539 Y39.286 E136.04084
G1 X39.232 Y39.433 E136.05216
G1 X38.948 Y39.645 E136.06395
G1 X38.716 Y39.905 E136.07554
G1 X38.545 Y40.213 E136.08726
G1 X38.412 Y40.624 E136.10163
G1 X38.412 Y41.152 E136.11919
G1 X38.545 Y41.567 E136.13368
G1 X38.716 Y41.871 E136.14528
G1 X39.01 Y42.204 E136.16006
G1 X39.378 Y42.425 E136.17433
G1 X39.711 Y42.54 E136.18605
G1 X40.062 Y42.586 E136.19783
G1 X40.411 Y42.558 E136.20947
G1 X40.732 Y42.465 E136.22059
G0 F9000 X40.449 Y41.752
;TYPE:SKIN
G1 F600 X40.083 Y41.819 E136.23296
G1 X39.693 Y41.724 E136.24631
G1 X39.501 Y41.611 E136.25372
G1 X39.275 Y41.355 E136.26508
G1 X39.172 Y41.033 E136.27633
G1 X39.172 Y40.739 E136.2861
G1 X39.238 Y40.527 E136.29349
G1 X39.467 Y40.21 E136.3065
G1 X39.801 Y40.004 E136.31955
G1 X40.04 Y39.95 E136.3277
G1 X40.263 Y39.966 E136.33513
G1 X40.532 Y40.049 E136.3445
G1 X40.809 Y40.272 E136.35632
G1 X40.988 Y40.553 E136.3674
G1 X41.041 Y40.887 E136.37865
G1 X40.988 Y41.219 E136.38983
G1 X40.803 Y41.51 E136.4013
G1 X40.449 Y41.752 E136.41557
G0 F9000 X40.356 Y42.034
G0 X40.958 Y41.643
G0 X41.139 Y41.359
G0 X41.258 Y40.585
G0 X40.802 Y40.657
G1 F600 X39.891 Y41.567 E136.45839
G0 F9000 X39.541 Y41.352
G1 F600 X40.562 Y40.331 E136.50642
G0 F9000 X40.155 Y40.172
G1 F600 X39.372 Y40.956 E136.54327
G1 F2700 E131.54327
;MESH:slupek3.stl(1)
G0 F9000 X38.912 Y40.956
G0 X39.1 Y41.455
G0 X39.374 Y41.768
G0 X39.618 Y41.915
G0 X40.076 Y42.022
G0 X40.519 Y41.943
G0 X40.875 Y41.7
G0 X41.581 Y40.891
G0 X42.662 Y40.721
G0 X46.191 Y40.759
G0 X47.262 Y40.535
G0 X47.794 Y40.742
G0 X48.699 Y41.149
G0 X49.089 Y41.307
;TYPE:WALL-INNER
G1 F2700 E136.54327
G1 F600 X49.141 Y41.292 E136.54507
G1 X49.381 Y41.164 E136.55412
G1 X49.591 Y40.987 E136.56325
G1 X49.75 Y40.788 E136.57173
G1 X49.871 Y40.544 E136.58078
G1 X49.956 Y40.221 E136.59189
G1 X49.939 Y39.893 E136.60282
G1 X49.87 Y39.635 E136.6117
G1 X49.72 Y39.331 E136.62297
G1 X49.488 Y39.091 E136.63408
G1 X49.214 Y38.907 E136.64505
G1 X48.826 Y38.798 E136.65846
G1 X48.497 Y38.806 E136.6694
G1 X48.168 Y38.879 E136.68061
G1 X47.822 Y39.086 E136.69402
G1 X47.603 Y39.338 E136.70513
G1 X47.469 Y39.572 E136.7141
G1 X47.368 Y39.886 E136.72507
G1 X47.368 Y40.212 E136.73591
G1 X47.427 Y40.489 E136.74533
G1 X47.53 Y40.728 E136.75399
G1 X47.682 Y40.942 E136.76272
G1 X47.883 Y41.129 E136.77185
G1 X48.103 Y41.26 E136.78036
G1 X48.359 Y41.348 E136.78937
G1 X48.628 Y41.384 E136.79839
G1 X48.896 Y41.363 E136.80733
G1 X49.089 Y41.307 E136.81402
G0 F9000 X49.222 Y41.685
;TYPE:WALL-OUTER
G1 F600 X49.292 Y41.665 E136.81644
G1 X49.607 Y41.497 E136.82831
G1 X49.879 Y41.267 E136.84016
G1 X50.09 Y41.004 E136.85138
G1 X50.247 Y40.685 E136.8632
G1 X50.358 Y40.263 E136.87771
G1 X50.337 Y39.831 E136.8921
G1 X50.247 Y39.492 E136.90377
G1 X50.05 Y39.097 E136.91845
G1 X49.746 Y38.783 E136.93298
G1 X49.386 Y38.54 E136.94743
G1 X48.878 Y38.394 E136.96501
G1 X48.446 Y38.405 E136.97938
G1 X48.016 Y38.504 E136.99406
G1 X47.562 Y38.776 E137.01166
G1 X47.276 Y39.105 E137.02616
G1 X47.101 Y39.41 E137.03786
G1 X46.968 Y39.824 E137.05232
G1 X46.968 Y40.254 E137.06662
G1 X47.044 Y40.611 E137.07876
G1 X47.18 Y40.925 E137.09014
G1 X47.38 Y41.207 E137.10164
G1 X47.641 Y41.451 E137.11352
G1 X47.933 Y41.625 E137.12483
G1 X48.267 Y41.74 E137.13658
G1 X48.618 Y41.786 E137.14835
G1 X48.968 Y41.758 E137.16003
G1 X49.222 Y41.685 E137.16882
G0 F9000 X48.966 Y40.96
;TYPE:SKIN
G1 F600 X48.635 Y41.017 E137.17999
G1 X48.448 Y40.993 E137.18626
G1 X48.102 Y40.835 E137.19891
G1 X47.847 Y40.544 E137.21178
G1 X47.728 Y40.169 E137.22487
G1 X47.728 Y39.94 E137.23248
G1 X47.83 Y39.629 E137.24337
G1 X48.055 Y39.368 E137.25483
G1 X48.307 Y39.217 E137.2646
G1 X48.779 Y39.161 E137.28041
G1 X49.059 Y39.237 E137.29006
G1 X49.422 Y39.537 E137.30572
G1 X49.574 Y39.858 E137.31754
G1 X49.59 Y40.179 E137.32823
G1 X49.446 Y40.583 E137.34249
G1 X49.166 Y40.869 E137.3558
G1 X49.01 Y40.952 E137.36168
G1 X48.966 Y40.96 E137.36317
G0 F9000 X48.57 Y40.808
G1 F600 X49.38 Y39.998 E137.40127
G0 F9000 X49.203 Y39.609
G1 F600 X48.186 Y40.627 E137.44913
G0 F9000 X47.972 Y40.275
G1 F600 X48.858 Y39.389 E137.4908
G1 F2700 E132.4908
;MESH:NONMESH
G0 F300 X48.858 Y39.389 Z13
G0 F9000 X48.979 Y38.946
G0 X48.23 Y39.03
G0 X47.927 Y39.211
G0 X47.2 Y40.242
G0 X46.13 Y40.465
G0 X42.604 Y41.434
G0 X41.522 Y41.265
G0 X40.356 Y42.034
G0 X40.582 Y42.092
;TIME_ELAPSED:542.409236
;LAYER:64
;note -- min layer time used
;TYPE:WALL-INNER
;MESH:slupek3.stl
G1 F2700 E137.4908
G1 F600 X40.827 Y41.963 E137.50001
G1 X41.08 Y41.751 E137.51099
G1 X41.26 Y41.468 E137.52215
G1 X41.357 Y41.217 E137.5311
G1 X41.408 Y40.889 E137.54214
G1 X41.357 Y40.563 E137.55311
G1 X41.26 Y40.306 E137.56225
G1 X41.084 Y40.03 E137.57314
G1 X40.822 Y39.815 E137.58441
G1 X40.585 Y39.687 E137.59337
G1 X40.333 Y39.614 E137.60209
G1 X40.01 Y39.587 E137.61287
G1 X39.673 Y39.666 E137.62439
G1 X39.44 Y39.777 E137.63297
G1 X39.22 Y39.941 E137.6421
G1 X39.044 Y40.138 E137.65088
G1 X38.913 Y40.373 E137.65983
G1 X38.812 Y40.687 E137.6708
G1 X38.812 Y41.09 E137.68421
G1 X38.913 Y41.406 E137.69524
G1 X39.044 Y41.638 E137.7041
G1 X39.27 Y41.893 E137.71543
G1 X39.548 Y42.061 E137.72624
G1 X39.803 Y42.149 E137.73521
G1 X40.072 Y42.184 E137.74423
G1 X40.339 Y42.162 E137.75314
G1 X40.582 Y42.092 E137.76155
G0 F9000 X40.732 Y42.465
;TYPE:WALL-OUTER
G1 F600 X41.051 Y42.297 E137.77355
G1 X41.384 Y42.018 E137.788
G1 X41.62 Y41.649 E137.80256
G1 X41.745 Y41.32 E137.81427
G1 X41.813 Y40.889 E137.82878
G1 X41.745 Y40.46 E137.84323
G1 X41.62 Y40.126 E137.85509
G1 X41.388 Y39.762 E137.86945
G1 X41.047 Y39.48 E137.88416
G1 X40.736 Y39.315 E137.89587
G1 X40.407 Y39.218 E137.90728
G1 X39.98 Y39.183 E137.92153
G1 X39.539 Y39.286 E137.93659
G1 X39.232 Y39.433 E137.94792
G1 X38.948 Y39.645 E137.9597
G1 X38.716 Y39.905 E137.97129
G1 X38.545 Y40.213 E137.98301
G1 X38.412 Y40.624 E137.99738
G1 X38.412 Y41.152 E138.01494
G1 X38.545 Y41.567 E138.02943
G1 X38.716 Y41.871 E138.04103
G1 X39.01 Y42.204 E138.05581
G1 X39.378 Y42.425 E138.07009
G1 X39.711 Y42.54 E138.0818
G1 X40.062 Y42.586 E138.09358
G1 X40.411 Y42.558 E138.10522
G1 X40.732 Y42.465 E138.11634
G0 F9000 X40.449 Y41.752
;TYPE:SKIN
G1 F600 X40.083 Y41.819 E138.12871
G1 X39.693 Y41.724 E138.14206
G1 X39.501 Y41.611 E138.14947
G1 X39.275 Y41.355 E138.16083
G1 X39.172 Y41.033 E138.17208
G1 X39.172 Y40.739 E138.18185
G1 X39.238 Y40.527 E138.18924
G1 X39.467 Y40.21 E138.20225
G1 X39.801 Y40.004 E138.2153
G1 X40.04 Y39.95 E138.22345
G1 X40.263 Y39.966 E138.23088
G1 X40.532 Y40.049 E138.24025
G1 X40.809 Y40.272 E138.25207
G1 X40.988 Y40.553 E138.26316
G1 X41.041 Y40.887 E138.2744
G1 X40.988 Y41.219 E138.28559
G1 X40.803 Y41.51 E138.29706
G1 X40.449 Y41.752 E138.31132
G0 F9000 X39.862 Y41.559
G1 F600 X39.404 Y41.101 E138.33286
G0 F9000 X39.447 Y40.578
G1 F600 X40.41 Y41.542 E138.37818
G0 F9000 X40.714 Y41.279
G1 F600 X39.722 Y40.288 E138.42482
G0 F9000 X40.177 Y40.177
G1 F600 X40.83 Y40.83 E138.45553
G1 F2700 E133.45553
;MESH:slupek3.stl(1)
G0 F9000 X41.286 Y40.758
G0 X41.581 Y40.891
G0 X42.662 Y40.721
G0 X46.191 Y40.759
G0 X47.262 Y40.535
G0 X47.794 Y40.742
G0 X48.699 Y41.149
G0 X49.089 Y41.307
;TYPE:WALL-INNER
G1 F2700 E138.45553
G1 F600 X49.141 Y41.292 E138.45733
G1 X49.381 Y41.164 E138.46638
G1 X49.591 Y40.987 E138.47551
G1 X49.75 Y40.788 E138.48399
G1 X49.871 Y40.544 E138.49304
G1 X49.956 Y40.221 E138.50415
G1 X49.939 Y39.893 E138.51508
G1 X49.87 Y39.635 E138.52396
G1 X49.72 Y39.331 E138.53524
G1 X49.488 Y39.091 E138.54634
G1 X49.214 Y38.907 E138.55732
G1 X48.826 Y38.798 E138.57072
G1 X48.497 Y38.806 E138.58167
G1 X48.168 Y38.879 E138.59287
G1 X47.822 Y39.086 E138.60628
G1 X47.603 Y39.338 E138.61739
G1 X47.469 Y39.572 E138.62636
G1 X47.368 Y39.886 E138.63733
G1 X47.368 Y40.212 E138.64817
G1 X47.427 Y40.489 E138.65759
G1 X47.53 Y40.728 E138.66625
G1 X47.682 Y40.942 E138.67498
G1 X47.883 Y41.129 E138.68411
G1 X48.103 Y41.26 E138.69262
G1 X48.359 Y41.348 E138.70163
G1 X48.628 Y41.384 E138.71065
G1 X48.896 Y41.363 E138.7196
G1 X49.089 Y41.307 E138.72628
G0 F9000 X49.222 Y41.685
;TYPE:WALL-OUTER
G1 F600 X49.292 Y41.665 E138.7287
G1 X49.607 Y41.497 E138.74057
G1 X49.879 Y41.267 E138.75242
G1 X50.09 Y41.004 E138.76364
G1 X50.247 Y40.685 E138.77546
G1 X50.358 Y40.263 E138.78998
G1 X50.337 Y39.831 E138.80436
G1 X50.247 Y39.492 E138.81603
G1 X50.05 Y39.097 E138.83071
G1 X49.746 Y38.783 E138.84524
G1 X49.386 Y38.54 E138.85969
G1 X48.878 Y38.394 E138.87727
G1 X48.446 Y38.405 E138.89164
G1 X48.016 Y38.504 E138.90632
G1 X47.562 Y38.776 E138.92392
G1 X47.276 Y39.105 E138.93842
G1 X47.101 Y39.41 E138.95012
G1 X46.968 Y39.824 E138.96458
G1 X46.968 Y40.254 E138.97888
G1 X47.044 Y40.611 E138.99102
G1 X47.18 Y40.925 E139.0024
G1 X47.38 Y41.207 E139.0139
G1 X47.641 Y41.451 E139.02578
G1 X47.933 Y41.625 E139.03709
G1 X48.267 Y41.74 E139.04884
G1 X48.618 Y41.786 E139.06061
G1 X48.968 Y41.758 E139.07229
G1 X49.222 Y41.685 E139.08108
G0 F9000 X48.966 Y40.96
;TYPE:SKIN
G1 F600 X48.635 Y41.017 E139.09225
G1 X48.448 Y40.993 E139.09852
G1 X48.102 Y40.835 E139.11117
G1 X47.847 Y40.544 E139.12404
G1 X47.728 Y40.169 E139.13713
G1 X47.728 Y39.94 E139.14475
G1 X47.83 Y39.629 E139.15563
G1 X48.055 Y39.368 E139.16709
G1 X48.307 Y39.217 E139.17686
G1 X48.779 Y39.161 E139.19267
G1 X49.059 Y39.237 E139.20232
G1 X49.422 Y39.537 E139.21799
G1 X49.574 Y39.858 E139.2298
G1 X49.59 Y40.179 E139.24049
G1 X49.446 Y40.583 E139.25475
G1 X49.166 Y40.869 E139.26807
G1 X49.01 Y40.952 E139.27394
G1 X48.966 Y40.96 E139.27543
G0 F9000 X48.719 Y40.799
G1 F600 X47.928 Y40.008 E139.31264
G0 F9000 X48.103 Y39.618
G1 F600 X49.118 Y40.632 E139.36036
G0 F9000 X49.342 Y40.291
G1 F600 X48.45 Y39.399 E139.40231
G1 F2700 E134.40231
;MESH:NONMESH
G0 F300 X48.45 Y39.399 Z13.2
G0 F9000 X48.352 Y38.942
G0 X48.111 Y39.095
G0 X47.2 Y39.864
G0 X46.106 Y39.864
G0 X42.604 Y41.434
G0 X41.522 Y41.265
G0 X40.356 Y42.034
G0 X40.582 Y42.092
;TIME_ELAPSED:550.338201
;LAYER:65
;note -- min layer time used
;TYPE:WALL-INNER
;MESH:slupek3.stl
G1 F2700 E139.40231
G1 F600 X40.827 Y41.963 E139.41152
G1 X41.08 Y41.751 E139.4225
G1 X41.26 Y41.468 E139.43366
G1 X41.357 Y41.217 E139.44261
G1 X41.408 Y40.889 E139.45365
G1 X41.357 Y40.563 E139.46462
G1 X41.26 Y40.306 E139.47376
G1 X41.084 Y40.03 E139.48464
G1 X40.822 Y39.815 E139.49592
G1 X40.585 Y39.687 E139.50488
G1 X40.333 Y39.614 E139.5136
G1 X40.01 Y39.587 E139.52438
G1 X39.673 Y39.666 E139.5359
G1 X39.44 Y39.777 E139.54448
G1 X39.22 Y39.941 E139.55361
G1 X39.044 Y40.138 E139.56239
G1 X38.913 Y40.373 E139.57134
G1 X38.812 Y40.687 E139.58231
G1 X38.812 Y41.09 E139.59572
G1 X38.913 Y41.406 E139.60675
G1 X39.044 Y41.638 E139.61561
G1 X39.27 Y41.893 E139.62694
G1 X39.548 Y42.061 E139.63775
G1 X39.803 Y42.149 E139.64672
G1 X40.072 Y42.184 E139.65574
G1 X40.339 Y42.162 E139.66465
G1 X40.582 Y42.092 E139.67306
G0 F9000 X40.732 Y42.465
;TYPE:WALL-OUTER
G1 F600 X41.051 Y42.297 E139.68505
G1 X41.384 Y42.018 E139.6995
G1 X41.62 Y41.649 E139.71407
G1 X41.745 Y41.32 E139.72578
G1 X41.813 Y40.889 E139.74029
G1 X41.745 Y40.46 E139.75474
G1 X41.62 Y40.126 E139.7666
G1 X41.388 Y39.762 E139.78096
G1 X41.047 Y39.48 E139.79567
G1 X40.736 Y39.315 E139.80738
G1 X40.407 Y39.218 E139.81879
G1 X39.98 Y39.183 E139.83304
G1 X39.539 Y39.286 E139.8481
G1 X39.232 Y39.433 E139.85942
G1 X38.948 Y39.645 E139.87121
G1 X38.716 Y39.905 E139.8828
G1 X38.545 Y40.213 E139.89452
G1 X38.412 Y40.624 E139.90889
G1 X38.412 Y41.152 E139.92645
G1 X38.545 Y41.567 E139.94094
G1 X38.716 Y41.871 E139.95254
G1 X39.01 Y42.204 E139.96732
G1 X39.378 Y42.425 E139.98159
G1 X39.711 Y42.54 E139.99331
G1 X40.062 Y42.586 E140.00509
G1 X40.411 Y42.558 E140.01673
G1 X40.732 Y42.465 E140.02785
G0 F9000 X40.449 Y41.752
;TYPE:SKIN
G1 F600 X40.083 Y41.819 E140.04022
G1 X39.693 Y41.724 E140.05357
G1 X39.501 Y41.611 E140.06098
G1 X39.275 Y41.355 E140.07234
G1 X39.172 Y41.033 E140.08359
G1 X39.172 Y40.739 E140.09336
G1 X39.238 Y40.527 E140.10075
G1 X39.467 Y40.21 E140.11376
G1 X39.801 Y40.004 E140.12681
G1 X40.04 Y39.95 E140.13496
G1 X40.263 Y39.966 E140.14239
G1 X40.532 Y40.049 E140.15176
G1 X40.809 Y40.272 E140.16358
G1 X40.988 Y40.553 E140.17466
G1 X41.041 Y40.887 E140.18591
G1 X40.988 Y41.219 E140.19709
G1 X40.803 Y41.51 E140.20856
G1 X40.449 Y41.752 E140.22283
G0 F9000 X40.356 Y42.034
G0 X40.958 Y41.643
G0 X41.139 Y41.359
G0 X41.258 Y40.585
G0 X40.802 Y40.657
G1 F600 X39.891 Y41.567 E140.26565
G0 F9000 X39.541 Y41.352
G1 F600 X40.562 Y40.331 E140.31368
G0 F9000 X40.155 Y40.172
G1 F600 X39.372 Y40.956 E140.35053
G1 F2700 E135.35053
;MESH:slupek3.stl(1)
G0 F9000 X38.912 Y40.956
G0 X39.1 Y41.455
G0 X39.374 Y41.768
G0 X39.618 Y41.915
G0 X40.076 Y42.022
G0 X40.519 Y41.943
G0 X40.875 Y41.7
G0 X41.581 Y40.891
G0 X42.662 Y40.721
G0 X46.191 Y40.759
G0 X47.262 Y40.535
G0 X47.794 Y40.742
G0 X48.699 Y41.149
G0 X49.089 Y41.307
;TYPE:WALL-INNER
G1 F2700 E140.35053
G1 F600 X49.141 Y41.292 E140.35233
G1 X49.381 Y41.164 E140.36138
G1 X49.591 Y40.987 E140.37051
G1 X49.75 Y40.788 E140.37899
G1 X49.871 Y40.544 E140.38804
G1 X49.956 Y40.221 E140.39915
G1 X49.939 Y39.893 E140.41008
G1 X49.87 Y39.635 E140.41896
G1 X49.72 Y39.331 E140.43023
G1 X49.488 Y39.091 E140.44134
G1 X49.214 Y38.907 E140.45231
G1 X48.826 Y38.798 E140.46572
G1 X48.497 Y38.806 E140.47666
G1 X48.168 Y38.879 E140.48787
G1 X47.822 Y39.086 E140.50128
G1 X47.603 Y39.338 E140.51239
G1 X47.469 Y39.572 E140.52136
G1 X47.368 Y39.886 E140.53233
G1 X47.368 Y40.212 E140.54317
G1 X47.427 Y40.489 E140.55259
G1 X47.53 Y40.728 E140.56125
G1 X47.682 Y40.942 E140.56998
G1 X47.883 Y41.129 E140.57911
G1 X48.103 Y41.26 E140.58762
G1 X48.359 Y41.348 E140.59663
G1 X48.628 Y41.384 E140.60565
G1 X48.896 Y41.363 E140.61459
G1 X49.089 Y41.307 E140.62128
G0 F9000 X49.222 Y41.685
;TYPE:WALL-OUTER
G1 F600 X49.292 Y41.665 E140.6237
G1 X49.607 Y41.497 E140.63557
G1 X49.879 Y41.267 E140.64742
G1 X50.09 Y41.004 E140.65864
G1 X50.247 Y40.685 E140.67046
G1 X50.358 Y40.263 E140.68497
G1 X50.337 Y39.831 E140.69936
G1 X50.247 Y39.492 E140.71103
G1 X50.05 Y39.097 E140.72571
G1 X49.746 Y38.783 E140.74024
G1 X49.386 Y38.54 E140.75469
G1 X48.878 Y38.394 E140.77227
G1 X48.446 Y38.405 E140.78664
G1 X48.016 Y38.504 E140.80132
G1 X47.562 Y38.776 E140.81892
G1 X47.276 Y39.105 E140.83342
G1 X47.101 Y39.41 E140.84512
G1 X46.968 Y39.824 E140.85958
G1 X46.968 Y40.254 E140.87388
G1 X47.044 Y40.611 E140.88602
G1 X47.18 Y40.925 E140.8974
G1 X47.38 Y41.207 E140.9089
G1 X47.641 Y41.451 E140.92078
G1 X47.933 Y41.625 E140.93209
G1 X48.267 Y41.74 E140.94384
G1 X48.618 Y41.786 E140.95561
G1 X48.968 Y41.758 E140.96729
G1 X49.222 Y41.685 E140.97608
G0 F9000 X48.966 Y40.96
;TYPE:SKIN
G1 F600 X48.635 Y41.017 E140.98725
G1 X48.448 Y40.993 E140.99352
G1 X48.102 Y40.835 E141.00617
G1 X47.847 Y40.544 E141.01904
G1 X47.728 Y40.169 E141.03213
G1 X47.728 Y39.94 E141.03974
G1 X47.83 Y39.629 E141.05063
G1 X48.055 Y39.368 E141.06209
G1 X48.307 Y39.217 E141.07186
G1 X48.779 Y39.161 E141.08767
G1 X49.059 Y39.237 E141.09732
G1 X49.422 Y39.537 E141.11298
G1 X49.574 Y39.858 E141.1248
G1 X49.59 Y40.179 E141.13549
G1 X49.446 Y40.583 E141.14975
G1 X49.166 Y40.869 E141.16306
G1 X49.01 Y40.952 E141.16894
G1 X48.966 Y40.96 E141.17043
G0 F9000 X48.57 Y40.808
G1 F600 X49.38 Y39.998 E141.20853
G0 F9000 X49.203 Y39.609
G1 F600 X48.186 Y40.627 E141.25639
G0 F9000 X47.972 Y40.275
G1 F600 X48.858 Y39.389 E141.29806
G1 F2700 E136.29806
;MESH:NONMESH
G0 F300 X48.858 Y39.389 Z13.4
G0 F9000 X48.979 Y38.946
G0 X48.23 Y39.03
G0 X47.927 Y39.211
G0 X47.2 Y40.242
G0 X46.13 Y40.465
G0 X42.604 Y41.434
G0 X41.522 Y41.265
G0 X40.356 Y42.034
G0 X40.582 Y42.092
;TIME_ELAPSED:558.449899
;LAYER:66
;note -- min layer time used
;TYPE:WALL-INNER
;MESH:slupek3.stl
G1 F2700 E141.29806
G1 F600 X40.827 Y41.963 E141.30727
G1 X41.08 Y41.751 E141.31825
G1 X41.26 Y41.468 E141.32941
G1 X41.357 Y41.217 E141.33836
G1 X41.408 Y40.889 E141.3494
G1 X41.357 Y40.563 E141.36037
G1 X41.26 Y40.306 E141.36951
G1 X41.084 Y40.03 E141.3804
G1 X40.822 Y39.815 E141.39167
G1 X40.585 Y39.687 E141.40063
G1 X40.333 Y39.614 E141.40935
G1 X40.01 Y39.587 E141.42013
G1 X39.673 Y39.666 E141.43165
G1 X39.44 Y39.777 E141.44023
G1 X39.22 Y39.941 E141.44936
G1 X39.044 Y40.138 E141.45814
G1 X38.913 Y40.373 E141.46709
G1 X38.812 Y40.687 E141.47806
G1 X38.812 Y41.09 E141.49147
G1 X38.913 Y41.406 E141.5025
G1 X39.044 Y41.638 E141.51136
G1 X39.27 Y41.893 E141.5227
G1 X39.548 Y42.061 E141.5335
G1 X39.803 Y42.149 E141.54247
G1 X40.072 Y42.184 E141.55149
G1 X40.339 Y42.162 E141.5604
G1 X40.582 Y42.092 E141.56881
G0 F9000 X40.732 Y42.465
;TYPE:WALL-OUTER
G1 F600 X41.051 Y42.297 E141.58081
G1 X41.384 Y42.018 E141.59526
G1 X41.62 Y41.649 E141.60982
G1 X41.745 Y41.32 E141.62153
G1 X41.813 Y40.889 E141.63604
G1 X41.745 Y40.46 E141.65049
G1 X41.62 Y40.126 E141.66235
G1 X41.388 Y39.762 E141.67671
G1 X41.047 Y39.48 E141.69142
G1 X40.736 Y39.315 E141.70313
G1 X40.407 Y39.218 E141.71454
G1 X39.98 Y39.183 E141.72879
G1 X39.539 Y39.286 E141.74385
G1 X39.232 Y39.433 E141.75518
G1 X38.948 Y39.645 E141.76696
G1 X38.716 Y39.905 E141.77855
G1 X38.545 Y40.213 E141.79027
G1 X38.412 Y40.624 E141.80464
G1 X38.412 Y41.152 E141.8222
G1 X38.545 Y41.567 E141.83669
G1 X38.716 Y41.871 E141.84829
G1 X39.01 Y42.204 E141.86307
G1 X39.378 Y42.425 E141.87735
G1 X39.711 Y42.54 E141.88906
G1 X40.062 Y42.586 E141.90084
G1 X40.411 Y42.558 E141.91248
G1 X40.732 Y42.465 E141.9236
G0 F9000 X40.449 Y41.752
;TYPE:SKIN
G1 F600 X40.083 Y41.819 E141.93597
G1 X39.693 Y41.724 E141.94932
G1 X39.501 Y41.611 E141.95673
G1 X39.275 Y41.355 E141.96809
G1 X39.172 Y41.033 E141.97934
G1 X39.172 Y40.739 E141.98911
G1 X39.238 Y40.527 E141.9965
G1 X39.467 Y40.21 E142.00951
G1 X39.801 Y40.004 E142.02256
G1 X40.04 Y39.95 E142.03071
G1 X40.263 Y39.966 E142.03814
G1 X40.532 Y40.049 E142.04751
G1 X40.809 Y40.272 E142.05934
G1 X40.988 Y40.553 E142.07042
G1 X41.041 Y40.887 E142.08166
G1 X40.988 Y41.219 E142.09285
G1 X40.803 Y41.51 E142.10432
G1 X40.449 Y41.752 E142.11858
G0 F9000 X39.862 Y41.559
G1 F600 X39.404 Y41.101 E142.14012
G0 F9000 X39.447 Y40.578
G1 F600 X40.41 Y41.542 E142.18544
G0 F9000 X40.714 Y41.279
G1 F600 X39.722 Y40.288 E142.23208
G0 F9000 X40.177 Y40.177
G1 F600 X40.83 Y40.83 E142.26279
G1 F2700 E137.26279
;MESH:slupek3.stl(1)
G0 F9000 X41.286 Y40.758
G0 X41.581 Y40.891
G0 X42.662 Y40.721
G0 X46.191 Y40.759
G0 X47.262 Y40.535
G0 X47.794 Y40.742
G0 X48.699 Y41.149
G0 X49.089 Y41.307
;TYPE:WALL-INNER
G1 F2700 E142.26279
G1 F600 X49.141 Y41.292 E142.26459
G1 X49.381 Y41.164 E142.27364
G1 X49.591 Y40.987 E142.28277
G1 X49.75 Y40.788 E142.29125
G1 X49.871 Y40.544 E142.3003
G1 X49.956 Y40.221 E142.31141
G1 X49.939 Y39.893 E142.32234
G1 X49.87 Y39.635 E142.33122
G1 X49.72 Y39.331 E142.3425
G1 X49.488 Y39.091 E142.3536
G1 X49.214 Y38.907 E142.36458
G1 X48.826 Y38.798 E142.37798
G1 X48.497 Y38.806 E142.38893
G1 X48.168 Y38.879 E142.40013
G1 X47.822 Y39.086 E142.41354
G1 X47.603 Y39.338 E142.42465
G1 X47.469 Y39.572 E142.43362
G1 X47.368 Y39.886 E142.44459
G1 X47.368 Y40.212 E142.45543
G1 X47.427 Y40.489 E142.46485
G1 X47.53 Y40.728 E142.47351
G1 X47.682 Y40.942 E142.48224
G1 X47.883 Y41.129 E142.49137
G1 X48.103 Y41.26 E142.49988
G1 X48.359 Y41.348 E142.50889
G1 X48.628 Y41.384 E142.51791
G1 X48.896 Y41.363 E142.52686
G1 X49.089 Y41.307 E142.53354
G0 F9000 X49.222 Y41.685
;TYPE:WALL-OUTER
G1 F600 X49.292 Y41.665 E142.53596
G1 X49.607 Y41.497 E142.54783
G1 X49.879 Y41.267 E142.55968
G1 X50.09 Y41.004 E142.5709
G1 X50.247 Y40.685 E142.58272
G1 X50.358 Y40.263 E142.59724
G1 X50.337 Y39.831 E142.61162
G1 X50.247 Y39.492 E142.62329
G1 X50.05 Y39.097 E142.63797
G1 X49.746 Y38.783 E142.6525
G1 X49.386 Y38.54 E142.66695
G1 X48.878 Y38.394 E142.68453
G1 X48.446 Y38.405 E142.6989
G1 X48.016 Y38.504 E142.71358
G1 X47.562 Y38.776 E142.73118
G1 X47.276 Y39.105 E142.74568
G1 X47.101 Y39.41 E142.75738
G1 X46.968 Y39.824 E142.77184
G1 X46.968 Y40.254 E142.78614
G1 X47.044 Y40.611 E142.79828
G1 X47.18 Y40.925 E142.80966
G1 X47.38 Y41.207 E142.82116
G1 X47.641 Y41.451 E142.83304
G1 X47.933 Y41.625 E142.84435
G1 X48.267 Y41.74 E142.8561
G1 X48.618 Y41.786 E142.86787
G1 X48.968 Y41.758 E142.87955
G1 X49.222 Y41.685 E142.88834
G0 F9000 X48.966 Y40.96
;TYPE:SKIN
G1 F600 X48.635 Y41.017 E142.89951
G1 X48.448 Y40.993 E142.90578
G1 X48.102 Y40.835 E142.91843
G1 X47.847 Y40.544 E142.9313
G1 X47.728 Y40.169 E142.94439
G1 X47.728 Y39.94 E142.95201
G1 X47.83 Y39.629 E142.96289
G1 X48.055 Y39.368 E142.97435
G1 X48.307 Y39.217 E142.98412
G1 X48.779 Y39.161 E142.99993
G1 X49.059 Y39.237 E143.00958
G1 X49.422 Y39.537 E143.02525
G1 X49.574 Y39.858 E143.03706
G1 X49.59 Y40.179 E143.04775
G1 X49.446 Y40.583 E143.06201
G1 X49.166 Y40.869 E143.07533
G1 X49.01 Y40.952 E143.0812
G1 X48.966 Y40.96 E143.08269
G0 F9000 X48.719 Y40.799
G1 F600 X47.928 Y40.008 E143.1199
G0 F9000 X48.103 Y39.618
G1 F600 X49.118 Y40.632 E143.16762
G0 F9000 X49.342 Y40.291
G1 F600 X48.45 Y39.399 E143.20957
G1 F2700 E138.20957
;MESH:NONMESH
G0 F300 X48.45 Y39.399 Z13.6
G0 F9000 X48.352 Y38.942
G0 X48.111 Y39.095
G0 X47.2 Y39.864
G0 X46.106 Y39.864
G0 X42.604 Y41.434
G0 X41.522 Y41.265
G0 X40.356 Y42.034
G0 X40.582 Y42.092
;TIME_ELAPSED:566.378864
;LAYER:67
;note -- min layer time used
;TYPE:WALL-INNER
;MESH:slupek3.stl
G1 F2700 E143.20957
G1 F600 X40.827 Y41.963 E143.21878
G1 X41.08 Y41.751 E143.22976
G1 X41.26 Y41.468 E143.24092
G1 X41.357 Y41.217 E143.24987
G1 X41.408 Y40.889 E143.26091
G1 X41.357 Y40.563 E143.27188
G1 X41.26 Y40.306 E143.28102
G1 X41.084 Y40.03 E143.2919
G1 X40.822 Y39.815 E143.30318
G1 X40.585 Y39.687 E143.31214
G1 X40.333 Y39.614 E143.32086
G1 X40.01 Y39.587 E143.33164
G1 X39.673 Y39.666 E143.34316
G1 X39.44 Y39.777 E143.35174
G1 X39.22 Y39.941 E143.36087
G1 X39.044 Y40.138 E143.36965
G1 X38.913 Y40.373 E143.3786
G1 X38.812 Y40.687 E143.38957
G1 X38.812 Y41.09 E143.40298
G1 X38.913 Y41.406 E143.41401
G1 X39.044 Y41.638 E143.42287
G1 X39.27 Y41.893 E143.4342
G1 X39.548 Y42.061 E143.44501
G1 X39.803 Y42.149 E143.45398
G1 X40.072 Y42.184 E143.463
G1 X40.339 Y42.162 E143.47191
G1 X40.582 Y42.092 E143.48032
G0 F9000 X40.732 Y42.465
;TYPE:WALL-OUTER
G1 F600 X41.051 Y42.297 E143.49231
G1 X41.384 Y42.018 E143.50676
G1 X41.62 Y41.649 E143.52133
G1 X41.745 Y41.32 E143.53304
G1 X41.813 Y40.889 E143.54755
G1 X41.745 Y40.46 E143.562
G1 X41.62 Y40.126 E143.57386
G1 X41.388 Y39.762 E143.58822
G1 X41.047 Y39.48 E143.60293
G1 X40.736 Y39.315 E143.61464
G1 X40.407 Y39.218 E143.62605
G1 X39.98 Y39.183 E143.6403
G1 X39.539 Y39.286 E143.65536
G1 X39.232 Y39.433 E143.66668
G1 X38.948 Y39.645 E143.67847
G1 X38.716 Y39.905 E143.69006
G1 X38.545 Y40.213 E143.70178
G1 X38.412 Y40.624 E143.71615
G1 X38.412 Y41.152 E143.73371
G1 X38.545 Y41.567 E143.7482
G1 X38.716 Y41.871 E143.7598
G1 X39.01 Y42.204 E143.77458
G1 X39.378 Y42.425 E143.78885
G1 X39.711 Y42.54 E143.80057
G1 X40.062 Y42.586 E143.81235
G1 X40.411 Y42.558 E143.82399
G1 X40.732 Y42.465 E143.83511
G0 F9000 X40.449 Y41.752
;TYPE:SKIN
G1 F600 X40.083 Y41.819 E143.84748
G1 X39.693 Y41.724 E143.86083
G1 X39.501 Y41.611 E143.86824
G1 X39.275 Y41.355 E143.8796
G1 X39.172 Y41.033 E143.89085
G1 X39.172 Y40.739 E143.90062
G1 X39.238 Y40.527 E143.90801
G1 X39.467 Y40.21 E143.92102
G1 X39.801 Y40.004 E143.93407
G1 X40.04 Y39.95 E143.94222
G1 X40.263 Y39.966 E143.94965
G1 X40.532 Y40.049 E143.95902
G1 X40.809 Y40.272 E143.97084
G1 X40.988 Y40.553 E143.98193
G1 X41.041 Y40.887 E143.99317
G1 X40.988 Y41.219 E144.00436
G1 X40.803 Y41.51 E144.01582
G1 X40.449 Y41.752 E144.03009
G0 F9000 X40.356 Y42.034
G0 X40.958 Y41.643
G0 X41.139 Y41.359
G0 X41.258 Y40.585
G0 X40.802 Y40.657
G1 F600 X39.891 Y41.567 E144.07291
G0 F9000 X39.541 Y41.352
G1 F600 X40.562 Y40.331 E144.12094
G0 F9000 X40.155 Y40.172
G1 F600 X39.372 Y40.956 E144.15779
G1 F2700 E139.15779
;MESH:slupek3.stl(1)
G0 F9000 X38.912 Y40.956
G0 X39.1 Y41.455
G0 X39.374 Y41.768
G0 X39.618 Y41.915
G0 X40.076 Y42.022
G0 X40.519 Y41.943
G0 X40.875 Y41.7
G0 X41.581 Y40.891
G0 X42.662 Y40.721
G0 X46.191 Y40.759
G0 X47.262 Y40.535
G0 X47.794 Y40.742
G0 X48.699 Y41.149
G0 X49.089 Y41.307
;TYPE:WALL-INNER
G1 F2700 E144.15779
G1 F600 X49.141 Y41.292 E144.15959
G1 X49.381 Y41.164 E144.16864
G1 X49.591 Y40.987 E144.17777
G1 X49.75 Y40.788 E144.18625
G1 X49.871 Y40.544 E144.1953
G1 X49.956 Y40.221 E144.20641
G1 X49.939 Y39.893 E144.21734
G1 X49.87 Y39.635 E144.22622
G1 X49.72 Y39.331 E144.23749
G1 X49.488 Y39.091 E144.2486
G1 X49.214 Y38.907 E144.25957
G1 X48.826 Y38.798 E144.27298
G1 X48.497 Y38.806 E144.28392
G1 X48.168 Y38.879 E144.29513
G1 X47.822 Y39.086 E144.30854
G1 X47.603 Y39.338 E144.31965
G1 X47.469 Y39.572 E144.32862
G1 X47.368 Y39.886 E144.33959
G1 X47.368 Y40.212 E144.35043
G1 X47.427 Y40.489 E144.35985
G1 X47.53 Y40.728 E144.36851
G1 X47.682 Y40.942 E144.37724
G1 X47.883 Y41.129 E144.38637
G1 X48.103 Y41.26 E144.39488
G1 X48.359 Y41.348 E144.40389
G1 X48.628 Y41.384 E144.41291
G1 X48.896 Y41.363 E144.42185
G1 X49.089 Y41.307 E144.42854
G0 F9000 X49.222 Y41.685
;TYPE:WALL-OUTER
G1 F600 X49.292 Y41.665 E144.43096
G1 X49.607 Y41.497 E144.44283
G1 X49.879 Y41.267 E144.45468
G1 X50.09 Y41.004 E144.4659
G1 X50.247 Y40.685 E144.47772
G1 X50.358 Y40.263 E144.49223
G1 X50.337 Y39.831 E144.50662
G1 X50.247 Y39.492 E144.51829
G1 X50.05 Y39.097 E144.53297
G1 X49.746 Y38.783 E144.5475
G1 X49.386 Y38.54 E144.56195
G1 X48.878 Y38.394 E144.57953
G1 X48.446 Y38.405 E144.5939
G1 X48.016 Y38.504 E144.60858
G1 X47.562 Y38.776 E144.62618
G1 X47.276 Y39.105 E144.64068
G1 X47.101 Y39.41 E144.65238
G1 X46.968 Y39.824 E144.66684
G1 X46.968 Y40.254 E144.68114
G1 X47.044 Y40.611 E144.69328
G1 X47.18 Y40.925 E144.70466
G1 X47.38 Y41.207 E144.71616
G1 X47.641 Y41.451 E144.72804
G1 X47.933 Y41.625 E144.73935
G1 X48.267 Y41.74 E144.7511
G1 X48.618 Y41.786 E144.76287
G1 X48.968 Y41.758 E144.77455
G1 X49.222 Y41.685 E144.78334
G0 F9000 X48.966 Y40.96
;TYPE:SKIN
G1 F600 X48.635 Y41.017 E144.79451
G1 X48.448 Y40.993 E144.80078
G1 X48.102 Y40.835 E144.81343
G1 X47.847 Y40.544 E144.8263
G1 X47.728 Y40.169 E144.83939
G1 X47.728 Y39.94 E144.847
G1 X47.83 Y39.629 E144.85789
G1 X48.055 Y39.368 E144.86935
G1 X48.307 Y39.217 E144.87912
G1 X48.779 Y39.161 E144.89493
G1 X49.059 Y39.237 E144.90458
G1 X49.422 Y39.537 E144.92024
G1 X49.574 Y39.858 E144.93206
G1 X49.59 Y40.179 E144.94275
G1 X49.446 Y40.583 E144.95701
G1 X49.166 Y40.869 E144.97032
G1 X49.01 Y40.952 E144.9762
G1 X48.966 Y40.96 E144.97769
G0 F9000 X48.57 Y40.808
G1 F600 X49.38 Y39.998 E145.01579
G0 F9000 X49.203 Y39.609
G1 F600 X48.186 Y40.627 E145.06365
G0 F9000 X47.972 Y40.275
G1 F600 X48.858 Y39.389 E145.10532
G1 F2700 E140.10532
;MESH:NONMESH
G0 F300 X48.858 Y39.389 Z13.8
G0 F9000 X48.979 Y38.946
G0 X48.23 Y39.03
G0 X47.927 Y39.211
G0 X47.2 Y40.242
G0 X46.13 Y40.465
G0 X42.604 Y41.434
G0 X41.522 Y41.265
G0 X40.356 Y42.034
G0 X40.582 Y42.092
;TIME_ELAPSED:574.490562
;LAYER:68
;note -- min layer time used
;TYPE:WALL-INNER
;MESH:slupek3.stl
G1 F2700 E145.10532
G1 F600 X40.827 Y41.963 E145.11453
G1 X41.08 Y41.751 E145.12551
G1 X41.26 Y41.468 E145.13667
G1 X41.357 Y41.217 E145.14562
G1 X41.408 Y40.889 E145.15666
G1 X41.357 Y40.563 E145.16763
G1 X41.26 Y40.306 E145.17677
G1 X41.084 Y40.03 E145.18766
G1 X40.822 Y39.815 E145.19893
G1 X40.585 Y39.687 E145.20789
G1 X40.333 Y39.614 E145.21661
G1 X40.01 Y39.587 E145.22739
G1 X39.673 Y39.666 E145.23891
G1 X39.44 Y39.777 E145.24749
G1 X39.22 Y39.941 E145.25662
G1 X39.044 Y40.138 E145.2654
G1 X38.913 Y40.373 E145.27435
G1 X38.812 Y40.687 E145.28532
G1 X38.812 Y41.09 E145.29873
G1 X38.913 Y41.406 E145.30976
G1 X39.044 Y41.638 E145.31862
G1 X39.27 Y41.893 E145.32996
G1 X39.548 Y42.061 E145.34076
G1 X39.803 Y42.149 E145.34973
G1 X40.072 Y42.184 E145.35875
G1 X40.339 Y42.162 E145.36766
G1 X40.582 Y42.092 E145.37607
G0 F9000 X40.732 Y42.465
;TYPE:WALL-OUTER
G1 F600 X41.051 Y42.297 E145.38807
G1 X41.384 Y42.018 E145.40252
G1 X41.62 Y41.649 E145.41708
G1 X41.745 Y41.32 E145.42879
G1 X41.813 Y40.889 E145.4433
G1 X41.745 Y40.46 E145.45775
G1 X41.62 Y40.126 E145.46961
G1 X41.388 Y39.762 E145.48397
G1 X41.047 Y39.48 E145.49868
G1 X40.736 Y39.315 E145.51039
G1 X40.407 Y39.218 E145.5218
G1 X39.98 Y39.183 E145.53605
G1 X39.539 Y39.286 E145.55111
G1 X39.232 Y39.433 E145.56244
G1 X38.948 Y39.645 E145.57422
G1 X38.716 Y39.905 E145.58581
G1 X38.545 Y40.213 E145.59753
G1 X38.412 Y40.624 E145.6119
G1 X38.412 Y41.152 E145.62946
G1 X38.545 Y41.567 E145.64395
G1 X38.716 Y41.871 E145.65555
G1 X39.01 Y42.204 E145.67033
G1 X39.378 Y42.425 E145.68461
G1 X39.711 Y42.54 E145.69632
G1 X40.062 Y42.586 E145.7081
G1 X40.411 Y42.558 E145.71974
G1 X40.732 Y42.465 E145.73086
G0 F9000 X40.449 Y41.752
;TYPE:SKIN
G1 F600 X40.083 Y41.819 E145.74323
G1 X39.693 Y41.724 E145.75658
G1 X39.501 Y41.611 E145.76399
G1 X39.275 Y41.355 E145.77535
G1 X39.172 Y41.033 E145.7866
G1 X39.172 Y40.739 E145.79638
G1 X39.238 Y40.527 E145.80376
G1 X39.467 Y40.21 E145.81677
G1 X39.801 Y40.004 E145.82982
G1 X40.04 Y39.95 E145.83797
G1 X40.263 Y39.966 E145.8454
G1 X40.532 Y40.049 E145.85477
G1 X40.809 Y40.272 E145.8666
G1 X40.988 Y40.553 E145.87768
G1 X41.041 Y40.887 E145.88892
G1 X40.988 Y41.219 E145.90011
G1 X40.803 Y41.51 E145.91158
G1 X40.449 Y41.752 E145.92584
G0 F9000 X39.862 Y41.559
G1 F600 X39.404 Y41.101 E145.94738
G0 F9000 X39.447 Y40.578
G1 F600 X40.41 Y41.542 E145.9927
G0 F9000 X40.714 Y41.279
G1 F600 X39.722 Y40.288 E146.03934
G0 F9000 X40.177 Y40.177
G1 F600 X40.83 Y40.83 E146.07005
G1 F2700 E141.07005
;MESH:slupek3.stl(1)
G0 F9000 X41.286 Y40.758
G0 X41.581 Y40.891
G0 X42.662 Y40.721
G0 X46.191 Y40.759
G0 X47.262 Y40.535
G0 X47.794 Y40.742
G0 X48.699 Y41.149
G0 X49.089 Y41.307
;TYPE:WALL-INNER
G1 F2700 E146.07005
G1 F600 X49.141 Y41.292 E146.07185
G1 X49.381 Y41.164 E146.0809
G1 X49.591 Y40.987 E146.09003
G1 X49.75 Y40.788 E146.09851
G1 X49.871 Y40.544 E146.10757
G1 X49.956 Y40.221 E146.11867
G1 X49.939 Y39.893 E146.1296
G1 X49.87 Y39.635 E146.13848
G1 X49.72 Y39.331 E146.14976
G1 X49.488 Y39.091 E146.16086
G1 X49.214 Y38.907 E146.17184
G1 X48.826 Y38.798 E146.18524
G1 X48.497 Y38.806 E146.19619
G1 X48.168 Y38.879 E146.20739
G1 X47.822 Y39.086 E146.2208
G1 X47.603 Y39.338 E146.23191
G1 X47.469 Y39.572 E146.24088
G1 X47.368 Y39.886 E146.25185
G1 X47.368 Y40.212 E146.26269
G1 X47.427 Y40.489 E146.27211
G1 X47.53 Y40.728 E146.28077
G1 X47.682 Y40.942 E146.2895
G1 X47.883 Y41.129 E146.29863
G1 X48.103 Y41.26 E146.30714
G1 X48.359 Y41.348 E146.31615
G1 X48.628 Y41.384 E146.32517
G1 X48.896 Y41.363 E146.33412
G1 X49.089 Y41.307 E146.3408
G0 F9000 X49.222 Y41.685
;TYPE:WALL-OUTER
G1 F600 X49.292 Y41.665 E146.34322
G1 X49.607 Y41.497 E146.35509
G1 X49.879 Y41.267 E146.36694
G1 X50.09 Y41.004 E146.37816
G1 X50.247 Y40.685 E146.38998
G1 X50.358 Y40.263 E146.4045
G1 X50.337 Y39.831 E146.41888
G1 X50.247 Y39.492 E146.43055
G1 X50.05 Y39.097 E146.44523
G1 X49.746 Y38.783 E146.45976
G1 X49.386 Y38.54 E146.47421
G1 X48.878 Y38.394 E146.49179
G1 X48.446 Y38.405 E146.50616
G1 X48.016 Y38.504 E146.52084
G1 X47.562 Y38.776 E146.53844
G1 X47.276 Y39.105 E146.55294
G1 X47.101 Y39.41 E146.56464
G1 X46.968 Y39.824 E146.5791
G1 X46.968 Y40.254 E146.5934
G1 X47.044 Y40.611 E146.60554
G1 X47.18 Y40.925 E146.61692
G1 X47.38 Y41.207 E146.62842
G1 X47.641 Y41.451 E146.64031
G1 X47.933 Y41.625 E146.65161
G1 X48.267 Y41.74 E146.66336
G1 X48.618 Y41.786 E146.67513
G1 X48.968 Y41.758 E146.68681
G1 X49.222 Y41.685 E146.6956
G0 F9000 X48.966 Y40.96
;TYPE:SKIN
G1 F600 X48.635 Y41.017 E146.70677
G1 X48.448 Y40.993 E146.71304
G1 X48.102 Y40.835 E146.72569
G1 X47.847 Y40.544 E146.73856
G1 X47.728 Y40.169 E146.75165
G1 X47.728 Y39.94 E146.75927
G1 X47.83 Y39.629 E146.77015
G1 X48.055 Y39.368 E146.78161
G1 X48.307 Y39.217 E146.79138
G1 X48.779 Y39.161 E146.80719
G1 X49.059 Y39.237 E146.81684
G1 X49.422 Y39.537 E146.83251
G1 X49.574 Y39.858 E146.84432
G1 X49.59 Y40.179 E146.85501
G1 X49.446 Y40.583 E146.86927
G1 X49.166 Y40.869 E146.88259
G1 X49.01 Y40.952 E146.88846
G1 X48.966 Y40.96 E146.88995
G0 F9000 X48.719 Y40.799
G1 F600 X47.928 Y40.008 E146.92716
G0 F9000 X48.103 Y39.618
G1 F600 X49.118 Y40.632 E146.97488
G0 F9000 X49.342 Y40.291
G1 F600 X48.45 Y39.399 E147.01683
G1 F2700 E142.01683
;MESH:NONMESH
G0 F300 X48.45 Y39.399 Z14
G0 F9000 X48.352 Y38.942
G0 X48.111 Y39.095
G0 X47.2 Y39.864
G0 X46.106 Y39.864
G0 X42.604 Y41.434
G0 X41.522 Y41.265
G0 X40.356 Y42.034
G0 X40.582 Y42.092
;TIME_ELAPSED:582.419526
;LAYER:69
;note -- min layer time used
;TYPE:WALL-INNER
;MESH:slupek3.stl
G1 F2700 E147.01683
G1 F600 X40.827 Y41.963 E147.02604
G1 X41.08 Y41.751 E147.03702
G1 X41.26 Y41.468 E147.04818
G1 X41.357 Y41.217 E147.05713
G1 X41.408 Y40.889 E147.06817
G1 X41.357 Y40.563 E147.07914
G1 X41.26 Y40.306 E147.08828
G1 X41.084 Y40.03 E147.09916
G1 X40.822 Y39.815 E147.11044
G1 X40.585 Y39.687 E147.1194
G1 X40.333 Y39.614 E147.12812
G1 X40.01 Y39.587 E147.1389
G1 X39.673 Y39.666 E147.15042
G1 X39.44 Y39.777 E147.159
G1 X39.22 Y39.941 E147.16813
G1 X39.044 Y40.138 E147.17691
G1 X38.913 Y40.373 E147.18586
G1 X38.812 Y40.687 E147.19683
G1 X38.812 Y41.09 E147.21024
G1 X38.913 Y41.406 E147.22127
G1 X39.044 Y41.638 E147.23013
G1 X39.27 Y41.893 E147.24146
G1 X39.548 Y42.061 E147.25227
G1 X39.803 Y42.149 E147.26124
G1 X40.072 Y42.184 E147.27026
G1 X40.339 Y42.162 E147.27917
G1 X40.582 Y42.092 E147.28758
G0 F9000 X40.732 Y42.465
;TYPE:WALL-OUTER
G1 F600 X41.051 Y42.297 E147.29957
G1 X41.384 Y42.018 E147.31402
G1 X41.62 Y41.649 E147.32859
G1 X41.745 Y41.32 E147.3403
G1 X41.813 Y40.889 E147.35481
G1 X41.745 Y40.46 E147.36926
G1 X41.62 Y40.126 E147.38112
G1 X41.388 Y39.762 E147.39548
G1 X41.047 Y39.48 E147.41019
G1 X40.736 Y39.315 E147.4219
G1 X40.407 Y39.218 E147.43331
G1 X39.98 Y39.183 E147.44756
G1 X39.539 Y39.286 E147.46262
G1 X39.232 Y39.433 E147.47394
G1 X38.948 Y39.645 E147.48573
G1 X38.716 Y39.905 E147.49732
G1 X38.545 Y40.213 E147.50904
G1 X38.412 Y40.624 E147.52341
G1 X38.412 Y41.152 E147.54097
G1 X38.545 Y41.567 E147.55546
G1 X38.716 Y41.871 E147.56706
G1 X39.01 Y42.204 E147.58184
G1 X39.378 Y42.425 E147.59611
G1 X39.711 Y42.54 E147.60783
G1 X40.062 Y42.586 E147.61961
G1 X40.411 Y42.558 E147.63125
G1 X40.732 Y42.465 E147.64237
G0 F9000 X40.449 Y41.752
;TYPE:SKIN
G1 F600 X40.083 Y41.819 E147.65474
G1 X39.693 Y41.724 E147.66809
G1 X39.501 Y41.611 E147.6755
G1 X39.275 Y41.355 E147.68686
G1 X39.172 Y41.033 E147.69811
G1 X39.172 Y40.739 E147.70788
G1 X39.238 Y40.527 E147.71527
G1 X39.467 Y40.21 E147.72828
G1 X39.801 Y40.004 E147.74133
G1 X40.04 Y39.95 E147.74948
G1 X40.263 Y39.966 E147.75691
G1 X40.532 Y40.049 E147.76628
G1 X40.809 Y40.272 E147.7781
G1 X40.988 Y40.553 E147.78919
G1 X41.041 Y40.887 E147.80043
G1 X40.988 Y41.219 E147.81162
G1 X40.803 Y41.51 E147.82308
G1 X40.449 Y41.752 E147.83735
G0 F9000 X40.356 Y42.034
G0 X40.958 Y41.643
G0 X41.139 Y41.359
G0 X41.258 Y40.585
G0 X40.802 Y40.657
G1 F600 X39.891 Y41.567 E147.88017
G0 F9000 X39.541 Y41.352
G1 F600 X40.562 Y40.331 E147.9282
G0 F9000 X40.155 Y40.172
G1 F600 X39.372 Y40.956 E147.96505
G1 F2700 E142.96505
;MESH:slupek3.stl(1)
G0 F9000 X38.912 Y40.956
G0 X39.1 Y41.455
G0 X39.374 Y41.768
G0 X39.618 Y41.915
G0 X40.076 Y42.022
G0 X40.519 Y41.943
G0 X40.875 Y41.7
G0 X41.581 Y40.891
G0 X42.662 Y40.721
G0 X46.191 Y40.759
G0 X47.262 Y40.535
G0 X47.794 Y40.742
G0 X48.699 Y41.149
G0 X49.089 Y41.307
;TYPE:WALL-INNER
G1 F2700 E147.96505
G1 F600 X49.141 Y41.292 E147.96685
G1 X49.381 Y41.164 E147.9759
G1 X49.591 Y40.987 E147.98503
G1 X49.75 Y40.788 E147.99351
G1 X49.871 Y40.544 E148.00256
G1 X49.956 Y40.221 E148.01367
G1 X49.939 Y39.893 E148.0246
G1 X49.87 Y39.635 E148.03348
G1 X49.72 Y39.331 E148.04475
G1 X49.488 Y39.091 E148.05586
G1 X49.214 Y38.907 E148.06683
G1 X48.826 Y38.798 E148.08024
G1 X48.497 Y38.806 E148.09118
G1 X48.168 Y38.879 E148.10239
G1 X47.822 Y39.086 E148.1158
G1 X47.603 Y39.338 E148.12691
G1 X47.469 Y39.572 E148.13588
G1 X47.368 Y39.886 E148.14685
G1 X47.368 Y40.212 E148.15769
G1 X47.427 Y40.489 E148.16711
G1 X47.53 Y40.728 E148.17577
G1 X47.682 Y40.942 E148.1845
G1 X47.883 Y41.129 E148.19363
G1 X48.103 Y41.26 E148.20214
G1 X48.359 Y41.348 E148.21115
G1 X48.628 Y41.384 E148.22017
G1 X48.896 Y41.363 E148.22911
G1 X49.089 Y41.307 E148.2358
G0 F9000 X49.222 Y41.685
;TYPE:WALL-OUTER
G1 F600 X49.292 Y41.665 E148.23822
G1 X49.607 Y41.497 E148.25009
G1 X49.879 Y41.267 E148.26194
G1 X50.09 Y41.004 E148.27316
G1 X50.247 Y40.685 E148.28498
G1 X50.358 Y40.263 E148.29949
G1 X50.337 Y39.831 E148.31388
G1 X50.247 Y39.492 E148.32555
G1 X50.05 Y39.097 E148.34023
G1 X49.746 Y38.783 E148.35476
G1 X49.386 Y38.54 E148.36921
G1 X48.878 Y38.394 E148.38679
G1 X48.446 Y38.405 E148.40116
G1 X48.016 Y38.504 E148.41584
G1 X47.562 Y38.776 E148.43344
G1 X47.276 Y39.105 E148.44794
G1 X47.101 Y39.41 E148.45964
G1 X46.968 Y39.824 E148.4741
G1 X46.968 Y40.254 E148.4884
G1 X47.044 Y40.611 E148.50054
G1 X47.18 Y40.925 E148.51192
G1 X47.38 Y41.207 E148.52342
G1 X47.641 Y41.451 E148.5353
G1 X47.933 Y41.625 E148.54661
G1 X48.267 Y41.74 E148.55836
G1 X48.618 Y41.786 E148.57013
G1 X48.968 Y41.758 E148.58181
G1 X49.222 Y41.685 E148.5906
G0 F9000 X48.966 Y40.96
;TYPE:SKIN
G1 F600 X48.635 Y41.017 E148.60177
G1 X48.448 Y40.993 E148.60804
G1 X48.102 Y40.835 E148.62069
G1 X47.847 Y40.544 E148.63356
G1 X47.728 Y40.169 E148.64665
G1 X47.728 Y39.94 E148.65426
G1 X47.83 Y39.629 E148.66515
G1 X48.055 Y39.368 E148.67661
G1 X48.307 Y39.217 E148.68638
G1 X48.779 Y39.161 E148.70219
G1 X49.059 Y39.237 E148.71184
G1 X49.422 Y39.537 E148.7275
G1 X49.574 Y39.858 E148.73932
G1 X49.59 Y40.179 E148.75001
G1 X49.446 Y40.583 E148.76427
G1 X49.166 Y40.869 E148.77758
G1 X49.01 Y40.952 E148.78346
G1 X48.966 Y40.96 E148.78495
G0 F9000 X48.57 Y40.808
G1 F600 X49.38 Y39.998 E148.82305
G0 F9000 X49.203 Y39.609
G1 F600 X48.186 Y40.627 E148.87091
G0 F9000 X47.972 Y40.275
G1 F600 X48.858 Y39.389 E148.91258
G1 F2700 E143.91258
;MESH:NONMESH
G0 F300 X48.858 Y39.389 Z14.2
G0 F9000 X48.979 Y38.946
G0 X48.23 Y39.03
G0 X47.927 Y39.211
G0 X47.2 Y40.242
G0 X46.13 Y40.465
G0 X42.604 Y41.434
G0 X41.522 Y41.265
G0 X40.356 Y42.034
G0 X40.582 Y42.092
;TIME_ELAPSED:590.531224
;LAYER:70
;note -- min layer time used
;TYPE:WALL-INNER
;MESH:slupek3.stl
G1 F2700 E148.91258
G1 F600 X40.827 Y41.963 E148.92179
G1 X41.08 Y41.751 E148.93277
G1 X41.26 Y41.468 E148.94393
G1 X41.357 Y41.217 E148.95288
G1 X41.408 Y40.889 E148.96392
G1 X41.357 Y40.563 E148.97489
G1 X41.26 Y40.306 E148.98403
G1 X41.084 Y40.03 E148.99492
G1 X40.822 Y39.815 E149.00619
G1 X40.585 Y39.687 E149.01515
G1 X40.333 Y39.614 E149.02387
G1 X40.01 Y39.587 E149.03465
G1 X39.673 Y39.666 E149.04617
G1 X39.44 Y39.777 E149.05475
G1 X39.22 Y39.941 E149.06388
G1 X39.044 Y40.138 E149.07266
G1 X38.913 Y40.373 E149.08161
G1 X38.812 Y40.687 E149.09258
G1 X38.812 Y41.09 E149.10599
G1 X38.913 Y41.406 E149.11702
G1 X39.044 Y41.638 E149.12588
G1 X39.27 Y41.893 E149.13722
G1 X39.548 Y42.061 E149.14802
G1 X39.803 Y42.149 E149.15699
G1 X40.072 Y42.184 E149.16601
G1 X40.339 Y42.162 E149.17492
G1 X40.582 Y42.092 E149.18333
G0 F9000 X40.732 Y42.465
;TYPE:WALL-OUTER
G1 F600 X41.051 Y42.297 E149.19533
G1 X41.384 Y42.018 E149.20978
G1 X41.62 Y41.649 E149.22434
G1 X41.745 Y41.32 E149.23605
G1 X41.813 Y40.889 E149.25056
G1 X41.745 Y40.46 E149.26501
G1 X41.62 Y40.126 E149.27687
G1 X41.388 Y39.762 E149.29123
G1 X41.047 Y39.48 E149.30594
G1 X40.736 Y39.315 E149.31765
G1 X40.407 Y39.218 E149.32906
G1 X39.98 Y39.183 E149.34331
G1 X39.539 Y39.286 E149.35837
G1 X39.232 Y39.433 E149.3697
G1 X38.948 Y39.645 E149.38148
G1 X38.716 Y39.905 E149.39307
G1 X38.545 Y40.213 E149.40479
G1 X38.412 Y40.624 E149.41916
G1 X38.412 Y41.152 E149.43672
G1 X38.545 Y41.567 E149.45121
G1 X38.716 Y41.871 E149.46281
G1 X39.01 Y42.204 E149.47759
G1 X39.378 Y42.425 E149.49187
G1 X39.711 Y42.54 E149.50358
G1 X40.062 Y42.586 E149.51536
G1 X40.411 Y42.558 E149.527
G1 X40.732 Y42.465 E149.53812
G0 F9000 X40.449 Y41.752
;TYPE:SKIN
G1 F600 X40.083 Y41.819 E149.55049
G1 X39.693 Y41.724 E149.56384
G1 X39.501 Y41.611 E149.57125
G1 X39.275 Y41.355 E149.58261
G1 X39.172 Y41.033 E149.59386
G1 X39.172 Y40.739 E149.60364
G1 X39.238 Y40.527 E149.61102
G1 X39.467 Y40.21 E149.62403
G1 X39.801 Y40.004 E149.63708
G1 X40.04 Y39.95 E149.64523
G1 X40.263 Y39.966 E149.65266
G1 X40.532 Y40.049 E149.66203
G1 X40.809 Y40.272 E149.67386
G1 X40.988 Y40.553 E149.68494
G1 X41.041 Y40.887 E149.69618
G1 X40.988 Y41.219 E149.70737
G1 X40.803 Y41.51 E149.71884
G1 X40.449 Y41.752 E149.7331
G0 F9000 X39.862 Y41.559
G1 F600 X39.404 Y41.101 E149.75464
G0 F9000 X39.447 Y40.578
G1 F600 X40.41 Y41.542 E149.79996
G0 F9000 X40.714 Y41.279
G1 F600 X39.722 Y40.288 E149.8466
G0 F9000 X40.177 Y40.177
G1 F600 X40.83 Y40.83 E149.87731
G1 F2700 E144.87731
;MESH:slupek3.stl(1)
G0 F9000 X41.286 Y40.758
G0 X41.581 Y40.891
G0 X42.662 Y40.721
G0 X46.191 Y40.759
G0 X47.262 Y40.535
G0 X47.794 Y40.742
G0 X48.699 Y41.149
G0 X49.089 Y41.307
;TYPE:WALL-INNER
G1 F2700 E149.87731
G1 F600 X49.141 Y41.292 E149.87911
G1 X49.381 Y41.164 E149.88816
G1 X49.591 Y40.987 E149.89729
G1 X49.75 Y40.788 E149.90577
G1 X49.871 Y40.544 E149.91483
G1 X49.956 Y40.221 E149.92593
G1 X49.939 Y39.893 E149.93686
G1 X49.87 Y39.635 E149.94574
G1 X49.72 Y39.331 E149.95702
G1 X49.488 Y39.091 E149.96812
G1 X49.214 Y38.907 E149.9791
G1 X48.826 Y38.798 E149.9925
G1 X48.497 Y38.806 E150.00345
G1 X48.168 Y38.879 E150.01465
G1 X47.822 Y39.086 E150.02806
G1 X47.603 Y39.338 E150.03917
G1 X47.469 Y39.572 E150.04814
G1 X47.368 Y39.886 E150.05911
G1 X47.368 Y40.212 E150.06995
G1 X47.427 Y40.489 E150.07937
G1 X47.53 Y40.728 E150.08803
G1 X47.682 Y40.942 E150.09676
G1 X47.883 Y41.129 E150.10589
G1 X48.103 Y41.26 E150.1144
G1 X48.359 Y41.348 E150.12341
G1 X48.628 Y41.384 E150.13243
G1 X48.896 Y41.363 E150.14138
G1 X49.089 Y41.307 E150.14806
G0 F9000 X49.222 Y41.685
;TYPE:WALL-OUTER
G1 F600 X49.292 Y41.665 E150.15048
G1 X49.607 Y41.497 E150.16236
G1 X49.879 Y41.267 E150.1742
G1 X50.09 Y41.004 E150.18542
G1 X50.247 Y40.685 E150.19724
G1 X50.358 Y40.263 E150.21176
G1 X50.337 Y39.831 E150.22614
G1 X50.247 Y39.492 E150.23781
G1 X50.05 Y39.097 E150.25249
G1 X49.746 Y38.783 E150.26702
G1 X49.386 Y38.54 E150.28147
G1 X48.878 Y38.394 E150.29905
G1 X48.446 Y38.405 E150.31342
G1 X48.016 Y38.504 E150.3281
G1 X47.562 Y38.776 E150.3457
G1 X47.276 Y39.105 E150.3602
G1 X47.101 Y39.41 E150.3719
G1 X46.968 Y39.824 E150.38636
G1 X46.968 Y40.254 E150.40066
G1 X47.044 Y40.611 E150.4128
G1 X47.18 Y40.925 E150.42418
G1 X47.38 Y41.207 E150.43568
G1 X47.641 Y41.451 E150.44757
G1 X47.933 Y41.625 E150.45887
G1 X48.267 Y41.74 E150.47062
G1 X48.618 Y41.786 E150.48239
G1 X48.968 Y41.758 E150.49407
G1 X49.222 Y41.685 E150.50286
G0 F9000 X48.966 Y40.96
;TYPE:SKIN
G1 F600 X48.635 Y41.017 E150.51403
G1 X48.448 Y40.993 E150.5203
G1 X48.102 Y40.835 E150.53295
G1 X47.847 Y40.544 E150.54582
G1 X47.728 Y40.169 E150.55891
G1 X47.728 Y39.94 E150.56653
G1 X47.83 Y39.629 E150.57741
G1 X48.055 Y39.368 E150.58887
G1 X48.307 Y39.217 E150.59864
G1 X48.779 Y39.161 E150.61445
G1 X49.059 Y39.237 E150.6241
G1 X49.422 Y39.537 E150.63977
G1 X49.574 Y39.858 E150.65158
G1 X49.59 Y40.179 E150.66227
G1 X49.446 Y40.583 E150.67653
G1 X49.166 Y40.869 E150.68985
G1 X49.01 Y40.952 E150.69572
G1 X48.966 Y40.96 E150.69721
G0 F9000 X48.719 Y40.799
G1 F600 X47.928 Y40.008 E150.73442
G0 F9000 X48.103 Y39.618
G1 F600 X49.118 Y40.632 E150.78214
G0 F9000 X49.342 Y40.291
G1 F600 X48.45 Y39.399 E150.82409
G1 F2700 E145.82409
;MESH:NONMESH
G0 F300 X48.45 Y39.399 Z14.4
G0 F9000 X48.352 Y38.942
G0 X48.111 Y39.095
G0 X47.2 Y39.864
G0 X46.106 Y39.864
G0 X42.604 Y41.434
G0 X41.522 Y41.265
G0 X40.356 Y42.034
G0 X40.582 Y42.092
;TIME_ELAPSED:598.460189
;LAYER:71
;note -- min layer time used
;TYPE:WALL-INNER
;MESH:slupek3.stl
G1 F2700 E150.82409
G1 F600 X40.827 Y41.963 E150.8333
G1 X41.08 Y41.751 E150.84428
G1 X41.26 Y41.468 E150.85544
G1 X41.357 Y41.217 E150.86439
G1 X41.408 Y40.889 E150.87543
G1 X41.357 Y40.563 E150.8864
G1 X41.26 Y40.306 E150.89554
G1 X41.084 Y40.03 E150.90642
G1 X40.822 Y39.815 E150.9177
G1 X40.585 Y39.687 E150.92666
G1 X40.333 Y39.614 E150.93538
G1 X40.01 Y39.587 E150.94616
G1 X39.673 Y39.666 E150.95768
G1 X39.44 Y39.777 E150.96626
G1 X39.22 Y39.941 E150.97539
G1 X39.044 Y40.138 E150.98417
G1 X38.913 Y40.373 E150.99312
G1 X38.812 Y40.687 E151.00409
G1 X38.812 Y41.09 E151.0175
G1 X38.913 Y41.406 E151.02853
G1 X39.044 Y41.638 E151.03739
G1 X39.27 Y41.893 E151.04872
G1 X39.548 Y42.061 E151.05953
G1 X39.803 Y42.149 E151.0685
G1 X40.072 Y42.184 E151.07752
G1 X40.339 Y42.162 E151.08643
G1 X40.582 Y42.092 E151.09484
G0 F9000 X40.732 Y42.465
;TYPE:WALL-OUTER
G1 F600 X41.051 Y42.297 E151.10683
G1 X41.384 Y42.018 E151.12128
G1 X41.62 Y41.649 E151.13585
G1 X41.745 Y41.32 E151.14756
G1 X41.813 Y40.889 E151.16207
G1 X41.745 Y40.46 E151.17652
G1 X41.62 Y40.126 E151.18838
G1 X41.388 Y39.762 E151.20274
G1 X41.047 Y39.48 E151.21745
G1 X40.736 Y39.315 E151.22916
G1 X40.407 Y39.218 E151.24057
G1 X39.98 Y39.183 E151.25482
G1 X39.539 Y39.286 E151.26988
G1 X39.232 Y39.433 E151.2812
G1 X38.948 Y39.645 E151.29299
G1 X38.716 Y39.905 E151.30458
G1 X38.545 Y40.213 E151.3163
G1 X38.412 Y40.624 E151.33067
G1 X38.412 Y41.152 E151.34823
G1 X38.545 Y41.567 E151.36272
G1 X38.716 Y41.871 E151.37432
G1 X39.01 Y42.204 E151.3891
G1 X39.378 Y42.425 E151.40337
G1 X39.711 Y42.54 E151.41509
G1 X40.062 Y42.586 E151.42687
G1 X40.411 Y42.558 E151.43851
G1 X40.732 Y42.465 E151.44963
G0 F9000 X40.449 Y41.752
;TYPE:SKIN
G1 F600 X40.083 Y41.819 E151.462
G1 X39.693 Y41.724 E151.47535
G1 X39.501 Y41.611 E151.48276
G1 X39.275 Y41.355 E151.49412
G1 X39.172 Y41.033 E151.50537
G1 X39.172 Y40.739 E151.51514
G1 X39.238 Y40.527 E151.52253
G1 X39.467 Y40.21 E151.53554
G1 X39.801 Y40.004 E151.54859
G1 X40.04 Y39.95 E151.55674
G1 X40.263 Y39.966 E151.56417
G1 X40.532 Y40.049 E151.57354
G1 X40.809 Y40.272 E151.58536
G1 X40.988 Y40.553 E151.59645
G1 X41.041 Y40.887 E151.60769
G1 X40.988 Y41.219 E151.61888
G1 X40.803 Y41.51 E151.63034
G1 X40.449 Y41.752 E151.64461
G0 F9000 X40.356 Y42.034
G0 X40.958 Y41.643
G0 X41.139 Y41.359
G0 X41.258 Y40.585
G0 X40.802 Y40.657
G1 F600 X39.891 Y41.567 E151.68743
G0 F9000 X39.541 Y41.352
G1 F600 X40.562 Y40.331 E151.73546
G0 F9000 X40.155 Y40.172
G1 F600 X39.372 Y40.956 E151.77231
G1 F2700 E146.77231
;MESH:slupek3.stl(1)
G0 F9000 X38.912 Y40.956
G0 X39.1 Y41.455
G0 X39.374 Y41.768
G0 X39.618 Y41.915
G0 X40.076 Y42.022
G0 X40.519 Y41.943
G0 X40.875 Y41.7
G0 X41.581 Y40.891
G0 X42.662 Y40.721
G0 X46.191 Y40.759
G0 X47.262 Y40.535
G0 X47.794 Y40.742
G0 X48.699 Y41.149
G0 X49.089 Y41.307
;TYPE:WALL-INNER
G1 F2700 E151.77231
G1 F600 X49.141 Y41.292 E151.77411
G1 X49.381 Y41.164 E151.78316
G1 X49.591 Y40.987 E151.79229
G1 X49.75 Y40.788 E151.80077
G1 X49.871 Y40.544 E151.80982
G1 X49.956 Y40.221 E151.82093
G1 X49.939 Y39.893 E151.83186
G1 X49.87 Y39.635 E151.84074
G1 X49.72 Y39.331 E151.85201
G1 X49.488 Y39.091 E151.86312
G1 X49.214 Y38.907 E151.87409
G1 X48.826 Y38.798 E151.8875
G1 X48.497 Y38.806 E151.89844
G1 X48.168 Y38.879 E151.90965
G1 X47.822 Y39.086 E151.92306
G1 X47.603 Y39.338 E151.93417
G1 X47.469 Y39.572 E151.94314
G1 X47.368 Y39.886 E151.95411
G1 X47.368 Y40.212 E151.96495
G1 X47.427 Y40.489 E151.97437
G1 X47.53 Y40.728 E151.98303
G1 X47.682 Y40.942 E151.99176
G1 X47.883 Y41.129 E152.00089
G1 X48.103 Y41.26 E152.0094
G1 X48.359 Y41.348 E152.01841
G1 X48.628 Y41.384 E152.02743
G1 X48.896 Y41.363 E152.03637
G1 X49.089 Y41.307 E152.04306
G0 F9000 X49.222 Y41.685
;TYPE:WALL-OUTER
G1 F600 X49.292 Y41.665 E152.04548
G1 X49.607 Y41.497 E152.05735
G1 X49.879 Y41.267 E152.0692
G1 X50.09 Y41.004 E152.08042
G1 X50.247 Y40.685 E152.09224
G1 X50.358 Y40.263 E152.10675
G1 X50.337 Y39.831 E152.12114
G1 X50.247 Y39.492 E152.13281
G1 X50.05 Y39.097 E152.14749
G1 X49.746 Y38.783 E152.16202
G1 X49.386 Y38.54 E152.17647
G1 X48.878 Y38.394 E152.19405
G1 X48.446 Y38.405 E152.20842
G1 X48.016 Y38.504 E152.2231
G1 X47.562 Y38.776 E152.2407
G1 X47.276 Y39.105 E152.2552
G1 X47.101 Y39.41 E152.2669
G1 X46.968 Y39.824 E152.28136
G1 X46.968 Y40.254 E152.29566
G1 X47.044 Y40.611 E152.3078
G1 X47.18 Y40.925 E152.31918
G1 X47.38 Y41.207 E152.33068
G1 X47.641 Y41.451 E152.34256
G1 X47.933 Y41.625 E152.35387
G1 X48.267 Y41.74 E152.36562
G1 X48.618 Y41.786 E152.37739
G1 X48.968 Y41.758 E152.38907
G1 X49.222 Y41.685 E152.39786
G0 F9000 X48.966 Y40.96
;TYPE:SKIN
G1 F600 X48.635 Y41.017 E152.40903
G1 X48.448 Y40.993 E152.4153
G1 X48.102 Y40.835 E152.42795
G1 X47.847 Y40.544 E152.44082
G1 X47.728 Y40.169 E152.45391
G1 X47.728 Y39.94 E152.46152
G1 X47.83 Y39.629 E152.47241
G1 X48.055 Y39.368 E152.48387
G1 X48.307 Y39.217 E152.49364
G1 X48.779 Y39.161 E152.50945
G1 X49.059 Y39.237 E152.5191
G1 X49.422 Y39.537 E152.53476
G1 X49.574 Y39.858 E152.54658
G1 X49.59 Y40.179 E152.55727
G1 X49.446 Y40.583 E152.57153
G1 X49.166 Y40.869 E152.58484
G1 X49.01 Y40.952 E152.59072
G1 X48.966 Y40.96 E152.59221
G0 F9000 X48.57 Y40.808
G1 F600 X49.38 Y39.998 E152.63031
G0 F9000 X49.203 Y39.609
G1 F600 X48.186 Y40.627 E152.67817
G0 F9000 X47.972 Y40.275
G1 F600 X48.858 Y39.389 E152.71984
G1 F2700 E147.71984
;MESH:NONMESH
G0 F300 X48.858 Y39.389 Z14.6
G0 F9000 X48.979 Y38.946
G0 X48.23 Y39.03
G0 X47.927 Y39.211
G0 X47.2 Y40.242
G0 X46.13 Y40.465
G0 X42.604 Y41.434
G0 X41.522 Y41.265
G0 X40.356 Y42.034
G0 X40.582 Y42.092
;TIME_ELAPSED:606.571887
;LAYER:72
;note -- min layer time used
;TYPE:WALL-INNER
;MESH:slupek3.stl
G1 F2700 E152.71984
G1 F600 X40.827 Y41.963 E152.72905
G1 X41.08 Y41.751 E152.74003
G1 X41.26 Y41.468 E152.75119
G1 X41.357 Y41.217 E152.76014
G1 X41.408 Y40.889 E152.77118
G1 X41.357 Y40.563 E152.78215
G1 X41.26 Y40.306 E152.79129
G1 X41.084 Y40.03 E152.80218
G1 X40.822 Y39.815 E152.81345
G1 X40.585 Y39.687 E152.82241
G1 X40.333 Y39.614 E152.83113
G1 X40.01 Y39.587 E152.84191
G1 X39.673 Y39.666 E152.85343
G1 X39.44 Y39.777 E152.86201
G1 X39.22 Y39.941 E152.87114
G1 X39.044 Y40.138 E152.87992
G1 X38.913 Y40.373 E152.88887
G1 X38.812 Y40.687 E152.89984
G1 X38.812 Y41.09 E152.91325
G1 X38.913 Y41.406 E152.92428
G1 X39.044 Y41.638 E152.93314
G1 X39.27 Y41.893 E152.94448
G1 X39.548 Y42.061 E152.95528
G1 X39.803 Y42.149 E152.96425
G1 X40.072 Y42.184 E152.97327
G1 X40.339 Y42.162 E152.98218
G1 X40.582 Y42.092 E152.99059
G0 F9000 X40.732 Y42.465
;TYPE:WALL-OUTER
G1 F600 X41.051 Y42.297 E153.00259
G1 X41.384 Y42.018 E153.01704
G1 X41.62 Y41.649 E153.0316
G1 X41.745 Y41.32 E153.04331
G1 X41.813 Y40.889 E153.05782
G1 X41.745 Y40.46 E153.07227
G1 X41.62 Y40.126 E153.08413
G1 X41.388 Y39.762 E153.09849
G1 X41.047 Y39.48 E153.1132
G1 X40.736 Y39.315 E153.12491
G1 X40.407 Y39.218 E153.13632
G1 X39.98 Y39.183 E153.15057
G1 X39.539 Y39.286 E153.16563
G1 X39.232 Y39.433 E153.17696
G1 X38.948 Y39.645 E153.18874
G1 X38.716 Y39.905 E153.20033
G1 X38.545 Y40.213 E153.21205
G1 X38.412 Y40.624 E153.22642
G1 X38.412 Y41.152 E153.24398
G1 X38.545 Y41.567 E153.25847
G1 X38.716 Y41.871 E153.27007
G1 X39.01 Y42.204 E153.28485
G1 X39.378 Y42.425 E153.29913
G1 X39.711 Y42.54 E153.31084
G1 X40.062 Y42.586 E153.32262
G1 X40.411 Y42.558 E153.33426
G1 X40.732 Y42.465 E153.34538
G0 F9000 X40.449 Y41.752
;TYPE:SKIN
G1 F600 X40.083 Y41.819 E153.35775
G1 X39.693 Y41.724 E153.3711
G1 X39.501 Y41.611 E153.37851
G1 X39.275 Y41.355 E153.38987
G1 X39.172 Y41.033 E153.40112
G1 X39.172 Y40.739 E153.4109
G1 X39.238 Y40.527 E153.41828
G1 X39.467 Y40.21 E153.43129
G1 X39.801 Y40.004 E153.44434
G1 X40.04 Y39.95 E153.45249
G1 X40.263 Y39.966 E153.45992
G1 X40.532 Y40.049 E153.46929
G1 X40.809 Y40.272 E153.48112
G1 X40.988 Y40.553 E153.4922
G1 X41.041 Y40.887 E153.50344
G1 X40.988 Y41.219 E153.51463
G1 X40.803 Y41.51 E153.5261
G1 X40.449 Y41.752 E153.54036
G0 F9000 X39.862 Y41.559
G1 F600 X39.404 Y41.101 E153.5619
G0 F9000 X39.447 Y40.578
G1 F600 X40.41 Y41.542 E153.60722
G0 F9000 X40.714 Y41.279
G1 F600 X39.722 Y40.288 E153.65386
G0 F9000 X40.177 Y40.177
G1 F600 X40.83 Y40.83 E153.68457
G1 F2700 E148.68457
;MESH:slupek3.stl(1)
G0 F9000 X41.286 Y40.758
G0 X41.581 Y40.891
G0 X42.662 Y40.721
G0 X46.191 Y40.759
G0 X47.262 Y40.535
G0 X47.794 Y40.742
G0 X48.699 Y41.149
G0 X49.089 Y41.307
;TYPE:WALL-INNER
G1 F2700 E153.68457
G1 F600 X49.141 Y41.292 E153.68637
G1 X49.381 Y41.164 E153.69542
G1 X49.591 Y40.987 E153.70455
G1 X49.75 Y40.788 E153.71303
G1 X49.871 Y40.544 E153.72209
G1 X49.956 Y40.221 E153.73319
G1 X49.939 Y39.893 E153.74412
G1 X49.87 Y39.635 E153.753
G1 X49.72 Y39.331 E153.76428
G1 X49.488 Y39.091 E153.77538
G1 X49.214 Y38.907 E153.78636
G1 X48.826 Y38.798 E153.79976
G1 X48.497 Y38.806 E153.81071
G1 X48.168 Y38.879 E153.82191
G1 X47.822 Y39.086 E153.83532
G1 X47.603 Y39.338 E153.84643
G1 X47.469 Y39.572 E153.8554
G1 X47.368 Y39.886 E153.86637
G1 X47.368 Y40.212 E153.87721
G1 X47.427 Y40.489 E153.88663
G1 X47.53 Y40.728 E153.89529
G1 X47.682 Y40.942 E153.90402
G1 X47.883 Y41.129 E153.91315
G1 X48.103 Y41.26 E153.92166
G1 X48.359 Y41.348 E153.93067
G1 X48.628 Y41.384 E153.93969
G1 X48.896 Y41.363 E153.94864
G1 X49.089 Y41.307 E153.95532
G0 F9000 X49.222 Y41.685
;TYPE:WALL-OUTER
G1 F600 X49.292 Y41.665 E153.95774
G1 X49.607 Y41.497 E153.96962
G1 X49.879 Y41.267 E153.98146
G1 X50.09 Y41.004 E153.99268
G1 X50.247 Y40.685 E154.0045
G1 X50.358 Y40.263 E154.01902
G1 X50.337 Y39.831 E154.0334
G1 X50.247 Y39.492 E154.04507
G1 X50.05 Y39.097 E154.05975
G1 X49.746 Y38.783 E154.07428
G1 X49.386 Y38.54 E154.08873
G1 X48.878 Y38.394 E154.10631
G1 X48.446 Y38.405 E154.12068
G1 X48.016 Y38.504 E154.13536
G1 X47.562 Y38.776 E154.15296
G1 X47.276 Y39.105 E154.16746
G1 X47.101 Y39.41 E154.17916
G1 X46.968 Y39.824 E154.19362
G1 X46.968 Y40.254 E154.20792
G1 X47.044 Y40.611 E154.22006
G1 X47.18 Y40.925 E154.23144
G1 X47.38 Y41.207 E154.24294
G1 X47.641 Y41.451 E154.25483
G1 X47.933 Y41.625 E154.26613
G1 X48.267 Y41.74 E154.27788
G1 X48.618 Y41.786 E154.28965
G1 X48.968 Y41.758 E154.30133
G1 X49.222 Y41.685 E154.31012
G0 F9000 X48.966 Y40.96
;TYPE:SKIN
G1 F600 X48.635 Y41.017 E154.32129
G1 X48.448 Y40.993 E154.32756
G1 X48.102 Y40.835 E154.34022
G1 X47.847 Y40.544 E154.35308
G1 X47.728 Y40.169 E154.36617
G1 X47.728 Y39.94 E154.37379
G1 X47.83 Y39.629 E154.38467
G1 X48.055 Y39.368 E154.39613
G1 X48.307 Y39.217 E154.4059
G1 X48.779 Y39.161 E154.42171
G1 X49.059 Y39.237 E154.43136
G1 X49.422 Y39.537 E154.44703
G1 X49.574 Y39.858 E154.45884
G1 X49.59 Y40.179 E154.46953
G1 X49.446 Y40.583 E154.48379
G1 X49.166 Y40.869 E154.49711
G1 X49.01 Y40.952 E154.50298
G1 X48.966 Y40.96 E154.50447
G0 F9000 X48.719 Y40.799
G1 F600 X47.928 Y40.008 E154.54168
G0 F9000 X48.103 Y39.618
G1 F600 X49.118 Y40.632 E154.5894
G0 F9000 X49.342 Y40.291
G1 F600 X48.45 Y39.399 E154.63135
G1 F2700 E149.63135
;MESH:NONMESH
G0 F300 X48.45 Y39.399 Z14.8
G0 F9000 X48.352 Y38.942
G0 X48.111 Y39.095
G0 X47.2 Y39.864
G0 X46.106 Y39.864
G0 X42.604 Y41.434
G0 X41.522 Y41.265
G0 X40.356 Y42.034
G0 X40.582 Y42.092
;TIME_ELAPSED:614.500852
;LAYER:73
;note -- min layer time used
;TYPE:WALL-INNER
;MESH:slupek3.stl
G1 F2700 E154.63135
G1 F600 X40.827 Y41.963 E154.64056
G1 X41.08 Y41.751 E154.65154
G1 X41.26 Y41.468 E154.6627
G1 X41.357 Y41.217 E154.67165
G1 X41.408 Y40.889 E154.68269
G1 X41.357 Y40.563 E154.69366
G1 X41.26 Y40.306 E154.7028
G1 X41.084 Y40.03 E154.71369
G1 X40.822 Y39.815 E154.72496
G1 X40.585 Y39.687 E154.73392
G1 X40.333 Y39.614 E154.74264
G1 X40.01 Y39.587 E154.75342
G1 X39.673 Y39.666 E154.76494
G1 X39.44 Y39.777 E154.77352
G1 X39.22 Y39.941 E154.78265
G1 X39.044 Y40.138 E154.79143
G1 X38.913 Y40.373 E154.80038
G1 X38.812 Y40.687 E154.81135
G1 X38.812 Y41.09 E154.82476
G1 X38.913 Y41.406 E154.83579
G1 X39.044 Y41.638 E154.84465
G1 X39.27 Y41.893 E154.85598
G1 X39.548 Y42.061 E154.86679
G1 X39.803 Y42.149 E154.87576
G1 X40.072 Y42.184 E154.88478
G1 X40.339 Y42.162 E154.89369
G1 X40.582 Y42.092 E154.9021
G0 F9000 X40.732 Y42.465
;TYPE:WALL-OUTER
G1 F600 X41.051 Y42.297 E154.9141
G1 X41.384 Y42.018 E154.92854
G1 X41.62 Y41.649 E154.94311
G1 X41.745 Y41.32 E154.95482
G1 X41.813 Y40.889 E154.96933
G1 X41.745 Y40.46 E154.98378
G1 X41.62 Y40.126 E154.99564
G1 X41.388 Y39.762 E155.01
G1 X41.047 Y39.48 E155.02471
G1 X40.736 Y39.315 E155.03642
G1 X40.407 Y39.218 E155.04783
G1 X39.98 Y39.183 E155.06208
G1 X39.539 Y39.286 E155.07714
G1 X39.232 Y39.433 E155.08846
G1 X38.948 Y39.645 E155.10025
G1 X38.716 Y39.905 E155.11184
G1 X38.545 Y40.213 E155.12356
G1 X38.412 Y40.624 E155.13793
G1 X38.412 Y41.152 E155.15549
G1 X38.545 Y41.567 E155.16998
G1 X38.716 Y41.871 E155.18158
G1 X39.01 Y42.204 E155.19636
G1 X39.378 Y42.425 E155.21064
G1 X39.711 Y42.54 E155.22235
G1 X40.062 Y42.586 E155.23413
G1 X40.411 Y42.558 E155.24577
G1 X40.732 Y42.465 E155.25689
G0 F9000 X40.449 Y41.752
;TYPE:SKIN
G1 F600 X40.083 Y41.819 E155.26926
G1 X39.693 Y41.724 E155.28261
G1 X39.501 Y41.611 E155.29002
G1 X39.275 Y41.355 E155.30138
G1 X39.172 Y41.033 E155.31263
G1 X39.172 Y40.739 E155.3224
G1 X39.238 Y40.527 E155.32979
G1 X39.467 Y40.21 E155.3428
G1 X39.801 Y40.004 E155.35585
G1 X40.04 Y39.95 E155.364
G1 X40.263 Y39.966 E155.37143
G1 X40.532 Y40.049 E155.3808
G1 X40.809 Y40.272 E155.39262
G1 X40.988 Y40.553 E155.40371
G1 X41.041 Y40.887 E155.41495
G1 X40.988 Y41.219 E155.42614
G1 X40.803 Y41.51 E155.4376
G1 X40.449 Y41.752 E155.45187
G0 F9000 X40.356 Y42.034
G0 X40.958 Y41.643
G0 X41.139 Y41.359
G0 X41.258 Y40.585
G0 X40.801 Y40.657
G1 F600 X39.891 Y41.567 E155.49467
G0 F9000 X39.541 Y41.352
G1 F600 X40.562 Y40.331 E155.5427
G0 F9000 X40.155 Y40.172
G1 F600 X39.372 Y40.956 E155.57955
G1 F2700 E150.57955
;MESH:slupek3.stl(1)
G0 F9000 X38.912 Y40.956
G0 X39.1 Y41.455
G0 X39.374 Y41.768
G0 X39.618 Y41.915
G0 X40.076 Y42.022
G0 X40.519 Y41.943
G0 X40.875 Y41.7
G0 X41.581 Y40.891
G0 X42.662 Y40.721
G0 X46.191 Y40.759
G0 X47.262 Y40.535
G0 X47.794 Y40.742
G0 X48.699 Y41.149
G0 X49.089 Y41.307
;TYPE:WALL-INNER
G1 F2700 E155.57955
G1 F600 X49.141 Y41.292 E155.58135
G1 X49.381 Y41.164 E155.5904
G1 X49.591 Y40.987 E155.59953
G1 X49.75 Y40.788 E155.608
G1 X49.871 Y40.544 E155.61706
G1 X49.956 Y40.221 E155.62817
G1 X49.939 Y39.893 E155.63909
G1 X49.87 Y39.635 E155.64798
G1 X49.72 Y39.331 E155.65925
G1 X49.488 Y39.091 E155.67035
G1 X49.214 Y38.907 E155.68133
G1 X48.826 Y38.798 E155.69474
G1 X48.497 Y38.806 E155.70568
G1 X48.168 Y38.879 E155.71689
G1 X47.822 Y39.086 E155.7303
G1 X47.603 Y39.338 E155.7414
G1 X47.469 Y39.572 E155.75037
G1 X47.368 Y39.886 E155.76134
G1 X47.368 Y40.212 E155.77219
G1 X47.427 Y40.489 E155.78161
G1 X47.53 Y40.728 E155.79026
G1 X47.682 Y40.942 E155.79899
G1 X47.883 Y41.129 E155.80812
G1 X48.103 Y41.26 E155.81664
G1 X48.359 Y41.348 E155.82564
G1 X48.628 Y41.384 E155.83467
G1 X48.896 Y41.363 E155.84361
G1 X49.089 Y41.307 E155.8503
G0 F9000 X49.222 Y41.685
;TYPE:WALL-OUTER
G1 F600 X49.292 Y41.665 E155.85272
G1 X49.607 Y41.497 E155.86459
G1 X49.879 Y41.267 E155.87644
G1 X50.09 Y41.004 E155.88765
G1 X50.247 Y40.685 E155.89948
G1 X50.358 Y40.263 E155.91399
G1 X50.337 Y39.831 E155.92838
G1 X50.247 Y39.492 E155.94004
G1 X50.05 Y39.097 E155.95472
G1 X49.746 Y38.783 E155.96926
G1 X49.386 Y38.54 E155.98371
G1 X48.878 Y38.394 E156.00129
G1 X48.446 Y38.405 E156.01566
G1 X48.016 Y38.504 E156.03033
G1 X47.562 Y38.776 E156.04794
G1 X47.276 Y39.105 E156.06244
G1 X47.101 Y39.41 E156.07413
G1 X46.968 Y39.824 E156.0886
G1 X46.968 Y40.254 E156.1029
G1 X47.044 Y40.611 E156.11504
G1 X47.18 Y40.925 E156.12642
G1 X47.38 Y41.207 E156.13792
G1 X47.641 Y41.451 E156.1498
G1 X47.933 Y41.625 E156.16111
G1 X48.267 Y41.74 E156.17285
G1 X48.618 Y41.786 E156.18463
G1 X48.968 Y41.758 E156.19631
G1 X49.222 Y41.685 E156.2051
G0 F9000 X48.966 Y40.96
;TYPE:SKIN
G1 F600 X48.635 Y41.017 E156.21627
G1 X48.448 Y40.993 E156.22254
G1 X48.102 Y40.835 E156.23519
G1 X47.847 Y40.544 E156.24806
G1 X47.728 Y40.169 E156.26114
G1 X47.728 Y39.94 E156.26876
G1 X47.83 Y39.629 E156.27965
G1 X48.055 Y39.368 E156.29111
G1 X48.307 Y39.217 E156.30088
G1 X48.779 Y39.161 E156.31669
G1 X49.059 Y39.237 E156.32634
G1 X49.422 Y39.537 E156.342
G1 X49.574 Y39.858 E156.35381
G1 X49.59 Y40.179 E156.3645
G1 X49.446 Y40.583 E156.37877
G1 X49.166 Y40.869 E156.39208
G1 X49.01 Y40.952 E156.39796
G1 X48.966 Y40.96 E156.39945
G0 F9000 X48.57 Y40.808
G1 F600 X49.38 Y39.998 E156.43755
G0 F9000 X49.203 Y39.609
G1 F600 X48.186 Y40.627 E156.48541
G0 F9000 X47.972 Y40.275
G1 F600 X48.858 Y39.389 E156.52708
G1 F2700 E151.52708
;MESH:NONMESH
G0 F300 X48.858 Y39.389 Z15
G0 F9000 X48.979 Y38.946
G0 X48.23 Y39.03
G0 X47.927 Y39.211
G0 X47.2 Y40.242
G0 X46.13 Y40.465
G0 X42.604 Y41.434
G0 X41.522 Y41.265
G0 X40.356 Y42.034
G0 X40.582 Y42.092
;TIME_ELAPSED:622.612539
;LAYER:74
;note -- min layer time used
;TYPE:WALL-INNER
;MESH:slupek3.stl
G1 F2700 E156.52708
G1 F600 X40.827 Y41.963 E156.53629
G1 X41.08 Y41.751 E156.54727
G1 X41.261 Y41.468 E156.55844
G1 X41.357 Y41.217 E156.56738
G1 X41.397 Y40.956 E156.57616
G1 X41.384 Y40.694 E156.58489
G1 X41.296 Y40.364 E156.59625
G1 X41.083 Y40.029 E156.60945
G1 X40.822 Y39.815 E156.62068
G1 X40.585 Y39.687 E156.62963
G1 X40.333 Y39.614 E156.63836
G1 X40.01 Y39.587 E156.64914
G1 X39.673 Y39.666 E156.66065
G1 X39.44 Y39.777 E156.66924
G1 X39.22 Y39.941 E156.67836
G1 X39.044 Y40.138 E156.68715
G1 X38.913 Y40.373 E156.6961
G1 X38.812 Y40.687 E156.70707
G1 X38.812 Y41.09 E156.72047
G1 X38.913 Y41.406 E156.73151
G1 X39.044 Y41.638 E156.74037
G1 X39.27 Y41.893 E156.7517
G1 X39.548 Y42.061 E156.76251
G1 X39.803 Y42.149 E156.77148
G1 X40.072 Y42.184 E156.7805
G1 X40.339 Y42.162 E156.78941
G1 X40.582 Y42.092 E156.79782
G0 F9000 X40.732 Y42.465
;TYPE:WALL-OUTER
G1 F600 X41.051 Y42.297 E156.80981
G1 X41.384 Y42.018 E156.82426
G1 X41.62 Y41.649 E156.83883
G1 X41.745 Y41.32 E156.85054
G1 X41.799 Y40.977 E156.86209
G1 X41.781 Y40.632 E156.87358
G1 X41.666 Y40.202 E156.88838
G1 X41.387 Y39.762 E156.90571
G1 X41.047 Y39.48 E156.9204
G1 X40.736 Y39.315 E156.93211
G1 X40.407 Y39.218 E156.94352
G1 X39.98 Y39.183 E156.95777
G1 X39.539 Y39.286 E156.97283
G1 X39.232 Y39.433 E156.98415
G1 X38.948 Y39.645 E156.99594
G1 X38.716 Y39.905 E157.00753
G1 X38.545 Y40.213 E157.01925
G1 X38.412 Y40.624 E157.03361
G1 X38.412 Y41.152 E157.05118
G1 X38.545 Y41.567 E157.06567
G1 X38.716 Y41.871 E157.07727
G1 X39.01 Y42.204 E157.09205
G1 X39.378 Y42.425 E157.10632
G1 X39.711 Y42.54 E157.11804
G1 X40.062 Y42.586 E157.12981
G1 X40.411 Y42.558 E157.14146
G1 X40.732 Y42.465 E157.15257
G0 F9000 X40.449 Y41.752
;TYPE:SKIN
G1 F600 X40.082 Y41.819 E157.16498
G1 X39.693 Y41.724 E157.1783
G1 X39.501 Y41.611 E157.18571
G1 X39.275 Y41.355 E157.19707
G1 X39.172 Y41.033 E157.20831
G1 X39.172 Y40.739 E157.21809
G1 X39.238 Y40.527 E157.22548
G1 X39.467 Y40.21 E157.23848
G1 X39.801 Y40.004 E157.25154
G1 X40.04 Y39.95 E157.25969
G1 X40.263 Y39.966 E157.26712
G1 X40.532 Y40.049 E157.27648
G1 X40.809 Y40.272 E157.28831
G1 X40.962 Y40.51 E157.29772
G1 X41.022 Y40.737 E157.30553
G1 X41.001 Y41.129 E157.31859
G1 X40.804 Y41.506 E157.33274
G1 X40.449 Y41.752 E157.3471
G0 F9000 X39.862 Y41.559
G1 F600 X39.404 Y41.101 E157.36864
G0 F9000 X39.447 Y40.578
G1 F600 X40.41 Y41.541 E157.41394
G0 F9000 X40.706 Y41.272
G1 F600 X39.722 Y40.288 E157.46023
G0 F9000 X40.177 Y40.177
G1 F600 X40.818 Y40.818 E157.49038
G1 F2700 E152.49038
;MESH:slupek3.stl(1)
G0 F9000 X41.277 Y40.858
G0 X41.571 Y40.965
G0 X42.661 Y40.906
G0 X46.191 Y40.759
G0 X47.262 Y40.535
G0 X47.794 Y40.742
G0 X48.699 Y41.149
G1 F2700 E157.49038
G0 F9000 X49.089 Y41.307
;TYPE:WALL-INNER
G1 F600 X49.141 Y41.292 E157.49218
G1 X49.381 Y41.164 E157.50122
G1 X49.591 Y40.987 E157.51036
G1 X49.75 Y40.788 E157.51883
G1 X49.871 Y40.544 E157.52789
G1 X49.956 Y40.221 E157.539
G1 X49.939 Y39.893 E157.54992
G1 X49.87 Y39.635 E157.5588
G1 X49.72 Y39.331 E157.57008
G1 X49.488 Y39.091 E157.58118
G1 X49.214 Y38.907 E157.59216
G1 X48.826 Y38.798 E157.60556
G1 X48.497 Y38.806 E157.61651
G1 X48.168 Y38.879 E157.62772
G1 X47.822 Y39.086 E157.64113
G1 X47.603 Y39.338 E157.65223
G1 X47.469 Y39.572 E157.6612
G1 X47.368 Y39.886 E157.67217
G1 X47.368 Y40.212 E157.68301
G1 X47.427 Y40.489 E157.69243
G1 X47.53 Y40.728 E157.70109
G1 X47.682 Y40.942 E157.70982
G1 X47.883 Y41.129 E157.71895
G1 X48.103 Y41.26 E157.72747
G1 X48.359 Y41.348 E157.73647
G1 X48.628 Y41.384 E157.7455
G1 X48.896 Y41.363 E157.75444
G1 X49.089 Y41.307 E157.76112
G0 F9000 X49.222 Y41.685
;TYPE:WALL-OUTER
G1 F600 X49.292 Y41.665 E157.76354
G1 X49.607 Y41.497 E157.77542
G1 X49.879 Y41.267 E157.78727
G1 X50.09 Y41.004 E157.79848
G1 X50.247 Y40.685 E157.81031
G1 X50.358 Y40.263 E157.82482
G1 X50.337 Y39.831 E157.8392
G1 X50.247 Y39.492 E157.85087
G1 X50.05 Y39.097 E157.86555
G1 X49.746 Y38.783 E157.88009
G1 X49.386 Y38.54 E157.89453
G1 X48.878 Y38.394 E157.91211
G1 X48.446 Y38.405 E157.92649
G1 X48.016 Y38.504 E157.94116
G1 X47.562 Y38.776 E157.95877
G1 X47.276 Y39.105 E157.97326
G1 X47.101 Y39.41 E157.98496
G1 X46.968 Y39.824 E157.99942
G1 X46.968 Y40.254 E158.01372
G1 X47.044 Y40.611 E158.02586
G1 X47.18 Y40.925 E158.03725
G1 X47.38 Y41.207 E158.04874
G1 X47.641 Y41.451 E158.06063
G1 X47.933 Y41.625 E158.07193
G1 X48.267 Y41.74 E158.08368
G1 X48.618 Y41.786 E158.09546
G1 X48.968 Y41.758 E158.10713
G1 X49.222 Y41.685 E158.11592
G0 F9000 X48.966 Y40.96
;TYPE:SKIN
G1 F600 X48.635 Y41.017 E158.1271
G1 X48.448 Y40.993 E158.13337
G1 X48.102 Y40.835 E158.14602
G1 X47.847 Y40.544 E158.15889
G1 X47.728 Y40.169 E158.17197
G1 X47.728 Y39.94 E158.17959
G1 X47.83 Y39.629 E158.19047
G1 X48.055 Y39.368 E158.20194
G1 X48.307 Y39.217 E158.21171
G1 X48.779 Y39.161 E158.22752
G1 X49.059 Y39.237 E158.23717
G1 X49.422 Y39.537 E158.25283
G1 X49.574 Y39.858 E158.26464
G1 X49.59 Y40.179 E158.27533
G1 X49.446 Y40.583 E158.2896
G1 X49.166 Y40.869 E158.30291
G1 X49.01 Y40.952 E158.30879
G1 X48.966 Y40.96 E158.31027
G0 F9000 X48.719 Y40.799
G1 F600 X47.928 Y40.008 E158.34748
G0 F9000 X48.103 Y39.618
G1 F600 X49.118 Y40.632 E158.3952
G0 F9000 X49.342 Y40.291
G1 F600 X48.45 Y39.399 E158.43716
;TIME_ELAPSED:629.856768
G1 F2700 E153.43716
M140 S0
M107
G91 ;Relative positioning
G1 E-2 F2700 ;Retract a bit
G1 E-2 Z0.2 F2400 ;Retract and raise Z
G1 X5 Y5 F3000 ;Wipe out
G1 Z10 ;Raise Z more
G90 ;Absolute positioning

G1 X0 Y235 ;Present print
M106 S0 ;Turn-off fan
M104 S0 ;Turn-off hotend
M140 S0 ;Turn-off bed

M84 X Y E ;Disable all steppers but Z

M82 ;absolute extrusion mode
M104 S0
;End of Gcode
;SETTING_3 {"global_quality": "[general]\\nversion = 4\\nname = Standard Quality
;SETTING_3  #2\\ndefinition = creality_ender3\\n\\n[metadata]\\ntype = quality_c
;SETTING_3 hanges\\nquality_type = standard\\nsetting_version = 25\\n\\n[values]
;SETTING_3 \\nspeed_slowdown_layers = 1\\nsupport_structure = normal\\n\\n", "ex
;SETTING_3 truder_quality": ["[general]\\nversion = 4\\nname = Standard Quality 
;SETTING_3 #2\\ndefinition = creality_ender3\\n\\n[metadata]\\ntype = quality_ch
;SETTING_3 anges\\nquality_type = standard\\nsetting_version = 25\\nposition = 0
;SETTING_3 \\n\\n[values]\\ninfill_pattern = gyroid\\ninfill_sparse_density = 10
;SETTING_3 0\\noptimize_wall_printing_order = False\\nspeed_print = 60.0\\nspeed
;SETTING_3 _topbottom = 40.0\\nspeed_wall = 40.0\\nsupport_type = buildplate\\ns
;SETTING_3 upport_use_towers = False\\n\\n"]}
