solid ASCII
  facet normal -9.986741e-01 5.147875e-02 0.000000e+00
    outer loop
      vertex   8.311007e+01 2.019536e+01 1.500000e+01
      vertex   8.311007e+01 2.019536e+01 1.125000e+01
      vertex   8.310000e+01 2.000000e+01 1.500000e+01
    endloop
  endfacet
  facet normal -9.986741e-01 5.147875e-02 0.000000e+00
    outer loop
      vertex   8.310000e+01 2.000000e+01 1.500000e+01
      vertex   8.311007e+01 2.019536e+01 1.125000e+01
      vertex   8.310000e+01 2.000000e+01 1.125000e+01
    endloop
  endfacet
  facet normal -9.986741e-01 -5.147875e-02 -0.000000e+00
    outer loop
      vertex   8.310000e+01 2.000000e+01 1.500000e+01
      vertex   8.310000e+01 2.000000e+01 1.125000e+01
      vertex   8.311007e+01 1.980464e+01 1.500000e+01
    endloop
  endfacet
  facet normal -9.986741e-01 -5.147875e-02 -0.000000e+00
    outer loop
      vertex   8.311007e+01 1.980464e+01 1.500000e+01
      vertex   8.310000e+01 2.000000e+01 1.125000e+01
      vertex   8.311007e+01 1.980464e+01 1.125000e+01
    endloop
  endfacet
  facet normal -9.880879e-01 -1.538906e-01 -0.000000e+00
    outer loop
      vertex   8.311007e+01 1.980464e+01 1.500000e+01
      vertex   8.311007e+01 1.980464e+01 1.125000e+01
      vertex   8.314017e+01 1.961135e+01 1.500000e+01
    endloop
  endfacet
  facet normal -9.880879e-01 -1.538906e-01 -0.000000e+00
    outer loop
      vertex   8.314017e+01 1.961135e+01 1.500000e+01
      vertex   8.311007e+01 1.980464e+01 1.125000e+01
      vertex   8.314017e+01 1.961135e+01 1.125000e+01
    endloop
  endfacet
  facet normal -9.670277e-01 -2.546711e-01 -0.000000e+00
    outer loop
      vertex   8.314017e+01 1.961135e+01 1.500000e+01
      vertex   8.314017e+01 1.961135e+01 1.125000e+01
      vertex   8.318999e+01 1.942218e+01 1.500000e+01
    endloop
  endfacet
  facet normal -9.670277e-01 -2.546711e-01 -2.412730e-16
    outer loop
      vertex   8.318999e+01 1.942218e+01 1.500000e+01
      vertex   8.314017e+01 1.961135e+01 1.125000e+01
      vertex   8.318999e+01 1.942218e+01 1.125000e+01
    endloop
  endfacet
  facet normal -9.357168e-01 -3.527521e-01 -3.341939e-16
    outer loop
      vertex   8.318999e+01 1.942218e+01 1.500000e+01
      vertex   8.318999e+01 1.942218e+01 1.125000e+01
      vertex   8.325900e+01 1.923914e+01 1.500000e+01
    endloop
  endfacet
  facet normal -9.357168e-01 -3.527521e-01 -0.000000e+00
    outer loop
      vertex   8.325900e+01 1.923914e+01 1.500000e+01
      vertex   8.318999e+01 1.942218e+01 1.125000e+01
      vertex   8.325900e+01 1.923914e+01 1.125000e+01
    endloop
  endfacet
  facet normal -8.944871e-01 -4.470938e-01 -0.000000e+00
    outer loop
      vertex   8.325900e+01 1.923914e+01 1.500000e+01
      vertex   8.325900e+01 1.923914e+01 1.125000e+01
      vertex   8.334646e+01 1.906416e+01 1.500000e+01
    endloop
  endfacet
  facet normal -8.944871e-01 -4.470938e-01 4.235723e-16
    outer loop
      vertex   8.334646e+01 1.906416e+01 1.500000e+01
      vertex   8.325900e+01 1.923914e+01 1.125000e+01
      vertex   8.334646e+01 1.906416e+01 1.125000e+01
    endloop
  endfacet
  facet normal -8.437756e-01 -5.366962e-01 5.084608e-16
    outer loop
      vertex   8.334646e+01 1.906416e+01 1.500000e+01
      vertex   8.334646e+01 1.906416e+01 1.125000e+01
      vertex   8.345145e+01 1.889910e+01 1.500000e+01
    endloop
  endfacet
  facet normal -8.437756e-01 -5.366962e-01 -0.000000e+00
    outer loop
      vertex   8.345145e+01 1.889910e+01 1.500000e+01
      vertex   8.334646e+01 1.906416e+01 1.125000e+01
      vertex   8.345145e+01 1.889910e+01 1.125000e+01
    endloop
  endfacet
  facet normal -7.841198e-01 -6.206095e-01 -0.000000e+00
    outer loop
      vertex   8.345145e+01 1.889910e+01 1.500000e+01
      vertex   8.345145e+01 1.889910e+01 1.125000e+01
      vertex   8.357285e+01 1.874571e+01 1.500000e+01
    endloop
  endfacet
  facet normal -7.841198e-01 -6.206095e-01 5.879594e-16
    outer loop
      vertex   8.357285e+01 1.874571e+01 1.500000e+01
      vertex   8.345145e+01 1.889910e+01 1.125000e+01
      vertex   8.357285e+01 1.874571e+01 1.125000e+01
    endloop
  endfacet
  facet normal -7.161522e-01 -6.979442e-01 6.612255e-16
    outer loop
      vertex   8.357285e+01 1.874571e+01 1.500000e+01
      vertex   8.357285e+01 1.874571e+01 1.125000e+01
      vertex   8.370938e+01 1.860562e+01 1.500000e+01
    endloop
  endfacet
  facet normal -7.161522e-01 -6.979442e-01 -0.000000e+00
    outer loop
      vertex   8.370938e+01 1.860562e+01 1.500000e+01
      vertex   8.357285e+01 1.874571e+01 1.125000e+01
      vertex   8.370938e+01 1.860562e+01 1.125000e+01
    endloop
  endfacet
  facet normal -6.405932e-01 -7.678804e-01 -0.000000e+00
    outer loop
      vertex   8.370938e+01 1.860562e+01 1.500000e+01
      vertex   8.370938e+01 1.860562e+01 1.125000e+01
      vertex   8.385959e+01 1.848031e+01 1.500000e+01
    endloop
  endfacet
  facet normal -6.405932e-01 -7.678804e-01 -7.274825e-16
    outer loop
      vertex   8.385959e+01 1.848031e+01 1.500000e+01
      vertex   8.370938e+01 1.860562e+01 1.125000e+01
      vertex   8.385959e+01 1.848031e+01 1.125000e+01
    endloop
  endfacet
  facet normal -5.582437e-01 -8.296770e-01 -7.860280e-16
    outer loop
      vertex   8.385959e+01 1.848031e+01 1.500000e+01
      vertex   8.385959e+01 1.848031e+01 1.125000e+01
      vertex   8.402189e+01 1.837110e+01 1.500000e+01
    endloop
  endfacet
  facet normal -5.582437e-01 -8.296770e-01 -0.000000e+00
    outer loop
      vertex   8.402189e+01 1.837110e+01 1.500000e+01
      vertex   8.385959e+01 1.848031e+01 1.125000e+01
      vertex   8.402189e+01 1.837110e+01 1.125000e+01
    endloop
  endfacet
  facet normal -4.699767e-01 -8.826788e-01 -0.000000e+00
    outer loop
      vertex   8.402189e+01 1.837110e+01 1.500000e+01
      vertex   8.402189e+01 1.837110e+01 1.125000e+01
      vertex   8.419456e+01 1.827917e+01 1.500000e+01
    endloop
  endfacet
  facet normal -4.699767e-01 -8.826788e-01 -0.000000e+00
    outer loop
      vertex   8.419456e+01 1.827917e+01 1.500000e+01
      vertex   8.402189e+01 1.837110e+01 1.125000e+01
      vertex   8.419456e+01 1.827917e+01 1.125000e+01
    endloop
  endfacet
  facet normal -3.767279e-01 -9.263240e-01 -0.000000e+00
    outer loop
      vertex   8.419456e+01 1.827917e+01 1.500000e+01
      vertex   8.419456e+01 1.827917e+01 1.125000e+01
      vertex   8.437577e+01 1.820547e+01 1.500000e+01
    endloop
  endfacet
  facet normal -3.767279e-01 -9.263240e-01 -0.000000e+00
    outer loop
      vertex   8.437577e+01 1.820547e+01 1.500000e+01
      vertex   8.419456e+01 1.827917e+01 1.125000e+01
      vertex   8.437577e+01 1.820547e+01 1.125000e+01
    endloop
  endfacet
  facet normal -2.794856e-01 -9.601499e-01 -0.000000e+00
    outer loop
      vertex   8.437577e+01 1.820547e+01 1.500000e+01
      vertex   8.437577e+01 1.820547e+01 1.125000e+01
      vertex   8.456359e+01 1.815080e+01 1.500000e+01
    endloop
  endfacet
  facet normal -2.794856e-01 -9.601499e-01 -9.096367e-16
    outer loop
      vertex   8.456359e+01 1.815080e+01 1.500000e+01
      vertex   8.437577e+01 1.820547e+01 1.125000e+01
      vertex   8.456359e+01 1.815080e+01 1.125000e+01
    endloop
  endfacet
  facet normal -1.792808e-01 -9.837980e-01 -9.320407e-16
    outer loop
      vertex   8.456359e+01 1.815080e+01 1.500000e+01
      vertex   8.456359e+01 1.815080e+01 1.125000e+01
      vertex   8.475604e+01 1.811573e+01 1.500000e+01
    endloop
  endfacet
  facet normal -1.792808e-01 -9.837980e-01 -0.000000e+00
    outer loop
      vertex   8.475604e+01 1.811573e+01 1.500000e+01
      vertex   8.456359e+01 1.815080e+01 1.125000e+01
      vertex   8.475604e+01 1.811573e+01 1.125000e+01
    endloop
  endfacet
  facet normal -7.717546e-02 -9.970175e-01 -0.000000e+00
    outer loop
      vertex   8.475604e+01 1.811573e+01 1.500000e+01
      vertex   8.475604e+01 1.811573e+01 1.125000e+01
      vertex   8.495108e+01 1.810063e+01 1.500000e+01
    endloop
  endfacet
  facet normal -7.717546e-02 -9.970175e-01 -0.000000e+00
    outer loop
      vertex   8.495108e+01 1.810063e+01 1.500000e+01
      vertex   8.475604e+01 1.811573e+01 1.125000e+01
      vertex   8.495108e+01 1.810063e+01 1.125000e+01
    endloop
  endfacet
  facet normal 2.574791e-02 -9.996685e-01 0.000000e+00
    outer loop
      vertex   8.495108e+01 1.810063e+01 1.500000e+01
      vertex   8.495108e+01 1.810063e+01 1.125000e+01
      vertex   8.514663e+01 1.810567e+01 1.500000e+01
    endloop
  endfacet
  facet normal 2.574791e-02 -9.996685e-01 0.000000e+00
    outer loop
      vertex   8.514663e+01 1.810567e+01 1.500000e+01
      vertex   8.495108e+01 1.810063e+01 1.125000e+01
      vertex   8.514663e+01 1.810567e+01 1.125000e+01
    endloop
  endfacet
  facet normal 1.283984e-01 -9.917227e-01 0.000000e+00
    outer loop
      vertex   8.514663e+01 1.810567e+01 1.500000e+01
      vertex   8.514663e+01 1.810567e+01 1.125000e+01
      vertex   8.534063e+01 1.813078e+01 1.500000e+01
    endloop
  endfacet
  facet normal 1.283984e-01 -9.917227e-01 -9.395485e-16
    outer loop
      vertex   8.534063e+01 1.813078e+01 1.500000e+01
      vertex   8.514663e+01 1.810567e+01 1.125000e+01
      vertex   8.534063e+01 1.813078e+01 1.125000e+01
    endloop
  endfacet
  facet normal 2.296877e-01 -9.732644e-01 -9.220612e-16
    outer loop
      vertex   8.534063e+01 1.813078e+01 1.500000e+01
      vertex   8.534063e+01 1.813078e+01 1.125000e+01
      vertex   8.553102e+01 1.817572e+01 1.500000e+01
    endloop
  endfacet
  facet normal 2.296877e-01 -9.732644e-01 9.220612e-16
    outer loop
      vertex   8.553102e+01 1.817572e+01 1.500000e+01
      vertex   8.534063e+01 1.813078e+01 1.125000e+01
      vertex   8.553102e+01 1.817572e+01 1.125000e+01
    endloop
  endfacet
  facet normal 3.285424e-01 -9.444892e-01 8.947999e-16
    outer loop
      vertex   8.553102e+01 1.817572e+01 1.500000e+01
      vertex   8.553102e+01 1.817572e+01 1.125000e+01
      vertex   8.571578e+01 1.823998e+01 1.500000e+01
    endloop
  endfacet
  facet normal 3.285424e-01 -9.444892e-01 0.000000e+00
    outer loop
      vertex   8.571578e+01 1.823998e+01 1.500000e+01
      vertex   8.553102e+01 1.817572e+01 1.125000e+01
      vertex   8.571578e+01 1.823998e+01 1.125000e+01
    endloop
  endfacet
  facet normal 4.239144e-01 -9.057023e-01 0.000000e+00
    outer loop
      vertex   8.571578e+01 1.823998e+01 1.500000e+01
      vertex   8.571578e+01 1.823998e+01 1.125000e+01
      vertex   8.589296e+01 1.832291e+01 1.500000e+01
    endloop
  endfacet
  facet normal 4.239144e-01 -9.057023e-01 8.580536e-16
    outer loop
      vertex   8.589296e+01 1.832291e+01 1.500000e+01
      vertex   8.571578e+01 1.823998e+01 1.125000e+01
      vertex   8.589296e+01 1.832291e+01 1.125000e+01
    endloop
  endfacet
  facet normal 5.147928e-01 -8.573146e-01 8.122116e-16
    outer loop
      vertex   8.589296e+01 1.832291e+01 1.500000e+01
      vertex   8.589296e+01 1.832291e+01 1.125000e+01
      vertex   8.606066e+01 1.842361e+01 1.500000e+01
    endloop
  endfacet
  facet normal 5.147928e-01 -8.573146e-01 0.000000e+00
    outer loop
      vertex   8.606066e+01 1.842361e+01 1.500000e+01
      vertex   8.589296e+01 1.832291e+01 1.125000e+01
      vertex   8.606066e+01 1.842361e+01 1.125000e+01
    endloop
  endfacet
  facet normal 6.002143e-01 -7.998392e-01 0.000000e+00
    outer loop
      vertex   8.606066e+01 1.842361e+01 1.500000e+01
      vertex   8.606066e+01 1.842361e+01 1.125000e+01
      vertex   8.621713e+01 1.854103e+01 1.500000e+01
    endloop
  endfacet
  facet normal 6.002143e-01 -7.998392e-01 -7.577600e-16
    outer loop
      vertex   8.621713e+01 1.854103e+01 1.500000e+01
      vertex   8.606066e+01 1.842361e+01 1.125000e+01
      vertex   8.621713e+01 1.854103e+01 1.125000e+01
    endloop
  endfacet
  facet normal 6.792733e-01 -7.338854e-01 -6.952759e-16
    outer loop
      vertex   8.621713e+01 1.854103e+01 1.500000e+01
      vertex   8.621713e+01 1.854103e+01 1.125000e+01
      vertex   8.636069e+01 1.867391e+01 1.500000e+01
    endloop
  endfacet
  facet normal 6.792733e-01 -7.338854e-01 -6.952759e-16
    outer loop
      vertex   8.636069e+01 1.867391e+01 1.500000e+01
      vertex   8.621713e+01 1.854103e+01 1.125000e+01
      vertex   8.636069e+01 1.867391e+01 1.125000e+01
    endloop
  endfacet
  facet normal 7.511319e-01 -6.601521e-01 -6.254217e-16
    outer loop
      vertex   8.636069e+01 1.867391e+01 1.500000e+01
      vertex   8.636069e+01 1.867391e+01 1.125000e+01
      vertex   8.648983e+01 1.882084e+01 1.500000e+01
    endloop
  endfacet
  facet normal 7.511319e-01 -6.601521e-01 1.250843e-15
    outer loop
      vertex   8.648983e+01 1.882084e+01 1.500000e+01
      vertex   8.636069e+01 1.867391e+01 1.125000e+01
      vertex   8.648983e+01 1.882084e+01 1.125000e+01
    endloop
  endfacet
  facet normal 8.150283e-01 -5.794211e-01 1.097876e-15
    outer loop
      vertex   8.648983e+01 1.882084e+01 1.500000e+01
      vertex   8.648983e+01 1.882084e+01 1.125000e+01
      vertex   8.660317e+01 1.898028e+01 1.500000e+01
    endloop
  endfacet
  facet normal 8.150283e-01 -5.794211e-01 5.489379e-16
    outer loop
      vertex   8.660317e+01 1.898028e+01 1.500000e+01
      vertex   8.648983e+01 1.882084e+01 1.125000e+01
      vertex   8.660317e+01 1.898028e+01 1.125000e+01
    endloop
  endfacet
  facet normal 8.702852e-01 -4.925481e-01 4.666353e-16
    outer loop
      vertex   8.660317e+01 1.898028e+01 1.500000e+01
      vertex   8.660317e+01 1.898028e+01 1.125000e+01
      vertex   8.669953e+01 1.915052e+01 1.500000e+01
    endloop
  endfacet
  facet normal 8.702852e-01 -4.925481e-01 0.000000e+00
    outer loop
      vertex   8.669953e+01 1.915052e+01 1.500000e+01
      vertex   8.660317e+01 1.898028e+01 1.125000e+01
      vertex   8.669953e+01 1.915052e+01 1.125000e+01
    endloop
  endfacet
  facet normal 9.163169e-01 -4.004539e-01 0.000000e+00
    outer loop
      vertex   8.669953e+01 1.915052e+01 1.500000e+01
      vertex   8.669953e+01 1.915052e+01 1.125000e+01
      vertex   8.677786e+01 1.932977e+01 1.500000e+01
    endloop
  endfacet
  facet normal 9.163169e-01 -4.004539e-01 -3.793862e-16
    outer loop
      vertex   8.677786e+01 1.932977e+01 1.500000e+01
      vertex   8.669953e+01 1.915052e+01 1.125000e+01
      vertex   8.677786e+01 1.932977e+01 1.125000e+01
    endloop
  endfacet
  facet normal 9.526354e-01 -3.041148e-01 -2.881154e-16
    outer loop
      vertex   8.677786e+01 1.932977e+01 1.500000e+01
      vertex   8.677786e+01 1.932977e+01 1.125000e+01
      vertex   8.683735e+01 1.951612e+01 1.500000e+01
    endloop
  endfacet
  facet normal 9.526354e-01 -3.041148e-01 0.000000e+00
    outer loop
      vertex   8.683735e+01 1.951612e+01 1.500000e+01
      vertex   8.677786e+01 1.932977e+01 1.125000e+01
      vertex   8.683735e+01 1.951612e+01 1.125000e+01
    endloop
  endfacet
  facet normal 9.788557e-01 -2.045521e-01 0.000000e+00
    outer loop
      vertex   8.683735e+01 1.951612e+01 1.500000e+01
      vertex   8.683735e+01 1.951612e+01 1.125000e+01
      vertex   8.687737e+01 1.970761e+01 1.500000e+01
    endloop
  endfacet
  facet normal 9.788557e-01 -2.045521e-01 0.000000e+00
    outer loop
      vertex   8.687737e+01 1.970761e+01 1.500000e+01
      vertex   8.683735e+01 1.951612e+01 1.125000e+01
      vertex   8.687737e+01 1.970761e+01 1.125000e+01
    endloop
  endfacet
  facet normal 9.946999e-01 -1.028210e-01 0.000000e+00
    outer loop
      vertex   8.687737e+01 1.970761e+01 1.500000e+01
      vertex   8.687737e+01 1.970761e+01 1.125000e+01
      vertex   8.689748e+01 1.990219e+01 1.500000e+01
    endloop
  endfacet
  facet normal 9.946999e-01 -1.028210e-01 0.000000e+00
    outer loop
      vertex   8.689748e+01 1.990219e+01 1.500000e+01
      vertex   8.687737e+01 1.970761e+01 1.125000e+01
      vertex   8.689748e+01 1.990219e+01 1.125000e+01
    endloop
  endfacet
  facet normal 1.000000e+00 -0.000000e+00 0.000000e+00
    outer loop
      vertex   8.689748e+01 1.990219e+01 1.500000e+01
      vertex   8.689748e+01 1.990219e+01 1.125000e+01
      vertex   8.689748e+01 2.009781e+01 1.500000e+01
    endloop
  endfacet
  facet normal 1.000000e+00 0.000000e+00 0.000000e+00
    outer loop
      vertex   8.689748e+01 2.009781e+01 1.500000e+01
      vertex   8.689748e+01 1.990219e+01 1.125000e+01
      vertex   8.689748e+01 2.009781e+01 1.125000e+01
    endloop
  endfacet
  facet normal 9.946999e-01 1.028210e-01 0.000000e+00
    outer loop
      vertex   8.689748e+01 2.009781e+01 1.500000e+01
      vertex   8.689748e+01 2.009781e+01 1.125000e+01
      vertex   8.687737e+01 2.029239e+01 1.500000e+01
    endloop
  endfacet
  facet normal 9.946999e-01 1.028210e-01 0.000000e+00
    outer loop
      vertex   8.687737e+01 2.029239e+01 1.500000e+01
      vertex   8.689748e+01 2.009781e+01 1.125000e+01
      vertex   8.687737e+01 2.029239e+01 1.125000e+01
    endloop
  endfacet
  facet normal 9.788557e-01 2.045521e-01 0.000000e+00
    outer loop
      vertex   8.687737e+01 2.029239e+01 1.500000e+01
      vertex   8.687737e+01 2.029239e+01 1.125000e+01
      vertex   8.683735e+01 2.048388e+01 1.500000e+01
    endloop
  endfacet
  facet normal 9.788557e-01 2.045521e-01 0.000000e+00
    outer loop
      vertex   8.683735e+01 2.048388e+01 1.500000e+01
      vertex   8.687737e+01 2.029239e+01 1.125000e+01
      vertex   8.683735e+01 2.048388e+01 1.125000e+01
    endloop
  endfacet
  facet normal 9.526354e-01 3.041148e-01 0.000000e+00
    outer loop
      vertex   8.683735e+01 2.048388e+01 1.500000e+01
      vertex   8.683735e+01 2.048388e+01 1.125000e+01
      vertex   8.677786e+01 2.067023e+01 1.500000e+01
    endloop
  endfacet
  facet normal 9.526354e-01 3.041148e-01 0.000000e+00
    outer loop
      vertex   8.677786e+01 2.067023e+01 1.500000e+01
      vertex   8.683735e+01 2.048388e+01 1.125000e+01
      vertex   8.677786e+01 2.067023e+01 1.125000e+01
    endloop
  endfacet
  facet normal 9.163169e-01 4.004539e-01 0.000000e+00
    outer loop
      vertex   8.677786e+01 2.067023e+01 1.500000e+01
      vertex   8.677786e+01 2.067023e+01 1.125000e+01
      vertex   8.669953e+01 2.084948e+01 1.500000e+01
    endloop
  endfacet
  facet normal 9.163169e-01 4.004539e-01 0.000000e+00
    outer loop
      vertex   8.669953e+01 2.084948e+01 1.500000e+01
      vertex   8.677786e+01 2.067023e+01 1.125000e+01
      vertex   8.669953e+01 2.084948e+01 1.125000e+01
    endloop
  endfacet
  facet normal 8.702852e-01 4.925481e-01 0.000000e+00
    outer loop
      vertex   8.669953e+01 2.084948e+01 1.500000e+01
      vertex   8.669953e+01 2.084948e+01 1.125000e+01
      vertex   8.660317e+01 2.101972e+01 1.500000e+01
    endloop
  endfacet
  facet normal 8.702852e-01 4.925481e-01 -9.332705e-16
    outer loop
      vertex   8.660317e+01 2.101972e+01 1.500000e+01
      vertex   8.669953e+01 2.084948e+01 1.125000e+01
      vertex   8.660317e+01 2.101972e+01 1.125000e+01
    endloop
  endfacet
  facet normal 8.150283e-01 5.794211e-01 -1.097876e-15
    outer loop
      vertex   8.660317e+01 2.101972e+01 1.500000e+01
      vertex   8.660317e+01 2.101972e+01 1.125000e+01
      vertex   8.648983e+01 2.117916e+01 1.500000e+01
    endloop
  endfacet
  facet normal 8.150283e-01 5.794211e-01 1.097876e-15
    outer loop
      vertex   8.648983e+01 2.117916e+01 1.500000e+01
      vertex   8.660317e+01 2.101972e+01 1.125000e+01
      vertex   8.648983e+01 2.117916e+01 1.125000e+01
    endloop
  endfacet
  facet normal 7.511319e-01 6.601521e-01 1.250843e-15
    outer loop
      vertex   8.648983e+01 2.117916e+01 1.500000e+01
      vertex   8.648983e+01 2.117916e+01 1.125000e+01
      vertex   8.636069e+01 2.132609e+01 1.500000e+01
    endloop
  endfacet
  facet normal 7.511319e-01 6.601521e-01 0.000000e+00
    outer loop
      vertex   8.636069e+01 2.132609e+01 1.500000e+01
      vertex   8.648983e+01 2.117916e+01 1.125000e+01
      vertex   8.636069e+01 2.132609e+01 1.125000e+01
    endloop
  endfacet
  facet normal 6.792733e-01 7.338854e-01 0.000000e+00
    outer loop
      vertex   8.636069e+01 2.132609e+01 1.500000e+01
      vertex   8.636069e+01 2.132609e+01 1.125000e+01
      vertex   8.621713e+01 2.145897e+01 1.500000e+01
    endloop
  endfacet
  facet normal 6.792733e-01 7.338854e-01 0.000000e+00
    outer loop
      vertex   8.621713e+01 2.145897e+01 1.500000e+01
      vertex   8.636069e+01 2.132609e+01 1.125000e+01
      vertex   8.621713e+01 2.145897e+01 1.125000e+01
    endloop
  endfacet
  facet normal 6.002143e-01 7.998392e-01 0.000000e+00
    outer loop
      vertex   8.621713e+01 2.145897e+01 1.500000e+01
      vertex   8.621713e+01 2.145897e+01 1.125000e+01
      vertex   8.606066e+01 2.157639e+01 1.500000e+01
    endloop
  endfacet
  facet normal 6.002143e-01 7.998392e-01 0.000000e+00
    outer loop
      vertex   8.606066e+01 2.157639e+01 1.500000e+01
      vertex   8.621713e+01 2.145897e+01 1.125000e+01
      vertex   8.606066e+01 2.157639e+01 1.125000e+01
    endloop
  endfacet
  facet normal 5.147928e-01 8.573146e-01 0.000000e+00
    outer loop
      vertex   8.606066e+01 2.157639e+01 1.500000e+01
      vertex   8.606066e+01 2.157639e+01 1.125000e+01
      vertex   8.589296e+01 2.167709e+01 1.500000e+01
    endloop
  endfacet
  facet normal 5.147928e-01 8.573146e-01 0.000000e+00
    outer loop
      vertex   8.589296e+01 2.167709e+01 1.500000e+01
      vertex   8.606066e+01 2.157639e+01 1.125000e+01
      vertex   8.589296e+01 2.167709e+01 1.125000e+01
    endloop
  endfacet
  facet normal 4.239144e-01 9.057023e-01 0.000000e+00
    outer loop
      vertex   8.589296e+01 2.167709e+01 1.500000e+01
      vertex   8.589296e+01 2.167709e+01 1.125000e+01
      vertex   8.571578e+01 2.176002e+01 1.500000e+01
    endloop
  endfacet
  facet normal 4.239144e-01 9.057023e-01 0.000000e+00
    outer loop
      vertex   8.571578e+01 2.176002e+01 1.500000e+01
      vertex   8.589296e+01 2.167709e+01 1.125000e+01
      vertex   8.571578e+01 2.176002e+01 1.125000e+01
    endloop
  endfacet
  facet normal 3.285424e-01 9.444892e-01 0.000000e+00
    outer loop
      vertex   8.571578e+01 2.176002e+01 1.500000e+01
      vertex   8.571578e+01 2.176002e+01 1.125000e+01
      vertex   8.553102e+01 2.182428e+01 1.500000e+01
    endloop
  endfacet
  facet normal 3.285424e-01 9.444892e-01 0.000000e+00
    outer loop
      vertex   8.553102e+01 2.182428e+01 1.500000e+01
      vertex   8.571578e+01 2.176002e+01 1.125000e+01
      vertex   8.553102e+01 2.182428e+01 1.125000e+01
    endloop
  endfacet
  facet normal 2.296877e-01 9.732644e-01 0.000000e+00
    outer loop
      vertex   8.553102e+01 2.182428e+01 1.500000e+01
      vertex   8.553102e+01 2.182428e+01 1.125000e+01
      vertex   8.534063e+01 2.186922e+01 1.500000e+01
    endloop
  endfacet
  facet normal 2.296877e-01 9.732644e-01 0.000000e+00
    outer loop
      vertex   8.534063e+01 2.186922e+01 1.500000e+01
      vertex   8.553102e+01 2.182428e+01 1.125000e+01
      vertex   8.534063e+01 2.186922e+01 1.125000e+01
    endloop
  endfacet
  facet normal 1.283984e-01 9.917227e-01 0.000000e+00
    outer loop
      vertex   8.534063e+01 2.186922e+01 1.500000e+01
      vertex   8.534063e+01 2.186922e+01 1.125000e+01
      vertex   8.514663e+01 2.189433e+01 1.500000e+01
    endloop
  endfacet
  facet normal 1.283984e-01 9.917227e-01 0.000000e+00
    outer loop
      vertex   8.514663e+01 2.189433e+01 1.500000e+01
      vertex   8.534063e+01 2.186922e+01 1.125000e+01
      vertex   8.514663e+01 2.189433e+01 1.125000e+01
    endloop
  endfacet
  facet normal 2.574791e-02 9.996685e-01 0.000000e+00
    outer loop
      vertex   8.514663e+01 2.189433e+01 1.500000e+01
      vertex   8.514663e+01 2.189433e+01 1.125000e+01
      vertex   8.495108e+01 2.189937e+01 1.500000e+01
    endloop
  endfacet
  facet normal 2.574791e-02 9.996685e-01 0.000000e+00
    outer loop
      vertex   8.495108e+01 2.189937e+01 1.500000e+01
      vertex   8.514663e+01 2.189433e+01 1.125000e+01
      vertex   8.495108e+01 2.189937e+01 1.125000e+01
    endloop
  endfacet
  facet normal -7.717546e-02 9.970175e-01 0.000000e+00
    outer loop
      vertex   8.495108e+01 2.189937e+01 1.500000e+01
      vertex   8.495108e+01 2.189937e+01 1.125000e+01
      vertex   8.475604e+01 2.188427e+01 1.500000e+01
    endloop
  endfacet
  facet normal -7.717546e-02 9.970175e-01 0.000000e+00
    outer loop
      vertex   8.475604e+01 2.188427e+01 1.500000e+01
      vertex   8.495108e+01 2.189937e+01 1.125000e+01
      vertex   8.475604e+01 2.188427e+01 1.125000e+01
    endloop
  endfacet
  facet normal -1.792808e-01 9.837980e-01 0.000000e+00
    outer loop
      vertex   8.475604e+01 2.188427e+01 1.500000e+01
      vertex   8.475604e+01 2.188427e+01 1.125000e+01
      vertex   8.456359e+01 2.184920e+01 1.500000e+01
    endloop
  endfacet
  facet normal -1.792808e-01 9.837980e-01 0.000000e+00
    outer loop
      vertex   8.456359e+01 2.184920e+01 1.500000e+01
      vertex   8.475604e+01 2.188427e+01 1.125000e+01
      vertex   8.456359e+01 2.184920e+01 1.125000e+01
    endloop
  endfacet
  facet normal -2.794856e-01 9.601499e-01 0.000000e+00
    outer loop
      vertex   8.456359e+01 2.184920e+01 1.500000e+01
      vertex   8.456359e+01 2.184920e+01 1.125000e+01
      vertex   8.437577e+01 2.179453e+01 1.500000e+01
    endloop
  endfacet
  facet normal -2.794856e-01 9.601499e-01 0.000000e+00
    outer loop
      vertex   8.437577e+01 2.179453e+01 1.500000e+01
      vertex   8.456359e+01 2.184920e+01 1.125000e+01
      vertex   8.437577e+01 2.179453e+01 1.125000e+01
    endloop
  endfacet
  facet normal -3.767279e-01 9.263240e-01 0.000000e+00
    outer loop
      vertex   8.437577e+01 2.179453e+01 1.500000e+01
      vertex   8.437577e+01 2.179453e+01 1.125000e+01
      vertex   8.419456e+01 2.172083e+01 1.500000e+01
    endloop
  endfacet
  facet normal -3.767279e-01 9.263240e-01 8.775904e-16
    outer loop
      vertex   8.419456e+01 2.172083e+01 1.500000e+01
      vertex   8.437577e+01 2.179453e+01 1.125000e+01
      vertex   8.419456e+01 2.172083e+01 1.125000e+01
    endloop
  endfacet
  facet normal -4.699767e-01 8.826788e-01 8.362413e-16
    outer loop
      vertex   8.419456e+01 2.172083e+01 1.500000e+01
      vertex   8.419456e+01 2.172083e+01 1.125000e+01
      vertex   8.402189e+01 2.162890e+01 1.500000e+01
    endloop
  endfacet
  facet normal -4.699767e-01 8.826788e-01 0.000000e+00
    outer loop
      vertex   8.402189e+01 2.162890e+01 1.500000e+01
      vertex   8.419456e+01 2.172083e+01 1.125000e+01
      vertex   8.402189e+01 2.162890e+01 1.125000e+01
    endloop
  endfacet
  facet normal -5.582437e-01 8.296770e-01 0.000000e+00
    outer loop
      vertex   8.402189e+01 2.162890e+01 1.500000e+01
      vertex   8.402189e+01 2.162890e+01 1.125000e+01
      vertex   8.385959e+01 2.151969e+01 1.500000e+01
    endloop
  endfacet
  facet normal -5.582437e-01 8.296770e-01 -1.572056e-15
    outer loop
      vertex   8.385959e+01 2.151969e+01 1.500000e+01
      vertex   8.402189e+01 2.162890e+01 1.125000e+01
      vertex   8.385959e+01 2.151969e+01 1.125000e+01
    endloop
  endfacet
  facet normal -6.405932e-01 7.678804e-01 -1.454965e-15
    outer loop
      vertex   8.385959e+01 2.151969e+01 1.500000e+01
      vertex   8.385959e+01 2.151969e+01 1.125000e+01
      vertex   8.370938e+01 2.139438e+01 1.500000e+01
    endloop
  endfacet
  facet normal -6.405932e-01 7.678804e-01 0.000000e+00
    outer loop
      vertex   8.370938e+01 2.139438e+01 1.500000e+01
      vertex   8.385959e+01 2.151969e+01 1.125000e+01
      vertex   8.370938e+01 2.139438e+01 1.125000e+01
    endloop
  endfacet
  facet normal -7.161522e-01 6.979442e-01 0.000000e+00
    outer loop
      vertex   8.370938e+01 2.139438e+01 1.500000e+01
      vertex   8.370938e+01 2.139438e+01 1.125000e+01
      vertex   8.357285e+01 2.125429e+01 1.500000e+01
    endloop
  endfacet
  facet normal -7.161522e-01 6.979442e-01 6.612255e-16
    outer loop
      vertex   8.357285e+01 2.125429e+01 1.500000e+01
      vertex   8.370938e+01 2.139438e+01 1.125000e+01
      vertex   8.357285e+01 2.125429e+01 1.125000e+01
    endloop
  endfacet
  facet normal -7.841198e-01 6.206095e-01 5.879594e-16
    outer loop
      vertex   8.357285e+01 2.125429e+01 1.500000e+01
      vertex   8.357285e+01 2.125429e+01 1.125000e+01
      vertex   8.345145e+01 2.110090e+01 1.500000e+01
    endloop
  endfacet
  facet normal -7.841198e-01 6.206095e-01 0.000000e+00
    outer loop
      vertex   8.345145e+01 2.110090e+01 1.500000e+01
      vertex   8.357285e+01 2.125429e+01 1.125000e+01
      vertex   8.345145e+01 2.110090e+01 1.125000e+01
    endloop
  endfacet
  facet normal -8.437756e-01 5.366962e-01 0.000000e+00
    outer loop
      vertex   8.345145e+01 2.110090e+01 1.500000e+01
      vertex   8.345145e+01 2.110090e+01 1.125000e+01
      vertex   8.334646e+01 2.093584e+01 1.500000e+01
    endloop
  endfacet
  facet normal -8.437756e-01 5.366962e-01 0.000000e+00
    outer loop
      vertex   8.334646e+01 2.093584e+01 1.500000e+01
      vertex   8.345145e+01 2.110090e+01 1.125000e+01
      vertex   8.334646e+01 2.093584e+01 1.125000e+01
    endloop
  endfacet
  facet normal -8.944871e-01 4.470938e-01 0.000000e+00
    outer loop
      vertex   8.334646e+01 2.093584e+01 1.500000e+01
      vertex   8.334646e+01 2.093584e+01 1.125000e+01
      vertex   8.325900e+01 2.076086e+01 1.500000e+01
    endloop
  endfacet
  facet normal -8.944871e-01 4.470938e-01 -4.235723e-16
    outer loop
      vertex   8.325900e+01 2.076086e+01 1.500000e+01
      vertex   8.334646e+01 2.093584e+01 1.125000e+01
      vertex   8.325900e+01 2.076086e+01 1.125000e+01
    endloop
  endfacet
  facet normal -9.357168e-01 3.527521e-01 -3.341939e-16
    outer loop
      vertex   8.325900e+01 2.076086e+01 1.500000e+01
      vertex   8.325900e+01 2.076086e+01 1.125000e+01
      vertex   8.318999e+01 2.057782e+01 1.500000e+01
    endloop
  endfacet
  facet normal -9.357168e-01 3.527521e-01 0.000000e+00
    outer loop
      vertex   8.318999e+01 2.057782e+01 1.500000e+01
      vertex   8.325900e+01 2.076086e+01 1.125000e+01
      vertex   8.318999e+01 2.057782e+01 1.125000e+01
    endloop
  endfacet
  facet normal -9.670277e-01 2.546711e-01 0.000000e+00
    outer loop
      vertex   8.318999e+01 2.057782e+01 1.500000e+01
      vertex   8.318999e+01 2.057782e+01 1.125000e+01
      vertex   8.314017e+01 2.038865e+01 1.500000e+01
    endloop
  endfacet
  facet normal -9.670277e-01 2.546711e-01 0.000000e+00
    outer loop
      vertex   8.314017e+01 2.038865e+01 1.500000e+01
      vertex   8.318999e+01 2.057782e+01 1.125000e+01
      vertex   8.314017e+01 2.038865e+01 1.125000e+01
    endloop
  endfacet
  facet normal -9.880879e-01 1.538906e-01 0.000000e+00
    outer loop
      vertex   8.314017e+01 2.038865e+01 1.500000e+01
      vertex   8.314017e+01 2.038865e+01 1.125000e+01
      vertex   8.311007e+01 2.019536e+01 1.500000e+01
    endloop
  endfacet
  facet normal -9.880879e-01 1.538906e-01 0.000000e+00
    outer loop
      vertex   8.311007e+01 2.019536e+01 1.500000e+01
      vertex   8.314017e+01 2.038865e+01 1.125000e+01
      vertex   8.311007e+01 2.019536e+01 1.125000e+01
    endloop
  endfacet
  facet normal -9.986741e-01 -5.147875e-02 0.000000e+00
    outer loop
      vertex   8.311007e+01 1.980464e+01 0.000000e+00
      vertex   8.311007e+01 1.980464e+01 3.750000e+00
      vertex   8.310000e+01 2.000000e+01 0.000000e+00
    endloop
  endfacet
  facet normal -9.986741e-01 -5.147875e-02 0.000000e+00
    outer loop
      vertex   8.310000e+01 2.000000e+01 0.000000e+00
      vertex   8.311007e+01 1.980464e+01 3.750000e+00
      vertex   8.310000e+01 2.000000e+01 3.750000e+00
    endloop
  endfacet
  facet normal -9.986741e-01 5.147875e-02 0.000000e+00
    outer loop
      vertex   8.310000e+01 2.000000e+01 0.000000e+00
      vertex   8.310000e+01 2.000000e+01 3.750000e+00
      vertex   8.311007e+01 2.019536e+01 0.000000e+00
    endloop
  endfacet
  facet normal -9.986741e-01 5.147875e-02 0.000000e+00
    outer loop
      vertex   8.311007e+01 2.019536e+01 0.000000e+00
      vertex   8.310000e+01 2.000000e+01 3.750000e+00
      vertex   8.311007e+01 2.019536e+01 3.750000e+00
    endloop
  endfacet
  facet normal -9.880879e-01 1.538906e-01 0.000000e+00
    outer loop
      vertex   8.311007e+01 2.019536e+01 0.000000e+00
      vertex   8.311007e+01 2.019536e+01 3.750000e+00
      vertex   8.314017e+01 2.038865e+01 0.000000e+00
    endloop
  endfacet
  facet normal -9.880879e-01 1.538906e-01 0.000000e+00
    outer loop
      vertex   8.314017e+01 2.038865e+01 0.000000e+00
      vertex   8.311007e+01 2.019536e+01 3.750000e+00
      vertex   8.314017e+01 2.038865e+01 3.750000e+00
    endloop
  endfacet
  facet normal -9.670277e-01 2.546711e-01 0.000000e+00
    outer loop
      vertex   8.314017e+01 2.038865e+01 0.000000e+00
      vertex   8.314017e+01 2.038865e+01 3.750000e+00
      vertex   8.318999e+01 2.057782e+01 0.000000e+00
    endloop
  endfacet
  facet normal -9.670277e-01 2.546711e-01 0.000000e+00
    outer loop
      vertex   8.318999e+01 2.057782e+01 0.000000e+00
      vertex   8.314017e+01 2.038865e+01 3.750000e+00
      vertex   8.318999e+01 2.057782e+01 3.750000e+00
    endloop
  endfacet
  facet normal -9.357168e-01 3.527521e-01 0.000000e+00
    outer loop
      vertex   8.318999e+01 2.057782e+01 0.000000e+00
      vertex   8.318999e+01 2.057782e+01 3.750000e+00
      vertex   8.325900e+01 2.076086e+01 0.000000e+00
    endloop
  endfacet
  facet normal -9.357168e-01 3.527521e-01 3.341939e-16
    outer loop
      vertex   8.325900e+01 2.076086e+01 0.000000e+00
      vertex   8.318999e+01 2.057782e+01 3.750000e+00
      vertex   8.325900e+01 2.076086e+01 3.750000e+00
    endloop
  endfacet
  facet normal -8.944871e-01 4.470938e-01 4.235723e-16
    outer loop
      vertex   8.325900e+01 2.076086e+01 0.000000e+00
      vertex   8.325900e+01 2.076086e+01 3.750000e+00
      vertex   8.334646e+01 2.093584e+01 0.000000e+00
    endloop
  endfacet
  facet normal -8.944871e-01 4.470938e-01 0.000000e+00
    outer loop
      vertex   8.334646e+01 2.093584e+01 0.000000e+00
      vertex   8.325900e+01 2.076086e+01 3.750000e+00
      vertex   8.334646e+01 2.093584e+01 3.750000e+00
    endloop
  endfacet
  facet normal -8.437756e-01 5.366962e-01 0.000000e+00
    outer loop
      vertex   8.334646e+01 2.093584e+01 0.000000e+00
      vertex   8.334646e+01 2.093584e+01 3.750000e+00
      vertex   8.345145e+01 2.110090e+01 0.000000e+00
    endloop
  endfacet
  facet normal -8.437756e-01 5.366962e-01 0.000000e+00
    outer loop
      vertex   8.345145e+01 2.110090e+01 0.000000e+00
      vertex   8.334646e+01 2.093584e+01 3.750000e+00
      vertex   8.345145e+01 2.110090e+01 3.750000e+00
    endloop
  endfacet
  facet normal -7.841198e-01 6.206095e-01 0.000000e+00
    outer loop
      vertex   8.345145e+01 2.110090e+01 0.000000e+00
      vertex   8.345145e+01 2.110090e+01 3.750000e+00
      vertex   8.357285e+01 2.125429e+01 0.000000e+00
    endloop
  endfacet
  facet normal -7.841198e-01 6.206095e-01 -5.879594e-16
    outer loop
      vertex   8.357285e+01 2.125429e+01 0.000000e+00
      vertex   8.345145e+01 2.110090e+01 3.750000e+00
      vertex   8.357285e+01 2.125429e+01 3.750000e+00
    endloop
  endfacet
  facet normal -7.161522e-01 6.979442e-01 -6.612255e-16
    outer loop
      vertex   8.357285e+01 2.125429e+01 0.000000e+00
      vertex   8.357285e+01 2.125429e+01 3.750000e+00
      vertex   8.370938e+01 2.139438e+01 0.000000e+00
    endloop
  endfacet
  facet normal -7.161522e-01 6.979442e-01 0.000000e+00
    outer loop
      vertex   8.370938e+01 2.139438e+01 0.000000e+00
      vertex   8.357285e+01 2.125429e+01 3.750000e+00
      vertex   8.370938e+01 2.139438e+01 3.750000e+00
    endloop
  endfacet
  facet normal -6.405932e-01 7.678804e-01 0.000000e+00
    outer loop
      vertex   8.370938e+01 2.139438e+01 0.000000e+00
      vertex   8.370938e+01 2.139438e+01 3.750000e+00
      vertex   8.385959e+01 2.151969e+01 0.000000e+00
    endloop
  endfacet
  facet normal -6.405932e-01 7.678804e-01 1.454965e-15
    outer loop
      vertex   8.385959e+01 2.151969e+01 0.000000e+00
      vertex   8.370938e+01 2.139438e+01 3.750000e+00
      vertex   8.385959e+01 2.151969e+01 3.750000e+00
    endloop
  endfacet
  facet normal -5.582437e-01 8.296770e-01 1.572056e-15
    outer loop
      vertex   8.385959e+01 2.151969e+01 0.000000e+00
      vertex   8.385959e+01 2.151969e+01 3.750000e+00
      vertex   8.402189e+01 2.162890e+01 0.000000e+00
    endloop
  endfacet
  facet normal -5.582437e-01 8.296770e-01 0.000000e+00
    outer loop
      vertex   8.402189e+01 2.162890e+01 0.000000e+00
      vertex   8.385959e+01 2.151969e+01 3.750000e+00
      vertex   8.402189e+01 2.162890e+01 3.750000e+00
    endloop
  endfacet
  facet normal -4.699767e-01 8.826788e-01 0.000000e+00
    outer loop
      vertex   8.402189e+01 2.162890e+01 0.000000e+00
      vertex   8.402189e+01 2.162890e+01 3.750000e+00
      vertex   8.419456e+01 2.172083e+01 0.000000e+00
    endloop
  endfacet
  facet normal -4.699767e-01 8.826788e-01 -8.362413e-16
    outer loop
      vertex   8.419456e+01 2.172083e+01 0.000000e+00
      vertex   8.402189e+01 2.162890e+01 3.750000e+00
      vertex   8.419456e+01 2.172083e+01 3.750000e+00
    endloop
  endfacet
  facet normal -3.767279e-01 9.263240e-01 -8.775904e-16
    outer loop
      vertex   8.419456e+01 2.172083e+01 0.000000e+00
      vertex   8.419456e+01 2.172083e+01 3.750000e+00
      vertex   8.437577e+01 2.179453e+01 0.000000e+00
    endloop
  endfacet
  facet normal -3.767279e-01 9.263240e-01 0.000000e+00
    outer loop
      vertex   8.437577e+01 2.179453e+01 0.000000e+00
      vertex   8.419456e+01 2.172083e+01 3.750000e+00
      vertex   8.437577e+01 2.179453e+01 3.750000e+00
    endloop
  endfacet
  facet normal -2.794856e-01 9.601499e-01 0.000000e+00
    outer loop
      vertex   8.437577e+01 2.179453e+01 0.000000e+00
      vertex   8.437577e+01 2.179453e+01 3.750000e+00
      vertex   8.456359e+01 2.184920e+01 0.000000e+00
    endloop
  endfacet
  facet normal -2.794856e-01 9.601499e-01 0.000000e+00
    outer loop
      vertex   8.456359e+01 2.184920e+01 0.000000e+00
      vertex   8.437577e+01 2.179453e+01 3.750000e+00
      vertex   8.456359e+01 2.184920e+01 3.750000e+00
    endloop
  endfacet
  facet normal -1.792808e-01 9.837980e-01 0.000000e+00
    outer loop
      vertex   8.456359e+01 2.184920e+01 0.000000e+00
      vertex   8.456359e+01 2.184920e+01 3.750000e+00
      vertex   8.475604e+01 2.188427e+01 0.000000e+00
    endloop
  endfacet
  facet normal -1.792808e-01 9.837980e-01 0.000000e+00
    outer loop
      vertex   8.475604e+01 2.188427e+01 0.000000e+00
      vertex   8.456359e+01 2.184920e+01 3.750000e+00
      vertex   8.475604e+01 2.188427e+01 3.750000e+00
    endloop
  endfacet
  facet normal -7.717546e-02 9.970175e-01 0.000000e+00
    outer loop
      vertex   8.475604e+01 2.188427e+01 0.000000e+00
      vertex   8.475604e+01 2.188427e+01 3.750000e+00
      vertex   8.495108e+01 2.189937e+01 0.000000e+00
    endloop
  endfacet
  facet normal -7.717546e-02 9.970175e-01 0.000000e+00
    outer loop
      vertex   8.495108e+01 2.189937e+01 0.000000e+00
      vertex   8.475604e+01 2.188427e+01 3.750000e+00
      vertex   8.495108e+01 2.189937e+01 3.750000e+00
    endloop
  endfacet
  facet normal 2.574791e-02 9.996685e-01 -0.000000e+00
    outer loop
      vertex   8.495108e+01 2.189937e+01 0.000000e+00
      vertex   8.495108e+01 2.189937e+01 3.750000e+00
      vertex   8.514663e+01 2.189433e+01 0.000000e+00
    endloop
  endfacet
  facet normal 2.574791e-02 9.996685e-01 -0.000000e+00
    outer loop
      vertex   8.514663e+01 2.189433e+01 0.000000e+00
      vertex   8.495108e+01 2.189937e+01 3.750000e+00
      vertex   8.514663e+01 2.189433e+01 3.750000e+00
    endloop
  endfacet
  facet normal 1.283984e-01 9.917227e-01 -0.000000e+00
    outer loop
      vertex   8.514663e+01 2.189433e+01 0.000000e+00
      vertex   8.514663e+01 2.189433e+01 3.750000e+00
      vertex   8.534063e+01 2.186922e+01 0.000000e+00
    endloop
  endfacet
  facet normal 1.283984e-01 9.917227e-01 -0.000000e+00
    outer loop
      vertex   8.534063e+01 2.186922e+01 0.000000e+00
      vertex   8.514663e+01 2.189433e+01 3.750000e+00
      vertex   8.534063e+01 2.186922e+01 3.750000e+00
    endloop
  endfacet
  facet normal 2.296877e-01 9.732644e-01 -0.000000e+00
    outer loop
      vertex   8.534063e+01 2.186922e+01 0.000000e+00
      vertex   8.534063e+01 2.186922e+01 3.750000e+00
      vertex   8.553102e+01 2.182428e+01 0.000000e+00
    endloop
  endfacet
  facet normal 2.296877e-01 9.732644e-01 -0.000000e+00
    outer loop
      vertex   8.553102e+01 2.182428e+01 0.000000e+00
      vertex   8.534063e+01 2.186922e+01 3.750000e+00
      vertex   8.553102e+01 2.182428e+01 3.750000e+00
    endloop
  endfacet
  facet normal 3.285424e-01 9.444892e-01 -0.000000e+00
    outer loop
      vertex   8.553102e+01 2.182428e+01 0.000000e+00
      vertex   8.553102e+01 2.182428e+01 3.750000e+00
      vertex   8.571578e+01 2.176002e+01 0.000000e+00
    endloop
  endfacet
  facet normal 3.285424e-01 9.444892e-01 -0.000000e+00
    outer loop
      vertex   8.571578e+01 2.176002e+01 0.000000e+00
      vertex   8.553102e+01 2.182428e+01 3.750000e+00
      vertex   8.571578e+01 2.176002e+01 3.750000e+00
    endloop
  endfacet
  facet normal 4.239144e-01 9.057023e-01 -0.000000e+00
    outer loop
      vertex   8.571578e+01 2.176002e+01 0.000000e+00
      vertex   8.571578e+01 2.176002e+01 3.750000e+00
      vertex   8.589296e+01 2.167709e+01 0.000000e+00
    endloop
  endfacet
  facet normal 4.239144e-01 9.057023e-01 -0.000000e+00
    outer loop
      vertex   8.589296e+01 2.167709e+01 0.000000e+00
      vertex   8.571578e+01 2.176002e+01 3.750000e+00
      vertex   8.589296e+01 2.167709e+01 3.750000e+00
    endloop
  endfacet
  facet normal 5.147928e-01 8.573146e-01 -0.000000e+00
    outer loop
      vertex   8.589296e+01 2.167709e+01 0.000000e+00
      vertex   8.589296e+01 2.167709e+01 3.750000e+00
      vertex   8.606066e+01 2.157639e+01 0.000000e+00
    endloop
  endfacet
  facet normal 5.147928e-01 8.573146e-01 -0.000000e+00
    outer loop
      vertex   8.606066e+01 2.157639e+01 0.000000e+00
      vertex   8.589296e+01 2.167709e+01 3.750000e+00
      vertex   8.606066e+01 2.157639e+01 3.750000e+00
    endloop
  endfacet
  facet normal 6.002143e-01 7.998392e-01 -0.000000e+00
    outer loop
      vertex   8.606066e+01 2.157639e+01 0.000000e+00
      vertex   8.606066e+01 2.157639e+01 3.750000e+00
      vertex   8.621713e+01 2.145897e+01 0.000000e+00
    endloop
  endfacet
  facet normal 6.002143e-01 7.998392e-01 -0.000000e+00
    outer loop
      vertex   8.621713e+01 2.145897e+01 0.000000e+00
      vertex   8.606066e+01 2.157639e+01 3.750000e+00
      vertex   8.621713e+01 2.145897e+01 3.750000e+00
    endloop
  endfacet
  facet normal 6.792733e-01 7.338854e-01 -0.000000e+00
    outer loop
      vertex   8.621713e+01 2.145897e+01 0.000000e+00
      vertex   8.621713e+01 2.145897e+01 3.750000e+00
      vertex   8.636069e+01 2.132609e+01 0.000000e+00
    endloop
  endfacet
  facet normal 6.792733e-01 7.338854e-01 -0.000000e+00
    outer loop
      vertex   8.636069e+01 2.132609e+01 0.000000e+00
      vertex   8.621713e+01 2.145897e+01 3.750000e+00
      vertex   8.636069e+01 2.132609e+01 3.750000e+00
    endloop
  endfacet
  facet normal 7.511319e-01 6.601521e-01 -0.000000e+00
    outer loop
      vertex   8.636069e+01 2.132609e+01 0.000000e+00
      vertex   8.636069e+01 2.132609e+01 3.750000e+00
      vertex   8.648983e+01 2.117916e+01 0.000000e+00
    endloop
  endfacet
  facet normal 7.511319e-01 6.601521e-01 -1.250843e-15
    outer loop
      vertex   8.648983e+01 2.117916e+01 0.000000e+00
      vertex   8.636069e+01 2.132609e+01 3.750000e+00
      vertex   8.648983e+01 2.117916e+01 3.750000e+00
    endloop
  endfacet
  facet normal 8.150283e-01 5.794211e-01 -1.097876e-15
    outer loop
      vertex   8.648983e+01 2.117916e+01 0.000000e+00
      vertex   8.648983e+01 2.117916e+01 3.750000e+00
      vertex   8.660317e+01 2.101972e+01 0.000000e+00
    endloop
  endfacet
  facet normal 8.150283e-01 5.794211e-01 1.097876e-15
    outer loop
      vertex   8.660317e+01 2.101972e+01 0.000000e+00
      vertex   8.648983e+01 2.117916e+01 3.750000e+00
      vertex   8.660317e+01 2.101972e+01 3.750000e+00
    endloop
  endfacet
  facet normal 8.702852e-01 4.925481e-01 9.332705e-16
    outer loop
      vertex   8.660317e+01 2.101972e+01 0.000000e+00
      vertex   8.660317e+01 2.101972e+01 3.750000e+00
      vertex   8.669953e+01 2.084948e+01 0.000000e+00
    endloop
  endfacet
  facet normal 8.702852e-01 4.925481e-01 -0.000000e+00
    outer loop
      vertex   8.669953e+01 2.084948e+01 0.000000e+00
      vertex   8.660317e+01 2.101972e+01 3.750000e+00
      vertex   8.669953e+01 2.084948e+01 3.750000e+00
    endloop
  endfacet
  facet normal 9.163169e-01 4.004539e-01 -0.000000e+00
    outer loop
      vertex   8.669953e+01 2.084948e+01 0.000000e+00
      vertex   8.669953e+01 2.084948e+01 3.750000e+00
      vertex   8.677786e+01 2.067023e+01 0.000000e+00
    endloop
  endfacet
  facet normal 9.163169e-01 4.004539e-01 -0.000000e+00
    outer loop
      vertex   8.677786e+01 2.067023e+01 0.000000e+00
      vertex   8.669953e+01 2.084948e+01 3.750000e+00
      vertex   8.677786e+01 2.067023e+01 3.750000e+00
    endloop
  endfacet
  facet normal 9.526354e-01 3.041148e-01 -0.000000e+00
    outer loop
      vertex   8.677786e+01 2.067023e+01 0.000000e+00
      vertex   8.677786e+01 2.067023e+01 3.750000e+00
      vertex   8.683735e+01 2.048388e+01 0.000000e+00
    endloop
  endfacet
  facet normal 9.526354e-01 3.041148e-01 -0.000000e+00
    outer loop
      vertex   8.683735e+01 2.048388e+01 0.000000e+00
      vertex   8.677786e+01 2.067023e+01 3.750000e+00
      vertex   8.683735e+01 2.048388e+01 3.750000e+00
    endloop
  endfacet
  facet normal 9.788557e-01 2.045521e-01 -0.000000e+00
    outer loop
      vertex   8.683735e+01 2.048388e+01 0.000000e+00
      vertex   8.683735e+01 2.048388e+01 3.750000e+00
      vertex   8.687737e+01 2.029239e+01 0.000000e+00
    endloop
  endfacet
  facet normal 9.788557e-01 2.045521e-01 -0.000000e+00
    outer loop
      vertex   8.687737e+01 2.029239e+01 0.000000e+00
      vertex   8.683735e+01 2.048388e+01 3.750000e+00
      vertex   8.687737e+01 2.029239e+01 3.750000e+00
    endloop
  endfacet
  facet normal 9.946999e-01 1.028210e-01 -0.000000e+00
    outer loop
      vertex   8.687737e+01 2.029239e+01 0.000000e+00
      vertex   8.687737e+01 2.029239e+01 3.750000e+00
      vertex   8.689748e+01 2.009781e+01 0.000000e+00
    endloop
  endfacet
  facet normal 9.946999e-01 1.028210e-01 -0.000000e+00
    outer loop
      vertex   8.689748e+01 2.009781e+01 0.000000e+00
      vertex   8.687737e+01 2.029239e+01 3.750000e+00
      vertex   8.689748e+01 2.009781e+01 3.750000e+00
    endloop
  endfacet
  facet normal 1.000000e+00 0.000000e+00 -0.000000e+00
    outer loop
      vertex   8.689748e+01 2.009781e+01 0.000000e+00
      vertex   8.689748e+01 2.009781e+01 3.750000e+00
      vertex   8.689748e+01 1.990219e+01 0.000000e+00
    endloop
  endfacet
  facet normal 1.000000e+00 0.000000e+00 0.000000e+00
    outer loop
      vertex   8.689748e+01 1.990219e+01 0.000000e+00
      vertex   8.689748e+01 2.009781e+01 3.750000e+00
      vertex   8.689748e+01 1.990219e+01 3.750000e+00
    endloop
  endfacet
  facet normal 9.946999e-01 -1.028210e-01 0.000000e+00
    outer loop
      vertex   8.689748e+01 1.990219e+01 0.000000e+00
      vertex   8.689748e+01 1.990219e+01 3.750000e+00
      vertex   8.687737e+01 1.970761e+01 0.000000e+00
    endloop
  endfacet
  facet normal 9.946999e-01 -1.028210e-01 0.000000e+00
    outer loop
      vertex   8.687737e+01 1.970761e+01 0.000000e+00
      vertex   8.689748e+01 1.990219e+01 3.750000e+00
      vertex   8.687737e+01 1.970761e+01 3.750000e+00
    endloop
  endfacet
  facet normal 9.788557e-01 -2.045521e-01 0.000000e+00
    outer loop
      vertex   8.687737e+01 1.970761e+01 0.000000e+00
      vertex   8.687737e+01 1.970761e+01 3.750000e+00
      vertex   8.683735e+01 1.951612e+01 0.000000e+00
    endloop
  endfacet
  facet normal 9.788557e-01 -2.045521e-01 0.000000e+00
    outer loop
      vertex   8.683735e+01 1.951612e+01 0.000000e+00
      vertex   8.687737e+01 1.970761e+01 3.750000e+00
      vertex   8.683735e+01 1.951612e+01 3.750000e+00
    endloop
  endfacet
  facet normal 9.526354e-01 -3.041148e-01 0.000000e+00
    outer loop
      vertex   8.683735e+01 1.951612e+01 0.000000e+00
      vertex   8.683735e+01 1.951612e+01 3.750000e+00
      vertex   8.677786e+01 1.932977e+01 0.000000e+00
    endloop
  endfacet
  facet normal 9.526354e-01 -3.041148e-01 2.881154e-16
    outer loop
      vertex   8.677786e+01 1.932977e+01 0.000000e+00
      vertex   8.683735e+01 1.951612e+01 3.750000e+00
      vertex   8.677786e+01 1.932977e+01 3.750000e+00
    endloop
  endfacet
  facet normal 9.163169e-01 -4.004539e-01 3.793862e-16
    outer loop
      vertex   8.677786e+01 1.932977e+01 0.000000e+00
      vertex   8.677786e+01 1.932977e+01 3.750000e+00
      vertex   8.669953e+01 1.915052e+01 0.000000e+00
    endloop
  endfacet
  facet normal 9.163169e-01 -4.004539e-01 0.000000e+00
    outer loop
      vertex   8.669953e+01 1.915052e+01 0.000000e+00
      vertex   8.677786e+01 1.932977e+01 3.750000e+00
      vertex   8.669953e+01 1.915052e+01 3.750000e+00
    endloop
  endfacet
  facet normal 8.702852e-01 -4.925481e-01 0.000000e+00
    outer loop
      vertex   8.669953e+01 1.915052e+01 0.000000e+00
      vertex   8.669953e+01 1.915052e+01 3.750000e+00
      vertex   8.660317e+01 1.898028e+01 0.000000e+00
    endloop
  endfacet
  facet normal 8.702852e-01 -4.925481e-01 -4.666353e-16
    outer loop
      vertex   8.660317e+01 1.898028e+01 0.000000e+00
      vertex   8.669953e+01 1.915052e+01 3.750000e+00
      vertex   8.660317e+01 1.898028e+01 3.750000e+00
    endloop
  endfacet
  facet normal 8.150283e-01 -5.794211e-01 -5.489379e-16
    outer loop
      vertex   8.660317e+01 1.898028e+01 0.000000e+00
      vertex   8.660317e+01 1.898028e+01 3.750000e+00
      vertex   8.648983e+01 1.882084e+01 0.000000e+00
    endloop
  endfacet
  facet normal 8.150283e-01 -5.794211e-01 -1.097876e-15
    outer loop
      vertex   8.648983e+01 1.882084e+01 0.000000e+00
      vertex   8.660317e+01 1.898028e+01 3.750000e+00
      vertex   8.648983e+01 1.882084e+01 3.750000e+00
    endloop
  endfacet
  facet normal 7.511319e-01 -6.601521e-01 -1.250843e-15
    outer loop
      vertex   8.648983e+01 1.882084e+01 0.000000e+00
      vertex   8.648983e+01 1.882084e+01 3.750000e+00
      vertex   8.636069e+01 1.867391e+01 0.000000e+00
    endloop
  endfacet
  facet normal 7.511319e-01 -6.601521e-01 6.254217e-16
    outer loop
      vertex   8.636069e+01 1.867391e+01 0.000000e+00
      vertex   8.648983e+01 1.882084e+01 3.750000e+00
      vertex   8.636069e+01 1.867391e+01 3.750000e+00
    endloop
  endfacet
  facet normal 6.792733e-01 -7.338854e-01 6.952759e-16
    outer loop
      vertex   8.636069e+01 1.867391e+01 0.000000e+00
      vertex   8.636069e+01 1.867391e+01 3.750000e+00
      vertex   8.621713e+01 1.854103e+01 0.000000e+00
    endloop
  endfacet
  facet normal 6.792733e-01 -7.338854e-01 6.952759e-16
    outer loop
      vertex   8.621713e+01 1.854103e+01 0.000000e+00
      vertex   8.636069e+01 1.867391e+01 3.750000e+00
      vertex   8.621713e+01 1.854103e+01 3.750000e+00
    endloop
  endfacet
  facet normal 6.002143e-01 -7.998392e-01 7.577600e-16
    outer loop
      vertex   8.621713e+01 1.854103e+01 0.000000e+00
      vertex   8.621713e+01 1.854103e+01 3.750000e+00
      vertex   8.606066e+01 1.842361e+01 0.000000e+00
    endloop
  endfacet
  facet normal 6.002143e-01 -7.998392e-01 0.000000e+00
    outer loop
      vertex   8.606066e+01 1.842361e+01 0.000000e+00
      vertex   8.621713e+01 1.854103e+01 3.750000e+00
      vertex   8.606066e+01 1.842361e+01 3.750000e+00
    endloop
  endfacet
  facet normal 5.147928e-01 -8.573146e-01 0.000000e+00
    outer loop
      vertex   8.606066e+01 1.842361e+01 0.000000e+00
      vertex   8.606066e+01 1.842361e+01 3.750000e+00
      vertex   8.589296e+01 1.832291e+01 0.000000e+00
    endloop
  endfacet
  facet normal 5.147928e-01 -8.573146e-01 -8.122116e-16
    outer loop
      vertex   8.589296e+01 1.832291e+01 0.000000e+00
      vertex   8.606066e+01 1.842361e+01 3.750000e+00
      vertex   8.589296e+01 1.832291e+01 3.750000e+00
    endloop
  endfacet
  facet normal 4.239144e-01 -9.057023e-01 -8.580536e-16
    outer loop
      vertex   8.589296e+01 1.832291e+01 0.000000e+00
      vertex   8.589296e+01 1.832291e+01 3.750000e+00
      vertex   8.571578e+01 1.823998e+01 0.000000e+00
    endloop
  endfacet
  facet normal 4.239144e-01 -9.057023e-01 0.000000e+00
    outer loop
      vertex   8.571578e+01 1.823998e+01 0.000000e+00
      vertex   8.589296e+01 1.832291e+01 3.750000e+00
      vertex   8.571578e+01 1.823998e+01 3.750000e+00
    endloop
  endfacet
  facet normal 3.285424e-01 -9.444892e-01 0.000000e+00
    outer loop
      vertex   8.571578e+01 1.823998e+01 0.000000e+00
      vertex   8.571578e+01 1.823998e+01 3.750000e+00
      vertex   8.553102e+01 1.817572e+01 0.000000e+00
    endloop
  endfacet
  facet normal 3.285424e-01 -9.444892e-01 -8.947999e-16
    outer loop
      vertex   8.553102e+01 1.817572e+01 0.000000e+00
      vertex   8.571578e+01 1.823998e+01 3.750000e+00
      vertex   8.553102e+01 1.817572e+01 3.750000e+00
    endloop
  endfacet
  facet normal 2.296877e-01 -9.732644e-01 -9.220612e-16
    outer loop
      vertex   8.553102e+01 1.817572e+01 0.000000e+00
      vertex   8.553102e+01 1.817572e+01 3.750000e+00
      vertex   8.534063e+01 1.813078e+01 0.000000e+00
    endloop
  endfacet
  facet normal 2.296877e-01 -9.732644e-01 9.220612e-16
    outer loop
      vertex   8.534063e+01 1.813078e+01 0.000000e+00
      vertex   8.553102e+01 1.817572e+01 3.750000e+00
      vertex   8.534063e+01 1.813078e+01 3.750000e+00
    endloop
  endfacet
  facet normal 1.283984e-01 -9.917227e-01 9.395485e-16
    outer loop
      vertex   8.534063e+01 1.813078e+01 0.000000e+00
      vertex   8.534063e+01 1.813078e+01 3.750000e+00
      vertex   8.514663e+01 1.810567e+01 0.000000e+00
    endloop
  endfacet
  facet normal 1.283984e-01 -9.917227e-01 0.000000e+00
    outer loop
      vertex   8.514663e+01 1.810567e+01 0.000000e+00
      vertex   8.534063e+01 1.813078e+01 3.750000e+00
      vertex   8.514663e+01 1.810567e+01 3.750000e+00
    endloop
  endfacet
  facet normal 2.574791e-02 -9.996685e-01 0.000000e+00
    outer loop
      vertex   8.514663e+01 1.810567e+01 0.000000e+00
      vertex   8.514663e+01 1.810567e+01 3.750000e+00
      vertex   8.495108e+01 1.810063e+01 0.000000e+00
    endloop
  endfacet
  facet normal 2.574791e-02 -9.996685e-01 0.000000e+00
    outer loop
      vertex   8.495108e+01 1.810063e+01 0.000000e+00
      vertex   8.514663e+01 1.810567e+01 3.750000e+00
      vertex   8.495108e+01 1.810063e+01 3.750000e+00
    endloop
  endfacet
  facet normal -7.717546e-02 -9.970175e-01 0.000000e+00
    outer loop
      vertex   8.495108e+01 1.810063e+01 0.000000e+00
      vertex   8.495108e+01 1.810063e+01 3.750000e+00
      vertex   8.475604e+01 1.811573e+01 0.000000e+00
    endloop
  endfacet
  facet normal -7.717546e-02 -9.970175e-01 0.000000e+00
    outer loop
      vertex   8.475604e+01 1.811573e+01 0.000000e+00
      vertex   8.495108e+01 1.810063e+01 3.750000e+00
      vertex   8.475604e+01 1.811573e+01 3.750000e+00
    endloop
  endfacet
  facet normal -1.792808e-01 -9.837980e-01 0.000000e+00
    outer loop
      vertex   8.475604e+01 1.811573e+01 0.000000e+00
      vertex   8.475604e+01 1.811573e+01 3.750000e+00
      vertex   8.456359e+01 1.815080e+01 0.000000e+00
    endloop
  endfacet
  facet normal -1.792808e-01 -9.837980e-01 9.320407e-16
    outer loop
      vertex   8.456359e+01 1.815080e+01 0.000000e+00
      vertex   8.475604e+01 1.811573e+01 3.750000e+00
      vertex   8.456359e+01 1.815080e+01 3.750000e+00
    endloop
  endfacet
  facet normal -2.794856e-01 -9.601499e-01 9.096367e-16
    outer loop
      vertex   8.456359e+01 1.815080e+01 0.000000e+00
      vertex   8.456359e+01 1.815080e+01 3.750000e+00
      vertex   8.437577e+01 1.820547e+01 0.000000e+00
    endloop
  endfacet
  facet normal -2.794856e-01 -9.601499e-01 0.000000e+00
    outer loop
      vertex   8.437577e+01 1.820547e+01 0.000000e+00
      vertex   8.456359e+01 1.815080e+01 3.750000e+00
      vertex   8.437577e+01 1.820547e+01 3.750000e+00
    endloop
  endfacet
  facet normal -3.767279e-01 -9.263240e-01 0.000000e+00
    outer loop
      vertex   8.437577e+01 1.820547e+01 0.000000e+00
      vertex   8.437577e+01 1.820547e+01 3.750000e+00
      vertex   8.419456e+01 1.827917e+01 0.000000e+00
    endloop
  endfacet
  facet normal -3.767279e-01 -9.263240e-01 0.000000e+00
    outer loop
      vertex   8.419456e+01 1.827917e+01 0.000000e+00
      vertex   8.437577e+01 1.820547e+01 3.750000e+00
      vertex   8.419456e+01 1.827917e+01 3.750000e+00
    endloop
  endfacet
  facet normal -4.699767e-01 -8.826788e-01 0.000000e+00
    outer loop
      vertex   8.419456e+01 1.827917e+01 0.000000e+00
      vertex   8.419456e+01 1.827917e+01 3.750000e+00
      vertex   8.402189e+01 1.837110e+01 0.000000e+00
    endloop
  endfacet
  facet normal -4.699767e-01 -8.826788e-01 0.000000e+00
    outer loop
      vertex   8.402189e+01 1.837110e+01 0.000000e+00
      vertex   8.419456e+01 1.827917e+01 3.750000e+00
      vertex   8.402189e+01 1.837110e+01 3.750000e+00
    endloop
  endfacet
  facet normal -5.582437e-01 -8.296770e-01 0.000000e+00
    outer loop
      vertex   8.402189e+01 1.837110e+01 0.000000e+00
      vertex   8.402189e+01 1.837110e+01 3.750000e+00
      vertex   8.385959e+01 1.848031e+01 0.000000e+00
    endloop
  endfacet
  facet normal -5.582437e-01 -8.296770e-01 7.860280e-16
    outer loop
      vertex   8.385959e+01 1.848031e+01 0.000000e+00
      vertex   8.402189e+01 1.837110e+01 3.750000e+00
      vertex   8.385959e+01 1.848031e+01 3.750000e+00
    endloop
  endfacet
  facet normal -6.405932e-01 -7.678804e-01 7.274825e-16
    outer loop
      vertex   8.385959e+01 1.848031e+01 0.000000e+00
      vertex   8.385959e+01 1.848031e+01 3.750000e+00
      vertex   8.370938e+01 1.860562e+01 0.000000e+00
    endloop
  endfacet
  facet normal -6.405932e-01 -7.678804e-01 0.000000e+00
    outer loop
      vertex   8.370938e+01 1.860562e+01 0.000000e+00
      vertex   8.385959e+01 1.848031e+01 3.750000e+00
      vertex   8.370938e+01 1.860562e+01 3.750000e+00
    endloop
  endfacet
  facet normal -7.161522e-01 -6.979442e-01 0.000000e+00
    outer loop
      vertex   8.370938e+01 1.860562e+01 0.000000e+00
      vertex   8.370938e+01 1.860562e+01 3.750000e+00
      vertex   8.357285e+01 1.874571e+01 0.000000e+00
    endloop
  endfacet
  facet normal -7.161522e-01 -6.979442e-01 -6.612255e-16
    outer loop
      vertex   8.357285e+01 1.874571e+01 0.000000e+00
      vertex   8.370938e+01 1.860562e+01 3.750000e+00
      vertex   8.357285e+01 1.874571e+01 3.750000e+00
    endloop
  endfacet
  facet normal -7.841198e-01 -6.206095e-01 -5.879594e-16
    outer loop
      vertex   8.357285e+01 1.874571e+01 0.000000e+00
      vertex   8.357285e+01 1.874571e+01 3.750000e+00
      vertex   8.345145e+01 1.889910e+01 0.000000e+00
    endloop
  endfacet
  facet normal -7.841198e-01 -6.206095e-01 0.000000e+00
    outer loop
      vertex   8.345145e+01 1.889910e+01 0.000000e+00
      vertex   8.357285e+01 1.874571e+01 3.750000e+00
      vertex   8.345145e+01 1.889910e+01 3.750000e+00
    endloop
  endfacet
  facet normal -8.437756e-01 -5.366962e-01 0.000000e+00
    outer loop
      vertex   8.345145e+01 1.889910e+01 0.000000e+00
      vertex   8.345145e+01 1.889910e+01 3.750000e+00
      vertex   8.334646e+01 1.906416e+01 0.000000e+00
    endloop
  endfacet
  facet normal -8.437756e-01 -5.366962e-01 -5.084608e-16
    outer loop
      vertex   8.334646e+01 1.906416e+01 0.000000e+00
      vertex   8.345145e+01 1.889910e+01 3.750000e+00
      vertex   8.334646e+01 1.906416e+01 3.750000e+00
    endloop
  endfacet
  facet normal -8.944871e-01 -4.470938e-01 -4.235723e-16
    outer loop
      vertex   8.334646e+01 1.906416e+01 0.000000e+00
      vertex   8.334646e+01 1.906416e+01 3.750000e+00
      vertex   8.325900e+01 1.923914e+01 0.000000e+00
    endloop
  endfacet
  facet normal -8.944871e-01 -4.470938e-01 0.000000e+00
    outer loop
      vertex   8.325900e+01 1.923914e+01 0.000000e+00
      vertex   8.334646e+01 1.906416e+01 3.750000e+00
      vertex   8.325900e+01 1.923914e+01 3.750000e+00
    endloop
  endfacet
  facet normal -9.357168e-01 -3.527521e-01 0.000000e+00
    outer loop
      vertex   8.325900e+01 1.923914e+01 0.000000e+00
      vertex   8.325900e+01 1.923914e+01 3.750000e+00
      vertex   8.318999e+01 1.942218e+01 0.000000e+00
    endloop
  endfacet
  facet normal -9.357168e-01 -3.527521e-01 3.341939e-16
    outer loop
      vertex   8.318999e+01 1.942218e+01 0.000000e+00
      vertex   8.325900e+01 1.923914e+01 3.750000e+00
      vertex   8.318999e+01 1.942218e+01 3.750000e+00
    endloop
  endfacet
  facet normal -9.670277e-01 -2.546711e-01 2.412730e-16
    outer loop
      vertex   8.318999e+01 1.942218e+01 0.000000e+00
      vertex   8.318999e+01 1.942218e+01 3.750000e+00
      vertex   8.314017e+01 1.961135e+01 0.000000e+00
    endloop
  endfacet
  facet normal -9.670277e-01 -2.546711e-01 0.000000e+00
    outer loop
      vertex   8.314017e+01 1.961135e+01 0.000000e+00
      vertex   8.318999e+01 1.942218e+01 3.750000e+00
      vertex   8.314017e+01 1.961135e+01 3.750000e+00
    endloop
  endfacet
  facet normal -9.880879e-01 -1.538906e-01 0.000000e+00
    outer loop
      vertex   8.314017e+01 1.961135e+01 0.000000e+00
      vertex   8.314017e+01 1.961135e+01 3.750000e+00
      vertex   8.311007e+01 1.980464e+01 0.000000e+00
    endloop
  endfacet
  facet normal -9.880879e-01 -1.538906e-01 0.000000e+00
    outer loop
      vertex   8.311007e+01 1.980464e+01 0.000000e+00
      vertex   8.314017e+01 1.961135e+01 3.750000e+00
      vertex   8.311007e+01 1.980464e+01 3.750000e+00
    endloop
  endfacet
  facet normal -9.986741e-01 -5.147875e-02 -0.000000e+00
    outer loop
      vertex   8.310000e+01 2.000000e+01 1.125000e+01
      vertex   8.310000e+01 2.000000e+01 7.500000e+00
      vertex   8.311007e+01 1.980464e+01 1.125000e+01
    endloop
  endfacet
  facet normal -9.986741e-01 -5.147875e-02 -0.000000e+00
    outer loop
      vertex   8.311007e+01 1.980464e+01 1.125000e+01
      vertex   8.310000e+01 2.000000e+01 7.500000e+00
      vertex   8.311007e+01 1.980464e+01 7.500000e+00
    endloop
  endfacet
  facet normal -9.880879e-01 -1.538906e-01 -0.000000e+00
    outer loop
      vertex   8.311007e+01 1.980464e+01 1.125000e+01
      vertex   8.311007e+01 1.980464e+01 7.500000e+00
      vertex   8.314017e+01 1.961135e+01 1.125000e+01
    endloop
  endfacet
  facet normal -9.880879e-01 -1.538906e-01 -0.000000e+00
    outer loop
      vertex   8.314017e+01 1.961135e+01 1.125000e+01
      vertex   8.311007e+01 1.980464e+01 7.500000e+00
      vertex   8.314017e+01 1.961135e+01 7.500000e+00
    endloop
  endfacet
  facet normal -9.670277e-01 -2.546711e-01 -0.000000e+00
    outer loop
      vertex   8.314017e+01 1.961135e+01 1.125000e+01
      vertex   8.314017e+01 1.961135e+01 7.500000e+00
      vertex   8.318999e+01 1.942218e+01 1.125000e+01
    endloop
  endfacet
  facet normal -9.670277e-01 -2.546711e-01 -0.000000e+00
    outer loop
      vertex   8.318999e+01 1.942218e+01 1.125000e+01
      vertex   8.314017e+01 1.961135e+01 7.500000e+00
      vertex   8.318999e+01 1.942218e+01 7.500000e+00
    endloop
  endfacet
  facet normal -9.357168e-01 -3.527521e-01 -0.000000e+00
    outer loop
      vertex   8.318999e+01 1.942218e+01 1.125000e+01
      vertex   8.318999e+01 1.942218e+01 7.500000e+00
      vertex   8.325900e+01 1.923914e+01 1.125000e+01
    endloop
  endfacet
  facet normal -9.357168e-01 -3.527521e-01 -0.000000e+00
    outer loop
      vertex   8.325900e+01 1.923914e+01 1.125000e+01
      vertex   8.318999e+01 1.942218e+01 7.500000e+00
      vertex   8.325900e+01 1.923914e+01 7.500000e+00
    endloop
  endfacet
  facet normal -8.944871e-01 -4.470938e-01 -0.000000e+00
    outer loop
      vertex   8.325900e+01 1.923914e+01 1.125000e+01
      vertex   8.325900e+01 1.923914e+01 7.500000e+00
      vertex   8.334646e+01 1.906416e+01 1.125000e+01
    endloop
  endfacet
  facet normal -8.944871e-01 -4.470938e-01 -0.000000e+00
    outer loop
      vertex   8.334646e+01 1.906416e+01 1.125000e+01
      vertex   8.325900e+01 1.923914e+01 7.500000e+00
      vertex   8.334646e+01 1.906416e+01 7.500000e+00
    endloop
  endfacet
  facet normal -8.437756e-01 -5.366962e-01 -0.000000e+00
    outer loop
      vertex   8.334646e+01 1.906416e+01 1.125000e+01
      vertex   8.334646e+01 1.906416e+01 7.500000e+00
      vertex   8.345145e+01 1.889910e+01 1.125000e+01
    endloop
  endfacet
  facet normal -8.437756e-01 -5.366962e-01 -0.000000e+00
    outer loop
      vertex   8.345145e+01 1.889910e+01 1.125000e+01
      vertex   8.334646e+01 1.906416e+01 7.500000e+00
      vertex   8.345145e+01 1.889910e+01 7.500000e+00
    endloop
  endfacet
  facet normal -7.841198e-01 -6.206095e-01 -0.000000e+00
    outer loop
      vertex   8.345145e+01 1.889910e+01 1.125000e+01
      vertex   8.345145e+01 1.889910e+01 7.500000e+00
      vertex   8.357285e+01 1.874571e+01 1.125000e+01
    endloop
  endfacet
  facet normal -7.841198e-01 -6.206095e-01 -0.000000e+00
    outer loop
      vertex   8.357285e+01 1.874571e+01 1.125000e+01
      vertex   8.345145e+01 1.889910e+01 7.500000e+00
      vertex   8.357285e+01 1.874571e+01 7.500000e+00
    endloop
  endfacet
  facet normal -7.161522e-01 -6.979442e-01 -0.000000e+00
    outer loop
      vertex   8.357285e+01 1.874571e+01 1.125000e+01
      vertex   8.357285e+01 1.874571e+01 7.500000e+00
      vertex   8.370938e+01 1.860562e+01 1.125000e+01
    endloop
  endfacet
  facet normal -7.161522e-01 -6.979442e-01 -0.000000e+00
    outer loop
      vertex   8.370938e+01 1.860562e+01 1.125000e+01
      vertex   8.357285e+01 1.874571e+01 7.500000e+00
      vertex   8.370938e+01 1.860562e+01 7.500000e+00
    endloop
  endfacet
  facet normal -6.405932e-01 -7.678804e-01 -0.000000e+00
    outer loop
      vertex   8.370938e+01 1.860562e+01 1.125000e+01
      vertex   8.370938e+01 1.860562e+01 7.500000e+00
      vertex   8.385959e+01 1.848031e+01 1.125000e+01
    endloop
  endfacet
  facet normal -6.405932e-01 -7.678804e-01 -0.000000e+00
    outer loop
      vertex   8.385959e+01 1.848031e+01 1.125000e+01
      vertex   8.370938e+01 1.860562e+01 7.500000e+00
      vertex   8.385959e+01 1.848031e+01 7.500000e+00
    endloop
  endfacet
  facet normal -5.582437e-01 -8.296770e-01 -0.000000e+00
    outer loop
      vertex   8.385959e+01 1.848031e+01 1.125000e+01
      vertex   8.385959e+01 1.848031e+01 7.500000e+00
      vertex   8.402189e+01 1.837110e+01 1.125000e+01
    endloop
  endfacet
  facet normal -5.582437e-01 -8.296770e-01 -0.000000e+00
    outer loop
      vertex   8.402189e+01 1.837110e+01 1.125000e+01
      vertex   8.385959e+01 1.848031e+01 7.500000e+00
      vertex   8.402189e+01 1.837110e+01 7.500000e+00
    endloop
  endfacet
  facet normal -4.699767e-01 -8.826788e-01 -0.000000e+00
    outer loop
      vertex   8.402189e+01 1.837110e+01 1.125000e+01
      vertex   8.402189e+01 1.837110e+01 7.500000e+00
      vertex   8.419456e+01 1.827917e+01 1.125000e+01
    endloop
  endfacet
  facet normal -4.699767e-01 -8.826788e-01 -0.000000e+00
    outer loop
      vertex   8.419456e+01 1.827917e+01 1.125000e+01
      vertex   8.402189e+01 1.837110e+01 7.500000e+00
      vertex   8.419456e+01 1.827917e+01 7.500000e+00
    endloop
  endfacet
  facet normal -3.767279e-01 -9.263240e-01 -0.000000e+00
    outer loop
      vertex   8.419456e+01 1.827917e+01 1.125000e+01
      vertex   8.419456e+01 1.827917e+01 7.500000e+00
      vertex   8.437577e+01 1.820547e+01 1.125000e+01
    endloop
  endfacet
  facet normal -3.767279e-01 -9.263240e-01 -0.000000e+00
    outer loop
      vertex   8.437577e+01 1.820547e+01 1.125000e+01
      vertex   8.419456e+01 1.827917e+01 7.500000e+00
      vertex   8.437577e+01 1.820547e+01 7.500000e+00
    endloop
  endfacet
  facet normal -2.794856e-01 -9.601499e-01 -0.000000e+00
    outer loop
      vertex   8.437577e+01 1.820547e+01 1.125000e+01
      vertex   8.437577e+01 1.820547e+01 7.500000e+00
      vertex   8.456359e+01 1.815080e+01 1.125000e+01
    endloop
  endfacet
  facet normal -2.794856e-01 -9.601499e-01 -0.000000e+00
    outer loop
      vertex   8.456359e+01 1.815080e+01 1.125000e+01
      vertex   8.437577e+01 1.820547e+01 7.500000e+00
      vertex   8.456359e+01 1.815080e+01 7.500000e+00
    endloop
  endfacet
  facet normal -1.792808e-01 -9.837980e-01 -0.000000e+00
    outer loop
      vertex   8.456359e+01 1.815080e+01 1.125000e+01
      vertex   8.456359e+01 1.815080e+01 7.500000e+00
      vertex   8.475604e+01 1.811573e+01 1.125000e+01
    endloop
  endfacet
  facet normal -1.792808e-01 -9.837980e-01 -0.000000e+00
    outer loop
      vertex   8.475604e+01 1.811573e+01 1.125000e+01
      vertex   8.456359e+01 1.815080e+01 7.500000e+00
      vertex   8.475604e+01 1.811573e+01 7.500000e+00
    endloop
  endfacet
  facet normal -7.717546e-02 -9.970175e-01 -0.000000e+00
    outer loop
      vertex   8.475604e+01 1.811573e+01 1.125000e+01
      vertex   8.475604e+01 1.811573e+01 7.500000e+00
      vertex   8.495108e+01 1.810063e+01 1.125000e+01
    endloop
  endfacet
  facet normal -7.717546e-02 -9.970175e-01 -0.000000e+00
    outer loop
      vertex   8.495108e+01 1.810063e+01 1.125000e+01
      vertex   8.475604e+01 1.811573e+01 7.500000e+00
      vertex   8.495108e+01 1.810063e+01 7.500000e+00
    endloop
  endfacet
  facet normal 2.574791e-02 -9.996685e-01 0.000000e+00
    outer loop
      vertex   8.495108e+01 1.810063e+01 1.125000e+01
      vertex   8.495108e+01 1.810063e+01 7.500000e+00
      vertex   8.514663e+01 1.810567e+01 1.125000e+01
    endloop
  endfacet
  facet normal 2.574791e-02 -9.996685e-01 0.000000e+00
    outer loop
      vertex   8.514663e+01 1.810567e+01 1.125000e+01
      vertex   8.495108e+01 1.810063e+01 7.500000e+00
      vertex   8.514663e+01 1.810567e+01 7.500000e+00
    endloop
  endfacet
  facet normal 1.283984e-01 -9.917227e-01 0.000000e+00
    outer loop
      vertex   8.514663e+01 1.810567e+01 1.125000e+01
      vertex   8.514663e+01 1.810567e+01 7.500000e+00
      vertex   8.534063e+01 1.813078e+01 1.125000e+01
    endloop
  endfacet
  facet normal 1.283984e-01 -9.917227e-01 0.000000e+00
    outer loop
      vertex   8.534063e+01 1.813078e+01 1.125000e+01
      vertex   8.514663e+01 1.810567e+01 7.500000e+00
      vertex   8.534063e+01 1.813078e+01 7.500000e+00
    endloop
  endfacet
  facet normal 2.296877e-01 -9.732644e-01 0.000000e+00
    outer loop
      vertex   8.534063e+01 1.813078e+01 1.125000e+01
      vertex   8.534063e+01 1.813078e+01 7.500000e+00
      vertex   8.553102e+01 1.817572e+01 1.125000e+01
    endloop
  endfacet
  facet normal 2.296877e-01 -9.732644e-01 0.000000e+00
    outer loop
      vertex   8.553102e+01 1.817572e+01 1.125000e+01
      vertex   8.534063e+01 1.813078e+01 7.500000e+00
      vertex   8.553102e+01 1.817572e+01 7.500000e+00
    endloop
  endfacet
  facet normal 3.285424e-01 -9.444892e-01 0.000000e+00
    outer loop
      vertex   8.553102e+01 1.817572e+01 1.125000e+01
      vertex   8.553102e+01 1.817572e+01 7.500000e+00
      vertex   8.571578e+01 1.823998e+01 1.125000e+01
    endloop
  endfacet
  facet normal 3.285424e-01 -9.444892e-01 0.000000e+00
    outer loop
      vertex   8.571578e+01 1.823998e+01 1.125000e+01
      vertex   8.553102e+01 1.817572e+01 7.500000e+00
      vertex   8.571578e+01 1.823998e+01 7.500000e+00
    endloop
  endfacet
  facet normal 4.239144e-01 -9.057023e-01 0.000000e+00
    outer loop
      vertex   8.571578e+01 1.823998e+01 1.125000e+01
      vertex   8.571578e+01 1.823998e+01 7.500000e+00
      vertex   8.589296e+01 1.832291e+01 1.125000e+01
    endloop
  endfacet
  facet normal 4.239144e-01 -9.057023e-01 0.000000e+00
    outer loop
      vertex   8.589296e+01 1.832291e+01 1.125000e+01
      vertex   8.571578e+01 1.823998e+01 7.500000e+00
      vertex   8.589296e+01 1.832291e+01 7.500000e+00
    endloop
  endfacet
  facet normal 5.147928e-01 -8.573146e-01 0.000000e+00
    outer loop
      vertex   8.589296e+01 1.832291e+01 1.125000e+01
      vertex   8.589296e+01 1.832291e+01 7.500000e+00
      vertex   8.606066e+01 1.842361e+01 1.125000e+01
    endloop
  endfacet
  facet normal 5.147928e-01 -8.573146e-01 0.000000e+00
    outer loop
      vertex   8.606066e+01 1.842361e+01 1.125000e+01
      vertex   8.589296e+01 1.832291e+01 7.500000e+00
      vertex   8.606066e+01 1.842361e+01 7.500000e+00
    endloop
  endfacet
  facet normal 6.002143e-01 -7.998392e-01 0.000000e+00
    outer loop
      vertex   8.606066e+01 1.842361e+01 1.125000e+01
      vertex   8.606066e+01 1.842361e+01 7.500000e+00
      vertex   8.621713e+01 1.854103e+01 1.125000e+01
    endloop
  endfacet
  facet normal 6.002143e-01 -7.998392e-01 0.000000e+00
    outer loop
      vertex   8.621713e+01 1.854103e+01 1.125000e+01
      vertex   8.606066e+01 1.842361e+01 7.500000e+00
      vertex   8.621713e+01 1.854103e+01 7.500000e+00
    endloop
  endfacet
  facet normal 6.792733e-01 -7.338854e-01 0.000000e+00
    outer loop
      vertex   8.621713e+01 1.854103e+01 1.125000e+01
      vertex   8.621713e+01 1.854103e+01 7.500000e+00
      vertex   8.636069e+01 1.867391e+01 1.125000e+01
    endloop
  endfacet
  facet normal 6.792733e-01 -7.338854e-01 0.000000e+00
    outer loop
      vertex   8.636069e+01 1.867391e+01 1.125000e+01
      vertex   8.621713e+01 1.854103e+01 7.500000e+00
      vertex   8.636069e+01 1.867391e+01 7.500000e+00
    endloop
  endfacet
  facet normal 7.511319e-01 -6.601521e-01 0.000000e+00
    outer loop
      vertex   8.636069e+01 1.867391e+01 1.125000e+01
      vertex   8.636069e+01 1.867391e+01 7.500000e+00
      vertex   8.648983e+01 1.882084e+01 1.125000e+01
    endloop
  endfacet
  facet normal 7.511319e-01 -6.601521e-01 0.000000e+00
    outer loop
      vertex   8.648983e+01 1.882084e+01 1.125000e+01
      vertex   8.636069e+01 1.867391e+01 7.500000e+00
      vertex   8.648983e+01 1.882084e+01 7.500000e+00
    endloop
  endfacet
  facet normal 8.150283e-01 -5.794211e-01 0.000000e+00
    outer loop
      vertex   8.648983e+01 1.882084e+01 1.125000e+01
      vertex   8.648983e+01 1.882084e+01 7.500000e+00
      vertex   8.660317e+01 1.898028e+01 1.125000e+01
    endloop
  endfacet
  facet normal 8.150283e-01 -5.794211e-01 0.000000e+00
    outer loop
      vertex   8.660317e+01 1.898028e+01 1.125000e+01
      vertex   8.648983e+01 1.882084e+01 7.500000e+00
      vertex   8.660317e+01 1.898028e+01 7.500000e+00
    endloop
  endfacet
  facet normal 8.702852e-01 -4.925481e-01 0.000000e+00
    outer loop
      vertex   8.660317e+01 1.898028e+01 1.125000e+01
      vertex   8.660317e+01 1.898028e+01 7.500000e+00
      vertex   8.669953e+01 1.915052e+01 1.125000e+01
    endloop
  endfacet
  facet normal 8.702852e-01 -4.925481e-01 0.000000e+00
    outer loop
      vertex   8.669953e+01 1.915052e+01 1.125000e+01
      vertex   8.660317e+01 1.898028e+01 7.500000e+00
      vertex   8.669953e+01 1.915052e+01 7.500000e+00
    endloop
  endfacet
  facet normal 9.163169e-01 -4.004539e-01 0.000000e+00
    outer loop
      vertex   8.669953e+01 1.915052e+01 1.125000e+01
      vertex   8.669953e+01 1.915052e+01 7.500000e+00
      vertex   8.677786e+01 1.932977e+01 1.125000e+01
    endloop
  endfacet
  facet normal 9.163169e-01 -4.004539e-01 0.000000e+00
    outer loop
      vertex   8.677786e+01 1.932977e+01 1.125000e+01
      vertex   8.669953e+01 1.915052e+01 7.500000e+00
      vertex   8.677786e+01 1.932977e+01 7.500000e+00
    endloop
  endfacet
  facet normal 9.526354e-01 -3.041148e-01 0.000000e+00
    outer loop
      vertex   8.677786e+01 1.932977e+01 1.125000e+01
      vertex   8.677786e+01 1.932977e+01 7.500000e+00
      vertex   8.683735e+01 1.951612e+01 1.125000e+01
    endloop
  endfacet
  facet normal 9.526354e-01 -3.041148e-01 0.000000e+00
    outer loop
      vertex   8.683735e+01 1.951612e+01 1.125000e+01
      vertex   8.677786e+01 1.932977e+01 7.500000e+00
      vertex   8.683735e+01 1.951612e+01 7.500000e+00
    endloop
  endfacet
  facet normal 9.788557e-01 -2.045521e-01 0.000000e+00
    outer loop
      vertex   8.683735e+01 1.951612e+01 1.125000e+01
      vertex   8.683735e+01 1.951612e+01 7.500000e+00
      vertex   8.687737e+01 1.970761e+01 1.125000e+01
    endloop
  endfacet
  facet normal 9.788557e-01 -2.045521e-01 0.000000e+00
    outer loop
      vertex   8.687737e+01 1.970761e+01 1.125000e+01
      vertex   8.683735e+01 1.951612e+01 7.500000e+00
      vertex   8.687737e+01 1.970761e+01 7.500000e+00
    endloop
  endfacet
  facet normal 9.946999e-01 -1.028210e-01 0.000000e+00
    outer loop
      vertex   8.687737e+01 1.970761e+01 1.125000e+01
      vertex   8.687737e+01 1.970761e+01 7.500000e+00
      vertex   8.689748e+01 1.990219e+01 1.125000e+01
    endloop
  endfacet
  facet normal 9.946999e-01 -1.028210e-01 0.000000e+00
    outer loop
      vertex   8.689748e+01 1.990219e+01 1.125000e+01
      vertex   8.687737e+01 1.970761e+01 7.500000e+00
      vertex   8.689748e+01 1.990219e+01 7.500000e+00
    endloop
  endfacet
  facet normal 1.000000e+00 -0.000000e+00 0.000000e+00
    outer loop
      vertex   8.689748e+01 1.990219e+01 1.125000e+01
      vertex   8.689748e+01 1.990219e+01 7.500000e+00
      vertex   8.689748e+01 2.009781e+01 1.125000e+01
    endloop
  endfacet
  facet normal 1.000000e+00 0.000000e+00 0.000000e+00
    outer loop
      vertex   8.689748e+01 2.009781e+01 1.125000e+01
      vertex   8.689748e+01 1.990219e+01 7.500000e+00
      vertex   8.689748e+01 2.009781e+01 7.500000e+00
    endloop
  endfacet
  facet normal 9.946999e-01 1.028210e-01 0.000000e+00
    outer loop
      vertex   8.689748e+01 2.009781e+01 1.125000e+01
      vertex   8.689748e+01 2.009781e+01 7.500000e+00
      vertex   8.687737e+01 2.029239e+01 1.125000e+01
    endloop
  endfacet
  facet normal 9.946999e-01 1.028210e-01 0.000000e+00
    outer loop
      vertex   8.687737e+01 2.029239e+01 1.125000e+01
      vertex   8.689748e+01 2.009781e+01 7.500000e+00
      vertex   8.687737e+01 2.029239e+01 7.500000e+00
    endloop
  endfacet
  facet normal 9.788557e-01 2.045521e-01 0.000000e+00
    outer loop
      vertex   8.687737e+01 2.029239e+01 1.125000e+01
      vertex   8.687737e+01 2.029239e+01 7.500000e+00
      vertex   8.683735e+01 2.048388e+01 1.125000e+01
    endloop
  endfacet
  facet normal 9.788557e-01 2.045521e-01 0.000000e+00
    outer loop
      vertex   8.683735e+01 2.048388e+01 1.125000e+01
      vertex   8.687737e+01 2.029239e+01 7.500000e+00
      vertex   8.683735e+01 2.048388e+01 7.500000e+00
    endloop
  endfacet
  facet normal 9.526354e-01 3.041148e-01 0.000000e+00
    outer loop
      vertex   8.683735e+01 2.048388e+01 1.125000e+01
      vertex   8.683735e+01 2.048388e+01 7.500000e+00
      vertex   8.677786e+01 2.067023e+01 1.125000e+01
    endloop
  endfacet
  facet normal 9.526354e-01 3.041148e-01 0.000000e+00
    outer loop
      vertex   8.677786e+01 2.067023e+01 1.125000e+01
      vertex   8.683735e+01 2.048388e+01 7.500000e+00
      vertex   8.677786e+01 2.067023e+01 7.500000e+00
    endloop
  endfacet
  facet normal 9.163169e-01 4.004539e-01 0.000000e+00
    outer loop
      vertex   8.677786e+01 2.067023e+01 1.125000e+01
      vertex   8.677786e+01 2.067023e+01 7.500000e+00
      vertex   8.669953e+01 2.084948e+01 1.125000e+01
    endloop
  endfacet
  facet normal 9.163169e-01 4.004539e-01 0.000000e+00
    outer loop
      vertex   8.669953e+01 2.084948e+01 1.125000e+01
      vertex   8.677786e+01 2.067023e+01 7.500000e+00
      vertex   8.669953e+01 2.084948e+01 7.500000e+00
    endloop
  endfacet
  facet normal 8.702852e-01 4.925481e-01 0.000000e+00
    outer loop
      vertex   8.669953e+01 2.084948e+01 1.125000e+01
      vertex   8.669953e+01 2.084948e+01 7.500000e+00
      vertex   8.660317e+01 2.101972e+01 1.125000e+01
    endloop
  endfacet
  facet normal 8.702852e-01 4.925481e-01 0.000000e+00
    outer loop
      vertex   8.660317e+01 2.101972e+01 1.125000e+01
      vertex   8.669953e+01 2.084948e+01 7.500000e+00
      vertex   8.660317e+01 2.101972e+01 7.500000e+00
    endloop
  endfacet
  facet normal 8.150283e-01 5.794211e-01 0.000000e+00
    outer loop
      vertex   8.660317e+01 2.101972e+01 1.125000e+01
      vertex   8.660317e+01 2.101972e+01 7.500000e+00
      vertex   8.648983e+01 2.117916e+01 1.125000e+01
    endloop
  endfacet
  facet normal 8.150283e-01 5.794211e-01 0.000000e+00
    outer loop
      vertex   8.648983e+01 2.117916e+01 1.125000e+01
      vertex   8.660317e+01 2.101972e+01 7.500000e+00
      vertex   8.648983e+01 2.117916e+01 7.500000e+00
    endloop
  endfacet
  facet normal 7.511319e-01 6.601521e-01 0.000000e+00
    outer loop
      vertex   8.648983e+01 2.117916e+01 1.125000e+01
      vertex   8.648983e+01 2.117916e+01 7.500000e+00
      vertex   8.636069e+01 2.132609e+01 1.125000e+01
    endloop
  endfacet
  facet normal 7.511319e-01 6.601521e-01 0.000000e+00
    outer loop
      vertex   8.636069e+01 2.132609e+01 1.125000e+01
      vertex   8.648983e+01 2.117916e+01 7.500000e+00
      vertex   8.636069e+01 2.132609e+01 7.500000e+00
    endloop
  endfacet
  facet normal 6.792733e-01 7.338854e-01 0.000000e+00
    outer loop
      vertex   8.636069e+01 2.132609e+01 1.125000e+01
      vertex   8.636069e+01 2.132609e+01 7.500000e+00
      vertex   8.621713e+01 2.145897e+01 1.125000e+01
    endloop
  endfacet
  facet normal 6.792733e-01 7.338854e-01 0.000000e+00
    outer loop
      vertex   8.621713e+01 2.145897e+01 1.125000e+01
      vertex   8.636069e+01 2.132609e+01 7.500000e+00
      vertex   8.621713e+01 2.145897e+01 7.500000e+00
    endloop
  endfacet
  facet normal 6.002143e-01 7.998392e-01 0.000000e+00
    outer loop
      vertex   8.621713e+01 2.145897e+01 1.125000e+01
      vertex   8.621713e+01 2.145897e+01 7.500000e+00
      vertex   8.606066e+01 2.157639e+01 1.125000e+01
    endloop
  endfacet
  facet normal 6.002143e-01 7.998392e-01 0.000000e+00
    outer loop
      vertex   8.606066e+01 2.157639e+01 1.125000e+01
      vertex   8.621713e+01 2.145897e+01 7.500000e+00
      vertex   8.606066e+01 2.157639e+01 7.500000e+00
    endloop
  endfacet
  facet normal 5.147928e-01 8.573146e-01 0.000000e+00
    outer loop
      vertex   8.606066e+01 2.157639e+01 1.125000e+01
      vertex   8.606066e+01 2.157639e+01 7.500000e+00
      vertex   8.589296e+01 2.167709e+01 1.125000e+01
    endloop
  endfacet
  facet normal 5.147928e-01 8.573146e-01 0.000000e+00
    outer loop
      vertex   8.589296e+01 2.167709e+01 1.125000e+01
      vertex   8.606066e+01 2.157639e+01 7.500000e+00
      vertex   8.589296e+01 2.167709e+01 7.500000e+00
    endloop
  endfacet
  facet normal 4.239144e-01 9.057023e-01 0.000000e+00
    outer loop
      vertex   8.589296e+01 2.167709e+01 1.125000e+01
      vertex   8.589296e+01 2.167709e+01 7.500000e+00
      vertex   8.571578e+01 2.176002e+01 1.125000e+01
    endloop
  endfacet
  facet normal 4.239144e-01 9.057023e-01 0.000000e+00
    outer loop
      vertex   8.571578e+01 2.176002e+01 1.125000e+01
      vertex   8.589296e+01 2.167709e+01 7.500000e+00
      vertex   8.571578e+01 2.176002e+01 7.500000e+00
    endloop
  endfacet
  facet normal 3.285424e-01 9.444892e-01 0.000000e+00
    outer loop
      vertex   8.571578e+01 2.176002e+01 1.125000e+01
      vertex   8.571578e+01 2.176002e+01 7.500000e+00
      vertex   8.553102e+01 2.182428e+01 1.125000e+01
    endloop
  endfacet
  facet normal 3.285424e-01 9.444892e-01 0.000000e+00
    outer loop
      vertex   8.553102e+01 2.182428e+01 1.125000e+01
      vertex   8.571578e+01 2.176002e+01 7.500000e+00
      vertex   8.553102e+01 2.182428e+01 7.500000e+00
    endloop
  endfacet
  facet normal 2.296877e-01 9.732644e-01 0.000000e+00
    outer loop
      vertex   8.553102e+01 2.182428e+01 1.125000e+01
      vertex   8.553102e+01 2.182428e+01 7.500000e+00
      vertex   8.534063e+01 2.186922e+01 1.125000e+01
    endloop
  endfacet
  facet normal 2.296877e-01 9.732644e-01 0.000000e+00
    outer loop
      vertex   8.534063e+01 2.186922e+01 1.125000e+01
      vertex   8.553102e+01 2.182428e+01 7.500000e+00
      vertex   8.534063e+01 2.186922e+01 7.500000e+00
    endloop
  endfacet
  facet normal 1.283984e-01 9.917227e-01 0.000000e+00
    outer loop
      vertex   8.534063e+01 2.186922e+01 1.125000e+01
      vertex   8.534063e+01 2.186922e+01 7.500000e+00
      vertex   8.514663e+01 2.189433e+01 1.125000e+01
    endloop
  endfacet
  facet normal 1.283984e-01 9.917227e-01 0.000000e+00
    outer loop
      vertex   8.514663e+01 2.189433e+01 1.125000e+01
      vertex   8.534063e+01 2.186922e+01 7.500000e+00
      vertex   8.514663e+01 2.189433e+01 7.500000e+00
    endloop
  endfacet
  facet normal 2.574791e-02 9.996685e-01 0.000000e+00
    outer loop
      vertex   8.514663e+01 2.189433e+01 1.125000e+01
      vertex   8.514663e+01 2.189433e+01 7.500000e+00
      vertex   8.495108e+01 2.189937e+01 1.125000e+01
    endloop
  endfacet
  facet normal 2.574791e-02 9.996685e-01 0.000000e+00
    outer loop
      vertex   8.495108e+01 2.189937e+01 1.125000e+01
      vertex   8.514663e+01 2.189433e+01 7.500000e+00
      vertex   8.495108e+01 2.189937e+01 7.500000e+00
    endloop
  endfacet
  facet normal -7.717546e-02 9.970175e-01 0.000000e+00
    outer loop
      vertex   8.495108e+01 2.189937e+01 1.125000e+01
      vertex   8.495108e+01 2.189937e+01 7.500000e+00
      vertex   8.475604e+01 2.188427e+01 1.125000e+01
    endloop
  endfacet
  facet normal -7.717546e-02 9.970175e-01 0.000000e+00
    outer loop
      vertex   8.475604e+01 2.188427e+01 1.125000e+01
      vertex   8.495108e+01 2.189937e+01 7.500000e+00
      vertex   8.475604e+01 2.188427e+01 7.500000e+00
    endloop
  endfacet
  facet normal -1.792808e-01 9.837980e-01 0.000000e+00
    outer loop
      vertex   8.475604e+01 2.188427e+01 1.125000e+01
      vertex   8.475604e+01 2.188427e+01 7.500000e+00
      vertex   8.456359e+01 2.184920e+01 1.125000e+01
    endloop
  endfacet
  facet normal -1.792808e-01 9.837980e-01 0.000000e+00
    outer loop
      vertex   8.456359e+01 2.184920e+01 1.125000e+01
      vertex   8.475604e+01 2.188427e+01 7.500000e+00
      vertex   8.456359e+01 2.184920e+01 7.500000e+00
    endloop
  endfacet
  facet normal -2.794856e-01 9.601499e-01 0.000000e+00
    outer loop
      vertex   8.456359e+01 2.184920e+01 1.125000e+01
      vertex   8.456359e+01 2.184920e+01 7.500000e+00
      vertex   8.437577e+01 2.179453e+01 1.125000e+01
    endloop
  endfacet
  facet normal -2.794856e-01 9.601499e-01 0.000000e+00
    outer loop
      vertex   8.437577e+01 2.179453e+01 1.125000e+01
      vertex   8.456359e+01 2.184920e+01 7.500000e+00
      vertex   8.437577e+01 2.179453e+01 7.500000e+00
    endloop
  endfacet
  facet normal -3.767279e-01 9.263240e-01 0.000000e+00
    outer loop
      vertex   8.437577e+01 2.179453e+01 1.125000e+01
      vertex   8.437577e+01 2.179453e+01 7.500000e+00
      vertex   8.419456e+01 2.172083e+01 1.125000e+01
    endloop
  endfacet
  facet normal -3.767279e-01 9.263240e-01 0.000000e+00
    outer loop
      vertex   8.419456e+01 2.172083e+01 1.125000e+01
      vertex   8.437577e+01 2.179453e+01 7.500000e+00
      vertex   8.419456e+01 2.172083e+01 7.500000e+00
    endloop
  endfacet
  facet normal -4.699767e-01 8.826788e-01 0.000000e+00
    outer loop
      vertex   8.419456e+01 2.172083e+01 1.125000e+01
      vertex   8.419456e+01 2.172083e+01 7.500000e+00
      vertex   8.402189e+01 2.162890e+01 1.125000e+01
    endloop
  endfacet
  facet normal -4.699767e-01 8.826788e-01 0.000000e+00
    outer loop
      vertex   8.402189e+01 2.162890e+01 1.125000e+01
      vertex   8.419456e+01 2.172083e+01 7.500000e+00
      vertex   8.402189e+01 2.162890e+01 7.500000e+00
    endloop
  endfacet
  facet normal -5.582437e-01 8.296770e-01 0.000000e+00
    outer loop
      vertex   8.402189e+01 2.162890e+01 1.125000e+01
      vertex   8.402189e+01 2.162890e+01 7.500000e+00
      vertex   8.385959e+01 2.151969e+01 1.125000e+01
    endloop
  endfacet
  facet normal -5.582437e-01 8.296770e-01 0.000000e+00
    outer loop
      vertex   8.385959e+01 2.151969e+01 1.125000e+01
      vertex   8.402189e+01 2.162890e+01 7.500000e+00
      vertex   8.385959e+01 2.151969e+01 7.500000e+00
    endloop
  endfacet
  facet normal -6.405932e-01 7.678804e-01 0.000000e+00
    outer loop
      vertex   8.385959e+01 2.151969e+01 1.125000e+01
      vertex   8.385959e+01 2.151969e+01 7.500000e+00
      vertex   8.370938e+01 2.139438e+01 1.125000e+01
    endloop
  endfacet
  facet normal -6.405932e-01 7.678804e-01 0.000000e+00
    outer loop
      vertex   8.370938e+01 2.139438e+01 1.125000e+01
      vertex   8.385959e+01 2.151969e+01 7.500000e+00
      vertex   8.370938e+01 2.139438e+01 7.500000e+00
    endloop
  endfacet
  facet normal -7.161522e-01 6.979442e-01 0.000000e+00
    outer loop
      vertex   8.370938e+01 2.139438e+01 1.125000e+01
      vertex   8.370938e+01 2.139438e+01 7.500000e+00
      vertex   8.357285e+01 2.125429e+01 1.125000e+01
    endloop
  endfacet
  facet normal -7.161522e-01 6.979442e-01 0.000000e+00
    outer loop
      vertex   8.357285e+01 2.125429e+01 1.125000e+01
      vertex   8.370938e+01 2.139438e+01 7.500000e+00
      vertex   8.357285e+01 2.125429e+01 7.500000e+00
    endloop
  endfacet
  facet normal -7.841198e-01 6.206095e-01 0.000000e+00
    outer loop
      vertex   8.357285e+01 2.125429e+01 1.125000e+01
      vertex   8.357285e+01 2.125429e+01 7.500000e+00
      vertex   8.345145e+01 2.110090e+01 1.125000e+01
    endloop
  endfacet
  facet normal -7.841198e-01 6.206095e-01 0.000000e+00
    outer loop
      vertex   8.345145e+01 2.110090e+01 1.125000e+01
      vertex   8.357285e+01 2.125429e+01 7.500000e+00
      vertex   8.345145e+01 2.110090e+01 7.500000e+00
    endloop
  endfacet
  facet normal -8.437756e-01 5.366962e-01 0.000000e+00
    outer loop
      vertex   8.345145e+01 2.110090e+01 1.125000e+01
      vertex   8.345145e+01 2.110090e+01 7.500000e+00
      vertex   8.334646e+01 2.093584e+01 1.125000e+01
    endloop
  endfacet
  facet normal -8.437756e-01 5.366962e-01 0.000000e+00
    outer loop
      vertex   8.334646e+01 2.093584e+01 1.125000e+01
      vertex   8.345145e+01 2.110090e+01 7.500000e+00
      vertex   8.334646e+01 2.093584e+01 7.500000e+00
    endloop
  endfacet
  facet normal -8.944871e-01 4.470938e-01 0.000000e+00
    outer loop
      vertex   8.334646e+01 2.093584e+01 1.125000e+01
      vertex   8.334646e+01 2.093584e+01 7.500000e+00
      vertex   8.325900e+01 2.076086e+01 1.125000e+01
    endloop
  endfacet
  facet normal -8.944871e-01 4.470938e-01 0.000000e+00
    outer loop
      vertex   8.325900e+01 2.076086e+01 1.125000e+01
      vertex   8.334646e+01 2.093584e+01 7.500000e+00
      vertex   8.325900e+01 2.076086e+01 7.500000e+00
    endloop
  endfacet
  facet normal -9.357168e-01 3.527521e-01 0.000000e+00
    outer loop
      vertex   8.325900e+01 2.076086e+01 1.125000e+01
      vertex   8.325900e+01 2.076086e+01 7.500000e+00
      vertex   8.318999e+01 2.057782e+01 1.125000e+01
    endloop
  endfacet
  facet normal -9.357168e-01 3.527521e-01 0.000000e+00
    outer loop
      vertex   8.318999e+01 2.057782e+01 1.125000e+01
      vertex   8.325900e+01 2.076086e+01 7.500000e+00
      vertex   8.318999e+01 2.057782e+01 7.500000e+00
    endloop
  endfacet
  facet normal -9.670277e-01 2.546711e-01 0.000000e+00
    outer loop
      vertex   8.318999e+01 2.057782e+01 1.125000e+01
      vertex   8.318999e+01 2.057782e+01 7.500000e+00
      vertex   8.314017e+01 2.038865e+01 1.125000e+01
    endloop
  endfacet
  facet normal -9.670277e-01 2.546711e-01 0.000000e+00
    outer loop
      vertex   8.314017e+01 2.038865e+01 1.125000e+01
      vertex   8.318999e+01 2.057782e+01 7.500000e+00
      vertex   8.314017e+01 2.038865e+01 7.500000e+00
    endloop
  endfacet
  facet normal -9.880879e-01 1.538906e-01 0.000000e+00
    outer loop
      vertex   8.314017e+01 2.038865e+01 1.125000e+01
      vertex   8.314017e+01 2.038865e+01 7.500000e+00
      vertex   8.311007e+01 2.019536e+01 1.125000e+01
    endloop
  endfacet
  facet normal -9.880879e-01 1.538906e-01 0.000000e+00
    outer loop
      vertex   8.311007e+01 2.019536e+01 1.125000e+01
      vertex   8.314017e+01 2.038865e+01 7.500000e+00
      vertex   8.311007e+01 2.019536e+01 7.500000e+00
    endloop
  endfacet
  facet normal -9.986741e-01 5.147875e-02 0.000000e+00
    outer loop
      vertex   8.311007e+01 2.019536e+01 1.125000e+01
      vertex   8.311007e+01 2.019536e+01 7.500000e+00
      vertex   8.310000e+01 2.000000e+01 1.125000e+01
    endloop
  endfacet
  facet normal -9.986741e-01 5.147875e-02 0.000000e+00
    outer loop
      vertex   8.310000e+01 2.000000e+01 1.125000e+01
      vertex   8.311007e+01 2.019536e+01 7.500000e+00
      vertex   8.310000e+01 2.000000e+01 7.500000e+00
    endloop
  endfacet
  facet normal -9.986741e-01 -5.147875e-02 -0.000000e+00
    outer loop
      vertex   8.310000e+01 2.000000e+01 7.500000e+00
      vertex   8.310000e+01 2.000000e+01 3.750000e+00
      vertex   8.311007e+01 1.980464e+01 7.500000e+00
    endloop
  endfacet
  facet normal -9.986741e-01 -5.147875e-02 -0.000000e+00
    outer loop
      vertex   8.311007e+01 1.980464e+01 7.500000e+00
      vertex   8.310000e+01 2.000000e+01 3.750000e+00
      vertex   8.311007e+01 1.980464e+01 3.750000e+00
    endloop
  endfacet
  facet normal -9.880879e-01 -1.538906e-01 -0.000000e+00
    outer loop
      vertex   8.311007e+01 1.980464e+01 7.500000e+00
      vertex   8.311007e+01 1.980464e+01 3.750000e+00
      vertex   8.314017e+01 1.961135e+01 7.500000e+00
    endloop
  endfacet
  facet normal -9.880879e-01 -1.538906e-01 -0.000000e+00
    outer loop
      vertex   8.314017e+01 1.961135e+01 7.500000e+00
      vertex   8.311007e+01 1.980464e+01 3.750000e+00
      vertex   8.314017e+01 1.961135e+01 3.750000e+00
    endloop
  endfacet
  facet normal -9.670277e-01 -2.546711e-01 -0.000000e+00
    outer loop
      vertex   8.314017e+01 1.961135e+01 7.500000e+00
      vertex   8.314017e+01 1.961135e+01 3.750000e+00
      vertex   8.318999e+01 1.942218e+01 7.500000e+00
    endloop
  endfacet
  facet normal -9.670277e-01 -2.546711e-01 -0.000000e+00
    outer loop
      vertex   8.318999e+01 1.942218e+01 7.500000e+00
      vertex   8.314017e+01 1.961135e+01 3.750000e+00
      vertex   8.318999e+01 1.942218e+01 3.750000e+00
    endloop
  endfacet
  facet normal -9.357168e-01 -3.527521e-01 -0.000000e+00
    outer loop
      vertex   8.318999e+01 1.942218e+01 7.500000e+00
      vertex   8.318999e+01 1.942218e+01 3.750000e+00
      vertex   8.325900e+01 1.923914e+01 7.500000e+00
    endloop
  endfacet
  facet normal -9.357168e-01 -3.527521e-01 -0.000000e+00
    outer loop
      vertex   8.325900e+01 1.923914e+01 7.500000e+00
      vertex   8.318999e+01 1.942218e+01 3.750000e+00
      vertex   8.325900e+01 1.923914e+01 3.750000e+00
    endloop
  endfacet
  facet normal -8.944871e-01 -4.470938e-01 -0.000000e+00
    outer loop
      vertex   8.325900e+01 1.923914e+01 7.500000e+00
      vertex   8.325900e+01 1.923914e+01 3.750000e+00
      vertex   8.334646e+01 1.906416e+01 7.500000e+00
    endloop
  endfacet
  facet normal -8.944871e-01 -4.470938e-01 -0.000000e+00
    outer loop
      vertex   8.334646e+01 1.906416e+01 7.500000e+00
      vertex   8.325900e+01 1.923914e+01 3.750000e+00
      vertex   8.334646e+01 1.906416e+01 3.750000e+00
    endloop
  endfacet
  facet normal -8.437756e-01 -5.366962e-01 -0.000000e+00
    outer loop
      vertex   8.334646e+01 1.906416e+01 7.500000e+00
      vertex   8.334646e+01 1.906416e+01 3.750000e+00
      vertex   8.345145e+01 1.889910e+01 7.500000e+00
    endloop
  endfacet
  facet normal -8.437756e-01 -5.366962e-01 -0.000000e+00
    outer loop
      vertex   8.345145e+01 1.889910e+01 7.500000e+00
      vertex   8.334646e+01 1.906416e+01 3.750000e+00
      vertex   8.345145e+01 1.889910e+01 3.750000e+00
    endloop
  endfacet
  facet normal -7.841198e-01 -6.206095e-01 -0.000000e+00
    outer loop
      vertex   8.345145e+01 1.889910e+01 7.500000e+00
      vertex   8.345145e+01 1.889910e+01 3.750000e+00
      vertex   8.357285e+01 1.874571e+01 7.500000e+00
    endloop
  endfacet
  facet normal -7.841198e-01 -6.206095e-01 -0.000000e+00
    outer loop
      vertex   8.357285e+01 1.874571e+01 7.500000e+00
      vertex   8.345145e+01 1.889910e+01 3.750000e+00
      vertex   8.357285e+01 1.874571e+01 3.750000e+00
    endloop
  endfacet
  facet normal -7.161522e-01 -6.979442e-01 -0.000000e+00
    outer loop
      vertex   8.357285e+01 1.874571e+01 7.500000e+00
      vertex   8.357285e+01 1.874571e+01 3.750000e+00
      vertex   8.370938e+01 1.860562e+01 7.500000e+00
    endloop
  endfacet
  facet normal -7.161522e-01 -6.979442e-01 -0.000000e+00
    outer loop
      vertex   8.370938e+01 1.860562e+01 7.500000e+00
      vertex   8.357285e+01 1.874571e+01 3.750000e+00
      vertex   8.370938e+01 1.860562e+01 3.750000e+00
    endloop
  endfacet
  facet normal -6.405932e-01 -7.678804e-01 -0.000000e+00
    outer loop
      vertex   8.370938e+01 1.860562e+01 7.500000e+00
      vertex   8.370938e+01 1.860562e+01 3.750000e+00
      vertex   8.385959e+01 1.848031e+01 7.500000e+00
    endloop
  endfacet
  facet normal -6.405932e-01 -7.678804e-01 -0.000000e+00
    outer loop
      vertex   8.385959e+01 1.848031e+01 7.500000e+00
      vertex   8.370938e+01 1.860562e+01 3.750000e+00
      vertex   8.385959e+01 1.848031e+01 3.750000e+00
    endloop
  endfacet
  facet normal -5.582437e-01 -8.296770e-01 -0.000000e+00
    outer loop
      vertex   8.385959e+01 1.848031e+01 7.500000e+00
      vertex   8.385959e+01 1.848031e+01 3.750000e+00
      vertex   8.402189e+01 1.837110e+01 7.500000e+00
    endloop
  endfacet
  facet normal -5.582437e-01 -8.296770e-01 -0.000000e+00
    outer loop
      vertex   8.402189e+01 1.837110e+01 7.500000e+00
      vertex   8.385959e+01 1.848031e+01 3.750000e+00
      vertex   8.402189e+01 1.837110e+01 3.750000e+00
    endloop
  endfacet
  facet normal -4.699767e-01 -8.826788e-01 -0.000000e+00
    outer loop
      vertex   8.402189e+01 1.837110e+01 7.500000e+00
      vertex   8.402189e+01 1.837110e+01 3.750000e+00
      vertex   8.419456e+01 1.827917e+01 7.500000e+00
    endloop
  endfacet
  facet normal -4.699767e-01 -8.826788e-01 -0.000000e+00
    outer loop
      vertex   8.419456e+01 1.827917e+01 7.500000e+00
      vertex   8.402189e+01 1.837110e+01 3.750000e+00
      vertex   8.419456e+01 1.827917e+01 3.750000e+00
    endloop
  endfacet
  facet normal -3.767279e-01 -9.263240e-01 -0.000000e+00
    outer loop
      vertex   8.419456e+01 1.827917e+01 7.500000e+00
      vertex   8.419456e+01 1.827917e+01 3.750000e+00
      vertex   8.437577e+01 1.820547e+01 7.500000e+00
    endloop
  endfacet
  facet normal -3.767279e-01 -9.263240e-01 -0.000000e+00
    outer loop
      vertex   8.437577e+01 1.820547e+01 7.500000e+00
      vertex   8.419456e+01 1.827917e+01 3.750000e+00
      vertex   8.437577e+01 1.820547e+01 3.750000e+00
    endloop
  endfacet
  facet normal -2.794856e-01 -9.601499e-01 -0.000000e+00
    outer loop
      vertex   8.437577e+01 1.820547e+01 7.500000e+00
      vertex   8.437577e+01 1.820547e+01 3.750000e+00
      vertex   8.456359e+01 1.815080e+01 7.500000e+00
    endloop
  endfacet
  facet normal -2.794856e-01 -9.601499e-01 -0.000000e+00
    outer loop
      vertex   8.456359e+01 1.815080e+01 7.500000e+00
      vertex   8.437577e+01 1.820547e+01 3.750000e+00
      vertex   8.456359e+01 1.815080e+01 3.750000e+00
    endloop
  endfacet
  facet normal -1.792808e-01 -9.837980e-01 -0.000000e+00
    outer loop
      vertex   8.456359e+01 1.815080e+01 7.500000e+00
      vertex   8.456359e+01 1.815080e+01 3.750000e+00
      vertex   8.475604e+01 1.811573e+01 7.500000e+00
    endloop
  endfacet
  facet normal -1.792808e-01 -9.837980e-01 -0.000000e+00
    outer loop
      vertex   8.475604e+01 1.811573e+01 7.500000e+00
      vertex   8.456359e+01 1.815080e+01 3.750000e+00
      vertex   8.475604e+01 1.811573e+01 3.750000e+00
    endloop
  endfacet
  facet normal -7.717546e-02 -9.970175e-01 -0.000000e+00
    outer loop
      vertex   8.475604e+01 1.811573e+01 7.500000e+00
      vertex   8.475604e+01 1.811573e+01 3.750000e+00
      vertex   8.495108e+01 1.810063e+01 7.500000e+00
    endloop
  endfacet
  facet normal -7.717546e-02 -9.970175e-01 -0.000000e+00
    outer loop
      vertex   8.495108e+01 1.810063e+01 7.500000e+00
      vertex   8.475604e+01 1.811573e+01 3.750000e+00
      vertex   8.495108e+01 1.810063e+01 3.750000e+00
    endloop
  endfacet
  facet normal 2.574791e-02 -9.996685e-01 0.000000e+00
    outer loop
      vertex   8.495108e+01 1.810063e+01 7.500000e+00
      vertex   8.495108e+01 1.810063e+01 3.750000e+00
      vertex   8.514663e+01 1.810567e+01 7.500000e+00
    endloop
  endfacet
  facet normal 2.574791e-02 -9.996685e-01 0.000000e+00
    outer loop
      vertex   8.514663e+01 1.810567e+01 7.500000e+00
      vertex   8.495108e+01 1.810063e+01 3.750000e+00
      vertex   8.514663e+01 1.810567e+01 3.750000e+00
    endloop
  endfacet
  facet normal 1.283984e-01 -9.917227e-01 0.000000e+00
    outer loop
      vertex   8.514663e+01 1.810567e+01 7.500000e+00
      vertex   8.514663e+01 1.810567e+01 3.750000e+00
      vertex   8.534063e+01 1.813078e+01 7.500000e+00
    endloop
  endfacet
  facet normal 1.283984e-01 -9.917227e-01 0.000000e+00
    outer loop
      vertex   8.534063e+01 1.813078e+01 7.500000e+00
      vertex   8.514663e+01 1.810567e+01 3.750000e+00
      vertex   8.534063e+01 1.813078e+01 3.750000e+00
    endloop
  endfacet
  facet normal 2.296877e-01 -9.732644e-01 0.000000e+00
    outer loop
      vertex   8.534063e+01 1.813078e+01 7.500000e+00
      vertex   8.534063e+01 1.813078e+01 3.750000e+00
      vertex   8.553102e+01 1.817572e+01 7.500000e+00
    endloop
  endfacet
  facet normal 2.296877e-01 -9.732644e-01 0.000000e+00
    outer loop
      vertex   8.553102e+01 1.817572e+01 7.500000e+00
      vertex   8.534063e+01 1.813078e+01 3.750000e+00
      vertex   8.553102e+01 1.817572e+01 3.750000e+00
    endloop
  endfacet
  facet normal 3.285424e-01 -9.444892e-01 0.000000e+00
    outer loop
      vertex   8.553102e+01 1.817572e+01 7.500000e+00
      vertex   8.553102e+01 1.817572e+01 3.750000e+00
      vertex   8.571578e+01 1.823998e+01 7.500000e+00
    endloop
  endfacet
  facet normal 3.285424e-01 -9.444892e-01 0.000000e+00
    outer loop
      vertex   8.571578e+01 1.823998e+01 7.500000e+00
      vertex   8.553102e+01 1.817572e+01 3.750000e+00
      vertex   8.571578e+01 1.823998e+01 3.750000e+00
    endloop
  endfacet
  facet normal 4.239144e-01 -9.057023e-01 0.000000e+00
    outer loop
      vertex   8.571578e+01 1.823998e+01 7.500000e+00
      vertex   8.571578e+01 1.823998e+01 3.750000e+00
      vertex   8.589296e+01 1.832291e+01 7.500000e+00
    endloop
  endfacet
  facet normal 4.239144e-01 -9.057023e-01 0.000000e+00
    outer loop
      vertex   8.589296e+01 1.832291e+01 7.500000e+00
      vertex   8.571578e+01 1.823998e+01 3.750000e+00
      vertex   8.589296e+01 1.832291e+01 3.750000e+00
    endloop
  endfacet
  facet normal 5.147928e-01 -8.573146e-01 0.000000e+00
    outer loop
      vertex   8.589296e+01 1.832291e+01 7.500000e+00
      vertex   8.589296e+01 1.832291e+01 3.750000e+00
      vertex   8.606066e+01 1.842361e+01 7.500000e+00
    endloop
  endfacet
  facet normal 5.147928e-01 -8.573146e-01 0.000000e+00
    outer loop
      vertex   8.606066e+01 1.842361e+01 7.500000e+00
      vertex   8.589296e+01 1.832291e+01 3.750000e+00
      vertex   8.606066e+01 1.842361e+01 3.750000e+00
    endloop
  endfacet
  facet normal 6.002143e-01 -7.998392e-01 0.000000e+00
    outer loop
      vertex   8.606066e+01 1.842361e+01 7.500000e+00
      vertex   8.606066e+01 1.842361e+01 3.750000e+00
      vertex   8.621713e+01 1.854103e+01 7.500000e+00
    endloop
  endfacet
  facet normal 6.002143e-01 -7.998392e-01 0.000000e+00
    outer loop
      vertex   8.621713e+01 1.854103e+01 7.500000e+00
      vertex   8.606066e+01 1.842361e+01 3.750000e+00
      vertex   8.621713e+01 1.854103e+01 3.750000e+00
    endloop
  endfacet
  facet normal 6.792733e-01 -7.338854e-01 0.000000e+00
    outer loop
      vertex   8.621713e+01 1.854103e+01 7.500000e+00
      vertex   8.621713e+01 1.854103e+01 3.750000e+00
      vertex   8.636069e+01 1.867391e+01 7.500000e+00
    endloop
  endfacet
  facet normal 6.792733e-01 -7.338854e-01 0.000000e+00
    outer loop
      vertex   8.636069e+01 1.867391e+01 7.500000e+00
      vertex   8.621713e+01 1.854103e+01 3.750000e+00
      vertex   8.636069e+01 1.867391e+01 3.750000e+00
    endloop
  endfacet
  facet normal 7.511319e-01 -6.601521e-01 0.000000e+00
    outer loop
      vertex   8.636069e+01 1.867391e+01 7.500000e+00
      vertex   8.636069e+01 1.867391e+01 3.750000e+00
      vertex   8.648983e+01 1.882084e+01 7.500000e+00
    endloop
  endfacet
  facet normal 7.511319e-01 -6.601521e-01 0.000000e+00
    outer loop
      vertex   8.648983e+01 1.882084e+01 7.500000e+00
      vertex   8.636069e+01 1.867391e+01 3.750000e+00
      vertex   8.648983e+01 1.882084e+01 3.750000e+00
    endloop
  endfacet
  facet normal 8.150283e-01 -5.794211e-01 0.000000e+00
    outer loop
      vertex   8.648983e+01 1.882084e+01 7.500000e+00
      vertex   8.648983e+01 1.882084e+01 3.750000e+00
      vertex   8.660317e+01 1.898028e+01 7.500000e+00
    endloop
  endfacet
  facet normal 8.150283e-01 -5.794211e-01 0.000000e+00
    outer loop
      vertex   8.660317e+01 1.898028e+01 7.500000e+00
      vertex   8.648983e+01 1.882084e+01 3.750000e+00
      vertex   8.660317e+01 1.898028e+01 3.750000e+00
    endloop
  endfacet
  facet normal 8.702852e-01 -4.925481e-01 0.000000e+00
    outer loop
      vertex   8.660317e+01 1.898028e+01 7.500000e+00
      vertex   8.660317e+01 1.898028e+01 3.750000e+00
      vertex   8.669953e+01 1.915052e+01 7.500000e+00
    endloop
  endfacet
  facet normal 8.702852e-01 -4.925481e-01 0.000000e+00
    outer loop
      vertex   8.669953e+01 1.915052e+01 7.500000e+00
      vertex   8.660317e+01 1.898028e+01 3.750000e+00
      vertex   8.669953e+01 1.915052e+01 3.750000e+00
    endloop
  endfacet
  facet normal 9.163169e-01 -4.004539e-01 0.000000e+00
    outer loop
      vertex   8.669953e+01 1.915052e+01 7.500000e+00
      vertex   8.669953e+01 1.915052e+01 3.750000e+00
      vertex   8.677786e+01 1.932977e+01 7.500000e+00
    endloop
  endfacet
  facet normal 9.163169e-01 -4.004539e-01 0.000000e+00
    outer loop
      vertex   8.677786e+01 1.932977e+01 7.500000e+00
      vertex   8.669953e+01 1.915052e+01 3.750000e+00
      vertex   8.677786e+01 1.932977e+01 3.750000e+00
    endloop
  endfacet
  facet normal 9.526354e-01 -3.041148e-01 0.000000e+00
    outer loop
      vertex   8.677786e+01 1.932977e+01 7.500000e+00
      vertex   8.677786e+01 1.932977e+01 3.750000e+00
      vertex   8.683735e+01 1.951612e+01 7.500000e+00
    endloop
  endfacet
  facet normal 9.526354e-01 -3.041148e-01 0.000000e+00
    outer loop
      vertex   8.683735e+01 1.951612e+01 7.500000e+00
      vertex   8.677786e+01 1.932977e+01 3.750000e+00
      vertex   8.683735e+01 1.951612e+01 3.750000e+00
    endloop
  endfacet
  facet normal 9.788557e-01 -2.045521e-01 0.000000e+00
    outer loop
      vertex   8.683735e+01 1.951612e+01 7.500000e+00
      vertex   8.683735e+01 1.951612e+01 3.750000e+00
      vertex   8.687737e+01 1.970761e+01 7.500000e+00
    endloop
  endfacet
  facet normal 9.788557e-01 -2.045521e-01 0.000000e+00
    outer loop
      vertex   8.687737e+01 1.970761e+01 7.500000e+00
      vertex   8.683735e+01 1.951612e+01 3.750000e+00
      vertex   8.687737e+01 1.970761e+01 3.750000e+00
    endloop
  endfacet
  facet normal 9.946999e-01 -1.028210e-01 0.000000e+00
    outer loop
      vertex   8.687737e+01 1.970761e+01 7.500000e+00
      vertex   8.687737e+01 1.970761e+01 3.750000e+00
      vertex   8.689748e+01 1.990219e+01 7.500000e+00
    endloop
  endfacet
  facet normal 9.946999e-01 -1.028210e-01 0.000000e+00
    outer loop
      vertex   8.689748e+01 1.990219e+01 7.500000e+00
      vertex   8.687737e+01 1.970761e+01 3.750000e+00
      vertex   8.689748e+01 1.990219e+01 3.750000e+00
    endloop
  endfacet
  facet normal 1.000000e+00 -0.000000e+00 0.000000e+00
    outer loop
      vertex   8.689748e+01 1.990219e+01 7.500000e+00
      vertex   8.689748e+01 1.990219e+01 3.750000e+00
      vertex   8.689748e+01 2.009781e+01 7.500000e+00
    endloop
  endfacet
  facet normal 1.000000e+00 0.000000e+00 0.000000e+00
    outer loop
      vertex   8.689748e+01 2.009781e+01 7.500000e+00
      vertex   8.689748e+01 1.990219e+01 3.750000e+00
      vertex   8.689748e+01 2.009781e+01 3.750000e+00
    endloop
  endfacet
  facet normal 9.946999e-01 1.028210e-01 0.000000e+00
    outer loop
      vertex   8.689748e+01 2.009781e+01 7.500000e+00
      vertex   8.689748e+01 2.009781e+01 3.750000e+00
      vertex   8.687737e+01 2.029239e+01 7.500000e+00
    endloop
  endfacet
  facet normal 9.946999e-01 1.028210e-01 0.000000e+00
    outer loop
      vertex   8.687737e+01 2.029239e+01 7.500000e+00
      vertex   8.689748e+01 2.009781e+01 3.750000e+00
      vertex   8.687737e+01 2.029239e+01 3.750000e+00
    endloop
  endfacet
  facet normal 9.788557e-01 2.045521e-01 0.000000e+00
    outer loop
      vertex   8.687737e+01 2.029239e+01 7.500000e+00
      vertex   8.687737e+01 2.029239e+01 3.750000e+00
      vertex   8.683735e+01 2.048388e+01 7.500000e+00
    endloop
  endfacet
  facet normal 9.788557e-01 2.045521e-01 0.000000e+00
    outer loop
      vertex   8.683735e+01 2.048388e+01 7.500000e+00
      vertex   8.687737e+01 2.029239e+01 3.750000e+00
      vertex   8.683735e+01 2.048388e+01 3.750000e+00
    endloop
  endfacet
  facet normal 9.526354e-01 3.041148e-01 0.000000e+00
    outer loop
      vertex   8.683735e+01 2.048388e+01 7.500000e+00
      vertex   8.683735e+01 2.048388e+01 3.750000e+00
      vertex   8.677786e+01 2.067023e+01 7.500000e+00
    endloop
  endfacet
  facet normal 9.526354e-01 3.041148e-01 0.000000e+00
    outer loop
      vertex   8.677786e+01 2.067023e+01 7.500000e+00
      vertex   8.683735e+01 2.048388e+01 3.750000e+00
      vertex   8.677786e+01 2.067023e+01 3.750000e+00
    endloop
  endfacet
  facet normal 9.163169e-01 4.004539e-01 0.000000e+00
    outer loop
      vertex   8.677786e+01 2.067023e+01 7.500000e+00
      vertex   8.677786e+01 2.067023e+01 3.750000e+00
      vertex   8.669953e+01 2.084948e+01 7.500000e+00
    endloop
  endfacet
  facet normal 9.163169e-01 4.004539e-01 0.000000e+00
    outer loop
      vertex   8.669953e+01 2.084948e+01 7.500000e+00
      vertex   8.677786e+01 2.067023e+01 3.750000e+00
      vertex   8.669953e+01 2.084948e+01 3.750000e+00
    endloop
  endfacet
  facet normal 8.702852e-01 4.925481e-01 0.000000e+00
    outer loop
      vertex   8.669953e+01 2.084948e+01 7.500000e+00
      vertex   8.669953e+01 2.084948e+01 3.750000e+00
      vertex   8.660317e+01 2.101972e+01 7.500000e+00
    endloop
  endfacet
  facet normal 8.702852e-01 4.925481e-01 0.000000e+00
    outer loop
      vertex   8.660317e+01 2.101972e+01 7.500000e+00
      vertex   8.669953e+01 2.084948e+01 3.750000e+00
      vertex   8.660317e+01 2.101972e+01 3.750000e+00
    endloop
  endfacet
  facet normal 8.150283e-01 5.794211e-01 0.000000e+00
    outer loop
      vertex   8.660317e+01 2.101972e+01 7.500000e+00
      vertex   8.660317e+01 2.101972e+01 3.750000e+00
      vertex   8.648983e+01 2.117916e+01 7.500000e+00
    endloop
  endfacet
  facet normal 8.150283e-01 5.794211e-01 0.000000e+00
    outer loop
      vertex   8.648983e+01 2.117916e+01 7.500000e+00
      vertex   8.660317e+01 2.101972e+01 3.750000e+00
      vertex   8.648983e+01 2.117916e+01 3.750000e+00
    endloop
  endfacet
  facet normal 7.511319e-01 6.601521e-01 0.000000e+00
    outer loop
      vertex   8.648983e+01 2.117916e+01 7.500000e+00
      vertex   8.648983e+01 2.117916e+01 3.750000e+00
      vertex   8.636069e+01 2.132609e+01 7.500000e+00
    endloop
  endfacet
  facet normal 7.511319e-01 6.601521e-01 0.000000e+00
    outer loop
      vertex   8.636069e+01 2.132609e+01 7.500000e+00
      vertex   8.648983e+01 2.117916e+01 3.750000e+00
      vertex   8.636069e+01 2.132609e+01 3.750000e+00
    endloop
  endfacet
  facet normal 6.792733e-01 7.338854e-01 0.000000e+00
    outer loop
      vertex   8.636069e+01 2.132609e+01 7.500000e+00
      vertex   8.636069e+01 2.132609e+01 3.750000e+00
      vertex   8.621713e+01 2.145897e+01 7.500000e+00
    endloop
  endfacet
  facet normal 6.792733e-01 7.338854e-01 0.000000e+00
    outer loop
      vertex   8.621713e+01 2.145897e+01 7.500000e+00
      vertex   8.636069e+01 2.132609e+01 3.750000e+00
      vertex   8.621713e+01 2.145897e+01 3.750000e+00
    endloop
  endfacet
  facet normal 6.002143e-01 7.998392e-01 0.000000e+00
    outer loop
      vertex   8.621713e+01 2.145897e+01 7.500000e+00
      vertex   8.621713e+01 2.145897e+01 3.750000e+00
      vertex   8.606066e+01 2.157639e+01 7.500000e+00
    endloop
  endfacet
  facet normal 6.002143e-01 7.998392e-01 0.000000e+00
    outer loop
      vertex   8.606066e+01 2.157639e+01 7.500000e+00
      vertex   8.621713e+01 2.145897e+01 3.750000e+00
      vertex   8.606066e+01 2.157639e+01 3.750000e+00
    endloop
  endfacet
  facet normal 5.147928e-01 8.573146e-01 0.000000e+00
    outer loop
      vertex   8.606066e+01 2.157639e+01 7.500000e+00
      vertex   8.606066e+01 2.157639e+01 3.750000e+00
      vertex   8.589296e+01 2.167709e+01 7.500000e+00
    endloop
  endfacet
  facet normal 5.147928e-01 8.573146e-01 0.000000e+00
    outer loop
      vertex   8.589296e+01 2.167709e+01 7.500000e+00
      vertex   8.606066e+01 2.157639e+01 3.750000e+00
      vertex   8.589296e+01 2.167709e+01 3.750000e+00
    endloop
  endfacet
  facet normal 4.239144e-01 9.057023e-01 0.000000e+00
    outer loop
      vertex   8.589296e+01 2.167709e+01 7.500000e+00
      vertex   8.589296e+01 2.167709e+01 3.750000e+00
      vertex   8.571578e+01 2.176002e+01 7.500000e+00
    endloop
  endfacet
  facet normal 4.239144e-01 9.057023e-01 0.000000e+00
    outer loop
      vertex   8.571578e+01 2.176002e+01 7.500000e+00
      vertex   8.589296e+01 2.167709e+01 3.750000e+00
      vertex   8.571578e+01 2.176002e+01 3.750000e+00
    endloop
  endfacet
  facet normal 3.285424e-01 9.444892e-01 0.000000e+00
    outer loop
      vertex   8.571578e+01 2.176002e+01 7.500000e+00
      vertex   8.571578e+01 2.176002e+01 3.750000e+00
      vertex   8.553102e+01 2.182428e+01 7.500000e+00
    endloop
  endfacet
  facet normal 3.285424e-01 9.444892e-01 0.000000e+00
    outer loop
      vertex   8.553102e+01 2.182428e+01 7.500000e+00
      vertex   8.571578e+01 2.176002e+01 3.750000e+00
      vertex   8.553102e+01 2.182428e+01 3.750000e+00
    endloop
  endfacet
  facet normal 2.296877e-01 9.732644e-01 0.000000e+00
    outer loop
      vertex   8.553102e+01 2.182428e+01 7.500000e+00
      vertex   8.553102e+01 2.182428e+01 3.750000e+00
      vertex   8.534063e+01 2.186922e+01 7.500000e+00
    endloop
  endfacet
  facet normal 2.296877e-01 9.732644e-01 0.000000e+00
    outer loop
      vertex   8.534063e+01 2.186922e+01 7.500000e+00
      vertex   8.553102e+01 2.182428e+01 3.750000e+00
      vertex   8.534063e+01 2.186922e+01 3.750000e+00
    endloop
  endfacet
  facet normal 1.283984e-01 9.917227e-01 0.000000e+00
    outer loop
      vertex   8.534063e+01 2.186922e+01 7.500000e+00
      vertex   8.534063e+01 2.186922e+01 3.750000e+00
      vertex   8.514663e+01 2.189433e+01 7.500000e+00
    endloop
  endfacet
  facet normal 1.283984e-01 9.917227e-01 0.000000e+00
    outer loop
      vertex   8.514663e+01 2.189433e+01 7.500000e+00
      vertex   8.534063e+01 2.186922e+01 3.750000e+00
      vertex   8.514663e+01 2.189433e+01 3.750000e+00
    endloop
  endfacet
  facet normal 2.574791e-02 9.996685e-01 0.000000e+00
    outer loop
      vertex   8.514663e+01 2.189433e+01 7.500000e+00
      vertex   8.514663e+01 2.189433e+01 3.750000e+00
      vertex   8.495108e+01 2.189937e+01 7.500000e+00
    endloop
  endfacet
  facet normal 2.574791e-02 9.996685e-01 0.000000e+00
    outer loop
      vertex   8.495108e+01 2.189937e+01 7.500000e+00
      vertex   8.514663e+01 2.189433e+01 3.750000e+00
      vertex   8.495108e+01 2.189937e+01 3.750000e+00
    endloop
  endfacet
  facet normal -7.717546e-02 9.970175e-01 0.000000e+00
    outer loop
      vertex   8.495108e+01 2.189937e+01 7.500000e+00
      vertex   8.495108e+01 2.189937e+01 3.750000e+00
      vertex   8.475604e+01 2.188427e+01 7.500000e+00
    endloop
  endfacet
  facet normal -7.717546e-02 9.970175e-01 0.000000e+00
    outer loop
      vertex   8.475604e+01 2.188427e+01 7.500000e+00
      vertex   8.495108e+01 2.189937e+01 3.750000e+00
      vertex   8.475604e+01 2.188427e+01 3.750000e+00
    endloop
  endfacet
  facet normal -1.792808e-01 9.837980e-01 0.000000e+00
    outer loop
      vertex   8.475604e+01 2.188427e+01 7.500000e+00
      vertex   8.475604e+01 2.188427e+01 3.750000e+00
      vertex   8.456359e+01 2.184920e+01 7.500000e+00
    endloop
  endfacet
  facet normal -1.792808e-01 9.837980e-01 0.000000e+00
    outer loop
      vertex   8.456359e+01 2.184920e+01 7.500000e+00
      vertex   8.475604e+01 2.188427e+01 3.750000e+00
      vertex   8.456359e+01 2.184920e+01 3.750000e+00
    endloop
  endfacet
  facet normal -2.794856e-01 9.601499e-01 0.000000e+00
    outer loop
      vertex   8.456359e+01 2.184920e+01 7.500000e+00
      vertex   8.456359e+01 2.184920e+01 3.750000e+00
      vertex   8.437577e+01 2.179453e+01 7.500000e+00
    endloop
  endfacet
  facet normal -2.794856e-01 9.601499e-01 0.000000e+00
    outer loop
      vertex   8.437577e+01 2.179453e+01 7.500000e+00
      vertex   8.456359e+01 2.184920e+01 3.750000e+00
      vertex   8.437577e+01 2.179453e+01 3.750000e+00
    endloop
  endfacet
  facet normal -3.767279e-01 9.263240e-01 0.000000e+00
    outer loop
      vertex   8.437577e+01 2.179453e+01 7.500000e+00
      vertex   8.437577e+01 2.179453e+01 3.750000e+00
      vertex   8.419456e+01 2.172083e+01 7.500000e+00
    endloop
  endfacet
  facet normal -3.767279e-01 9.263240e-01 0.000000e+00
    outer loop
      vertex   8.419456e+01 2.172083e+01 7.500000e+00
      vertex   8.437577e+01 2.179453e+01 3.750000e+00
      vertex   8.419456e+01 2.172083e+01 3.750000e+00
    endloop
  endfacet
  facet normal -4.699767e-01 8.826788e-01 0.000000e+00
    outer loop
      vertex   8.419456e+01 2.172083e+01 7.500000e+00
      vertex   8.419456e+01 2.172083e+01 3.750000e+00
      vertex   8.402189e+01 2.162890e+01 7.500000e+00
    endloop
  endfacet
  facet normal -4.699767e-01 8.826788e-01 0.000000e+00
    outer loop
      vertex   8.402189e+01 2.162890e+01 7.500000e+00
      vertex   8.419456e+01 2.172083e+01 3.750000e+00
      vertex   8.402189e+01 2.162890e+01 3.750000e+00
    endloop
  endfacet
  facet normal -5.582437e-01 8.296770e-01 0.000000e+00
    outer loop
      vertex   8.402189e+01 2.162890e+01 7.500000e+00
      vertex   8.402189e+01 2.162890e+01 3.750000e+00
      vertex   8.385959e+01 2.151969e+01 7.500000e+00
    endloop
  endfacet
  facet normal -5.582437e-01 8.296770e-01 0.000000e+00
    outer loop
      vertex   8.385959e+01 2.151969e+01 7.500000e+00
      vertex   8.402189e+01 2.162890e+01 3.750000e+00
      vertex   8.385959e+01 2.151969e+01 3.750000e+00
    endloop
  endfacet
  facet normal -6.405932e-01 7.678804e-01 0.000000e+00
    outer loop
      vertex   8.385959e+01 2.151969e+01 7.500000e+00
      vertex   8.385959e+01 2.151969e+01 3.750000e+00
      vertex   8.370938e+01 2.139438e+01 7.500000e+00
    endloop
  endfacet
  facet normal -6.405932e-01 7.678804e-01 0.000000e+00
    outer loop
      vertex   8.370938e+01 2.139438e+01 7.500000e+00
      vertex   8.385959e+01 2.151969e+01 3.750000e+00
      vertex   8.370938e+01 2.139438e+01 3.750000e+00
    endloop
  endfacet
  facet normal -7.161522e-01 6.979442e-01 0.000000e+00
    outer loop
      vertex   8.370938e+01 2.139438e+01 7.500000e+00
      vertex   8.370938e+01 2.139438e+01 3.750000e+00
      vertex   8.357285e+01 2.125429e+01 7.500000e+00
    endloop
  endfacet
  facet normal -7.161522e-01 6.979442e-01 0.000000e+00
    outer loop
      vertex   8.357285e+01 2.125429e+01 7.500000e+00
      vertex   8.370938e+01 2.139438e+01 3.750000e+00
      vertex   8.357285e+01 2.125429e+01 3.750000e+00
    endloop
  endfacet
  facet normal -7.841198e-01 6.206095e-01 0.000000e+00
    outer loop
      vertex   8.357285e+01 2.125429e+01 7.500000e+00
      vertex   8.357285e+01 2.125429e+01 3.750000e+00
      vertex   8.345145e+01 2.110090e+01 7.500000e+00
    endloop
  endfacet
  facet normal -7.841198e-01 6.206095e-01 0.000000e+00
    outer loop
      vertex   8.345145e+01 2.110090e+01 7.500000e+00
      vertex   8.357285e+01 2.125429e+01 3.750000e+00
      vertex   8.345145e+01 2.110090e+01 3.750000e+00
    endloop
  endfacet
  facet normal -8.437756e-01 5.366962e-01 0.000000e+00
    outer loop
      vertex   8.345145e+01 2.110090e+01 7.500000e+00
      vertex   8.345145e+01 2.110090e+01 3.750000e+00
      vertex   8.334646e+01 2.093584e+01 7.500000e+00
    endloop
  endfacet
  facet normal -8.437756e-01 5.366962e-01 0.000000e+00
    outer loop
      vertex   8.334646e+01 2.093584e+01 7.500000e+00
      vertex   8.345145e+01 2.110090e+01 3.750000e+00
      vertex   8.334646e+01 2.093584e+01 3.750000e+00
    endloop
  endfacet
  facet normal -8.944871e-01 4.470938e-01 0.000000e+00
    outer loop
      vertex   8.334646e+01 2.093584e+01 7.500000e+00
      vertex   8.334646e+01 2.093584e+01 3.750000e+00
      vertex   8.325900e+01 2.076086e+01 7.500000e+00
    endloop
  endfacet
  facet normal -8.944871e-01 4.470938e-01 0.000000e+00
    outer loop
      vertex   8.325900e+01 2.076086e+01 7.500000e+00
      vertex   8.334646e+01 2.093584e+01 3.750000e+00
      vertex   8.325900e+01 2.076086e+01 3.750000e+00
    endloop
  endfacet
  facet normal -9.357168e-01 3.527521e-01 0.000000e+00
    outer loop
      vertex   8.325900e+01 2.076086e+01 7.500000e+00
      vertex   8.325900e+01 2.076086e+01 3.750000e+00
      vertex   8.318999e+01 2.057782e+01 7.500000e+00
    endloop
  endfacet
  facet normal -9.357168e-01 3.527521e-01 0.000000e+00
    outer loop
      vertex   8.318999e+01 2.057782e+01 7.500000e+00
      vertex   8.325900e+01 2.076086e+01 3.750000e+00
      vertex   8.318999e+01 2.057782e+01 3.750000e+00
    endloop
  endfacet
  facet normal -9.670277e-01 2.546711e-01 0.000000e+00
    outer loop
      vertex   8.318999e+01 2.057782e+01 7.500000e+00
      vertex   8.318999e+01 2.057782e+01 3.750000e+00
      vertex   8.314017e+01 2.038865e+01 7.500000e+00
    endloop
  endfacet
  facet normal -9.670277e-01 2.546711e-01 0.000000e+00
    outer loop
      vertex   8.314017e+01 2.038865e+01 7.500000e+00
      vertex   8.318999e+01 2.057782e+01 3.750000e+00
      vertex   8.314017e+01 2.038865e+01 3.750000e+00
    endloop
  endfacet
  facet normal -9.880879e-01 1.538906e-01 0.000000e+00
    outer loop
      vertex   8.314017e+01 2.038865e+01 7.500000e+00
      vertex   8.314017e+01 2.038865e+01 3.750000e+00
      vertex   8.311007e+01 2.019536e+01 7.500000e+00
    endloop
  endfacet
  facet normal -9.880879e-01 1.538906e-01 0.000000e+00
    outer loop
      vertex   8.311007e+01 2.019536e+01 7.500000e+00
      vertex   8.314017e+01 2.038865e+01 3.750000e+00
      vertex   8.311007e+01 2.019536e+01 3.750000e+00
    endloop
  endfacet
  facet normal -9.986741e-01 5.147875e-02 0.000000e+00
    outer loop
      vertex   8.311007e+01 2.019536e+01 7.500000e+00
      vertex   8.311007e+01 2.019536e+01 3.750000e+00
      vertex   8.310000e+01 2.000000e+01 7.500000e+00
    endloop
  endfacet
  facet normal -9.986741e-01 5.147875e-02 0.000000e+00
    outer loop
      vertex   8.310000e+01 2.000000e+01 7.500000e+00
      vertex   8.311007e+01 2.019536e+01 3.750000e+00
      vertex   8.310000e+01 2.000000e+01 3.750000e+00
    endloop
  endfacet
  facet normal 0.000000e+00 0.000000e+00 1.000000e+00
    outer loop
      vertex   8.311007e+01 2.019536e+01 1.500000e+01
      vertex   8.310000e+01 2.000000e+01 1.500000e+01
      vertex   8.687737e+01 1.970761e+01 1.500000e+01
    endloop
  endfacet
  facet normal 0.000000e+00 0.000000e+00 1.000000e+00
    outer loop
      vertex   8.687737e+01 1.970761e+01 1.500000e+01
      vertex   8.310000e+01 2.000000e+01 1.500000e+01
      vertex   8.311007e+01 1.980464e+01 1.500000e+01
    endloop
  endfacet
  facet normal 0.000000e+00 0.000000e+00 1.000000e+00
    outer loop
      vertex   8.687737e+01 1.970761e+01 1.500000e+01
      vertex   8.311007e+01 1.980464e+01 1.500000e+01
      vertex   8.314017e+01 1.961135e+01 1.500000e+01
    endloop
  endfacet
  facet normal 0.000000e+00 0.000000e+00 1.000000e+00
    outer loop
      vertex   8.687737e+01 1.970761e+01 1.500000e+01
      vertex   8.314017e+01 1.961135e+01 1.500000e+01
      vertex   8.683735e+01 1.951612e+01 1.500000e+01
    endloop
  endfacet
  facet normal 0.000000e+00 0.000000e+00 1.000000e+00
    outer loop
      vertex   8.683735e+01 1.951612e+01 1.500000e+01
      vertex   8.314017e+01 1.961135e+01 1.500000e+01
      vertex   8.318999e+01 1.942218e+01 1.500000e+01
    endloop
  endfacet
  facet normal 0.000000e+00 0.000000e+00 1.000000e+00
    outer loop
      vertex   8.683735e+01 1.951612e+01 1.500000e+01
      vertex   8.318999e+01 1.942218e+01 1.500000e+01
      vertex   8.677786e+01 1.932977e+01 1.500000e+01
    endloop
  endfacet
  facet normal 0.000000e+00 0.000000e+00 1.000000e+00
    outer loop
      vertex   8.677786e+01 1.932977e+01 1.500000e+01
      vertex   8.318999e+01 1.942218e+01 1.500000e+01
      vertex   8.325900e+01 1.923914e+01 1.500000e+01
    endloop
  endfacet
  facet normal 0.000000e+00 0.000000e+00 1.000000e+00
    outer loop
      vertex   8.677786e+01 1.932977e+01 1.500000e+01
      vertex   8.325900e+01 1.923914e+01 1.500000e+01
      vertex   8.669953e+01 1.915052e+01 1.500000e+01
    endloop
  endfacet
  facet normal 0.000000e+00 0.000000e+00 1.000000e+00
    outer loop
      vertex   8.669953e+01 1.915052e+01 1.500000e+01
      vertex   8.325900e+01 1.923914e+01 1.500000e+01
      vertex   8.334646e+01 1.906416e+01 1.500000e+01
    endloop
  endfacet
  facet normal 0.000000e+00 0.000000e+00 1.000000e+00
    outer loop
      vertex   8.669953e+01 1.915052e+01 1.500000e+01
      vertex   8.334646e+01 1.906416e+01 1.500000e+01
      vertex   8.660317e+01 1.898028e+01 1.500000e+01
    endloop
  endfacet
  facet normal 0.000000e+00 0.000000e+00 1.000000e+00
    outer loop
      vertex   8.660317e+01 1.898028e+01 1.500000e+01
      vertex   8.334646e+01 1.906416e+01 1.500000e+01
      vertex   8.345145e+01 1.889910e+01 1.500000e+01
    endloop
  endfacet
  facet normal 0.000000e+00 0.000000e+00 1.000000e+00
    outer loop
      vertex   8.660317e+01 1.898028e+01 1.500000e+01
      vertex   8.345145e+01 1.889910e+01 1.500000e+01
      vertex   8.648983e+01 1.882084e+01 1.500000e+01
    endloop
  endfacet
  facet normal 0.000000e+00 0.000000e+00 1.000000e+00
    outer loop
      vertex   8.648983e+01 1.882084e+01 1.500000e+01
      vertex   8.345145e+01 1.889910e+01 1.500000e+01
      vertex   8.357285e+01 1.874571e+01 1.500000e+01
    endloop
  endfacet
  facet normal 0.000000e+00 0.000000e+00 1.000000e+00
    outer loop
      vertex   8.648983e+01 1.882084e+01 1.500000e+01
      vertex   8.357285e+01 1.874571e+01 1.500000e+01
      vertex   8.636069e+01 1.867391e+01 1.500000e+01
    endloop
  endfacet
  facet normal 0.000000e+00 0.000000e+00 1.000000e+00
    outer loop
      vertex   8.636069e+01 1.867391e+01 1.500000e+01
      vertex   8.357285e+01 1.874571e+01 1.500000e+01
      vertex   8.370938e+01 1.860562e+01 1.500000e+01
    endloop
  endfacet
  facet normal 0.000000e+00 0.000000e+00 1.000000e+00
    outer loop
      vertex   8.636069e+01 1.867391e+01 1.500000e+01
      vertex   8.370938e+01 1.860562e+01 1.500000e+01
      vertex   8.621713e+01 1.854103e+01 1.500000e+01
    endloop
  endfacet
  facet normal 0.000000e+00 0.000000e+00 1.000000e+00
    outer loop
      vertex   8.621713e+01 1.854103e+01 1.500000e+01
      vertex   8.370938e+01 1.860562e+01 1.500000e+01
      vertex   8.385959e+01 1.848031e+01 1.500000e+01
    endloop
  endfacet
  facet normal 0.000000e+00 0.000000e+00 1.000000e+00
    outer loop
      vertex   8.621713e+01 1.854103e+01 1.500000e+01
      vertex   8.385959e+01 1.848031e+01 1.500000e+01
      vertex   8.606066e+01 1.842361e+01 1.500000e+01
    endloop
  endfacet
  facet normal 0.000000e+00 0.000000e+00 1.000000e+00
    outer loop
      vertex   8.606066e+01 1.842361e+01 1.500000e+01
      vertex   8.385959e+01 1.848031e+01 1.500000e+01
      vertex   8.402189e+01 1.837110e+01 1.500000e+01
    endloop
  endfacet
  facet normal 0.000000e+00 0.000000e+00 1.000000e+00
    outer loop
      vertex   8.606066e+01 1.842361e+01 1.500000e+01
      vertex   8.402189e+01 1.837110e+01 1.500000e+01
      vertex   8.589296e+01 1.832291e+01 1.500000e+01
    endloop
  endfacet
  facet normal 0.000000e+00 0.000000e+00 1.000000e+00
    outer loop
      vertex   8.589296e+01 1.832291e+01 1.500000e+01
      vertex   8.402189e+01 1.837110e+01 1.500000e+01
      vertex   8.419456e+01 1.827917e+01 1.500000e+01
    endloop
  endfacet
  facet normal 0.000000e+00 0.000000e+00 1.000000e+00
    outer loop
      vertex   8.589296e+01 1.832291e+01 1.500000e+01
      vertex   8.419456e+01 1.827917e+01 1.500000e+01
      vertex   8.571578e+01 1.823998e+01 1.500000e+01
    endloop
  endfacet
  facet normal 0.000000e+00 0.000000e+00 1.000000e+00
    outer loop
      vertex   8.571578e+01 1.823998e+01 1.500000e+01
      vertex   8.419456e+01 1.827917e+01 1.500000e+01
      vertex   8.437577e+01 1.820547e+01 1.500000e+01
    endloop
  endfacet
  facet normal 0.000000e+00 0.000000e+00 1.000000e+00
    outer loop
      vertex   8.571578e+01 1.823998e+01 1.500000e+01
      vertex   8.437577e+01 1.820547e+01 1.500000e+01
      vertex   8.553102e+01 1.817572e+01 1.500000e+01
    endloop
  endfacet
  facet normal 0.000000e+00 0.000000e+00 1.000000e+00
    outer loop
      vertex   8.553102e+01 1.817572e+01 1.500000e+01
      vertex   8.437577e+01 1.820547e+01 1.500000e+01
      vertex   8.456359e+01 1.815080e+01 1.500000e+01
    endloop
  endfacet
  facet normal 0.000000e+00 0.000000e+00 1.000000e+00
    outer loop
      vertex   8.553102e+01 1.817572e+01 1.500000e+01
      vertex   8.456359e+01 1.815080e+01 1.500000e+01
      vertex   8.534063e+01 1.813078e+01 1.500000e+01
    endloop
  endfacet
  facet normal 0.000000e+00 0.000000e+00 1.000000e+00
    outer loop
      vertex   8.534063e+01 1.813078e+01 1.500000e+01
      vertex   8.456359e+01 1.815080e+01 1.500000e+01
      vertex   8.475604e+01 1.811573e+01 1.500000e+01
    endloop
  endfacet
  facet normal 0.000000e+00 0.000000e+00 1.000000e+00
    outer loop
      vertex   8.534063e+01 1.813078e+01 1.500000e+01
      vertex   8.475604e+01 1.811573e+01 1.500000e+01
      vertex   8.514663e+01 1.810567e+01 1.500000e+01
    endloop
  endfacet
  facet normal 0.000000e+00 0.000000e+00 1.000000e+00
    outer loop
      vertex   8.514663e+01 1.810567e+01 1.500000e+01
      vertex   8.475604e+01 1.811573e+01 1.500000e+01
      vertex   8.495108e+01 1.810063e+01 1.500000e+01
    endloop
  endfacet
  facet normal 0.000000e+00 -0.000000e+00 1.000000e+00
    outer loop
      vertex   8.687737e+01 1.970761e+01 1.500000e+01
      vertex   8.689748e+01 1.990219e+01 1.500000e+01
      vertex   8.311007e+01 2.019536e+01 1.500000e+01
    endloop
  endfacet
  facet normal -0.000000e+00 0.000000e+00 1.000000e+00
    outer loop
      vertex   8.311007e+01 2.019536e+01 1.500000e+01
      vertex   8.689748e+01 1.990219e+01 1.500000e+01
      vertex   8.314017e+01 2.038865e+01 1.500000e+01
    endloop
  endfacet
  facet normal -0.000000e+00 0.000000e+00 1.000000e+00
    outer loop
      vertex   8.314017e+01 2.038865e+01 1.500000e+01
      vertex   8.689748e+01 1.990219e+01 1.500000e+01
      vertex   8.318999e+01 2.057782e+01 1.500000e+01
    endloop
  endfacet
  facet normal -0.000000e+00 0.000000e+00 1.000000e+00
    outer loop
      vertex   8.318999e+01 2.057782e+01 1.500000e+01
      vertex   8.689748e+01 1.990219e+01 1.500000e+01
      vertex   8.325900e+01 2.076086e+01 1.500000e+01
    endloop
  endfacet
  facet normal -0.000000e+00 0.000000e+00 1.000000e+00
    outer loop
      vertex   8.325900e+01 2.076086e+01 1.500000e+01
      vertex   8.689748e+01 1.990219e+01 1.500000e+01
      vertex   8.334646e+01 2.093584e+01 1.500000e+01
    endloop
  endfacet
  facet normal -0.000000e+00 0.000000e+00 1.000000e+00
    outer loop
      vertex   8.334646e+01 2.093584e+01 1.500000e+01
      vertex   8.689748e+01 1.990219e+01 1.500000e+01
      vertex   8.345145e+01 2.110090e+01 1.500000e+01
    endloop
  endfacet
  facet normal -0.000000e+00 0.000000e+00 1.000000e+00
    outer loop
      vertex   8.345145e+01 2.110090e+01 1.500000e+01
      vertex   8.689748e+01 1.990219e+01 1.500000e+01
      vertex   8.357285e+01 2.125429e+01 1.500000e+01
    endloop
  endfacet
  facet normal -0.000000e+00 0.000000e+00 1.000000e+00
    outer loop
      vertex   8.357285e+01 2.125429e+01 1.500000e+01
      vertex   8.689748e+01 1.990219e+01 1.500000e+01
      vertex   8.370938e+01 2.139438e+01 1.500000e+01
    endloop
  endfacet
  facet normal -0.000000e+00 0.000000e+00 1.000000e+00
    outer loop
      vertex   8.370938e+01 2.139438e+01 1.500000e+01
      vertex   8.689748e+01 1.990219e+01 1.500000e+01
      vertex   8.385959e+01 2.151969e+01 1.500000e+01
    endloop
  endfacet
  facet normal -0.000000e+00 0.000000e+00 1.000000e+00
    outer loop
      vertex   8.385959e+01 2.151969e+01 1.500000e+01
      vertex   8.689748e+01 1.990219e+01 1.500000e+01
      vertex   8.402189e+01 2.162890e+01 1.500000e+01
    endloop
  endfacet
  facet normal -0.000000e+00 0.000000e+00 1.000000e+00
    outer loop
      vertex   8.402189e+01 2.162890e+01 1.500000e+01
      vertex   8.689748e+01 1.990219e+01 1.500000e+01
      vertex   8.419456e+01 2.172083e+01 1.500000e+01
    endloop
  endfacet
  facet normal -0.000000e+00 0.000000e+00 1.000000e+00
    outer loop
      vertex   8.419456e+01 2.172083e+01 1.500000e+01
      vertex   8.689748e+01 1.990219e+01 1.500000e+01
      vertex   8.437577e+01 2.179453e+01 1.500000e+01
    endloop
  endfacet
  facet normal -0.000000e+00 0.000000e+00 1.000000e+00
    outer loop
      vertex   8.437577e+01 2.179453e+01 1.500000e+01
      vertex   8.689748e+01 1.990219e+01 1.500000e+01
      vertex   8.456359e+01 2.184920e+01 1.500000e+01
    endloop
  endfacet
  facet normal -0.000000e+00 0.000000e+00 1.000000e+00
    outer loop
      vertex   8.456359e+01 2.184920e+01 1.500000e+01
      vertex   8.689748e+01 1.990219e+01 1.500000e+01
      vertex   8.475604e+01 2.188427e+01 1.500000e+01
    endloop
  endfacet
  facet normal -0.000000e+00 0.000000e+00 1.000000e+00
    outer loop
      vertex   8.475604e+01 2.188427e+01 1.500000e+01
      vertex   8.689748e+01 1.990219e+01 1.500000e+01
      vertex   8.495108e+01 2.189937e+01 1.500000e+01
    endloop
  endfacet
  facet normal 0.000000e+00 0.000000e+00 1.000000e+00
    outer loop
      vertex   8.495108e+01 2.189937e+01 1.500000e+01
      vertex   8.689748e+01 1.990219e+01 1.500000e+01
      vertex   8.514663e+01 2.189433e+01 1.500000e+01
    endloop
  endfacet
  facet normal 0.000000e+00 0.000000e+00 1.000000e+00
    outer loop
      vertex   8.514663e+01 2.189433e+01 1.500000e+01
      vertex   8.689748e+01 1.990219e+01 1.500000e+01
      vertex   8.534063e+01 2.186922e+01 1.500000e+01
    endloop
  endfacet
  facet normal 0.000000e+00 0.000000e+00 1.000000e+00
    outer loop
      vertex   8.534063e+01 2.186922e+01 1.500000e+01
      vertex   8.689748e+01 1.990219e+01 1.500000e+01
      vertex   8.553102e+01 2.182428e+01 1.500000e+01
    endloop
  endfacet
  facet normal 0.000000e+00 0.000000e+00 1.000000e+00
    outer loop
      vertex   8.553102e+01 2.182428e+01 1.500000e+01
      vertex   8.689748e+01 1.990219e+01 1.500000e+01
      vertex   8.571578e+01 2.176002e+01 1.500000e+01
    endloop
  endfacet
  facet normal 0.000000e+00 0.000000e+00 1.000000e+00
    outer loop
      vertex   8.571578e+01 2.176002e+01 1.500000e+01
      vertex   8.689748e+01 1.990219e+01 1.500000e+01
      vertex   8.589296e+01 2.167709e+01 1.500000e+01
    endloop
  endfacet
  facet normal 0.000000e+00 0.000000e+00 1.000000e+00
    outer loop
      vertex   8.589296e+01 2.167709e+01 1.500000e+01
      vertex   8.689748e+01 1.990219e+01 1.500000e+01
      vertex   8.606066e+01 2.157639e+01 1.500000e+01
    endloop
  endfacet
  facet normal 0.000000e+00 0.000000e+00 1.000000e+00
    outer loop
      vertex   8.606066e+01 2.157639e+01 1.500000e+01
      vertex   8.689748e+01 1.990219e+01 1.500000e+01
      vertex   8.621713e+01 2.145897e+01 1.500000e+01
    endloop
  endfacet
  facet normal 0.000000e+00 0.000000e+00 1.000000e+00
    outer loop
      vertex   8.621713e+01 2.145897e+01 1.500000e+01
      vertex   8.689748e+01 1.990219e+01 1.500000e+01
      vertex   8.636069e+01 2.132609e+01 1.500000e+01
    endloop
  endfacet
  facet normal 0.000000e+00 0.000000e+00 1.000000e+00
    outer loop
      vertex   8.636069e+01 2.132609e+01 1.500000e+01
      vertex   8.689748e+01 1.990219e+01 1.500000e+01
      vertex   8.648983e+01 2.117916e+01 1.500000e+01
    endloop
  endfacet
  facet normal 0.000000e+00 0.000000e+00 1.000000e+00
    outer loop
      vertex   8.648983e+01 2.117916e+01 1.500000e+01
      vertex   8.689748e+01 1.990219e+01 1.500000e+01
      vertex   8.660317e+01 2.101972e+01 1.500000e+01
    endloop
  endfacet
  facet normal 0.000000e+00 0.000000e+00 1.000000e+00
    outer loop
      vertex   8.660317e+01 2.101972e+01 1.500000e+01
      vertex   8.689748e+01 1.990219e+01 1.500000e+01
      vertex   8.669953e+01 2.084948e+01 1.500000e+01
    endloop
  endfacet
  facet normal 0.000000e+00 0.000000e+00 1.000000e+00
    outer loop
      vertex   8.669953e+01 2.084948e+01 1.500000e+01
      vertex   8.689748e+01 1.990219e+01 1.500000e+01
      vertex   8.677786e+01 2.067023e+01 1.500000e+01
    endloop
  endfacet
  facet normal 0.000000e+00 0.000000e+00 1.000000e+00
    outer loop
      vertex   8.677786e+01 2.067023e+01 1.500000e+01
      vertex   8.689748e+01 1.990219e+01 1.500000e+01
      vertex   8.683735e+01 2.048388e+01 1.500000e+01
    endloop
  endfacet
  facet normal 0.000000e+00 0.000000e+00 1.000000e+00
    outer loop
      vertex   8.683735e+01 2.048388e+01 1.500000e+01
      vertex   8.689748e+01 1.990219e+01 1.500000e+01
      vertex   8.687737e+01 2.029239e+01 1.500000e+01
    endloop
  endfacet
  facet normal 0.000000e+00 0.000000e+00 1.000000e+00
    outer loop
      vertex   8.687737e+01 2.029239e+01 1.500000e+01
      vertex   8.689748e+01 1.990219e+01 1.500000e+01
      vertex   8.689748e+01 2.009781e+01 1.500000e+01
    endloop
  endfacet
  facet normal 0.000000e+00 0.000000e+00 -1.000000e+00
    outer loop
      vertex   8.311007e+01 1.980464e+01 0.000000e+00
      vertex   8.310000e+01 2.000000e+01 0.000000e+00
      vertex   8.687737e+01 1.970761e+01 0.000000e+00
    endloop
  endfacet
  facet normal 0.000000e+00 0.000000e+00 -1.000000e+00
    outer loop
      vertex   8.687737e+01 1.970761e+01 0.000000e+00
      vertex   8.310000e+01 2.000000e+01 0.000000e+00
      vertex   8.311007e+01 2.019536e+01 0.000000e+00
    endloop
  endfacet
  facet normal 0.000000e+00 0.000000e+00 -1.000000e+00
    outer loop
      vertex   8.687737e+01 1.970761e+01 0.000000e+00
      vertex   8.311007e+01 2.019536e+01 0.000000e+00
      vertex   8.689748e+01 1.990219e+01 0.000000e+00
    endloop
  endfacet
  facet normal 0.000000e+00 0.000000e+00 -1.000000e+00
    outer loop
      vertex   8.689748e+01 1.990219e+01 0.000000e+00
      vertex   8.311007e+01 2.019536e+01 0.000000e+00
      vertex   8.314017e+01 2.038865e+01 0.000000e+00
    endloop
  endfacet
  facet normal 0.000000e+00 0.000000e+00 -1.000000e+00
    outer loop
      vertex   8.689748e+01 1.990219e+01 0.000000e+00
      vertex   8.314017e+01 2.038865e+01 0.000000e+00
      vertex   8.318999e+01 2.057782e+01 0.000000e+00
    endloop
  endfacet
  facet normal 0.000000e+00 0.000000e+00 -1.000000e+00
    outer loop
      vertex   8.318999e+01 2.057782e+01 0.000000e+00
      vertex   8.325900e+01 2.076086e+01 0.000000e+00
      vertex   8.689748e+01 1.990219e+01 0.000000e+00
    endloop
  endfacet
  facet normal 0.000000e+00 0.000000e+00 -1.000000e+00
    outer loop
      vertex   8.689748e+01 1.990219e+01 0.000000e+00
      vertex   8.325900e+01 2.076086e+01 0.000000e+00
      vertex   8.334646e+01 2.093584e+01 0.000000e+00
    endloop
  endfacet
  facet normal 0.000000e+00 0.000000e+00 -1.000000e+00
    outer loop
      vertex   8.689748e+01 1.990219e+01 0.000000e+00
      vertex   8.334646e+01 2.093584e+01 0.000000e+00
      vertex   8.345145e+01 2.110090e+01 0.000000e+00
    endloop
  endfacet
  facet normal 0.000000e+00 0.000000e+00 -1.000000e+00
    outer loop
      vertex   8.345145e+01 2.110090e+01 0.000000e+00
      vertex   8.357285e+01 2.125429e+01 0.000000e+00
      vertex   8.689748e+01 1.990219e+01 0.000000e+00
    endloop
  endfacet
  facet normal 0.000000e+00 0.000000e+00 -1.000000e+00
    outer loop
      vertex   8.689748e+01 1.990219e+01 0.000000e+00
      vertex   8.357285e+01 2.125429e+01 0.000000e+00
      vertex   8.370938e+01 2.139438e+01 0.000000e+00
    endloop
  endfacet
  facet normal 0.000000e+00 0.000000e+00 -1.000000e+00
    outer loop
      vertex   8.689748e+01 1.990219e+01 0.000000e+00
      vertex   8.370938e+01 2.139438e+01 0.000000e+00
      vertex   8.385959e+01 2.151969e+01 0.000000e+00
    endloop
  endfacet
  facet normal 0.000000e+00 0.000000e+00 -1.000000e+00
    outer loop
      vertex   8.385959e+01 2.151969e+01 0.000000e+00
      vertex   8.402189e+01 2.162890e+01 0.000000e+00
      vertex   8.689748e+01 1.990219e+01 0.000000e+00
    endloop
  endfacet
  facet normal 0.000000e+00 0.000000e+00 -1.000000e+00
    outer loop
      vertex   8.689748e+01 1.990219e+01 0.000000e+00
      vertex   8.402189e+01 2.162890e+01 0.000000e+00
      vertex   8.419456e+01 2.172083e+01 0.000000e+00
    endloop
  endfacet
  facet normal 0.000000e+00 0.000000e+00 -1.000000e+00
    outer loop
      vertex   8.689748e+01 1.990219e+01 0.000000e+00
      vertex   8.419456e+01 2.172083e+01 0.000000e+00
      vertex   8.437577e+01 2.179453e+01 0.000000e+00
    endloop
  endfacet
  facet normal 0.000000e+00 0.000000e+00 -1.000000e+00
    outer loop
      vertex   8.437577e+01 2.179453e+01 0.000000e+00
      vertex   8.456359e+01 2.184920e+01 0.000000e+00
      vertex   8.689748e+01 1.990219e+01 0.000000e+00
    endloop
  endfacet
  facet normal 0.000000e+00 0.000000e+00 -1.000000e+00
    outer loop
      vertex   8.689748e+01 1.990219e+01 0.000000e+00
      vertex   8.456359e+01 2.184920e+01 0.000000e+00
      vertex   8.475604e+01 2.188427e+01 0.000000e+00
    endloop
  endfacet
  facet normal 0.000000e+00 0.000000e+00 -1.000000e+00
    outer loop
      vertex   8.689748e+01 1.990219e+01 0.000000e+00
      vertex   8.475604e+01 2.188427e+01 0.000000e+00
      vertex   8.495108e+01 2.189937e+01 0.000000e+00
    endloop
  endfacet
  facet normal 0.000000e+00 0.000000e+00 -1.000000e+00
    outer loop
      vertex   8.495108e+01 2.189937e+01 0.000000e+00
      vertex   8.514663e+01 2.189433e+01 0.000000e+00
      vertex   8.689748e+01 1.990219e+01 0.000000e+00
    endloop
  endfacet
  facet normal 0.000000e+00 0.000000e+00 -1.000000e+00
    outer loop
      vertex   8.689748e+01 1.990219e+01 0.000000e+00
      vertex   8.514663e+01 2.189433e+01 0.000000e+00
      vertex   8.534063e+01 2.186922e+01 0.000000e+00
    endloop
  endfacet
  facet normal 0.000000e+00 0.000000e+00 -1.000000e+00
    outer loop
      vertex   8.689748e+01 1.990219e+01 0.000000e+00
      vertex   8.534063e+01 2.186922e+01 0.000000e+00
      vertex   8.553102e+01 2.182428e+01 0.000000e+00
    endloop
  endfacet
  facet normal 0.000000e+00 0.000000e+00 -1.000000e+00
    outer loop
      vertex   8.553102e+01 2.182428e+01 0.000000e+00
      vertex   8.571578e+01 2.176002e+01 0.000000e+00
      vertex   8.689748e+01 1.990219e+01 0.000000e+00
    endloop
  endfacet
  facet normal 0.000000e+00 0.000000e+00 -1.000000e+00
    outer loop
      vertex   8.689748e+01 1.990219e+01 0.000000e+00
      vertex   8.571578e+01 2.176002e+01 0.000000e+00
      vertex   8.589296e+01 2.167709e+01 0.000000e+00
    endloop
  endfacet
  facet normal 0.000000e+00 0.000000e+00 -1.000000e+00
    outer loop
      vertex   8.689748e+01 1.990219e+01 0.000000e+00
      vertex   8.589296e+01 2.167709e+01 0.000000e+00
      vertex   8.606066e+01 2.157639e+01 0.000000e+00
    endloop
  endfacet
  facet normal 0.000000e+00 0.000000e+00 -1.000000e+00
    outer loop
      vertex   8.606066e+01 2.157639e+01 0.000000e+00
      vertex   8.621713e+01 2.145897e+01 0.000000e+00
      vertex   8.689748e+01 1.990219e+01 0.000000e+00
    endloop
  endfacet
  facet normal 0.000000e+00 0.000000e+00 -1.000000e+00
    outer loop
      vertex   8.689748e+01 1.990219e+01 0.000000e+00
      vertex   8.621713e+01 2.145897e+01 0.000000e+00
      vertex   8.636069e+01 2.132609e+01 0.000000e+00
    endloop
  endfacet
  facet normal 0.000000e+00 0.000000e+00 -1.000000e+00
    outer loop
      vertex   8.689748e+01 1.990219e+01 0.000000e+00
      vertex   8.636069e+01 2.132609e+01 0.000000e+00
      vertex   8.648983e+01 2.117916e+01 0.000000e+00
    endloop
  endfacet
  facet normal 0.000000e+00 0.000000e+00 -1.000000e+00
    outer loop
      vertex   8.648983e+01 2.117916e+01 0.000000e+00
      vertex   8.660317e+01 2.101972e+01 0.000000e+00
      vertex   8.689748e+01 1.990219e+01 0.000000e+00
    endloop
  endfacet
  facet normal 0.000000e+00 0.000000e+00 -1.000000e+00
    outer loop
      vertex   8.689748e+01 1.990219e+01 0.000000e+00
      vertex   8.660317e+01 2.101972e+01 0.000000e+00
      vertex   8.669953e+01 2.084948e+01 0.000000e+00
    endloop
  endfacet
  facet normal 0.000000e+00 0.000000e+00 -1.000000e+00
    outer loop
      vertex   8.689748e+01 1.990219e+01 0.000000e+00
      vertex   8.669953e+01 2.084948e+01 0.000000e+00
      vertex   8.677786e+01 2.067023e+01 0.000000e+00
    endloop
  endfacet
  facet normal 0.000000e+00 0.000000e+00 -1.000000e+00
    outer loop
      vertex   8.677786e+01 2.067023e+01 0.000000e+00
      vertex   8.683735e+01 2.048388e+01 0.000000e+00
      vertex   8.689748e+01 1.990219e+01 0.000000e+00
    endloop
  endfacet
  facet normal 0.000000e+00 0.000000e+00 -1.000000e+00
    outer loop
      vertex   8.689748e+01 1.990219e+01 0.000000e+00
      vertex   8.683735e+01 2.048388e+01 0.000000e+00
      vertex   8.687737e+01 2.029239e+01 0.000000e+00
    endloop
  endfacet
  facet normal 0.000000e+00 0.000000e+00 -1.000000e+00
    outer loop
      vertex   8.689748e+01 1.990219e+01 0.000000e+00
      vertex   8.687737e+01 2.029239e+01 0.000000e+00
      vertex   8.689748e+01 2.009781e+01 0.000000e+00
    endloop
  endfacet
  facet normal 0.000000e+00 0.000000e+00 -1.000000e+00
    outer loop
      vertex   8.311007e+01 1.980464e+01 0.000000e+00
      vertex   8.687737e+01 1.970761e+01 0.000000e+00
      vertex   8.314017e+01 1.961135e+01 0.000000e+00
    endloop
  endfacet
  facet normal 0.000000e+00 0.000000e+00 -1.000000e+00
    outer loop
      vertex   8.314017e+01 1.961135e+01 0.000000e+00
      vertex   8.687737e+01 1.970761e+01 0.000000e+00
      vertex   8.683735e+01 1.951612e+01 0.000000e+00
    endloop
  endfacet
  facet normal 0.000000e+00 0.000000e+00 -1.000000e+00
    outer loop
      vertex   8.314017e+01 1.961135e+01 0.000000e+00
      vertex   8.683735e+01 1.951612e+01 0.000000e+00
      vertex   8.318999e+01 1.942218e+01 0.000000e+00
    endloop
  endfacet
  facet normal 0.000000e+00 0.000000e+00 -1.000000e+00
    outer loop
      vertex   8.318999e+01 1.942218e+01 0.000000e+00
      vertex   8.683735e+01 1.951612e+01 0.000000e+00
      vertex   8.677786e+01 1.932977e+01 0.000000e+00
    endloop
  endfacet
  facet normal 0.000000e+00 0.000000e+00 -1.000000e+00
    outer loop
      vertex   8.318999e+01 1.942218e+01 0.000000e+00
      vertex   8.677786e+01 1.932977e+01 0.000000e+00
      vertex   8.325900e+01 1.923914e+01 0.000000e+00
    endloop
  endfacet
  facet normal 0.000000e+00 0.000000e+00 -1.000000e+00
    outer loop
      vertex   8.325900e+01 1.923914e+01 0.000000e+00
      vertex   8.677786e+01 1.932977e+01 0.000000e+00
      vertex   8.669953e+01 1.915052e+01 0.000000e+00
    endloop
  endfacet
  facet normal 0.000000e+00 0.000000e+00 -1.000000e+00
    outer loop
      vertex   8.325900e+01 1.923914e+01 0.000000e+00
      vertex   8.669953e+01 1.915052e+01 0.000000e+00
      vertex   8.334646e+01 1.906416e+01 0.000000e+00
    endloop
  endfacet
  facet normal 0.000000e+00 0.000000e+00 -1.000000e+00
    outer loop
      vertex   8.334646e+01 1.906416e+01 0.000000e+00
      vertex   8.669953e+01 1.915052e+01 0.000000e+00
      vertex   8.660317e+01 1.898028e+01 0.000000e+00
    endloop
  endfacet
  facet normal 0.000000e+00 0.000000e+00 -1.000000e+00
    outer loop
      vertex   8.334646e+01 1.906416e+01 0.000000e+00
      vertex   8.660317e+01 1.898028e+01 0.000000e+00
      vertex   8.345145e+01 1.889910e+01 0.000000e+00
    endloop
  endfacet
  facet normal 0.000000e+00 0.000000e+00 -1.000000e+00
    outer loop
      vertex   8.345145e+01 1.889910e+01 0.000000e+00
      vertex   8.660317e+01 1.898028e+01 0.000000e+00
      vertex   8.648983e+01 1.882084e+01 0.000000e+00
    endloop
  endfacet
  facet normal 0.000000e+00 0.000000e+00 -1.000000e+00
    outer loop
      vertex   8.345145e+01 1.889910e+01 0.000000e+00
      vertex   8.648983e+01 1.882084e+01 0.000000e+00
      vertex   8.357285e+01 1.874571e+01 0.000000e+00
    endloop
  endfacet
  facet normal 0.000000e+00 0.000000e+00 -1.000000e+00
    outer loop
      vertex   8.357285e+01 1.874571e+01 0.000000e+00
      vertex   8.648983e+01 1.882084e+01 0.000000e+00
      vertex   8.636069e+01 1.867391e+01 0.000000e+00
    endloop
  endfacet
  facet normal 0.000000e+00 0.000000e+00 -1.000000e+00
    outer loop
      vertex   8.357285e+01 1.874571e+01 0.000000e+00
      vertex   8.636069e+01 1.867391e+01 0.000000e+00
      vertex   8.370938e+01 1.860562e+01 0.000000e+00
    endloop
  endfacet
  facet normal 0.000000e+00 0.000000e+00 -1.000000e+00
    outer loop
      vertex   8.370938e+01 1.860562e+01 0.000000e+00
      vertex   8.636069e+01 1.867391e+01 0.000000e+00
      vertex   8.621713e+01 1.854103e+01 0.000000e+00
    endloop
  endfacet
  facet normal 0.000000e+00 0.000000e+00 -1.000000e+00
    outer loop
      vertex   8.370938e+01 1.860562e+01 0.000000e+00
      vertex   8.621713e+01 1.854103e+01 0.000000e+00
      vertex   8.385959e+01 1.848031e+01 0.000000e+00
    endloop
  endfacet
  facet normal 0.000000e+00 0.000000e+00 -1.000000e+00
    outer loop
      vertex   8.385959e+01 1.848031e+01 0.000000e+00
      vertex   8.621713e+01 1.854103e+01 0.000000e+00
      vertex   8.606066e+01 1.842361e+01 0.000000e+00
    endloop
  endfacet
  facet normal 0.000000e+00 0.000000e+00 -1.000000e+00
    outer loop
      vertex   8.385959e+01 1.848031e+01 0.000000e+00
      vertex   8.606066e+01 1.842361e+01 0.000000e+00
      vertex   8.402189e+01 1.837110e+01 0.000000e+00
    endloop
  endfacet
  facet normal 0.000000e+00 0.000000e+00 -1.000000e+00
    outer loop
      vertex   8.402189e+01 1.837110e+01 0.000000e+00
      vertex   8.606066e+01 1.842361e+01 0.000000e+00
      vertex   8.589296e+01 1.832291e+01 0.000000e+00
    endloop
  endfacet
  facet normal 0.000000e+00 0.000000e+00 -1.000000e+00
    outer loop
      vertex   8.402189e+01 1.837110e+01 0.000000e+00
      vertex   8.589296e+01 1.832291e+01 0.000000e+00
      vertex   8.419456e+01 1.827917e+01 0.000000e+00
    endloop
  endfacet
  facet normal 0.000000e+00 0.000000e+00 -1.000000e+00
    outer loop
      vertex   8.419456e+01 1.827917e+01 0.000000e+00
      vertex   8.589296e+01 1.832291e+01 0.000000e+00
      vertex   8.571578e+01 1.823998e+01 0.000000e+00
    endloop
  endfacet
  facet normal 0.000000e+00 0.000000e+00 -1.000000e+00
    outer loop
      vertex   8.419456e+01 1.827917e+01 0.000000e+00
      vertex   8.571578e+01 1.823998e+01 0.000000e+00
      vertex   8.437577e+01 1.820547e+01 0.000000e+00
    endloop
  endfacet
  facet normal 0.000000e+00 0.000000e+00 -1.000000e+00
    outer loop
      vertex   8.437577e+01 1.820547e+01 0.000000e+00
      vertex   8.571578e+01 1.823998e+01 0.000000e+00
      vertex   8.553102e+01 1.817572e+01 0.000000e+00
    endloop
  endfacet
  facet normal 0.000000e+00 0.000000e+00 -1.000000e+00
    outer loop
      vertex   8.437577e+01 1.820547e+01 0.000000e+00
      vertex   8.553102e+01 1.817572e+01 0.000000e+00
      vertex   8.456359e+01 1.815080e+01 0.000000e+00
    endloop
  endfacet
  facet normal 0.000000e+00 0.000000e+00 -1.000000e+00
    outer loop
      vertex   8.456359e+01 1.815080e+01 0.000000e+00
      vertex   8.553102e+01 1.817572e+01 0.000000e+00
      vertex   8.534063e+01 1.813078e+01 0.000000e+00
    endloop
  endfacet
  facet normal 0.000000e+00 0.000000e+00 -1.000000e+00
    outer loop
      vertex   8.456359e+01 1.815080e+01 0.000000e+00
      vertex   8.534063e+01 1.813078e+01 0.000000e+00
      vertex   8.475604e+01 1.811573e+01 0.000000e+00
    endloop
  endfacet
  facet normal 0.000000e+00 0.000000e+00 -1.000000e+00
    outer loop
      vertex   8.475604e+01 1.811573e+01 0.000000e+00
      vertex   8.534063e+01 1.813078e+01 0.000000e+00
      vertex   8.514663e+01 1.810567e+01 0.000000e+00
    endloop
  endfacet
  facet normal 0.000000e+00 0.000000e+00 -1.000000e+00
    outer loop
      vertex   8.475604e+01 1.811573e+01 0.000000e+00
      vertex   8.514663e+01 1.810567e+01 0.000000e+00
      vertex   8.495108e+01 1.810063e+01 0.000000e+00
    endloop
  endfacet
endsolid
