solid ASCII
  facet normal 1.577722e-31 -1.000000e+00 -7.105427e-16
    outer loop
      vertex   -4.590000e+01 1.063000e+02 -7.000000e+00
      vertex   -4.590000e+01 1.063000e+02 -2.700000e+01
      vertex   -4.190000e+01 1.063000e+02 -7.000000e+00
    endloop
  endfacet
  facet normal 1.262177e-30 -1.000000e+00 -7.105427e-16
    outer loop
      vertex   -4.190000e+01 1.063000e+02 -7.000000e+00
      vertex   -4.590000e+01 1.063000e+02 -2.700000e+01
      vertex   -4.190000e+01 1.063000e+02 -2.700000e+01
    endloop
  endfacet
  facet normal -6.310887e-31 1.000000e+00 7.105427e-16
    outer loop
      vertex   -4.590000e+01 9.230000e+01 -2.700000e+01
      vertex   -4.590000e+01 9.230000e+01 -7.000000e+00
      vertex   -4.190000e+01 9.230000e+01 -2.700000e+01
    endloop
  endfacet
  facet normal 0.000000e+00 1.000000e+00 7.105427e-16
    outer loop
      vertex   -4.190000e+01 9.230000e+01 -2.700000e+01
      vertex   -4.590000e+01 9.230000e+01 -7.000000e+00
      vertex   -4.190000e+01 9.230000e+01 -7.000000e+00
    endloop
  endfacet
  facet normal 2.220446e-16 3.806479e-16 -1.000000e+00
    outer loop
      vertex   -4.590000e+01 9.230000e+01 -7.000000e+00
      vertex   -4.590000e+01 1.063000e+02 -7.000000e+00
      vertex   -4.190000e+01 9.230000e+01 -7.000000e+00
    endloop
  endfacet
  facet normal 2.220446e-16 3.806479e-16 -1.000000e+00
    outer loop
      vertex   -4.190000e+01 9.230000e+01 -7.000000e+00
      vertex   -4.590000e+01 1.063000e+02 -7.000000e+00
      vertex   -4.190000e+01 1.063000e+02 -7.000000e+00
    endloop
  endfacet
  facet normal -1.000000e+00 -5.075305e-16 -3.552714e-16
    outer loop
      vertex   -4.190000e+01 1.063000e+02 -7.000000e+00
      vertex   -4.190000e+01 1.063000e+02 -2.700000e+01
      vertex   -4.190000e+01 9.230000e+01 -7.000000e+00
    endloop
  endfacet
  facet normal -1.000000e+00 -5.075305e-16 -3.552714e-16
    outer loop
      vertex   -4.190000e+01 9.230000e+01 -7.000000e+00
      vertex   -4.190000e+01 1.063000e+02 -2.700000e+01
      vertex   -4.190000e+01 9.230000e+01 -2.700000e+01
    endloop
  endfacet
  facet normal 8.881784e-16 8.262125e-16 -1.000000e+00
    outer loop
      vertex   -4.590000e+01 9.230000e+01 -2.700000e+01
      vertex   -4.190000e+01 9.230000e+01 -2.700000e+01
      vertex   -4.590000e+01 8.800000e+01 -2.700000e+01
    endloop
  endfacet
  facet normal 7.943463e-16 9.134982e-16 -1.000000e+00
    outer loop
      vertex   -4.590000e+01 8.800000e+01 -2.700000e+01
      vertex   -4.190000e+01 9.230000e+01 -2.700000e+01
      vertex   -3.900000e+01 8.200000e+01 -2.700000e+01
    endloop
  endfacet
  facet normal 0.000000e+00 -0.000000e+00 -1.000000e+00
    outer loop
      vertex   -4.590000e+01 8.800000e+01 -2.700000e+01
      vertex   -3.900000e+01 8.200000e+01 -2.700000e+01
      vertex   -6.500000e+01 8.200000e+01 -2.700000e+01
    endloop
  endfacet
  facet normal -6.475389e-16 5.075305e-16 -1.000000e+00
    outer loop
      vertex   -4.190000e+01 9.230000e+01 -2.700000e+01
      vertex   -4.190000e+01 1.063000e+02 -2.700000e+01
      vertex   -3.900000e+01 8.200000e+01 -2.700000e+01
    endloop
  endfacet
  facet normal -4.900295e-15 0.000000e+00 -1.000000e+00
    outer loop
      vertex   -3.900000e+01 8.200000e+01 -2.700000e+01
      vertex   -4.190000e+01 1.063000e+02 -2.700000e+01
      vertex   -3.900000e+01 1.166000e+02 -2.700000e+01
    endloop
  endfacet
  facet normal 1.588693e-15 -1.826996e-15 -1.000000e+00
    outer loop
      vertex   -3.900000e+01 1.166000e+02 -2.700000e+01
      vertex   -4.190000e+01 1.063000e+02 -2.700000e+01
      vertex   -4.590000e+01 1.106000e+02 -2.700000e+01
    endloop
  endfacet
  facet normal -0.000000e+00 0.000000e+00 -1.000000e+00
    outer loop
      vertex   -3.900000e+01 1.166000e+02 -2.700000e+01
      vertex   -4.590000e+01 1.106000e+02 -2.700000e+01
      vertex   -6.500000e+01 1.166000e+02 -2.700000e+01
    endloop
  endfacet
  facet normal 0.000000e+00 0.000000e+00 -1.000000e+00
    outer loop
      vertex   -6.500000e+01 1.166000e+02 -2.700000e+01
      vertex   -4.590000e+01 1.106000e+02 -2.700000e+01
      vertex   -6.500000e+01 1.106000e+02 -2.700000e+01
    endloop
  endfacet
  facet normal 8.881784e-16 -2.478637e-15 -1.000000e+00
    outer loop
      vertex   -4.190000e+01 1.063000e+02 -2.700000e+01
      vertex   -4.590000e+01 1.063000e+02 -2.700000e+01
      vertex   -4.590000e+01 1.106000e+02 -2.700000e+01
    endloop
  endfacet
  facet normal 0.000000e+00 0.000000e+00 -1.000000e+00
    outer loop
      vertex   -6.500000e+01 8.200000e+01 -2.700000e+01
      vertex   -6.500000e+01 8.800000e+01 -2.700000e+01
      vertex   -4.590000e+01 8.800000e+01 -2.700000e+01
    endloop
  endfacet
  facet normal 7.133918e-02 9.974521e-01 -0.000000e+00
    outer loop
      vertex   -1.700000e+01 6.725000e+01 -3.000000e+00
      vertex   -1.700000e+01 6.725000e+01 4.732000e+00
      vertex   -1.628843e+01 6.719911e+01 -3.000000e+00
    endloop
  endfacet
  facet normal 7.133918e-02 9.974521e-01 -0.000000e+00
    outer loop
      vertex   -1.628843e+01 6.719911e+01 -3.000000e+00
      vertex   -1.700000e+01 6.725000e+01 4.732000e+00
      vertex   -1.628843e+01 6.719911e+01 4.732000e+00
    endloop
  endfacet
  facet normal 2.125653e-01 9.771469e-01 -0.000000e+00
    outer loop
      vertex   -1.628843e+01 6.719911e+01 -3.000000e+00
      vertex   -1.628843e+01 6.719911e+01 4.732000e+00
      vertex   -1.559134e+01 6.704746e+01 -3.000000e+00
    endloop
  endfacet
  facet normal 2.125653e-01 9.771469e-01 -0.000000e+00
    outer loop
      vertex   -1.559134e+01 6.704746e+01 -3.000000e+00
      vertex   -1.628843e+01 6.719911e+01 4.732000e+00
      vertex   -1.559134e+01 6.704746e+01 4.732000e+00
    endloop
  endfacet
  facet normal 3.494642e-01 9.369497e-01 -0.000000e+00
    outer loop
      vertex   -1.559134e+01 6.704746e+01 -3.000000e+00
      vertex   -1.559134e+01 6.704746e+01 4.732000e+00
      vertex   -1.492292e+01 6.679816e+01 -3.000000e+00
    endloop
  endfacet
  facet normal 3.494642e-01 9.369497e-01 -0.000000e+00
    outer loop
      vertex   -1.492292e+01 6.679816e+01 -3.000000e+00
      vertex   -1.559134e+01 6.704746e+01 4.732000e+00
      vertex   -1.492292e+01 6.679816e+01 4.732000e+00
    endloop
  endfacet
  facet normal 4.792490e-01 8.776790e-01 -0.000000e+00
    outer loop
      vertex   -1.492292e+01 6.679816e+01 -3.000000e+00
      vertex   -1.492292e+01 6.679816e+01 4.732000e+00
      vertex   -1.429680e+01 6.645627e+01 -3.000000e+00
    endloop
  endfacet
  facet normal 4.792490e-01 8.776790e-01 -0.000000e+00
    outer loop
      vertex   -1.429680e+01 6.645627e+01 -3.000000e+00
      vertex   -1.492292e+01 6.679816e+01 4.732000e+00
      vertex   -1.429680e+01 6.645627e+01 4.732000e+00
    endloop
  endfacet
  facet normal 5.992777e-01 8.005412e-01 -0.000000e+00
    outer loop
      vertex   -1.429680e+01 6.645627e+01 -3.000000e+00
      vertex   -1.429680e+01 6.645627e+01 4.732000e+00
      vertex   -1.372570e+01 6.602875e+01 -3.000000e+00
    endloop
  endfacet
  facet normal 5.992777e-01 8.005412e-01 -0.000000e+00
    outer loop
      vertex   -1.372570e+01 6.602875e+01 -3.000000e+00
      vertex   -1.429680e+01 6.645627e+01 4.732000e+00
      vertex   -1.372570e+01 6.602875e+01 4.732000e+00
    endloop
  endfacet
  facet normal 7.071068e-01 7.071068e-01 -0.000000e+00
    outer loop
      vertex   -1.372570e+01 6.602875e+01 -3.000000e+00
      vertex   -1.372570e+01 6.602875e+01 4.732000e+00
      vertex   -1.322125e+01 6.552430e+01 -3.000000e+00
    endloop
  endfacet
  facet normal 7.071068e-01 7.071068e-01 -0.000000e+00
    outer loop
      vertex   -1.322125e+01 6.552430e+01 -3.000000e+00
      vertex   -1.372570e+01 6.602875e+01 4.732000e+00
      vertex   -1.322125e+01 6.552430e+01 4.732000e+00
    endloop
  endfacet
  facet normal 8.005412e-01 5.992777e-01 -0.000000e+00
    outer loop
      vertex   -1.322125e+01 6.552430e+01 -3.000000e+00
      vertex   -1.322125e+01 6.552430e+01 4.732000e+00
      vertex   -1.279373e+01 6.495320e+01 -3.000000e+00
    endloop
  endfacet
  facet normal 8.005412e-01 5.992777e-01 -0.000000e+00
    outer loop
      vertex   -1.279373e+01 6.495320e+01 -3.000000e+00
      vertex   -1.322125e+01 6.552430e+01 4.732000e+00
      vertex   -1.279373e+01 6.495320e+01 4.732000e+00
    endloop
  endfacet
  facet normal 8.776790e-01 4.792490e-01 -0.000000e+00
    outer loop
      vertex   -1.279373e+01 6.495320e+01 -3.000000e+00
      vertex   -1.279373e+01 6.495320e+01 4.732000e+00
      vertex   -1.245184e+01 6.432708e+01 -3.000000e+00
    endloop
  endfacet
  facet normal 8.776790e-01 4.792490e-01 -0.000000e+00
    outer loop
      vertex   -1.245184e+01 6.432708e+01 -3.000000e+00
      vertex   -1.279373e+01 6.495320e+01 4.732000e+00
      vertex   -1.245184e+01 6.432708e+01 4.732000e+00
    endloop
  endfacet
  facet normal 9.369497e-01 3.494642e-01 -0.000000e+00
    outer loop
      vertex   -1.245184e+01 6.432708e+01 -3.000000e+00
      vertex   -1.245184e+01 6.432708e+01 4.732000e+00
      vertex   -1.220254e+01 6.365866e+01 -3.000000e+00
    endloop
  endfacet
  facet normal 9.369497e-01 3.494642e-01 -0.000000e+00
    outer loop
      vertex   -1.220254e+01 6.365866e+01 -3.000000e+00
      vertex   -1.245184e+01 6.432708e+01 4.732000e+00
      vertex   -1.220254e+01 6.365866e+01 4.732000e+00
    endloop
  endfacet
  facet normal 9.771469e-01 2.125653e-01 -0.000000e+00
    outer loop
      vertex   -1.220254e+01 6.365866e+01 -3.000000e+00
      vertex   -1.220254e+01 6.365866e+01 4.732000e+00
      vertex   -1.205089e+01 6.296157e+01 -3.000000e+00
    endloop
  endfacet
  facet normal 9.771469e-01 2.125653e-01 -0.000000e+00
    outer loop
      vertex   -1.205089e+01 6.296157e+01 -3.000000e+00
      vertex   -1.220254e+01 6.365866e+01 4.732000e+00
      vertex   -1.205089e+01 6.296157e+01 4.732000e+00
    endloop
  endfacet
  facet normal 9.974521e-01 7.133918e-02 -0.000000e+00
    outer loop
      vertex   -1.205089e+01 6.296157e+01 -3.000000e+00
      vertex   -1.205089e+01 6.296157e+01 4.732000e+00
      vertex   -1.200000e+01 6.225000e+01 -3.000000e+00
    endloop
  endfacet
  facet normal 9.974521e-01 7.133918e-02 -0.000000e+00
    outer loop
      vertex   -1.200000e+01 6.225000e+01 -3.000000e+00
      vertex   -1.205089e+01 6.296157e+01 4.732000e+00
      vertex   -1.200000e+01 6.225000e+01 4.732000e+00
    endloop
  endfacet
  facet normal 0.000000e+00 0.000000e+00 -1.000000e+00
    outer loop
      vertex   -2.043741e+01 6.370294e+01 -3.000000e+00
      vertex   -1.921789e+01 6.729705e+01 -3.000000e+00
      vertex   -2.040000e+01 6.335898e+01 -3.000000e+00
    endloop
  endfacet
  facet normal 0.000000e+00 0.000000e+00 -1.000000e+00
    outer loop
      vertex   -2.040000e+01 6.335898e+01 -3.000000e+00
      vertex   -1.921789e+01 6.729705e+01 -3.000000e+00
      vertex   -1.850000e+01 6.725000e+01 -3.000000e+00
    endloop
  endfacet
  facet normal 0.000000e+00 -0.000000e+00 -1.000000e+00
    outer loop
      vertex   -2.040000e+01 6.335898e+01 -3.000000e+00
      vertex   -1.850000e+01 6.725000e+01 -3.000000e+00
      vertex   -2.043741e+01 6.301503e+01 -3.000000e+00
    endloop
  endfacet
  facet normal 0.000000e+00 0.000000e+00 -1.000000e+00
    outer loop
      vertex   -2.043741e+01 6.301503e+01 -3.000000e+00
      vertex   -1.850000e+01 6.725000e+01 -3.000000e+00
      vertex   -1.700000e+01 5.635898e+01 -3.000000e+00
    endloop
  endfacet
  facet normal 0.000000e+00 -0.000000e+00 -1.000000e+00
    outer loop
      vertex   -2.043741e+01 6.301503e+01 -3.000000e+00
      vertex   -1.700000e+01 5.635898e+01 -3.000000e+00
      vertex   -2.054788e+01 6.268716e+01 -3.000000e+00
    endloop
  endfacet
  facet normal 0.000000e+00 -0.000000e+00 -1.000000e+00
    outer loop
      vertex   -2.054788e+01 6.268716e+01 -3.000000e+00
      vertex   -1.700000e+01 5.635898e+01 -3.000000e+00
      vertex   -2.072625e+01 6.239071e+01 -3.000000e+00
    endloop
  endfacet
  facet normal 0.000000e+00 -0.000000e+00 -1.000000e+00
    outer loop
      vertex   -2.072625e+01 6.239071e+01 -3.000000e+00
      vertex   -1.700000e+01 5.635898e+01 -3.000000e+00
      vertex   -2.096418e+01 6.213952e+01 -3.000000e+00
    endloop
  endfacet
  facet normal 0.000000e+00 -0.000000e+00 -1.000000e+00
    outer loop
      vertex   -2.096418e+01 6.213952e+01 -3.000000e+00
      vertex   -1.700000e+01 5.635898e+01 -3.000000e+00
      vertex   -2.125055e+01 6.194536e+01 -3.000000e+00
    endloop
  endfacet
  facet normal 0.000000e+00 -0.000000e+00 -1.000000e+00
    outer loop
      vertex   -2.125055e+01 6.194536e+01 -3.000000e+00
      vertex   -1.700000e+01 5.635898e+01 -3.000000e+00
      vertex   -2.157195e+01 6.181730e+01 -3.000000e+00
    endloop
  endfacet
  facet normal 0.000000e+00 -0.000000e+00 -1.000000e+00
    outer loop
      vertex   -2.157195e+01 6.181730e+01 -3.000000e+00
      vertex   -1.700000e+01 5.635898e+01 -3.000000e+00
      vertex   -2.450000e+01 5.635898e+01 -3.000000e+00
    endloop
  endfacet
  facet normal 0.000000e+00 0.000000e+00 -1.000000e+00
    outer loop
      vertex   -2.157195e+01 6.181730e+01 -3.000000e+00
      vertex   -2.450000e+01 5.635898e+01 -3.000000e+00
      vertex   -2.191338e+01 6.176133e+01 -3.000000e+00
    endloop
  endfacet
  facet normal -0.000000e+00 0.000000e+00 -1.000000e+00
    outer loop
      vertex   -2.191338e+01 6.176133e+01 -3.000000e+00
      vertex   -2.450000e+01 5.635898e+01 -3.000000e+00
      vertex   -2.225885e+01 6.178006e+01 -3.000000e+00
    endloop
  endfacet
  facet normal -0.000000e+00 0.000000e+00 -1.000000e+00
    outer loop
      vertex   -2.225885e+01 6.178006e+01 -3.000000e+00
      vertex   -2.450000e+01 5.635898e+01 -3.000000e+00
      vertex   -2.259222e+01 6.187262e+01 -3.000000e+00
    endloop
  endfacet
  facet normal -0.000000e+00 0.000000e+00 -1.000000e+00
    outer loop
      vertex   -2.259222e+01 6.187262e+01 -3.000000e+00
      vertex   -2.450000e+01 5.635898e+01 -3.000000e+00
      vertex   -2.289790e+01 6.203468e+01 -3.000000e+00
    endloop
  endfacet
  facet normal -0.000000e+00 0.000000e+00 -1.000000e+00
    outer loop
      vertex   -2.289790e+01 6.203468e+01 -3.000000e+00
      vertex   -2.450000e+01 5.635898e+01 -3.000000e+00
      vertex   -2.316159e+01 6.225866e+01 -3.000000e+00
    endloop
  endfacet
  facet normal -0.000000e+00 0.000000e+00 -1.000000e+00
    outer loop
      vertex   -2.316159e+01 6.225866e+01 -3.000000e+00
      vertex   -2.450000e+01 5.635898e+01 -3.000000e+00
      vertex   -2.337097e+01 6.253410e+01 -3.000000e+00
    endloop
  endfacet
  facet normal -0.000000e+00 0.000000e+00 -1.000000e+00
    outer loop
      vertex   -2.337097e+01 6.253410e+01 -3.000000e+00
      vertex   -2.450000e+01 5.635898e+01 -3.000000e+00
      vertex   -2.351625e+01 6.284810e+01 -3.000000e+00
    endloop
  endfacet
  facet normal 0.000000e+00 0.000000e+00 -1.000000e+00
    outer loop
      vertex   -2.351625e+01 6.284810e+01 -3.000000e+00
      vertex   -2.450000e+01 5.635898e+01 -3.000000e+00
      vertex   -2.521789e+01 5.640604e+01 -3.000000e+00
    endloop
  endfacet
  facet normal -0.000000e+00 0.000000e+00 -1.000000e+00
    outer loop
      vertex   -2.351625e+01 6.284810e+01 -3.000000e+00
      vertex   -2.521789e+01 5.640604e+01 -3.000000e+00
      vertex   -2.359062e+01 6.318599e+01 -3.000000e+00
    endloop
  endfacet
  facet normal 0.000000e+00 0.000000e+00 -1.000000e+00
    outer loop
      vertex   -2.359062e+01 6.318599e+01 -3.000000e+00
      vertex   -2.521789e+01 5.640604e+01 -3.000000e+00
      vertex   -2.592350e+01 5.654639e+01 -3.000000e+00
    endloop
  endfacet
  facet normal 0.000000e+00 0.000000e+00 -1.000000e+00
    outer loop
      vertex   -2.359062e+01 6.318599e+01 -3.000000e+00
      vertex   -2.592350e+01 5.654639e+01 -3.000000e+00
      vertex   -2.660476e+01 5.677765e+01 -3.000000e+00
    endloop
  endfacet
  facet normal -0.000000e+00 0.000000e+00 -1.000000e+00
    outer loop
      vertex   -1.921789e+01 6.729705e+01 -3.000000e+00
      vertex   -2.043741e+01 6.370294e+01 -3.000000e+00
      vertex   -1.992350e+01 6.743741e+01 -3.000000e+00
    endloop
  endfacet
  facet normal 0.000000e+00 0.000000e+00 -1.000000e+00
    outer loop
      vertex   -1.992350e+01 6.743741e+01 -3.000000e+00
      vertex   -2.043741e+01 6.370294e+01 -3.000000e+00
      vertex   -2.054788e+01 6.403081e+01 -3.000000e+00
    endloop
  endfacet
  facet normal 0.000000e+00 0.000000e+00 -1.000000e+00
    outer loop
      vertex   -1.992350e+01 6.743741e+01 -3.000000e+00
      vertex   -2.054788e+01 6.403081e+01 -3.000000e+00
      vertex   -2.072625e+01 6.432726e+01 -3.000000e+00
    endloop
  endfacet
  facet normal -0.000000e+00 0.000000e+00 -1.000000e+00
    outer loop
      vertex   -1.992350e+01 6.743741e+01 -3.000000e+00
      vertex   -2.072625e+01 6.432726e+01 -3.000000e+00
      vertex   -2.060476e+01 6.766866e+01 -3.000000e+00
    endloop
  endfacet
  facet normal 0.000000e+00 0.000000e+00 -1.000000e+00
    outer loop
      vertex   -2.060476e+01 6.766866e+01 -3.000000e+00
      vertex   -2.072625e+01 6.432726e+01 -3.000000e+00
      vertex   -2.096418e+01 6.457844e+01 -3.000000e+00
    endloop
  endfacet
  facet normal 0.000000e+00 0.000000e+00 -1.000000e+00
    outer loop
      vertex   -2.060476e+01 6.766866e+01 -3.000000e+00
      vertex   -2.096418e+01 6.457844e+01 -3.000000e+00
      vertex   -2.125055e+01 6.477260e+01 -3.000000e+00
    endloop
  endfacet
  facet normal -0.000000e+00 0.000000e+00 -1.000000e+00
    outer loop
      vertex   -2.060476e+01 6.766866e+01 -3.000000e+00
      vertex   -2.125055e+01 6.477260e+01 -3.000000e+00
      vertex   -2.125000e+01 6.798686e+01 -3.000000e+00
    endloop
  endfacet
  facet normal 0.000000e+00 0.000000e+00 -1.000000e+00
    outer loop
      vertex   -2.125000e+01 6.798686e+01 -3.000000e+00
      vertex   -2.125055e+01 6.477260e+01 -3.000000e+00
      vertex   -2.157195e+01 6.490066e+01 -3.000000e+00
    endloop
  endfacet
  facet normal -0.000000e+00 0.000000e+00 -1.000000e+00
    outer loop
      vertex   -2.125000e+01 6.798686e+01 -3.000000e+00
      vertex   -2.157195e+01 6.490066e+01 -3.000000e+00
      vertex   -2.184819e+01 6.838656e+01 -3.000000e+00
    endloop
  endfacet
  facet normal 0.000000e+00 -0.000000e+00 -1.000000e+00
    outer loop
      vertex   -2.184819e+01 6.838656e+01 -3.000000e+00
      vertex   -2.157195e+01 6.490066e+01 -3.000000e+00
      vertex   -2.191338e+01 6.495664e+01 -3.000000e+00
    endloop
  endfacet
  facet normal 0.000000e+00 0.000000e+00 -1.000000e+00
    outer loop
      vertex   -2.184819e+01 6.838656e+01 -3.000000e+00
      vertex   -2.191338e+01 6.495664e+01 -3.000000e+00
      vertex   -2.225885e+01 6.493791e+01 -3.000000e+00
    endloop
  endfacet
  facet normal -0.000000e+00 0.000000e+00 -1.000000e+00
    outer loop
      vertex   -2.184819e+01 6.838656e+01 -3.000000e+00
      vertex   -2.225885e+01 6.493791e+01 -3.000000e+00
      vertex   -2.238909e+01 6.886091e+01 -3.000000e+00
    endloop
  endfacet
  facet normal 0.000000e+00 -0.000000e+00 -1.000000e+00
    outer loop
      vertex   -2.238909e+01 6.886091e+01 -3.000000e+00
      vertex   -2.225885e+01 6.493791e+01 -3.000000e+00
      vertex   -2.259222e+01 6.484535e+01 -3.000000e+00
    endloop
  endfacet
  facet normal 0.000000e+00 0.000000e+00 -1.000000e+00
    outer loop
      vertex   -2.238909e+01 6.886091e+01 -3.000000e+00
      vertex   -2.259222e+01 6.484535e+01 -3.000000e+00
      vertex   -2.289790e+01 6.468329e+01 -3.000000e+00
    endloop
  endfacet
  facet normal -0.000000e+00 0.000000e+00 -1.000000e+00
    outer loop
      vertex   -2.238909e+01 6.886091e+01 -3.000000e+00
      vertex   -2.289790e+01 6.468329e+01 -3.000000e+00
      vertex   -2.286344e+01 6.940181e+01 -3.000000e+00
    endloop
  endfacet
  facet normal 0.000000e+00 0.000000e+00 -1.000000e+00
    outer loop
      vertex   -2.286344e+01 6.940181e+01 -3.000000e+00
      vertex   -2.289790e+01 6.468329e+01 -3.000000e+00
      vertex   -2.316159e+01 6.445930e+01 -3.000000e+00
    endloop
  endfacet
  facet normal -0.000000e+00 0.000000e+00 -1.000000e+00
    outer loop
      vertex   -2.286344e+01 6.940181e+01 -3.000000e+00
      vertex   -2.316159e+01 6.445930e+01 -3.000000e+00
      vertex   -2.326314e+01 7.000000e+01 -3.000000e+00
    endloop
  endfacet
  facet normal 0.000000e+00 -0.000000e+00 -1.000000e+00
    outer loop
      vertex   -2.326314e+01 7.000000e+01 -3.000000e+00
      vertex   -2.316159e+01 6.445930e+01 -3.000000e+00
      vertex   -2.337097e+01 6.418387e+01 -3.000000e+00
    endloop
  endfacet
  facet normal -0.000000e+00 0.000000e+00 -1.000000e+00
    outer loop
      vertex   -2.326314e+01 7.000000e+01 -3.000000e+00
      vertex   -2.337097e+01 6.418387e+01 -3.000000e+00
      vertex   -2.358134e+01 7.064524e+01 -3.000000e+00
    endloop
  endfacet
  facet normal 0.000000e+00 0.000000e+00 -1.000000e+00
    outer loop
      vertex   -2.358134e+01 7.064524e+01 -3.000000e+00
      vertex   -2.337097e+01 6.418387e+01 -3.000000e+00
      vertex   -2.351625e+01 6.386987e+01 -3.000000e+00
    endloop
  endfacet
  facet normal -0.000000e+00 -0.000000e+00 -1.000000e+00
    outer loop
      vertex   -2.358134e+01 7.064524e+01 -3.000000e+00
      vertex   -2.351625e+01 6.386987e+01 -3.000000e+00
      vertex   -2.381259e+01 7.132650e+01 -3.000000e+00
    endloop
  endfacet
  facet normal 0.000000e+00 0.000000e+00 -1.000000e+00
    outer loop
      vertex   -2.381259e+01 7.132650e+01 -3.000000e+00
      vertex   -2.351625e+01 6.386987e+01 -3.000000e+00
      vertex   -2.359062e+01 6.353197e+01 -3.000000e+00
    endloop
  endfacet
  facet normal 0.000000e+00 -0.000000e+00 -1.000000e+00
    outer loop
      vertex   -2.381259e+01 7.132650e+01 -3.000000e+00
      vertex   -2.359062e+01 6.353197e+01 -3.000000e+00
      vertex   -2.784819e+01 5.749554e+01 -3.000000e+00
    endloop
  endfacet
  facet normal 0.000000e+00 0.000000e+00 -1.000000e+00
    outer loop
      vertex   -2.784819e+01 5.749554e+01 -3.000000e+00
      vertex   -2.359062e+01 6.353197e+01 -3.000000e+00
      vertex   -2.725000e+01 5.709584e+01 -3.000000e+00
    endloop
  endfacet
  facet normal 0.000000e+00 0.000000e+00 -1.000000e+00
    outer loop
      vertex   -2.725000e+01 5.709584e+01 -3.000000e+00
      vertex   -2.359062e+01 6.353197e+01 -3.000000e+00
      vertex   -2.660476e+01 5.677765e+01 -3.000000e+00
    endloop
  endfacet
  facet normal 0.000000e+00 0.000000e+00 -1.000000e+00
    outer loop
      vertex   -2.660476e+01 5.677765e+01 -3.000000e+00
      vertex   -2.359062e+01 6.353197e+01 -3.000000e+00
      vertex   -2.359062e+01 6.318599e+01 -3.000000e+00
    endloop
  endfacet
  facet normal 5.952295e-15 6.473511e-16 -1.000000e+00
    outer loop
      vertex   -2.856259e+01 9.765605e+01 -3.000000e+00
      vertex   -3.407650e+01 8.181259e+01 -3.000000e+00
      vertex   -2.860000e+01 9.800000e+01 -3.000000e+00
    endloop
  endfacet
  facet normal 4.959543e-16 2.493331e-15 -1.000000e+00
    outer loop
      vertex   -2.860000e+01 9.800000e+01 -3.000000e+00
      vertex   -3.407650e+01 8.181259e+01 -3.000000e+00
      vertex   -3.478211e+01 8.195295e+01 -3.000000e+00
    endloop
  endfacet
  facet normal 5.601893e-15 5.262746e-16 -1.000000e+00
    outer loop
      vertex   -2.860000e+01 9.800000e+01 -3.000000e+00
      vertex   -3.478211e+01 8.195295e+01 -3.000000e+00
      vertex   -3.550000e+01 8.200000e+01 -3.000000e+00
    endloop
  endfacet
  facet normal 2.103725e-15 2.063295e-15 -1.000000e+00
    outer loop
      vertex   -2.845212e+01 9.732818e+01 -3.000000e+00
      vertex   -3.275000e+01 8.126314e+01 -3.000000e+00
      vertex   -2.856259e+01 9.765605e+01 -3.000000e+00
    endloop
  endfacet
  facet normal 1.139027e-15 2.309718e-15 -1.000000e+00
    outer loop
      vertex   -2.856259e+01 9.765605e+01 -3.000000e+00
      vertex   -3.275000e+01 8.126314e+01 -3.000000e+00
      vertex   -3.339524e+01 8.158134e+01 -3.000000e+00
    endloop
  endfacet
  facet normal 1.408421e-15 2.228728e-15 -1.000000e+00
    outer loop
      vertex   -2.856259e+01 9.765605e+01 -3.000000e+00
      vertex   -3.339524e+01 8.158134e+01 -3.000000e+00
      vertex   -3.407650e+01 8.181259e+01 -3.000000e+00
    endloop
  endfacet
  facet normal 3.160019e-15 1.901320e-15 -1.000000e+00
    outer loop
      vertex   -2.827375e+01 9.703172e+01 -3.000000e+00
      vertex   -3.161091e+01 8.038909e+01 -3.000000e+00
      vertex   -2.845212e+01 9.732818e+01 -3.000000e+00
    endloop
  endfacet
  facet normal 1.877202e-15 2.140539e-15 -1.000000e+00
    outer loop
      vertex   -2.845212e+01 9.732818e+01 -3.000000e+00
      vertex   -3.161091e+01 8.038909e+01 -3.000000e+00
      vertex   -3.215181e+01 8.086344e+01 -3.000000e+00
    endloop
  endfacet
  facet normal 1.488607e-15 2.227858e-15 -1.000000e+00
    outer loop
      vertex   -2.845212e+01 9.732818e+01 -3.000000e+00
      vertex   -3.215181e+01 8.086344e+01 -3.000000e+00
      vertex   -3.275000e+01 8.126314e+01 -3.000000e+00
    endloop
  endfacet
  facet normal 2.352645e-15 2.063214e-15 -1.000000e+00
    outer loop
      vertex   -3.161091e+01 8.038909e+01 -3.000000e+00
      vertex   -2.827375e+01 9.703172e+01 -3.000000e+00
      vertex   -3.113656e+01 7.984819e+01 -3.000000e+00
    endloop
  endfacet
  facet normal 2.204214e-15 2.087943e-15 -1.000000e+00
    outer loop
      vertex   -3.113656e+01 7.984819e+01 -3.000000e+00
      vertex   -2.827375e+01 9.703172e+01 -3.000000e+00
      vertex   -2.803582e+01 9.678054e+01 -3.000000e+00
    endloop
  endfacet
  facet normal 2.926793e-15 1.955620e-15 -1.000000e+00
    outer loop
      vertex   -3.113656e+01 7.984819e+01 -3.000000e+00
      vertex   -2.803582e+01 9.678054e+01 -3.000000e+00
      vertex   -3.073686e+01 7.925000e+01 -3.000000e+00
    endloop
  endfacet
  facet normal 1.477361e-15 2.178944e-15 -1.000000e+00
    outer loop
      vertex   -3.073686e+01 7.925000e+01 -3.000000e+00
      vertex   -2.803582e+01 9.678054e+01 -3.000000e+00
      vertex   -2.774945e+01 9.658638e+01 -3.000000e+00
    endloop
  endfacet
  facet normal 9.073094e-16 2.277175e-15 -1.000000e+00
    outer loop
      vertex   -3.073686e+01 7.925000e+01 -3.000000e+00
      vertex   -2.774945e+01 9.658638e+01 -3.000000e+00
      vertex   -2.742805e+01 9.645832e+01 -3.000000e+00
    endloop
  endfacet
  facet normal 3.576804e-15 1.763885e-15 -1.000000e+00
    outer loop
      vertex   -3.073686e+01 7.925000e+01 -3.000000e+00
      vertex   -2.742805e+01 9.645832e+01 -3.000000e+00
      vertex   -3.041866e+01 7.860476e+01 -3.000000e+00
    endloop
  endfacet
  facet normal 3.770446e-16 2.299871e-15 -1.000000e+00
    outer loop
      vertex   -3.041866e+01 7.860476e+01 -3.000000e+00
      vertex   -2.742805e+01 9.645832e+01 -3.000000e+00
      vertex   -2.708662e+01 9.640235e+01 -3.000000e+00
    endloop
  endfacet
  facet normal 3.263107e-15 1.759546e-15 -1.000000e+00
    outer loop
      vertex   -3.041866e+01 7.860476e+01 -3.000000e+00
      vertex   -2.708662e+01 9.640235e+01 -3.000000e+00
      vertex   -3.018741e+01 7.792350e+01 -3.000000e+00
    endloop
  endfacet
  facet normal -1.262359e-16 2.328284e-15 -1.000000e+00
    outer loop
      vertex   -3.018741e+01 7.792350e+01 -3.000000e+00
      vertex   -2.708662e+01 9.640235e+01 -3.000000e+00
      vertex   -2.674115e+01 9.642108e+01 -3.000000e+00
    endloop
  endfacet
  facet normal 1.999887e-13 -3.495487e-14 -1.000000e+00
    outer loop
      vertex   -3.018741e+01 7.792350e+01 -3.000000e+00
      vertex   -2.674115e+01 9.642108e+01 -3.000000e+00
      vertex   -2.400000e+01 9.400000e+01 -3.000000e+00
    endloop
  endfacet
  facet normal 5.521530e-14 -1.988675e-13 -1.000000e+00
    outer loop
      vertex   -2.400000e+01 9.400000e+01 -3.000000e+00
      vertex   -2.674115e+01 9.642108e+01 -3.000000e+00
      vertex   -2.640778e+01 9.651364e+01 -3.000000e+00
    endloop
  endfacet
  facet normal 8.851965e-14 -1.669658e-13 -1.000000e+00
    outer loop
      vertex   -2.400000e+01 9.400000e+01 -3.000000e+00
      vertex   -2.640778e+01 9.651364e+01 -3.000000e+00
      vertex   -2.610210e+01 9.667570e+01 -3.000000e+00
    endloop
  endfacet
  facet normal 1.204886e-13 -1.418501e-13 -1.000000e+00
    outer loop
      vertex   -2.610210e+01 9.667570e+01 -3.000000e+00
      vertex   -2.583841e+01 9.689968e+01 -3.000000e+00
      vertex   -2.400000e+01 9.400000e+01 -3.000000e+00
    endloop
  endfacet
  facet normal 1.565363e-13 -1.189958e-13 -1.000000e+00
    outer loop
      vertex   -2.400000e+01 9.400000e+01 -3.000000e+00
      vertex   -2.583841e+01 9.689968e+01 -3.000000e+00
      vertex   -2.562903e+01 9.717511e+01 -3.000000e+00
    endloop
  endfacet
  facet normal 2.057195e-13 -9.376172e-14 -1.000000e+00
    outer loop
      vertex   -2.400000e+01 9.400000e+01 -3.000000e+00
      vertex   -2.562903e+01 9.717511e+01 -3.000000e+00
      vertex   -2.548375e+01 9.748912e+01 -3.000000e+00
    endloop
  endfacet
  facet normal 2.808385e-13 -6.181722e-14 -1.000000e+00
    outer loop
      vertex   -2.548375e+01 9.748912e+01 -3.000000e+00
      vertex   -2.540938e+01 9.782701e+01 -3.000000e+00
      vertex   -2.400000e+01 9.400000e+01 -3.000000e+00
    endloop
  endfacet
  facet normal -8.517943e-13 -4.789338e-13 -1.000000e+00
    outer loop
      vertex   -2.400000e+01 9.400000e+01 -3.000000e+00
      vertex   -2.540938e+01 9.782701e+01 -3.000000e+00
      vertex   -2.346383e+01 9.446510e+01 -3.000000e+00
    endloop
  endfacet
  facet normal -2.419549e-14 0.000000e+00 -1.000000e+00
    outer loop
      vertex   -2.346383e+01 9.446510e+01 -3.000000e+00
      vertex   -2.540938e+01 9.782701e+01 -3.000000e+00
      vertex   -2.540938e+01 9.817299e+01 -3.000000e+00
    endloop
  endfacet
  facet normal -1.890267e-14 2.777166e-15 -1.000000e+00
    outer loop
      vertex   -2.346383e+01 9.446510e+01 -3.000000e+00
      vertex   -2.540938e+01 9.817299e+01 -3.000000e+00
      vertex   -2.259652e+01 1.003684e+02 -3.000000e+00
    endloop
  endfacet
  facet normal -1.428153e-14 -3.143603e-15 -1.000000e+00
    outer loop
      vertex   -2.259652e+01 1.003684e+02 -3.000000e+00
      vertex   -2.540938e+01 9.817299e+01 -3.000000e+00
      vertex   -2.548375e+01 9.851088e+01 -3.000000e+00
    endloop
  endfacet
  facet normal -1.326544e-14 -4.722964e-15 -1.000000e+00
    outer loop
      vertex   -2.259652e+01 1.003684e+02 -3.000000e+00
      vertex   -2.548375e+01 9.851088e+01 -3.000000e+00
      vertex   -2.562903e+01 9.882489e+01 -3.000000e+00
    endloop
  endfacet
  facet normal -1.129792e-14 -8.588458e-15 -1.000000e+00
    outer loop
      vertex   -2.562903e+01 9.882489e+01 -3.000000e+00
      vertex   -2.583841e+01 9.910032e+01 -3.000000e+00
      vertex   -2.259652e+01 1.003684e+02 -3.000000e+00
    endloop
  endfacet
  facet normal -1.003581e-14 -1.181506e-14 -1.000000e+00
    outer loop
      vertex   -2.259652e+01 1.003684e+02 -3.000000e+00
      vertex   -2.583841e+01 9.910032e+01 -3.000000e+00
      vertex   -2.610210e+01 9.932430e+01 -3.000000e+00
    endloop
  endfacet
  facet normal -8.679034e-15 -1.637039e-14 -1.000000e+00
    outer loop
      vertex   -2.259652e+01 1.003684e+02 -3.000000e+00
      vertex   -2.610210e+01 9.932430e+01 -3.000000e+00
      vertex   -2.640778e+01 9.948636e+01 -3.000000e+00
    endloop
  endfacet
  facet normal -4.635078e-15 -1.669404e-14 -1.000000e+00
    outer loop
      vertex   -2.674115e+01 9.957892e+01 -3.000000e+00
      vertex   -2.343707e+01 1.015079e+02 -3.000000e+00
      vertex   -2.640778e+01 9.948636e+01 -3.000000e+00
    endloop
  endfacet
  facet normal -1.011804e-14 -8.636790e-15 -1.000000e+00
    outer loop
      vertex   -2.640778e+01 9.948636e+01 -3.000000e+00
      vertex   -2.343707e+01 1.015079e+02 -3.000000e+00
      vertex   -2.297626e+01 1.009681e+02 -3.000000e+00
    endloop
  endfacet
  facet normal -1.087405e-14 -6.885931e-15 -1.000000e+00
    outer loop
      vertex   -2.640778e+01 9.948636e+01 -3.000000e+00
      vertex   -2.297626e+01 1.009681e+02 -3.000000e+00
      vertex   -2.259652e+01 1.003684e+02 -3.000000e+00
    endloop
  endfacet
  facet normal -7.550040e-16 -1.392523e-14 -1.000000e+00
    outer loop
      vertex   -2.708662e+01 9.959765e+01 -3.000000e+00
      vertex   -2.658650e+01 1.029829e+02 -3.000000e+00
      vertex   -2.674115e+01 9.957892e+01 -3.000000e+00
    endloop
  endfacet
  facet normal -2.149393e-15 -1.386188e-14 -1.000000e+00
    outer loop
      vertex   -2.674115e+01 9.957892e+01 -3.000000e+00
      vertex   -2.658650e+01 1.029829e+02 -3.000000e+00
      vertex   -2.588510e+01 1.028741e+02 -3.000000e+00
    endloop
  endfacet
  facet normal -4.073536e-15 -1.336201e-14 -1.000000e+00
    outer loop
      vertex   -2.674115e+01 9.957892e+01 -3.000000e+00
      vertex   -2.588510e+01 1.028741e+02 -3.000000e+00
      vertex   -2.520616e+01 1.026671e+02 -3.000000e+00
    endloop
  endfacet
  facet normal -1.647449e-16 -1.401243e-14 -1.000000e+00
    outer loop
      vertex   -2.658650e+01 1.029829e+02 -3.000000e+00
      vertex   -2.708662e+01 9.959765e+01 -3.000000e+00
      vertex   -2.729623e+01 1.029912e+02 -3.000000e+00
    endloop
  endfacet
  facet normal 2.272541e-15 -1.386189e-14 -1.000000e+00
    outer loop
      vertex   -2.729623e+01 1.029912e+02 -3.000000e+00
      vertex   -2.708662e+01 9.959765e+01 -3.000000e+00
      vertex   -2.742805e+01 9.954168e+01 -3.000000e+00
    endloop
  endfacet
  facet normal 1.814481e-15 -1.384438e-14 -1.000000e+00
    outer loop
      vertex   -2.729623e+01 1.029912e+02 -3.000000e+00
      vertex   -2.742805e+01 9.954168e+01 -3.000000e+00
      vertex   -2.800000e+01 1.028990e+02 -3.000000e+00
    endloop
  endfacet
  facet normal 5.280818e-15 -1.325385e-14 -1.000000e+00
    outer loop
      vertex   -2.800000e+01 1.028990e+02 -3.000000e+00
      vertex   -2.742805e+01 9.954168e+01 -3.000000e+00
      vertex   -2.774945e+01 9.941362e+01 -3.000000e+00
    endloop
  endfacet
  facet normal 8.814124e-15 -1.299986e-14 -1.000000e+00
    outer loop
      vertex   -2.800000e+01 1.028990e+02 -3.000000e+00
      vertex   -2.774945e+01 9.941362e+01 -3.000000e+00
      vertex   -2.803582e+01 9.921946e+01 -3.000000e+00
    endloop
  endfacet
  facet normal 1.377476e-14 -1.304815e-14 -1.000000e+00
    outer loop
      vertex   -2.803582e+01 9.921946e+01 -3.000000e+00
      vertex   -2.827375e+01 9.896828e+01 -3.000000e+00
      vertex   -2.800000e+01 1.028990e+02 -3.000000e+00
    endloop
  endfacet
  facet normal 2.272180e-14 -1.367126e-14 -1.000000e+00
    outer loop
      vertex   -2.800000e+01 1.028990e+02 -3.000000e+00
      vertex   -2.827375e+01 9.896828e+01 -3.000000e+00
      vertex   -2.845212e+01 9.867182e+01 -3.000000e+00
    endloop
  endfacet
  facet normal 5.476702e-14 -1.709869e-14 -1.000000e+00
    outer loop
      vertex   -2.800000e+01 1.028990e+02 -3.000000e+00
      vertex   -2.845212e+01 9.867182e+01 -3.000000e+00
      vertex   -2.856259e+01 9.834395e+01 -3.000000e+00
    endloop
  endfacet
  facet normal 6.799701e-15 -7.395120e-16 -1.000000e+00
    outer loop
      vertex   -2.860000e+01 9.800000e+01 -3.000000e+00
      vertex   -3.350000e+01 1.166000e+02 -3.000000e+00
      vertex   -2.856259e+01 9.834395e+01 -3.000000e+00
    endloop
  endfacet
  facet normal -1.720546e-16 -2.625046e-15 -1.000000e+00
    outer loop
      vertex   -2.856259e+01 9.834395e+01 -3.000000e+00
      vertex   -3.350000e+01 1.166000e+02 -3.000000e+00
      vertex   -3.278211e+01 1.165529e+02 -3.000000e+00
    endloop
  endfacet
  facet normal -5.390711e-16 -2.710093e-15 -1.000000e+00
    outer loop
      vertex   -2.856259e+01 9.834395e+01 -3.000000e+00
      vertex   -3.278211e+01 1.165529e+02 -3.000000e+00
      vertex   -3.207650e+01 1.164126e+02 -3.000000e+00
    endloop
  endfacet
  facet normal 0.000000e+00 0.000000e+00 -1.000000e+00
    outer loop
      vertex   -1.850000e+01 6.725000e+01 -3.000000e+00
      vertex   -1.700000e+01 6.725000e+01 -3.000000e+00
      vertex   -1.700000e+01 5.635898e+01 -3.000000e+00
    endloop
  endfacet
  facet normal 0.000000e+00 0.000000e+00 -1.000000e+00
    outer loop
      vertex   -1.700000e+01 5.635898e+01 -3.000000e+00
      vertex   -1.700000e+01 6.725000e+01 -3.000000e+00
      vertex   -1.628843e+01 6.719911e+01 -3.000000e+00
    endloop
  endfacet
  facet normal 0.000000e+00 0.000000e+00 -1.000000e+00
    outer loop
      vertex   -1.700000e+01 5.635898e+01 -3.000000e+00
      vertex   -1.628843e+01 6.719911e+01 -3.000000e+00
      vertex   -1.628843e+01 5.640988e+01 -3.000000e+00
    endloop
  endfacet
  facet normal 0.000000e+00 0.000000e+00 -1.000000e+00
    outer loop
      vertex   -1.628843e+01 5.640988e+01 -3.000000e+00
      vertex   -1.628843e+01 6.719911e+01 -3.000000e+00
      vertex   -1.559134e+01 6.704746e+01 -3.000000e+00
    endloop
  endfacet
  facet normal 0.000000e+00 0.000000e+00 -1.000000e+00
    outer loop
      vertex   -1.628843e+01 5.640988e+01 -3.000000e+00
      vertex   -1.559134e+01 6.704746e+01 -3.000000e+00
      vertex   -1.559134e+01 5.656152e+01 -3.000000e+00
    endloop
  endfacet
  facet normal 0.000000e+00 0.000000e+00 -1.000000e+00
    outer loop
      vertex   -1.559134e+01 5.656152e+01 -3.000000e+00
      vertex   -1.559134e+01 6.704746e+01 -3.000000e+00
      vertex   -1.492292e+01 6.679816e+01 -3.000000e+00
    endloop
  endfacet
  facet normal 0.000000e+00 0.000000e+00 -1.000000e+00
    outer loop
      vertex   -1.559134e+01 5.656152e+01 -3.000000e+00
      vertex   -1.492292e+01 6.679816e+01 -3.000000e+00
      vertex   -1.492292e+01 5.681082e+01 -3.000000e+00
    endloop
  endfacet
  facet normal 0.000000e+00 0.000000e+00 -1.000000e+00
    outer loop
      vertex   -1.492292e+01 5.681082e+01 -3.000000e+00
      vertex   -1.492292e+01 6.679816e+01 -3.000000e+00
      vertex   -1.429680e+01 6.645627e+01 -3.000000e+00
    endloop
  endfacet
  facet normal 0.000000e+00 0.000000e+00 -1.000000e+00
    outer loop
      vertex   -1.492292e+01 5.681082e+01 -3.000000e+00
      vertex   -1.429680e+01 6.645627e+01 -3.000000e+00
      vertex   -1.429680e+01 5.715272e+01 -3.000000e+00
    endloop
  endfacet
  facet normal 0.000000e+00 0.000000e+00 -1.000000e+00
    outer loop
      vertex   -1.429680e+01 5.715272e+01 -3.000000e+00
      vertex   -1.429680e+01 6.645627e+01 -3.000000e+00
      vertex   -1.372570e+01 6.602875e+01 -3.000000e+00
    endloop
  endfacet
  facet normal 0.000000e+00 0.000000e+00 -1.000000e+00
    outer loop
      vertex   -1.429680e+01 5.715272e+01 -3.000000e+00
      vertex   -1.372570e+01 6.602875e+01 -3.000000e+00
      vertex   -1.372570e+01 5.758024e+01 -3.000000e+00
    endloop
  endfacet
  facet normal 0.000000e+00 0.000000e+00 -1.000000e+00
    outer loop
      vertex   -1.372570e+01 5.758024e+01 -3.000000e+00
      vertex   -1.372570e+01 6.602875e+01 -3.000000e+00
      vertex   -1.322125e+01 6.552430e+01 -3.000000e+00
    endloop
  endfacet
  facet normal 0.000000e+00 0.000000e+00 -1.000000e+00
    outer loop
      vertex   -1.372570e+01 5.758024e+01 -3.000000e+00
      vertex   -1.322125e+01 6.552430e+01 -3.000000e+00
      vertex   -1.322125e+01 5.808468e+01 -3.000000e+00
    endloop
  endfacet
  facet normal 0.000000e+00 0.000000e+00 -1.000000e+00
    outer loop
      vertex   -1.322125e+01 5.808468e+01 -3.000000e+00
      vertex   -1.322125e+01 6.552430e+01 -3.000000e+00
      vertex   -1.279373e+01 6.495320e+01 -3.000000e+00
    endloop
  endfacet
  facet normal 0.000000e+00 0.000000e+00 -1.000000e+00
    outer loop
      vertex   -1.322125e+01 5.808468e+01 -3.000000e+00
      vertex   -1.279373e+01 6.495320e+01 -3.000000e+00
      vertex   -1.279373e+01 5.865578e+01 -3.000000e+00
    endloop
  endfacet
  facet normal 0.000000e+00 0.000000e+00 -1.000000e+00
    outer loop
      vertex   -1.279373e+01 5.865578e+01 -3.000000e+00
      vertex   -1.279373e+01 6.495320e+01 -3.000000e+00
      vertex   -1.245184e+01 6.432708e+01 -3.000000e+00
    endloop
  endfacet
  facet normal 0.000000e+00 0.000000e+00 -1.000000e+00
    outer loop
      vertex   -1.279373e+01 5.865578e+01 -3.000000e+00
      vertex   -1.245184e+01 6.432708e+01 -3.000000e+00
      vertex   -1.245184e+01 5.928191e+01 -3.000000e+00
    endloop
  endfacet
  facet normal 0.000000e+00 0.000000e+00 -1.000000e+00
    outer loop
      vertex   -1.245184e+01 5.928191e+01 -3.000000e+00
      vertex   -1.245184e+01 6.432708e+01 -3.000000e+00
      vertex   -1.220254e+01 5.995032e+01 -3.000000e+00
    endloop
  endfacet
  facet normal 0.000000e+00 0.000000e+00 -1.000000e+00
    outer loop
      vertex   -1.220254e+01 5.995032e+01 -3.000000e+00
      vertex   -1.245184e+01 6.432708e+01 -3.000000e+00
      vertex   -1.200000e+01 6.135898e+01 -3.000000e+00
    endloop
  endfacet
  facet normal 0.000000e+00 0.000000e+00 -1.000000e+00
    outer loop
      vertex   -1.220254e+01 5.995032e+01 -3.000000e+00
      vertex   -1.200000e+01 6.135898e+01 -3.000000e+00
      vertex   -1.205089e+01 6.064741e+01 -3.000000e+00
    endloop
  endfacet
  facet normal 0.000000e+00 0.000000e+00 -1.000000e+00
    outer loop
      vertex   -1.200000e+01 6.135898e+01 -3.000000e+00
      vertex   -1.245184e+01 6.432708e+01 -3.000000e+00
      vertex   -1.200000e+01 6.225000e+01 -3.000000e+00
    endloop
  endfacet
  facet normal 0.000000e+00 0.000000e+00 -1.000000e+00
    outer loop
      vertex   -1.200000e+01 6.225000e+01 -3.000000e+00
      vertex   -1.245184e+01 6.432708e+01 -3.000000e+00
      vertex   -1.220254e+01 6.365866e+01 -3.000000e+00
    endloop
  endfacet
  facet normal 0.000000e+00 0.000000e+00 -1.000000e+00
    outer loop
      vertex   -1.200000e+01 6.225000e+01 -3.000000e+00
      vertex   -1.220254e+01 6.365866e+01 -3.000000e+00
      vertex   -1.205089e+01 6.296157e+01 -3.000000e+00
    endloop
  endfacet
  facet normal 0.000000e+00 0.000000e+00 -1.000000e+00
    outer loop
      vertex   -2.381259e+01 7.132650e+01 -3.000000e+00
      vertex   -2.784819e+01 5.749554e+01 -3.000000e+00
      vertex   -3.000000e+01 6.185898e+01 -3.000000e+00
    endloop
  endfacet
  facet normal 0.000000e+00 0.000000e+00 -1.000000e+00
    outer loop
      vertex   -3.000000e+01 6.185898e+01 -3.000000e+00
      vertex   -2.784819e+01 5.749554e+01 -3.000000e+00
      vertex   -2.838909e+01 5.796990e+01 -3.000000e+00
    endloop
  endfacet
  facet normal 0.000000e+00 0.000000e+00 -1.000000e+00
    outer loop
      vertex   -3.000000e+01 6.185898e+01 -3.000000e+00
      vertex   -2.838909e+01 5.796990e+01 -3.000000e+00
      vertex   -2.886344e+01 5.851080e+01 -3.000000e+00
    endloop
  endfacet
  facet normal 0.000000e+00 0.000000e+00 -1.000000e+00
    outer loop
      vertex   -2.886344e+01 5.851080e+01 -3.000000e+00
      vertex   -2.926314e+01 5.910898e+01 -3.000000e+00
      vertex   -3.000000e+01 6.185898e+01 -3.000000e+00
    endloop
  endfacet
  facet normal 0.000000e+00 0.000000e+00 -1.000000e+00
    outer loop
      vertex   -3.000000e+01 6.185898e+01 -3.000000e+00
      vertex   -2.926314e+01 5.910898e+01 -3.000000e+00
      vertex   -2.958134e+01 5.975422e+01 -3.000000e+00
    endloop
  endfacet
  facet normal 0.000000e+00 0.000000e+00 -1.000000e+00
    outer loop
      vertex   -3.000000e+01 6.185898e+01 -3.000000e+00
      vertex   -2.958134e+01 5.975422e+01 -3.000000e+00
      vertex   -2.981259e+01 6.043548e+01 -3.000000e+00
    endloop
  endfacet
  facet normal 0.000000e+00 0.000000e+00 -1.000000e+00
    outer loop
      vertex   -2.981259e+01 6.043548e+01 -3.000000e+00
      vertex   -2.995295e+01 6.114109e+01 -3.000000e+00
      vertex   -3.000000e+01 6.185898e+01 -3.000000e+00
    endloop
  endfacet
  facet normal -0.000000e+00 0.000000e+00 -1.000000e+00
    outer loop
      vertex   -2.381259e+01 7.132650e+01 -3.000000e+00
      vertex   -3.000000e+01 6.185898e+01 -3.000000e+00
      vertex   -2.395295e+01 7.203211e+01 -3.000000e+00
    endloop
  endfacet
  facet normal -0.000000e+00 0.000000e+00 -1.000000e+00
    outer loop
      vertex   -2.395295e+01 7.203211e+01 -3.000000e+00
      vertex   -3.000000e+01 6.185898e+01 -3.000000e+00
      vertex   -3.000000e+01 7.650000e+01 -3.000000e+00
    endloop
  endfacet
  facet normal 0.000000e+00 0.000000e+00 -1.000000e+00
    outer loop
      vertex   -2.395295e+01 7.203211e+01 -3.000000e+00
      vertex   -3.000000e+01 7.650000e+01 -3.000000e+00
      vertex   -2.400000e+01 7.275000e+01 -3.000000e+00
    endloop
  endfacet
  facet normal 3.628255e-15 5.805208e-15 -1.000000e+00
    outer loop
      vertex   -2.400000e+01 7.275000e+01 -3.000000e+00
      vertex   -3.000000e+01 7.650000e+01 -3.000000e+00
      vertex   -3.004705e+01 7.721789e+01 -3.000000e+00
    endloop
  endfacet
  facet normal -7.748244e-16 -1.541222e-16 -1.000000e+00
    outer loop
      vertex   -2.400000e+01 7.275000e+01 -3.000000e+00
      vertex   -3.004705e+01 7.721789e+01 -3.000000e+00
      vertex   -3.018741e+01 7.792350e+01 -3.000000e+00
    endloop
  endfacet
  facet normal 6.822240e-15 0.000000e+00 -1.000000e+00
    outer loop
      vertex   -3.550000e+01 8.200000e+01 -3.000000e+00
      vertex   -3.550000e+01 1.166000e+02 -3.000000e+00
      vertex   -2.860000e+01 9.800000e+01 -3.000000e+00
    endloop
  endfacet
  facet normal 0.000000e+00 -2.530831e-15 -1.000000e+00
    outer loop
      vertex   -2.860000e+01 9.800000e+01 -3.000000e+00
      vertex   -3.550000e+01 1.166000e+02 -3.000000e+00
      vertex   -3.350000e+01 1.166000e+02 -3.000000e+00
    endloop
  endfacet
  facet normal -2.430658e-14 -7.332284e-15 -1.000000e+00
    outer loop
      vertex   -2.856259e+01 9.834395e+01 -3.000000e+00
      vertex   -3.207650e+01 1.164126e+02 -3.000000e+00
      vertex   -2.800000e+01 1.028990e+02 -3.000000e+00
    endloop
  endfacet
  facet normal 0.000000e+00 0.000000e+00 -1.000000e+00
    outer loop
      vertex   -2.800000e+01 1.028990e+02 -3.000000e+00
      vertex   -3.207650e+01 1.164126e+02 -3.000000e+00
      vertex   -3.139524e+01 1.161813e+02 -3.000000e+00
    endloop
  endfacet
  facet normal 0.000000e+00 0.000000e+00 -1.000000e+00
    outer loop
      vertex   -2.800000e+01 1.028990e+02 -3.000000e+00
      vertex   -3.139524e+01 1.161813e+02 -3.000000e+00
      vertex   -3.075000e+01 1.158631e+02 -3.000000e+00
    endloop
  endfacet
  facet normal 0.000000e+00 0.000000e+00 -1.000000e+00
    outer loop
      vertex   -3.075000e+01 1.158631e+02 -3.000000e+00
      vertex   -3.015181e+01 1.154634e+02 -3.000000e+00
      vertex   -2.800000e+01 1.028990e+02 -3.000000e+00
    endloop
  endfacet
  facet normal 0.000000e+00 0.000000e+00 -1.000000e+00
    outer loop
      vertex   -2.800000e+01 1.028990e+02 -3.000000e+00
      vertex   -3.015181e+01 1.154634e+02 -3.000000e+00
      vertex   -2.961091e+01 1.149891e+02 -3.000000e+00
    endloop
  endfacet
  facet normal 0.000000e+00 0.000000e+00 -1.000000e+00
    outer loop
      vertex   -2.800000e+01 1.028990e+02 -3.000000e+00
      vertex   -2.961091e+01 1.149891e+02 -3.000000e+00
      vertex   -2.800000e+01 1.111000e+02 -3.000000e+00
    endloop
  endfacet
  facet normal 0.000000e+00 0.000000e+00 -1.000000e+00
    outer loop
      vertex   -2.800000e+01 1.111000e+02 -3.000000e+00
      vertex   -2.961091e+01 1.149891e+02 -3.000000e+00
      vertex   -2.913656e+01 1.144482e+02 -3.000000e+00
    endloop
  endfacet
  facet normal 0.000000e+00 0.000000e+00 -1.000000e+00
    outer loop
      vertex   -2.800000e+01 1.111000e+02 -3.000000e+00
      vertex   -2.913656e+01 1.144482e+02 -3.000000e+00
      vertex   -2.873686e+01 1.138500e+02 -3.000000e+00
    endloop
  endfacet
  facet normal 0.000000e+00 0.000000e+00 -1.000000e+00
    outer loop
      vertex   -2.873686e+01 1.138500e+02 -3.000000e+00
      vertex   -2.841866e+01 1.132048e+02 -3.000000e+00
      vertex   -2.800000e+01 1.111000e+02 -3.000000e+00
    endloop
  endfacet
  facet normal 0.000000e+00 0.000000e+00 -1.000000e+00
    outer loop
      vertex   -2.800000e+01 1.111000e+02 -3.000000e+00
      vertex   -2.841866e+01 1.132048e+02 -3.000000e+00
      vertex   -2.818741e+01 1.125235e+02 -3.000000e+00
    endloop
  endfacet
  facet normal 0.000000e+00 0.000000e+00 -1.000000e+00
    outer loop
      vertex   -2.800000e+01 1.111000e+02 -3.000000e+00
      vertex   -2.818741e+01 1.125235e+02 -3.000000e+00
      vertex   -2.804705e+01 1.118179e+02 -3.000000e+00
    endloop
  endfacet
  facet normal -5.845293e-15 -1.248136e-14 -1.000000e+00
    outer loop
      vertex   -2.520616e+01 1.026671e+02 -3.000000e+00
      vertex   -2.456338e+01 1.023661e+02 -3.000000e+00
      vertex   -2.674115e+01 9.957892e+01 -3.000000e+00
    endloop
  endfacet
  facet normal -7.388430e-15 -1.127563e-14 -1.000000e+00
    outer loop
      vertex   -2.674115e+01 9.957892e+01 -3.000000e+00
      vertex   -2.456338e+01 1.023661e+02 -3.000000e+00
      vertex   -2.396969e+01 1.019771e+02 -3.000000e+00
    endloop
  endfacet
  facet normal -8.649001e-15 -9.818842e-15 -1.000000e+00
    outer loop
      vertex   -2.674115e+01 9.957892e+01 -3.000000e+00
      vertex   -2.396969e+01 1.019771e+02 -3.000000e+00
      vertex   -2.343707e+01 1.015079e+02 -3.000000e+00
    endloop
  endfacet
  facet normal -0.000000e+00 0.000000e+00 -1.000000e+00
    outer loop
      vertex   -2.230553e+01 9.972102e+01 -3.000000e+00
      vertex   -2.231874e+01 9.624336e+01 -3.000000e+00
      vertex   -2.259652e+01 1.003684e+02 -3.000000e+00
    endloop
  endfacet
  facet normal 0.000000e+00 -0.000000e+00 -1.000000e+00
    outer loop
      vertex   -2.259652e+01 1.003684e+02 -3.000000e+00
      vertex   -2.231874e+01 9.624336e+01 -3.000000e+00
      vertex   -2.261465e+01 9.559819e+01 -3.000000e+00
    endloop
  endfacet
  facet normal 0.000000e+00 0.000000e+00 -1.000000e+00
    outer loop
      vertex   -2.259652e+01 1.003684e+02 -3.000000e+00
      vertex   -2.261465e+01 9.559819e+01 -3.000000e+00
      vertex   -2.299892e+01 9.500143e+01 -3.000000e+00
    endloop
  endfacet
  facet normal 0.000000e+00 0.000000e+00 -1.000000e+00
    outer loop
      vertex   -2.231874e+01 9.624336e+01 -3.000000e+00
      vertex   -2.230553e+01 9.972102e+01 -3.000000e+00
      vertex   -2.211717e+01 9.692392e+01 -3.000000e+00
    endloop
  endfacet
  facet normal 0.000000e+00 0.000000e+00 -1.000000e+00
    outer loop
      vertex   -2.211717e+01 9.692392e+01 -3.000000e+00
      vertex   -2.230553e+01 9.972102e+01 -3.000000e+00
      vertex   -2.210913e+01 9.903895e+01 -3.000000e+00
    endloop
  endfacet
  facet normal 0.000000e+00 0.000000e+00 -1.000000e+00
    outer loop
      vertex   -2.211717e+01 9.692392e+01 -3.000000e+00
      vertex   -2.210913e+01 9.903895e+01 -3.000000e+00
      vertex   -2.201400e+01 9.762616e+01 -3.000000e+00
    endloop
  endfacet
  facet normal 0.000000e+00 0.000000e+00 -1.000000e+00
    outer loop
      vertex   -2.201400e+01 9.762616e+01 -3.000000e+00
      vertex   -2.210913e+01 9.903895e+01 -3.000000e+00
      vertex   -2.201130e+01 9.833594e+01 -3.000000e+00
    endloop
  endfacet
  facet normal -0.000000e+00 0.000000e+00 -1.000000e+00
    outer loop
      vertex   -2.299892e+01 9.500143e+01 -3.000000e+00
      vertex   -2.346383e+01 9.446510e+01 -3.000000e+00
      vertex   -2.259652e+01 1.003684e+02 -3.000000e+00
    endloop
  endfacet
  facet normal 2.608896e-14 3.197442e-14 -1.000000e+00
    outer loop
      vertex   -2.400000e+01 9.400000e+01 -3.000000e+00
      vertex   -2.400000e+01 7.275000e+01 -3.000000e+00
      vertex   -3.018741e+01 7.792350e+01 -3.000000e+00
    endloop
  endfacet
  facet normal 1.000000e+00 0.000000e+00 -0.000000e+00
    outer loop
      vertex   -1.200000e+01 6.225000e+01 -3.000000e+00
      vertex   -1.200000e+01 6.225000e+01 4.732000e+00
      vertex   -1.200000e+01 6.135898e+01 -3.000000e+00
    endloop
  endfacet
  facet normal 1.000000e+00 0.000000e+00 0.000000e+00
    outer loop
      vertex   -1.200000e+01 6.135898e+01 -3.000000e+00
      vertex   -1.200000e+01 6.225000e+01 4.732000e+00
      vertex   -1.200000e+01 6.135898e+01 4.732000e+00
    endloop
  endfacet
  facet normal 9.974521e-01 -7.133918e-02 0.000000e+00
    outer loop
      vertex   -1.200000e+01 6.135898e+01 -3.000000e+00
      vertex   -1.200000e+01 6.135898e+01 4.732000e+00
      vertex   -1.205089e+01 6.064741e+01 -3.000000e+00
    endloop
  endfacet
  facet normal 9.974521e-01 -7.133918e-02 0.000000e+00
    outer loop
      vertex   -1.205089e+01 6.064741e+01 -3.000000e+00
      vertex   -1.200000e+01 6.135898e+01 4.732000e+00
      vertex   -1.205089e+01 6.064741e+01 4.732000e+00
    endloop
  endfacet
  facet normal 9.771469e-01 -2.125653e-01 0.000000e+00
    outer loop
      vertex   -1.205089e+01 6.064741e+01 -3.000000e+00
      vertex   -1.205089e+01 6.064741e+01 4.732000e+00
      vertex   -1.220254e+01 5.995032e+01 -3.000000e+00
    endloop
  endfacet
  facet normal 9.771469e-01 -2.125653e-01 0.000000e+00
    outer loop
      vertex   -1.220254e+01 5.995032e+01 -3.000000e+00
      vertex   -1.205089e+01 6.064741e+01 4.732000e+00
      vertex   -1.220254e+01 5.995032e+01 4.732000e+00
    endloop
  endfacet
  facet normal 9.369497e-01 -3.494642e-01 0.000000e+00
    outer loop
      vertex   -1.220254e+01 5.995032e+01 -3.000000e+00
      vertex   -1.220254e+01 5.995032e+01 4.732000e+00
      vertex   -1.245184e+01 5.928191e+01 -3.000000e+00
    endloop
  endfacet
  facet normal 9.369497e-01 -3.494642e-01 0.000000e+00
    outer loop
      vertex   -1.245184e+01 5.928191e+01 -3.000000e+00
      vertex   -1.220254e+01 5.995032e+01 4.732000e+00
      vertex   -1.245184e+01 5.928191e+01 4.732000e+00
    endloop
  endfacet
  facet normal 8.776790e-01 -4.792490e-01 0.000000e+00
    outer loop
      vertex   -1.245184e+01 5.928191e+01 -3.000000e+00
      vertex   -1.245184e+01 5.928191e+01 4.732000e+00
      vertex   -1.279373e+01 5.865578e+01 -3.000000e+00
    endloop
  endfacet
  facet normal 8.776790e-01 -4.792490e-01 0.000000e+00
    outer loop
      vertex   -1.279373e+01 5.865578e+01 -3.000000e+00
      vertex   -1.245184e+01 5.928191e+01 4.732000e+00
      vertex   -1.279373e+01 5.865578e+01 4.732000e+00
    endloop
  endfacet
  facet normal 8.005412e-01 -5.992777e-01 0.000000e+00
    outer loop
      vertex   -1.279373e+01 5.865578e+01 -3.000000e+00
      vertex   -1.279373e+01 5.865578e+01 4.732000e+00
      vertex   -1.322125e+01 5.808468e+01 -3.000000e+00
    endloop
  endfacet
  facet normal 8.005412e-01 -5.992777e-01 0.000000e+00
    outer loop
      vertex   -1.322125e+01 5.808468e+01 -3.000000e+00
      vertex   -1.279373e+01 5.865578e+01 4.732000e+00
      vertex   -1.322125e+01 5.808468e+01 4.732000e+00
    endloop
  endfacet
  facet normal 7.071068e-01 -7.071068e-01 0.000000e+00
    outer loop
      vertex   -1.322125e+01 5.808468e+01 -3.000000e+00
      vertex   -1.322125e+01 5.808468e+01 4.732000e+00
      vertex   -1.372570e+01 5.758024e+01 -3.000000e+00
    endloop
  endfacet
  facet normal 7.071068e-01 -7.071068e-01 0.000000e+00
    outer loop
      vertex   -1.372570e+01 5.758024e+01 -3.000000e+00
      vertex   -1.322125e+01 5.808468e+01 4.732000e+00
      vertex   -1.372570e+01 5.758024e+01 4.732000e+00
    endloop
  endfacet
  facet normal 5.992777e-01 -8.005412e-01 0.000000e+00
    outer loop
      vertex   -1.372570e+01 5.758024e+01 -3.000000e+00
      vertex   -1.372570e+01 5.758024e+01 4.732000e+00
      vertex   -1.429680e+01 5.715272e+01 -3.000000e+00
    endloop
  endfacet
  facet normal 5.992777e-01 -8.005412e-01 0.000000e+00
    outer loop
      vertex   -1.429680e+01 5.715272e+01 -3.000000e+00
      vertex   -1.372570e+01 5.758024e+01 4.732000e+00
      vertex   -1.429680e+01 5.715272e+01 4.732000e+00
    endloop
  endfacet
  facet normal 4.792490e-01 -8.776790e-01 0.000000e+00
    outer loop
      vertex   -1.429680e+01 5.715272e+01 -3.000000e+00
      vertex   -1.429680e+01 5.715272e+01 4.732000e+00
      vertex   -1.492292e+01 5.681082e+01 -3.000000e+00
    endloop
  endfacet
  facet normal 4.792490e-01 -8.776790e-01 0.000000e+00
    outer loop
      vertex   -1.492292e+01 5.681082e+01 -3.000000e+00
      vertex   -1.429680e+01 5.715272e+01 4.732000e+00
      vertex   -1.492292e+01 5.681082e+01 4.732000e+00
    endloop
  endfacet
  facet normal 3.494642e-01 -9.369497e-01 0.000000e+00
    outer loop
      vertex   -1.492292e+01 5.681082e+01 -3.000000e+00
      vertex   -1.492292e+01 5.681082e+01 4.732000e+00
      vertex   -1.559134e+01 5.656152e+01 -3.000000e+00
    endloop
  endfacet
  facet normal 3.494642e-01 -9.369497e-01 0.000000e+00
    outer loop
      vertex   -1.559134e+01 5.656152e+01 -3.000000e+00
      vertex   -1.492292e+01 5.681082e+01 4.732000e+00
      vertex   -1.559134e+01 5.656152e+01 4.732000e+00
    endloop
  endfacet
  facet normal 2.125653e-01 -9.771469e-01 0.000000e+00
    outer loop
      vertex   -1.559134e+01 5.656152e+01 -3.000000e+00
      vertex   -1.559134e+01 5.656152e+01 4.732000e+00
      vertex   -1.628843e+01 5.640988e+01 -3.000000e+00
    endloop
  endfacet
  facet normal 2.125653e-01 -9.771469e-01 0.000000e+00
    outer loop
      vertex   -1.628843e+01 5.640988e+01 -3.000000e+00
      vertex   -1.559134e+01 5.656152e+01 4.732000e+00
      vertex   -1.628843e+01 5.640988e+01 4.732000e+00
    endloop
  endfacet
  facet normal 7.133918e-02 -9.974521e-01 0.000000e+00
    outer loop
      vertex   -1.628843e+01 5.640988e+01 -3.000000e+00
      vertex   -1.628843e+01 5.640988e+01 4.732000e+00
      vertex   -1.700000e+01 5.635898e+01 -3.000000e+00
    endloop
  endfacet
  facet normal 7.133918e-02 -9.974521e-01 -9.166223e-16
    outer loop
      vertex   -1.700000e+01 5.635898e+01 -3.000000e+00
      vertex   -1.628843e+01 5.640988e+01 4.732000e+00
      vertex   -1.700000e+01 5.635898e+01 4.732000e+00
    endloop
  endfacet
  facet normal 6.540313e-02 9.978589e-01 0.000000e+00
    outer loop
      vertex   -1.850000e+01 6.725000e+01 4.732000e+00
      vertex   -1.850000e+01 6.725000e+01 -3.000000e+00
      vertex   -1.921789e+01 6.729705e+01 4.732000e+00
    endloop
  endfacet
  facet normal 6.540313e-02 9.978589e-01 0.000000e+00
    outer loop
      vertex   -1.921789e+01 6.729705e+01 4.732000e+00
      vertex   -1.850000e+01 6.725000e+01 -3.000000e+00
      vertex   -1.921789e+01 6.729705e+01 -3.000000e+00
    endloop
  endfacet
  facet normal 1.950903e-01 9.807853e-01 0.000000e+00
    outer loop
      vertex   -1.921789e+01 6.729705e+01 4.732000e+00
      vertex   -1.921789e+01 6.729705e+01 -3.000000e+00
      vertex   -1.992350e+01 6.743741e+01 4.732000e+00
    endloop
  endfacet
  facet normal 1.950903e-01 9.807853e-01 1.802612e-15
    outer loop
      vertex   -1.992350e+01 6.743741e+01 4.732000e+00
      vertex   -1.921789e+01 6.729705e+01 -3.000000e+00
      vertex   -1.992350e+01 6.743741e+01 -3.000000e+00
    endloop
  endfacet
  facet normal 3.214395e-01 9.469301e-01 1.740389e-15
    outer loop
      vertex   -1.992350e+01 6.743741e+01 4.732000e+00
      vertex   -1.992350e+01 6.743741e+01 -3.000000e+00
      vertex   -2.060476e+01 6.766866e+01 4.732000e+00
    endloop
  endfacet
  facet normal 3.214395e-01 9.469301e-01 0.000000e+00
    outer loop
      vertex   -2.060476e+01 6.766866e+01 4.732000e+00
      vertex   -1.992350e+01 6.743741e+01 -3.000000e+00
      vertex   -2.060476e+01 6.766866e+01 -3.000000e+00
    endloop
  endfacet
  facet normal 4.422887e-01 8.968727e-01 0.000000e+00
    outer loop
      vertex   -2.060476e+01 6.766866e+01 4.732000e+00
      vertex   -2.060476e+01 6.766866e+01 -3.000000e+00
      vertex   -2.125000e+01 6.798686e+01 4.732000e+00
    endloop
  endfacet
  facet normal 4.422887e-01 8.968727e-01 0.000000e+00
    outer loop
      vertex   -2.125000e+01 6.798686e+01 4.732000e+00
      vertex   -2.060476e+01 6.766866e+01 -3.000000e+00
      vertex   -2.125000e+01 6.798686e+01 -3.000000e+00
    endloop
  endfacet
  facet normal 5.555702e-01 8.314696e-01 0.000000e+00
    outer loop
      vertex   -2.125000e+01 6.798686e+01 4.732000e+00
      vertex   -2.125000e+01 6.798686e+01 -3.000000e+00
      vertex   -2.184819e+01 6.838656e+01 4.732000e+00
    endloop
  endfacet
  facet normal 5.555702e-01 8.314696e-01 0.000000e+00
    outer loop
      vertex   -2.184819e+01 6.838656e+01 4.732000e+00
      vertex   -2.125000e+01 6.798686e+01 -3.000000e+00
      vertex   -2.184819e+01 6.838656e+01 -3.000000e+00
    endloop
  endfacet
  facet normal 6.593458e-01 7.518398e-01 0.000000e+00
    outer loop
      vertex   -2.184819e+01 6.838656e+01 4.732000e+00
      vertex   -2.184819e+01 6.838656e+01 -3.000000e+00
      vertex   -2.238909e+01 6.886091e+01 4.732000e+00
    endloop
  endfacet
  facet normal 6.593458e-01 7.518398e-01 0.000000e+00
    outer loop
      vertex   -2.238909e+01 6.886091e+01 4.732000e+00
      vertex   -2.184819e+01 6.838656e+01 -3.000000e+00
      vertex   -2.238909e+01 6.886091e+01 -3.000000e+00
    endloop
  endfacet
  facet normal 7.518398e-01 6.593458e-01 0.000000e+00
    outer loop
      vertex   -2.238909e+01 6.886091e+01 4.732000e+00
      vertex   -2.238909e+01 6.886091e+01 -3.000000e+00
      vertex   -2.286344e+01 6.940181e+01 4.732000e+00
    endloop
  endfacet
  facet normal 7.518398e-01 6.593458e-01 0.000000e+00
    outer loop
      vertex   -2.286344e+01 6.940181e+01 4.732000e+00
      vertex   -2.238909e+01 6.886091e+01 -3.000000e+00
      vertex   -2.286344e+01 6.940181e+01 -3.000000e+00
    endloop
  endfacet
  facet normal 8.314696e-01 5.555702e-01 0.000000e+00
    outer loop
      vertex   -2.286344e+01 6.940181e+01 4.732000e+00
      vertex   -2.286344e+01 6.940181e+01 -3.000000e+00
      vertex   -2.326314e+01 7.000000e+01 4.732000e+00
    endloop
  endfacet
  facet normal 8.314696e-01 5.555702e-01 0.000000e+00
    outer loop
      vertex   -2.326314e+01 7.000000e+01 4.732000e+00
      vertex   -2.286344e+01 6.940181e+01 -3.000000e+00
      vertex   -2.326314e+01 7.000000e+01 -3.000000e+00
    endloop
  endfacet
  facet normal 8.968727e-01 4.422887e-01 0.000000e+00
    outer loop
      vertex   -2.326314e+01 7.000000e+01 4.732000e+00
      vertex   -2.326314e+01 7.000000e+01 -3.000000e+00
      vertex   -2.358134e+01 7.064524e+01 4.732000e+00
    endloop
  endfacet
  facet normal 8.968727e-01 4.422887e-01 0.000000e+00
    outer loop
      vertex   -2.358134e+01 7.064524e+01 4.732000e+00
      vertex   -2.326314e+01 7.000000e+01 -3.000000e+00
      vertex   -2.358134e+01 7.064524e+01 -3.000000e+00
    endloop
  endfacet
  facet normal 9.469301e-01 3.214395e-01 0.000000e+00
    outer loop
      vertex   -2.358134e+01 7.064524e+01 4.732000e+00
      vertex   -2.358134e+01 7.064524e+01 -3.000000e+00
      vertex   -2.381259e+01 7.132650e+01 4.732000e+00
    endloop
  endfacet
  facet normal 9.469301e-01 3.214395e-01 -4.350972e-16
    outer loop
      vertex   -2.381259e+01 7.132650e+01 4.732000e+00
      vertex   -2.358134e+01 7.064524e+01 -3.000000e+00
      vertex   -2.381259e+01 7.132650e+01 -3.000000e+00
    endloop
  endfacet
  facet normal 9.807853e-01 1.950903e-01 -4.506530e-16
    outer loop
      vertex   -2.381259e+01 7.132650e+01 4.732000e+00
      vertex   -2.381259e+01 7.132650e+01 -3.000000e+00
      vertex   -2.395295e+01 7.203211e+01 4.732000e+00
    endloop
  endfacet
  facet normal 9.807853e-01 1.950903e-01 0.000000e+00
    outer loop
      vertex   -2.395295e+01 7.203211e+01 4.732000e+00
      vertex   -2.381259e+01 7.132650e+01 -3.000000e+00
      vertex   -2.395295e+01 7.203211e+01 -3.000000e+00
    endloop
  endfacet
  facet normal 9.978589e-01 6.540313e-02 0.000000e+00
    outer loop
      vertex   -2.395295e+01 7.203211e+01 4.732000e+00
      vertex   -2.395295e+01 7.203211e+01 -3.000000e+00
      vertex   -2.400000e+01 7.275000e+01 4.732000e+00
    endloop
  endfacet
  facet normal 9.978589e-01 6.540313e-02 0.000000e+00
    outer loop
      vertex   -2.400000e+01 7.275000e+01 4.732000e+00
      vertex   -2.395295e+01 7.203211e+01 -3.000000e+00
      vertex   -2.400000e+01 7.275000e+01 -3.000000e+00
    endloop
  endfacet
  facet normal 1.000000e+00 7.322770e-14 -0.000000e+00
    outer loop
      vertex   -2.400000e+01 7.275000e+01 -3.000000e+00
      vertex   -2.400000e+01 9.400000e+01 -3.000000e+00
      vertex   -2.400000e+01 7.275000e+01 4.732000e+00
    endloop
  endfacet
  facet normal 1.000000e+00 7.339488e-14 4.594819e-16
    outer loop
      vertex   -2.400000e+01 7.275000e+01 4.732000e+00
      vertex   -2.400000e+01 9.400000e+01 -3.000000e+00
      vertex   -2.400000e+01 9.400000e+01 4.732000e+00
    endloop
  endfacet
  facet normal 6.540313e-02 9.978589e-01 -0.000000e+00
    outer loop
      vertex   -3.350000e+01 1.166000e+02 -3.000000e+00
      vertex   -3.350000e+01 1.166000e+02 4.732000e+00
      vertex   -3.278211e+01 1.165529e+02 -3.000000e+00
    endloop
  endfacet
  facet normal 6.540313e-02 9.978589e-01 -0.000000e+00
    outer loop
      vertex   -3.278211e+01 1.165529e+02 -3.000000e+00
      vertex   -3.350000e+01 1.166000e+02 4.732000e+00
      vertex   -3.278211e+01 1.165529e+02 4.732000e+00
    endloop
  endfacet
  facet normal 1.950903e-01 9.807853e-01 -0.000000e+00
    outer loop
      vertex   -3.278211e+01 1.165529e+02 -3.000000e+00
      vertex   -3.278211e+01 1.165529e+02 4.732000e+00
      vertex   -3.207650e+01 1.164126e+02 -3.000000e+00
    endloop
  endfacet
  facet normal 1.950903e-01 9.807853e-01 -0.000000e+00
    outer loop
      vertex   -3.207650e+01 1.164126e+02 -3.000000e+00
      vertex   -3.278211e+01 1.165529e+02 4.732000e+00
      vertex   -3.207650e+01 1.164126e+02 4.732000e+00
    endloop
  endfacet
  facet normal 3.214395e-01 9.469301e-01 -0.000000e+00
    outer loop
      vertex   -3.207650e+01 1.164126e+02 -3.000000e+00
      vertex   -3.207650e+01 1.164126e+02 4.732000e+00
      vertex   -3.139524e+01 1.161813e+02 -3.000000e+00
    endloop
  endfacet
  facet normal 3.214395e-01 9.469301e-01 1.476956e-16
    outer loop
      vertex   -3.139524e+01 1.161813e+02 -3.000000e+00
      vertex   -3.207650e+01 1.164126e+02 4.732000e+00
      vertex   -3.139524e+01 1.161813e+02 4.732000e+00
    endloop
  endfacet
  facet normal 4.422887e-01 8.968727e-01 2.032236e-16
    outer loop
      vertex   -3.139524e+01 1.161813e+02 -3.000000e+00
      vertex   -3.139524e+01 1.161813e+02 4.732000e+00
      vertex   -3.075000e+01 1.158631e+02 -3.000000e+00
    endloop
  endfacet
  facet normal 4.422887e-01 8.968727e-01 2.032236e-16
    outer loop
      vertex   -3.075000e+01 1.158631e+02 -3.000000e+00
      vertex   -3.139524e+01 1.161813e+02 4.732000e+00
      vertex   -3.075000e+01 1.158631e+02 4.732000e+00
    endloop
  endfacet
  facet normal 5.555702e-01 8.314696e-01 2.552744e-16
    outer loop
      vertex   -3.075000e+01 1.158631e+02 -3.000000e+00
      vertex   -3.075000e+01 1.158631e+02 4.732000e+00
      vertex   -3.015181e+01 1.154634e+02 -3.000000e+00
    endloop
  endfacet
  facet normal 5.555702e-01 8.314696e-01 5.105489e-16
    outer loop
      vertex   -3.015181e+01 1.154634e+02 -3.000000e+00
      vertex   -3.075000e+01 1.158631e+02 4.732000e+00
      vertex   -3.015181e+01 1.154634e+02 4.732000e+00
    endloop
  endfacet
  facet normal 6.593458e-01 7.518398e-01 6.059149e-16
    outer loop
      vertex   -3.015181e+01 1.154634e+02 -3.000000e+00
      vertex   -3.015181e+01 1.154634e+02 4.732000e+00
      vertex   -2.961091e+01 1.149891e+02 -3.000000e+00
    endloop
  endfacet
  facet normal 6.593458e-01 7.518398e-01 3.029574e-16
    outer loop
      vertex   -2.961091e+01 1.149891e+02 -3.000000e+00
      vertex   -3.015181e+01 1.154634e+02 4.732000e+00
      vertex   -2.961091e+01 1.149891e+02 4.732000e+00
    endloop
  endfacet
  facet normal 7.518398e-01 6.593458e-01 3.454567e-16
    outer loop
      vertex   -2.961091e+01 1.149891e+02 -3.000000e+00
      vertex   -2.961091e+01 1.149891e+02 4.732000e+00
      vertex   -2.913656e+01 1.144482e+02 -3.000000e+00
    endloop
  endfacet
  facet normal 7.518398e-01 6.593458e-01 3.454567e-16
    outer loop
      vertex   -2.913656e+01 1.144482e+02 -3.000000e+00
      vertex   -2.961091e+01 1.149891e+02 4.732000e+00
      vertex   -2.913656e+01 1.144482e+02 4.732000e+00
    endloop
  endfacet
  facet normal 8.314696e-01 5.555702e-01 3.820452e-16
    outer loop
      vertex   -2.913656e+01 1.144482e+02 -3.000000e+00
      vertex   -2.913656e+01 1.144482e+02 4.732000e+00
      vertex   -2.873686e+01 1.138500e+02 -3.000000e+00
    endloop
  endfacet
  facet normal 8.314696e-01 5.555702e-01 -0.000000e+00
    outer loop
      vertex   -2.873686e+01 1.138500e+02 -3.000000e+00
      vertex   -2.913656e+01 1.144482e+02 4.732000e+00
      vertex   -2.873686e+01 1.138500e+02 4.732000e+00
    endloop
  endfacet
  facet normal 8.968727e-01 4.422887e-01 -0.000000e+00
    outer loop
      vertex   -2.873686e+01 1.138500e+02 -3.000000e+00
      vertex   -2.873686e+01 1.138500e+02 4.732000e+00
      vertex   -2.841866e+01 1.132048e+02 -3.000000e+00
    endloop
  endfacet
  facet normal 8.968727e-01 4.422887e-01 4.120967e-16
    outer loop
      vertex   -2.841866e+01 1.132048e+02 -3.000000e+00
      vertex   -2.873686e+01 1.138500e+02 4.732000e+00
      vertex   -2.841866e+01 1.132048e+02 4.732000e+00
    endloop
  endfacet
  facet normal 9.469301e-01 3.214395e-01 4.350972e-16
    outer loop
      vertex   -2.841866e+01 1.132048e+02 -3.000000e+00
      vertex   -2.841866e+01 1.132048e+02 4.732000e+00
      vertex   -2.818741e+01 1.125235e+02 -3.000000e+00
    endloop
  endfacet
  facet normal 9.469301e-01 3.214395e-01 -0.000000e+00
    outer loop
      vertex   -2.818741e+01 1.125235e+02 -3.000000e+00
      vertex   -2.841866e+01 1.132048e+02 4.732000e+00
      vertex   -2.818741e+01 1.125235e+02 4.732000e+00
    endloop
  endfacet
  facet normal 9.807853e-01 1.950903e-01 -0.000000e+00
    outer loop
      vertex   -2.818741e+01 1.125235e+02 -3.000000e+00
      vertex   -2.818741e+01 1.125235e+02 4.732000e+00
      vertex   -2.804705e+01 1.118179e+02 -3.000000e+00
    endloop
  endfacet
  facet normal 9.807853e-01 1.950903e-01 4.506530e-16
    outer loop
      vertex   -2.804705e+01 1.118179e+02 -3.000000e+00
      vertex   -2.818741e+01 1.125235e+02 4.732000e+00
      vertex   -2.804705e+01 1.118179e+02 4.732000e+00
    endloop
  endfacet
  facet normal 9.978589e-01 6.540313e-02 4.584981e-16
    outer loop
      vertex   -2.804705e+01 1.118179e+02 -3.000000e+00
      vertex   -2.804705e+01 1.118179e+02 4.732000e+00
      vertex   -2.800000e+01 1.111000e+02 -3.000000e+00
    endloop
  endfacet
  facet normal 9.978589e-01 6.540313e-02 9.169961e-16
    outer loop
      vertex   -2.800000e+01 1.111000e+02 -3.000000e+00
      vertex   -2.804705e+01 1.118179e+02 4.732000e+00
      vertex   -2.800000e+01 1.111000e+02 4.732000e+00
    endloop
  endfacet
  facet normal 0.000000e+00 1.000000e+00 -0.000000e+00
    outer loop
      vertex   -3.350000e+01 1.166000e+02 -3.000000e+00
      vertex   -3.550000e+01 1.166000e+02 -3.000000e+00
      vertex   -3.350000e+01 1.166000e+02 4.732000e+00
    endloop
  endfacet
  facet normal 0.000000e+00 1.000000e+00 0.000000e+00
    outer loop
      vertex   -3.350000e+01 1.166000e+02 4.732000e+00
      vertex   -3.550000e+01 1.166000e+02 -3.000000e+00
      vertex   -3.610777e+01 1.166000e+02 -3.053173e+00
    endloop
  endfacet
  facet normal 0.000000e+00 1.000000e+00 0.000000e+00
    outer loop
      vertex   -3.350000e+01 1.166000e+02 4.732000e+00
      vertex   -3.610777e+01 1.166000e+02 -3.053173e+00
      vertex   -3.669707e+01 1.166000e+02 -3.211076e+00
    endloop
  endfacet
  facet normal 0.000000e+00 1.000000e+00 -0.000000e+00
    outer loop
      vertex   -3.669707e+01 1.166000e+02 -3.211076e+00
      vertex   -3.725000e+01 1.166000e+02 -3.468911e+00
      vertex   -3.350000e+01 1.166000e+02 4.732000e+00
    endloop
  endfacet
  facet normal 0.000000e+00 1.000000e+00 0.000000e+00
    outer loop
      vertex   -3.350000e+01 1.166000e+02 4.732000e+00
      vertex   -3.725000e+01 1.166000e+02 -3.468911e+00
      vertex   -3.774976e+01 1.166000e+02 -3.818844e+00
    endloop
  endfacet
  facet normal 0.000000e+00 1.000000e+00 0.000000e+00
    outer loop
      vertex   -3.350000e+01 1.166000e+02 4.732000e+00
      vertex   -3.774976e+01 1.166000e+02 -3.818844e+00
      vertex   -3.818116e+01 1.166000e+02 -4.250243e+00
    endloop
  endfacet
  facet normal 0.000000e+00 1.000000e+00 0.000000e+00
    outer loop
      vertex   -3.350000e+01 1.166000e+02 4.732000e+00
      vertex   -3.818116e+01 1.166000e+02 -4.250243e+00
      vertex   -6.500000e+01 1.166000e+02 4.732000e+00
    endloop
  endfacet
  facet normal 0.000000e+00 1.000000e+00 0.000000e+00
    outer loop
      vertex   -6.500000e+01 1.166000e+02 4.732000e+00
      vertex   -3.818116e+01 1.166000e+02 -4.250243e+00
      vertex   -3.853109e+01 1.166000e+02 -4.750000e+00
    endloop
  endfacet
  facet normal 0.000000e+00 1.000000e+00 0.000000e+00
    outer loop
      vertex   -6.500000e+01 1.166000e+02 4.732000e+00
      vertex   -3.853109e+01 1.166000e+02 -4.750000e+00
      vertex   -3.878892e+01 1.166000e+02 -5.302929e+00
    endloop
  endfacet
  facet normal 0.000000e+00 1.000000e+00 0.000000e+00
    outer loop
      vertex   -3.878892e+01 1.166000e+02 -5.302929e+00
      vertex   -3.894683e+01 1.166000e+02 -5.892231e+00
      vertex   -6.500000e+01 1.166000e+02 4.732000e+00
    endloop
  endfacet
  facet normal 0.000000e+00 1.000000e+00 0.000000e+00
    outer loop
      vertex   -6.500000e+01 1.166000e+02 4.732000e+00
      vertex   -3.894683e+01 1.166000e+02 -5.892231e+00
      vertex   -3.900000e+01 1.166000e+02 -6.500000e+00
    endloop
  endfacet
  facet normal 0.000000e+00 1.000000e+00 0.000000e+00
    outer loop
      vertex   -6.500000e+01 1.166000e+02 4.732000e+00
      vertex   -3.900000e+01 1.166000e+02 -6.500000e+00
      vertex   -6.500000e+01 1.166000e+02 -2.700000e+01
    endloop
  endfacet
  facet normal 0.000000e+00 1.000000e+00 0.000000e+00
    outer loop
      vertex   -6.500000e+01 1.166000e+02 -2.700000e+01
      vertex   -3.900000e+01 1.166000e+02 -6.500000e+00
      vertex   -3.900000e+01 1.166000e+02 -2.700000e+01
    endloop
  endfacet
  facet normal -9.978589e-01 -6.540313e-02 0.000000e+00
    outer loop
      vertex   -3.000000e+01 7.650000e+01 -3.000000e+00
      vertex   -3.000000e+01 7.650000e+01 3.000000e+00
      vertex   -3.004705e+01 7.721789e+01 -3.000000e+00
    endloop
  endfacet
  facet normal -9.978589e-01 -6.540313e-02 -3.098115e-16
    outer loop
      vertex   -3.004705e+01 7.721789e+01 -3.000000e+00
      vertex   -3.000000e+01 7.650000e+01 3.000000e+00
      vertex   -3.004705e+01 7.721789e+01 3.000000e+00
    endloop
  endfacet
  facet normal -9.807853e-01 -1.950903e-01 -9.241334e-16
    outer loop
      vertex   -3.004705e+01 7.721789e+01 -3.000000e+00
      vertex   -3.004705e+01 7.721789e+01 3.000000e+00
      vertex   -3.018741e+01 7.792350e+01 -3.000000e+00
    endloop
  endfacet
  facet normal -9.807853e-01 -1.950903e-01 3.560245e-16
    outer loop
      vertex   -3.018741e+01 7.792350e+01 -3.000000e+00
      vertex   -3.004705e+01 7.721789e+01 3.000000e+00
      vertex   -3.018741e+01 7.792350e+01 3.000000e+00
    endloop
  endfacet
  facet normal -9.469301e-01 -3.214395e-01 -6.018790e-16
    outer loop
      vertex   -3.018741e+01 7.792350e+01 -3.000000e+00
      vertex   -3.018741e+01 7.792350e+01 3.000000e+00
      vertex   -3.041866e+01 7.860476e+01 -3.000000e+00
    endloop
  endfacet
  facet normal -9.469301e-01 -3.214395e-01 5.195116e-16
    outer loop
      vertex   -3.041866e+01 7.860476e+01 -3.000000e+00
      vertex   -3.018741e+01 7.792350e+01 3.000000e+00
      vertex   -3.041866e+01 7.860476e+01 3.000000e+00
    endloop
  endfacet
  facet normal -8.968727e-01 -4.422887e-01 -4.873734e-16
    outer loop
      vertex   -3.041866e+01 7.860476e+01 -3.000000e+00
      vertex   -3.041866e+01 7.860476e+01 3.000000e+00
      vertex   -3.073686e+01 7.925000e+01 -3.000000e+00
    endloop
  endfacet
  facet normal -8.968727e-01 -4.422887e-01 5.747372e-16
    outer loop
      vertex   -3.073686e+01 7.925000e+01 -3.000000e+00
      vertex   -3.041866e+01 7.860476e+01 3.000000e+00
      vertex   -3.073686e+01 7.925000e+01 3.000000e+00
    endloop
  endfacet
  facet normal -8.314696e-01 -5.555702e-01 -5.012616e-16
    outer loop
      vertex   -3.073686e+01 7.925000e+01 -3.000000e+00
      vertex   -3.073686e+01 7.925000e+01 3.000000e+00
      vertex   -3.113656e+01 7.984819e+01 -3.000000e+00
    endloop
  endfacet
  facet normal -8.314696e-01 -5.555702e-01 6.445284e-16
    outer loop
      vertex   -3.113656e+01 7.984819e+01 -3.000000e+00
      vertex   -3.073686e+01 7.925000e+01 3.000000e+00
      vertex   -3.113656e+01 7.984819e+01 3.000000e+00
    endloop
  endfacet
  facet normal -7.518398e-01 -6.593458e-01 -9.044353e-16
    outer loop
      vertex   -3.113656e+01 7.984819e+01 -3.000000e+00
      vertex   -3.113656e+01 7.984819e+01 3.000000e+00
      vertex   -3.161091e+01 8.038909e+01 -3.000000e+00
    endloop
  endfacet
  facet normal -7.518398e-01 -6.593458e-01 8.762791e-16
    outer loop
      vertex   -3.161091e+01 8.038909e+01 -3.000000e+00
      vertex   -3.113656e+01 7.984819e+01 3.000000e+00
      vertex   -3.161091e+01 8.038909e+01 3.000000e+00
    endloop
  endfacet
  facet normal -6.593458e-01 -7.518398e-01 -8.762791e-16
    outer loop
      vertex   -3.161091e+01 8.038909e+01 -3.000000e+00
      vertex   -3.161091e+01 8.038909e+01 3.000000e+00
      vertex   -3.215181e+01 8.086344e+01 -3.000000e+00
    endloop
  endfacet
  facet normal -6.593458e-01 -7.518398e-01 1.466188e-15
    outer loop
      vertex   -3.215181e+01 8.086344e+01 -3.000000e+00
      vertex   -3.161091e+01 8.038909e+01 3.000000e+00
      vertex   -3.215181e+01 8.086344e+01 3.000000e+00
    endloop
  endfacet
  facet normal -5.555702e-01 -8.314696e-01 -6.400620e-16
    outer loop
      vertex   -3.215181e+01 8.086344e+01 -3.000000e+00
      vertex   -3.215181e+01 8.086344e+01 3.000000e+00
      vertex   -3.275000e+01 8.126314e+01 -3.000000e+00
    endloop
  endfacet
  facet normal -5.555702e-01 -8.314696e-01 -1.293523e-15
    outer loop
      vertex   -3.275000e+01 8.126314e+01 -3.000000e+00
      vertex   -3.215181e+01 8.086344e+01 3.000000e+00
      vertex   -3.275000e+01 8.126314e+01 3.000000e+00
    endloop
  endfacet
  facet normal -4.422887e-01 -8.968727e-01 -3.812032e-15
    outer loop
      vertex   -3.275000e+01 8.126314e+01 -3.000000e+00
      vertex   -3.275000e+01 8.126314e+01 3.000000e+00
      vertex   -3.339524e+01 8.158134e+01 -3.000000e+00
    endloop
  endfacet
  facet normal -4.422887e-01 -8.968727e-01 2.007736e-15
    outer loop
      vertex   -3.339524e+01 8.158134e+01 -3.000000e+00
      vertex   -3.275000e+01 8.126314e+01 3.000000e+00
      vertex   -3.339524e+01 8.158134e+01 3.000000e+00
    endloop
  endfacet
  facet normal -3.214395e-01 -9.469301e-01 -6.377705e-16
    outer loop
      vertex   -3.339524e+01 8.158134e+01 -3.000000e+00
      vertex   -3.339524e+01 8.158134e+01 3.000000e+00
      vertex   -3.407650e+01 8.181259e+01 -3.000000e+00
    endloop
  endfacet
  facet normal -3.214395e-01 -9.469301e-01 5.042119e-16
    outer loop
      vertex   -3.407650e+01 8.181259e+01 -3.000000e+00
      vertex   -3.339524e+01 8.158134e+01 3.000000e+00
      vertex   -3.407650e+01 8.181259e+01 3.000000e+00
    endloop
  endfacet
  facet normal -1.950903e-01 -9.807853e-01 -2.579265e-15
    outer loop
      vertex   -3.407650e+01 8.181259e+01 -3.000000e+00
      vertex   -3.407650e+01 8.181259e+01 3.000000e+00
      vertex   -3.478211e+01 8.195295e+01 -3.000000e+00
    endloop
  endfacet
  facet normal -1.950903e-01 -9.807853e-01 2.528734e-15
    outer loop
      vertex   -3.478211e+01 8.195295e+01 -3.000000e+00
      vertex   -3.407650e+01 8.181259e+01 3.000000e+00
      vertex   -3.478211e+01 8.195295e+01 3.000000e+00
    endloop
  endfacet
  facet normal -6.540313e-02 -9.978589e-01 -7.368946e-16
    outer loop
      vertex   -3.478211e+01 8.195295e+01 -3.000000e+00
      vertex   -3.478211e+01 8.195295e+01 3.000000e+00
      vertex   -3.550000e+01 8.200000e+01 -3.000000e+00
    endloop
  endfacet
  facet normal -6.540313e-02 -9.978589e-01 1.781416e-15
    outer loop
      vertex   -3.550000e+01 8.200000e+01 -3.000000e+00
      vertex   -3.478211e+01 8.195295e+01 3.000000e+00
      vertex   -3.550000e+01 8.200000e+01 3.000000e+00
    endloop
  endfacet
  facet normal -9.978589e-01 -6.540311e-02 -5.886691e-08
    outer loop
      vertex   -3.000000e+01 7.650000e+01 4.732000e+00
      vertex   -3.004705e+01 7.721789e+01 4.732000e+00
      vertex   -3.000000e+01 7.650000e+01 3.000000e+00
    endloop
  endfacet
  facet normal -9.978589e-01 -6.540313e-02 -5.192680e-08
    outer loop
      vertex   -3.000000e+01 7.650000e+01 3.000000e+00
      vertex   -3.004705e+01 7.721789e+01 4.732000e+00
      vertex   -3.004705e+01 7.721789e+01 3.000000e+00
    endloop
  endfacet
  facet normal -9.807853e-01 -1.950903e-01 -5.761989e-08
    outer loop
      vertex   -3.004705e+01 7.721789e+01 3.000000e+00
      vertex   -3.004705e+01 7.721789e+01 4.732000e+00
      vertex   -3.018741e+01 7.792350e+01 4.732000e+00
    endloop
  endfacet
  facet normal -9.807853e-01 -1.950903e-01 -5.128328e-08
    outer loop
      vertex   -3.004705e+01 7.721789e+01 3.000000e+00
      vertex   -3.018741e+01 7.792350e+01 4.732000e+00
      vertex   -3.018741e+01 7.792350e+01 3.000000e+00
    endloop
  endfacet
  facet normal -9.469301e-01 -3.214395e-01 -5.544378e-08
    outer loop
      vertex   -3.018741e+01 7.792350e+01 3.000000e+00
      vertex   -3.018741e+01 7.792350e+01 4.732000e+00
      vertex   -3.041866e+01 7.860476e+01 4.732000e+00
    endloop
  endfacet
  facet normal -9.469301e-01 -3.214395e-01 -4.971065e-08
    outer loop
      vertex   -3.018741e+01 7.792350e+01 3.000000e+00
      vertex   -3.041866e+01 7.860476e+01 4.732000e+00
      vertex   -3.041866e+01 7.860476e+01 3.000000e+00
    endloop
  endfacet
  facet normal -8.968727e-01 -4.422887e-01 -5.237064e-08
    outer loop
      vertex   -3.041866e+01 7.860476e+01 3.000000e+00
      vertex   -3.041866e+01 7.860476e+01 4.732000e+00
      vertex   -3.073686e+01 7.925000e+01 4.732000e+00
    endloop
  endfacet
  facet normal -8.968727e-01 -4.422887e-01 -4.724098e-08
    outer loop
      vertex   -3.041866e+01 7.860476e+01 3.000000e+00
      vertex   -3.073686e+01 7.925000e+01 4.732000e+00
      vertex   -3.073686e+01 7.925000e+01 3.000000e+00
    endloop
  endfacet
  facet normal -8.314696e-01 -5.555702e-01 -4.844787e-08
    outer loop
      vertex   -3.073686e+01 7.925000e+01 3.000000e+00
      vertex   -3.073686e+01 7.925000e+01 4.732000e+00
      vertex   -3.113656e+01 7.984819e+01 4.732000e+00
    endloop
  endfacet
  facet normal -8.314696e-01 -5.555702e-01 -4.392172e-08
    outer loop
      vertex   -3.073686e+01 7.925000e+01 3.000000e+00
      vertex   -3.113656e+01 7.984819e+01 4.732000e+00
      vertex   -3.113656e+01 7.984819e+01 3.000000e+00
    endloop
  endfacet
  facet normal -7.518398e-01 -6.593458e-01 -4.373747e-08
    outer loop
      vertex   -3.113656e+01 7.984819e+01 3.000000e+00
      vertex   -3.113656e+01 7.984819e+01 4.732000e+00
      vertex   -3.161091e+01 8.038909e+01 3.000000e+00
    endloop
  endfacet
  facet normal -7.518398e-01 -6.593458e-01 -3.981479e-08
    outer loop
      vertex   -3.161091e+01 8.038909e+01 3.000000e+00
      vertex   -3.113656e+01 7.984819e+01 4.732000e+00
      vertex   -3.161091e+01 8.038909e+01 4.732000e+00
    endloop
  endfacet
  facet normal -6.593458e-01 -7.518398e-01 -3.831483e-08
    outer loop
      vertex   -3.161091e+01 8.038909e+01 3.000000e+00
      vertex   -3.161091e+01 8.038909e+01 4.732000e+00
      vertex   -3.215181e+01 8.086344e+01 3.000000e+00
    endloop
  endfacet
  facet normal -6.593458e-01 -7.518398e-01 -3.499566e-08
    outer loop
      vertex   -3.215181e+01 8.086344e+01 3.000000e+00
      vertex   -3.161091e+01 8.038909e+01 4.732000e+00
      vertex   -3.215181e+01 8.086344e+01 4.732000e+00
    endloop
  endfacet
  facet normal -5.555702e-01 -8.314696e-01 -3.226761e-08
    outer loop
      vertex   -3.215181e+01 8.086344e+01 3.000000e+00
      vertex   -3.215181e+01 8.086344e+01 4.732000e+00
      vertex   -3.275000e+01 8.126314e+01 3.000000e+00
    endloop
  endfacet
  facet normal -5.555702e-01 -8.314696e-01 -2.955191e-08
    outer loop
      vertex   -3.275000e+01 8.126314e+01 3.000000e+00
      vertex   -3.215181e+01 8.086344e+01 4.732000e+00
      vertex   -3.275000e+01 8.126314e+01 4.732000e+00
    endloop
  endfacet
  facet normal -4.422887e-01 -8.968727e-01 -2.569408e-08
    outer loop
      vertex   -3.275000e+01 8.126314e+01 3.000000e+00
      vertex   -3.275000e+01 8.126314e+01 4.732000e+00
      vertex   -3.339524e+01 8.158134e+01 3.000000e+00
    endloop
  endfacet
  facet normal -4.422887e-01 -8.968727e-01 -2.358187e-08
    outer loop
      vertex   -3.339524e+01 8.158134e+01 3.000000e+00
      vertex   -3.275000e+01 8.126314e+01 4.732000e+00
      vertex   -3.339524e+01 8.158134e+01 4.732000e+00
    endloop
  endfacet
  facet normal -3.214395e-01 -9.469301e-01 -1.870157e-08
    outer loop
      vertex   -3.339524e+01 8.158134e+01 3.000000e+00
      vertex   -3.339524e+01 8.158134e+01 4.732000e+00
      vertex   -3.407650e+01 8.181259e+01 3.000000e+00
    endloop
  endfacet
  facet normal -3.214395e-01 -9.469301e-01 -1.719285e-08
    outer loop
      vertex   -3.407650e+01 8.181259e+01 3.000000e+00
      vertex   -3.339524e+01 8.158134e+01 4.732000e+00
      vertex   -3.407650e+01 8.181259e+01 4.732000e+00
    endloop
  endfacet
  facet normal -1.950903e-01 -9.807853e-01 -1.140457e-08
    outer loop
      vertex   -3.407650e+01 8.181259e+01 3.000000e+00
      vertex   -3.407650e+01 8.181259e+01 4.732000e+00
      vertex   -3.478211e+01 8.195295e+01 3.000000e+00
    endloop
  endfacet
  facet normal -1.950903e-01 -9.807853e-01 -1.049934e-08
    outer loop
      vertex   -3.478211e+01 8.195295e+01 3.000000e+00
      vertex   -3.407650e+01 8.181259e+01 4.732000e+00
      vertex   -3.478211e+01 8.195295e+01 4.732000e+00
    endloop
  endfacet
  facet normal -6.540313e-02 -9.978589e-01 -3.922759e-09
    outer loop
      vertex   -3.478211e+01 8.195295e+01 3.000000e+00
      vertex   -3.478211e+01 8.195295e+01 4.732000e+00
      vertex   -3.550000e+01 8.200000e+01 3.000000e+00
    endloop
  endfacet
  facet normal -6.540313e-02 -9.978589e-01 -3.621014e-09
    outer loop
      vertex   -3.550000e+01 8.200000e+01 3.000000e+00
      vertex   -3.478211e+01 8.195295e+01 4.732000e+00
      vertex   -3.550000e+01 8.200000e+01 4.732000e+00
    endloop
  endfacet
  facet normal -1.000000e+00 3.882478e-15 -5.536453e-08
    outer loop
      vertex   -3.000000e+01 7.650000e+01 3.000000e+00
      vertex   -3.000000e+01 6.185898e+01 3.000000e+00
      vertex   -3.000000e+01 7.650000e+01 4.732000e+00
    endloop
  endfacet
  facet normal -1.000000e+00 1.743438e-08 -2.027415e-07
    outer loop
      vertex   -3.000000e+01 7.650000e+01 4.732000e+00
      vertex   -3.000000e+01 6.185898e+01 3.000000e+00
      vertex   -3.000000e+01 6.185898e+01 4.732000e+00
    endloop
  endfacet
  facet normal -1.000000e+00 3.882478e-15 0.000000e+00
    outer loop
      vertex   -3.000000e+01 7.650000e+01 3.000000e+00
      vertex   -3.000000e+01 7.650000e+01 -3.000000e+00
      vertex   -3.000000e+01 6.185898e+01 3.000000e+00
    endloop
  endfacet
  facet normal -1.000000e+00 3.882478e-15 0.000000e+00
    outer loop
      vertex   -3.000000e+01 6.185898e+01 3.000000e+00
      vertex   -3.000000e+01 7.650000e+01 -3.000000e+00
      vertex   -3.000000e+01 6.185898e+01 -3.000000e+00
    endloop
  endfacet
  facet normal -9.978589e-01 -6.540313e-02 -0.000000e+00
    outer loop
      vertex   -3.000000e+01 6.185898e+01 3.000000e+00
      vertex   -3.000000e+01 6.185898e+01 -3.000000e+00
      vertex   -2.995295e+01 6.114109e+01 3.000000e+00
    endloop
  endfacet
  facet normal -9.978589e-01 -6.540313e-02 7.745286e-17
    outer loop
      vertex   -2.995295e+01 6.114109e+01 3.000000e+00
      vertex   -3.000000e+01 6.185898e+01 -3.000000e+00
      vertex   -2.995295e+01 6.114109e+01 -3.000000e+00
    endloop
  endfacet
  facet normal -9.807853e-01 -1.950903e-01 2.310334e-16
    outer loop
      vertex   -2.995295e+01 6.114109e+01 3.000000e+00
      vertex   -2.995295e+01 6.114109e+01 -3.000000e+00
      vertex   -2.981259e+01 6.043548e+01 3.000000e+00
    endloop
  endfacet
  facet normal -9.807853e-01 -1.950903e-01 -0.000000e+00
    outer loop
      vertex   -2.981259e+01 6.043548e+01 3.000000e+00
      vertex   -2.995295e+01 6.114109e+01 -3.000000e+00
      vertex   -2.981259e+01 6.043548e+01 -3.000000e+00
    endloop
  endfacet
  facet normal -9.469301e-01 -3.214395e-01 -0.000000e+00
    outer loop
      vertex   -2.981259e+01 6.043548e+01 3.000000e+00
      vertex   -2.981259e+01 6.043548e+01 -3.000000e+00
      vertex   -2.958134e+01 5.975422e+01 3.000000e+00
    endloop
  endfacet
  facet normal -9.469301e-01 -3.214395e-01 -0.000000e+00
    outer loop
      vertex   -2.958134e+01 5.975422e+01 3.000000e+00
      vertex   -2.981259e+01 6.043548e+01 -3.000000e+00
      vertex   -2.958134e+01 5.975422e+01 -3.000000e+00
    endloop
  endfacet
  facet normal -8.968727e-01 -4.422887e-01 -0.000000e+00
    outer loop
      vertex   -2.958134e+01 5.975422e+01 3.000000e+00
      vertex   -2.958134e+01 5.975422e+01 -3.000000e+00
      vertex   -2.926314e+01 5.910898e+01 3.000000e+00
    endloop
  endfacet
  facet normal -8.968727e-01 -4.422887e-01 5.310553e-16
    outer loop
      vertex   -2.926314e+01 5.910898e+01 3.000000e+00
      vertex   -2.958134e+01 5.975422e+01 -3.000000e+00
      vertex   -2.926314e+01 5.910898e+01 -3.000000e+00
    endloop
  endfacet
  facet normal -8.314696e-01 -5.555702e-01 4.923289e-16
    outer loop
      vertex   -2.926314e+01 5.910898e+01 3.000000e+00
      vertex   -2.926314e+01 5.910898e+01 -3.000000e+00
      vertex   -2.886344e+01 5.851080e+01 3.000000e+00
    endloop
  endfacet
  facet normal -8.314696e-01 -5.555702e-01 -0.000000e+00
    outer loop
      vertex   -2.886344e+01 5.851080e+01 3.000000e+00
      vertex   -2.926314e+01 5.910898e+01 -3.000000e+00
      vertex   -2.886344e+01 5.851080e+01 -3.000000e+00
    endloop
  endfacet
  facet normal -7.518398e-01 -6.593458e-01 -0.000000e+00
    outer loop
      vertex   -2.886344e+01 5.851080e+01 3.000000e+00
      vertex   -2.886344e+01 5.851080e+01 -3.000000e+00
      vertex   -2.838909e+01 5.796990e+01 3.000000e+00
    endloop
  endfacet
  facet normal -7.518398e-01 -6.593458e-01 -0.000000e+00
    outer loop
      vertex   -2.838909e+01 5.796990e+01 3.000000e+00
      vertex   -2.886344e+01 5.851080e+01 -3.000000e+00
      vertex   -2.838909e+01 5.796990e+01 -3.000000e+00
    endloop
  endfacet
  facet normal -6.593458e-01 -7.518398e-01 -0.000000e+00
    outer loop
      vertex   -2.838909e+01 5.796990e+01 3.000000e+00
      vertex   -2.838909e+01 5.796990e+01 -3.000000e+00
      vertex   -2.784819e+01 5.749554e+01 3.000000e+00
    endloop
  endfacet
  facet normal -6.593458e-01 -7.518398e-01 3.904111e-16
    outer loop
      vertex   -2.784819e+01 5.749554e+01 3.000000e+00
      vertex   -2.838909e+01 5.796990e+01 -3.000000e+00
      vertex   -2.784819e+01 5.749554e+01 -3.000000e+00
    endloop
  endfacet
  facet normal -5.555702e-01 -8.314696e-01 3.289637e-16
    outer loop
      vertex   -2.784819e+01 5.749554e+01 3.000000e+00
      vertex   -2.784819e+01 5.749554e+01 -3.000000e+00
      vertex   -2.725000e+01 5.709584e+01 3.000000e+00
    endloop
  endfacet
  facet normal -5.555702e-01 -8.314696e-01 1.969316e-15
    outer loop
      vertex   -2.725000e+01 5.709584e+01 3.000000e+00
      vertex   -2.784819e+01 5.749554e+01 -3.000000e+00
      vertex   -2.725000e+01 5.709584e+01 -3.000000e+00
    endloop
  endfacet
  facet normal -4.422887e-01 -8.968727e-01 2.124221e-15
    outer loop
      vertex   -2.725000e+01 5.709584e+01 3.000000e+00
      vertex   -2.725000e+01 5.709584e+01 -3.000000e+00
      vertex   -2.660476e+01 5.677765e+01 3.000000e+00
    endloop
  endfacet
  facet normal -4.422887e-01 -8.968727e-01 2.124221e-15
    outer loop
      vertex   -2.660476e+01 5.677765e+01 3.000000e+00
      vertex   -2.725000e+01 5.709584e+01 -3.000000e+00
      vertex   -2.660476e+01 5.677765e+01 -3.000000e+00
    endloop
  endfacet
  facet normal -3.214395e-01 -9.469301e-01 2.242781e-15
    outer loop
      vertex   -2.660476e+01 5.677765e+01 3.000000e+00
      vertex   -2.660476e+01 5.677765e+01 -3.000000e+00
      vertex   -2.592350e+01 5.654639e+01 3.000000e+00
    endloop
  endfacet
  facet normal -3.214395e-01 -9.469301e-01 1.311721e-15
    outer loop
      vertex   -2.592350e+01 5.654639e+01 3.000000e+00
      vertex   -2.660476e+01 5.677765e+01 -3.000000e+00
      vertex   -2.592350e+01 5.654639e+01 -3.000000e+00
    endloop
  endfacet
  facet normal -1.950903e-01 -9.807853e-01 1.277000e-15
    outer loop
      vertex   -2.592350e+01 5.654639e+01 3.000000e+00
      vertex   -2.592350e+01 5.654639e+01 -3.000000e+00
      vertex   -2.521789e+01 5.640604e+01 3.000000e+00
    endloop
  endfacet
  facet normal -1.950903e-01 -9.807853e-01 -0.000000e+00
    outer loop
      vertex   -2.521789e+01 5.640604e+01 3.000000e+00
      vertex   -2.592350e+01 5.654639e+01 -3.000000e+00
      vertex   -2.521789e+01 5.640604e+01 -3.000000e+00
    endloop
  endfacet
  facet normal -6.540313e-02 -9.978589e-01 -0.000000e+00
    outer loop
      vertex   -2.521789e+01 5.640604e+01 3.000000e+00
      vertex   -2.521789e+01 5.640604e+01 -3.000000e+00
      vertex   -2.450000e+01 5.635898e+01 3.000000e+00
    endloop
  endfacet
  facet normal -6.540313e-02 -9.978589e-01 -1.181702e-15
    outer loop
      vertex   -2.450000e+01 5.635898e+01 3.000000e+00
      vertex   -2.521789e+01 5.640604e+01 -3.000000e+00
      vertex   -2.450000e+01 5.635898e+01 -3.000000e+00
    endloop
  endfacet
  facet normal -6.540313e-02 -9.978589e-01 -1.325993e-08
    outer loop
      vertex   -2.450000e+01 5.635898e+01 3.000000e+00
      vertex   -2.450000e+01 5.635898e+01 4.732000e+00
      vertex   -2.521789e+01 5.640604e+01 3.000000e+00
    endloop
  endfacet
  facet normal -6.540313e-02 -9.978589e-01 -1.295819e-08
    outer loop
      vertex   -2.521789e+01 5.640604e+01 3.000000e+00
      vertex   -2.450000e+01 5.635898e+01 4.732000e+00
      vertex   -2.521789e+01 5.640604e+01 4.732000e+00
    endloop
  endfacet
  facet normal -1.950903e-01 -9.807853e-01 -3.985465e-08
    outer loop
      vertex   -2.521789e+01 5.640604e+01 3.000000e+00
      vertex   -2.521789e+01 5.640604e+01 4.732000e+00
      vertex   -2.592350e+01 5.654639e+01 3.000000e+00
    endloop
  endfacet
  facet normal -1.950903e-01 -9.807853e-01 -3.894942e-08
    outer loop
      vertex   -2.592350e+01 5.654639e+01 3.000000e+00
      vertex   -2.521789e+01 5.640604e+01 4.732000e+00
      vertex   -2.592351e+01 5.654639e+01 4.732000e+00
    endloop
  endfacet
  facet normal -3.214395e-01 -9.469301e-01 -6.577261e-08
    outer loop
      vertex   -2.592350e+01 5.654639e+01 3.000000e+00
      vertex   -2.592351e+01 5.654639e+01 4.732000e+00
      vertex   -2.660476e+01 5.677765e+01 3.000000e+00
    endloop
  endfacet
  facet normal -3.214395e-01 -9.469301e-01 -6.426389e-08
    outer loop
      vertex   -2.660476e+01 5.677765e+01 3.000000e+00
      vertex   -2.592351e+01 5.654639e+01 4.732000e+00
      vertex   -2.660476e+01 5.677765e+01 4.732000e+00
    endloop
  endfacet
  facet normal -4.422887e-01 -8.968727e-01 -9.057551e-08
    outer loop
      vertex   -2.660476e+01 5.677765e+01 3.000000e+00
      vertex   -2.660476e+01 5.677765e+01 4.732000e+00
      vertex   -2.725000e+01 5.709584e+01 3.000000e+00
    endloop
  endfacet
  facet normal -4.422887e-01 -8.968727e-01 -8.846330e-08
    outer loop
      vertex   -2.725000e+01 5.709584e+01 3.000000e+00
      vertex   -2.660476e+01 5.677765e+01 4.732000e+00
      vertex   -2.725000e+01 5.709584e+01 4.732000e+00
    endloop
  endfacet
  facet normal -5.555702e-01 -8.314696e-01 -1.138441e-07
    outer loop
      vertex   -2.725000e+01 5.709584e+01 3.000000e+00
      vertex   -2.725000e+01 5.709584e+01 4.732000e+00
      vertex   -2.784819e+01 5.749554e+01 3.000000e+00
    endloop
  endfacet
  facet normal -5.555702e-01 -8.314696e-01 -1.111284e-07
    outer loop
      vertex   -2.784819e+01 5.749554e+01 3.000000e+00
      vertex   -2.725000e+01 5.709584e+01 4.732000e+00
      vertex   -2.784819e+01 5.749554e+01 4.732000e+00
    endloop
  endfacet
  facet normal -6.593458e-01 -7.518398e-01 -1.351855e-07
    outer loop
      vertex   -2.784819e+01 5.749554e+01 3.000000e+00
      vertex   -2.784819e+01 5.749554e+01 4.732000e+00
      vertex   -2.838909e+01 5.796990e+01 3.000000e+00
    endloop
  endfacet
  facet normal -6.593458e-01 -7.518398e-01 -1.318663e-07
    outer loop
      vertex   -2.838909e+01 5.796990e+01 3.000000e+00
      vertex   -2.784819e+01 5.749554e+01 4.732000e+00
      vertex   -2.838909e+01 5.796990e+01 4.732000e+00
    endloop
  endfacet
  facet normal -7.518398e-01 -6.593458e-01 -1.542396e-07
    outer loop
      vertex   -2.838909e+01 5.796990e+01 3.000000e+00
      vertex   -2.838909e+01 5.796990e+01 4.732000e+00
      vertex   -2.886344e+01 5.851080e+01 3.000000e+00
    endloop
  endfacet
  facet normal -7.518398e-01 -6.593458e-01 -1.503169e-07
    outer loop
      vertex   -2.886344e+01 5.851080e+01 3.000000e+00
      vertex   -2.838909e+01 5.796990e+01 4.732000e+00
      vertex   -2.886344e+01 5.851080e+01 4.732000e+00
    endloop
  endfacet
  facet normal -8.314696e-01 -5.555702e-01 -1.706856e-07
    outer loop
      vertex   -2.886344e+01 5.851080e+01 3.000000e+00
      vertex   -2.886344e+01 5.851080e+01 4.732000e+00
      vertex   -2.926314e+01 5.910898e+01 3.000000e+00
    endloop
  endfacet
  facet normal -8.314696e-01 -5.555702e-01 -1.661595e-07
    outer loop
      vertex   -2.926314e+01 5.910898e+01 3.000000e+00
      vertex   -2.886344e+01 5.851080e+01 4.732000e+00
      vertex   -2.926314e+01 5.910898e+01 4.732000e+00
    endloop
  endfacet
  facet normal -8.968727e-01 -4.422887e-01 -1.842473e-07
    outer loop
      vertex   -2.926314e+01 5.910898e+01 3.000000e+00
      vertex   -2.926314e+01 5.910898e+01 4.732000e+00
      vertex   -2.958134e+01 5.975422e+01 3.000000e+00
    endloop
  endfacet
  facet normal -8.968727e-01 -4.422887e-01 -1.791176e-07
    outer loop
      vertex   -2.958134e+01 5.975422e+01 3.000000e+00
      vertex   -2.926314e+01 5.910898e+01 4.732000e+00
      vertex   -2.958134e+01 5.975423e+01 4.732000e+00
    endloop
  endfacet
  facet normal -9.469301e-01 -3.214395e-01 -1.946977e-07
    outer loop
      vertex   -2.958134e+01 5.975422e+01 3.000000e+00
      vertex   -2.958134e+01 5.975423e+01 4.732000e+00
      vertex   -2.981259e+01 6.043548e+01 3.000000e+00
    endloop
  endfacet
  facet normal -9.469301e-01 -3.214395e-01 -1.889646e-07
    outer loop
      vertex   -2.981259e+01 6.043548e+01 3.000000e+00
      vertex   -2.958134e+01 5.975423e+01 4.732000e+00
      vertex   -2.981259e+01 6.043548e+01 4.732000e+00
    endloop
  endfacet
  facet normal -9.807853e-01 -1.950903e-01 -2.018633e-07
    outer loop
      vertex   -2.981259e+01 6.043548e+01 3.000000e+00
      vertex   -2.981259e+01 6.043548e+01 4.732000e+00
      vertex   -2.995295e+01 6.114109e+01 3.000000e+00
    endloop
  endfacet
  facet normal -9.807853e-01 -1.950903e-01 -1.955267e-07
    outer loop
      vertex   -2.995295e+01 6.114109e+01 3.000000e+00
      vertex   -2.981259e+01 6.043548e+01 4.732000e+00
      vertex   -2.995295e+01 6.114109e+01 4.732000e+00
    endloop
  endfacet
  facet normal -9.978589e-01 -6.540313e-02 -2.056266e-07
    outer loop
      vertex   -2.995295e+01 6.114109e+01 3.000000e+00
      vertex   -2.995295e+01 6.114109e+01 4.732000e+00
      vertex   -3.000000e+01 6.185898e+01 3.000000e+00
    endloop
  endfacet
  facet normal -9.978589e-01 -6.540311e-02 -1.986865e-07
    outer loop
      vertex   -3.000000e+01 6.185898e+01 3.000000e+00
      vertex   -2.995295e+01 6.114109e+01 4.732000e+00
      vertex   -3.000000e+01 6.185898e+01 4.732000e+00
    endloop
  endfacet
  facet normal 0.000000e+00 -1.000000e+00 -1.184238e-15
    outer loop
      vertex   -2.450000e+01 5.635898e+01 -3.000000e+00
      vertex   -1.700000e+01 5.635898e+01 -3.000000e+00
      vertex   -2.450000e+01 5.635898e+01 3.000000e+00
    endloop
  endfacet
  facet normal 2.122194e-16 -1.000000e+00 -9.189637e-16
    outer loop
      vertex   -2.450000e+01 5.635898e+01 3.000000e+00
      vertex   -1.700000e+01 5.635898e+01 -3.000000e+00
      vertex   -1.700000e+01 5.635898e+01 4.732000e+00
    endloop
  endfacet
  facet normal 0.000000e+00 -1.000000e+00 0.000000e+00
    outer loop
      vertex   -2.450000e+01 5.635898e+01 3.000000e+00
      vertex   -1.700000e+01 5.635898e+01 4.732000e+00
      vertex   -2.450000e+01 5.635898e+01 4.732000e+00
    endloop
  endfacet
  facet normal 9.961947e-01 0.000000e+00 -8.715574e-02
    outer loop
      vertex   -3.894683e+01 1.166000e+02 -5.892231e+00
      vertex   -3.894683e+01 1.050667e+02 -5.892231e+00
      vertex   -3.900000e+01 1.166000e+02 -6.500000e+00
    endloop
  endfacet
  facet normal 9.961947e-01 0.000000e+00 -8.715574e-02
    outer loop
      vertex   -3.900000e+01 1.166000e+02 -6.500000e+00
      vertex   -3.894683e+01 1.050667e+02 -5.892231e+00
      vertex   -3.894683e+01 9.353333e+01 -5.892231e+00
    endloop
  endfacet
  facet normal 9.961947e-01 0.000000e+00 -8.715574e-02
    outer loop
      vertex   -3.900000e+01 1.166000e+02 -6.500000e+00
      vertex   -3.894683e+01 9.353333e+01 -5.892231e+00
      vertex   -3.900000e+01 8.200000e+01 -6.500000e+00
    endloop
  endfacet
  facet normal 9.961947e-01 0.000000e+00 -8.715574e-02
    outer loop
      vertex   -3.900000e+01 8.200000e+01 -6.500000e+00
      vertex   -3.894683e+01 9.353333e+01 -5.892231e+00
      vertex   -3.894683e+01 8.200000e+01 -5.892231e+00
    endloop
  endfacet
  facet normal 9.659258e-01 0.000000e+00 -2.588190e-01
    outer loop
      vertex   -3.894683e+01 8.200000e+01 -5.892231e+00
      vertex   -3.894683e+01 9.353333e+01 -5.892231e+00
      vertex   -3.878892e+01 8.200000e+01 -5.302929e+00
    endloop
  endfacet
  facet normal 9.659258e-01 0.000000e+00 -2.588190e-01
    outer loop
      vertex   -3.878892e+01 8.200000e+01 -5.302929e+00
      vertex   -3.894683e+01 9.353333e+01 -5.892231e+00
      vertex   -3.878892e+01 9.353333e+01 -5.302929e+00
    endloop
  endfacet
  facet normal 9.063078e-01 0.000000e+00 -4.226183e-01
    outer loop
      vertex   -3.878892e+01 8.200000e+01 -5.302929e+00
      vertex   -3.878892e+01 9.353333e+01 -5.302929e+00
      vertex   -3.853109e+01 8.200000e+01 -4.750000e+00
    endloop
  endfacet
  facet normal 9.063078e-01 -3.254570e-17 -4.226183e-01
    outer loop
      vertex   -3.853109e+01 8.200000e+01 -4.750000e+00
      vertex   -3.878892e+01 9.353333e+01 -5.302929e+00
      vertex   -3.853109e+01 9.353333e+01 -4.750000e+00
    endloop
  endfacet
  facet normal 8.191520e-01 -4.417094e-17 -5.735764e-01
    outer loop
      vertex   -3.853109e+01 8.200000e+01 -4.750000e+00
      vertex   -3.853109e+01 9.353333e+01 -4.750000e+00
      vertex   -3.818116e+01 8.200000e+01 -4.250243e+00
    endloop
  endfacet
  facet normal 8.191520e-01 0.000000e+00 -5.735764e-01
    outer loop
      vertex   -3.818116e+01 8.200000e+01 -4.250243e+00
      vertex   -3.853109e+01 9.353333e+01 -4.750000e+00
      vertex   -3.818116e+01 9.353333e+01 -4.250243e+00
    endloop
  endfacet
  facet normal 7.071068e-01 0.000000e+00 -7.071068e-01
    outer loop
      vertex   -3.818116e+01 8.200000e+01 -4.250243e+00
      vertex   -3.818116e+01 9.353333e+01 -4.250243e+00
      vertex   -3.774976e+01 8.200000e+01 -3.818844e+00
    endloop
  endfacet
  facet normal 7.071068e-01 8.168111e-17 -7.071068e-01
    outer loop
      vertex   -3.774976e+01 8.200000e+01 -3.818844e+00
      vertex   -3.818116e+01 9.353333e+01 -4.250243e+00
      vertex   -3.774976e+01 9.353333e+01 -3.818844e+00
    endloop
  endfacet
  facet normal 5.735764e-01 9.462397e-17 -8.191520e-01
    outer loop
      vertex   -3.774976e+01 8.200000e+01 -3.818844e+00
      vertex   -3.774976e+01 9.353333e+01 -3.818844e+00
      vertex   -3.725000e+01 8.200000e+01 -3.468911e+00
    endloop
  endfacet
  facet normal 5.735764e-01 -3.154132e-17 -8.191520e-01
    outer loop
      vertex   -3.725000e+01 8.200000e+01 -3.468911e+00
      vertex   -3.774976e+01 9.353333e+01 -3.818844e+00
      vertex   -3.725000e+01 9.353333e+01 -3.468911e+00
    endloop
  endfacet
  facet normal 4.226183e-01 -3.489724e-17 -9.063078e-01
    outer loop
      vertex   -3.725000e+01 8.200000e+01 -3.468911e+00
      vertex   -3.725000e+01 9.353333e+01 -3.468911e+00
      vertex   -3.669707e+01 8.200000e+01 -3.211076e+00
    endloop
  endfacet
  facet normal 4.226183e-01 -3.489724e-17 -9.063078e-01
    outer loop
      vertex   -3.669707e+01 8.200000e+01 -3.211076e+00
      vertex   -3.725000e+01 9.353333e+01 -3.468911e+00
      vertex   -3.669707e+01 9.353333e+01 -3.211076e+00
    endloop
  endfacet
  facet normal 2.588190e-01 -3.719282e-17 -9.659258e-01
    outer loop
      vertex   -3.669707e+01 8.200000e+01 -3.211076e+00
      vertex   -3.669707e+01 9.353333e+01 -3.211076e+00
      vertex   -3.610777e+01 8.200000e+01 -3.053173e+00
    endloop
  endfacet
  facet normal 2.588190e-01 -7.438565e-17 -9.659258e-01
    outer loop
      vertex   -3.610777e+01 8.200000e+01 -3.053173e+00
      vertex   -3.669707e+01 9.353333e+01 -3.211076e+00
      vertex   -3.610777e+01 9.353333e+01 -3.053173e+00
    endloop
  endfacet
  facet normal 8.715574e-02 -7.671664e-17 -9.961947e-01
    outer loop
      vertex   -3.610777e+01 8.200000e+01 -3.053173e+00
      vertex   -3.610777e+01 9.353333e+01 -3.053173e+00
      vertex   -3.550000e+01 8.200000e+01 -3.000000e+00
    endloop
  endfacet
  facet normal 8.715574e-02 0.000000e+00 -9.961947e-01
    outer loop
      vertex   -3.550000e+01 8.200000e+01 -3.000000e+00
      vertex   -3.610777e+01 9.353333e+01 -3.053173e+00
      vertex   -3.610777e+01 1.050667e+02 -3.053173e+00
    endloop
  endfacet
  facet normal 8.715574e-02 0.000000e+00 -9.961947e-01
    outer loop
      vertex   -3.550000e+01 8.200000e+01 -3.000000e+00
      vertex   -3.610777e+01 1.050667e+02 -3.053173e+00
      vertex   -3.550000e+01 1.166000e+02 -3.000000e+00
    endloop
  endfacet
  facet normal 8.715574e-02 7.691941e-17 -9.961947e-01
    outer loop
      vertex   -3.550000e+01 1.166000e+02 -3.000000e+00
      vertex   -3.610777e+01 1.050667e+02 -3.053173e+00
      vertex   -3.610777e+01 1.166000e+02 -3.053173e+00
    endloop
  endfacet
  facet normal 2.588190e-01 7.438565e-17 -9.659258e-01
    outer loop
      vertex   -3.610777e+01 1.166000e+02 -3.053173e+00
      vertex   -3.610777e+01 1.050667e+02 -3.053173e+00
      vertex   -3.669707e+01 1.166000e+02 -3.211076e+00
    endloop
  endfacet
  facet normal 2.588190e-01 3.719282e-17 -9.659258e-01
    outer loop
      vertex   -3.669707e+01 1.166000e+02 -3.211076e+00
      vertex   -3.610777e+01 1.050667e+02 -3.053173e+00
      vertex   -3.669707e+01 1.050667e+02 -3.211076e+00
    endloop
  endfacet
  facet normal 4.226183e-01 3.489724e-17 -9.063078e-01
    outer loop
      vertex   -3.669707e+01 1.166000e+02 -3.211076e+00
      vertex   -3.669707e+01 1.050667e+02 -3.211076e+00
      vertex   -3.725000e+01 1.166000e+02 -3.468911e+00
    endloop
  endfacet
  facet normal 4.226183e-01 3.489724e-17 -9.063078e-01
    outer loop
      vertex   -3.725000e+01 1.166000e+02 -3.468911e+00
      vertex   -3.669707e+01 1.050667e+02 -3.211076e+00
      vertex   -3.725000e+01 1.050667e+02 -3.468911e+00
    endloop
  endfacet
  facet normal 5.735764e-01 3.154132e-17 -8.191520e-01
    outer loop
      vertex   -3.725000e+01 1.166000e+02 -3.468911e+00
      vertex   -3.725000e+01 1.050667e+02 -3.468911e+00
      vertex   -3.774976e+01 1.166000e+02 -3.818844e+00
    endloop
  endfacet
  facet normal 5.735764e-01 -9.462397e-17 -8.191520e-01
    outer loop
      vertex   -3.774976e+01 1.166000e+02 -3.818844e+00
      vertex   -3.725000e+01 1.050667e+02 -3.468911e+00
      vertex   -3.774976e+01 1.050667e+02 -3.818844e+00
    endloop
  endfacet
  facet normal 7.071068e-01 -8.168111e-17 -7.071068e-01
    outer loop
      vertex   -3.774976e+01 1.166000e+02 -3.818844e+00
      vertex   -3.774976e+01 1.050667e+02 -3.818844e+00
      vertex   -3.818116e+01 1.166000e+02 -4.250243e+00
    endloop
  endfacet
  facet normal 7.071068e-01 0.000000e+00 -7.071068e-01
    outer loop
      vertex   -3.818116e+01 1.166000e+02 -4.250243e+00
      vertex   -3.774976e+01 1.050667e+02 -3.818844e+00
      vertex   -3.818116e+01 1.050667e+02 -4.250243e+00
    endloop
  endfacet
  facet normal 8.191520e-01 0.000000e+00 -5.735764e-01
    outer loop
      vertex   -3.818116e+01 1.166000e+02 -4.250243e+00
      vertex   -3.818116e+01 1.050667e+02 -4.250243e+00
      vertex   -3.853109e+01 1.166000e+02 -4.750000e+00
    endloop
  endfacet
  facet normal 8.191520e-01 4.417094e-17 -5.735764e-01
    outer loop
      vertex   -3.853109e+01 1.166000e+02 -4.750000e+00
      vertex   -3.818116e+01 1.050667e+02 -4.250243e+00
      vertex   -3.853109e+01 1.050667e+02 -4.750000e+00
    endloop
  endfacet
  facet normal 9.063078e-01 3.254570e-17 -4.226183e-01
    outer loop
      vertex   -3.853109e+01 1.166000e+02 -4.750000e+00
      vertex   -3.853109e+01 1.050667e+02 -4.750000e+00
      vertex   -3.878892e+01 1.166000e+02 -5.302929e+00
    endloop
  endfacet
  facet normal 9.063078e-01 0.000000e+00 -4.226183e-01
    outer loop
      vertex   -3.878892e+01 1.166000e+02 -5.302929e+00
      vertex   -3.853109e+01 1.050667e+02 -4.750000e+00
      vertex   -3.878892e+01 1.050667e+02 -5.302929e+00
    endloop
  endfacet
  facet normal 9.659258e-01 0.000000e+00 -2.588190e-01
    outer loop
      vertex   -3.878892e+01 1.166000e+02 -5.302929e+00
      vertex   -3.878892e+01 1.050667e+02 -5.302929e+00
      vertex   -3.894683e+01 1.166000e+02 -5.892231e+00
    endloop
  endfacet
  facet normal 9.659258e-01 0.000000e+00 -2.588190e-01
    outer loop
      vertex   -3.894683e+01 1.166000e+02 -5.892231e+00
      vertex   -3.878892e+01 1.050667e+02 -5.302929e+00
      vertex   -3.894683e+01 1.050667e+02 -5.892231e+00
    endloop
  endfacet
  facet normal 9.659258e-01 0.000000e+00 -2.588190e-01
    outer loop
      vertex   -3.878892e+01 9.353333e+01 -5.302929e+00
      vertex   -3.894683e+01 9.353333e+01 -5.892231e+00
      vertex   -3.894683e+01 1.050667e+02 -5.892231e+00
    endloop
  endfacet
  facet normal 9.659258e-01 0.000000e+00 -2.588190e-01
    outer loop
      vertex   -3.878892e+01 9.353333e+01 -5.302929e+00
      vertex   -3.894683e+01 1.050667e+02 -5.892231e+00
      vertex   -3.878892e+01 1.050667e+02 -5.302929e+00
    endloop
  endfacet
  facet normal 9.063078e-01 0.000000e+00 -4.226183e-01
    outer loop
      vertex   -3.853109e+01 9.353333e+01 -4.750000e+00
      vertex   -3.878892e+01 9.353333e+01 -5.302929e+00
      vertex   -3.878892e+01 1.050667e+02 -5.302929e+00
    endloop
  endfacet
  facet normal 9.063078e-01 0.000000e+00 -4.226183e-01
    outer loop
      vertex   -3.853109e+01 9.353333e+01 -4.750000e+00
      vertex   -3.878892e+01 1.050667e+02 -5.302929e+00
      vertex   -3.853109e+01 1.050667e+02 -4.750000e+00
    endloop
  endfacet
  facet normal 8.191520e-01 0.000000e+00 -5.735764e-01
    outer loop
      vertex   -3.818116e+01 9.353333e+01 -4.250243e+00
      vertex   -3.853109e+01 9.353333e+01 -4.750000e+00
      vertex   -3.853109e+01 1.050667e+02 -4.750000e+00
    endloop
  endfacet
  facet normal 8.191520e-01 0.000000e+00 -5.735764e-01
    outer loop
      vertex   -3.818116e+01 9.353333e+01 -4.250243e+00
      vertex   -3.853109e+01 1.050667e+02 -4.750000e+00
      vertex   -3.818116e+01 1.050667e+02 -4.250243e+00
    endloop
  endfacet
  facet normal 7.071068e-01 0.000000e+00 -7.071068e-01
    outer loop
      vertex   -3.774976e+01 9.353333e+01 -3.818844e+00
      vertex   -3.818116e+01 9.353333e+01 -4.250243e+00
      vertex   -3.818116e+01 1.050667e+02 -4.250243e+00
    endloop
  endfacet
  facet normal 7.071068e-01 0.000000e+00 -7.071068e-01
    outer loop
      vertex   -3.774976e+01 9.353333e+01 -3.818844e+00
      vertex   -3.818116e+01 1.050667e+02 -4.250243e+00
      vertex   -3.774976e+01 1.050667e+02 -3.818844e+00
    endloop
  endfacet
  facet normal 5.735764e-01 0.000000e+00 -8.191520e-01
    outer loop
      vertex   -3.725000e+01 9.353333e+01 -3.468911e+00
      vertex   -3.774976e+01 9.353333e+01 -3.818844e+00
      vertex   -3.774976e+01 1.050667e+02 -3.818844e+00
    endloop
  endfacet
  facet normal 5.735764e-01 0.000000e+00 -8.191520e-01
    outer loop
      vertex   -3.725000e+01 9.353333e+01 -3.468911e+00
      vertex   -3.774976e+01 1.050667e+02 -3.818844e+00
      vertex   -3.725000e+01 1.050667e+02 -3.468911e+00
    endloop
  endfacet
  facet normal 4.226183e-01 0.000000e+00 -9.063078e-01
    outer loop
      vertex   -3.669707e+01 9.353333e+01 -3.211076e+00
      vertex   -3.725000e+01 9.353333e+01 -3.468911e+00
      vertex   -3.725000e+01 1.050667e+02 -3.468911e+00
    endloop
  endfacet
  facet normal 4.226183e-01 0.000000e+00 -9.063078e-01
    outer loop
      vertex   -3.669707e+01 9.353333e+01 -3.211076e+00
      vertex   -3.725000e+01 1.050667e+02 -3.468911e+00
      vertex   -3.669707e+01 1.050667e+02 -3.211076e+00
    endloop
  endfacet
  facet normal 2.588190e-01 0.000000e+00 -9.659258e-01
    outer loop
      vertex   -3.610777e+01 9.353333e+01 -3.053173e+00
      vertex   -3.669707e+01 9.353333e+01 -3.211076e+00
      vertex   -3.669707e+01 1.050667e+02 -3.211076e+00
    endloop
  endfacet
  facet normal 2.588190e-01 0.000000e+00 -9.659258e-01
    outer loop
      vertex   -3.610777e+01 9.353333e+01 -3.053173e+00
      vertex   -3.669707e+01 1.050667e+02 -3.211076e+00
      vertex   -3.610777e+01 1.050667e+02 -3.053173e+00
    endloop
  endfacet
  facet normal 0.000000e+00 9.941380e-01 1.081190e-01
    outer loop
      vertex   -3.790000e+01 1.062374e+02 -1.439527e-01
      vertex   -4.340000e+01 1.062374e+02 -1.439527e-01
      vertex   -3.790000e+01 1.062000e+02 2.000000e-01
    endloop
  endfacet
  facet normal -7.093050e-18 9.941380e-01 1.081190e-01
    outer loop
      vertex   -3.790000e+01 1.062000e+02 2.000000e-01
      vertex   -4.340000e+01 1.062374e+02 -1.439527e-01
      vertex   -4.340000e+01 1.062000e+02 2.000000e-01
    endloop
  endfacet
  facet normal 7.093050e-18 9.941380e-01 -1.081190e-01
    outer loop
      vertex   -3.790000e+01 1.062000e+02 2.000000e-01
      vertex   -4.340000e+01 1.062000e+02 2.000000e-01
      vertex   -3.790000e+01 1.062374e+02 5.439527e-01
    endloop
  endfacet
  facet normal 0.000000e+00 9.941380e-01 -1.081190e-01
    outer loop
      vertex   -3.790000e+01 1.062374e+02 5.439527e-01
      vertex   -4.340000e+01 1.062000e+02 2.000000e-01
      vertex   -4.340000e+01 1.062374e+02 5.439527e-01
    endloop
  endfacet
  facet normal 0.000000e+00 9.476532e-01 -3.193015e-01
    outer loop
      vertex   -3.790000e+01 1.062374e+02 5.439527e-01
      vertex   -4.340000e+01 1.062374e+02 5.439527e-01
      vertex   -3.790000e+01 1.063479e+02 8.718226e-01
    endloop
  endfacet
  facet normal 0.000000e+00 9.476532e-01 -3.193015e-01
    outer loop
      vertex   -3.790000e+01 1.063479e+02 8.718226e-01
      vertex   -4.340000e+01 1.062374e+02 5.439527e-01
      vertex   -4.340000e+01 1.063479e+02 8.718226e-01
    endloop
  endfacet
  facet normal 0.000000e+00 8.568572e-01 -5.155539e-01
    outer loop
      vertex   -3.790000e+01 1.063479e+02 8.718226e-01
      vertex   -4.340000e+01 1.063479e+02 8.718226e-01
      vertex   -3.790000e+01 1.065263e+02 1.168279e+00
    endloop
  endfacet
  facet normal 0.000000e+00 8.568572e-01 -5.155539e-01
    outer loop
      vertex   -3.790000e+01 1.065263e+02 1.168279e+00
      vertex   -4.340000e+01 1.063479e+02 8.718226e-01
      vertex   -4.340000e+01 1.065263e+02 1.168279e+00
    endloop
  endfacet
  facet normal 0.000000e+00 7.259955e-01 -6.876995e-01
    outer loop
      vertex   -3.790000e+01 1.065263e+02 1.168279e+00
      vertex   -4.340000e+01 1.065263e+02 1.168279e+00
      vertex   -3.790000e+01 1.067642e+02 1.419459e+00
    endloop
  endfacet
  facet normal 0.000000e+00 7.259955e-01 -6.876995e-01
    outer loop
      vertex   -3.790000e+01 1.067642e+02 1.419459e+00
      vertex   -4.340000e+01 1.065263e+02 1.168279e+00
      vertex   -4.340000e+01 1.067642e+02 1.419459e+00
    endloop
  endfacet
  facet normal 0.000000e+00 5.611871e-01 -8.276890e-01
    outer loop
      vertex   -3.790000e+01 1.067642e+02 1.419459e+00
      vertex   -4.340000e+01 1.067642e+02 1.419459e+00
      vertex   -3.790000e+01 1.070505e+02 1.613619e+00
    endloop
  endfacet
  facet normal 0.000000e+00 5.611871e-01 -8.276890e-01
    outer loop
      vertex   -3.790000e+01 1.070505e+02 1.613619e+00
      vertex   -4.340000e+01 1.067642e+02 1.419459e+00
      vertex   -4.340000e+01 1.070505e+02 1.613619e+00
    endloop
  endfacet
  facet normal 0.000000e+00 3.701382e-01 -9.289767e-01
    outer loop
      vertex   -3.790000e+01 1.070505e+02 1.613619e+00
      vertex   -4.340000e+01 1.070505e+02 1.613619e+00
      vertex   -3.790000e+01 1.073720e+02 1.741680e+00
    endloop
  endfacet
  facet normal 0.000000e+00 3.701382e-01 -9.289767e-01
    outer loop
      vertex   -3.790000e+01 1.073720e+02 1.741680e+00
      vertex   -4.340000e+01 1.070505e+02 1.613619e+00
      vertex   -4.340000e+01 1.073720e+02 1.741680e+00
    endloop
  endfacet
  facet normal 0.000000e+00 1.617820e-01 -9.868265e-01
    outer loop
      vertex   -3.790000e+01 1.073720e+02 1.741680e+00
      vertex   -4.340000e+01 1.073720e+02 1.741680e+00
      vertex   -3.790000e+01 1.077134e+02 1.797653e+00
    endloop
  endfacet
  facet normal 0.000000e+00 1.617820e-01 -9.868265e-01
    outer loop
      vertex   -3.790000e+01 1.077134e+02 1.797653e+00
      vertex   -4.340000e+01 1.073720e+02 1.741680e+00
      vertex   -4.340000e+01 1.077134e+02 1.797653e+00
    endloop
  endfacet
  facet normal -0.000000e+00 -5.413891e-02 -9.985334e-01
    outer loop
      vertex   -3.790000e+01 1.077134e+02 1.797653e+00
      vertex   -4.340000e+01 1.077134e+02 1.797653e+00
      vertex   -3.790000e+01 1.080589e+02 1.778922e+00
    endloop
  endfacet
  facet normal -0.000000e+00 -5.413891e-02 -9.985334e-01
    outer loop
      vertex   -3.790000e+01 1.080589e+02 1.778922e+00
      vertex   -4.340000e+01 1.077134e+02 1.797653e+00
      vertex   -4.340000e+01 1.080589e+02 1.778922e+00
    endloop
  endfacet
  facet normal -0.000000e+00 -2.675283e-01 -9.635500e-01
    outer loop
      vertex   -3.790000e+01 1.080589e+02 1.778922e+00
      vertex   -4.340000e+01 1.080589e+02 1.778922e+00
      vertex   -3.790000e+01 1.083922e+02 1.686363e+00
    endloop
  endfacet
  facet normal -0.000000e+00 -2.675283e-01 -9.635500e-01
    outer loop
      vertex   -3.790000e+01 1.083922e+02 1.686363e+00
      vertex   -4.340000e+01 1.080589e+02 1.778922e+00
      vertex   -4.340000e+01 1.083922e+02 1.686363e+00
    endloop
  endfacet
  facet normal -0.000000e+00 -4.684084e-01 -8.835120e-01
    outer loop
      vertex   -3.790000e+01 1.083922e+02 1.686363e+00
      vertex   -4.340000e+01 1.083922e+02 1.686363e+00
      vertex   -3.790000e+01 1.086979e+02 1.524302e+00
    endloop
  endfacet
  facet normal -0.000000e+00 -4.684084e-01 -8.835120e-01
    outer loop
      vertex   -3.790000e+01 1.086979e+02 1.524302e+00
      vertex   -4.340000e+01 1.083922e+02 1.686363e+00
      vertex   -4.340000e+01 1.086979e+02 1.524302e+00
    endloop
  endfacet
  facet normal -0.000000e+00 -6.473863e-01 -7.621621e-01
    outer loop
      vertex   -3.790000e+01 1.086979e+02 1.524302e+00
      vertex   -4.340000e+01 1.086979e+02 1.524302e+00
      vertex   -3.790000e+01 1.089616e+02 1.300319e+00
    endloop
  endfacet
  facet normal -0.000000e+00 -6.473863e-01 -7.621621e-01
    outer loop
      vertex   -3.790000e+01 1.089616e+02 1.300319e+00
      vertex   -4.340000e+01 1.086979e+02 1.524302e+00
      vertex   -4.340000e+01 1.089616e+02 1.300319e+00
    endloop
  endfacet
  facet normal -0.000000e+00 -7.960931e-01 -6.051742e-01
    outer loop
      vertex   -3.790000e+01 1.089616e+02 1.300319e+00
      vertex   -4.340000e+01 1.089616e+02 1.300319e+00
      vertex   -3.790000e+01 1.091710e+02 1.024886e+00
    endloop
  endfacet
  facet normal -0.000000e+00 -7.960931e-01 -6.051742e-01
    outer loop
      vertex   -3.790000e+01 1.091710e+02 1.024886e+00
      vertex   -4.340000e+01 1.089616e+02 1.300319e+00
      vertex   -4.340000e+01 1.091710e+02 1.024886e+00
    endloop
  endfacet
  facet normal -0.000000e+00 -9.075754e-01 -4.198891e-01
    outer loop
      vertex   -3.790000e+01 1.091710e+02 1.024886e+00
      vertex   -4.340000e+01 1.091710e+02 1.024886e+00
      vertex   -3.790000e+01 1.093162e+02 7.108824e-01
    endloop
  endfacet
  facet normal -0.000000e+00 -9.075754e-01 -4.198891e-01
    outer loop
      vertex   -3.790000e+01 1.093162e+02 7.108824e-01
      vertex   -4.340000e+01 1.091710e+02 1.024886e+00
      vertex   -4.340000e+01 1.093162e+02 7.108824e-01
    endloop
  endfacet
  facet normal -0.000000e+00 -9.766206e-01 -2.149704e-01
    outer loop
      vertex   -3.790000e+01 1.093162e+02 7.108824e-01
      vertex   -4.340000e+01 1.093162e+02 7.108824e-01
      vertex   -3.790000e+01 1.093906e+02 3.729904e-01
    endloop
  endfacet
  facet normal -0.000000e+00 -9.766206e-01 -2.149704e-01
    outer loop
      vertex   -3.790000e+01 1.093906e+02 3.729904e-01
      vertex   -4.340000e+01 1.093162e+02 7.108824e-01
      vertex   -4.340000e+01 1.093906e+02 3.729904e-01
    endloop
  endfacet
  facet normal -0.000000e+00 -1.000000e+00 -0.000000e+00
    outer loop
      vertex   -3.790000e+01 1.093906e+02 3.729904e-01
      vertex   -4.340000e+01 1.093906e+02 3.729904e-01
      vertex   -3.790000e+01 1.093906e+02 2.700957e-02
    endloop
  endfacet
  facet normal 0.000000e+00 -1.000000e+00 0.000000e+00
    outer loop
      vertex   -3.790000e+01 1.093906e+02 2.700957e-02
      vertex   -4.340000e+01 1.093906e+02 3.729904e-01
      vertex   -4.340000e+01 1.093906e+02 2.700957e-02
    endloop
  endfacet
  facet normal 0.000000e+00 -9.766206e-01 2.149704e-01
    outer loop
      vertex   -3.790000e+01 1.093906e+02 2.700957e-02
      vertex   -4.340000e+01 1.093906e+02 2.700957e-02
      vertex   -3.790000e+01 1.093162e+02 -3.108824e-01
    endloop
  endfacet
  facet normal 0.000000e+00 -9.766206e-01 2.149704e-01
    outer loop
      vertex   -3.790000e+01 1.093162e+02 -3.108824e-01
      vertex   -4.340000e+01 1.093906e+02 2.700957e-02
      vertex   -4.340000e+01 1.093162e+02 -3.108824e-01
    endloop
  endfacet
  facet normal 0.000000e+00 -9.075754e-01 4.198891e-01
    outer loop
      vertex   -3.790000e+01 1.093162e+02 -3.108824e-01
      vertex   -4.340000e+01 1.093162e+02 -3.108824e-01
      vertex   -3.790000e+01 1.091710e+02 -6.248862e-01
    endloop
  endfacet
  facet normal 0.000000e+00 -9.075754e-01 4.198891e-01
    outer loop
      vertex   -3.790000e+01 1.091710e+02 -6.248862e-01
      vertex   -4.340000e+01 1.093162e+02 -3.108824e-01
      vertex   -4.340000e+01 1.091710e+02 -6.248862e-01
    endloop
  endfacet
  facet normal 0.000000e+00 -7.960931e-01 6.051742e-01
    outer loop
      vertex   -3.790000e+01 1.091710e+02 -6.248862e-01
      vertex   -4.340000e+01 1.091710e+02 -6.248862e-01
      vertex   -3.790000e+01 1.089616e+02 -9.003191e-01
    endloop
  endfacet
  facet normal 0.000000e+00 -7.960931e-01 6.051742e-01
    outer loop
      vertex   -3.790000e+01 1.089616e+02 -9.003191e-01
      vertex   -4.340000e+01 1.091710e+02 -6.248862e-01
      vertex   -4.340000e+01 1.089616e+02 -9.003191e-01
    endloop
  endfacet
  facet normal 0.000000e+00 -6.473863e-01 7.621621e-01
    outer loop
      vertex   -3.790000e+01 1.089616e+02 -9.003191e-01
      vertex   -4.340000e+01 1.089616e+02 -9.003191e-01
      vertex   -3.790000e+01 1.086979e+02 -1.124302e+00
    endloop
  endfacet
  facet normal 0.000000e+00 -6.473863e-01 7.621621e-01
    outer loop
      vertex   -3.790000e+01 1.086979e+02 -1.124302e+00
      vertex   -4.340000e+01 1.089616e+02 -9.003191e-01
      vertex   -4.340000e+01 1.086979e+02 -1.124302e+00
    endloop
  endfacet
  facet normal 0.000000e+00 -4.684084e-01 8.835120e-01
    outer loop
      vertex   -3.790000e+01 1.086979e+02 -1.124302e+00
      vertex   -4.340000e+01 1.086979e+02 -1.124302e+00
      vertex   -3.790000e+01 1.083922e+02 -1.286363e+00
    endloop
  endfacet
  facet normal 0.000000e+00 -4.684084e-01 8.835120e-01
    outer loop
      vertex   -3.790000e+01 1.083922e+02 -1.286363e+00
      vertex   -4.340000e+01 1.086979e+02 -1.124302e+00
      vertex   -4.340000e+01 1.083922e+02 -1.286363e+00
    endloop
  endfacet
  facet normal 0.000000e+00 -2.675283e-01 9.635500e-01
    outer loop
      vertex   -3.790000e+01 1.083922e+02 -1.286363e+00
      vertex   -4.340000e+01 1.083922e+02 -1.286363e+00
      vertex   -3.790000e+01 1.080589e+02 -1.378922e+00
    endloop
  endfacet
  facet normal 0.000000e+00 -2.675283e-01 9.635500e-01
    outer loop
      vertex   -3.790000e+01 1.080589e+02 -1.378922e+00
      vertex   -4.340000e+01 1.083922e+02 -1.286363e+00
      vertex   -4.340000e+01 1.080589e+02 -1.378922e+00
    endloop
  endfacet
  facet normal 0.000000e+00 -5.413891e-02 9.985334e-01
    outer loop
      vertex   -3.790000e+01 1.080589e+02 -1.378922e+00
      vertex   -4.340000e+01 1.080589e+02 -1.378922e+00
      vertex   -3.790000e+01 1.077134e+02 -1.397653e+00
    endloop
  endfacet
  facet normal 0.000000e+00 -5.413891e-02 9.985334e-01
    outer loop
      vertex   -3.790000e+01 1.077134e+02 -1.397653e+00
      vertex   -4.340000e+01 1.080589e+02 -1.378922e+00
      vertex   -4.340000e+01 1.077134e+02 -1.397653e+00
    endloop
  endfacet
  facet normal 0.000000e+00 1.617820e-01 9.868265e-01
    outer loop
      vertex   -3.790000e+01 1.077134e+02 -1.397653e+00
      vertex   -4.340000e+01 1.077134e+02 -1.397653e+00
      vertex   -3.790000e+01 1.073720e+02 -1.341680e+00
    endloop
  endfacet
  facet normal 0.000000e+00 1.617820e-01 9.868265e-01
    outer loop
      vertex   -3.790000e+01 1.073720e+02 -1.341680e+00
      vertex   -4.340000e+01 1.077134e+02 -1.397653e+00
      vertex   -4.340000e+01 1.073720e+02 -1.341680e+00
    endloop
  endfacet
  facet normal 0.000000e+00 3.701382e-01 9.289767e-01
    outer loop
      vertex   -3.790000e+01 1.073720e+02 -1.341680e+00
      vertex   -4.340000e+01 1.073720e+02 -1.341680e+00
      vertex   -3.790000e+01 1.070505e+02 -1.213619e+00
    endloop
  endfacet
  facet normal 0.000000e+00 3.701382e-01 9.289767e-01
    outer loop
      vertex   -3.790000e+01 1.070505e+02 -1.213619e+00
      vertex   -4.340000e+01 1.073720e+02 -1.341680e+00
      vertex   -4.340000e+01 1.070505e+02 -1.213619e+00
    endloop
  endfacet
  facet normal 0.000000e+00 5.611871e-01 8.276890e-01
    outer loop
      vertex   -3.790000e+01 1.070505e+02 -1.213619e+00
      vertex   -4.340000e+01 1.070505e+02 -1.213619e+00
      vertex   -3.790000e+01 1.067642e+02 -1.019459e+00
    endloop
  endfacet
  facet normal 0.000000e+00 5.611871e-01 8.276890e-01
    outer loop
      vertex   -3.790000e+01 1.067642e+02 -1.019459e+00
      vertex   -4.340000e+01 1.070505e+02 -1.213619e+00
      vertex   -4.340000e+01 1.067642e+02 -1.019459e+00
    endloop
  endfacet
  facet normal 0.000000e+00 7.259955e-01 6.876995e-01
    outer loop
      vertex   -3.790000e+01 1.067642e+02 -1.019459e+00
      vertex   -4.340000e+01 1.067642e+02 -1.019459e+00
      vertex   -3.790000e+01 1.065263e+02 -7.682787e-01
    endloop
  endfacet
  facet normal 0.000000e+00 7.259955e-01 6.876995e-01
    outer loop
      vertex   -3.790000e+01 1.065263e+02 -7.682787e-01
      vertex   -4.340000e+01 1.067642e+02 -1.019459e+00
      vertex   -4.340000e+01 1.065263e+02 -7.682787e-01
    endloop
  endfacet
  facet normal 0.000000e+00 8.568572e-01 5.155539e-01
    outer loop
      vertex   -3.790000e+01 1.065263e+02 -7.682787e-01
      vertex   -4.340000e+01 1.065263e+02 -7.682787e-01
      vertex   -3.790000e+01 1.063479e+02 -4.718226e-01
    endloop
  endfacet
  facet normal 0.000000e+00 8.568572e-01 5.155539e-01
    outer loop
      vertex   -3.790000e+01 1.063479e+02 -4.718226e-01
      vertex   -4.340000e+01 1.065263e+02 -7.682787e-01
      vertex   -4.340000e+01 1.063479e+02 -4.718226e-01
    endloop
  endfacet
  facet normal 0.000000e+00 9.476532e-01 3.193015e-01
    outer loop
      vertex   -3.790000e+01 1.063479e+02 -4.718226e-01
      vertex   -4.340000e+01 1.063479e+02 -4.718226e-01
      vertex   -3.790000e+01 1.062374e+02 -1.439527e-01
    endloop
  endfacet
  facet normal 0.000000e+00 9.476532e-01 3.193015e-01
    outer loop
      vertex   -3.790000e+01 1.062374e+02 -1.439527e-01
      vertex   -4.340000e+01 1.063479e+02 -4.718226e-01
      vertex   -4.340000e+01 1.062374e+02 -1.439527e-01
    endloop
  endfacet
  facet normal -1.000000e+00 0.000000e+00 0.000000e+00
    outer loop
      vertex   -3.790000e+01 1.062374e+02 -1.439527e-01
      vertex   -3.790000e+01 1.062000e+02 2.000000e-01
      vertex   -3.790000e+01 1.086979e+02 1.524302e+00
    endloop
  endfacet
  facet normal -1.000000e+00 0.000000e+00 0.000000e+00
    outer loop
      vertex   -3.790000e+01 1.086979e+02 1.524302e+00
      vertex   -3.790000e+01 1.062000e+02 2.000000e-01
      vertex   -3.790000e+01 1.062374e+02 5.439527e-01
    endloop
  endfacet
  facet normal -1.000000e+00 0.000000e+00 0.000000e+00
    outer loop
      vertex   -3.790000e+01 1.086979e+02 1.524302e+00
      vertex   -3.790000e+01 1.062374e+02 5.439527e-01
      vertex   -3.790000e+01 1.063479e+02 8.718226e-01
    endloop
  endfacet
  facet normal -1.000000e+00 0.000000e+00 0.000000e+00
    outer loop
      vertex   -3.790000e+01 1.063479e+02 8.718226e-01
      vertex   -3.790000e+01 1.065263e+02 1.168279e+00
      vertex   -3.790000e+01 1.086979e+02 1.524302e+00
    endloop
  endfacet
  facet normal -1.000000e+00 0.000000e+00 0.000000e+00
    outer loop
      vertex   -3.790000e+01 1.086979e+02 1.524302e+00
      vertex   -3.790000e+01 1.065263e+02 1.168279e+00
      vertex   -3.790000e+01 1.067642e+02 1.419459e+00
    endloop
  endfacet
  facet normal -1.000000e+00 -0.000000e+00 0.000000e+00
    outer loop
      vertex   -3.790000e+01 1.086979e+02 1.524302e+00
      vertex   -3.790000e+01 1.067642e+02 1.419459e+00
      vertex   -3.790000e+01 1.070505e+02 1.613619e+00
    endloop
  endfacet
  facet normal -1.000000e+00 0.000000e+00 0.000000e+00
    outer loop
      vertex   -3.790000e+01 1.086979e+02 1.524302e+00
      vertex   -3.790000e+01 1.070505e+02 1.613619e+00
      vertex   -3.790000e+01 1.083922e+02 1.686363e+00
    endloop
  endfacet
  facet normal -1.000000e+00 -0.000000e+00 0.000000e+00
    outer loop
      vertex   -3.790000e+01 1.083922e+02 1.686363e+00
      vertex   -3.790000e+01 1.070505e+02 1.613619e+00
      vertex   -3.790000e+01 1.073720e+02 1.741680e+00
    endloop
  endfacet
  facet normal -1.000000e+00 0.000000e+00 0.000000e+00
    outer loop
      vertex   -3.790000e+01 1.083922e+02 1.686363e+00
      vertex   -3.790000e+01 1.073720e+02 1.741680e+00
      vertex   -3.790000e+01 1.080589e+02 1.778922e+00
    endloop
  endfacet
  facet normal -1.000000e+00 -0.000000e+00 0.000000e+00
    outer loop
      vertex   -3.790000e+01 1.080589e+02 1.778922e+00
      vertex   -3.790000e+01 1.073720e+02 1.741680e+00
      vertex   -3.790000e+01 1.077134e+02 1.797653e+00
    endloop
  endfacet
  facet normal -1.000000e+00 -0.000000e+00 0.000000e+00
    outer loop
      vertex   -3.790000e+01 1.089616e+02 1.300319e+00
      vertex   -3.790000e+01 1.086979e+02 -1.124302e+00
      vertex   -3.790000e+01 1.086979e+02 1.524302e+00
    endloop
  endfacet
  facet normal -1.000000e+00 0.000000e+00 -0.000000e+00
    outer loop
      vertex   -3.790000e+01 1.086979e+02 1.524302e+00
      vertex   -3.790000e+01 1.086979e+02 -1.124302e+00
      vertex   -3.790000e+01 1.083922e+02 -1.286363e+00
    endloop
  endfacet
  facet normal -1.000000e+00 0.000000e+00 0.000000e+00
    outer loop
      vertex   -3.790000e+01 1.086979e+02 1.524302e+00
      vertex   -3.790000e+01 1.083922e+02 -1.286363e+00
      vertex   -3.790000e+01 1.080589e+02 -1.378922e+00
    endloop
  endfacet
  facet normal -1.000000e+00 0.000000e+00 0.000000e+00
    outer loop
      vertex   -3.790000e+01 1.086979e+02 -1.124302e+00
      vertex   -3.790000e+01 1.089616e+02 1.300319e+00
      vertex   -3.790000e+01 1.089616e+02 -9.003191e-01
    endloop
  endfacet
  facet normal -1.000000e+00 0.000000e+00 0.000000e+00
    outer loop
      vertex   -3.790000e+01 1.089616e+02 -9.003191e-01
      vertex   -3.790000e+01 1.089616e+02 1.300319e+00
      vertex   -3.790000e+01 1.091710e+02 1.024886e+00
    endloop
  endfacet
  facet normal -1.000000e+00 0.000000e+00 0.000000e+00
    outer loop
      vertex   -3.790000e+01 1.089616e+02 -9.003191e-01
      vertex   -3.790000e+01 1.091710e+02 1.024886e+00
      vertex   -3.790000e+01 1.091710e+02 -6.248862e-01
    endloop
  endfacet
  facet normal -1.000000e+00 0.000000e+00 0.000000e+00
    outer loop
      vertex   -3.790000e+01 1.091710e+02 -6.248862e-01
      vertex   -3.790000e+01 1.091710e+02 1.024886e+00
      vertex   -3.790000e+01 1.093162e+02 7.108824e-01
    endloop
  endfacet
  facet normal -1.000000e+00 0.000000e+00 0.000000e+00
    outer loop
      vertex   -3.790000e+01 1.091710e+02 -6.248862e-01
      vertex   -3.790000e+01 1.093162e+02 7.108824e-01
      vertex   -3.790000e+01 1.093162e+02 -3.108824e-01
    endloop
  endfacet
  facet normal -1.000000e+00 0.000000e+00 0.000000e+00
    outer loop
      vertex   -3.790000e+01 1.093162e+02 -3.108824e-01
      vertex   -3.790000e+01 1.093162e+02 7.108824e-01
      vertex   -3.790000e+01 1.093906e+02 3.729904e-01
    endloop
  endfacet
  facet normal -1.000000e+00 0.000000e+00 0.000000e+00
    outer loop
      vertex   -3.790000e+01 1.093162e+02 -3.108824e-01
      vertex   -3.790000e+01 1.093906e+02 3.729904e-01
      vertex   -3.790000e+01 1.093906e+02 2.700957e-02
    endloop
  endfacet
  facet normal -1.000000e+00 -0.000000e+00 0.000000e+00
    outer loop
      vertex   -3.790000e+01 1.080589e+02 -1.378922e+00
      vertex   -3.790000e+01 1.077134e+02 -1.397653e+00
      vertex   -3.790000e+01 1.086979e+02 1.524302e+00
    endloop
  endfacet
  facet normal -1.000000e+00 0.000000e+00 0.000000e+00
    outer loop
      vertex   -3.790000e+01 1.086979e+02 1.524302e+00
      vertex   -3.790000e+01 1.077134e+02 -1.397653e+00
      vertex   -3.790000e+01 1.073720e+02 -1.341680e+00
    endloop
  endfacet
  facet normal -1.000000e+00 0.000000e+00 0.000000e+00
    outer loop
      vertex   -3.790000e+01 1.086979e+02 1.524302e+00
      vertex   -3.790000e+01 1.073720e+02 -1.341680e+00
      vertex   -3.790000e+01 1.070505e+02 -1.213619e+00
    endloop
  endfacet
  facet normal -1.000000e+00 0.000000e+00 0.000000e+00
    outer loop
      vertex   -3.790000e+01 1.070505e+02 -1.213619e+00
      vertex   -3.790000e+01 1.067642e+02 -1.019459e+00
      vertex   -3.790000e+01 1.086979e+02 1.524302e+00
    endloop
  endfacet
  facet normal -1.000000e+00 0.000000e+00 0.000000e+00
    outer loop
      vertex   -3.790000e+01 1.086979e+02 1.524302e+00
      vertex   -3.790000e+01 1.067642e+02 -1.019459e+00
      vertex   -3.790000e+01 1.065263e+02 -7.682787e-01
    endloop
  endfacet
  facet normal -1.000000e+00 0.000000e+00 0.000000e+00
    outer loop
      vertex   -3.790000e+01 1.086979e+02 1.524302e+00
      vertex   -3.790000e+01 1.065263e+02 -7.682787e-01
      vertex   -3.790000e+01 1.063479e+02 -4.718226e-01
    endloop
  endfacet
  facet normal -1.000000e+00 0.000000e+00 0.000000e+00
    outer loop
      vertex   -3.790000e+01 1.063479e+02 -4.718226e-01
      vertex   -3.790000e+01 1.062374e+02 -1.439527e-01
      vertex   -3.790000e+01 1.086979e+02 1.524302e+00
    endloop
  endfacet
  facet normal 0.000000e+00 9.941380e-01 1.081190e-01
    outer loop
      vertex   -3.790000e+01 8.923741e+01 -1.439527e-01
      vertex   -4.340000e+01 8.923741e+01 -1.439527e-01
      vertex   -3.790000e+01 8.920000e+01 2.000000e-01
    endloop
  endfacet
  facet normal -7.638669e-18 9.941380e-01 1.081190e-01
    outer loop
      vertex   -3.790000e+01 8.920000e+01 2.000000e-01
      vertex   -4.340000e+01 8.923741e+01 -1.439527e-01
      vertex   -4.340000e+01 8.920000e+01 2.000000e-01
    endloop
  endfacet
  facet normal 7.638669e-18 9.941380e-01 -1.081190e-01
    outer loop
      vertex   -3.790000e+01 8.920000e+01 2.000000e-01
      vertex   -4.340000e+01 8.920000e+01 2.000000e-01
      vertex   -3.790000e+01 8.923741e+01 5.439527e-01
    endloop
  endfacet
  facet normal 0.000000e+00 9.941380e-01 -1.081190e-01
    outer loop
      vertex   -3.790000e+01 8.923741e+01 5.439527e-01
      vertex   -4.340000e+01 8.920000e+01 2.000000e-01
      vertex   -4.340000e+01 8.923741e+01 5.439527e-01
    endloop
  endfacet
  facet normal 0.000000e+00 9.476532e-01 -3.193015e-01
    outer loop
      vertex   -3.790000e+01 8.923741e+01 5.439527e-01
      vertex   -4.340000e+01 8.923741e+01 5.439527e-01
      vertex   -3.790000e+01 8.934788e+01 8.718226e-01
    endloop
  endfacet
  facet normal 0.000000e+00 9.476532e-01 -3.193015e-01
    outer loop
      vertex   -3.790000e+01 8.934788e+01 8.718226e-01
      vertex   -4.340000e+01 8.923741e+01 5.439527e-01
      vertex   -4.340000e+01 8.934788e+01 8.718226e-01
    endloop
  endfacet
  facet normal 0.000000e+00 8.568572e-01 -5.155539e-01
    outer loop
      vertex   -3.790000e+01 8.934788e+01 8.718226e-01
      vertex   -4.340000e+01 8.934788e+01 8.718226e-01
      vertex   -3.790000e+01 8.952625e+01 1.168279e+00
    endloop
  endfacet
  facet normal 0.000000e+00 8.568572e-01 -5.155539e-01
    outer loop
      vertex   -3.790000e+01 8.952625e+01 1.168279e+00
      vertex   -4.340000e+01 8.934788e+01 8.718226e-01
      vertex   -4.340000e+01 8.952625e+01 1.168279e+00
    endloop
  endfacet
  facet normal 0.000000e+00 7.259955e-01 -6.876995e-01
    outer loop
      vertex   -3.790000e+01 8.952625e+01 1.168279e+00
      vertex   -4.340000e+01 8.952625e+01 1.168279e+00
      vertex   -3.790000e+01 8.976418e+01 1.419459e+00
    endloop
  endfacet
  facet normal 0.000000e+00 7.259955e-01 -6.876995e-01
    outer loop
      vertex   -3.790000e+01 8.976418e+01 1.419459e+00
      vertex   -4.340000e+01 8.952625e+01 1.168279e+00
      vertex   -4.340000e+01 8.976418e+01 1.419459e+00
    endloop
  endfacet
  facet normal 0.000000e+00 5.611871e-01 -8.276890e-01
    outer loop
      vertex   -3.790000e+01 8.976418e+01 1.419459e+00
      vertex   -4.340000e+01 8.976418e+01 1.419459e+00
      vertex   -3.790000e+01 9.005055e+01 1.613619e+00
    endloop
  endfacet
  facet normal 0.000000e+00 5.611871e-01 -8.276890e-01
    outer loop
      vertex   -3.790000e+01 9.005055e+01 1.613619e+00
      vertex   -4.340000e+01 8.976418e+01 1.419459e+00
      vertex   -4.340000e+01 9.005055e+01 1.613619e+00
    endloop
  endfacet
  facet normal 0.000000e+00 3.701382e-01 -9.289767e-01
    outer loop
      vertex   -3.790000e+01 9.005055e+01 1.613619e+00
      vertex   -4.340000e+01 9.005055e+01 1.613619e+00
      vertex   -3.790000e+01 9.037195e+01 1.741680e+00
    endloop
  endfacet
  facet normal 0.000000e+00 3.701382e-01 -9.289767e-01
    outer loop
      vertex   -3.790000e+01 9.037195e+01 1.741680e+00
      vertex   -4.340000e+01 9.005055e+01 1.613619e+00
      vertex   -4.340000e+01 9.037195e+01 1.741680e+00
    endloop
  endfacet
  facet normal 0.000000e+00 1.617820e-01 -9.868265e-01
    outer loop
      vertex   -3.790000e+01 9.037195e+01 1.741680e+00
      vertex   -4.340000e+01 9.037195e+01 1.741680e+00
      vertex   -3.790000e+01 9.071338e+01 1.797653e+00
    endloop
  endfacet
  facet normal 0.000000e+00 1.617820e-01 -9.868265e-01
    outer loop
      vertex   -3.790000e+01 9.071338e+01 1.797653e+00
      vertex   -4.340000e+01 9.037195e+01 1.741680e+00
      vertex   -4.340000e+01 9.071338e+01 1.797653e+00
    endloop
  endfacet
  facet normal -0.000000e+00 -5.413891e-02 -9.985334e-01
    outer loop
      vertex   -3.790000e+01 9.071338e+01 1.797653e+00
      vertex   -4.340000e+01 9.071338e+01 1.797653e+00
      vertex   -3.790000e+01 9.105885e+01 1.778922e+00
    endloop
  endfacet
  facet normal -0.000000e+00 -5.413891e-02 -9.985334e-01
    outer loop
      vertex   -3.790000e+01 9.105885e+01 1.778922e+00
      vertex   -4.340000e+01 9.071338e+01 1.797653e+00
      vertex   -4.340000e+01 9.105885e+01 1.778922e+00
    endloop
  endfacet
  facet normal -0.000000e+00 -2.675283e-01 -9.635500e-01
    outer loop
      vertex   -3.790000e+01 9.105885e+01 1.778922e+00
      vertex   -4.340000e+01 9.105885e+01 1.778922e+00
      vertex   -3.790000e+01 9.139222e+01 1.686363e+00
    endloop
  endfacet
  facet normal -0.000000e+00 -2.675283e-01 -9.635500e-01
    outer loop
      vertex   -3.790000e+01 9.139222e+01 1.686363e+00
      vertex   -4.340000e+01 9.105885e+01 1.778922e+00
      vertex   -4.340000e+01 9.139222e+01 1.686363e+00
    endloop
  endfacet
  facet normal -0.000000e+00 -4.684084e-01 -8.835120e-01
    outer loop
      vertex   -3.790000e+01 9.139222e+01 1.686363e+00
      vertex   -4.340000e+01 9.139222e+01 1.686363e+00
      vertex   -3.790000e+01 9.169790e+01 1.524302e+00
    endloop
  endfacet
  facet normal -0.000000e+00 -4.684084e-01 -8.835120e-01
    outer loop
      vertex   -3.790000e+01 9.169790e+01 1.524302e+00
      vertex   -4.340000e+01 9.139222e+01 1.686363e+00
      vertex   -4.340000e+01 9.169790e+01 1.524302e+00
    endloop
  endfacet
  facet normal -0.000000e+00 -6.473863e-01 -7.621621e-01
    outer loop
      vertex   -3.790000e+01 9.169790e+01 1.524302e+00
      vertex   -4.340000e+01 9.169790e+01 1.524302e+00
      vertex   -3.790000e+01 9.196159e+01 1.300319e+00
    endloop
  endfacet
  facet normal -0.000000e+00 -6.473863e-01 -7.621621e-01
    outer loop
      vertex   -3.790000e+01 9.196159e+01 1.300319e+00
      vertex   -4.340000e+01 9.169790e+01 1.524302e+00
      vertex   -4.340000e+01 9.196159e+01 1.300319e+00
    endloop
  endfacet
  facet normal -0.000000e+00 -7.960931e-01 -6.051742e-01
    outer loop
      vertex   -3.790000e+01 9.196159e+01 1.300319e+00
      vertex   -4.340000e+01 9.196159e+01 1.300319e+00
      vertex   -3.790000e+01 9.217097e+01 1.024886e+00
    endloop
  endfacet
  facet normal -0.000000e+00 -7.960931e-01 -6.051742e-01
    outer loop
      vertex   -3.790000e+01 9.217097e+01 1.024886e+00
      vertex   -4.340000e+01 9.196159e+01 1.300319e+00
      vertex   -4.340000e+01 9.217097e+01 1.024886e+00
    endloop
  endfacet
  facet normal -0.000000e+00 -9.075754e-01 -4.198891e-01
    outer loop
      vertex   -3.790000e+01 9.217097e+01 1.024886e+00
      vertex   -4.340000e+01 9.217097e+01 1.024886e+00
      vertex   -3.790000e+01 9.231625e+01 7.108825e-01
    endloop
  endfacet
  facet normal -0.000000e+00 -9.075754e-01 -4.198891e-01
    outer loop
      vertex   -3.790000e+01 9.231625e+01 7.108825e-01
      vertex   -4.340000e+01 9.217097e+01 1.024886e+00
      vertex   -4.340000e+01 9.231625e+01 7.108825e-01
    endloop
  endfacet
  facet normal -0.000000e+00 -9.766206e-01 -2.149704e-01
    outer loop
      vertex   -3.790000e+01 9.231625e+01 7.108825e-01
      vertex   -4.340000e+01 9.231625e+01 7.108825e-01
      vertex   -3.790000e+01 9.239062e+01 3.729905e-01
    endloop
  endfacet
  facet normal -0.000000e+00 -9.766206e-01 -2.149704e-01
    outer loop
      vertex   -3.790000e+01 9.239062e+01 3.729905e-01
      vertex   -4.340000e+01 9.231625e+01 7.108825e-01
      vertex   -4.340000e+01 9.239062e+01 3.729905e-01
    endloop
  endfacet
  facet normal -0.000000e+00 -1.000000e+00 -0.000000e+00
    outer loop
      vertex   -3.790000e+01 9.239062e+01 3.729905e-01
      vertex   -4.340000e+01 9.239062e+01 3.729905e-01
      vertex   -3.790000e+01 9.239062e+01 2.700959e-02
    endloop
  endfacet
  facet normal 0.000000e+00 -1.000000e+00 0.000000e+00
    outer loop
      vertex   -3.790000e+01 9.239062e+01 2.700959e-02
      vertex   -4.340000e+01 9.239062e+01 3.729905e-01
      vertex   -4.340000e+01 9.239062e+01 2.700959e-02
    endloop
  endfacet
  facet normal 0.000000e+00 -9.766206e-01 2.149704e-01
    outer loop
      vertex   -3.790000e+01 9.239062e+01 2.700959e-02
      vertex   -4.340000e+01 9.239062e+01 2.700959e-02
      vertex   -3.790000e+01 9.231625e+01 -3.108824e-01
    endloop
  endfacet
  facet normal 0.000000e+00 -9.766206e-01 2.149704e-01
    outer loop
      vertex   -3.790000e+01 9.231625e+01 -3.108824e-01
      vertex   -4.340000e+01 9.239062e+01 2.700959e-02
      vertex   -4.340000e+01 9.231625e+01 -3.108824e-01
    endloop
  endfacet
  facet normal 0.000000e+00 -9.075754e-01 4.198891e-01
    outer loop
      vertex   -3.790000e+01 9.231625e+01 -3.108824e-01
      vertex   -4.340000e+01 9.231625e+01 -3.108824e-01
      vertex   -3.790000e+01 9.217097e+01 -6.248862e-01
    endloop
  endfacet
  facet normal 0.000000e+00 -9.075754e-01 4.198891e-01
    outer loop
      vertex   -3.790000e+01 9.217097e+01 -6.248862e-01
      vertex   -4.340000e+01 9.231625e+01 -3.108824e-01
      vertex   -4.340000e+01 9.217097e+01 -6.248862e-01
    endloop
  endfacet
  facet normal 0.000000e+00 -7.960931e-01 6.051742e-01
    outer loop
      vertex   -3.790000e+01 9.217097e+01 -6.248862e-01
      vertex   -4.340000e+01 9.217097e+01 -6.248862e-01
      vertex   -3.790000e+01 9.196159e+01 -9.003191e-01
    endloop
  endfacet
  facet normal 0.000000e+00 -7.960931e-01 6.051742e-01
    outer loop
      vertex   -3.790000e+01 9.196159e+01 -9.003191e-01
      vertex   -4.340000e+01 9.217097e+01 -6.248862e-01
      vertex   -4.340000e+01 9.196159e+01 -9.003191e-01
    endloop
  endfacet
  facet normal 0.000000e+00 -6.473863e-01 7.621621e-01
    outer loop
      vertex   -3.790000e+01 9.196159e+01 -9.003191e-01
      vertex   -4.340000e+01 9.196159e+01 -9.003191e-01
      vertex   -3.790000e+01 9.169790e+01 -1.124302e+00
    endloop
  endfacet
  facet normal 0.000000e+00 -6.473863e-01 7.621621e-01
    outer loop
      vertex   -3.790000e+01 9.169790e+01 -1.124302e+00
      vertex   -4.340000e+01 9.196159e+01 -9.003191e-01
      vertex   -4.340000e+01 9.169790e+01 -1.124302e+00
    endloop
  endfacet
  facet normal 0.000000e+00 -4.684084e-01 8.835120e-01
    outer loop
      vertex   -3.790000e+01 9.169790e+01 -1.124302e+00
      vertex   -4.340000e+01 9.169790e+01 -1.124302e+00
      vertex   -3.790000e+01 9.139222e+01 -1.286363e+00
    endloop
  endfacet
  facet normal 0.000000e+00 -4.684084e-01 8.835120e-01
    outer loop
      vertex   -3.790000e+01 9.139222e+01 -1.286363e+00
      vertex   -4.340000e+01 9.169790e+01 -1.124302e+00
      vertex   -4.340000e+01 9.139222e+01 -1.286363e+00
    endloop
  endfacet
  facet normal 0.000000e+00 -2.675283e-01 9.635500e-01
    outer loop
      vertex   -3.790000e+01 9.139222e+01 -1.286363e+00
      vertex   -4.340000e+01 9.139222e+01 -1.286363e+00
      vertex   -3.790000e+01 9.105885e+01 -1.378922e+00
    endloop
  endfacet
  facet normal 0.000000e+00 -2.675283e-01 9.635500e-01
    outer loop
      vertex   -3.790000e+01 9.105885e+01 -1.378922e+00
      vertex   -4.340000e+01 9.139222e+01 -1.286363e+00
      vertex   -4.340000e+01 9.105885e+01 -1.378922e+00
    endloop
  endfacet
  facet normal 0.000000e+00 -5.413891e-02 9.985334e-01
    outer loop
      vertex   -3.790000e+01 9.105885e+01 -1.378922e+00
      vertex   -4.340000e+01 9.105885e+01 -1.378922e+00
      vertex   -3.790000e+01 9.071338e+01 -1.397653e+00
    endloop
  endfacet
  facet normal 0.000000e+00 -5.413891e-02 9.985334e-01
    outer loop
      vertex   -3.790000e+01 9.071338e+01 -1.397653e+00
      vertex   -4.340000e+01 9.105885e+01 -1.378922e+00
      vertex   -4.340000e+01 9.071338e+01 -1.397653e+00
    endloop
  endfacet
  facet normal 0.000000e+00 1.617820e-01 9.868265e-01
    outer loop
      vertex   -3.790000e+01 9.071338e+01 -1.397653e+00
      vertex   -4.340000e+01 9.071338e+01 -1.397653e+00
      vertex   -3.790000e+01 9.037195e+01 -1.341680e+00
    endloop
  endfacet
  facet normal 0.000000e+00 1.617820e-01 9.868265e-01
    outer loop
      vertex   -3.790000e+01 9.037195e+01 -1.341680e+00
      vertex   -4.340000e+01 9.071338e+01 -1.397653e+00
      vertex   -4.340000e+01 9.037195e+01 -1.341680e+00
    endloop
  endfacet
  facet normal 0.000000e+00 3.701382e-01 9.289767e-01
    outer loop
      vertex   -3.790000e+01 9.037195e+01 -1.341680e+00
      vertex   -4.340000e+01 9.037195e+01 -1.341680e+00
      vertex   -3.790000e+01 9.005055e+01 -1.213619e+00
    endloop
  endfacet
  facet normal 0.000000e+00 3.701382e-01 9.289767e-01
    outer loop
      vertex   -3.790000e+01 9.005055e+01 -1.213619e+00
      vertex   -4.340000e+01 9.037195e+01 -1.341680e+00
      vertex   -4.340000e+01 9.005055e+01 -1.213619e+00
    endloop
  endfacet
  facet normal 0.000000e+00 5.611871e-01 8.276890e-01
    outer loop
      vertex   -3.790000e+01 9.005055e+01 -1.213619e+00
      vertex   -4.340000e+01 9.005055e+01 -1.213619e+00
      vertex   -3.790000e+01 8.976418e+01 -1.019459e+00
    endloop
  endfacet
  facet normal 0.000000e+00 5.611871e-01 8.276890e-01
    outer loop
      vertex   -3.790000e+01 8.976418e+01 -1.019459e+00
      vertex   -4.340000e+01 9.005055e+01 -1.213619e+00
      vertex   -4.340000e+01 8.976418e+01 -1.019459e+00
    endloop
  endfacet
  facet normal 0.000000e+00 7.259955e-01 6.876995e-01
    outer loop
      vertex   -3.790000e+01 8.976418e+01 -1.019459e+00
      vertex   -4.340000e+01 8.976418e+01 -1.019459e+00
      vertex   -3.790000e+01 8.952625e+01 -7.682787e-01
    endloop
  endfacet
  facet normal 0.000000e+00 7.259955e-01 6.876995e-01
    outer loop
      vertex   -3.790000e+01 8.952625e+01 -7.682787e-01
      vertex   -4.340000e+01 8.976418e+01 -1.019459e+00
      vertex   -4.340000e+01 8.952625e+01 -7.682787e-01
    endloop
  endfacet
  facet normal 0.000000e+00 8.568572e-01 5.155539e-01
    outer loop
      vertex   -3.790000e+01 8.952625e+01 -7.682787e-01
      vertex   -4.340000e+01 8.952625e+01 -7.682787e-01
      vertex   -3.790000e+01 8.934788e+01 -4.718225e-01
    endloop
  endfacet
  facet normal 0.000000e+00 8.568572e-01 5.155539e-01
    outer loop
      vertex   -3.790000e+01 8.934788e+01 -4.718225e-01
      vertex   -4.340000e+01 8.952625e+01 -7.682787e-01
      vertex   -4.340000e+01 8.934788e+01 -4.718225e-01
    endloop
  endfacet
  facet normal 0.000000e+00 9.476532e-01 3.193015e-01
    outer loop
      vertex   -3.790000e+01 8.934788e+01 -4.718225e-01
      vertex   -4.340000e+01 8.934788e+01 -4.718225e-01
      vertex   -3.790000e+01 8.923741e+01 -1.439527e-01
    endloop
  endfacet
  facet normal 0.000000e+00 9.476532e-01 3.193015e-01
    outer loop
      vertex   -3.790000e+01 8.923741e+01 -1.439527e-01
      vertex   -4.340000e+01 8.934788e+01 -4.718225e-01
      vertex   -4.340000e+01 8.923741e+01 -1.439527e-01
    endloop
  endfacet
  facet normal -1.000000e+00 0.000000e+00 0.000000e+00
    outer loop
      vertex   -3.790000e+01 8.923741e+01 -1.439527e-01
      vertex   -3.790000e+01 8.920000e+01 2.000000e-01
      vertex   -3.790000e+01 9.169790e+01 1.524302e+00
    endloop
  endfacet
  facet normal -1.000000e+00 0.000000e+00 0.000000e+00
    outer loop
      vertex   -3.790000e+01 9.169790e+01 1.524302e+00
      vertex   -3.790000e+01 8.920000e+01 2.000000e-01
      vertex   -3.790000e+01 8.923741e+01 5.439527e-01
    endloop
  endfacet
  facet normal -1.000000e+00 0.000000e+00 0.000000e+00
    outer loop
      vertex   -3.790000e+01 9.169790e+01 1.524302e+00
      vertex   -3.790000e+01 8.923741e+01 5.439527e-01
      vertex   -3.790000e+01 8.934788e+01 8.718226e-01
    endloop
  endfacet
  facet normal -1.000000e+00 0.000000e+00 0.000000e+00
    outer loop
      vertex   -3.790000e+01 8.934788e+01 8.718226e-01
      vertex   -3.790000e+01 8.952625e+01 1.168279e+00
      vertex   -3.790000e+01 9.169790e+01 1.524302e+00
    endloop
  endfacet
  facet normal -1.000000e+00 0.000000e+00 0.000000e+00
    outer loop
      vertex   -3.790000e+01 9.169790e+01 1.524302e+00
      vertex   -3.790000e+01 8.952625e+01 1.168279e+00
      vertex   -3.790000e+01 8.976418e+01 1.419459e+00
    endloop
  endfacet
  facet normal -1.000000e+00 -0.000000e+00 0.000000e+00
    outer loop
      vertex   -3.790000e+01 9.169790e+01 1.524302e+00
      vertex   -3.790000e+01 8.976418e+01 1.419459e+00
      vertex   -3.790000e+01 9.005055e+01 1.613619e+00
    endloop
  endfacet
  facet normal -1.000000e+00 0.000000e+00 0.000000e+00
    outer loop
      vertex   -3.790000e+01 9.169790e+01 1.524302e+00
      vertex   -3.790000e+01 9.005055e+01 1.613619e+00
      vertex   -3.790000e+01 9.139222e+01 1.686363e+00
    endloop
  endfacet
  facet normal -1.000000e+00 -0.000000e+00 0.000000e+00
    outer loop
      vertex   -3.790000e+01 9.139222e+01 1.686363e+00
      vertex   -3.790000e+01 9.005055e+01 1.613619e+00
      vertex   -3.790000e+01 9.037195e+01 1.741680e+00
    endloop
  endfacet
  facet normal -1.000000e+00 0.000000e+00 0.000000e+00
    outer loop
      vertex   -3.790000e+01 9.139222e+01 1.686363e+00
      vertex   -3.790000e+01 9.037195e+01 1.741680e+00
      vertex   -3.790000e+01 9.105885e+01 1.778922e+00
    endloop
  endfacet
  facet normal -1.000000e+00 -0.000000e+00 0.000000e+00
    outer loop
      vertex   -3.790000e+01 9.105885e+01 1.778922e+00
      vertex   -3.790000e+01 9.037195e+01 1.741680e+00
      vertex   -3.790000e+01 9.071338e+01 1.797653e+00
    endloop
  endfacet
  facet normal -1.000000e+00 -0.000000e+00 0.000000e+00
    outer loop
      vertex   -3.790000e+01 9.196159e+01 1.300319e+00
      vertex   -3.790000e+01 9.169790e+01 -1.124302e+00
      vertex   -3.790000e+01 9.169790e+01 1.524302e+00
    endloop
  endfacet
  facet normal -1.000000e+00 0.000000e+00 -0.000000e+00
    outer loop
      vertex   -3.790000e+01 9.169790e+01 1.524302e+00
      vertex   -3.790000e+01 9.169790e+01 -1.124302e+00
      vertex   -3.790000e+01 9.139222e+01 -1.286363e+00
    endloop
  endfacet
  facet normal -1.000000e+00 0.000000e+00 0.000000e+00
    outer loop
      vertex   -3.790000e+01 9.169790e+01 1.524302e+00
      vertex   -3.790000e+01 9.139222e+01 -1.286363e+00
      vertex   -3.790000e+01 9.105885e+01 -1.378922e+00
    endloop
  endfacet
  facet normal -1.000000e+00 0.000000e+00 0.000000e+00
    outer loop
      vertex   -3.790000e+01 9.169790e+01 -1.124302e+00
      vertex   -3.790000e+01 9.196159e+01 1.300319e+00
      vertex   -3.790000e+01 9.196159e+01 -9.003191e-01
    endloop
  endfacet
  facet normal -1.000000e+00 0.000000e+00 0.000000e+00
    outer loop
      vertex   -3.790000e+01 9.196159e+01 -9.003191e-01
      vertex   -3.790000e+01 9.196159e+01 1.300319e+00
      vertex   -3.790000e+01 9.217097e+01 1.024886e+00
    endloop
  endfacet
  facet normal -1.000000e+00 0.000000e+00 0.000000e+00
    outer loop
      vertex   -3.790000e+01 9.196159e+01 -9.003191e-01
      vertex   -3.790000e+01 9.217097e+01 1.024886e+00
      vertex   -3.790000e+01 9.217097e+01 -6.248862e-01
    endloop
  endfacet
  facet normal -1.000000e+00 0.000000e+00 0.000000e+00
    outer loop
      vertex   -3.790000e+01 9.217097e+01 -6.248862e-01
      vertex   -3.790000e+01 9.217097e+01 1.024886e+00
      vertex   -3.790000e+01 9.231625e+01 7.108825e-01
    endloop
  endfacet
  facet normal -1.000000e+00 0.000000e+00 0.000000e+00
    outer loop
      vertex   -3.790000e+01 9.217097e+01 -6.248862e-01
      vertex   -3.790000e+01 9.231625e+01 7.108825e-01
      vertex   -3.790000e+01 9.231625e+01 -3.108824e-01
    endloop
  endfacet
  facet normal -1.000000e+00 0.000000e+00 0.000000e+00
    outer loop
      vertex   -3.790000e+01 9.231625e+01 -3.108824e-01
      vertex   -3.790000e+01 9.231625e+01 7.108825e-01
      vertex   -3.790000e+01 9.239062e+01 3.729905e-01
    endloop
  endfacet
  facet normal -1.000000e+00 0.000000e+00 0.000000e+00
    outer loop
      vertex   -3.790000e+01 9.231625e+01 -3.108824e-01
      vertex   -3.790000e+01 9.239062e+01 3.729905e-01
      vertex   -3.790000e+01 9.239062e+01 2.700959e-02
    endloop
  endfacet
  facet normal -1.000000e+00 -0.000000e+00 0.000000e+00
    outer loop
      vertex   -3.790000e+01 9.105885e+01 -1.378922e+00
      vertex   -3.790000e+01 9.071338e+01 -1.397653e+00
      vertex   -3.790000e+01 9.169790e+01 1.524302e+00
    endloop
  endfacet
  facet normal -1.000000e+00 0.000000e+00 0.000000e+00
    outer loop
      vertex   -3.790000e+01 9.169790e+01 1.524302e+00
      vertex   -3.790000e+01 9.071338e+01 -1.397653e+00
      vertex   -3.790000e+01 9.037195e+01 -1.341680e+00
    endloop
  endfacet
  facet normal -1.000000e+00 0.000000e+00 0.000000e+00
    outer loop
      vertex   -3.790000e+01 9.169790e+01 1.524302e+00
      vertex   -3.790000e+01 9.037195e+01 -1.341680e+00
      vertex   -3.790000e+01 9.005055e+01 -1.213619e+00
    endloop
  endfacet
  facet normal -1.000000e+00 0.000000e+00 0.000000e+00
    outer loop
      vertex   -3.790000e+01 9.005055e+01 -1.213619e+00
      vertex   -3.790000e+01 8.976418e+01 -1.019459e+00
      vertex   -3.790000e+01 9.169790e+01 1.524302e+00
    endloop
  endfacet
  facet normal -1.000000e+00 0.000000e+00 0.000000e+00
    outer loop
      vertex   -3.790000e+01 9.169790e+01 1.524302e+00
      vertex   -3.790000e+01 8.976418e+01 -1.019459e+00
      vertex   -3.790000e+01 8.952625e+01 -7.682787e-01
    endloop
  endfacet
  facet normal -1.000000e+00 0.000000e+00 0.000000e+00
    outer loop
      vertex   -3.790000e+01 9.169790e+01 1.524302e+00
      vertex   -3.790000e+01 8.952625e+01 -7.682787e-01
      vertex   -3.790000e+01 8.934788e+01 -4.718225e-01
    endloop
  endfacet
  facet normal -1.000000e+00 0.000000e+00 0.000000e+00
    outer loop
      vertex   -3.790000e+01 8.934788e+01 -4.718225e-01
      vertex   -3.790000e+01 8.923741e+01 -1.439527e-01
      vertex   -3.790000e+01 9.169790e+01 1.524302e+00
    endloop
  endfacet
  facet normal -9.954719e-01 9.505604e-02 0.000000e+00
    outer loop
      vertex   -1.910331e+01 6.280069e+01 3.000000e+00
      vertex   -1.910331e+01 6.280069e+01 4.732000e+00
      vertex   -1.905000e+01 6.335898e+01 3.000000e+00
    endloop
  endfacet
  facet normal -9.954719e-01 9.505604e-02 0.000000e+00
    outer loop
      vertex   -1.905000e+01 6.335898e+01 3.000000e+00
      vertex   -1.910331e+01 6.280069e+01 4.732000e+00
      vertex   -1.905000e+01 6.335898e+01 4.732000e+00
    endloop
  endfacet
  facet normal -9.954719e-01 -9.505604e-02 0.000000e+00
    outer loop
      vertex   -1.905000e+01 6.335898e+01 3.000000e+00
      vertex   -1.905000e+01 6.335898e+01 4.732000e+00
      vertex   -1.910331e+01 6.391728e+01 3.000000e+00
    endloop
  endfacet
  facet normal -9.954719e-01 -9.505604e-02 -2.041932e-15
    outer loop
      vertex   -1.910331e+01 6.391728e+01 3.000000e+00
      vertex   -1.905000e+01 6.335898e+01 4.732000e+00
      vertex   -1.910331e+01 6.391728e+01 4.732000e+00
    endloop
  endfacet
  facet normal -9.594930e-01 -2.817326e-01 -1.968132e-15
    outer loop
      vertex   -1.910331e+01 6.391728e+01 3.000000e+00
      vertex   -1.910331e+01 6.391728e+01 4.732000e+00
      vertex   -1.926131e+01 6.445539e+01 3.000000e+00
    endloop
  endfacet
  facet normal -9.594930e-01 -2.817326e-01 0.000000e+00
    outer loop
      vertex   -1.926131e+01 6.445539e+01 3.000000e+00
      vertex   -1.910331e+01 6.391728e+01 4.732000e+00
      vertex   -1.926131e+01 6.445539e+01 4.732000e+00
    endloop
  endfacet
  facet normal -8.888354e-01 -4.582265e-01 0.000000e+00
    outer loop
      vertex   -1.926131e+01 6.445539e+01 3.000000e+00
      vertex   -1.926131e+01 6.445539e+01 4.732000e+00
      vertex   -1.951830e+01 6.495387e+01 3.000000e+00
    endloop
  endfacet
  facet normal -8.888354e-01 -4.582265e-01 -1.823197e-15
    outer loop
      vertex   -1.951830e+01 6.495387e+01 3.000000e+00
      vertex   -1.926131e+01 6.445539e+01 4.732000e+00
      vertex   -1.951830e+01 6.495387e+01 4.732000e+00
    endloop
  endfacet
  facet normal -7.860531e-01 -6.181590e-01 -1.612368e-15
    outer loop
      vertex   -1.951830e+01 6.495387e+01 3.000000e+00
      vertex   -1.951830e+01 6.495387e+01 4.732000e+00
      vertex   -1.986498e+01 6.539472e+01 3.000000e+00
    endloop
  endfacet
  facet normal -7.860531e-01 -6.181590e-01 3.459553e-15
    outer loop
      vertex   -1.986498e+01 6.539472e+01 3.000000e+00
      vertex   -1.951830e+01 6.495387e+01 4.732000e+00
      vertex   -1.986498e+01 6.539472e+01 4.732000e+00
    endloop
  endfacet
  facet normal -6.548607e-01 -7.557496e-01 4.857572e-15
    outer loop
      vertex   -1.986498e+01 6.539472e+01 3.000000e+00
      vertex   -1.986498e+01 6.539472e+01 4.732000e+00
      vertex   -2.028883e+01 6.576198e+01 3.000000e+00
    endloop
  endfacet
  facet normal -6.548607e-01 -7.557496e-01 0.000000e+00
    outer loop
      vertex   -2.028883e+01 6.576198e+01 3.000000e+00
      vertex   -1.986498e+01 6.539472e+01 4.732000e+00
      vertex   -2.028883e+01 6.576198e+01 4.732000e+00
    endloop
  endfacet
  facet normal -5.000000e-01 -8.660254e-01 0.000000e+00
    outer loop
      vertex   -2.028883e+01 6.576198e+01 3.000000e+00
      vertex   -2.028883e+01 6.576198e+01 4.732000e+00
      vertex   -2.077453e+01 6.604240e+01 3.000000e+00
    endloop
  endfacet
  facet normal -5.000000e-01 -8.660254e-01 0.000000e+00
    outer loop
      vertex   -2.077453e+01 6.604240e+01 3.000000e+00
      vertex   -2.028883e+01 6.576198e+01 4.732000e+00
      vertex   -2.077453e+01 6.604240e+01 4.732000e+00
    endloop
  endfacet
  facet normal -3.270680e-01 -9.450008e-01 0.000000e+00
    outer loop
      vertex   -2.077453e+01 6.604240e+01 3.000000e+00
      vertex   -2.077453e+01 6.604240e+01 4.732000e+00
      vertex   -2.130451e+01 6.622583e+01 3.000000e+00
    endloop
  endfacet
  facet normal -3.270680e-01 -9.450008e-01 -1.341777e-15
    outer loop
      vertex   -2.130451e+01 6.622583e+01 3.000000e+00
      vertex   -2.077453e+01 6.604240e+01 4.732000e+00
      vertex   -2.130451e+01 6.622583e+01 4.732000e+00
    endloop
  endfacet
  facet normal -1.423148e-01 -9.898214e-01 -5.838382e-16
    outer loop
      vertex   -2.130451e+01 6.622583e+01 3.000000e+00
      vertex   -2.130451e+01 6.622583e+01 4.732000e+00
      vertex   -2.185963e+01 6.630564e+01 3.000000e+00
    endloop
  endfacet
  facet normal -1.423148e-01 -9.898214e-01 -5.838382e-16
    outer loop
      vertex   -2.185963e+01 6.630564e+01 3.000000e+00
      vertex   -2.130451e+01 6.622583e+01 4.732000e+00
      vertex   -2.185963e+01 6.630564e+01 4.732000e+00
    endloop
  endfacet
  facet normal 4.758192e-02 -9.988673e-01 1.952020e-16
    outer loop
      vertex   -2.185963e+01 6.630564e+01 3.000000e+00
      vertex   -2.185963e+01 6.630564e+01 4.732000e+00
      vertex   -2.241983e+01 6.627896e+01 3.000000e+00
    endloop
  endfacet
  facet normal 4.758192e-02 -9.988673e-01 9.760099e-17
    outer loop
      vertex   -2.241983e+01 6.627896e+01 3.000000e+00
      vertex   -2.185963e+01 6.630564e+01 4.732000e+00
      vertex   -2.241983e+01 6.627896e+01 4.732000e+00
    endloop
  endfacet
  facet normal 2.357589e-01 -9.718116e-01 4.835935e-16
    outer loop
      vertex   -2.241983e+01 6.627896e+01 3.000000e+00
      vertex   -2.241983e+01 6.627896e+01 4.732000e+00
      vertex   -2.296485e+01 6.614674e+01 3.000000e+00
    endloop
  endfacet
  facet normal 2.357589e-01 -9.718116e-01 0.000000e+00
    outer loop
      vertex   -2.296485e+01 6.614674e+01 3.000000e+00
      vertex   -2.241983e+01 6.627896e+01 4.732000e+00
      vertex   -2.296485e+01 6.614674e+01 4.732000e+00
    endloop
  endfacet
  facet normal 4.154150e-01 -9.096320e-01 0.000000e+00
    outer loop
      vertex   -2.296485e+01 6.614674e+01 3.000000e+00
      vertex   -2.296485e+01 6.614674e+01 4.732000e+00
      vertex   -2.347500e+01 6.591376e+01 3.000000e+00
    endloop
  endfacet
  facet normal 4.154150e-01 -9.096320e-01 -7.463423e-15
    outer loop
      vertex   -2.347500e+01 6.591376e+01 3.000000e+00
      vertex   -2.296485e+01 6.614674e+01 4.732000e+00
      vertex   -2.347500e+01 6.591376e+01 4.732000e+00
    endloop
  endfacet
  facet normal 5.800569e-01 -8.145760e-01 -6.683499e-15
    outer loop
      vertex   -2.347500e+01 6.591376e+01 3.000000e+00
      vertex   -2.347500e+01 6.591376e+01 4.732000e+00
      vertex   -2.393184e+01 6.558845e+01 3.000000e+00
    endloop
  endfacet
  facet normal 5.800569e-01 -8.145760e-01 1.189825e-15
    outer loop
      vertex   -2.393184e+01 6.558845e+01 3.000000e+00
      vertex   -2.347500e+01 6.591376e+01 4.732000e+00
      vertex   -2.393184e+01 6.558845e+01 4.732000e+00
    endloop
  endfacet
  facet normal 7.237340e-01 -6.900790e-01 1.484538e-15
    outer loop
      vertex   -2.393184e+01 6.558845e+01 3.000000e+00
      vertex   -2.393184e+01 6.558845e+01 4.732000e+00
      vertex   -2.431886e+01 6.518255e+01 3.000000e+00
    endloop
  endfacet
  facet normal 7.237340e-01 -6.900790e-01 -5.662016e-15
    outer loop
      vertex   -2.431886e+01 6.518255e+01 3.000000e+00
      vertex   -2.393184e+01 6.558845e+01 4.732000e+00
      vertex   -2.431886e+01 6.518255e+01 4.732000e+00
    endloop
  endfacet
  facet normal 8.412535e-01 -5.406408e-01 -4.435894e-15
    outer loop
      vertex   -2.431886e+01 6.518255e+01 3.000000e+00
      vertex   -2.431886e+01 6.518255e+01 4.732000e+00
      vertex   -2.462206e+01 6.471075e+01 3.000000e+00
    endloop
  endfacet
  facet normal 8.412535e-01 -5.406408e-01 0.000000e+00
    outer loop
      vertex   -2.462206e+01 6.471075e+01 3.000000e+00
      vertex   -2.431886e+01 6.518255e+01 4.732000e+00
      vertex   -2.462206e+01 6.471075e+01 4.732000e+00
    endloop
  endfacet
  facet normal 9.283679e-01 -3.716625e-01 0.000000e+00
    outer loop
      vertex   -2.462206e+01 6.471075e+01 3.000000e+00
      vertex   -2.462206e+01 6.471075e+01 4.732000e+00
      vertex   -2.483050e+01 6.419009e+01 3.000000e+00
    endloop
  endfacet
  facet normal 9.283679e-01 -3.716625e-01 -3.049446e-15
    outer loop
      vertex   -2.483050e+01 6.419009e+01 3.000000e+00
      vertex   -2.462206e+01 6.471075e+01 4.732000e+00
      vertex   -2.483050e+01 6.419009e+01 4.732000e+00
    endloop
  endfacet
  facet normal 9.819287e-01 -1.892512e-01 -1.552784e-15
    outer loop
      vertex   -2.483050e+01 6.419009e+01 3.000000e+00
      vertex   -2.483050e+01 6.419009e+01 4.732000e+00
      vertex   -2.493664e+01 6.363940e+01 3.000000e+00
    endloop
  endfacet
  facet normal 9.819287e-01 -1.892512e-01 0.000000e+00
    outer loop
      vertex   -2.493664e+01 6.363940e+01 3.000000e+00
      vertex   -2.483050e+01 6.419009e+01 4.732000e+00
      vertex   -2.493664e+01 6.363940e+01 4.732000e+00
    endloop
  endfacet
  facet normal 1.000000e+00 -2.402132e-11 0.000000e+00
    outer loop
      vertex   -2.493664e+01 6.363940e+01 3.000000e+00
      vertex   -2.493664e+01 6.363940e+01 4.732000e+00
      vertex   -2.493664e+01 6.307857e+01 3.000000e+00
    endloop
  endfacet
  facet normal 1.000000e+00 -2.402132e-11 -9.854602e-26
    outer loop
      vertex   -2.493664e+01 6.307857e+01 3.000000e+00
      vertex   -2.493664e+01 6.363940e+01 4.732000e+00
      vertex   -2.493664e+01 6.307857e+01 4.732000e+00
    endloop
  endfacet
  facet normal 9.819287e-01 1.892512e-01 7.763920e-16
    outer loop
      vertex   -2.493664e+01 6.307857e+01 3.000000e+00
      vertex   -2.493664e+01 6.307857e+01 4.732000e+00
      vertex   -2.483050e+01 6.252787e+01 3.000000e+00
    endloop
  endfacet
  facet normal 9.819287e-01 1.892512e-01 -2.014152e-15
    outer loop
      vertex   -2.483050e+01 6.252787e+01 3.000000e+00
      vertex   -2.493664e+01 6.307857e+01 4.732000e+00
      vertex   -2.483050e+01 6.252787e+01 4.732000e+00
    endloop
  endfacet
  facet normal 9.283679e-01 3.716625e-01 -1.904287e-15
    outer loop
      vertex   -2.483050e+01 6.252787e+01 3.000000e+00
      vertex   -2.483050e+01 6.252787e+01 4.732000e+00
      vertex   -2.462206e+01 6.200722e+01 3.000000e+00
    endloop
  endfacet
  facet normal 9.283679e-01 3.716625e-01 -0.000000e+00
    outer loop
      vertex   -2.462206e+01 6.200722e+01 3.000000e+00
      vertex   -2.483050e+01 6.252787e+01 4.732000e+00
      vertex   -2.462206e+01 6.200722e+01 4.732000e+00
    endloop
  endfacet
  facet normal 8.412535e-01 5.406408e-01 -0.000000e+00
    outer loop
      vertex   -2.462206e+01 6.200722e+01 3.000000e+00
      vertex   -2.462206e+01 6.200722e+01 4.732000e+00
      vertex   -2.431886e+01 6.153541e+01 3.000000e+00
    endloop
  endfacet
  facet normal 8.412535e-01 5.406408e-01 -0.000000e+00
    outer loop
      vertex   -2.431886e+01 6.153541e+01 3.000000e+00
      vertex   -2.462206e+01 6.200722e+01 4.732000e+00
      vertex   -2.431886e+01 6.153541e+01 4.732000e+00
    endloop
  endfacet
  facet normal 7.237340e-01 6.900790e-01 -0.000000e+00
    outer loop
      vertex   -2.431886e+01 6.153541e+01 3.000000e+00
      vertex   -2.431886e+01 6.153541e+01 4.732000e+00
      vertex   -2.393184e+01 6.112952e+01 3.000000e+00
    endloop
  endfacet
  facet normal 7.237340e-01 6.900790e-01 -1.484538e-15
    outer loop
      vertex   -2.393184e+01 6.112952e+01 3.000000e+00
      vertex   -2.431886e+01 6.153541e+01 4.732000e+00
      vertex   -2.393184e+01 6.112952e+01 4.732000e+00
    endloop
  endfacet
  facet normal 5.800569e-01 8.145760e-01 -1.189825e-15
    outer loop
      vertex   -2.393184e+01 6.112952e+01 3.000000e+00
      vertex   -2.393184e+01 6.112952e+01 4.732000e+00
      vertex   -2.347500e+01 6.080421e+01 3.000000e+00
    endloop
  endfacet
  facet normal 5.800569e-01 8.145760e-01 -0.000000e+00
    outer loop
      vertex   -2.347500e+01 6.080421e+01 3.000000e+00
      vertex   -2.393184e+01 6.112952e+01 4.732000e+00
      vertex   -2.347500e+01 6.080421e+01 4.732000e+00
    endloop
  endfacet
  facet normal 4.154150e-01 9.096320e-01 -0.000000e+00
    outer loop
      vertex   -2.347500e+01 6.080421e+01 3.000000e+00
      vertex   -2.347500e+01 6.080421e+01 4.732000e+00
      vertex   -2.296485e+01 6.057123e+01 3.000000e+00
    endloop
  endfacet
  facet normal 4.154150e-01 9.096320e-01 -0.000000e+00
    outer loop
      vertex   -2.296485e+01 6.057123e+01 3.000000e+00
      vertex   -2.347500e+01 6.080421e+01 4.732000e+00
      vertex   -2.296485e+01 6.057123e+01 4.732000e+00
    endloop
  endfacet
  facet normal 2.357589e-01 9.718116e-01 -0.000000e+00
    outer loop
      vertex   -2.296485e+01 6.057123e+01 3.000000e+00
      vertex   -2.296485e+01 6.057123e+01 4.732000e+00
      vertex   -2.241983e+01 6.043901e+01 3.000000e+00
    endloop
  endfacet
  facet normal 2.357589e-01 9.718116e-01 -4.835935e-16
    outer loop
      vertex   -2.241983e+01 6.043901e+01 3.000000e+00
      vertex   -2.296485e+01 6.057123e+01 4.732000e+00
      vertex   -2.241983e+01 6.043901e+01 4.732000e+00
    endloop
  endfacet
  facet normal 4.758192e-02 9.988673e-01 -9.760099e-17
    outer loop
      vertex   -2.241983e+01 6.043901e+01 3.000000e+00
      vertex   -2.241983e+01 6.043901e+01 4.732000e+00
      vertex   -2.185963e+01 6.041233e+01 3.000000e+00
    endloop
  endfacet
  facet normal 4.758192e-02 9.988673e-01 -0.000000e+00
    outer loop
      vertex   -2.185963e+01 6.041233e+01 3.000000e+00
      vertex   -2.241983e+01 6.043901e+01 4.732000e+00
      vertex   -2.185963e+01 6.041233e+01 4.732000e+00
    endloop
  endfacet
  facet normal -1.423148e-01 9.898214e-01 0.000000e+00
    outer loop
      vertex   -2.185963e+01 6.041233e+01 3.000000e+00
      vertex   -2.185963e+01 6.041233e+01 4.732000e+00
      vertex   -2.130451e+01 6.049214e+01 3.000000e+00
    endloop
  endfacet
  facet normal -1.423148e-01 9.898214e-01 0.000000e+00
    outer loop
      vertex   -2.130451e+01 6.049214e+01 3.000000e+00
      vertex   -2.185963e+01 6.041233e+01 4.732000e+00
      vertex   -2.130451e+01 6.049214e+01 4.732000e+00
    endloop
  endfacet
  facet normal -3.270680e-01 9.450008e-01 0.000000e+00
    outer loop
      vertex   -2.130451e+01 6.049214e+01 3.000000e+00
      vertex   -2.130451e+01 6.049214e+01 4.732000e+00
      vertex   -2.077453e+01 6.067557e+01 3.000000e+00
    endloop
  endfacet
  facet normal -3.270680e-01 9.450008e-01 -3.876810e-15
    outer loop
      vertex   -2.077453e+01 6.067557e+01 3.000000e+00
      vertex   -2.130451e+01 6.049214e+01 4.732000e+00
      vertex   -2.077453e+01 6.067557e+01 4.732000e+00
    endloop
  endfacet
  facet normal -5.000000e-01 8.660254e-01 -3.552818e-15
    outer loop
      vertex   -2.077453e+01 6.067557e+01 3.000000e+00
      vertex   -2.077453e+01 6.067557e+01 4.732000e+00
      vertex   -2.028883e+01 6.095598e+01 3.000000e+00
    endloop
  endfacet
  facet normal -5.000000e-01 8.660254e-01 2.051220e-15
    outer loop
      vertex   -2.028883e+01 6.095598e+01 3.000000e+00
      vertex   -2.077453e+01 6.067557e+01 4.732000e+00
      vertex   -2.028883e+01 6.095598e+01 4.732000e+00
    endloop
  endfacet
  facet normal -6.548607e-01 7.557496e-01 2.686527e-15
    outer loop
      vertex   -2.028883e+01 6.095598e+01 3.000000e+00
      vertex   -2.028883e+01 6.095598e+01 4.732000e+00
      vertex   -1.986498e+01 6.132325e+01 3.000000e+00
    endloop
  endfacet
  facet normal -6.548607e-01 7.557496e-01 0.000000e+00
    outer loop
      vertex   -1.986498e+01 6.132325e+01 3.000000e+00
      vertex   -2.028883e+01 6.095598e+01 4.732000e+00
      vertex   -1.986498e+01 6.132325e+01 4.732000e+00
    endloop
  endfacet
  facet normal -7.860531e-01 6.181590e-01 0.000000e+00
    outer loop
      vertex   -1.986498e+01 6.132325e+01 3.000000e+00
      vertex   -1.986498e+01 6.132325e+01 4.732000e+00
      vertex   -1.951830e+01 6.176409e+01 3.000000e+00
    endloop
  endfacet
  facet normal -7.860531e-01 6.181590e-01 -9.235925e-16
    outer loop
      vertex   -1.951830e+01 6.176409e+01 3.000000e+00
      vertex   -1.986498e+01 6.132325e+01 4.732000e+00
      vertex   -1.951830e+01 6.176409e+01 4.732000e+00
    endloop
  endfacet
  facet normal -8.888354e-01 4.582265e-01 -5.664977e-17
    outer loop
      vertex   -1.951830e+01 6.176409e+01 3.000000e+00
      vertex   -1.951830e+01 6.176409e+01 4.732000e+00
      vertex   -1.926131e+01 6.226258e+01 3.000000e+00
    endloop
  endfacet
  facet normal -8.888354e-01 4.582265e-01 1.823197e-15
    outer loop
      vertex   -1.926131e+01 6.226258e+01 3.000000e+00
      vertex   -1.951830e+01 6.176409e+01 4.732000e+00
      vertex   -1.926131e+01 6.226258e+01 4.732000e+00
    endloop
  endfacet
  facet normal -9.594930e-01 2.817326e-01 1.968132e-15
    outer loop
      vertex   -1.926131e+01 6.226258e+01 3.000000e+00
      vertex   -1.926131e+01 6.226258e+01 4.732000e+00
      vertex   -1.910331e+01 6.280069e+01 3.000000e+00
    endloop
  endfacet
  facet normal -9.594930e-01 2.817326e-01 0.000000e+00
    outer loop
      vertex   -1.910331e+01 6.280069e+01 3.000000e+00
      vertex   -1.926131e+01 6.226258e+01 4.732000e+00
      vertex   -1.910331e+01 6.280069e+01 4.732000e+00
    endloop
  endfacet
  facet normal 3.271598e-16 -3.558078e-17 1.000000e+00
    outer loop
      vertex   -2.043741e+01 6.301503e+01 3.000000e+00
      vertex   -1.910331e+01 6.280069e+01 3.000000e+00
      vertex   -2.040000e+01 6.335898e+01 3.000000e+00
    endloop
  endfacet
  facet normal -1.910784e-26 -7.954437e-16 1.000000e+00
    outer loop
      vertex   -2.040000e+01 6.335898e+01 3.000000e+00
      vertex   -1.910331e+01 6.280069e+01 3.000000e+00
      vertex   -1.905000e+01 6.335898e+01 3.000000e+00
    endloop
  endfacet
  facet normal 1.910784e-26 7.954437e-16 1.000000e+00
    outer loop
      vertex   -2.040000e+01 6.335898e+01 3.000000e+00
      vertex   -1.905000e+01 6.335898e+01 3.000000e+00
      vertex   -1.910331e+01 6.391728e+01 3.000000e+00
    endloop
  endfacet
  facet normal 6.464739e-17 -1.669525e-15 1.000000e+00
    outer loop
      vertex   -1.910331e+01 6.280069e+01 3.000000e+00
      vertex   -2.043741e+01 6.301503e+01 3.000000e+00
      vertex   -1.926131e+01 6.226258e+01 3.000000e+00
    endloop
  endfacet
  facet normal 2.190061e-16 -1.428260e-15 1.000000e+00
    outer loop
      vertex   -1.926131e+01 6.226258e+01 3.000000e+00
      vertex   -2.043741e+01 6.301503e+01 3.000000e+00
      vertex   -2.054788e+01 6.268716e+01 3.000000e+00
    endloop
  endfacet
  facet normal 5.899747e-16 -3.041531e-16 1.000000e+00
    outer loop
      vertex   -1.926131e+01 6.226258e+01 3.000000e+00
      vertex   -2.054788e+01 6.268716e+01 3.000000e+00
      vertex   -1.951830e+01 6.176409e+01 3.000000e+00
    endloop
  endfacet
  facet normal 5.603760e-16 -3.371670e-16 1.000000e+00
    outer loop
      vertex   -1.951830e+01 6.176409e+01 3.000000e+00
      vertex   -2.054788e+01 6.268716e+01 3.000000e+00
      vertex   -2.072625e+01 6.239071e+01 3.000000e+00
    endloop
  endfacet
  facet normal 1.510842e-16 -1.126178e-15 1.000000e+00
    outer loop
      vertex   -1.951830e+01 6.176409e+01 3.000000e+00
      vertex   -2.072625e+01 6.239071e+01 3.000000e+00
      vertex   -1.986498e+01 6.132325e+01 3.000000e+00
    endloop
  endfacet
  facet normal 7.115245e-16 -6.739918e-16 1.000000e+00
    outer loop
      vertex   -1.986498e+01 6.132325e+01 3.000000e+00
      vertex   -2.072625e+01 6.239071e+01 3.000000e+00
      vertex   -2.096418e+01 6.213952e+01 3.000000e+00
    endloop
  endfacet
  facet normal 1.136221e-15 -1.020933e-16 1.000000e+00
    outer loop
      vertex   -1.986498e+01 6.132325e+01 3.000000e+00
      vertex   -2.096418e+01 6.213952e+01 3.000000e+00
      vertex   -2.028883e+01 6.095598e+01 3.000000e+00
    endloop
  endfacet
  facet normal 3.668733e-16 -5.410977e-16 1.000000e+00
    outer loop
      vertex   -2.028883e+01 6.095598e+01 3.000000e+00
      vertex   -2.096418e+01 6.213952e+01 3.000000e+00
      vertex   -2.125055e+01 6.194536e+01 3.000000e+00
    endloop
  endfacet
  facet normal 3.319833e-16 -5.750120e-16 1.000000e+00
    outer loop
      vertex   -2.028883e+01 6.095598e+01 3.000000e+00
      vertex   -2.125055e+01 6.194536e+01 3.000000e+00
      vertex   -2.077453e+01 6.067557e+01 3.000000e+00
    endloop
  endfacet
  facet normal 2.424752e-16 -6.085668e-16 1.000000e+00
    outer loop
      vertex   -2.077453e+01 6.067557e+01 3.000000e+00
      vertex   -2.125055e+01 6.194536e+01 3.000000e+00
      vertex   -2.157195e+01 6.181730e+01 3.000000e+00
    endloop
  endfacet
  facet normal 2.168270e-16 -6.264805e-16 1.000000e+00
    outer loop
      vertex   -2.077453e+01 6.067557e+01 3.000000e+00
      vertex   -2.157195e+01 6.181730e+01 3.000000e+00
      vertex   -2.130451e+01 6.049214e+01 3.000000e+00
    endloop
  endfacet
  facet normal 1.063612e-16 -6.487746e-16 1.000000e+00
    outer loop
      vertex   -2.130451e+01 6.049214e+01 3.000000e+00
      vertex   -2.157195e+01 6.181730e+01 3.000000e+00
      vertex   -2.191338e+01 6.176133e+01 3.000000e+00
    endloop
  endfacet
  facet normal 9.412377e-17 -6.546452e-16 1.000000e+00
    outer loop
      vertex   -2.130451e+01 6.049214e+01 3.000000e+00
      vertex   -2.191338e+01 6.176133e+01 3.000000e+00
      vertex   -2.185963e+01 6.041233e+01 3.000000e+00
    endloop
  endfacet
  facet normal -3.142286e-17 -6.596470e-16 1.000000e+00
    outer loop
      vertex   -2.185963e+01 6.041233e+01 3.000000e+00
      vertex   -2.191338e+01 6.176133e+01 3.000000e+00
      vertex   -2.241983e+01 6.043901e+01 3.000000e+00
    endloop
  endfacet
  facet normal -3.567669e-17 -6.580178e-16 1.000000e+00
    outer loop
      vertex   -2.241983e+01 6.043901e+01 3.000000e+00
      vertex   -2.191338e+01 6.176133e+01 3.000000e+00
      vertex   -2.225885e+01 6.178006e+01 3.000000e+00
    endloop
  endfacet
  facet normal -1.561258e-16 -6.435593e-16 1.000000e+00
    outer loop
      vertex   -2.241983e+01 6.043901e+01 3.000000e+00
      vertex   -2.225885e+01 6.178006e+01 3.000000e+00
      vertex   -2.296485e+01 6.057123e+01 3.000000e+00
    endloop
  endfacet
  facet normal -1.755359e-16 -6.322231e-16 1.000000e+00
    outer loop
      vertex   -2.296485e+01 6.057123e+01 3.000000e+00
      vertex   -2.225885e+01 6.178006e+01 3.000000e+00
      vertex   -2.259222e+01 6.187262e+01 3.000000e+00
    endloop
  endfacet
  facet normal -2.756370e-16 -6.035609e-16 1.000000e+00
    outer loop
      vertex   -2.296485e+01 6.057123e+01 3.000000e+00
      vertex   -2.259222e+01 6.187262e+01 3.000000e+00
      vertex   -2.347500e+01 6.080421e+01 3.000000e+00
    endloop
  endfacet
  facet normal -3.064779e-16 -5.780786e-16 1.000000e+00
    outer loop
      vertex   -2.347500e+01 6.080421e+01 3.000000e+00
      vertex   -2.259222e+01 6.187262e+01 3.000000e+00
      vertex   -2.289790e+01 6.203468e+01 3.000000e+00
    endloop
  endfacet
  facet normal 1.072114e-15 -1.224648e-15 1.000000e+00
    outer loop
      vertex   -2.347500e+01 6.080421e+01 3.000000e+00
      vertex   -2.289790e+01 6.203468e+01 3.000000e+00
      vertex   -2.393184e+01 6.112952e+01 3.000000e+00
    endloop
  endfacet
  facet normal 0.000000e+00 0.000000e+00 1.000000e+00
    outer loop
      vertex   -2.393184e+01 6.112952e+01 3.000000e+00
      vertex   -2.289790e+01 6.203468e+01 3.000000e+00
      vertex   -2.316159e+01 6.225866e+01 3.000000e+00
    endloop
  endfacet
  facet normal 6.689122e-16 -4.562997e-16 1.000000e+00
    outer loop
      vertex   -2.393184e+01 6.112952e+01 3.000000e+00
      vertex   -2.316159e+01 6.225866e+01 3.000000e+00
      vertex   -2.431886e+01 6.153541e+01 3.000000e+00
    endloop
  endfacet
  facet normal 2.601479e-16 1.977593e-16 1.000000e+00
    outer loop
      vertex   -2.431886e+01 6.153541e+01 3.000000e+00
      vertex   -2.316159e+01 6.225866e+01 3.000000e+00
      vertex   -2.337097e+01 6.253410e+01 3.000000e+00
    endloop
  endfacet
  facet normal 2.793542e-16 1.795300e-16 1.000000e+00
    outer loop
      vertex   -2.431886e+01 6.153541e+01 3.000000e+00
      vertex   -2.337097e+01 6.253410e+01 3.000000e+00
      vertex   -2.462206e+01 6.200722e+01 3.000000e+00
    endloop
  endfacet
  facet normal 7.955610e-16 -1.046214e-15 1.000000e+00
    outer loop
      vertex   -2.462206e+01 6.200722e+01 3.000000e+00
      vertex   -2.337097e+01 6.253410e+01 3.000000e+00
      vertex   -2.351625e+01 6.284810e+01 3.000000e+00
    endloop
  endfacet
  facet normal 0.000000e+00 -0.000000e+00 1.000000e+00
    outer loop
      vertex   -2.462206e+01 6.200722e+01 3.000000e+00
      vertex   -2.351625e+01 6.284810e+01 3.000000e+00
      vertex   -2.483050e+01 6.252787e+01 3.000000e+00
    endloop
  endfacet
  facet normal 0.000000e+00 0.000000e+00 1.000000e+00
    outer loop
      vertex   -2.483050e+01 6.252787e+01 3.000000e+00
      vertex   -2.351625e+01 6.284810e+01 3.000000e+00
      vertex   -2.359062e+01 6.318599e+01 3.000000e+00
    endloop
  endfacet
  facet normal 3.883136e-16 -7.315736e-16 1.000000e+00
    outer loop
      vertex   -2.483050e+01 6.252787e+01 3.000000e+00
      vertex   -2.359062e+01 6.318599e+01 3.000000e+00
      vertex   -2.493664e+01 6.307857e+01 3.000000e+00
    endloop
  endfacet
  facet normal 3.299273e-16 -7.925288e-27 1.000000e+00
    outer loop
      vertex   -2.493664e+01 6.307857e+01 3.000000e+00
      vertex   -2.359062e+01 6.318599e+01 3.000000e+00
      vertex   -2.493664e+01 6.363940e+01 3.000000e+00
    endloop
  endfacet
  facet normal 3.299273e-16 -7.924221e-27 1.000000e+00
    outer loop
      vertex   -2.493664e+01 6.363940e+01 3.000000e+00
      vertex   -2.359062e+01 6.318599e+01 3.000000e+00
      vertex   -2.359062e+01 6.353197e+01 3.000000e+00
    endloop
  endfacet
  facet normal 1.981605e-16 -1.651022e-15 1.000000e+00
    outer loop
      vertex   -2.493664e+01 6.363940e+01 3.000000e+00
      vertex   -2.359062e+01 6.353197e+01 3.000000e+00
      vertex   -2.483050e+01 6.419009e+01 3.000000e+00
    endloop
  endfacet
  facet normal 9.621019e-16 -2.117747e-16 1.000000e+00
    outer loop
      vertex   -2.483050e+01 6.419009e+01 3.000000e+00
      vertex   -2.359062e+01 6.353197e+01 3.000000e+00
      vertex   -2.351625e+01 6.386987e+01 3.000000e+00
    endloop
  endfacet
  facet normal 9.236084e-16 -3.697570e-16 1.000000e+00
    outer loop
      vertex   -2.483050e+01 6.419009e+01 3.000000e+00
      vertex   -2.351625e+01 6.386987e+01 3.000000e+00
      vertex   -2.462206e+01 6.471075e+01 3.000000e+00
    endloop
  endfacet
  facet normal 9.567459e-17 -1.458544e-15 1.000000e+00
    outer loop
      vertex   -2.462206e+01 6.471075e+01 3.000000e+00
      vertex   -2.351625e+01 6.386987e+01 3.000000e+00
      vertex   -2.337097e+01 6.418387e+01 3.000000e+00
    endloop
  endfacet
  facet normal 5.587083e-16 -3.590600e-16 1.000000e+00
    outer loop
      vertex   -2.462206e+01 6.471075e+01 3.000000e+00
      vertex   -2.337097e+01 6.418387e+01 3.000000e+00
      vertex   -2.431886e+01 6.518255e+01 3.000000e+00
    endloop
  endfacet
  facet normal 5.202959e-16 -3.955186e-16 1.000000e+00
    outer loop
      vertex   -2.431886e+01 6.518255e+01 3.000000e+00
      vertex   -2.337097e+01 6.418387e+01 3.000000e+00
      vertex   -2.316159e+01 6.445930e+01 3.000000e+00
    endloop
  endfacet
  facet normal 5.244855e-17 -1.144116e-15 1.000000e+00
    outer loop
      vertex   -2.431886e+01 6.518255e+01 3.000000e+00
      vertex   -2.316159e+01 6.445930e+01 3.000000e+00
      vertex   -2.393184e+01 6.558845e+01 3.000000e+00
    endloop
  endfacet
  facet normal 6.345415e-16 -7.470400e-16 1.000000e+00
    outer loop
      vertex   -2.393184e+01 6.558845e+01 3.000000e+00
      vertex   -2.316159e+01 6.445930e+01 3.000000e+00
      vertex   -2.289790e+01 6.468329e+01 3.000000e+00
    endloop
  endfacet
  facet normal 1.114033e-15 -1.993294e-16 1.000000e+00
    outer loop
      vertex   -2.393184e+01 6.558845e+01 3.000000e+00
      vertex   -2.289790e+01 6.468329e+01 3.000000e+00
      vertex   -2.347500e+01 6.591376e+01 3.000000e+00
    endloop
  endfacet
  facet normal 3.064779e-16 -5.780786e-16 1.000000e+00
    outer loop
      vertex   -2.347500e+01 6.591376e+01 3.000000e+00
      vertex   -2.289790e+01 6.468329e+01 3.000000e+00
      vertex   -2.259222e+01 6.484535e+01 3.000000e+00
    endloop
  endfacet
  facet normal 2.756370e-16 -6.035609e-16 1.000000e+00
    outer loop
      vertex   -2.347500e+01 6.591376e+01 3.000000e+00
      vertex   -2.259222e+01 6.484535e+01 3.000000e+00
      vertex   -2.296485e+01 6.614674e+01 3.000000e+00
    endloop
  endfacet
  facet normal 1.755359e-16 -6.322231e-16 1.000000e+00
    outer loop
      vertex   -2.296485e+01 6.614674e+01 3.000000e+00
      vertex   -2.259222e+01 6.484535e+01 3.000000e+00
      vertex   -2.225885e+01 6.493791e+01 3.000000e+00
    endloop
  endfacet
  facet normal 1.561258e-16 -6.435593e-16 1.000000e+00
    outer loop
      vertex   -2.296485e+01 6.614674e+01 3.000000e+00
      vertex   -2.225885e+01 6.493791e+01 3.000000e+00
      vertex   -2.241983e+01 6.627896e+01 3.000000e+00
    endloop
  endfacet
  facet normal 3.567669e-17 -6.580178e-16 1.000000e+00
    outer loop
      vertex   -2.241983e+01 6.627896e+01 3.000000e+00
      vertex   -2.225885e+01 6.493791e+01 3.000000e+00
      vertex   -2.191338e+01 6.495664e+01 3.000000e+00
    endloop
  endfacet
  facet normal 3.142286e-17 -6.596470e-16 1.000000e+00
    outer loop
      vertex   -2.241983e+01 6.627896e+01 3.000000e+00
      vertex   -2.191338e+01 6.495664e+01 3.000000e+00
      vertex   -2.185963e+01 6.630564e+01 3.000000e+00
    endloop
  endfacet
  facet normal -9.412377e-17 -6.546452e-16 1.000000e+00
    outer loop
      vertex   -2.185963e+01 6.630564e+01 3.000000e+00
      vertex   -2.191338e+01 6.495664e+01 3.000000e+00
      vertex   -2.130451e+01 6.622583e+01 3.000000e+00
    endloop
  endfacet
  facet normal -1.063612e-16 -6.487746e-16 1.000000e+00
    outer loop
      vertex   -2.130451e+01 6.622583e+01 3.000000e+00
      vertex   -2.191338e+01 6.495664e+01 3.000000e+00
      vertex   -2.157195e+01 6.490066e+01 3.000000e+00
    endloop
  endfacet
  facet normal -2.168270e-16 -6.264805e-16 1.000000e+00
    outer loop
      vertex   -2.130451e+01 6.622583e+01 3.000000e+00
      vertex   -2.157195e+01 6.490066e+01 3.000000e+00
      vertex   -2.077453e+01 6.604240e+01 3.000000e+00
    endloop
  endfacet
  facet normal -2.424752e-16 -6.085668e-16 1.000000e+00
    outer loop
      vertex   -2.077453e+01 6.604240e+01 3.000000e+00
      vertex   -2.157195e+01 6.490066e+01 3.000000e+00
      vertex   -2.125055e+01 6.477260e+01 3.000000e+00
    endloop
  endfacet
  facet normal -3.319833e-16 -5.750120e-16 1.000000e+00
    outer loop
      vertex   -2.077453e+01 6.604240e+01 3.000000e+00
      vertex   -2.125055e+01 6.477260e+01 3.000000e+00
      vertex   -2.028883e+01 6.576198e+01 3.000000e+00
    endloop
  endfacet
  facet normal -3.668733e-16 -5.410977e-16 1.000000e+00
    outer loop
      vertex   -2.028883e+01 6.576198e+01 3.000000e+00
      vertex   -2.125055e+01 6.477260e+01 3.000000e+00
      vertex   -2.096418e+01 6.457844e+01 3.000000e+00
    endloop
  endfacet
  facet normal 9.670835e-16 -1.302278e-15 1.000000e+00
    outer loop
      vertex   -2.028883e+01 6.576198e+01 3.000000e+00
      vertex   -2.096418e+01 6.457844e+01 3.000000e+00
      vertex   -1.986498e+01 6.539472e+01 3.000000e+00
    endloop
  endfacet
  facet normal 0.000000e+00 0.000000e+00 1.000000e+00
    outer loop
      vertex   -1.986498e+01 6.539472e+01 3.000000e+00
      vertex   -2.096418e+01 6.457844e+01 3.000000e+00
      vertex   -2.072625e+01 6.432726e+01 3.000000e+00
    endloop
  endfacet
  facet normal 6.322700e-16 -5.101417e-16 1.000000e+00
    outer loop
      vertex   -1.986498e+01 6.539472e+01 3.000000e+00
      vertex   -2.072625e+01 6.432726e+01 3.000000e+00
      vertex   -1.951830e+01 6.495387e+01 3.000000e+00
    endloop
  endfacet
  facet normal 2.801880e-16 1.685835e-16 1.000000e+00
    outer loop
      vertex   -1.951830e+01 6.495387e+01 3.000000e+00
      vertex   -2.072625e+01 6.432726e+01 3.000000e+00
      vertex   -2.054788e+01 6.403081e+01 3.000000e+00
    endloop
  endfacet
  facet normal 2.949873e-16 1.520765e-16 1.000000e+00
    outer loop
      vertex   -1.951830e+01 6.495387e+01 3.000000e+00
      vertex   -2.054788e+01 6.403081e+01 3.000000e+00
      vertex   -1.926131e+01 6.445539e+01 3.000000e+00
    endloop
  endfacet
  facet normal 7.128953e-16 -1.114266e-15 1.000000e+00
    outer loop
      vertex   -1.926131e+01 6.445539e+01 3.000000e+00
      vertex   -2.054788e+01 6.403081e+01 3.000000e+00
      vertex   -2.043741e+01 6.370294e+01 3.000000e+00
    endloop
  endfacet
  facet normal 4.444970e-16 -6.947551e-16 1.000000e+00
    outer loop
      vertex   -1.926131e+01 6.445539e+01 3.000000e+00
      vertex   -2.043741e+01 6.370294e+01 3.000000e+00
      vertex   -1.910331e+01 6.391728e+01 3.000000e+00
    endloop
  endfacet
  facet normal 3.271598e-16 3.558078e-17 1.000000e+00
    outer loop
      vertex   -1.910331e+01 6.391728e+01 3.000000e+00
      vertex   -2.043741e+01 6.370294e+01 3.000000e+00
      vertex   -2.040000e+01 6.335898e+01 3.000000e+00
    endloop
  endfacet
  facet normal -9.941380e-01 -1.081190e-01 6.926389e-13
    outer loop
      vertex   -2.043741e+01 6.370294e+01 3.000000e+00
      vertex   -2.043741e+01 6.370294e+01 -3.000000e+00
      vertex   -2.040000e+01 6.335898e+01 3.000000e+00
    endloop
  endfacet
  facet normal -9.941380e-01 -1.081190e-01 -6.926890e-13
    outer loop
      vertex   -2.040000e+01 6.335898e+01 3.000000e+00
      vertex   -2.043741e+01 6.370294e+01 -3.000000e+00
      vertex   -2.040000e+01 6.335898e+01 -3.000000e+00
    endloop
  endfacet
  facet normal -9.941380e-01 1.081190e-01 6.926890e-13
    outer loop
      vertex   -2.040000e+01 6.335898e+01 3.000000e+00
      vertex   -2.040000e+01 6.335898e+01 -3.000000e+00
      vertex   -2.043741e+01 6.301503e+01 3.000000e+00
    endloop
  endfacet
  facet normal -9.941380e-01 1.081190e-01 -6.923063e-13
    outer loop
      vertex   -2.043741e+01 6.301503e+01 3.000000e+00
      vertex   -2.040000e+01 6.335898e+01 -3.000000e+00
      vertex   -2.043741e+01 6.301503e+01 -3.000000e+00
    endloop
  endfacet
  facet normal -9.476532e-01 3.193015e-01 6.926653e-13
    outer loop
      vertex   -2.043741e+01 6.301503e+01 3.000000e+00
      vertex   -2.043741e+01 6.301503e+01 -3.000000e+00
      vertex   -2.054788e+01 6.268716e+01 3.000000e+00
    endloop
  endfacet
  facet normal -9.476532e-01 3.193015e-01 -6.931315e-13
    outer loop
      vertex   -2.054788e+01 6.268716e+01 3.000000e+00
      vertex   -2.043741e+01 6.301503e+01 -3.000000e+00
      vertex   -2.054788e+01 6.268716e+01 -3.000000e+00
    endloop
  endfacet
  facet normal -8.568572e-01 5.155539e-01 6.922936e-13
    outer loop
      vertex   -2.054788e+01 6.268716e+01 3.000000e+00
      vertex   -2.054788e+01 6.268716e+01 -3.000000e+00
      vertex   -2.072625e+01 6.239071e+01 3.000000e+00
    endloop
  endfacet
  facet normal -8.568572e-01 5.155539e-01 -6.927165e-13
    outer loop
      vertex   -2.072625e+01 6.239071e+01 3.000000e+00
      vertex   -2.054788e+01 6.268716e+01 -3.000000e+00
      vertex   -2.072625e+01 6.239071e+01 -3.000000e+00
    endloop
  endfacet
  facet normal -7.259955e-01 6.876995e-01 6.924092e-13
    outer loop
      vertex   -2.072625e+01 6.239071e+01 3.000000e+00
      vertex   -2.072625e+01 6.239071e+01 -3.000000e+00
      vertex   -2.096418e+01 6.213952e+01 3.000000e+00
    endloop
  endfacet
  facet normal -7.259955e-01 6.876995e-01 -6.927270e-13
    outer loop
      vertex   -2.096418e+01 6.213952e+01 3.000000e+00
      vertex   -2.072625e+01 6.239071e+01 -3.000000e+00
      vertex   -2.096418e+01 6.213952e+01 -3.000000e+00
    endloop
  endfacet
  facet normal -5.611871e-01 8.276890e-01 6.925336e-13
    outer loop
      vertex   -2.096418e+01 6.213952e+01 3.000000e+00
      vertex   -2.096418e+01 6.213952e+01 -3.000000e+00
      vertex   -2.125055e+01 6.194536e+01 3.000000e+00
    endloop
  endfacet
  facet normal -5.611871e-01 8.276890e-01 -6.919296e-13
    outer loop
      vertex   -2.125055e+01 6.194536e+01 3.000000e+00
      vertex   -2.096418e+01 6.213952e+01 -3.000000e+00
      vertex   -2.125055e+01 6.194536e+01 -3.000000e+00
    endloop
  endfacet
  facet normal -3.701382e-01 9.289767e-01 6.936029e-13
    outer loop
      vertex   -2.125055e+01 6.194536e+01 3.000000e+00
      vertex   -2.125055e+01 6.194536e+01 -3.000000e+00
      vertex   -2.157195e+01 6.181730e+01 3.000000e+00
    endloop
  endfacet
  facet normal -3.701382e-01 9.289767e-01 -6.931355e-13
    outer loop
      vertex   -2.157195e+01 6.181730e+01 3.000000e+00
      vertex   -2.125055e+01 6.194536e+01 -3.000000e+00
      vertex   -2.157195e+01 6.181730e+01 -3.000000e+00
    endloop
  endfacet
  facet normal -1.617820e-01 9.868265e-01 6.922681e-13
    outer loop
      vertex   -2.157195e+01 6.181730e+01 3.000000e+00
      vertex   -2.157195e+01 6.181730e+01 -3.000000e+00
      vertex   -2.191338e+01 6.176133e+01 3.000000e+00
    endloop
  endfacet
  facet normal -1.617820e-01 9.868265e-01 -6.925496e-13
    outer loop
      vertex   -2.191338e+01 6.176133e+01 3.000000e+00
      vertex   -2.157195e+01 6.181730e+01 -3.000000e+00
      vertex   -2.191338e+01 6.176133e+01 -3.000000e+00
    endloop
  endfacet
  facet normal 5.413891e-02 9.985334e-01 6.928131e-13
    outer loop
      vertex   -2.191338e+01 6.176133e+01 3.000000e+00
      vertex   -2.191338e+01 6.176133e+01 -3.000000e+00
      vertex   -2.225885e+01 6.178006e+01 3.000000e+00
    endloop
  endfacet
  facet normal 5.413891e-02 9.985334e-01 -6.923873e-13
    outer loop
      vertex   -2.225885e+01 6.178006e+01 3.000000e+00
      vertex   -2.191338e+01 6.176133e+01 -3.000000e+00
      vertex   -2.225885e+01 6.178006e+01 -3.000000e+00
    endloop
  endfacet
  facet normal 2.675283e-01 9.635500e-01 6.930486e-13
    outer loop
      vertex   -2.225885e+01 6.178006e+01 3.000000e+00
      vertex   -2.225885e+01 6.178006e+01 -3.000000e+00
      vertex   -2.259222e+01 6.187262e+01 3.000000e+00
    endloop
  endfacet
  facet normal 2.675283e-01 9.635500e-01 -6.930864e-13
    outer loop
      vertex   -2.259222e+01 6.187262e+01 3.000000e+00
      vertex   -2.225885e+01 6.178006e+01 -3.000000e+00
      vertex   -2.259222e+01 6.187262e+01 -3.000000e+00
    endloop
  endfacet
  facet normal 4.684084e-01 8.835120e-01 6.925191e-13
    outer loop
      vertex   -2.259222e+01 6.187262e+01 3.000000e+00
      vertex   -2.259222e+01 6.187262e+01 -3.000000e+00
      vertex   -2.289790e+01 6.203468e+01 3.000000e+00
    endloop
  endfacet
  facet normal 4.684084e-01 8.835120e-01 -6.928310e-13
    outer loop
      vertex   -2.289790e+01 6.203468e+01 3.000000e+00
      vertex   -2.259222e+01 6.187262e+01 -3.000000e+00
      vertex   -2.289790e+01 6.203468e+01 -3.000000e+00
    endloop
  endfacet
  facet normal 6.473863e-01 7.621621e-01 6.924808e-13
    outer loop
      vertex   -2.289790e+01 6.203468e+01 3.000000e+00
      vertex   -2.289790e+01 6.203468e+01 -3.000000e+00
      vertex   -2.316159e+01 6.225866e+01 3.000000e+00
    endloop
  endfacet
  facet normal 6.473863e-01 7.621621e-01 -6.920801e-13
    outer loop
      vertex   -2.316159e+01 6.225866e+01 3.000000e+00
      vertex   -2.289790e+01 6.203468e+01 -3.000000e+00
      vertex   -2.316159e+01 6.225866e+01 -3.000000e+00
    endloop
  endfacet
  facet normal 7.960931e-01 6.051742e-01 6.931879e-13
    outer loop
      vertex   -2.316159e+01 6.225866e+01 3.000000e+00
      vertex   -2.316159e+01 6.225866e+01 -3.000000e+00
      vertex   -2.337097e+01 6.253410e+01 3.000000e+00
    endloop
  endfacet
  facet normal 7.960931e-01 6.051742e-01 -6.919276e-13
    outer loop
      vertex   -2.337097e+01 6.253410e+01 3.000000e+00
      vertex   -2.316159e+01 6.225866e+01 -3.000000e+00
      vertex   -2.337097e+01 6.253410e+01 -3.000000e+00
    endloop
  endfacet
  facet normal 9.075754e-01 4.198891e-01 6.933661e-13
    outer loop
      vertex   -2.337097e+01 6.253410e+01 3.000000e+00
      vertex   -2.337097e+01 6.253410e+01 -3.000000e+00
      vertex   -2.351625e+01 6.284810e+01 3.000000e+00
    endloop
  endfacet
  facet normal 9.075754e-01 4.198891e-01 -6.927021e-13
    outer loop
      vertex   -2.351625e+01 6.284810e+01 3.000000e+00
      vertex   -2.337097e+01 6.253410e+01 -3.000000e+00
      vertex   -2.351625e+01 6.284810e+01 -3.000000e+00
    endloop
  endfacet
  facet normal 9.766206e-01 2.149704e-01 6.927301e-13
    outer loop
      vertex   -2.351625e+01 6.284810e+01 3.000000e+00
      vertex   -2.351625e+01 6.284810e+01 -3.000000e+00
      vertex   -2.359062e+01 6.318599e+01 3.000000e+00
    endloop
  endfacet
  facet normal 9.766206e-01 2.149704e-01 -6.922735e-13
    outer loop
      vertex   -2.359062e+01 6.318599e+01 3.000000e+00
      vertex   -2.351625e+01 6.284810e+01 -3.000000e+00
      vertex   -2.359062e+01 6.318599e+01 -3.000000e+00
    endloop
  endfacet
  facet normal 1.000000e+00 -2.401808e-11 6.927792e-13
    outer loop
      vertex   -2.359062e+01 6.318599e+01 3.000000e+00
      vertex   -2.359062e+01 6.318599e+01 -3.000000e+00
      vertex   -2.359062e+01 6.353197e+01 3.000000e+00
    endloop
  endfacet
  facet normal 1.000000e+00 0.000000e+00 -6.921870e-13
    outer loop
      vertex   -2.359062e+01 6.353197e+01 3.000000e+00
      vertex   -2.359062e+01 6.318599e+01 -3.000000e+00
      vertex   -2.359062e+01 6.353197e+01 -3.000000e+00
    endloop
  endfacet
  facet normal 9.766206e-01 -2.149704e-01 6.933610e-13
    outer loop
      vertex   -2.359062e+01 6.353197e+01 3.000000e+00
      vertex   -2.359062e+01 6.353197e+01 -3.000000e+00
      vertex   -2.351625e+01 6.386987e+01 3.000000e+00
    endloop
  endfacet
  facet normal 9.766206e-01 -2.149704e-01 -6.927301e-13
    outer loop
      vertex   -2.351625e+01 6.386987e+01 3.000000e+00
      vertex   -2.359062e+01 6.353197e+01 -3.000000e+00
      vertex   -2.351625e+01 6.386987e+01 -3.000000e+00
    endloop
  endfacet
  facet normal 9.075754e-01 -4.198891e-01 6.927021e-13
    outer loop
      vertex   -2.351625e+01 6.386987e+01 3.000000e+00
      vertex   -2.351625e+01 6.386987e+01 -3.000000e+00
      vertex   -2.337097e+01 6.418387e+01 3.000000e+00
    endloop
  endfacet
  facet normal 9.075754e-01 -4.198891e-01 -6.928689e-13
    outer loop
      vertex   -2.337097e+01 6.418387e+01 3.000000e+00
      vertex   -2.351625e+01 6.386987e+01 -3.000000e+00
      vertex   -2.337097e+01 6.418387e+01 -3.000000e+00
    endloop
  endfacet
  facet normal 7.960931e-01 -6.051742e-01 6.926442e-13
    outer loop
      vertex   -2.337097e+01 6.418387e+01 3.000000e+00
      vertex   -2.337097e+01 6.418387e+01 -3.000000e+00
      vertex   -2.316159e+01 6.445930e+01 3.000000e+00
    endloop
  endfacet
  facet normal 7.960931e-01 -6.051742e-01 -6.924712e-13
    outer loop
      vertex   -2.316159e+01 6.445930e+01 3.000000e+00
      vertex   -2.337097e+01 6.418387e+01 -3.000000e+00
      vertex   -2.316159e+01 6.445930e+01 -3.000000e+00
    endloop
  endfacet
  facet normal 6.473863e-01 -7.621621e-01 6.929827e-13
    outer loop
      vertex   -2.316159e+01 6.445930e+01 3.000000e+00
      vertex   -2.316159e+01 6.445930e+01 -3.000000e+00
      vertex   -2.289790e+01 6.468329e+01 3.000000e+00
    endloop
  endfacet
  facet normal 6.473863e-01 -7.621621e-01 -6.932475e-13
    outer loop
      vertex   -2.289790e+01 6.468329e+01 3.000000e+00
      vertex   -2.316159e+01 6.445930e+01 -3.000000e+00
      vertex   -2.289790e+01 6.468329e+01 -3.000000e+00
    endloop
  endfacet
  facet normal 4.684084e-01 -8.835120e-01 6.922763e-13
    outer loop
      vertex   -2.289790e+01 6.468329e+01 3.000000e+00
      vertex   -2.289790e+01 6.468329e+01 -3.000000e+00
      vertex   -2.259222e+01 6.484535e+01 3.000000e+00
    endloop
  endfacet
  facet normal 4.684084e-01 -8.835120e-01 -6.909181e-13
    outer loop
      vertex   -2.259222e+01 6.484535e+01 3.000000e+00
      vertex   -2.289790e+01 6.468329e+01 -3.000000e+00
      vertex   -2.259222e+01 6.484535e+01 -3.000000e+00
    endloop
  endfacet
  facet normal 2.675283e-01 -9.635500e-01 6.945443e-13
    outer loop
      vertex   -2.259222e+01 6.484535e+01 3.000000e+00
      vertex   -2.259222e+01 6.484535e+01 -3.000000e+00
      vertex   -2.225885e+01 6.493791e+01 3.000000e+00
    endloop
  endfacet
  facet normal 2.675283e-01 -9.635500e-01 -6.941897e-13
    outer loop
      vertex   -2.225885e+01 6.493791e+01 3.000000e+00
      vertex   -2.259222e+01 6.484535e+01 -3.000000e+00
      vertex   -2.225885e+01 6.493791e+01 -3.000000e+00
    endloop
  endfacet
  facet normal 5.413891e-02 -9.985334e-01 6.912048e-13
    outer loop
      vertex   -2.225885e+01 6.493791e+01 3.000000e+00
      vertex   -2.225885e+01 6.493791e+01 -3.000000e+00
      vertex   -2.191338e+01 6.495664e+01 3.000000e+00
    endloop
  endfacet
  facet normal 5.413891e-02 -9.985334e-01 -6.939956e-13
    outer loop
      vertex   -2.191338e+01 6.495664e+01 3.000000e+00
      vertex   -2.225885e+01 6.493791e+01 -3.000000e+00
      vertex   -2.191338e+01 6.495664e+01 -3.000000e+00
    endloop
  endfacet
  facet normal -1.617820e-01 -9.868265e-01 6.913810e-13
    outer loop
      vertex   -2.191338e+01 6.495664e+01 3.000000e+00
      vertex   -2.191338e+01 6.495664e+01 -3.000000e+00
      vertex   -2.157195e+01 6.490066e+01 3.000000e+00
    endloop
  endfacet
  facet normal -1.617820e-01 -9.868265e-01 -6.935325e-13
    outer loop
      vertex   -2.157195e+01 6.490066e+01 3.000000e+00
      vertex   -2.191338e+01 6.495664e+01 -3.000000e+00
      vertex   -2.157195e+01 6.490066e+01 -3.000000e+00
    endloop
  endfacet
  facet normal -3.701382e-01 -9.289767e-01 6.918162e-13
    outer loop
      vertex   -2.157195e+01 6.490066e+01 3.000000e+00
      vertex   -2.157195e+01 6.490066e+01 -3.000000e+00
      vertex   -2.125055e+01 6.477260e+01 3.000000e+00
    endloop
  endfacet
  facet normal -3.701382e-01 -9.289767e-01 -6.927220e-13
    outer loop
      vertex   -2.125055e+01 6.477260e+01 3.000000e+00
      vertex   -2.157195e+01 6.490066e+01 -3.000000e+00
      vertex   -2.125055e+01 6.477260e+01 -3.000000e+00
    endloop
  endfacet
  facet normal -5.611871e-01 -8.276890e-01 6.925774e-13
    outer loop
      vertex   -2.125055e+01 6.477260e+01 3.000000e+00
      vertex   -2.125055e+01 6.477260e+01 -3.000000e+00
      vertex   -2.096418e+01 6.457844e+01 3.000000e+00
    endloop
  endfacet
  facet normal -5.611871e-01 -8.276890e-01 -6.944939e-13
    outer loop
      vertex   -2.096418e+01 6.457844e+01 3.000000e+00
      vertex   -2.125055e+01 6.477260e+01 -3.000000e+00
      vertex   -2.096418e+01 6.457844e+01 -3.000000e+00
    endloop
  endfacet
  facet normal -7.259955e-01 -6.876995e-01 6.910982e-13
    outer loop
      vertex   -2.096418e+01 6.457844e+01 3.000000e+00
      vertex   -2.096418e+01 6.457844e+01 -3.000000e+00
      vertex   -2.072625e+01 6.432726e+01 3.000000e+00
    endloop
  endfacet
  facet normal -7.259955e-01 -6.876995e-01 -6.919794e-13
    outer loop
      vertex   -2.072625e+01 6.432726e+01 3.000000e+00
      vertex   -2.096418e+01 6.457844e+01 -3.000000e+00
      vertex   -2.072625e+01 6.432726e+01 -3.000000e+00
    endloop
  endfacet
  facet normal -8.568572e-01 -5.155539e-01 6.932238e-13
    outer loop
      vertex   -2.072625e+01 6.432726e+01 3.000000e+00
      vertex   -2.072625e+01 6.432726e+01 -3.000000e+00
      vertex   -2.054788e+01 6.403081e+01 3.000000e+00
    endloop
  endfacet
  facet normal -8.568572e-01 -5.155539e-01 -6.933083e-13
    outer loop
      vertex   -2.054788e+01 6.403081e+01 3.000000e+00
      vertex   -2.072625e+01 6.432726e+01 -3.000000e+00
      vertex   -2.054788e+01 6.403081e+01 -3.000000e+00
    endloop
  endfacet
  facet normal -9.476532e-01 -3.193015e-01 6.920092e-13
    outer loop
      vertex   -2.054788e+01 6.403081e+01 3.000000e+00
      vertex   -2.054788e+01 6.403081e+01 -3.000000e+00
      vertex   -2.043741e+01 6.370294e+01 3.000000e+00
    endloop
  endfacet
  facet normal -9.476532e-01 -3.193015e-01 -6.928605e-13
    outer loop
      vertex   -2.043741e+01 6.370294e+01 3.000000e+00
      vertex   -2.054788e+01 6.403081e+01 -3.000000e+00
      vertex   -2.043741e+01 6.370294e+01 -3.000000e+00
    endloop
  endfacet
  facet normal -1.000000e+00 -0.000000e+00 0.000000e+00
    outer loop
      vertex   -4.340000e+01 8.923741e+01 -1.439527e-01
      vertex   -4.340000e+01 8.800000e+01 -2.600000e+00
      vertex   -4.340000e+01 8.920000e+01 2.000000e-01
    endloop
  endfacet
  facet normal -1.000000e+00 -0.000000e+00 0.000000e+00
    outer loop
      vertex   -4.340000e+01 8.920000e+01 2.000000e-01
      vertex   -4.340000e+01 8.800000e+01 -2.600000e+00
      vertex   -4.340000e+01 8.800000e+01 3.000000e+00
    endloop
  endfacet
  facet normal -1.000000e+00 0.000000e+00 0.000000e+00
    outer loop
      vertex   -4.340000e+01 8.920000e+01 2.000000e-01
      vertex   -4.340000e+01 8.800000e+01 3.000000e+00
      vertex   -4.340000e+01 8.923741e+01 5.439527e-01
    endloop
  endfacet
  facet normal -1.000000e+00 0.000000e+00 0.000000e+00
    outer loop
      vertex   -4.340000e+01 8.923741e+01 5.439527e-01
      vertex   -4.340000e+01 8.800000e+01 3.000000e+00
      vertex   -4.340000e+01 8.934788e+01 8.718226e-01
    endloop
  endfacet
  facet normal -1.000000e+00 0.000000e+00 0.000000e+00
    outer loop
      vertex   -4.340000e+01 8.934788e+01 8.718226e-01
      vertex   -4.340000e+01 8.800000e+01 3.000000e+00
      vertex   -4.340000e+01 8.952625e+01 1.168279e+00
    endloop
  endfacet
  facet normal -1.000000e+00 0.000000e+00 0.000000e+00
    outer loop
      vertex   -4.340000e+01 8.952625e+01 1.168279e+00
      vertex   -4.340000e+01 8.800000e+01 3.000000e+00
      vertex   -4.340000e+01 8.976418e+01 1.419459e+00
    endloop
  endfacet
  facet normal -1.000000e+00 0.000000e+00 0.000000e+00
    outer loop
      vertex   -4.340000e+01 8.976418e+01 1.419459e+00
      vertex   -4.340000e+01 8.800000e+01 3.000000e+00
      vertex   -4.340000e+01 9.005055e+01 1.613619e+00
    endloop
  endfacet
  facet normal -1.000000e+00 0.000000e+00 0.000000e+00
    outer loop
      vertex   -4.340000e+01 9.005055e+01 1.613619e+00
      vertex   -4.340000e+01 8.800000e+01 3.000000e+00
      vertex   -4.340000e+01 9.037195e+01 1.741680e+00
    endloop
  endfacet
  facet normal -1.000000e+00 0.000000e+00 0.000000e+00
    outer loop
      vertex   -4.340000e+01 9.037195e+01 1.741680e+00
      vertex   -4.340000e+01 8.800000e+01 3.000000e+00
      vertex   -4.340000e+01 9.071338e+01 1.797653e+00
    endloop
  endfacet
  facet normal -1.000000e+00 0.000000e+00 0.000000e+00
    outer loop
      vertex   -4.340000e+01 9.071338e+01 1.797653e+00
      vertex   -4.340000e+01 8.800000e+01 3.000000e+00
      vertex   -4.340000e+01 9.360000e+01 3.000000e+00
    endloop
  endfacet
  facet normal -1.000000e+00 0.000000e+00 0.000000e+00
    outer loop
      vertex   -4.340000e+01 9.071338e+01 1.797653e+00
      vertex   -4.340000e+01 9.360000e+01 3.000000e+00
      vertex   -4.340000e+01 9.105885e+01 1.778922e+00
    endloop
  endfacet
  facet normal -1.000000e+00 0.000000e+00 0.000000e+00
    outer loop
      vertex   -4.340000e+01 9.105885e+01 1.778922e+00
      vertex   -4.340000e+01 9.360000e+01 3.000000e+00
      vertex   -4.340000e+01 9.139222e+01 1.686363e+00
    endloop
  endfacet
  facet normal -1.000000e+00 0.000000e+00 0.000000e+00
    outer loop
      vertex   -4.340000e+01 9.139222e+01 1.686363e+00
      vertex   -4.340000e+01 9.360000e+01 3.000000e+00
      vertex   -4.340000e+01 9.169790e+01 1.524302e+00
    endloop
  endfacet
  facet normal -1.000000e+00 0.000000e+00 0.000000e+00
    outer loop
      vertex   -4.340000e+01 9.169790e+01 1.524302e+00
      vertex   -4.340000e+01 9.360000e+01 3.000000e+00
      vertex   -4.340000e+01 9.196159e+01 1.300319e+00
    endloop
  endfacet
  facet normal -1.000000e+00 0.000000e+00 0.000000e+00
    outer loop
      vertex   -4.340000e+01 9.196159e+01 1.300319e+00
      vertex   -4.340000e+01 9.360000e+01 3.000000e+00
      vertex   -4.340000e+01 9.217097e+01 1.024886e+00
    endloop
  endfacet
  facet normal -1.000000e+00 0.000000e+00 0.000000e+00
    outer loop
      vertex   -4.340000e+01 9.217097e+01 1.024886e+00
      vertex   -4.340000e+01 9.360000e+01 3.000000e+00
      vertex   -4.340000e+01 9.231625e+01 7.108825e-01
    endloop
  endfacet
  facet normal -1.000000e+00 0.000000e+00 0.000000e+00
    outer loop
      vertex   -4.340000e+01 9.231625e+01 7.108825e-01
      vertex   -4.340000e+01 9.360000e+01 3.000000e+00
      vertex   -4.340000e+01 9.239062e+01 3.729905e-01
    endloop
  endfacet
  facet normal -1.000000e+00 0.000000e+00 0.000000e+00
    outer loop
      vertex   -4.340000e+01 9.239062e+01 3.729905e-01
      vertex   -4.340000e+01 9.360000e+01 3.000000e+00
      vertex   -4.340000e+01 9.360000e+01 -2.600000e+00
    endloop
  endfacet
  facet normal -1.000000e+00 0.000000e+00 0.000000e+00
    outer loop
      vertex   -4.340000e+01 9.239062e+01 3.729905e-01
      vertex   -4.340000e+01 9.360000e+01 -2.600000e+00
      vertex   -4.340000e+01 9.239062e+01 2.700959e-02
    endloop
  endfacet
  facet normal -1.000000e+00 0.000000e+00 -0.000000e+00
    outer loop
      vertex   -4.340000e+01 9.239062e+01 2.700959e-02
      vertex   -4.340000e+01 9.360000e+01 -2.600000e+00
      vertex   -4.340000e+01 9.231625e+01 -3.108824e-01
    endloop
  endfacet
  facet normal -1.000000e+00 0.000000e+00 -0.000000e+00
    outer loop
      vertex   -4.340000e+01 9.231625e+01 -3.108824e-01
      vertex   -4.340000e+01 9.360000e+01 -2.600000e+00
      vertex   -4.340000e+01 9.217097e+01 -6.248862e-01
    endloop
  endfacet
  facet normal -1.000000e+00 0.000000e+00 -0.000000e+00
    outer loop
      vertex   -4.340000e+01 9.217097e+01 -6.248862e-01
      vertex   -4.340000e+01 9.360000e+01 -2.600000e+00
      vertex   -4.340000e+01 9.196159e+01 -9.003191e-01
    endloop
  endfacet
  facet normal -1.000000e+00 0.000000e+00 -0.000000e+00
    outer loop
      vertex   -4.340000e+01 9.196159e+01 -9.003191e-01
      vertex   -4.340000e+01 9.360000e+01 -2.600000e+00
      vertex   -4.340000e+01 9.169790e+01 -1.124302e+00
    endloop
  endfacet
  facet normal -1.000000e+00 0.000000e+00 -0.000000e+00
    outer loop
      vertex   -4.340000e+01 9.169790e+01 -1.124302e+00
      vertex   -4.340000e+01 9.360000e+01 -2.600000e+00
      vertex   -4.340000e+01 9.139222e+01 -1.286363e+00
    endloop
  endfacet
  facet normal -1.000000e+00 0.000000e+00 -0.000000e+00
    outer loop
      vertex   -4.340000e+01 9.139222e+01 -1.286363e+00
      vertex   -4.340000e+01 9.360000e+01 -2.600000e+00
      vertex   -4.340000e+01 9.105885e+01 -1.378922e+00
    endloop
  endfacet
  facet normal -1.000000e+00 0.000000e+00 -0.000000e+00
    outer loop
      vertex   -4.340000e+01 9.105885e+01 -1.378922e+00
      vertex   -4.340000e+01 9.360000e+01 -2.600000e+00
      vertex   -4.340000e+01 9.071338e+01 -1.397653e+00
    endloop
  endfacet
  facet normal -1.000000e+00 0.000000e+00 -0.000000e+00
    outer loop
      vertex   -4.340000e+01 9.071338e+01 -1.397653e+00
      vertex   -4.340000e+01 9.360000e+01 -2.600000e+00
      vertex   -4.340000e+01 8.800000e+01 -2.600000e+00
    endloop
  endfacet
  facet normal -1.000000e+00 -0.000000e+00 0.000000e+00
    outer loop
      vertex   -4.340000e+01 9.071338e+01 -1.397653e+00
      vertex   -4.340000e+01 8.800000e+01 -2.600000e+00
      vertex   -4.340000e+01 9.037195e+01 -1.341680e+00
    endloop
  endfacet
  facet normal -1.000000e+00 -0.000000e+00 0.000000e+00
    outer loop
      vertex   -4.340000e+01 9.037195e+01 -1.341680e+00
      vertex   -4.340000e+01 8.800000e+01 -2.600000e+00
      vertex   -4.340000e+01 9.005055e+01 -1.213619e+00
    endloop
  endfacet
  facet normal -1.000000e+00 -0.000000e+00 0.000000e+00
    outer loop
      vertex   -4.340000e+01 9.005055e+01 -1.213619e+00
      vertex   -4.340000e+01 8.800000e+01 -2.600000e+00
      vertex   -4.340000e+01 8.976418e+01 -1.019459e+00
    endloop
  endfacet
  facet normal -1.000000e+00 -0.000000e+00 0.000000e+00
    outer loop
      vertex   -4.340000e+01 8.976418e+01 -1.019459e+00
      vertex   -4.340000e+01 8.800000e+01 -2.600000e+00
      vertex   -4.340000e+01 8.952625e+01 -7.682787e-01
    endloop
  endfacet
  facet normal -1.000000e+00 -0.000000e+00 0.000000e+00
    outer loop
      vertex   -4.340000e+01 8.952625e+01 -7.682787e-01
      vertex   -4.340000e+01 8.800000e+01 -2.600000e+00
      vertex   -4.340000e+01 8.934788e+01 -4.718225e-01
    endloop
  endfacet
  facet normal -1.000000e+00 -0.000000e+00 0.000000e+00
    outer loop
      vertex   -4.340000e+01 8.934788e+01 -4.718225e-01
      vertex   -4.340000e+01 8.800000e+01 -2.600000e+00
      vertex   -4.340000e+01 8.923741e+01 -1.439527e-01
    endloop
  endfacet
  facet normal 3.802825e-12 1.000000e+00 0.000000e+00
    outer loop
      vertex   -4.340000e+01 1.050000e+02 3.000000e+00
      vertex   -4.340000e+01 1.050000e+02 -2.600000e+00
      vertex   -4.590000e+01 1.050000e+02 3.000000e+00
    endloop
  endfacet
  facet normal 0.000000e+00 1.000000e+00 -1.697690e-12
    outer loop
      vertex   -4.590000e+01 1.050000e+02 3.000000e+00
      vertex   -4.340000e+01 1.050000e+02 -2.600000e+00
      vertex   -4.590000e+01 1.050000e+02 -2.600000e+00
    endloop
  endfacet
  facet normal 1.776357e-16 -2.379050e-16 -1.000000e+00
    outer loop
      vertex   -4.590000e+01 9.360000e+01 3.000000e+00
      vertex   -4.340000e+01 9.360000e+01 3.000000e+00
      vertex   -4.590000e+01 8.800000e+01 3.000000e+00
    endloop
  endfacet
  facet normal -8.319073e-23 -1.586033e-16 -1.000000e+00
    outer loop
      vertex   -4.590000e+01 8.800000e+01 3.000000e+00
      vertex   -4.340000e+01 9.360000e+01 3.000000e+00
      vertex   -4.340000e+01 8.800000e+01 3.000000e+00
    endloop
  endfacet
  facet normal -3.399236e-12 -1.000000e+00 1.517516e-12
    outer loop
      vertex   -4.590000e+01 9.360000e+01 3.000000e+00
      vertex   -4.590000e+01 9.360000e+01 -2.600000e+00
      vertex   -4.340000e+01 9.360000e+01 3.000000e+00
    endloop
  endfacet
  facet normal 0.000000e+00 -1.000000e+00 -0.000000e+00
    outer loop
      vertex   -4.340000e+01 9.360000e+01 3.000000e+00
      vertex   -4.590000e+01 9.360000e+01 -2.600000e+00
      vertex   -4.340000e+01 9.360000e+01 -2.600000e+00
    endloop
  endfacet
  facet normal -0.000000e+00 2.379049e-16 1.000000e+00
    outer loop
      vertex   -4.590000e+01 9.360000e+01 -2.600000e+00
      vertex   -4.590000e+01 8.800000e+01 -2.600000e+00
      vertex   -4.340000e+01 9.360000e+01 -2.600000e+00
    endloop
  endfacet
  facet normal 0.000000e+00 2.379049e-16 1.000000e+00
    outer loop
      vertex   -4.340000e+01 9.360000e+01 -2.600000e+00
      vertex   -4.590000e+01 8.800000e+01 -2.600000e+00
      vertex   -4.340000e+01 8.800000e+01 -2.600000e+00
    endloop
  endfacet
  facet normal -1.206281e-27 -3.172066e-16 -1.000000e+00
    outer loop
      vertex   -4.590000e+01 1.050000e+02 3.000000e+00
      vertex   -4.590000e+01 1.106000e+02 3.000000e+00
      vertex   -4.340000e+01 1.050000e+02 3.000000e+00
    endloop
  endfacet
  facet normal 3.552714e-16 -1.586033e-16 -1.000000e+00
    outer loop
      vertex   -4.340000e+01 1.050000e+02 3.000000e+00
      vertex   -4.590000e+01 1.106000e+02 3.000000e+00
      vertex   -4.340000e+01 1.106000e+02 3.000000e+00
    endloop
  endfacet
  facet normal -1.000000e+00 -0.000000e+00 0.000000e+00
    outer loop
      vertex   -4.340000e+01 1.062374e+02 -1.439527e-01
      vertex   -4.340000e+01 1.050000e+02 -2.600000e+00
      vertex   -4.340000e+01 1.062000e+02 2.000000e-01
    endloop
  endfacet
  facet normal -1.000000e+00 -0.000000e+00 0.000000e+00
    outer loop
      vertex   -4.340000e+01 1.062000e+02 2.000000e-01
      vertex   -4.340000e+01 1.050000e+02 -2.600000e+00
      vertex   -4.340000e+01 1.050000e+02 3.000000e+00
    endloop
  endfacet
  facet normal -1.000000e+00 0.000000e+00 0.000000e+00
    outer loop
      vertex   -4.340000e+01 1.062000e+02 2.000000e-01
      vertex   -4.340000e+01 1.050000e+02 3.000000e+00
      vertex   -4.340000e+01 1.062374e+02 5.439527e-01
    endloop
  endfacet
  facet normal -1.000000e+00 0.000000e+00 0.000000e+00
    outer loop
      vertex   -4.340000e+01 1.062374e+02 5.439527e-01
      vertex   -4.340000e+01 1.050000e+02 3.000000e+00
      vertex   -4.340000e+01 1.063479e+02 8.718226e-01
    endloop
  endfacet
  facet normal -1.000000e+00 0.000000e+00 0.000000e+00
    outer loop
      vertex   -4.340000e+01 1.063479e+02 8.718226e-01
      vertex   -4.340000e+01 1.050000e+02 3.000000e+00
      vertex   -4.340000e+01 1.065263e+02 1.168279e+00
    endloop
  endfacet
  facet normal -1.000000e+00 0.000000e+00 0.000000e+00
    outer loop
      vertex   -4.340000e+01 1.065263e+02 1.168279e+00
      vertex   -4.340000e+01 1.050000e+02 3.000000e+00
      vertex   -4.340000e+01 1.067642e+02 1.419459e+00
    endloop
  endfacet
  facet normal -1.000000e+00 0.000000e+00 0.000000e+00
    outer loop
      vertex   -4.340000e+01 1.067642e+02 1.419459e+00
      vertex   -4.340000e+01 1.050000e+02 3.000000e+00
      vertex   -4.340000e+01 1.070505e+02 1.613619e+00
    endloop
  endfacet
  facet normal -1.000000e+00 0.000000e+00 0.000000e+00
    outer loop
      vertex   -4.340000e+01 1.070505e+02 1.613619e+00
      vertex   -4.340000e+01 1.050000e+02 3.000000e+00
      vertex   -4.340000e+01 1.073720e+02 1.741680e+00
    endloop
  endfacet
  facet normal -1.000000e+00 0.000000e+00 0.000000e+00
    outer loop
      vertex   -4.340000e+01 1.073720e+02 1.741680e+00
      vertex   -4.340000e+01 1.050000e+02 3.000000e+00
      vertex   -4.340000e+01 1.077134e+02 1.797653e+00
    endloop
  endfacet
  facet normal -1.000000e+00 0.000000e+00 0.000000e+00
    outer loop
      vertex   -4.340000e+01 1.077134e+02 1.797653e+00
      vertex   -4.340000e+01 1.050000e+02 3.000000e+00
      vertex   -4.340000e+01 1.106000e+02 3.000000e+00
    endloop
  endfacet
  facet normal -1.000000e+00 0.000000e+00 0.000000e+00
    outer loop
      vertex   -4.340000e+01 1.077134e+02 1.797653e+00
      vertex   -4.340000e+01 1.106000e+02 3.000000e+00
      vertex   -4.340000e+01 1.080589e+02 1.778922e+00
    endloop
  endfacet
  facet normal -1.000000e+00 0.000000e+00 0.000000e+00
    outer loop
      vertex   -4.340000e+01 1.080589e+02 1.778922e+00
      vertex   -4.340000e+01 1.106000e+02 3.000000e+00
      vertex   -4.340000e+01 1.083922e+02 1.686363e+00
    endloop
  endfacet
  facet normal -1.000000e+00 0.000000e+00 0.000000e+00
    outer loop
      vertex   -4.340000e+01 1.083922e+02 1.686363e+00
      vertex   -4.340000e+01 1.106000e+02 3.000000e+00
      vertex   -4.340000e+01 1.086979e+02 1.524302e+00
    endloop
  endfacet
  facet normal -1.000000e+00 0.000000e+00 0.000000e+00
    outer loop
      vertex   -4.340000e+01 1.086979e+02 1.524302e+00
      vertex   -4.340000e+01 1.106000e+02 3.000000e+00
      vertex   -4.340000e+01 1.089616e+02 1.300319e+00
    endloop
  endfacet
  facet normal -1.000000e+00 0.000000e+00 0.000000e+00
    outer loop
      vertex   -4.340000e+01 1.089616e+02 1.300319e+00
      vertex   -4.340000e+01 1.106000e+02 3.000000e+00
      vertex   -4.340000e+01 1.091710e+02 1.024886e+00
    endloop
  endfacet
  facet normal -1.000000e+00 0.000000e+00 0.000000e+00
    outer loop
      vertex   -4.340000e+01 1.091710e+02 1.024886e+00
      vertex   -4.340000e+01 1.106000e+02 3.000000e+00
      vertex   -4.340000e+01 1.093162e+02 7.108824e-01
    endloop
  endfacet
  facet normal -1.000000e+00 0.000000e+00 0.000000e+00
    outer loop
      vertex   -4.340000e+01 1.093162e+02 7.108824e-01
      vertex   -4.340000e+01 1.106000e+02 3.000000e+00
      vertex   -4.340000e+01 1.093906e+02 3.729904e-01
    endloop
  endfacet
  facet normal -1.000000e+00 0.000000e+00 0.000000e+00
    outer loop
      vertex   -4.340000e+01 1.093906e+02 3.729904e-01
      vertex   -4.340000e+01 1.106000e+02 3.000000e+00
      vertex   -4.340000e+01 1.106000e+02 -2.600000e+00
    endloop
  endfacet
  facet normal -1.000000e+00 0.000000e+00 0.000000e+00
    outer loop
      vertex   -4.340000e+01 1.093906e+02 3.729904e-01
      vertex   -4.340000e+01 1.106000e+02 -2.600000e+00
      vertex   -4.340000e+01 1.093906e+02 2.700957e-02
    endloop
  endfacet
  facet normal -1.000000e+00 0.000000e+00 -0.000000e+00
    outer loop
      vertex   -4.340000e+01 1.093906e+02 2.700957e-02
      vertex   -4.340000e+01 1.106000e+02 -2.600000e+00
      vertex   -4.340000e+01 1.093162e+02 -3.108824e-01
    endloop
  endfacet
  facet normal -1.000000e+00 0.000000e+00 -0.000000e+00
    outer loop
      vertex   -4.340000e+01 1.093162e+02 -3.108824e-01
      vertex   -4.340000e+01 1.106000e+02 -2.600000e+00
      vertex   -4.340000e+01 1.091710e+02 -6.248862e-01
    endloop
  endfacet
  facet normal -1.000000e+00 0.000000e+00 -0.000000e+00
    outer loop
      vertex   -4.340000e+01 1.091710e+02 -6.248862e-01
      vertex   -4.340000e+01 1.106000e+02 -2.600000e+00
      vertex   -4.340000e+01 1.089616e+02 -9.003191e-01
    endloop
  endfacet
  facet normal -1.000000e+00 0.000000e+00 -0.000000e+00
    outer loop
      vertex   -4.340000e+01 1.089616e+02 -9.003191e-01
      vertex   -4.340000e+01 1.106000e+02 -2.600000e+00
      vertex   -4.340000e+01 1.086979e+02 -1.124302e+00
    endloop
  endfacet
  facet normal -1.000000e+00 0.000000e+00 -0.000000e+00
    outer loop
      vertex   -4.340000e+01 1.086979e+02 -1.124302e+00
      vertex   -4.340000e+01 1.106000e+02 -2.600000e+00
      vertex   -4.340000e+01 1.083922e+02 -1.286363e+00
    endloop
  endfacet
  facet normal -1.000000e+00 0.000000e+00 -0.000000e+00
    outer loop
      vertex   -4.340000e+01 1.083922e+02 -1.286363e+00
      vertex   -4.340000e+01 1.106000e+02 -2.600000e+00
      vertex   -4.340000e+01 1.080589e+02 -1.378922e+00
    endloop
  endfacet
  facet normal -1.000000e+00 0.000000e+00 -0.000000e+00
    outer loop
      vertex   -4.340000e+01 1.080589e+02 -1.378922e+00
      vertex   -4.340000e+01 1.106000e+02 -2.600000e+00
      vertex   -4.340000e+01 1.077134e+02 -1.397653e+00
    endloop
  endfacet
  facet normal -1.000000e+00 0.000000e+00 -0.000000e+00
    outer loop
      vertex   -4.340000e+01 1.077134e+02 -1.397653e+00
      vertex   -4.340000e+01 1.106000e+02 -2.600000e+00
      vertex   -4.340000e+01 1.050000e+02 -2.600000e+00
    endloop
  endfacet
  facet normal -1.000000e+00 -0.000000e+00 0.000000e+00
    outer loop
      vertex   -4.340000e+01 1.077134e+02 -1.397653e+00
      vertex   -4.340000e+01 1.050000e+02 -2.600000e+00
      vertex   -4.340000e+01 1.073720e+02 -1.341680e+00
    endloop
  endfacet
  facet normal -1.000000e+00 -0.000000e+00 0.000000e+00
    outer loop
      vertex   -4.340000e+01 1.073720e+02 -1.341680e+00
      vertex   -4.340000e+01 1.050000e+02 -2.600000e+00
      vertex   -4.340000e+01 1.070505e+02 -1.213619e+00
    endloop
  endfacet
  facet normal -1.000000e+00 -0.000000e+00 0.000000e+00
    outer loop
      vertex   -4.340000e+01 1.070505e+02 -1.213619e+00
      vertex   -4.340000e+01 1.050000e+02 -2.600000e+00
      vertex   -4.340000e+01 1.067642e+02 -1.019459e+00
    endloop
  endfacet
  facet normal -1.000000e+00 -0.000000e+00 0.000000e+00
    outer loop
      vertex   -4.340000e+01 1.067642e+02 -1.019459e+00
      vertex   -4.340000e+01 1.050000e+02 -2.600000e+00
      vertex   -4.340000e+01 1.065263e+02 -7.682787e-01
    endloop
  endfacet
  facet normal -1.000000e+00 -0.000000e+00 0.000000e+00
    outer loop
      vertex   -4.340000e+01 1.065263e+02 -7.682787e-01
      vertex   -4.340000e+01 1.050000e+02 -2.600000e+00
      vertex   -4.340000e+01 1.063479e+02 -4.718226e-01
    endloop
  endfacet
  facet normal -1.000000e+00 -0.000000e+00 0.000000e+00
    outer loop
      vertex   -4.340000e+01 1.063479e+02 -4.718226e-01
      vertex   -4.340000e+01 1.050000e+02 -2.600000e+00
      vertex   -4.340000e+01 1.062374e+02 -1.439527e-01
    endloop
  endfacet
  facet normal -0.000000e+00 3.172066e-16 1.000000e+00
    outer loop
      vertex   -4.590000e+01 1.106000e+02 -2.600000e+00
      vertex   -4.590000e+01 1.050000e+02 -2.600000e+00
      vertex   -4.340000e+01 1.106000e+02 -2.600000e+00
    endloop
  endfacet
  facet normal 0.000000e+00 3.172066e-16 1.000000e+00
    outer loop
      vertex   -4.340000e+01 1.106000e+02 -2.600000e+00
      vertex   -4.590000e+01 1.050000e+02 -2.600000e+00
      vertex   -4.340000e+01 1.050000e+02 -2.600000e+00
    endloop
  endfacet
  facet normal 1.000000e+00 0.000000e+00 0.000000e+00
    outer loop
      vertex   -3.900000e+01 1.166000e+02 -6.500000e+00
      vertex   -3.900000e+01 8.200000e+01 -6.500000e+00
      vertex   -3.900000e+01 1.166000e+02 -2.700000e+01
    endloop
  endfacet
  facet normal 1.000000e+00 0.000000e+00 0.000000e+00
    outer loop
      vertex   -3.900000e+01 1.166000e+02 -2.700000e+01
      vertex   -3.900000e+01 8.200000e+01 -6.500000e+00
      vertex   -3.900000e+01 8.200000e+01 -2.700000e+01
    endloop
  endfacet
  facet normal 6.552694e-01 -7.553952e-01 1.599627e-13
    outer loop
      vertex   -2.400000e+01 9.400000e+01 4.732000e+00
      vertex   -2.400000e+01 9.400000e+01 -3.000000e+00
      vertex   -2.346383e+01 9.446510e+01 4.732000e+00
    endloop
  endfacet
  facet normal 6.552694e-01 -7.553952e-01 9.853463e-15
    outer loop
      vertex   -2.346383e+01 9.446510e+01 4.732000e+00
      vertex   -2.400000e+01 9.400000e+01 -3.000000e+00
      vertex   -2.346383e+01 9.446510e+01 -3.000000e+00
    endloop
  endfacet
  facet normal 7.556301e-01 -6.549986e-01 -7.304013e-15
    outer loop
      vertex   -2.346383e+01 9.446510e+01 4.732000e+00
      vertex   -2.346383e+01 9.446510e+01 -3.000000e+00
      vertex   -2.299892e+01 9.500143e+01 4.732000e+00
    endloop
  endfacet
  facet normal 7.556301e-01 -6.549986e-01 8.806646e-15
    outer loop
      vertex   -2.299892e+01 9.500143e+01 4.732000e+00
      vertex   -2.346383e+01 9.446510e+01 -3.000000e+00
      vertex   -2.299892e+01 9.500143e+01 -3.000000e+00
    endloop
  endfacet
  facet normal 8.407635e-01 -5.414026e-01 -7.421765e-15
    outer loop
      vertex   -2.299892e+01 9.500143e+01 4.732000e+00
      vertex   -2.299892e+01 9.500143e+01 -3.000000e+00
      vertex   -2.261465e+01 9.559819e+01 4.732000e+00
    endloop
  endfacet
  facet normal 8.407635e-01 -5.414026e-01 8.862028e-15
    outer loop
      vertex   -2.261465e+01 9.559819e+01 4.732000e+00
      vertex   -2.299892e+01 9.500143e+01 -3.000000e+00
      vertex   -2.261465e+01 9.559819e+01 -3.000000e+00
    endloop
  endfacet
  facet normal 9.089540e-01 -4.168964e-01 -6.515192e-15
    outer loop
      vertex   -2.261465e+01 9.559819e+01 4.732000e+00
      vertex   -2.261465e+01 9.559819e+01 -3.000000e+00
      vertex   -2.231874e+01 9.624336e+01 4.732000e+00
    endloop
  endfacet
  facet normal 9.089540e-01 -4.168964e-01 6.918610e-15
    outer loop
      vertex   -2.231874e+01 9.624336e+01 4.732000e+00
      vertex   -2.261465e+01 9.559819e+01 -3.000000e+00
      vertex   -2.231874e+01 9.624336e+01 -3.000000e+00
    endloop
  endfacet
  facet normal 9.588275e-01 -2.839891e-01 -7.303900e-15
    outer loop
      vertex   -2.231874e+01 9.624336e+01 4.732000e+00
      vertex   -2.231874e+01 9.624336e+01 -3.000000e+00
      vertex   -2.211717e+01 9.692392e+01 4.732000e+00
    endloop
  endfacet
  facet normal 9.588275e-01 -2.839891e-01 6.712756e-15
    outer loop
      vertex   -2.211717e+01 9.692392e+01 4.732000e+00
      vertex   -2.231874e+01 9.624336e+01 -3.000000e+00
      vertex   -2.211717e+01 9.692392e+01 -3.000000e+00
    endloop
  endfacet
  facet normal 9.893790e-01 -1.453588e-01 -6.644527e-15
    outer loop
      vertex   -2.211717e+01 9.692392e+01 4.732000e+00
      vertex   -2.211717e+01 9.692392e+01 -3.000000e+00
      vertex   -2.201400e+01 9.762616e+01 4.732000e+00
    endloop
  endfacet
  facet normal 9.893790e-01 -1.453588e-01 6.192047e-15
    outer loop
      vertex   -2.201400e+01 9.762616e+01 4.732000e+00
      vertex   -2.211717e+01 9.692392e+01 -3.000000e+00
      vertex   -2.201400e+01 9.762616e+01 -3.000000e+00
    endloop
  endfacet
  facet normal 9.999928e-01 -3.799339e-03 -6.104503e-15
    outer loop
      vertex   -2.201400e+01 9.762616e+01 4.732000e+00
      vertex   -2.201400e+01 9.762616e+01 -3.000000e+00
      vertex   -2.201130e+01 9.833594e+01 4.732000e+00
    endloop
  endfacet
  facet normal 9.999928e-01 -3.799339e-03 5.807025e-15
    outer loop
      vertex   -2.201130e+01 9.833594e+01 4.732000e+00
      vertex   -2.201400e+01 9.762616e+01 -3.000000e+00
      vertex   -2.201130e+01 9.833594e+01 -3.000000e+00
    endloop
  endfacet
  facet normal 9.904550e-01 1.378367e-01 -5.178869e-15
    outer loop
      vertex   -2.201130e+01 9.833594e+01 4.732000e+00
      vertex   -2.201130e+01 9.833594e+01 -3.000000e+00
      vertex   -2.210913e+01 9.903895e+01 4.732000e+00
    endloop
  endfacet
  facet normal 9.904550e-01 1.378367e-01 5.846580e-15
    outer loop
      vertex   -2.210913e+01 9.903895e+01 4.732000e+00
      vertex   -2.201130e+01 9.833594e+01 -3.000000e+00
      vertex   -2.210913e+01 9.903895e+01 -3.000000e+00
    endloop
  endfacet
  facet normal 9.609578e-01 2.766951e-01 -4.312279e-15
    outer loop
      vertex   -2.210913e+01 9.903895e+01 4.732000e+00
      vertex   -2.210913e+01 9.903895e+01 -3.000000e+00
      vertex   -2.230553e+01 9.972102e+01 4.732000e+00
    endloop
  endfacet
  facet normal 9.609578e-01 2.766951e-01 4.786585e-15
    outer loop
      vertex   -2.230553e+01 9.972102e+01 4.732000e+00
      vertex   -2.210913e+01 9.903895e+01 -3.000000e+00
      vertex   -2.230553e+01 9.972102e+01 -3.000000e+00
    endloop
  endfacet
  facet normal 9.120956e-01 4.099776e-01 -4.664740e-15
    outer loop
      vertex   -2.230553e+01 9.972102e+01 4.732000e+00
      vertex   -2.230553e+01 9.972102e+01 -3.000000e+00
      vertex   -2.259652e+01 1.003684e+02 4.732000e+00
    endloop
  endfacet
  facet normal 9.120956e-01 4.099776e-01 4.550993e-15
    outer loop
      vertex   -2.259652e+01 1.003684e+02 4.732000e+00
      vertex   -2.230553e+01 9.972102e+01 -3.000000e+00
      vertex   -2.259652e+01 1.003684e+02 -3.000000e+00
    endloop
  endfacet
  facet normal 8.448531e-01 5.349984e-01 -4.059092e-15
    outer loop
      vertex   -2.259652e+01 1.003684e+02 4.732000e+00
      vertex   -2.259652e+01 1.003684e+02 -3.000000e+00
      vertex   -2.297626e+01 1.009681e+02 4.732000e+00
    endloop
  endfacet
  facet normal 8.448531e-01 5.349984e-01 3.781610e-15
    outer loop
      vertex   -2.297626e+01 1.009681e+02 4.732000e+00
      vertex   -2.259652e+01 1.003684e+02 -3.000000e+00
      vertex   -2.297626e+01 1.009681e+02 -3.000000e+00
    endloop
  endfacet
  facet normal 7.605854e-01 6.492380e-01 -3.680490e-15
    outer loop
      vertex   -2.297626e+01 1.009681e+02 4.732000e+00
      vertex   -2.297626e+01 1.009681e+02 -3.000000e+00
      vertex   -2.343707e+01 1.015079e+02 4.732000e+00
    endloop
  endfacet
  facet normal 7.605854e-01 6.492380e-01 2.140944e-15
    outer loop
      vertex   -2.343707e+01 1.015079e+02 4.732000e+00
      vertex   -2.297626e+01 1.009681e+02 -3.000000e+00
      vertex   -2.343707e+01 1.015079e+02 -3.000000e+00
    endloop
  endfacet
  facet normal 6.609905e-01 7.503943e-01 -4.640602e-15
    outer loop
      vertex   -2.343707e+01 1.015079e+02 4.732000e+00
      vertex   -2.343707e+01 1.015079e+02 -3.000000e+00
      vertex   -2.396969e+01 1.019771e+02 4.732000e+00
    endloop
  endfacet
  facet normal 6.609905e-01 7.503943e-01 3.026993e-15
    outer loop
      vertex   -2.396969e+01 1.019771e+02 4.732000e+00
      vertex   -2.343707e+01 1.015079e+02 -3.000000e+00
      vertex   -2.396969e+01 1.019771e+02 -3.000000e+00
    endloop
  endfacet
  facet normal 5.480755e-01 8.364289e-01 -2.608520e-15
    outer loop
      vertex   -2.396969e+01 1.019771e+02 4.732000e+00
      vertex   -2.396969e+01 1.019771e+02 -3.000000e+00
      vertex   -2.456338e+01 1.023661e+02 4.732000e+00
    endloop
  endfacet
  facet normal 5.480755e-01 8.364289e-01 3.315142e-15
    outer loop
      vertex   -2.456338e+01 1.023661e+02 4.732000e+00
      vertex   -2.396969e+01 1.019771e+02 -3.000000e+00
      vertex   -2.456338e+01 1.023661e+02 -3.000000e+00
    endloop
  endfacet
  facet normal 4.241159e-01 9.056079e-01 -1.233373e-15
    outer loop
      vertex   -2.456338e+01 1.023661e+02 4.732000e+00
      vertex   -2.456338e+01 1.023661e+02 -3.000000e+00
      vertex   -2.520616e+01 1.026671e+02 4.732000e+00
    endloop
  endfacet
  facet normal 4.241159e-01 9.056079e-01 2.200963e-15
    outer loop
      vertex   -2.520616e+01 1.026671e+02 4.732000e+00
      vertex   -2.456338e+01 1.023661e+02 -3.000000e+00
      vertex   -2.520616e+01 1.026671e+02 -3.000000e+00
    endloop
  endfacet
  facet normal 2.916095e-01 9.565374e-01 -1.554810e-15
    outer loop
      vertex   -2.520616e+01 1.026671e+02 4.732000e+00
      vertex   -2.520616e+01 1.026671e+02 -3.000000e+00
      vertex   -2.588510e+01 1.028741e+02 4.732000e+00
    endloop
  endfacet
  facet normal 2.916095e-01 9.565374e-01 3.534112e-16
    outer loop
      vertex   -2.588510e+01 1.028741e+02 4.732000e+00
      vertex   -2.520616e+01 1.026671e+02 -3.000000e+00
      vertex   -2.588510e+01 1.028741e+02 -3.000000e+00
    endloop
  endfacet
  facet normal 1.532268e-01 9.881911e-01 -2.491663e-15
    outer loop
      vertex   -2.588510e+01 1.028741e+02 4.732000e+00
      vertex   -2.588510e+01 1.028741e+02 -3.000000e+00
      vertex   -2.658650e+01 1.029829e+02 4.732000e+00
    endloop
  endfacet
  facet normal 1.532268e-01 9.881911e-01 1.971338e-15
    outer loop
      vertex   -2.658650e+01 1.029829e+02 4.732000e+00
      vertex   -2.588510e+01 1.028741e+02 -3.000000e+00
      vertex   -2.658650e+01 1.029829e+02 -3.000000e+00
    endloop
  endfacet
  facet normal 1.175624e-02 9.999309e-01 1.512498e-16
    outer loop
      vertex   -2.658650e+01 1.029829e+02 4.732000e+00
      vertex   -2.658650e+01 1.029829e+02 -3.000000e+00
      vertex   -2.729623e+01 1.029912e+02 4.732000e+00
    endloop
  endfacet
  facet normal 1.175624e-02 9.999309e-01 7.562490e-17
    outer loop
      vertex   -2.729623e+01 1.029912e+02 4.732000e+00
      vertex   -2.658650e+01 1.029829e+02 -3.000000e+00
      vertex   -2.729623e+01 1.029912e+02 -3.000000e+00
    endloop
  endfacet
  facet normal -1.299512e-01 9.915204e-01 -8.359431e-16
    outer loop
      vertex   -2.729623e+01 1.029912e+02 4.732000e+00
      vertex   -2.729623e+01 1.029912e+02 -3.000000e+00
      vertex   -2.800000e+01 1.028990e+02 4.732000e+00
    endloop
  endfacet
  facet normal -1.299512e-01 9.915204e-01 0.000000e+00
    outer loop
      vertex   -2.800000e+01 1.028990e+02 4.732000e+00
      vertex   -2.729623e+01 1.029912e+02 -3.000000e+00
      vertex   -2.800000e+01 1.028990e+02 -3.000000e+00
    endloop
  endfacet
  facet normal 0.000000e+00 1.000000e+00 0.000000e+00
    outer loop
      vertex   -1.700000e+01 6.725000e+01 4.732000e+00
      vertex   -1.700000e+01 6.725000e+01 -3.000000e+00
      vertex   -1.850000e+01 6.725000e+01 4.732000e+00
    endloop
  endfacet
  facet normal 0.000000e+00 1.000000e+00 0.000000e+00
    outer loop
      vertex   -1.850000e+01 6.725000e+01 4.732000e+00
      vertex   -1.700000e+01 6.725000e+01 -3.000000e+00
      vertex   -1.850000e+01 6.725000e+01 -3.000000e+00
    endloop
  endfacet
  facet normal -2.120109e-14 -1.000000e+00 -1.173788e-21
    outer loop
      vertex   -3.550000e+01 8.200000e+01 4.732000e+00
      vertex   -3.818116e+01 8.200000e+01 -4.250243e+00
      vertex   -3.550000e+01 8.200000e+01 3.000000e+00
    endloop
  endfacet
  facet normal 1.244087e-14 -1.000000e+00 -1.244087e-14
    outer loop
      vertex   -3.550000e+01 8.200000e+01 3.000000e+00
      vertex   -3.818116e+01 8.200000e+01 -4.250243e+00
      vertex   -3.774976e+01 8.200000e+01 -3.818844e+00
    endloop
  endfacet
  facet normal 7.590698e-15 -1.000000e+00 -1.084064e-14
    outer loop
      vertex   -3.550000e+01 8.200000e+01 3.000000e+00
      vertex   -3.774976e+01 8.200000e+01 -3.818844e+00
      vertex   -3.725000e+01 8.200000e+01 -3.468911e+00
    endloop
  endfacet
  facet normal 1.575361e-14 -1.000000e+00 -1.103080e-14
    outer loop
      vertex   -3.818116e+01 8.200000e+01 -4.250243e+00
      vertex   -3.550000e+01 8.200000e+01 4.732000e+00
      vertex   -3.853109e+01 8.200000e+01 -4.750000e+00
    endloop
  endfacet
  facet normal -4.335515e-15 -1.000000e+00 -4.608953e-15
    outer loop
      vertex   -3.853109e+01 8.200000e+01 -4.750000e+00
      vertex   -3.550000e+01 8.200000e+01 4.732000e+00
      vertex   -6.500000e+01 8.200000e+01 4.732000e+00
    endloop
  endfacet
  facet normal -2.300203e-15 -1.000000e+00 1.072602e-15
    outer loop
      vertex   -3.853109e+01 8.200000e+01 -4.750000e+00
      vertex   -6.500000e+01 8.200000e+01 4.732000e+00
      vertex   -3.878892e+01 8.200000e+01 -5.302929e+00
    endloop
  endfacet
  facet normal -2.458632e-15 -1.000000e+00 6.587883e-16
    outer loop
      vertex   -3.878892e+01 8.200000e+01 -5.302929e+00
      vertex   -6.500000e+01 8.200000e+01 4.732000e+00
      vertex   -3.894683e+01 8.200000e+01 -5.892231e+00
    endloop
  endfacet
  facet normal 1.577967e-14 -1.000000e+00 4.538349e-14
    outer loop
      vertex   -3.894683e+01 8.200000e+01 -5.892231e+00
      vertex   -6.500000e+01 8.200000e+01 4.732000e+00
      vertex   -3.900000e+01 8.200000e+01 -6.500000e+00
    endloop
  endfacet
  facet normal -3.825999e-15 -1.000000e+00 -5.140305e-29
    outer loop
      vertex   -3.900000e+01 8.200000e+01 -6.500000e+00
      vertex   -6.500000e+01 8.200000e+01 4.732000e+00
      vertex   -6.500000e+01 8.200000e+01 -2.700000e+01
    endloop
  endfacet
  facet normal -3.825999e-15 -1.000000e+00 -0.000000e+00
    outer loop
      vertex   -3.900000e+01 8.200000e+01 -6.500000e+00
      vertex   -6.500000e+01 8.200000e+01 -2.700000e+01
      vertex   -3.900000e+01 8.200000e+01 -2.700000e+01
    endloop
  endfacet
  facet normal 4.689036e-15 -1.000000e+00 -1.005567e-14
    outer loop
      vertex   -3.725000e+01 8.200000e+01 -3.468911e+00
      vertex   -3.669707e+01 8.200000e+01 -3.211076e+00
      vertex   -3.550000e+01 8.200000e+01 3.000000e+00
    endloop
  endfacet
  facet normal 2.585792e-15 -1.000000e+00 -9.650308e-15
    outer loop
      vertex   -3.550000e+01 8.200000e+01 3.000000e+00
      vertex   -3.669707e+01 8.200000e+01 -3.211076e+00
      vertex   -3.610777e+01 8.200000e+01 -3.053173e+00
    endloop
  endfacet
  facet normal -9.352806e-14 -1.000000e+00 2.547468e-27
    outer loop
      vertex   -3.550000e+01 8.200000e+01 3.000000e+00
      vertex   -3.610777e+01 8.200000e+01 -3.053173e+00
      vertex   -3.550000e+01 8.200000e+01 -3.000000e+00
    endloop
  endfacet
  facet normal -1.000000e+00 -2.368476e-15 -1.343520e-14
    outer loop
      vertex   -6.500000e+01 8.200000e+01 4.732000e+00
      vertex   -6.500000e+01 8.800000e+01 4.732000e+00
      vertex   -6.500000e+01 8.200000e+01 -2.700000e+01
    endloop
  endfacet
  facet normal -1.000000e+00 -2.368476e-14 -9.404637e-15
    outer loop
      vertex   -6.500000e+01 8.200000e+01 -2.700000e+01
      vertex   -6.500000e+01 8.800000e+01 4.732000e+00
      vertex   -6.500000e+01 8.800000e+01 -2.700000e+01
    endloop
  endfacet
  facet normal -2.232071e-15 1.000000e+00 7.571029e-07
    outer loop
      vertex   -4.590000e+01 8.800000e+01 4.732000e+00
      vertex   -4.590000e+01 8.800000e+01 3.000000e+00
      vertex   -6.500000e+01 8.800000e+01 4.732000e+00
    endloop
  endfacet
  facet normal -8.988844e-08 1.000000e+00 -2.341611e-07
    outer loop
      vertex   -6.500000e+01 8.800000e+01 4.732000e+00
      vertex   -4.590000e+01 8.800000e+01 3.000000e+00
      vertex   -4.590000e+01 8.800000e+01 -2.600000e+00
    endloop
  endfacet
  facet normal -2.232071e-15 1.000000e+00 -2.099182e-29
    outer loop
      vertex   -6.500000e+01 8.800000e+01 4.732000e+00
      vertex   -4.590000e+01 8.800000e+01 -2.600000e+00
      vertex   -6.500000e+01 8.800000e+01 -2.700000e+01
    endloop
  endfacet
  facet normal -3.720119e-15 1.000000e+00 1.164824e-15
    outer loop
      vertex   -6.500000e+01 8.800000e+01 -2.700000e+01
      vertex   -4.590000e+01 8.800000e+01 -2.600000e+00
      vertex   -4.590000e+01 8.800000e+01 -2.700000e+01
    endloop
  endfacet
  facet normal 5.245209e-07 1.000000e+00 0.000000e+00
    outer loop
      vertex   -4.340000e+01 8.800000e+01 3.000000e+00
      vertex   -4.340000e+01 8.800000e+01 -2.600000e+00
      vertex   -4.590000e+01 8.800000e+01 3.000000e+00
    endloop
  endfacet
  facet normal 0.000000e+00 1.000000e+00 -2.341611e-07
    outer loop
      vertex   -4.590000e+01 8.800000e+01 3.000000e+00
      vertex   -4.340000e+01 8.800000e+01 -2.600000e+00
      vertex   -4.590000e+01 8.800000e+01 -2.600000e+00
    endloop
  endfacet
  facet normal -1.000000e+00 -9.914550e-15 -3.552714e-16
    outer loop
      vertex   -4.590000e+01 9.230000e+01 -2.700000e+01
      vertex   -4.590000e+01 8.800000e+01 -2.700000e+01
      vertex   -4.590000e+01 9.230000e+01 -7.000000e+00
    endloop
  endfacet
  facet normal -1.000000e+00 7.428598e-13 -1.622018e-13
    outer loop
      vertex   -4.590000e+01 9.230000e+01 -7.000000e+00
      vertex   -4.590000e+01 8.800000e+01 -2.700000e+01
      vertex   -4.590000e+01 8.800000e+01 -2.600000e+00
    endloop
  endfacet
  facet normal -1.000000e+00 -3.806479e-15 -8.918984e-13
    outer loop
      vertex   -4.590000e+01 9.230000e+01 -7.000000e+00
      vertex   -4.590000e+01 8.800000e+01 -2.600000e+00
      vertex   -4.590000e+01 9.360000e+01 -2.600000e+00
    endloop
  endfacet
  facet normal -1.000000e+00 2.651704e-21 7.118116e-13
    outer loop
      vertex   -4.590000e+01 9.360000e+01 3.000000e+00
      vertex   -4.590000e+01 1.050000e+02 3.000000e+00
      vertex   -4.590000e+01 9.360000e+01 -2.600000e+00
    endloop
  endfacet
  facet normal -1.000000e+00 -3.739699e-15 7.194245e-13
    outer loop
      vertex   -4.590000e+01 9.360000e+01 -2.600000e+00
      vertex   -4.590000e+01 1.050000e+02 3.000000e+00
      vertex   -4.590000e+01 1.050000e+02 -2.600000e+00
    endloop
  endfacet
  facet normal -1.000000e+00 -3.739699e-15 -8.919181e-13
    outer loop
      vertex   -4.590000e+01 9.360000e+01 -2.600000e+00
      vertex   -4.590000e+01 1.050000e+02 -2.600000e+00
      vertex   -4.590000e+01 9.230000e+01 -7.000000e+00
    endloop
  endfacet
  facet normal -1.000000e+00 -1.015061e-15 -8.997824e-13
    outer loop
      vertex   -4.590000e+01 9.230000e+01 -7.000000e+00
      vertex   -4.590000e+01 1.050000e+02 -2.600000e+00
      vertex   -4.590000e+01 1.063000e+02 -7.000000e+00
    endloop
  endfacet
  facet normal -1.000000e+00 -3.806479e-15 -9.006072e-13
    outer loop
      vertex   -4.590000e+01 1.063000e+02 -7.000000e+00
      vertex   -4.590000e+01 1.050000e+02 -2.600000e+00
      vertex   -4.590000e+01 1.106000e+02 -2.600000e+00
    endloop
  endfacet
  facet normal -1.000000e+00 -7.558083e-13 -1.656962e-13
    outer loop
      vertex   -4.590000e+01 1.063000e+02 -7.000000e+00
      vertex   -4.590000e+01 1.106000e+02 -2.600000e+00
      vertex   -4.590000e+01 1.106000e+02 -2.700000e+01
    endloop
  endfacet
  facet normal -1.000000e+00 1.951982e-30 8.204882e-15
    outer loop
      vertex   -4.590000e+01 8.800000e+01 3.000000e+00
      vertex   -4.590000e+01 8.800000e+01 4.732000e+00
      vertex   -4.590000e+01 9.360000e+01 3.000000e+00
    endloop
  endfacet
  facet normal -1.000000e+00 -6.287989e-16 6.171814e-15
    outer loop
      vertex   -4.590000e+01 9.360000e+01 3.000000e+00
      vertex   -4.590000e+01 8.800000e+01 4.732000e+00
      vertex   -4.590000e+01 1.106000e+02 4.732000e+00
    endloop
  endfacet
  facet normal -1.000000e+00 0.000000e+00 0.000000e+00
    outer loop
      vertex   -4.590000e+01 9.360000e+01 3.000000e+00
      vertex   -4.590000e+01 1.106000e+02 4.732000e+00
      vertex   -4.590000e+01 1.050000e+02 3.000000e+00
    endloop
  endfacet
  facet normal -1.000000e+00 0.000000e+00 0.000000e+00
    outer loop
      vertex   -4.590000e+01 1.050000e+02 3.000000e+00
      vertex   -4.590000e+01 1.106000e+02 4.732000e+00
      vertex   -4.590000e+01 1.106000e+02 3.000000e+00
    endloop
  endfacet
  facet normal -1.000000e+00 1.156697e-14 -7.105427e-16
    outer loop
      vertex   -4.590000e+01 1.106000e+02 -2.700000e+01
      vertex   -4.590000e+01 1.063000e+02 -2.700000e+01
      vertex   -4.590000e+01 1.063000e+02 -7.000000e+00
    endloop
  endfacet
  facet normal -0.000000e+00 -1.000000e+00 -3.782450e-12
    outer loop
      vertex   -4.590000e+01 1.106000e+02 4.732000e+00
      vertex   -6.500000e+01 1.106000e+02 4.732000e+00
      vertex   -4.590000e+01 1.106000e+02 3.000000e+00
    endloop
  endfacet
  facet normal 4.486182e-13 -1.000000e+00 1.164783e-12
    outer loop
      vertex   -4.590000e+01 1.106000e+02 3.000000e+00
      vertex   -6.500000e+01 1.106000e+02 4.732000e+00
      vertex   -4.590000e+01 1.106000e+02 -2.600000e+00
    endloop
  endfacet
  facet normal 0.000000e+00 -1.000000e+00 1.164783e-12
    outer loop
      vertex   -4.590000e+01 1.106000e+02 3.000000e+00
      vertex   -4.590000e+01 1.106000e+02 -2.600000e+00
      vertex   -4.340000e+01 1.106000e+02 -2.600000e+00
    endloop
  endfacet
  facet normal 1.488048e-15 -1.000000e+00 -6.664070e-31
    outer loop
      vertex   -6.500000e+01 1.106000e+02 4.732000e+00
      vertex   -6.500000e+01 1.106000e+02 -2.700000e+01
      vertex   -4.590000e+01 1.106000e+02 -2.600000e+00
    endloop
  endfacet
  facet normal 0.000000e+00 -1.000000e+00 1.164824e-15
    outer loop
      vertex   -4.590000e+01 1.106000e+02 -2.600000e+00
      vertex   -6.500000e+01 1.106000e+02 -2.700000e+01
      vertex   -4.590000e+01 1.106000e+02 -2.700000e+01
    endloop
  endfacet
  facet normal -2.620482e-12 -1.000000e+00 -5.075305e-15
    outer loop
      vertex   -4.340000e+01 1.106000e+02 -2.600000e+00
      vertex   -4.340000e+01 1.106000e+02 3.000000e+00
      vertex   -4.590000e+01 1.106000e+02 3.000000e+00
    endloop
  endfacet
  facet normal -1.000000e+00 1.988809e-31 4.478399e-16
    outer loop
      vertex   -6.500000e+01 1.106000e+02 4.732000e+00
      vertex   -6.500000e+01 1.166000e+02 4.732000e+00
      vertex   -6.500000e+01 1.106000e+02 -2.700000e+01
    endloop
  endfacet
  facet normal -1.000000e+00 0.000000e+00 4.478399e-16
    outer loop
      vertex   -6.500000e+01 1.106000e+02 -2.700000e+01
      vertex   -6.500000e+01 1.166000e+02 4.732000e+00
      vertex   -6.500000e+01 1.166000e+02 -2.700000e+01
    endloop
  endfacet
  facet normal 1.000000e+00 9.790407e-14 9.189637e-16
    outer loop
      vertex   -2.800000e+01 1.111000e+02 4.732000e+00
      vertex   -2.800000e+01 1.028990e+02 4.732000e+00
      vertex   -2.800000e+01 1.111000e+02 -3.000000e+00
    endloop
  endfacet
  facet normal 1.000000e+00 9.703766e-14 0.000000e+00
    outer loop
      vertex   -2.800000e+01 1.111000e+02 -3.000000e+00
      vertex   -2.800000e+01 1.028990e+02 4.732000e+00
      vertex   -2.800000e+01 1.028990e+02 -3.000000e+00
    endloop
  endfacet
  facet normal 9.941380e-01 1.081190e-01 0.000000e+00
    outer loop
      vertex   -2.856259e+01 9.765605e+01 4.732000e+00
      vertex   -2.856259e+01 9.765605e+01 -3.000000e+00
      vertex   -2.860000e+01 9.800000e+01 4.732000e+00
    endloop
  endfacet
  facet normal 9.941380e-01 1.081190e-01 0.000000e+00
    outer loop
      vertex   -2.860000e+01 9.800000e+01 4.732000e+00
      vertex   -2.856259e+01 9.765605e+01 -3.000000e+00
      vertex   -2.860000e+01 9.800000e+01 -3.000000e+00
    endloop
  endfacet
  facet normal 9.941380e-01 -1.081190e-01 0.000000e+00
    outer loop
      vertex   -2.860000e+01 9.800000e+01 4.732000e+00
      vertex   -2.860000e+01 9.800000e+01 -3.000000e+00
      vertex   -2.856259e+01 9.834395e+01 4.732000e+00
    endloop
  endfacet
  facet normal 9.941380e-01 -1.081190e-01 0.000000e+00
    outer loop
      vertex   -2.856259e+01 9.834395e+01 4.732000e+00
      vertex   -2.860000e+01 9.800000e+01 -3.000000e+00
      vertex   -2.856259e+01 9.834395e+01 -3.000000e+00
    endloop
  endfacet
  facet normal 9.476532e-01 -3.193015e-01 0.000000e+00
    outer loop
      vertex   -2.856259e+01 9.834395e+01 4.732000e+00
      vertex   -2.856259e+01 9.834395e+01 -3.000000e+00
      vertex   -2.845212e+01 9.867182e+01 4.732000e+00
    endloop
  endfacet
  facet normal 9.476532e-01 -3.193015e-01 0.000000e+00
    outer loop
      vertex   -2.845212e+01 9.867182e+01 4.732000e+00
      vertex   -2.856259e+01 9.834395e+01 -3.000000e+00
      vertex   -2.845212e+01 9.867182e+01 -3.000000e+00
    endloop
  endfacet
  facet normal 8.568572e-01 -5.155539e-01 0.000000e+00
    outer loop
      vertex   -2.845212e+01 9.867182e+01 4.732000e+00
      vertex   -2.845212e+01 9.867182e+01 -3.000000e+00
      vertex   -2.827375e+01 9.896828e+01 4.732000e+00
    endloop
  endfacet
  facet normal 8.568572e-01 -5.155539e-01 0.000000e+00
    outer loop
      vertex   -2.827375e+01 9.896828e+01 4.732000e+00
      vertex   -2.845212e+01 9.867182e+01 -3.000000e+00
      vertex   -2.827375e+01 9.896828e+01 -3.000000e+00
    endloop
  endfacet
  facet normal 7.259955e-01 -6.876995e-01 0.000000e+00
    outer loop
      vertex   -2.827375e+01 9.896828e+01 4.732000e+00
      vertex   -2.827375e+01 9.896828e+01 -3.000000e+00
      vertex   -2.803582e+01 9.921946e+01 4.732000e+00
    endloop
  endfacet
  facet normal 7.259955e-01 -6.876995e-01 0.000000e+00
    outer loop
      vertex   -2.803582e+01 9.921946e+01 4.732000e+00
      vertex   -2.827375e+01 9.896828e+01 -3.000000e+00
      vertex   -2.803582e+01 9.921946e+01 -3.000000e+00
    endloop
  endfacet
  facet normal 5.611871e-01 -8.276890e-01 0.000000e+00
    outer loop
      vertex   -2.803582e+01 9.921946e+01 4.732000e+00
      vertex   -2.803582e+01 9.921946e+01 -3.000000e+00
      vertex   -2.774945e+01 9.941362e+01 4.732000e+00
    endloop
  endfacet
  facet normal 5.611871e-01 -8.276890e-01 0.000000e+00
    outer loop
      vertex   -2.774945e+01 9.941362e+01 4.732000e+00
      vertex   -2.803582e+01 9.921946e+01 -3.000000e+00
      vertex   -2.774945e+01 9.941362e+01 -3.000000e+00
    endloop
  endfacet
  facet normal 3.701382e-01 -9.289767e-01 0.000000e+00
    outer loop
      vertex   -2.774945e+01 9.941362e+01 4.732000e+00
      vertex   -2.774945e+01 9.941362e+01 -3.000000e+00
      vertex   -2.742805e+01 9.954168e+01 4.732000e+00
    endloop
  endfacet
  facet normal 3.701382e-01 -9.289767e-01 0.000000e+00
    outer loop
      vertex   -2.742805e+01 9.954168e+01 4.732000e+00
      vertex   -2.774945e+01 9.941362e+01 -3.000000e+00
      vertex   -2.742805e+01 9.954168e+01 -3.000000e+00
    endloop
  endfacet
  facet normal 1.617820e-01 -9.868265e-01 0.000000e+00
    outer loop
      vertex   -2.742805e+01 9.954168e+01 4.732000e+00
      vertex   -2.742805e+01 9.954168e+01 -3.000000e+00
      vertex   -2.708662e+01 9.959765e+01 4.732000e+00
    endloop
  endfacet
  facet normal 1.617820e-01 -9.868265e-01 0.000000e+00
    outer loop
      vertex   -2.708662e+01 9.959765e+01 4.732000e+00
      vertex   -2.742805e+01 9.954168e+01 -3.000000e+00
      vertex   -2.708662e+01 9.959765e+01 -3.000000e+00
    endloop
  endfacet
  facet normal -5.413891e-02 -9.985334e-01 -0.000000e+00
    outer loop
      vertex   -2.708662e+01 9.959765e+01 4.732000e+00
      vertex   -2.708662e+01 9.959765e+01 -3.000000e+00
      vertex   -2.674115e+01 9.957892e+01 4.732000e+00
    endloop
  endfacet
  facet normal -5.413891e-02 -9.985334e-01 -0.000000e+00
    outer loop
      vertex   -2.674115e+01 9.957892e+01 4.732000e+00
      vertex   -2.708662e+01 9.959765e+01 -3.000000e+00
      vertex   -2.674115e+01 9.957892e+01 -3.000000e+00
    endloop
  endfacet
  facet normal -2.675283e-01 -9.635500e-01 -0.000000e+00
    outer loop
      vertex   -2.674115e+01 9.957892e+01 4.732000e+00
      vertex   -2.674115e+01 9.957892e+01 -3.000000e+00
      vertex   -2.640778e+01 9.948636e+01 4.732000e+00
    endloop
  endfacet
  facet normal -2.675283e-01 -9.635500e-01 -0.000000e+00
    outer loop
      vertex   -2.640778e+01 9.948636e+01 4.732000e+00
      vertex   -2.674115e+01 9.957892e+01 -3.000000e+00
      vertex   -2.640778e+01 9.948636e+01 -3.000000e+00
    endloop
  endfacet
  facet normal -4.684084e-01 -8.835120e-01 -0.000000e+00
    outer loop
      vertex   -2.640778e+01 9.948636e+01 4.732000e+00
      vertex   -2.640778e+01 9.948636e+01 -3.000000e+00
      vertex   -2.610210e+01 9.932430e+01 4.732000e+00
    endloop
  endfacet
  facet normal -4.684084e-01 -8.835120e-01 -0.000000e+00
    outer loop
      vertex   -2.610210e+01 9.932430e+01 4.732000e+00
      vertex   -2.640778e+01 9.948636e+01 -3.000000e+00
      vertex   -2.610210e+01 9.932430e+01 -3.000000e+00
    endloop
  endfacet
  facet normal -6.473863e-01 -7.621621e-01 -0.000000e+00
    outer loop
      vertex   -2.610210e+01 9.932430e+01 4.732000e+00
      vertex   -2.610210e+01 9.932430e+01 -3.000000e+00
      vertex   -2.583841e+01 9.910032e+01 4.732000e+00
    endloop
  endfacet
  facet normal -6.473863e-01 -7.621621e-01 -0.000000e+00
    outer loop
      vertex   -2.583841e+01 9.910032e+01 4.732000e+00
      vertex   -2.610210e+01 9.932430e+01 -3.000000e+00
      vertex   -2.583841e+01 9.910032e+01 -3.000000e+00
    endloop
  endfacet
  facet normal -7.960931e-01 -6.051742e-01 -0.000000e+00
    outer loop
      vertex   -2.583841e+01 9.910032e+01 4.732000e+00
      vertex   -2.583841e+01 9.910032e+01 -3.000000e+00
      vertex   -2.562903e+01 9.882489e+01 4.732000e+00
    endloop
  endfacet
  facet normal -7.960931e-01 -6.051742e-01 -0.000000e+00
    outer loop
      vertex   -2.562903e+01 9.882489e+01 4.732000e+00
      vertex   -2.583841e+01 9.910032e+01 -3.000000e+00
      vertex   -2.562903e+01 9.882489e+01 -3.000000e+00
    endloop
  endfacet
  facet normal -9.075754e-01 -4.198891e-01 -0.000000e+00
    outer loop
      vertex   -2.562903e+01 9.882489e+01 4.732000e+00
      vertex   -2.562903e+01 9.882489e+01 -3.000000e+00
      vertex   -2.548375e+01 9.851088e+01 4.732000e+00
    endloop
  endfacet
  facet normal -9.075754e-01 -4.198891e-01 -0.000000e+00
    outer loop
      vertex   -2.548375e+01 9.851088e+01 4.732000e+00
      vertex   -2.562903e+01 9.882489e+01 -3.000000e+00
      vertex   -2.548375e+01 9.851088e+01 -3.000000e+00
    endloop
  endfacet
  facet normal -9.766206e-01 -2.149704e-01 -0.000000e+00
    outer loop
      vertex   -2.548375e+01 9.851088e+01 4.732000e+00
      vertex   -2.548375e+01 9.851088e+01 -3.000000e+00
      vertex   -2.540938e+01 9.817299e+01 4.732000e+00
    endloop
  endfacet
  facet normal -9.766206e-01 -2.149704e-01 -0.000000e+00
    outer loop
      vertex   -2.540938e+01 9.817299e+01 4.732000e+00
      vertex   -2.548375e+01 9.851088e+01 -3.000000e+00
      vertex   -2.540938e+01 9.817299e+01 -3.000000e+00
    endloop
  endfacet
  facet normal -1.000000e+00 -0.000000e+00 -0.000000e+00
    outer loop
      vertex   -2.540938e+01 9.817299e+01 4.732000e+00
      vertex   -2.540938e+01 9.817299e+01 -3.000000e+00
      vertex   -2.540938e+01 9.782701e+01 4.732000e+00
    endloop
  endfacet
  facet normal -1.000000e+00 0.000000e+00 0.000000e+00
    outer loop
      vertex   -2.540938e+01 9.782701e+01 4.732000e+00
      vertex   -2.540938e+01 9.817299e+01 -3.000000e+00
      vertex   -2.540938e+01 9.782701e+01 -3.000000e+00
    endloop
  endfacet
  facet normal -9.766206e-01 2.149704e-01 0.000000e+00
    outer loop
      vertex   -2.540938e+01 9.782701e+01 4.732000e+00
      vertex   -2.540938e+01 9.782701e+01 -3.000000e+00
      vertex   -2.548375e+01 9.748912e+01 4.732000e+00
    endloop
  endfacet
  facet normal -9.766206e-01 2.149704e-01 0.000000e+00
    outer loop
      vertex   -2.548375e+01 9.748912e+01 4.732000e+00
      vertex   -2.540938e+01 9.782701e+01 -3.000000e+00
      vertex   -2.548375e+01 9.748912e+01 -3.000000e+00
    endloop
  endfacet
  facet normal -9.075754e-01 4.198891e-01 0.000000e+00
    outer loop
      vertex   -2.548375e+01 9.748912e+01 4.732000e+00
      vertex   -2.548375e+01 9.748912e+01 -3.000000e+00
      vertex   -2.562903e+01 9.717511e+01 4.732000e+00
    endloop
  endfacet
  facet normal -9.075754e-01 4.198891e-01 0.000000e+00
    outer loop
      vertex   -2.562903e+01 9.717511e+01 4.732000e+00
      vertex   -2.548375e+01 9.748912e+01 -3.000000e+00
      vertex   -2.562903e+01 9.717511e+01 -3.000000e+00
    endloop
  endfacet
  facet normal -7.960931e-01 6.051742e-01 0.000000e+00
    outer loop
      vertex   -2.562903e+01 9.717511e+01 4.732000e+00
      vertex   -2.562903e+01 9.717511e+01 -3.000000e+00
      vertex   -2.583841e+01 9.689968e+01 4.732000e+00
    endloop
  endfacet
  facet normal -7.960931e-01 6.051742e-01 0.000000e+00
    outer loop
      vertex   -2.583841e+01 9.689968e+01 4.732000e+00
      vertex   -2.562903e+01 9.717511e+01 -3.000000e+00
      vertex   -2.583841e+01 9.689968e+01 -3.000000e+00
    endloop
  endfacet
  facet normal -6.473863e-01 7.621621e-01 0.000000e+00
    outer loop
      vertex   -2.583841e+01 9.689968e+01 4.732000e+00
      vertex   -2.583841e+01 9.689968e+01 -3.000000e+00
      vertex   -2.610210e+01 9.667570e+01 4.732000e+00
    endloop
  endfacet
  facet normal -6.473863e-01 7.621621e-01 0.000000e+00
    outer loop
      vertex   -2.610210e+01 9.667570e+01 4.732000e+00
      vertex   -2.583841e+01 9.689968e+01 -3.000000e+00
      vertex   -2.610210e+01 9.667570e+01 -3.000000e+00
    endloop
  endfacet
  facet normal -4.684084e-01 8.835120e-01 0.000000e+00
    outer loop
      vertex   -2.610210e+01 9.667570e+01 4.732000e+00
      vertex   -2.610210e+01 9.667570e+01 -3.000000e+00
      vertex   -2.640778e+01 9.651364e+01 4.732000e+00
    endloop
  endfacet
  facet normal -4.684084e-01 8.835120e-01 0.000000e+00
    outer loop
      vertex   -2.640778e+01 9.651364e+01 4.732000e+00
      vertex   -2.610210e+01 9.667570e+01 -3.000000e+00
      vertex   -2.640778e+01 9.651364e+01 -3.000000e+00
    endloop
  endfacet
  facet normal -2.675283e-01 9.635500e-01 0.000000e+00
    outer loop
      vertex   -2.640778e+01 9.651364e+01 4.732000e+00
      vertex   -2.640778e+01 9.651364e+01 -3.000000e+00
      vertex   -2.674115e+01 9.642108e+01 4.732000e+00
    endloop
  endfacet
  facet normal -2.675283e-01 9.635500e-01 0.000000e+00
    outer loop
      vertex   -2.674115e+01 9.642108e+01 4.732000e+00
      vertex   -2.640778e+01 9.651364e+01 -3.000000e+00
      vertex   -2.674115e+01 9.642108e+01 -3.000000e+00
    endloop
  endfacet
  facet normal -5.413891e-02 9.985334e-01 0.000000e+00
    outer loop
      vertex   -2.674115e+01 9.642108e+01 4.732000e+00
      vertex   -2.674115e+01 9.642108e+01 -3.000000e+00
      vertex   -2.708662e+01 9.640235e+01 4.732000e+00
    endloop
  endfacet
  facet normal -5.413891e-02 9.985334e-01 0.000000e+00
    outer loop
      vertex   -2.708662e+01 9.640235e+01 4.732000e+00
      vertex   -2.674115e+01 9.642108e+01 -3.000000e+00
      vertex   -2.708662e+01 9.640235e+01 -3.000000e+00
    endloop
  endfacet
  facet normal 1.617820e-01 9.868265e-01 0.000000e+00
    outer loop
      vertex   -2.708662e+01 9.640235e+01 4.732000e+00
      vertex   -2.708662e+01 9.640235e+01 -3.000000e+00
      vertex   -2.742805e+01 9.645832e+01 4.732000e+00
    endloop
  endfacet
  facet normal 1.617820e-01 9.868265e-01 0.000000e+00
    outer loop
      vertex   -2.742805e+01 9.645832e+01 4.732000e+00
      vertex   -2.708662e+01 9.640235e+01 -3.000000e+00
      vertex   -2.742805e+01 9.645832e+01 -3.000000e+00
    endloop
  endfacet
  facet normal 3.701382e-01 9.289767e-01 0.000000e+00
    outer loop
      vertex   -2.742805e+01 9.645832e+01 4.732000e+00
      vertex   -2.742805e+01 9.645832e+01 -3.000000e+00
      vertex   -2.774945e+01 9.658638e+01 4.732000e+00
    endloop
  endfacet
  facet normal 3.701382e-01 9.289767e-01 0.000000e+00
    outer loop
      vertex   -2.774945e+01 9.658638e+01 4.732000e+00
      vertex   -2.742805e+01 9.645832e+01 -3.000000e+00
      vertex   -2.774945e+01 9.658638e+01 -3.000000e+00
    endloop
  endfacet
  facet normal 5.611871e-01 8.276890e-01 0.000000e+00
    outer loop
      vertex   -2.774945e+01 9.658638e+01 4.732000e+00
      vertex   -2.774945e+01 9.658638e+01 -3.000000e+00
      vertex   -2.803582e+01 9.678054e+01 4.732000e+00
    endloop
  endfacet
  facet normal 5.611871e-01 8.276890e-01 0.000000e+00
    outer loop
      vertex   -2.803582e+01 9.678054e+01 4.732000e+00
      vertex   -2.774945e+01 9.658638e+01 -3.000000e+00
      vertex   -2.803582e+01 9.678054e+01 -3.000000e+00
    endloop
  endfacet
  facet normal 7.259955e-01 6.876995e-01 0.000000e+00
    outer loop
      vertex   -2.803582e+01 9.678054e+01 4.732000e+00
      vertex   -2.803582e+01 9.678054e+01 -3.000000e+00
      vertex   -2.827375e+01 9.703172e+01 4.732000e+00
    endloop
  endfacet
  facet normal 7.259955e-01 6.876995e-01 0.000000e+00
    outer loop
      vertex   -2.827375e+01 9.703172e+01 4.732000e+00
      vertex   -2.803582e+01 9.678054e+01 -3.000000e+00
      vertex   -2.827375e+01 9.703172e+01 -3.000000e+00
    endloop
  endfacet
  facet normal 8.568572e-01 5.155539e-01 0.000000e+00
    outer loop
      vertex   -2.827375e+01 9.703172e+01 4.732000e+00
      vertex   -2.827375e+01 9.703172e+01 -3.000000e+00
      vertex   -2.845212e+01 9.732818e+01 4.732000e+00
    endloop
  endfacet
  facet normal 8.568572e-01 5.155539e-01 0.000000e+00
    outer loop
      vertex   -2.845212e+01 9.732818e+01 4.732000e+00
      vertex   -2.827375e+01 9.703172e+01 -3.000000e+00
      vertex   -2.845212e+01 9.732818e+01 -3.000000e+00
    endloop
  endfacet
  facet normal 9.476532e-01 3.193015e-01 0.000000e+00
    outer loop
      vertex   -2.845212e+01 9.732818e+01 4.732000e+00
      vertex   -2.845212e+01 9.732818e+01 -3.000000e+00
      vertex   -2.856259e+01 9.765605e+01 4.732000e+00
    endloop
  endfacet
  facet normal 9.476532e-01 3.193015e-01 0.000000e+00
    outer loop
      vertex   -2.856259e+01 9.765605e+01 4.732000e+00
      vertex   -2.845212e+01 9.732818e+01 -3.000000e+00
      vertex   -2.856259e+01 9.765605e+01 -3.000000e+00
    endloop
  endfacet
  facet normal -1.125335e-15 0.000000e+00 1.000000e+00
    outer loop
      vertex   -1.200000e+01 6.135898e+01 4.732000e+00
      vertex   -1.200000e+01 6.225000e+01 4.732000e+00
      vertex   -1.910331e+01 6.280069e+01 4.732000e+00
    endloop
  endfacet
  facet normal -3.531552e-16 9.960246e-15 1.000000e+00
    outer loop
      vertex   -1.910331e+01 6.280069e+01 4.732000e+00
      vertex   -1.200000e+01 6.225000e+01 4.732000e+00
      vertex   -1.205089e+01 6.296157e+01 4.732000e+00
    endloop
  endfacet
  facet normal -1.253177e-16 -2.726119e-17 1.000000e+00
    outer loop
      vertex   -1.910331e+01 6.280069e+01 4.732000e+00
      vertex   -1.205089e+01 6.296157e+01 4.732000e+00
      vertex   -1.220254e+01 6.365866e+01 4.732000e+00
    endloop
  endfacet
  facet normal -1.230031e-16 -4.587778e-17 1.000000e+00
    outer loop
      vertex   -1.220254e+01 6.365866e+01 4.732000e+00
      vertex   -1.245184e+01 6.432708e+01 4.732000e+00
      vertex   -1.910331e+01 6.280069e+01 4.732000e+00
    endloop
  endfacet
  facet normal -4.079375e-16 1.195772e-15 1.000000e+00
    outer loop
      vertex   -1.910331e+01 6.280069e+01 4.732000e+00
      vertex   -1.245184e+01 6.432708e+01 4.732000e+00
      vertex   -1.279373e+01 6.495320e+01 4.732000e+00
    endloop
  endfacet
  facet normal 0.000000e+00 0.000000e+00 1.000000e+00
    outer loop
      vertex   -1.910331e+01 6.280069e+01 4.732000e+00
      vertex   -1.279373e+01 6.495320e+01 4.732000e+00
      vertex   -1.905000e+01 6.335898e+01 4.732000e+00
    endloop
  endfacet
  facet normal 0.000000e+00 0.000000e+00 1.000000e+00
    outer loop
      vertex   -1.905000e+01 6.335898e+01 4.732000e+00
      vertex   -1.279373e+01 6.495320e+01 4.732000e+00
      vertex   -1.322125e+01 6.552430e+01 4.732000e+00
    endloop
  endfacet
  facet normal 0.000000e+00 0.000000e+00 1.000000e+00
    outer loop
      vertex   -1.905000e+01 6.335898e+01 4.732000e+00
      vertex   -1.322125e+01 6.552430e+01 4.732000e+00
      vertex   -1.372570e+01 6.602875e+01 4.732000e+00
    endloop
  endfacet
  facet normal 0.000000e+00 0.000000e+00 1.000000e+00
    outer loop
      vertex   -1.372570e+01 6.602875e+01 4.732000e+00
      vertex   -1.429680e+01 6.645627e+01 4.732000e+00
      vertex   -1.905000e+01 6.335898e+01 4.732000e+00
    endloop
  endfacet
  facet normal -7.717859e-16 1.184411e-15 1.000000e+00
    outer loop
      vertex   -1.905000e+01 6.335898e+01 4.732000e+00
      vertex   -1.429680e+01 6.645627e+01 4.732000e+00
      vertex   -1.492292e+01 6.679816e+01 4.732000e+00
    endloop
  endfacet
  facet normal 6.654087e-17 1.784030e-16 1.000000e+00
    outer loop
      vertex   -1.905000e+01 6.335898e+01 4.732000e+00
      vertex   -1.492292e+01 6.679816e+01 4.732000e+00
      vertex   -1.559134e+01 6.704746e+01 4.732000e+00
    endloop
  endfacet
  facet normal 2.330645e-16 2.225496e-17 1.000000e+00
    outer loop
      vertex   -1.905000e+01 6.335898e+01 4.732000e+00
      vertex   -1.559134e+01 6.704746e+01 4.732000e+00
      vertex   -1.910331e+01 6.391728e+01 4.732000e+00
    endloop
  endfacet
  facet normal 4.961551e-17 2.280788e-16 1.000000e+00
    outer loop
      vertex   -1.910331e+01 6.391728e+01 4.732000e+00
      vertex   -1.559134e+01 6.704746e+01 4.732000e+00
      vertex   -1.628843e+01 6.719911e+01 4.732000e+00
    endloop
  endfacet
  facet normal 9.426585e-15 -7.814711e-15 1.000000e+00
    outer loop
      vertex   -1.910331e+01 6.391728e+01 4.732000e+00
      vertex   -1.628843e+01 6.719911e+01 4.732000e+00
      vertex   -1.700000e+01 6.725000e+01 4.732000e+00
    endloop
  endfacet
  facet normal -3.802233e-15 5.341059e-16 1.000000e+00
    outer loop
      vertex   -1.910331e+01 6.391728e+01 4.732000e+00
      vertex   -1.700000e+01 6.725000e+01 4.732000e+00
      vertex   -1.926131e+01 6.445539e+01 4.732000e+00
    endloop
  endfacet
  facet normal 0.000000e+00 -2.542545e-15 1.000000e+00
    outer loop
      vertex   -1.926131e+01 6.445539e+01 4.732000e+00
      vertex   -1.700000e+01 6.725000e+01 4.732000e+00
      vertex   -1.850000e+01 6.725000e+01 4.732000e+00
    endloop
  endfacet
  facet normal -3.226752e-15 -1.663506e-15 1.000000e+00
    outer loop
      vertex   -1.926131e+01 6.445539e+01 4.732000e+00
      vertex   -1.850000e+01 6.725000e+01 4.732000e+00
      vertex   -1.951830e+01 6.495387e+01 4.732000e+00
    endloop
  endfacet
  facet normal -2.516090e-15 -1.978675e-15 1.000000e+00
    outer loop
      vertex   -1.951830e+01 6.495387e+01 4.732000e+00
      vertex   -1.850000e+01 6.725000e+01 4.732000e+00
      vertex   -1.986498e+01 6.539472e+01 4.732000e+00
    endloop
  endfacet
  facet normal -7.321177e-15 1.556563e-15 1.000000e+00
    outer loop
      vertex   -1.986498e+01 6.539472e+01 4.732000e+00
      vertex   -1.850000e+01 6.725000e+01 4.732000e+00
      vertex   -1.921789e+01 6.729705e+01 4.732000e+00
    endloop
  endfacet
  facet normal -6.249268e-16 -7.212040e-16 1.000000e+00
    outer loop
      vertex   -1.986498e+01 6.539472e+01 4.732000e+00
      vertex   -1.921789e+01 6.729705e+01 4.732000e+00
      vertex   -2.028883e+01 6.576198e+01 4.732000e+00
    endloop
  endfacet
  facet normal -2.021284e-16 -1.016168e-15 1.000000e+00
    outer loop
      vertex   -2.028883e+01 6.576198e+01 4.732000e+00
      vertex   -1.921789e+01 6.729705e+01 4.732000e+00
      vertex   -1.992350e+01 6.743741e+01 4.732000e+00
    endloop
  endfacet
  facet normal -5.436858e-16 -9.416915e-16 1.000000e+00
    outer loop
      vertex   -2.028883e+01 6.576198e+01 4.732000e+00
      vertex   -1.992350e+01 6.743741e+01 4.732000e+00
      vertex   -2.077453e+01 6.604240e+01 4.732000e+00
    endloop
  endfacet
  facet normal -3.580941e-16 -1.054911e-15 1.000000e+00
    outer loop
      vertex   -2.077453e+01 6.604240e+01 4.732000e+00
      vertex   -1.992350e+01 6.743741e+01 4.732000e+00
      vertex   -2.060476e+01 6.766866e+01 4.732000e+00
    endloop
  endfacet
  facet normal -3.648637e-16 -1.054204e-15 1.000000e+00
    outer loop
      vertex   -2.077453e+01 6.604240e+01 4.732000e+00
      vertex   -2.060476e+01 6.766866e+01 4.732000e+00
      vertex   -2.130451e+01 6.622583e+01 4.732000e+00
    endloop
  endfacet
  facet normal -4.899576e-16 -9.935358e-16 1.000000e+00
    outer loop
      vertex   -2.130451e+01 6.622583e+01 4.732000e+00
      vertex   -2.060476e+01 6.766866e+01 4.732000e+00
      vertex   -2.125000e+01 6.798686e+01 4.732000e+00
    endloop
  endfacet
  facet normal -1.443869e-16 -1.004233e-15 1.000000e+00
    outer loop
      vertex   -2.130451e+01 6.622583e+01 4.732000e+00
      vertex   -2.125000e+01 6.798686e+01 4.732000e+00
      vertex   -2.185963e+01 6.630564e+01 4.732000e+00
    endloop
  endfacet
  facet normal -1.763494e-15 -4.171217e-16 1.000000e+00
    outer loop
      vertex   -2.185963e+01 6.630564e+01 4.732000e+00
      vertex   -2.125000e+01 6.798686e+01 4.732000e+00
      vertex   -2.184819e+01 6.838656e+01 4.732000e+00
    endloop
  endfacet
  facet normal 2.033733e-17 -4.269331e-16 1.000000e+00
    outer loop
      vertex   -2.185963e+01 6.630564e+01 4.732000e+00
      vertex   -2.184819e+01 6.838656e+01 4.732000e+00
      vertex   -2.241983e+01 6.627896e+01 4.732000e+00
    endloop
  endfacet
  facet normal -2.985576e-16 -3.404397e-16 1.000000e+00
    outer loop
      vertex   -2.241983e+01 6.627896e+01 4.732000e+00
      vertex   -2.184819e+01 6.838656e+01 4.732000e+00
      vertex   -2.238909e+01 6.886091e+01 4.732000e+00
    endloop
  endfacet
  facet normal 8.369390e-17 -3.449909e-16 1.000000e+00
    outer loop
      vertex   -2.241983e+01 6.627896e+01 4.732000e+00
      vertex   -2.238909e+01 6.886091e+01 4.732000e+00
      vertex   -2.296485e+01 6.614674e+01 4.732000e+00
    endloop
  endfacet
  facet normal -3.004631e-16 -2.634990e-16 1.000000e+00
    outer loop
      vertex   -2.296485e+01 6.614674e+01 4.732000e+00
      vertex   -2.238909e+01 6.886091e+01 4.732000e+00
      vertex   -2.286344e+01 6.940181e+01 4.732000e+00
    endloop
  endfacet
  facet normal 1.264092e-16 -2.767976e-16 1.000000e+00
    outer loop
      vertex   -2.296485e+01 6.614674e+01 4.732000e+00
      vertex   -2.286344e+01 6.940181e+01 4.732000e+00
      vertex   -2.347500e+01 6.591376e+01 4.732000e+00
    endloop
  endfacet
  facet normal -2.062123e-15 1.069154e-16 1.000000e+00
    outer loop
      vertex   -2.347500e+01 6.591376e+01 4.732000e+00
      vertex   -2.286344e+01 6.940181e+01 4.732000e+00
      vertex   -2.326314e+01 7.000000e+01 4.732000e+00
    endloop
  endfacet
  facet normal 0.000000e+00 -0.000000e+00 1.000000e+00
    outer loop
      vertex   -2.347500e+01 6.591376e+01 4.732000e+00
      vertex   -2.326314e+01 7.000000e+01 4.732000e+00
      vertex   -2.393184e+01 6.558845e+01 4.732000e+00
    endloop
  endfacet
  facet normal 0.000000e+00 0.000000e+00 1.000000e+00
    outer loop
      vertex   -2.393184e+01 6.558845e+01 4.732000e+00
      vertex   -2.326314e+01 7.000000e+01 4.732000e+00
      vertex   -2.358134e+01 7.064524e+01 4.732000e+00
    endloop
  endfacet
  facet normal 0.000000e+00 -0.000000e+00 1.000000e+00
    outer loop
      vertex   -2.393184e+01 6.558845e+01 4.732000e+00
      vertex   -2.358134e+01 7.064524e+01 4.732000e+00
      vertex   -2.431886e+01 6.518255e+01 4.732000e+00
    endloop
  endfacet
  facet normal 0.000000e+00 0.000000e+00 1.000000e+00
    outer loop
      vertex   -2.431886e+01 6.518255e+01 4.732000e+00
      vertex   -2.358134e+01 7.064524e+01 4.732000e+00
      vertex   -2.381259e+01 7.132650e+01 4.732000e+00
    endloop
  endfacet
  facet normal 0.000000e+00 -0.000000e+00 1.000000e+00
    outer loop
      vertex   -2.431886e+01 6.518255e+01 4.732000e+00
      vertex   -2.381259e+01 7.132650e+01 4.732000e+00
      vertex   -2.462206e+01 6.471075e+01 4.732000e+00
    endloop
  endfacet
  facet normal 5.208941e-16 -6.373425e-17 1.000000e+00
    outer loop
      vertex   -2.462206e+01 6.471075e+01 4.732000e+00
      vertex   -2.381259e+01 7.132650e+01 4.732000e+00
      vertex   -3.000000e+01 7.650000e+01 4.732000e+00
    endloop
  endfacet
  facet normal 1.192545e-15 2.426548e-16 1.000000e+00
    outer loop
      vertex   -2.462206e+01 6.471075e+01 4.732000e+00
      vertex   -3.000000e+01 7.650000e+01 4.732000e+00
      vertex   -3.000000e+01 6.185898e+01 4.732000e+00
    endloop
  endfacet
  facet normal 6.887328e-16 1.369975e-16 1.000000e+00
    outer loop
      vertex   -2.381259e+01 7.132650e+01 4.732000e+00
      vertex   -2.395295e+01 7.203211e+01 4.732000e+00
      vertex   -3.000000e+01 7.650000e+01 4.732000e+00
    endloop
  endfacet
  facet normal -4.185747e-15 -6.460348e-15 1.000000e+00
    outer loop
      vertex   -3.000000e+01 7.650000e+01 4.732000e+00
      vertex   -2.395295e+01 7.203211e+01 4.732000e+00
      vertex   -2.400000e+01 7.275000e+01 4.732000e+00
    endloop
  endfacet
  facet normal 3.070762e-15 5.150068e-15 1.000000e+00
    outer loop
      vertex   -3.000000e+01 7.650000e+01 4.732000e+00
      vertex   -2.400000e+01 7.275000e+01 4.732000e+00
      vertex   -3.004705e+01 7.721789e+01 4.732000e+00
    endloop
  endfacet
  facet normal -8.609160e-16 -1.712468e-16 1.000000e+00
    outer loop
      vertex   -3.004705e+01 7.721789e+01 4.732000e+00
      vertex   -2.400000e+01 7.275000e+01 4.732000e+00
      vertex   -3.018741e+01 7.792350e+01 4.732000e+00
    endloop
  endfacet
  facet normal -1.002178e-15 -3.401936e-16 1.000000e+00
    outer loop
      vertex   -3.018741e+01 7.792350e+01 4.732000e+00
      vertex   -2.400000e+01 7.275000e+01 4.732000e+00
      vertex   -3.041866e+01 7.860476e+01 4.732000e+00
    endloop
  endfacet
  facet normal -4.249994e-16 2.925764e-16 1.000000e+00
    outer loop
      vertex   -3.041866e+01 7.860476e+01 4.732000e+00
      vertex   -2.400000e+01 7.275000e+01 4.732000e+00
      vertex   -2.400000e+01 9.400000e+01 4.732000e+00
    endloop
  endfacet
  facet normal 1.267852e-16 6.252356e-17 1.000000e+00
    outer loop
      vertex   -3.041866e+01 7.860476e+01 4.732000e+00
      vertex   -2.400000e+01 9.400000e+01 4.732000e+00
      vertex   -3.073686e+01 7.925000e+01 4.732000e+00
    endloop
  endfacet
  facet normal -1.212848e-15 6.743827e-16 1.000000e+00
    outer loop
      vertex   -3.073686e+01 7.925000e+01 4.732000e+00
      vertex   -2.400000e+01 9.400000e+01 4.732000e+00
      vertex   -3.113656e+01 7.984819e+01 4.732000e+00
    endloop
  endfacet
  facet normal 4.543725e-17 3.984740e-17 1.000000e+00
    outer loop
      vertex   -3.113656e+01 7.984819e+01 4.732000e+00
      vertex   -2.400000e+01 9.400000e+01 4.732000e+00
      vertex   -3.161091e+01 8.038909e+01 4.732000e+00
    endloop
  endfacet
  facet normal 3.839745e-17 4.378390e-17 1.000000e+00
    outer loop
      vertex   -3.161091e+01 8.038909e+01 4.732000e+00
      vertex   -2.400000e+01 9.400000e+01 4.732000e+00
      vertex   -3.215181e+01 8.086344e+01 4.732000e+00
    endloop
  endfacet
  facet normal -1.017652e-15 6.991091e-16 1.000000e+00
    outer loop
      vertex   -3.215181e+01 8.086344e+01 4.732000e+00
      vertex   -2.400000e+01 9.400000e+01 4.732000e+00
      vertex   -3.275000e+01 8.126314e+01 4.732000e+00
    endloop
  endfacet
  facet normal 6.943141e-16 -4.769816e-16 1.000000e+00
    outer loop
      vertex   -3.275000e+01 8.126314e+01 4.732000e+00
      vertex   -2.400000e+01 9.400000e+01 4.732000e+00
      vertex   -2.742805e+01 9.645832e+01 4.732000e+00
    endloop
  endfacet
  facet normal -8.174866e-17 -2.051737e-16 1.000000e+00
    outer loop
      vertex   -3.275000e+01 8.126314e+01 4.732000e+00
      vertex   -2.742805e+01 9.645832e+01 4.732000e+00
      vertex   -2.774945e+01 9.658638e+01 4.732000e+00
    endloop
  endfacet
  facet normal -3.589311e-15 -3.500843e-15 1.000000e+00
    outer loop
      vertex   -2.346383e+01 9.446510e+01 4.732000e+00
      vertex   -2.583841e+01 9.689968e+01 4.732000e+00
      vertex   -2.400000e+01 9.400000e+01 4.732000e+00
    endloop
  endfacet
  facet normal 6.764271e-16 -7.963515e-16 1.000000e+00
    outer loop
      vertex   -2.400000e+01 9.400000e+01 4.732000e+00
      vertex   -2.583841e+01 9.689968e+01 4.732000e+00
      vertex   -2.610210e+01 9.667570e+01 4.732000e+00
    endloop
  endfacet
  facet normal 4.969524e-16 -9.373517e-16 1.000000e+00
    outer loop
      vertex   -2.400000e+01 9.400000e+01 4.732000e+00
      vertex   -2.610210e+01 9.667570e+01 4.732000e+00
      vertex   -2.640778e+01 9.651364e+01 4.732000e+00
    endloop
  endfacet
  facet normal -0.000000e+00 0.000000e+00 1.000000e+00
    outer loop
      vertex   -2.583841e+01 9.689968e+01 4.732000e+00
      vertex   -2.346383e+01 9.446510e+01 4.732000e+00
      vertex   -2.562903e+01 9.717511e+01 4.732000e+00
    endloop
  endfacet
  facet normal 0.000000e+00 0.000000e+00 1.000000e+00
    outer loop
      vertex   -2.562903e+01 9.717511e+01 4.732000e+00
      vertex   -2.346383e+01 9.446510e+01 4.732000e+00
      vertex   -2.299892e+01 9.500143e+01 4.732000e+00
    endloop
  endfacet
  facet normal 0.000000e+00 0.000000e+00 1.000000e+00
    outer loop
      vertex   -2.562903e+01 9.717511e+01 4.732000e+00
      vertex   -2.299892e+01 9.500143e+01 4.732000e+00
      vertex   -2.261465e+01 9.559819e+01 4.732000e+00
    endloop
  endfacet
  facet normal -0.000000e+00 0.000000e+00 1.000000e+00
    outer loop
      vertex   -2.562903e+01 9.717511e+01 4.732000e+00
      vertex   -2.261465e+01 9.559819e+01 4.732000e+00
      vertex   -2.548375e+01 9.748912e+01 4.732000e+00
    endloop
  endfacet
  facet normal 0.000000e+00 0.000000e+00 1.000000e+00
    outer loop
      vertex   -2.548375e+01 9.748912e+01 4.732000e+00
      vertex   -2.261465e+01 9.559819e+01 4.732000e+00
      vertex   -2.231874e+01 9.624336e+01 4.732000e+00
    endloop
  endfacet
  facet normal 0.000000e+00 0.000000e+00 1.000000e+00
    outer loop
      vertex   -2.548375e+01 9.748912e+01 4.732000e+00
      vertex   -2.231874e+01 9.624336e+01 4.732000e+00
      vertex   -2.211717e+01 9.692392e+01 4.732000e+00
    endloop
  endfacet
  facet normal -0.000000e+00 0.000000e+00 1.000000e+00
    outer loop
      vertex   -2.548375e+01 9.748912e+01 4.732000e+00
      vertex   -2.211717e+01 9.692392e+01 4.732000e+00
      vertex   -2.540938e+01 9.782701e+01 4.732000e+00
    endloop
  endfacet
  facet normal 3.335008e-16 1.215771e-15 1.000000e+00
    outer loop
      vertex   -2.540938e+01 9.782701e+01 4.732000e+00
      vertex   -2.211717e+01 9.692392e+01 4.732000e+00
      vertex   -2.201400e+01 9.762616e+01 4.732000e+00
    endloop
  endfacet
  facet normal 2.615253e-16 -9.936304e-19 1.000000e+00
    outer loop
      vertex   -2.540938e+01 9.782701e+01 4.732000e+00
      vertex   -2.201400e+01 9.762616e+01 4.732000e+00
      vertex   -2.201130e+01 9.833594e+01 4.732000e+00
    endloop
  endfacet
  facet normal 2.613765e-16 -0.000000e+00 1.000000e+00
    outer loop
      vertex   -2.540938e+01 9.782701e+01 4.732000e+00
      vertex   -2.201130e+01 9.833594e+01 4.732000e+00
      vertex   -2.540938e+01 9.817299e+01 4.732000e+00
    endloop
  endfacet
  facet normal 2.596438e-16 3.613333e-17 1.000000e+00
    outer loop
      vertex   -2.540938e+01 9.817299e+01 4.732000e+00
      vertex   -2.201130e+01 9.833594e+01 4.732000e+00
      vertex   -2.210913e+01 9.903895e+01 4.732000e+00
    endloop
  endfacet
  facet normal -6.745941e-17 1.282752e-15 1.000000e+00
    outer loop
      vertex   -2.540938e+01 9.817299e+01 4.732000e+00
      vertex   -2.210913e+01 9.903895e+01 4.732000e+00
      vertex   -2.230553e+01 9.972102e+01 4.732000e+00
    endloop
  endfacet
  facet normal 5.156932e-16 1.135126e-16 1.000000e+00
    outer loop
      vertex   -2.540938e+01 9.817299e+01 4.732000e+00
      vertex   -2.230553e+01 9.972102e+01 4.732000e+00
      vertex   -2.548375e+01 9.851088e+01 4.732000e+00
    endloop
  endfacet
  facet normal 4.772364e-16 2.145129e-16 1.000000e+00
    outer loop
      vertex   -2.548375e+01 9.851088e+01 4.732000e+00
      vertex   -2.230553e+01 9.972102e+01 4.732000e+00
      vertex   -2.259652e+01 1.003684e+02 4.732000e+00
    endloop
  endfacet
  facet normal 4.741227e-16 2.193525e-16 1.000000e+00
    outer loop
      vertex   -2.548375e+01 9.851088e+01 4.732000e+00
      vertex   -2.259652e+01 1.003684e+02 4.732000e+00
      vertex   -2.562903e+01 9.882489e+01 4.732000e+00
    endloop
  endfacet
  facet normal 4.429888e-16 2.805201e-16 1.000000e+00
    outer loop
      vertex   -2.562903e+01 9.882489e+01 4.732000e+00
      vertex   -2.259652e+01 1.003684e+02 4.732000e+00
      vertex   -2.297626e+01 1.009681e+02 4.732000e+00
    endloop
  endfacet
  facet normal 3.963130e-16 3.382940e-16 1.000000e+00
    outer loop
      vertex   -2.562903e+01 9.882489e+01 4.732000e+00
      vertex   -2.297626e+01 1.009681e+02 4.732000e+00
      vertex   -2.343707e+01 1.015079e+02 4.732000e+00
    endloop
  endfacet
  facet normal -1.624830e-15 1.989499e-15 1.000000e+00
    outer loop
      vertex   -2.562903e+01 9.882489e+01 4.732000e+00
      vertex   -2.343707e+01 1.015079e+02 4.732000e+00
      vertex   -2.583841e+01 9.910032e+01 4.732000e+00
    endloop
  endfacet
  facet normal 1.729795e-16 1.963762e-16 1.000000e+00
    outer loop
      vertex   -2.583841e+01 9.910032e+01 4.732000e+00
      vertex   -2.343707e+01 1.015079e+02 4.732000e+00
      vertex   -2.396969e+01 1.019771e+02 4.732000e+00
    endloop
  endfacet
  facet normal 1.689995e-16 1.989616e-16 1.000000e+00
    outer loop
      vertex   -2.583841e+01 9.910032e+01 4.732000e+00
      vertex   -2.396969e+01 1.019771e+02 4.732000e+00
      vertex   -2.610210e+01 9.932430e+01 4.732000e+00
    endloop
  endfacet
  facet normal 1.436978e-16 2.193000e-16 1.000000e+00
    outer loop
      vertex   -2.610210e+01 9.932430e+01 4.732000e+00
      vertex   -2.396969e+01 1.019771e+02 4.732000e+00
      vertex   -2.456338e+01 1.023661e+02 4.732000e+00
    endloop
  endfacet
  facet normal 1.105547e-16 2.360657e-16 1.000000e+00
    outer loop
      vertex   -2.610210e+01 9.932430e+01 4.732000e+00
      vertex   -2.456338e+01 1.023661e+02 4.732000e+00
      vertex   -2.520616e+01 1.026671e+02 4.732000e+00
    endloop
  endfacet
  facet normal 1.233377e-16 2.326397e-16 1.000000e+00
    outer loop
      vertex   -2.610210e+01 9.932430e+01 4.732000e+00
      vertex   -2.520616e+01 1.026671e+02 4.732000e+00
      vertex   -2.640778e+01 9.948636e+01 4.732000e+00
    endloop
  endfacet
  facet normal 7.633558e-17 2.503959e-16 1.000000e+00
    outer loop
      vertex   -2.640778e+01 9.948636e+01 4.732000e+00
      vertex   -2.520616e+01 1.026671e+02 4.732000e+00
      vertex   -2.588510e+01 1.028741e+02 4.732000e+00
    endloop
  endfacet
  facet normal 6.980197e-17 2.514040e-16 1.000000e+00
    outer loop
      vertex   -2.640778e+01 9.948636e+01 4.732000e+00
      vertex   -2.588510e+01 1.028741e+02 4.732000e+00
      vertex   -2.674115e+01 9.957892e+01 4.732000e+00
    endloop
  endfacet
  facet normal 4.017558e-17 2.591005e-16 1.000000e+00
    outer loop
      vertex   -2.674115e+01 9.957892e+01 4.732000e+00
      vertex   -2.588510e+01 1.028741e+02 4.732000e+00
      vertex   -2.658650e+01 1.029829e+02 4.732000e+00
    endloop
  endfacet
  facet normal 1.411222e-17 2.602847e-16 1.000000e+00
    outer loop
      vertex   -2.674115e+01 9.957892e+01 4.732000e+00
      vertex   -2.658650e+01 1.029829e+02 4.732000e+00
      vertex   -2.708662e+01 9.959765e+01 4.732000e+00
    endloop
  endfacet
  facet normal 3.079344e-18 2.619146e-16 1.000000e+00
    outer loop
      vertex   -2.708662e+01 9.959765e+01 4.732000e+00
      vertex   -2.658650e+01 1.029829e+02 4.732000e+00
      vertex   -2.729623e+01 1.029912e+02 4.732000e+00
    endloop
  endfacet
  facet normal -4.247740e-17 2.591007e-16 1.000000e+00
    outer loop
      vertex   -2.708662e+01 9.959765e+01 4.732000e+00
      vertex   -2.729623e+01 1.029912e+02 4.732000e+00
      vertex   -2.742805e+01 9.954168e+01 4.732000e+00
    endloop
  endfacet
  facet normal -5.107475e-15 4.526401e-16 1.000000e+00
    outer loop
      vertex   -2.742805e+01 9.954168e+01 4.732000e+00
      vertex   -2.729623e+01 1.029912e+02 4.732000e+00
      vertex   -2.800000e+01 1.028990e+02 4.732000e+00
    endloop
  endfacet
  facet normal -4.935344e-16 1.238678e-15 1.000000e+00
    outer loop
      vertex   -2.742805e+01 9.954168e+01 4.732000e+00
      vertex   -2.800000e+01 1.028990e+02 4.732000e+00
      vertex   -2.774945e+01 9.941362e+01 4.732000e+00
    endloop
  endfacet
  facet normal -8.237499e-16 1.214940e-15 1.000000e+00
    outer loop
      vertex   -2.774945e+01 9.941362e+01 4.732000e+00
      vertex   -2.800000e+01 1.028990e+02 4.732000e+00
      vertex   -2.803582e+01 9.921946e+01 4.732000e+00
    endloop
  endfacet
  facet normal 2.484325e-15 1.182738e-15 1.000000e+00
    outer loop
      vertex   -2.803582e+01 9.921946e+01 4.732000e+00
      vertex   -2.800000e+01 1.028990e+02 4.732000e+00
      vertex   -2.827375e+01 9.896828e+01 4.732000e+00
    endloop
  endfacet
  facet normal -2.548240e-15 1.533225e-15 1.000000e+00
    outer loop
      vertex   -2.827375e+01 9.896828e+01 4.732000e+00
      vertex   -2.800000e+01 1.028990e+02 4.732000e+00
      vertex   -2.845212e+01 9.867182e+01 4.732000e+00
    endloop
  endfacet
  facet normal -5.481600e-15 1.846966e-15 1.000000e+00
    outer loop
      vertex   -2.845212e+01 9.867182e+01 4.732000e+00
      vertex   -2.800000e+01 1.028990e+02 4.732000e+00
      vertex   -2.856259e+01 9.834395e+01 4.732000e+00
    endloop
  endfacet
  facet normal 3.837065e-16 1.122540e-15 1.000000e+00
    outer loop
      vertex   -2.856259e+01 9.834395e+01 4.732000e+00
      vertex   -2.800000e+01 1.028990e+02 4.732000e+00
      vertex   -4.590000e+01 1.106000e+02 4.732000e+00
    endloop
  endfacet
  facet normal -3.805732e-16 4.138982e-17 1.000000e+00
    outer loop
      vertex   -2.856259e+01 9.834395e+01 4.732000e+00
      vertex   -4.590000e+01 1.106000e+02 4.732000e+00
      vertex   -2.860000e+01 9.800000e+01 4.732000e+00
    endloop
  endfacet
  facet normal -2.389799e-16 2.357996e-16 1.000000e+00
    outer loop
      vertex   -2.860000e+01 9.800000e+01 4.732000e+00
      vertex   -4.590000e+01 1.106000e+02 4.732000e+00
      vertex   -4.590000e+01 8.800000e+01 4.732000e+00
    endloop
  endfacet
  facet normal -9.660642e-17 -1.050658e-17 1.000000e+00
    outer loop
      vertex   -2.860000e+01 9.800000e+01 4.732000e+00
      vertex   -4.590000e+01 8.800000e+01 4.732000e+00
      vertex   -2.856259e+01 9.765605e+01 4.732000e+00
    endloop
  endfacet
  facet normal -8.626899e-17 -2.906741e-17 1.000000e+00
    outer loop
      vertex   -2.856259e+01 9.765605e+01 4.732000e+00
      vertex   -4.590000e+01 8.800000e+01 4.732000e+00
      vertex   -2.845212e+01 9.732818e+01 4.732000e+00
    endloop
  endfacet
  facet normal -1.349939e-16 6.207005e-17 1.000000e+00
    outer loop
      vertex   -2.845212e+01 9.732818e+01 4.732000e+00
      vertex   -4.590000e+01 8.800000e+01 4.732000e+00
      vertex   -3.550000e+01 8.200000e+01 4.732000e+00
    endloop
  endfacet
  facet normal 0.000000e+00 0.000000e+00 1.000000e+00
    outer loop
      vertex   -2.845212e+01 9.732818e+01 4.732000e+00
      vertex   -3.550000e+01 8.200000e+01 4.732000e+00
      vertex   -2.827375e+01 9.703172e+01 4.732000e+00
    endloop
  endfacet
  facet normal 4.797631e-15 -2.306382e-15 1.000000e+00
    outer loop
      vertex   -2.827375e+01 9.703172e+01 4.732000e+00
      vertex   -3.550000e+01 8.200000e+01 4.732000e+00
      vertex   -3.478211e+01 8.195295e+01 4.732000e+00
    endloop
  endfacet
  facet normal -1.708715e-16 -1.618581e-16 1.000000e+00
    outer loop
      vertex   -2.827375e+01 9.703172e+01 4.732000e+00
      vertex   -3.478211e+01 8.195295e+01 4.732000e+00
      vertex   -2.803582e+01 9.678054e+01 4.732000e+00
    endloop
  endfacet
  facet normal -4.370439e-17 -2.197168e-16 1.000000e+00
    outer loop
      vertex   -2.803582e+01 9.678054e+01 4.732000e+00
      vertex   -3.478211e+01 8.195295e+01 4.732000e+00
      vertex   -3.407650e+01 8.181259e+01 4.732000e+00
    endloop
  endfacet
  facet normal -7.086318e-17 -2.087562e-16 1.000000e+00
    outer loop
      vertex   -2.803582e+01 9.678054e+01 4.732000e+00
      vertex   -3.407650e+01 8.181259e+01 4.732000e+00
      vertex   -3.339524e+01 8.158134e+01 4.732000e+00
    endloop
  endfacet
  facet normal -6.050333e-18 2.166019e-16 1.000000e+00
    outer loop
      vertex   -2.800000e+01 1.028990e+02 4.732000e+00
      vertex   -2.800000e+01 1.111000e+02 4.732000e+00
      vertex   -4.590000e+01 1.106000e+02 4.732000e+00
    endloop
  endfacet
  facet normal -8.776467e-18 3.141975e-16 1.000000e+00
    outer loop
      vertex   -4.590000e+01 1.106000e+02 4.732000e+00
      vertex   -2.800000e+01 1.111000e+02 4.732000e+00
      vertex   -3.350000e+01 1.166000e+02 4.732000e+00
    endloop
  endfacet
  facet normal -2.819614e-17 3.543315e-16 1.000000e+00
    outer loop
      vertex   -4.590000e+01 1.106000e+02 4.732000e+00
      vertex   -3.350000e+01 1.166000e+02 4.732000e+00
      vertex   -6.500000e+01 1.166000e+02 4.732000e+00
    endloop
  endfacet
  facet normal -7.421219e-14 -1.476172e-14 1.000000e+00
    outer loop
      vertex   -2.804705e+01 1.118179e+02 4.732000e+00
      vertex   -2.818741e+01 1.125235e+02 4.732000e+00
      vertex   -2.800000e+01 1.111000e+02 4.732000e+00
    endloop
  endfacet
  facet normal -2.402050e-14 -8.153861e-15 1.000000e+00
    outer loop
      vertex   -2.800000e+01 1.111000e+02 4.732000e+00
      vertex   -2.818741e+01 1.125235e+02 4.732000e+00
      vertex   -2.841866e+01 1.132048e+02 4.732000e+00
    endloop
  endfacet
  facet normal -1.147351e-14 -5.658110e-15 1.000000e+00
    outer loop
      vertex   -2.800000e+01 1.111000e+02 4.732000e+00
      vertex   -2.841866e+01 1.132048e+02 4.732000e+00
      vertex   -2.873686e+01 1.138500e+02 4.732000e+00
    endloop
  endfacet
  facet normal -1.016560e-14 -5.307657e-15 1.000000e+00
    outer loop
      vertex   -2.873686e+01 1.138500e+02 4.732000e+00
      vertex   -2.913656e+01 1.144482e+02 4.732000e+00
      vertex   -2.800000e+01 1.111000e+02 4.732000e+00
    endloop
  endfacet
  facet normal -3.454554e-15 -3.029563e-15 1.000000e+00
    outer loop
      vertex   -2.800000e+01 1.111000e+02 4.732000e+00
      vertex   -2.913656e+01 1.144482e+02 4.732000e+00
      vertex   -2.961091e+01 1.149891e+02 4.732000e+00
    endloop
  endfacet
  facet normal -2.201777e-15 -2.510645e-15 1.000000e+00
    outer loop
      vertex   -2.800000e+01 1.111000e+02 4.732000e+00
      vertex   -2.961091e+01 1.149891e+02 4.732000e+00
      vertex   -3.015181e+01 1.154634e+02 4.732000e+00
    endloop
  endfacet
  facet normal -3.634406e-15 -3.217140e-15 1.000000e+00
    outer loop
      vertex   -3.015181e+01 1.154634e+02 4.732000e+00
      vertex   -3.075000e+01 1.158631e+02 4.732000e+00
      vertex   -2.800000e+01 1.111000e+02 4.732000e+00
    endloop
  endfacet
  facet normal -7.713574e-16 -1.564158e-15 1.000000e+00
    outer loop
      vertex   -2.800000e+01 1.111000e+02 4.732000e+00
      vertex   -3.075000e+01 1.158631e+02 4.732000e+00
      vertex   -3.139524e+01 1.161813e+02 4.732000e+00
    endloop
  endfacet
  facet normal -4.604388e-16 -1.356409e-15 1.000000e+00
    outer loop
      vertex   -2.800000e+01 1.111000e+02 4.732000e+00
      vertex   -3.139524e+01 1.161813e+02 4.732000e+00
      vertex   -3.207650e+01 1.164126e+02 4.732000e+00
    endloop
  endfacet
  facet normal -2.354692e-16 -1.183784e-15 1.000000e+00
    outer loop
      vertex   -3.207650e+01 1.164126e+02 4.732000e+00
      vertex   -3.278211e+01 1.165529e+02 4.732000e+00
      vertex   -2.800000e+01 1.111000e+02 4.732000e+00
    endloop
  endfacet
  facet normal -1.056917e-14 -1.024620e-14 1.000000e+00
    outer loop
      vertex   -2.800000e+01 1.111000e+02 4.732000e+00
      vertex   -3.278211e+01 1.165529e+02 4.732000e+00
      vertex   -3.350000e+01 1.166000e+02 4.732000e+00
    endloop
  endfacet
  facet normal 0.000000e+00 4.440892e-16 1.000000e+00
    outer loop
      vertex   -6.500000e+01 1.166000e+02 4.732000e+00
      vertex   -6.500000e+01 1.106000e+02 4.732000e+00
      vertex   -4.590000e+01 1.106000e+02 4.732000e+00
    endloop
  endfacet
  facet normal -9.300298e-17 4.440892e-16 1.000000e+00
    outer loop
      vertex   -6.500000e+01 8.800000e+01 4.732000e+00
      vertex   -6.500000e+01 8.200000e+01 4.732000e+00
      vertex   -4.590000e+01 8.800000e+01 4.732000e+00
    endloop
  endfacet
  facet normal -3.010774e-17 2.438727e-16 1.000000e+00
    outer loop
      vertex   -4.590000e+01 8.800000e+01 4.732000e+00
      vertex   -6.500000e+01 8.200000e+01 4.732000e+00
      vertex   -3.550000e+01 8.200000e+01 4.732000e+00
    endloop
  endfacet
  facet normal -1.279032e-16 -1.886432e-16 1.000000e+00
    outer loop
      vertex   -2.803582e+01 9.678054e+01 4.732000e+00
      vertex   -3.339524e+01 8.158134e+01 4.732000e+00
      vertex   -2.774945e+01 9.658638e+01 4.732000e+00
    endloop
  endfacet
  facet normal -9.848677e-17 -1.997114e-16 1.000000e+00
    outer loop
      vertex   -2.774945e+01 9.658638e+01 4.732000e+00
      vertex   -3.339524e+01 8.158134e+01 4.732000e+00
      vertex   -3.275000e+01 8.126314e+01 4.732000e+00
    endloop
  endfacet
  facet normal 2.462461e-15 -9.736200e-15 1.000000e+00
    outer loop
      vertex   -2.995295e+01 6.114109e+01 4.732000e+00
      vertex   -2.483050e+01 6.252787e+01 4.732000e+00
      vertex   -3.000000e+01 6.185898e+01 4.732000e+00
    endloop
  endfacet
  facet normal 1.173417e-15 2.261576e-16 1.000000e+00
    outer loop
      vertex   -3.000000e+01 6.185898e+01 4.732000e+00
      vertex   -2.483050e+01 6.252787e+01 4.732000e+00
      vertex   -2.493664e+01 6.307857e+01 4.732000e+00
    endloop
  endfacet
  facet normal 1.227890e-15 -2.949554e-26 1.000000e+00
    outer loop
      vertex   -3.000000e+01 6.185898e+01 4.732000e+00
      vertex   -2.493664e+01 6.307857e+01 4.732000e+00
      vertex   -2.493664e+01 6.363940e+01 4.732000e+00
    endloop
  endfacet
  facet normal -1.645296e-16 -3.272696e-17 1.000000e+00
    outer loop
      vertex   -2.995295e+01 6.114109e+01 4.732000e+00
      vertex   -2.981259e+01 6.043548e+01 4.732000e+00
      vertex   -2.483050e+01 6.252787e+01 4.732000e+00
    endloop
  endfacet
  facet normal -1.560299e-16 -5.296501e-17 1.000000e+00
    outer loop
      vertex   -2.483050e+01 6.252787e+01 4.732000e+00
      vertex   -2.981259e+01 6.043548e+01 4.732000e+00
      vertex   -2.958134e+01 5.975423e+01 4.732000e+00
    endloop
  endfacet
  facet normal -9.587890e-16 1.322038e-15 1.000000e+00
    outer loop
      vertex   -2.483050e+01 6.252787e+01 4.732000e+00
      vertex   -2.958134e+01 5.975423e+01 4.732000e+00
      vertex   -2.462206e+01 6.200722e+01 4.732000e+00
    endloop
  endfacet
  facet normal -2.926296e-16 -1.443089e-16 1.000000e+00
    outer loop
      vertex   -2.462206e+01 6.200722e+01 4.732000e+00
      vertex   -2.958134e+01 5.975423e+01 4.732000e+00
      vertex   -2.926314e+01 5.910898e+01 4.732000e+00
    endloop
  endfacet
  facet normal -9.242866e-16 8.671932e-16 1.000000e+00
    outer loop
      vertex   -2.462206e+01 6.200722e+01 4.732000e+00
      vertex   -2.926314e+01 5.910898e+01 4.732000e+00
      vertex   -2.886344e+01 5.851080e+01 4.732000e+00
    endloop
  endfacet
  facet normal -1.215408e-16 -1.065884e-16 1.000000e+00
    outer loop
      vertex   -2.886344e+01 5.851080e+01 4.732000e+00
      vertex   -2.838909e+01 5.796990e+01 4.732000e+00
      vertex   -2.462206e+01 6.200722e+01 4.732000e+00
    endloop
  endfacet
  facet normal -1.396145e-16 -8.972477e-17 1.000000e+00
    outer loop
      vertex   -2.462206e+01 6.200722e+01 4.732000e+00
      vertex   -2.838909e+01 5.796990e+01 4.732000e+00
      vertex   -2.431886e+01 6.153541e+01 4.732000e+00
    endloop
  endfacet
  facet normal -1.091675e-16 -1.244816e-16 1.000000e+00
    outer loop
      vertex   -2.431886e+01 6.153541e+01 4.732000e+00
      vertex   -2.838909e+01 5.796990e+01 4.732000e+00
      vertex   -2.784819e+01 5.749554e+01 4.732000e+00
    endloop
  endfacet
  facet normal -1.030274e-15 6.802191e-16 1.000000e+00
    outer loop
      vertex   -2.431886e+01 6.153541e+01 4.732000e+00
      vertex   -2.784819e+01 5.749554e+01 4.732000e+00
      vertex   -2.725000e+01 5.709584e+01 4.732000e+00
    endloop
  endfacet
  facet normal -0.000000e+00 0.000000e+00 1.000000e+00
    outer loop
      vertex   -2.725000e+01 5.709584e+01 4.732000e+00
      vertex   -2.660476e+01 5.677765e+01 4.732000e+00
      vertex   -2.431886e+01 6.153541e+01 4.732000e+00
    endloop
  endfacet
  facet normal 0.000000e+00 0.000000e+00 1.000000e+00
    outer loop
      vertex   -2.431886e+01 6.153541e+01 4.732000e+00
      vertex   -2.660476e+01 5.677765e+01 4.732000e+00
      vertex   -2.393184e+01 6.112952e+01 4.732000e+00
    endloop
  endfacet
  facet normal 0.000000e+00 0.000000e+00 1.000000e+00
    outer loop
      vertex   -2.393184e+01 6.112952e+01 4.732000e+00
      vertex   -2.660476e+01 5.677765e+01 4.732000e+00
      vertex   -2.592351e+01 5.654639e+01 4.732000e+00
    endloop
  endfacet
  facet normal 0.000000e+00 0.000000e+00 1.000000e+00
    outer loop
      vertex   -2.393184e+01 6.112952e+01 4.732000e+00
      vertex   -2.592351e+01 5.654639e+01 4.732000e+00
      vertex   -2.521789e+01 5.640604e+01 4.732000e+00
    endloop
  endfacet
  facet normal 0.000000e+00 0.000000e+00 1.000000e+00
    outer loop
      vertex   -2.393184e+01 6.112952e+01 4.732000e+00
      vertex   -2.521789e+01 5.640604e+01 4.732000e+00
      vertex   -2.347500e+01 6.080421e+01 4.732000e+00
    endloop
  endfacet
  facet normal -9.647033e-15 3.822897e-15 1.000000e+00
    outer loop
      vertex   -2.347500e+01 6.080421e+01 4.732000e+00
      vertex   -2.521789e+01 5.640604e+01 4.732000e+00
      vertex   -2.450000e+01 5.635898e+01 4.732000e+00
    endloop
  endfacet
  facet normal 6.604364e-16 1.446154e-15 1.000000e+00
    outer loop
      vertex   -2.347500e+01 6.080421e+01 4.732000e+00
      vertex   -2.450000e+01 5.635898e+01 4.732000e+00
      vertex   -2.296485e+01 6.057123e+01 4.732000e+00
    endloop
  endfacet
  facet normal 3.759829e-16 1.549823e-15 1.000000e+00
    outer loop
      vertex   -2.296485e+01 6.057123e+01 4.732000e+00
      vertex   -2.450000e+01 5.635898e+01 4.732000e+00
      vertex   -2.241983e+01 6.043901e+01 4.732000e+00
    endloop
  endfacet
  facet normal 8.099155e-17 1.700222e-15 1.000000e+00
    outer loop
      vertex   -2.241983e+01 6.043901e+01 4.732000e+00
      vertex   -2.450000e+01 5.635898e+01 4.732000e+00
      vertex   -2.185963e+01 6.041233e+01 4.732000e+00
    endloop
  endfacet
  facet normal -2.780854e-16 1.934126e-15 1.000000e+00
    outer loop
      vertex   -2.185963e+01 6.041233e+01 4.732000e+00
      vertex   -2.450000e+01 5.635898e+01 4.732000e+00
      vertex   -2.130451e+01 6.049214e+01 4.732000e+00
    endloop
  endfacet
  facet normal 0.000000e+00 1.719129e-15 1.000000e+00
    outer loop
      vertex   -2.130451e+01 6.049214e+01 4.732000e+00
      vertex   -2.450000e+01 5.635898e+01 4.732000e+00
      vertex   -1.700000e+01 5.635898e+01 4.732000e+00
    endloop
  endfacet
  facet normal -4.373518e-16 1.263645e-15 1.000000e+00
    outer loop
      vertex   -2.130451e+01 6.049214e+01 4.732000e+00
      vertex   -1.700000e+01 5.635898e+01 4.732000e+00
      vertex   -2.077453e+01 6.067557e+01 4.732000e+00
    endloop
  endfacet
  facet normal -6.315334e-16 1.093848e-15 1.000000e+00
    outer loop
      vertex   -2.077453e+01 6.067557e+01 4.732000e+00
      vertex   -1.700000e+01 5.635898e+01 4.732000e+00
      vertex   -2.028883e+01 6.095598e+01 4.732000e+00
    endloop
  endfacet
  facet normal -8.267841e-16 9.541597e-16 1.000000e+00
    outer loop
      vertex   -2.028883e+01 6.095598e+01 4.732000e+00
      vertex   -1.700000e+01 5.635898e+01 4.732000e+00
      vertex   -1.986498e+01 6.132325e+01 4.732000e+00
    endloop
  endfacet
  facet normal -1.049712e-15 8.255030e-16 1.000000e+00
    outer loop
      vertex   -1.986498e+01 6.132325e+01 4.732000e+00
      vertex   -1.700000e+01 5.635898e+01 4.732000e+00
      vertex   -1.951830e+01 6.176409e+01 4.732000e+00
    endloop
  endfacet
  facet normal 9.572503e-15 5.774514e-15 1.000000e+00
    outer loop
      vertex   -1.951830e+01 6.176409e+01 4.732000e+00
      vertex   -1.700000e+01 5.635898e+01 4.732000e+00
      vertex   -1.628843e+01 5.640988e+01 4.732000e+00
    endloop
  endfacet
  facet normal 0.000000e+00 0.000000e+00 1.000000e+00
    outer loop
      vertex   -1.951830e+01 6.176409e+01 4.732000e+00
      vertex   -1.628843e+01 5.640988e+01 4.732000e+00
      vertex   -1.559134e+01 5.656152e+01 4.732000e+00
    endloop
  endfacet
  facet normal -0.000000e+00 0.000000e+00 1.000000e+00
    outer loop
      vertex   -1.951830e+01 6.176409e+01 4.732000e+00
      vertex   -1.559134e+01 5.656152e+01 4.732000e+00
      vertex   -1.926131e+01 6.226258e+01 4.732000e+00
    endloop
  endfacet
  facet normal 0.000000e+00 0.000000e+00 1.000000e+00
    outer loop
      vertex   -1.926131e+01 6.226258e+01 4.732000e+00
      vertex   -1.559134e+01 5.656152e+01 4.732000e+00
      vertex   -1.492292e+01 5.681082e+01 4.732000e+00
    endloop
  endfacet
  facet normal 9.888431e-16 7.869000e-16 1.000000e+00
    outer loop
      vertex   -1.926131e+01 6.226258e+01 4.732000e+00
      vertex   -1.492292e+01 5.681082e+01 4.732000e+00
      vertex   -1.429680e+01 5.715272e+01 4.732000e+00
    endloop
  endfacet
  facet normal 7.533002e-17 -1.006291e-16 1.000000e+00
    outer loop
      vertex   -1.429680e+01 5.715272e+01 4.732000e+00
      vertex   -1.372570e+01 5.758024e+01 4.732000e+00
      vertex   -1.926131e+01 6.226258e+01 4.732000e+00
    endloop
  endfacet
  facet normal 8.692325e-17 -8.692325e-17 1.000000e+00
    outer loop
      vertex   -1.926131e+01 6.226258e+01 4.732000e+00
      vertex   -1.372570e+01 5.758024e+01 4.732000e+00
      vertex   -1.322125e+01 5.808468e+01 4.732000e+00
    endloop
  endfacet
  facet normal 9.688234e-17 -7.252521e-17 1.000000e+00
    outer loop
      vertex   -1.926131e+01 6.226258e+01 4.732000e+00
      vertex   -1.322125e+01 5.808468e+01 4.732000e+00
      vertex   -1.279373e+01 5.865578e+01 4.732000e+00
    endloop
  endfacet
  facet normal 7.116837e-16 1.029914e-15 1.000000e+00
    outer loop
      vertex   -1.279373e+01 5.865578e+01 4.732000e+00
      vertex   -1.245184e+01 5.928191e+01 4.732000e+00
      vertex   -1.926131e+01 6.226258e+01 4.732000e+00
    endloop
  endfacet
  facet normal 8.713546e-16 1.394690e-15 1.000000e+00
    outer loop
      vertex   -1.926131e+01 6.226258e+01 4.732000e+00
      vertex   -1.245184e+01 5.928191e+01 4.732000e+00
      vertex   -1.910331e+01 6.280069e+01 4.732000e+00
    endloop
  endfacet
  facet normal 1.115254e-16 -4.159684e-17 1.000000e+00
    outer loop
      vertex   -1.910331e+01 6.280069e+01 4.732000e+00
      vertex   -1.245184e+01 5.928191e+01 4.732000e+00
      vertex   -1.220254e+01 5.995032e+01 4.732000e+00
    endloop
  endfacet
  facet normal 1.180957e-16 -2.569015e-17 1.000000e+00
    outer loop
      vertex   -1.910331e+01 6.280069e+01 4.732000e+00
      vertex   -1.220254e+01 5.995032e+01 4.732000e+00
      vertex   -1.205089e+01 6.064741e+01 4.732000e+00
    endloop
  endfacet
  facet normal -3.606344e-15 -1.222395e-14 1.000000e+00
    outer loop
      vertex   -1.205089e+01 6.064741e+01 4.732000e+00
      vertex   -1.200000e+01 6.135898e+01 4.732000e+00
      vertex   -1.910331e+01 6.280069e+01 4.732000e+00
    endloop
  endfacet
  facet normal 1.317155e-15 -2.538608e-16 1.000000e+00
    outer loop
      vertex   -2.493664e+01 6.363940e+01 4.732000e+00
      vertex   -2.483050e+01 6.419009e+01 4.732000e+00
      vertex   -3.000000e+01 6.185898e+01 4.732000e+00
    endloop
  endfacet
  facet normal 5.289228e-16 1.494131e-15 1.000000e+00
    outer loop
      vertex   -3.000000e+01 6.185898e+01 4.732000e+00
      vertex   -2.483050e+01 6.419009e+01 4.732000e+00
      vertex   -2.462206e+01 6.471075e+01 4.732000e+00
    endloop
  endfacet
  facet normal 3.099806e-16 -1.116449e-15 1.000000e+00
    outer loop
      vertex   -2.640778e+01 9.651364e+01 4.732000e+00
      vertex   -2.674115e+01 9.642108e+01 4.732000e+00
      vertex   -2.400000e+01 9.400000e+01 4.732000e+00
    endloop
  endfacet
  facet normal 7.495920e-17 -1.382541e-15 1.000000e+00
    outer loop
      vertex   -2.400000e+01 9.400000e+01 4.732000e+00
      vertex   -2.674115e+01 9.642108e+01 4.732000e+00
      vertex   -2.708662e+01 9.640235e+01 4.732000e+00
    endloop
  endfacet
  facet normal -3.071410e-16 -1.873477e-15 1.000000e+00
    outer loop
      vertex   -2.400000e+01 9.400000e+01 4.732000e+00
      vertex   -2.708662e+01 9.640235e+01 4.732000e+00
      vertex   -2.742805e+01 9.645832e+01 4.732000e+00
    endloop
  endfacet
endsolid
