solid ASCII
  facet normal 2.881606e-11 1.000000e+00 -7.105427e-16
    outer loop
      vertex   -4.590000e+01 9.230000e+01 7.000000e+00
      vertex   -4.590000e+01 9.230000e+01 2.700000e+01
      vertex   -4.190000e+01 9.230000e+01 7.000000e+00
    endloop
  endfacet
  facet normal 2.881606e-11 1.000000e+00 -7.105427e-16
    outer loop
      vertex   -4.190000e+01 9.230000e+01 7.000000e+00
      vertex   -4.590000e+01 9.230000e+01 2.700000e+01
      vertex   -4.190000e+01 9.230000e+01 2.700000e+01
    endloop
  endfacet
  facet normal -2.881606e-11 -1.000000e+00 7.105427e-16
    outer loop
      vertex   -4.590000e+01 1.063000e+02 2.700000e+01
      vertex   -4.590000e+01 1.063000e+02 7.000000e+00
      vertex   -4.190000e+01 1.063000e+02 2.700000e+01
    endloop
  endfacet
  facet normal -2.881606e-11 -1.000000e+00 7.105427e-16
    outer loop
      vertex   -4.190000e+01 1.063000e+02 2.700000e+01
      vertex   -4.590000e+01 1.063000e+02 7.000000e+00
      vertex   -4.190000e+01 1.063000e+02 7.000000e+00
    endloop
  endfacet
  facet normal 2.193755e-26 7.612958e-16 1.000000e+00
    outer loop
      vertex   -4.590000e+01 1.063000e+02 7.000000e+00
      vertex   -4.590000e+01 9.230000e+01 7.000000e+00
      vertex   -4.190000e+01 1.063000e+02 7.000000e+00
    endloop
  endfacet
  facet normal 2.193755e-26 7.612958e-16 1.000000e+00
    outer loop
      vertex   -4.190000e+01 1.063000e+02 7.000000e+00
      vertex   -4.590000e+01 9.230000e+01 7.000000e+00
      vertex   -4.190000e+01 9.230000e+01 7.000000e+00
    endloop
  endfacet
  facet normal -1.000000e+00 2.881606e-11 -2.047504e-26
    outer loop
      vertex   -4.190000e+01 9.230000e+01 7.000000e+00
      vertex   -4.190000e+01 9.230000e+01 2.700000e+01
      vertex   -4.190000e+01 1.063000e+02 7.000000e+00
    endloop
  endfacet
  facet normal -1.000000e+00 2.881606e-11 -2.047504e-26
    outer loop
      vertex   -4.190000e+01 1.063000e+02 7.000000e+00
      vertex   -4.190000e+01 9.230000e+01 2.700000e+01
      vertex   -4.190000e+01 1.063000e+02 2.700000e+01
    endloop
  endfacet
  facet normal -0.000000e+00 -0.000000e+00 1.000000e+00
    outer loop
      vertex   -4.590000e+01 1.063000e+02 2.700000e+01
      vertex   -4.190000e+01 1.063000e+02 2.700000e+01
      vertex   -4.590000e+01 1.106000e+02 2.700000e+01
    endloop
  endfacet
  facet normal -0.000000e+00 0.000000e+00 1.000000e+00
    outer loop
      vertex   -4.590000e+01 1.106000e+02 2.700000e+01
      vertex   -4.190000e+01 1.063000e+02 2.700000e+01
      vertex   -3.900000e+01 1.166000e+02 2.700000e+01
    endloop
  endfacet
  facet normal 0.000000e+00 -0.000000e+00 1.000000e+00
    outer loop
      vertex   -4.590000e+01 1.106000e+02 2.700000e+01
      vertex   -3.900000e+01 1.166000e+02 2.700000e+01
      vertex   -6.500000e+01 1.166000e+02 2.700000e+01
    endloop
  endfacet
  facet normal 0.000000e+00 0.000000e+00 1.000000e+00
    outer loop
      vertex   -3.900000e+01 1.166000e+02 2.700000e+01
      vertex   -4.190000e+01 1.063000e+02 2.700000e+01
      vertex   -3.900000e+01 8.200000e+01 2.700000e+01
    endloop
  endfacet
  facet normal 4.252756e-15 5.075305e-16 1.000000e+00
    outer loop
      vertex   -3.900000e+01 8.200000e+01 2.700000e+01
      vertex   -4.190000e+01 1.063000e+02 2.700000e+01
      vertex   -4.190000e+01 9.230000e+01 2.700000e+01
    endloop
  endfacet
  facet normal -7.943463e-16 -9.134982e-16 1.000000e+00
    outer loop
      vertex   -3.900000e+01 8.200000e+01 2.700000e+01
      vertex   -4.190000e+01 9.230000e+01 2.700000e+01
      vertex   -4.590000e+01 8.800000e+01 2.700000e+01
    endloop
  endfacet
  facet normal -4.761638e-26 -1.652425e-15 1.000000e+00
    outer loop
      vertex   -4.590000e+01 8.800000e+01 2.700000e+01
      vertex   -4.190000e+01 9.230000e+01 2.700000e+01
      vertex   -4.590000e+01 9.230000e+01 2.700000e+01
    endloop
  endfacet
  facet normal -0.000000e+00 0.000000e+00 1.000000e+00
    outer loop
      vertex   -6.500000e+01 8.800000e+01 2.700000e+01
      vertex   -6.500000e+01 8.200000e+01 2.700000e+01
      vertex   -4.590000e+01 8.800000e+01 2.700000e+01
    endloop
  endfacet
  facet normal 0.000000e+00 0.000000e+00 1.000000e+00
    outer loop
      vertex   -4.590000e+01 8.800000e+01 2.700000e+01
      vertex   -6.500000e+01 8.200000e+01 2.700000e+01
      vertex   -3.900000e+01 8.200000e+01 2.700000e+01
    endloop
  endfacet
  facet normal 0.000000e+00 0.000000e+00 1.000000e+00
    outer loop
      vertex   -6.500000e+01 1.166000e+02 2.700000e+01
      vertex   -6.500000e+01 1.106000e+02 2.700000e+01
      vertex   -4.590000e+01 1.106000e+02 2.700000e+01
    endloop
  endfacet
  facet normal 9.961947e-01 5.851315e-17 8.715574e-02
    outer loop
      vertex   -3.894987e+01 8.484925e+01 1.272696e+01
      vertex   -3.894987e+01 9.543283e+01 1.272696e+01
      vertex   -3.900000e+01 8.484925e+01 1.330000e+01
    endloop
  endfacet
  facet normal 9.961947e-01 2.906416e-17 8.715574e-02
    outer loop
      vertex   -3.900000e+01 8.484925e+01 1.330000e+01
      vertex   -3.894987e+01 9.543283e+01 1.272696e+01
      vertex   -3.894987e+01 1.060164e+02 1.272696e+01
    endloop
  endfacet
  facet normal 9.961947e-01 2.925657e-17 8.715574e-02
    outer loop
      vertex   -3.900000e+01 8.484925e+01 1.330000e+01
      vertex   -3.894987e+01 1.060164e+02 1.272696e+01
      vertex   -3.900000e+01 1.166000e+02 1.330000e+01
    endloop
  endfacet
  facet normal 9.961947e-01 -1.481702e-17 8.715574e-02
    outer loop
      vertex   -3.900000e+01 1.166000e+02 1.330000e+01
      vertex   -3.894987e+01 1.060164e+02 1.272696e+01
      vertex   -3.894987e+01 1.166000e+02 1.272696e+01
    endloop
  endfacet
  facet normal 9.659258e-01 -4.344039e-17 2.588190e-01
    outer loop
      vertex   -3.894987e+01 1.166000e+02 1.272696e+01
      vertex   -3.894987e+01 1.060164e+02 1.272696e+01
      vertex   -3.880099e+01 1.166000e+02 1.217133e+01
    endloop
  endfacet
  facet normal 9.659258e-01 0.000000e+00 2.588190e-01
    outer loop
      vertex   -3.880099e+01 1.166000e+02 1.217133e+01
      vertex   -3.894987e+01 1.060164e+02 1.272696e+01
      vertex   -3.880099e+01 1.060164e+02 1.217133e+01
    endloop
  endfacet
  facet normal 9.063078e-01 0.000000e+00 4.226183e-01
    outer loop
      vertex   -3.880099e+01 1.166000e+02 1.217133e+01
      vertex   -3.880099e+01 1.060164e+02 1.217133e+01
      vertex   -3.855788e+01 1.166000e+02 1.165000e+01
    endloop
  endfacet
  facet normal 9.063078e-01 0.000000e+00 4.226183e-01
    outer loop
      vertex   -3.855788e+01 1.166000e+02 1.165000e+01
      vertex   -3.880099e+01 1.060164e+02 1.217133e+01
      vertex   -3.855788e+01 1.060164e+02 1.165000e+01
    endloop
  endfacet
  facet normal 8.191520e-01 0.000000e+00 5.735764e-01
    outer loop
      vertex   -3.855788e+01 1.166000e+02 1.165000e+01
      vertex   -3.855788e+01 1.060164e+02 1.165000e+01
      vertex   -3.822795e+01 1.166000e+02 1.117880e+01
    endloop
  endfacet
  facet normal 8.191520e-01 1.925390e-16 5.735764e-01
    outer loop
      vertex   -3.822795e+01 1.166000e+02 1.117880e+01
      vertex   -3.855788e+01 1.060164e+02 1.165000e+01
      vertex   -3.822795e+01 1.060164e+02 1.117880e+01
    endloop
  endfacet
  facet normal 7.071068e-01 2.373627e-16 7.071068e-01
    outer loop
      vertex   -3.822795e+01 1.166000e+02 1.117880e+01
      vertex   -3.822795e+01 1.060164e+02 1.117880e+01
      vertex   -3.782120e+01 1.166000e+02 1.077205e+01
    endloop
  endfacet
  facet normal 7.071068e-01 -2.373627e-16 7.071068e-01
    outer loop
      vertex   -3.782120e+01 1.166000e+02 1.077205e+01
      vertex   -3.822795e+01 1.060164e+02 1.117880e+01
      vertex   -3.782120e+01 1.060164e+02 1.077205e+01
    endloop
  endfacet
  facet normal 5.735764e-01 -1.101038e-16 8.191520e-01
    outer loop
      vertex   -3.782120e+01 1.166000e+02 1.077205e+01
      vertex   -3.782120e+01 1.060164e+02 1.077205e+01
      vertex   -3.735000e+01 1.166000e+02 1.044212e+01
    endloop
  endfacet
  facet normal 5.735764e-01 4.124613e-16 8.191520e-01
    outer loop
      vertex   -3.735000e+01 1.166000e+02 1.044212e+01
      vertex   -3.782120e+01 1.060164e+02 1.077205e+01
      vertex   -3.735000e+01 1.060164e+02 1.044212e+01
    endloop
  endfacet
  facet normal 4.226183e-01 4.563462e-16 9.063078e-01
    outer loop
      vertex   -3.735000e+01 1.166000e+02 1.044212e+01
      vertex   -3.735000e+01 1.060164e+02 1.044212e+01
      vertex   -3.682867e+01 1.166000e+02 1.019901e+01
    endloop
  endfacet
  facet normal 4.226183e-01 1.726159e-16 9.063078e-01
    outer loop
      vertex   -3.682867e+01 1.166000e+02 1.019901e+01
      vertex   -3.735000e+01 1.060164e+02 1.044212e+01
      vertex   -3.682867e+01 1.060164e+02 1.019901e+01
    endloop
  endfacet
  facet normal 2.588190e-01 3.126037e-16 9.659258e-01
    outer loop
      vertex   -3.682867e+01 1.166000e+02 1.019901e+01
      vertex   -3.682867e+01 1.060164e+02 1.019901e+01
      vertex   -3.627304e+01 1.166000e+02 1.005013e+01
    endloop
  endfacet
  facet normal 2.588190e-01 3.126037e-16 9.659258e-01
    outer loop
      vertex   -3.627304e+01 1.166000e+02 1.005013e+01
      vertex   -3.682867e+01 1.060164e+02 1.019901e+01
      vertex   -3.627304e+01 1.060164e+02 1.005013e+01
    endloop
  endfacet
  facet normal 8.715574e-02 4.430931e-16 9.961947e-01
    outer loop
      vertex   -3.627304e+01 1.166000e+02 1.005013e+01
      vertex   -3.627304e+01 1.060164e+02 1.005013e+01
      vertex   -3.570000e+01 1.166000e+02 1.000000e+01
    endloop
  endfacet
  facet normal 8.715574e-02 3.345228e-16 9.961947e-01
    outer loop
      vertex   -3.570000e+01 1.166000e+02 1.000000e+01
      vertex   -3.627304e+01 1.060164e+02 1.005013e+01
      vertex   -3.627304e+01 9.543283e+01 1.005013e+01
    endloop
  endfacet
  facet normal 8.715574e-02 0.000000e+00 9.961947e-01
    outer loop
      vertex   -3.570000e+01 1.166000e+02 1.000000e+01
      vertex   -3.627304e+01 9.543283e+01 1.005013e+01
      vertex   -3.570000e+01 8.484925e+01 1.000000e+01
    endloop
  endfacet
  facet normal 8.715574e-02 3.926511e-16 9.961947e-01
    outer loop
      vertex   -3.570000e+01 8.484925e+01 1.000000e+01
      vertex   -3.627304e+01 9.543283e+01 1.005013e+01
      vertex   -3.627304e+01 8.484925e+01 1.005013e+01
    endloop
  endfacet
  facet normal 2.588190e-01 4.980050e-16 9.659258e-01
    outer loop
      vertex   -3.627304e+01 8.484925e+01 1.005013e+01
      vertex   -3.627304e+01 9.543283e+01 1.005013e+01
      vertex   -3.682867e+01 8.484925e+01 1.019901e+01
    endloop
  endfacet
  facet normal 2.588190e-01 4.980050e-16 9.659258e-01
    outer loop
      vertex   -3.682867e+01 8.484925e+01 1.019901e+01
      vertex   -3.627304e+01 9.543283e+01 1.005013e+01
      vertex   -3.682867e+01 9.543283e+01 1.019901e+01
    endloop
  endfacet
  facet normal 4.226183e-01 5.879611e-16 9.063078e-01
    outer loop
      vertex   -3.682867e+01 8.484925e+01 1.019901e+01
      vertex   -3.682867e+01 9.543283e+01 1.019901e+01
      vertex   -3.735000e+01 8.484925e+01 1.044212e+01
    endloop
  endfacet
  facet normal 4.226183e-01 1.521154e-16 9.063078e-01
    outer loop
      vertex   -3.735000e+01 8.484925e+01 1.044212e+01
      vertex   -3.682867e+01 9.543283e+01 1.019901e+01
      vertex   -3.735000e+01 9.543283e+01 1.044212e+01
    endloop
  endfacet
  facet normal 5.735764e-01 1.374871e-16 8.191520e-01
    outer loop
      vertex   -3.735000e+01 8.484925e+01 1.044212e+01
      vertex   -3.735000e+01 9.543283e+01 1.044212e+01
      vertex   -3.782120e+01 8.484925e+01 1.077205e+01
    endloop
  endfacet
  facet normal 5.735764e-01 4.124613e-16 8.191520e-01
    outer loop
      vertex   -3.782120e+01 8.484925e+01 1.077205e+01
      vertex   -3.735000e+01 9.543283e+01 1.044212e+01
      vertex   -3.782120e+01 9.543283e+01 1.077205e+01
    endloop
  endfacet
  facet normal 7.071068e-01 3.560440e-16 7.071068e-01
    outer loop
      vertex   -3.782120e+01 8.484925e+01 1.077205e+01
      vertex   -3.782120e+01 9.543283e+01 1.077205e+01
      vertex   -3.822795e+01 8.484925e+01 1.117880e+01
    endloop
  endfacet
  facet normal 7.071068e-01 2.373627e-16 7.071068e-01
    outer loop
      vertex   -3.822795e+01 8.484925e+01 1.117880e+01
      vertex   -3.782120e+01 9.543283e+01 1.077205e+01
      vertex   -3.822795e+01 9.543283e+01 1.117880e+01
    endloop
  endfacet
  facet normal 8.191520e-01 1.925390e-16 5.735764e-01
    outer loop
      vertex   -3.822795e+01 8.484925e+01 1.117880e+01
      vertex   -3.822795e+01 9.543283e+01 1.117880e+01
      vertex   -3.855788e+01 8.484925e+01 1.165000e+01
    endloop
  endfacet
  facet normal 8.191520e-01 1.925390e-16 5.735764e-01
    outer loop
      vertex   -3.855788e+01 8.484925e+01 1.165000e+01
      vertex   -3.822795e+01 9.543283e+01 1.117880e+01
      vertex   -3.855788e+01 9.543283e+01 1.165000e+01
    endloop
  endfacet
  facet normal 9.063078e-01 1.418652e-16 4.226183e-01
    outer loop
      vertex   -3.855788e+01 8.484925e+01 1.165000e+01
      vertex   -3.855788e+01 9.543283e+01 1.165000e+01
      vertex   -3.880099e+01 8.484925e+01 1.217133e+01
    endloop
  endfacet
  facet normal 9.063078e-01 2.837303e-16 4.226183e-01
    outer loop
      vertex   -3.880099e+01 8.484925e+01 1.217133e+01
      vertex   -3.855788e+01 9.543283e+01 1.165000e+01
      vertex   -3.880099e+01 9.543283e+01 1.217133e+01
    endloop
  endfacet
  facet normal 9.659258e-01 1.737616e-16 2.588190e-01
    outer loop
      vertex   -3.880099e+01 8.484925e+01 1.217133e+01
      vertex   -3.880099e+01 9.543283e+01 1.217133e+01
      vertex   -3.894987e+01 8.484925e+01 1.272696e+01
    endloop
  endfacet
  facet normal 9.659258e-01 1.737616e-16 2.588190e-01
    outer loop
      vertex   -3.894987e+01 8.484925e+01 1.272696e+01
      vertex   -3.880099e+01 9.543283e+01 1.217133e+01
      vertex   -3.894987e+01 9.543283e+01 1.272696e+01
    endloop
  endfacet
  facet normal 9.659258e-01 8.890213e-17 2.588190e-01
    outer loop
      vertex   -3.880099e+01 1.060164e+02 1.217133e+01
      vertex   -3.894987e+01 1.060164e+02 1.272696e+01
      vertex   -3.894987e+01 9.543283e+01 1.272696e+01
    endloop
  endfacet
  facet normal 9.659258e-01 1.303212e-16 2.588190e-01
    outer loop
      vertex   -3.880099e+01 1.060164e+02 1.217133e+01
      vertex   -3.894987e+01 9.543283e+01 1.272696e+01
      vertex   -3.880099e+01 9.543283e+01 1.217133e+01
    endloop
  endfacet
  facet normal 9.063078e-01 2.097178e-16 4.226183e-01
    outer loop
      vertex   -3.855788e+01 1.060164e+02 1.165000e+01
      vertex   -3.880099e+01 1.060164e+02 1.217133e+01
      vertex   -3.880099e+01 9.543283e+01 1.217133e+01
    endloop
  endfacet
  facet normal 9.063078e-01 2.127977e-16 4.226183e-01
    outer loop
      vertex   -3.855788e+01 1.060164e+02 1.165000e+01
      vertex   -3.880099e+01 9.543283e+01 1.217133e+01
      vertex   -3.855788e+01 9.543283e+01 1.165000e+01
    endloop
  endfacet
  facet normal 8.191520e-01 2.872223e-16 5.735764e-01
    outer loop
      vertex   -3.822795e+01 1.060164e+02 1.117880e+01
      vertex   -3.855788e+01 1.060164e+02 1.165000e+01
      vertex   -3.855788e+01 9.543283e+01 1.165000e+01
    endloop
  endfacet
  facet normal 8.191520e-01 3.850781e-16 5.735764e-01
    outer loop
      vertex   -3.822795e+01 1.060164e+02 1.117880e+01
      vertex   -3.855788e+01 9.543283e+01 1.165000e+01
      vertex   -3.822795e+01 9.543283e+01 1.117880e+01
    endloop
  endfacet
  facet normal 7.071068e-01 4.741447e-16 7.071068e-01
    outer loop
      vertex   -3.782120e+01 1.060164e+02 1.077205e+01
      vertex   -3.822795e+01 1.060164e+02 1.117880e+01
      vertex   -3.822795e+01 9.543283e+01 1.117880e+01
    endloop
  endfacet
  facet normal 7.071068e-01 5.934067e-16 7.071068e-01
    outer loop
      vertex   -3.782120e+01 1.060164e+02 1.077205e+01
      vertex   -3.822795e+01 9.543283e+01 1.117880e+01
      vertex   -3.782120e+01 9.543283e+01 1.077205e+01
    endloop
  endfacet
  facet normal 5.735764e-01 5.242946e-16 8.191520e-01
    outer loop
      vertex   -3.735000e+01 1.060164e+02 1.044212e+01
      vertex   -3.782120e+01 1.060164e+02 1.077205e+01
      vertex   -3.782120e+01 9.543283e+01 1.077205e+01
    endloop
  endfacet
  facet normal 5.735764e-01 4.124613e-16 8.191520e-01
    outer loop
      vertex   -3.735000e+01 1.060164e+02 1.044212e+01
      vertex   -3.782120e+01 9.543283e+01 1.077205e+01
      vertex   -3.735000e+01 9.543283e+01 1.044212e+01
    endloop
  endfacet
  facet normal 4.226183e-01 4.559084e-16 9.063078e-01
    outer loop
      vertex   -3.682867e+01 1.060164e+02 1.019901e+01
      vertex   -3.735000e+01 1.060164e+02 1.044212e+01
      vertex   -3.735000e+01 9.543283e+01 1.044212e+01
    endloop
  endfacet
  facet normal 4.226183e-01 4.563462e-16 9.063078e-01
    outer loop
      vertex   -3.682867e+01 1.060164e+02 1.019901e+01
      vertex   -3.735000e+01 9.543283e+01 1.044212e+01
      vertex   -3.682867e+01 9.543283e+01 1.019901e+01
    endloop
  endfacet
  facet normal 2.588190e-01 4.855424e-16 9.659258e-01
    outer loop
      vertex   -3.627304e+01 1.060164e+02 1.005013e+01
      vertex   -3.682867e+01 1.060164e+02 1.019901e+01
      vertex   -3.682867e+01 9.543283e+01 1.019901e+01
    endloop
  endfacet
  facet normal 2.588190e-01 3.242435e-16 9.659258e-01
    outer loop
      vertex   -3.627304e+01 1.060164e+02 1.005013e+01
      vertex   -3.682867e+01 9.543283e+01 1.019901e+01
      vertex   -3.627304e+01 9.543283e+01 1.005013e+01
    endloop
  endfacet
  facet normal 5.246454e-14 -5.705863e-15 1.000000e+00
    outer loop
      vertex   -2.543741e+01 9.765605e+01 1.000000e+01
      vertex   -1.656994e+01 9.264375e+01 1.000000e+01
      vertex   -2.540000e+01 9.800000e+01 1.000000e+01
    endloop
  endfacet
  facet normal 4.295896e-14 -2.137631e-14 1.000000e+00
    outer loop
      vertex   -2.540000e+01 9.800000e+01 1.000000e+01
      vertex   -1.656994e+01 9.264375e+01 1.000000e+01
      vertex   -1.643731e+01 9.291029e+01 1.000000e+01
    endloop
  endfacet
  facet normal 4.356249e-14 -2.031352e-14 1.000000e+00
    outer loop
      vertex   -2.540000e+01 9.800000e+01 1.000000e+01
      vertex   -1.643731e+01 9.291029e+01 1.000000e+01
      vertex   -1.631149e+01 9.318011e+01 1.000000e+01
    endloop
  endfacet
  facet normal 5.374420e-14 -1.810853e-14 1.000000e+00
    outer loop
      vertex   -2.554788e+01 9.732818e+01 1.000000e+01
      vertex   -1.903089e+01 8.939948e+01 1.000000e+01
      vertex   -2.543741e+01 9.765605e+01 1.000000e+01
    endloop
  endfacet
  facet normal 3.271807e-14 -3.442331e-14 1.000000e+00
    outer loop
      vertex   -2.543741e+01 9.765605e+01 1.000000e+01
      vertex   -1.903089e+01 8.939948e+01 1.000000e+01
      vertex   -1.881510e+01 8.960458e+01 1.000000e+01
    endloop
  endfacet
  facet normal 3.365373e-14 -3.365373e-14 1.000000e+00
    outer loop
      vertex   -2.543741e+01 9.765605e+01 1.000000e+01
      vertex   -1.881510e+01 8.960458e+01 1.000000e+01
      vertex   -1.860458e+01 8.981510e+01 1.000000e+01
    endloop
  endfacet
  facet normal 4.736046e-14 -2.849584e-14 1.000000e+00
    outer loop
      vertex   -2.572625e+01 9.703172e+01 1.000000e+01
      vertex   -2.064543e+01 8.814632e+01 1.000000e+01
      vertex   -2.554788e+01 9.732818e+01 1.000000e+01
    endloop
  endfacet
  facet normal 2.633603e-14 -3.972138e-14 1.000000e+00
    outer loop
      vertex   -2.554788e+01 9.732818e+01 1.000000e+01
      vertex   -2.064543e+01 8.814632e+01 1.000000e+01
      vertex   -2.039730e+01 8.831083e+01 1.000000e+01
    endloop
  endfacet
  facet normal 2.739120e-14 -3.911868e-14 1.000000e+00
    outer loop
      vertex   -2.554788e+01 9.732818e+01 1.000000e+01
      vertex   -2.039730e+01 8.831083e+01 1.000000e+01
      vertex   -2.015342e+01 8.848160e+01 1.000000e+01
    endloop
  endfacet
  facet normal 3.921330e-14 -3.714481e-14 1.000000e+00
    outer loop
      vertex   -2.596418e+01 9.678054e+01 1.000000e+01
      vertex   -2.245304e+01 8.719256e+01 1.000000e+01
      vertex   -2.572625e+01 9.703172e+01 1.000000e+01
    endloop
  endfacet
  facet normal 1.910129e-14 -4.383551e-14 1.000000e+00
    outer loop
      vertex   -2.572625e+01 9.703172e+01 1.000000e+01
      vertex   -2.245304e+01 8.719256e+01 1.000000e+01
      vertex   -2.218011e+01 8.731149e+01 1.000000e+01
    endloop
  endfacet
  facet normal 2.024608e-14 -4.341786e-14 1.000000e+00
    outer loop
      vertex   -2.572625e+01 9.703172e+01 1.000000e+01
      vertex   -2.218011e+01 8.731149e+01 1.000000e+01
      vertex   -2.191029e+01 8.743731e+01 1.000000e+01
    endloop
  endfacet
  facet normal 2.906666e-14 -4.287011e-14 1.000000e+00
    outer loop
      vertex   -2.625055e+01 9.658638e+01 1.000000e+01
      vertex   -2.382181e+01 8.671396e+01 1.000000e+01
      vertex   -2.596418e+01 9.678054e+01 1.000000e+01
    endloop
  endfacet
  facet normal 1.363217e-14 -4.615489e-14 1.000000e+00
    outer loop
      vertex   -2.596418e+01 9.678054e+01 1.000000e+01
      vertex   -2.382181e+01 8.671396e+01 1.000000e+01
      vertex   -2.353628e+01 8.679829e+01 1.000000e+01
    endloop
  endfacet
  facet normal 1.654146e-14 -4.544729e-14 1.000000e+00
    outer loop
      vertex   -2.596418e+01 9.678054e+01 1.000000e+01
      vertex   -2.353628e+01 8.679829e+01 1.000000e+01
      vertex   -2.245304e+01 8.719256e+01 1.000000e+01
    endloop
  endfacet
  facet normal 0.000000e+00 0.000000e+00 1.000000e+00
    outer loop
      vertex   -2.245304e+01 8.719256e+01 1.000000e+01
      vertex   -2.353628e+01 8.679829e+01 1.000000e+01
      vertex   -2.339636e+01 8.634577e+01 1.000000e+01
    endloop
  endfacet
  facet normal 0.000000e+00 0.000000e+00 1.000000e+00
    outer loop
      vertex   -2.245304e+01 8.719256e+01 1.000000e+01
      vertex   -2.339636e+01 8.634577e+01 1.000000e+01
      vertex   -2.338623e+01 8.631773e+01 1.000000e+01
    endloop
  endfacet
  facet normal 0.000000e+00 0.000000e+00 1.000000e+00
    outer loop
      vertex   -2.338623e+01 8.631773e+01 1.000000e+01
      vertex   -2.339636e+01 8.634577e+01 1.000000e+01
      vertex   -2.339621e+01 8.634531e+01 1.000000e+01
    endloop
  endfacet
  facet normal 1.873027e-14 -4.700943e-14 1.000000e+00
    outer loop
      vertex   -2.657195e+01 9.645832e+01 1.000000e+01
      vertex   -2.553406e+01 8.636700e+01 1.000000e+01
      vertex   -2.625055e+01 9.658638e+01 1.000000e+01
    endloop
  endfacet
  facet normal 8.416534e-15 -4.773254e-14 1.000000e+00
    outer loop
      vertex   -2.625055e+01 9.658638e+01 1.000000e+01
      vertex   -2.553406e+01 8.636700e+01 1.000000e+01
      vertex   -2.439881e+01 8.656718e+01 1.000000e+01
    endloop
  endfacet
  facet normal 1.136793e-14 -4.718706e-14 1.000000e+00
    outer loop
      vertex   -2.625055e+01 9.658638e+01 1.000000e+01
      vertex   -2.439881e+01 8.656718e+01 1.000000e+01
      vertex   -2.410938e+01 8.663691e+01 1.000000e+01
    endloop
  endfacet
  facet normal 7.918691e-15 -4.830188e-14 1.000000e+00
    outer loop
      vertex   -2.691338e+01 9.640235e+01 1.000000e+01
      vertex   -2.612647e+01 8.630758e+01 1.000000e+01
      vertex   -2.657195e+01 9.645832e+01 1.000000e+01
    endloop
  endfacet
  facet normal 4.239991e-15 -4.846332e-14 1.000000e+00
    outer loop
      vertex   -2.657195e+01 9.645832e+01 1.000000e+01
      vertex   -2.612647e+01 8.630758e+01 1.000000e+01
      vertex   -2.582989e+01 8.633353e+01 1.000000e+01
    endloop
  endfacet
  facet normal 5.472810e-15 -4.837297e-14 1.000000e+00
    outer loop
      vertex   -2.657195e+01 9.645832e+01 1.000000e+01
      vertex   -2.582989e+01 8.633353e+01 1.000000e+01
      vertex   -2.553406e+01 8.636700e+01 1.000000e+01
    endloop
  endfacet
  facet normal -2.638114e-15 -4.865715e-14 1.000000e+00
    outer loop
      vertex   -2.725885e+01 9.642108e+01 1.000000e+01
      vertex   -2.757638e+01 8.628918e+01 1.000000e+01
      vertex   -2.691338e+01 9.640235e+01 1.000000e+01
    endloop
  endfacet
  facet normal 0.000000e+00 -4.883010e-14 1.000000e+00
    outer loop
      vertex   -2.691338e+01 9.640235e+01 1.000000e+01
      vertex   -2.757638e+01 8.628918e+01 1.000000e+01
      vertex   -2.642362e+01 8.628918e+01 1.000000e+01
    endloop
  endfacet
  facet normal 3.016136e-15 -4.868404e-14 1.000000e+00
    outer loop
      vertex   -2.691338e+01 9.640235e+01 1.000000e+01
      vertex   -2.642362e+01 8.628918e+01 1.000000e+01
      vertex   -2.612647e+01 8.630758e+01 1.000000e+01
    endloop
  endfacet
  facet normal -1.329990e-14 -4.790191e-14 1.000000e+00
    outer loop
      vertex   -2.759222e+01 9.651364e+01 1.000000e+01
      vertex   -2.800000e+01 8.631772e+01 1.000000e+01
      vertex   -2.725885e+01 9.642108e+01 1.000000e+01
    endloop
  endfacet
  facet normal -3.864346e-15 -4.859407e-14 1.000000e+00
    outer loop
      vertex   -2.725885e+01 9.642108e+01 1.000000e+01
      vertex   -2.800000e+01 8.631772e+01 1.000000e+01
      vertex   -2.785891e+01 8.630650e+01 1.000000e+01
    endloop
  endfacet
  facet normal -3.276935e-15 -4.862892e-14 1.000000e+00
    outer loop
      vertex   -2.725885e+01 9.642108e+01 1.000000e+01
      vertex   -2.785891e+01 8.630650e+01 1.000000e+01
      vertex   -2.771770e+01 8.629699e+01 1.000000e+01
    endloop
  endfacet
  facet normal -2.514483e-14 -4.742818e-14 1.000000e+00
    outer loop
      vertex   -2.759222e+01 9.651364e+01 1.000000e+01
      vertex   -2.789790e+01 9.667570e+01 1.000000e+01
      vertex   -2.800000e+01 8.631772e+01 1.000000e+01
    endloop
  endfacet
  facet normal -4.016014e-14 -4.728017e-14 1.000000e+00
    outer loop
      vertex   -2.800000e+01 8.631772e+01 1.000000e+01
      vertex   -2.789790e+01 9.667570e+01 1.000000e+01
      vertex   -2.816159e+01 9.689968e+01 1.000000e+01
    endloop
  endfacet
  facet normal -6.264773e-14 -4.762357e-14 1.000000e+00
    outer loop
      vertex   -2.800000e+01 8.631772e+01 1.000000e+01
      vertex   -2.816159e+01 9.689968e+01 1.000000e+01
      vertex   -2.837097e+01 9.717511e+01 1.000000e+01
    endloop
  endfacet
  facet normal 8.617946e-15 -4.518859e-14 1.000000e+00
    outer loop
      vertex   -2.800000e+01 8.631772e+01 1.000000e+01
      vertex   -2.837097e+01 9.717511e+01 1.000000e+01
      vertex   -3.570000e+01 8.484925e+01 1.000000e+01
    endloop
  endfacet
  facet normal -3.789465e-14 -1.753193e-14 1.000000e+00
    outer loop
      vertex   -3.570000e+01 8.484925e+01 1.000000e+01
      vertex   -2.837097e+01 9.717511e+01 1.000000e+01
      vertex   -2.851625e+01 9.748912e+01 1.000000e+01
    endloop
  endfacet
  facet normal -4.955119e-14 -1.090704e-14 1.000000e+00
    outer loop
      vertex   -3.570000e+01 8.484925e+01 1.000000e+01
      vertex   -2.851625e+01 9.748912e+01 1.000000e+01
      vertex   -2.859062e+01 9.782701e+01 1.000000e+01
    endloop
  endfacet
  facet normal -6.946137e-14 1.997858e-24 1.000000e+00
    outer loop
      vertex   -2.859062e+01 9.782701e+01 1.000000e+01
      vertex   -2.859062e+01 9.817299e+01 1.000000e+01
      vertex   -3.570000e+01 8.484925e+01 1.000000e+01
    endloop
  endfacet
  facet normal -6.946137e-14 0.000000e+00 1.000000e+00
    outer loop
      vertex   -3.570000e+01 8.484925e+01 1.000000e+01
      vertex   -2.859062e+01 9.817299e+01 1.000000e+01
      vertex   -3.570000e+01 1.166000e+02 1.000000e+01
    endloop
  endfacet
  facet normal -4.422807e-14 9.735334e-15 1.000000e+00
    outer loop
      vertex   -3.570000e+01 1.166000e+02 1.000000e+01
      vertex   -2.859062e+01 9.817299e+01 1.000000e+01
      vertex   -2.851625e+01 9.851088e+01 1.000000e+01
    endloop
  endfacet
  facet normal 3.813061e-14 4.244254e-14 1.000000e+00
    outer loop
      vertex   -3.570000e+01 1.166000e+02 1.000000e+01
      vertex   -2.851625e+01 9.851088e+01 1.000000e+01
      vertex   -2.800000e+01 1.096823e+02 1.000000e+01
    endloop
  endfacet
  facet normal -1.061493e-13 4.910991e-14 1.000000e+00
    outer loop
      vertex   -2.800000e+01 1.096823e+02 1.000000e+01
      vertex   -2.851625e+01 9.851088e+01 1.000000e+01
      vertex   -2.837097e+01 9.882489e+01 1.000000e+01
    endloop
  endfacet
  facet normal -6.264773e-14 4.762357e-14 1.000000e+00
    outer loop
      vertex   -2.800000e+01 1.096823e+02 1.000000e+01
      vertex   -2.837097e+01 9.882489e+01 1.000000e+01
      vertex   -2.816159e+01 9.910032e+01 1.000000e+01
    endloop
  endfacet
  facet normal -4.016014e-14 4.728017e-14 1.000000e+00
    outer loop
      vertex   -2.816159e+01 9.910032e+01 1.000000e+01
      vertex   -2.789790e+01 9.932430e+01 1.000000e+01
      vertex   -2.800000e+01 1.096823e+02 1.000000e+01
    endloop
  endfacet
  facet normal -2.514483e-14 4.742818e-14 1.000000e+00
    outer loop
      vertex   -2.800000e+01 1.096823e+02 1.000000e+01
      vertex   -2.789790e+01 9.932430e+01 1.000000e+01
      vertex   -2.759222e+01 9.948636e+01 1.000000e+01
    endloop
  endfacet
  facet normal -1.329990e-14 4.790191e-14 1.000000e+00
    outer loop
      vertex   -2.800000e+01 1.096823e+02 1.000000e+01
      vertex   -2.759222e+01 9.948636e+01 1.000000e+01
      vertex   -2.725885e+01 9.957892e+01 1.000000e+01
    endloop
  endfacet
  facet normal -2.638114e-15 4.865715e-14 1.000000e+00
    outer loop
      vertex   -2.691338e+01 9.959765e+01 1.000000e+01
      vertex   -2.757638e+01 1.097108e+02 1.000000e+01
      vertex   -2.725885e+01 9.957892e+01 1.000000e+01
    endloop
  endfacet
  facet normal -2.689184e-15 4.865555e-14 1.000000e+00
    outer loop
      vertex   -2.725885e+01 9.957892e+01 1.000000e+01
      vertex   -2.757638e+01 1.097108e+02 1.000000e+01
      vertex   -2.771770e+01 1.097030e+02 1.000000e+01
    endloop
  endfacet
  facet normal -3.276935e-15 4.862892e-14 1.000000e+00
    outer loop
      vertex   -2.725885e+01 9.957892e+01 1.000000e+01
      vertex   -2.771770e+01 1.097030e+02 1.000000e+01
      vertex   -2.785891e+01 1.096935e+02 1.000000e+01
    endloop
  endfacet
  facet normal 7.918691e-15 4.830188e-14 1.000000e+00
    outer loop
      vertex   -2.657195e+01 9.954168e+01 1.000000e+01
      vertex   -2.612647e+01 1.096924e+02 1.000000e+01
      vertex   -2.691338e+01 9.959765e+01 1.000000e+01
    endloop
  endfacet
  facet normal 3.016136e-15 4.868404e-14 1.000000e+00
    outer loop
      vertex   -2.691338e+01 9.959765e+01 1.000000e+01
      vertex   -2.612647e+01 1.096924e+02 1.000000e+01
      vertex   -2.642362e+01 1.097108e+02 1.000000e+01
    endloop
  endfacet
  facet normal 0.000000e+00 4.883010e-14 1.000000e+00
    outer loop
      vertex   -2.691338e+01 9.959765e+01 1.000000e+01
      vertex   -2.642362e+01 1.097108e+02 1.000000e+01
      vertex   -2.757638e+01 1.097108e+02 1.000000e+01
    endloop
  endfacet
  facet normal 0.000000e+00 -0.000000e+00 1.000000e+00
    outer loop
      vertex   -2.757638e+01 1.097108e+02 1.000000e+01
      vertex   -2.642362e+01 1.097108e+02 1.000000e+01
      vertex   -2.759966e+01 1.101839e+02 1.000000e+01
    endloop
  endfacet
  facet normal -0.000000e+00 0.000000e+00 1.000000e+00
    outer loop
      vertex   -2.759966e+01 1.101839e+02 1.000000e+01
      vertex   -2.642362e+01 1.097108e+02 1.000000e+01
      vertex   -2.640034e+01 1.101839e+02 1.000000e+01
    endloop
  endfacet
  facet normal 0.000000e+00 0.000000e+00 1.000000e+00
    outer loop
      vertex   -2.759966e+01 1.101839e+02 1.000000e+01
      vertex   -2.640034e+01 1.101839e+02 1.000000e+01
      vertex   -2.759636e+01 1.102798e+02 1.000000e+01
    endloop
  endfacet
  facet normal 0.000000e+00 0.000000e+00 1.000000e+00
    outer loop
      vertex   -2.759636e+01 1.102798e+02 1.000000e+01
      vertex   -2.640034e+01 1.101839e+02 1.000000e+01
      vertex   -2.640301e+01 1.102713e+02 1.000000e+01
    endloop
  endfacet
  facet normal -0.000000e+00 0.000000e+00 1.000000e+00
    outer loop
      vertex   -2.759636e+01 1.102798e+02 1.000000e+01
      vertex   -2.640301e+01 1.102713e+02 1.000000e+01
      vertex   -2.758633e+01 1.103763e+02 1.000000e+01
    endloop
  endfacet
  facet normal -0.000000e+00 0.000000e+00 1.000000e+00
    outer loop
      vertex   -2.758633e+01 1.103763e+02 1.000000e+01
      vertex   -2.640301e+01 1.102713e+02 1.000000e+01
      vertex   -2.641513e+01 1.103871e+02 1.000000e+01
    endloop
  endfacet
  facet normal 0.000000e+00 0.000000e+00 1.000000e+00
    outer loop
      vertex   -2.758633e+01 1.103763e+02 1.000000e+01
      vertex   -2.641513e+01 1.103871e+02 1.000000e+01
      vertex   -2.756651e+01 1.105031e+02 1.000000e+01
    endloop
  endfacet
  facet normal -0.000000e+00 0.000000e+00 1.000000e+00
    outer loop
      vertex   -2.756651e+01 1.105031e+02 1.000000e+01
      vertex   -2.641513e+01 1.103871e+02 1.000000e+01
      vertex   -2.645832e+01 1.106245e+02 1.000000e+01
    endloop
  endfacet
  facet normal 0.000000e+00 0.000000e+00 1.000000e+00
    outer loop
      vertex   -2.756651e+01 1.105031e+02 1.000000e+01
      vertex   -2.645832e+01 1.106245e+02 1.000000e+01
      vertex   -2.753378e+01 1.106593e+02 1.000000e+01
    endloop
  endfacet
  facet normal -0.000000e+00 0.000000e+00 1.000000e+00
    outer loop
      vertex   -2.753378e+01 1.106593e+02 1.000000e+01
      vertex   -2.645832e+01 1.106245e+02 1.000000e+01
      vertex   -2.748502e+01 1.108441e+02 1.000000e+01
    endloop
  endfacet
  facet normal -0.000000e+00 0.000000e+00 1.000000e+00
    outer loop
      vertex   -2.748502e+01 1.108441e+02 1.000000e+01
      vertex   -2.645832e+01 1.106245e+02 1.000000e+01
      vertex   -2.653837e+01 1.109218e+02 1.000000e+01
    endloop
  endfacet
  facet normal 0.000000e+00 0.000000e+00 1.000000e+00
    outer loop
      vertex   -2.748502e+01 1.108441e+02 1.000000e+01
      vertex   -2.653837e+01 1.109218e+02 1.000000e+01
      vertex   -2.689103e+01 1.112996e+02 1.000000e+01
    endloop
  endfacet
  facet normal 0.000000e+00 0.000000e+00 1.000000e+00
    outer loop
      vertex   -2.689103e+01 1.112996e+02 1.000000e+01
      vertex   -2.653837e+01 1.109218e+02 1.000000e+01
      vertex   -2.667311e+01 1.112960e+02 1.000000e+01
    endloop
  endfacet
  facet normal 1.873027e-14 4.700943e-14 1.000000e+00
    outer loop
      vertex   -2.625055e+01 9.941362e+01 1.000000e+01
      vertex   -2.553406e+01 1.096330e+02 1.000000e+01
      vertex   -2.657195e+01 9.954168e+01 1.000000e+01
    endloop
  endfacet
  facet normal 5.472810e-15 4.837297e-14 1.000000e+00
    outer loop
      vertex   -2.657195e+01 9.954168e+01 1.000000e+01
      vertex   -2.553406e+01 1.096330e+02 1.000000e+01
      vertex   -2.582989e+01 1.096665e+02 1.000000e+01
    endloop
  endfacet
  facet normal 4.239991e-15 4.846332e-14 1.000000e+00
    outer loop
      vertex   -2.657195e+01 9.954168e+01 1.000000e+01
      vertex   -2.582989e+01 1.096665e+02 1.000000e+01
      vertex   -2.612647e+01 1.096924e+02 1.000000e+01
    endloop
  endfacet
  facet normal 2.906666e-14 4.287011e-14 1.000000e+00
    outer loop
      vertex   -2.596418e+01 9.921946e+01 1.000000e+01
      vertex   -2.382181e+01 1.092860e+02 1.000000e+01
      vertex   -2.625055e+01 9.941362e+01 1.000000e+01
    endloop
  endfacet
  facet normal 1.257418e-14 4.692747e-14 1.000000e+00
    outer loop
      vertex   -2.625055e+01 9.941362e+01 1.000000e+01
      vertex   -2.382181e+01 1.092860e+02 1.000000e+01
      vertex   -2.410938e+01 1.093631e+02 1.000000e+01
    endloop
  endfacet
  facet normal 1.136793e-14 4.718706e-14 1.000000e+00
    outer loop
      vertex   -2.625055e+01 9.941362e+01 1.000000e+01
      vertex   -2.410938e+01 1.093631e+02 1.000000e+01
      vertex   -2.439881e+01 1.094328e+02 1.000000e+01
    endloop
  endfacet
  facet normal 3.921330e-14 3.714481e-14 1.000000e+00
    outer loop
      vertex   -2.572625e+01 9.896828e+01 1.000000e+01
      vertex   -2.245304e+01 1.088074e+02 1.000000e+01
      vertex   -2.596418e+01 9.921946e+01 1.000000e+01
    endloop
  endfacet
  facet normal 1.654146e-14 4.544729e-14 1.000000e+00
    outer loop
      vertex   -2.596418e+01 9.921946e+01 1.000000e+01
      vertex   -2.245304e+01 1.088074e+02 1.000000e+01
      vertex   -2.353628e+01 1.092017e+02 1.000000e+01
    endloop
  endfacet
  facet normal 1.363217e-14 4.615489e-14 1.000000e+00
    outer loop
      vertex   -2.596418e+01 9.921946e+01 1.000000e+01
      vertex   -2.353628e+01 1.092017e+02 1.000000e+01
      vertex   -2.382181e+01 1.092860e+02 1.000000e+01
    endloop
  endfacet
  facet normal 4.736046e-14 2.849584e-14 1.000000e+00
    outer loop
      vertex   -2.554788e+01 9.867182e+01 1.000000e+01
      vertex   -2.064543e+01 1.078537e+02 1.000000e+01
      vertex   -2.572625e+01 9.896828e+01 1.000000e+01
    endloop
  endfacet
  facet normal 2.412350e-14 4.178313e-14 1.000000e+00
    outer loop
      vertex   -2.572625e+01 9.896828e+01 1.000000e+01
      vertex   -2.064543e+01 1.078537e+02 1.000000e+01
      vertex   -2.164375e+01 1.084301e+02 1.000000e+01
    endloop
  endfacet
  facet normal 2.138021e-14 4.296679e-14 1.000000e+00
    outer loop
      vertex   -2.572625e+01 9.896828e+01 1.000000e+01
      vertex   -2.164375e+01 1.084301e+02 1.000000e+01
      vertex   -2.191029e+01 1.085627e+02 1.000000e+01
    endloop
  endfacet
  facet normal 5.374420e-14 1.810853e-14 1.000000e+00
    outer loop
      vertex   -2.543741e+01 9.834395e+01 1.000000e+01
      vertex   -1.903089e+01 1.066005e+02 1.000000e+01
      vertex   -2.554788e+01 9.867182e+01 1.000000e+01
    endloop
  endfacet
  facet normal 3.092985e-14 3.686076e-14 1.000000e+00
    outer loop
      vertex   -2.554788e+01 9.867182e+01 1.000000e+01
      vertex   -1.903089e+01 1.066005e+02 1.000000e+01
      vertex   -1.991396e+01 1.073415e+02 1.000000e+01
    endloop
  endfacet
  facet normal 2.843048e-14 3.848495e-14 1.000000e+00
    outer loop
      vertex   -2.554788e+01 9.867182e+01 1.000000e+01
      vertex   -1.991396e+01 1.073415e+02 1.000000e+01
      vertex   -2.015342e+01 1.075184e+02 1.000000e+01
    endloop
  endfacet
  facet normal 5.137233e-14 5.587078e-15 1.000000e+00
    outer loop
      vertex   -2.540000e+01 9.800000e+01 1.000000e+01
      vertex   -1.631149e+01 1.028199e+02 1.000000e+01
      vertex   -2.543741e+01 9.834395e+01 1.000000e+01
    endloop
  endfacet
  facet normal 4.404027e-14 2.053632e-14 1.000000e+00
    outer loop
      vertex   -2.543741e+01 9.834395e+01 1.000000e+01
      vertex   -1.631149e+01 1.028199e+02 1.000000e+01
      vertex   -1.643731e+01 1.030897e+02 1.000000e+01
    endloop
  endfacet
  facet normal 4.346465e-14 2.162795e-14 1.000000e+00
    outer loop
      vertex   -2.543741e+01 9.834395e+01 1.000000e+01
      vertex   -1.643731e+01 1.030897e+02 1.000000e+01
      vertex   -1.656994e+01 1.033563e+02 1.000000e+01
    endloop
  endfacet
  facet normal 0.000000e+00 0.000000e+00 1.000000e+00
    outer loop
      vertex   -3.570000e+01 8.484925e+01 1.000000e+01
      vertex   -2.800000e+01 8.484925e+01 1.000000e+01
      vertex   -2.800000e+01 8.631772e+01 1.000000e+01
    endloop
  endfacet
  facet normal -2.689184e-15 -4.865555e-14 1.000000e+00
    outer loop
      vertex   -2.771770e+01 8.629699e+01 1.000000e+01
      vertex   -2.757638e+01 8.628918e+01 1.000000e+01
      vertex   -2.725885e+01 9.642108e+01 1.000000e+01
    endloop
  endfacet
  facet normal 0.000000e+00 0.000000e+00 1.000000e+00
    outer loop
      vertex   -2.642362e+01 8.628918e+01 1.000000e+01
      vertex   -2.757638e+01 8.628918e+01 1.000000e+01
      vertex   -2.640034e+01 8.581609e+01 1.000000e+01
    endloop
  endfacet
  facet normal 0.000000e+00 0.000000e+00 1.000000e+00
    outer loop
      vertex   -2.640034e+01 8.581609e+01 1.000000e+01
      vertex   -2.757638e+01 8.628918e+01 1.000000e+01
      vertex   -2.759966e+01 8.581609e+01 1.000000e+01
    endloop
  endfacet
  facet normal 0.000000e+00 0.000000e+00 1.000000e+00
    outer loop
      vertex   -2.640034e+01 8.581609e+01 1.000000e+01
      vertex   -2.759966e+01 8.581609e+01 1.000000e+01
      vertex   -2.640364e+01 8.572024e+01 1.000000e+01
    endloop
  endfacet
  facet normal 0.000000e+00 0.000000e+00 1.000000e+00
    outer loop
      vertex   -2.640364e+01 8.572024e+01 1.000000e+01
      vertex   -2.759966e+01 8.581609e+01 1.000000e+01
      vertex   -2.759699e+01 8.572872e+01 1.000000e+01
    endloop
  endfacet
  facet normal 0.000000e+00 0.000000e+00 1.000000e+00
    outer loop
      vertex   -2.640364e+01 8.572024e+01 1.000000e+01
      vertex   -2.759699e+01 8.572872e+01 1.000000e+01
      vertex   -2.641367e+01 8.562372e+01 1.000000e+01
    endloop
  endfacet
  facet normal 0.000000e+00 0.000000e+00 1.000000e+00
    outer loop
      vertex   -2.641367e+01 8.562372e+01 1.000000e+01
      vertex   -2.759699e+01 8.572872e+01 1.000000e+01
      vertex   -2.758487e+01 8.561290e+01 1.000000e+01
    endloop
  endfacet
  facet normal 0.000000e+00 0.000000e+00 1.000000e+00
    outer loop
      vertex   -2.641367e+01 8.562372e+01 1.000000e+01
      vertex   -2.758487e+01 8.561290e+01 1.000000e+01
      vertex   -2.643349e+01 8.549692e+01 1.000000e+01
    endloop
  endfacet
  facet normal 0.000000e+00 0.000000e+00 1.000000e+00
    outer loop
      vertex   -2.643349e+01 8.549692e+01 1.000000e+01
      vertex   -2.758487e+01 8.561290e+01 1.000000e+01
      vertex   -2.754168e+01 8.537551e+01 1.000000e+01
    endloop
  endfacet
  facet normal 0.000000e+00 0.000000e+00 1.000000e+00
    outer loop
      vertex   -2.643349e+01 8.549692e+01 1.000000e+01
      vertex   -2.754168e+01 8.537551e+01 1.000000e+01
      vertex   -2.646622e+01 8.534069e+01 1.000000e+01
    endloop
  endfacet
  facet normal 0.000000e+00 0.000000e+00 1.000000e+00
    outer loop
      vertex   -2.646622e+01 8.534069e+01 1.000000e+01
      vertex   -2.754168e+01 8.537551e+01 1.000000e+01
      vertex   -2.651498e+01 8.515590e+01 1.000000e+01
    endloop
  endfacet
  facet normal 0.000000e+00 0.000000e+00 1.000000e+00
    outer loop
      vertex   -2.651498e+01 8.515590e+01 1.000000e+01
      vertex   -2.754168e+01 8.537551e+01 1.000000e+01
      vertex   -2.746163e+01 8.507823e+01 1.000000e+01
    endloop
  endfacet
  facet normal 0.000000e+00 0.000000e+00 1.000000e+00
    outer loop
      vertex   -2.651498e+01 8.515590e+01 1.000000e+01
      vertex   -2.746163e+01 8.507823e+01 1.000000e+01
      vertex   -2.710897e+01 8.470045e+01 1.000000e+01
    endloop
  endfacet
  facet normal 0.000000e+00 0.000000e+00 1.000000e+00
    outer loop
      vertex   -2.710897e+01 8.470045e+01 1.000000e+01
      vertex   -2.746163e+01 8.507823e+01 1.000000e+01
      vertex   -2.732689e+01 8.470402e+01 1.000000e+01
    endloop
  endfacet
  facet normal -0.000000e+00 0.000000e+00 1.000000e+00
    outer loop
      vertex   -2.759969e+01 8.581561e+01 1.000000e+01
      vertex   -2.759974e+01 8.578627e+01 1.000000e+01
      vertex   -2.759966e+01 8.581609e+01 1.000000e+01
    endloop
  endfacet
  facet normal 0.000000e+00 0.000000e+00 1.000000e+00
    outer loop
      vertex   -2.759966e+01 8.581609e+01 1.000000e+01
      vertex   -2.759974e+01 8.578627e+01 1.000000e+01
      vertex   -2.759699e+01 8.572872e+01 1.000000e+01
    endloop
  endfacet
  facet normal 0.000000e+00 0.000000e+00 1.000000e+00
    outer loop
      vertex   -2.710897e+01 8.470045e+01 1.000000e+01
      vertex   -2.689103e+01 8.470045e+01 1.000000e+01
      vertex   -2.651498e+01 8.515590e+01 1.000000e+01
    endloop
  endfacet
  facet normal 0.000000e+00 0.000000e+00 1.000000e+00
    outer loop
      vertex   -2.651498e+01 8.515590e+01 1.000000e+01
      vertex   -2.689103e+01 8.470045e+01 1.000000e+01
      vertex   -2.658290e+01 8.494339e+01 1.000000e+01
    endloop
  endfacet
  facet normal 0.000000e+00 0.000000e+00 1.000000e+00
    outer loop
      vertex   -2.658290e+01 8.494339e+01 1.000000e+01
      vertex   -2.689103e+01 8.470045e+01 1.000000e+01
      vertex   -2.667311e+01 8.470402e+01 1.000000e+01
    endloop
  endfacet
  facet normal 0.000000e+00 0.000000e+00 1.000000e+00
    outer loop
      vertex   -2.640364e+01 8.572024e+01 1.000000e+01
      vertex   -2.640027e+01 8.578563e+01 1.000000e+01
      vertex   -2.640034e+01 8.581609e+01 1.000000e+01
    endloop
  endfacet
  facet normal 0.000000e+00 0.000000e+00 1.000000e+00
    outer loop
      vertex   -2.640034e+01 8.581609e+01 1.000000e+01
      vertex   -2.640027e+01 8.578563e+01 1.000000e+01
      vertex   -2.640031e+01 8.581561e+01 1.000000e+01
    endloop
  endfacet
  facet normal -0.000000e+00 0.000000e+00 1.000000e+00
    outer loop
      vertex   -2.553406e+01 8.636700e+01 1.000000e+01
      vertex   -2.547484e+01 8.589706e+01 1.000000e+01
      vertex   -2.439881e+01 8.656718e+01 1.000000e+01
    endloop
  endfacet
  facet normal 0.000000e+00 0.000000e+00 1.000000e+00
    outer loop
      vertex   -2.439881e+01 8.656718e+01 1.000000e+01
      vertex   -2.547484e+01 8.589706e+01 1.000000e+01
      vertex   -2.545703e+01 8.581149e+01 1.000000e+01
    endloop
  endfacet
  facet normal 0.000000e+00 0.000000e+00 1.000000e+00
    outer loop
      vertex   -2.439881e+01 8.656718e+01 1.000000e+01
      vertex   -2.545703e+01 8.581149e+01 1.000000e+01
      vertex   -2.542499e+01 8.569953e+01 1.000000e+01
    endloop
  endfacet
  facet normal -0.000000e+00 -0.000000e+00 1.000000e+00
    outer loop
      vertex   -2.547478e+01 8.589658e+01 1.000000e+01
      vertex   -2.546974e+01 8.586768e+01 1.000000e+01
      vertex   -2.547484e+01 8.589706e+01 1.000000e+01
    endloop
  endfacet
  facet normal 0.000000e+00 0.000000e+00 1.000000e+00
    outer loop
      vertex   -2.547484e+01 8.589706e+01 1.000000e+01
      vertex   -2.546974e+01 8.586768e+01 1.000000e+01
      vertex   -2.545703e+01 8.581149e+01 1.000000e+01
    endloop
  endfacet
  facet normal 0.000000e+00 0.000000e+00 1.000000e+00
    outer loop
      vertex   -2.439881e+01 8.656718e+01 1.000000e+01
      vertex   -2.542499e+01 8.569953e+01 1.000000e+01
      vertex   -2.429373e+01 8.610532e+01 1.000000e+01
    endloop
  endfacet
  facet normal 0.000000e+00 0.000000e+00 1.000000e+00
    outer loop
      vertex   -2.429373e+01 8.610532e+01 1.000000e+01
      vertex   -2.542499e+01 8.569953e+01 1.000000e+01
      vertex   -2.534123e+01 8.547325e+01 1.000000e+01
    endloop
  endfacet
  facet normal 0.000000e+00 0.000000e+00 1.000000e+00
    outer loop
      vertex   -2.429373e+01 8.610532e+01 1.000000e+01
      vertex   -2.534123e+01 8.547325e+01 1.000000e+01
      vertex   -2.428034e+01 8.601036e+01 1.000000e+01
    endloop
  endfacet
  facet normal 0.000000e+00 0.000000e+00 1.000000e+00
    outer loop
      vertex   -2.428034e+01 8.601036e+01 1.000000e+01
      vertex   -2.534123e+01 8.547325e+01 1.000000e+01
      vertex   -2.427346e+01 8.591356e+01 1.000000e+01
    endloop
  endfacet
  facet normal 0.000000e+00 0.000000e+00 1.000000e+00
    outer loop
      vertex   -2.427346e+01 8.591356e+01 1.000000e+01
      vertex   -2.534123e+01 8.547325e+01 1.000000e+01
      vertex   -2.427095e+01 8.578524e+01 1.000000e+01
    endloop
  endfacet
  facet normal 0.000000e+00 0.000000e+00 1.000000e+00
    outer loop
      vertex   -2.427095e+01 8.578524e+01 1.000000e+01
      vertex   -2.534123e+01 8.547325e+01 1.000000e+01
      vertex   -2.521077e+01 8.519438e+01 1.000000e+01
    endloop
  endfacet
  facet normal 0.000000e+00 0.000000e+00 1.000000e+00
    outer loop
      vertex   -2.427095e+01 8.578524e+01 1.000000e+01
      vertex   -2.521077e+01 8.519438e+01 1.000000e+01
      vertex   -2.427606e+01 8.562571e+01 1.000000e+01
    endloop
  endfacet
  facet normal 0.000000e+00 0.000000e+00 1.000000e+00
    outer loop
      vertex   -2.427606e+01 8.562571e+01 1.000000e+01
      vertex   -2.521077e+01 8.519438e+01 1.000000e+01
      vertex   -2.429200e+01 8.543525e+01 1.000000e+01
    endloop
  endfacet
  facet normal 0.000000e+00 0.000000e+00 1.000000e+00
    outer loop
      vertex   -2.429200e+01 8.543525e+01 1.000000e+01
      vertex   -2.521077e+01 8.519438e+01 1.000000e+01
      vertex   -2.479787e+01 8.488357e+01 1.000000e+01
    endloop
  endfacet
  facet normal 0.000000e+00 0.000000e+00 1.000000e+00
    outer loop
      vertex   -2.429200e+01 8.543525e+01 1.000000e+01
      vertex   -2.479787e+01 8.488357e+01 1.000000e+01
      vertex   -2.458324e+01 8.492142e+01 1.000000e+01
    endloop
  endfacet
  facet normal 0.000000e+00 0.000000e+00 1.000000e+00
    outer loop
      vertex   -2.521077e+01 8.519438e+01 1.000000e+01
      vertex   -2.501310e+01 8.484925e+01 1.000000e+01
      vertex   -2.479787e+01 8.488357e+01 1.000000e+01
    endloop
  endfacet
  facet normal 0.000000e+00 -0.000000e+00 1.000000e+00
    outer loop
      vertex   -2.436925e+01 8.496278e+01 1.000000e+01
      vertex   -2.432198e+01 8.521418e+01 1.000000e+01
      vertex   -2.458324e+01 8.492142e+01 1.000000e+01
    endloop
  endfacet
  facet normal 0.000000e+00 0.000000e+00 1.000000e+00
    outer loop
      vertex   -2.458324e+01 8.492142e+01 1.000000e+01
      vertex   -2.432198e+01 8.521418e+01 1.000000e+01
      vertex   -2.429200e+01 8.543525e+01 1.000000e+01
    endloop
  endfacet
  facet normal 0.000000e+00 0.000000e+00 1.000000e+00
    outer loop
      vertex   -2.428034e+01 8.601036e+01 1.000000e+01
      vertex   -2.428838e+01 8.607534e+01 1.000000e+01
      vertex   -2.429373e+01 8.610532e+01 1.000000e+01
    endloop
  endfacet
  facet normal 0.000000e+00 0.000000e+00 1.000000e+00
    outer loop
      vertex   -2.429373e+01 8.610532e+01 1.000000e+01
      vertex   -2.428838e+01 8.607534e+01 1.000000e+01
      vertex   -2.429363e+01 8.610485e+01 1.000000e+01
    endloop
  endfacet
  facet normal 1.257418e-14 -4.692747e-14 1.000000e+00
    outer loop
      vertex   -2.410938e+01 8.663691e+01 1.000000e+01
      vertex   -2.382181e+01 8.671396e+01 1.000000e+01
      vertex   -2.625055e+01 9.658638e+01 1.000000e+01
    endloop
  endfacet
  facet normal -0.000000e+00 0.000000e+00 1.000000e+00
    outer loop
      vertex   -2.338623e+01 8.631773e+01 1.000000e+01
      vertex   -2.336396e+01 8.626459e+01 1.000000e+01
      vertex   -2.245304e+01 8.719256e+01 1.000000e+01
    endloop
  endfacet
  facet normal 0.000000e+00 0.000000e+00 1.000000e+00
    outer loop
      vertex   -2.245304e+01 8.719256e+01 1.000000e+01
      vertex   -2.336396e+01 8.626459e+01 1.000000e+01
      vertex   -2.331296e+01 8.615990e+01 1.000000e+01
    endloop
  endfacet
  facet normal 0.000000e+00 0.000000e+00 1.000000e+00
    outer loop
      vertex   -2.245304e+01 8.719256e+01 1.000000e+01
      vertex   -2.331296e+01 8.615990e+01 1.000000e+01
      vertex   -2.319118e+01 8.595160e+01 1.000000e+01
    endloop
  endfacet
  facet normal 0.000000e+00 -0.000000e+00 1.000000e+00
    outer loop
      vertex   -2.301428e+01 8.569962e+01 1.000000e+01
      vertex   -2.223968e+01 8.666477e+01 1.000000e+01
      vertex   -2.319118e+01 8.595160e+01 1.000000e+01
    endloop
  endfacet
  facet normal 0.000000e+00 0.000000e+00 1.000000e+00
    outer loop
      vertex   -2.319118e+01 8.595160e+01 1.000000e+01
      vertex   -2.223968e+01 8.666477e+01 1.000000e+01
      vertex   -2.225888e+01 8.672737e+01 1.000000e+01
    endloop
  endfacet
  facet normal 0.000000e+00 0.000000e+00 1.000000e+00
    outer loop
      vertex   -2.319118e+01 8.595160e+01 1.000000e+01
      vertex   -2.225888e+01 8.672737e+01 1.000000e+01
      vertex   -2.226936e+01 8.675597e+01 1.000000e+01
    endloop
  endfacet
  facet normal 0.000000e+00 0.000000e+00 1.000000e+00
    outer loop
      vertex   -2.226936e+01 8.675597e+01 1.000000e+01
      vertex   -2.225888e+01 8.672737e+01 1.000000e+01
      vertex   -2.226917e+01 8.675552e+01 1.000000e+01
    endloop
  endfacet
  facet normal 0.000000e+00 -0.000000e+00 1.000000e+00
    outer loop
      vertex   -2.275968e+01 8.539406e+01 1.000000e+01
      vertex   -2.255369e+01 8.546524e+01 1.000000e+01
      vertex   -2.301428e+01 8.569962e+01 1.000000e+01
    endloop
  endfacet
  facet normal -0.000000e+00 0.000000e+00 1.000000e+00
    outer loop
      vertex   -2.301428e+01 8.569962e+01 1.000000e+01
      vertex   -2.255369e+01 8.546524e+01 1.000000e+01
      vertex   -2.216867e+01 8.628671e+01 1.000000e+01
    endloop
  endfacet
  facet normal 0.000000e+00 0.000000e+00 1.000000e+00
    outer loop
      vertex   -2.301428e+01 8.569962e+01 1.000000e+01
      vertex   -2.216867e+01 8.628671e+01 1.000000e+01
      vertex   -2.219134e+01 8.644471e+01 1.000000e+01
    endloop
  endfacet
  facet normal 0.000000e+00 0.000000e+00 1.000000e+00
    outer loop
      vertex   -2.216867e+01 8.628671e+01 1.000000e+01
      vertex   -2.255369e+01 8.546524e+01 1.000000e+01
      vertex   -2.215129e+01 8.609638e+01 1.000000e+01
    endloop
  endfacet
  facet normal 0.000000e+00 0.000000e+00 1.000000e+00
    outer loop
      vertex   -2.215129e+01 8.609638e+01 1.000000e+01
      vertex   -2.255369e+01 8.546524e+01 1.000000e+01
      vertex   -2.234888e+01 8.553978e+01 1.000000e+01
    endloop
  endfacet
  facet normal 0.000000e+00 0.000000e+00 1.000000e+00
    outer loop
      vertex   -2.215129e+01 8.609638e+01 1.000000e+01
      vertex   -2.234888e+01 8.553978e+01 1.000000e+01
      vertex   -2.214243e+01 8.587345e+01 1.000000e+01
    endloop
  endfacet
  facet normal 0.000000e+00 0.000000e+00 1.000000e+00
    outer loop
      vertex   -2.214243e+01 8.587345e+01 1.000000e+01
      vertex   -2.234888e+01 8.553978e+01 1.000000e+01
      vertex   -2.214533e+01 8.561767e+01 1.000000e+01
    endloop
  endfacet
  facet normal 0.000000e+00 0.000000e+00 1.000000e+00
    outer loop
      vertex   -2.219134e+01 8.644471e+01 1.000000e+01
      vertex   -2.221609e+01 8.657064e+01 1.000000e+01
      vertex   -2.301428e+01 8.569962e+01 1.000000e+01
    endloop
  endfacet
  facet normal 0.000000e+00 0.000000e+00 1.000000e+00
    outer loop
      vertex   -2.301428e+01 8.569962e+01 1.000000e+01
      vertex   -2.221609e+01 8.657064e+01 1.000000e+01
      vertex   -2.223968e+01 8.666477e+01 1.000000e+01
    endloop
  endfacet
  facet normal 0.000000e+00 0.000000e+00 1.000000e+00
    outer loop
      vertex   -2.226936e+01 8.675597e+01 1.000000e+01
      vertex   -2.245304e+01 8.719256e+01 1.000000e+01
      vertex   -2.319118e+01 8.595160e+01 1.000000e+01
    endloop
  endfacet
  facet normal 2.138021e-14 -4.296679e-14 1.000000e+00
    outer loop
      vertex   -2.191029e+01 8.743731e+01 1.000000e+01
      vertex   -2.164375e+01 8.756994e+01 1.000000e+01
      vertex   -2.572625e+01 9.703172e+01 1.000000e+01
    endloop
  endfacet
  facet normal 2.412350e-14 -4.178313e-14 1.000000e+00
    outer loop
      vertex   -2.572625e+01 9.703172e+01 1.000000e+01
      vertex   -2.164375e+01 8.756994e+01 1.000000e+01
      vertex   -2.064543e+01 8.814632e+01 1.000000e+01
    endloop
  endfacet
  facet normal -0.000000e+00 0.000000e+00 1.000000e+00
    outer loop
      vertex   -2.164375e+01 8.756994e+01 1.000000e+01
      vertex   -2.142737e+01 8.714859e+01 1.000000e+01
      vertex   -2.064543e+01 8.814632e+01 1.000000e+01
    endloop
  endfacet
  facet normal 0.000000e+00 0.000000e+00 1.000000e+00
    outer loop
      vertex   -2.064543e+01 8.814632e+01 1.000000e+01
      vertex   -2.142737e+01 8.714859e+01 1.000000e+01
      vertex   -2.141253e+01 8.712273e+01 1.000000e+01
    endloop
  endfacet
  facet normal 0.000000e+00 0.000000e+00 1.000000e+00
    outer loop
      vertex   -2.064543e+01 8.814632e+01 1.000000e+01
      vertex   -2.141253e+01 8.712273e+01 1.000000e+01
      vertex   -2.138137e+01 8.707427e+01 1.000000e+01
    endloop
  endfacet
  facet normal 0.000000e+00 0.000000e+00 1.000000e+00
    outer loop
      vertex   -2.142737e+01 8.714859e+01 1.000000e+01
      vertex   -2.142715e+01 8.714817e+01 1.000000e+01
      vertex   -2.141253e+01 8.712273e+01 1.000000e+01
    endloop
  endfacet
  facet normal -0.000000e+00 0.000000e+00 1.000000e+00
    outer loop
      vertex   -2.138137e+01 8.707427e+01 1.000000e+01
      vertex   -2.131297e+01 8.698002e+01 1.000000e+01
      vertex   -2.064543e+01 8.814632e+01 1.000000e+01
    endloop
  endfacet
  facet normal 0.000000e+00 0.000000e+00 1.000000e+00
    outer loop
      vertex   -2.064543e+01 8.814632e+01 1.000000e+01
      vertex   -2.131297e+01 8.698002e+01 1.000000e+01
      vertex   -2.115686e+01 8.679604e+01 1.000000e+01
    endloop
  endfacet
  facet normal 0.000000e+00 0.000000e+00 1.000000e+00
    outer loop
      vertex   -2.064543e+01 8.814632e+01 1.000000e+01
      vertex   -2.115686e+01 8.679604e+01 1.000000e+01
      vertex   -2.038872e+01 8.774826e+01 1.000000e+01
    endloop
  endfacet
  facet normal 0.000000e+00 0.000000e+00 1.000000e+00
    outer loop
      vertex   -2.038872e+01 8.774826e+01 1.000000e+01
      vertex   -2.115686e+01 8.679604e+01 1.000000e+01
      vertex   -2.093889e+01 8.657860e+01 1.000000e+01
    endloop
  endfacet
  facet normal 0.000000e+00 0.000000e+00 1.000000e+00
    outer loop
      vertex   -2.038872e+01 8.774826e+01 1.000000e+01
      vertex   -2.093889e+01 8.657860e+01 1.000000e+01
      vertex   -2.037344e+01 8.772191e+01 1.000000e+01
    endloop
  endfacet
  facet normal 0.000000e+00 0.000000e+00 1.000000e+00
    outer loop
      vertex   -2.037344e+01 8.772191e+01 1.000000e+01
      vertex   -2.093889e+01 8.657860e+01 1.000000e+01
      vertex   -2.034366e+01 8.766360e+01 1.000000e+01
    endloop
  endfacet
  facet normal 0.000000e+00 0.000000e+00 1.000000e+00
    outer loop
      vertex   -2.034366e+01 8.766360e+01 1.000000e+01
      vertex   -2.093889e+01 8.657860e+01 1.000000e+01
      vertex   -2.030408e+01 8.757499e+01 1.000000e+01
    endloop
  endfacet
  facet normal 0.000000e+00 0.000000e+00 1.000000e+00
    outer loop
      vertex   -2.030408e+01 8.757499e+01 1.000000e+01
      vertex   -2.093889e+01 8.657860e+01 1.000000e+01
      vertex   -2.025784e+01 8.745527e+01 1.000000e+01
    endloop
  endfacet
  facet normal 0.000000e+00 0.000000e+00 1.000000e+00
    outer loop
      vertex   -2.025784e+01 8.745527e+01 1.000000e+01
      vertex   -2.093889e+01 8.657860e+01 1.000000e+01
      vertex   -2.020808e+01 8.730361e+01 1.000000e+01
    endloop
  endfacet
  facet normal 0.000000e+00 0.000000e+00 1.000000e+00
    outer loop
      vertex   -2.020808e+01 8.730361e+01 1.000000e+01
      vertex   -2.093889e+01 8.657860e+01 1.000000e+01
      vertex   -2.044460e+01 8.642776e+01 1.000000e+01
    endloop
  endfacet
  facet normal 0.000000e+00 0.000000e+00 1.000000e+00
    outer loop
      vertex   -2.020808e+01 8.730361e+01 1.000000e+01
      vertex   -2.044460e+01 8.642776e+01 1.000000e+01
      vertex   -2.015791e+01 8.711919e+01 1.000000e+01
    endloop
  endfacet
  facet normal 0.000000e+00 0.000000e+00 1.000000e+00
    outer loop
      vertex   -2.015791e+01 8.711919e+01 1.000000e+01
      vertex   -2.044460e+01 8.642776e+01 1.000000e+01
      vertex   -2.025585e+01 8.653674e+01 1.000000e+01
    endloop
  endfacet
  facet normal 0.000000e+00 0.000000e+00 1.000000e+00
    outer loop
      vertex   -2.015791e+01 8.711919e+01 1.000000e+01
      vertex   -2.025585e+01 8.653674e+01 1.000000e+01
      vertex   -2.011048e+01 8.690119e+01 1.000000e+01
    endloop
  endfacet
  facet normal 0.000000e+00 0.000000e+00 1.000000e+00
    outer loop
      vertex   -2.011048e+01 8.690119e+01 1.000000e+01
      vertex   -2.025585e+01 8.653674e+01 1.000000e+01
      vertex   -2.006891e+01 8.664879e+01 1.000000e+01
    endloop
  endfacet
  facet normal 0.000000e+00 0.000000e+00 1.000000e+00
    outer loop
      vertex   -2.093889e+01 8.657860e+01 1.000000e+01
      vertex   -2.063511e+01 8.632190e+01 1.000000e+01
      vertex   -2.044460e+01 8.642776e+01 1.000000e+01
    endloop
  endfacet
  facet normal 0.000000e+00 0.000000e+00 1.000000e+00
    outer loop
      vertex   -2.037344e+01 8.772191e+01 1.000000e+01
      vertex   -2.038846e+01 8.774785e+01 1.000000e+01
      vertex   -2.038872e+01 8.774826e+01 1.000000e+01
    endloop
  endfacet
  facet normal 2.843048e-14 -3.848495e-14 1.000000e+00
    outer loop
      vertex   -2.015342e+01 8.848160e+01 1.000000e+01
      vertex   -1.991396e+01 8.865850e+01 1.000000e+01
      vertex   -2.554788e+01 9.732818e+01 1.000000e+01
    endloop
  endfacet
  facet normal 3.092985e-14 -3.686076e-14 1.000000e+00
    outer loop
      vertex   -2.554788e+01 9.732818e+01 1.000000e+01
      vertex   -1.991396e+01 8.865850e+01 1.000000e+01
      vertex   -1.903089e+01 8.939948e+01 1.000000e+01
    endloop
  endfacet
  facet normal -0.000000e+00 0.000000e+00 1.000000e+00
    outer loop
      vertex   -1.991396e+01 8.865850e+01 1.000000e+01
      vertex   -1.962770e+01 8.828112e+01 1.000000e+01
      vertex   -1.903089e+01 8.939948e+01 1.000000e+01
    endloop
  endfacet
  facet normal 0.000000e+00 0.000000e+00 1.000000e+00
    outer loop
      vertex   -1.903089e+01 8.939948e+01 1.000000e+01
      vertex   -1.962770e+01 8.828112e+01 1.000000e+01
      vertex   -1.960860e+01 8.825823e+01 1.000000e+01
    endloop
  endfacet
  facet normal 0.000000e+00 0.000000e+00 1.000000e+00
    outer loop
      vertex   -1.903089e+01 8.939948e+01 1.000000e+01
      vertex   -1.960860e+01 8.825823e+01 1.000000e+01
      vertex   -1.956949e+01 8.821592e+01 1.000000e+01
    endloop
  endfacet
  facet normal 0.000000e+00 0.000000e+00 1.000000e+00
    outer loop
      vertex   -1.962770e+01 8.828112e+01 1.000000e+01
      vertex   -1.962741e+01 8.828074e+01 1.000000e+01
      vertex   -1.960860e+01 8.825823e+01 1.000000e+01
    endloop
  endfacet
  facet normal -0.000000e+00 0.000000e+00 1.000000e+00
    outer loop
      vertex   -1.956949e+01 8.821592e+01 1.000000e+01
      vertex   -1.948577e+01 8.813498e+01 1.000000e+01
      vertex   -1.903089e+01 8.939948e+01 1.000000e+01
    endloop
  endfacet
  facet normal 0.000000e+00 0.000000e+00 1.000000e+00
    outer loop
      vertex   -1.903089e+01 8.939948e+01 1.000000e+01
      vertex   -1.948577e+01 8.813498e+01 1.000000e+01
      vertex   -1.930009e+01 8.798090e+01 1.000000e+01
    endloop
  endfacet
  facet normal 0.000000e+00 0.000000e+00 1.000000e+00
    outer loop
      vertex   -1.903089e+01 8.939948e+01 1.000000e+01
      vertex   -1.930009e+01 8.798090e+01 1.000000e+01
      vertex   -1.870896e+01 8.905204e+01 1.000000e+01
    endloop
  endfacet
  facet normal 0.000000e+00 0.000000e+00 1.000000e+00
    outer loop
      vertex   -1.870896e+01 8.905204e+01 1.000000e+01
      vertex   -1.930009e+01 8.798090e+01 1.000000e+01
      vertex   -1.868934e+01 8.902875e+01 1.000000e+01
    endloop
  endfacet
  facet normal 0.000000e+00 0.000000e+00 1.000000e+00
    outer loop
      vertex   -1.870896e+01 8.905204e+01 1.000000e+01
      vertex   -1.868934e+01 8.902875e+01 1.000000e+01
      vertex   -1.870864e+01 8.905169e+01 1.000000e+01
    endloop
  endfacet
  facet normal 0.000000e+00 0.000000e+00 1.000000e+00
    outer loop
      vertex   -1.868934e+01 8.902875e+01 1.000000e+01
      vertex   -1.930009e+01 8.798090e+01 1.000000e+01
      vertex   -1.864988e+01 8.897649e+01 1.000000e+01
    endloop
  endfacet
  facet normal 0.000000e+00 0.000000e+00 1.000000e+00
    outer loop
      vertex   -1.864988e+01 8.897649e+01 1.000000e+01
      vertex   -1.930009e+01 8.798090e+01 1.000000e+01
      vertex   -1.904767e+01 8.780462e+01 1.000000e+01
    endloop
  endfacet
  facet normal 0.000000e+00 0.000000e+00 1.000000e+00
    outer loop
      vertex   -1.864988e+01 8.897649e+01 1.000000e+01
      vertex   -1.904767e+01 8.780462e+01 1.000000e+01
      vertex   -1.859552e+01 8.889611e+01 1.000000e+01
    endloop
  endfacet
  facet normal 0.000000e+00 0.000000e+00 1.000000e+00
    outer loop
      vertex   -1.859552e+01 8.889611e+01 1.000000e+01
      vertex   -1.904767e+01 8.780462e+01 1.000000e+01
      vertex   -1.852920e+01 8.878623e+01 1.000000e+01
    endloop
  endfacet
  facet normal 0.000000e+00 0.000000e+00 1.000000e+00
    outer loop
      vertex   -1.852920e+01 8.878623e+01 1.000000e+01
      vertex   -1.904767e+01 8.780462e+01 1.000000e+01
      vertex   -1.845385e+01 8.864552e+01 1.000000e+01
    endloop
  endfacet
  facet normal 0.000000e+00 0.000000e+00 1.000000e+00
    outer loop
      vertex   -1.845385e+01 8.864552e+01 1.000000e+01
      vertex   -1.904767e+01 8.780462e+01 1.000000e+01
      vertex   -1.853469e+01 8.774190e+01 1.000000e+01
    endloop
  endfacet
  facet normal 0.000000e+00 0.000000e+00 1.000000e+00
    outer loop
      vertex   -1.845385e+01 8.864552e+01 1.000000e+01
      vertex   -1.853469e+01 8.774190e+01 1.000000e+01
      vertex   -1.837243e+01 8.847261e+01 1.000000e+01
    endloop
  endfacet
  facet normal 0.000000e+00 0.000000e+00 1.000000e+00
    outer loop
      vertex   -1.837243e+01 8.847261e+01 1.000000e+01
      vertex   -1.853469e+01 8.774190e+01 1.000000e+01
      vertex   -1.836773e+01 8.788200e+01 1.000000e+01
    endloop
  endfacet
  facet normal 0.000000e+00 0.000000e+00 1.000000e+00
    outer loop
      vertex   -1.837243e+01 8.847261e+01 1.000000e+01
      vertex   -1.836773e+01 8.788200e+01 1.000000e+01
      vertex   -1.828786e+01 8.826616e+01 1.000000e+01
    endloop
  endfacet
  facet normal 0.000000e+00 0.000000e+00 1.000000e+00
    outer loop
      vertex   -1.828786e+01 8.826616e+01 1.000000e+01
      vertex   -1.836773e+01 8.788200e+01 1.000000e+01
      vertex   -1.820309e+01 8.802481e+01 1.000000e+01
    endloop
  endfacet
  facet normal 0.000000e+00 0.000000e+00 1.000000e+00
    outer loop
      vertex   -1.904767e+01 8.780462e+01 1.000000e+01
      vertex   -1.870392e+01 8.760456e+01 1.000000e+01
      vertex   -1.853469e+01 8.774190e+01 1.000000e+01
    endloop
  endfacet
  facet normal 3.456878e-14 -3.285634e-14 1.000000e+00
    outer loop
      vertex   -1.860458e+01 8.981510e+01 1.000000e+01
      vertex   -1.839948e+01 9.003089e+01 1.000000e+01
      vertex   -2.543741e+01 9.765605e+01 1.000000e+01
    endloop
  endfacet
  facet normal 3.675351e-14 -3.083986e-14 1.000000e+00
    outer loop
      vertex   -2.543741e+01 9.765605e+01 1.000000e+01
      vertex   -1.839948e+01 9.003089e+01 1.000000e+01
      vertex   -1.765850e+01 9.091396e+01 1.000000e+01
    endloop
  endfacet
  facet normal 3.870247e-14 -2.859117e-14 1.000000e+00
    outer loop
      vertex   -2.543741e+01 9.765605e+01 1.000000e+01
      vertex   -1.765850e+01 9.091396e+01 1.000000e+01
      vertex   -1.748160e+01 9.115342e+01 1.000000e+01
    endloop
  endfacet
  facet normal -0.000000e+00 0.000000e+00 1.000000e+00
    outer loop
      vertex   -1.839948e+01 9.003089e+01 1.000000e+01
      vertex   -1.805204e+01 8.970896e+01 1.000000e+01
      vertex   -1.765850e+01 9.091396e+01 1.000000e+01
    endloop
  endfacet
  facet normal 0.000000e+00 0.000000e+00 1.000000e+00
    outer loop
      vertex   -1.765850e+01 9.091396e+01 1.000000e+01
      vertex   -1.805204e+01 8.970896e+01 1.000000e+01
      vertex   -1.802925e+01 8.968974e+01 1.000000e+01
    endloop
  endfacet
  facet normal 0.000000e+00 0.000000e+00 1.000000e+00
    outer loop
      vertex   -1.765850e+01 9.091396e+01 1.000000e+01
      vertex   -1.802925e+01 8.968974e+01 1.000000e+01
      vertex   -1.798339e+01 8.965486e+01 1.000000e+01
    endloop
  endfacet
  facet normal 0.000000e+00 0.000000e+00 1.000000e+00
    outer loop
      vertex   -1.805204e+01 8.970896e+01 1.000000e+01
      vertex   -1.805169e+01 8.970864e+01 1.000000e+01
      vertex   -1.802925e+01 8.968974e+01 1.000000e+01
    endloop
  endfacet
  facet normal -0.000000e+00 0.000000e+00 1.000000e+00
    outer loop
      vertex   -1.798339e+01 8.965486e+01 1.000000e+01
      vertex   -1.788688e+01 8.958969e+01 1.000000e+01
      vertex   -1.765850e+01 9.091396e+01 1.000000e+01
    endloop
  endfacet
  facet normal 0.000000e+00 0.000000e+00 1.000000e+00
    outer loop
      vertex   -1.765850e+01 9.091396e+01 1.000000e+01
      vertex   -1.788688e+01 8.958969e+01 1.000000e+01
      vertex   -1.728112e+01 9.062770e+01 1.000000e+01
    endloop
  endfacet
  facet normal 0.000000e+00 0.000000e+00 1.000000e+00
    outer loop
      vertex   -1.728112e+01 9.062770e+01 1.000000e+01
      vertex   -1.788688e+01 8.958969e+01 1.000000e+01
      vertex   -1.767727e+01 8.947019e+01 1.000000e+01
    endloop
  endfacet
  facet normal 0.000000e+00 0.000000e+00 1.000000e+00
    outer loop
      vertex   -1.728112e+01 9.062770e+01 1.000000e+01
      vertex   -1.767727e+01 8.947019e+01 1.000000e+01
      vertex   -1.725775e+01 9.060817e+01 1.000000e+01
    endloop
  endfacet
  facet normal 0.000000e+00 0.000000e+00 1.000000e+00
    outer loop
      vertex   -1.725775e+01 9.060817e+01 1.000000e+01
      vertex   -1.767727e+01 8.947019e+01 1.000000e+01
      vertex   -1.720982e+01 9.056356e+01 1.000000e+01
    endloop
  endfacet
  facet normal 0.000000e+00 0.000000e+00 1.000000e+00
    outer loop
      vertex   -1.720982e+01 9.056356e+01 1.000000e+01
      vertex   -1.767727e+01 8.947019e+01 1.000000e+01
      vertex   -1.714233e+01 9.049384e+01 1.000000e+01
    endloop
  endfacet
  facet normal 0.000000e+00 0.000000e+00 1.000000e+00
    outer loop
      vertex   -1.714233e+01 9.049384e+01 1.000000e+01
      vertex   -1.767727e+01 8.947019e+01 1.000000e+01
      vertex   -1.739808e+01 8.934042e+01 1.000000e+01
    endloop
  endfacet
  facet normal 0.000000e+00 0.000000e+00 1.000000e+00
    outer loop
      vertex   -1.714233e+01 9.049384e+01 1.000000e+01
      vertex   -1.739808e+01 8.934042e+01 1.000000e+01
      vertex   -1.705794e+01 9.039715e+01 1.000000e+01
    endloop
  endfacet
  facet normal 0.000000e+00 0.000000e+00 1.000000e+00
    outer loop
      vertex   -1.705794e+01 9.039715e+01 1.000000e+01
      vertex   -1.739808e+01 8.934042e+01 1.000000e+01
      vertex   -1.695930e+01 9.027166e+01 1.000000e+01
    endloop
  endfacet
  facet normal 0.000000e+00 0.000000e+00 1.000000e+00
    outer loop
      vertex   -1.695930e+01 9.027166e+01 1.000000e+01
      vertex   -1.739808e+01 8.934042e+01 1.000000e+01
      vertex   -1.684908e+01 9.011552e+01 1.000000e+01
    endloop
  endfacet
  facet normal 0.000000e+00 0.000000e+00 1.000000e+00
    outer loop
      vertex   -1.684908e+01 9.011552e+01 1.000000e+01
      vertex   -1.739808e+01 8.934042e+01 1.000000e+01
      vertex   -1.688200e+01 8.936773e+01 1.000000e+01
    endloop
  endfacet
  facet normal 0.000000e+00 0.000000e+00 1.000000e+00
    outer loop
      vertex   -1.684908e+01 9.011552e+01 1.000000e+01
      vertex   -1.688200e+01 8.936773e+01 1.000000e+01
      vertex   -1.672995e+01 8.992689e+01 1.000000e+01
    endloop
  endfacet
  facet normal 0.000000e+00 0.000000e+00 1.000000e+00
    outer loop
      vertex   -1.672995e+01 8.992689e+01 1.000000e+01
      vertex   -1.688200e+01 8.936773e+01 1.000000e+01
      vertex   -1.674190e+01 8.953469e+01 1.000000e+01
    endloop
  endfacet
  facet normal 0.000000e+00 0.000000e+00 1.000000e+00
    outer loop
      vertex   -1.672995e+01 8.992689e+01 1.000000e+01
      vertex   -1.674190e+01 8.953469e+01 1.000000e+01
      vertex   -1.660456e+01 8.970392e+01 1.000000e+01
    endloop
  endfacet
  facet normal -0.000000e+00 0.000000e+00 1.000000e+00
    outer loop
      vertex   -1.739808e+01 8.934042e+01 1.000000e+01
      vertex   -1.702481e+01 8.920309e+01 1.000000e+01
      vertex   -1.688200e+01 8.936773e+01 1.000000e+01
    endloop
  endfacet
  facet normal 0.000000e+00 0.000000e+00 1.000000e+00
    outer loop
      vertex   -1.725775e+01 9.060817e+01 1.000000e+01
      vertex   -1.728074e+01 9.062741e+01 1.000000e+01
      vertex   -1.728112e+01 9.062770e+01 1.000000e+01
    endloop
  endfacet
  facet normal 3.947776e-14 -2.764263e-14 1.000000e+00
    outer loop
      vertex   -1.748160e+01 9.115342e+01 1.000000e+01
      vertex   -1.731083e+01 9.139730e+01 1.000000e+01
      vertex   -2.543741e+01 9.765605e+01 1.000000e+01
    endloop
  endfacet
  facet normal 4.022625e-14 -2.667076e-14 1.000000e+00
    outer loop
      vertex   -2.543741e+01 9.765605e+01 1.000000e+01
      vertex   -1.731083e+01 9.139730e+01 1.000000e+01
      vertex   -1.714632e+01 9.164543e+01 1.000000e+01
    endloop
  endfacet
  facet normal 4.198739e-14 -2.424143e-14 1.000000e+00
    outer loop
      vertex   -2.543741e+01 9.765605e+01 1.000000e+01
      vertex   -1.714632e+01 9.164543e+01 1.000000e+01
      vertex   -1.656994e+01 9.264375e+01 1.000000e+01
    endloop
  endfacet
  facet normal 0.000000e+00 0.000000e+00 1.000000e+00
    outer loop
      vertex   -1.656994e+01 9.264375e+01 1.000000e+01
      vertex   -1.714632e+01 9.164543e+01 1.000000e+01
      vertex   -1.674826e+01 9.138872e+01 1.000000e+01
    endloop
  endfacet
  facet normal 0.000000e+00 0.000000e+00 1.000000e+00
    outer loop
      vertex   -1.656994e+01 9.264375e+01 1.000000e+01
      vertex   -1.674826e+01 9.138872e+01 1.000000e+01
      vertex   -1.672247e+01 9.137374e+01 1.000000e+01
    endloop
  endfacet
  facet normal 0.000000e+00 0.000000e+00 1.000000e+00
    outer loop
      vertex   -1.672247e+01 9.137374e+01 1.000000e+01
      vertex   -1.674826e+01 9.138872e+01 1.000000e+01
      vertex   -1.674785e+01 9.138846e+01 1.000000e+01
    endloop
  endfacet
  facet normal -0.000000e+00 0.000000e+00 1.000000e+00
    outer loop
      vertex   -1.672247e+01 9.137374e+01 1.000000e+01
      vertex   -1.667126e+01 9.134736e+01 1.000000e+01
      vertex   -1.656994e+01 9.264375e+01 1.000000e+01
    endloop
  endfacet
  facet normal 0.000000e+00 0.000000e+00 1.000000e+00
    outer loop
      vertex   -1.656994e+01 9.264375e+01 1.000000e+01
      vertex   -1.667126e+01 9.134736e+01 1.000000e+01
      vertex   -1.614859e+01 9.242737e+01 1.000000e+01
    endloop
  endfacet
  facet normal 0.000000e+00 0.000000e+00 1.000000e+00
    outer loop
      vertex   -1.614859e+01 9.242737e+01 1.000000e+01
      vertex   -1.667126e+01 9.134736e+01 1.000000e+01
      vertex   -1.656490e+01 9.129994e+01 1.000000e+01
    endloop
  endfacet
  facet normal 0.000000e+00 0.000000e+00 1.000000e+00
    outer loop
      vertex   -1.614859e+01 9.242737e+01 1.000000e+01
      vertex   -1.656490e+01 9.129994e+01 1.000000e+01
      vertex   -1.633771e+01 9.121865e+01 1.000000e+01
    endloop
  endfacet
  facet normal 0.000000e+00 -0.000000e+00 1.000000e+00
    outer loop
      vertex   -1.604023e+01 9.113933e+01 1.000000e+01
      vertex   -1.588876e+01 9.223908e+01 1.000000e+01
      vertex   -1.633771e+01 9.121865e+01 1.000000e+01
    endloop
  endfacet
  facet normal 0.000000e+00 0.000000e+00 1.000000e+00
    outer loop
      vertex   -1.633771e+01 9.121865e+01 1.000000e+01
      vertex   -1.588876e+01 9.223908e+01 1.000000e+01
      vertex   -1.598866e+01 9.231964e+01 1.000000e+01
    endloop
  endfacet
  facet normal 0.000000e+00 0.000000e+00 1.000000e+00
    outer loop
      vertex   -1.633771e+01 9.121865e+01 1.000000e+01
      vertex   -1.598866e+01 9.231964e+01 1.000000e+01
      vertex   -1.606724e+01 9.237659e+01 1.000000e+01
    endloop
  endfacet
  facet normal 0.000000e+00 -0.000000e+00 1.000000e+00
    outer loop
      vertex   -1.564879e+01 9.106891e+01 1.000000e+01
      vertex   -1.553674e+01 9.125585e+01 1.000000e+01
      vertex   -1.604023e+01 9.113933e+01 1.000000e+01
    endloop
  endfacet
  facet normal 0.000000e+00 0.000000e+00 1.000000e+00
    outer loop
      vertex   -1.604023e+01 9.113933e+01 1.000000e+01
      vertex   -1.553674e+01 9.125585e+01 1.000000e+01
      vertex   -1.563417e+01 9.199799e+01 1.000000e+01
    endloop
  endfacet
  facet normal 0.000000e+00 0.000000e+00 1.000000e+00
    outer loop
      vertex   -1.604023e+01 9.113933e+01 1.000000e+01
      vertex   -1.563417e+01 9.199799e+01 1.000000e+01
      vertex   -1.576983e+01 9.213262e+01 1.000000e+01
    endloop
  endfacet
  facet normal 0.000000e+00 0.000000e+00 1.000000e+00
    outer loop
      vertex   -1.563417e+01 9.199799e+01 1.000000e+01
      vertex   -1.553674e+01 9.125585e+01 1.000000e+01
      vertex   -1.548410e+01 9.183291e+01 1.000000e+01
    endloop
  endfacet
  facet normal 0.000000e+00 0.000000e+00 1.000000e+00
    outer loop
      vertex   -1.548410e+01 9.183291e+01 1.000000e+01
      vertex   -1.553674e+01 9.125585e+01 1.000000e+01
      vertex   -1.542776e+01 9.144460e+01 1.000000e+01
    endloop
  endfacet
  facet normal 0.000000e+00 0.000000e+00 1.000000e+00
    outer loop
      vertex   -1.548410e+01 9.183291e+01 1.000000e+01
      vertex   -1.542776e+01 9.144460e+01 1.000000e+01
      vertex   -1.532190e+01 9.163511e+01 1.000000e+01
    endloop
  endfacet
  facet normal 0.000000e+00 0.000000e+00 1.000000e+00
    outer loop
      vertex   -1.576983e+01 9.213262e+01 1.000000e+01
      vertex   -1.588876e+01 9.223908e+01 1.000000e+01
      vertex   -1.604023e+01 9.113933e+01 1.000000e+01
    endloop
  endfacet
  facet normal 0.000000e+00 0.000000e+00 1.000000e+00
    outer loop
      vertex   -1.606724e+01 9.237659e+01 1.000000e+01
      vertex   -1.612218e+01 9.241219e+01 1.000000e+01
      vertex   -1.633771e+01 9.121865e+01 1.000000e+01
    endloop
  endfacet
  facet normal 0.000000e+00 0.000000e+00 1.000000e+00
    outer loop
      vertex   -1.633771e+01 9.121865e+01 1.000000e+01
      vertex   -1.612218e+01 9.241219e+01 1.000000e+01
      vertex   -1.614817e+01 9.242715e+01 1.000000e+01
    endloop
  endfacet
  facet normal 0.000000e+00 0.000000e+00 1.000000e+00
    outer loop
      vertex   -1.633771e+01 9.121865e+01 1.000000e+01
      vertex   -1.614817e+01 9.242715e+01 1.000000e+01
      vertex   -1.614859e+01 9.242737e+01 1.000000e+01
    endloop
  endfacet
  facet normal 4.413595e-14 -1.923221e-14 1.000000e+00
    outer loop
      vertex   -1.631149e+01 9.318011e+01 1.000000e+01
      vertex   -1.619256e+01 9.345304e+01 1.000000e+01
      vertex   -2.540000e+01 9.800000e+01 1.000000e+01
    endloop
  endfacet
  facet normal 4.546207e-14 -1.654684e-14 1.000000e+00
    outer loop
      vertex   -2.540000e+01 9.800000e+01 1.000000e+01
      vertex   -1.619256e+01 9.345304e+01 1.000000e+01
      vertex   -1.579829e+01 9.453628e+01 1.000000e+01
    endloop
  endfacet
  facet normal 4.647898e-14 -1.372789e-14 1.000000e+00
    outer loop
      vertex   -2.540000e+01 9.800000e+01 1.000000e+01
      vertex   -1.579829e+01 9.453628e+01 1.000000e+01
      vertex   -1.571396e+01 9.482181e+01 1.000000e+01
    endloop
  endfacet
  facet normal -0.000000e+00 0.000000e+00 1.000000e+00
    outer loop
      vertex   -1.619256e+01 9.345304e+01 1.000000e+01
      vertex   -1.575597e+01 9.326936e+01 1.000000e+01
      vertex   -1.579829e+01 9.453628e+01 1.000000e+01
    endloop
  endfacet
  facet normal 0.000000e+00 0.000000e+00 1.000000e+00
    outer loop
      vertex   -1.579829e+01 9.453628e+01 1.000000e+01
      vertex   -1.575597e+01 9.326936e+01 1.000000e+01
      vertex   -1.534577e+01 9.439636e+01 1.000000e+01
    endloop
  endfacet
  facet normal 0.000000e+00 0.000000e+00 1.000000e+00
    outer loop
      vertex   -1.534577e+01 9.439636e+01 1.000000e+01
      vertex   -1.575597e+01 9.326936e+01 1.000000e+01
      vertex   -1.575552e+01 9.326917e+01 1.000000e+01
    endloop
  endfacet
  facet normal 0.000000e+00 0.000000e+00 1.000000e+00
    outer loop
      vertex   -1.534577e+01 9.439636e+01 1.000000e+01
      vertex   -1.575552e+01 9.326917e+01 1.000000e+01
      vertex   -1.572797e+01 9.325909e+01 1.000000e+01
    endloop
  endfacet
  facet normal -0.000000e+00 0.000000e+00 1.000000e+00
    outer loop
      vertex   -1.572797e+01 9.325909e+01 1.000000e+01
      vertex   -1.567295e+01 9.324199e+01 1.000000e+01
      vertex   -1.534577e+01 9.439636e+01 1.000000e+01
    endloop
  endfacet
  facet normal 0.000000e+00 0.000000e+00 1.000000e+00
    outer loop
      vertex   -1.534577e+01 9.439636e+01 1.000000e+01
      vertex   -1.567295e+01 9.324199e+01 1.000000e+01
      vertex   -1.555997e+01 9.321376e+01 1.000000e+01
    endloop
  endfacet
  facet normal 0.000000e+00 0.000000e+00 1.000000e+00
    outer loop
      vertex   -1.534577e+01 9.439636e+01 1.000000e+01
      vertex   -1.555997e+01 9.321376e+01 1.000000e+01
      vertex   -1.534531e+01 9.439621e+01 1.000000e+01
    endloop
  endfacet
  facet normal 0.000000e+00 0.000000e+00 1.000000e+00
    outer loop
      vertex   -1.534531e+01 9.439621e+01 1.000000e+01
      vertex   -1.555997e+01 9.321376e+01 1.000000e+01
      vertex   -1.531713e+01 9.438600e+01 1.000000e+01
    endloop
  endfacet
  facet normal 0.000000e+00 0.000000e+00 1.000000e+00
    outer loop
      vertex   -1.531713e+01 9.438600e+01 1.000000e+01
      vertex   -1.555997e+01 9.321376e+01 1.000000e+01
      vertex   -1.525683e+01 9.436047e+01 1.000000e+01
    endloop
  endfacet
  facet normal 0.000000e+00 0.000000e+00 1.000000e+00
    outer loop
      vertex   -1.525683e+01 9.436047e+01 1.000000e+01
      vertex   -1.555997e+01 9.321376e+01 1.000000e+01
      vertex   -1.532213e+01 9.317316e+01 1.000000e+01
    endloop
  endfacet
  facet normal 0.000000e+00 0.000000e+00 1.000000e+00
    outer loop
      vertex   -1.525683e+01 9.436047e+01 1.000000e+01
      vertex   -1.532213e+01 9.317316e+01 1.000000e+01
      vertex   -1.516956e+01 9.431804e+01 1.000000e+01
    endloop
  endfacet
  facet normal 0.000000e+00 0.000000e+00 1.000000e+00
    outer loop
      vertex   -1.516956e+01 9.431804e+01 1.000000e+01
      vertex   -1.532213e+01 9.317316e+01 1.000000e+01
      vertex   -1.505719e+01 9.425604e+01 1.000000e+01
    endloop
  endfacet
  facet normal 0.000000e+00 0.000000e+00 1.000000e+00
    outer loop
      vertex   -1.505719e+01 9.425604e+01 1.000000e+01
      vertex   -1.532213e+01 9.317316e+01 1.000000e+01
      vertex   -1.492158e+01 9.417186e+01 1.000000e+01
    endloop
  endfacet
  facet normal 0.000000e+00 0.000000e+00 1.000000e+00
    outer loop
      vertex   -1.492158e+01 9.417186e+01 1.000000e+01
      vertex   -1.532213e+01 9.317316e+01 1.000000e+01
      vertex   -1.501539e+01 9.314670e+01 1.000000e+01
    endloop
  endfacet
  facet normal 0.000000e+00 0.000000e+00 1.000000e+00
    outer loop
      vertex   -1.492158e+01 9.417186e+01 1.000000e+01
      vertex   -1.501539e+01 9.314670e+01 1.000000e+01
      vertex   -1.476461e+01 9.406283e+01 1.000000e+01
    endloop
  endfacet
  facet normal 0.000000e+00 0.000000e+00 1.000000e+00
    outer loop
      vertex   -1.476461e+01 9.406283e+01 1.000000e+01
      vertex   -1.501539e+01 9.314670e+01 1.000000e+01
      vertex   -1.458814e+01 9.392632e+01 1.000000e+01
    endloop
  endfacet
  facet normal 0.000000e+00 0.000000e+00 1.000000e+00
    outer loop
      vertex   -1.458814e+01 9.392632e+01 1.000000e+01
      vertex   -1.501539e+01 9.314670e+01 1.000000e+01
      vertex   -1.453978e+01 9.334888e+01 1.000000e+01
    endloop
  endfacet
  facet normal 0.000000e+00 0.000000e+00 1.000000e+00
    outer loop
      vertex   -1.458814e+01 9.392632e+01 1.000000e+01
      vertex   -1.453978e+01 9.334888e+01 1.000000e+01
      vertex   -1.446524e+01 9.355369e+01 1.000000e+01
    endloop
  endfacet
  facet normal -0.000000e+00 0.000000e+00 1.000000e+00
    outer loop
      vertex   -1.501539e+01 9.314670e+01 1.000000e+01
      vertex   -1.461767e+01 9.314533e+01 1.000000e+01
      vertex   -1.453978e+01 9.334888e+01 1.000000e+01
    endloop
  endfacet
  facet normal 0.000000e+00 -0.000000e+00 1.000000e+00
    outer loop
      vertex   -1.446524e+01 9.355369e+01 1.000000e+01
      vertex   -1.439406e+01 9.375968e+01 1.000000e+01
      vertex   -1.458814e+01 9.392632e+01 1.000000e+01
    endloop
  endfacet
  facet normal 4.686319e-14 -1.255695e-14 1.000000e+00
    outer loop
      vertex   -1.571396e+01 9.482181e+01 1.000000e+01
      vertex   -1.563691e+01 9.510938e+01 1.000000e+01
      vertex   -2.540000e+01 9.800000e+01 1.000000e+01
    endloop
  endfacet
  facet normal 4.721336e-14 -1.137426e-14 1.000000e+00
    outer loop
      vertex   -2.540000e+01 9.800000e+01 1.000000e+01
      vertex   -1.563691e+01 9.510938e+01 1.000000e+01
      vertex   -1.556718e+01 9.539881e+01 1.000000e+01
    endloop
  endfacet
  facet normal 4.798407e-14 -8.460886e-15 1.000000e+00
    outer loop
      vertex   -2.540000e+01 9.800000e+01 1.000000e+01
      vertex   -1.556718e+01 9.539881e+01 1.000000e+01
      vertex   -1.536700e+01 9.653406e+01 1.000000e+01
    endloop
  endfacet
  facet normal 0.000000e+00 0.000000e+00 1.000000e+00
    outer loop
      vertex   -1.536700e+01 9.653406e+01 1.000000e+01
      vertex   -1.556718e+01 9.539881e+01 1.000000e+01
      vertex   -1.510532e+01 9.529373e+01 1.000000e+01
    endloop
  endfacet
  facet normal 0.000000e+00 0.000000e+00 1.000000e+00
    outer loop
      vertex   -1.536700e+01 9.653406e+01 1.000000e+01
      vertex   -1.510532e+01 9.529373e+01 1.000000e+01
      vertex   -1.489706e+01 9.647484e+01 1.000000e+01
    endloop
  endfacet
  facet normal 0.000000e+00 0.000000e+00 1.000000e+00
    outer loop
      vertex   -1.489706e+01 9.647484e+01 1.000000e+01
      vertex   -1.510532e+01 9.529373e+01 1.000000e+01
      vertex   -1.510485e+01 9.529363e+01 1.000000e+01
    endloop
  endfacet
  facet normal 0.000000e+00 0.000000e+00 1.000000e+00
    outer loop
      vertex   -1.489706e+01 9.647484e+01 1.000000e+01
      vertex   -1.510485e+01 9.529363e+01 1.000000e+01
      vertex   -1.507597e+01 9.528848e+01 1.000000e+01
    endloop
  endfacet
  facet normal -0.000000e+00 0.000000e+00 1.000000e+00
    outer loop
      vertex   -1.507597e+01 9.528848e+01 1.000000e+01
      vertex   -1.501882e+01 9.528120e+01 1.000000e+01
      vertex   -1.489706e+01 9.647484e+01 1.000000e+01
    endloop
  endfacet
  facet normal 0.000000e+00 0.000000e+00 1.000000e+00
    outer loop
      vertex   -1.489706e+01 9.647484e+01 1.000000e+01
      vertex   -1.501882e+01 9.528120e+01 1.000000e+01
      vertex   -1.490265e+01 9.527302e+01 1.000000e+01
    endloop
  endfacet
  facet normal 0.000000e+00 0.000000e+00 1.000000e+00
    outer loop
      vertex   -1.489706e+01 9.647484e+01 1.000000e+01
      vertex   -1.490265e+01 9.527302e+01 1.000000e+01
      vertex   -1.489658e+01 9.647478e+01 1.000000e+01
    endloop
  endfacet
  facet normal 0.000000e+00 0.000000e+00 1.000000e+00
    outer loop
      vertex   -1.489658e+01 9.647478e+01 1.000000e+01
      vertex   -1.490265e+01 9.527302e+01 1.000000e+01
      vertex   -1.486705e+01 9.646961e+01 1.000000e+01
    endloop
  endfacet
  facet normal 0.000000e+00 0.000000e+00 1.000000e+00
    outer loop
      vertex   -1.486705e+01 9.646961e+01 1.000000e+01
      vertex   -1.490265e+01 9.527302e+01 1.000000e+01
      vertex   -1.480324e+01 9.645495e+01 1.000000e+01
    endloop
  endfacet
  facet normal 0.000000e+00 0.000000e+00 1.000000e+00
    outer loop
      vertex   -1.480324e+01 9.645495e+01 1.000000e+01
      vertex   -1.490265e+01 9.527302e+01 1.000000e+01
      vertex   -1.470993e+01 9.642831e+01 1.000000e+01
    endloop
  endfacet
  facet normal 0.000000e+00 0.000000e+00 1.000000e+00
    outer loop
      vertex   -1.470993e+01 9.642831e+01 1.000000e+01
      vertex   -1.490265e+01 9.527302e+01 1.000000e+01
      vertex   -1.466137e+01 9.527433e+01 1.000000e+01
    endloop
  endfacet
  facet normal 0.000000e+00 0.000000e+00 1.000000e+00
    outer loop
      vertex   -1.470993e+01 9.642831e+01 1.000000e+01
      vertex   -1.466137e+01 9.527433e+01 1.000000e+01
      vertex   -1.458849e+01 9.638677e+01 1.000000e+01
    endloop
  endfacet
  facet normal 0.000000e+00 0.000000e+00 1.000000e+00
    outer loop
      vertex   -1.458849e+01 9.638677e+01 1.000000e+01
      vertex   -1.466137e+01 9.527433e+01 1.000000e+01
      vertex   -1.444033e+01 9.632741e+01 1.000000e+01
    endloop
  endfacet
  facet normal 0.000000e+00 0.000000e+00 1.000000e+00
    outer loop
      vertex   -1.444033e+01 9.632741e+01 1.000000e+01
      vertex   -1.466137e+01 9.527433e+01 1.000000e+01
      vertex   -1.435470e+01 9.530154e+01 1.000000e+01
    endloop
  endfacet
  facet normal 0.000000e+00 0.000000e+00 1.000000e+00
    outer loop
      vertex   -1.444033e+01 9.632741e+01 1.000000e+01
      vertex   -1.435470e+01 9.530154e+01 1.000000e+01
      vertex   -1.426681e+01 9.624730e+01 1.000000e+01
    endloop
  endfacet
  facet normal 0.000000e+00 0.000000e+00 1.000000e+00
    outer loop
      vertex   -1.426681e+01 9.624730e+01 1.000000e+01
      vertex   -1.435470e+01 9.530154e+01 1.000000e+01
      vertex   -1.406932e+01 9.614350e+01 1.000000e+01
    endloop
  endfacet
  facet normal 0.000000e+00 0.000000e+00 1.000000e+00
    outer loop
      vertex   -1.406932e+01 9.614350e+01 1.000000e+01
      vertex   -1.435470e+01 9.530154e+01 1.000000e+01
      vertex   -1.392142e+01 9.558324e+01 1.000000e+01
    endloop
  endfacet
  facet normal 0.000000e+00 0.000000e+00 1.000000e+00
    outer loop
      vertex   -1.406932e+01 9.614350e+01 1.000000e+01
      vertex   -1.392142e+01 9.558324e+01 1.000000e+01
      vertex   -1.388357e+01 9.579787e+01 1.000000e+01
    endloop
  endfacet
  facet normal 0.000000e+00 0.000000e+00 1.000000e+00
    outer loop
      vertex   -1.435470e+01 9.530154e+01 1.000000e+01
      vertex   -1.396278e+01 9.536925e+01 1.000000e+01
      vertex   -1.392142e+01 9.558324e+01 1.000000e+01
    endloop
  endfacet
  facet normal 0.000000e+00 -0.000000e+00 1.000000e+00
    outer loop
      vertex   -1.388357e+01 9.579787e+01 1.000000e+01
      vertex   -1.384925e+01 9.601310e+01 1.000000e+01
      vertex   -1.406932e+01 9.614350e+01 1.000000e+01
    endloop
  endfacet
  facet normal 4.841988e-14 -5.478118e-15 1.000000e+00
    outer loop
      vertex   -1.536700e+01 9.653406e+01 1.000000e+01
      vertex   -1.533353e+01 9.682989e+01 1.000000e+01
      vertex   -2.540000e+01 9.800000e+01 1.000000e+01
    endloop
  endfacet
  facet normal 4.856279e-14 -4.248694e-15 1.000000e+00
    outer loop
      vertex   -2.540000e+01 9.800000e+01 1.000000e+01
      vertex   -1.533353e+01 9.682989e+01 1.000000e+01
      vertex   -1.530758e+01 9.712647e+01 1.000000e+01
    endloop
  endfacet
  facet normal 4.866955e-14 -3.015238e-15 1.000000e+00
    outer loop
      vertex   -2.540000e+01 9.800000e+01 1.000000e+01
      vertex   -1.530758e+01 9.712647e+01 1.000000e+01
      vertex   -1.528918e+01 9.742362e+01 1.000000e+01
    endloop
  endfacet
  facet normal 0.000000e+00 -0.000000e+00 1.000000e+00
    outer loop
      vertex   -1.481609e+01 9.740034e+01 1.000000e+01
      vertex   -1.481609e+01 9.859966e+01 1.000000e+01
      vertex   -1.528918e+01 9.742362e+01 1.000000e+01
    endloop
  endfacet
  facet normal 0.000000e+00 0.000000e+00 1.000000e+00
    outer loop
      vertex   -1.528918e+01 9.742362e+01 1.000000e+01
      vertex   -1.481609e+01 9.859966e+01 1.000000e+01
      vertex   -1.528918e+01 9.857638e+01 1.000000e+01
    endloop
  endfacet
  facet normal 4.884144e-14 -0.000000e+00 1.000000e+00
    outer loop
      vertex   -1.528918e+01 9.742362e+01 1.000000e+01
      vertex   -1.528918e+01 9.857638e+01 1.000000e+01
      vertex   -2.540000e+01 9.800000e+01 1.000000e+01
    endloop
  endfacet
  facet normal 4.866955e-14 3.015238e-15 1.000000e+00
    outer loop
      vertex   -2.540000e+01 9.800000e+01 1.000000e+01
      vertex   -1.528918e+01 9.857638e+01 1.000000e+01
      vertex   -1.530758e+01 9.887353e+01 1.000000e+01
    endloop
  endfacet
  facet normal 4.856279e-14 4.248694e-15 1.000000e+00
    outer loop
      vertex   -2.540000e+01 9.800000e+01 1.000000e+01
      vertex   -1.530758e+01 9.887353e+01 1.000000e+01
      vertex   -1.533353e+01 9.917011e+01 1.000000e+01
    endloop
  endfacet
  facet normal -0.000000e+00 0.000000e+00 1.000000e+00
    outer loop
      vertex   -1.481609e+01 9.740034e+01 1.000000e+01
      vertex   -1.481561e+01 9.740031e+01 1.000000e+01
      vertex   -1.481609e+01 9.859966e+01 1.000000e+01
    endloop
  endfacet
  facet normal -0.000000e+00 0.000000e+00 1.000000e+00
    outer loop
      vertex   -1.481609e+01 9.859966e+01 1.000000e+01
      vertex   -1.481561e+01 9.740031e+01 1.000000e+01
      vertex   -1.481561e+01 9.859969e+01 1.000000e+01
    endloop
  endfacet
  facet normal 0.000000e+00 0.000000e+00 1.000000e+00
    outer loop
      vertex   -1.481561e+01 9.859969e+01 1.000000e+01
      vertex   -1.481561e+01 9.740031e+01 1.000000e+01
      vertex   -1.478627e+01 9.740026e+01 1.000000e+01
    endloop
  endfacet
  facet normal -0.000000e+00 0.000000e+00 1.000000e+00
    outer loop
      vertex   -1.481561e+01 9.859969e+01 1.000000e+01
      vertex   -1.478627e+01 9.740026e+01 1.000000e+01
      vertex   -1.478563e+01 9.859973e+01 1.000000e+01
    endloop
  endfacet
  facet normal 0.000000e+00 0.000000e+00 1.000000e+00
    outer loop
      vertex   -1.478563e+01 9.859973e+01 1.000000e+01
      vertex   -1.478627e+01 9.740026e+01 1.000000e+01
      vertex   -1.472872e+01 9.740301e+01 1.000000e+01
    endloop
  endfacet
  facet normal 0.000000e+00 0.000000e+00 1.000000e+00
    outer loop
      vertex   -1.478563e+01 9.859973e+01 1.000000e+01
      vertex   -1.472872e+01 9.740301e+01 1.000000e+01
      vertex   -1.472024e+01 9.859636e+01 1.000000e+01
    endloop
  endfacet
  facet normal 0.000000e+00 0.000000e+00 1.000000e+00
    outer loop
      vertex   -1.472024e+01 9.859636e+01 1.000000e+01
      vertex   -1.472872e+01 9.740301e+01 1.000000e+01
      vertex   -1.462372e+01 9.858633e+01 1.000000e+01
    endloop
  endfacet
  facet normal 0.000000e+00 0.000000e+00 1.000000e+00
    outer loop
      vertex   -1.462372e+01 9.858633e+01 1.000000e+01
      vertex   -1.472872e+01 9.740301e+01 1.000000e+01
      vertex   -1.461290e+01 9.741513e+01 1.000000e+01
    endloop
  endfacet
  facet normal 0.000000e+00 0.000000e+00 1.000000e+00
    outer loop
      vertex   -1.462372e+01 9.858633e+01 1.000000e+01
      vertex   -1.461290e+01 9.741513e+01 1.000000e+01
      vertex   -1.449692e+01 9.856651e+01 1.000000e+01
    endloop
  endfacet
  facet normal 0.000000e+00 0.000000e+00 1.000000e+00
    outer loop
      vertex   -1.449692e+01 9.856651e+01 1.000000e+01
      vertex   -1.461290e+01 9.741513e+01 1.000000e+01
      vertex   -1.437551e+01 9.745832e+01 1.000000e+01
    endloop
  endfacet
  facet normal 0.000000e+00 0.000000e+00 1.000000e+00
    outer loop
      vertex   -1.449692e+01 9.856651e+01 1.000000e+01
      vertex   -1.437551e+01 9.745832e+01 1.000000e+01
      vertex   -1.434069e+01 9.853378e+01 1.000000e+01
    endloop
  endfacet
  facet normal 0.000000e+00 0.000000e+00 1.000000e+00
    outer loop
      vertex   -1.434069e+01 9.853378e+01 1.000000e+01
      vertex   -1.437551e+01 9.745832e+01 1.000000e+01
      vertex   -1.415590e+01 9.848502e+01 1.000000e+01
    endloop
  endfacet
  facet normal 0.000000e+00 0.000000e+00 1.000000e+00
    outer loop
      vertex   -1.415590e+01 9.848502e+01 1.000000e+01
      vertex   -1.437551e+01 9.745832e+01 1.000000e+01
      vertex   -1.407823e+01 9.753837e+01 1.000000e+01
    endloop
  endfacet
  facet normal 0.000000e+00 0.000000e+00 1.000000e+00
    outer loop
      vertex   -1.415590e+01 9.848502e+01 1.000000e+01
      vertex   -1.407823e+01 9.753837e+01 1.000000e+01
      vertex   -1.394339e+01 9.841710e+01 1.000000e+01
    endloop
  endfacet
  facet normal 0.000000e+00 0.000000e+00 1.000000e+00
    outer loop
      vertex   -1.394339e+01 9.841710e+01 1.000000e+01
      vertex   -1.407823e+01 9.753837e+01 1.000000e+01
      vertex   -1.370045e+01 9.789103e+01 1.000000e+01
    endloop
  endfacet
  facet normal 0.000000e+00 0.000000e+00 1.000000e+00
    outer loop
      vertex   -1.394339e+01 9.841710e+01 1.000000e+01
      vertex   -1.370045e+01 9.789103e+01 1.000000e+01
      vertex   -1.370045e+01 9.810897e+01 1.000000e+01
    endloop
  endfacet
  facet normal 0.000000e+00 0.000000e+00 1.000000e+00
    outer loop
      vertex   -1.407823e+01 9.753837e+01 1.000000e+01
      vertex   -1.370402e+01 9.767311e+01 1.000000e+01
      vertex   -1.370045e+01 9.789103e+01 1.000000e+01
    endloop
  endfacet
  facet normal 0.000000e+00 0.000000e+00 1.000000e+00
    outer loop
      vertex   -1.370045e+01 9.810897e+01 1.000000e+01
      vertex   -1.370402e+01 9.832689e+01 1.000000e+01
      vertex   -1.394339e+01 9.841710e+01 1.000000e+01
    endloop
  endfacet
  facet normal 4.841988e-14 5.478118e-15 1.000000e+00
    outer loop
      vertex   -1.533353e+01 9.917011e+01 1.000000e+01
      vertex   -1.536700e+01 9.946594e+01 1.000000e+01
      vertex   -2.540000e+01 9.800000e+01 1.000000e+01
    endloop
  endfacet
  facet normal 4.798407e-14 8.460886e-15 1.000000e+00
    outer loop
      vertex   -2.540000e+01 9.800000e+01 1.000000e+01
      vertex   -1.536700e+01 9.946594e+01 1.000000e+01
      vertex   -1.556718e+01 1.006012e+02 1.000000e+01
    endloop
  endfacet
  facet normal 4.721336e-14 1.137426e-14 1.000000e+00
    outer loop
      vertex   -2.540000e+01 9.800000e+01 1.000000e+01
      vertex   -1.556718e+01 1.006012e+02 1.000000e+01
      vertex   -1.563691e+01 1.008906e+02 1.000000e+01
    endloop
  endfacet
  facet normal 0.000000e+00 -0.000000e+00 1.000000e+00
    outer loop
      vertex   -1.536700e+01 9.946594e+01 1.000000e+01
      vertex   -1.489706e+01 9.952516e+01 1.000000e+01
      vertex   -1.556718e+01 1.006012e+02 1.000000e+01
    endloop
  endfacet
  facet normal 0.000000e+00 0.000000e+00 1.000000e+00
    outer loop
      vertex   -1.556718e+01 1.006012e+02 1.000000e+01
      vertex   -1.489706e+01 9.952516e+01 1.000000e+01
      vertex   -1.486768e+01 9.953026e+01 1.000000e+01
    endloop
  endfacet
  facet normal 0.000000e+00 0.000000e+00 1.000000e+00
    outer loop
      vertex   -1.556718e+01 1.006012e+02 1.000000e+01
      vertex   -1.486768e+01 9.953026e+01 1.000000e+01
      vertex   -1.481149e+01 9.954297e+01 1.000000e+01
    endloop
  endfacet
  facet normal 0.000000e+00 0.000000e+00 1.000000e+00
    outer loop
      vertex   -1.489706e+01 9.952516e+01 1.000000e+01
      vertex   -1.489658e+01 9.952522e+01 1.000000e+01
      vertex   -1.486768e+01 9.953026e+01 1.000000e+01
    endloop
  endfacet
  facet normal 0.000000e+00 -0.000000e+00 1.000000e+00
    outer loop
      vertex   -1.481149e+01 9.954297e+01 1.000000e+01
      vertex   -1.469953e+01 9.957501e+01 1.000000e+01
      vertex   -1.556718e+01 1.006012e+02 1.000000e+01
    endloop
  endfacet
  facet normal 0.000000e+00 0.000000e+00 1.000000e+00
    outer loop
      vertex   -1.556718e+01 1.006012e+02 1.000000e+01
      vertex   -1.469953e+01 9.957501e+01 1.000000e+01
      vertex   -1.447325e+01 9.965877e+01 1.000000e+01
    endloop
  endfacet
  facet normal -0.000000e+00 0.000000e+00 1.000000e+00
    outer loop
      vertex   -1.556718e+01 1.006012e+02 1.000000e+01
      vertex   -1.447325e+01 9.965877e+01 1.000000e+01
      vertex   -1.510532e+01 1.007063e+02 1.000000e+01
    endloop
  endfacet
  facet normal -0.000000e+00 0.000000e+00 1.000000e+00
    outer loop
      vertex   -1.510532e+01 1.007063e+02 1.000000e+01
      vertex   -1.447325e+01 9.965877e+01 1.000000e+01
      vertex   -1.507534e+01 1.007116e+02 1.000000e+01
    endloop
  endfacet
  facet normal 0.000000e+00 0.000000e+00 1.000000e+00
    outer loop
      vertex   -1.510532e+01 1.007063e+02 1.000000e+01
      vertex   -1.507534e+01 1.007116e+02 1.000000e+01
      vertex   -1.510485e+01 1.007064e+02 1.000000e+01
    endloop
  endfacet
  facet normal 0.000000e+00 0.000000e+00 1.000000e+00
    outer loop
      vertex   -1.419438e+01 9.978923e+01 1.000000e+01
      vertex   -1.443525e+01 1.007080e+02 1.000000e+01
      vertex   -1.447325e+01 9.965877e+01 1.000000e+01
    endloop
  endfacet
  facet normal 0.000000e+00 -0.000000e+00 1.000000e+00
    outer loop
      vertex   -1.447325e+01 9.965877e+01 1.000000e+01
      vertex   -1.443525e+01 1.007080e+02 1.000000e+01
      vertex   -1.462571e+01 1.007239e+02 1.000000e+01
    endloop
  endfacet
  facet normal 0.000000e+00 0.000000e+00 1.000000e+00
    outer loop
      vertex   -1.447325e+01 9.965877e+01 1.000000e+01
      vertex   -1.462571e+01 1.007239e+02 1.000000e+01
      vertex   -1.478524e+01 1.007290e+02 1.000000e+01
    endloop
  endfacet
  facet normal 0.000000e+00 0.000000e+00 1.000000e+00
    outer loop
      vertex   -1.384925e+01 9.998690e+01 1.000000e+01
      vertex   -1.388357e+01 1.002021e+02 1.000000e+01
      vertex   -1.419438e+01 9.978923e+01 1.000000e+01
    endloop
  endfacet
  facet normal 0.000000e+00 0.000000e+00 1.000000e+00
    outer loop
      vertex   -1.419438e+01 9.978923e+01 1.000000e+01
      vertex   -1.388357e+01 1.002021e+02 1.000000e+01
      vertex   -1.392142e+01 1.004168e+02 1.000000e+01
    endloop
  endfacet
  facet normal 0.000000e+00 -0.000000e+00 1.000000e+00
    outer loop
      vertex   -1.419438e+01 9.978923e+01 1.000000e+01
      vertex   -1.392142e+01 1.004168e+02 1.000000e+01
      vertex   -1.421418e+01 1.006780e+02 1.000000e+01
    endloop
  endfacet
  facet normal 0.000000e+00 0.000000e+00 1.000000e+00
    outer loop
      vertex   -1.421418e+01 1.006780e+02 1.000000e+01
      vertex   -1.392142e+01 1.004168e+02 1.000000e+01
      vertex   -1.396278e+01 1.006307e+02 1.000000e+01
    endloop
  endfacet
  facet normal 0.000000e+00 0.000000e+00 1.000000e+00
    outer loop
      vertex   -1.421418e+01 1.006780e+02 1.000000e+01
      vertex   -1.443525e+01 1.007080e+02 1.000000e+01
      vertex   -1.419438e+01 9.978923e+01 1.000000e+01
    endloop
  endfacet
  facet normal 0.000000e+00 0.000000e+00 1.000000e+00
    outer loop
      vertex   -1.478524e+01 1.007290e+02 1.000000e+01
      vertex   -1.491356e+01 1.007265e+02 1.000000e+01
      vertex   -1.447325e+01 9.965877e+01 1.000000e+01
    endloop
  endfacet
  facet normal 0.000000e+00 0.000000e+00 1.000000e+00
    outer loop
      vertex   -1.447325e+01 9.965877e+01 1.000000e+01
      vertex   -1.491356e+01 1.007265e+02 1.000000e+01
      vertex   -1.501036e+01 1.007197e+02 1.000000e+01
    endloop
  endfacet
  facet normal 0.000000e+00 0.000000e+00 1.000000e+00
    outer loop
      vertex   -1.447325e+01 9.965877e+01 1.000000e+01
      vertex   -1.501036e+01 1.007197e+02 1.000000e+01
      vertex   -1.507534e+01 1.007116e+02 1.000000e+01
    endloop
  endfacet
  facet normal 4.686319e-14 1.255695e-14 1.000000e+00
    outer loop
      vertex   -1.563691e+01 1.008906e+02 1.000000e+01
      vertex   -1.571396e+01 1.011782e+02 1.000000e+01
      vertex   -2.540000e+01 9.800000e+01 1.000000e+01
    endloop
  endfacet
  facet normal 4.647898e-14 1.372789e-14 1.000000e+00
    outer loop
      vertex   -2.540000e+01 9.800000e+01 1.000000e+01
      vertex   -1.571396e+01 1.011782e+02 1.000000e+01
      vertex   -1.579829e+01 1.014637e+02 1.000000e+01
    endloop
  endfacet
  facet normal 4.546207e-14 1.654684e-14 1.000000e+00
    outer loop
      vertex   -2.540000e+01 9.800000e+01 1.000000e+01
      vertex   -1.579829e+01 1.014637e+02 1.000000e+01
      vertex   -1.619256e+01 1.025470e+02 1.000000e+01
    endloop
  endfacet
  facet normal -0.000000e+00 0.000000e+00 1.000000e+00
    outer loop
      vertex   -1.619256e+01 1.025470e+02 1.000000e+01
      vertex   -1.579829e+01 1.014637e+02 1.000000e+01
      vertex   -1.575597e+01 1.027306e+02 1.000000e+01
    endloop
  endfacet
  facet normal 0.000000e+00 0.000000e+00 1.000000e+00
    outer loop
      vertex   -1.575597e+01 1.027306e+02 1.000000e+01
      vertex   -1.579829e+01 1.014637e+02 1.000000e+01
      vertex   -1.534577e+01 1.016036e+02 1.000000e+01
    endloop
  endfacet
  facet normal -0.000000e+00 0.000000e+00 1.000000e+00
    outer loop
      vertex   -1.575597e+01 1.027306e+02 1.000000e+01
      vertex   -1.534577e+01 1.016036e+02 1.000000e+01
      vertex   -1.575552e+01 1.027308e+02 1.000000e+01
    endloop
  endfacet
  facet normal -0.000000e+00 0.000000e+00 1.000000e+00
    outer loop
      vertex   -1.575552e+01 1.027308e+02 1.000000e+01
      vertex   -1.534577e+01 1.016036e+02 1.000000e+01
      vertex   -1.572737e+01 1.027411e+02 1.000000e+01
    endloop
  endfacet
  facet normal -0.000000e+00 0.000000e+00 1.000000e+00
    outer loop
      vertex   -1.572737e+01 1.027411e+02 1.000000e+01
      vertex   -1.534577e+01 1.016036e+02 1.000000e+01
      vertex   -1.566477e+01 1.027603e+02 1.000000e+01
    endloop
  endfacet
  facet normal -0.000000e+00 0.000000e+00 1.000000e+00
    outer loop
      vertex   -1.566477e+01 1.027603e+02 1.000000e+01
      vertex   -1.534577e+01 1.016036e+02 1.000000e+01
      vertex   -1.557064e+01 1.027839e+02 1.000000e+01
    endloop
  endfacet
  facet normal -0.000000e+00 0.000000e+00 1.000000e+00
    outer loop
      vertex   -1.557064e+01 1.027839e+02 1.000000e+01
      vertex   -1.534577e+01 1.016036e+02 1.000000e+01
      vertex   -1.544471e+01 1.028087e+02 1.000000e+01
    endloop
  endfacet
  facet normal 0.000000e+00 0.000000e+00 1.000000e+00
    outer loop
      vertex   -1.544471e+01 1.028087e+02 1.000000e+01
      vertex   -1.534577e+01 1.016036e+02 1.000000e+01
      vertex   -1.534531e+01 1.016038e+02 1.000000e+01
    endloop
  endfacet
  facet normal 0.000000e+00 0.000000e+00 1.000000e+00
    outer loop
      vertex   -1.544471e+01 1.028087e+02 1.000000e+01
      vertex   -1.534531e+01 1.016038e+02 1.000000e+01
      vertex   -1.531773e+01 1.016138e+02 1.000000e+01
    endloop
  endfacet
  facet normal 0.000000e+00 -0.000000e+00 1.000000e+00
    outer loop
      vertex   -1.531773e+01 1.016138e+02 1.000000e+01
      vertex   -1.526459e+01 1.016360e+02 1.000000e+01
      vertex   -1.544471e+01 1.028087e+02 1.000000e+01
    endloop
  endfacet
  facet normal 0.000000e+00 0.000000e+00 1.000000e+00
    outer loop
      vertex   -1.544471e+01 1.028087e+02 1.000000e+01
      vertex   -1.526459e+01 1.016360e+02 1.000000e+01
      vertex   -1.515990e+01 1.016870e+02 1.000000e+01
    endloop
  endfacet
  facet normal -0.000000e+00 0.000000e+00 1.000000e+00
    outer loop
      vertex   -1.544471e+01 1.028087e+02 1.000000e+01
      vertex   -1.515990e+01 1.016870e+02 1.000000e+01
      vertex   -1.528671e+01 1.028313e+02 1.000000e+01
    endloop
  endfacet
  facet normal 0.000000e+00 0.000000e+00 1.000000e+00
    outer loop
      vertex   -1.528671e+01 1.028313e+02 1.000000e+01
      vertex   -1.515990e+01 1.016870e+02 1.000000e+01
      vertex   -1.495160e+01 1.018088e+02 1.000000e+01
    endloop
  endfacet
  facet normal -0.000000e+00 0.000000e+00 1.000000e+00
    outer loop
      vertex   -1.528671e+01 1.028313e+02 1.000000e+01
      vertex   -1.495160e+01 1.018088e+02 1.000000e+01
      vertex   -1.509638e+01 1.028487e+02 1.000000e+01
    endloop
  endfacet
  facet normal -0.000000e+00 0.000000e+00 1.000000e+00
    outer loop
      vertex   -1.509638e+01 1.028487e+02 1.000000e+01
      vertex   -1.495160e+01 1.018088e+02 1.000000e+01
      vertex   -1.487345e+01 1.028576e+02 1.000000e+01
    endloop
  endfacet
  facet normal 0.000000e+00 0.000000e+00 1.000000e+00
    outer loop
      vertex   -1.487345e+01 1.028576e+02 1.000000e+01
      vertex   -1.495160e+01 1.018088e+02 1.000000e+01
      vertex   -1.469962e+01 1.019857e+02 1.000000e+01
    endloop
  endfacet
  facet normal 0.000000e+00 0.000000e+00 1.000000e+00
    outer loop
      vertex   -1.487345e+01 1.028576e+02 1.000000e+01
      vertex   -1.469962e+01 1.019857e+02 1.000000e+01
      vertex   -1.453978e+01 1.026511e+02 1.000000e+01
    endloop
  endfacet
  facet normal 0.000000e+00 0.000000e+00 1.000000e+00
    outer loop
      vertex   -1.453978e+01 1.026511e+02 1.000000e+01
      vertex   -1.469962e+01 1.019857e+02 1.000000e+01
      vertex   -1.446524e+01 1.024463e+02 1.000000e+01
    endloop
  endfacet
  facet normal 0.000000e+00 0.000000e+00 1.000000e+00
    outer loop
      vertex   -1.446524e+01 1.024463e+02 1.000000e+01
      vertex   -1.469962e+01 1.019857e+02 1.000000e+01
      vertex   -1.439406e+01 1.022403e+02 1.000000e+01
    endloop
  endfacet
  facet normal 0.000000e+00 0.000000e+00 1.000000e+00
    outer loop
      vertex   -1.453978e+01 1.026511e+02 1.000000e+01
      vertex   -1.461767e+01 1.028547e+02 1.000000e+01
      vertex   -1.487345e+01 1.028576e+02 1.000000e+01
    endloop
  endfacet
  facet normal 4.413595e-14 1.923221e-14 1.000000e+00
    outer loop
      vertex   -1.619256e+01 1.025470e+02 1.000000e+01
      vertex   -1.631149e+01 1.028199e+02 1.000000e+01
      vertex   -2.540000e+01 9.800000e+01 1.000000e+01
    endloop
  endfacet
  facet normal 0.000000e+00 0.000000e+00 1.000000e+00
    outer loop
      vertex   -1.614859e+01 1.035726e+02 1.000000e+01
      vertex   -1.666360e+01 1.046563e+02 1.000000e+01
      vertex   -1.656994e+01 1.033563e+02 1.000000e+01
    endloop
  endfacet
  facet normal 0.000000e+00 0.000000e+00 1.000000e+00
    outer loop
      vertex   -1.656994e+01 1.033563e+02 1.000000e+01
      vertex   -1.666360e+01 1.046563e+02 1.000000e+01
      vertex   -1.672191e+01 1.046266e+02 1.000000e+01
    endloop
  endfacet
  facet normal 0.000000e+00 0.000000e+00 1.000000e+00
    outer loop
      vertex   -1.656994e+01 1.033563e+02 1.000000e+01
      vertex   -1.672191e+01 1.046266e+02 1.000000e+01
      vertex   -1.674826e+01 1.046113e+02 1.000000e+01
    endloop
  endfacet
  facet normal 0.000000e+00 0.000000e+00 1.000000e+00
    outer loop
      vertex   -1.674826e+01 1.046113e+02 1.000000e+01
      vertex   -1.672191e+01 1.046266e+02 1.000000e+01
      vertex   -1.674785e+01 1.046115e+02 1.000000e+01
    endloop
  endfacet
  facet normal 0.000000e+00 -0.000000e+00 1.000000e+00
    outer loop
      vertex   -1.614817e+01 1.035729e+02 1.000000e+01
      vertex   -1.612273e+01 1.035875e+02 1.000000e+01
      vertex   -1.614859e+01 1.035726e+02 1.000000e+01
    endloop
  endfacet
  facet normal 0.000000e+00 -0.000000e+00 1.000000e+00
    outer loop
      vertex   -1.614859e+01 1.035726e+02 1.000000e+01
      vertex   -1.612273e+01 1.035875e+02 1.000000e+01
      vertex   -1.645527e+01 1.047422e+02 1.000000e+01
    endloop
  endfacet
  facet normal 0.000000e+00 0.000000e+00 1.000000e+00
    outer loop
      vertex   -1.614859e+01 1.035726e+02 1.000000e+01
      vertex   -1.645527e+01 1.047422e+02 1.000000e+01
      vertex   -1.657499e+01 1.046959e+02 1.000000e+01
    endloop
  endfacet
  facet normal -0.000000e+00 0.000000e+00 1.000000e+00
    outer loop
      vertex   -1.645527e+01 1.047422e+02 1.000000e+01
      vertex   -1.612273e+01 1.035875e+02 1.000000e+01
      vertex   -1.630361e+01 1.047919e+02 1.000000e+01
    endloop
  endfacet
  facet normal 0.000000e+00 0.000000e+00 1.000000e+00
    outer loop
      vertex   -1.630361e+01 1.047919e+02 1.000000e+01
      vertex   -1.612273e+01 1.035875e+02 1.000000e+01
      vertex   -1.607427e+01 1.036186e+02 1.000000e+01
    endloop
  endfacet
  facet normal 0.000000e+00 0.000000e+00 1.000000e+00
    outer loop
      vertex   -1.630361e+01 1.047919e+02 1.000000e+01
      vertex   -1.607427e+01 1.036186e+02 1.000000e+01
      vertex   -1.598002e+01 1.036870e+02 1.000000e+01
    endloop
  endfacet
  facet normal -0.000000e+00 0.000000e+00 1.000000e+00
    outer loop
      vertex   -1.630361e+01 1.047919e+02 1.000000e+01
      vertex   -1.598002e+01 1.036870e+02 1.000000e+01
      vertex   -1.611919e+01 1.048421e+02 1.000000e+01
    endloop
  endfacet
  facet normal 0.000000e+00 0.000000e+00 1.000000e+00
    outer loop
      vertex   -1.611919e+01 1.048421e+02 1.000000e+01
      vertex   -1.598002e+01 1.036870e+02 1.000000e+01
      vertex   -1.579604e+01 1.038431e+02 1.000000e+01
    endloop
  endfacet
  facet normal -0.000000e+00 0.000000e+00 1.000000e+00
    outer loop
      vertex   -1.611919e+01 1.048421e+02 1.000000e+01
      vertex   -1.579604e+01 1.038431e+02 1.000000e+01
      vertex   -1.590119e+01 1.048895e+02 1.000000e+01
    endloop
  endfacet
  facet normal 0.000000e+00 0.000000e+00 1.000000e+00
    outer loop
      vertex   -1.590119e+01 1.048895e+02 1.000000e+01
      vertex   -1.579604e+01 1.038431e+02 1.000000e+01
      vertex   -1.557860e+01 1.040611e+02 1.000000e+01
    endloop
  endfacet
  facet normal 0.000000e+00 0.000000e+00 1.000000e+00
    outer loop
      vertex   -1.590119e+01 1.048895e+02 1.000000e+01
      vertex   -1.557860e+01 1.040611e+02 1.000000e+01
      vertex   -1.553674e+01 1.047442e+02 1.000000e+01
    endloop
  endfacet
  facet normal 0.000000e+00 0.000000e+00 1.000000e+00
    outer loop
      vertex   -1.553674e+01 1.047442e+02 1.000000e+01
      vertex   -1.557860e+01 1.040611e+02 1.000000e+01
      vertex   -1.542776e+01 1.045554e+02 1.000000e+01
    endloop
  endfacet
  facet normal 0.000000e+00 0.000000e+00 1.000000e+00
    outer loop
      vertex   -1.542776e+01 1.045554e+02 1.000000e+01
      vertex   -1.557860e+01 1.040611e+02 1.000000e+01
      vertex   -1.532190e+01 1.043649e+02 1.000000e+01
    endloop
  endfacet
  facet normal 0.000000e+00 0.000000e+00 1.000000e+00
    outer loop
      vertex   -1.553674e+01 1.047442e+02 1.000000e+01
      vertex   -1.564879e+01 1.049311e+02 1.000000e+01
      vertex   -1.590119e+01 1.048895e+02 1.000000e+01
    endloop
  endfacet
  facet normal 0.000000e+00 0.000000e+00 1.000000e+00
    outer loop
      vertex   -1.657499e+01 1.046959e+02 1.000000e+01
      vertex   -1.666360e+01 1.046563e+02 1.000000e+01
      vertex   -1.614859e+01 1.035726e+02 1.000000e+01
    endloop
  endfacet
  facet normal 0.000000e+00 0.000000e+00 1.000000e+00
    outer loop
      vertex   -1.674826e+01 1.046113e+02 1.000000e+01
      vertex   -1.714632e+01 1.043546e+02 1.000000e+01
      vertex   -1.656994e+01 1.033563e+02 1.000000e+01
    endloop
  endfacet
  facet normal 4.198739e-14 2.424143e-14 1.000000e+00
    outer loop
      vertex   -1.656994e+01 1.033563e+02 1.000000e+01
      vertex   -1.714632e+01 1.043546e+02 1.000000e+01
      vertex   -2.543741e+01 9.834395e+01 1.000000e+01
    endloop
  endfacet
  facet normal 4.022625e-14 2.667076e-14 1.000000e+00
    outer loop
      vertex   -1.714632e+01 1.043546e+02 1.000000e+01
      vertex   -1.731083e+01 1.046027e+02 1.000000e+01
      vertex   -2.543741e+01 9.834395e+01 1.000000e+01
    endloop
  endfacet
  facet normal 3.947776e-14 2.764263e-14 1.000000e+00
    outer loop
      vertex   -2.543741e+01 9.834395e+01 1.000000e+01
      vertex   -1.731083e+01 1.046027e+02 1.000000e+01
      vertex   -1.748160e+01 1.048466e+02 1.000000e+01
    endloop
  endfacet
  facet normal 3.870247e-14 2.859117e-14 1.000000e+00
    outer loop
      vertex   -2.543741e+01 9.834395e+01 1.000000e+01
      vertex   -1.748160e+01 1.048466e+02 1.000000e+01
      vertex   -1.765850e+01 1.050860e+02 1.000000e+01
    endloop
  endfacet
  facet normal 0.000000e+00 0.000000e+00 1.000000e+00
    outer loop
      vertex   -1.728112e+01 1.053723e+02 1.000000e+01
      vertex   -1.789611e+01 1.064045e+02 1.000000e+01
      vertex   -1.765850e+01 1.050860e+02 1.000000e+01
    endloop
  endfacet
  facet normal 0.000000e+00 0.000000e+00 1.000000e+00
    outer loop
      vertex   -1.765850e+01 1.050860e+02 1.000000e+01
      vertex   -1.789611e+01 1.064045e+02 1.000000e+01
      vertex   -1.797649e+01 1.063501e+02 1.000000e+01
    endloop
  endfacet
  facet normal 0.000000e+00 0.000000e+00 1.000000e+00
    outer loop
      vertex   -1.765850e+01 1.050860e+02 1.000000e+01
      vertex   -1.797649e+01 1.063501e+02 1.000000e+01
      vertex   -1.802875e+01 1.063107e+02 1.000000e+01
    endloop
  endfacet
  facet normal 0.000000e+00 -0.000000e+00 1.000000e+00
    outer loop
      vertex   -1.728074e+01 1.053726e+02 1.000000e+01
      vertex   -1.725823e+01 1.053914e+02 1.000000e+01
      vertex   -1.728112e+01 1.053723e+02 1.000000e+01
    endloop
  endfacet
  facet normal 0.000000e+00 -0.000000e+00 1.000000e+00
    outer loop
      vertex   -1.728112e+01 1.053723e+02 1.000000e+01
      vertex   -1.725823e+01 1.053914e+02 1.000000e+01
      vertex   -1.764552e+01 1.065461e+02 1.000000e+01
    endloop
  endfacet
  facet normal 0.000000e+00 0.000000e+00 1.000000e+00
    outer loop
      vertex   -1.728112e+01 1.053723e+02 1.000000e+01
      vertex   -1.764552e+01 1.065461e+02 1.000000e+01
      vertex   -1.778623e+01 1.064708e+02 1.000000e+01
    endloop
  endfacet
  facet normal 0.000000e+00 -0.000000e+00 1.000000e+00
    outer loop
      vertex   -1.725823e+01 1.053914e+02 1.000000e+01
      vertex   -1.721592e+01 1.054305e+02 1.000000e+01
      vertex   -1.764552e+01 1.065461e+02 1.000000e+01
    endloop
  endfacet
  facet normal 0.000000e+00 0.000000e+00 1.000000e+00
    outer loop
      vertex   -1.764552e+01 1.065461e+02 1.000000e+01
      vertex   -1.721592e+01 1.054305e+02 1.000000e+01
      vertex   -1.713498e+01 1.055142e+02 1.000000e+01
    endloop
  endfacet
  facet normal -0.000000e+00 0.000000e+00 1.000000e+00
    outer loop
      vertex   -1.764552e+01 1.065461e+02 1.000000e+01
      vertex   -1.713498e+01 1.055142e+02 1.000000e+01
      vertex   -1.747261e+01 1.066276e+02 1.000000e+01
    endloop
  endfacet
  facet normal 0.000000e+00 0.000000e+00 1.000000e+00
    outer loop
      vertex   -1.747261e+01 1.066276e+02 1.000000e+01
      vertex   -1.713498e+01 1.055142e+02 1.000000e+01
      vertex   -1.698090e+01 1.056999e+02 1.000000e+01
    endloop
  endfacet
  facet normal -0.000000e+00 0.000000e+00 1.000000e+00
    outer loop
      vertex   -1.747261e+01 1.066276e+02 1.000000e+01
      vertex   -1.698090e+01 1.056999e+02 1.000000e+01
      vertex   -1.726616e+01 1.067121e+02 1.000000e+01
    endloop
  endfacet
  facet normal 0.000000e+00 0.000000e+00 1.000000e+00
    outer loop
      vertex   -1.726616e+01 1.067121e+02 1.000000e+01
      vertex   -1.698090e+01 1.056999e+02 1.000000e+01
      vertex   -1.680462e+01 1.059523e+02 1.000000e+01
    endloop
  endfacet
  facet normal 0.000000e+00 0.000000e+00 1.000000e+00
    outer loop
      vertex   -1.726616e+01 1.067121e+02 1.000000e+01
      vertex   -1.680462e+01 1.059523e+02 1.000000e+01
      vertex   -1.688200e+01 1.066323e+02 1.000000e+01
    endloop
  endfacet
  facet normal 0.000000e+00 0.000000e+00 1.000000e+00
    outer loop
      vertex   -1.688200e+01 1.066323e+02 1.000000e+01
      vertex   -1.680462e+01 1.059523e+02 1.000000e+01
      vertex   -1.674190e+01 1.064653e+02 1.000000e+01
    endloop
  endfacet
  facet normal 0.000000e+00 0.000000e+00 1.000000e+00
    outer loop
      vertex   -1.674190e+01 1.064653e+02 1.000000e+01
      vertex   -1.680462e+01 1.059523e+02 1.000000e+01
      vertex   -1.660456e+01 1.062961e+02 1.000000e+01
    endloop
  endfacet
  facet normal 0.000000e+00 0.000000e+00 1.000000e+00
    outer loop
      vertex   -1.688200e+01 1.066323e+02 1.000000e+01
      vertex   -1.702481e+01 1.067969e+02 1.000000e+01
      vertex   -1.726616e+01 1.067121e+02 1.000000e+01
    endloop
  endfacet
  facet normal 0.000000e+00 0.000000e+00 1.000000e+00
    outer loop
      vertex   -1.778623e+01 1.064708e+02 1.000000e+01
      vertex   -1.789611e+01 1.064045e+02 1.000000e+01
      vertex   -1.728112e+01 1.053723e+02 1.000000e+01
    endloop
  endfacet
  facet normal -0.000000e+00 0.000000e+00 1.000000e+00
    outer loop
      vertex   -1.805169e+01 1.062914e+02 1.000000e+01
      vertex   -1.805204e+01 1.062910e+02 1.000000e+01
      vertex   -1.802875e+01 1.063107e+02 1.000000e+01
    endloop
  endfacet
  facet normal 0.000000e+00 0.000000e+00 1.000000e+00
    outer loop
      vertex   -1.802875e+01 1.063107e+02 1.000000e+01
      vertex   -1.805204e+01 1.062910e+02 1.000000e+01
      vertex   -1.765850e+01 1.050860e+02 1.000000e+01
    endloop
  endfacet
  facet normal 0.000000e+00 0.000000e+00 1.000000e+00
    outer loop
      vertex   -1.805204e+01 1.062910e+02 1.000000e+01
      vertex   -1.839948e+01 1.059691e+02 1.000000e+01
      vertex   -1.765850e+01 1.050860e+02 1.000000e+01
    endloop
  endfacet
  facet normal 3.675351e-14 3.083986e-14 1.000000e+00
    outer loop
      vertex   -1.765850e+01 1.050860e+02 1.000000e+01
      vertex   -1.839948e+01 1.059691e+02 1.000000e+01
      vertex   -2.543741e+01 9.834395e+01 1.000000e+01
    endloop
  endfacet
  facet normal 3.456878e-14 3.285634e-14 1.000000e+00
    outer loop
      vertex   -1.839948e+01 1.059691e+02 1.000000e+01
      vertex   -1.860458e+01 1.061849e+02 1.000000e+01
      vertex   -2.543741e+01 9.834395e+01 1.000000e+01
    endloop
  endfacet
  facet normal 3.365373e-14 3.365373e-14 1.000000e+00
    outer loop
      vertex   -2.543741e+01 9.834395e+01 1.000000e+01
      vertex   -1.860458e+01 1.061849e+02 1.000000e+01
      vertex   -1.881510e+01 1.063954e+02 1.000000e+01
    endloop
  endfacet
  facet normal 3.271807e-14 3.442331e-14 1.000000e+00
    outer loop
      vertex   -2.543741e+01 9.834395e+01 1.000000e+01
      vertex   -1.881510e+01 1.063954e+02 1.000000e+01
      vertex   -1.903089e+01 1.066005e+02 1.000000e+01
    endloop
  endfacet
  facet normal 0.000000e+00 0.000000e+00 1.000000e+00
    outer loop
      vertex   -1.870896e+01 1.069480e+02 1.000000e+01
      vertex   -1.939715e+01 1.079421e+02 1.000000e+01
      vertex   -1.903089e+01 1.066005e+02 1.000000e+01
    endloop
  endfacet
  facet normal 0.000000e+00 0.000000e+00 1.000000e+00
    outer loop
      vertex   -1.903089e+01 1.066005e+02 1.000000e+01
      vertex   -1.939715e+01 1.079421e+02 1.000000e+01
      vertex   -1.949384e+01 1.078577e+02 1.000000e+01
    endloop
  endfacet
  facet normal 0.000000e+00 0.000000e+00 1.000000e+00
    outer loop
      vertex   -1.903089e+01 1.066005e+02 1.000000e+01
      vertex   -1.949384e+01 1.078577e+02 1.000000e+01
      vertex   -1.956356e+01 1.077902e+02 1.000000e+01
    endloop
  endfacet
  facet normal 0.000000e+00 -0.000000e+00 1.000000e+00
    outer loop
      vertex   -1.870864e+01 1.069483e+02 1.000000e+01
      vertex   -1.868974e+01 1.069708e+02 1.000000e+01
      vertex   -1.870896e+01 1.069480e+02 1.000000e+01
    endloop
  endfacet
  facet normal 0.000000e+00 -0.000000e+00 1.000000e+00
    outer loop
      vertex   -1.870896e+01 1.069480e+02 1.000000e+01
      vertex   -1.868974e+01 1.069708e+02 1.000000e+01
      vertex   -1.927166e+01 1.080407e+02 1.000000e+01
    endloop
  endfacet
  facet normal 0.000000e+00 0.000000e+00 1.000000e+00
    outer loop
      vertex   -1.870896e+01 1.069480e+02 1.000000e+01
      vertex   -1.927166e+01 1.080407e+02 1.000000e+01
      vertex   -1.939715e+01 1.079421e+02 1.000000e+01
    endloop
  endfacet
  facet normal -0.000000e+00 0.000000e+00 1.000000e+00
    outer loop
      vertex   -1.927166e+01 1.080407e+02 1.000000e+01
      vertex   -1.868974e+01 1.069708e+02 1.000000e+01
      vertex   -1.911552e+01 1.081509e+02 1.000000e+01
    endloop
  endfacet
  facet normal 0.000000e+00 0.000000e+00 1.000000e+00
    outer loop
      vertex   -1.911552e+01 1.081509e+02 1.000000e+01
      vertex   -1.868974e+01 1.069708e+02 1.000000e+01
      vertex   -1.865486e+01 1.070166e+02 1.000000e+01
    endloop
  endfacet
  facet normal 0.000000e+00 0.000000e+00 1.000000e+00
    outer loop
      vertex   -1.911552e+01 1.081509e+02 1.000000e+01
      vertex   -1.865486e+01 1.070166e+02 1.000000e+01
      vertex   -1.858969e+01 1.071131e+02 1.000000e+01
    endloop
  endfacet
  facet normal 0.000000e+00 -0.000000e+00 1.000000e+00
    outer loop
      vertex   -1.858969e+01 1.071131e+02 1.000000e+01
      vertex   -1.847019e+01 1.073227e+02 1.000000e+01
      vertex   -1.911552e+01 1.081509e+02 1.000000e+01
    endloop
  endfacet
  facet normal -0.000000e+00 0.000000e+00 1.000000e+00
    outer loop
      vertex   -1.911552e+01 1.081509e+02 1.000000e+01
      vertex   -1.847019e+01 1.073227e+02 1.000000e+01
      vertex   -1.892689e+01 1.082700e+02 1.000000e+01
    endloop
  endfacet
  facet normal 0.000000e+00 0.000000e+00 1.000000e+00
    outer loop
      vertex   -1.892689e+01 1.082700e+02 1.000000e+01
      vertex   -1.847019e+01 1.073227e+02 1.000000e+01
      vertex   -1.834042e+01 1.076019e+02 1.000000e+01
    endloop
  endfacet
  facet normal 0.000000e+00 0.000000e+00 1.000000e+00
    outer loop
      vertex   -1.892689e+01 1.082700e+02 1.000000e+01
      vertex   -1.834042e+01 1.076019e+02 1.000000e+01
      vertex   -1.853469e+01 1.082581e+02 1.000000e+01
    endloop
  endfacet
  facet normal 0.000000e+00 0.000000e+00 1.000000e+00
    outer loop
      vertex   -1.853469e+01 1.082581e+02 1.000000e+01
      vertex   -1.834042e+01 1.076019e+02 1.000000e+01
      vertex   -1.836773e+01 1.081180e+02 1.000000e+01
    endloop
  endfacet
  facet normal 0.000000e+00 0.000000e+00 1.000000e+00
    outer loop
      vertex   -1.836773e+01 1.081180e+02 1.000000e+01
      vertex   -1.834042e+01 1.076019e+02 1.000000e+01
      vertex   -1.820309e+01 1.079752e+02 1.000000e+01
    endloop
  endfacet
  facet normal 0.000000e+00 0.000000e+00 1.000000e+00
    outer loop
      vertex   -1.853469e+01 1.082581e+02 1.000000e+01
      vertex   -1.870392e+01 1.083954e+02 1.000000e+01
      vertex   -1.892689e+01 1.082700e+02 1.000000e+01
    endloop
  endfacet
  facet normal 0.000000e+00 0.000000e+00 1.000000e+00
    outer loop
      vertex   -1.956356e+01 1.077902e+02 1.000000e+01
      vertex   -1.960817e+01 1.077422e+02 1.000000e+01
      vertex   -1.903089e+01 1.066005e+02 1.000000e+01
    endloop
  endfacet
  facet normal 0.000000e+00 0.000000e+00 1.000000e+00
    outer loop
      vertex   -1.903089e+01 1.066005e+02 1.000000e+01
      vertex   -1.960817e+01 1.077422e+02 1.000000e+01
      vertex   -1.962770e+01 1.077189e+02 1.000000e+01
    endloop
  endfacet
  facet normal 0.000000e+00 0.000000e+00 1.000000e+00
    outer loop
      vertex   -1.903089e+01 1.066005e+02 1.000000e+01
      vertex   -1.962770e+01 1.077189e+02 1.000000e+01
      vertex   -1.991396e+01 1.073415e+02 1.000000e+01
    endloop
  endfacet
  facet normal 0.000000e+00 0.000000e+00 1.000000e+00
    outer loop
      vertex   -1.960817e+01 1.077422e+02 1.000000e+01
      vertex   -1.962741e+01 1.077193e+02 1.000000e+01
      vertex   -1.962770e+01 1.077189e+02 1.000000e+01
    endloop
  endfacet
  facet normal 2.739120e-14 3.911868e-14 1.000000e+00
    outer loop
      vertex   -2.015342e+01 1.075184e+02 1.000000e+01
      vertex   -2.039730e+01 1.076892e+02 1.000000e+01
      vertex   -2.554788e+01 9.867182e+01 1.000000e+01
    endloop
  endfacet
  facet normal 2.633603e-14 3.972138e-14 1.000000e+00
    outer loop
      vertex   -2.554788e+01 9.867182e+01 1.000000e+01
      vertex   -2.039730e+01 1.076892e+02 1.000000e+01
      vertex   -2.064543e+01 1.078537e+02 1.000000e+01
    endloop
  endfacet
  facet normal 0.000000e+00 0.000000e+00 1.000000e+00
    outer loop
      vertex   -2.038872e+01 1.082517e+02 1.000000e+01
      vertex   -2.123908e+01 1.091112e+02 1.000000e+01
      vertex   -2.064543e+01 1.078537e+02 1.000000e+01
    endloop
  endfacet
  facet normal 0.000000e+00 0.000000e+00 1.000000e+00
    outer loop
      vertex   -2.064543e+01 1.078537e+02 1.000000e+01
      vertex   -2.123908e+01 1.091112e+02 1.000000e+01
      vertex   -2.131964e+01 1.090113e+02 1.000000e+01
    endloop
  endfacet
  facet normal 0.000000e+00 0.000000e+00 1.000000e+00
    outer loop
      vertex   -2.064543e+01 1.078537e+02 1.000000e+01
      vertex   -2.131964e+01 1.090113e+02 1.000000e+01
      vertex   -2.137659e+01 1.089328e+02 1.000000e+01
    endloop
  endfacet
  facet normal 0.000000e+00 -0.000000e+00 1.000000e+00
    outer loop
      vertex   -2.038846e+01 1.082521e+02 1.000000e+01
      vertex   -2.037374e+01 1.082775e+02 1.000000e+01
      vertex   -2.038872e+01 1.082517e+02 1.000000e+01
    endloop
  endfacet
  facet normal 0.000000e+00 -0.000000e+00 1.000000e+00
    outer loop
      vertex   -2.038872e+01 1.082517e+02 1.000000e+01
      vertex   -2.037374e+01 1.082775e+02 1.000000e+01
      vertex   -2.099799e+01 1.093658e+02 1.000000e+01
    endloop
  endfacet
  facet normal 0.000000e+00 0.000000e+00 1.000000e+00
    outer loop
      vertex   -2.038872e+01 1.082517e+02 1.000000e+01
      vertex   -2.099799e+01 1.093658e+02 1.000000e+01
      vertex   -2.113262e+01 1.092302e+02 1.000000e+01
    endloop
  endfacet
  facet normal 0.000000e+00 -0.000000e+00 1.000000e+00
    outer loop
      vertex   -2.037374e+01 1.082775e+02 1.000000e+01
      vertex   -2.034736e+01 1.083287e+02 1.000000e+01
      vertex   -2.099799e+01 1.093658e+02 1.000000e+01
    endloop
  endfacet
  facet normal 0.000000e+00 0.000000e+00 1.000000e+00
    outer loop
      vertex   -2.099799e+01 1.093658e+02 1.000000e+01
      vertex   -2.034736e+01 1.083287e+02 1.000000e+01
      vertex   -2.029994e+01 1.084351e+02 1.000000e+01
    endloop
  endfacet
  facet normal 0.000000e+00 0.000000e+00 1.000000e+00
    outer loop
      vertex   -2.099799e+01 1.093658e+02 1.000000e+01
      vertex   -2.029994e+01 1.084351e+02 1.000000e+01
      vertex   -2.021865e+01 1.086623e+02 1.000000e+01
    endloop
  endfacet
  facet normal 0.000000e+00 0.000000e+00 1.000000e+00
    outer loop
      vertex   -2.013933e+01 1.089598e+02 1.000000e+01
      vertex   -2.044460e+01 1.095722e+02 1.000000e+01
      vertex   -2.021865e+01 1.086623e+02 1.000000e+01
    endloop
  endfacet
  facet normal 0.000000e+00 0.000000e+00 1.000000e+00
    outer loop
      vertex   -2.021865e+01 1.086623e+02 1.000000e+01
      vertex   -2.044460e+01 1.095722e+02 1.000000e+01
      vertex   -2.083291e+01 1.095159e+02 1.000000e+01
    endloop
  endfacet
  facet normal 0.000000e+00 0.000000e+00 1.000000e+00
    outer loop
      vertex   -2.021865e+01 1.086623e+02 1.000000e+01
      vertex   -2.083291e+01 1.095159e+02 1.000000e+01
      vertex   -2.099799e+01 1.093658e+02 1.000000e+01
    endloop
  endfacet
  facet normal 0.000000e+00 0.000000e+00 1.000000e+00
    outer loop
      vertex   -2.006891e+01 1.093512e+02 1.000000e+01
      vertex   -2.025585e+01 1.094633e+02 1.000000e+01
      vertex   -2.013933e+01 1.089598e+02 1.000000e+01
    endloop
  endfacet
  facet normal 0.000000e+00 0.000000e+00 1.000000e+00
    outer loop
      vertex   -2.013933e+01 1.089598e+02 1.000000e+01
      vertex   -2.025585e+01 1.094633e+02 1.000000e+01
      vertex   -2.044460e+01 1.095722e+02 1.000000e+01
    endloop
  endfacet
  facet normal 0.000000e+00 0.000000e+00 1.000000e+00
    outer loop
      vertex   -2.044460e+01 1.095722e+02 1.000000e+01
      vertex   -2.063511e+01 1.096781e+02 1.000000e+01
      vertex   -2.083291e+01 1.095159e+02 1.000000e+01
    endloop
  endfacet
  facet normal 0.000000e+00 0.000000e+00 1.000000e+00
    outer loop
      vertex   -2.113262e+01 1.092302e+02 1.000000e+01
      vertex   -2.123908e+01 1.091112e+02 1.000000e+01
      vertex   -2.038872e+01 1.082517e+02 1.000000e+01
    endloop
  endfacet
  facet normal 0.000000e+00 0.000000e+00 1.000000e+00
    outer loop
      vertex   -2.137659e+01 1.089328e+02 1.000000e+01
      vertex   -2.141219e+01 1.088778e+02 1.000000e+01
      vertex   -2.064543e+01 1.078537e+02 1.000000e+01
    endloop
  endfacet
  facet normal 0.000000e+00 0.000000e+00 1.000000e+00
    outer loop
      vertex   -2.064543e+01 1.078537e+02 1.000000e+01
      vertex   -2.141219e+01 1.088778e+02 1.000000e+01
      vertex   -2.142737e+01 1.088514e+02 1.000000e+01
    endloop
  endfacet
  facet normal 0.000000e+00 0.000000e+00 1.000000e+00
    outer loop
      vertex   -2.064543e+01 1.078537e+02 1.000000e+01
      vertex   -2.142737e+01 1.088514e+02 1.000000e+01
      vertex   -2.164375e+01 1.084301e+02 1.000000e+01
    endloop
  endfacet
  facet normal 0.000000e+00 0.000000e+00 1.000000e+00
    outer loop
      vertex   -2.141219e+01 1.088778e+02 1.000000e+01
      vertex   -2.142715e+01 1.088518e+02 1.000000e+01
      vertex   -2.142737e+01 1.088514e+02 1.000000e+01
    endloop
  endfacet
  facet normal 2.024608e-14 4.341786e-14 1.000000e+00
    outer loop
      vertex   -2.191029e+01 1.085627e+02 1.000000e+01
      vertex   -2.218011e+01 1.086885e+02 1.000000e+01
      vertex   -2.572625e+01 9.896828e+01 1.000000e+01
    endloop
  endfacet
  facet normal 1.910129e-14 4.383551e-14 1.000000e+00
    outer loop
      vertex   -2.572625e+01 9.896828e+01 1.000000e+01
      vertex   -2.218011e+01 1.086885e+02 1.000000e+01
      vertex   -2.245304e+01 1.088074e+02 1.000000e+01
    endloop
  endfacet
  facet normal 0.000000e+00 0.000000e+00 1.000000e+00
    outer loop
      vertex   -2.226936e+01 1.092440e+02 1.000000e+01
      vertex   -2.325604e+01 1.099428e+02 1.000000e+01
      vertex   -2.245304e+01 1.088074e+02 1.000000e+01
    endloop
  endfacet
  facet normal 0.000000e+00 0.000000e+00 1.000000e+00
    outer loop
      vertex   -2.245304e+01 1.088074e+02 1.000000e+01
      vertex   -2.325604e+01 1.099428e+02 1.000000e+01
      vertex   -2.331804e+01 1.098304e+02 1.000000e+01
    endloop
  endfacet
  facet normal 0.000000e+00 0.000000e+00 1.000000e+00
    outer loop
      vertex   -2.245304e+01 1.088074e+02 1.000000e+01
      vertex   -2.331804e+01 1.098304e+02 1.000000e+01
      vertex   -2.336047e+01 1.097432e+02 1.000000e+01
    endloop
  endfacet
  facet normal 0.000000e+00 -0.000000e+00 1.000000e+00
    outer loop
      vertex   -2.226917e+01 1.092445e+02 1.000000e+01
      vertex   -2.225909e+01 1.092720e+02 1.000000e+01
      vertex   -2.226936e+01 1.092440e+02 1.000000e+01
    endloop
  endfacet
  facet normal 0.000000e+00 -0.000000e+00 1.000000e+00
    outer loop
      vertex   -2.226936e+01 1.092440e+02 1.000000e+01
      vertex   -2.225909e+01 1.092720e+02 1.000000e+01
      vertex   -2.306283e+01 1.102354e+02 1.000000e+01
    endloop
  endfacet
  facet normal 0.000000e+00 0.000000e+00 1.000000e+00
    outer loop
      vertex   -2.226936e+01 1.092440e+02 1.000000e+01
      vertex   -2.306283e+01 1.102354e+02 1.000000e+01
      vertex   -2.317186e+01 1.100784e+02 1.000000e+01
    endloop
  endfacet
  facet normal 0.000000e+00 -0.000000e+00 1.000000e+00
    outer loop
      vertex   -2.225909e+01 1.092720e+02 1.000000e+01
      vertex   -2.224199e+01 1.093270e+02 1.000000e+01
      vertex   -2.306283e+01 1.102354e+02 1.000000e+01
    endloop
  endfacet
  facet normal 0.000000e+00 0.000000e+00 1.000000e+00
    outer loop
      vertex   -2.306283e+01 1.102354e+02 1.000000e+01
      vertex   -2.224199e+01 1.093270e+02 1.000000e+01
      vertex   -2.221376e+01 1.094400e+02 1.000000e+01
    endloop
  endfacet
  facet normal 0.000000e+00 0.000000e+00 1.000000e+00
    outer loop
      vertex   -2.306283e+01 1.102354e+02 1.000000e+01
      vertex   -2.221376e+01 1.094400e+02 1.000000e+01
      vertex   -2.217316e+01 1.096779e+02 1.000000e+01
    endloop
  endfacet
  facet normal 0.000000e+00 0.000000e+00 1.000000e+00
    outer loop
      vertex   -2.214670e+01 1.099846e+02 1.000000e+01
      vertex   -2.255369e+01 1.105348e+02 1.000000e+01
      vertex   -2.217316e+01 1.096779e+02 1.000000e+01
    endloop
  endfacet
  facet normal 0.000000e+00 0.000000e+00 1.000000e+00
    outer loop
      vertex   -2.217316e+01 1.096779e+02 1.000000e+01
      vertex   -2.255369e+01 1.105348e+02 1.000000e+01
      vertex   -2.292632e+01 1.104119e+02 1.000000e+01
    endloop
  endfacet
  facet normal 0.000000e+00 0.000000e+00 1.000000e+00
    outer loop
      vertex   -2.217316e+01 1.096779e+02 1.000000e+01
      vertex   -2.292632e+01 1.104119e+02 1.000000e+01
      vertex   -2.306283e+01 1.102354e+02 1.000000e+01
    endloop
  endfacet
  facet normal 0.000000e+00 0.000000e+00 1.000000e+00
    outer loop
      vertex   -2.214533e+01 1.103823e+02 1.000000e+01
      vertex   -2.234888e+01 1.104602e+02 1.000000e+01
      vertex   -2.214670e+01 1.099846e+02 1.000000e+01
    endloop
  endfacet
  facet normal 0.000000e+00 0.000000e+00 1.000000e+00
    outer loop
      vertex   -2.214670e+01 1.099846e+02 1.000000e+01
      vertex   -2.234888e+01 1.104602e+02 1.000000e+01
      vertex   -2.255369e+01 1.105348e+02 1.000000e+01
    endloop
  endfacet
  facet normal 0.000000e+00 0.000000e+00 1.000000e+00
    outer loop
      vertex   -2.255369e+01 1.105348e+02 1.000000e+01
      vertex   -2.275968e+01 1.106059e+02 1.000000e+01
      vertex   -2.292632e+01 1.104119e+02 1.000000e+01
    endloop
  endfacet
  facet normal 0.000000e+00 0.000000e+00 1.000000e+00
    outer loop
      vertex   -2.317186e+01 1.100784e+02 1.000000e+01
      vertex   -2.325604e+01 1.099428e+02 1.000000e+01
      vertex   -2.226936e+01 1.092440e+02 1.000000e+01
    endloop
  endfacet
  facet normal 0.000000e+00 0.000000e+00 1.000000e+00
    outer loop
      vertex   -2.336047e+01 1.097432e+02 1.000000e+01
      vertex   -2.338600e+01 1.096829e+02 1.000000e+01
      vertex   -2.245304e+01 1.088074e+02 1.000000e+01
    endloop
  endfacet
  facet normal 0.000000e+00 0.000000e+00 1.000000e+00
    outer loop
      vertex   -2.245304e+01 1.088074e+02 1.000000e+01
      vertex   -2.338600e+01 1.096829e+02 1.000000e+01
      vertex   -2.339636e+01 1.096542e+02 1.000000e+01
    endloop
  endfacet
  facet normal 0.000000e+00 0.000000e+00 1.000000e+00
    outer loop
      vertex   -2.245304e+01 1.088074e+02 1.000000e+01
      vertex   -2.339636e+01 1.096542e+02 1.000000e+01
      vertex   -2.353628e+01 1.092017e+02 1.000000e+01
    endloop
  endfacet
  facet normal 0.000000e+00 0.000000e+00 1.000000e+00
    outer loop
      vertex   -2.338600e+01 1.096829e+02 1.000000e+01
      vertex   -2.339621e+01 1.096547e+02 1.000000e+01
      vertex   -2.339636e+01 1.096542e+02 1.000000e+01
    endloop
  endfacet
  facet normal 0.000000e+00 0.000000e+00 1.000000e+00
    outer loop
      vertex   -2.429373e+01 1.098947e+02 1.000000e+01
      vertex   -2.542831e+01 1.102901e+02 1.000000e+01
      vertex   -2.439881e+01 1.094328e+02 1.000000e+01
    endloop
  endfacet
  facet normal 0.000000e+00 0.000000e+00 1.000000e+00
    outer loop
      vertex   -2.439881e+01 1.094328e+02 1.000000e+01
      vertex   -2.542831e+01 1.102901e+02 1.000000e+01
      vertex   -2.545495e+01 1.101968e+02 1.000000e+01
    endloop
  endfacet
  facet normal 0.000000e+00 0.000000e+00 1.000000e+00
    outer loop
      vertex   -2.439881e+01 1.094328e+02 1.000000e+01
      vertex   -2.545495e+01 1.101968e+02 1.000000e+01
      vertex   -2.547484e+01 1.101029e+02 1.000000e+01
    endloop
  endfacet
  facet normal 0.000000e+00 0.000000e+00 1.000000e+00
    outer loop
      vertex   -2.547484e+01 1.101029e+02 1.000000e+01
      vertex   -2.545495e+01 1.101968e+02 1.000000e+01
      vertex   -2.546961e+01 1.101329e+02 1.000000e+01
    endloop
  endfacet
  facet normal 0.000000e+00 0.000000e+00 1.000000e+00
    outer loop
      vertex   -2.547484e+01 1.101029e+02 1.000000e+01
      vertex   -2.546961e+01 1.101329e+02 1.000000e+01
      vertex   -2.547478e+01 1.101034e+02 1.000000e+01
    endloop
  endfacet
  facet normal 0.000000e+00 -0.000000e+00 1.000000e+00
    outer loop
      vertex   -2.429363e+01 1.098951e+02 1.000000e+01
      vertex   -2.428848e+01 1.099240e+02 1.000000e+01
      vertex   -2.429373e+01 1.098947e+02 1.000000e+01
    endloop
  endfacet
  facet normal 0.000000e+00 0.000000e+00 1.000000e+00
    outer loop
      vertex   -2.429373e+01 1.098947e+02 1.000000e+01
      vertex   -2.428848e+01 1.099240e+02 1.000000e+01
      vertex   -2.428120e+01 1.099812e+02 1.000000e+01
    endloop
  endfacet
  facet normal 0.000000e+00 -0.000000e+00 1.000000e+00
    outer loop
      vertex   -2.429373e+01 1.098947e+02 1.000000e+01
      vertex   -2.428120e+01 1.099812e+02 1.000000e+01
      vertex   -2.532741e+01 1.105597e+02 1.000000e+01
    endloop
  endfacet
  facet normal 0.000000e+00 0.000000e+00 1.000000e+00
    outer loop
      vertex   -2.532741e+01 1.105597e+02 1.000000e+01
      vertex   -2.428120e+01 1.099812e+02 1.000000e+01
      vertex   -2.427302e+01 1.100973e+02 1.000000e+01
    endloop
  endfacet
  facet normal -0.000000e+00 0.000000e+00 1.000000e+00
    outer loop
      vertex   -2.532741e+01 1.105597e+02 1.000000e+01
      vertex   -2.427302e+01 1.100973e+02 1.000000e+01
      vertex   -2.524730e+01 1.107332e+02 1.000000e+01
    endloop
  endfacet
  facet normal 0.000000e+00 0.000000e+00 1.000000e+00
    outer loop
      vertex   -2.524730e+01 1.107332e+02 1.000000e+01
      vertex   -2.427302e+01 1.100973e+02 1.000000e+01
      vertex   -2.427433e+01 1.103386e+02 1.000000e+01
    endloop
  endfacet
  facet normal -0.000000e+00 0.000000e+00 1.000000e+00
    outer loop
      vertex   -2.524730e+01 1.107332e+02 1.000000e+01
      vertex   -2.427433e+01 1.103386e+02 1.000000e+01
      vertex   -2.514350e+01 1.109307e+02 1.000000e+01
    endloop
  endfacet
  facet normal 0.000000e+00 0.000000e+00 1.000000e+00
    outer loop
      vertex   -2.514350e+01 1.109307e+02 1.000000e+01
      vertex   -2.427433e+01 1.103386e+02 1.000000e+01
      vertex   -2.430154e+01 1.106453e+02 1.000000e+01
    endloop
  endfacet
  facet normal -0.000000e+00 0.000000e+00 1.000000e+00
    outer loop
      vertex   -2.514350e+01 1.109307e+02 1.000000e+01
      vertex   -2.430154e+01 1.106453e+02 1.000000e+01
      vertex   -2.479787e+01 1.111164e+02 1.000000e+01
    endloop
  endfacet
  facet normal 0.000000e+00 0.000000e+00 1.000000e+00
    outer loop
      vertex   -2.479787e+01 1.111164e+02 1.000000e+01
      vertex   -2.430154e+01 1.106453e+02 1.000000e+01
      vertex   -2.458324e+01 1.110786e+02 1.000000e+01
    endloop
  endfacet
  facet normal 0.000000e+00 0.000000e+00 1.000000e+00
    outer loop
      vertex   -2.458324e+01 1.110786e+02 1.000000e+01
      vertex   -2.430154e+01 1.106453e+02 1.000000e+01
      vertex   -2.436925e+01 1.110372e+02 1.000000e+01
    endloop
  endfacet
  facet normal 0.000000e+00 0.000000e+00 1.000000e+00
    outer loop
      vertex   -2.479787e+01 1.111164e+02 1.000000e+01
      vertex   -2.501310e+01 1.111508e+02 1.000000e+01
      vertex   -2.514350e+01 1.109307e+02 1.000000e+01
    endloop
  endfacet
  facet normal 0.000000e+00 0.000000e+00 1.000000e+00
    outer loop
      vertex   -2.532741e+01 1.105597e+02 1.000000e+01
      vertex   -2.538677e+01 1.104115e+02 1.000000e+01
      vertex   -2.429373e+01 1.098947e+02 1.000000e+01
    endloop
  endfacet
  facet normal 0.000000e+00 0.000000e+00 1.000000e+00
    outer loop
      vertex   -2.429373e+01 1.098947e+02 1.000000e+01
      vertex   -2.538677e+01 1.104115e+02 1.000000e+01
      vertex   -2.542831e+01 1.102901e+02 1.000000e+01
    endloop
  endfacet
  facet normal 0.000000e+00 0.000000e+00 1.000000e+00
    outer loop
      vertex   -2.547484e+01 1.101029e+02 1.000000e+01
      vertex   -2.553406e+01 1.096330e+02 1.000000e+01
      vertex   -2.439881e+01 1.094328e+02 1.000000e+01
    endloop
  endfacet
  facet normal 8.416534e-15 4.773254e-14 1.000000e+00
    outer loop
      vertex   -2.439881e+01 1.094328e+02 1.000000e+01
      vertex   -2.553406e+01 1.096330e+02 1.000000e+01
      vertex   -2.625055e+01 9.941362e+01 1.000000e+01
    endloop
  endfacet
  facet normal 0.000000e+00 -0.000000e+00 1.000000e+00
    outer loop
      vertex   -2.640031e+01 1.101844e+02 1.000000e+01
      vertex   -2.640026e+01 1.102137e+02 1.000000e+01
      vertex   -2.640034e+01 1.101839e+02 1.000000e+01
    endloop
  endfacet
  facet normal 0.000000e+00 -0.000000e+00 1.000000e+00
    outer loop
      vertex   -2.640034e+01 1.101839e+02 1.000000e+01
      vertex   -2.640026e+01 1.102137e+02 1.000000e+01
      vertex   -2.640301e+01 1.102713e+02 1.000000e+01
    endloop
  endfacet
  facet normal 0.000000e+00 0.000000e+00 1.000000e+00
    outer loop
      vertex   -2.689103e+01 1.112996e+02 1.000000e+01
      vertex   -2.710897e+01 1.112996e+02 1.000000e+01
      vertex   -2.748502e+01 1.108441e+02 1.000000e+01
    endloop
  endfacet
  facet normal 0.000000e+00 0.000000e+00 1.000000e+00
    outer loop
      vertex   -2.748502e+01 1.108441e+02 1.000000e+01
      vertex   -2.710897e+01 1.112996e+02 1.000000e+01
      vertex   -2.741710e+01 1.110566e+02 1.000000e+01
    endloop
  endfacet
  facet normal 0.000000e+00 0.000000e+00 1.000000e+00
    outer loop
      vertex   -2.741710e+01 1.110566e+02 1.000000e+01
      vertex   -2.710897e+01 1.112996e+02 1.000000e+01
      vertex   -2.732689e+01 1.112960e+02 1.000000e+01
    endloop
  endfacet
  facet normal 0.000000e+00 0.000000e+00 1.000000e+00
    outer loop
      vertex   -2.759636e+01 1.102798e+02 1.000000e+01
      vertex   -2.759973e+01 1.102144e+02 1.000000e+01
      vertex   -2.759966e+01 1.101839e+02 1.000000e+01
    endloop
  endfacet
  facet normal 0.000000e+00 0.000000e+00 1.000000e+00
    outer loop
      vertex   -2.759966e+01 1.101839e+02 1.000000e+01
      vertex   -2.759973e+01 1.102144e+02 1.000000e+01
      vertex   -2.759969e+01 1.101844e+02 1.000000e+01
    endloop
  endfacet
  facet normal -3.864346e-15 4.859407e-14 1.000000e+00
    outer loop
      vertex   -2.785891e+01 1.096935e+02 1.000000e+01
      vertex   -2.800000e+01 1.096823e+02 1.000000e+01
      vertex   -2.725885e+01 9.957892e+01 1.000000e+01
    endloop
  endfacet
  facet normal 3.065512e-13 2.150950e-26 1.000000e+00
    outer loop
      vertex   -2.800000e+01 1.111000e+02 1.000000e+01
      vertex   -2.961091e+01 1.149891e+02 1.000000e+01
      vertex   -2.800000e+01 1.096823e+02 1.000000e+01
    endloop
  endfacet
  facet normal -1.112137e-13 -1.268150e-13 1.000000e+00
    outer loop
      vertex   -2.800000e+01 1.096823e+02 1.000000e+01
      vertex   -2.961091e+01 1.149891e+02 1.000000e+01
      vertex   -3.015181e+01 1.154634e+02 1.000000e+01
    endloop
  endfacet
  facet normal -7.596976e-14 -1.136968e-13 1.000000e+00
    outer loop
      vertex   -2.800000e+01 1.096823e+02 1.000000e+01
      vertex   -3.015181e+01 1.154634e+02 1.000000e+01
      vertex   -3.075000e+01 1.158631e+02 1.000000e+01
    endloop
  endfacet
  facet normal -5.157747e-12 -1.025940e-12 1.000000e+00
    outer loop
      vertex   -2.804705e+01 1.118179e+02 1.000000e+01
      vertex   -2.818741e+01 1.125235e+02 1.000000e+01
      vertex   -2.800000e+01 1.111000e+02 1.000000e+01
    endloop
  endfacet
  facet normal -1.669425e-12 -5.666934e-13 1.000000e+00
    outer loop
      vertex   -2.800000e+01 1.111000e+02 1.000000e+01
      vertex   -2.818741e+01 1.125235e+02 1.000000e+01
      vertex   -2.841866e+01 1.132048e+02 1.000000e+01
    endloop
  endfacet
  facet normal -7.974091e-13 -3.932387e-13 1.000000e+00
    outer loop
      vertex   -2.800000e+01 1.111000e+02 1.000000e+01
      vertex   -2.841866e+01 1.132048e+02 1.000000e+01
      vertex   -2.873686e+01 1.138500e+02 1.000000e+01
    endloop
  endfacet
  facet normal -4.486765e-13 -2.997960e-13 1.000000e+00
    outer loop
      vertex   -2.873686e+01 1.138500e+02 1.000000e+01
      vertex   -2.913656e+01 1.144482e+02 1.000000e+01
      vertex   -2.800000e+01 1.111000e+02 1.000000e+01
    endloop
  endfacet
  facet normal -2.743903e-13 -2.406339e-13 1.000000e+00
    outer loop
      vertex   -2.800000e+01 1.111000e+02 1.000000e+01
      vertex   -2.913656e+01 1.144482e+02 1.000000e+01
      vertex   -2.961091e+01 1.149891e+02 1.000000e+01
    endloop
  endfacet
  facet normal -5.047527e-14 -1.023537e-13 1.000000e+00
    outer loop
      vertex   -3.075000e+01 1.158631e+02 1.000000e+01
      vertex   -3.139524e+01 1.161813e+02 1.000000e+01
      vertex   -2.800000e+01 1.096823e+02 1.000000e+01
    endloop
  endfacet
  facet normal -3.135337e-14 -9.236405e-14 1.000000e+00
    outer loop
      vertex   -2.800000e+01 1.096823e+02 1.000000e+01
      vertex   -3.139524e+01 1.161813e+02 1.000000e+01
      vertex   -3.207650e+01 1.164126e+02 1.000000e+01
    endloop
  endfacet
  facet normal -1.659417e-14 -8.342453e-14 1.000000e+00
    outer loop
      vertex   -2.800000e+01 1.096823e+02 1.000000e+01
      vertex   -3.207650e+01 1.164126e+02 1.000000e+01
      vertex   -3.278211e+01 1.165529e+02 1.000000e+01
    endloop
  endfacet
  facet normal -7.257000e-13 -5.769747e-13 1.000000e+00
    outer loop
      vertex   -3.278211e+01 1.165529e+02 1.000000e+01
      vertex   -3.350000e+01 1.166000e+02 1.000000e+01
      vertex   -2.800000e+01 1.096823e+02 1.000000e+01
    endloop
  endfacet
  facet normal 0.000000e+00 0.000000e+00 1.000000e+00
    outer loop
      vertex   -2.800000e+01 1.096823e+02 1.000000e+01
      vertex   -3.350000e+01 1.166000e+02 1.000000e+01
      vertex   -3.570000e+01 1.166000e+02 1.000000e+01
    endloop
  endfacet
  facet normal 9.978589e-01 6.540313e-02 0.000000e+00
    outer loop
      vertex   -2.800000e+01 1.111000e+02 1.000000e+01
      vertex   -2.800000e+01 1.111000e+02 -4.732000e+00
      vertex   -2.804705e+01 1.118179e+02 1.000000e+01
    endloop
  endfacet
  facet normal 9.978589e-01 6.540313e-02 2.406399e-16
    outer loop
      vertex   -2.804705e+01 1.118179e+02 1.000000e+01
      vertex   -2.800000e+01 1.111000e+02 -4.732000e+00
      vertex   -2.804705e+01 1.118179e+02 -4.732000e+00
    endloop
  endfacet
  facet normal 9.807853e-01 1.950903e-01 2.365225e-16
    outer loop
      vertex   -2.804705e+01 1.118179e+02 1.000000e+01
      vertex   -2.804705e+01 1.118179e+02 -4.732000e+00
      vertex   -2.818741e+01 1.125235e+02 1.000000e+01
    endloop
  endfacet
  facet normal 9.807853e-01 1.950903e-01 4.730450e-16
    outer loop
      vertex   -2.818741e+01 1.125235e+02 1.000000e+01
      vertex   -2.804705e+01 1.118179e+02 -4.732000e+00
      vertex   -2.818741e+01 1.125235e+02 -4.732000e+00
    endloop
  endfacet
  facet normal 9.469301e-01 3.214395e-01 4.567162e-16
    outer loop
      vertex   -2.818741e+01 1.125235e+02 1.000000e+01
      vertex   -2.818741e+01 1.125235e+02 -4.732000e+00
      vertex   -2.841866e+01 1.132048e+02 1.000000e+01
    endloop
  endfacet
  facet normal 9.469301e-01 3.214395e-01 2.283581e-16
    outer loop
      vertex   -2.841866e+01 1.132048e+02 1.000000e+01
      vertex   -2.818741e+01 1.125235e+02 -4.732000e+00
      vertex   -2.841866e+01 1.132048e+02 -4.732000e+00
    endloop
  endfacet
  facet normal 8.968727e-01 4.422887e-01 2.162865e-16
    outer loop
      vertex   -2.841866e+01 1.132048e+02 1.000000e+01
      vertex   -2.841866e+01 1.132048e+02 -4.732000e+00
      vertex   -2.873686e+01 1.138500e+02 1.000000e+01
    endloop
  endfacet
  facet normal 8.968727e-01 4.422887e-01 0.000000e+00
    outer loop
      vertex   -2.873686e+01 1.138500e+02 1.000000e+01
      vertex   -2.841866e+01 1.132048e+02 -4.732000e+00
      vertex   -2.873686e+01 1.138500e+02 -4.732000e+00
    endloop
  endfacet
  facet normal 8.314696e-01 5.555702e-01 0.000000e+00
    outer loop
      vertex   -2.873686e+01 1.138500e+02 1.000000e+01
      vertex   -2.873686e+01 1.138500e+02 -4.732000e+00
      vertex   -2.913656e+01 1.144482e+02 1.000000e+01
    endloop
  endfacet
  facet normal 8.314696e-01 5.555702e-01 0.000000e+00
    outer loop
      vertex   -2.913656e+01 1.144482e+02 1.000000e+01
      vertex   -2.873686e+01 1.138500e+02 -4.732000e+00
      vertex   -2.913656e+01 1.144482e+02 -4.732000e+00
    endloop
  endfacet
  facet normal 7.518398e-01 6.593458e-01 0.000000e+00
    outer loop
      vertex   -2.913656e+01 1.144482e+02 1.000000e+01
      vertex   -2.913656e+01 1.144482e+02 -4.732000e+00
      vertex   -2.961091e+01 1.149891e+02 1.000000e+01
    endloop
  endfacet
  facet normal 7.518398e-01 6.593458e-01 0.000000e+00
    outer loop
      vertex   -2.961091e+01 1.149891e+02 1.000000e+01
      vertex   -2.913656e+01 1.144482e+02 -4.732000e+00
      vertex   -2.961091e+01 1.149891e+02 -4.732000e+00
    endloop
  endfacet
  facet normal 6.593458e-01 7.518398e-01 0.000000e+00
    outer loop
      vertex   -2.961091e+01 1.149891e+02 1.000000e+01
      vertex   -2.961091e+01 1.149891e+02 -4.732000e+00
      vertex   -3.015181e+01 1.154634e+02 1.000000e+01
    endloop
  endfacet
  facet normal 6.593458e-01 7.518398e-01 3.180107e-16
    outer loop
      vertex   -3.015181e+01 1.154634e+02 1.000000e+01
      vertex   -2.961091e+01 1.149891e+02 -4.732000e+00
      vertex   -3.015181e+01 1.154634e+02 -4.732000e+00
    endloop
  endfacet
  facet normal 5.555702e-01 8.314696e-01 2.679585e-16
    outer loop
      vertex   -3.015181e+01 1.154634e+02 1.000000e+01
      vertex   -3.015181e+01 1.154634e+02 -4.732000e+00
      vertex   -3.075000e+01 1.158631e+02 1.000000e+01
    endloop
  endfacet
  facet normal 5.555702e-01 8.314696e-01 1.339792e-16
    outer loop
      vertex   -3.075000e+01 1.158631e+02 1.000000e+01
      vertex   -3.015181e+01 1.154634e+02 -4.732000e+00
      vertex   -3.075000e+01 1.158631e+02 -4.732000e+00
    endloop
  endfacet
  facet normal 4.422887e-01 8.968727e-01 1.066607e-16
    outer loop
      vertex   -3.075000e+01 1.158631e+02 1.000000e+01
      vertex   -3.075000e+01 1.158631e+02 -4.732000e+00
      vertex   -3.139524e+01 1.161813e+02 1.000000e+01
    endloop
  endfacet
  facet normal 4.422887e-01 8.968727e-01 0.000000e+00
    outer loop
      vertex   -3.139524e+01 1.161813e+02 1.000000e+01
      vertex   -3.075000e+01 1.158631e+02 -4.732000e+00
      vertex   -3.139524e+01 1.161813e+02 -4.732000e+00
    endloop
  endfacet
  facet normal 3.214395e-01 9.469301e-01 0.000000e+00
    outer loop
      vertex   -3.139524e+01 1.161813e+02 1.000000e+01
      vertex   -3.139524e+01 1.161813e+02 -4.732000e+00
      vertex   -3.207650e+01 1.164126e+02 1.000000e+01
    endloop
  endfacet
  facet normal 3.214395e-01 9.469301e-01 0.000000e+00
    outer loop
      vertex   -3.207650e+01 1.164126e+02 1.000000e+01
      vertex   -3.139524e+01 1.161813e+02 -4.732000e+00
      vertex   -3.207650e+01 1.164126e+02 -4.732000e+00
    endloop
  endfacet
  facet normal 1.950903e-01 9.807853e-01 0.000000e+00
    outer loop
      vertex   -3.207650e+01 1.164126e+02 1.000000e+01
      vertex   -3.207650e+01 1.164126e+02 -4.732000e+00
      vertex   -3.278211e+01 1.165529e+02 1.000000e+01
    endloop
  endfacet
  facet normal 1.950903e-01 9.807853e-01 0.000000e+00
    outer loop
      vertex   -3.278211e+01 1.165529e+02 1.000000e+01
      vertex   -3.207650e+01 1.164126e+02 -4.732000e+00
      vertex   -3.278211e+01 1.165529e+02 -4.732000e+00
    endloop
  endfacet
  facet normal 6.540313e-02 9.978589e-01 0.000000e+00
    outer loop
      vertex   -3.278211e+01 1.165529e+02 1.000000e+01
      vertex   -3.278211e+01 1.165529e+02 -4.732000e+00
      vertex   -3.350000e+01 1.166000e+02 1.000000e+01
    endloop
  endfacet
  facet normal 6.540313e-02 9.978589e-01 -5.140068e-13
    outer loop
      vertex   -3.350000e+01 1.166000e+02 1.000000e+01
      vertex   -3.278211e+01 1.165529e+02 -4.732000e+00
      vertex   -3.350000e+01 1.166000e+02 -4.732000e+00
    endloop
  endfacet
  facet normal 0.000000e+00 1.000000e+00 -5.151097e-13
    outer loop
      vertex   -3.350000e+01 1.166000e+02 1.000000e+01
      vertex   -3.350000e+01 1.166000e+02 -4.732000e+00
      vertex   -3.570000e+01 1.166000e+02 1.000000e+01
    endloop
  endfacet
  facet normal -1.346369e-11 1.000000e+00 -2.525707e-12
    outer loop
      vertex   -3.570000e+01 1.166000e+02 1.000000e+01
      vertex   -3.350000e+01 1.166000e+02 -4.732000e+00
      vertex   -3.627304e+01 1.166000e+02 1.005013e+01
    endloop
  endfacet
  facet normal 0.000000e+00 1.000000e+00 0.000000e+00
    outer loop
      vertex   -3.627304e+01 1.166000e+02 1.005013e+01
      vertex   -3.350000e+01 1.166000e+02 -4.732000e+00
      vertex   -3.682867e+01 1.166000e+02 1.019901e+01
    endloop
  endfacet
  facet normal 0.000000e+00 1.000000e+00 0.000000e+00
    outer loop
      vertex   -3.682867e+01 1.166000e+02 1.019901e+01
      vertex   -3.350000e+01 1.166000e+02 -4.732000e+00
      vertex   -3.735000e+01 1.166000e+02 1.044212e+01
    endloop
  endfacet
  facet normal 0.000000e+00 1.000000e+00 0.000000e+00
    outer loop
      vertex   -3.735000e+01 1.166000e+02 1.044212e+01
      vertex   -3.350000e+01 1.166000e+02 -4.732000e+00
      vertex   -3.782120e+01 1.166000e+02 1.077205e+01
    endloop
  endfacet
  facet normal 0.000000e+00 1.000000e+00 0.000000e+00
    outer loop
      vertex   -3.782120e+01 1.166000e+02 1.077205e+01
      vertex   -3.350000e+01 1.166000e+02 -4.732000e+00
      vertex   -6.500000e+01 1.166000e+02 -4.732000e+00
    endloop
  endfacet
  facet normal 0.000000e+00 1.000000e+00 0.000000e+00
    outer loop
      vertex   -3.782120e+01 1.166000e+02 1.077205e+01
      vertex   -6.500000e+01 1.166000e+02 -4.732000e+00
      vertex   -3.822795e+01 1.166000e+02 1.117880e+01
    endloop
  endfacet
  facet normal 0.000000e+00 1.000000e+00 0.000000e+00
    outer loop
      vertex   -3.822795e+01 1.166000e+02 1.117880e+01
      vertex   -6.500000e+01 1.166000e+02 -4.732000e+00
      vertex   -3.855788e+01 1.166000e+02 1.165000e+01
    endloop
  endfacet
  facet normal 0.000000e+00 1.000000e+00 0.000000e+00
    outer loop
      vertex   -3.855788e+01 1.166000e+02 1.165000e+01
      vertex   -6.500000e+01 1.166000e+02 -4.732000e+00
      vertex   -3.880099e+01 1.166000e+02 1.217133e+01
    endloop
  endfacet
  facet normal 0.000000e+00 1.000000e+00 0.000000e+00
    outer loop
      vertex   -3.880099e+01 1.166000e+02 1.217133e+01
      vertex   -6.500000e+01 1.166000e+02 -4.732000e+00
      vertex   -3.894987e+01 1.166000e+02 1.272696e+01
    endloop
  endfacet
  facet normal 0.000000e+00 1.000000e+00 0.000000e+00
    outer loop
      vertex   -3.894987e+01 1.166000e+02 1.272696e+01
      vertex   -6.500000e+01 1.166000e+02 -4.732000e+00
      vertex   -6.500000e+01 1.166000e+02 2.700000e+01
    endloop
  endfacet
  facet normal 0.000000e+00 1.000000e+00 0.000000e+00
    outer loop
      vertex   -3.894987e+01 1.166000e+02 1.272696e+01
      vertex   -6.500000e+01 1.166000e+02 2.700000e+01
      vertex   -3.900000e+01 1.166000e+02 1.330000e+01
    endloop
  endfacet
  facet normal 0.000000e+00 1.000000e+00 -0.000000e+00
    outer loop
      vertex   -3.900000e+01 1.166000e+02 1.330000e+01
      vertex   -6.500000e+01 1.166000e+02 2.700000e+01
      vertex   -3.900000e+01 1.166000e+02 2.700000e+01
    endloop
  endfacet
  facet normal 2.614230e-16 2.843146e-17 -1.000000e+00
    outer loop
      vertex   -2.543741e+01 9.834395e+01 -4.732000e+00
      vertex   -1.536700e+01 9.946594e+01 -4.732000e+00
      vertex   -2.540000e+01 9.800000e+01 -4.732000e+00
    endloop
  endfacet
  facet normal -1.033371e-15 8.890100e-15 -1.000000e+00
    outer loop
      vertex   -2.540000e+01 9.800000e+01 -4.732000e+00
      vertex   -1.536700e+01 9.946594e+01 -4.732000e+00
      vertex   -1.533353e+01 9.917011e+01 -4.732000e+00
    endloop
  endfacet
  facet normal 0.000000e+00 0.000000e+00 -1.000000e+00
    outer loop
      vertex   -2.540000e+01 9.800000e+01 -4.732000e+00
      vertex   -1.533353e+01 9.917011e+01 -4.732000e+00
      vertex   -1.530758e+01 9.887353e+01 -4.732000e+00
    endloop
  endfacet
  facet normal 3.365488e-16 1.133965e-16 -1.000000e+00
    outer loop
      vertex   -2.554788e+01 9.867182e+01 -4.732000e+00
      vertex   -1.656994e+01 1.033563e+02 -4.732000e+00
      vertex   -2.543741e+01 9.834395e+01 -4.732000e+00
    endloop
  endfacet
  facet normal -5.567535e-15 1.055856e-14 -1.000000e+00
    outer loop
      vertex   -2.543741e+01 9.834395e+01 -4.732000e+00
      vertex   -1.656994e+01 1.033563e+02 -4.732000e+00
      vertex   -1.643731e+01 1.030897e+02 -4.732000e+00
    endloop
  endfacet
  facet normal 0.000000e+00 0.000000e+00 -1.000000e+00
    outer loop
      vertex   -2.543741e+01 9.834395e+01 -4.732000e+00
      vertex   -1.643731e+01 1.030897e+02 -4.732000e+00
      vertex   -1.631149e+01 1.028199e+02 -4.732000e+00
    endloop
  endfacet
  facet normal 3.848583e-16 2.315616e-16 -1.000000e+00
    outer loop
      vertex   -2.572625e+01 9.896828e+01 -4.732000e+00
      vertex   -1.839948e+01 1.059691e+02 -4.732000e+00
      vertex   -2.554788e+01 9.867182e+01 -4.732000e+00
    endloop
  endfacet
  facet normal 3.346175e-16 2.807774e-16 -1.000000e+00
    outer loop
      vertex   -2.554788e+01 9.867182e+01 -4.732000e+00
      vertex   -1.839948e+01 1.059691e+02 -4.732000e+00
      vertex   -1.765850e+01 1.050860e+02 -4.732000e+00
    endloop
  endfacet
  facet normal -9.068321e-15 1.184624e-14 -1.000000e+00
    outer loop
      vertex   -2.554788e+01 9.867182e+01 -4.732000e+00
      vertex   -1.765850e+01 1.050860e+02 -4.732000e+00
      vertex   -1.748160e+01 1.048466e+02 -4.732000e+00
    endloop
  endfacet
  facet normal -2.211345e-15 1.441319e-15 -1.000000e+00
    outer loop
      vertex   -2.596418e+01 9.921946e+01 -4.732000e+00
      vertex   -2.015342e+01 1.075184e+02 -4.732000e+00
      vertex   -2.572625e+01 9.896828e+01 -4.732000e+00
    endloop
  endfacet
  facet normal 1.251798e-14 -8.159014e-15 -1.000000e+00
    outer loop
      vertex   -2.572625e+01 9.896828e+01 -4.732000e+00
      vertex   -2.015342e+01 1.075184e+02 -4.732000e+00
      vertex   -1.991396e+01 1.073415e+02 -4.732000e+00
    endloop
  endfacet
  facet normal 2.812274e-16 3.351537e-16 -1.000000e+00
    outer loop
      vertex   -2.572625e+01 9.896828e+01 -4.732000e+00
      vertex   -1.991396e+01 1.073415e+02 -4.732000e+00
      vertex   -1.903089e+01 1.066005e+02 -4.732000e+00
    endloop
  endfacet
  facet normal 0.000000e+00 0.000000e+00 -1.000000e+00
    outer loop
      vertex   -1.903089e+01 1.066005e+02 -4.732000e+00
      vertex   -1.991396e+01 1.073415e+02 -4.732000e+00
      vertex   -1.962770e+01 1.077189e+02 -4.732000e+00
    endloop
  endfacet
  facet normal 0.000000e+00 0.000000e+00 -1.000000e+00
    outer loop
      vertex   -1.903089e+01 1.066005e+02 -4.732000e+00
      vertex   -1.962770e+01 1.077189e+02 -4.732000e+00
      vertex   -1.870896e+01 1.069480e+02 -4.732000e+00
    endloop
  endfacet
  facet normal 1.577624e-14 1.880140e-14 -1.000000e+00
    outer loop
      vertex   -1.870896e+01 1.069480e+02 -4.732000e+00
      vertex   -1.962770e+01 1.077189e+02 -4.732000e+00
      vertex   -1.960438e+01 1.077465e+02 -4.732000e+00
    endloop
  endfacet
  facet normal -5.402009e-16 5.064863e-16 -1.000000e+00
    outer loop
      vertex   -1.870896e+01 1.069480e+02 -4.732000e+00
      vertex   -1.960438e+01 1.077465e+02 -4.732000e+00
      vertex   -1.956150e+01 1.077923e+02 -4.732000e+00
    endloop
  endfacet
  facet normal -4.980217e-17 -7.345271e-17 -1.000000e+00
    outer loop
      vertex   -2.625055e+01 9.941362e+01 -4.732000e+00
      vertex   -2.191029e+01 1.085627e+02 -4.732000e+00
      vertex   -2.596418e+01 9.921946e+01 -4.732000e+00
    endloop
  endfacet
  facet normal 1.366386e-14 -6.023609e-15 -1.000000e+00
    outer loop
      vertex   -2.596418e+01 9.921946e+01 -4.732000e+00
      vertex   -2.191029e+01 1.085627e+02 -4.732000e+00
      vertex   -2.164375e+01 1.084301e+02 -4.732000e+00
    endloop
  endfacet
  facet normal 1.752379e-16 3.035209e-16 -1.000000e+00
    outer loop
      vertex   -2.596418e+01 9.921946e+01 -4.732000e+00
      vertex   -2.164375e+01 1.084301e+02 -4.732000e+00
      vertex   -2.064543e+01 1.078537e+02 -4.732000e+00
    endloop
  endfacet
  facet normal 9.387039e-16 1.625883e-15 -1.000000e+00
    outer loop
      vertex   -2.064543e+01 1.078537e+02 -4.732000e+00
      vertex   -2.164375e+01 1.084301e+02 -4.732000e+00
      vertex   -2.142737e+01 1.088514e+02 -4.732000e+00
    endloop
  endfacet
  facet normal -6.231214e-16 4.018468e-16 -1.000000e+00
    outer loop
      vertex   -2.064543e+01 1.078537e+02 -4.732000e+00
      vertex   -2.142737e+01 1.088514e+02 -4.732000e+00
      vertex   -2.038872e+01 1.082517e+02 -4.732000e+00
    endloop
  endfacet
  facet normal -6.405418e-16 3.716737e-16 -1.000000e+00
    outer loop
      vertex   -2.038872e+01 1.082517e+02 -4.732000e+00
      vertex   -2.142737e+01 1.088514e+02 -4.732000e+00
      vertex   -2.140921e+01 1.088827e+02 -4.732000e+00
    endloop
  endfacet
  facet normal 6.833235e-15 1.245934e-14 -1.000000e+00
    outer loop
      vertex   -2.038872e+01 1.082517e+02 -4.732000e+00
      vertex   -2.140921e+01 1.088827e+02 -4.732000e+00
      vertex   -2.137492e+01 1.089352e+02 -4.732000e+00
    endloop
  endfacet
  facet normal -3.264564e-17 -8.193437e-17 -1.000000e+00
    outer loop
      vertex   -2.657195e+01 9.954168e+01 -4.732000e+00
      vertex   -2.382181e+01 1.092860e+02 -4.732000e+00
      vertex   -2.625055e+01 9.941362e+01 -4.732000e+00
    endloop
  endfacet
  facet normal 1.737518e-14 -4.364481e-15 -1.000000e+00
    outer loop
      vertex   -2.625055e+01 9.941362e+01 -4.732000e+00
      vertex   -2.382181e+01 1.092860e+02 -4.732000e+00
      vertex   -2.353628e+01 1.092017e+02 -4.732000e+00
    endloop
  endfacet
  facet normal 1.499956e-16 4.121095e-16 -1.000000e+00
    outer loop
      vertex   -2.625055e+01 9.941362e+01 -4.732000e+00
      vertex   -2.353628e+01 1.092017e+02 -4.732000e+00
      vertex   -2.245304e+01 1.088074e+02 -4.732000e+00
    endloop
  endfacet
  facet normal 0.000000e+00 0.000000e+00 -1.000000e+00
    outer loop
      vertex   -2.245304e+01 1.088074e+02 -4.732000e+00
      vertex   -2.353628e+01 1.092017e+02 -4.732000e+00
      vertex   -2.339636e+01 1.096542e+02 -4.732000e+00
    endloop
  endfacet
  facet normal 0.000000e+00 0.000000e+00 -1.000000e+00
    outer loop
      vertex   -2.245304e+01 1.088074e+02 -4.732000e+00
      vertex   -2.339636e+01 1.096542e+02 -4.732000e+00
      vertex   -2.226936e+01 1.092440e+02 -4.732000e+00
    endloop
  endfacet
  facet normal -9.974391e-15 -2.740441e-14 -1.000000e+00
    outer loop
      vertex   -2.226936e+01 1.092440e+02 -4.732000e+00
      vertex   -2.339636e+01 1.096542e+02 -4.732000e+00
      vertex   -2.338600e+01 1.096829e+02 -4.732000e+00
    endloop
  endfacet
  facet normal 6.819483e-16 -2.886866e-16 -1.000000e+00
    outer loop
      vertex   -2.226936e+01 1.092440e+02 -4.732000e+00
      vertex   -2.338600e+01 1.096829e+02 -4.732000e+00
      vertex   -2.336047e+01 1.097432e+02 -4.732000e+00
    endloop
  endfacet
  facet normal 7.094960e-17 4.327734e-16 -1.000000e+00
    outer loop
      vertex   -2.691338e+01 9.959765e+01 -4.732000e+00
      vertex   -2.553406e+01 1.096330e+02 -4.732000e+00
      vertex   -2.657195e+01 9.954168e+01 -4.732000e+00
    endloop
  endfacet
  facet normal 7.621415e-17 4.322319e-16 -1.000000e+00
    outer loop
      vertex   -2.657195e+01 9.954168e+01 -4.732000e+00
      vertex   -2.553406e+01 1.096330e+02 -4.732000e+00
      vertex   -2.439881e+01 1.094328e+02 -4.732000e+00
    endloop
  endfacet
  facet normal -1.738367e-14 4.268270e-15 -1.000000e+00
    outer loop
      vertex   -2.657195e+01 9.954168e+01 -4.732000e+00
      vertex   -2.439881e+01 1.094328e+02 -4.732000e+00
      vertex   -2.410938e+01 1.093631e+02 -4.732000e+00
    endloop
  endfacet
  facet normal -2.372405e-17 4.375643e-16 -1.000000e+00
    outer loop
      vertex   -2.725885e+01 9.957892e+01 -4.732000e+00
      vertex   -2.757638e+01 1.097108e+02 -4.732000e+00
      vertex   -2.691338e+01 9.959765e+01 -4.732000e+00
    endloop
  endfacet
  facet normal -1.082664e-29 4.391196e-16 -1.000000e+00
    outer loop
      vertex   -2.691338e+01 9.959765e+01 -4.732000e+00
      vertex   -2.757638e+01 1.097108e+02 -4.732000e+00
      vertex   -2.642362e+01 1.097108e+02 -4.732000e+00
    endloop
  endfacet
  facet normal -1.785338e-14 1.303719e-15 -1.000000e+00
    outer loop
      vertex   -2.691338e+01 9.959765e+01 -4.732000e+00
      vertex   -2.642362e+01 1.097108e+02 -4.732000e+00
      vertex   -2.612647e+01 1.096924e+02 -4.732000e+00
    endloop
  endfacet
  facet normal -1.196034e-16 4.307725e-16 -1.000000e+00
    outer loop
      vertex   -2.759222e+01 9.948636e+01 -4.732000e+00
      vertex   -2.800000e+01 1.096823e+02 -4.732000e+00
      vertex   -2.725885e+01 9.957892e+01 -4.732000e+00
    endloop
  endfacet
  facet normal -3.758689e-14 -2.317704e-15 -1.000000e+00
    outer loop
      vertex   -2.725885e+01 9.957892e+01 -4.732000e+00
      vertex   -2.800000e+01 1.096823e+02 -4.732000e+00
      vertex   -2.785891e+01 1.096935e+02 -4.732000e+00
    endloop
  endfacet
  facet normal 5.893768e-18 -8.746208e-17 -1.000000e+00
    outer loop
      vertex   -2.725885e+01 9.957892e+01 -4.732000e+00
      vertex   -2.785891e+01 1.096935e+02 -4.732000e+00
      vertex   -2.771770e+01 1.097030e+02 -4.732000e+00
    endloop
  endfacet
  facet normal -2.261225e-16 4.265124e-16 -1.000000e+00
    outer loop
      vertex   -2.759222e+01 9.948636e+01 -4.732000e+00
      vertex   -2.789790e+01 9.932430e+01 -4.732000e+00
      vertex   -2.800000e+01 1.096823e+02 -4.732000e+00
    endloop
  endfacet
  facet normal -3.611523e-16 4.251814e-16 -1.000000e+00
    outer loop
      vertex   -2.800000e+01 1.096823e+02 -4.732000e+00
      vertex   -2.789790e+01 9.932430e+01 -4.732000e+00
      vertex   -2.816159e+01 9.910032e+01 -4.732000e+00
    endloop
  endfacet
  facet normal 3.765553e-15 3.621641e-16 -1.000000e+00
    outer loop
      vertex   -2.800000e+01 1.096823e+02 -4.732000e+00
      vertex   -2.816159e+01 9.910032e+01 -4.732000e+00
      vertex   -2.837097e+01 9.882489e+01 -4.732000e+00
    endloop
  endfacet
  facet normal -2.441190e-17 4.916583e-16 -1.000000e+00
    outer loop
      vertex   -2.800000e+01 1.096823e+02 -4.732000e+00
      vertex   -2.837097e+01 9.882489e+01 -4.732000e+00
      vertex   -4.590000e+01 1.106000e+02 -4.732000e+00
    endloop
  endfacet
  facet normal -2.705884e-16 1.251875e-16 -1.000000e+00
    outer loop
      vertex   -4.590000e+01 1.106000e+02 -4.732000e+00
      vertex   -2.837097e+01 9.882489e+01 -4.732000e+00
      vertex   -2.851625e+01 9.851088e+01 -4.732000e+00
    endloop
  endfacet
  facet normal -3.101681e-16 6.827317e-17 -1.000000e+00
    outer loop
      vertex   -4.590000e+01 1.106000e+02 -4.732000e+00
      vertex   -2.851625e+01 9.851088e+01 -4.732000e+00
      vertex   -2.859062e+01 9.817299e+01 -4.732000e+00
    endloop
  endfacet
  facet normal -1.898950e-16 2.357996e-16 -1.000000e+00
    outer loop
      vertex   -4.590000e+01 1.106000e+02 -4.732000e+00
      vertex   -2.859062e+01 9.817299e+01 -4.732000e+00
      vertex   -4.590000e+01 8.800000e+01 -4.732000e+00
    endloop
  endfacet
  facet normal -5.131197e-17 1.475842e-27 -1.000000e+00
    outer loop
      vertex   -4.590000e+01 8.800000e+01 -4.732000e+00
      vertex   -2.859062e+01 9.817299e+01 -4.732000e+00
      vertex   -2.859062e+01 9.782701e+01 -4.732000e+00
    endloop
  endfacet
  facet normal -4.561201e-17 -1.003996e-17 -1.000000e+00
    outer loop
      vertex   -4.590000e+01 8.800000e+01 -4.732000e+00
      vertex   -2.859062e+01 9.782701e+01 -4.732000e+00
      vertex   -2.851625e+01 9.748912e+01 -4.732000e+00
    endloop
  endfacet
  facet normal -1.092921e-16 1.066199e-16 -1.000000e+00
    outer loop
      vertex   -4.590000e+01 8.800000e+01 -4.732000e+00
      vertex   -2.851625e+01 9.748912e+01 -4.732000e+00
      vertex   -3.550000e+01 8.200000e+01 -4.732000e+00
    endloop
  endfacet
  facet normal 6.276975e-17 2.904038e-17 -1.000000e+00
    outer loop
      vertex   -3.550000e+01 8.200000e+01 -4.732000e+00
      vertex   -2.851625e+01 9.748912e+01 -4.732000e+00
      vertex   -2.837097e+01 9.717511e+01 -4.732000e+00
    endloop
  endfacet
  facet normal 4.804693e-15 -2.198640e-15 -1.000000e+00
    outer loop
      vertex   -3.550000e+01 8.200000e+01 -4.732000e+00
      vertex   -2.837097e+01 9.717511e+01 -4.732000e+00
      vertex   -3.478211e+01 8.195295e+01 -4.732000e+00
    endloop
  endfacet
  facet normal -2.877811e-15 1.037007e-15 -1.000000e+00
    outer loop
      vertex   -3.478211e+01 8.195295e+01 -4.732000e+00
      vertex   -2.837097e+01 9.717511e+01 -4.732000e+00
      vertex   -2.816159e+01 9.689968e+01 -4.732000e+00
    endloop
  endfacet
  facet normal -4.345146e-17 -2.184452e-16 -1.000000e+00
    outer loop
      vertex   -3.478211e+01 8.195295e+01 -4.732000e+00
      vertex   -2.816159e+01 9.689968e+01 -4.732000e+00
      vertex   -3.407650e+01 8.181259e+01 -4.732000e+00
    endloop
  endfacet
  facet normal -1.500504e-16 -1.766530e-16 -1.000000e+00
    outer loop
      vertex   -3.407650e+01 8.181259e+01 -4.732000e+00
      vertex   -2.816159e+01 9.689968e+01 -4.732000e+00
      vertex   -2.789790e+01 9.667570e+01 -4.732000e+00
    endloop
  endfacet
  facet normal -7.110562e-17 -2.094704e-16 -1.000000e+00
    outer loop
      vertex   -3.407650e+01 8.181259e+01 -4.732000e+00
      vertex   -2.789790e+01 9.667570e+01 -4.732000e+00
      vertex   -3.339524e+01 8.158134e+01 -4.732000e+00
    endloop
  endfacet
  facet normal -1.945923e-16 -1.644968e-16 -1.000000e+00
    outer loop
      vertex   -3.339524e+01 8.158134e+01 -4.732000e+00
      vertex   -2.789790e+01 9.667570e+01 -4.732000e+00
      vertex   -2.400000e+01 8.666529e+01 -4.732000e+00
    endloop
  endfacet
  facet normal -1.352248e-16 -2.742089e-16 -1.000000e+00
    outer loop
      vertex   -3.339524e+01 8.158134e+01 -4.732000e+00
      vertex   -2.400000e+01 8.666529e+01 -4.732000e+00
      vertex   -3.275000e+01 8.126314e+01 -4.732000e+00
    endloop
  endfacet
  facet normal -8.713352e-16 9.180876e-16 -1.000000e+00
    outer loop
      vertex   -3.275000e+01 8.126314e+01 -4.732000e+00
      vertex   -2.400000e+01 8.666529e+01 -4.732000e+00
      vertex   -3.215181e+01 8.086344e+01 -4.732000e+00
    endloop
  endfacet
  facet normal -1.202878e-16 -1.371620e-16 -1.000000e+00
    outer loop
      vertex   -3.215181e+01 8.086344e+01 -4.732000e+00
      vertex   -2.400000e+01 8.666529e+01 -4.732000e+00
      vertex   -3.161091e+01 8.038909e+01 -4.732000e+00
    endloop
  endfacet
  facet normal -1.354447e-16 -1.187818e-16 -1.000000e+00
    outer loop
      vertex   -3.161091e+01 8.038909e+01 -4.732000e+00
      vertex   -2.400000e+01 8.666529e+01 -4.732000e+00
      vertex   -3.113656e+01 7.984819e+01 -4.732000e+00
    endloop
  endfacet
  facet normal -1.017677e-15 8.047920e-16 -1.000000e+00
    outer loop
      vertex   -3.113656e+01 7.984819e+01 -4.732000e+00
      vertex   -2.400000e+01 8.666529e+01 -4.732000e+00
      vertex   -3.073686e+01 7.925000e+01 -4.732000e+00
    endloop
  endfacet
  facet normal -8.545372e-17 -4.214111e-17 -1.000000e+00
    outer loop
      vertex   -3.073686e+01 7.925000e+01 -4.732000e+00
      vertex   -2.400000e+01 8.666529e+01 -4.732000e+00
      vertex   -3.041866e+01 7.860476e+01 -4.732000e+00
    endloop
  endfacet
  facet normal -9.701731e-17 -3.293294e-17 -1.000000e+00
    outer loop
      vertex   -3.041866e+01 7.860476e+01 -4.732000e+00
      vertex   -2.400000e+01 8.666529e+01 -4.732000e+00
      vertex   -3.018741e+01 7.792350e+01 -4.732000e+00
    endloop
  endfacet
  facet normal -5.042571e-16 2.553101e-16 -1.000000e+00
    outer loop
      vertex   -3.018741e+01 7.792350e+01 -4.732000e+00
      vertex   -2.400000e+01 8.666529e+01 -4.732000e+00
      vertex   -2.400000e+01 7.275000e+01 -4.732000e+00
    endloop
  endfacet
  facet normal -8.609160e-16 -1.712468e-16 -1.000000e+00
    outer loop
      vertex   -3.018741e+01 7.792350e+01 -4.732000e+00
      vertex   -2.400000e+01 7.275000e+01 -4.732000e+00
      vertex   -3.004705e+01 7.721789e+01 -4.732000e+00
    endloop
  endfacet
  facet normal 3.070762e-15 5.150068e-15 -1.000000e+00
    outer loop
      vertex   -3.004705e+01 7.721789e+01 -4.732000e+00
      vertex   -2.400000e+01 7.275000e+01 -4.732000e+00
      vertex   -3.000000e+01 7.650000e+01 -4.732000e+00
    endloop
  endfacet
  facet normal -4.185747e-15 -6.460348e-15 -1.000000e+00
    outer loop
      vertex   -3.000000e+01 7.650000e+01 -4.732000e+00
      vertex   -2.400000e+01 7.275000e+01 -4.732000e+00
      vertex   -2.395295e+01 7.203211e+01 -4.732000e+00
    endloop
  endfacet
  facet normal 6.887328e-16 1.369975e-16 -1.000000e+00
    outer loop
      vertex   -3.000000e+01 7.650000e+01 -4.732000e+00
      vertex   -2.395295e+01 7.203211e+01 -4.732000e+00
      vertex   -2.381259e+01 7.132650e+01 -4.732000e+00
    endloop
  endfacet
  facet normal -5.927619e-17 -1.118068e-16 -1.000000e+00
    outer loop
      vertex   -2.789790e+01 9.667570e+01 -4.732000e+00
      vertex   -2.759222e+01 9.651364e+01 -4.732000e+00
      vertex   -2.400000e+01 8.666529e+01 -4.732000e+00
    endloop
  endfacet
  facet normal -2.786152e-17 -1.003481e-16 -1.000000e+00
    outer loop
      vertex   -2.400000e+01 8.666529e+01 -4.732000e+00
      vertex   -2.759222e+01 9.651364e+01 -4.732000e+00
      vertex   -2.725885e+01 9.642108e+01 -4.732000e+00
    endloop
  endfacet
  facet normal -5.027158e-18 -9.272048e-17 -1.000000e+00
    outer loop
      vertex   -2.400000e+01 8.666529e+01 -4.732000e+00
      vertex   -2.725885e+01 9.642108e+01 -4.732000e+00
      vertex   -2.691338e+01 9.640235e+01 -4.732000e+00
    endloop
  endfacet
  facet normal 1.425492e-17 -8.695118e-17 -1.000000e+00
    outer loop
      vertex   -2.691338e+01 9.640235e+01 -4.732000e+00
      vertex   -2.657195e+01 9.645832e+01 -4.732000e+00
      vertex   -2.400000e+01 8.666529e+01 -4.732000e+00
    endloop
  endfacet
  facet normal 3.271303e-17 -8.210351e-17 -1.000000e+00
    outer loop
      vertex   -2.400000e+01 8.666529e+01 -4.732000e+00
      vertex   -2.657195e+01 9.645832e+01 -4.732000e+00
      vertex   -2.625055e+01 9.658638e+01 -4.732000e+00
    endloop
  endfacet
  facet normal 2.542244e-17 -8.375734e-17 -1.000000e+00
    outer loop
      vertex   -2.400000e+01 8.666529e+01 -4.732000e+00
      vertex   -2.625055e+01 9.658638e+01 -4.732000e+00
      vertex   -2.319356e+01 8.691007e+01 -4.732000e+00
    endloop
  endfacet
  facet normal 3.142881e-17 -8.185978e-17 -1.000000e+00
    outer loop
      vertex   -2.319356e+01 8.691007e+01 -4.732000e+00
      vertex   -2.625055e+01 9.658638e+01 -4.732000e+00
      vertex   -2.240679e+01 8.721213e+01 -4.732000e+00
    endloop
  endfacet
  facet normal 3.726363e-17 -7.946731e-17 -1.000000e+00
    outer loop
      vertex   -2.240679e+01 8.721213e+01 -4.732000e+00
      vertex   -2.625055e+01 9.658638e+01 -4.732000e+00
      vertex   -2.164375e+01 8.756994e+01 -4.732000e+00
    endloop
  endfacet
  facet normal 4.960489e-17 -7.316174e-17 -1.000000e+00
    outer loop
      vertex   -2.164375e+01 8.756994e+01 -4.732000e+00
      vertex   -2.625055e+01 9.658638e+01 -4.732000e+00
      vertex   -2.596418e+01 9.678054e+01 -4.732000e+00
    endloop
  endfacet
  facet normal 4.380946e-17 -7.588022e-17 -1.000000e+00
    outer loop
      vertex   -2.164375e+01 8.756994e+01 -4.732000e+00
      vertex   -2.596418e+01 9.678054e+01 -4.732000e+00
      vertex   -2.064543e+01 8.814632e+01 -4.732000e+00
    endloop
  endfacet
  facet normal 4.842494e-17 -7.303704e-17 -1.000000e+00
    outer loop
      vertex   -2.064543e+01 8.814632e+01 -4.732000e+00
      vertex   -2.596418e+01 9.678054e+01 -4.732000e+00
      vertex   -2.039730e+01 8.831083e+01 -4.732000e+00
    endloop
  endfacet
  facet normal 5.028503e-17 -7.181446e-17 -1.000000e+00
    outer loop
      vertex   -2.039730e+01 8.831083e+01 -4.732000e+00
      vertex   -2.596418e+01 9.678054e+01 -4.732000e+00
      vertex   -2.015342e+01 8.848160e+01 -4.732000e+00
    endloop
  endfacet
  facet normal 2.211345e-15 1.441319e-15 -1.000000e+00
    outer loop
      vertex   -2.015342e+01 8.848160e+01 -4.732000e+00
      vertex   -2.596418e+01 9.678054e+01 -4.732000e+00
      vertex   -2.572625e+01 9.703172e+01 -4.732000e+00
    endloop
  endfacet
  facet normal 0.000000e+00 0.000000e+00 -1.000000e+00
    outer loop
      vertex   -2.015342e+01 8.848160e+01 -4.732000e+00
      vertex   -2.572625e+01 9.703172e+01 -4.732000e+00
      vertex   -1.991396e+01 8.865850e+01 -4.732000e+00
    endloop
  endfacet
  facet normal 0.000000e+00 0.000000e+00 -1.000000e+00
    outer loop
      vertex   -1.991396e+01 8.865850e+01 -4.732000e+00
      vertex   -2.572625e+01 9.703172e+01 -4.732000e+00
      vertex   -1.903089e+01 8.939948e+01 -4.732000e+00
    endloop
  endfacet
  facet normal 0.000000e+00 0.000000e+00 -1.000000e+00
    outer loop
      vertex   -1.991396e+01 8.865850e+01 -4.732000e+00
      vertex   -1.903089e+01 8.939948e+01 -4.732000e+00
      vertex   -1.962770e+01 8.828112e+01 -4.732000e+00
    endloop
  endfacet
  facet normal 0.000000e+00 0.000000e+00 -1.000000e+00
    outer loop
      vertex   -1.962770e+01 8.828112e+01 -4.732000e+00
      vertex   -1.903089e+01 8.939948e+01 -4.732000e+00
      vertex   -1.870896e+01 8.905204e+01 -4.732000e+00
    endloop
  endfacet
  facet normal -1.882165e-14 2.243077e-14 -1.000000e+00
    outer loop
      vertex   -1.962770e+01 8.828112e+01 -4.732000e+00
      vertex   -1.870896e+01 8.905204e+01 -4.732000e+00
      vertex   -1.960825e+01 8.825785e+01 -4.732000e+00
    endloop
  endfacet
  facet normal 5.421420e-16 5.044557e-16 -1.000000e+00
    outer loop
      vertex   -1.960825e+01 8.825785e+01 -4.732000e+00
      vertex   -1.870896e+01 8.905204e+01 -4.732000e+00
      vertex   -1.956366e+01 8.820992e+01 -4.732000e+00
    endloop
  endfacet
  facet normal 6.940709e-15 -5.989731e-15 -1.000000e+00
    outer loop
      vertex   -1.956366e+01 8.820992e+01 -4.732000e+00
      vertex   -1.870896e+01 8.905204e+01 -4.732000e+00
      vertex   -1.949394e+01 8.814243e+01 -4.732000e+00
    endloop
  endfacet
  facet normal -1.571724e-14 1.356375e-14 -1.000000e+00
    outer loop
      vertex   -1.949394e+01 8.814243e+01 -4.732000e+00
      vertex   -1.870896e+01 8.905204e+01 -4.732000e+00
      vertex   -1.939725e+01 8.805802e+01 -4.732000e+00
    endloop
  endfacet
  facet normal 2.268660e-14 -1.302843e-14 -1.000000e+00
    outer loop
      vertex   -1.939725e+01 8.805802e+01 -4.732000e+00
      vertex   -1.870896e+01 8.905204e+01 -4.732000e+00
      vertex   -1.868576e+01 8.902427e+01 -4.732000e+00
    endloop
  endfacet
  facet normal 2.474864e-15 1.854462e-15 -1.000000e+00
    outer loop
      vertex   -1.939725e+01 8.805802e+01 -4.732000e+00
      vertex   -1.868576e+01 8.902427e+01 -4.732000e+00
      vertex   -1.864817e+01 8.897410e+01 -4.732000e+00
    endloop
  endfacet
  facet normal 0.000000e+00 -0.000000e+00 -1.000000e+00
    outer loop
      vertex   -2.554788e+01 9.732818e+01 -4.732000e+00
      vertex   -1.839948e+01 9.003089e+01 -4.732000e+00
      vertex   -2.572625e+01 9.703172e+01 -4.732000e+00
    endloop
  endfacet
  facet normal 0.000000e+00 0.000000e+00 -1.000000e+00
    outer loop
      vertex   -2.572625e+01 9.703172e+01 -4.732000e+00
      vertex   -1.839948e+01 9.003089e+01 -4.732000e+00
      vertex   -1.860458e+01 8.981510e+01 -4.732000e+00
    endloop
  endfacet
  facet normal 0.000000e+00 0.000000e+00 -1.000000e+00
    outer loop
      vertex   -2.572625e+01 9.703172e+01 -4.732000e+00
      vertex   -1.860458e+01 8.981510e+01 -4.732000e+00
      vertex   -1.881510e+01 8.960458e+01 -4.732000e+00
    endloop
  endfacet
  facet normal 0.000000e+00 -0.000000e+00 -1.000000e+00
    outer loop
      vertex   -2.543741e+01 9.765605e+01 -4.732000e+00
      vertex   -1.656994e+01 9.264375e+01 -4.732000e+00
      vertex   -2.554788e+01 9.732818e+01 -4.732000e+00
    endloop
  endfacet
  facet normal 0.000000e+00 0.000000e+00 -1.000000e+00
    outer loop
      vertex   -2.554788e+01 9.732818e+01 -4.732000e+00
      vertex   -1.656994e+01 9.264375e+01 -4.732000e+00
      vertex   -1.714632e+01 9.164543e+01 -4.732000e+00
    endloop
  endfacet
  facet normal 0.000000e+00 0.000000e+00 -1.000000e+00
    outer loop
      vertex   -2.554788e+01 9.732818e+01 -4.732000e+00
      vertex   -1.714632e+01 9.164543e+01 -4.732000e+00
      vertex   -1.731083e+01 9.139730e+01 -4.732000e+00
    endloop
  endfacet
  facet normal 2.614230e-16 -2.843146e-17 -1.000000e+00
    outer loop
      vertex   -2.540000e+01 9.800000e+01 -4.732000e+00
      vertex   -1.536700e+01 9.653406e+01 -4.732000e+00
      vertex   -2.543741e+01 9.765605e+01 -4.732000e+00
    endloop
  endfacet
  facet normal 4.304672e-16 1.488827e-15 -1.000000e+00
    outer loop
      vertex   -2.543741e+01 9.765605e+01 -4.732000e+00
      vertex   -1.536700e+01 9.653406e+01 -4.732000e+00
      vertex   -1.556718e+01 9.539881e+01 -4.732000e+00
    endloop
  endfacet
  facet normal 7.504167e-16 2.887873e-15 -1.000000e+00
    outer loop
      vertex   -2.543741e+01 9.765605e+01 -4.732000e+00
      vertex   -1.556718e+01 9.539881e+01 -4.732000e+00
      vertex   -1.563691e+01 9.510938e+01 -4.732000e+00
    endloop
  endfacet
  facet normal 1.267076e-15 -1.209911e-16 -1.000000e+00
    outer loop
      vertex   -2.489669e+01 6.391728e+01 -4.732000e+00
      vertex   -2.495000e+01 6.335898e+01 -4.732000e+00
      vertex   -3.000000e+01 6.185898e+01 -4.732000e+00
    endloop
  endfacet
  facet normal 1.197183e-15 1.143171e-16 -1.000000e+00
    outer loop
      vertex   -3.000000e+01 6.185898e+01 -4.732000e+00
      vertex   -2.495000e+01 6.335898e+01 -4.732000e+00
      vertex   -2.489669e+01 6.280069e+01 -4.732000e+00
    endloop
  endfacet
  facet normal 3.008287e-15 -9.700425e-15 -1.000000e+00
    outer loop
      vertex   -3.000000e+01 6.185898e+01 -4.732000e+00
      vertex   -2.489669e+01 6.280069e+01 -4.732000e+00
      vertex   -2.995295e+01 6.114109e+01 -4.732000e+00
    endloop
  endfacet
  facet normal -6.543489e-16 1.458408e-15 -1.000000e+00
    outer loop
      vertex   -2.995295e+01 6.114109e+01 -4.732000e+00
      vertex   -2.489669e+01 6.280069e+01 -4.732000e+00
      vertex   -2.473869e+01 6.226258e+01 -4.732000e+00
    endloop
  endfacet
  facet normal -3.266959e-16 -6.498386e-17 -1.000000e+00
    outer loop
      vertex   -2.995295e+01 6.114109e+01 -4.732000e+00
      vertex   -2.473869e+01 6.226258e+01 -4.732000e+00
      vertex   -2.981259e+01 6.043548e+01 -4.732000e+00
    endloop
  endfacet
  facet normal -3.119631e-16 -1.058972e-16 -1.000000e+00
    outer loop
      vertex   -2.981259e+01 6.043548e+01 -4.732000e+00
      vertex   -2.473869e+01 6.226258e+01 -4.732000e+00
      vertex   -2.958134e+01 5.975423e+01 -4.732000e+00
    endloop
  endfacet
  facet normal -2.921814e-16 -1.440879e-16 -1.000000e+00
    outer loop
      vertex   -2.958134e+01 5.975423e+01 -4.732000e+00
      vertex   -2.473869e+01 6.226258e+01 -4.732000e+00
      vertex   -2.926314e+01 5.910898e+01 -4.732000e+00
    endloop
  endfacet
  facet normal -9.739337e-16 8.340201e-16 -1.000000e+00
    outer loop
      vertex   -2.926314e+01 5.910898e+01 -4.732000e+00
      vertex   -2.473869e+01 6.226258e+01 -4.732000e+00
      vertex   -2.886344e+01 5.851080e+01 -4.732000e+00
    endloop
  endfacet
  facet normal -1.465898e-16 -7.557230e-17 -1.000000e+00
    outer loop
      vertex   -2.886344e+01 5.851080e+01 -4.732000e+00
      vertex   -2.473869e+01 6.226258e+01 -4.732000e+00
      vertex   -2.448170e+01 6.176409e+01 -4.732000e+00
    endloop
  endfacet
  facet normal -1.227646e-16 -1.076616e-16 -1.000000e+00
    outer loop
      vertex   -2.886344e+01 5.851080e+01 -4.732000e+00
      vertex   -2.448170e+01 6.176409e+01 -4.732000e+00
      vertex   -2.838909e+01 5.796990e+01 -4.732000e+00
    endloop
  endfacet
  facet normal -1.078693e-16 -1.230013e-16 -1.000000e+00
    outer loop
      vertex   -2.838909e+01 5.796990e+01 -4.732000e+00
      vertex   -2.448170e+01 6.176409e+01 -4.732000e+00
      vertex   -2.784819e+01 5.749554e+01 -4.732000e+00
    endloop
  endfacet
  facet normal -1.063419e-15 6.306143e-16 -1.000000e+00
    outer loop
      vertex   -2.784819e+01 5.749554e+01 -4.732000e+00
      vertex   -2.448170e+01 6.176409e+01 -4.732000e+00
      vertex   -2.725000e+01 5.709584e+01 -4.732000e+00
    endloop
  endfacet
  facet normal 0.000000e+00 0.000000e+00 -1.000000e+00
    outer loop
      vertex   -2.725000e+01 5.709584e+01 -4.732000e+00
      vertex   -2.448170e+01 6.176409e+01 -4.732000e+00
      vertex   -2.413502e+01 6.132325e+01 -4.732000e+00
    endloop
  endfacet
  facet normal 0.000000e+00 0.000000e+00 -1.000000e+00
    outer loop
      vertex   -2.725000e+01 5.709584e+01 -4.732000e+00
      vertex   -2.413502e+01 6.132325e+01 -4.732000e+00
      vertex   -2.660476e+01 5.677765e+01 -4.732000e+00
    endloop
  endfacet
  facet normal 0.000000e+00 0.000000e+00 -1.000000e+00
    outer loop
      vertex   -2.660476e+01 5.677765e+01 -4.732000e+00
      vertex   -2.413502e+01 6.132325e+01 -4.732000e+00
      vertex   -2.592351e+01 5.654639e+01 -4.732000e+00
    endloop
  endfacet
  facet normal 0.000000e+00 0.000000e+00 -1.000000e+00
    outer loop
      vertex   -2.592351e+01 5.654639e+01 -4.732000e+00
      vertex   -2.413502e+01 6.132325e+01 -4.732000e+00
      vertex   -2.371117e+01 6.095598e+01 -4.732000e+00
    endloop
  endfacet
  facet normal 0.000000e+00 0.000000e+00 -1.000000e+00
    outer loop
      vertex   -2.592351e+01 5.654639e+01 -4.732000e+00
      vertex   -2.371117e+01 6.095598e+01 -4.732000e+00
      vertex   -2.521789e+01 5.640604e+01 -4.732000e+00
    endloop
  endfacet
  facet normal -9.687336e-15 3.207986e-15 -1.000000e+00
    outer loop
      vertex   -2.521789e+01 5.640604e+01 -4.732000e+00
      vertex   -2.371117e+01 6.095598e+01 -4.732000e+00
      vertex   -2.450000e+01 5.635898e+01 -4.732000e+00
    endloop
  endfacet
  facet normal 8.119494e-16 1.406338e-15 -1.000000e+00
    outer loop
      vertex   -2.450000e+01 5.635898e+01 -4.732000e+00
      vertex   -2.371117e+01 6.095598e+01 -4.732000e+00
      vertex   -2.322547e+01 6.067557e+01 -4.732000e+00
    endloop
  endfacet
  facet normal 5.168906e-16 1.493457e-15 -1.000000e+00
    outer loop
      vertex   -2.450000e+01 5.635898e+01 -4.732000e+00
      vertex   -2.322547e+01 6.067557e+01 -4.732000e+00
      vertex   -2.269549e+01 6.049214e+01 -4.732000e+00
    endloop
  endfacet
  facet normal 2.325741e-16 1.617588e-15 -1.000000e+00
    outer loop
      vertex   -2.269549e+01 6.049214e+01 -4.732000e+00
      vertex   -2.214037e+01 6.041233e+01 -4.732000e+00
      vertex   -2.450000e+01 5.635898e+01 -4.732000e+00
    endloop
  endfacet
  facet normal -8.588646e-17 1.802979e-15 -1.000000e+00
    outer loop
      vertex   -2.450000e+01 5.635898e+01 -4.732000e+00
      vertex   -2.214037e+01 6.041233e+01 -4.732000e+00
      vertex   -2.158017e+01 6.043901e+01 -4.732000e+00
    endloop
  endfacet
  facet normal 0.000000e+00 1.741515e-15 -1.000000e+00
    outer loop
      vertex   -2.450000e+01 5.635898e+01 -4.732000e+00
      vertex   -2.158017e+01 6.043901e+01 -4.732000e+00
      vertex   -1.700000e+01 5.635898e+01 -4.732000e+00
    endloop
  endfacet
  facet normal -3.320562e-16 1.368754e-15 -1.000000e+00
    outer loop
      vertex   -1.700000e+01 5.635898e+01 -4.732000e+00
      vertex   -2.158017e+01 6.043901e+01 -4.732000e+00
      vertex   -2.103515e+01 6.057123e+01 -4.732000e+00
    endloop
  endfacet
  facet normal -5.359074e-16 1.173473e-15 -1.000000e+00
    outer loop
      vertex   -1.700000e+01 5.635898e+01 -4.732000e+00
      vertex   -2.103515e+01 6.057123e+01 -4.732000e+00
      vertex   -2.052500e+01 6.080421e+01 -4.732000e+00
    endloop
  endfacet
  facet normal -7.274602e-16 1.021575e-15 -1.000000e+00
    outer loop
      vertex   -2.052500e+01 6.080421e+01 -4.732000e+00
      vertex   -2.006816e+01 6.112952e+01 -4.732000e+00
      vertex   -1.700000e+01 5.635898e+01 -4.732000e+00
    endloop
  endfacet
  facet normal -9.328551e-16 8.894756e-16 -1.000000e+00
    outer loop
      vertex   -1.700000e+01 5.635898e+01 -4.732000e+00
      vertex   -2.006816e+01 6.112952e+01 -4.732000e+00
      vertex   -1.968114e+01 6.153541e+01 -4.732000e+00
    endloop
  endfacet
  facet normal -1.182694e-15 7.600711e-16 -1.000000e+00
    outer loop
      vertex   -1.700000e+01 5.635898e+01 -4.732000e+00
      vertex   -1.968114e+01 6.153541e+01 -4.732000e+00
      vertex   -1.937794e+01 6.200722e+01 -4.732000e+00
    endloop
  endfacet
  facet normal 1.305325e-15 1.183306e-15 -1.000000e+00
    outer loop
      vertex   -1.916950e+01 6.252787e+01 -4.732000e+00
      vertex   -1.429680e+01 5.715272e+01 -4.732000e+00
      vertex   -1.937794e+01 6.200722e+01 -4.732000e+00
    endloop
  endfacet
  facet normal 9.662066e-16 8.283557e-16 -1.000000e+00
    outer loop
      vertex   -1.937794e+01 6.200722e+01 -4.732000e+00
      vertex   -1.429680e+01 5.715272e+01 -4.732000e+00
      vertex   -1.492292e+01 5.681082e+01 -4.732000e+00
    endloop
  endfacet
  facet normal 0.000000e+00 0.000000e+00 -1.000000e+00
    outer loop
      vertex   -1.937794e+01 6.200722e+01 -4.732000e+00
      vertex   -1.492292e+01 5.681082e+01 -4.732000e+00
      vertex   -1.559134e+01 5.656152e+01 -4.732000e+00
    endloop
  endfacet
  facet normal -1.106680e-15 2.132951e-16 -1.000000e+00
    outer loop
      vertex   -1.906336e+01 6.307857e+01 -4.732000e+00
      vertex   -1.200000e+01 6.225000e+01 -4.732000e+00
      vertex   -1.916950e+01 6.252787e+01 -4.732000e+00
    endloop
  endfacet
  facet normal -1.114947e-15 0.000000e+00 -1.000000e+00
    outer loop
      vertex   -1.916950e+01 6.252787e+01 -4.732000e+00
      vertex   -1.200000e+01 6.225000e+01 -4.732000e+00
      vertex   -1.200000e+01 6.135898e+01 -4.732000e+00
    endloop
  endfacet
  facet normal -3.113641e-15 -1.225919e-14 -1.000000e+00
    outer loop
      vertex   -1.916950e+01 6.252787e+01 -4.732000e+00
      vertex   -1.200000e+01 6.135898e+01 -4.732000e+00
      vertex   -1.205089e+01 6.064741e+01 -4.732000e+00
    endloop
  endfacet
  facet normal 0.000000e+00 -0.000000e+00 -1.000000e+00
    outer loop
      vertex   -1.906336e+01 6.363940e+01 -4.732000e+00
      vertex   -1.429680e+01 6.645627e+01 -4.732000e+00
      vertex   -1.906336e+01 6.307857e+01 -4.732000e+00
    endloop
  endfacet
  facet normal 0.000000e+00 0.000000e+00 -1.000000e+00
    outer loop
      vertex   -1.906336e+01 6.307857e+01 -4.732000e+00
      vertex   -1.429680e+01 6.645627e+01 -4.732000e+00
      vertex   -1.372570e+01 6.602875e+01 -4.732000e+00
    endloop
  endfacet
  facet normal 0.000000e+00 0.000000e+00 -1.000000e+00
    outer loop
      vertex   -1.906336e+01 6.307857e+01 -4.732000e+00
      vertex   -1.372570e+01 6.602875e+01 -4.732000e+00
      vertex   -1.322125e+01 6.552430e+01 -4.732000e+00
    endloop
  endfacet
  facet normal 2.566241e-16 4.946024e-17 -1.000000e+00
    outer loop
      vertex   -1.916950e+01 6.419009e+01 -4.732000e+00
      vertex   -1.628843e+01 6.719911e+01 -4.732000e+00
      vertex   -1.906336e+01 6.363940e+01 -4.732000e+00
    endloop
  endfacet
  facet normal 4.640759e-17 2.133322e-16 -1.000000e+00
    outer loop
      vertex   -1.906336e+01 6.363940e+01 -4.732000e+00
      vertex   -1.628843e+01 6.719911e+01 -4.732000e+00
      vertex   -1.559134e+01 6.704746e+01 -4.732000e+00
    endloop
  endfacet
  facet normal 7.043781e-17 1.888511e-16 -1.000000e+00
    outer loop
      vertex   -1.906336e+01 6.363940e+01 -4.732000e+00
      vertex   -1.559134e+01 6.704746e+01 -4.732000e+00
      vertex   -1.492292e+01 6.679816e+01 -4.732000e+00
    endloop
  endfacet
  facet normal 9.365278e-15 -8.671896e-15 -1.000000e+00
    outer loop
      vertex   -1.628843e+01 6.719911e+01 -4.732000e+00
      vertex   -1.916950e+01 6.419009e+01 -4.732000e+00
      vertex   -1.700000e+01 6.725000e+01 -4.732000e+00
    endloop
  endfacet
  facet normal -3.369300e-15 3.570153e-16 -1.000000e+00
    outer loop
      vertex   -1.700000e+01 6.725000e+01 -4.732000e+00
      vertex   -1.916950e+01 6.419009e+01 -4.732000e+00
      vertex   -1.937794e+01 6.471075e+01 -4.732000e+00
    endloop
  endfacet
  facet normal -0.000000e+00 -2.798241e-15 -1.000000e+00
    outer loop
      vertex   -1.700000e+01 6.725000e+01 -4.732000e+00
      vertex   -1.937794e+01 6.471075e+01 -4.732000e+00
      vertex   -1.850000e+01 6.725000e+01 -4.732000e+00
    endloop
  endfacet
  facet normal -2.831061e-15 -1.819412e-15 -1.000000e+00
    outer loop
      vertex   -1.850000e+01 6.725000e+01 -4.732000e+00
      vertex   -1.937794e+01 6.471075e+01 -4.732000e+00
      vertex   -1.968114e+01 6.518255e+01 -4.732000e+00
    endloop
  endfacet
  facet normal -7.372398e-15 7.750774e-16 -1.000000e+00
    outer loop
      vertex   -1.850000e+01 6.725000e+01 -4.732000e+00
      vertex   -1.968114e+01 6.518255e+01 -4.732000e+00
      vertex   -1.921789e+01 6.729705e+01 -4.732000e+00
    endloop
  endfacet
  facet normal -7.164401e-16 -6.831242e-16 -1.000000e+00
    outer loop
      vertex   -1.921789e+01 6.729705e+01 -4.732000e+00
      vertex   -1.968114e+01 6.518255e+01 -4.732000e+00
      vertex   -2.006816e+01 6.558845e+01 -4.732000e+00
    endloop
  endfacet
  facet normal -1.881730e-16 -9.460095e-16 -1.000000e+00
    outer loop
      vertex   -1.921789e+01 6.729705e+01 -4.732000e+00
      vertex   -2.006816e+01 6.558845e+01 -4.732000e+00
      vertex   -1.992350e+01 6.743741e+01 -4.732000e+00
    endloop
  endfacet
  facet normal -6.480308e-16 -9.100319e-16 -1.000000e+00
    outer loop
      vertex   -1.992350e+01 6.743741e+01 -4.732000e+00
      vertex   -2.006816e+01 6.558845e+01 -4.732000e+00
      vertex   -2.052500e+01 6.591376e+01 -4.732000e+00
    endloop
  endfacet
  facet normal -3.489881e-16 -1.028086e-15 -1.000000e+00
    outer loop
      vertex   -1.992350e+01 6.743741e+01 -4.732000e+00
      vertex   -2.052500e+01 6.591376e+01 -4.732000e+00
      vertex   -2.060476e+01 6.766866e+01 -4.732000e+00
    endloop
  endfacet
  facet normal -4.720657e-16 -1.033680e-15 -1.000000e+00
    outer loop
      vertex   -2.060476e+01 6.766866e+01 -4.732000e+00
      vertex   -2.052500e+01 6.591376e+01 -4.732000e+00
      vertex   -2.103515e+01 6.614674e+01 -4.732000e+00
    endloop
  endfacet
  facet normal -2.649754e-16 -1.092243e-15 -1.000000e+00
    outer loop
      vertex   -2.060476e+01 6.766866e+01 -4.732000e+00
      vertex   -2.103515e+01 6.614674e+01 -4.732000e+00
      vertex   -2.158017e+01 6.627896e+01 -4.732000e+00
    endloop
  endfacet
  facet normal -4.682687e-16 -9.495550e-16 -1.000000e+00
    outer loop
      vertex   -2.060476e+01 6.766866e+01 -4.732000e+00
      vertex   -2.158017e+01 6.627896e+01 -4.732000e+00
      vertex   -2.125000e+01 6.798686e+01 -4.732000e+00
    endloop
  endfacet
  facet normal -4.909305e-17 -1.030590e-15 -1.000000e+00
    outer loop
      vertex   -2.125000e+01 6.798686e+01 -4.732000e+00
      vertex   -2.158017e+01 6.627896e+01 -4.732000e+00
      vertex   -2.214037e+01 6.630564e+01 -4.732000e+00
    endloop
  endfacet
  facet normal -1.618162e-15 -1.996170e-16 -1.000000e+00
    outer loop
      vertex   -2.125000e+01 6.798686e+01 -4.732000e+00
      vertex   -2.214037e+01 6.630564e+01 -4.732000e+00
      vertex   -2.184819e+01 6.838656e+01 -4.732000e+00
    endloop
  endfacet
  facet normal 6.263203e-17 -4.356154e-16 -1.000000e+00
    outer loop
      vertex   -2.184819e+01 6.838656e+01 -4.732000e+00
      vertex   -2.214037e+01 6.630564e+01 -4.732000e+00
      vertex   -2.269549e+01 6.622583e+01 -4.732000e+00
    endloop
  endfacet
  facet normal -2.682395e-16 -3.058685e-16 -1.000000e+00
    outer loop
      vertex   -2.184819e+01 6.838656e+01 -4.732000e+00
      vertex   -2.269549e+01 6.622583e+01 -4.732000e+00
      vertex   -2.238909e+01 6.886091e+01 -4.732000e+00
    endloop
  endfacet
  facet normal 1.215488e-16 -3.511922e-16 -1.000000e+00
    outer loop
      vertex   -2.238909e+01 6.886091e+01 -4.732000e+00
      vertex   -2.269549e+01 6.622583e+01 -4.732000e+00
      vertex   -2.322547e+01 6.604240e+01 -4.732000e+00
    endloop
  endfacet
  facet normal -2.684813e-16 -2.354518e-16 -1.000000e+00
    outer loop
      vertex   -2.238909e+01 6.886091e+01 -4.732000e+00
      vertex   -2.322547e+01 6.604240e+01 -4.732000e+00
      vertex   -2.286344e+01 6.940181e+01 -4.732000e+00
    endloop
  endfacet
  facet normal 1.627701e-16 -2.819260e-16 -1.000000e+00
    outer loop
      vertex   -2.286344e+01 6.940181e+01 -4.732000e+00
      vertex   -2.322547e+01 6.604240e+01 -4.732000e+00
      vertex   -2.371117e+01 6.576198e+01 -4.732000e+00
    endloop
  endfacet
  facet normal -1.918583e-15 2.028258e-16 -1.000000e+00
    outer loop
      vertex   -2.286344e+01 6.940181e+01 -4.732000e+00
      vertex   -2.371117e+01 6.576198e+01 -4.732000e+00
      vertex   -2.326314e+01 7.000000e+01 -4.732000e+00
    endloop
  endfacet
  facet normal 0.000000e+00 0.000000e+00 -1.000000e+00
    outer loop
      vertex   -2.326314e+01 7.000000e+01 -4.732000e+00
      vertex   -2.371117e+01 6.576198e+01 -4.732000e+00
      vertex   -2.413502e+01 6.539472e+01 -4.732000e+00
    endloop
  endfacet
  facet normal -0.000000e+00 0.000000e+00 -1.000000e+00
    outer loop
      vertex   -2.326314e+01 7.000000e+01 -4.732000e+00
      vertex   -2.413502e+01 6.539472e+01 -4.732000e+00
      vertex   -2.358134e+01 7.064524e+01 -4.732000e+00
    endloop
  endfacet
  facet normal 0.000000e+00 0.000000e+00 -1.000000e+00
    outer loop
      vertex   -2.358134e+01 7.064524e+01 -4.732000e+00
      vertex   -2.413502e+01 6.539472e+01 -4.732000e+00
      vertex   -2.448170e+01 6.495387e+01 -4.732000e+00
    endloop
  endfacet
  facet normal -0.000000e+00 0.000000e+00 -1.000000e+00
    outer loop
      vertex   -2.358134e+01 7.064524e+01 -4.732000e+00
      vertex   -2.448170e+01 6.495387e+01 -4.732000e+00
      vertex   -2.381259e+01 7.132650e+01 -4.732000e+00
    endloop
  endfacet
  facet normal 5.278442e-16 -5.542204e-17 -1.000000e+00
    outer loop
      vertex   -2.381259e+01 7.132650e+01 -4.732000e+00
      vertex   -2.448170e+01 6.495387e+01 -4.732000e+00
      vertex   -3.000000e+01 7.650000e+01 -4.732000e+00
    endloop
  endfacet
  facet normal 1.151520e-15 2.426548e-16 -1.000000e+00
    outer loop
      vertex   -3.000000e+01 7.650000e+01 -4.732000e+00
      vertex   -2.448170e+01 6.495387e+01 -4.732000e+00
      vertex   -3.000000e+01 6.185898e+01 -4.732000e+00
    endloop
  endfacet
  facet normal 1.811326e-15 -9.338037e-16 -1.000000e+00
    outer loop
      vertex   -3.000000e+01 6.185898e+01 -4.732000e+00
      vertex   -2.448170e+01 6.495387e+01 -4.732000e+00
      vertex   -2.473869e+01 6.445539e+01 -4.732000e+00
    endloop
  endfacet
  facet normal 6.268035e-16 1.466496e-15 -1.000000e+00
    outer loop
      vertex   -3.000000e+01 6.185898e+01 -4.732000e+00
      vertex   -2.473869e+01 6.445539e+01 -4.732000e+00
      vertex   -2.489669e+01 6.391728e+01 -4.732000e+00
    endloop
  endfacet
  facet normal -1.041509e-14 -7.895443e-15 -1.000000e+00
    outer loop
      vertex   -3.278211e+01 1.165529e+02 -4.732000e+00
      vertex   -2.800000e+01 1.096823e+02 -4.732000e+00
      vertex   -3.350000e+01 1.166000e+02 -4.732000e+00
    endloop
  endfacet
  facet normal -3.114057e-17 3.604167e-16 -1.000000e+00
    outer loop
      vertex   -3.350000e+01 1.166000e+02 -4.732000e+00
      vertex   -2.800000e+01 1.096823e+02 -4.732000e+00
      vertex   -4.590000e+01 1.106000e+02 -4.732000e+00
    endloop
  endfacet
  facet normal -2.819614e-17 3.543315e-16 -1.000000e+00
    outer loop
      vertex   -3.350000e+01 1.166000e+02 -4.732000e+00
      vertex   -4.590000e+01 1.106000e+02 -4.732000e+00
      vertex   -6.500000e+01 1.166000e+02 -4.732000e+00
    endloop
  endfacet
  facet normal 0.000000e+00 4.440892e-16 -1.000000e+00
    outer loop
      vertex   -6.500000e+01 1.166000e+02 -4.732000e+00
      vertex   -4.590000e+01 1.106000e+02 -4.732000e+00
      vertex   -6.500000e+01 1.106000e+02 -4.732000e+00
    endloop
  endfacet
  facet normal 1.828744e-15 6.264829e-16 -1.000000e+00
    outer loop
      vertex   -2.800000e+01 1.096823e+02 -4.732000e+00
      vertex   -3.278211e+01 1.165529e+02 -4.732000e+00
      vertex   -2.800000e+01 1.111000e+02 -4.732000e+00
    endloop
  endfacet
  facet normal -2.354692e-16 -1.183784e-15 -1.000000e+00
    outer loop
      vertex   -2.800000e+01 1.111000e+02 -4.732000e+00
      vertex   -3.278211e+01 1.165529e+02 -4.732000e+00
      vertex   -3.207650e+01 1.164126e+02 -4.732000e+00
    endloop
  endfacet
  facet normal -4.604388e-16 -1.356409e-15 -1.000000e+00
    outer loop
      vertex   -2.800000e+01 1.111000e+02 -4.732000e+00
      vertex   -3.207650e+01 1.164126e+02 -4.732000e+00
      vertex   -3.139524e+01 1.161813e+02 -4.732000e+00
    endloop
  endfacet
  facet normal -7.713574e-16 -1.564158e-15 -1.000000e+00
    outer loop
      vertex   -3.139524e+01 1.161813e+02 -4.732000e+00
      vertex   -3.075000e+01 1.158631e+02 -4.732000e+00
      vertex   -2.800000e+01 1.111000e+02 -4.732000e+00
    endloop
  endfacet
  facet normal -3.634406e-15 -3.217140e-15 -1.000000e+00
    outer loop
      vertex   -2.800000e+01 1.111000e+02 -4.732000e+00
      vertex   -3.075000e+01 1.158631e+02 -4.732000e+00
      vertex   -3.015181e+01 1.154634e+02 -4.732000e+00
    endloop
  endfacet
  facet normal -2.201777e-15 -2.510645e-15 -1.000000e+00
    outer loop
      vertex   -2.800000e+01 1.111000e+02 -4.732000e+00
      vertex   -3.015181e+01 1.154634e+02 -4.732000e+00
      vertex   -2.961091e+01 1.149891e+02 -4.732000e+00
    endloop
  endfacet
  facet normal -3.454554e-15 -3.029563e-15 -1.000000e+00
    outer loop
      vertex   -2.961091e+01 1.149891e+02 -4.732000e+00
      vertex   -2.913656e+01 1.144482e+02 -4.732000e+00
      vertex   -2.800000e+01 1.111000e+02 -4.732000e+00
    endloop
  endfacet
  facet normal -1.016560e-14 -5.307657e-15 -1.000000e+00
    outer loop
      vertex   -2.800000e+01 1.111000e+02 -4.732000e+00
      vertex   -2.913656e+01 1.144482e+02 -4.732000e+00
      vertex   -2.873686e+01 1.138500e+02 -4.732000e+00
    endloop
  endfacet
  facet normal -1.147351e-14 -5.658110e-15 -1.000000e+00
    outer loop
      vertex   -2.800000e+01 1.111000e+02 -4.732000e+00
      vertex   -2.873686e+01 1.138500e+02 -4.732000e+00
      vertex   -2.841866e+01 1.132048e+02 -4.732000e+00
    endloop
  endfacet
  facet normal -2.402050e-14 -8.153861e-15 -1.000000e+00
    outer loop
      vertex   -2.841866e+01 1.132048e+02 -4.732000e+00
      vertex   -2.818741e+01 1.125235e+02 -4.732000e+00
      vertex   -2.800000e+01 1.111000e+02 -4.732000e+00
    endloop
  endfacet
  facet normal -7.421219e-14 -1.476172e-14 -1.000000e+00
    outer loop
      vertex   -2.800000e+01 1.111000e+02 -4.732000e+00
      vertex   -2.818741e+01 1.125235e+02 -4.732000e+00
      vertex   -2.804705e+01 1.118179e+02 -4.732000e+00
    endloop
  endfacet
  facet normal 3.762041e-14 1.617315e-15 -1.000000e+00
    outer loop
      vertex   -2.771770e+01 1.097030e+02 -4.732000e+00
      vertex   -2.757638e+01 1.097108e+02 -4.732000e+00
      vertex   -2.725885e+01 9.957892e+01 -4.732000e+00
    endloop
  endfacet
  facet normal -0.000000e+00 0.000000e+00 -1.000000e+00
    outer loop
      vertex   -2.642362e+01 1.097108e+02 -4.732000e+00
      vertex   -2.757638e+01 1.097108e+02 -4.732000e+00
      vertex   -2.640034e+01 1.101839e+02 -4.732000e+00
    endloop
  endfacet
  facet normal 0.000000e+00 0.000000e+00 -1.000000e+00
    outer loop
      vertex   -2.640034e+01 1.101839e+02 -4.732000e+00
      vertex   -2.757638e+01 1.097108e+02 -4.732000e+00
      vertex   -2.759966e+01 1.101839e+02 -4.732000e+00
    endloop
  endfacet
  facet normal 1.036663e-27 -2.916316e-14 -1.000000e+00
    outer loop
      vertex   -2.640034e+01 1.101839e+02 -4.732000e+00
      vertex   -2.759966e+01 1.101839e+02 -4.732000e+00
      vertex   -2.759973e+01 1.102144e+02 -4.732000e+00
    endloop
  endfacet
  facet normal -7.066526e-13 -3.059428e-14 -1.000000e+00
    outer loop
      vertex   -2.759973e+01 1.102144e+02 -4.732000e+00
      vertex   -2.759966e+01 1.101839e+02 -4.732000e+00
      vertex   -2.759969e+01 1.101844e+02 -4.732000e+00
    endloop
  endfacet
  facet normal 1.488002e-15 -7.653011e-17 -1.000000e+00
    outer loop
      vertex   -2.759636e+01 1.102798e+02 -4.732000e+00
      vertex   -2.640301e+01 1.102713e+02 -4.732000e+00
      vertex   -2.759973e+01 1.102144e+02 -4.732000e+00
    endloop
  endfacet
  facet normal 1.480992e-15 7.088481e-17 -1.000000e+00
    outer loop
      vertex   -2.759973e+01 1.102144e+02 -4.732000e+00
      vertex   -2.640301e+01 1.102713e+02 -4.732000e+00
      vertex   -2.640026e+01 1.102137e+02 -4.732000e+00
    endloop
  endfacet
  facet normal 1.496823e-15 2.978438e-14 -1.000000e+00
    outer loop
      vertex   -2.759973e+01 1.102144e+02 -4.732000e+00
      vertex   -2.640026e+01 1.102137e+02 -4.732000e+00
      vertex   -2.640034e+01 1.101839e+02 -4.732000e+00
    endloop
  endfacet
  facet normal -7.313228e-13 3.166237e-14 -1.000000e+00
    outer loop
      vertex   -2.640034e+01 1.101839e+02 -4.732000e+00
      vertex   -2.640026e+01 1.102137e+02 -4.732000e+00
      vertex   -2.640031e+01 1.101844e+02 -4.732000e+00
    endloop
  endfacet
  facet normal 1.487448e-15 -1.545609e-16 -1.000000e+00
    outer loop
      vertex   -2.759636e+01 1.102798e+02 -4.732000e+00
      vertex   -2.758633e+01 1.103763e+02 -4.732000e+00
      vertex   -2.640301e+01 1.102713e+02 -4.732000e+00
    endloop
  endfacet
  facet normal 1.515227e-15 1.584930e-16 -1.000000e+00
    outer loop
      vertex   -2.640301e+01 1.102713e+02 -4.732000e+00
      vertex   -2.758633e+01 1.103763e+02 -4.732000e+00
      vertex   -2.641513e+01 1.103871e+02 -4.732000e+00
    endloop
  endfacet
  facet normal 1.518883e-15 -2.374014e-16 -1.000000e+00
    outer loop
      vertex   -2.641513e+01 1.103871e+02 -4.732000e+00
      vertex   -2.758633e+01 1.103763e+02 -4.732000e+00
      vertex   -2.756651e+01 1.105031e+02 -4.732000e+00
    endloop
  endfacet
  facet normal 1.571604e-15 2.859645e-16 -1.000000e+00
    outer loop
      vertex   -2.641513e+01 1.103871e+02 -4.732000e+00
      vertex   -2.756651e+01 1.105031e+02 -4.732000e+00
      vertex   -2.645832e+01 1.106245e+02 -4.732000e+00
    endloop
  endfacet
  facet normal 1.003126e-15 5.475098e-15 -1.000000e+00
    outer loop
      vertex   -2.645832e+01 1.106245e+02 -4.732000e+00
      vertex   -2.756651e+01 1.105031e+02 -4.732000e+00
      vertex   -2.753378e+01 1.106593e+02 -4.732000e+00
    endloop
  endfacet
  facet normal 8.188618e-16 -2.160904e-16 -1.000000e+00
    outer loop
      vertex   -2.645832e+01 1.106245e+02 -4.732000e+00
      vertex   -2.753378e+01 1.106593e+02 -4.732000e+00
      vertex   -2.748502e+01 1.108441e+02 -4.732000e+00
    endloop
  endfacet
  facet normal 9.179555e-16 2.471712e-16 -1.000000e+00
    outer loop
      vertex   -2.645832e+01 1.106245e+02 -4.732000e+00
      vertex   -2.748502e+01 1.108441e+02 -4.732000e+00
      vertex   -2.653837e+01 1.109218e+02 -4.732000e+00
    endloop
  endfacet
  facet normal 1.315672e-15 -4.599984e-15 -1.000000e+00
    outer loop
      vertex   -2.653837e+01 1.109218e+02 -4.732000e+00
      vertex   -2.748502e+01 1.108441e+02 -4.732000e+00
      vertex   -2.741710e+01 1.110566e+02 -4.732000e+00
    endloop
  endfacet
  facet normal -6.557751e-16 -1.744786e-14 -1.000000e+00
    outer loop
      vertex   -2.653837e+01 1.109218e+02 -4.732000e+00
      vertex   -2.741710e+01 1.110566e+02 -4.732000e+00
      vertex   -2.710897e+01 1.112996e+02 -4.732000e+00
    endloop
  endfacet
  facet normal -2.882985e-14 1.828496e-14 -1.000000e+00
    outer loop
      vertex   -2.710897e+01 1.112996e+02 -4.732000e+00
      vertex   -2.741710e+01 1.110566e+02 -4.732000e+00
      vertex   -2.732689e+01 1.112960e+02 -4.732000e+00
    endloop
  endfacet
  facet normal -1.073071e-27 -1.645737e-14 -1.000000e+00
    outer loop
      vertex   -2.710897e+01 1.112996e+02 -4.732000e+00
      vertex   -2.689103e+01 1.112996e+02 -4.732000e+00
      vertex   -2.653837e+01 1.109218e+02 -4.732000e+00
    endloop
  endfacet
  facet normal 2.869953e-14 1.033350e-14 -1.000000e+00
    outer loop
      vertex   -2.653837e+01 1.109218e+02 -4.732000e+00
      vertex   -2.689103e+01 1.112996e+02 -4.732000e+00
      vertex   -2.667311e+01 1.112960e+02 -4.732000e+00
    endloop
  endfacet
  facet normal -7.645469e-18 -8.738811e-17 -1.000000e+00
    outer loop
      vertex   -2.612647e+01 1.096924e+02 -4.732000e+00
      vertex   -2.582989e+01 1.096665e+02 -4.732000e+00
      vertex   -2.691338e+01 9.959765e+01 -4.732000e+00
    endloop
  endfacet
  facet normal 1.778749e-14 -2.002293e-15 -1.000000e+00
    outer loop
      vertex   -2.691338e+01 9.959765e+01 -4.732000e+00
      vertex   -2.582989e+01 1.096665e+02 -4.732000e+00
      vertex   -2.553406e+01 1.096330e+02 -4.732000e+00
    endloop
  endfacet
  facet normal 0.000000e+00 0.000000e+00 -1.000000e+00
    outer loop
      vertex   -2.553406e+01 1.096330e+02 -4.732000e+00
      vertex   -2.547484e+01 1.101029e+02 -4.732000e+00
      vertex   -2.439881e+01 1.094328e+02 -4.732000e+00
    endloop
  endfacet
  facet normal 0.000000e+00 0.000000e+00 -1.000000e+00
    outer loop
      vertex   -2.439881e+01 1.094328e+02 -4.732000e+00
      vertex   -2.547484e+01 1.101029e+02 -4.732000e+00
      vertex   -2.429373e+01 1.098947e+02 -4.732000e+00
    endloop
  endfacet
  facet normal -1.012826e-14 -5.744023e-14 -1.000000e+00
    outer loop
      vertex   -2.429373e+01 1.098947e+02 -4.732000e+00
      vertex   -2.547484e+01 1.101029e+02 -4.732000e+00
      vertex   -2.546961e+01 1.101329e+02 -4.732000e+00
    endloop
  endfacet
  facet normal 1.443436e-15 -3.317634e-16 -1.000000e+00
    outer loop
      vertex   -2.429373e+01 1.098947e+02 -4.732000e+00
      vertex   -2.546961e+01 1.101329e+02 -4.732000e+00
      vertex   -2.545495e+01 1.101968e+02 -4.732000e+00
    endloop
  endfacet
  facet normal -1.402460e-12 1.851590e-13 -1.000000e+00
    outer loop
      vertex   -2.547484e+01 1.101029e+02 -4.732000e+00
      vertex   -2.547478e+01 1.101034e+02 -4.732000e+00
      vertex   -2.546961e+01 1.101329e+02 -4.732000e+00
    endloop
  endfacet
  facet normal 3.728866e-15 8.453633e-15 -1.000000e+00
    outer loop
      vertex   -2.545495e+01 1.101968e+02 -4.732000e+00
      vertex   -2.542831e+01 1.102901e+02 -4.732000e+00
      vertex   -2.429373e+01 1.098947e+02 -4.732000e+00
    endloop
  endfacet
  facet normal -9.189909e-15 -2.861669e-14 -1.000000e+00
    outer loop
      vertex   -2.429373e+01 1.098947e+02 -4.732000e+00
      vertex   -2.542831e+01 1.102901e+02 -4.732000e+00
      vertex   -2.428848e+01 1.099240e+02 -4.732000e+00
    endloop
  endfacet
  facet normal 7.147142e-13 -1.581742e-13 -1.000000e+00
    outer loop
      vertex   -2.429373e+01 1.098947e+02 -4.732000e+00
      vertex   -2.428848e+01 1.099240e+02 -4.732000e+00
      vertex   -2.429363e+01 1.098951e+02 -4.732000e+00
    endloop
  endfacet
  facet normal 0.000000e+00 -0.000000e+00 -1.000000e+00
    outer loop
      vertex   -2.538677e+01 1.104115e+02 -4.732000e+00
      vertex   -2.427302e+01 1.100973e+02 -4.732000e+00
      vertex   -2.542831e+01 1.102901e+02 -4.732000e+00
    endloop
  endfacet
  facet normal -1.260671e-15 -7.557058e-15 -1.000000e+00
    outer loop
      vertex   -2.542831e+01 1.102901e+02 -4.732000e+00
      vertex   -2.427302e+01 1.100973e+02 -4.732000e+00
      vertex   -2.428120e+01 1.099812e+02 -4.732000e+00
    endloop
  endfacet
  facet normal 4.794583e-15 1.492998e-14 -1.000000e+00
    outer loop
      vertex   -2.542831e+01 1.102901e+02 -4.732000e+00
      vertex   -2.428120e+01 1.099812e+02 -4.732000e+00
      vertex   -2.428848e+01 1.099240e+02 -4.732000e+00
    endloop
  endfacet
  facet normal 0.000000e+00 0.000000e+00 -1.000000e+00
    outer loop
      vertex   -2.538677e+01 1.104115e+02 -4.732000e+00
      vertex   -2.532741e+01 1.105597e+02 -4.732000e+00
      vertex   -2.427302e+01 1.100973e+02 -4.732000e+00
    endloop
  endfacet
  facet normal 0.000000e+00 0.000000e+00 -1.000000e+00
    outer loop
      vertex   -2.427302e+01 1.100973e+02 -4.732000e+00
      vertex   -2.532741e+01 1.105597e+02 -4.732000e+00
      vertex   -2.427433e+01 1.103386e+02 -4.732000e+00
    endloop
  endfacet
  facet normal 0.000000e+00 0.000000e+00 -1.000000e+00
    outer loop
      vertex   -2.427433e+01 1.103386e+02 -4.732000e+00
      vertex   -2.532741e+01 1.105597e+02 -4.732000e+00
      vertex   -2.524730e+01 1.107332e+02 -4.732000e+00
    endloop
  endfacet
  facet normal -1.218312e-15 -3.004272e-15 -1.000000e+00
    outer loop
      vertex   -2.427433e+01 1.103386e+02 -4.732000e+00
      vertex   -2.524730e+01 1.107332e+02 -4.732000e+00
      vertex   -2.430154e+01 1.106453e+02 -4.732000e+00
    endloop
  endfacet
  facet normal -8.953906e-16 4.705901e-16 -1.000000e+00
    outer loop
      vertex   -2.430154e+01 1.106453e+02 -4.732000e+00
      vertex   -2.524730e+01 1.107332e+02 -4.732000e+00
      vertex   -2.514350e+01 1.109307e+02 -4.732000e+00
    endloop
  endfacet
  facet normal -5.616309e-15 -1.345776e-14 -1.000000e+00
    outer loop
      vertex   -2.430154e+01 1.106453e+02 -4.732000e+00
      vertex   -2.514350e+01 1.109307e+02 -4.732000e+00
      vertex   -2.479787e+01 1.111164e+02 -4.732000e+00
    endloop
  endfacet
  facet normal -2.521671e-14 2.301342e-14 -1.000000e+00
    outer loop
      vertex   -2.479787e+01 1.111164e+02 -4.732000e+00
      vertex   -2.514350e+01 1.109307e+02 -4.732000e+00
      vertex   -2.501310e+01 1.111508e+02 -4.732000e+00
    endloop
  endfacet
  facet normal -1.633024e-15 -9.261338e-15 -1.000000e+00
    outer loop
      vertex   -2.479787e+01 1.111164e+02 -4.732000e+00
      vertex   -2.458324e+01 1.110786e+02 -4.732000e+00
      vertex   -2.430154e+01 1.106453e+02 -4.732000e+00
    endloop
  endfacet
  facet normal 2.667020e-14 9.140071e-15 -1.000000e+00
    outer loop
      vertex   -2.430154e+01 1.106453e+02 -4.732000e+00
      vertex   -2.458324e+01 1.110786e+02 -4.732000e+00
      vertex   -2.436925e+01 1.110372e+02 -4.732000e+00
    endloop
  endfacet
  facet normal -2.270592e-17 -8.473966e-17 -1.000000e+00
    outer loop
      vertex   -2.410938e+01 1.093631e+02 -4.732000e+00
      vertex   -2.382181e+01 1.092860e+02 -4.732000e+00
      vertex   -2.657195e+01 9.954168e+01 -4.732000e+00
    endloop
  endfacet
  facet normal -6.745004e-13 2.129403e-13 -1.000000e+00
    outer loop
      vertex   -2.339636e+01 1.096542e+02 -4.732000e+00
      vertex   -2.339621e+01 1.096547e+02 -4.732000e+00
      vertex   -2.338600e+01 1.096829e+02 -4.732000e+00
    endloop
  endfacet
  facet normal 6.658853e-16 -3.238009e-16 -1.000000e+00
    outer loop
      vertex   -2.336047e+01 1.097432e+02 -4.732000e+00
      vertex   -2.331804e+01 1.098304e+02 -4.732000e+00
      vertex   -2.226936e+01 1.092440e+02 -4.732000e+00
    endloop
  endfacet
  facet normal 8.406506e-11 1.503343e-10 -1.000000e+00
    outer loop
      vertex   -2.226936e+01 1.092440e+02 -4.732000e+00
      vertex   -2.331804e+01 1.098304e+02 -4.732000e+00
      vertex   -2.225909e+01 1.092720e+02 -4.732000e+00
    endloop
  endfacet
  facet normal -3.862184e-09 1.598115e-09 -1.000000e+00
    outer loop
      vertex   -2.226936e+01 1.092440e+02 -4.732000e+00
      vertex   -2.225909e+01 1.092720e+02 -4.732000e+00
      vertex   -2.226917e+01 1.092445e+02 -4.732000e+00
    endloop
  endfacet
  facet normal -3.253628e-11 -7.078424e-11 -1.000000e+00
    outer loop
      vertex   -2.225909e+01 1.092720e+02 -4.732000e+00
      vertex   -2.331804e+01 1.098304e+02 -4.732000e+00
      vertex   -2.224199e+01 1.093270e+02 -4.732000e+00
    endloop
  endfacet
  facet normal 4.592642e-13 -2.533544e-13 -1.000000e+00
    outer loop
      vertex   -2.224199e+01 1.093270e+02 -4.732000e+00
      vertex   -2.331804e+01 1.098304e+02 -4.732000e+00
      vertex   -2.325604e+01 1.099428e+02 -4.732000e+00
    endloop
  endfacet
  facet normal -2.369057e-12 -4.911066e-12 -1.000000e+00
    outer loop
      vertex   -2.224199e+01 1.093270e+02 -4.732000e+00
      vertex   -2.325604e+01 1.099428e+02 -4.732000e+00
      vertex   -2.221376e+01 1.094400e+02 -4.732000e+00
    endloop
  endfacet
  facet normal 0.000000e+00 0.000000e+00 -1.000000e+00
    outer loop
      vertex   -2.221376e+01 1.094400e+02 -4.732000e+00
      vertex   -2.325604e+01 1.099428e+02 -4.732000e+00
      vertex   -2.317186e+01 1.100784e+02 -4.732000e+00
    endloop
  endfacet
  facet normal 0.000000e+00 0.000000e+00 -1.000000e+00
    outer loop
      vertex   -2.221376e+01 1.094400e+02 -4.732000e+00
      vertex   -2.317186e+01 1.100784e+02 -4.732000e+00
      vertex   -2.217316e+01 1.096779e+02 -4.732000e+00
    endloop
  endfacet
  facet normal 0.000000e+00 0.000000e+00 -1.000000e+00
    outer loop
      vertex   -2.217316e+01 1.096779e+02 -4.732000e+00
      vertex   -2.317186e+01 1.100784e+02 -4.732000e+00
      vertex   -2.306283e+01 1.102354e+02 -4.732000e+00
    endloop
  endfacet
  facet normal 1.721490e-15 2.747072e-15 -1.000000e+00
    outer loop
      vertex   -2.217316e+01 1.096779e+02 -4.732000e+00
      vertex   -2.306283e+01 1.102354e+02 -4.732000e+00
      vertex   -2.214670e+01 1.099846e+02 -4.732000e+00
    endloop
  endfacet
  facet normal 1.937100e-15 3.534710e-15 -1.000000e+00
    outer loop
      vertex   -2.214670e+01 1.099846e+02 -4.732000e+00
      vertex   -2.306283e+01 1.102354e+02 -4.732000e+00
      vertex   -2.292632e+01 1.104119e+02 -4.732000e+00
    endloop
  endfacet
  facet normal -8.927819e-15 -1.629097e-14 -1.000000e+00
    outer loop
      vertex   -2.214670e+01 1.099846e+02 -4.732000e+00
      vertex   -2.292632e+01 1.104119e+02 -4.732000e+00
      vertex   -2.255369e+01 1.105348e+02 -4.732000e+00
    endloop
  endfacet
  facet normal -2.205681e-14 2.351334e-14 -1.000000e+00
    outer loop
      vertex   -2.255369e+01 1.105348e+02 -4.732000e+00
      vertex   -2.292632e+01 1.104119e+02 -4.732000e+00
      vertex   -2.275968e+01 1.106059e+02 -4.732000e+00
    endloop
  endfacet
  facet normal -4.824644e-15 -1.325560e-14 -1.000000e+00
    outer loop
      vertex   -2.255369e+01 1.105348e+02 -4.732000e+00
      vertex   -2.234888e+01 1.104602e+02 -4.732000e+00
      vertex   -2.214670e+01 1.099846e+02 -4.732000e+00
    endloop
  endfacet
  facet normal 2.614543e-14 -9.043303e-17 -1.000000e+00
    outer loop
      vertex   -2.214670e+01 1.099846e+02 -4.732000e+00
      vertex   -2.234888e+01 1.104602e+02 -4.732000e+00
      vertex   -2.214533e+01 1.103823e+02 -4.732000e+00
    endloop
  endfacet
  facet normal -1.642591e-14 7.113013e-15 -1.000000e+00
    outer loop
      vertex   -2.245304e+01 1.088074e+02 -4.732000e+00
      vertex   -2.218011e+01 1.086885e+02 -4.732000e+00
      vertex   -2.625055e+01 9.941362e+01 -4.732000e+00
    endloop
  endfacet
  facet normal -3.706843e-17 -7.949351e-17 -1.000000e+00
    outer loop
      vertex   -2.625055e+01 9.941362e+01 -4.732000e+00
      vertex   -2.218011e+01 1.086885e+02 -4.732000e+00
      vertex   -2.191029e+01 1.085627e+02 -4.732000e+00
    endloop
  endfacet
  facet normal 0.000000e+00 0.000000e+00 -1.000000e+00
    outer loop
      vertex   -2.142737e+01 1.088514e+02 -4.732000e+00
      vertex   -2.142715e+01 1.088518e+02 -4.732000e+00
      vertex   -2.140921e+01 1.088827e+02 -4.732000e+00
    endloop
  endfacet
  facet normal -9.228397e-15 -1.071730e-14 -1.000000e+00
    outer loop
      vertex   -2.137492e+01 1.089352e+02 -4.732000e+00
      vertex   -2.130008e+01 1.090365e+02 -4.732000e+00
      vertex   -2.038872e+01 1.082517e+02 -4.732000e+00
    endloop
  endfacet
  facet normal -1.943852e-14 -2.257471e-14 -1.000000e+00
    outer loop
      vertex   -2.038872e+01 1.082517e+02 -4.732000e+00
      vertex   -2.130008e+01 1.090365e+02 -4.732000e+00
      vertex   -2.037350e+01 1.082780e+02 -4.732000e+00
    endloop
  endfacet
  facet normal 3.955934e-11 -2.298558e-11 -1.000000e+00
    outer loop
      vertex   -2.038872e+01 1.082517e+02 -4.732000e+00
      vertex   -2.037350e+01 1.082780e+02 -4.732000e+00
      vertex   -2.038846e+01 1.082521e+02 -4.732000e+00
    endloop
  endfacet
  facet normal 1.857097e-15 3.024038e-15 -1.000000e+00
    outer loop
      vertex   -2.113415e+01 1.092283e+02 -4.732000e+00
      vertex   -2.030413e+01 1.084249e+02 -4.732000e+00
      vertex   -2.130008e+01 1.090365e+02 -4.732000e+00
    endloop
  endfacet
  facet normal 4.830942e-15 7.866553e-15 -1.000000e+00
    outer loop
      vertex   -2.130008e+01 1.090365e+02 -4.732000e+00
      vertex   -2.030413e+01 1.084249e+02 -4.732000e+00
      vertex   -2.034372e+01 1.083363e+02 -4.732000e+00
    endloop
  endfacet
  facet normal -6.758800e-16 3.453034e-16 -1.000000e+00
    outer loop
      vertex   -2.130008e+01 1.090365e+02 -4.732000e+00
      vertex   -2.034372e+01 1.083363e+02 -4.732000e+00
      vertex   -2.037350e+01 1.082780e+02 -4.732000e+00
    endloop
  endfacet
  facet normal 0.000000e+00 -0.000000e+00 -1.000000e+00
    outer loop
      vertex   -2.092193e+01 1.094369e+02 -4.732000e+00
      vertex   -2.020811e+01 1.086963e+02 -4.732000e+00
      vertex   -2.113415e+01 1.092283e+02 -4.732000e+00
    endloop
  endfacet
  facet normal 0.000000e+00 0.000000e+00 -1.000000e+00
    outer loop
      vertex   -2.113415e+01 1.092283e+02 -4.732000e+00
      vertex   -2.020811e+01 1.086963e+02 -4.732000e+00
      vertex   -2.025789e+01 1.085446e+02 -4.732000e+00
    endloop
  endfacet
  facet normal 4.447748e-15 5.700418e-15 -1.000000e+00
    outer loop
      vertex   -2.113415e+01 1.092283e+02 -4.732000e+00
      vertex   -2.025789e+01 1.085446e+02 -4.732000e+00
      vertex   -2.030413e+01 1.084249e+02 -4.732000e+00
    endloop
  endfacet
  facet normal -1.684392e-14 2.002679e-14 -1.000000e+00
    outer loop
      vertex   -2.063511e+01 1.096781e+02 -4.732000e+00
      vertex   -2.044460e+01 1.095722e+02 -4.732000e+00
      vertex   -2.092193e+01 1.094369e+02 -4.732000e+00
    endloop
  endfacet
  facet normal -8.034323e-15 -1.103693e-14 -1.000000e+00
    outer loop
      vertex   -2.092193e+01 1.094369e+02 -4.732000e+00
      vertex   -2.044460e+01 1.095722e+02 -4.732000e+00
      vertex   -2.015793e+01 1.088807e+02 -4.732000e+00
    endloop
  endfacet
  facet normal 0.000000e+00 0.000000e+00 -1.000000e+00
    outer loop
      vertex   -2.092193e+01 1.094369e+02 -4.732000e+00
      vertex   -2.015793e+01 1.088807e+02 -4.732000e+00
      vertex   -2.020811e+01 1.086963e+02 -4.732000e+00
    endloop
  endfacet
  facet normal 1.219092e-14 -2.652671e-15 -1.000000e+00
    outer loop
      vertex   -2.015793e+01 1.088807e+02 -4.732000e+00
      vertex   -2.044460e+01 1.095722e+02 -4.732000e+00
      vertex   -2.011049e+01 1.090988e+02 -4.732000e+00
    endloop
  endfacet
  facet normal -1.096559e-14 -1.899296e-14 -1.000000e+00
    outer loop
      vertex   -2.011049e+01 1.090988e+02 -4.732000e+00
      vertex   -2.044460e+01 1.095722e+02 -4.732000e+00
      vertex   -2.025585e+01 1.094633e+02 -4.732000e+00
    endloop
  endfacet
  facet normal 2.594595e-14 -4.273100e-15 -1.000000e+00
    outer loop
      vertex   -2.011049e+01 1.090988e+02 -4.732000e+00
      vertex   -2.025585e+01 1.094633e+02 -4.732000e+00
      vertex   -2.006891e+01 1.093512e+02 -4.732000e+00
    endloop
  endfacet
  facet normal -1.251362e-14 8.119965e-15 -1.000000e+00
    outer loop
      vertex   -2.064543e+01 1.078537e+02 -4.732000e+00
      vertex   -2.039730e+01 1.076892e+02 -4.732000e+00
      vertex   -2.596418e+01 9.921946e+01 -4.732000e+00
    endloop
  endfacet
  facet normal -5.028503e-17 -7.181446e-17 -1.000000e+00
    outer loop
      vertex   -2.596418e+01 9.921946e+01 -4.732000e+00
      vertex   -2.039730e+01 1.076892e+02 -4.732000e+00
      vertex   -2.015342e+01 1.075184e+02 -4.732000e+00
    endloop
  endfacet
  facet normal -3.075887e-11 2.595587e-11 -1.000000e+00
    outer loop
      vertex   -1.962770e+01 1.077189e+02 -4.732000e+00
      vertex   -1.962741e+01 1.077193e+02 -4.732000e+00
      vertex   -1.960438e+01 1.077465e+02 -4.732000e+00
    endloop
  endfacet
  facet normal -5.101873e-16 5.367923e-16 -1.000000e+00
    outer loop
      vertex   -1.956150e+01 1.077923e+02 -4.732000e+00
      vertex   -1.947021e+01 1.078790e+02 -4.732000e+00
      vertex   -1.870896e+01 1.069480e+02 -4.732000e+00
    endloop
  endfacet
  facet normal 2.248871e-14 1.934046e-14 -1.000000e+00
    outer loop
      vertex   -1.870896e+01 1.069480e+02 -4.732000e+00
      vertex   -1.947021e+01 1.078790e+02 -4.732000e+00
      vertex   -1.868942e+01 1.069712e+02 -4.732000e+00
    endloop
  endfacet
  facet normal 3.391690e-11 -2.854430e-11 -1.000000e+00
    outer loop
      vertex   -1.870896e+01 1.069480e+02 -4.732000e+00
      vertex   -1.868942e+01 1.069712e+02 -4.732000e+00
      vertex   -1.870864e+01 1.069483e+02 -4.732000e+00
    endloop
  endfacet
  facet normal -1.867954e-15 -3.252920e-15 -1.000000e+00
    outer loop
      vertex   -1.927349e+01 1.080391e+02 -4.732000e+00
      vertex   -1.859560e+01 1.071038e+02 -4.732000e+00
      vertex   -1.947021e+01 1.078790e+02 -4.732000e+00
    endloop
  endfacet
  facet normal 6.758445e-15 6.478759e-15 -1.000000e+00
    outer loop
      vertex   -1.947021e+01 1.078790e+02 -4.732000e+00
      vertex   -1.859560e+01 1.071038e+02 -4.732000e+00
      vertex   -1.864996e+01 1.070234e+02 -4.732000e+00
    endloop
  endfacet
  facet normal 0.000000e+00 0.000000e+00 -1.000000e+00
    outer loop
      vertex   -1.947021e+01 1.078790e+02 -4.732000e+00
      vertex   -1.864996e+01 1.070234e+02 -4.732000e+00
      vertex   -1.868942e+01 1.069712e+02 -4.732000e+00
    endloop
  endfacet
  facet normal 0.000000e+00 -0.000000e+00 -1.000000e+00
    outer loop
      vertex   -1.902827e+01 1.082077e+02 -4.732000e+00
      vertex   -1.845391e+01 1.073544e+02 -4.732000e+00
      vertex   -1.927349e+01 1.080391e+02 -4.732000e+00
    endloop
  endfacet
  facet normal 0.000000e+00 0.000000e+00 -1.000000e+00
    outer loop
      vertex   -1.927349e+01 1.080391e+02 -4.732000e+00
      vertex   -1.845391e+01 1.073544e+02 -4.732000e+00
      vertex   -1.852927e+01 1.072136e+02 -4.732000e+00
    endloop
  endfacet
  facet normal -1.074009e-14 -9.682945e-15 -1.000000e+00
    outer loop
      vertex   -1.927349e+01 1.080391e+02 -4.732000e+00
      vertex   -1.852927e+01 1.072136e+02 -4.732000e+00
      vertex   -1.859560e+01 1.071038e+02 -4.732000e+00
    endloop
  endfacet
  facet normal -1.151215e-14 2.461684e-14 -1.000000e+00
    outer loop
      vertex   -1.870392e+01 1.083954e+02 -4.732000e+00
      vertex   -1.853469e+01 1.082581e+02 -4.732000e+00
      vertex   -1.902827e+01 1.082077e+02 -4.732000e+00
    endloop
  endfacet
  facet normal -8.190670e-15 -7.895088e-15 -1.000000e+00
    outer loop
      vertex   -1.902827e+01 1.082077e+02 -4.732000e+00
      vertex   -1.853469e+01 1.082581e+02 -4.732000e+00
      vertex   -1.837246e+01 1.075273e+02 -4.732000e+00
    endloop
  endfacet
  facet normal 0.000000e+00 0.000000e+00 -1.000000e+00
    outer loop
      vertex   -1.902827e+01 1.082077e+02 -4.732000e+00
      vertex   -1.837246e+01 1.075273e+02 -4.732000e+00
      vertex   -1.845391e+01 1.073544e+02 -4.732000e+00
    endloop
  endfacet
  facet normal 9.620903e-15 -3.941086e-15 -1.000000e+00
    outer loop
      vertex   -1.837246e+01 1.075273e+02 -4.732000e+00
      vertex   -1.853469e+01 1.082581e+02 -4.732000e+00
      vertex   -1.828788e+01 1.077338e+02 -4.732000e+00
    endloop
  endfacet
  facet normal -1.174758e-14 -1.400022e-14 -1.000000e+00
    outer loop
      vertex   -1.828788e+01 1.077338e+02 -4.732000e+00
      vertex   -1.853469e+01 1.082581e+02 -4.732000e+00
      vertex   -1.836773e+01 1.081180e+02 -4.732000e+00
    endloop
  endfacet
  facet normal 2.725600e-14 -5.893500e-15 -1.000000e+00
    outer loop
      vertex   -1.828788e+01 1.077338e+02 -4.732000e+00
      vertex   -1.836773e+01 1.081180e+02 -4.732000e+00
      vertex   -1.820309e+01 1.079752e+02 -4.732000e+00
    endloop
  endfacet
  facet normal -1.092069e-14 1.016200e-14 -1.000000e+00
    outer loop
      vertex   -1.903089e+01 1.066005e+02 -4.732000e+00
      vertex   -1.881510e+01 1.063954e+02 -4.732000e+00
      vertex   -2.572625e+01 9.896828e+01 -4.732000e+00
    endloop
  endfacet
  facet normal 0.000000e+00 0.000000e+00 -1.000000e+00
    outer loop
      vertex   -2.572625e+01 9.896828e+01 -4.732000e+00
      vertex   -1.881510e+01 1.063954e+02 -4.732000e+00
      vertex   -1.860458e+01 1.061849e+02 -4.732000e+00
    endloop
  endfacet
  facet normal 1.062264e-14 -1.048287e-14 -1.000000e+00
    outer loop
      vertex   -2.572625e+01 9.896828e+01 -4.732000e+00
      vertex   -1.860458e+01 1.061849e+02 -4.732000e+00
      vertex   -1.839948e+01 1.059691e+02 -4.732000e+00
    endloop
  endfacet
  facet normal 0.000000e+00 0.000000e+00 -1.000000e+00
    outer loop
      vertex   -1.839948e+01 1.059691e+02 -4.732000e+00
      vertex   -1.805204e+01 1.062910e+02 -4.732000e+00
      vertex   -1.765850e+01 1.050860e+02 -4.732000e+00
    endloop
  endfacet
  facet normal 0.000000e+00 0.000000e+00 -1.000000e+00
    outer loop
      vertex   -1.765850e+01 1.050860e+02 -4.732000e+00
      vertex   -1.805204e+01 1.062910e+02 -4.732000e+00
      vertex   -1.728112e+01 1.053723e+02 -4.732000e+00
    endloop
  endfacet
  facet normal -1.880138e-14 -1.577623e-14 -1.000000e+00
    outer loop
      vertex   -1.728112e+01 1.053723e+02 -4.732000e+00
      vertex   -1.805204e+01 1.062910e+02 -4.732000e+00
      vertex   -1.802427e+01 1.063142e+02 -4.732000e+00
    endloop
  endfacet
  facet normal 1.157057e-14 8.185652e-15 -1.000000e+00
    outer loop
      vertex   -1.728112e+01 1.053723e+02 -4.732000e+00
      vertex   -1.802427e+01 1.063142e+02 -4.732000e+00
      vertex   -1.797410e+01 1.063518e+02 -4.732000e+00
    endloop
  endfacet
  facet normal -3.648937e-13 3.985040e-13 -1.000000e+00
    outer loop
      vertex   -1.805204e+01 1.062910e+02 -4.732000e+00
      vertex   -1.805169e+01 1.062914e+02 -4.732000e+00
      vertex   -1.802427e+01 1.063142e+02 -4.732000e+00
    endloop
  endfacet
  facet normal -5.759470e-15 -4.074563e-15 -1.000000e+00
    outer loop
      vertex   -1.797410e+01 1.063518e+02 -4.732000e+00
      vertex   -1.786912e+01 1.064214e+02 -4.732000e+00
      vertex   -1.728112e+01 1.053723e+02 -4.732000e+00
    endloop
  endfacet
  facet normal -2.550548e-14 -1.514150e-14 -1.000000e+00
    outer loop
      vertex   -1.728112e+01 1.053723e+02 -4.732000e+00
      vertex   -1.786912e+01 1.064214e+02 -4.732000e+00
      vertex   -1.725785e+01 1.053917e+02 -4.732000e+00
    endloop
  endfacet
  facet normal 4.335657e-13 -5.646063e-13 -1.000000e+00
    outer loop
      vertex   -1.728112e+01 1.053723e+02 -4.732000e+00
      vertex   -1.725785e+01 1.053917e+02 -4.732000e+00
      vertex   -1.728074e+01 1.053726e+02 -4.732000e+00
    endloop
  endfacet
  facet normal 5.558764e-15 4.413002e-15 -1.000000e+00
    outer loop
      vertex   -1.764760e+01 1.065449e+02 -4.732000e+00
      vertex   -1.714243e+01 1.055061e+02 -4.732000e+00
      vertex   -1.786912e+01 1.064214e+02 -4.732000e+00
    endloop
  endfacet
  facet normal -7.230118e-15 -5.739861e-15 -1.000000e+00
    outer loop
      vertex   -1.786912e+01 1.064214e+02 -4.732000e+00
      vertex   -1.714243e+01 1.055061e+02 -4.732000e+00
      vertex   -1.720992e+01 1.054363e+02 -4.732000e+00
    endloop
  endfacet
  facet normal 1.193856e-14 7.087406e-15 -1.000000e+00
    outer loop
      vertex   -1.786912e+01 1.064214e+02 -4.732000e+00
      vertex   -1.720992e+01 1.054363e+02 -4.732000e+00
      vertex   -1.725785e+01 1.053917e+02 -4.732000e+00
    endloop
  endfacet
  facet normal -1.074384e-15 2.357287e-15 -1.000000e+00
    outer loop
      vertex   -1.737684e+01 1.066683e+02 -4.732000e+00
      vertex   -1.695937e+01 1.057282e+02 -4.732000e+00
      vertex   -1.764760e+01 1.065449e+02 -4.732000e+00
    endloop
  endfacet
  facet normal -6.348085e-15 -2.087015e-15 -1.000000e+00
    outer loop
      vertex   -1.764760e+01 1.065449e+02 -4.732000e+00
      vertex   -1.695937e+01 1.057282e+02 -4.732000e+00
      vertex   -1.705802e+01 1.056027e+02 -4.732000e+00
    endloop
  endfacet
  facet normal -1.257996e-15 1.098183e-15 -1.000000e+00
    outer loop
      vertex   -1.764760e+01 1.065449e+02 -4.732000e+00
      vertex   -1.705802e+01 1.056027e+02 -4.732000e+00
      vertex   -1.714243e+01 1.055061e+02 -4.732000e+00
    endloop
  endfacet
  facet normal -8.978541e-15 2.457999e-14 -1.000000e+00
    outer loop
      vertex   -1.702481e+01 1.067969e+02 -4.732000e+00
      vertex   -1.688200e+01 1.066323e+02 -4.732000e+00
      vertex   -1.737684e+01 1.066683e+02 -4.732000e+00
    endloop
  endfacet
  facet normal -1.157711e-14 -1.108885e-14 -1.000000e+00
    outer loop
      vertex   -1.737684e+01 1.066683e+02 -4.732000e+00
      vertex   -1.688200e+01 1.066323e+02 -4.732000e+00
      vertex   -1.672998e+01 1.060731e+02 -4.732000e+00
    endloop
  endfacet
  facet normal -8.683717e-16 5.484499e-16 -1.000000e+00
    outer loop
      vertex   -1.737684e+01 1.066683e+02 -4.732000e+00
      vertex   -1.672998e+01 1.060731e+02 -4.732000e+00
      vertex   -1.684913e+01 1.058844e+02 -4.732000e+00
    endloop
  endfacet
  facet normal -1.400022e-14 -1.174758e-14 -1.000000e+00
    outer loop
      vertex   -1.688200e+01 1.066323e+02 -4.732000e+00
      vertex   -1.674190e+01 1.064653e+02 -4.732000e+00
      vertex   -1.672998e+01 1.060731e+02 -4.732000e+00
    endloop
  endfacet
  facet normal 1.238103e-14 -1.094548e-14 -1.000000e+00
    outer loop
      vertex   -1.672998e+01 1.060731e+02 -4.732000e+00
      vertex   -1.674190e+01 1.064653e+02 -4.732000e+00
      vertex   -1.660456e+01 1.062961e+02 -4.732000e+00
    endloop
  endfacet
  facet normal 7.426805e-15 6.132519e-15 -1.000000e+00
    outer loop
      vertex   -1.684913e+01 1.058844e+02 -4.732000e+00
      vertex   -1.695937e+01 1.057282e+02 -4.732000e+00
      vertex   -1.737684e+01 1.066683e+02 -4.732000e+00
    endloop
  endfacet
  facet normal 0.000000e+00 -0.000000e+00 -1.000000e+00
    outer loop
      vertex   -1.748160e+01 1.048466e+02 -4.732000e+00
      vertex   -1.731083e+01 1.046027e+02 -4.732000e+00
      vertex   -2.554788e+01 9.867182e+01 -4.732000e+00
    endloop
  endfacet
  facet normal 8.722486e-15 -1.211414e-14 -1.000000e+00
    outer loop
      vertex   -2.554788e+01 9.867182e+01 -4.732000e+00
      vertex   -1.731083e+01 1.046027e+02 -4.732000e+00
      vertex   -1.714632e+01 1.043546e+02 -4.732000e+00
    endloop
  endfacet
  facet normal -5.263392e-17 8.592845e-16 -1.000000e+00
    outer loop
      vertex   -2.554788e+01 9.867182e+01 -4.732000e+00
      vertex   -1.714632e+01 1.043546e+02 -4.732000e+00
      vertex   -1.656994e+01 1.033563e+02 -4.732000e+00
    endloop
  endfacet
  facet normal -4.180804e-16 6.482939e-16 -1.000000e+00
    outer loop
      vertex   -1.656994e+01 1.033563e+02 -4.732000e+00
      vertex   -1.714632e+01 1.043546e+02 -4.732000e+00
      vertex   -1.674826e+01 1.046113e+02 -4.732000e+00
    endloop
  endfacet
  facet normal -3.387156e-16 6.595702e-16 -1.000000e+00
    outer loop
      vertex   -1.656994e+01 1.033563e+02 -4.732000e+00
      vertex   -1.674826e+01 1.046113e+02 -4.732000e+00
      vertex   -1.614859e+01 1.035726e+02 -4.732000e+00
    endloop
  endfacet
  facet normal -2.162415e-14 -1.162958e-14 -1.000000e+00
    outer loop
      vertex   -1.614859e+01 1.035726e+02 -4.732000e+00
      vertex   -1.674826e+01 1.046113e+02 -4.732000e+00
      vertex   -1.671688e+01 1.046293e+02 -4.732000e+00
    endloop
  endfacet
  facet normal 1.248182e-14 6.712787e-15 -1.000000e+00
    outer loop
      vertex   -1.614859e+01 1.035726e+02 -4.732000e+00
      vertex   -1.671688e+01 1.046293e+02 -4.732000e+00
      vertex   -1.666094e+01 1.046576e+02 -4.732000e+00
    endloop
  endfacet
  facet normal -2.901507e-13 4.558130e-13 -1.000000e+00
    outer loop
      vertex   -1.674826e+01 1.046113e+02 -4.732000e+00
      vertex   -1.674785e+01 1.046115e+02 -4.732000e+00
      vertex   -1.671688e+01 1.046293e+02 -4.732000e+00
    endloop
  endfacet
  facet normal -2.958255e-16 6.789141e-16 -1.000000e+00
    outer loop
      vertex   -1.666094e+01 1.046576e+02 -4.732000e+00
      vertex   -1.654548e+01 1.047079e+02 -4.732000e+00
      vertex   -1.614859e+01 1.035726e+02 -4.732000e+00
    endloop
  endfacet
  facet normal -2.849589e-14 -9.179523e-15 -1.000000e+00
    outer loop
      vertex   -1.614859e+01 1.035726e+02 -4.732000e+00
      vertex   -1.654548e+01 1.047079e+02 -4.732000e+00
      vertex   -1.612229e+01 1.035877e+02 -4.732000e+00
    endloop
  endfacet
  facet normal 3.289363e-13 -6.313171e-13 -1.000000e+00
    outer loop
      vertex   -1.614859e+01 1.035726e+02 -4.732000e+00
      vertex   -1.612229e+01 1.035877e+02 -4.732000e+00
      vertex   -1.614817e+01 1.035729e+02 -4.732000e+00
    endloop
  endfacet
  facet normal 2.867866e-15 2.417866e-15 -1.000000e+00
    outer loop
      vertex   -1.630587e+01 1.047911e+02 -4.732000e+00
      vertex   -1.598877e+01 1.036803e+02 -4.732000e+00
      vertex   -1.654548e+01 1.047079e+02 -4.732000e+00
    endloop
  endfacet
  facet normal -4.497339e-16 6.206458e-16 -1.000000e+00
    outer loop
      vertex   -1.654548e+01 1.047079e+02 -4.732000e+00
      vertex   -1.598877e+01 1.036803e+02 -4.732000e+00
      vertex   -1.606735e+01 1.036233e+02 -4.732000e+00
    endloop
  endfacet
  facet normal 1.216255e-14 6.180588e-15 -1.000000e+00
    outer loop
      vertex   -1.654548e+01 1.047079e+02 -4.732000e+00
      vertex   -1.606735e+01 1.036233e+02 -4.732000e+00
      vertex   -1.612229e+01 1.035877e+02 -4.732000e+00
    endloop
  endfacet
  facet normal -5.577923e-15 -2.274774e-15 -1.000000e+00
    outer loop
      vertex   -1.601780e+01 1.048656e+02 -4.732000e+00
      vertex   -1.576991e+01 1.038673e+02 -4.732000e+00
      vertex   -1.630587e+01 1.047911e+02 -4.732000e+00
    endloop
  endfacet
  facet normal 4.348325e-15 3.484322e-15 -1.000000e+00
    outer loop
      vertex   -1.630587e+01 1.047911e+02 -4.732000e+00
      vertex   -1.576991e+01 1.038673e+02 -4.732000e+00
      vertex   -1.588886e+01 1.037608e+02 -4.732000e+00
    endloop
  endfacet
  facet normal -1.048186e-15 1.299948e-15 -1.000000e+00
    outer loop
      vertex   -1.630587e+01 1.047911e+02 -4.732000e+00
      vertex   -1.588886e+01 1.037608e+02 -4.732000e+00
      vertex   -1.598877e+01 1.036803e+02 -4.732000e+00
    endloop
  endfacet
  facet normal -3.049245e-15 1.717711e-14 -1.000000e+00
    outer loop
      vertex   -1.564879e+01 1.049311e+02 -4.732000e+00
      vertex   -1.553674e+01 1.047442e+02 -4.732000e+00
      vertex   -1.601780e+01 1.048656e+02 -4.732000e+00
    endloop
  endfacet
  facet normal -9.149619e-15 -6.990219e-15 -1.000000e+00
    outer loop
      vertex   -1.601780e+01 1.048656e+02 -4.732000e+00
      vertex   -1.553674e+01 1.047442e+02 -4.732000e+00
      vertex   -1.548413e+01 1.041671e+02 -4.732000e+00
    endloop
  endfacet
  facet normal 0.000000e+00 0.000000e+00 -1.000000e+00
    outer loop
      vertex   -1.601780e+01 1.048656e+02 -4.732000e+00
      vertex   -1.548413e+01 1.041671e+02 -4.732000e+00
      vertex   -1.563424e+01 1.040019e+02 -4.732000e+00
    endloop
  endfacet
  facet normal -1.266198e-14 -7.310396e-15 -1.000000e+00
    outer loop
      vertex   -1.553674e+01 1.047442e+02 -4.732000e+00
      vertex   -1.542776e+01 1.045554e+02 -4.732000e+00
      vertex   -1.548413e+01 1.041671e+02 -4.732000e+00
    endloop
  endfacet
  facet normal 1.355554e-14 -1.111573e-14 -1.000000e+00
    outer loop
      vertex   -1.548413e+01 1.041671e+02 -4.732000e+00
      vertex   -1.542776e+01 1.045554e+02 -4.732000e+00
      vertex   -1.532190e+01 1.043649e+02 -4.732000e+00
    endloop
  endfacet
  facet normal -4.543628e-15 -2.017946e-15 -1.000000e+00
    outer loop
      vertex   -1.563424e+01 1.040019e+02 -4.732000e+00
      vertex   -1.576991e+01 1.038673e+02 -4.732000e+00
      vertex   -1.601780e+01 1.048656e+02 -4.732000e+00
    endloop
  endfacet
  facet normal 5.260145e-15 -1.072483e-14 -1.000000e+00
    outer loop
      vertex   -1.631149e+01 1.028199e+02 -4.732000e+00
      vertex   -1.619256e+01 1.025470e+02 -4.732000e+00
      vertex   -2.543741e+01 9.834395e+01 -4.732000e+00
    endloop
  endfacet
  facet normal 9.889583e-18 8.235264e-16 -1.000000e+00
    outer loop
      vertex   -2.543741e+01 9.834395e+01 -4.732000e+00
      vertex   -1.619256e+01 1.025470e+02 -4.732000e+00
      vertex   -1.579829e+01 1.014637e+02 -4.732000e+00
    endloop
  endfacet
  facet normal -2.504556e-15 8.592393e-15 -1.000000e+00
    outer loop
      vertex   -2.543741e+01 9.834395e+01 -4.732000e+00
      vertex   -1.579829e+01 1.014637e+02 -4.732000e+00
      vertex   -1.571396e+01 1.011782e+02 -4.732000e+00
    endloop
  endfacet
  facet normal -2.991537e-16 7.110438e-16 -1.000000e+00
    outer loop
      vertex   -1.619256e+01 1.025470e+02 -4.732000e+00
      vertex   -1.575597e+01 1.027306e+02 -4.732000e+00
      vertex   -1.579829e+01 1.014637e+02 -4.732000e+00
    endloop
  endfacet
  facet normal -2.190366e-16 7.083672e-16 -1.000000e+00
    outer loop
      vertex   -1.579829e+01 1.014637e+02 -4.732000e+00
      vertex   -1.575597e+01 1.027306e+02 -4.732000e+00
      vertex   -1.534577e+01 1.016036e+02 -4.732000e+00
    endloop
  endfacet
  facet normal 2.281155e-14 9.090814e-15 -1.000000e+00
    outer loop
      vertex   -1.534577e+01 1.016036e+02 -4.732000e+00
      vertex   -1.575597e+01 1.027306e+02 -4.732000e+00
      vertex   -1.572193e+01 1.027429e+02 -4.732000e+00
    endloop
  endfacet
  facet normal 1.302869e-14 5.860821e-15 -1.000000e+00
    outer loop
      vertex   -1.534577e+01 1.016036e+02 -4.732000e+00
      vertex   -1.572193e+01 1.027429e+02 -4.732000e+00
      vertex   -1.566193e+01 1.027611e+02 -4.732000e+00
    endloop
  endfacet
  facet normal 2.065917e-13 -4.992727e-13 -1.000000e+00
    outer loop
      vertex   -1.575597e+01 1.027306e+02 -4.732000e+00
      vertex   -1.575552e+01 1.027308e+02 -4.732000e+00
      vertex   -1.572193e+01 1.027429e+02 -4.732000e+00
    endloop
  endfacet
  facet normal -7.575256e-16 2.095115e-15 -1.000000e+00
    outer loop
      vertex   -1.534577e+01 1.016036e+02 -4.732000e+00
      vertex   -1.566193e+01 1.027611e+02 -4.732000e+00
      vertex   -1.531724e+01 1.016140e+02 -4.732000e+00
    endloop
  endfacet
  facet normal -1.404966e-14 -1.898803e-15 -1.000000e+00
    outer loop
      vertex   -1.531724e+01 1.016140e+02 -4.732000e+00
      vertex   -1.566193e+01 1.027611e+02 -4.732000e+00
      vertex   -1.553949e+01 1.027906e+02 -4.732000e+00
    endloop
  endfacet
  facet normal 1.334682e-14 3.275721e-15 -1.000000e+00
    outer loop
      vertex   -1.531724e+01 1.016140e+02 -4.732000e+00
      vertex   -1.553949e+01 1.027906e+02 -4.732000e+00
      vertex   -1.525696e+01 1.016395e+02 -4.732000e+00
    endloop
  endfacet
  facet normal -9.092365e-15 -2.231547e-15 -1.000000e+00
    outer loop
      vertex   -1.525696e+01 1.016395e+02 -4.732000e+00
      vertex   -1.553949e+01 1.027906e+02 -4.732000e+00
      vertex   -1.516969e+01 1.016819e+02 -4.732000e+00
    endloop
  endfacet
  facet normal -1.222778e-16 7.603054e-16 -1.000000e+00
    outer loop
      vertex   -1.516969e+01 1.016819e+02 -4.732000e+00
      vertex   -1.553949e+01 1.027906e+02 -4.732000e+00
      vertex   -1.528908e+01 1.028309e+02 -4.732000e+00
    endloop
  endfacet
  facet normal 7.071331e-15 1.507816e-15 -1.000000e+00
    outer loop
      vertex   -1.516969e+01 1.016819e+02 -4.732000e+00
      vertex   -1.528908e+01 1.028309e+02 -4.732000e+00
      vertex   -1.505730e+01 1.017439e+02 -4.732000e+00
    endloop
  endfacet
  facet normal 0.000000e+00 0.000000e+00 -1.000000e+00
    outer loop
      vertex   -1.505730e+01 1.017439e+02 -4.732000e+00
      vertex   -1.528908e+01 1.028309e+02 -4.732000e+00
      vertex   -1.492168e+01 1.018281e+02 -4.732000e+00
    endloop
  endfacet
  facet normal 2.910205e-15 1.066240e-15 -1.000000e+00
    outer loop
      vertex   -1.492168e+01 1.018281e+02 -4.732000e+00
      vertex   -1.528908e+01 1.028309e+02 -4.732000e+00
      vertex   -1.499245e+01 1.028542e+02 -4.732000e+00
    endloop
  endfacet
  facet normal -5.736661e-16 8.259734e-16 -1.000000e+00
    outer loop
      vertex   -1.492168e+01 1.018281e+02 -4.732000e+00
      vertex   -1.499245e+01 1.028542e+02 -4.732000e+00
      vertex   -1.476468e+01 1.019371e+02 -4.732000e+00
    endloop
  endfacet
  facet normal -6.284215e-16 8.123749e-16 -1.000000e+00
    outer loop
      vertex   -1.476468e+01 1.019371e+02 -4.732000e+00
      vertex   -1.499245e+01 1.028542e+02 -4.732000e+00
      vertex   -1.458818e+01 1.020737e+02 -4.732000e+00
    endloop
  endfacet
  facet normal -1.211542e-14 -5.136702e-15 -1.000000e+00
    outer loop
      vertex   -1.458818e+01 1.020737e+02 -4.732000e+00
      vertex   -1.499245e+01 1.028542e+02 -4.732000e+00
      vertex   -1.453978e+01 1.026511e+02 -4.732000e+00
    endloop
  endfacet
  facet normal -1.373905e-14 -5.000605e-15 -1.000000e+00
    outer loop
      vertex   -1.458818e+01 1.020737e+02 -4.732000e+00
      vertex   -1.453978e+01 1.026511e+02 -4.732000e+00
      vertex   -1.446524e+01 1.024463e+02 -4.732000e+00
    endloop
  endfacet
  facet normal -2.388966e-15 1.653924e-14 -1.000000e+00
    outer loop
      vertex   -1.499245e+01 1.028542e+02 -4.732000e+00
      vertex   -1.461767e+01 1.028547e+02 -4.732000e+00
      vertex   -1.453978e+01 1.026511e+02 -4.732000e+00
    endloop
  endfacet
  facet normal 1.141937e-14 -1.330075e-14 -1.000000e+00
    outer loop
      vertex   -1.446524e+01 1.024463e+02 -4.732000e+00
      vertex   -1.439406e+01 1.022403e+02 -4.732000e+00
      vertex   -1.458818e+01 1.020737e+02 -4.732000e+00
    endloop
  endfacet
  facet normal 0.000000e+00 0.000000e+00 -1.000000e+00
    outer loop
      vertex   -1.531724e+01 1.016140e+02 -4.732000e+00
      vertex   -1.534531e+01 1.016038e+02 -4.732000e+00
      vertex   -1.534577e+01 1.016036e+02 -4.732000e+00
    endloop
  endfacet
  facet normal 0.000000e+00 -0.000000e+00 -1.000000e+00
    outer loop
      vertex   -1.571396e+01 1.011782e+02 -4.732000e+00
      vertex   -1.563691e+01 1.008906e+02 -4.732000e+00
      vertex   -2.543741e+01 9.834395e+01 -4.732000e+00
    endloop
  endfacet
  facet normal 2.251250e-15 -8.663620e-15 -1.000000e+00
    outer loop
      vertex   -2.543741e+01 9.834395e+01 -4.732000e+00
      vertex   -1.563691e+01 1.008906e+02 -4.732000e+00
      vertex   -1.556718e+01 1.006012e+02 -4.732000e+00
    endloop
  endfacet
  facet normal 2.594928e-16 4.575559e-17 -1.000000e+00
    outer loop
      vertex   -2.543741e+01 9.834395e+01 -4.732000e+00
      vertex   -1.556718e+01 1.006012e+02 -4.732000e+00
      vertex   -1.536700e+01 9.946594e+01 -4.732000e+00
    endloop
  endfacet
  facet normal 0.000000e+00 0.000000e+00 -1.000000e+00
    outer loop
      vertex   -1.536700e+01 9.946594e+01 -4.732000e+00
      vertex   -1.556718e+01 1.006012e+02 -4.732000e+00
      vertex   -1.510532e+01 1.007063e+02 -4.732000e+00
    endloop
  endfacet
  facet normal 0.000000e+00 0.000000e+00 -1.000000e+00
    outer loop
      vertex   -1.536700e+01 9.946594e+01 -4.732000e+00
      vertex   -1.510532e+01 1.007063e+02 -4.732000e+00
      vertex   -1.489706e+01 9.952516e+01 -4.732000e+00
    endloop
  endfacet
  facet normal 0.000000e+00 0.000000e+00 -1.000000e+00
    outer loop
      vertex   -1.489706e+01 9.952516e+01 -4.732000e+00
      vertex   -1.510532e+01 1.007063e+02 -4.732000e+00
      vertex   -1.506967e+01 1.007125e+02 -4.732000e+00
    endloop
  endfacet
  facet normal 1.402498e-14 2.038924e-15 -1.000000e+00
    outer loop
      vertex   -1.489706e+01 9.952516e+01 -4.732000e+00
      vertex   -1.506967e+01 1.007125e+02 -4.732000e+00
      vertex   -1.500743e+01 1.007199e+02 -4.732000e+00
    endloop
  endfacet
  facet normal 0.000000e+00 0.000000e+00 -1.000000e+00
    outer loop
      vertex   -1.510532e+01 1.007063e+02 -4.732000e+00
      vertex   -1.510485e+01 1.007064e+02 -4.732000e+00
      vertex   -1.506967e+01 1.007125e+02 -4.732000e+00
    endloop
  endfacet
  facet normal -7.036456e-15 -4.660763e-16 -1.000000e+00
    outer loop
      vertex   -1.488172e+01 1.007277e+02 -4.732000e+00
      vertex   -1.480338e+01 9.954502e+01 -4.732000e+00
      vertex   -1.500743e+01 1.007199e+02 -4.732000e+00
    endloop
  endfacet
  facet normal -1.669960e-16 7.269412e-16 -1.000000e+00
    outer loop
      vertex   -1.500743e+01 1.007199e+02 -4.732000e+00
      vertex   -1.480338e+01 9.954502e+01 -4.732000e+00
      vertex   -1.486718e+01 9.953036e+01 -4.732000e+00
    endloop
  endfacet
  facet normal -1.274014e-16 7.316093e-16 -1.000000e+00
    outer loop
      vertex   -1.500743e+01 1.007199e+02 -4.732000e+00
      vertex   -1.486718e+01 9.953036e+01 -4.732000e+00
      vertex   -1.489706e+01 9.952516e+01 -4.732000e+00
    endloop
  endfacet
  facet normal 0.000000e+00 0.000000e+00 -1.000000e+00
    outer loop
      vertex   -1.489706e+01 9.952516e+01 -4.732000e+00
      vertex   -1.486718e+01 9.953036e+01 -4.732000e+00
      vertex   -1.489658e+01 9.952522e+01 -4.732000e+00
    endloop
  endfacet
  facet normal -0.000000e+00 -0.000000e+00 -1.000000e+00
    outer loop
      vertex   -1.462813e+01 1.007239e+02 -4.732000e+00
      vertex   -1.458862e+01 9.961318e+01 -4.732000e+00
      vertex   -1.488172e+01 1.007277e+02 -4.732000e+00
    endloop
  endfacet
  facet normal 6.710149e-15 1.764570e-15 -1.000000e+00
    outer loop
      vertex   -1.488172e+01 1.007277e+02 -4.732000e+00
      vertex   -1.458862e+01 9.961318e+01 -4.732000e+00
      vertex   -1.471006e+01 9.957165e+01 -4.732000e+00
    endloop
  endfacet
  facet normal -9.341736e-15 -6.187719e-16 -1.000000e+00
    outer loop
      vertex   -1.488172e+01 1.007277e+02 -4.732000e+00
      vertex   -1.471006e+01 9.957165e+01 -4.732000e+00
      vertex   -1.480338e+01 9.954502e+01 -4.732000e+00
    endloop
  endfacet
  facet normal -0.000000e+00 -0.000000e+00 -1.000000e+00
    outer loop
      vertex   -1.433194e+01 1.006954e+02 -4.732000e+00
      vertex   -1.426689e+01 9.975267e+01 -4.732000e+00
      vertex   -1.462813e+01 1.007239e+02 -4.732000e+00
    endloop
  endfacet
  facet normal 0.000000e+00 0.000000e+00 -1.000000e+00
    outer loop
      vertex   -1.462813e+01 1.007239e+02 -4.732000e+00
      vertex   -1.426689e+01 9.975267e+01 -4.732000e+00
      vertex   -1.444044e+01 9.967254e+01 -4.732000e+00
    endloop
  endfacet
  facet normal 0.000000e+00 0.000000e+00 -1.000000e+00
    outer loop
      vertex   -1.462813e+01 1.007239e+02 -4.732000e+00
      vertex   -1.444044e+01 9.967254e+01 -4.732000e+00
      vertex   -1.458862e+01 9.961318e+01 -4.732000e+00
    endloop
  endfacet
  facet normal 2.257174e-15 1.288808e-14 -1.000000e+00
    outer loop
      vertex   -1.396278e+01 1.006307e+02 -4.732000e+00
      vertex   -1.392142e+01 1.004168e+02 -4.732000e+00
      vertex   -1.433194e+01 1.006954e+02 -4.732000e+00
    endloop
  endfacet
  facet normal -8.241467e-15 -2.579478e-15 -1.000000e+00
    outer loop
      vertex   -1.433194e+01 1.006954e+02 -4.732000e+00
      vertex   -1.392142e+01 1.004168e+02 -4.732000e+00
      vertex   -1.406936e+01 9.985647e+01 -4.732000e+00
    endloop
  endfacet
  facet normal 0.000000e+00 0.000000e+00 -1.000000e+00
    outer loop
      vertex   -1.433194e+01 1.006954e+02 -4.732000e+00
      vertex   -1.406936e+01 9.985647e+01 -4.732000e+00
      vertex   -1.426689e+01 9.975267e+01 -4.732000e+00
    endloop
  endfacet
  facet normal -1.079900e-14 -1.904155e-15 -1.000000e+00
    outer loop
      vertex   -1.392142e+01 1.004168e+02 -4.732000e+00
      vertex   -1.388357e+01 1.002021e+02 -4.732000e+00
      vertex   -1.406936e+01 9.985647e+01 -4.732000e+00
    endloop
  endfacet
  facet normal 6.702176e-15 -1.131122e-14 -1.000000e+00
    outer loop
      vertex   -1.406936e+01 9.985647e+01 -4.732000e+00
      vertex   -1.388357e+01 1.002021e+02 -4.732000e+00
      vertex   -1.384925e+01 9.998690e+01 -4.732000e+00
    endloop
  endfacet
  facet normal 7.719861e-16 -8.919248e-15 -1.000000e+00
    outer loop
      vertex   -1.530758e+01 9.887353e+01 -4.732000e+00
      vertex   -1.528918e+01 9.857638e+01 -4.732000e+00
      vertex   -2.540000e+01 9.800000e+01 -4.732000e+00
    endloop
  endfacet
  facet normal 2.635329e-16 -2.707289e-31 -1.000000e+00
    outer loop
      vertex   -2.540000e+01 9.800000e+01 -4.732000e+00
      vertex   -1.528918e+01 9.857638e+01 -4.732000e+00
      vertex   -1.528918e+01 9.742362e+01 -4.732000e+00
    endloop
  endfacet
  facet normal 7.719861e-16 8.919248e-15 -1.000000e+00
    outer loop
      vertex   -2.540000e+01 9.800000e+01 -4.732000e+00
      vertex   -1.528918e+01 9.742362e+01 -4.732000e+00
      vertex   -1.530758e+01 9.712647e+01 -4.732000e+00
    endloop
  endfacet
  facet normal 0.000000e+00 -0.000000e+00 -1.000000e+00
    outer loop
      vertex   -1.528918e+01 9.857638e+01 -4.732000e+00
      vertex   -1.481609e+01 9.859966e+01 -4.732000e+00
      vertex   -1.528918e+01 9.742362e+01 -4.732000e+00
    endloop
  endfacet
  facet normal 0.000000e+00 0.000000e+00 -1.000000e+00
    outer loop
      vertex   -1.528918e+01 9.742362e+01 -4.732000e+00
      vertex   -1.481609e+01 9.859966e+01 -4.732000e+00
      vertex   -1.481609e+01 9.740034e+01 -4.732000e+00
    endloop
  endfacet
  facet normal 0.000000e+00 0.000000e+00 -1.000000e+00
    outer loop
      vertex   -1.481609e+01 9.740034e+01 -4.732000e+00
      vertex   -1.481609e+01 9.859966e+01 -4.732000e+00
      vertex   -1.478576e+01 9.740027e+01 -4.732000e+00
    endloop
  endfacet
  facet normal 9.563233e-14 4.504099e-11 -1.000000e+00
    outer loop
      vertex   -1.481609e+01 9.740034e+01 -4.732000e+00
      vertex   -1.478576e+01 9.740027e+01 -4.732000e+00
      vertex   -1.481561e+01 9.740031e+01 -4.732000e+00
    endloop
  endfacet
  facet normal 0.000000e+00 -0.000000e+00 -1.000000e+00
    outer loop
      vertex   -1.481561e+01 9.859969e+01 -4.732000e+00
      vertex   -1.477990e+01 9.859959e+01 -4.732000e+00
      vertex   -1.481609e+01 9.859966e+01 -4.732000e+00
    endloop
  endfacet
  facet normal 0.000000e+00 0.000000e+00 -1.000000e+00
    outer loop
      vertex   -1.481609e+01 9.859966e+01 -4.732000e+00
      vertex   -1.477990e+01 9.859959e+01 -4.732000e+00
      vertex   -1.478576e+01 9.740027e+01 -4.732000e+00
    endloop
  endfacet
  facet normal 0.000000e+00 0.000000e+00 -1.000000e+00
    outer loop
      vertex   -1.478576e+01 9.740027e+01 -4.732000e+00
      vertex   -1.477990e+01 9.859959e+01 -4.732000e+00
      vertex   -1.472038e+01 9.740363e+01 -4.732000e+00
    endloop
  endfacet
  facet normal 1.422856e-14 7.081118e-16 -1.000000e+00
    outer loop
      vertex   -1.472038e+01 9.740363e+01 -4.732000e+00
      vertex   -1.477990e+01 9.859959e+01 -4.732000e+00
      vertex   -1.471731e+01 9.859614e+01 -4.732000e+00
    endloop
  endfacet
  facet normal -7.735497e-17 7.449968e-16 -1.000000e+00
    outer loop
      vertex   -1.472038e+01 9.740363e+01 -4.732000e+00
      vertex   -1.471731e+01 9.859614e+01 -4.732000e+00
      vertex   -1.462386e+01 9.741365e+01 -4.732000e+00
    endloop
  endfacet
  facet normal -7.075083e-15 1.920114e-16 -1.000000e+00
    outer loop
      vertex   -1.462386e+01 9.741365e+01 -4.732000e+00
      vertex   -1.471731e+01 9.859614e+01 -4.732000e+00
      vertex   -1.459215e+01 9.858197e+01 -4.732000e+00
    endloop
  endfacet
  facet normal 0.000000e+00 0.000000e+00 -1.000000e+00
    outer loop
      vertex   -1.462386e+01 9.741365e+01 -4.732000e+00
      vertex   -1.459215e+01 9.858197e+01 -4.732000e+00
      vertex   -1.449705e+01 9.743346e+01 -4.732000e+00
    endloop
  endfacet
  facet normal 0.000000e+00 0.000000e+00 -1.000000e+00
    outer loop
      vertex   -1.449705e+01 9.743346e+01 -4.732000e+00
      vertex   -1.459215e+01 9.858197e+01 -4.732000e+00
      vertex   -1.434308e+01 9.853418e+01 -4.732000e+00
    endloop
  endfacet
  facet normal 0.000000e+00 0.000000e+00 -1.000000e+00
    outer loop
      vertex   -1.449705e+01 9.743346e+01 -4.732000e+00
      vertex   -1.434308e+01 9.853418e+01 -4.732000e+00
      vertex   -1.434081e+01 9.746619e+01 -4.732000e+00
    endloop
  endfacet
  facet normal 0.000000e+00 0.000000e+00 -1.000000e+00
    outer loop
      vertex   -1.434081e+01 9.746619e+01 -4.732000e+00
      vertex   -1.434308e+01 9.853418e+01 -4.732000e+00
      vertex   -1.415599e+01 9.751496e+01 -4.732000e+00
    endloop
  endfacet
  facet normal 0.000000e+00 0.000000e+00 -1.000000e+00
    outer loop
      vertex   -1.415599e+01 9.751496e+01 -4.732000e+00
      vertex   -1.434308e+01 9.853418e+01 -4.732000e+00
      vertex   -1.405634e+01 9.845467e+01 -4.732000e+00
    endloop
  endfacet
  facet normal 0.000000e+00 0.000000e+00 -1.000000e+00
    outer loop
      vertex   -1.415599e+01 9.751496e+01 -4.732000e+00
      vertex   -1.405634e+01 9.845467e+01 -4.732000e+00
      vertex   -1.394344e+01 9.758289e+01 -4.732000e+00
    endloop
  endfacet
  facet normal -9.418699e-15 -1.219845e-15 -1.000000e+00
    outer loop
      vertex   -1.394344e+01 9.758289e+01 -4.732000e+00
      vertex   -1.405634e+01 9.845467e+01 -4.732000e+00
      vertex   -1.370045e+01 9.789103e+01 -4.732000e+00
    endloop
  endfacet
  facet normal -6.419872e-16 -8.140959e-15 -1.000000e+00
    outer loop
      vertex   -1.394344e+01 9.758289e+01 -4.732000e+00
      vertex   -1.370045e+01 9.789103e+01 -4.732000e+00
      vertex   -1.370402e+01 9.767311e+01 -4.732000e+00
    endloop
  endfacet
  facet normal 4.460874e-15 1.230033e-14 -1.000000e+00
    outer loop
      vertex   -1.370402e+01 9.832689e+01 -4.732000e+00
      vertex   -1.370045e+01 9.810897e+01 -4.732000e+00
      vertex   -1.405634e+01 9.845467e+01 -4.732000e+00
    endloop
  endfacet
  facet normal -7.486807e-15 1.342448e-27 -1.000000e+00
    outer loop
      vertex   -1.405634e+01 9.845467e+01 -4.732000e+00
      vertex   -1.370045e+01 9.810897e+01 -4.732000e+00
      vertex   -1.370045e+01 9.789103e+01 -4.732000e+00
    endloop
  endfacet
  facet normal -0.000000e+00 0.000000e+00 -1.000000e+00
    outer loop
      vertex   -1.530758e+01 9.712647e+01 -4.732000e+00
      vertex   -1.533353e+01 9.682989e+01 -4.732000e+00
      vertex   -2.540000e+01 9.800000e+01 -4.732000e+00
    endloop
  endfacet
  facet normal -1.033371e-15 -8.890100e-15 -1.000000e+00
    outer loop
      vertex   -2.540000e+01 9.800000e+01 -4.732000e+00
      vertex   -1.533353e+01 9.682989e+01 -4.732000e+00
      vertex   -1.536700e+01 9.653406e+01 -4.732000e+00
    endloop
  endfacet
  facet normal 3.422749e-16 1.504378e-15 -1.000000e+00
    outer loop
      vertex   -1.556718e+01 9.539881e+01 -4.732000e+00
      vertex   -1.536700e+01 9.653406e+01 -4.732000e+00
      vertex   -1.510532e+01 9.529373e+01 -4.732000e+00
    endloop
  endfacet
  facet normal -3.697772e-15 6.520169e-16 -1.000000e+00
    outer loop
      vertex   -1.510532e+01 9.529373e+01 -4.732000e+00
      vertex   -1.536700e+01 9.653406e+01 -4.732000e+00
      vertex   -1.489706e+01 9.647484e+01 -4.732000e+00
    endloop
  endfacet
  facet normal 0.000000e+00 0.000000e+00 -1.000000e+00
    outer loop
      vertex   -1.510532e+01 9.529373e+01 -4.732000e+00
      vertex   -1.489706e+01 9.647484e+01 -4.732000e+00
      vertex   -1.507546e+01 9.528840e+01 -4.732000e+00
    endloop
  endfacet
  facet normal 0.000000e+00 0.000000e+00 -1.000000e+00
    outer loop
      vertex   -1.507546e+01 9.528840e+01 -4.732000e+00
      vertex   -1.489706e+01 9.647484e+01 -4.732000e+00
      vertex   -1.501049e+01 9.528035e+01 -4.732000e+00
    endloop
  endfacet
  facet normal -2.451590e-14 2.328198e-15 -1.000000e+00
    outer loop
      vertex   -1.501049e+01 9.528035e+01 -4.732000e+00
      vertex   -1.489706e+01 9.647484e+01 -4.732000e+00
      vertex   -1.486143e+01 9.646848e+01 -4.732000e+00
    endloop
  endfacet
  facet normal 2.810099e-14 -4.273070e-15 -1.000000e+00
    outer loop
      vertex   -1.501049e+01 9.528035e+01 -4.732000e+00
      vertex   -1.486143e+01 9.646848e+01 -4.732000e+00
      vertex   -1.480039e+01 9.645421e+01 -4.732000e+00
    endloop
  endfacet
  facet normal 7.240452e-12 4.068725e-11 -1.000000e+00
    outer loop
      vertex   -1.489706e+01 9.647484e+01 -4.732000e+00
      vertex   -1.489658e+01 9.647478e+01 -4.732000e+00
      vertex   -1.486143e+01 9.646848e+01 -4.732000e+00
    endloop
  endfacet
  facet normal 5.318754e-17 7.471111e-16 -1.000000e+00
    outer loop
      vertex   -1.501049e+01 9.528035e+01 -4.732000e+00
      vertex   -1.480039e+01 9.645421e+01 -4.732000e+00
      vertex   -1.491370e+01 9.527346e+01 -4.732000e+00
    endloop
  endfacet
  facet normal 7.366373e-15 4.529259e-17 -1.000000e+00
    outer loop
      vertex   -1.491370e+01 9.527346e+01 -4.732000e+00
      vertex   -1.480039e+01 9.645421e+01 -4.732000e+00
      vertex   -1.467960e+01 9.641853e+01 -4.732000e+00
    endloop
  endfacet
  facet normal 3.020065e-17 1.545132e-15 -1.000000e+00
    outer loop
      vertex   -1.491370e+01 9.527346e+01 -4.732000e+00
      vertex   -1.467960e+01 9.641853e+01 -4.732000e+00
      vertex   -1.478538e+01 9.527095e+01 -4.732000e+00
    endloop
  endfacet
  facet normal 5.533493e-15 1.037853e-15 -1.000000e+00
    outer loop
      vertex   -1.478538e+01 9.527095e+01 -4.732000e+00
      vertex   -1.467960e+01 9.641853e+01 -4.732000e+00
      vertex   -1.462583e+01 9.527605e+01 -4.732000e+00
    endloop
  endfacet
  facet normal -7.330700e-15 4.323838e-16 -1.000000e+00
    outer loop
      vertex   -1.462583e+01 9.527605e+01 -4.732000e+00
      vertex   -1.467960e+01 9.641853e+01 -4.732000e+00
      vertex   -1.444261e+01 9.632821e+01 -4.732000e+00
    endloop
  endfacet
  facet normal -4.660009e-15 -3.267815e-17 -1.000000e+00
    outer loop
      vertex   -1.462583e+01 9.527605e+01 -4.732000e+00
      vertex   -1.444261e+01 9.632821e+01 -4.732000e+00
      vertex   -1.443534e+01 9.529199e+01 -4.732000e+00
    endloop
  endfacet
  facet normal 0.000000e+00 0.000000e+00 -1.000000e+00
    outer loop
      vertex   -1.443534e+01 9.529199e+01 -4.732000e+00
      vertex   -1.444261e+01 9.632821e+01 -4.732000e+00
      vertex   -1.417403e+01 9.620012e+01 -4.732000e+00
    endloop
  endfacet
  facet normal 0.000000e+00 0.000000e+00 -1.000000e+00
    outer loop
      vertex   -1.443534e+01 9.529199e+01 -4.732000e+00
      vertex   -1.417403e+01 9.620012e+01 -4.732000e+00
      vertex   -1.421423e+01 9.532198e+01 -4.732000e+00
    endloop
  endfacet
  facet normal -3.162478e-15 1.447423e-16 -1.000000e+00
    outer loop
      vertex   -1.421423e+01 9.532198e+01 -4.732000e+00
      vertex   -1.417403e+01 9.620012e+01 -4.732000e+00
      vertex   -1.392142e+01 9.558324e+01 -4.732000e+00
    endloop
  endfacet
  facet normal 8.097729e-16 -4.307117e-15 -1.000000e+00
    outer loop
      vertex   -1.421423e+01 9.532198e+01 -4.732000e+00
      vertex   -1.392142e+01 9.558324e+01 -4.732000e+00
      vertex   -1.396278e+01 9.536925e+01 -4.732000e+00
    endloop
  endfacet
  facet normal 6.857351e-15 7.159787e-15 -1.000000e+00
    outer loop
      vertex   -1.384925e+01 9.601310e+01 -4.732000e+00
      vertex   -1.388357e+01 9.579787e+01 -4.732000e+00
      vertex   -1.417403e+01 9.620012e+01 -4.732000e+00
    endloop
  endfacet
  facet normal -2.457689e-15 4.333568e-16 -1.000000e+00
    outer loop
      vertex   -1.417403e+01 9.620012e+01 -4.732000e+00
      vertex   -1.388357e+01 9.579787e+01 -4.732000e+00
      vertex   -1.392142e+01 9.558324e+01 -4.732000e+00
    endloop
  endfacet
  facet normal 0.000000e+00 0.000000e+00 -1.000000e+00
    outer loop
      vertex   -1.507546e+01 9.528840e+01 -4.732000e+00
      vertex   -1.510485e+01 9.529363e+01 -4.732000e+00
      vertex   -1.510532e+01 9.529373e+01 -4.732000e+00
    endloop
  endfacet
  facet normal -0.000000e+00 0.000000e+00 -1.000000e+00
    outer loop
      vertex   -1.563691e+01 9.510938e+01 -4.732000e+00
      vertex   -1.571396e+01 9.482181e+01 -4.732000e+00
      vertex   -2.543741e+01 9.765605e+01 -4.732000e+00
    endloop
  endfacet
  facet normal -8.348520e-16 -2.864131e-15 -1.000000e+00
    outer loop
      vertex   -2.543741e+01 9.765605e+01 -4.732000e+00
      vertex   -1.571396e+01 9.482181e+01 -4.732000e+00
      vertex   -1.579829e+01 9.453628e+01 -4.732000e+00
    endloop
  endfacet
  facet normal 3.198403e-16 7.035145e-16 -1.000000e+00
    outer loop
      vertex   -2.543741e+01 9.765605e+01 -4.732000e+00
      vertex   -1.579829e+01 9.453628e+01 -4.732000e+00
      vertex   -1.619256e+01 9.345304e+01 -4.732000e+00
    endloop
  endfacet
  facet normal 2.991537e-16 7.110438e-16 -1.000000e+00
    outer loop
      vertex   -1.619256e+01 9.345304e+01 -4.732000e+00
      vertex   -1.579829e+01 9.453628e+01 -4.732000e+00
      vertex   -1.575597e+01 9.326936e+01 -4.732000e+00
    endloop
  endfacet
  facet normal 2.190366e-16 7.083672e-16 -1.000000e+00
    outer loop
      vertex   -1.575597e+01 9.326936e+01 -4.732000e+00
      vertex   -1.579829e+01 9.453628e+01 -4.732000e+00
      vertex   -1.534577e+01 9.439636e+01 -4.732000e+00
    endloop
  endfacet
  facet normal 2.547648e-16 6.953632e-16 -1.000000e+00
    outer loop
      vertex   -1.575597e+01 9.326936e+01 -4.732000e+00
      vertex   -1.534577e+01 9.439636e+01 -4.732000e+00
      vertex   -1.572748e+01 9.325892e+01 -4.732000e+00
    endloop
  endfacet
  facet normal 2.172809e-16 7.079425e-16 -1.000000e+00
    outer loop
      vertex   -1.572748e+01 9.325892e+01 -4.732000e+00
      vertex   -1.534577e+01 9.439636e+01 -4.732000e+00
      vertex   -1.566490e+01 9.323971e+01 -4.732000e+00
    endloop
  endfacet
  facet normal 1.800322e-16 7.182199e-16 -1.000000e+00
    outer loop
      vertex   -1.566490e+01 9.323971e+01 -4.732000e+00
      vertex   -1.534577e+01 9.439636e+01 -4.732000e+00
      vertex   -1.557078e+01 9.321612e+01 -4.732000e+00
    endloop
  endfacet
  facet normal -4.860717e-14 1.001933e-14 -1.000000e+00
    outer loop
      vertex   -1.557078e+01 9.321612e+01 -4.732000e+00
      vertex   -1.534577e+01 9.439636e+01 -4.732000e+00
      vertex   -1.531179e+01 9.438391e+01 -4.732000e+00
    endloop
  endfacet
  facet normal 2.785174e-14 -6.937409e-15 -1.000000e+00
    outer loop
      vertex   -1.557078e+01 9.321612e+01 -4.732000e+00
      vertex   -1.531179e+01 9.438391e+01 -4.732000e+00
      vertex   -1.525415e+01 9.435926e+01 -4.732000e+00
    endloop
  endfacet
  facet normal 3.253358e-13 1.030519e-12 -1.000000e+00
    outer loop
      vertex   -1.534577e+01 9.439636e+01 -4.732000e+00
      vertex   -1.534531e+01 9.439621e+01 -4.732000e+00
      vertex   -1.531179e+01 9.438391e+01 -4.732000e+00
    endloop
  endfacet
  facet normal 1.448284e-16 7.368523e-16 -1.000000e+00
    outer loop
      vertex   -1.557078e+01 9.321612e+01 -4.732000e+00
      vertex   -1.525415e+01 9.435926e+01 -4.732000e+00
      vertex   -1.544484e+01 9.319137e+01 -4.732000e+00
    endloop
  endfacet
  facet normal -1.421956e-14 3.082211e-15 -1.000000e+00
    outer loop
      vertex   -1.544484e+01 9.319137e+01 -4.732000e+00
      vertex   -1.525415e+01 9.435926e+01 -4.732000e+00
      vertex   -1.514139e+01 9.430314e+01 -4.732000e+00
    endloop
  endfacet
  facet normal 5.298568e-15 -2.245075e-15 -1.000000e+00
    outer loop
      vertex   -1.544484e+01 9.319137e+01 -4.732000e+00
      vertex   -1.514139e+01 9.430314e+01 -4.732000e+00
      vertex   -1.528683e+01 9.316868e+01 -4.732000e+00
    endloop
  endfacet
  facet normal 1.049908e-14 -2.911764e-15 -1.000000e+00
    outer loop
      vertex   -1.528683e+01 9.316868e+01 -4.732000e+00
      vertex   -1.514139e+01 9.430314e+01 -4.732000e+00
      vertex   -1.492369e+01 9.417304e+01 -4.732000e+00
    endloop
  endfacet
  facet normal 7.818940e-17 8.560562e-16 -1.000000e+00
    outer loop
      vertex   -1.528683e+01 9.316868e+01 -4.732000e+00
      vertex   -1.492369e+01 9.417304e+01 -4.732000e+00
      vertex   -1.509647e+01 9.315130e+01 -4.732000e+00
    endloop
  endfacet
  facet normal -5.990226e-15 1.882258e-15 -1.000000e+00
    outer loop
      vertex   -1.509647e+01 9.315130e+01 -4.732000e+00
      vertex   -1.492369e+01 9.417304e+01 -4.732000e+00
      vertex   -1.468144e+01 9.400026e+01 -4.732000e+00
    endloop
  endfacet
  facet normal -4.078568e-17 -1.026257e-15 -1.000000e+00
    outer loop
      vertex   -1.509647e+01 9.315130e+01 -4.732000e+00
      vertex   -1.468144e+01 9.400026e+01 -4.732000e+00
      vertex   -1.487350e+01 9.314244e+01 -4.732000e+00
    endloop
  endfacet
  facet normal -2.345813e-15 -5.101553e-16 -1.000000e+00
    outer loop
      vertex   -1.487350e+01 9.314244e+01 -4.732000e+00
      vertex   -1.468144e+01 9.400026e+01 -4.732000e+00
      vertex   -1.453978e+01 9.334888e+01 -4.732000e+00
    endloop
  endfacet
  facet normal 4.954751e-17 -4.382298e-15 -1.000000e+00
    outer loop
      vertex   -1.487350e+01 9.314244e+01 -4.732000e+00
      vertex   -1.453978e+01 9.334888e+01 -4.732000e+00
      vertex   -1.461767e+01 9.314533e+01 -4.732000e+00
    endloop
  endfacet
  facet normal 5.196852e-15 2.515974e-15 -1.000000e+00
    outer loop
      vertex   -1.439406e+01 9.375968e+01 -4.732000e+00
      vertex   -1.446524e+01 9.355369e+01 -4.732000e+00
      vertex   -1.468144e+01 9.400026e+01 -4.732000e+00
    endloop
  endfacet
  facet normal 0.000000e+00 0.000000e+00 -1.000000e+00
    outer loop
      vertex   -1.468144e+01 9.400026e+01 -4.732000e+00
      vertex   -1.446524e+01 9.355369e+01 -4.732000e+00
      vertex   -1.453978e+01 9.334888e+01 -4.732000e+00
    endloop
  endfacet
  facet normal -1.549479e-11 -4.229197e-11 -1.000000e+00
    outer loop
      vertex   -1.572748e+01 9.325892e+01 -4.732000e+00
      vertex   -1.575552e+01 9.326917e+01 -4.732000e+00
      vertex   -1.575597e+01 9.326936e+01 -4.732000e+00
    endloop
  endfacet
  facet normal -0.000000e+00 0.000000e+00 -1.000000e+00
    outer loop
      vertex   -1.619256e+01 9.345304e+01 -4.732000e+00
      vertex   -1.631149e+01 9.318011e+01 -4.732000e+00
      vertex   -2.543741e+01 9.765605e+01 -4.732000e+00
    endloop
  endfacet
  facet normal 0.000000e+00 0.000000e+00 -1.000000e+00
    outer loop
      vertex   -2.543741e+01 9.765605e+01 -4.732000e+00
      vertex   -1.631149e+01 9.318011e+01 -4.732000e+00
      vertex   -1.643731e+01 9.291029e+01 -4.732000e+00
    endloop
  endfacet
  facet normal 0.000000e+00 0.000000e+00 -1.000000e+00
    outer loop
      vertex   -2.543741e+01 9.765605e+01 -4.732000e+00
      vertex   -1.643731e+01 9.291029e+01 -4.732000e+00
      vertex   -1.656994e+01 9.264375e+01 -4.732000e+00
    endloop
  endfacet
  facet normal 0.000000e+00 0.000000e+00 -1.000000e+00
    outer loop
      vertex   -1.714632e+01 9.164543e+01 -4.732000e+00
      vertex   -1.656994e+01 9.264375e+01 -4.732000e+00
      vertex   -1.674826e+01 9.138872e+01 -4.732000e+00
    endloop
  endfacet
  facet normal 0.000000e+00 0.000000e+00 -1.000000e+00
    outer loop
      vertex   -1.674826e+01 9.138872e+01 -4.732000e+00
      vertex   -1.656994e+01 9.264375e+01 -4.732000e+00
      vertex   -1.614859e+01 9.242737e+01 -4.732000e+00
    endloop
  endfacet
  facet normal 2.535834e-14 -1.464064e-14 -1.000000e+00
    outer loop
      vertex   -1.674826e+01 9.138872e+01 -4.732000e+00
      vertex   -1.614859e+01 9.242737e+01 -4.732000e+00
      vertex   -1.672202e+01 9.137350e+01 -4.732000e+00
    endloop
  endfacet
  facet normal -3.369129e-16 -6.594568e-16 -1.000000e+00
    outer loop
      vertex   -1.672202e+01 9.137350e+01 -4.732000e+00
      vertex   -1.614859e+01 9.242737e+01 -4.732000e+00
      vertex   -1.666372e+01 9.134371e+01 -4.732000e+00
    endloop
  endfacet
  facet normal -3.020147e-16 -6.760463e-16 -1.000000e+00
    outer loop
      vertex   -1.666372e+01 9.134371e+01 -4.732000e+00
      vertex   -1.614859e+01 9.242737e+01 -4.732000e+00
      vertex   -1.657513e+01 9.130413e+01 -4.732000e+00
    endloop
  endfacet
  facet normal 2.287644e-14 -9.477807e-15 -1.000000e+00
    outer loop
      vertex   -1.657513e+01 9.130413e+01 -4.732000e+00
      vertex   -1.614859e+01 9.242737e+01 -4.732000e+00
      vertex   -1.611729e+01 9.240921e+01 -4.732000e+00
    endloop
  endfacet
  facet normal -1.331857e-14 5.517941e-15 -1.000000e+00
    outer loop
      vertex   -1.657513e+01 9.130413e+01 -4.732000e+00
      vertex   -1.611729e+01 9.240921e+01 -4.732000e+00
      vertex   -1.606481e+01 9.237492e+01 -4.732000e+00
    endloop
  endfacet
  facet normal 2.022032e-11 3.479876e-11 -1.000000e+00
    outer loop
      vertex   -1.614859e+01 9.242737e+01 -4.732000e+00
      vertex   -1.614817e+01 9.242715e+01 -4.732000e+00
      vertex   -1.611729e+01 9.240921e+01 -4.732000e+00
    endloop
  endfacet
  facet normal -6.535681e-15 2.285331e-15 -1.000000e+00
    outer loop
      vertex   -1.657513e+01 9.130413e+01 -4.732000e+00
      vertex   -1.606481e+01 9.237492e+01 -4.732000e+00
      vertex   -1.645540e+01 9.125789e+01 -4.732000e+00
    endloop
  endfacet
  facet normal 1.393513e-14 -4.872695e-15 -1.000000e+00
    outer loop
      vertex   -1.645540e+01 9.125789e+01 -4.732000e+00
      vertex   -1.606481e+01 9.237492e+01 -4.732000e+00
      vertex   -1.596350e+01 9.230008e+01 -4.732000e+00
    endloop
  endfacet
  facet normal 4.843541e-16 1.475834e-15 -1.000000e+00
    outer loop
      vertex   -1.645540e+01 9.125789e+01 -4.732000e+00
      vertex   -1.596350e+01 9.230008e+01 -4.732000e+00
      vertex   -1.630372e+01 9.120811e+01 -4.732000e+00
    endloop
  endfacet
  facet normal -2.538967e-15 2.417800e-15 -1.000000e+00
    outer loop
      vertex   -1.630372e+01 9.120811e+01 -4.732000e+00
      vertex   -1.596350e+01 9.230008e+01 -4.732000e+00
      vertex   -1.577170e+01 9.213415e+01 -4.732000e+00
    endloop
  endfacet
  facet normal -3.938845e-15 3.222056e-15 -1.000000e+00
    outer loop
      vertex   -1.630372e+01 9.120811e+01 -4.732000e+00
      vertex   -1.577170e+01 9.213415e+01 -4.732000e+00
      vertex   -1.611928e+01 9.115793e+01 -4.732000e+00
    endloop
  endfacet
  facet normal 1.359133e-15 1.335716e-15 -1.000000e+00
    outer loop
      vertex   -1.611928e+01 9.115793e+01 -4.732000e+00
      vertex   -1.577170e+01 9.213415e+01 -4.732000e+00
      vertex   -1.556313e+01 9.192193e+01 -4.732000e+00
    endloop
  endfacet
  facet normal 3.953239e-15 -5.526610e-16 -1.000000e+00
    outer loop
      vertex   -1.611928e+01 9.115793e+01 -4.732000e+00
      vertex   -1.556313e+01 9.192193e+01 -4.732000e+00
      vertex   -1.590124e+01 9.111049e+01 -4.732000e+00
    endloop
  endfacet
  facet normal -5.234897e-16 1.312703e-15 -1.000000e+00
    outer loop
      vertex   -1.590124e+01 9.111049e+01 -4.732000e+00
      vertex   -1.556313e+01 9.192193e+01 -4.732000e+00
      vertex   -1.553674e+01 9.125585e+01 -4.732000e+00
    endloop
  endfacet
  facet normal 0.000000e+00 0.000000e+00 -1.000000e+00
    outer loop
      vertex   -1.590124e+01 9.111049e+01 -4.732000e+00
      vertex   -1.553674e+01 9.125585e+01 -4.732000e+00
      vertex   -1.564879e+01 9.106891e+01 -4.732000e+00
    endloop
  endfacet
  facet normal -2.216997e-15 1.231993e-15 -1.000000e+00
    outer loop
      vertex   -1.532190e+01 9.163511e+01 -4.732000e+00
      vertex   -1.542776e+01 9.144460e+01 -4.732000e+00
      vertex   -1.556313e+01 9.192193e+01 -4.732000e+00
    endloop
  endfacet
  facet normal -2.161255e-15 1.247801e-15 -1.000000e+00
    outer loop
      vertex   -1.556313e+01 9.192193e+01 -4.732000e+00
      vertex   -1.542776e+01 9.144460e+01 -4.732000e+00
      vertex   -1.553674e+01 9.125585e+01 -4.732000e+00
    endloop
  endfacet
  facet normal -2.222103e-11 -3.835828e-11 -1.000000e+00
    outer loop
      vertex   -1.672202e+01 9.137350e+01 -4.732000e+00
      vertex   -1.674785e+01 9.138846e+01 -4.732000e+00
      vertex   -1.674826e+01 9.138872e+01 -4.732000e+00
    endloop
  endfacet
  facet normal -0.000000e+00 0.000000e+00 -1.000000e+00
    outer loop
      vertex   -1.731083e+01 9.139730e+01 -4.732000e+00
      vertex   -1.748160e+01 9.115342e+01 -4.732000e+00
      vertex   -2.554788e+01 9.732818e+01 -4.732000e+00
    endloop
  endfacet
  facet normal 0.000000e+00 0.000000e+00 -1.000000e+00
    outer loop
      vertex   -2.554788e+01 9.732818e+01 -4.732000e+00
      vertex   -1.748160e+01 9.115342e+01 -4.732000e+00
      vertex   -1.765850e+01 9.091396e+01 -4.732000e+00
    endloop
  endfacet
  facet normal 0.000000e+00 0.000000e+00 -1.000000e+00
    outer loop
      vertex   -2.554788e+01 9.732818e+01 -4.732000e+00
      vertex   -1.765850e+01 9.091396e+01 -4.732000e+00
      vertex   -1.839948e+01 9.003089e+01 -4.732000e+00
    endloop
  endfacet
  facet normal 0.000000e+00 0.000000e+00 -1.000000e+00
    outer loop
      vertex   -1.839948e+01 9.003089e+01 -4.732000e+00
      vertex   -1.765850e+01 9.091396e+01 -4.732000e+00
      vertex   -1.805204e+01 8.970896e+01 -4.732000e+00
    endloop
  endfacet
  facet normal 0.000000e+00 0.000000e+00 -1.000000e+00
    outer loop
      vertex   -1.805204e+01 8.970896e+01 -4.732000e+00
      vertex   -1.765850e+01 9.091396e+01 -4.732000e+00
      vertex   -1.728112e+01 9.062770e+01 -4.732000e+00
    endloop
  endfacet
  facet normal -2.243078e-14 1.882166e-14 -1.000000e+00
    outer loop
      vertex   -1.805204e+01 8.970896e+01 -4.732000e+00
      vertex   -1.728112e+01 9.062770e+01 -4.732000e+00
      vertex   -1.802884e+01 8.968942e+01 -4.732000e+00
    endloop
  endfacet
  facet normal 4.463079e-16 5.909338e-16 -1.000000e+00
    outer loop
      vertex   -1.802884e+01 8.968942e+01 -4.732000e+00
      vertex   -1.728112e+01 9.062770e+01 -4.732000e+00
      vertex   -1.797661e+01 8.964996e+01 -4.732000e+00
    endloop
  endfacet
  facet normal 4.148206e-16 6.133313e-16 -1.000000e+00
    outer loop
      vertex   -1.797661e+01 8.964996e+01 -4.732000e+00
      vertex   -1.728112e+01 9.062770e+01 -4.732000e+00
      vertex   -1.789623e+01 8.959560e+01 -4.732000e+00
    endloop
  endfacet
  facet normal -2.088309e-14 1.330627e-14 -1.000000e+00
    outer loop
      vertex   -1.789623e+01 8.959560e+01 -4.732000e+00
      vertex   -1.728112e+01 9.062770e+01 -4.732000e+00
      vertex   -1.725345e+01 9.060438e+01 -4.732000e+00
    endloop
  endfacet
  facet normal 5.837789e-15 -3.719717e-15 -1.000000e+00
    outer loop
      vertex   -1.789623e+01 8.959560e+01 -4.732000e+00
      vertex   -1.725345e+01 9.060438e+01 -4.732000e+00
      vertex   -1.778635e+01 8.952927e+01 -4.732000e+00
    endloop
  endfacet
  facet normal -5.288104e-16 -5.640110e-16 -1.000000e+00
    outer loop
      vertex   -1.778635e+01 8.952927e+01 -4.732000e+00
      vertex   -1.725345e+01 9.060438e+01 -4.732000e+00
      vertex   -1.720772e+01 9.056150e+01 -4.732000e+00
    endloop
  endfacet
  facet normal 5.869192e-15 -4.150468e-15 -1.000000e+00
    outer loop
      vertex   -1.778635e+01 8.952927e+01 -4.732000e+00
      vertex   -1.720772e+01 9.056150e+01 -4.732000e+00
      vertex   -1.712095e+01 9.047021e+01 -4.732000e+00
    endloop
  endfacet
  facet normal 2.661404e-11 3.161597e-11 -1.000000e+00
    outer loop
      vertex   -1.728112e+01 9.062770e+01 -4.732000e+00
      vertex   -1.728074e+01 9.062741e+01 -4.732000e+00
      vertex   -1.725345e+01 9.060438e+01 -4.732000e+00
    endloop
  endfacet
  facet normal 0.000000e+00 0.000000e+00 -1.000000e+00
    outer loop
      vertex   -1.778635e+01 8.952927e+01 -4.732000e+00
      vertex   -1.712095e+01 9.047021e+01 -4.732000e+00
      vertex   -1.764562e+01 8.945391e+01 -4.732000e+00
    endloop
  endfacet
  facet normal 0.000000e+00 0.000000e+00 -1.000000e+00
    outer loop
      vertex   -1.764562e+01 8.945391e+01 -4.732000e+00
      vertex   -1.712095e+01 9.047021e+01 -4.732000e+00
      vertex   -1.696088e+01 9.027349e+01 -4.732000e+00
    endloop
  endfacet
  facet normal 0.000000e+00 0.000000e+00 -1.000000e+00
    outer loop
      vertex   -1.764562e+01 8.945391e+01 -4.732000e+00
      vertex   -1.696088e+01 9.027349e+01 -4.732000e+00
      vertex   -1.747269e+01 8.937246e+01 -4.732000e+00
    endloop
  endfacet
  facet normal 0.000000e+00 0.000000e+00 -1.000000e+00
    outer loop
      vertex   -1.747269e+01 8.937246e+01 -4.732000e+00
      vertex   -1.696088e+01 9.027349e+01 -4.732000e+00
      vertex   -1.679233e+01 9.002827e+01 -4.732000e+00
    endloop
  endfacet
  facet normal 0.000000e+00 0.000000e+00 -1.000000e+00
    outer loop
      vertex   -1.747269e+01 8.937246e+01 -4.732000e+00
      vertex   -1.679233e+01 9.002827e+01 -4.732000e+00
      vertex   -1.726621e+01 8.928788e+01 -4.732000e+00
    endloop
  endfacet
  facet normal 0.000000e+00 0.000000e+00 -1.000000e+00
    outer loop
      vertex   -1.726621e+01 8.928788e+01 -4.732000e+00
      vertex   -1.679233e+01 9.002827e+01 -4.732000e+00
      vertex   -1.688200e+01 8.936773e+01 -4.732000e+00
    endloop
  endfacet
  facet normal 0.000000e+00 0.000000e+00 -1.000000e+00
    outer loop
      vertex   -1.726621e+01 8.928788e+01 -4.732000e+00
      vertex   -1.688200e+01 8.936773e+01 -4.732000e+00
      vertex   -1.702481e+01 8.920309e+01 -4.732000e+00
    endloop
  endfacet
  facet normal -0.000000e+00 0.000000e+00 -1.000000e+00
    outer loop
      vertex   -1.660456e+01 8.970392e+01 -4.732000e+00
      vertex   -1.674190e+01 8.953469e+01 -4.732000e+00
      vertex   -1.679233e+01 9.002827e+01 -4.732000e+00
    endloop
  endfacet
  facet normal 0.000000e+00 -0.000000e+00 -1.000000e+00
    outer loop
      vertex   -1.679233e+01 9.002827e+01 -4.732000e+00
      vertex   -1.674190e+01 8.953469e+01 -4.732000e+00
      vertex   -1.688200e+01 8.936773e+01 -4.732000e+00
    endloop
  endfacet
  facet normal -2.950578e-11 -3.496694e-11 -1.000000e+00
    outer loop
      vertex   -1.802884e+01 8.968942e+01 -4.732000e+00
      vertex   -1.805169e+01 8.970864e+01 -4.732000e+00
      vertex   -1.805204e+01 8.970896e+01 -4.732000e+00
    endloop
  endfacet
  facet normal -0.000000e+00 0.000000e+00 -1.000000e+00
    outer loop
      vertex   -1.881510e+01 8.960458e+01 -4.732000e+00
      vertex   -1.903089e+01 8.939948e+01 -4.732000e+00
      vertex   -2.572625e+01 9.703172e+01 -4.732000e+00
    endloop
  endfacet
  facet normal -3.985043e-13 -3.648940e-13 -1.000000e+00
    outer loop
      vertex   -1.870896e+01 8.905204e+01 -4.732000e+00
      vertex   -1.870864e+01 8.905169e+01 -4.732000e+00
      vertex   -1.868576e+01 8.902427e+01 -4.732000e+00
    endloop
  endfacet
  facet normal 2.619138e-15 1.736487e-15 -1.000000e+00
    outer loop
      vertex   -1.864817e+01 8.897410e+01 -4.732000e+00
      vertex   -1.857857e+01 8.886912e+01 -4.732000e+00
      vertex   -1.939725e+01 8.805802e+01 -4.732000e+00
    endloop
  endfacet
  facet normal 9.812041e-15 -5.523638e-15 -1.000000e+00
    outer loop
      vertex   -1.939725e+01 8.805802e+01 -4.732000e+00
      vertex   -1.857857e+01 8.886912e+01 -4.732000e+00
      vertex   -1.927175e+01 8.795937e+01 -4.732000e+00
    endloop
  endfacet
  facet normal 1.479924e-15 8.249502e-16 -1.000000e+00
    outer loop
      vertex   -1.927175e+01 8.795937e+01 -4.732000e+00
      vertex   -1.857857e+01 8.886912e+01 -4.732000e+00
      vertex   -1.845509e+01 8.864760e+01 -4.732000e+00
    endloop
  endfacet
  facet normal 4.086521e-15 -2.268092e-15 -1.000000e+00
    outer loop
      vertex   -1.927175e+01 8.795937e+01 -4.732000e+00
      vertex   -1.845509e+01 8.864760e+01 -4.732000e+00
      vertex   -1.911559e+01 8.784913e+01 -4.732000e+00
    endloop
  endfacet
  facet normal -1.689777e-15 2.510176e-15 -1.000000e+00
    outer loop
      vertex   -1.911559e+01 8.784913e+01 -4.732000e+00
      vertex   -1.845509e+01 8.864760e+01 -4.732000e+00
      vertex   -1.833168e+01 8.837684e+01 -4.732000e+00
    endloop
  endfacet
  facet normal 2.428909e-15 -3.608162e-15 -1.000000e+00
    outer loop
      vertex   -1.911559e+01 8.784913e+01 -4.732000e+00
      vertex   -1.833168e+01 8.837684e+01 -4.732000e+00
      vertex   -1.892693e+01 8.772998e+01 -4.732000e+00
    endloop
  endfacet
  facet normal -2.286611e-15 7.310991e-16 -1.000000e+00
    outer loop
      vertex   -1.892693e+01 8.772998e+01 -4.732000e+00
      vertex   -1.833168e+01 8.837684e+01 -4.732000e+00
      vertex   -1.853469e+01 8.774190e+01 -4.732000e+00
    endloop
  endfacet
  facet normal -2.352518e-15 2.898794e-15 -1.000000e+00
    outer loop
      vertex   -1.892693e+01 8.772998e+01 -4.732000e+00
      vertex   -1.853469e+01 8.774190e+01 -4.732000e+00
      vertex   -1.870392e+01 8.760456e+01 -4.732000e+00
    endloop
  endfacet
  facet normal -0.000000e+00 0.000000e+00 -1.000000e+00
    outer loop
      vertex   -1.820309e+01 8.802481e+01 -4.732000e+00
      vertex   -1.836773e+01 8.788200e+01 -4.732000e+00
      vertex   -1.833168e+01 8.837684e+01 -4.732000e+00
    endloop
  endfacet
  facet normal 0.000000e+00 0.000000e+00 -1.000000e+00
    outer loop
      vertex   -1.833168e+01 8.837684e+01 -4.732000e+00
      vertex   -1.836773e+01 8.788200e+01 -4.732000e+00
      vertex   -1.853469e+01 8.774190e+01 -4.732000e+00
    endloop
  endfacet
  facet normal -5.646063e-13 -4.335657e-13 -1.000000e+00
    outer loop
      vertex   -1.960825e+01 8.825785e+01 -4.732000e+00
      vertex   -1.962741e+01 8.828074e+01 -4.732000e+00
      vertex   -1.962770e+01 8.828112e+01 -4.732000e+00
    endloop
  endfacet
  facet normal 0.000000e+00 0.000000e+00 -1.000000e+00
    outer loop
      vertex   -2.164375e+01 8.756994e+01 -4.732000e+00
      vertex   -2.064543e+01 8.814632e+01 -4.732000e+00
      vertex   -2.142737e+01 8.714859e+01 -4.732000e+00
    endloop
  endfacet
  facet normal 0.000000e+00 0.000000e+00 -1.000000e+00
    outer loop
      vertex   -2.142737e+01 8.714859e+01 -4.732000e+00
      vertex   -2.064543e+01 8.814632e+01 -4.732000e+00
      vertex   -2.038872e+01 8.774826e+01 -4.732000e+00
    endloop
  endfacet
  facet normal -1.464065e-14 2.535835e-14 -1.000000e+00
    outer loop
      vertex   -2.142737e+01 8.714859e+01 -4.732000e+00
      vertex   -2.038872e+01 8.774826e+01 -4.732000e+00
      vertex   -2.141226e+01 8.712229e+01 -4.732000e+00
    endloop
  endfacet
  facet normal -6.459851e-15 1.198163e-14 -1.000000e+00
    outer loop
      vertex   -2.141226e+01 8.712229e+01 -4.732000e+00
      vertex   -2.038872e+01 8.774826e+01 -4.732000e+00
      vertex   -2.137667e+01 8.706735e+01 -4.732000e+00
    endloop
  endfacet
  facet normal 1.199151e-15 8.689318e-16 -1.000000e+00
    outer loop
      vertex   -2.137667e+01 8.706735e+01 -4.732000e+00
      vertex   -2.038872e+01 8.774826e+01 -4.732000e+00
      vertex   -2.131973e+01 8.698877e+01 -4.732000e+00
    endloop
  endfacet
  facet normal 1.299172e-15 7.463211e-16 -1.000000e+00
    outer loop
      vertex   -2.131973e+01 8.698877e+01 -4.732000e+00
      vertex   -2.038872e+01 8.774826e+01 -4.732000e+00
      vertex   -2.037069e+01 8.771688e+01 -4.732000e+00
    endloop
  endfacet
  facet normal 5.369898e-15 -4.559602e-15 -1.000000e+00
    outer loop
      vertex   -2.131973e+01 8.698877e+01 -4.732000e+00
      vertex   -2.037069e+01 8.771688e+01 -4.732000e+00
      vertex   -2.123916e+01 8.688886e+01 -4.732000e+00
    endloop
  endfacet
  facet normal 6.898224e-16 3.491331e-16 -1.000000e+00
    outer loop
      vertex   -2.123916e+01 8.688886e+01 -4.732000e+00
      vertex   -2.037069e+01 8.771688e+01 -4.732000e+00
      vertex   -2.034238e+01 8.766094e+01 -4.732000e+00
    endloop
  endfacet
  facet normal -4.095693e-15 5.907546e-15 -1.000000e+00
    outer loop
      vertex   -2.123916e+01 8.688886e+01 -4.732000e+00
      vertex   -2.034238e+01 8.766094e+01 -4.732000e+00
      vertex   -2.029207e+01 8.754548e+01 -4.732000e+00
    endloop
  endfacet
  facet normal 0.000000e+00 0.000000e+00 -1.000000e+00
    outer loop
      vertex   -2.038872e+01 8.774826e+01 -4.732000e+00
      vertex   -2.038846e+01 8.774785e+01 -4.732000e+00
      vertex   -2.037069e+01 8.771688e+01 -4.732000e+00
    endloop
  endfacet
  facet normal 0.000000e+00 0.000000e+00 -1.000000e+00
    outer loop
      vertex   -2.123916e+01 8.688886e+01 -4.732000e+00
      vertex   -2.029207e+01 8.754548e+01 -4.732000e+00
      vertex   -2.113270e+01 8.676991e+01 -4.732000e+00
    endloop
  endfacet
  facet normal 0.000000e+00 0.000000e+00 -1.000000e+00
    outer loop
      vertex   -2.113270e+01 8.676991e+01 -4.732000e+00
      vertex   -2.029207e+01 8.754548e+01 -4.732000e+00
      vertex   -2.020893e+01 8.730587e+01 -4.732000e+00
    endloop
  endfacet
  facet normal 0.000000e+00 0.000000e+00 -1.000000e+00
    outer loop
      vertex   -2.113270e+01 8.676991e+01 -4.732000e+00
      vertex   -2.020893e+01 8.730587e+01 -4.732000e+00
      vertex   -2.099805e+01 8.663424e+01 -4.732000e+00
    endloop
  endfacet
  facet normal 2.150669e-15 -2.526869e-15 -1.000000e+00
    outer loop
      vertex   -2.099805e+01 8.663424e+01 -4.732000e+00
      vertex   -2.020893e+01 8.730587e+01 -4.732000e+00
      vertex   -2.013442e+01 8.701780e+01 -4.732000e+00
    endloop
  endfacet
  facet normal 6.909088e-16 7.599418e-16 -1.000000e+00
    outer loop
      vertex   -2.099805e+01 8.663424e+01 -4.732000e+00
      vertex   -2.013442e+01 8.701780e+01 -4.732000e+00
      vertex   -2.083295e+01 8.648413e+01 -4.732000e+00
    endloop
  endfacet
  facet normal 2.124918e-15 -1.117058e-15 -1.000000e+00
    outer loop
      vertex   -2.083295e+01 8.648413e+01 -4.732000e+00
      vertex   -2.013442e+01 8.701780e+01 -4.732000e+00
      vertex   -2.044460e+01 8.642776e+01 -4.732000e+00
    endloop
  endfacet
  facet normal 2.778931e-15 3.388884e-15 -1.000000e+00
    outer loop
      vertex   -2.083295e+01 8.648413e+01 -4.732000e+00
      vertex   -2.044460e+01 8.642776e+01 -4.732000e+00
      vertex   -2.063511e+01 8.632190e+01 -4.732000e+00
    endloop
  endfacet
  facet normal -5.598257e-15 1.413125e-15 -1.000000e+00
    outer loop
      vertex   -2.006891e+01 8.664879e+01 -4.732000e+00
      vertex   -2.025585e+01 8.653674e+01 -4.732000e+00
      vertex   -2.013442e+01 8.701780e+01 -4.732000e+00
    endloop
  endfacet
  facet normal 0.000000e+00 0.000000e+00 -1.000000e+00
    outer loop
      vertex   -2.013442e+01 8.701780e+01 -4.732000e+00
      vertex   -2.025585e+01 8.653674e+01 -4.732000e+00
      vertex   -2.044460e+01 8.642776e+01 -4.732000e+00
    endloop
  endfacet
  facet normal 3.842311e-11 2.210872e-11 -1.000000e+00
    outer loop
      vertex   -2.141226e+01 8.712229e+01 -4.732000e+00
      vertex   -2.142715e+01 8.714817e+01 -4.732000e+00
      vertex   -2.142737e+01 8.714859e+01 -4.732000e+00
    endloop
  endfacet
  facet normal -7.372844e-16 1.247595e-15 -1.000000e+00
    outer loop
      vertex   -1.492292e+01 6.679816e+01 -4.732000e+00
      vertex   -1.429680e+01 6.645627e+01 -4.732000e+00
      vertex   -1.906336e+01 6.363940e+01 -4.732000e+00
    endloop
  endfacet
  facet normal 0.000000e+00 -0.000000e+00 -1.000000e+00
    outer loop
      vertex   -1.322125e+01 6.552430e+01 -4.732000e+00
      vertex   -1.279373e+01 6.495320e+01 -4.732000e+00
      vertex   -1.906336e+01 6.307857e+01 -4.732000e+00
    endloop
  endfacet
  facet normal -3.646128e-16 1.219429e-15 -1.000000e+00
    outer loop
      vertex   -1.906336e+01 6.307857e+01 -4.732000e+00
      vertex   -1.279373e+01 6.495320e+01 -4.732000e+00
      vertex   -1.245184e+01 6.432708e+01 -4.732000e+00
    endloop
  endfacet
  facet normal -1.254988e-16 -4.680863e-17 -1.000000e+00
    outer loop
      vertex   -1.906336e+01 6.307857e+01 -4.732000e+00
      vertex   -1.245184e+01 6.432708e+01 -4.732000e+00
      vertex   -1.220254e+01 6.365866e+01 -4.732000e+00
    endloop
  endfacet
  facet normal -1.271184e-16 -2.765293e-17 -1.000000e+00
    outer loop
      vertex   -1.220254e+01 6.365866e+01 -4.732000e+00
      vertex   -1.205089e+01 6.296157e+01 -4.732000e+00
      vertex   -1.906336e+01 6.307857e+01 -4.732000e+00
    endloop
  endfacet
  facet normal 3.998645e-17 9.988364e-15 -1.000000e+00
    outer loop
      vertex   -1.906336e+01 6.307857e+01 -4.732000e+00
      vertex   -1.205089e+01 6.296157e+01 -4.732000e+00
      vertex   -1.200000e+01 6.225000e+01 -4.732000e+00
    endloop
  endfacet
  facet normal 1.179884e-16 -2.566682e-17 -1.000000e+00
    outer loop
      vertex   -1.205089e+01 6.064741e+01 -4.732000e+00
      vertex   -1.220254e+01 5.995032e+01 -4.732000e+00
      vertex   -1.916950e+01 6.252787e+01 -4.732000e+00
    endloop
  endfacet
  facet normal 1.120258e-16 -4.178347e-17 -1.000000e+00
    outer loop
      vertex   -1.916950e+01 6.252787e+01 -4.732000e+00
      vertex   -1.220254e+01 5.995032e+01 -4.732000e+00
      vertex   -1.245184e+01 5.928191e+01 -4.732000e+00
    endloop
  endfacet
  facet normal 6.469490e-16 1.065262e-15 -1.000000e+00
    outer loop
      vertex   -1.916950e+01 6.252787e+01 -4.732000e+00
      vertex   -1.245184e+01 5.928191e+01 -4.732000e+00
      vertex   -1.279373e+01 5.865578e+01 -4.732000e+00
    endloop
  endfacet
  facet normal -0.000000e+00 0.000000e+00 -1.000000e+00
    outer loop
      vertex   -1.279373e+01 5.865578e+01 -4.732000e+00
      vertex   -1.322125e+01 5.808468e+01 -4.732000e+00
      vertex   -1.916950e+01 6.252787e+01 -4.732000e+00
    endloop
  endfacet
  facet normal 0.000000e+00 0.000000e+00 -1.000000e+00
    outer loop
      vertex   -1.916950e+01 6.252787e+01 -4.732000e+00
      vertex   -1.322125e+01 5.808468e+01 -4.732000e+00
      vertex   -1.372570e+01 5.758024e+01 -4.732000e+00
    endloop
  endfacet
  facet normal 0.000000e+00 0.000000e+00 -1.000000e+00
    outer loop
      vertex   -1.916950e+01 6.252787e+01 -4.732000e+00
      vertex   -1.372570e+01 5.758024e+01 -4.732000e+00
      vertex   -1.429680e+01 5.715272e+01 -4.732000e+00
    endloop
  endfacet
  facet normal -0.000000e+00 0.000000e+00 -1.000000e+00
    outer loop
      vertex   -1.559134e+01 5.656152e+01 -4.732000e+00
      vertex   -1.628843e+01 5.640988e+01 -4.732000e+00
      vertex   -1.937794e+01 6.200722e+01 -4.732000e+00
    endloop
  endfacet
  facet normal 9.606278e-15 5.302285e-15 -1.000000e+00
    outer loop
      vertex   -1.937794e+01 6.200722e+01 -4.732000e+00
      vertex   -1.628843e+01 5.640988e+01 -4.732000e+00
      vertex   -1.700000e+01 5.635898e+01 -4.732000e+00
    endloop
  endfacet
  facet normal -3.010774e-17 2.438727e-16 -1.000000e+00
    outer loop
      vertex   -3.550000e+01 8.200000e+01 -4.732000e+00
      vertex   -6.500000e+01 8.200000e+01 -4.732000e+00
      vertex   -4.590000e+01 8.800000e+01 -4.732000e+00
    endloop
  endfacet
  facet normal -9.300298e-17 4.440892e-16 -1.000000e+00
    outer loop
      vertex   -4.590000e+01 8.800000e+01 -4.732000e+00
      vertex   -6.500000e+01 8.200000e+01 -4.732000e+00
      vertex   -6.500000e+01 8.800000e+01 -4.732000e+00
    endloop
  endfacet
  facet normal -6.540313e-02 -9.978589e-01 -0.000000e+00
    outer loop
      vertex   -3.550000e+01 8.200000e+01 3.000000e+00
      vertex   -3.550000e+01 8.200000e+01 -3.000000e+00
      vertex   -3.478211e+01 8.195295e+01 3.000000e+00
    endloop
  endfacet
  facet normal -6.540313e-02 -9.978589e-01 -0.000000e+00
    outer loop
      vertex   -3.478211e+01 8.195295e+01 3.000000e+00
      vertex   -3.550000e+01 8.200000e+01 -3.000000e+00
      vertex   -3.478211e+01 8.195295e+01 -3.000000e+00
    endloop
  endfacet
  facet normal -1.950903e-01 -9.807853e-01 -0.000000e+00
    outer loop
      vertex   -3.478211e+01 8.195295e+01 3.000000e+00
      vertex   -3.478211e+01 8.195295e+01 -3.000000e+00
      vertex   -3.407650e+01 8.181259e+01 3.000000e+00
    endloop
  endfacet
  facet normal -1.950903e-01 -9.807853e-01 -0.000000e+00
    outer loop
      vertex   -3.407650e+01 8.181259e+01 3.000000e+00
      vertex   -3.478211e+01 8.195295e+01 -3.000000e+00
      vertex   -3.407650e+01 8.181259e+01 -3.000000e+00
    endloop
  endfacet
  facet normal -3.214395e-01 -9.469301e-01 -0.000000e+00
    outer loop
      vertex   -3.407650e+01 8.181259e+01 3.000000e+00
      vertex   -3.407650e+01 8.181259e+01 -3.000000e+00
      vertex   -3.339524e+01 8.158134e+01 3.000000e+00
    endloop
  endfacet
  facet normal -3.214395e-01 -9.469301e-01 3.806608e-16
    outer loop
      vertex   -3.339524e+01 8.158134e+01 3.000000e+00
      vertex   -3.407650e+01 8.181259e+01 -3.000000e+00
      vertex   -3.339524e+01 8.158134e+01 -3.000000e+00
    endloop
  endfacet
  facet normal -4.422887e-01 -8.968727e-01 5.237750e-16
    outer loop
      vertex   -3.339524e+01 8.158134e+01 3.000000e+00
      vertex   -3.339524e+01 8.158134e+01 -3.000000e+00
      vertex   -3.275000e+01 8.126314e+01 3.000000e+00
    endloop
  endfacet
  facet normal -4.422887e-01 -8.968727e-01 2.647996e-15
    outer loop
      vertex   -3.275000e+01 8.126314e+01 3.000000e+00
      vertex   -3.339524e+01 8.158134e+01 -3.000000e+00
      vertex   -3.275000e+01 8.126314e+01 -3.000000e+00
    endloop
  endfacet
  facet normal -5.555702e-01 -8.314696e-01 2.627243e-15
    outer loop
      vertex   -3.275000e+01 8.126314e+01 3.000000e+00
      vertex   -3.275000e+01 8.126314e+01 -3.000000e+00
      vertex   -3.215181e+01 8.086344e+01 3.000000e+00
    endloop
  endfacet
  facet normal -5.555702e-01 -8.314696e-01 6.579273e-16
    outer loop
      vertex   -3.215181e+01 8.086344e+01 3.000000e+00
      vertex   -3.275000e+01 8.126314e+01 -3.000000e+00
      vertex   -3.215181e+01 8.086344e+01 -3.000000e+00
    endloop
  endfacet
  facet normal -6.593458e-01 -7.518398e-01 7.808223e-16
    outer loop
      vertex   -3.215181e+01 8.086344e+01 3.000000e+00
      vertex   -3.215181e+01 8.086344e+01 -3.000000e+00
      vertex   -3.161091e+01 8.038909e+01 3.000000e+00
    endloop
  endfacet
  facet normal -6.593458e-01 -7.518398e-01 3.904111e-16
    outer loop
      vertex   -3.161091e+01 8.038909e+01 3.000000e+00
      vertex   -3.215181e+01 8.086344e+01 -3.000000e+00
      vertex   -3.161091e+01 8.038909e+01 -3.000000e+00
    endloop
  endfacet
  facet normal -7.518398e-01 -6.593458e-01 4.451786e-16
    outer loop
      vertex   -3.161091e+01 8.038909e+01 3.000000e+00
      vertex   -3.161091e+01 8.038909e+01 -3.000000e+00
      vertex   -3.113656e+01 7.984819e+01 3.000000e+00
    endloop
  endfacet
  facet normal -7.518398e-01 -6.593458e-01 2.452002e-15
    outer loop
      vertex   -3.113656e+01 7.984819e+01 3.000000e+00
      vertex   -3.161091e+01 8.038909e+01 -3.000000e+00
      vertex   -3.113656e+01 7.984819e+01 -3.000000e+00
    endloop
  endfacet
  facet normal -8.314696e-01 -5.555702e-01 2.300512e-15
    outer loop
      vertex   -3.113656e+01 7.984819e+01 3.000000e+00
      vertex   -3.113656e+01 7.984819e+01 -3.000000e+00
      vertex   -3.073686e+01 7.925000e+01 3.000000e+00
    endloop
  endfacet
  facet normal -8.314696e-01 -5.555702e-01 1.476987e-15
    outer loop
      vertex   -3.073686e+01 7.925000e+01 3.000000e+00
      vertex   -3.113656e+01 7.984819e+01 -3.000000e+00
      vertex   -3.073686e+01 7.925000e+01 -3.000000e+00
    endloop
  endfacet
  facet normal -8.968727e-01 -4.422887e-01 1.593166e-15
    outer loop
      vertex   -3.073686e+01 7.925000e+01 3.000000e+00
      vertex   -3.073686e+01 7.925000e+01 -3.000000e+00
      vertex   -3.041866e+01 7.860476e+01 3.000000e+00
    endloop
  endfacet
  facet normal -8.968727e-01 -4.422887e-01 1.456063e-17
    outer loop
      vertex   -3.041866e+01 7.860476e+01 3.000000e+00
      vertex   -3.073686e+01 7.925000e+01 -3.000000e+00
      vertex   -3.041866e+01 7.860476e+01 -3.000000e+00
    endloop
  endfacet
  facet normal -9.469301e-01 -3.214395e-01 3.600690e-16
    outer loop
      vertex   -3.041866e+01 7.860476e+01 3.000000e+00
      vertex   -3.041866e+01 7.860476e+01 -3.000000e+00
      vertex   -3.018741e+01 7.792350e+01 3.000000e+00
    endloop
  endfacet
  facet normal -9.469301e-01 -3.214395e-01 2.242781e-15
    outer loop
      vertex   -3.018741e+01 7.792350e+01 3.000000e+00
      vertex   -3.041866e+01 7.860476e+01 -3.000000e+00
      vertex   -3.018741e+01 7.792350e+01 -3.000000e+00
    endloop
  endfacet
  facet normal -9.807853e-01 -1.950903e-01 2.322966e-15
    outer loop
      vertex   -3.018741e+01 7.792350e+01 3.000000e+00
      vertex   -3.018741e+01 7.792350e+01 -3.000000e+00
      vertex   -3.004705e+01 7.721789e+01 3.000000e+00
    endloop
  endfacet
  facet normal -9.807853e-01 -1.950903e-01 2.322966e-15
    outer loop
      vertex   -3.004705e+01 7.721789e+01 3.000000e+00
      vertex   -3.018741e+01 7.792350e+01 -3.000000e+00
      vertex   -3.004705e+01 7.721789e+01 -3.000000e+00
    endloop
  endfacet
  facet normal -9.978589e-01 -6.540313e-02 2.363405e-15
    outer loop
      vertex   -3.004705e+01 7.721789e+01 3.000000e+00
      vertex   -3.004705e+01 7.721789e+01 -3.000000e+00
      vertex   -3.000000e+01 7.650000e+01 3.000000e+00
    endloop
  endfacet
  facet normal -9.978589e-01 -6.540313e-02 -0.000000e+00
    outer loop
      vertex   -3.000000e+01 7.650000e+01 3.000000e+00
      vertex   -3.004705e+01 7.721789e+01 -3.000000e+00
      vertex   -3.000000e+01 7.650000e+01 -3.000000e+00
    endloop
  endfacet
  facet normal -6.540313e-02 -9.978589e-01 3.621014e-09
    outer loop
      vertex   -3.550000e+01 8.200000e+01 -4.732000e+00
      vertex   -3.478211e+01 8.195295e+01 -4.732000e+00
      vertex   -3.550000e+01 8.200000e+01 -3.000000e+00
    endloop
  endfacet
  facet normal -6.540313e-02 -9.978589e-01 3.922759e-09
    outer loop
      vertex   -3.550000e+01 8.200000e+01 -3.000000e+00
      vertex   -3.478211e+01 8.195295e+01 -4.732000e+00
      vertex   -3.478211e+01 8.195295e+01 -3.000000e+00
    endloop
  endfacet
  facet normal -1.950903e-01 -9.807853e-01 1.049934e-08
    outer loop
      vertex   -3.478211e+01 8.195295e+01 -3.000000e+00
      vertex   -3.478211e+01 8.195295e+01 -4.732000e+00
      vertex   -3.407650e+01 8.181259e+01 -4.732000e+00
    endloop
  endfacet
  facet normal -1.950903e-01 -9.807853e-01 1.140458e-08
    outer loop
      vertex   -3.478211e+01 8.195295e+01 -3.000000e+00
      vertex   -3.407650e+01 8.181259e+01 -4.732000e+00
      vertex   -3.407650e+01 8.181259e+01 -3.000000e+00
    endloop
  endfacet
  facet normal -3.214395e-01 -9.469301e-01 1.719286e-08
    outer loop
      vertex   -3.407650e+01 8.181259e+01 -3.000000e+00
      vertex   -3.407650e+01 8.181259e+01 -4.732000e+00
      vertex   -3.339524e+01 8.158134e+01 -4.732000e+00
    endloop
  endfacet
  facet normal -3.214395e-01 -9.469301e-01 1.870157e-08
    outer loop
      vertex   -3.407650e+01 8.181259e+01 -3.000000e+00
      vertex   -3.339524e+01 8.158134e+01 -4.732000e+00
      vertex   -3.339524e+01 8.158134e+01 -3.000000e+00
    endloop
  endfacet
  facet normal -4.422887e-01 -8.968727e-01 2.358187e-08
    outer loop
      vertex   -3.339524e+01 8.158134e+01 -3.000000e+00
      vertex   -3.339524e+01 8.158134e+01 -4.732000e+00
      vertex   -3.275000e+01 8.126314e+01 -4.732000e+00
    endloop
  endfacet
  facet normal -4.422887e-01 -8.968727e-01 2.569407e-08
    outer loop
      vertex   -3.339524e+01 8.158134e+01 -3.000000e+00
      vertex   -3.275000e+01 8.126314e+01 -4.732000e+00
      vertex   -3.275000e+01 8.126314e+01 -3.000000e+00
    endloop
  endfacet
  facet normal -5.555702e-01 -8.314696e-01 2.955190e-08
    outer loop
      vertex   -3.275000e+01 8.126314e+01 -3.000000e+00
      vertex   -3.275000e+01 8.126314e+01 -4.732000e+00
      vertex   -3.215181e+01 8.086344e+01 -4.732000e+00
    endloop
  endfacet
  facet normal -5.555702e-01 -8.314696e-01 3.226760e-08
    outer loop
      vertex   -3.275000e+01 8.126314e+01 -3.000000e+00
      vertex   -3.215181e+01 8.086344e+01 -4.732000e+00
      vertex   -3.215181e+01 8.086344e+01 -3.000000e+00
    endloop
  endfacet
  facet normal -6.593458e-01 -7.518398e-01 3.499565e-08
    outer loop
      vertex   -3.215181e+01 8.086344e+01 -3.000000e+00
      vertex   -3.215181e+01 8.086344e+01 -4.732000e+00
      vertex   -3.161091e+01 8.038909e+01 -4.732000e+00
    endloop
  endfacet
  facet normal -6.593458e-01 -7.518398e-01 3.831483e-08
    outer loop
      vertex   -3.215181e+01 8.086344e+01 -3.000000e+00
      vertex   -3.161091e+01 8.038909e+01 -4.732000e+00
      vertex   -3.161091e+01 8.038909e+01 -3.000000e+00
    endloop
  endfacet
  facet normal -7.518398e-01 -6.593458e-01 3.981479e-08
    outer loop
      vertex   -3.161091e+01 8.038909e+01 -3.000000e+00
      vertex   -3.161091e+01 8.038909e+01 -4.732000e+00
      vertex   -3.113656e+01 7.984819e+01 -4.732000e+00
    endloop
  endfacet
  facet normal -7.518398e-01 -6.593458e-01 4.373747e-08
    outer loop
      vertex   -3.161091e+01 8.038909e+01 -3.000000e+00
      vertex   -3.113656e+01 7.984819e+01 -4.732000e+00
      vertex   -3.113656e+01 7.984819e+01 -3.000000e+00
    endloop
  endfacet
  facet normal -8.314696e-01 -5.555702e-01 4.392172e-08
    outer loop
      vertex   -3.113656e+01 7.984819e+01 -3.000000e+00
      vertex   -3.113656e+01 7.984819e+01 -4.732000e+00
      vertex   -3.073686e+01 7.925000e+01 -3.000000e+00
    endloop
  endfacet
  facet normal -8.314696e-01 -5.555702e-01 4.844787e-08
    outer loop
      vertex   -3.073686e+01 7.925000e+01 -3.000000e+00
      vertex   -3.113656e+01 7.984819e+01 -4.732000e+00
      vertex   -3.073686e+01 7.925000e+01 -4.732000e+00
    endloop
  endfacet
  facet normal -8.968727e-01 -4.422887e-01 4.724098e-08
    outer loop
      vertex   -3.073686e+01 7.925000e+01 -3.000000e+00
      vertex   -3.073686e+01 7.925000e+01 -4.732000e+00
      vertex   -3.041866e+01 7.860476e+01 -3.000000e+00
    endloop
  endfacet
  facet normal -8.968727e-01 -4.422887e-01 5.237063e-08
    outer loop
      vertex   -3.041866e+01 7.860476e+01 -3.000000e+00
      vertex   -3.073686e+01 7.925000e+01 -4.732000e+00
      vertex   -3.041866e+01 7.860476e+01 -4.732000e+00
    endloop
  endfacet
  facet normal -9.469301e-01 -3.214395e-01 4.971065e-08
    outer loop
      vertex   -3.041866e+01 7.860476e+01 -3.000000e+00
      vertex   -3.041866e+01 7.860476e+01 -4.732000e+00
      vertex   -3.018741e+01 7.792350e+01 -3.000000e+00
    endloop
  endfacet
  facet normal -9.469301e-01 -3.214395e-01 5.544377e-08
    outer loop
      vertex   -3.018741e+01 7.792350e+01 -3.000000e+00
      vertex   -3.041866e+01 7.860476e+01 -4.732000e+00
      vertex   -3.018741e+01 7.792350e+01 -4.732000e+00
    endloop
  endfacet
  facet normal -9.807853e-01 -1.950903e-01 5.128327e-08
    outer loop
      vertex   -3.018741e+01 7.792350e+01 -3.000000e+00
      vertex   -3.018741e+01 7.792350e+01 -4.732000e+00
      vertex   -3.004705e+01 7.721789e+01 -3.000000e+00
    endloop
  endfacet
  facet normal -9.807853e-01 -1.950903e-01 5.761989e-08
    outer loop
      vertex   -3.004705e+01 7.721789e+01 -3.000000e+00
      vertex   -3.018741e+01 7.792350e+01 -4.732000e+00
      vertex   -3.004705e+01 7.721789e+01 -4.732000e+00
    endloop
  endfacet
  facet normal -9.978589e-01 -6.540313e-02 5.192680e-08
    outer loop
      vertex   -3.004705e+01 7.721789e+01 -3.000000e+00
      vertex   -3.004705e+01 7.721789e+01 -4.732000e+00
      vertex   -3.000000e+01 7.650000e+01 -3.000000e+00
    endloop
  endfacet
  facet normal -9.978589e-01 -6.540311e-02 5.886692e-08
    outer loop
      vertex   -3.000000e+01 7.650000e+01 -3.000000e+00
      vertex   -3.004705e+01 7.721789e+01 -4.732000e+00
      vertex   -3.000000e+01 7.650000e+01 -4.732000e+00
    endloop
  endfacet
  facet normal -4.335515e-15 -1.000000e+00 1.713322e-15
    outer loop
      vertex   -6.500000e+01 8.200000e+01 -4.732000e+00
      vertex   -3.550000e+01 8.200000e+01 -4.732000e+00
      vertex   -3.900000e+01 8.200000e+01 3.000000e+00
    endloop
  endfacet
  facet normal -8.120488e-15 -1.000000e+00 4.495870e-22
    outer loop
      vertex   -3.900000e+01 8.200000e+01 3.000000e+00
      vertex   -3.550000e+01 8.200000e+01 -4.732000e+00
      vertex   -3.550000e+01 8.200000e+01 -3.000000e+00
    endloop
  endfacet
  facet normal -8.120488e-15 -1.000000e+00 0.000000e+00
    outer loop
      vertex   -3.900000e+01 8.200000e+01 3.000000e+00
      vertex   -3.550000e+01 8.200000e+01 -3.000000e+00
      vertex   -3.550000e+01 8.200000e+01 3.000000e+00
    endloop
  endfacet
  facet normal -3.825999e-15 -1.000000e+00 -0.000000e+00
    outer loop
      vertex   -3.900000e+01 8.200000e+01 2.700000e+01
      vertex   -6.500000e+01 8.200000e+01 2.700000e+01
      vertex   -3.900000e+01 8.200000e+01 3.000000e+00
    endloop
  endfacet
  facet normal -3.825999e-15 -1.000000e+00 5.140305e-29
    outer loop
      vertex   -3.900000e+01 8.200000e+01 3.000000e+00
      vertex   -6.500000e+01 8.200000e+01 2.700000e+01
      vertex   -6.500000e+01 8.200000e+01 -4.732000e+00
    endloop
  endfacet
  facet normal -6.540313e-02 -9.978589e-01 1.181702e-15
    outer loop
      vertex   -2.450000e+01 5.635898e+01 -3.000000e+00
      vertex   -2.450000e+01 5.635898e+01 3.000000e+00
      vertex   -2.521789e+01 5.640604e+01 -3.000000e+00
    endloop
  endfacet
  facet normal -6.540313e-02 -9.978589e-01 0.000000e+00
    outer loop
      vertex   -2.521789e+01 5.640604e+01 -3.000000e+00
      vertex   -2.450000e+01 5.635898e+01 3.000000e+00
      vertex   -2.521789e+01 5.640604e+01 3.000000e+00
    endloop
  endfacet
  facet normal -1.950903e-01 -9.807853e-01 0.000000e+00
    outer loop
      vertex   -2.521789e+01 5.640604e+01 -3.000000e+00
      vertex   -2.521789e+01 5.640604e+01 3.000000e+00
      vertex   -2.592350e+01 5.654639e+01 -3.000000e+00
    endloop
  endfacet
  facet normal -1.950903e-01 -9.807853e-01 -1.161483e-15
    outer loop
      vertex   -2.592350e+01 5.654639e+01 -3.000000e+00
      vertex   -2.521789e+01 5.640604e+01 3.000000e+00
      vertex   -2.592350e+01 5.654639e+01 3.000000e+00
    endloop
  endfacet
  facet normal -3.214395e-01 -9.469301e-01 -1.121391e-15
    outer loop
      vertex   -2.592350e+01 5.654639e+01 -3.000000e+00
      vertex   -2.592350e+01 5.654639e+01 3.000000e+00
      vertex   -2.660476e+01 5.677765e+01 -3.000000e+00
    endloop
  endfacet
  facet normal -3.214395e-01 -9.469301e-01 -2.242781e-15
    outer loop
      vertex   -2.660476e+01 5.677765e+01 -3.000000e+00
      vertex   -2.592350e+01 5.654639e+01 3.000000e+00
      vertex   -2.660476e+01 5.677765e+01 3.000000e+00
    endloop
  endfacet
  facet normal -4.422887e-01 -8.968727e-01 -2.124221e-15
    outer loop
      vertex   -2.660476e+01 5.677765e+01 -3.000000e+00
      vertex   -2.660476e+01 5.677765e+01 3.000000e+00
      vertex   -2.725000e+01 5.709584e+01 -3.000000e+00
    endloop
  endfacet
  facet normal -4.422887e-01 -8.968727e-01 -2.386109e-15
    outer loop
      vertex   -2.725000e+01 5.709584e+01 -3.000000e+00
      vertex   -2.660476e+01 5.677765e+01 3.000000e+00
      vertex   -2.725000e+01 5.709584e+01 3.000000e+00
    endloop
  endfacet
  facet normal -5.555702e-01 -8.314696e-01 -2.298279e-15
    outer loop
      vertex   -2.725000e+01 5.709584e+01 -3.000000e+00
      vertex   -2.725000e+01 5.709584e+01 3.000000e+00
      vertex   -2.784819e+01 5.749554e+01 -3.000000e+00
    endloop
  endfacet
  facet normal -5.555702e-01 -8.314696e-01 -3.289637e-16
    outer loop
      vertex   -2.784819e+01 5.749554e+01 -3.000000e+00
      vertex   -2.725000e+01 5.709584e+01 3.000000e+00
      vertex   -2.784819e+01 5.749554e+01 3.000000e+00
    endloop
  endfacet
  facet normal -6.593458e-01 -7.518398e-01 -3.904111e-16
    outer loop
      vertex   -2.784819e+01 5.749554e+01 -3.000000e+00
      vertex   -2.784819e+01 5.749554e+01 3.000000e+00
      vertex   -2.838909e+01 5.796990e+01 -3.000000e+00
    endloop
  endfacet
  facet normal -6.593458e-01 -7.518398e-01 0.000000e+00
    outer loop
      vertex   -2.838909e+01 5.796990e+01 -3.000000e+00
      vertex   -2.784819e+01 5.749554e+01 3.000000e+00
      vertex   -2.838909e+01 5.796990e+01 3.000000e+00
    endloop
  endfacet
  facet normal -7.518398e-01 -6.593458e-01 0.000000e+00
    outer loop
      vertex   -2.838909e+01 5.796990e+01 -3.000000e+00
      vertex   -2.838909e+01 5.796990e+01 3.000000e+00
      vertex   -2.886344e+01 5.851080e+01 -3.000000e+00
    endloop
  endfacet
  facet normal -7.518398e-01 -6.593458e-01 -1.226001e-15
    outer loop
      vertex   -2.886344e+01 5.851080e+01 -3.000000e+00
      vertex   -2.838909e+01 5.796990e+01 3.000000e+00
      vertex   -2.886344e+01 5.851080e+01 3.000000e+00
    endloop
  endfacet
  facet normal -8.314696e-01 -5.555702e-01 -1.150256e-15
    outer loop
      vertex   -2.886344e+01 5.851080e+01 -3.000000e+00
      vertex   -2.886344e+01 5.851080e+01 3.000000e+00
      vertex   -2.926314e+01 5.910898e+01 -3.000000e+00
    endloop
  endfacet
  facet normal -8.314696e-01 -5.555702e-01 -4.923289e-16
    outer loop
      vertex   -2.926314e+01 5.910898e+01 -3.000000e+00
      vertex   -2.886344e+01 5.851080e+01 3.000000e+00
      vertex   -2.926314e+01 5.910898e+01 3.000000e+00
    endloop
  endfacet
  facet normal -8.968727e-01 -4.422887e-01 -5.310553e-16
    outer loop
      vertex   -2.926314e+01 5.910898e+01 -3.000000e+00
      vertex   -2.926314e+01 5.910898e+01 3.000000e+00
      vertex   -2.958134e+01 5.975422e+01 -3.000000e+00
    endloop
  endfacet
  facet normal -8.968727e-01 -4.422887e-01 5.310553e-16
    outer loop
      vertex   -2.958134e+01 5.975422e+01 -3.000000e+00
      vertex   -2.926314e+01 5.910898e+01 3.000000e+00
      vertex   -2.958134e+01 5.975422e+01 3.000000e+00
    endloop
  endfacet
  facet normal -9.469301e-01 -3.214395e-01 5.606953e-16
    outer loop
      vertex   -2.958134e+01 5.975422e+01 -3.000000e+00
      vertex   -2.958134e+01 5.975422e+01 3.000000e+00
      vertex   -2.981259e+01 6.043548e+01 -3.000000e+00
    endloop
  endfacet
  facet normal -9.469301e-01 -3.214395e-01 0.000000e+00
    outer loop
      vertex   -2.981259e+01 6.043548e+01 -3.000000e+00
      vertex   -2.958134e+01 5.975422e+01 3.000000e+00
      vertex   -2.981259e+01 6.043548e+01 3.000000e+00
    endloop
  endfacet
  facet normal -9.807853e-01 -1.950903e-01 0.000000e+00
    outer loop
      vertex   -2.981259e+01 6.043548e+01 -3.000000e+00
      vertex   -2.981259e+01 6.043548e+01 3.000000e+00
      vertex   -2.995295e+01 6.114109e+01 -3.000000e+00
    endloop
  endfacet
  facet normal -9.807853e-01 -1.950903e-01 -2.310334e-16
    outer loop
      vertex   -2.995295e+01 6.114109e+01 -3.000000e+00
      vertex   -2.981259e+01 6.043548e+01 3.000000e+00
      vertex   -2.995295e+01 6.114109e+01 3.000000e+00
    endloop
  endfacet
  facet normal -9.978589e-01 -6.540313e-02 -7.745286e-17
    outer loop
      vertex   -2.995295e+01 6.114109e+01 -3.000000e+00
      vertex   -2.995295e+01 6.114109e+01 3.000000e+00
      vertex   -3.000000e+01 6.185898e+01 -3.000000e+00
    endloop
  endfacet
  facet normal -9.978589e-01 -6.540313e-02 0.000000e+00
    outer loop
      vertex   -3.000000e+01 6.185898e+01 -3.000000e+00
      vertex   -2.995295e+01 6.114109e+01 3.000000e+00
      vertex   -3.000000e+01 6.185898e+01 3.000000e+00
    endloop
  endfacet
  facet normal -9.978589e-01 -6.540311e-02 1.986865e-07
    outer loop
      vertex   -3.000000e+01 6.185898e+01 -4.732000e+00
      vertex   -2.995295e+01 6.114109e+01 -4.732000e+00
      vertex   -3.000000e+01 6.185898e+01 -3.000000e+00
    endloop
  endfacet
  facet normal -9.978589e-01 -6.540313e-02 2.056266e-07
    outer loop
      vertex   -3.000000e+01 6.185898e+01 -3.000000e+00
      vertex   -2.995295e+01 6.114109e+01 -4.732000e+00
      vertex   -2.995295e+01 6.114109e+01 -3.000000e+00
    endloop
  endfacet
  facet normal -9.807853e-01 -1.950903e-01 1.955267e-07
    outer loop
      vertex   -2.995295e+01 6.114109e+01 -3.000000e+00
      vertex   -2.995295e+01 6.114109e+01 -4.732000e+00
      vertex   -2.981259e+01 6.043548e+01 -4.732000e+00
    endloop
  endfacet
  facet normal -9.807853e-01 -1.950903e-01 2.018633e-07
    outer loop
      vertex   -2.995295e+01 6.114109e+01 -3.000000e+00
      vertex   -2.981259e+01 6.043548e+01 -4.732000e+00
      vertex   -2.981259e+01 6.043548e+01 -3.000000e+00
    endloop
  endfacet
  facet normal -9.469301e-01 -3.214395e-01 1.889646e-07
    outer loop
      vertex   -2.981259e+01 6.043548e+01 -3.000000e+00
      vertex   -2.981259e+01 6.043548e+01 -4.732000e+00
      vertex   -2.958134e+01 5.975423e+01 -4.732000e+00
    endloop
  endfacet
  facet normal -9.469301e-01 -3.214395e-01 1.946977e-07
    outer loop
      vertex   -2.981259e+01 6.043548e+01 -3.000000e+00
      vertex   -2.958134e+01 5.975423e+01 -4.732000e+00
      vertex   -2.958134e+01 5.975422e+01 -3.000000e+00
    endloop
  endfacet
  facet normal -8.968727e-01 -4.422887e-01 1.791176e-07
    outer loop
      vertex   -2.958134e+01 5.975422e+01 -3.000000e+00
      vertex   -2.958134e+01 5.975423e+01 -4.732000e+00
      vertex   -2.926314e+01 5.910898e+01 -4.732000e+00
    endloop
  endfacet
  facet normal -8.968727e-01 -4.422887e-01 1.842473e-07
    outer loop
      vertex   -2.958134e+01 5.975422e+01 -3.000000e+00
      vertex   -2.926314e+01 5.910898e+01 -4.732000e+00
      vertex   -2.926314e+01 5.910898e+01 -3.000000e+00
    endloop
  endfacet
  facet normal -8.314696e-01 -5.555702e-01 1.661595e-07
    outer loop
      vertex   -2.926314e+01 5.910898e+01 -3.000000e+00
      vertex   -2.926314e+01 5.910898e+01 -4.732000e+00
      vertex   -2.886344e+01 5.851080e+01 -4.732000e+00
    endloop
  endfacet
  facet normal -8.314696e-01 -5.555702e-01 1.706856e-07
    outer loop
      vertex   -2.926314e+01 5.910898e+01 -3.000000e+00
      vertex   -2.886344e+01 5.851080e+01 -4.732000e+00
      vertex   -2.886344e+01 5.851080e+01 -3.000000e+00
    endloop
  endfacet
  facet normal -7.518398e-01 -6.593458e-01 1.503169e-07
    outer loop
      vertex   -2.886344e+01 5.851080e+01 -3.000000e+00
      vertex   -2.886344e+01 5.851080e+01 -4.732000e+00
      vertex   -2.838909e+01 5.796990e+01 -4.732000e+00
    endloop
  endfacet
  facet normal -7.518398e-01 -6.593458e-01 1.542396e-07
    outer loop
      vertex   -2.886344e+01 5.851080e+01 -3.000000e+00
      vertex   -2.838909e+01 5.796990e+01 -4.732000e+00
      vertex   -2.838909e+01 5.796990e+01 -3.000000e+00
    endloop
  endfacet
  facet normal -6.593458e-01 -7.518398e-01 1.318663e-07
    outer loop
      vertex   -2.838909e+01 5.796990e+01 -3.000000e+00
      vertex   -2.838909e+01 5.796990e+01 -4.732000e+00
      vertex   -2.784819e+01 5.749554e+01 -4.732000e+00
    endloop
  endfacet
  facet normal -6.593458e-01 -7.518398e-01 1.351855e-07
    outer loop
      vertex   -2.838909e+01 5.796990e+01 -3.000000e+00
      vertex   -2.784819e+01 5.749554e+01 -4.732000e+00
      vertex   -2.784819e+01 5.749554e+01 -3.000000e+00
    endloop
  endfacet
  facet normal -5.555702e-01 -8.314696e-01 1.111284e-07
    outer loop
      vertex   -2.784819e+01 5.749554e+01 -3.000000e+00
      vertex   -2.784819e+01 5.749554e+01 -4.732000e+00
      vertex   -2.725000e+01 5.709584e+01 -4.732000e+00
    endloop
  endfacet
  facet normal -5.555702e-01 -8.314696e-01 1.138441e-07
    outer loop
      vertex   -2.784819e+01 5.749554e+01 -3.000000e+00
      vertex   -2.725000e+01 5.709584e+01 -4.732000e+00
      vertex   -2.725000e+01 5.709584e+01 -3.000000e+00
    endloop
  endfacet
  facet normal -4.422887e-01 -8.968727e-01 8.846330e-08
    outer loop
      vertex   -2.725000e+01 5.709584e+01 -3.000000e+00
      vertex   -2.725000e+01 5.709584e+01 -4.732000e+00
      vertex   -2.660476e+01 5.677765e+01 -4.732000e+00
    endloop
  endfacet
  facet normal -4.422887e-01 -8.968727e-01 9.057551e-08
    outer loop
      vertex   -2.725000e+01 5.709584e+01 -3.000000e+00
      vertex   -2.660476e+01 5.677765e+01 -4.732000e+00
      vertex   -2.660476e+01 5.677765e+01 -3.000000e+00
    endloop
  endfacet
  facet normal -3.214395e-01 -9.469301e-01 6.426389e-08
    outer loop
      vertex   -2.660476e+01 5.677765e+01 -3.000000e+00
      vertex   -2.660476e+01 5.677765e+01 -4.732000e+00
      vertex   -2.592351e+01 5.654639e+01 -4.732000e+00
    endloop
  endfacet
  facet normal -3.214395e-01 -9.469301e-01 6.577261e-08
    outer loop
      vertex   -2.660476e+01 5.677765e+01 -3.000000e+00
      vertex   -2.592351e+01 5.654639e+01 -4.732000e+00
      vertex   -2.592350e+01 5.654639e+01 -3.000000e+00
    endloop
  endfacet
  facet normal -1.950903e-01 -9.807853e-01 3.894942e-08
    outer loop
      vertex   -2.592350e+01 5.654639e+01 -3.000000e+00
      vertex   -2.592351e+01 5.654639e+01 -4.732000e+00
      vertex   -2.521789e+01 5.640604e+01 -4.732000e+00
    endloop
  endfacet
  facet normal -1.950903e-01 -9.807853e-01 3.985465e-08
    outer loop
      vertex   -2.592350e+01 5.654639e+01 -3.000000e+00
      vertex   -2.521789e+01 5.640604e+01 -4.732000e+00
      vertex   -2.521789e+01 5.640604e+01 -3.000000e+00
    endloop
  endfacet
  facet normal -6.540313e-02 -9.978589e-01 1.295819e-08
    outer loop
      vertex   -2.521789e+01 5.640604e+01 -3.000000e+00
      vertex   -2.521789e+01 5.640604e+01 -4.732000e+00
      vertex   -2.450000e+01 5.635898e+01 -4.732000e+00
    endloop
  endfacet
  facet normal -6.540313e-02 -9.978589e-01 1.325993e-08
    outer loop
      vertex   -2.521789e+01 5.640604e+01 -3.000000e+00
      vertex   -2.450000e+01 5.635898e+01 -4.732000e+00
      vertex   -2.450000e+01 5.635898e+01 -3.000000e+00
    endloop
  endfacet
  facet normal -1.000000e+00 1.743438e-08 5.536453e-08
    outer loop
      vertex   -3.000000e+01 7.650000e+01 -4.732000e+00
      vertex   -3.000000e+01 6.185898e+01 -4.732000e+00
      vertex   -3.000000e+01 7.650000e+01 -3.000000e+00
    endloop
  endfacet
  facet normal -1.000000e+00 3.882478e-15 2.027415e-07
    outer loop
      vertex   -3.000000e+01 7.650000e+01 -3.000000e+00
      vertex   -3.000000e+01 6.185898e+01 -4.732000e+00
      vertex   -3.000000e+01 6.185898e+01 -3.000000e+00
    endloop
  endfacet
  facet normal -1.000000e+00 3.882478e-15 0.000000e+00
    outer loop
      vertex   -3.000000e+01 7.650000e+01 3.000000e+00
      vertex   -3.000000e+01 7.650000e+01 -3.000000e+00
      vertex   -3.000000e+01 6.185898e+01 3.000000e+00
    endloop
  endfacet
  facet normal -1.000000e+00 3.882478e-15 0.000000e+00
    outer loop
      vertex   -3.000000e+01 6.185898e+01 3.000000e+00
      vertex   -3.000000e+01 7.650000e+01 -3.000000e+00
      vertex   -3.000000e+01 6.185898e+01 -3.000000e+00
    endloop
  endfacet
  facet normal 0.000000e+00 -0.000000e+00 1.000000e+00
    outer loop
      vertex   -2.995295e+01 6.114109e+01 3.000000e+00
      vertex   -2.351625e+01 6.284810e+01 3.000000e+00
      vertex   -3.000000e+01 6.185898e+01 3.000000e+00
    endloop
  endfacet
  facet normal 0.000000e+00 0.000000e+00 1.000000e+00
    outer loop
      vertex   -3.000000e+01 6.185898e+01 3.000000e+00
      vertex   -2.351625e+01 6.284810e+01 3.000000e+00
      vertex   -2.359062e+01 6.318599e+01 3.000000e+00
    endloop
  endfacet
  facet normal 0.000000e+00 0.000000e+00 1.000000e+00
    outer loop
      vertex   -3.000000e+01 6.185898e+01 3.000000e+00
      vertex   -2.359062e+01 6.318599e+01 3.000000e+00
      vertex   -2.359062e+01 6.353197e+01 3.000000e+00
    endloop
  endfacet
  facet normal -0.000000e+00 0.000000e+00 1.000000e+00
    outer loop
      vertex   -2.995295e+01 6.114109e+01 3.000000e+00
      vertex   -2.981259e+01 6.043548e+01 3.000000e+00
      vertex   -2.351625e+01 6.284810e+01 3.000000e+00
    endloop
  endfacet
  facet normal 0.000000e+00 0.000000e+00 1.000000e+00
    outer loop
      vertex   -2.351625e+01 6.284810e+01 3.000000e+00
      vertex   -2.981259e+01 6.043548e+01 3.000000e+00
      vertex   -2.958134e+01 5.975422e+01 3.000000e+00
    endloop
  endfacet
  facet normal 0.000000e+00 0.000000e+00 1.000000e+00
    outer loop
      vertex   -2.351625e+01 6.284810e+01 3.000000e+00
      vertex   -2.958134e+01 5.975422e+01 3.000000e+00
      vertex   -2.926314e+01 5.910898e+01 3.000000e+00
    endloop
  endfacet
  facet normal -0.000000e+00 0.000000e+00 1.000000e+00
    outer loop
      vertex   -2.926314e+01 5.910898e+01 3.000000e+00
      vertex   -2.886344e+01 5.851080e+01 3.000000e+00
      vertex   -2.351625e+01 6.284810e+01 3.000000e+00
    endloop
  endfacet
  facet normal 0.000000e+00 0.000000e+00 1.000000e+00
    outer loop
      vertex   -2.351625e+01 6.284810e+01 3.000000e+00
      vertex   -2.886344e+01 5.851080e+01 3.000000e+00
      vertex   -2.337097e+01 6.253410e+01 3.000000e+00
    endloop
  endfacet
  facet normal 0.000000e+00 0.000000e+00 1.000000e+00
    outer loop
      vertex   -2.337097e+01 6.253410e+01 3.000000e+00
      vertex   -2.886344e+01 5.851080e+01 3.000000e+00
      vertex   -2.838909e+01 5.796990e+01 3.000000e+00
    endloop
  endfacet
  facet normal 0.000000e+00 0.000000e+00 1.000000e+00
    outer loop
      vertex   -2.337097e+01 6.253410e+01 3.000000e+00
      vertex   -2.838909e+01 5.796990e+01 3.000000e+00
      vertex   -2.784819e+01 5.749554e+01 3.000000e+00
    endloop
  endfacet
  facet normal -0.000000e+00 0.000000e+00 1.000000e+00
    outer loop
      vertex   -2.784819e+01 5.749554e+01 3.000000e+00
      vertex   -2.725000e+01 5.709584e+01 3.000000e+00
      vertex   -2.337097e+01 6.253410e+01 3.000000e+00
    endloop
  endfacet
  facet normal 0.000000e+00 0.000000e+00 1.000000e+00
    outer loop
      vertex   -2.337097e+01 6.253410e+01 3.000000e+00
      vertex   -2.725000e+01 5.709584e+01 3.000000e+00
      vertex   -2.660476e+01 5.677765e+01 3.000000e+00
    endloop
  endfacet
  facet normal 0.000000e+00 0.000000e+00 1.000000e+00
    outer loop
      vertex   -2.337097e+01 6.253410e+01 3.000000e+00
      vertex   -2.660476e+01 5.677765e+01 3.000000e+00
      vertex   -2.316159e+01 6.225866e+01 3.000000e+00
    endloop
  endfacet
  facet normal 0.000000e+00 0.000000e+00 1.000000e+00
    outer loop
      vertex   -2.316159e+01 6.225866e+01 3.000000e+00
      vertex   -2.660476e+01 5.677765e+01 3.000000e+00
      vertex   -2.592350e+01 5.654639e+01 3.000000e+00
    endloop
  endfacet
  facet normal 0.000000e+00 0.000000e+00 1.000000e+00
    outer loop
      vertex   -2.316159e+01 6.225866e+01 3.000000e+00
      vertex   -2.592350e+01 5.654639e+01 3.000000e+00
      vertex   -2.521789e+01 5.640604e+01 3.000000e+00
    endloop
  endfacet
  facet normal 0.000000e+00 0.000000e+00 1.000000e+00
    outer loop
      vertex   -2.316159e+01 6.225866e+01 3.000000e+00
      vertex   -2.521789e+01 5.640604e+01 3.000000e+00
      vertex   -2.289790e+01 6.203468e+01 3.000000e+00
    endloop
  endfacet
  facet normal 0.000000e+00 0.000000e+00 1.000000e+00
    outer loop
      vertex   -2.289790e+01 6.203468e+01 3.000000e+00
      vertex   -2.521789e+01 5.640604e+01 3.000000e+00
      vertex   -2.450000e+01 5.635898e+01 3.000000e+00
    endloop
  endfacet
  facet normal 0.000000e+00 0.000000e+00 1.000000e+00
    outer loop
      vertex   -2.289790e+01 6.203468e+01 3.000000e+00
      vertex   -2.450000e+01 5.635898e+01 3.000000e+00
      vertex   -2.259222e+01 6.187262e+01 3.000000e+00
    endloop
  endfacet
  facet normal 0.000000e+00 0.000000e+00 1.000000e+00
    outer loop
      vertex   -2.259222e+01 6.187262e+01 3.000000e+00
      vertex   -2.450000e+01 5.635898e+01 3.000000e+00
      vertex   -2.225885e+01 6.178006e+01 3.000000e+00
    endloop
  endfacet
  facet normal 0.000000e+00 0.000000e+00 1.000000e+00
    outer loop
      vertex   -2.225885e+01 6.178006e+01 3.000000e+00
      vertex   -2.450000e+01 5.635898e+01 3.000000e+00
      vertex   -2.191338e+01 6.176133e+01 3.000000e+00
    endloop
  endfacet
  facet normal -0.000000e+00 0.000000e+00 1.000000e+00
    outer loop
      vertex   -2.191338e+01 6.176133e+01 3.000000e+00
      vertex   -2.450000e+01 5.635898e+01 3.000000e+00
      vertex   -2.157195e+01 6.181730e+01 3.000000e+00
    endloop
  endfacet
  facet normal 0.000000e+00 0.000000e+00 1.000000e+00
    outer loop
      vertex   -2.157195e+01 6.181730e+01 3.000000e+00
      vertex   -2.450000e+01 5.635898e+01 3.000000e+00
      vertex   -1.700000e+01 5.635898e+01 3.000000e+00
    endloop
  endfacet
  facet normal -0.000000e+00 0.000000e+00 1.000000e+00
    outer loop
      vertex   -2.157195e+01 6.181730e+01 3.000000e+00
      vertex   -1.700000e+01 5.635898e+01 3.000000e+00
      vertex   -2.125055e+01 6.194536e+01 3.000000e+00
    endloop
  endfacet
  facet normal -0.000000e+00 0.000000e+00 1.000000e+00
    outer loop
      vertex   -2.125055e+01 6.194536e+01 3.000000e+00
      vertex   -1.700000e+01 5.635898e+01 3.000000e+00
      vertex   -2.096418e+01 6.213952e+01 3.000000e+00
    endloop
  endfacet
  facet normal -0.000000e+00 0.000000e+00 1.000000e+00
    outer loop
      vertex   -2.096418e+01 6.213952e+01 3.000000e+00
      vertex   -1.700000e+01 5.635898e+01 3.000000e+00
      vertex   -2.072625e+01 6.239071e+01 3.000000e+00
    endloop
  endfacet
  facet normal -0.000000e+00 0.000000e+00 1.000000e+00
    outer loop
      vertex   -2.072625e+01 6.239071e+01 3.000000e+00
      vertex   -1.700000e+01 5.635898e+01 3.000000e+00
      vertex   -2.054788e+01 6.268716e+01 3.000000e+00
    endloop
  endfacet
  facet normal 0.000000e+00 0.000000e+00 1.000000e+00
    outer loop
      vertex   -2.054788e+01 6.268716e+01 3.000000e+00
      vertex   -1.700000e+01 5.635898e+01 3.000000e+00
      vertex   -1.628843e+01 5.640988e+01 3.000000e+00
    endloop
  endfacet
  facet normal 0.000000e+00 0.000000e+00 1.000000e+00
    outer loop
      vertex   -2.054788e+01 6.268716e+01 3.000000e+00
      vertex   -1.628843e+01 5.640988e+01 3.000000e+00
      vertex   -1.559134e+01 5.656152e+01 3.000000e+00
    endloop
  endfacet
  facet normal 0.000000e+00 -0.000000e+00 1.000000e+00
    outer loop
      vertex   -1.559134e+01 5.656152e+01 3.000000e+00
      vertex   -1.492292e+01 5.681082e+01 3.000000e+00
      vertex   -2.054788e+01 6.268716e+01 3.000000e+00
    endloop
  endfacet
  facet normal -0.000000e+00 0.000000e+00 1.000000e+00
    outer loop
      vertex   -2.054788e+01 6.268716e+01 3.000000e+00
      vertex   -1.492292e+01 5.681082e+01 3.000000e+00
      vertex   -2.043741e+01 6.301503e+01 3.000000e+00
    endloop
  endfacet
  facet normal 0.000000e+00 0.000000e+00 1.000000e+00
    outer loop
      vertex   -2.043741e+01 6.301503e+01 3.000000e+00
      vertex   -1.492292e+01 5.681082e+01 3.000000e+00
      vertex   -1.429680e+01 5.715272e+01 3.000000e+00
    endloop
  endfacet
  facet normal 0.000000e+00 0.000000e+00 1.000000e+00
    outer loop
      vertex   -2.043741e+01 6.301503e+01 3.000000e+00
      vertex   -1.429680e+01 5.715272e+01 3.000000e+00
      vertex   -1.372570e+01 5.758024e+01 3.000000e+00
    endloop
  endfacet
  facet normal 0.000000e+00 -0.000000e+00 1.000000e+00
    outer loop
      vertex   -1.372570e+01 5.758024e+01 3.000000e+00
      vertex   -1.322125e+01 5.808468e+01 3.000000e+00
      vertex   -2.043741e+01 6.301503e+01 3.000000e+00
    endloop
  endfacet
  facet normal 0.000000e+00 0.000000e+00 1.000000e+00
    outer loop
      vertex   -2.043741e+01 6.301503e+01 3.000000e+00
      vertex   -1.322125e+01 5.808468e+01 3.000000e+00
      vertex   -1.279373e+01 5.865578e+01 3.000000e+00
    endloop
  endfacet
  facet normal 0.000000e+00 0.000000e+00 1.000000e+00
    outer loop
      vertex   -2.043741e+01 6.301503e+01 3.000000e+00
      vertex   -1.279373e+01 5.865578e+01 3.000000e+00
      vertex   -1.245184e+01 5.928191e+01 3.000000e+00
    endloop
  endfacet
  facet normal 0.000000e+00 -0.000000e+00 1.000000e+00
    outer loop
      vertex   -1.245184e+01 5.928191e+01 3.000000e+00
      vertex   -1.220254e+01 5.995032e+01 3.000000e+00
      vertex   -2.043741e+01 6.301503e+01 3.000000e+00
    endloop
  endfacet
  facet normal 0.000000e+00 0.000000e+00 1.000000e+00
    outer loop
      vertex   -2.043741e+01 6.301503e+01 3.000000e+00
      vertex   -1.220254e+01 5.995032e+01 3.000000e+00
      vertex   -1.205089e+01 6.064741e+01 3.000000e+00
    endloop
  endfacet
  facet normal 0.000000e+00 0.000000e+00 1.000000e+00
    outer loop
      vertex   -2.043741e+01 6.301503e+01 3.000000e+00
      vertex   -1.205089e+01 6.064741e+01 3.000000e+00
      vertex   -1.200000e+01 6.135898e+01 3.000000e+00
    endloop
  endfacet
  facet normal 0.000000e+00 -0.000000e+00 1.000000e+00
    outer loop
      vertex   -1.200000e+01 6.135898e+01 3.000000e+00
      vertex   -1.200000e+01 6.225000e+01 3.000000e+00
      vertex   -2.043741e+01 6.301503e+01 3.000000e+00
    endloop
  endfacet
  facet normal 0.000000e+00 0.000000e+00 1.000000e+00
    outer loop
      vertex   -2.043741e+01 6.301503e+01 3.000000e+00
      vertex   -1.200000e+01 6.225000e+01 3.000000e+00
      vertex   -1.205089e+01 6.296157e+01 3.000000e+00
    endloop
  endfacet
  facet normal -0.000000e+00 0.000000e+00 1.000000e+00
    outer loop
      vertex   -2.043741e+01 6.301503e+01 3.000000e+00
      vertex   -1.205089e+01 6.296157e+01 3.000000e+00
      vertex   -1.220254e+01 6.365866e+01 3.000000e+00
    endloop
  endfacet
  facet normal 0.000000e+00 0.000000e+00 1.000000e+00
    outer loop
      vertex   -1.220254e+01 6.365866e+01 3.000000e+00
      vertex   -1.245184e+01 6.432708e+01 3.000000e+00
      vertex   -2.043741e+01 6.301503e+01 3.000000e+00
    endloop
  endfacet
  facet normal 0.000000e+00 0.000000e+00 1.000000e+00
    outer loop
      vertex   -2.043741e+01 6.301503e+01 3.000000e+00
      vertex   -1.245184e+01 6.432708e+01 3.000000e+00
      vertex   -1.279373e+01 6.495320e+01 3.000000e+00
    endloop
  endfacet
  facet normal 0.000000e+00 0.000000e+00 1.000000e+00
    outer loop
      vertex   -2.043741e+01 6.301503e+01 3.000000e+00
      vertex   -1.279373e+01 6.495320e+01 3.000000e+00
      vertex   -1.322125e+01 6.552430e+01 3.000000e+00
    endloop
  endfacet
  facet normal 0.000000e+00 0.000000e+00 1.000000e+00
    outer loop
      vertex   -1.322125e+01 6.552430e+01 3.000000e+00
      vertex   -1.372570e+01 6.602875e+01 3.000000e+00
      vertex   -2.043741e+01 6.301503e+01 3.000000e+00
    endloop
  endfacet
  facet normal 0.000000e+00 0.000000e+00 1.000000e+00
    outer loop
      vertex   -2.043741e+01 6.301503e+01 3.000000e+00
      vertex   -1.372570e+01 6.602875e+01 3.000000e+00
      vertex   -1.429680e+01 6.645627e+01 3.000000e+00
    endloop
  endfacet
  facet normal 0.000000e+00 0.000000e+00 1.000000e+00
    outer loop
      vertex   -2.043741e+01 6.301503e+01 3.000000e+00
      vertex   -1.429680e+01 6.645627e+01 3.000000e+00
      vertex   -1.492292e+01 6.679816e+01 3.000000e+00
    endloop
  endfacet
  facet normal -6.030232e-14 8.789975e-14 1.000000e+00
    outer loop
      vertex   -2.043741e+01 6.301503e+01 3.000000e+00
      vertex   -1.492292e+01 6.679816e+01 3.000000e+00
      vertex   -2.040000e+01 6.335898e+01 3.000000e+00
    endloop
  endfacet
  facet normal -1.903516e-15 -5.103524e-15 1.000000e+00
    outer loop
      vertex   -2.040000e+01 6.335898e+01 3.000000e+00
      vertex   -1.492292e+01 6.679816e+01 3.000000e+00
      vertex   -1.559134e+01 6.704746e+01 3.000000e+00
    endloop
  endfacet
  facet normal -1.285480e-15 -5.909256e-15 1.000000e+00
    outer loop
      vertex   -2.040000e+01 6.335898e+01 3.000000e+00
      vertex   -1.559134e+01 6.704746e+01 3.000000e+00
      vertex   -1.628843e+01 6.719911e+01 3.000000e+00
    endloop
  endfacet
  facet normal -4.840124e-16 -6.767378e-15 1.000000e+00
    outer loop
      vertex   -1.628843e+01 6.719911e+01 3.000000e+00
      vertex   -1.700000e+01 6.725000e+01 3.000000e+00
      vertex   -2.040000e+01 6.335898e+01 3.000000e+00
    endloop
  endfacet
  facet normal 7.546698e-14 -7.313395e-14 1.000000e+00
    outer loop
      vertex   -2.040000e+01 6.335898e+01 3.000000e+00
      vertex   -1.700000e+01 6.725000e+01 3.000000e+00
      vertex   -2.043741e+01 6.370294e+01 3.000000e+00
    endloop
  endfacet
  facet normal 0.000000e+00 0.000000e+00 1.000000e+00
    outer loop
      vertex   -2.043741e+01 6.370294e+01 3.000000e+00
      vertex   -1.700000e+01 6.725000e+01 3.000000e+00
      vertex   -1.850000e+01 6.725000e+01 3.000000e+00
    endloop
  endfacet
  facet normal 0.000000e+00 -0.000000e+00 1.000000e+00
    outer loop
      vertex   -2.043741e+01 6.370294e+01 3.000000e+00
      vertex   -1.850000e+01 6.725000e+01 3.000000e+00
      vertex   -2.054788e+01 6.403081e+01 3.000000e+00
    endloop
  endfacet
  facet normal 0.000000e+00 0.000000e+00 1.000000e+00
    outer loop
      vertex   -2.054788e+01 6.403081e+01 3.000000e+00
      vertex   -1.850000e+01 6.725000e+01 3.000000e+00
      vertex   -1.921789e+01 6.729705e+01 3.000000e+00
    endloop
  endfacet
  facet normal 0.000000e+00 -0.000000e+00 1.000000e+00
    outer loop
      vertex   -2.054788e+01 6.403081e+01 3.000000e+00
      vertex   -1.921789e+01 6.729705e+01 3.000000e+00
      vertex   -2.072625e+01 6.432726e+01 3.000000e+00
    endloop
  endfacet
  facet normal 0.000000e+00 -0.000000e+00 1.000000e+00
    outer loop
      vertex   -2.072625e+01 6.432726e+01 3.000000e+00
      vertex   -1.921789e+01 6.729705e+01 3.000000e+00
      vertex   -2.096418e+01 6.457844e+01 3.000000e+00
    endloop
  endfacet
  facet normal 0.000000e+00 0.000000e+00 1.000000e+00
    outer loop
      vertex   -2.096418e+01 6.457844e+01 3.000000e+00
      vertex   -1.921789e+01 6.729705e+01 3.000000e+00
      vertex   -1.992350e+01 6.743741e+01 3.000000e+00
    endloop
  endfacet
  facet normal 0.000000e+00 -0.000000e+00 1.000000e+00
    outer loop
      vertex   -2.096418e+01 6.457844e+01 3.000000e+00
      vertex   -1.992350e+01 6.743741e+01 3.000000e+00
      vertex   -2.125055e+01 6.477260e+01 3.000000e+00
    endloop
  endfacet
  facet normal 0.000000e+00 0.000000e+00 1.000000e+00
    outer loop
      vertex   -2.125055e+01 6.477260e+01 3.000000e+00
      vertex   -1.992350e+01 6.743741e+01 3.000000e+00
      vertex   -2.060476e+01 6.766866e+01 3.000000e+00
    endloop
  endfacet
  facet normal 0.000000e+00 -0.000000e+00 1.000000e+00
    outer loop
      vertex   -2.125055e+01 6.477260e+01 3.000000e+00
      vertex   -2.060476e+01 6.766866e+01 3.000000e+00
      vertex   -2.157195e+01 6.490066e+01 3.000000e+00
    endloop
  endfacet
  facet normal 0.000000e+00 0.000000e+00 1.000000e+00
    outer loop
      vertex   -2.157195e+01 6.490066e+01 3.000000e+00
      vertex   -2.060476e+01 6.766866e+01 3.000000e+00
      vertex   -2.125000e+01 6.798686e+01 3.000000e+00
    endloop
  endfacet
  facet normal 0.000000e+00 -0.000000e+00 1.000000e+00
    outer loop
      vertex   -2.157195e+01 6.490066e+01 3.000000e+00
      vertex   -2.125000e+01 6.798686e+01 3.000000e+00
      vertex   -2.191338e+01 6.495664e+01 3.000000e+00
    endloop
  endfacet
  facet normal 0.000000e+00 -0.000000e+00 1.000000e+00
    outer loop
      vertex   -2.191338e+01 6.495664e+01 3.000000e+00
      vertex   -2.125000e+01 6.798686e+01 3.000000e+00
      vertex   -2.225885e+01 6.493791e+01 3.000000e+00
    endloop
  endfacet
  facet normal 0.000000e+00 0.000000e+00 1.000000e+00
    outer loop
      vertex   -2.225885e+01 6.493791e+01 3.000000e+00
      vertex   -2.125000e+01 6.798686e+01 3.000000e+00
      vertex   -2.184819e+01 6.838656e+01 3.000000e+00
    endloop
  endfacet
  facet normal 0.000000e+00 -0.000000e+00 1.000000e+00
    outer loop
      vertex   -2.225885e+01 6.493791e+01 3.000000e+00
      vertex   -2.184819e+01 6.838656e+01 3.000000e+00
      vertex   -2.259222e+01 6.484535e+01 3.000000e+00
    endloop
  endfacet
  facet normal 0.000000e+00 0.000000e+00 1.000000e+00
    outer loop
      vertex   -2.259222e+01 6.484535e+01 3.000000e+00
      vertex   -2.184819e+01 6.838656e+01 3.000000e+00
      vertex   -2.238909e+01 6.886091e+01 3.000000e+00
    endloop
  endfacet
  facet normal 0.000000e+00 -0.000000e+00 1.000000e+00
    outer loop
      vertex   -2.259222e+01 6.484535e+01 3.000000e+00
      vertex   -2.238909e+01 6.886091e+01 3.000000e+00
      vertex   -2.289790e+01 6.468329e+01 3.000000e+00
    endloop
  endfacet
  facet normal 0.000000e+00 0.000000e+00 1.000000e+00
    outer loop
      vertex   -2.289790e+01 6.468329e+01 3.000000e+00
      vertex   -2.238909e+01 6.886091e+01 3.000000e+00
      vertex   -2.286344e+01 6.940181e+01 3.000000e+00
    endloop
  endfacet
  facet normal 0.000000e+00 -0.000000e+00 1.000000e+00
    outer loop
      vertex   -2.289790e+01 6.468329e+01 3.000000e+00
      vertex   -2.286344e+01 6.940181e+01 3.000000e+00
      vertex   -2.316159e+01 6.445930e+01 3.000000e+00
    endloop
  endfacet
  facet normal 0.000000e+00 -0.000000e+00 1.000000e+00
    outer loop
      vertex   -2.316159e+01 6.445930e+01 3.000000e+00
      vertex   -2.286344e+01 6.940181e+01 3.000000e+00
      vertex   -2.326314e+01 7.000000e+01 3.000000e+00
    endloop
  endfacet
  facet normal 0.000000e+00 0.000000e+00 1.000000e+00
    outer loop
      vertex   -2.316159e+01 6.445930e+01 3.000000e+00
      vertex   -2.326314e+01 7.000000e+01 3.000000e+00
      vertex   -2.337097e+01 6.418387e+01 3.000000e+00
    endloop
  endfacet
  facet normal 0.000000e+00 -0.000000e+00 1.000000e+00
    outer loop
      vertex   -2.337097e+01 6.418387e+01 3.000000e+00
      vertex   -2.326314e+01 7.000000e+01 3.000000e+00
      vertex   -3.000000e+01 6.185898e+01 3.000000e+00
    endloop
  endfacet
  facet normal 0.000000e+00 0.000000e+00 1.000000e+00
    outer loop
      vertex   -2.337097e+01 6.418387e+01 3.000000e+00
      vertex   -3.000000e+01 6.185898e+01 3.000000e+00
      vertex   -2.351625e+01 6.386987e+01 3.000000e+00
    endloop
  endfacet
  facet normal 0.000000e+00 0.000000e+00 1.000000e+00
    outer loop
      vertex   -2.351625e+01 6.386987e+01 3.000000e+00
      vertex   -3.000000e+01 6.185898e+01 3.000000e+00
      vertex   -2.359062e+01 6.353197e+01 3.000000e+00
    endloop
  endfacet
  facet normal 0.000000e+00 0.000000e+00 1.000000e+00
    outer loop
      vertex   -2.326314e+01 7.000000e+01 3.000000e+00
      vertex   -2.358134e+01 7.064524e+01 3.000000e+00
      vertex   -3.000000e+01 6.185898e+01 3.000000e+00
    endloop
  endfacet
  facet normal 0.000000e+00 0.000000e+00 1.000000e+00
    outer loop
      vertex   -3.000000e+01 6.185898e+01 3.000000e+00
      vertex   -2.358134e+01 7.064524e+01 3.000000e+00
      vertex   -2.381259e+01 7.132650e+01 3.000000e+00
    endloop
  endfacet
  facet normal 0.000000e+00 0.000000e+00 1.000000e+00
    outer loop
      vertex   -3.000000e+01 6.185898e+01 3.000000e+00
      vertex   -2.381259e+01 7.132650e+01 3.000000e+00
      vertex   -3.000000e+01 7.650000e+01 3.000000e+00
    endloop
  endfacet
  facet normal 0.000000e+00 0.000000e+00 1.000000e+00
    outer loop
      vertex   -3.000000e+01 7.650000e+01 3.000000e+00
      vertex   -2.381259e+01 7.132650e+01 3.000000e+00
      vertex   -2.395295e+01 7.203211e+01 3.000000e+00
    endloop
  endfacet
  facet normal 0.000000e+00 0.000000e+00 1.000000e+00
    outer loop
      vertex   -3.000000e+01 7.650000e+01 3.000000e+00
      vertex   -2.395295e+01 7.203211e+01 3.000000e+00
      vertex   -2.400000e+01 7.275000e+01 3.000000e+00
    endloop
  endfacet
  facet normal -1.556907e-12 -4.707279e-14 1.000000e+00
    outer loop
      vertex   -2.400000e+01 8.666529e+01 3.000000e+00
      vertex   -2.436925e+01 8.496278e+01 3.000000e+00
      vertex   -2.400000e+01 7.275000e+01 3.000000e+00
    endloop
  endfacet
  facet normal 0.000000e+00 0.000000e+00 1.000000e+00
    outer loop
      vertex   -2.400000e+01 7.275000e+01 3.000000e+00
      vertex   -2.436925e+01 8.496278e+01 3.000000e+00
      vertex   -2.458324e+01 8.492142e+01 3.000000e+00
    endloop
  endfacet
  facet normal 0.000000e+00 0.000000e+00 1.000000e+00
    outer loop
      vertex   -2.400000e+01 7.275000e+01 3.000000e+00
      vertex   -2.458324e+01 8.492142e+01 3.000000e+00
      vertex   -2.479787e+01 8.488357e+01 3.000000e+00
    endloop
  endfacet
  facet normal -5.366912e-12 1.645438e-12 1.000000e+00
    outer loop
      vertex   -2.413255e+01 8.663103e+01 3.000000e+00
      vertex   -2.429373e+01 8.610532e+01 3.000000e+00
      vertex   -2.400000e+01 8.666529e+01 3.000000e+00
    endloop
  endfacet
  facet normal -1.568340e-12 -3.470911e-13 1.000000e+00
    outer loop
      vertex   -2.400000e+01 8.666529e+01 3.000000e+00
      vertex   -2.429373e+01 8.610532e+01 3.000000e+00
      vertex   -2.429363e+01 8.610485e+01 3.000000e+00
    endloop
  endfacet
  facet normal -1.666710e-12 -2.955524e-13 1.000000e+00
    outer loop
      vertex   -2.400000e+01 8.666529e+01 3.000000e+00
      vertex   -2.429363e+01 8.610485e+01 3.000000e+00
      vertex   -2.428829e+01 8.607477e+01 3.000000e+00
    endloop
  endfacet
  facet normal 0.000000e+00 0.000000e+00 1.000000e+00
    outer loop
      vertex   -2.413255e+01 8.663103e+01 3.000000e+00
      vertex   -2.426550e+01 8.659833e+01 3.000000e+00
      vertex   -2.429373e+01 8.610532e+01 3.000000e+00
    endloop
  endfacet
  facet normal 0.000000e+00 -0.000000e+00 1.000000e+00
    outer loop
      vertex   -2.429373e+01 8.610532e+01 3.000000e+00
      vertex   -2.426550e+01 8.659833e+01 3.000000e+00
      vertex   -2.439881e+01 8.656718e+01 3.000000e+00
    endloop
  endfacet
  facet normal -1.821614e-12 -2.199286e-13 1.000000e+00
    outer loop
      vertex   -2.428829e+01 8.607477e+01 3.000000e+00
      vertex   -2.427964e+01 8.600314e+01 3.000000e+00
      vertex   -2.400000e+01 8.666529e+01 3.000000e+00
    endloop
  endfacet
  facet normal -2.033305e-12 -1.305261e-13 1.000000e+00
    outer loop
      vertex   -2.400000e+01 8.666529e+01 3.000000e+00
      vertex   -2.427964e+01 8.600314e+01 3.000000e+00
      vertex   -2.427276e+01 8.589589e+01 3.000000e+00
    endloop
  endfacet
  facet normal -2.335100e-12 -2.353635e-14 1.000000e+00
    outer loop
      vertex   -2.400000e+01 8.666529e+01 3.000000e+00
      vertex   -2.427276e+01 8.589589e+01 3.000000e+00
      vertex   -2.427137e+01 8.575766e+01 3.000000e+00
    endloop
  endfacet
  facet normal -3.136325e-12 2.160179e-13 1.000000e+00
    outer loop
      vertex   -2.427137e+01 8.575766e+01 3.000000e+00
      vertex   -2.429581e+01 8.540278e+01 3.000000e+00
      vertex   -2.400000e+01 8.666529e+01 3.000000e+00
    endloop
  endfacet
  facet normal -7.698583e-12 1.284970e-12 1.000000e+00
    outer loop
      vertex   -2.400000e+01 8.666529e+01 3.000000e+00
      vertex   -2.429581e+01 8.540278e+01 3.000000e+00
      vertex   -2.436925e+01 8.496278e+01 3.000000e+00
    endloop
  endfacet
  facet normal 0.000000e+00 0.000000e+00 1.000000e+00
    outer loop
      vertex   -2.479787e+01 8.488357e+01 3.000000e+00
      vertex   -2.501310e+01 8.484925e+01 3.000000e+00
      vertex   -2.400000e+01 7.275000e+01 3.000000e+00
    endloop
  endfacet
  facet normal -7.045376e-16 -5.899284e-17 1.000000e+00
    outer loop
      vertex   -2.400000e+01 7.275000e+01 3.000000e+00
      vertex   -2.501310e+01 8.484925e+01 3.000000e+00
      vertex   -3.004705e+01 7.721789e+01 3.000000e+00
    endloop
  endfacet
  facet normal 3.628255e-15 5.805208e-15 1.000000e+00
    outer loop
      vertex   -2.400000e+01 7.275000e+01 3.000000e+00
      vertex   -3.004705e+01 7.721789e+01 3.000000e+00
      vertex   -3.000000e+01 7.650000e+01 3.000000e+00
    endloop
  endfacet
  facet normal 0.000000e+00 0.000000e+00 1.000000e+00
    outer loop
      vertex   -2.523261e+01 8.523760e+01 3.000000e+00
      vertex   -2.667311e+01 8.470402e+01 3.000000e+00
      vertex   -2.501310e+01 8.484925e+01 3.000000e+00
    endloop
  endfacet
  facet normal 5.402011e-17 -6.174526e-16 1.000000e+00
    outer loop
      vertex   -2.501310e+01 8.484925e+01 3.000000e+00
      vertex   -2.667311e+01 8.470402e+01 3.000000e+00
      vertex   -3.018741e+01 7.792350e+01 3.000000e+00
    endloop
  endfacet
  facet normal -6.100200e-16 -1.213405e-16 1.000000e+00
    outer loop
      vertex   -2.501310e+01 8.484925e+01 3.000000e+00
      vertex   -3.018741e+01 7.792350e+01 3.000000e+00
      vertex   -3.004705e+01 7.721789e+01 3.000000e+00
    endloop
  endfacet
  facet normal 0.000000e+00 0.000000e+00 1.000000e+00
    outer loop
      vertex   -2.667311e+01 8.470402e+01 3.000000e+00
      vertex   -2.523261e+01 8.523760e+01 3.000000e+00
      vertex   -2.652438e+01 8.512459e+01 3.000000e+00
    endloop
  endfacet
  facet normal 0.000000e+00 0.000000e+00 1.000000e+00
    outer loop
      vertex   -2.652438e+01 8.512459e+01 3.000000e+00
      vertex   -2.523261e+01 8.523760e+01 3.000000e+00
      vertex   -2.537695e+01 8.556272e+01 3.000000e+00
    endloop
  endfacet
  facet normal 0.000000e+00 0.000000e+00 1.000000e+00
    outer loop
      vertex   -2.652438e+01 8.512459e+01 3.000000e+00
      vertex   -2.537695e+01 8.556272e+01 3.000000e+00
      vertex   -2.643868e+01 8.546983e+01 3.000000e+00
    endloop
  endfacet
  facet normal 0.000000e+00 0.000000e+00 1.000000e+00
    outer loop
      vertex   -2.643868e+01 8.546983e+01 3.000000e+00
      vertex   -2.537695e+01 8.556272e+01 3.000000e+00
      vertex   -2.542292e+01 8.569309e+01 3.000000e+00
    endloop
  endfacet
  facet normal 0.000000e+00 0.000000e+00 1.000000e+00
    outer loop
      vertex   -2.643868e+01 8.546983e+01 3.000000e+00
      vertex   -2.542292e+01 8.569309e+01 3.000000e+00
      vertex   -2.641605e+01 8.560620e+01 3.000000e+00
    endloop
  endfacet
  facet normal 0.000000e+00 0.000000e+00 1.000000e+00
    outer loop
      vertex   -2.641605e+01 8.560620e+01 3.000000e+00
      vertex   -2.542292e+01 8.569309e+01 3.000000e+00
      vertex   -2.545313e+01 8.579622e+01 3.000000e+00
    endloop
  endfacet
  facet normal 0.000000e+00 0.000000e+00 1.000000e+00
    outer loop
      vertex   -2.641605e+01 8.560620e+01 3.000000e+00
      vertex   -2.545313e+01 8.579622e+01 3.000000e+00
      vertex   -2.640421e+01 8.571301e+01 3.000000e+00
    endloop
  endfacet
  facet normal 0.000000e+00 0.000000e+00 1.000000e+00
    outer loop
      vertex   -2.640421e+01 8.571301e+01 3.000000e+00
      vertex   -2.545313e+01 8.579622e+01 3.000000e+00
      vertex   -2.546950e+01 8.586649e+01 3.000000e+00
    endloop
  endfacet
  facet normal 0.000000e+00 0.000000e+00 1.000000e+00
    outer loop
      vertex   -2.640421e+01 8.571301e+01 3.000000e+00
      vertex   -2.546950e+01 8.586649e+01 3.000000e+00
      vertex   -2.640028e+01 8.578506e+01 3.000000e+00
    endloop
  endfacet
  facet normal 0.000000e+00 0.000000e+00 1.000000e+00
    outer loop
      vertex   -2.640028e+01 8.578506e+01 3.000000e+00
      vertex   -2.546950e+01 8.586649e+01 3.000000e+00
      vertex   -2.547478e+01 8.589658e+01 3.000000e+00
    endloop
  endfacet
  facet normal 0.000000e+00 -0.000000e+00 1.000000e+00
    outer loop
      vertex   -2.640028e+01 8.578506e+01 3.000000e+00
      vertex   -2.547478e+01 8.589658e+01 3.000000e+00
      vertex   -2.640031e+01 8.581561e+01 3.000000e+00
    endloop
  endfacet
  facet normal 0.000000e+00 0.000000e+00 1.000000e+00
    outer loop
      vertex   -2.640031e+01 8.581561e+01 3.000000e+00
      vertex   -2.547478e+01 8.589658e+01 3.000000e+00
      vertex   -2.547484e+01 8.589706e+01 3.000000e+00
    endloop
  endfacet
  facet normal 0.000000e+00 0.000000e+00 1.000000e+00
    outer loop
      vertex   -2.640031e+01 8.581561e+01 3.000000e+00
      vertex   -2.547484e+01 8.589706e+01 3.000000e+00
      vertex   -2.582989e+01 8.633353e+01 3.000000e+00
    endloop
  endfacet
  facet normal -0.000000e+00 0.000000e+00 1.000000e+00
    outer loop
      vertex   -2.582989e+01 8.633353e+01 3.000000e+00
      vertex   -2.547484e+01 8.589706e+01 3.000000e+00
      vertex   -2.553406e+01 8.636700e+01 3.000000e+00
    endloop
  endfacet
  facet normal 0.000000e+00 0.000000e+00 1.000000e+00
    outer loop
      vertex   -2.582989e+01 8.633353e+01 3.000000e+00
      vertex   -2.612647e+01 8.630758e+01 3.000000e+00
      vertex   -2.640031e+01 8.581561e+01 3.000000e+00
    endloop
  endfacet
  facet normal 0.000000e+00 -0.000000e+00 1.000000e+00
    outer loop
      vertex   -2.640031e+01 8.581561e+01 3.000000e+00
      vertex   -2.612647e+01 8.630758e+01 3.000000e+00
      vertex   -2.640034e+01 8.581609e+01 3.000000e+00
    endloop
  endfacet
  facet normal 0.000000e+00 -0.000000e+00 1.000000e+00
    outer loop
      vertex   -2.640034e+01 8.581609e+01 3.000000e+00
      vertex   -2.612647e+01 8.630758e+01 3.000000e+00
      vertex   -2.642362e+01 8.628918e+01 3.000000e+00
    endloop
  endfacet
  facet normal -1.447190e-15 1.606155e-16 1.000000e+00
    outer loop
      vertex   -3.018741e+01 7.792350e+01 3.000000e+00
      vertex   -2.667311e+01 8.470402e+01 3.000000e+00
      vertex   -3.041866e+01 7.860476e+01 3.000000e+00
    endloop
  endfacet
  facet normal 1.205398e-17 -7.355059e-16 1.000000e+00
    outer loop
      vertex   -3.041866e+01 7.860476e+01 3.000000e+00
      vertex   -2.667311e+01 8.470402e+01 3.000000e+00
      vertex   -2.689103e+01 8.470045e+01 3.000000e+00
    endloop
  endfacet
  facet normal 0.000000e+00 -7.285301e-16 1.000000e+00
    outer loop
      vertex   -3.041866e+01 7.860476e+01 3.000000e+00
      vertex   -2.689103e+01 8.470045e+01 3.000000e+00
      vertex   -2.710897e+01 8.470045e+01 3.000000e+00
    endloop
  endfacet
  facet normal -1.183435e-17 -7.221046e-16 1.000000e+00
    outer loop
      vertex   -2.710897e+01 8.470045e+01 3.000000e+00
      vertex   -2.732689e+01 8.470402e+01 3.000000e+00
      vertex   -3.041866e+01 7.860476e+01 3.000000e+00
    endloop
  endfacet
  facet normal -7.280638e-16 -3.590413e-16 1.000000e+00
    outer loop
      vertex   -3.041866e+01 7.860476e+01 3.000000e+00
      vertex   -2.732689e+01 8.470402e+01 3.000000e+00
      vertex   -3.073686e+01 7.925000e+01 3.000000e+00
    endloop
  endfacet
  facet normal 8.573176e-13 -5.368275e-13 1.000000e+00
    outer loop
      vertex   -3.073686e+01 7.925000e+01 3.000000e+00
      vertex   -2.732689e+01 8.470402e+01 3.000000e+00
      vertex   -2.800000e+01 8.484925e+01 3.000000e+00
    endloop
  endfacet
  facet normal -1.017994e-13 -6.802016e-14 1.000000e+00
    outer loop
      vertex   -3.073686e+01 7.925000e+01 3.000000e+00
      vertex   -2.800000e+01 8.484925e+01 3.000000e+00
      vertex   -3.113656e+01 7.984819e+01 3.000000e+00
    endloop
  endfacet
  facet normal -8.766818e-14 -7.688293e-14 1.000000e+00
    outer loop
      vertex   -3.113656e+01 7.984819e+01 3.000000e+00
      vertex   -2.800000e+01 8.484925e+01 3.000000e+00
      vertex   -3.161091e+01 8.038909e+01 3.000000e+00
    endloop
  endfacet
  facet normal -7.582974e-14 -8.646724e-14 1.000000e+00
    outer loop
      vertex   -3.161091e+01 8.038909e+01 3.000000e+00
      vertex   -2.800000e+01 8.484925e+01 3.000000e+00
      vertex   -3.215181e+01 8.086344e+01 3.000000e+00
    endloop
  endfacet
  facet normal -6.518464e-14 -9.755570e-14 1.000000e+00
    outer loop
      vertex   -3.215181e+01 8.086344e+01 3.000000e+00
      vertex   -2.800000e+01 8.484925e+01 3.000000e+00
      vertex   -3.275000e+01 8.126314e+01 3.000000e+00
    endloop
  endfacet
  facet normal -5.485588e-14 -1.112367e-13 1.000000e+00
    outer loop
      vertex   -3.275000e+01 8.126314e+01 3.000000e+00
      vertex   -2.800000e+01 8.484925e+01 3.000000e+00
      vertex   -3.339524e+01 8.158134e+01 3.000000e+00
    endloop
  endfacet
  facet normal -4.348211e-14 -1.300145e-13 1.000000e+00
    outer loop
      vertex   -3.339524e+01 8.158134e+01 3.000000e+00
      vertex   -2.800000e+01 8.484925e+01 3.000000e+00
      vertex   -3.407650e+01 8.181259e+01 3.000000e+00
    endloop
  endfacet
  facet normal -3.087825e-14 -1.552354e-13 1.000000e+00
    outer loop
      vertex   -3.407650e+01 8.181259e+01 3.000000e+00
      vertex   -2.800000e+01 8.484925e+01 3.000000e+00
      vertex   -3.478211e+01 8.195295e+01 3.000000e+00
    endloop
  endfacet
  facet normal -4.037175e-17 -2.274467e-13 1.000000e+00
    outer loop
      vertex   -3.478211e+01 8.195295e+01 3.000000e+00
      vertex   -2.800000e+01 8.484925e+01 3.000000e+00
      vertex   -3.900000e+01 8.484925e+01 3.000000e+00
    endloop
  endfacet
  facet normal -1.032160e-14 -2.424193e-13 1.000000e+00
    outer loop
      vertex   -3.478211e+01 8.195295e+01 3.000000e+00
      vertex   -3.900000e+01 8.484925e+01 3.000000e+00
      vertex   -3.550000e+01 8.200000e+01 3.000000e+00
    endloop
  endfacet
  facet normal -1.865604e-27 -2.297403e-13 1.000000e+00
    outer loop
      vertex   -3.550000e+01 8.200000e+01 3.000000e+00
      vertex   -3.900000e+01 8.484925e+01 3.000000e+00
      vertex   -3.900000e+01 8.200000e+01 3.000000e+00
    endloop
  endfacet
  facet normal 1.053533e-12 3.725767e-13 1.000000e+00
    outer loop
      vertex   -2.732689e+01 8.470402e+01 3.000000e+00
      vertex   -2.747562e+01 8.512459e+01 3.000000e+00
      vertex   -2.800000e+01 8.484925e+01 3.000000e+00
    endloop
  endfacet
  facet normal 1.105129e-12 2.743125e-13 1.000000e+00
    outer loop
      vertex   -2.800000e+01 8.484925e+01 3.000000e+00
      vertex   -2.747562e+01 8.512459e+01 3.000000e+00
      vertex   -2.756132e+01 8.546983e+01 3.000000e+00
    endloop
  endfacet
  facet normal 1.209287e-12 2.006844e-13 1.000000e+00
    outer loop
      vertex   -2.800000e+01 8.484925e+01 3.000000e+00
      vertex   -2.756132e+01 8.546983e+01 3.000000e+00
      vertex   -2.758395e+01 8.560620e+01 3.000000e+00
    endloop
  endfacet
  facet normal 1.310119e-12 1.452632e-13 1.000000e+00
    outer loop
      vertex   -2.758395e+01 8.560620e+01 3.000000e+00
      vertex   -2.759579e+01 8.571301e+01 3.000000e+00
      vertex   -2.800000e+01 8.484925e+01 3.000000e+00
    endloop
  endfacet
  facet normal 1.619890e-12 3.024158e-16 1.000000e+00
    outer loop
      vertex   -2.800000e+01 8.484925e+01 3.000000e+00
      vertex   -2.759579e+01 8.571301e+01 3.000000e+00
      vertex   -2.800000e+01 8.631772e+01 3.000000e+00
    endloop
  endfacet
  facet normal 1.763013e-12 9.597016e-14 1.000000e+00
    outer loop
      vertex   -2.800000e+01 8.631772e+01 3.000000e+00
      vertex   -2.759579e+01 8.571301e+01 3.000000e+00
      vertex   -2.759972e+01 8.578506e+01 3.000000e+00
    endloop
  endfacet
  facet normal 1.633197e-12 -1.583406e-15 1.000000e+00
    outer loop
      vertex   -2.800000e+01 8.631772e+01 3.000000e+00
      vertex   -2.759972e+01 8.578506e+01 3.000000e+00
      vertex   -2.759969e+01 8.581561e+01 3.000000e+00
    endloop
  endfacet
  facet normal 1.550960e-12 -6.714826e-14 1.000000e+00
    outer loop
      vertex   -2.759969e+01 8.581561e+01 3.000000e+00
      vertex   -2.759966e+01 8.581609e+01 3.000000e+00
      vertex   -2.800000e+01 8.631772e+01 3.000000e+00
    endloop
  endfacet
  facet normal 4.843160e-12 2.560233e-12 1.000000e+00
    outer loop
      vertex   -2.800000e+01 8.631772e+01 3.000000e+00
      vertex   -2.759966e+01 8.581609e+01 3.000000e+00
      vertex   -2.785891e+01 8.630650e+01 3.000000e+00
    endloop
  endfacet
  facet normal 0.000000e+00 0.000000e+00 1.000000e+00
    outer loop
      vertex   -2.785891e+01 8.630650e+01 3.000000e+00
      vertex   -2.759966e+01 8.581609e+01 3.000000e+00
      vertex   -2.771770e+01 8.629699e+01 3.000000e+00
    endloop
  endfacet
  facet normal 0.000000e+00 0.000000e+00 1.000000e+00
    outer loop
      vertex   -2.771770e+01 8.629699e+01 3.000000e+00
      vertex   -2.759966e+01 8.581609e+01 3.000000e+00
      vertex   -2.757638e+01 8.628918e+01 3.000000e+00
    endloop
  endfacet
  facet normal 9.978589e-01 6.540313e-02 -0.000000e+00
    outer loop
      vertex   -2.400000e+01 7.275000e+01 -4.732000e+00
      vertex   -2.400000e+01 7.275000e+01 3.000000e+00
      vertex   -2.395295e+01 7.203211e+01 -4.732000e+00
    endloop
  endfacet
  facet normal 9.978589e-01 6.540313e-02 -1.202062e-16
    outer loop
      vertex   -2.395295e+01 7.203211e+01 -4.732000e+00
      vertex   -2.400000e+01 7.275000e+01 3.000000e+00
      vertex   -2.395295e+01 7.203211e+01 3.000000e+00
    endloop
  endfacet
  facet normal 9.807853e-01 1.950903e-01 -3.585618e-16
    outer loop
      vertex   -2.395295e+01 7.203211e+01 -4.732000e+00
      vertex   -2.395295e+01 7.203211e+01 3.000000e+00
      vertex   -2.381259e+01 7.132650e+01 -4.732000e+00
    endloop
  endfacet
  facet normal 9.807853e-01 1.950903e-01 -9.013061e-16
    outer loop
      vertex   -2.381259e+01 7.132650e+01 -4.732000e+00
      vertex   -2.395295e+01 7.203211e+01 3.000000e+00
      vertex   -2.381259e+01 7.132650e+01 3.000000e+00
    endloop
  endfacet
  facet normal 9.469301e-01 3.214395e-01 -8.701944e-16
    outer loop
      vertex   -2.381259e+01 7.132650e+01 -4.732000e+00
      vertex   -2.381259e+01 7.132650e+01 3.000000e+00
      vertex   -2.358134e+01 7.064524e+01 -4.732000e+00
    endloop
  endfacet
  facet normal 9.469301e-01 3.214395e-01 -0.000000e+00
    outer loop
      vertex   -2.358134e+01 7.064524e+01 -4.732000e+00
      vertex   -2.381259e+01 7.132650e+01 3.000000e+00
      vertex   -2.358134e+01 7.064524e+01 3.000000e+00
    endloop
  endfacet
  facet normal 8.968727e-01 4.422887e-01 -0.000000e+00
    outer loop
      vertex   -2.358134e+01 7.064524e+01 -4.732000e+00
      vertex   -2.358134e+01 7.064524e+01 3.000000e+00
      vertex   -2.326314e+01 7.000000e+01 -4.732000e+00
    endloop
  endfacet
  facet normal 8.968727e-01 4.422887e-01 -0.000000e+00
    outer loop
      vertex   -2.326314e+01 7.000000e+01 -4.732000e+00
      vertex   -2.358134e+01 7.064524e+01 3.000000e+00
      vertex   -2.326314e+01 7.000000e+01 3.000000e+00
    endloop
  endfacet
  facet normal 8.314696e-01 5.555702e-01 -0.000000e+00
    outer loop
      vertex   -2.326314e+01 7.000000e+01 -4.732000e+00
      vertex   -2.326314e+01 7.000000e+01 3.000000e+00
      vertex   -2.286344e+01 6.940181e+01 -4.732000e+00
    endloop
  endfacet
  facet normal 8.314696e-01 5.555702e-01 -0.000000e+00
    outer loop
      vertex   -2.286344e+01 6.940181e+01 -4.732000e+00
      vertex   -2.326314e+01 7.000000e+01 3.000000e+00
      vertex   -2.286344e+01 6.940181e+01 3.000000e+00
    endloop
  endfacet
  facet normal 7.518398e-01 6.593458e-01 -0.000000e+00
    outer loop
      vertex   -2.286344e+01 6.940181e+01 -4.732000e+00
      vertex   -2.286344e+01 6.940181e+01 3.000000e+00
      vertex   -2.238909e+01 6.886091e+01 -4.732000e+00
    endloop
  endfacet
  facet normal 7.518398e-01 6.593458e-01 -0.000000e+00
    outer loop
      vertex   -2.238909e+01 6.886091e+01 -4.732000e+00
      vertex   -2.286344e+01 6.940181e+01 3.000000e+00
      vertex   -2.238909e+01 6.886091e+01 3.000000e+00
    endloop
  endfacet
  facet normal 6.593458e-01 7.518398e-01 -0.000000e+00
    outer loop
      vertex   -2.238909e+01 6.886091e+01 -4.732000e+00
      vertex   -2.238909e+01 6.886091e+01 3.000000e+00
      vertex   -2.184819e+01 6.838656e+01 -4.732000e+00
    endloop
  endfacet
  facet normal 6.593458e-01 7.518398e-01 -0.000000e+00
    outer loop
      vertex   -2.184819e+01 6.838656e+01 -4.732000e+00
      vertex   -2.238909e+01 6.886091e+01 3.000000e+00
      vertex   -2.184819e+01 6.838656e+01 3.000000e+00
    endloop
  endfacet
  facet normal 5.555702e-01 8.314696e-01 -0.000000e+00
    outer loop
      vertex   -2.184819e+01 6.838656e+01 -4.732000e+00
      vertex   -2.184819e+01 6.838656e+01 3.000000e+00
      vertex   -2.125000e+01 6.798686e+01 -4.732000e+00
    endloop
  endfacet
  facet normal 5.555702e-01 8.314696e-01 -0.000000e+00
    outer loop
      vertex   -2.125000e+01 6.798686e+01 -4.732000e+00
      vertex   -2.184819e+01 6.838656e+01 3.000000e+00
      vertex   -2.125000e+01 6.798686e+01 3.000000e+00
    endloop
  endfacet
  facet normal 4.422887e-01 8.968727e-01 -0.000000e+00
    outer loop
      vertex   -2.125000e+01 6.798686e+01 -4.732000e+00
      vertex   -2.125000e+01 6.798686e+01 3.000000e+00
      vertex   -2.060476e+01 6.766866e+01 -4.732000e+00
    endloop
  endfacet
  facet normal 4.422887e-01 8.968727e-01 -0.000000e+00
    outer loop
      vertex   -2.060476e+01 6.766866e+01 -4.732000e+00
      vertex   -2.125000e+01 6.798686e+01 3.000000e+00
      vertex   -2.060476e+01 6.766866e+01 3.000000e+00
    endloop
  endfacet
  facet normal 3.214395e-01 9.469301e-01 -0.000000e+00
    outer loop
      vertex   -2.060476e+01 6.766866e+01 -4.732000e+00
      vertex   -2.060476e+01 6.766866e+01 3.000000e+00
      vertex   -1.992350e+01 6.743741e+01 -4.732000e+00
    endloop
  endfacet
  facet normal 3.214395e-01 9.469301e-01 -0.000000e+00
    outer loop
      vertex   -1.992350e+01 6.743741e+01 -4.732000e+00
      vertex   -2.060476e+01 6.766866e+01 3.000000e+00
      vertex   -1.992350e+01 6.743741e+01 3.000000e+00
    endloop
  endfacet
  facet normal 1.950903e-01 9.807853e-01 -0.000000e+00
    outer loop
      vertex   -1.992350e+01 6.743741e+01 -4.732000e+00
      vertex   -1.992350e+01 6.743741e+01 3.000000e+00
      vertex   -1.921789e+01 6.729705e+01 -4.732000e+00
    endloop
  endfacet
  facet normal 1.950903e-01 9.807853e-01 -0.000000e+00
    outer loop
      vertex   -1.921789e+01 6.729705e+01 -4.732000e+00
      vertex   -1.992350e+01 6.743741e+01 3.000000e+00
      vertex   -1.921789e+01 6.729705e+01 3.000000e+00
    endloop
  endfacet
  facet normal 6.540313e-02 9.978589e-01 -0.000000e+00
    outer loop
      vertex   -1.921789e+01 6.729705e+01 -4.732000e+00
      vertex   -1.921789e+01 6.729705e+01 3.000000e+00
      vertex   -1.850000e+01 6.725000e+01 -4.732000e+00
    endloop
  endfacet
  facet normal 6.540313e-02 9.978589e-01 -0.000000e+00
    outer loop
      vertex   -1.850000e+01 6.725000e+01 -4.732000e+00
      vertex   -1.921789e+01 6.729705e+01 3.000000e+00
      vertex   -1.850000e+01 6.725000e+01 3.000000e+00
    endloop
  endfacet
  facet normal 0.000000e+00 1.000000e+00 0.000000e+00
    outer loop
      vertex   -1.850000e+01 6.725000e+01 -4.732000e+00
      vertex   -1.850000e+01 6.725000e+01 3.000000e+00
      vertex   -1.700000e+01 6.725000e+01 -4.732000e+00
    endloop
  endfacet
  facet normal 0.000000e+00 1.000000e+00 -0.000000e+00
    outer loop
      vertex   -1.700000e+01 6.725000e+01 -4.732000e+00
      vertex   -1.850000e+01 6.725000e+01 3.000000e+00
      vertex   -1.700000e+01 6.725000e+01 3.000000e+00
    endloop
  endfacet
  facet normal 7.133918e-02 -9.974521e-01 9.166223e-16
    outer loop
      vertex   -1.700000e+01 5.635898e+01 3.000000e+00
      vertex   -1.700000e+01 5.635898e+01 -4.732000e+00
      vertex   -1.628843e+01 5.640988e+01 3.000000e+00
    endloop
  endfacet
  facet normal 7.133918e-02 -9.974521e-01 0.000000e+00
    outer loop
      vertex   -1.628843e+01 5.640988e+01 3.000000e+00
      vertex   -1.700000e+01 5.635898e+01 -4.732000e+00
      vertex   -1.628843e+01 5.640988e+01 -4.732000e+00
    endloop
  endfacet
  facet normal 2.125653e-01 -9.771469e-01 0.000000e+00
    outer loop
      vertex   -1.628843e+01 5.640988e+01 3.000000e+00
      vertex   -1.628843e+01 5.640988e+01 -4.732000e+00
      vertex   -1.559134e+01 5.656152e+01 3.000000e+00
    endloop
  endfacet
  facet normal 2.125653e-01 -9.771469e-01 0.000000e+00
    outer loop
      vertex   -1.559134e+01 5.656152e+01 3.000000e+00
      vertex   -1.628843e+01 5.640988e+01 -4.732000e+00
      vertex   -1.559134e+01 5.656152e+01 -4.732000e+00
    endloop
  endfacet
  facet normal 3.494642e-01 -9.369497e-01 0.000000e+00
    outer loop
      vertex   -1.559134e+01 5.656152e+01 3.000000e+00
      vertex   -1.559134e+01 5.656152e+01 -4.732000e+00
      vertex   -1.492292e+01 5.681082e+01 3.000000e+00
    endloop
  endfacet
  facet normal 3.494642e-01 -9.369497e-01 0.000000e+00
    outer loop
      vertex   -1.492292e+01 5.681082e+01 3.000000e+00
      vertex   -1.559134e+01 5.656152e+01 -4.732000e+00
      vertex   -1.492292e+01 5.681082e+01 -4.732000e+00
    endloop
  endfacet
  facet normal 4.792490e-01 -8.776790e-01 0.000000e+00
    outer loop
      vertex   -1.492292e+01 5.681082e+01 3.000000e+00
      vertex   -1.492292e+01 5.681082e+01 -4.732000e+00
      vertex   -1.429680e+01 5.715272e+01 3.000000e+00
    endloop
  endfacet
  facet normal 4.792490e-01 -8.776790e-01 0.000000e+00
    outer loop
      vertex   -1.429680e+01 5.715272e+01 3.000000e+00
      vertex   -1.492292e+01 5.681082e+01 -4.732000e+00
      vertex   -1.429680e+01 5.715272e+01 -4.732000e+00
    endloop
  endfacet
  facet normal 5.992777e-01 -8.005412e-01 0.000000e+00
    outer loop
      vertex   -1.429680e+01 5.715272e+01 3.000000e+00
      vertex   -1.429680e+01 5.715272e+01 -4.732000e+00
      vertex   -1.372570e+01 5.758024e+01 3.000000e+00
    endloop
  endfacet
  facet normal 5.992777e-01 -8.005412e-01 0.000000e+00
    outer loop
      vertex   -1.372570e+01 5.758024e+01 3.000000e+00
      vertex   -1.429680e+01 5.715272e+01 -4.732000e+00
      vertex   -1.372570e+01 5.758024e+01 -4.732000e+00
    endloop
  endfacet
  facet normal 7.071068e-01 -7.071068e-01 0.000000e+00
    outer loop
      vertex   -1.372570e+01 5.758024e+01 3.000000e+00
      vertex   -1.372570e+01 5.758024e+01 -4.732000e+00
      vertex   -1.322125e+01 5.808468e+01 3.000000e+00
    endloop
  endfacet
  facet normal 7.071068e-01 -7.071068e-01 0.000000e+00
    outer loop
      vertex   -1.322125e+01 5.808468e+01 3.000000e+00
      vertex   -1.372570e+01 5.758024e+01 -4.732000e+00
      vertex   -1.322125e+01 5.808468e+01 -4.732000e+00
    endloop
  endfacet
  facet normal 8.005412e-01 -5.992777e-01 0.000000e+00
    outer loop
      vertex   -1.322125e+01 5.808468e+01 3.000000e+00
      vertex   -1.322125e+01 5.808468e+01 -4.732000e+00
      vertex   -1.279373e+01 5.865578e+01 3.000000e+00
    endloop
  endfacet
  facet normal 8.005412e-01 -5.992777e-01 0.000000e+00
    outer loop
      vertex   -1.279373e+01 5.865578e+01 3.000000e+00
      vertex   -1.322125e+01 5.808468e+01 -4.732000e+00
      vertex   -1.279373e+01 5.865578e+01 -4.732000e+00
    endloop
  endfacet
  facet normal 8.776790e-01 -4.792490e-01 0.000000e+00
    outer loop
      vertex   -1.279373e+01 5.865578e+01 3.000000e+00
      vertex   -1.279373e+01 5.865578e+01 -4.732000e+00
      vertex   -1.245184e+01 5.928191e+01 3.000000e+00
    endloop
  endfacet
  facet normal 8.776790e-01 -4.792490e-01 0.000000e+00
    outer loop
      vertex   -1.245184e+01 5.928191e+01 3.000000e+00
      vertex   -1.279373e+01 5.865578e+01 -4.732000e+00
      vertex   -1.245184e+01 5.928191e+01 -4.732000e+00
    endloop
  endfacet
  facet normal 9.369497e-01 -3.494642e-01 0.000000e+00
    outer loop
      vertex   -1.245184e+01 5.928191e+01 3.000000e+00
      vertex   -1.245184e+01 5.928191e+01 -4.732000e+00
      vertex   -1.220254e+01 5.995032e+01 3.000000e+00
    endloop
  endfacet
  facet normal 9.369497e-01 -3.494642e-01 0.000000e+00
    outer loop
      vertex   -1.220254e+01 5.995032e+01 3.000000e+00
      vertex   -1.245184e+01 5.928191e+01 -4.732000e+00
      vertex   -1.220254e+01 5.995032e+01 -4.732000e+00
    endloop
  endfacet
  facet normal 9.771469e-01 -2.125653e-01 0.000000e+00
    outer loop
      vertex   -1.220254e+01 5.995032e+01 3.000000e+00
      vertex   -1.220254e+01 5.995032e+01 -4.732000e+00
      vertex   -1.205089e+01 6.064741e+01 3.000000e+00
    endloop
  endfacet
  facet normal 9.771469e-01 -2.125653e-01 0.000000e+00
    outer loop
      vertex   -1.205089e+01 6.064741e+01 3.000000e+00
      vertex   -1.220254e+01 5.995032e+01 -4.732000e+00
      vertex   -1.205089e+01 6.064741e+01 -4.732000e+00
    endloop
  endfacet
  facet normal 9.974521e-01 -7.133918e-02 0.000000e+00
    outer loop
      vertex   -1.205089e+01 6.064741e+01 3.000000e+00
      vertex   -1.205089e+01 6.064741e+01 -4.732000e+00
      vertex   -1.200000e+01 6.135898e+01 3.000000e+00
    endloop
  endfacet
  facet normal 9.974521e-01 -7.133918e-02 0.000000e+00
    outer loop
      vertex   -1.200000e+01 6.135898e+01 3.000000e+00
      vertex   -1.205089e+01 6.064741e+01 -4.732000e+00
      vertex   -1.200000e+01 6.135898e+01 -4.732000e+00
    endloop
  endfacet
  facet normal 1.000000e+00 -0.000000e+00 0.000000e+00
    outer loop
      vertex   -1.200000e+01 6.135898e+01 3.000000e+00
      vertex   -1.200000e+01 6.135898e+01 -4.732000e+00
      vertex   -1.200000e+01 6.225000e+01 3.000000e+00
    endloop
  endfacet
  facet normal 1.000000e+00 0.000000e+00 0.000000e+00
    outer loop
      vertex   -1.200000e+01 6.225000e+01 3.000000e+00
      vertex   -1.200000e+01 6.135898e+01 -4.732000e+00
      vertex   -1.200000e+01 6.225000e+01 -4.732000e+00
    endloop
  endfacet
  facet normal 9.974521e-01 7.133918e-02 0.000000e+00
    outer loop
      vertex   -1.200000e+01 6.225000e+01 3.000000e+00
      vertex   -1.200000e+01 6.225000e+01 -4.732000e+00
      vertex   -1.205089e+01 6.296157e+01 3.000000e+00
    endloop
  endfacet
  facet normal 9.974521e-01 7.133918e-02 0.000000e+00
    outer loop
      vertex   -1.205089e+01 6.296157e+01 3.000000e+00
      vertex   -1.200000e+01 6.225000e+01 -4.732000e+00
      vertex   -1.205089e+01 6.296157e+01 -4.732000e+00
    endloop
  endfacet
  facet normal 9.771469e-01 2.125653e-01 0.000000e+00
    outer loop
      vertex   -1.205089e+01 6.296157e+01 3.000000e+00
      vertex   -1.205089e+01 6.296157e+01 -4.732000e+00
      vertex   -1.220254e+01 6.365866e+01 3.000000e+00
    endloop
  endfacet
  facet normal 9.771469e-01 2.125653e-01 0.000000e+00
    outer loop
      vertex   -1.220254e+01 6.365866e+01 3.000000e+00
      vertex   -1.205089e+01 6.296157e+01 -4.732000e+00
      vertex   -1.220254e+01 6.365866e+01 -4.732000e+00
    endloop
  endfacet
  facet normal 9.369497e-01 3.494642e-01 0.000000e+00
    outer loop
      vertex   -1.220254e+01 6.365866e+01 3.000000e+00
      vertex   -1.220254e+01 6.365866e+01 -4.732000e+00
      vertex   -1.245184e+01 6.432708e+01 3.000000e+00
    endloop
  endfacet
  facet normal 9.369497e-01 3.494642e-01 0.000000e+00
    outer loop
      vertex   -1.245184e+01 6.432708e+01 3.000000e+00
      vertex   -1.220254e+01 6.365866e+01 -4.732000e+00
      vertex   -1.245184e+01 6.432708e+01 -4.732000e+00
    endloop
  endfacet
  facet normal 8.776790e-01 4.792490e-01 0.000000e+00
    outer loop
      vertex   -1.245184e+01 6.432708e+01 3.000000e+00
      vertex   -1.245184e+01 6.432708e+01 -4.732000e+00
      vertex   -1.279373e+01 6.495320e+01 3.000000e+00
    endloop
  endfacet
  facet normal 8.776790e-01 4.792490e-01 0.000000e+00
    outer loop
      vertex   -1.279373e+01 6.495320e+01 3.000000e+00
      vertex   -1.245184e+01 6.432708e+01 -4.732000e+00
      vertex   -1.279373e+01 6.495320e+01 -4.732000e+00
    endloop
  endfacet
  facet normal 8.005412e-01 5.992777e-01 0.000000e+00
    outer loop
      vertex   -1.279373e+01 6.495320e+01 3.000000e+00
      vertex   -1.279373e+01 6.495320e+01 -4.732000e+00
      vertex   -1.322125e+01 6.552430e+01 3.000000e+00
    endloop
  endfacet
  facet normal 8.005412e-01 5.992777e-01 0.000000e+00
    outer loop
      vertex   -1.322125e+01 6.552430e+01 3.000000e+00
      vertex   -1.279373e+01 6.495320e+01 -4.732000e+00
      vertex   -1.322125e+01 6.552430e+01 -4.732000e+00
    endloop
  endfacet
  facet normal 7.071068e-01 7.071068e-01 0.000000e+00
    outer loop
      vertex   -1.322125e+01 6.552430e+01 3.000000e+00
      vertex   -1.322125e+01 6.552430e+01 -4.732000e+00
      vertex   -1.372570e+01 6.602875e+01 3.000000e+00
    endloop
  endfacet
  facet normal 7.071068e-01 7.071068e-01 0.000000e+00
    outer loop
      vertex   -1.372570e+01 6.602875e+01 3.000000e+00
      vertex   -1.322125e+01 6.552430e+01 -4.732000e+00
      vertex   -1.372570e+01 6.602875e+01 -4.732000e+00
    endloop
  endfacet
  facet normal 5.992777e-01 8.005412e-01 0.000000e+00
    outer loop
      vertex   -1.372570e+01 6.602875e+01 3.000000e+00
      vertex   -1.372570e+01 6.602875e+01 -4.732000e+00
      vertex   -1.429680e+01 6.645627e+01 3.000000e+00
    endloop
  endfacet
  facet normal 5.992777e-01 8.005412e-01 0.000000e+00
    outer loop
      vertex   -1.429680e+01 6.645627e+01 3.000000e+00
      vertex   -1.372570e+01 6.602875e+01 -4.732000e+00
      vertex   -1.429680e+01 6.645627e+01 -4.732000e+00
    endloop
  endfacet
  facet normal 4.792490e-01 8.776790e-01 0.000000e+00
    outer loop
      vertex   -1.429680e+01 6.645627e+01 3.000000e+00
      vertex   -1.429680e+01 6.645627e+01 -4.732000e+00
      vertex   -1.492292e+01 6.679816e+01 3.000000e+00
    endloop
  endfacet
  facet normal 4.792490e-01 8.776790e-01 0.000000e+00
    outer loop
      vertex   -1.492292e+01 6.679816e+01 3.000000e+00
      vertex   -1.429680e+01 6.645627e+01 -4.732000e+00
      vertex   -1.492292e+01 6.679816e+01 -4.732000e+00
    endloop
  endfacet
  facet normal 3.494642e-01 9.369497e-01 0.000000e+00
    outer loop
      vertex   -1.492292e+01 6.679816e+01 3.000000e+00
      vertex   -1.492292e+01 6.679816e+01 -4.732000e+00
      vertex   -1.559134e+01 6.704746e+01 3.000000e+00
    endloop
  endfacet
  facet normal 3.494642e-01 9.369497e-01 0.000000e+00
    outer loop
      vertex   -1.559134e+01 6.704746e+01 3.000000e+00
      vertex   -1.492292e+01 6.679816e+01 -4.732000e+00
      vertex   -1.559134e+01 6.704746e+01 -4.732000e+00
    endloop
  endfacet
  facet normal 2.125653e-01 9.771469e-01 0.000000e+00
    outer loop
      vertex   -1.559134e+01 6.704746e+01 3.000000e+00
      vertex   -1.559134e+01 6.704746e+01 -4.732000e+00
      vertex   -1.628843e+01 6.719911e+01 3.000000e+00
    endloop
  endfacet
  facet normal 2.125653e-01 9.771469e-01 0.000000e+00
    outer loop
      vertex   -1.628843e+01 6.719911e+01 3.000000e+00
      vertex   -1.559134e+01 6.704746e+01 -4.732000e+00
      vertex   -1.628843e+01 6.719911e+01 -4.732000e+00
    endloop
  endfacet
  facet normal 7.133918e-02 9.974521e-01 0.000000e+00
    outer loop
      vertex   -1.628843e+01 6.719911e+01 3.000000e+00
      vertex   -1.628843e+01 6.719911e+01 -4.732000e+00
      vertex   -1.700000e+01 6.725000e+01 3.000000e+00
    endloop
  endfacet
  facet normal 7.133918e-02 9.974521e-01 0.000000e+00
    outer loop
      vertex   -1.700000e+01 6.725000e+01 3.000000e+00
      vertex   -1.628843e+01 6.719911e+01 -4.732000e+00
      vertex   -1.700000e+01 6.725000e+01 -4.732000e+00
    endloop
  endfacet
  facet normal -2.865067e-11 -9.941380e-01 -1.081190e-01
    outer loop
      vertex   -3.790000e+01 1.093626e+02 1.439527e-01
      vertex   -4.340000e+01 1.093626e+02 1.439527e-01
      vertex   -3.790000e+01 1.094000e+02 -2.000000e-01
    endloop
  endfacet
  facet normal -2.865068e-11 -9.941380e-01 -1.081190e-01
    outer loop
      vertex   -3.790000e+01 1.094000e+02 -2.000000e-01
      vertex   -4.340000e+01 1.093626e+02 1.439527e-01
      vertex   -4.340000e+01 1.094000e+02 -2.000000e-01
    endloop
  endfacet
  facet normal -2.865066e-11 -9.941380e-01 1.081190e-01
    outer loop
      vertex   -3.790000e+01 1.094000e+02 -2.000000e-01
      vertex   -4.340000e+01 1.094000e+02 -2.000000e-01
      vertex   -3.790000e+01 1.093626e+02 -5.439527e-01
    endloop
  endfacet
  facet normal -2.865067e-11 -9.941380e-01 1.081190e-01
    outer loop
      vertex   -3.790000e+01 1.093626e+02 -5.439527e-01
      vertex   -4.340000e+01 1.094000e+02 -2.000000e-01
      vertex   -4.340000e+01 1.093626e+02 -5.439527e-01
    endloop
  endfacet
  facet normal -2.731100e-11 -9.476532e-01 3.193015e-01
    outer loop
      vertex   -3.790000e+01 1.093626e+02 -5.439527e-01
      vertex   -4.340000e+01 1.093626e+02 -5.439527e-01
      vertex   -3.790000e+01 1.092521e+02 -8.718226e-01
    endloop
  endfacet
  facet normal -2.731100e-11 -9.476532e-01 3.193015e-01
    outer loop
      vertex   -3.790000e+01 1.092521e+02 -8.718226e-01
      vertex   -4.340000e+01 1.093626e+02 -5.439527e-01
      vertex   -4.340000e+01 1.092521e+02 -8.718226e-01
    endloop
  endfacet
  facet normal -2.469429e-11 -8.568572e-01 5.155539e-01
    outer loop
      vertex   -3.790000e+01 1.092521e+02 -8.718226e-01
      vertex   -4.340000e+01 1.092521e+02 -8.718226e-01
      vertex   -3.790000e+01 1.090737e+02 -1.168279e+00
    endloop
  endfacet
  facet normal -2.469429e-11 -8.568572e-01 5.155539e-01
    outer loop
      vertex   -3.790000e+01 1.090737e+02 -1.168279e+00
      vertex   -4.340000e+01 1.092521e+02 -8.718226e-01
      vertex   -4.340000e+01 1.090737e+02 -1.168279e+00
    endloop
  endfacet
  facet normal -2.092291e-11 -7.259955e-01 6.876995e-01
    outer loop
      vertex   -3.790000e+01 1.090737e+02 -1.168279e+00
      vertex   -4.340000e+01 1.090737e+02 -1.168279e+00
      vertex   -3.790000e+01 1.088358e+02 -1.419459e+00
    endloop
  endfacet
  facet normal -2.092291e-11 -7.259955e-01 6.876995e-01
    outer loop
      vertex   -3.790000e+01 1.088358e+02 -1.419459e+00
      vertex   -4.340000e+01 1.090737e+02 -1.168279e+00
      vertex   -4.340000e+01 1.088358e+02 -1.419459e+00
    endloop
  endfacet
  facet normal -1.617319e-11 -5.611871e-01 8.276890e-01
    outer loop
      vertex   -3.790000e+01 1.088358e+02 -1.419459e+00
      vertex   -4.340000e+01 1.088358e+02 -1.419459e+00
      vertex   -3.790000e+01 1.085495e+02 -1.613619e+00
    endloop
  endfacet
  facet normal -1.617319e-11 -5.611871e-01 8.276890e-01
    outer loop
      vertex   -3.790000e+01 1.085495e+02 -1.613619e+00
      vertex   -4.340000e+01 1.088358e+02 -1.419459e+00
      vertex   -4.340000e+01 1.085495e+02 -1.613619e+00
    endloop
  endfacet
  facet normal -1.066724e-11 -3.701382e-01 9.289767e-01
    outer loop
      vertex   -3.790000e+01 1.085495e+02 -1.613619e+00
      vertex   -4.340000e+01 1.085495e+02 -1.613619e+00
      vertex   -3.790000e+01 1.082280e+02 -1.741680e+00
    endloop
  endfacet
  facet normal -1.066628e-11 -3.701382e-01 9.289767e-01
    outer loop
      vertex   -3.790000e+01 1.082280e+02 -1.741680e+00
      vertex   -4.340000e+01 1.085495e+02 -1.613619e+00
      vertex   -4.340000e+01 1.082280e+02 -1.741680e+00
    endloop
  endfacet
  facet normal -4.662077e-12 -1.617820e-01 9.868265e-01
    outer loop
      vertex   -3.790000e+01 1.082280e+02 -1.741680e+00
      vertex   -4.340000e+01 1.082280e+02 -1.741680e+00
      vertex   -3.790000e+01 1.078866e+02 -1.797653e+00
    endloop
  endfacet
  facet normal -4.662495e-12 -1.617820e-01 9.868265e-01
    outer loop
      vertex   -3.790000e+01 1.078866e+02 -1.797653e+00
      vertex   -4.340000e+01 1.082280e+02 -1.741680e+00
      vertex   -4.340000e+01 1.078866e+02 -1.797653e+00
    endloop
  endfacet
  facet normal 1.560262e-12 5.413891e-02 9.985334e-01
    outer loop
      vertex   -3.790000e+01 1.078866e+02 -1.797653e+00
      vertex   -4.340000e+01 1.078866e+02 -1.797653e+00
      vertex   -3.790000e+01 1.075411e+02 -1.778922e+00
    endloop
  endfacet
  facet normal 1.560123e-12 5.413891e-02 9.985334e-01
    outer loop
      vertex   -3.790000e+01 1.075411e+02 -1.778922e+00
      vertex   -4.340000e+01 1.078866e+02 -1.797653e+00
      vertex   -4.340000e+01 1.075411e+02 -1.778922e+00
    endloop
  endfacet
  facet normal 7.709372e-12 2.675283e-01 9.635500e-01
    outer loop
      vertex   -3.790000e+01 1.075411e+02 -1.778922e+00
      vertex   -4.340000e+01 1.075411e+02 -1.778922e+00
      vertex   -3.790000e+01 1.072078e+02 -1.686363e+00
    endloop
  endfacet
  facet normal 7.710063e-12 2.675283e-01 9.635500e-01
    outer loop
      vertex   -3.790000e+01 1.072078e+02 -1.686363e+00
      vertex   -4.340000e+01 1.075411e+02 -1.778922e+00
      vertex   -4.340000e+01 1.072078e+02 -1.686363e+00
    endloop
  endfacet
  facet normal 1.349935e-11 4.684084e-01 8.835120e-01
    outer loop
      vertex   -3.790000e+01 1.072078e+02 -1.686363e+00
      vertex   -4.340000e+01 1.072078e+02 -1.686363e+00
      vertex   -3.790000e+01 1.069021e+02 -1.524302e+00
    endloop
  endfacet
  facet normal 1.349814e-11 4.684084e-01 8.835120e-01
    outer loop
      vertex   -3.790000e+01 1.069021e+02 -1.524302e+00
      vertex   -4.340000e+01 1.072078e+02 -1.686363e+00
      vertex   -4.340000e+01 1.069021e+02 -1.524302e+00
    endloop
  endfacet
  facet normal 1.865575e-11 6.473863e-01 7.621621e-01
    outer loop
      vertex   -3.790000e+01 1.069021e+02 -1.524302e+00
      vertex   -4.340000e+01 1.069021e+02 -1.524302e+00
      vertex   -3.790000e+01 1.066384e+02 -1.300319e+00
    endloop
  endfacet
  facet normal 1.865742e-11 6.473863e-01 7.621621e-01
    outer loop
      vertex   -3.790000e+01 1.066384e+02 -1.300319e+00
      vertex   -4.340000e+01 1.069021e+02 -1.524302e+00
      vertex   -4.340000e+01 1.066384e+02 -1.300319e+00
    endloop
  endfacet
  facet normal 2.294309e-11 7.960931e-01 6.051742e-01
    outer loop
      vertex   -3.790000e+01 1.066384e+02 -1.300319e+00
      vertex   -4.340000e+01 1.066384e+02 -1.300319e+00
      vertex   -3.790000e+01 1.064290e+02 -1.024886e+00
    endloop
  endfacet
  facet normal 2.294309e-11 7.960931e-01 6.051742e-01
    outer loop
      vertex   -3.790000e+01 1.064290e+02 -1.024886e+00
      vertex   -4.340000e+01 1.066384e+02 -1.300319e+00
      vertex   -4.340000e+01 1.064290e+02 -1.024886e+00
    endloop
  endfacet
  facet normal 2.615597e-11 9.075754e-01 4.198891e-01
    outer loop
      vertex   -3.790000e+01 1.064290e+02 -1.024886e+00
      vertex   -4.340000e+01 1.064290e+02 -1.024886e+00
      vertex   -3.790000e+01 1.062838e+02 -7.108824e-01
    endloop
  endfacet
  facet normal 2.615597e-11 9.075754e-01 4.198891e-01
    outer loop
      vertex   -3.790000e+01 1.062838e+02 -7.108824e-01
      vertex   -4.340000e+01 1.064290e+02 -1.024886e+00
      vertex   -4.340000e+01 1.062838e+02 -7.108824e-01
    endloop
  endfacet
  facet normal 2.814583e-11 9.766206e-01 2.149704e-01
    outer loop
      vertex   -3.790000e+01 1.062838e+02 -7.108824e-01
      vertex   -4.340000e+01 1.062838e+02 -7.108824e-01
      vertex   -3.790000e+01 1.062094e+02 -3.729904e-01
    endloop
  endfacet
  facet normal 2.814583e-11 9.766206e-01 2.149704e-01
    outer loop
      vertex   -3.790000e+01 1.062094e+02 -3.729904e-01
      vertex   -4.340000e+01 1.062838e+02 -7.108824e-01
      vertex   -4.340000e+01 1.062094e+02 -3.729904e-01
    endloop
  endfacet
  facet normal 2.881961e-11 1.000000e+00 -0.000000e+00
    outer loop
      vertex   -3.790000e+01 1.062094e+02 -3.729904e-01
      vertex   -4.340000e+01 1.062094e+02 -3.729904e-01
      vertex   -3.790000e+01 1.062094e+02 -2.700957e-02
    endloop
  endfacet
  facet normal 2.881961e-11 1.000000e+00 0.000000e+00
    outer loop
      vertex   -3.790000e+01 1.062094e+02 -2.700957e-02
      vertex   -4.340000e+01 1.062094e+02 -3.729904e-01
      vertex   -4.340000e+01 1.062094e+02 -2.700957e-02
    endloop
  endfacet
  facet normal 2.814583e-11 9.766206e-01 -2.149704e-01
    outer loop
      vertex   -3.790000e+01 1.062094e+02 -2.700957e-02
      vertex   -4.340000e+01 1.062094e+02 -2.700957e-02
      vertex   -3.790000e+01 1.062838e+02 3.108824e-01
    endloop
  endfacet
  facet normal 2.814583e-11 9.766206e-01 -2.149704e-01
    outer loop
      vertex   -3.790000e+01 1.062838e+02 3.108824e-01
      vertex   -4.340000e+01 1.062094e+02 -2.700957e-02
      vertex   -4.340000e+01 1.062838e+02 3.108824e-01
    endloop
  endfacet
  facet normal 2.615597e-11 9.075754e-01 -4.198891e-01
    outer loop
      vertex   -3.790000e+01 1.062838e+02 3.108824e-01
      vertex   -4.340000e+01 1.062838e+02 3.108824e-01
      vertex   -3.790000e+01 1.064290e+02 6.248862e-01
    endloop
  endfacet
  facet normal 2.615597e-11 9.075754e-01 -4.198891e-01
    outer loop
      vertex   -3.790000e+01 1.064290e+02 6.248862e-01
      vertex   -4.340000e+01 1.062838e+02 3.108824e-01
      vertex   -4.340000e+01 1.064290e+02 6.248862e-01
    endloop
  endfacet
  facet normal 2.294309e-11 7.960931e-01 -6.051742e-01
    outer loop
      vertex   -3.790000e+01 1.064290e+02 6.248862e-01
      vertex   -4.340000e+01 1.064290e+02 6.248862e-01
      vertex   -3.790000e+01 1.066384e+02 9.003191e-01
    endloop
  endfacet
  facet normal 2.294309e-11 7.960931e-01 -6.051742e-01
    outer loop
      vertex   -3.790000e+01 1.066384e+02 9.003191e-01
      vertex   -4.340000e+01 1.064290e+02 6.248862e-01
      vertex   -4.340000e+01 1.066384e+02 9.003191e-01
    endloop
  endfacet
  facet normal 1.865742e-11 6.473863e-01 -7.621621e-01
    outer loop
      vertex   -3.790000e+01 1.066384e+02 9.003191e-01
      vertex   -4.340000e+01 1.066384e+02 9.003191e-01
      vertex   -3.790000e+01 1.069021e+02 1.124302e+00
    endloop
  endfacet
  facet normal 1.865575e-11 6.473863e-01 -7.621621e-01
    outer loop
      vertex   -3.790000e+01 1.069021e+02 1.124302e+00
      vertex   -4.340000e+01 1.066384e+02 9.003191e-01
      vertex   -4.340000e+01 1.069021e+02 1.124302e+00
    endloop
  endfacet
  facet normal 1.349814e-11 4.684084e-01 -8.835120e-01
    outer loop
      vertex   -3.790000e+01 1.069021e+02 1.124302e+00
      vertex   -4.340000e+01 1.069021e+02 1.124302e+00
      vertex   -3.790000e+01 1.072078e+02 1.286363e+00
    endloop
  endfacet
  facet normal 1.349935e-11 4.684084e-01 -8.835120e-01
    outer loop
      vertex   -3.790000e+01 1.072078e+02 1.286363e+00
      vertex   -4.340000e+01 1.069021e+02 1.124302e+00
      vertex   -4.340000e+01 1.072078e+02 1.286363e+00
    endloop
  endfacet
  facet normal 7.710063e-12 2.675283e-01 -9.635500e-01
    outer loop
      vertex   -3.790000e+01 1.072078e+02 1.286363e+00
      vertex   -4.340000e+01 1.072078e+02 1.286363e+00
      vertex   -3.790000e+01 1.075411e+02 1.378922e+00
    endloop
  endfacet
  facet normal 7.709372e-12 2.675283e-01 -9.635500e-01
    outer loop
      vertex   -3.790000e+01 1.075411e+02 1.378922e+00
      vertex   -4.340000e+01 1.072078e+02 1.286363e+00
      vertex   -4.340000e+01 1.075411e+02 1.378922e+00
    endloop
  endfacet
  facet normal 1.560123e-12 5.413891e-02 -9.985334e-01
    outer loop
      vertex   -3.790000e+01 1.075411e+02 1.378922e+00
      vertex   -4.340000e+01 1.075411e+02 1.378922e+00
      vertex   -3.790000e+01 1.078866e+02 1.397653e+00
    endloop
  endfacet
  facet normal 1.560262e-12 5.413891e-02 -9.985334e-01
    outer loop
      vertex   -3.790000e+01 1.078866e+02 1.397653e+00
      vertex   -4.340000e+01 1.075411e+02 1.378922e+00
      vertex   -4.340000e+01 1.078866e+02 1.397653e+00
    endloop
  endfacet
  facet normal -4.662495e-12 -1.617820e-01 -9.868265e-01
    outer loop
      vertex   -3.790000e+01 1.078866e+02 1.397653e+00
      vertex   -4.340000e+01 1.078866e+02 1.397653e+00
      vertex   -3.790000e+01 1.082280e+02 1.341680e+00
    endloop
  endfacet
  facet normal -4.662077e-12 -1.617820e-01 -9.868265e-01
    outer loop
      vertex   -3.790000e+01 1.082280e+02 1.341680e+00
      vertex   -4.340000e+01 1.078866e+02 1.397653e+00
      vertex   -4.340000e+01 1.082280e+02 1.341680e+00
    endloop
  endfacet
  facet normal -1.066628e-11 -3.701382e-01 -9.289767e-01
    outer loop
      vertex   -3.790000e+01 1.082280e+02 1.341680e+00
      vertex   -4.340000e+01 1.082280e+02 1.341680e+00
      vertex   -3.790000e+01 1.085495e+02 1.213619e+00
    endloop
  endfacet
  facet normal -1.066724e-11 -3.701382e-01 -9.289767e-01
    outer loop
      vertex   -3.790000e+01 1.085495e+02 1.213619e+00
      vertex   -4.340000e+01 1.082280e+02 1.341680e+00
      vertex   -4.340000e+01 1.085495e+02 1.213619e+00
    endloop
  endfacet
  facet normal -1.617319e-11 -5.611871e-01 -8.276890e-01
    outer loop
      vertex   -3.790000e+01 1.085495e+02 1.213619e+00
      vertex   -4.340000e+01 1.085495e+02 1.213619e+00
      vertex   -3.790000e+01 1.088358e+02 1.019459e+00
    endloop
  endfacet
  facet normal -1.617319e-11 -5.611871e-01 -8.276890e-01
    outer loop
      vertex   -3.790000e+01 1.088358e+02 1.019459e+00
      vertex   -4.340000e+01 1.085495e+02 1.213619e+00
      vertex   -4.340000e+01 1.088358e+02 1.019459e+00
    endloop
  endfacet
  facet normal -2.092291e-11 -7.259955e-01 -6.876995e-01
    outer loop
      vertex   -3.790000e+01 1.088358e+02 1.019459e+00
      vertex   -4.340000e+01 1.088358e+02 1.019459e+00
      vertex   -3.790000e+01 1.090737e+02 7.682787e-01
    endloop
  endfacet
  facet normal -2.092291e-11 -7.259955e-01 -6.876995e-01
    outer loop
      vertex   -3.790000e+01 1.090737e+02 7.682787e-01
      vertex   -4.340000e+01 1.088358e+02 1.019459e+00
      vertex   -4.340000e+01 1.090737e+02 7.682787e-01
    endloop
  endfacet
  facet normal -2.469429e-11 -8.568572e-01 -5.155539e-01
    outer loop
      vertex   -3.790000e+01 1.090737e+02 7.682787e-01
      vertex   -4.340000e+01 1.090737e+02 7.682787e-01
      vertex   -3.790000e+01 1.092521e+02 4.718226e-01
    endloop
  endfacet
  facet normal -2.469429e-11 -8.568572e-01 -5.155539e-01
    outer loop
      vertex   -3.790000e+01 1.092521e+02 4.718226e-01
      vertex   -4.340000e+01 1.090737e+02 7.682787e-01
      vertex   -4.340000e+01 1.092521e+02 4.718226e-01
    endloop
  endfacet
  facet normal -2.731100e-11 -9.476532e-01 -3.193015e-01
    outer loop
      vertex   -3.790000e+01 1.092521e+02 4.718226e-01
      vertex   -4.340000e+01 1.092521e+02 4.718226e-01
      vertex   -3.790000e+01 1.093626e+02 1.439527e-01
    endloop
  endfacet
  facet normal -2.731100e-11 -9.476532e-01 -3.193015e-01
    outer loop
      vertex   -3.790000e+01 1.093626e+02 1.439527e-01
      vertex   -4.340000e+01 1.092521e+02 4.718226e-01
      vertex   -4.340000e+01 1.093626e+02 1.439527e-01
    endloop
  endfacet
  facet normal -1.000000e+00 2.883154e-11 -2.507787e-14
    outer loop
      vertex   -3.790000e+01 1.093626e+02 1.439527e-01
      vertex   -3.790000e+01 1.094000e+02 -2.000000e-01
      vertex   -3.790000e+01 1.069021e+02 -1.524302e+00
    endloop
  endfacet
  facet normal -1.000000e+00 2.880333e-11 2.814675e-14
    outer loop
      vertex   -3.790000e+01 1.069021e+02 -1.524302e+00
      vertex   -3.790000e+01 1.094000e+02 -2.000000e-01
      vertex   -3.790000e+01 1.093626e+02 -5.439527e-01
    endloop
  endfacet
  facet normal -1.000000e+00 2.881451e-11 8.866218e-17
    outer loop
      vertex   -3.790000e+01 1.069021e+02 -1.524302e+00
      vertex   -3.790000e+01 1.093626e+02 -5.439527e-01
      vertex   -3.790000e+01 1.092521e+02 -8.718226e-01
    endloop
  endfacet
  facet normal -1.000000e+00 2.880932e-11 1.875286e-14
    outer loop
      vertex   -3.790000e+01 1.092521e+02 -8.718226e-01
      vertex   -3.790000e+01 1.090737e+02 -1.168279e+00
      vertex   -3.790000e+01 1.069021e+02 -1.524302e+00
    endloop
  endfacet
  facet normal -1.000000e+00 2.881682e-11 -2.698941e-14
    outer loop
      vertex   -3.790000e+01 1.069021e+02 -1.524302e+00
      vertex   -3.790000e+01 1.090737e+02 -1.168279e+00
      vertex   -3.790000e+01 1.088358e+02 -1.419459e+00
    endloop
  endfacet
  facet normal -1.000000e+00 2.881390e-11 2.692131e-14
    outer loop
      vertex   -3.790000e+01 1.069021e+02 -1.524302e+00
      vertex   -3.790000e+01 1.088358e+02 -1.419459e+00
      vertex   -3.790000e+01 1.085495e+02 -1.613619e+00
    endloop
  endfacet
  facet normal -1.000000e+00 2.881382e-11 2.551470e-14
    outer loop
      vertex   -3.790000e+01 1.069021e+02 -1.524302e+00
      vertex   -3.790000e+01 1.085495e+02 -1.613619e+00
      vertex   -3.790000e+01 1.072078e+02 -1.686363e+00
    endloop
  endfacet
  facet normal -1.000000e+00 2.881671e-11 -2.775787e-14
    outer loop
      vertex   -3.790000e+01 1.072078e+02 -1.686363e+00
      vertex   -3.790000e+01 1.085495e+02 -1.613619e+00
      vertex   -3.790000e+01 1.082280e+02 -1.741680e+00
    endloop
  endfacet
  facet normal -1.000000e+00 2.881864e-11 7.881670e-15
    outer loop
      vertex   -3.790000e+01 1.072078e+02 -1.686363e+00
      vertex   -3.790000e+01 1.082280e+02 -1.741680e+00
      vertex   -3.790000e+01 1.075411e+02 -1.778922e+00
    endloop
  endfacet
  facet normal -1.000000e+00 2.881687e-11 4.058490e-14
    outer loop
      vertex   -3.790000e+01 1.075411e+02 -1.778922e+00
      vertex   -3.790000e+01 1.082280e+02 -1.741680e+00
      vertex   -3.790000e+01 1.078866e+02 -1.797653e+00
    endloop
  endfacet
  facet normal -1.000000e+00 2.883199e-11 0.000000e+00
    outer loop
      vertex   -3.790000e+01 1.066384e+02 -1.300319e+00
      vertex   -3.790000e+01 1.069021e+02 1.124302e+00
      vertex   -3.790000e+01 1.069021e+02 -1.524302e+00
    endloop
  endfacet
  facet normal -1.000000e+00 2.880030e-11 0.000000e+00
    outer loop
      vertex   -3.790000e+01 1.069021e+02 -1.524302e+00
      vertex   -3.790000e+01 1.069021e+02 1.124302e+00
      vertex   -3.790000e+01 1.072078e+02 1.286363e+00
    endloop
  endfacet
  facet normal -1.000000e+00 2.881696e-11 -1.812158e-15
    outer loop
      vertex   -3.790000e+01 1.069021e+02 -1.524302e+00
      vertex   -3.790000e+01 1.072078e+02 1.286363e+00
      vertex   -3.790000e+01 1.075411e+02 1.378922e+00
    endloop
  endfacet
  facet normal -1.000000e+00 2.883199e-11 1.865336e-25
    outer loop
      vertex   -3.790000e+01 1.069021e+02 1.124302e+00
      vertex   -3.790000e+01 1.066384e+02 -1.300319e+00
      vertex   -3.790000e+01 1.066384e+02 9.003191e-01
    endloop
  endfacet
  facet normal -1.000000e+00 2.881147e-11 1.860531e-25
    outer loop
      vertex   -3.790000e+01 1.066384e+02 9.003191e-01
      vertex   -3.790000e+01 1.066384e+02 -1.300319e+00
      vertex   -3.790000e+01 1.064290e+02 -1.024886e+00
    endloop
  endfacet
  facet normal -1.000000e+00 2.881147e-11 0.000000e+00
    outer loop
      vertex   -3.790000e+01 1.066384e+02 9.003191e-01
      vertex   -3.790000e+01 1.064290e+02 -1.024886e+00
      vertex   -3.790000e+01 1.064290e+02 6.248862e-01
    endloop
  endfacet
  facet normal -1.000000e+00 2.880838e-11 0.000000e+00
    outer loop
      vertex   -3.790000e+01 1.064290e+02 6.248862e-01
      vertex   -3.790000e+01 1.064290e+02 -1.024886e+00
      vertex   -3.790000e+01 1.062838e+02 -7.108824e-01
    endloop
  endfacet
  facet normal -1.000000e+00 2.880838e-11 0.000000e+00
    outer loop
      vertex   -3.790000e+01 1.064290e+02 6.248862e-01
      vertex   -3.790000e+01 1.062838e+02 -7.108824e-01
      vertex   -3.790000e+01 1.062838e+02 3.108824e-01
    endloop
  endfacet
  facet normal -1.000000e+00 2.885136e-11 0.000000e+00
    outer loop
      vertex   -3.790000e+01 1.062838e+02 3.108824e-01
      vertex   -3.790000e+01 1.062838e+02 -7.108824e-01
      vertex   -3.790000e+01 1.062094e+02 -3.729904e-01
    endloop
  endfacet
  facet normal -1.000000e+00 2.885136e-11 0.000000e+00
    outer loop
      vertex   -3.790000e+01 1.062838e+02 3.108824e-01
      vertex   -3.790000e+01 1.062094e+02 -3.729904e-01
      vertex   -3.790000e+01 1.062094e+02 -2.700957e-02
    endloop
  endfacet
  facet normal -1.000000e+00 2.881474e-11 -1.324253e-15
    outer loop
      vertex   -3.790000e+01 1.075411e+02 1.378922e+00
      vertex   -3.790000e+01 1.078866e+02 1.397653e+00
      vertex   -3.790000e+01 1.069021e+02 -1.524302e+00
    endloop
  endfacet
  facet normal -1.000000e+00 2.882286e-11 -4.059105e-15
    outer loop
      vertex   -3.790000e+01 1.069021e+02 -1.524302e+00
      vertex   -3.790000e+01 1.078866e+02 1.397653e+00
      vertex   -3.790000e+01 1.082280e+02 1.341680e+00
    endloop
  endfacet
  facet normal -1.000000e+00 2.880697e-11 3.294440e-15
    outer loop
      vertex   -3.790000e+01 1.069021e+02 -1.524302e+00
      vertex   -3.790000e+01 1.082280e+02 1.341680e+00
      vertex   -3.790000e+01 1.085495e+02 1.213619e+00
    endloop
  endfacet
  facet normal -1.000000e+00 2.882644e-11 -8.424136e-15
    outer loop
      vertex   -3.790000e+01 1.085495e+02 1.213619e+00
      vertex   -3.790000e+01 1.088358e+02 1.019459e+00
      vertex   -3.790000e+01 1.069021e+02 -1.524302e+00
    endloop
  endfacet
  facet normal -1.000000e+00 2.880036e-11 1.139906e-14
    outer loop
      vertex   -3.790000e+01 1.069021e+02 -1.524302e+00
      vertex   -3.790000e+01 1.088358e+02 1.019459e+00
      vertex   -3.790000e+01 1.090737e+02 7.682787e-01
    endloop
  endfacet
  facet normal -1.000000e+00 2.882331e-11 -1.033709e-14
    outer loop
      vertex   -3.790000e+01 1.069021e+02 -1.524302e+00
      vertex   -3.790000e+01 1.090737e+02 7.682787e-01
      vertex   -3.790000e+01 1.092521e+02 4.718226e-01
    endloop
  endfacet
  facet normal -1.000000e+00 2.881458e-11 -6.248472e-17
    outer loop
      vertex   -3.790000e+01 1.092521e+02 4.718226e-01
      vertex   -3.790000e+01 1.093626e+02 1.439527e-01
      vertex   -3.790000e+01 1.069021e+02 -1.524302e+00
    endloop
  endfacet
  facet normal -2.865067e-11 -9.941380e-01 -1.081190e-01
    outer loop
      vertex   -3.790000e+01 9.236259e+01 1.439527e-01
      vertex   -4.340000e+01 9.236259e+01 1.439527e-01
      vertex   -3.790000e+01 9.240000e+01 -2.000000e-01
    endloop
  endfacet
  facet normal -2.865325e-11 -9.941380e-01 -1.081190e-01
    outer loop
      vertex   -3.790000e+01 9.240000e+01 -2.000000e-01
      vertex   -4.340000e+01 9.236259e+01 1.439527e-01
      vertex   -4.340000e+01 9.240000e+01 -2.000000e-01
    endloop
  endfacet
  facet normal -2.865323e-11 -9.941380e-01 1.081190e-01
    outer loop
      vertex   -3.790000e+01 9.240000e+01 -2.000000e-01
      vertex   -4.340000e+01 9.240000e+01 -2.000000e-01
      vertex   -3.790000e+01 9.236259e+01 -5.439527e-01
    endloop
  endfacet
  facet normal -2.865067e-11 -9.941380e-01 1.081190e-01
    outer loop
      vertex   -3.790000e+01 9.236259e+01 -5.439527e-01
      vertex   -4.340000e+01 9.240000e+01 -2.000000e-01
      vertex   -4.340000e+01 9.236259e+01 -5.439527e-01
    endloop
  endfacet
  facet normal -2.731100e-11 -9.476532e-01 3.193015e-01
    outer loop
      vertex   -3.790000e+01 9.236259e+01 -5.439527e-01
      vertex   -4.340000e+01 9.236259e+01 -5.439527e-01
      vertex   -3.790000e+01 9.225212e+01 -8.718226e-01
    endloop
  endfacet
  facet normal -2.731100e-11 -9.476532e-01 3.193015e-01
    outer loop
      vertex   -3.790000e+01 9.225212e+01 -8.718226e-01
      vertex   -4.340000e+01 9.236259e+01 -5.439527e-01
      vertex   -4.340000e+01 9.225212e+01 -8.718226e-01
    endloop
  endfacet
  facet normal -2.469429e-11 -8.568572e-01 5.155539e-01
    outer loop
      vertex   -3.790000e+01 9.225212e+01 -8.718226e-01
      vertex   -4.340000e+01 9.225212e+01 -8.718226e-01
      vertex   -3.790000e+01 9.207375e+01 -1.168279e+00
    endloop
  endfacet
  facet normal -2.469429e-11 -8.568572e-01 5.155539e-01
    outer loop
      vertex   -3.790000e+01 9.207375e+01 -1.168279e+00
      vertex   -4.340000e+01 9.225212e+01 -8.718226e-01
      vertex   -4.340000e+01 9.207375e+01 -1.168279e+00
    endloop
  endfacet
  facet normal -2.092291e-11 -7.259955e-01 6.876995e-01
    outer loop
      vertex   -3.790000e+01 9.207375e+01 -1.168279e+00
      vertex   -4.340000e+01 9.207375e+01 -1.168279e+00
      vertex   -3.790000e+01 9.183582e+01 -1.419459e+00
    endloop
  endfacet
  facet normal -2.092291e-11 -7.259955e-01 6.876995e-01
    outer loop
      vertex   -3.790000e+01 9.183582e+01 -1.419459e+00
      vertex   -4.340000e+01 9.207375e+01 -1.168279e+00
      vertex   -4.340000e+01 9.183582e+01 -1.419459e+00
    endloop
  endfacet
  facet normal -1.617319e-11 -5.611871e-01 8.276890e-01
    outer loop
      vertex   -3.790000e+01 9.183582e+01 -1.419459e+00
      vertex   -4.340000e+01 9.183582e+01 -1.419459e+00
      vertex   -3.790000e+01 9.154945e+01 -1.613619e+00
    endloop
  endfacet
  facet normal -1.617319e-11 -5.611871e-01 8.276890e-01
    outer loop
      vertex   -3.790000e+01 9.154945e+01 -1.613619e+00
      vertex   -4.340000e+01 9.183582e+01 -1.419459e+00
      vertex   -4.340000e+01 9.154945e+01 -1.613619e+00
    endloop
  endfacet
  facet normal -1.066724e-11 -3.701382e-01 9.289767e-01
    outer loop
      vertex   -3.790000e+01 9.154945e+01 -1.613619e+00
      vertex   -4.340000e+01 9.154945e+01 -1.613619e+00
      vertex   -3.790000e+01 9.122805e+01 -1.741680e+00
    endloop
  endfacet
  facet normal -1.066628e-11 -3.701382e-01 9.289767e-01
    outer loop
      vertex   -3.790000e+01 9.122805e+01 -1.741680e+00
      vertex   -4.340000e+01 9.154945e+01 -1.613619e+00
      vertex   -4.340000e+01 9.122805e+01 -1.741680e+00
    endloop
  endfacet
  facet normal -4.662077e-12 -1.617820e-01 9.868265e-01
    outer loop
      vertex   -3.790000e+01 9.122805e+01 -1.741680e+00
      vertex   -4.340000e+01 9.122805e+01 -1.741680e+00
      vertex   -3.790000e+01 9.088662e+01 -1.797653e+00
    endloop
  endfacet
  facet normal -4.662495e-12 -1.617820e-01 9.868265e-01
    outer loop
      vertex   -3.790000e+01 9.088662e+01 -1.797653e+00
      vertex   -4.340000e+01 9.122805e+01 -1.741680e+00
      vertex   -4.340000e+01 9.088662e+01 -1.797653e+00
    endloop
  endfacet
  facet normal 1.560262e-12 5.413891e-02 9.985334e-01
    outer loop
      vertex   -3.790000e+01 9.088662e+01 -1.797653e+00
      vertex   -4.340000e+01 9.088662e+01 -1.797653e+00
      vertex   -3.790000e+01 9.054115e+01 -1.778922e+00
    endloop
  endfacet
  facet normal 1.560262e-12 5.413891e-02 9.985334e-01
    outer loop
      vertex   -3.790000e+01 9.054115e+01 -1.778922e+00
      vertex   -4.340000e+01 9.088662e+01 -1.797653e+00
      vertex   -4.340000e+01 9.054115e+01 -1.778922e+00
    endloop
  endfacet
  facet normal 7.710063e-12 2.675283e-01 9.635500e-01
    outer loop
      vertex   -3.790000e+01 9.054115e+01 -1.778922e+00
      vertex   -4.340000e+01 9.054115e+01 -1.778922e+00
      vertex   -3.790000e+01 9.020778e+01 -1.686363e+00
    endloop
  endfacet
  facet normal 7.710063e-12 2.675283e-01 9.635500e-01
    outer loop
      vertex   -3.790000e+01 9.020778e+01 -1.686363e+00
      vertex   -4.340000e+01 9.054115e+01 -1.778922e+00
      vertex   -4.340000e+01 9.020778e+01 -1.686363e+00
    endloop
  endfacet
  facet normal 1.349935e-11 4.684084e-01 8.835120e-01
    outer loop
      vertex   -3.790000e+01 9.020778e+01 -1.686363e+00
      vertex   -4.340000e+01 9.020778e+01 -1.686363e+00
      vertex   -3.790000e+01 8.990210e+01 -1.524302e+00
    endloop
  endfacet
  facet normal 1.349814e-11 4.684084e-01 8.835120e-01
    outer loop
      vertex   -3.790000e+01 8.990210e+01 -1.524302e+00
      vertex   -4.340000e+01 9.020778e+01 -1.686363e+00
      vertex   -4.340000e+01 8.990210e+01 -1.524302e+00
    endloop
  endfacet
  facet normal 1.865575e-11 6.473863e-01 7.621621e-01
    outer loop
      vertex   -3.790000e+01 8.990210e+01 -1.524302e+00
      vertex   -4.340000e+01 8.990210e+01 -1.524302e+00
      vertex   -3.790000e+01 8.963841e+01 -1.300319e+00
    endloop
  endfacet
  facet normal 1.865742e-11 6.473863e-01 7.621621e-01
    outer loop
      vertex   -3.790000e+01 8.963841e+01 -1.300319e+00
      vertex   -4.340000e+01 8.990210e+01 -1.524302e+00
      vertex   -4.340000e+01 8.963841e+01 -1.300319e+00
    endloop
  endfacet
  facet normal 2.294309e-11 7.960931e-01 6.051742e-01
    outer loop
      vertex   -3.790000e+01 8.963841e+01 -1.300319e+00
      vertex   -4.340000e+01 8.963841e+01 -1.300319e+00
      vertex   -3.790000e+01 8.942903e+01 -1.024886e+00
    endloop
  endfacet
  facet normal 2.294309e-11 7.960931e-01 6.051742e-01
    outer loop
      vertex   -3.790000e+01 8.942903e+01 -1.024886e+00
      vertex   -4.340000e+01 8.963841e+01 -1.300319e+00
      vertex   -4.340000e+01 8.942903e+01 -1.024886e+00
    endloop
  endfacet
  facet normal 2.615597e-11 9.075754e-01 4.198891e-01
    outer loop
      vertex   -3.790000e+01 8.942903e+01 -1.024886e+00
      vertex   -4.340000e+01 8.942903e+01 -1.024886e+00
      vertex   -3.790000e+01 8.928375e+01 -7.108825e-01
    endloop
  endfacet
  facet normal 2.615597e-11 9.075754e-01 4.198891e-01
    outer loop
      vertex   -3.790000e+01 8.928375e+01 -7.108825e-01
      vertex   -4.340000e+01 8.942903e+01 -1.024886e+00
      vertex   -4.340000e+01 8.928375e+01 -7.108825e-01
    endloop
  endfacet
  facet normal 2.814583e-11 9.766206e-01 2.149704e-01
    outer loop
      vertex   -3.790000e+01 8.928375e+01 -7.108825e-01
      vertex   -4.340000e+01 8.928375e+01 -7.108825e-01
      vertex   -3.790000e+01 8.920938e+01 -3.729905e-01
    endloop
  endfacet
  facet normal 2.814583e-11 9.766206e-01 2.149704e-01
    outer loop
      vertex   -3.790000e+01 8.920938e+01 -3.729905e-01
      vertex   -4.340000e+01 8.928375e+01 -7.108825e-01
      vertex   -4.340000e+01 8.920938e+01 -3.729905e-01
    endloop
  endfacet
  facet normal 2.881961e-11 1.000000e+00 -0.000000e+00
    outer loop
      vertex   -3.790000e+01 8.920938e+01 -3.729905e-01
      vertex   -4.340000e+01 8.920938e+01 -3.729905e-01
      vertex   -3.790000e+01 8.920938e+01 -2.700959e-02
    endloop
  endfacet
  facet normal 2.881961e-11 1.000000e+00 0.000000e+00
    outer loop
      vertex   -3.790000e+01 8.920938e+01 -2.700959e-02
      vertex   -4.340000e+01 8.920938e+01 -3.729905e-01
      vertex   -4.340000e+01 8.920938e+01 -2.700959e-02
    endloop
  endfacet
  facet normal 2.814583e-11 9.766206e-01 -2.149704e-01
    outer loop
      vertex   -3.790000e+01 8.920938e+01 -2.700959e-02
      vertex   -4.340000e+01 8.920938e+01 -2.700959e-02
      vertex   -3.790000e+01 8.928375e+01 3.108824e-01
    endloop
  endfacet
  facet normal 2.814583e-11 9.766206e-01 -2.149704e-01
    outer loop
      vertex   -3.790000e+01 8.928375e+01 3.108824e-01
      vertex   -4.340000e+01 8.920938e+01 -2.700959e-02
      vertex   -4.340000e+01 8.928375e+01 3.108824e-01
    endloop
  endfacet
  facet normal 2.615597e-11 9.075754e-01 -4.198891e-01
    outer loop
      vertex   -3.790000e+01 8.928375e+01 3.108824e-01
      vertex   -4.340000e+01 8.928375e+01 3.108824e-01
      vertex   -3.790000e+01 8.942903e+01 6.248862e-01
    endloop
  endfacet
  facet normal 2.615597e-11 9.075754e-01 -4.198891e-01
    outer loop
      vertex   -3.790000e+01 8.942903e+01 6.248862e-01
      vertex   -4.340000e+01 8.928375e+01 3.108824e-01
      vertex   -4.340000e+01 8.942903e+01 6.248862e-01
    endloop
  endfacet
  facet normal 2.294309e-11 7.960931e-01 -6.051742e-01
    outer loop
      vertex   -3.790000e+01 8.942903e+01 6.248862e-01
      vertex   -4.340000e+01 8.942903e+01 6.248862e-01
      vertex   -3.790000e+01 8.963841e+01 9.003191e-01
    endloop
  endfacet
  facet normal 2.294309e-11 7.960931e-01 -6.051742e-01
    outer loop
      vertex   -3.790000e+01 8.963841e+01 9.003191e-01
      vertex   -4.340000e+01 8.942903e+01 6.248862e-01
      vertex   -4.340000e+01 8.963841e+01 9.003191e-01
    endloop
  endfacet
  facet normal 1.865742e-11 6.473863e-01 -7.621621e-01
    outer loop
      vertex   -3.790000e+01 8.963841e+01 9.003191e-01
      vertex   -4.340000e+01 8.963841e+01 9.003191e-01
      vertex   -3.790000e+01 8.990210e+01 1.124302e+00
    endloop
  endfacet
  facet normal 1.865575e-11 6.473863e-01 -7.621621e-01
    outer loop
      vertex   -3.790000e+01 8.990210e+01 1.124302e+00
      vertex   -4.340000e+01 8.963841e+01 9.003191e-01
      vertex   -4.340000e+01 8.990210e+01 1.124302e+00
    endloop
  endfacet
  facet normal 1.349814e-11 4.684084e-01 -8.835120e-01
    outer loop
      vertex   -3.790000e+01 8.990210e+01 1.124302e+00
      vertex   -4.340000e+01 8.990210e+01 1.124302e+00
      vertex   -3.790000e+01 9.020778e+01 1.286363e+00
    endloop
  endfacet
  facet normal 1.349935e-11 4.684084e-01 -8.835120e-01
    outer loop
      vertex   -3.790000e+01 9.020778e+01 1.286363e+00
      vertex   -4.340000e+01 8.990210e+01 1.124302e+00
      vertex   -4.340000e+01 9.020778e+01 1.286363e+00
    endloop
  endfacet
  facet normal 7.710063e-12 2.675283e-01 -9.635500e-01
    outer loop
      vertex   -3.790000e+01 9.020778e+01 1.286363e+00
      vertex   -4.340000e+01 9.020778e+01 1.286363e+00
      vertex   -3.790000e+01 9.054115e+01 1.378922e+00
    endloop
  endfacet
  facet normal 7.710063e-12 2.675283e-01 -9.635500e-01
    outer loop
      vertex   -3.790000e+01 9.054115e+01 1.378922e+00
      vertex   -4.340000e+01 9.020778e+01 1.286363e+00
      vertex   -4.340000e+01 9.054115e+01 1.378922e+00
    endloop
  endfacet
  facet normal 1.560262e-12 5.413891e-02 -9.985334e-01
    outer loop
      vertex   -3.790000e+01 9.054115e+01 1.378922e+00
      vertex   -4.340000e+01 9.054115e+01 1.378922e+00
      vertex   -3.790000e+01 9.088662e+01 1.397653e+00
    endloop
  endfacet
  facet normal 1.560262e-12 5.413891e-02 -9.985334e-01
    outer loop
      vertex   -3.790000e+01 9.088662e+01 1.397653e+00
      vertex   -4.340000e+01 9.054115e+01 1.378922e+00
      vertex   -4.340000e+01 9.088662e+01 1.397653e+00
    endloop
  endfacet
  facet normal -4.662495e-12 -1.617820e-01 -9.868265e-01
    outer loop
      vertex   -3.790000e+01 9.088662e+01 1.397653e+00
      vertex   -4.340000e+01 9.088662e+01 1.397653e+00
      vertex   -3.790000e+01 9.122805e+01 1.341680e+00
    endloop
  endfacet
  facet normal -4.662077e-12 -1.617820e-01 -9.868265e-01
    outer loop
      vertex   -3.790000e+01 9.122805e+01 1.341680e+00
      vertex   -4.340000e+01 9.088662e+01 1.397653e+00
      vertex   -4.340000e+01 9.122805e+01 1.341680e+00
    endloop
  endfacet
  facet normal -1.066628e-11 -3.701382e-01 -9.289767e-01
    outer loop
      vertex   -3.790000e+01 9.122805e+01 1.341680e+00
      vertex   -4.340000e+01 9.122805e+01 1.341680e+00
      vertex   -3.790000e+01 9.154945e+01 1.213619e+00
    endloop
  endfacet
  facet normal -1.066724e-11 -3.701382e-01 -9.289767e-01
    outer loop
      vertex   -3.790000e+01 9.154945e+01 1.213619e+00
      vertex   -4.340000e+01 9.122805e+01 1.341680e+00
      vertex   -4.340000e+01 9.154945e+01 1.213619e+00
    endloop
  endfacet
  facet normal -1.617319e-11 -5.611871e-01 -8.276890e-01
    outer loop
      vertex   -3.790000e+01 9.154945e+01 1.213619e+00
      vertex   -4.340000e+01 9.154945e+01 1.213619e+00
      vertex   -3.790000e+01 9.183582e+01 1.019459e+00
    endloop
  endfacet
  facet normal -1.617319e-11 -5.611871e-01 -8.276890e-01
    outer loop
      vertex   -3.790000e+01 9.183582e+01 1.019459e+00
      vertex   -4.340000e+01 9.154945e+01 1.213619e+00
      vertex   -4.340000e+01 9.183582e+01 1.019459e+00
    endloop
  endfacet
  facet normal -2.092291e-11 -7.259955e-01 -6.876995e-01
    outer loop
      vertex   -3.790000e+01 9.183582e+01 1.019459e+00
      vertex   -4.340000e+01 9.183582e+01 1.019459e+00
      vertex   -3.790000e+01 9.207375e+01 7.682787e-01
    endloop
  endfacet
  facet normal -2.092291e-11 -7.259955e-01 -6.876995e-01
    outer loop
      vertex   -3.790000e+01 9.207375e+01 7.682787e-01
      vertex   -4.340000e+01 9.183582e+01 1.019459e+00
      vertex   -4.340000e+01 9.207375e+01 7.682787e-01
    endloop
  endfacet
  facet normal -2.469429e-11 -8.568572e-01 -5.155539e-01
    outer loop
      vertex   -3.790000e+01 9.207375e+01 7.682787e-01
      vertex   -4.340000e+01 9.207375e+01 7.682787e-01
      vertex   -3.790000e+01 9.225212e+01 4.718225e-01
    endloop
  endfacet
  facet normal -2.469429e-11 -8.568572e-01 -5.155539e-01
    outer loop
      vertex   -3.790000e+01 9.225212e+01 4.718225e-01
      vertex   -4.340000e+01 9.207375e+01 7.682787e-01
      vertex   -4.340000e+01 9.225212e+01 4.718225e-01
    endloop
  endfacet
  facet normal -2.731100e-11 -9.476532e-01 -3.193015e-01
    outer loop
      vertex   -3.790000e+01 9.225212e+01 4.718225e-01
      vertex   -4.340000e+01 9.225212e+01 4.718225e-01
      vertex   -3.790000e+01 9.236259e+01 1.439527e-01
    endloop
  endfacet
  facet normal -2.731100e-11 -9.476532e-01 -3.193015e-01
    outer loop
      vertex   -3.790000e+01 9.236259e+01 1.439527e-01
      vertex   -4.340000e+01 9.225212e+01 4.718225e-01
      vertex   -4.340000e+01 9.236259e+01 1.439527e-01
    endloop
  endfacet
  facet normal -1.000000e+00 2.881850e-11 -5.838408e-15
    outer loop
      vertex   -3.790000e+01 9.236259e+01 1.439527e-01
      vertex   -3.790000e+01 9.240000e+01 -2.000000e-01
      vertex   -3.790000e+01 8.990210e+01 -1.524302e+00
    endloop
  endfacet
  facet normal -1.000000e+00 2.881193e-11 6.552878e-15
    outer loop
      vertex   -3.790000e+01 8.990210e+01 -1.524302e+00
      vertex   -3.790000e+01 9.240000e+01 -2.000000e-01
      vertex   -3.790000e+01 9.236259e+01 -5.439527e-01
    endloop
  endfacet
  facet normal -1.000000e+00 2.881451e-11 8.866218e-17
    outer loop
      vertex   -3.790000e+01 8.990210e+01 -1.524302e+00
      vertex   -3.790000e+01 9.236259e+01 -5.439527e-01
      vertex   -3.790000e+01 9.225212e+01 -8.718226e-01
    endloop
  endfacet
  facet normal -1.000000e+00 2.880932e-11 1.875286e-14
    outer loop
      vertex   -3.790000e+01 9.225212e+01 -8.718226e-01
      vertex   -3.790000e+01 9.207375e+01 -1.168279e+00
      vertex   -3.790000e+01 8.990210e+01 -1.524302e+00
    endloop
  endfacet
  facet normal -1.000000e+00 2.881682e-11 -2.698941e-14
    outer loop
      vertex   -3.790000e+01 8.990210e+01 -1.524302e+00
      vertex   -3.790000e+01 9.207375e+01 -1.168279e+00
      vertex   -3.790000e+01 9.183582e+01 -1.419459e+00
    endloop
  endfacet
  facet normal -1.000000e+00 2.881390e-11 2.692131e-14
    outer loop
      vertex   -3.790000e+01 8.990210e+01 -1.524302e+00
      vertex   -3.790000e+01 9.183582e+01 -1.419459e+00
      vertex   -3.790000e+01 9.154945e+01 -1.613619e+00
    endloop
  endfacet
  facet normal -1.000000e+00 2.881382e-11 2.551470e-14
    outer loop
      vertex   -3.790000e+01 8.990210e+01 -1.524302e+00
      vertex   -3.790000e+01 9.154945e+01 -1.613619e+00
      vertex   -3.790000e+01 9.020778e+01 -1.686363e+00
    endloop
  endfacet
  facet normal -1.000000e+00 2.881671e-11 -2.775787e-14
    outer loop
      vertex   -3.790000e+01 9.020778e+01 -1.686363e+00
      vertex   -3.790000e+01 9.154945e+01 -1.613619e+00
      vertex   -3.790000e+01 9.122805e+01 -1.741680e+00
    endloop
  endfacet
  facet normal -1.000000e+00 2.881864e-11 7.881670e-15
    outer loop
      vertex   -3.790000e+01 9.020778e+01 -1.686363e+00
      vertex   -3.790000e+01 9.122805e+01 -1.741680e+00
      vertex   -3.790000e+01 9.054115e+01 -1.778922e+00
    endloop
  endfacet
  facet normal -1.000000e+00 2.881687e-11 4.058490e-14
    outer loop
      vertex   -3.790000e+01 9.054115e+01 -1.778922e+00
      vertex   -3.790000e+01 9.122805e+01 -1.741680e+00
      vertex   -3.790000e+01 9.088662e+01 -1.797653e+00
    endloop
  endfacet
  facet normal -1.000000e+00 2.883199e-11 0.000000e+00
    outer loop
      vertex   -3.790000e+01 8.963841e+01 -1.300319e+00
      vertex   -3.790000e+01 8.990210e+01 1.124302e+00
      vertex   -3.790000e+01 8.990210e+01 -1.524302e+00
    endloop
  endfacet
  facet normal -1.000000e+00 2.880030e-11 0.000000e+00
    outer loop
      vertex   -3.790000e+01 8.990210e+01 -1.524302e+00
      vertex   -3.790000e+01 8.990210e+01 1.124302e+00
      vertex   -3.790000e+01 9.020778e+01 1.286363e+00
    endloop
  endfacet
  facet normal -1.000000e+00 2.881696e-11 -1.812158e-15
    outer loop
      vertex   -3.790000e+01 8.990210e+01 -1.524302e+00
      vertex   -3.790000e+01 9.020778e+01 1.286363e+00
      vertex   -3.790000e+01 9.054115e+01 1.378922e+00
    endloop
  endfacet
  facet normal -1.000000e+00 2.883199e-11 1.865336e-25
    outer loop
      vertex   -3.790000e+01 8.990210e+01 1.124302e+00
      vertex   -3.790000e+01 8.963841e+01 -1.300319e+00
      vertex   -3.790000e+01 8.963841e+01 9.003191e-01
    endloop
  endfacet
  facet normal -1.000000e+00 2.881147e-11 1.860531e-25
    outer loop
      vertex   -3.790000e+01 8.963841e+01 9.003191e-01
      vertex   -3.790000e+01 8.963841e+01 -1.300319e+00
      vertex   -3.790000e+01 8.942903e+01 -1.024886e+00
    endloop
  endfacet
  facet normal -1.000000e+00 2.881147e-11 0.000000e+00
    outer loop
      vertex   -3.790000e+01 8.963841e+01 9.003191e-01
      vertex   -3.790000e+01 8.942903e+01 -1.024886e+00
      vertex   -3.790000e+01 8.942903e+01 6.248862e-01
    endloop
  endfacet
  facet normal -1.000000e+00 2.880838e-11 0.000000e+00
    outer loop
      vertex   -3.790000e+01 8.942903e+01 6.248862e-01
      vertex   -3.790000e+01 8.942903e+01 -1.024886e+00
      vertex   -3.790000e+01 8.928375e+01 -7.108825e-01
    endloop
  endfacet
  facet normal -1.000000e+00 2.880838e-11 0.000000e+00
    outer loop
      vertex   -3.790000e+01 8.942903e+01 6.248862e-01
      vertex   -3.790000e+01 8.928375e+01 -7.108825e-01
      vertex   -3.790000e+01 8.928375e+01 3.108824e-01
    endloop
  endfacet
  facet normal -1.000000e+00 2.885136e-11 0.000000e+00
    outer loop
      vertex   -3.790000e+01 8.928375e+01 3.108824e-01
      vertex   -3.790000e+01 8.928375e+01 -7.108825e-01
      vertex   -3.790000e+01 8.920938e+01 -3.729905e-01
    endloop
  endfacet
  facet normal -1.000000e+00 2.885136e-11 0.000000e+00
    outer loop
      vertex   -3.790000e+01 8.928375e+01 3.108824e-01
      vertex   -3.790000e+01 8.920938e+01 -3.729905e-01
      vertex   -3.790000e+01 8.920938e+01 -2.700959e-02
    endloop
  endfacet
  facet normal -1.000000e+00 2.881474e-11 -1.324253e-15
    outer loop
      vertex   -3.790000e+01 9.054115e+01 1.378922e+00
      vertex   -3.790000e+01 9.088662e+01 1.397653e+00
      vertex   -3.790000e+01 8.990210e+01 -1.524302e+00
    endloop
  endfacet
  facet normal -1.000000e+00 2.882286e-11 -4.059105e-15
    outer loop
      vertex   -3.790000e+01 8.990210e+01 -1.524302e+00
      vertex   -3.790000e+01 9.088662e+01 1.397653e+00
      vertex   -3.790000e+01 9.122805e+01 1.341680e+00
    endloop
  endfacet
  facet normal -1.000000e+00 2.880697e-11 3.294440e-15
    outer loop
      vertex   -3.790000e+01 8.990210e+01 -1.524302e+00
      vertex   -3.790000e+01 9.122805e+01 1.341680e+00
      vertex   -3.790000e+01 9.154945e+01 1.213619e+00
    endloop
  endfacet
  facet normal -1.000000e+00 2.882644e-11 -8.424136e-15
    outer loop
      vertex   -3.790000e+01 9.154945e+01 1.213619e+00
      vertex   -3.790000e+01 9.183582e+01 1.019459e+00
      vertex   -3.790000e+01 8.990210e+01 -1.524302e+00
    endloop
  endfacet
  facet normal -1.000000e+00 2.880036e-11 1.139906e-14
    outer loop
      vertex   -3.790000e+01 8.990210e+01 -1.524302e+00
      vertex   -3.790000e+01 9.183582e+01 1.019459e+00
      vertex   -3.790000e+01 9.207375e+01 7.682787e-01
    endloop
  endfacet
  facet normal -1.000000e+00 2.882331e-11 -1.033709e-14
    outer loop
      vertex   -3.790000e+01 8.990210e+01 -1.524302e+00
      vertex   -3.790000e+01 9.207375e+01 7.682787e-01
      vertex   -3.790000e+01 9.225212e+01 4.718225e-01
    endloop
  endfacet
  facet normal -1.000000e+00 2.881458e-11 -6.248472e-17
    outer loop
      vertex   -3.790000e+01 9.225212e+01 4.718225e-01
      vertex   -3.790000e+01 9.236259e+01 1.439527e-01
      vertex   -3.790000e+01 8.990210e+01 -1.524302e+00
    endloop
  endfacet
  facet normal 9.954719e-01 9.505604e-02 0.000000e+00
    outer loop
      vertex   -2.489669e+01 6.280069e+01 -3.000000e+00
      vertex   -2.489669e+01 6.280069e+01 -4.732000e+00
      vertex   -2.495000e+01 6.335898e+01 -3.000000e+00
    endloop
  endfacet
  facet normal 9.954719e-01 9.505604e-02 0.000000e+00
    outer loop
      vertex   -2.495000e+01 6.335898e+01 -3.000000e+00
      vertex   -2.489669e+01 6.280069e+01 -4.732000e+00
      vertex   -2.495000e+01 6.335898e+01 -4.732000e+00
    endloop
  endfacet
  facet normal 9.954719e-01 -9.505604e-02 0.000000e+00
    outer loop
      vertex   -2.495000e+01 6.335898e+01 -3.000000e+00
      vertex   -2.495000e+01 6.335898e+01 -4.732000e+00
      vertex   -2.489669e+01 6.391728e+01 -3.000000e+00
    endloop
  endfacet
  facet normal 9.954719e-01 -9.505604e-02 0.000000e+00
    outer loop
      vertex   -2.489669e+01 6.391728e+01 -3.000000e+00
      vertex   -2.495000e+01 6.335898e+01 -4.732000e+00
      vertex   -2.489669e+01 6.391728e+01 -4.732000e+00
    endloop
  endfacet
  facet normal 9.594930e-01 -2.817326e-01 0.000000e+00
    outer loop
      vertex   -2.489669e+01 6.391728e+01 -3.000000e+00
      vertex   -2.489669e+01 6.391728e+01 -4.732000e+00
      vertex   -2.473869e+01 6.445539e+01 -3.000000e+00
    endloop
  endfacet
  facet normal 9.594930e-01 -2.817326e-01 0.000000e+00
    outer loop
      vertex   -2.473869e+01 6.445539e+01 -3.000000e+00
      vertex   -2.489669e+01 6.391728e+01 -4.732000e+00
      vertex   -2.473869e+01 6.445539e+01 -4.732000e+00
    endloop
  endfacet
  facet normal 8.888354e-01 -4.582265e-01 0.000000e+00
    outer loop
      vertex   -2.473869e+01 6.445539e+01 -3.000000e+00
      vertex   -2.473869e+01 6.445539e+01 -4.732000e+00
      vertex   -2.448170e+01 6.495387e+01 -3.000000e+00
    endloop
  endfacet
  facet normal 8.888354e-01 -4.582265e-01 0.000000e+00
    outer loop
      vertex   -2.448170e+01 6.495387e+01 -3.000000e+00
      vertex   -2.473869e+01 6.445539e+01 -4.732000e+00
      vertex   -2.448170e+01 6.495387e+01 -4.732000e+00
    endloop
  endfacet
  facet normal 7.860531e-01 -6.181590e-01 0.000000e+00
    outer loop
      vertex   -2.448170e+01 6.495387e+01 -3.000000e+00
      vertex   -2.448170e+01 6.495387e+01 -4.732000e+00
      vertex   -2.413502e+01 6.539472e+01 -3.000000e+00
    endloop
  endfacet
  facet normal 7.860531e-01 -6.181590e-01 0.000000e+00
    outer loop
      vertex   -2.413502e+01 6.539472e+01 -3.000000e+00
      vertex   -2.448170e+01 6.495387e+01 -4.732000e+00
      vertex   -2.413502e+01 6.539472e+01 -4.732000e+00
    endloop
  endfacet
  facet normal 6.548607e-01 -7.557496e-01 0.000000e+00
    outer loop
      vertex   -2.413502e+01 6.539472e+01 -3.000000e+00
      vertex   -2.413502e+01 6.539472e+01 -4.732000e+00
      vertex   -2.371117e+01 6.576198e+01 -3.000000e+00
    endloop
  endfacet
  facet normal 6.548607e-01 -7.557496e-01 0.000000e+00
    outer loop
      vertex   -2.371117e+01 6.576198e+01 -3.000000e+00
      vertex   -2.413502e+01 6.539472e+01 -4.732000e+00
      vertex   -2.371117e+01 6.576198e+01 -4.732000e+00
    endloop
  endfacet
  facet normal 5.000000e-01 -8.660254e-01 0.000000e+00
    outer loop
      vertex   -2.371117e+01 6.576198e+01 -3.000000e+00
      vertex   -2.371117e+01 6.576198e+01 -4.732000e+00
      vertex   -2.322547e+01 6.604240e+01 -3.000000e+00
    endloop
  endfacet
  facet normal 5.000000e-01 -8.660254e-01 0.000000e+00
    outer loop
      vertex   -2.322547e+01 6.604240e+01 -3.000000e+00
      vertex   -2.371117e+01 6.576198e+01 -4.732000e+00
      vertex   -2.322547e+01 6.604240e+01 -4.732000e+00
    endloop
  endfacet
  facet normal 3.270680e-01 -9.450008e-01 0.000000e+00
    outer loop
      vertex   -2.322547e+01 6.604240e+01 -3.000000e+00
      vertex   -2.322547e+01 6.604240e+01 -4.732000e+00
      vertex   -2.269549e+01 6.622583e+01 -3.000000e+00
    endloop
  endfacet
  facet normal 3.270680e-01 -9.450008e-01 0.000000e+00
    outer loop
      vertex   -2.269549e+01 6.622583e+01 -3.000000e+00
      vertex   -2.322547e+01 6.604240e+01 -4.732000e+00
      vertex   -2.269549e+01 6.622583e+01 -4.732000e+00
    endloop
  endfacet
  facet normal 1.423148e-01 -9.898214e-01 0.000000e+00
    outer loop
      vertex   -2.269549e+01 6.622583e+01 -3.000000e+00
      vertex   -2.269549e+01 6.622583e+01 -4.732000e+00
      vertex   -2.214037e+01 6.630564e+01 -3.000000e+00
    endloop
  endfacet
  facet normal 1.423148e-01 -9.898214e-01 0.000000e+00
    outer loop
      vertex   -2.214037e+01 6.630564e+01 -3.000000e+00
      vertex   -2.269549e+01 6.622583e+01 -4.732000e+00
      vertex   -2.214037e+01 6.630564e+01 -4.732000e+00
    endloop
  endfacet
  facet normal -4.758192e-02 -9.988673e-01 -0.000000e+00
    outer loop
      vertex   -2.214037e+01 6.630564e+01 -3.000000e+00
      vertex   -2.214037e+01 6.630564e+01 -4.732000e+00
      vertex   -2.158017e+01 6.627896e+01 -3.000000e+00
    endloop
  endfacet
  facet normal -4.758192e-02 -9.988673e-01 -0.000000e+00
    outer loop
      vertex   -2.158017e+01 6.627896e+01 -3.000000e+00
      vertex   -2.214037e+01 6.630564e+01 -4.732000e+00
      vertex   -2.158017e+01 6.627896e+01 -4.732000e+00
    endloop
  endfacet
  facet normal -2.357589e-01 -9.718116e-01 -0.000000e+00
    outer loop
      vertex   -2.158017e+01 6.627896e+01 -3.000000e+00
      vertex   -2.158017e+01 6.627896e+01 -4.732000e+00
      vertex   -2.103515e+01 6.614674e+01 -3.000000e+00
    endloop
  endfacet
  facet normal -2.357589e-01 -9.718116e-01 -0.000000e+00
    outer loop
      vertex   -2.103515e+01 6.614674e+01 -3.000000e+00
      vertex   -2.158017e+01 6.627896e+01 -4.732000e+00
      vertex   -2.103515e+01 6.614674e+01 -4.732000e+00
    endloop
  endfacet
  facet normal -4.154150e-01 -9.096320e-01 -0.000000e+00
    outer loop
      vertex   -2.103515e+01 6.614674e+01 -3.000000e+00
      vertex   -2.103515e+01 6.614674e+01 -4.732000e+00
      vertex   -2.052500e+01 6.591376e+01 -3.000000e+00
    endloop
  endfacet
  facet normal -4.154150e-01 -9.096320e-01 -0.000000e+00
    outer loop
      vertex   -2.052500e+01 6.591376e+01 -3.000000e+00
      vertex   -2.103515e+01 6.614674e+01 -4.732000e+00
      vertex   -2.052500e+01 6.591376e+01 -4.732000e+00
    endloop
  endfacet
  facet normal -5.800569e-01 -8.145760e-01 -0.000000e+00
    outer loop
      vertex   -2.052500e+01 6.591376e+01 -3.000000e+00
      vertex   -2.052500e+01 6.591376e+01 -4.732000e+00
      vertex   -2.006816e+01 6.558845e+01 -3.000000e+00
    endloop
  endfacet
  facet normal -5.800569e-01 -8.145760e-01 -0.000000e+00
    outer loop
      vertex   -2.006816e+01 6.558845e+01 -3.000000e+00
      vertex   -2.052500e+01 6.591376e+01 -4.732000e+00
      vertex   -2.006816e+01 6.558845e+01 -4.732000e+00
    endloop
  endfacet
  facet normal -7.237340e-01 -6.900790e-01 -0.000000e+00
    outer loop
      vertex   -2.006816e+01 6.558845e+01 -3.000000e+00
      vertex   -2.006816e+01 6.558845e+01 -4.732000e+00
      vertex   -1.968114e+01 6.518255e+01 -3.000000e+00
    endloop
  endfacet
  facet normal -7.237340e-01 -6.900790e-01 -0.000000e+00
    outer loop
      vertex   -1.968114e+01 6.518255e+01 -3.000000e+00
      vertex   -2.006816e+01 6.558845e+01 -4.732000e+00
      vertex   -1.968114e+01 6.518255e+01 -4.732000e+00
    endloop
  endfacet
  facet normal -8.412535e-01 -5.406408e-01 -0.000000e+00
    outer loop
      vertex   -1.968114e+01 6.518255e+01 -3.000000e+00
      vertex   -1.968114e+01 6.518255e+01 -4.732000e+00
      vertex   -1.937794e+01 6.471075e+01 -3.000000e+00
    endloop
  endfacet
  facet normal -8.412535e-01 -5.406408e-01 -0.000000e+00
    outer loop
      vertex   -1.937794e+01 6.471075e+01 -3.000000e+00
      vertex   -1.968114e+01 6.518255e+01 -4.732000e+00
      vertex   -1.937794e+01 6.471075e+01 -4.732000e+00
    endloop
  endfacet
  facet normal -9.283679e-01 -3.716625e-01 -0.000000e+00
    outer loop
      vertex   -1.937794e+01 6.471075e+01 -3.000000e+00
      vertex   -1.937794e+01 6.471075e+01 -4.732000e+00
      vertex   -1.916950e+01 6.419009e+01 -3.000000e+00
    endloop
  endfacet
  facet normal -9.283679e-01 -3.716625e-01 -0.000000e+00
    outer loop
      vertex   -1.916950e+01 6.419009e+01 -3.000000e+00
      vertex   -1.937794e+01 6.471075e+01 -4.732000e+00
      vertex   -1.916950e+01 6.419009e+01 -4.732000e+00
    endloop
  endfacet
  facet normal -9.819287e-01 -1.892512e-01 -0.000000e+00
    outer loop
      vertex   -1.916950e+01 6.419009e+01 -3.000000e+00
      vertex   -1.916950e+01 6.419009e+01 -4.732000e+00
      vertex   -1.906336e+01 6.363940e+01 -3.000000e+00
    endloop
  endfacet
  facet normal -9.819287e-01 -1.892512e-01 -0.000000e+00
    outer loop
      vertex   -1.906336e+01 6.363940e+01 -3.000000e+00
      vertex   -1.916950e+01 6.419009e+01 -4.732000e+00
      vertex   -1.906336e+01 6.363940e+01 -4.732000e+00
    endloop
  endfacet
  facet normal -1.000000e+00 2.881671e-11 0.000000e+00
    outer loop
      vertex   -1.906336e+01 6.363940e+01 -3.000000e+00
      vertex   -1.906336e+01 6.363940e+01 -4.732000e+00
      vertex   -1.906336e+01 6.307857e+01 -3.000000e+00
    endloop
  endfacet
  facet normal -1.000000e+00 2.881671e-11 0.000000e+00
    outer loop
      vertex   -1.906336e+01 6.307857e+01 -3.000000e+00
      vertex   -1.906336e+01 6.363940e+01 -4.732000e+00
      vertex   -1.906336e+01 6.307857e+01 -4.732000e+00
    endloop
  endfacet
  facet normal -9.819287e-01 1.892512e-01 0.000000e+00
    outer loop
      vertex   -1.906336e+01 6.307857e+01 -3.000000e+00
      vertex   -1.906336e+01 6.307857e+01 -4.732000e+00
      vertex   -1.916950e+01 6.252787e+01 -3.000000e+00
    endloop
  endfacet
  facet normal -9.819287e-01 1.892512e-01 0.000000e+00
    outer loop
      vertex   -1.916950e+01 6.252787e+01 -3.000000e+00
      vertex   -1.906336e+01 6.307857e+01 -4.732000e+00
      vertex   -1.916950e+01 6.252787e+01 -4.732000e+00
    endloop
  endfacet
  facet normal -9.283679e-01 3.716625e-01 0.000000e+00
    outer loop
      vertex   -1.916950e+01 6.252787e+01 -3.000000e+00
      vertex   -1.916950e+01 6.252787e+01 -4.732000e+00
      vertex   -1.937794e+01 6.200722e+01 -3.000000e+00
    endloop
  endfacet
  facet normal -9.283679e-01 3.716625e-01 0.000000e+00
    outer loop
      vertex   -1.937794e+01 6.200722e+01 -3.000000e+00
      vertex   -1.916950e+01 6.252787e+01 -4.732000e+00
      vertex   -1.937794e+01 6.200722e+01 -4.732000e+00
    endloop
  endfacet
  facet normal -8.412535e-01 5.406408e-01 0.000000e+00
    outer loop
      vertex   -1.937794e+01 6.200722e+01 -3.000000e+00
      vertex   -1.937794e+01 6.200722e+01 -4.732000e+00
      vertex   -1.968114e+01 6.153541e+01 -3.000000e+00
    endloop
  endfacet
  facet normal -8.412535e-01 5.406408e-01 0.000000e+00
    outer loop
      vertex   -1.968114e+01 6.153541e+01 -3.000000e+00
      vertex   -1.937794e+01 6.200722e+01 -4.732000e+00
      vertex   -1.968114e+01 6.153541e+01 -4.732000e+00
    endloop
  endfacet
  facet normal -7.237340e-01 6.900790e-01 0.000000e+00
    outer loop
      vertex   -1.968114e+01 6.153541e+01 -3.000000e+00
      vertex   -1.968114e+01 6.153541e+01 -4.732000e+00
      vertex   -2.006816e+01 6.112952e+01 -3.000000e+00
    endloop
  endfacet
  facet normal -7.237340e-01 6.900790e-01 0.000000e+00
    outer loop
      vertex   -2.006816e+01 6.112952e+01 -3.000000e+00
      vertex   -1.968114e+01 6.153541e+01 -4.732000e+00
      vertex   -2.006816e+01 6.112952e+01 -4.732000e+00
    endloop
  endfacet
  facet normal -5.800569e-01 8.145760e-01 0.000000e+00
    outer loop
      vertex   -2.006816e+01 6.112952e+01 -3.000000e+00
      vertex   -2.006816e+01 6.112952e+01 -4.732000e+00
      vertex   -2.052500e+01 6.080421e+01 -3.000000e+00
    endloop
  endfacet
  facet normal -5.800569e-01 8.145760e-01 0.000000e+00
    outer loop
      vertex   -2.052500e+01 6.080421e+01 -3.000000e+00
      vertex   -2.006816e+01 6.112952e+01 -4.732000e+00
      vertex   -2.052500e+01 6.080421e+01 -4.732000e+00
    endloop
  endfacet
  facet normal -4.154150e-01 9.096320e-01 0.000000e+00
    outer loop
      vertex   -2.052500e+01 6.080421e+01 -3.000000e+00
      vertex   -2.052500e+01 6.080421e+01 -4.732000e+00
      vertex   -2.103515e+01 6.057123e+01 -3.000000e+00
    endloop
  endfacet
  facet normal -4.154150e-01 9.096320e-01 0.000000e+00
    outer loop
      vertex   -2.103515e+01 6.057123e+01 -3.000000e+00
      vertex   -2.052500e+01 6.080421e+01 -4.732000e+00
      vertex   -2.103515e+01 6.057123e+01 -4.732000e+00
    endloop
  endfacet
  facet normal -2.357589e-01 9.718116e-01 0.000000e+00
    outer loop
      vertex   -2.103515e+01 6.057123e+01 -3.000000e+00
      vertex   -2.103515e+01 6.057123e+01 -4.732000e+00
      vertex   -2.158017e+01 6.043901e+01 -3.000000e+00
    endloop
  endfacet
  facet normal -2.357589e-01 9.718116e-01 0.000000e+00
    outer loop
      vertex   -2.158017e+01 6.043901e+01 -3.000000e+00
      vertex   -2.103515e+01 6.057123e+01 -4.732000e+00
      vertex   -2.158017e+01 6.043901e+01 -4.732000e+00
    endloop
  endfacet
  facet normal -4.758192e-02 9.988673e-01 0.000000e+00
    outer loop
      vertex   -2.158017e+01 6.043901e+01 -3.000000e+00
      vertex   -2.158017e+01 6.043901e+01 -4.732000e+00
      vertex   -2.214037e+01 6.041233e+01 -3.000000e+00
    endloop
  endfacet
  facet normal -4.758192e-02 9.988673e-01 0.000000e+00
    outer loop
      vertex   -2.214037e+01 6.041233e+01 -3.000000e+00
      vertex   -2.158017e+01 6.043901e+01 -4.732000e+00
      vertex   -2.214037e+01 6.041233e+01 -4.732000e+00
    endloop
  endfacet
  facet normal 1.423148e-01 9.898214e-01 0.000000e+00
    outer loop
      vertex   -2.214037e+01 6.041233e+01 -3.000000e+00
      vertex   -2.214037e+01 6.041233e+01 -4.732000e+00
      vertex   -2.269549e+01 6.049214e+01 -3.000000e+00
    endloop
  endfacet
  facet normal 1.423148e-01 9.898214e-01 0.000000e+00
    outer loop
      vertex   -2.269549e+01 6.049214e+01 -3.000000e+00
      vertex   -2.214037e+01 6.041233e+01 -4.732000e+00
      vertex   -2.269549e+01 6.049214e+01 -4.732000e+00
    endloop
  endfacet
  facet normal 3.270680e-01 9.450008e-01 0.000000e+00
    outer loop
      vertex   -2.269549e+01 6.049214e+01 -3.000000e+00
      vertex   -2.269549e+01 6.049214e+01 -4.732000e+00
      vertex   -2.322547e+01 6.067557e+01 -3.000000e+00
    endloop
  endfacet
  facet normal 3.270680e-01 9.450008e-01 0.000000e+00
    outer loop
      vertex   -2.322547e+01 6.067557e+01 -3.000000e+00
      vertex   -2.269549e+01 6.049214e+01 -4.732000e+00
      vertex   -2.322547e+01 6.067557e+01 -4.732000e+00
    endloop
  endfacet
  facet normal 5.000000e-01 8.660254e-01 0.000000e+00
    outer loop
      vertex   -2.322547e+01 6.067557e+01 -3.000000e+00
      vertex   -2.322547e+01 6.067557e+01 -4.732000e+00
      vertex   -2.371117e+01 6.095598e+01 -3.000000e+00
    endloop
  endfacet
  facet normal 5.000000e-01 8.660254e-01 0.000000e+00
    outer loop
      vertex   -2.371117e+01 6.095598e+01 -3.000000e+00
      vertex   -2.322547e+01 6.067557e+01 -4.732000e+00
      vertex   -2.371117e+01 6.095598e+01 -4.732000e+00
    endloop
  endfacet
  facet normal 6.548607e-01 7.557496e-01 0.000000e+00
    outer loop
      vertex   -2.371117e+01 6.095598e+01 -3.000000e+00
      vertex   -2.371117e+01 6.095598e+01 -4.732000e+00
      vertex   -2.413502e+01 6.132325e+01 -3.000000e+00
    endloop
  endfacet
  facet normal 6.548607e-01 7.557496e-01 0.000000e+00
    outer loop
      vertex   -2.413502e+01 6.132325e+01 -3.000000e+00
      vertex   -2.371117e+01 6.095598e+01 -4.732000e+00
      vertex   -2.413502e+01 6.132325e+01 -4.732000e+00
    endloop
  endfacet
  facet normal 7.860531e-01 6.181590e-01 0.000000e+00
    outer loop
      vertex   -2.413502e+01 6.132325e+01 -3.000000e+00
      vertex   -2.413502e+01 6.132325e+01 -4.732000e+00
      vertex   -2.448170e+01 6.176409e+01 -3.000000e+00
    endloop
  endfacet
  facet normal 7.860531e-01 6.181590e-01 0.000000e+00
    outer loop
      vertex   -2.448170e+01 6.176409e+01 -3.000000e+00
      vertex   -2.413502e+01 6.132325e+01 -4.732000e+00
      vertex   -2.448170e+01 6.176409e+01 -4.732000e+00
    endloop
  endfacet
  facet normal 8.888354e-01 4.582265e-01 0.000000e+00
    outer loop
      vertex   -2.448170e+01 6.176409e+01 -3.000000e+00
      vertex   -2.448170e+01 6.176409e+01 -4.732000e+00
      vertex   -2.473869e+01 6.226258e+01 -3.000000e+00
    endloop
  endfacet
  facet normal 8.888354e-01 4.582265e-01 0.000000e+00
    outer loop
      vertex   -2.473869e+01 6.226258e+01 -3.000000e+00
      vertex   -2.448170e+01 6.176409e+01 -4.732000e+00
      vertex   -2.473869e+01 6.226258e+01 -4.732000e+00
    endloop
  endfacet
  facet normal 9.594930e-01 2.817326e-01 0.000000e+00
    outer loop
      vertex   -2.473869e+01 6.226258e+01 -3.000000e+00
      vertex   -2.473869e+01 6.226258e+01 -4.732000e+00
      vertex   -2.489669e+01 6.280069e+01 -3.000000e+00
    endloop
  endfacet
  facet normal 9.594930e-01 2.817326e-01 0.000000e+00
    outer loop
      vertex   -2.489669e+01 6.280069e+01 -3.000000e+00
      vertex   -2.473869e+01 6.226258e+01 -4.732000e+00
      vertex   -2.489669e+01 6.280069e+01 -4.732000e+00
    endloop
  endfacet
  facet normal 4.077476e-16 -2.537924e-15 -1.000000e+00
    outer loop
      vertex   -2.356259e+01 6.301503e+01 -3.000000e+00
      vertex   -2.489669e+01 6.280069e+01 -3.000000e+00
      vertex   -2.360000e+01 6.335898e+01 -3.000000e+00
    endloop
  endfacet
  facet normal -4.584374e-26 -1.590887e-15 -1.000000e+00
    outer loop
      vertex   -2.360000e+01 6.335898e+01 -3.000000e+00
      vertex   -2.489669e+01 6.280069e+01 -3.000000e+00
      vertex   -2.495000e+01 6.335898e+01 -3.000000e+00
    endloop
  endfacet
  facet normal 4.584374e-26 1.590887e-15 -1.000000e+00
    outer loop
      vertex   -2.360000e+01 6.335898e+01 -3.000000e+00
      vertex   -2.495000e+01 6.335898e+01 -3.000000e+00
      vertex   -2.489669e+01 6.391728e+01 -3.000000e+00
    endloop
  endfacet
  facet normal 2.532330e-16 -1.576186e-15 -1.000000e+00
    outer loop
      vertex   -2.489669e+01 6.280069e+01 -3.000000e+00
      vertex   -2.356259e+01 6.301503e+01 -3.000000e+00
      vertex   -2.473869e+01 6.226258e+01 -3.000000e+00
    endloop
  endfacet
  facet normal 8.045230e-16 -2.437861e-15 -1.000000e+00
    outer loop
      vertex   -2.473869e+01 6.226258e+01 -3.000000e+00
      vertex   -2.356259e+01 6.301503e+01 -3.000000e+00
      vertex   -2.345212e+01 6.268716e+01 -3.000000e+00
    endloop
  endfacet
  facet normal 0.000000e+00 0.000000e+00 -1.000000e+00
    outer loop
      vertex   -2.473869e+01 6.226258e+01 -3.000000e+00
      vertex   -2.345212e+01 6.268716e+01 -3.000000e+00
      vertex   -2.448170e+01 6.176409e+01 -3.000000e+00
    endloop
  endfacet
  facet normal 0.000000e+00 0.000000e+00 -1.000000e+00
    outer loop
      vertex   -2.448170e+01 6.176409e+01 -3.000000e+00
      vertex   -2.345212e+01 6.268716e+01 -3.000000e+00
      vertex   -2.327375e+01 6.239071e+01 -3.000000e+00
    endloop
  endfacet
  facet normal 3.711520e-16 -7.154873e-16 -1.000000e+00
    outer loop
      vertex   -2.448170e+01 6.176409e+01 -3.000000e+00
      vertex   -2.327375e+01 6.239071e+01 -3.000000e+00
      vertex   -2.413502e+01 6.132325e+01 -3.000000e+00
    endloop
  endfacet
  facet normal -2.371748e-16 -2.246639e-16 -1.000000e+00
    outer loop
      vertex   -2.413502e+01 6.132325e+01 -3.000000e+00
      vertex   -2.327375e+01 6.239071e+01 -3.000000e+00
      vertex   -2.303582e+01 6.213952e+01 -3.000000e+00
    endloop
  endfacet
  facet normal -2.175599e-16 -2.510775e-16 -1.000000e+00
    outer loop
      vertex   -2.413502e+01 6.132325e+01 -3.000000e+00
      vertex   -2.303582e+01 6.213952e+01 -3.000000e+00
      vertex   -2.371117e+01 6.095598e+01 -3.000000e+00
    endloop
  endfacet
  facet normal -1.834367e-16 -2.705488e-16 -1.000000e+00
    outer loop
      vertex   -2.371117e+01 6.095598e+01 -3.000000e+00
      vertex   -2.303582e+01 6.213952e+01 -3.000000e+00
      vertex   -2.274945e+01 6.194536e+01 -3.000000e+00
    endloop
  endfacet
  facet normal -1.659917e-16 -2.875060e-16 -1.000000e+00
    outer loop
      vertex   -2.371117e+01 6.095598e+01 -3.000000e+00
      vertex   -2.274945e+01 6.194536e+01 -3.000000e+00
      vertex   -2.322547e+01 6.067557e+01 -3.000000e+00
    endloop
  endfacet
  facet normal -1.212376e-16 -3.042834e-16 -1.000000e+00
    outer loop
      vertex   -2.322547e+01 6.067557e+01 -3.000000e+00
      vertex   -2.274945e+01 6.194536e+01 -3.000000e+00
      vertex   -2.242805e+01 6.181730e+01 -3.000000e+00
    endloop
  endfacet
  facet normal -1.084135e-16 -3.132402e-16 -1.000000e+00
    outer loop
      vertex   -2.322547e+01 6.067557e+01 -3.000000e+00
      vertex   -2.242805e+01 6.181730e+01 -3.000000e+00
      vertex   -2.269549e+01 6.049214e+01 -3.000000e+00
    endloop
  endfacet
  facet normal -5.318060e-17 -3.243873e-16 -1.000000e+00
    outer loop
      vertex   -2.269549e+01 6.049214e+01 -3.000000e+00
      vertex   -2.242805e+01 6.181730e+01 -3.000000e+00
      vertex   -2.208662e+01 6.176133e+01 -3.000000e+00
    endloop
  endfacet
  facet normal -4.706189e-17 -3.273226e-16 -1.000000e+00
    outer loop
      vertex   -2.269549e+01 6.049214e+01 -3.000000e+00
      vertex   -2.208662e+01 6.176133e+01 -3.000000e+00
      vertex   -2.214037e+01 6.041233e+01 -3.000000e+00
    endloop
  endfacet
  facet normal 1.571143e-17 -3.298235e-16 -1.000000e+00
    outer loop
      vertex   -2.214037e+01 6.041233e+01 -3.000000e+00
      vertex   -2.208662e+01 6.176133e+01 -3.000000e+00
      vertex   -2.158017e+01 6.043901e+01 -3.000000e+00
    endloop
  endfacet
  facet normal 1.783834e-17 -3.290089e-16 -1.000000e+00
    outer loop
      vertex   -2.158017e+01 6.043901e+01 -3.000000e+00
      vertex   -2.208662e+01 6.176133e+01 -3.000000e+00
      vertex   -2.174115e+01 6.178006e+01 -3.000000e+00
    endloop
  endfacet
  facet normal 7.806289e-17 -3.217796e-16 -1.000000e+00
    outer loop
      vertex   -2.158017e+01 6.043901e+01 -3.000000e+00
      vertex   -2.174115e+01 6.178006e+01 -3.000000e+00
      vertex   -2.103515e+01 6.057123e+01 -3.000000e+00
    endloop
  endfacet
  facet normal 8.776794e-17 -3.161115e-16 -1.000000e+00
    outer loop
      vertex   -2.103515e+01 6.057123e+01 -3.000000e+00
      vertex   -2.174115e+01 6.178006e+01 -3.000000e+00
      vertex   -2.140778e+01 6.187262e+01 -3.000000e+00
    endloop
  endfacet
  facet normal 1.378185e-16 -3.017805e-16 -1.000000e+00
    outer loop
      vertex   -2.103515e+01 6.057123e+01 -3.000000e+00
      vertex   -2.140778e+01 6.187262e+01 -3.000000e+00
      vertex   -2.052500e+01 6.080421e+01 -3.000000e+00
    endloop
  endfacet
  facet normal 1.532389e-16 -2.890393e-16 -1.000000e+00
    outer loop
      vertex   -2.052500e+01 6.080421e+01 -3.000000e+00
      vertex   -2.140778e+01 6.187262e+01 -3.000000e+00
      vertex   -2.110210e+01 6.203468e+01 -3.000000e+00
    endloop
  endfacet
  facet normal 1.926586e-16 -2.705512e-16 -1.000000e+00
    outer loop
      vertex   -2.052500e+01 6.080421e+01 -3.000000e+00
      vertex   -2.110210e+01 6.203468e+01 -3.000000e+00
      vertex   -2.006816e+01 6.112952e+01 -3.000000e+00
    endloop
  endfacet
  facet normal 2.115138e-16 -2.490133e-16 -1.000000e+00
    outer loop
      vertex   -2.006816e+01 6.112952e+01 -3.000000e+00
      vertex   -2.110210e+01 6.203468e+01 -3.000000e+00
      vertex   -2.083841e+01 6.225866e+01 -3.000000e+00
    endloop
  endfacet
  facet normal -4.284586e-16 -6.855717e-16 -1.000000e+00
    outer loop
      vertex   -2.006816e+01 6.112952e+01 -3.000000e+00
      vertex   -2.083841e+01 6.225866e+01 -3.000000e+00
      vertex   -1.968114e+01 6.153541e+01 -3.000000e+00
    endloop
  endfacet
  facet normal 0.000000e+00 0.000000e+00 -1.000000e+00
    outer loop
      vertex   -1.968114e+01 6.153541e+01 -3.000000e+00
      vertex   -2.083841e+01 6.225866e+01 -3.000000e+00
      vertex   -2.062903e+01 6.253410e+01 -3.000000e+00
    endloop
  endfacet
  facet normal 0.000000e+00 0.000000e+00 -1.000000e+00
    outer loop
      vertex   -1.968114e+01 6.153541e+01 -3.000000e+00
      vertex   -2.062903e+01 6.253410e+01 -3.000000e+00
      vertex   -1.937794e+01 6.200722e+01 -3.000000e+00
    endloop
  endfacet
  facet normal -9.969649e-16 -2.367315e-15 -1.000000e+00
    outer loop
      vertex   -1.937794e+01 6.200722e+01 -3.000000e+00
      vertex   -2.062903e+01 6.253410e+01 -3.000000e+00
      vertex   -2.048375e+01 6.284810e+01 -3.000000e+00
    endloop
  endfacet
  facet normal 6.157389e-16 -2.465047e-16 -1.000000e+00
    outer loop
      vertex   -1.937794e+01 6.200722e+01 -3.000000e+00
      vertex   -2.048375e+01 6.284810e+01 -3.000000e+00
      vertex   -1.916950e+01 6.252787e+01 -3.000000e+00
    endloop
  endfacet
  facet normal 6.414013e-16 -1.411831e-16 -1.000000e+00
    outer loop
      vertex   -1.916950e+01 6.252787e+01 -3.000000e+00
      vertex   -2.048375e+01 6.284810e+01 -3.000000e+00
      vertex   -2.040938e+01 6.318599e+01 -3.000000e+00
    endloop
  endfacet
  facet normal -1.267687e-16 -1.588397e-15 -1.000000e+00
    outer loop
      vertex   -1.916950e+01 6.252787e+01 -3.000000e+00
      vertex   -2.040938e+01 6.318599e+01 -3.000000e+00
      vertex   -1.906336e+01 6.307857e+01 -3.000000e+00
    endloop
  endfacet
  facet normal 0.000000e+00 0.000000e+00 -1.000000e+00
    outer loop
      vertex   -1.906336e+01 6.307857e+01 -3.000000e+00
      vertex   -2.040938e+01 6.318599e+01 -3.000000e+00
      vertex   -1.906336e+01 6.363940e+01 -3.000000e+00
    endloop
  endfacet
  facet normal 0.000000e+00 0.000000e+00 -1.000000e+00
    outer loop
      vertex   -1.906336e+01 6.363940e+01 -3.000000e+00
      vertex   -2.040938e+01 6.318599e+01 -3.000000e+00
      vertex   -2.040938e+01 6.353197e+01 -3.000000e+00
    endloop
  endfacet
  facet normal 6.338435e-17 -7.941985e-16 -1.000000e+00
    outer loop
      vertex   -1.906336e+01 6.363940e+01 -3.000000e+00
      vertex   -2.040938e+01 6.353197e+01 -3.000000e+00
      vertex   -1.916950e+01 6.419009e+01 -3.000000e+00
    endloop
  endfacet
  facet normal -3.207006e-16 -7.059155e-17 -1.000000e+00
    outer loop
      vertex   -1.916950e+01 6.419009e+01 -3.000000e+00
      vertex   -2.040938e+01 6.353197e+01 -3.000000e+00
      vertex   -2.048375e+01 6.386987e+01 -3.000000e+00
    endloop
  endfacet
  facet normal -3.078695e-16 -1.232523e-16 -1.000000e+00
    outer loop
      vertex   -1.916950e+01 6.419009e+01 -3.000000e+00
      vertex   -2.048375e+01 6.386987e+01 -3.000000e+00
      vertex   -1.937794e+01 6.471075e+01 -3.000000e+00
    endloop
  endfacet
  facet normal 4.984824e-16 -1.183658e-15 -1.000000e+00
    outer loop
      vertex   -1.937794e+01 6.471075e+01 -3.000000e+00
      vertex   -2.048375e+01 6.386987e+01 -3.000000e+00
      vertex   -2.062903e+01 6.418387e+01 -3.000000e+00
    endloop
  endfacet
  facet normal -0.000000e+00 0.000000e+00 -1.000000e+00
    outer loop
      vertex   -1.937794e+01 6.471075e+01 -3.000000e+00
      vertex   -2.062903e+01 6.418387e+01 -3.000000e+00
      vertex   -1.968114e+01 6.518255e+01 -3.000000e+00
    endloop
  endfacet
  facet normal 0.000000e+00 0.000000e+00 -1.000000e+00
    outer loop
      vertex   -1.968114e+01 6.518255e+01 -3.000000e+00
      vertex   -2.062903e+01 6.418387e+01 -3.000000e+00
      vertex   -2.083841e+01 6.445930e+01 -3.000000e+00
    endloop
  endfacet
  facet normal 4.284586e-16 -6.855717e-16 -1.000000e+00
    outer loop
      vertex   -1.968114e+01 6.518255e+01 -3.000000e+00
      vertex   -2.083841e+01 6.445930e+01 -3.000000e+00
      vertex   -2.006816e+01 6.558845e+01 -3.000000e+00
    endloop
  endfacet
  facet normal -2.115138e-16 -2.490133e-16 -1.000000e+00
    outer loop
      vertex   -2.006816e+01 6.558845e+01 -3.000000e+00
      vertex   -2.083841e+01 6.445930e+01 -3.000000e+00
      vertex   -2.110210e+01 6.468329e+01 -3.000000e+00
    endloop
  endfacet
  facet normal -1.926586e-16 -2.705512e-16 -1.000000e+00
    outer loop
      vertex   -2.006816e+01 6.558845e+01 -3.000000e+00
      vertex   -2.110210e+01 6.468329e+01 -3.000000e+00
      vertex   -2.052500e+01 6.591376e+01 -3.000000e+00
    endloop
  endfacet
  facet normal -1.532389e-16 -2.890393e-16 -1.000000e+00
    outer loop
      vertex   -2.052500e+01 6.591376e+01 -3.000000e+00
      vertex   -2.110210e+01 6.468329e+01 -3.000000e+00
      vertex   -2.140778e+01 6.484535e+01 -3.000000e+00
    endloop
  endfacet
  facet normal -1.378185e-16 -3.017805e-16 -1.000000e+00
    outer loop
      vertex   -2.052500e+01 6.591376e+01 -3.000000e+00
      vertex   -2.140778e+01 6.484535e+01 -3.000000e+00
      vertex   -2.103515e+01 6.614674e+01 -3.000000e+00
    endloop
  endfacet
  facet normal -8.776794e-17 -3.161115e-16 -1.000000e+00
    outer loop
      vertex   -2.103515e+01 6.614674e+01 -3.000000e+00
      vertex   -2.140778e+01 6.484535e+01 -3.000000e+00
      vertex   -2.174115e+01 6.493791e+01 -3.000000e+00
    endloop
  endfacet
  facet normal -7.806289e-17 -3.217796e-16 -1.000000e+00
    outer loop
      vertex   -2.103515e+01 6.614674e+01 -3.000000e+00
      vertex   -2.174115e+01 6.493791e+01 -3.000000e+00
      vertex   -2.158017e+01 6.627896e+01 -3.000000e+00
    endloop
  endfacet
  facet normal -1.783834e-17 -3.290089e-16 -1.000000e+00
    outer loop
      vertex   -2.158017e+01 6.627896e+01 -3.000000e+00
      vertex   -2.174115e+01 6.493791e+01 -3.000000e+00
      vertex   -2.208662e+01 6.495664e+01 -3.000000e+00
    endloop
  endfacet
  facet normal -1.571143e-17 -3.298235e-16 -1.000000e+00
    outer loop
      vertex   -2.158017e+01 6.627896e+01 -3.000000e+00
      vertex   -2.208662e+01 6.495664e+01 -3.000000e+00
      vertex   -2.214037e+01 6.630564e+01 -3.000000e+00
    endloop
  endfacet
  facet normal 4.706189e-17 -3.273226e-16 -1.000000e+00
    outer loop
      vertex   -2.214037e+01 6.630564e+01 -3.000000e+00
      vertex   -2.208662e+01 6.495664e+01 -3.000000e+00
      vertex   -2.269549e+01 6.622583e+01 -3.000000e+00
    endloop
  endfacet
  facet normal 5.318060e-17 -3.243873e-16 -1.000000e+00
    outer loop
      vertex   -2.269549e+01 6.622583e+01 -3.000000e+00
      vertex   -2.208662e+01 6.495664e+01 -3.000000e+00
      vertex   -2.242805e+01 6.490066e+01 -3.000000e+00
    endloop
  endfacet
  facet normal 1.084135e-16 -3.132402e-16 -1.000000e+00
    outer loop
      vertex   -2.269549e+01 6.622583e+01 -3.000000e+00
      vertex   -2.242805e+01 6.490066e+01 -3.000000e+00
      vertex   -2.322547e+01 6.604240e+01 -3.000000e+00
    endloop
  endfacet
  facet normal 1.212376e-16 -3.042834e-16 -1.000000e+00
    outer loop
      vertex   -2.322547e+01 6.604240e+01 -3.000000e+00
      vertex   -2.242805e+01 6.490066e+01 -3.000000e+00
      vertex   -2.274945e+01 6.477260e+01 -3.000000e+00
    endloop
  endfacet
  facet normal 1.659917e-16 -2.875060e-16 -1.000000e+00
    outer loop
      vertex   -2.322547e+01 6.604240e+01 -3.000000e+00
      vertex   -2.274945e+01 6.477260e+01 -3.000000e+00
      vertex   -2.371117e+01 6.576198e+01 -3.000000e+00
    endloop
  endfacet
  facet normal 1.834367e-16 -2.705488e-16 -1.000000e+00
    outer loop
      vertex   -2.371117e+01 6.576198e+01 -3.000000e+00
      vertex   -2.274945e+01 6.477260e+01 -3.000000e+00
      vertex   -2.303582e+01 6.457844e+01 -3.000000e+00
    endloop
  endfacet
  facet normal 2.175599e-16 -2.510775e-16 -1.000000e+00
    outer loop
      vertex   -2.371117e+01 6.576198e+01 -3.000000e+00
      vertex   -2.303582e+01 6.457844e+01 -3.000000e+00
      vertex   -2.413502e+01 6.539472e+01 -3.000000e+00
    endloop
  endfacet
  facet normal 2.371748e-16 -2.246639e-16 -1.000000e+00
    outer loop
      vertex   -2.413502e+01 6.539472e+01 -3.000000e+00
      vertex   -2.303582e+01 6.457844e+01 -3.000000e+00
      vertex   -2.327375e+01 6.432726e+01 -3.000000e+00
    endloop
  endfacet
  facet normal -3.711520e-16 -7.154873e-16 -1.000000e+00
    outer loop
      vertex   -2.413502e+01 6.539472e+01 -3.000000e+00
      vertex   -2.327375e+01 6.432726e+01 -3.000000e+00
      vertex   -2.448170e+01 6.495387e+01 -3.000000e+00
    endloop
  endfacet
  facet normal 0.000000e+00 0.000000e+00 -1.000000e+00
    outer loop
      vertex   -2.448170e+01 6.495387e+01 -3.000000e+00
      vertex   -2.327375e+01 6.432726e+01 -3.000000e+00
      vertex   -2.345212e+01 6.403081e+01 -3.000000e+00
    endloop
  endfacet
  facet normal 0.000000e+00 -0.000000e+00 -1.000000e+00
    outer loop
      vertex   -2.448170e+01 6.495387e+01 -3.000000e+00
      vertex   -2.345212e+01 6.403081e+01 -3.000000e+00
      vertex   -2.473869e+01 6.445539e+01 -3.000000e+00
    endloop
  endfacet
  facet normal -4.022615e-16 -1.218930e-15 -1.000000e+00
    outer loop
      vertex   -2.473869e+01 6.445539e+01 -3.000000e+00
      vertex   -2.345212e+01 6.403081e+01 -3.000000e+00
      vertex   -2.356259e+01 6.370294e+01 -3.000000e+00
    endloop
  endfacet
  facet normal -1.266165e-16 -7.880932e-16 -1.000000e+00
    outer loop
      vertex   -2.473869e+01 6.445539e+01 -3.000000e+00
      vertex   -2.356259e+01 6.370294e+01 -3.000000e+00
      vertex   -2.489669e+01 6.391728e+01 -3.000000e+00
    endloop
  endfacet
  facet normal 4.077476e-16 2.537924e-15 -1.000000e+00
    outer loop
      vertex   -2.489669e+01 6.391728e+01 -3.000000e+00
      vertex   -2.356259e+01 6.370294e+01 -3.000000e+00
      vertex   -2.360000e+01 6.335898e+01 -3.000000e+00
    endloop
  endfacet
  facet normal 9.941367e-01 -1.081189e-01 1.563210e-03
    outer loop
      vertex   -2.356259e+01 6.370294e+01 -3.000000e+00
      vertex   -2.359062e+01 6.353197e+01 3.000000e+00
      vertex   -2.360000e+01 6.335898e+01 -3.000000e+00
    endloop
  endfacet
  facet normal 9.999988e-01 -2.883399e-11 -1.563210e-03
    outer loop
      vertex   -2.360000e+01 6.335898e+01 -3.000000e+00
      vertex   -2.359062e+01 6.353197e+01 3.000000e+00
      vertex   -2.359062e+01 6.318599e+01 3.000000e+00
    endloop
  endfacet
  facet normal 9.941367e-01 1.081189e-01 1.563210e-03
    outer loop
      vertex   -2.360000e+01 6.335898e+01 -3.000000e+00
      vertex   -2.359062e+01 6.318599e+01 3.000000e+00
      vertex   -2.356259e+01 6.301503e+01 -3.000000e+00
    endloop
  endfacet
  facet normal 9.766194e-01 2.149702e-01 -1.563210e-03
    outer loop
      vertex   -2.356259e+01 6.301503e+01 -3.000000e+00
      vertex   -2.359062e+01 6.318599e+01 3.000000e+00
      vertex   -2.351625e+01 6.284810e+01 3.000000e+00
    endloop
  endfacet
  facet normal 9.476520e-01 3.193011e-01 1.563210e-03
    outer loop
      vertex   -2.356259e+01 6.301503e+01 -3.000000e+00
      vertex   -2.351625e+01 6.284810e+01 3.000000e+00
      vertex   -2.345212e+01 6.268716e+01 -3.000000e+00
    endloop
  endfacet
  facet normal 9.075743e-01 4.198886e-01 -1.563210e-03
    outer loop
      vertex   -2.345212e+01 6.268716e+01 -3.000000e+00
      vertex   -2.351625e+01 6.284810e+01 3.000000e+00
      vertex   -2.337097e+01 6.253410e+01 3.000000e+00
    endloop
  endfacet
  facet normal 8.568561e-01 5.155532e-01 1.563210e-03
    outer loop
      vertex   -2.345212e+01 6.268716e+01 -3.000000e+00
      vertex   -2.337097e+01 6.253410e+01 3.000000e+00
      vertex   -2.327375e+01 6.239071e+01 -3.000000e+00
    endloop
  endfacet
  facet normal 7.960921e-01 6.051735e-01 -1.563210e-03
    outer loop
      vertex   -2.327375e+01 6.239071e+01 -3.000000e+00
      vertex   -2.337097e+01 6.253410e+01 3.000000e+00
      vertex   -2.316159e+01 6.225866e+01 3.000000e+00
    endloop
  endfacet
  facet normal 7.259946e-01 6.876986e-01 1.563210e-03
    outer loop
      vertex   -2.327375e+01 6.239071e+01 -3.000000e+00
      vertex   -2.316159e+01 6.225866e+01 3.000000e+00
      vertex   -2.303582e+01 6.213952e+01 -3.000000e+00
    endloop
  endfacet
  facet normal 6.473855e-01 7.621611e-01 -1.563210e-03
    outer loop
      vertex   -2.303582e+01 6.213952e+01 -3.000000e+00
      vertex   -2.316159e+01 6.225866e+01 3.000000e+00
      vertex   -2.289790e+01 6.203468e+01 3.000000e+00
    endloop
  endfacet
  facet normal 5.611864e-01 8.276880e-01 1.563210e-03
    outer loop
      vertex   -2.303582e+01 6.213952e+01 -3.000000e+00
      vertex   -2.289790e+01 6.203468e+01 3.000000e+00
      vertex   -2.274945e+01 6.194536e+01 -3.000000e+00
    endloop
  endfacet
  facet normal 4.684079e-01 8.835110e-01 -1.563210e-03
    outer loop
      vertex   -2.274945e+01 6.194536e+01 -3.000000e+00
      vertex   -2.289790e+01 6.203468e+01 3.000000e+00
      vertex   -2.259222e+01 6.187262e+01 3.000000e+00
    endloop
  endfacet
  facet normal 3.701377e-01 9.289756e-01 1.563210e-03
    outer loop
      vertex   -2.274945e+01 6.194536e+01 -3.000000e+00
      vertex   -2.259222e+01 6.187262e+01 3.000000e+00
      vertex   -2.242805e+01 6.181730e+01 -3.000000e+00
    endloop
  endfacet
  facet normal 2.675280e-01 9.635488e-01 -1.563210e-03
    outer loop
      vertex   -2.242805e+01 6.181730e+01 -3.000000e+00
      vertex   -2.259222e+01 6.187262e+01 3.000000e+00
      vertex   -2.225885e+01 6.178006e+01 3.000000e+00
    endloop
  endfacet
  facet normal 1.617818e-01 9.868253e-01 1.563210e-03
    outer loop
      vertex   -2.242805e+01 6.181730e+01 -3.000000e+00
      vertex   -2.225885e+01 6.178006e+01 3.000000e+00
      vertex   -2.208662e+01 6.176133e+01 -3.000000e+00
    endloop
  endfacet
  facet normal 5.413884e-02 9.985322e-01 -1.563210e-03
    outer loop
      vertex   -2.208662e+01 6.176133e+01 -3.000000e+00
      vertex   -2.225885e+01 6.178006e+01 3.000000e+00
      vertex   -2.191338e+01 6.176133e+01 3.000000e+00
    endloop
  endfacet
  facet normal -5.413884e-02 9.985322e-01 1.563210e-03
    outer loop
      vertex   -2.208662e+01 6.176133e+01 -3.000000e+00
      vertex   -2.191338e+01 6.176133e+01 3.000000e+00
      vertex   -2.174115e+01 6.178006e+01 -3.000000e+00
    endloop
  endfacet
  facet normal -1.617818e-01 9.868253e-01 -1.563210e-03
    outer loop
      vertex   -2.174115e+01 6.178006e+01 -3.000000e+00
      vertex   -2.191338e+01 6.176133e+01 3.000000e+00
      vertex   -2.157195e+01 6.181730e+01 3.000000e+00
    endloop
  endfacet
  facet normal -2.675280e-01 9.635488e-01 1.563210e-03
    outer loop
      vertex   -2.174115e+01 6.178006e+01 -3.000000e+00
      vertex   -2.157195e+01 6.181730e+01 3.000000e+00
      vertex   -2.140778e+01 6.187262e+01 -3.000000e+00
    endloop
  endfacet
  facet normal -3.701377e-01 9.289756e-01 -1.563210e-03
    outer loop
      vertex   -2.140778e+01 6.187262e+01 -3.000000e+00
      vertex   -2.157195e+01 6.181730e+01 3.000000e+00
      vertex   -2.125055e+01 6.194536e+01 3.000000e+00
    endloop
  endfacet
  facet normal -4.684079e-01 8.835110e-01 1.563210e-03
    outer loop
      vertex   -2.140778e+01 6.187262e+01 -3.000000e+00
      vertex   -2.125055e+01 6.194536e+01 3.000000e+00
      vertex   -2.110210e+01 6.203468e+01 -3.000000e+00
    endloop
  endfacet
  facet normal -5.611864e-01 8.276880e-01 -1.563210e-03
    outer loop
      vertex   -2.110210e+01 6.203468e+01 -3.000000e+00
      vertex   -2.125055e+01 6.194536e+01 3.000000e+00
      vertex   -2.096418e+01 6.213952e+01 3.000000e+00
    endloop
  endfacet
  facet normal -6.473855e-01 7.621611e-01 1.563210e-03
    outer loop
      vertex   -2.110210e+01 6.203468e+01 -3.000000e+00
      vertex   -2.096418e+01 6.213952e+01 3.000000e+00
      vertex   -2.083841e+01 6.225866e+01 -3.000000e+00
    endloop
  endfacet
  facet normal -7.259946e-01 6.876986e-01 -1.563210e-03
    outer loop
      vertex   -2.083841e+01 6.225866e+01 -3.000000e+00
      vertex   -2.096418e+01 6.213952e+01 3.000000e+00
      vertex   -2.072625e+01 6.239071e+01 3.000000e+00
    endloop
  endfacet
  facet normal -7.960921e-01 6.051735e-01 1.563210e-03
    outer loop
      vertex   -2.083841e+01 6.225866e+01 -3.000000e+00
      vertex   -2.072625e+01 6.239071e+01 3.000000e+00
      vertex   -2.062903e+01 6.253410e+01 -3.000000e+00
    endloop
  endfacet
  facet normal -8.568561e-01 5.155532e-01 -1.563210e-03
    outer loop
      vertex   -2.062903e+01 6.253410e+01 -3.000000e+00
      vertex   -2.072625e+01 6.239071e+01 3.000000e+00
      vertex   -2.054788e+01 6.268716e+01 3.000000e+00
    endloop
  endfacet
  facet normal -9.075743e-01 4.198886e-01 1.563210e-03
    outer loop
      vertex   -2.062903e+01 6.253410e+01 -3.000000e+00
      vertex   -2.054788e+01 6.268716e+01 3.000000e+00
      vertex   -2.048375e+01 6.284810e+01 -3.000000e+00
    endloop
  endfacet
  facet normal -9.476520e-01 3.193011e-01 -1.563210e-03
    outer loop
      vertex   -2.048375e+01 6.284810e+01 -3.000000e+00
      vertex   -2.054788e+01 6.268716e+01 3.000000e+00
      vertex   -2.043741e+01 6.301503e+01 3.000000e+00
    endloop
  endfacet
  facet normal -9.766194e-01 2.149702e-01 1.563210e-03
    outer loop
      vertex   -2.048375e+01 6.284810e+01 -3.000000e+00
      vertex   -2.043741e+01 6.301503e+01 3.000000e+00
      vertex   -2.040938e+01 6.318599e+01 -3.000000e+00
    endloop
  endfacet
  facet normal -9.941367e-01 1.081189e-01 -1.563210e-03
    outer loop
      vertex   -2.040938e+01 6.318599e+01 -3.000000e+00
      vertex   -2.043741e+01 6.301503e+01 3.000000e+00
      vertex   -2.040000e+01 6.335898e+01 3.000000e+00
    endloop
  endfacet
  facet normal -9.999988e-01 2.881345e-11 1.563210e-03
    outer loop
      vertex   -2.040938e+01 6.318599e+01 -3.000000e+00
      vertex   -2.040000e+01 6.335898e+01 3.000000e+00
      vertex   -2.040938e+01 6.353197e+01 -3.000000e+00
    endloop
  endfacet
  facet normal -9.941367e-01 -1.081189e-01 -1.563210e-03
    outer loop
      vertex   -2.040938e+01 6.353197e+01 -3.000000e+00
      vertex   -2.040000e+01 6.335898e+01 3.000000e+00
      vertex   -2.043741e+01 6.370294e+01 3.000000e+00
    endloop
  endfacet
  facet normal -9.766194e-01 -2.149702e-01 1.563210e-03
    outer loop
      vertex   -2.040938e+01 6.353197e+01 -3.000000e+00
      vertex   -2.043741e+01 6.370294e+01 3.000000e+00
      vertex   -2.048375e+01 6.386987e+01 -3.000000e+00
    endloop
  endfacet
  facet normal -9.476520e-01 -3.193011e-01 -1.563210e-03
    outer loop
      vertex   -2.048375e+01 6.386987e+01 -3.000000e+00
      vertex   -2.043741e+01 6.370294e+01 3.000000e+00
      vertex   -2.054788e+01 6.403081e+01 3.000000e+00
    endloop
  endfacet
  facet normal -9.075743e-01 -4.198886e-01 1.563210e-03
    outer loop
      vertex   -2.048375e+01 6.386987e+01 -3.000000e+00
      vertex   -2.054788e+01 6.403081e+01 3.000000e+00
      vertex   -2.062903e+01 6.418387e+01 -3.000000e+00
    endloop
  endfacet
  facet normal -8.568561e-01 -5.155532e-01 -1.563210e-03
    outer loop
      vertex   -2.062903e+01 6.418387e+01 -3.000000e+00
      vertex   -2.054788e+01 6.403081e+01 3.000000e+00
      vertex   -2.072625e+01 6.432726e+01 3.000000e+00
    endloop
  endfacet
  facet normal -7.960921e-01 -6.051735e-01 1.563210e-03
    outer loop
      vertex   -2.062903e+01 6.418387e+01 -3.000000e+00
      vertex   -2.072625e+01 6.432726e+01 3.000000e+00
      vertex   -2.083841e+01 6.445930e+01 -3.000000e+00
    endloop
  endfacet
  facet normal -7.259946e-01 -6.876986e-01 -1.563210e-03
    outer loop
      vertex   -2.083841e+01 6.445930e+01 -3.000000e+00
      vertex   -2.072625e+01 6.432726e+01 3.000000e+00
      vertex   -2.096418e+01 6.457844e+01 3.000000e+00
    endloop
  endfacet
  facet normal -6.473855e-01 -7.621611e-01 1.563210e-03
    outer loop
      vertex   -2.083841e+01 6.445930e+01 -3.000000e+00
      vertex   -2.096418e+01 6.457844e+01 3.000000e+00
      vertex   -2.110210e+01 6.468329e+01 -3.000000e+00
    endloop
  endfacet
  facet normal -5.611864e-01 -8.276880e-01 -1.563210e-03
    outer loop
      vertex   -2.110210e+01 6.468329e+01 -3.000000e+00
      vertex   -2.096418e+01 6.457844e+01 3.000000e+00
      vertex   -2.125055e+01 6.477260e+01 3.000000e+00
    endloop
  endfacet
  facet normal -4.684079e-01 -8.835110e-01 1.563210e-03
    outer loop
      vertex   -2.110210e+01 6.468329e+01 -3.000000e+00
      vertex   -2.125055e+01 6.477260e+01 3.000000e+00
      vertex   -2.140778e+01 6.484535e+01 -3.000000e+00
    endloop
  endfacet
  facet normal -3.701377e-01 -9.289756e-01 -1.563210e-03
    outer loop
      vertex   -2.140778e+01 6.484535e+01 -3.000000e+00
      vertex   -2.125055e+01 6.477260e+01 3.000000e+00
      vertex   -2.157195e+01 6.490066e+01 3.000000e+00
    endloop
  endfacet
  facet normal -2.675280e-01 -9.635488e-01 1.563210e-03
    outer loop
      vertex   -2.140778e+01 6.484535e+01 -3.000000e+00
      vertex   -2.157195e+01 6.490066e+01 3.000000e+00
      vertex   -2.174115e+01 6.493791e+01 -3.000000e+00
    endloop
  endfacet
  facet normal -1.617818e-01 -9.868253e-01 -1.563210e-03
    outer loop
      vertex   -2.174115e+01 6.493791e+01 -3.000000e+00
      vertex   -2.157195e+01 6.490066e+01 3.000000e+00
      vertex   -2.191338e+01 6.495664e+01 3.000000e+00
    endloop
  endfacet
  facet normal -5.413884e-02 -9.985322e-01 1.563210e-03
    outer loop
      vertex   -2.174115e+01 6.493791e+01 -3.000000e+00
      vertex   -2.191338e+01 6.495664e+01 3.000000e+00
      vertex   -2.208662e+01 6.495664e+01 -3.000000e+00
    endloop
  endfacet
  facet normal 5.413884e-02 -9.985322e-01 -1.563210e-03
    outer loop
      vertex   -2.208662e+01 6.495664e+01 -3.000000e+00
      vertex   -2.191338e+01 6.495664e+01 3.000000e+00
      vertex   -2.225885e+01 6.493791e+01 3.000000e+00
    endloop
  endfacet
  facet normal 1.617818e-01 -9.868253e-01 1.563210e-03
    outer loop
      vertex   -2.208662e+01 6.495664e+01 -3.000000e+00
      vertex   -2.225885e+01 6.493791e+01 3.000000e+00
      vertex   -2.242805e+01 6.490066e+01 -3.000000e+00
    endloop
  endfacet
  facet normal 2.675280e-01 -9.635488e-01 -1.563210e-03
    outer loop
      vertex   -2.242805e+01 6.490066e+01 -3.000000e+00
      vertex   -2.225885e+01 6.493791e+01 3.000000e+00
      vertex   -2.259222e+01 6.484535e+01 3.000000e+00
    endloop
  endfacet
  facet normal 3.701377e-01 -9.289756e-01 1.563210e-03
    outer loop
      vertex   -2.242805e+01 6.490066e+01 -3.000000e+00
      vertex   -2.259222e+01 6.484535e+01 3.000000e+00
      vertex   -2.274945e+01 6.477260e+01 -3.000000e+00
    endloop
  endfacet
  facet normal 4.684079e-01 -8.835110e-01 -1.563210e-03
    outer loop
      vertex   -2.274945e+01 6.477260e+01 -3.000000e+00
      vertex   -2.259222e+01 6.484535e+01 3.000000e+00
      vertex   -2.289790e+01 6.468329e+01 3.000000e+00
    endloop
  endfacet
  facet normal 5.611864e-01 -8.276880e-01 1.563210e-03
    outer loop
      vertex   -2.274945e+01 6.477260e+01 -3.000000e+00
      vertex   -2.289790e+01 6.468329e+01 3.000000e+00
      vertex   -2.303582e+01 6.457844e+01 -3.000000e+00
    endloop
  endfacet
  facet normal 6.473855e-01 -7.621611e-01 -1.563210e-03
    outer loop
      vertex   -2.303582e+01 6.457844e+01 -3.000000e+00
      vertex   -2.289790e+01 6.468329e+01 3.000000e+00
      vertex   -2.316159e+01 6.445930e+01 3.000000e+00
    endloop
  endfacet
  facet normal 7.259946e-01 -6.876986e-01 1.563210e-03
    outer loop
      vertex   -2.303582e+01 6.457844e+01 -3.000000e+00
      vertex   -2.316159e+01 6.445930e+01 3.000000e+00
      vertex   -2.327375e+01 6.432726e+01 -3.000000e+00
    endloop
  endfacet
  facet normal 7.960921e-01 -6.051735e-01 -1.563210e-03
    outer loop
      vertex   -2.327375e+01 6.432726e+01 -3.000000e+00
      vertex   -2.316159e+01 6.445930e+01 3.000000e+00
      vertex   -2.337097e+01 6.418387e+01 3.000000e+00
    endloop
  endfacet
  facet normal 8.568561e-01 -5.155532e-01 1.563210e-03
    outer loop
      vertex   -2.327375e+01 6.432726e+01 -3.000000e+00
      vertex   -2.337097e+01 6.418387e+01 3.000000e+00
      vertex   -2.345212e+01 6.403081e+01 -3.000000e+00
    endloop
  endfacet
  facet normal 9.075743e-01 -4.198886e-01 -1.563210e-03
    outer loop
      vertex   -2.345212e+01 6.403081e+01 -3.000000e+00
      vertex   -2.337097e+01 6.418387e+01 3.000000e+00
      vertex   -2.351625e+01 6.386987e+01 3.000000e+00
    endloop
  endfacet
  facet normal 9.476520e-01 -3.193011e-01 1.563210e-03
    outer loop
      vertex   -2.345212e+01 6.403081e+01 -3.000000e+00
      vertex   -2.351625e+01 6.386987e+01 3.000000e+00
      vertex   -2.356259e+01 6.370294e+01 -3.000000e+00
    endloop
  endfacet
  facet normal 9.766194e-01 -2.149702e-01 -1.563210e-03
    outer loop
      vertex   -2.356259e+01 6.370294e+01 -3.000000e+00
      vertex   -2.351625e+01 6.386987e+01 3.000000e+00
      vertex   -2.359062e+01 6.353197e+01 3.000000e+00
    endloop
  endfacet
  facet normal 1.628240e-12 5.034734e-13 -1.000000e+00
    outer loop
      vertex   -2.353628e+01 8.679829e+01 3.000000e+00
      vertex   -2.317096e+01 8.691785e+01 3.000000e+00
      vertex   -2.339636e+01 8.634577e+01 3.000000e+00
    endloop
  endfacet
  facet normal 1.514283e-12 5.483726e-13 -1.000000e+00
    outer loop
      vertex   -2.339636e+01 8.634577e+01 3.000000e+00
      vertex   -2.317096e+01 8.691785e+01 3.000000e+00
      vertex   -2.338579e+01 8.631659e+01 3.000000e+00
    endloop
  endfacet
  facet normal 0.000000e+00 0.000000e+00 -1.000000e+00
    outer loop
      vertex   -2.339636e+01 8.634577e+01 3.000000e+00
      vertex   -2.338579e+01 8.631659e+01 3.000000e+00
      vertex   -2.339621e+01 8.634531e+01 3.000000e+00
    endloop
  endfacet
  facet normal -2.777006e-13 7.629762e-13 -1.000000e+00
    outer loop
      vertex   -2.280975e+01 8.704932e+01 3.000000e+00
      vertex   -2.324190e+01 8.603351e+01 3.000000e+00
      vertex   -2.317096e+01 8.691785e+01 3.000000e+00
    endloop
  endfacet
  facet normal 1.149788e-12 6.484676e-13 -1.000000e+00
    outer loop
      vertex   -2.317096e+01 8.691785e+01 3.000000e+00
      vertex   -2.324190e+01 8.603351e+01 3.000000e+00
      vertex   -2.330981e+01 8.615392e+01 3.000000e+00
    endloop
  endfacet
  facet normal 1.267341e-12 6.271019e-13 -1.000000e+00
    outer loop
      vertex   -2.317096e+01 8.691785e+01 3.000000e+00
      vertex   -2.330981e+01 8.615392e+01 3.000000e+00
      vertex   -2.335746e+01 8.625023e+01 3.000000e+00
    endloop
  endfacet
  facet normal -1.570931e-12 -6.609294e-13 -1.000000e+00
    outer loop
      vertex   -2.245304e+01 8.719256e+01 3.000000e+00
      vertex   -2.226936e+01 8.675597e+01 3.000000e+00
      vertex   -2.280975e+01 8.704932e+01 3.000000e+00
    endloop
  endfacet
  facet normal -1.512495e-12 -5.532844e-13 -1.000000e+00
    outer loop
      vertex   -2.280975e+01 8.704932e+01 3.000000e+00
      vertex   -2.226936e+01 8.675597e+01 3.000000e+00
      vertex   -2.225870e+01 8.672682e+01 3.000000e+00
    endloop
  endfacet
  facet normal -1.445451e-12 -4.387251e-13 -1.000000e+00
    outer loop
      vertex   -2.280975e+01 8.704932e+01 3.000000e+00
      vertex   -2.225870e+01 8.672682e+01 3.000000e+00
      vertex   -2.223774e+01 8.665778e+01 3.000000e+00
    endloop
  endfacet
  facet normal 0.000000e+00 0.000000e+00 -1.000000e+00
    outer loop
      vertex   -2.226936e+01 8.675597e+01 3.000000e+00
      vertex   -2.226917e+01 8.675552e+01 3.000000e+00
      vertex   -2.225870e+01 8.672682e+01 3.000000e+00
    endloop
  endfacet
  facet normal -1.373933e-12 -3.342431e-13 -1.000000e+00
    outer loop
      vertex   -2.223774e+01 8.665778e+01 3.000000e+00
      vertex   -2.221234e+01 8.655336e+01 3.000000e+00
      vertex   -2.280975e+01 8.704932e+01 3.000000e+00
    endloop
  endfacet
  facet normal -4.146706e-13 8.212463e-13 -1.000000e+00
    outer loop
      vertex   -2.280975e+01 8.704932e+01 3.000000e+00
      vertex   -2.221234e+01 8.655336e+01 3.000000e+00
      vertex   -2.324190e+01 8.603351e+01 3.000000e+00
    endloop
  endfacet
  facet normal 0.000000e+00 0.000000e+00 -1.000000e+00
    outer loop
      vertex   -2.324190e+01 8.603351e+01 3.000000e+00
      vertex   -2.221234e+01 8.655336e+01 3.000000e+00
      vertex   -2.304329e+01 8.573839e+01 3.000000e+00
    endloop
  endfacet
  facet normal 0.000000e+00 0.000000e+00 -1.000000e+00
    outer loop
      vertex   -2.304329e+01 8.573839e+01 3.000000e+00
      vertex   -2.221234e+01 8.655336e+01 3.000000e+00
      vertex   -2.218696e+01 8.641747e+01 3.000000e+00
    endloop
  endfacet
  facet normal 0.000000e+00 0.000000e+00 -1.000000e+00
    outer loop
      vertex   -2.304329e+01 8.573839e+01 3.000000e+00
      vertex   -2.218696e+01 8.641747e+01 3.000000e+00
      vertex   -2.214941e+01 8.606374e+01 3.000000e+00
    endloop
  endfacet
  facet normal -0.000000e+00 0.000000e+00 -1.000000e+00
    outer loop
      vertex   -2.214533e+01 8.561767e+01 3.000000e+00
      vertex   -2.234888e+01 8.553978e+01 3.000000e+00
      vertex   -2.214941e+01 8.606374e+01 3.000000e+00
    endloop
  endfacet
  facet normal 0.000000e+00 0.000000e+00 -1.000000e+00
    outer loop
      vertex   -2.214941e+01 8.606374e+01 3.000000e+00
      vertex   -2.234888e+01 8.553978e+01 3.000000e+00
      vertex   -2.255369e+01 8.546524e+01 3.000000e+00
    endloop
  endfacet
  facet normal 0.000000e+00 0.000000e+00 -1.000000e+00
    outer loop
      vertex   -2.214941e+01 8.606374e+01 3.000000e+00
      vertex   -2.255369e+01 8.546524e+01 3.000000e+00
      vertex   -2.304329e+01 8.573839e+01 3.000000e+00
    endloop
  endfacet
  facet normal 0.000000e+00 0.000000e+00 -1.000000e+00
    outer loop
      vertex   -2.304329e+01 8.573839e+01 3.000000e+00
      vertex   -2.255369e+01 8.546524e+01 3.000000e+00
      vertex   -2.275968e+01 8.539406e+01 3.000000e+00
    endloop
  endfacet
  facet normal 1.389286e-12 5.930349e-13 -1.000000e+00
    outer loop
      vertex   -2.335746e+01 8.625023e+01 3.000000e+00
      vertex   -2.338579e+01 8.631659e+01 3.000000e+00
      vertex   -2.317096e+01 8.691785e+01 3.000000e+00
    endloop
  endfacet
  facet normal 1.000000e+00 6.532181e-14 -1.015061e-15
    outer loop
      vertex   -2.800000e+01 8.631772e+01 1.000000e+01
      vertex   -2.800000e+01 8.484925e+01 1.000000e+01
      vertex   -2.800000e+01 8.631772e+01 3.000000e+00
    endloop
  endfacet
  facet normal 1.000000e+00 7.016046e-14 0.000000e+00
    outer loop
      vertex   -2.800000e+01 8.631772e+01 3.000000e+00
      vertex   -2.800000e+01 8.484925e+01 1.000000e+01
      vertex   -2.800000e+01 8.484925e+01 3.000000e+00
    endloop
  endfacet
  facet normal 6.644036e-14 -1.000000e+00 0.000000e+00
    outer loop
      vertex   -2.800000e+01 8.484925e+01 1.000000e+01
      vertex   -3.570000e+01 8.484925e+01 1.000000e+01
      vertex   -2.800000e+01 8.484925e+01 3.000000e+00
    endloop
  endfacet
  facet normal 6.717859e-14 -1.000000e+00 8.120488e-16
    outer loop
      vertex   -2.800000e+01 8.484925e+01 3.000000e+00
      vertex   -3.570000e+01 8.484925e+01 1.000000e+01
      vertex   -3.900000e+01 8.484925e+01 3.000000e+00
    endloop
  endfacet
  facet normal 2.408971e-13 -1.000000e+00 -8.108384e-14
    outer loop
      vertex   -3.900000e+01 8.484925e+01 3.000000e+00
      vertex   -3.570000e+01 8.484925e+01 1.000000e+01
      vertex   -3.627304e+01 8.484925e+01 1.005013e+01
    endloop
  endfacet
  facet normal 2.611068e-14 -1.000000e+00 1.994616e-15
    outer loop
      vertex   -3.900000e+01 8.484925e+01 3.000000e+00
      vertex   -3.627304e+01 8.484925e+01 1.005013e+01
      vertex   -3.682867e+01 8.484925e+01 1.019901e+01
    endloop
  endfacet
  facet normal 7.572768e-14 -1.000000e+00 -1.297063e-14
    outer loop
      vertex   -3.682867e+01 8.484925e+01 1.019901e+01
      vertex   -3.735000e+01 8.484925e+01 1.044212e+01
      vertex   -3.900000e+01 8.484925e+01 3.000000e+00
    endloop
  endfacet
  facet normal 2.842087e-14 -1.000000e+00 -2.482187e-15
    outer loop
      vertex   -3.900000e+01 8.484925e+01 3.000000e+00
      vertex   -3.735000e+01 8.484925e+01 1.044212e+01
      vertex   -3.782120e+01 8.484925e+01 1.077205e+01
    endloop
  endfacet
  facet normal 6.226080e-14 -1.000000e+00 -7.614749e-15
    outer loop
      vertex   -3.900000e+01 8.484925e+01 3.000000e+00
      vertex   -3.782120e+01 8.484925e+01 1.077205e+01
      vertex   -3.822795e+01 8.484925e+01 1.117880e+01
    endloop
  endfacet
  facet normal 7.372261e-14 -1.000000e+00 -8.696708e-15
    outer loop
      vertex   -3.822795e+01 8.484925e+01 1.117880e+01
      vertex   -3.855788e+01 8.484925e+01 1.165000e+01
      vertex   -3.900000e+01 8.484925e+01 3.000000e+00
    endloop
  endfacet
  facet normal 9.583852e-14 -1.000000e+00 -9.827089e-15
    outer loop
      vertex   -3.900000e+01 8.484925e+01 3.000000e+00
      vertex   -3.855788e+01 8.484925e+01 1.165000e+01
      vertex   -3.880099e+01 8.484925e+01 1.217133e+01
    endloop
  endfacet
  facet normal 1.498540e-13 -1.000000e+00 -1.099920e-14
    outer loop
      vertex   -3.900000e+01 8.484925e+01 3.000000e+00
      vertex   -3.880099e+01 8.484925e+01 1.217133e+01
      vertex   -3.894987e+01 8.484925e+01 1.272696e+01
    endloop
  endfacet
  facet normal -1.984186e-12 -1.000000e+00 4.475927e-25
    outer loop
      vertex   -3.894987e+01 8.484925e+01 1.272696e+01
      vertex   -3.900000e+01 8.484925e+01 1.330000e+01
      vertex   -3.900000e+01 8.484925e+01 3.000000e+00
    endloop
  endfacet
  facet normal -7.927274e-02 -9.968530e-01 -8.276264e-13
    outer loop
      vertex   -2.800000e+01 8.631772e+01 1.000000e+01
      vertex   -2.800000e+01 8.631772e+01 3.000000e+00
      vertex   -2.785891e+01 8.630650e+01 1.000000e+01
    endloop
  endfacet
  facet normal -7.927274e-02 -9.968530e-01 -2.289266e-15
    outer loop
      vertex   -2.785891e+01 8.630650e+01 1.000000e+01
      vertex   -2.800000e+01 8.631772e+01 3.000000e+00
      vertex   -2.785891e+01 8.630650e+01 3.000000e+00
    endloop
  endfacet
  facet normal -6.723407e-02 -9.977372e-01 -2.868991e-15
    outer loop
      vertex   -2.785891e+01 8.630650e+01 1.000000e+01
      vertex   -2.785891e+01 8.630650e+01 3.000000e+00
      vertex   -2.771770e+01 8.629699e+01 1.000000e+01
    endloop
  endfacet
  facet normal -6.723407e-02 -9.977372e-01 -4.558546e-16
    outer loop
      vertex   -2.771770e+01 8.629699e+01 1.000000e+01
      vertex   -2.785891e+01 8.630650e+01 3.000000e+00
      vertex   -2.771770e+01 8.629699e+01 3.000000e+00
    endloop
  endfacet
  facet normal -5.518561e-02 -9.984761e-01 -7.386429e-16
    outer loop
      vertex   -2.771770e+01 8.629699e+01 1.000000e+01
      vertex   -2.771770e+01 8.629699e+01 3.000000e+00
      vertex   -2.757638e+01 8.628918e+01 1.000000e+01
    endloop
  endfacet
  facet normal -5.518561e-02 -9.984761e-01 -0.000000e+00
    outer loop
      vertex   -2.757638e+01 8.628918e+01 1.000000e+01
      vertex   -2.771770e+01 8.629699e+01 3.000000e+00
      vertex   -2.757638e+01 8.628918e+01 3.000000e+00
    endloop
  endfacet
  facet normal 9.217434e-01 3.878003e-01 9.356258e-16
    outer loop
      vertex   -2.245304e+01 8.719256e+01 1.000000e+01
      vertex   -2.226936e+01 8.675597e+01 1.000000e+01
      vertex   -2.245304e+01 8.719256e+01 3.000000e+00
    endloop
  endfacet
  facet normal 9.217434e-01 3.878003e-01 0.000000e+00
    outer loop
      vertex   -2.245304e+01 8.719256e+01 3.000000e+00
      vertex   -2.226936e+01 8.675597e+01 1.000000e+01
      vertex   -2.226936e+01 8.675597e+01 3.000000e+00
    endloop
  endfacet
  facet normal 9.240194e-01 3.823456e-01 -0.000000e+00
    outer loop
      vertex   -2.226917e+01 8.675552e+01 3.000000e+00
      vertex   -2.226936e+01 8.675597e+01 3.000000e+00
      vertex   -2.226917e+01 8.675552e+01 1.000000e+01
    endloop
  endfacet
  facet normal 9.240194e-01 3.823456e-01 0.000000e+00
    outer loop
      vertex   -2.226917e+01 8.675552e+01 1.000000e+01
      vertex   -2.226936e+01 8.675597e+01 3.000000e+00
      vertex   -2.226936e+01 8.675597e+01 1.000000e+01
    endloop
  endfacet
  facet normal 9.999360e-01 -1.131063e-02 0.000000e+00
    outer loop
      vertex   -2.214533e+01 8.561767e+01 1.000000e+01
      vertex   -2.214533e+01 8.561767e+01 3.000000e+00
      vertex   -2.214243e+01 8.587345e+01 1.000000e+01
    endloop
  endfacet
  facet normal 9.999579e-01 9.147443e-03 -7.475674e-04
    outer loop
      vertex   -2.214243e+01 8.587345e+01 1.000000e+01
      vertex   -2.214533e+01 8.561767e+01 3.000000e+00
      vertex   -2.214941e+01 8.606374e+01 3.000000e+00
    endloop
  endfacet
  facet normal 9.992118e-01 3.969491e-02 8.356982e-05
    outer loop
      vertex   -2.214243e+01 8.587345e+01 1.000000e+01
      vertex   -2.214941e+01 8.606374e+01 3.000000e+00
      vertex   -2.215129e+01 8.609638e+01 1.000000e+01
    endloop
  endfacet
  facet normal 9.958572e-01 9.093072e-02 -1.562309e-04
    outer loop
      vertex   -2.215129e+01 8.609638e+01 1.000000e+01
      vertex   -2.214941e+01 8.606374e+01 3.000000e+00
      vertex   -2.216867e+01 8.628671e+01 1.000000e+01
    endloop
  endfacet
  facet normal 9.944119e-01 1.055683e-01 -6.264527e-04
    outer loop
      vertex   -2.216867e+01 8.628671e+01 1.000000e+01
      vertex   -2.214941e+01 8.606374e+01 3.000000e+00
      vertex   -2.218696e+01 8.641747e+01 3.000000e+00
    endloop
  endfacet
  facet normal 9.898582e-01 1.420589e-01 6.711692e-05
    outer loop
      vertex   -2.216867e+01 8.628671e+01 1.000000e+01
      vertex   -2.218696e+01 8.641747e+01 3.000000e+00
      vertex   -2.219134e+01 8.644471e+01 1.000000e+01
    endloop
  endfacet
  facet normal 9.830075e-01 1.835651e-01 -9.864878e-05
    outer loop
      vertex   -2.219134e+01 8.644471e+01 1.000000e+01
      vertex   -2.218696e+01 8.641747e+01 3.000000e+00
      vertex   -2.221234e+01 8.655336e+01 3.000000e+00
    endloop
  endfacet
  facet normal 9.812370e-01 1.928053e-01 5.008998e-05
    outer loop
      vertex   -2.219134e+01 8.644471e+01 1.000000e+01
      vertex   -2.221234e+01 8.655336e+01 3.000000e+00
      vertex   -2.221609e+01 8.657064e+01 1.000000e+01
    endloop
  endfacet
  facet normal 9.716606e-01 2.363804e-01 -6.258806e-05
    outer loop
      vertex   -2.221609e+01 8.657064e+01 1.000000e+01
      vertex   -2.221234e+01 8.655336e+01 3.000000e+00
      vertex   -2.223774e+01 8.665778e+01 3.000000e+00
    endloop
  endfacet
  facet normal 9.700093e-01 2.430678e-01 2.576900e-05
    outer loop
      vertex   -2.221609e+01 8.657064e+01 1.000000e+01
      vertex   -2.223774e+01 8.665778e+01 3.000000e+00
      vertex   -2.223968e+01 8.666477e+01 1.000000e+01
    endloop
  endfacet
  facet normal 9.568939e-01 2.904377e-01 -2.516739e-05
    outer loop
      vertex   -2.223968e+01 8.666477e+01 1.000000e+01
      vertex   -2.223774e+01 8.665778e+01 3.000000e+00
      vertex   -2.225870e+01 8.672682e+01 3.000000e+00
    endloop
  endfacet
  facet normal 9.560196e-01 2.933027e-01 2.605538e-06
    outer loop
      vertex   -2.223968e+01 8.666477e+01 1.000000e+01
      vertex   -2.225870e+01 8.672682e+01 3.000000e+00
      vertex   -2.225888e+01 8.672737e+01 1.000000e+01
    endloop
  endfacet
  facet normal 9.393606e-01 3.429310e-01 -1.697088e-06
    outer loop
      vertex   -2.225888e+01 8.672737e+01 1.000000e+01
      vertex   -2.225870e+01 8.672682e+01 3.000000e+00
      vertex   -2.226917e+01 8.675552e+01 3.000000e+00
    endloop
  endfacet
  facet normal 9.392246e-01 3.433033e-01 0.000000e+00
    outer loop
      vertex   -2.225888e+01 8.672737e+01 1.000000e+01
      vertex   -2.226917e+01 8.675552e+01 3.000000e+00
      vertex   -2.226917e+01 8.675552e+01 1.000000e+01
    endloop
  endfacet
  facet normal 3.265760e-01 -9.451710e-01 0.000000e+00
    outer loop
      vertex   -2.275968e+01 8.539406e+01 1.000000e+01
      vertex   -2.275968e+01 8.539406e+01 3.000000e+00
      vertex   -2.255369e+01 8.546524e+01 1.000000e+01
    endloop
  endfacet
  facet normal 3.265760e-01 -9.451710e-01 0.000000e+00
    outer loop
      vertex   -2.255369e+01 8.546524e+01 1.000000e+01
      vertex   -2.275968e+01 8.539406e+01 3.000000e+00
      vertex   -2.255369e+01 8.546524e+01 3.000000e+00
    endloop
  endfacet
  facet normal 3.420201e-01 -9.396926e-01 0.000000e+00
    outer loop
      vertex   -2.255369e+01 8.546524e+01 1.000000e+01
      vertex   -2.255369e+01 8.546524e+01 3.000000e+00
      vertex   -2.234888e+01 8.553978e+01 1.000000e+01
    endloop
  endfacet
  facet normal 3.420201e-01 -9.396926e-01 -1.735857e-16
    outer loop
      vertex   -2.234888e+01 8.553978e+01 1.000000e+01
      vertex   -2.255369e+01 8.546524e+01 3.000000e+00
      vertex   -2.234888e+01 8.553978e+01 3.000000e+00
    endloop
  endfacet
  facet normal 3.573725e-01 -9.339619e-01 -1.813774e-16
    outer loop
      vertex   -2.234888e+01 8.553978e+01 1.000000e+01
      vertex   -2.234888e+01 8.553978e+01 3.000000e+00
      vertex   -2.214533e+01 8.561767e+01 1.000000e+01
    endloop
  endfacet
  facet normal 3.573725e-01 -9.339619e-01 0.000000e+00
    outer loop
      vertex   -2.214533e+01 8.561767e+01 1.000000e+01
      vertex   -2.234888e+01 8.553978e+01 3.000000e+00
      vertex   -2.214533e+01 8.561767e+01 3.000000e+00
    endloop
  endfacet
  facet normal -9.403400e-01 -3.402363e-01 -0.000000e+00
    outer loop
      vertex   -2.339621e+01 8.634531e+01 1.000000e+01
      vertex   -2.339621e+01 8.634531e+01 3.000000e+00
      vertex   -2.338623e+01 8.631773e+01 1.000000e+01
    endloop
  endfacet
  facet normal -9.400238e-01 -3.411089e-01 -3.890130e-06
    outer loop
      vertex   -2.338623e+01 8.631773e+01 1.000000e+01
      vertex   -2.339621e+01 8.634531e+01 3.000000e+00
      vertex   -2.338579e+01 8.631659e+01 3.000000e+00
    endloop
  endfacet
  facet normal -9.222667e-01 -3.865542e-01 4.575499e-06
    outer loop
      vertex   -2.338623e+01 8.631773e+01 1.000000e+01
      vertex   -2.338579e+01 8.631659e+01 3.000000e+00
      vertex   -2.336396e+01 8.626459e+01 1.000000e+01
    endloop
  endfacet
  facet normal -9.197130e-01 -3.925914e-01 -4.823866e-05
    outer loop
      vertex   -2.336396e+01 8.626459e+01 1.000000e+01
      vertex   -2.338579e+01 8.631659e+01 3.000000e+00
      vertex   -2.335746e+01 8.625023e+01 3.000000e+00
    endloop
  endfacet
  facet normal -8.990125e-01 -4.379230e-01 6.395158e-05
    outer loop
      vertex   -2.336396e+01 8.626459e+01 1.000000e+01
      vertex   -2.335746e+01 8.625023e+01 3.000000e+00
      vertex   -2.331296e+01 8.615990e+01 1.000000e+01
    endloop
  endfacet
  facet normal -8.962776e-01 -4.434935e-01 -2.532202e-05
    outer loop
      vertex   -2.331296e+01 8.615990e+01 1.000000e+01
      vertex   -2.335746e+01 8.625023e+01 3.000000e+00
      vertex   -2.330981e+01 8.615392e+01 3.000000e+00
    endloop
  endfacet
  facet normal -8.710208e-01 -4.912460e-01 2.688194e-05
    outer loop
      vertex   -2.331296e+01 8.615990e+01 1.000000e+01
      vertex   -2.330981e+01 8.615392e+01 3.000000e+00
      vertex   -2.324190e+01 8.603351e+01 3.000000e+00
    endloop
  endfacet
  facet normal -8.632850e-01 -5.047167e-01 3.486423e-04
    outer loop
      vertex   -2.331296e+01 8.615990e+01 1.000000e+01
      vertex   -2.324190e+01 8.603351e+01 3.000000e+00
      vertex   -2.319118e+01 8.595160e+01 1.000000e+01
    endloop
  endfacet
  facet normal -8.296217e-01 -5.583256e-01 -5.225399e-04
    outer loop
      vertex   -2.319118e+01 8.595160e+01 1.000000e+01
      vertex   -2.324190e+01 8.603351e+01 3.000000e+00
      vertex   -2.304329e+01 8.573839e+01 3.000000e+00
    endloop
  endfacet
  facet normal -8.184487e-01 -5.745796e-01 2.085789e-04
    outer loop
      vertex   -2.319118e+01 8.595160e+01 1.000000e+01
      vertex   -2.304329e+01 8.573839e+01 3.000000e+00
      vertex   -2.301428e+01 8.569962e+01 1.000000e+01
    endloop
  endfacet
  facet normal -7.718922e-01 -6.357533e-01 -3.232206e-04
    outer loop
      vertex   -2.301428e+01 8.569962e+01 1.000000e+01
      vertex   -2.304329e+01 8.573839e+01 3.000000e+00
      vertex   -2.275968e+01 8.539406e+01 3.000000e+00
    endloop
  endfacet
  facet normal -7.682631e-01 -6.401342e-01 0.000000e+00
    outer loop
      vertex   -2.301428e+01 8.569962e+01 1.000000e+01
      vertex   -2.275968e+01 8.539406e+01 3.000000e+00
      vertex   -2.275968e+01 8.539406e+01 1.000000e+01
    endloop
  endfacet
  facet normal -9.536069e-01 -3.010545e-01 0.000000e+00
    outer loop
      vertex   -2.339636e+01 8.634577e+01 3.000000e+00
      vertex   -2.339621e+01 8.634531e+01 3.000000e+00
      vertex   -2.339636e+01 8.634577e+01 1.000000e+01
    endloop
  endfacet
  facet normal -9.536069e-01 -3.010545e-01 0.000000e+00
    outer loop
      vertex   -2.339636e+01 8.634577e+01 1.000000e+01
      vertex   -2.339621e+01 8.634531e+01 3.000000e+00
      vertex   -2.339621e+01 8.634531e+01 1.000000e+01
    endloop
  endfacet
  facet normal -9.553696e-01 -2.954130e-01 0.000000e+00
    outer loop
      vertex   -2.353628e+01 8.679829e+01 3.000000e+00
      vertex   -2.339636e+01 8.634577e+01 3.000000e+00
      vertex   -2.353628e+01 8.679829e+01 1.000000e+01
    endloop
  endfacet
  facet normal -9.553696e-01 -2.954130e-01 0.000000e+00
    outer loop
      vertex   -2.353628e+01 8.679829e+01 1.000000e+01
      vertex   -2.339636e+01 8.634577e+01 3.000000e+00
      vertex   -2.339636e+01 8.634577e+01 1.000000e+01
    endloop
  endfacet
  facet normal -9.921534e-01 -1.250268e-01 0.000000e+00
    outer loop
      vertex   -2.553406e+01 8.636700e+01 3.000000e+00
      vertex   -2.547484e+01 8.589706e+01 3.000000e+00
      vertex   -2.553406e+01 8.636700e+01 1.000000e+01
    endloop
  endfacet
  facet normal -9.921534e-01 -1.250268e-01 0.000000e+00
    outer loop
      vertex   -2.553406e+01 8.636700e+01 1.000000e+01
      vertex   -2.547484e+01 8.589706e+01 3.000000e+00
      vertex   -2.547484e+01 8.589706e+01 1.000000e+01
    endloop
  endfacet
  facet normal 9.750809e-01 2.218497e-01 0.000000e+00
    outer loop
      vertex   -2.439881e+01 8.656718e+01 1.000000e+01
      vertex   -2.429373e+01 8.610532e+01 1.000000e+01
      vertex   -2.439881e+01 8.656718e+01 3.000000e+00
    endloop
  endfacet
  facet normal 9.750809e-01 2.218497e-01 0.000000e+00
    outer loop
      vertex   -2.439881e+01 8.656718e+01 3.000000e+00
      vertex   -2.429373e+01 8.610532e+01 1.000000e+01
      vertex   -2.429373e+01 8.610532e+01 3.000000e+00
    endloop
  endfacet
  facet normal 9.763751e-01 2.160827e-01 -0.000000e+00
    outer loop
      vertex   -2.429363e+01 8.610485e+01 3.000000e+00
      vertex   -2.429373e+01 8.610532e+01 3.000000e+00
      vertex   -2.429363e+01 8.610485e+01 1.000000e+01
    endloop
  endfacet
  facet normal 9.763751e-01 2.160827e-01 0.000000e+00
    outer loop
      vertex   -2.429363e+01 8.610485e+01 1.000000e+01
      vertex   -2.429373e+01 8.610532e+01 3.000000e+00
      vertex   -2.429373e+01 8.610532e+01 1.000000e+01
    endloop
  endfacet
  facet normal 9.827807e-01 -1.847759e-01 0.000000e+00
    outer loop
      vertex   -2.436925e+01 8.496278e+01 1.000000e+01
      vertex   -2.436925e+01 8.496278e+01 3.000000e+00
      vertex   -2.432198e+01 8.521418e+01 1.000000e+01
    endloop
  endfacet
  facet normal 9.863547e-01 -1.646324e-01 -7.475674e-04
    outer loop
      vertex   -2.432198e+01 8.521418e+01 1.000000e+01
      vertex   -2.436925e+01 8.496278e+01 3.000000e+00
      vertex   -2.429581e+01 8.540278e+01 3.000000e+00
    endloop
  endfacet
  facet normal 9.909245e-01 -1.344195e-01 8.356982e-05
    outer loop
      vertex   -2.432198e+01 8.521418e+01 1.000000e+01
      vertex   -2.429581e+01 8.540278e+01 3.000000e+00
      vertex   -2.429200e+01 8.543525e+01 1.000000e+01
    endloop
  endfacet
  facet normal 9.965179e-01 -8.337952e-02 -1.562308e-04
    outer loop
      vertex   -2.429200e+01 8.543525e+01 1.000000e+01
      vertex   -2.429581e+01 8.540278e+01 3.000000e+00
      vertex   -2.427606e+01 8.562571e+01 1.000000e+01
    endloop
  endfacet
  facet normal 9.976363e-01 -6.871331e-02 -6.264527e-04
    outer loop
      vertex   -2.427606e+01 8.562571e+01 1.000000e+01
      vertex   -2.429581e+01 8.540278e+01 3.000000e+00
      vertex   -2.427137e+01 8.575766e+01 3.000000e+00
    endloop
  endfacet
  facet normal 9.994883e-01 -3.198633e-02 6.711693e-05
    outer loop
      vertex   -2.427606e+01 8.562571e+01 1.000000e+01
      vertex   -2.427137e+01 8.575766e+01 3.000000e+00
      vertex   -2.427095e+01 8.578524e+01 1.000000e+01
    endloop
  endfacet
  facet normal 9.999492e-01 1.007887e-02 -9.864872e-05
    outer loop
      vertex   -2.427095e+01 8.578524e+01 1.000000e+01
      vertex   -2.427137e+01 8.575766e+01 3.000000e+00
      vertex   -2.427276e+01 8.589589e+01 3.000000e+00
    endloop
  endfacet
  facet normal 9.998101e-01 1.948614e-02 5.008999e-05
    outer loop
      vertex   -2.427095e+01 8.578524e+01 1.000000e+01
      vertex   -2.427276e+01 8.589589e+01 3.000000e+00
      vertex   -2.427346e+01 8.591356e+01 1.000000e+01
    endloop
  endfacet
  facet normal 9.979459e-01 6.406219e-02 -6.258801e-05
    outer loop
      vertex   -2.427346e+01 8.591356e+01 1.000000e+01
      vertex   -2.427276e+01 8.589589e+01 3.000000e+00
      vertex   -2.427964e+01 8.600314e+01 3.000000e+00
    endloop
  endfacet
  facet normal 9.974810e-01 7.093472e-02 2.576900e-05
    outer loop
      vertex   -2.427346e+01 8.591356e+01 1.000000e+01
      vertex   -2.427964e+01 8.600314e+01 3.000000e+00
      vertex   -2.428034e+01 8.601036e+01 1.000000e+01
    endloop
  endfacet
  facet normal 9.927905e-01 1.198624e-01 -2.516737e-05
    outer loop
      vertex   -2.428034e+01 8.601036e+01 1.000000e+01
      vertex   -2.427964e+01 8.600314e+01 3.000000e+00
      vertex   -2.428829e+01 8.607477e+01 3.000000e+00
    endloop
  endfacet
  facet normal 9.924270e-01 1.228357e-01 2.605529e-06
    outer loop
      vertex   -2.428034e+01 8.601036e+01 1.000000e+01
      vertex   -2.428829e+01 8.607477e+01 3.000000e+00
      vertex   -2.428838e+01 8.607534e+01 1.000000e+01
    endloop
  endfacet
  facet normal 9.846389e-01 1.746029e-01 -1.697079e-06
    outer loop
      vertex   -2.428838e+01 8.607534e+01 1.000000e+01
      vertex   -2.428829e+01 8.607477e+01 3.000000e+00
      vertex   -2.429363e+01 8.610485e+01 3.000000e+00
    endloop
  endfacet
  facet normal 9.845697e-01 1.749931e-01 0.000000e+00
    outer loop
      vertex   -2.428838e+01 8.607534e+01 1.000000e+01
      vertex   -2.429363e+01 8.610485e+01 3.000000e+00
      vertex   -2.429363e+01 8.610485e+01 1.000000e+01
    endloop
  endfacet
  facet normal 1.574873e-01 -9.875210e-01 0.000000e+00
    outer loop
      vertex   -2.501310e+01 8.484925e+01 1.000000e+01
      vertex   -2.501310e+01 8.484925e+01 3.000000e+00
      vertex   -2.479787e+01 8.488357e+01 1.000000e+01
    endloop
  endfacet
  facet normal 1.574873e-01 -9.875210e-01 0.000000e+00
    outer loop
      vertex   -2.479787e+01 8.488357e+01 1.000000e+01
      vertex   -2.501310e+01 8.484925e+01 3.000000e+00
      vertex   -2.479787e+01 8.488357e+01 3.000000e+00
    endloop
  endfacet
  facet normal 1.736482e-01 -9.848078e-01 0.000000e+00
    outer loop
      vertex   -2.479787e+01 8.488357e+01 1.000000e+01
      vertex   -2.479787e+01 8.488357e+01 3.000000e+00
      vertex   -2.458324e+01 8.492142e+01 1.000000e+01
    endloop
  endfacet
  facet normal 1.736482e-01 -9.848078e-01 0.000000e+00
    outer loop
      vertex   -2.458324e+01 8.492142e+01 1.000000e+01
      vertex   -2.479787e+01 8.488357e+01 3.000000e+00
      vertex   -2.458324e+01 8.492142e+01 3.000000e+00
    endloop
  endfacet
  facet normal 1.897624e-01 -9.818300e-01 0.000000e+00
    outer loop
      vertex   -2.458324e+01 8.492142e+01 1.000000e+01
      vertex   -2.458324e+01 8.492142e+01 3.000000e+00
      vertex   -2.436925e+01 8.496278e+01 1.000000e+01
    endloop
  endfacet
  facet normal 1.897624e-01 -9.818300e-01 0.000000e+00
    outer loop
      vertex   -2.436925e+01 8.496278e+01 1.000000e+01
      vertex   -2.458324e+01 8.492142e+01 3.000000e+00
      vertex   -2.436925e+01 8.496278e+01 3.000000e+00
    endloop
  endfacet
  facet normal -9.851355e-01 -1.717790e-01 -0.000000e+00
    outer loop
      vertex   -2.547478e+01 8.589658e+01 1.000000e+01
      vertex   -2.547478e+01 8.589658e+01 3.000000e+00
      vertex   -2.546974e+01 8.586768e+01 1.000000e+01
    endloop
  endfacet
  facet normal -9.849756e-01 -1.726933e-01 -3.890141e-06
    outer loop
      vertex   -2.546974e+01 8.586768e+01 1.000000e+01
      vertex   -2.547478e+01 8.589658e+01 3.000000e+00
      vertex   -2.546950e+01 8.586649e+01 3.000000e+00
    endloop
  endfacet
  facet normal -9.753798e-01 -2.205316e-01 4.575513e-06
    outer loop
      vertex   -2.546974e+01 8.586768e+01 1.000000e+01
      vertex   -2.546950e+01 8.586649e+01 3.000000e+00
      vertex   -2.545703e+01 8.581149e+01 1.000000e+01
    endloop
  endfacet
  facet normal -9.739133e-01 -2.269205e-01 -4.823867e-05
    outer loop
      vertex   -2.545703e+01 8.581149e+01 1.000000e+01
      vertex   -2.546950e+01 8.586649e+01 3.000000e+00
      vertex   -2.545313e+01 8.579622e+01 3.000000e+00
    endloop
  endfacet
  facet normal -9.613990e-01 -2.751581e-01 6.395160e-05
    outer loop
      vertex   -2.545703e+01 8.581149e+01 1.000000e+01
      vertex   -2.545313e+01 8.579622e+01 3.000000e+00
      vertex   -2.542499e+01 8.569953e+01 1.000000e+01
    endloop
  endfacet
  facet normal -9.596730e-01 -2.811188e-01 -2.532206e-05
    outer loop
      vertex   -2.542499e+01 8.569953e+01 1.000000e+01
      vertex   -2.545313e+01 8.579622e+01 3.000000e+00
      vertex   -2.542292e+01 8.569309e+01 3.000000e+00
    endloop
  endfacet
  facet normal -9.430921e-01 -3.325317e-01 2.688200e-05
    outer loop
      vertex   -2.542499e+01 8.569953e+01 1.000000e+01
      vertex   -2.542292e+01 8.569309e+01 3.000000e+00
      vertex   -2.537695e+01 8.556272e+01 3.000000e+00
    endloop
  endfacet
  facet normal -9.378129e-01 -3.471410e-01 3.486423e-04
    outer loop
      vertex   -2.542499e+01 8.569953e+01 1.000000e+01
      vertex   -2.537695e+01 8.556272e+01 3.000000e+00
      vertex   -2.534123e+01 8.547325e+01 1.000000e+01
    endloop
  endfacet
  facet normal -9.139701e-01 -4.057811e-01 -5.225398e-04
    outer loop
      vertex   -2.534123e+01 8.547325e+01 1.000000e+01
      vertex   -2.537695e+01 8.556272e+01 3.000000e+00
      vertex   -2.523261e+01 8.523760e+01 3.000000e+00
    endloop
  endfacet
  facet normal -9.057893e-01 -4.237283e-01 2.085788e-04
    outer loop
      vertex   -2.534123e+01 8.547325e+01 1.000000e+01
      vertex   -2.523261e+01 8.523760e+01 3.000000e+00
      vertex   -2.521077e+01 8.519438e+01 1.000000e+01
    endloop
  endfacet
  facet normal -8.705628e-01 -4.920571e-01 -3.232204e-04
    outer loop
      vertex   -2.521077e+01 8.519438e+01 1.000000e+01
      vertex   -2.523261e+01 8.523760e+01 3.000000e+00
      vertex   -2.501310e+01 8.484925e+01 3.000000e+00
    endloop
  endfacet
  facet normal -8.677496e-01 -4.970016e-01 0.000000e+00
    outer loop
      vertex   -2.521077e+01 8.519438e+01 1.000000e+01
      vertex   -2.501310e+01 8.484925e+01 3.000000e+00
      vertex   -2.501310e+01 8.484925e+01 1.000000e+01
    endloop
  endfacet
  facet normal -9.913971e-01 -1.308887e-01 0.000000e+00
    outer loop
      vertex   -2.547484e+01 8.589706e+01 3.000000e+00
      vertex   -2.547478e+01 8.589658e+01 3.000000e+00
      vertex   -2.547484e+01 8.589706e+01 1.000000e+01
    endloop
  endfacet
  facet normal -9.913971e-01 -1.308887e-01 0.000000e+00
    outer loop
      vertex   -2.547484e+01 8.589706e+01 1.000000e+01
      vertex   -2.547478e+01 8.589658e+01 3.000000e+00
      vertex   -2.547478e+01 8.589658e+01 1.000000e+01
    endloop
  endfacet
  facet normal 9.987910e-01 4.915825e-02 0.000000e+00
    outer loop
      vertex   -2.642362e+01 8.628918e+01 1.000000e+01
      vertex   -2.640034e+01 8.581609e+01 1.000000e+01
      vertex   -2.642362e+01 8.628918e+01 3.000000e+00
    endloop
  endfacet
  facet normal 9.987910e-01 4.915825e-02 0.000000e+00
    outer loop
      vertex   -2.642362e+01 8.628918e+01 3.000000e+00
      vertex   -2.640034e+01 8.581609e+01 1.000000e+01
      vertex   -2.640034e+01 8.581609e+01 3.000000e+00
    endloop
  endfacet
  facet normal -9.987910e-01 4.915825e-02 0.000000e+00
    outer loop
      vertex   -2.757638e+01 8.628918e+01 3.000000e+00
      vertex   -2.759966e+01 8.581609e+01 3.000000e+00
      vertex   -2.757638e+01 8.628918e+01 1.000000e+01
    endloop
  endfacet
  facet normal -9.987910e-01 4.915825e-02 0.000000e+00
    outer loop
      vertex   -2.757638e+01 8.628918e+01 1.000000e+01
      vertex   -2.759966e+01 8.581609e+01 3.000000e+00
      vertex   -2.759966e+01 8.581609e+01 1.000000e+01
    endloop
  endfacet
  facet normal 9.990641e-01 4.325413e-02 -0.000000e+00
    outer loop
      vertex   -2.640031e+01 8.581561e+01 3.000000e+00
      vertex   -2.640034e+01 8.581609e+01 3.000000e+00
      vertex   -2.640031e+01 8.581561e+01 1.000000e+01
    endloop
  endfacet
  facet normal 9.990641e-01 4.325413e-02 0.000000e+00
    outer loop
      vertex   -2.640031e+01 8.581561e+01 1.000000e+01
      vertex   -2.640034e+01 8.581609e+01 3.000000e+00
      vertex   -2.640034e+01 8.581609e+01 1.000000e+01
    endloop
  endfacet
  facet normal 9.357640e-01 -3.526268e-01 0.000000e+00
    outer loop
      vertex   -2.667311e+01 8.470402e+01 1.000000e+01
      vertex   -2.667311e+01 8.470402e+01 3.000000e+00
      vertex   -2.658290e+01 8.494339e+01 1.000000e+01
    endloop
  endfacet
  facet normal 9.427817e-01 -3.334100e-01 -7.475674e-04
    outer loop
      vertex   -2.658290e+01 8.494339e+01 1.000000e+01
      vertex   -2.667311e+01 8.470402e+01 3.000000e+00
      vertex   -2.652438e+01 8.512459e+01 3.000000e+00
    endloop
  endfacet
  facet normal 9.525285e-01 -3.044496e-01 8.356982e-05
    outer loop
      vertex   -2.658290e+01 8.494339e+01 1.000000e+01
      vertex   -2.652438e+01 8.512459e+01 3.000000e+00
      vertex   -2.651498e+01 8.515590e+01 1.000000e+01
    endloop
  endfacet
  facet normal 9.668998e-01 -2.551563e-01 -1.562308e-04
    outer loop
      vertex   -2.651498e+01 8.515590e+01 1.000000e+01
      vertex   -2.652438e+01 8.512459e+01 3.000000e+00
      vertex   -2.646622e+01 8.534069e+01 1.000000e+01
    endloop
  endfacet
  facet normal 9.705480e-01 -2.409071e-01 -6.264527e-04
    outer loop
      vertex   -2.646622e+01 8.534069e+01 1.000000e+01
      vertex   -2.652438e+01 8.512459e+01 3.000000e+00
      vertex   -2.643868e+01 8.546983e+01 3.000000e+00
    endloop
  endfacet
  facet normal 9.787495e-01 -2.050597e-01 6.711692e-05
    outer loop
      vertex   -2.646622e+01 8.534069e+01 1.000000e+01
      vertex   -2.643868e+01 8.546983e+01 3.000000e+00
      vertex   -2.643349e+01 8.549692e+01 1.000000e+01
    endloop
  endfacet
  facet normal 9.865079e-01 -1.637136e-01 -9.864875e-05
    outer loop
      vertex   -2.643349e+01 8.549692e+01 1.000000e+01
      vertex   -2.643868e+01 8.546983e+01 3.000000e+00
      vertex   -2.641605e+01 8.560620e+01 3.000000e+00
    endloop
  endfacet
  facet normal 9.880045e-01 -1.544251e-01 5.008999e-05
    outer loop
      vertex   -2.643349e+01 8.549692e+01 1.000000e+01
      vertex   -2.641605e+01 8.560620e+01 3.000000e+00
      vertex   -2.641367e+01 8.562372e+01 1.000000e+01
    endloop
  endfacet
  facet normal 9.939091e-01 -1.102025e-01 -6.258803e-05
    outer loop
      vertex   -2.641367e+01 8.562372e+01 1.000000e+01
      vertex   -2.641605e+01 8.560620e+01 3.000000e+00
      vertex   -2.640421e+01 8.571301e+01 3.000000e+00
    endloop
  endfacet
  facet normal 9.946447e-01 -1.033537e-01 2.576900e-05
    outer loop
      vertex   -2.641367e+01 8.562372e+01 1.000000e+01
      vertex   -2.640421e+01 8.571301e+01 3.000000e+00
      vertex   -2.640364e+01 8.572024e+01 1.000000e+01
    endloop
  endfacet
  facet normal 9.985217e-01 -5.435483e-02 -2.516738e-05
    outer loop
      vertex   -2.640364e+01 8.572024e+01 1.000000e+01
      vertex   -2.640421e+01 8.571301e+01 3.000000e+00
      vertex   -2.640028e+01 8.578506e+01 3.000000e+00
    endloop
  endfacet
  facet normal 9.986800e-01 -5.136356e-02 2.605533e-06
    outer loop
      vertex   -2.640364e+01 8.572024e+01 1.000000e+01
      vertex   -2.640028e+01 8.578506e+01 3.000000e+00
      vertex   -2.640027e+01 8.578563e+01 1.000000e+01
    endloop
  endfacet
  facet normal 9.999995e-01 9.695125e-04 -1.697084e-06
    outer loop
      vertex   -2.640027e+01 8.578563e+01 1.000000e+01
      vertex   -2.640028e+01 8.578506e+01 3.000000e+00
      vertex   -2.640031e+01 8.581561e+01 3.000000e+00
    endloop
  endfacet
  facet normal 9.999991e-01 1.365808e-03 0.000000e+00
    outer loop
      vertex   -2.640027e+01 8.578563e+01 1.000000e+01
      vertex   -2.640031e+01 8.581561e+01 3.000000e+00
      vertex   -2.640031e+01 8.581561e+01 1.000000e+01
    endloop
  endfacet
  facet normal -1.638649e-02 -9.998657e-01 -0.000000e+00
    outer loop
      vertex   -2.732689e+01 8.470402e+01 1.000000e+01
      vertex   -2.732689e+01 8.470402e+01 3.000000e+00
      vertex   -2.710897e+01 8.470045e+01 1.000000e+01
    endloop
  endfacet
  facet normal -1.638649e-02 -9.998657e-01 -0.000000e+00
    outer loop
      vertex   -2.710897e+01 8.470045e+01 1.000000e+01
      vertex   -2.732689e+01 8.470402e+01 3.000000e+00
      vertex   -2.710897e+01 8.470045e+01 3.000000e+00
    endloop
  endfacet
  facet normal 0.000000e+00 -1.000000e+00 0.000000e+00
    outer loop
      vertex   -2.710897e+01 8.470045e+01 1.000000e+01
      vertex   -2.710897e+01 8.470045e+01 3.000000e+00
      vertex   -2.689103e+01 8.470045e+01 1.000000e+01
    endloop
  endfacet
  facet normal 0.000000e+00 -1.000000e+00 -0.000000e+00
    outer loop
      vertex   -2.689103e+01 8.470045e+01 1.000000e+01
      vertex   -2.710897e+01 8.470045e+01 3.000000e+00
      vertex   -2.689103e+01 8.470045e+01 3.000000e+00
    endloop
  endfacet
  facet normal 1.638649e-02 -9.998657e-01 0.000000e+00
    outer loop
      vertex   -2.689103e+01 8.470045e+01 1.000000e+01
      vertex   -2.689103e+01 8.470045e+01 3.000000e+00
      vertex   -2.667311e+01 8.470402e+01 1.000000e+01
    endloop
  endfacet
  facet normal 1.638649e-02 -9.998657e-01 0.000000e+00
    outer loop
      vertex   -2.667311e+01 8.470402e+01 1.000000e+01
      vertex   -2.689103e+01 8.470045e+01 3.000000e+00
      vertex   -2.667311e+01 8.470402e+01 3.000000e+00
    endloop
  endfacet
  facet normal -9.999982e-01 1.897708e-03 0.000000e+00
    outer loop
      vertex   -2.759969e+01 8.581561e+01 1.000000e+01
      vertex   -2.759969e+01 8.581561e+01 3.000000e+00
      vertex   -2.759974e+01 8.578627e+01 1.000000e+01
    endloop
  endfacet
  facet normal -9.999995e-01 9.695125e-04 -3.890140e-06
    outer loop
      vertex   -2.759974e+01 8.578627e+01 1.000000e+01
      vertex   -2.759969e+01 8.581561e+01 3.000000e+00
      vertex   -2.759972e+01 8.578506e+01 3.000000e+00
    endloop
  endfacet
  facet normal -9.988565e-01 -4.780833e-02 4.575511e-06
    outer loop
      vertex   -2.759974e+01 8.578627e+01 1.000000e+01
      vertex   -2.759972e+01 8.578506e+01 3.000000e+00
      vertex   -2.759699e+01 8.572872e+01 1.000000e+01
    endloop
  endfacet
  facet normal -9.985217e-01 -5.435483e-02 -4.823867e-05
    outer loop
      vertex   -2.759699e+01 8.572872e+01 1.000000e+01
      vertex   -2.759972e+01 8.578506e+01 3.000000e+00
      vertex   -2.759579e+01 8.571301e+01 3.000000e+00
    endloop
  endfacet
  facet normal -9.945739e-01 -1.040326e-01 6.395160e-05
    outer loop
      vertex   -2.759699e+01 8.572872e+01 1.000000e+01
      vertex   -2.759579e+01 8.571301e+01 3.000000e+00
      vertex   -2.758487e+01 8.561290e+01 1.000000e+01
    endloop
  endfacet
  facet normal -9.939091e-01 -1.102026e-01 -2.532205e-05
    outer loop
      vertex   -2.758487e+01 8.561290e+01 1.000000e+01
      vertex   -2.759579e+01 8.571301e+01 3.000000e+00
      vertex   -2.758395e+01 8.560620e+01 3.000000e+00
    endloop
  endfacet
  facet normal -9.865079e-01 -1.637136e-01 2.688199e-05
    outer loop
      vertex   -2.758487e+01 8.561290e+01 1.000000e+01
      vertex   -2.758395e+01 8.560620e+01 3.000000e+00
      vertex   -2.756132e+01 8.546983e+01 3.000000e+00
    endloop
  endfacet
  facet normal -9.838458e-01 -1.790177e-01 3.486423e-04
    outer loop
      vertex   -2.758487e+01 8.561290e+01 1.000000e+01
      vertex   -2.756132e+01 8.546983e+01 3.000000e+00
      vertex   -2.754168e+01 8.537551e+01 1.000000e+01
    endloop
  endfacet
  facet normal -9.705480e-01 -2.409071e-01 -5.225398e-04
    outer loop
      vertex   -2.754168e+01 8.537551e+01 1.000000e+01
      vertex   -2.756132e+01 8.546983e+01 3.000000e+00
      vertex   -2.747562e+01 8.512459e+01 3.000000e+00
    endloop
  endfacet
  facet normal -9.656080e-01 -2.600022e-01 2.085788e-04
    outer loop
      vertex   -2.754168e+01 8.537551e+01 1.000000e+01
      vertex   -2.747562e+01 8.512459e+01 3.000000e+00
      vertex   -2.746163e+01 8.507823e+01 1.000000e+01
    endloop
  endfacet
  facet normal -9.427819e-01 -3.334100e-01 -3.232204e-04
    outer loop
      vertex   -2.746163e+01 8.507823e+01 1.000000e+01
      vertex   -2.747562e+01 8.512459e+01 3.000000e+00
      vertex   -2.732689e+01 8.470402e+01 3.000000e+00
    endloop
  endfacet
  facet normal -9.408700e-01 -3.387679e-01 0.000000e+00
    outer loop
      vertex   -2.746163e+01 8.507823e+01 1.000000e+01
      vertex   -2.732689e+01 8.470402e+01 3.000000e+00
      vertex   -2.732689e+01 8.470402e+01 1.000000e+01
    endloop
  endfacet
  facet normal -9.990641e-01 4.325413e-02 0.000000e+00
    outer loop
      vertex   -2.759966e+01 8.581609e+01 3.000000e+00
      vertex   -2.759969e+01 8.581561e+01 3.000000e+00
      vertex   -2.759966e+01 8.581609e+01 1.000000e+01
    endloop
  endfacet
  facet normal -9.990641e-01 4.325413e-02 0.000000e+00
    outer loop
      vertex   -2.759966e+01 8.581609e+01 1.000000e+01
      vertex   -2.759969e+01 8.581561e+01 3.000000e+00
      vertex   -2.759969e+01 8.581561e+01 1.000000e+01
    endloop
  endfacet
  facet normal 1.124206e-01 -9.936607e-01 0.000000e+00
    outer loop
      vertex   -2.553406e+01 8.636700e+01 3.000000e+00
      vertex   -2.553406e+01 8.636700e+01 1.000000e+01
      vertex   -2.582989e+01 8.633353e+01 3.000000e+00
    endloop
  endfacet
  facet normal 1.124206e-01 -9.936607e-01 0.000000e+00
    outer loop
      vertex   -2.582989e+01 8.633353e+01 3.000000e+00
      vertex   -2.553406e+01 8.636700e+01 1.000000e+01
      vertex   -2.582989e+01 8.633353e+01 1.000000e+01
    endloop
  endfacet
  facet normal 8.715574e-02 -9.961947e-01 0.000000e+00
    outer loop
      vertex   -2.582989e+01 8.633353e+01 3.000000e+00
      vertex   -2.582989e+01 8.633353e+01 1.000000e+01
      vertex   -2.612647e+01 8.630758e+01 3.000000e+00
    endloop
  endfacet
  facet normal 8.715574e-02 -9.961947e-01 0.000000e+00
    outer loop
      vertex   -2.612647e+01 8.630758e+01 3.000000e+00
      vertex   -2.582989e+01 8.633353e+01 1.000000e+01
      vertex   -2.612647e+01 8.630758e+01 1.000000e+01
    endloop
  endfacet
  facet normal 6.183473e-02 -9.980864e-01 0.000000e+00
    outer loop
      vertex   -2.612647e+01 8.630758e+01 3.000000e+00
      vertex   -2.612647e+01 8.630758e+01 1.000000e+01
      vertex   -2.642362e+01 8.628918e+01 3.000000e+00
    endloop
  endfacet
  facet normal 6.183473e-02 -9.980864e-01 0.000000e+00
    outer loop
      vertex   -2.642362e+01 8.628918e+01 3.000000e+00
      vertex   -2.612647e+01 8.630758e+01 1.000000e+01
      vertex   -2.642362e+01 8.628918e+01 1.000000e+01
    endloop
  endfacet
  facet normal -9.941380e-01 1.081190e-01 0.000000e+00
    outer loop
      vertex   -2.543741e+01 9.765605e+01 -4.732000e+00
      vertex   -2.543741e+01 9.765605e+01 2.634000e+00
      vertex   -2.540000e+01 9.800000e+01 -4.732000e+00
    endloop
  endfacet
  facet normal -9.941380e-01 1.081190e-01 0.000000e+00
    outer loop
      vertex   -2.540000e+01 9.800000e+01 -4.732000e+00
      vertex   -2.543741e+01 9.765605e+01 2.634000e+00
      vertex   -2.540000e+01 9.800000e+01 2.634000e+00
    endloop
  endfacet
  facet normal -9.941380e-01 -1.081190e-01 0.000000e+00
    outer loop
      vertex   -2.540000e+01 9.800000e+01 -4.732000e+00
      vertex   -2.540000e+01 9.800000e+01 2.634000e+00
      vertex   -2.543741e+01 9.834395e+01 -4.732000e+00
    endloop
  endfacet
  facet normal -9.941380e-01 -1.081190e-01 4.794851e-16
    outer loop
      vertex   -2.543741e+01 9.834395e+01 -4.732000e+00
      vertex   -2.540000e+01 9.800000e+01 2.634000e+00
      vertex   -2.543741e+01 9.834395e+01 2.634000e+00
    endloop
  endfacet
  facet normal -9.476532e-01 -3.193015e-01 4.570649e-16
    outer loop
      vertex   -2.543741e+01 9.834395e+01 -4.732000e+00
      vertex   -2.543741e+01 9.834395e+01 2.634000e+00
      vertex   -2.554788e+01 9.867182e+01 -4.732000e+00
    endloop
  endfacet
  facet normal -9.476532e-01 -3.193015e-01 9.141299e-16
    outer loop
      vertex   -2.554788e+01 9.867182e+01 -4.732000e+00
      vertex   -2.543741e+01 9.834395e+01 2.634000e+00
      vertex   -2.554788e+01 9.867182e+01 2.634000e+00
    endloop
  endfacet
  facet normal -8.568572e-01 -5.155539e-01 8.265458e-16
    outer loop
      vertex   -2.554788e+01 9.867182e+01 -4.732000e+00
      vertex   -2.554788e+01 9.867182e+01 2.634000e+00
      vertex   -2.572625e+01 9.896828e+01 -4.732000e+00
    endloop
  endfacet
  facet normal -8.568572e-01 -5.155539e-01 0.000000e+00
    outer loop
      vertex   -2.572625e+01 9.896828e+01 -4.732000e+00
      vertex   -2.554788e+01 9.867182e+01 2.634000e+00
      vertex   -2.572625e+01 9.896828e+01 2.634000e+00
    endloop
  endfacet
  facet normal -7.259955e-01 -6.876995e-01 0.000000e+00
    outer loop
      vertex   -2.572625e+01 9.896828e+01 -4.732000e+00
      vertex   -2.572625e+01 9.896828e+01 2.634000e+00
      vertex   -2.596418e+01 9.921946e+01 -4.732000e+00
    endloop
  endfacet
  facet normal -7.259955e-01 -6.876995e-01 7.003134e-16
    outer loop
      vertex   -2.596418e+01 9.921946e+01 -4.732000e+00
      vertex   -2.572625e+01 9.896828e+01 2.634000e+00
      vertex   -2.596418e+01 9.921946e+01 2.634000e+00
    endloop
  endfacet
  facet normal -5.611871e-01 -8.276890e-01 5.413350e-16
    outer loop
      vertex   -2.596418e+01 9.921946e+01 -4.732000e+00
      vertex   -2.596418e+01 9.921946e+01 2.634000e+00
      vertex   -2.625055e+01 9.941362e+01 -4.732000e+00
    endloop
  endfacet
  facet normal -5.611871e-01 -8.276890e-01 2.706675e-16
    outer loop
      vertex   -2.625055e+01 9.941362e+01 -4.732000e+00
      vertex   -2.596418e+01 9.921946e+01 2.634000e+00
      vertex   -2.625055e+01 9.941362e+01 2.634000e+00
    endloop
  endfacet
  facet normal -3.701382e-01 -9.289767e-01 1.785222e-16
    outer loop
      vertex   -2.625055e+01 9.941362e+01 -4.732000e+00
      vertex   -2.625055e+01 9.941362e+01 2.634000e+00
      vertex   -2.657195e+01 9.954168e+01 -4.732000e+00
    endloop
  endfacet
  facet normal -3.701382e-01 -9.289767e-01 -1.970750e-15
    outer loop
      vertex   -2.657195e+01 9.954168e+01 -4.732000e+00
      vertex   -2.625055e+01 9.941362e+01 2.634000e+00
      vertex   -2.657195e+01 9.954168e+01 2.634000e+00
    endloop
  endfacet
  facet normal -1.617820e-01 -9.868265e-01 -1.981864e-15
    outer loop
      vertex   -2.657195e+01 9.954168e+01 -4.732000e+00
      vertex   -2.657195e+01 9.954168e+01 2.634000e+00
      vertex   -2.691338e+01 9.959765e+01 -4.732000e+00
    endloop
  endfacet
  facet normal -1.617820e-01 -9.868265e-01 0.000000e+00
    outer loop
      vertex   -2.691338e+01 9.959765e+01 -4.732000e+00
      vertex   -2.657195e+01 9.954168e+01 2.634000e+00
      vertex   -2.691338e+01 9.959765e+01 2.634000e+00
    endloop
  endfacet
  facet normal 5.413891e-02 -9.985334e-01 0.000000e+00
    outer loop
      vertex   -2.691338e+01 9.959765e+01 -4.732000e+00
      vertex   -2.691338e+01 9.959765e+01 2.634000e+00
      vertex   -2.725885e+01 9.957892e+01 -4.732000e+00
    endloop
  endfacet
  facet normal 5.413891e-02 -9.985334e-01 2.611187e-17
    outer loop
      vertex   -2.725885e+01 9.957892e+01 -4.732000e+00
      vertex   -2.691338e+01 9.959765e+01 2.634000e+00
      vertex   -2.725885e+01 9.957892e+01 2.634000e+00
    endloop
  endfacet
  facet normal 2.675283e-01 -9.635500e-01 1.290323e-16
    outer loop
      vertex   -2.725885e+01 9.957892e+01 -4.732000e+00
      vertex   -2.725885e+01 9.957892e+01 2.634000e+00
      vertex   -2.759222e+01 9.948636e+01 -4.732000e+00
    endloop
  endfacet
  facet normal 2.675283e-01 -9.635500e-01 1.290323e-16
    outer loop
      vertex   -2.759222e+01 9.948636e+01 -4.732000e+00
      vertex   -2.725885e+01 9.957892e+01 2.634000e+00
      vertex   -2.759222e+01 9.948636e+01 2.634000e+00
    endloop
  endfacet
  facet normal 4.684084e-01 -8.835120e-01 2.259192e-16
    outer loop
      vertex   -2.759222e+01 9.948636e+01 -4.732000e+00
      vertex   -2.759222e+01 9.948636e+01 2.634000e+00
      vertex   -2.789790e+01 9.932430e+01 -4.732000e+00
    endloop
  endfacet
  facet normal 4.684084e-01 -8.835120e-01 1.930435e-15
    outer loop
      vertex   -2.789790e+01 9.932430e+01 -4.732000e+00
      vertex   -2.759222e+01 9.948636e+01 2.634000e+00
      vertex   -2.789790e+01 9.932430e+01 2.634000e+00
    endloop
  endfacet
  facet normal 6.473863e-01 -7.621621e-01 1.782644e-15
    outer loop
      vertex   -2.789790e+01 9.932430e+01 -4.732000e+00
      vertex   -2.789790e+01 9.932430e+01 2.634000e+00
      vertex   -2.816159e+01 9.910032e+01 -4.732000e+00
    endloop
  endfacet
  facet normal 6.473863e-01 -7.621621e-01 6.244850e-16
    outer loop
      vertex   -2.816159e+01 9.910032e+01 -4.732000e+00
      vertex   -2.789790e+01 9.932430e+01 2.634000e+00
      vertex   -2.816159e+01 9.910032e+01 2.634000e+00
    endloop
  endfacet
  facet normal 7.960931e-01 -6.051742e-01 7.679312e-16
    outer loop
      vertex   -2.816159e+01 9.910032e+01 -4.732000e+00
      vertex   -2.816159e+01 9.910032e+01 2.634000e+00
      vertex   -2.837097e+01 9.882489e+01 -4.732000e+00
    endloop
  endfacet
  facet normal 7.960931e-01 -6.051742e-01 3.839656e-16
    outer loop
      vertex   -2.837097e+01 9.882489e+01 -4.732000e+00
      vertex   -2.816159e+01 9.910032e+01 2.634000e+00
      vertex   -2.837097e+01 9.882489e+01 2.634000e+00
    endloop
  endfacet
  facet normal 9.075754e-01 -4.198891e-01 4.377349e-16
    outer loop
      vertex   -2.837097e+01 9.882489e+01 -4.732000e+00
      vertex   -2.837097e+01 9.882489e+01 2.634000e+00
      vertex   -2.851625e+01 9.851088e+01 -4.732000e+00
    endloop
  endfacet
  facet normal 9.075754e-01 -4.198891e-01 0.000000e+00
    outer loop
      vertex   -2.851625e+01 9.851088e+01 -4.732000e+00
      vertex   -2.837097e+01 9.882489e+01 2.634000e+00
      vertex   -2.851625e+01 9.851088e+01 2.634000e+00
    endloop
  endfacet
  facet normal 9.766206e-01 -2.149704e-01 0.000000e+00
    outer loop
      vertex   -2.851625e+01 9.851088e+01 -4.732000e+00
      vertex   -2.851625e+01 9.851088e+01 2.634000e+00
      vertex   -2.859062e+01 9.817299e+01 -4.732000e+00
    endloop
  endfacet
  facet normal 9.766206e-01 -2.149704e-01 0.000000e+00
    outer loop
      vertex   -2.859062e+01 9.817299e+01 -4.732000e+00
      vertex   -2.851625e+01 9.851088e+01 2.634000e+00
      vertex   -2.859062e+01 9.817299e+01 2.634000e+00
    endloop
  endfacet
  facet normal 1.000000e+00 -2.876214e-11 0.000000e+00
    outer loop
      vertex   -2.859062e+01 9.817299e+01 -4.732000e+00
      vertex   -2.859062e+01 9.817299e+01 2.634000e+00
      vertex   -2.859062e+01 9.782701e+01 -4.732000e+00
    endloop
  endfacet
  facet normal 1.000000e+00 -2.876214e-11 0.000000e+00
    outer loop
      vertex   -2.859062e+01 9.782701e+01 -4.732000e+00
      vertex   -2.859062e+01 9.817299e+01 2.634000e+00
      vertex   -2.859062e+01 9.782701e+01 2.634000e+00
    endloop
  endfacet
  facet normal 9.766206e-01 2.149704e-01 -0.000000e+00
    outer loop
      vertex   -2.859062e+01 9.782701e+01 -4.732000e+00
      vertex   -2.859062e+01 9.782701e+01 2.634000e+00
      vertex   -2.851625e+01 9.748912e+01 -4.732000e+00
    endloop
  endfacet
  facet normal 9.766206e-01 2.149704e-01 -0.000000e+00
    outer loop
      vertex   -2.851625e+01 9.748912e+01 -4.732000e+00
      vertex   -2.859062e+01 9.782701e+01 2.634000e+00
      vertex   -2.851625e+01 9.748912e+01 2.634000e+00
    endloop
  endfacet
  facet normal 9.075754e-01 4.198891e-01 -0.000000e+00
    outer loop
      vertex   -2.851625e+01 9.748912e+01 -4.732000e+00
      vertex   -2.851625e+01 9.748912e+01 2.634000e+00
      vertex   -2.837097e+01 9.717511e+01 -4.732000e+00
    endloop
  endfacet
  facet normal 9.075754e-01 4.198891e-01 -8.754699e-16
    outer loop
      vertex   -2.837097e+01 9.717511e+01 -4.732000e+00
      vertex   -2.851625e+01 9.748912e+01 2.634000e+00
      vertex   -2.837097e+01 9.717511e+01 2.634000e+00
    endloop
  endfacet
  facet normal 7.960931e-01 6.051742e-01 -7.679312e-16
    outer loop
      vertex   -2.837097e+01 9.717511e+01 -4.732000e+00
      vertex   -2.837097e+01 9.717511e+01 2.634000e+00
      vertex   -2.816159e+01 9.689968e+01 -4.732000e+00
    endloop
  endfacet
  facet normal 7.960931e-01 6.051742e-01 -7.679312e-16
    outer loop
      vertex   -2.816159e+01 9.689968e+01 -4.732000e+00
      vertex   -2.837097e+01 9.717511e+01 2.634000e+00
      vertex   -2.816159e+01 9.689968e+01 2.634000e+00
    endloop
  endfacet
  facet normal 6.473863e-01 7.621621e-01 -6.244850e-16
    outer loop
      vertex   -2.816159e+01 9.689968e+01 -4.732000e+00
      vertex   -2.816159e+01 9.689968e+01 2.634000e+00
      vertex   -2.789790e+01 9.667570e+01 -4.732000e+00
    endloop
  endfacet
  facet normal 6.473863e-01 7.621621e-01 -6.244850e-16
    outer loop
      vertex   -2.789790e+01 9.667570e+01 -4.732000e+00
      vertex   -2.816159e+01 9.689968e+01 2.634000e+00
      vertex   -2.789790e+01 9.667570e+01 2.634000e+00
    endloop
  endfacet
  facet normal 4.684084e-01 8.835120e-01 -4.518385e-16
    outer loop
      vertex   -2.789790e+01 9.667570e+01 -4.732000e+00
      vertex   -2.789790e+01 9.667570e+01 2.634000e+00
      vertex   -2.759222e+01 9.651364e+01 -4.732000e+00
    endloop
  endfacet
  facet normal 4.684084e-01 8.835120e-01 -1.930435e-15
    outer loop
      vertex   -2.759222e+01 9.651364e+01 -4.732000e+00
      vertex   -2.789790e+01 9.667570e+01 2.634000e+00
      vertex   -2.759222e+01 9.651364e+01 2.634000e+00
    endloop
  endfacet
  facet normal 2.675283e-01 9.635500e-01 -1.987961e-15
    outer loop
      vertex   -2.759222e+01 9.651364e+01 -4.732000e+00
      vertex   -2.759222e+01 9.651364e+01 2.634000e+00
      vertex   -2.725885e+01 9.642108e+01 -4.732000e+00
    endloop
  endfacet
  facet normal 2.675283e-01 9.635500e-01 -0.000000e+00
    outer loop
      vertex   -2.725885e+01 9.642108e+01 -4.732000e+00
      vertex   -2.759222e+01 9.651364e+01 2.634000e+00
      vertex   -2.725885e+01 9.642108e+01 2.634000e+00
    endloop
  endfacet
  facet normal 5.413891e-02 9.985334e-01 -0.000000e+00
    outer loop
      vertex   -2.725885e+01 9.642108e+01 -4.732000e+00
      vertex   -2.725885e+01 9.642108e+01 2.634000e+00
      vertex   -2.691338e+01 9.640235e+01 -4.732000e+00
    endloop
  endfacet
  facet normal 5.413891e-02 9.985334e-01 1.926420e-15
    outer loop
      vertex   -2.691338e+01 9.640235e+01 -4.732000e+00
      vertex   -2.725885e+01 9.642108e+01 2.634000e+00
      vertex   -2.691338e+01 9.640235e+01 2.634000e+00
    endloop
  endfacet
  facet normal -1.617820e-01 9.868265e-01 1.903835e-15
    outer loop
      vertex   -2.691338e+01 9.640235e+01 -4.732000e+00
      vertex   -2.691338e+01 9.640235e+01 2.634000e+00
      vertex   -2.657195e+01 9.645832e+01 -4.732000e+00
    endloop
  endfacet
  facet normal -1.617820e-01 9.868265e-01 3.885699e-15
    outer loop
      vertex   -2.657195e+01 9.645832e+01 -4.732000e+00
      vertex   -2.691338e+01 9.640235e+01 2.634000e+00
      vertex   -2.657195e+01 9.645832e+01 2.634000e+00
    endloop
  endfacet
  facet normal -3.701382e-01 9.289767e-01 3.762979e-15
    outer loop
      vertex   -2.657195e+01 9.645832e+01 -4.732000e+00
      vertex   -2.657195e+01 9.645832e+01 2.634000e+00
      vertex   -2.625055e+01 9.658638e+01 -4.732000e+00
    endloop
  endfacet
  facet normal -3.701382e-01 9.289767e-01 0.000000e+00
    outer loop
      vertex   -2.625055e+01 9.658638e+01 -4.732000e+00
      vertex   -2.657195e+01 9.645832e+01 2.634000e+00
      vertex   -2.625055e+01 9.658638e+01 2.634000e+00
    endloop
  endfacet
  facet normal -5.611871e-01 8.276890e-01 0.000000e+00
    outer loop
      vertex   -2.625055e+01 9.658638e+01 -4.732000e+00
      vertex   -2.625055e+01 9.658638e+01 2.634000e+00
      vertex   -2.596418e+01 9.678054e+01 -4.732000e+00
    endloop
  endfacet
  facet normal -5.611871e-01 8.276890e-01 -2.706675e-16
    outer loop
      vertex   -2.596418e+01 9.678054e+01 -4.732000e+00
      vertex   -2.625055e+01 9.658638e+01 2.634000e+00
      vertex   -2.596418e+01 9.678054e+01 2.634000e+00
    endloop
  endfacet
  facet normal -7.259955e-01 6.876995e-01 -3.501567e-16
    outer loop
      vertex   -2.596418e+01 9.678054e+01 -4.732000e+00
      vertex   -2.596418e+01 9.678054e+01 2.634000e+00
      vertex   -2.572625e+01 9.703172e+01 -4.732000e+00
    endloop
  endfacet
  facet normal -7.259955e-01 6.876995e-01 0.000000e+00
    outer loop
      vertex   -2.572625e+01 9.703172e+01 -4.732000e+00
      vertex   -2.596418e+01 9.678054e+01 2.634000e+00
      vertex   -2.572625e+01 9.703172e+01 2.634000e+00
    endloop
  endfacet
  facet normal -8.568572e-01 5.155539e-01 0.000000e+00
    outer loop
      vertex   -2.572625e+01 9.703172e+01 -4.732000e+00
      vertex   -2.572625e+01 9.703172e+01 2.634000e+00
      vertex   -2.554788e+01 9.732818e+01 -4.732000e+00
    endloop
  endfacet
  facet normal -8.568572e-01 5.155539e-01 4.132729e-16
    outer loop
      vertex   -2.554788e+01 9.732818e+01 -4.732000e+00
      vertex   -2.572625e+01 9.703172e+01 2.634000e+00
      vertex   -2.554788e+01 9.732818e+01 2.634000e+00
    endloop
  endfacet
  facet normal -9.476532e-01 3.193015e-01 4.570649e-16
    outer loop
      vertex   -2.554788e+01 9.732818e+01 -4.732000e+00
      vertex   -2.554788e+01 9.732818e+01 2.634000e+00
      vertex   -2.543741e+01 9.765605e+01 -4.732000e+00
    endloop
  endfacet
  facet normal -9.476532e-01 3.193015e-01 0.000000e+00
    outer loop
      vertex   -2.543741e+01 9.765605e+01 -4.732000e+00
      vertex   -2.554788e+01 9.732818e+01 2.634000e+00
      vertex   -2.543741e+01 9.765605e+01 2.634000e+00
    endloop
  endfacet
  facet normal -9.941380e-01 -1.081190e-01 -4.794851e-16
    outer loop
      vertex   -2.543741e+01 9.834395e+01 1.000000e+01
      vertex   -2.543741e+01 9.834395e+01 2.634000e+00
      vertex   -2.540000e+01 9.800000e+01 1.000000e+01
    endloop
  endfacet
  facet normal -9.941380e-01 -1.081190e-01 -0.000000e+00
    outer loop
      vertex   -2.540000e+01 9.800000e+01 1.000000e+01
      vertex   -2.543741e+01 9.834395e+01 2.634000e+00
      vertex   -2.540000e+01 9.800000e+01 2.634000e+00
    endloop
  endfacet
  facet normal -9.941380e-01 1.081190e-01 0.000000e+00
    outer loop
      vertex   -2.540000e+01 9.800000e+01 1.000000e+01
      vertex   -2.540000e+01 9.800000e+01 2.634000e+00
      vertex   -2.543741e+01 9.765605e+01 1.000000e+01
    endloop
  endfacet
  facet normal -9.941380e-01 1.081190e-01 0.000000e+00
    outer loop
      vertex   -2.543741e+01 9.765605e+01 1.000000e+01
      vertex   -2.540000e+01 9.800000e+01 2.634000e+00
      vertex   -2.543741e+01 9.765605e+01 2.634000e+00
    endloop
  endfacet
  facet normal -9.476532e-01 3.193015e-01 0.000000e+00
    outer loop
      vertex   -2.543741e+01 9.765605e+01 1.000000e+01
      vertex   -2.543741e+01 9.765605e+01 2.634000e+00
      vertex   -2.554788e+01 9.732818e+01 1.000000e+01
    endloop
  endfacet
  facet normal -9.476532e-01 3.193015e-01 0.000000e+00
    outer loop
      vertex   -2.554788e+01 9.732818e+01 1.000000e+01
      vertex   -2.543741e+01 9.765605e+01 2.634000e+00
      vertex   -2.554788e+01 9.732818e+01 2.634000e+00
    endloop
  endfacet
  facet normal -8.568572e-01 5.155539e-01 0.000000e+00
    outer loop
      vertex   -2.554788e+01 9.732818e+01 1.000000e+01
      vertex   -2.554788e+01 9.732818e+01 2.634000e+00
      vertex   -2.572625e+01 9.703172e+01 1.000000e+01
    endloop
  endfacet
  facet normal -8.568572e-01 5.155539e-01 0.000000e+00
    outer loop
      vertex   -2.572625e+01 9.703172e+01 1.000000e+01
      vertex   -2.554788e+01 9.732818e+01 2.634000e+00
      vertex   -2.572625e+01 9.703172e+01 2.634000e+00
    endloop
  endfacet
  facet normal -7.259955e-01 6.876995e-01 0.000000e+00
    outer loop
      vertex   -2.572625e+01 9.703172e+01 1.000000e+01
      vertex   -2.572625e+01 9.703172e+01 2.634000e+00
      vertex   -2.596418e+01 9.678054e+01 1.000000e+01
    endloop
  endfacet
  facet normal -7.259955e-01 6.876995e-01 3.501567e-16
    outer loop
      vertex   -2.596418e+01 9.678054e+01 1.000000e+01
      vertex   -2.572625e+01 9.703172e+01 2.634000e+00
      vertex   -2.596418e+01 9.678054e+01 2.634000e+00
    endloop
  endfacet
  facet normal -5.611871e-01 8.276890e-01 2.706675e-16
    outer loop
      vertex   -2.596418e+01 9.678054e+01 1.000000e+01
      vertex   -2.596418e+01 9.678054e+01 2.634000e+00
      vertex   -2.625055e+01 9.658638e+01 1.000000e+01
    endloop
  endfacet
  facet normal -5.611871e-01 8.276890e-01 0.000000e+00
    outer loop
      vertex   -2.625055e+01 9.658638e+01 1.000000e+01
      vertex   -2.596418e+01 9.678054e+01 2.634000e+00
      vertex   -2.625055e+01 9.658638e+01 2.634000e+00
    endloop
  endfacet
  facet normal -3.701382e-01 9.289767e-01 0.000000e+00
    outer loop
      vertex   -2.625055e+01 9.658638e+01 1.000000e+01
      vertex   -2.625055e+01 9.658638e+01 2.634000e+00
      vertex   -2.657195e+01 9.645832e+01 1.000000e+01
    endloop
  endfacet
  facet normal -3.701382e-01 9.289767e-01 -3.584456e-15
    outer loop
      vertex   -2.657195e+01 9.645832e+01 1.000000e+01
      vertex   -2.625055e+01 9.658638e+01 2.634000e+00
      vertex   -2.657195e+01 9.645832e+01 2.634000e+00
    endloop
  endfacet
  facet normal -1.617820e-01 9.868265e-01 -3.807670e-15
    outer loop
      vertex   -2.657195e+01 9.645832e+01 1.000000e+01
      vertex   -2.657195e+01 9.645832e+01 2.634000e+00
      vertex   -2.691338e+01 9.640235e+01 1.000000e+01
    endloop
  endfacet
  facet normal -1.617820e-01 9.868265e-01 -1.903835e-15
    outer loop
      vertex   -2.691338e+01 9.640235e+01 1.000000e+01
      vertex   -2.657195e+01 9.645832e+01 2.634000e+00
      vertex   -2.691338e+01 9.640235e+01 2.634000e+00
    endloop
  endfacet
  facet normal 5.413891e-02 9.985334e-01 -1.926420e-15
    outer loop
      vertex   -2.691338e+01 9.640235e+01 1.000000e+01
      vertex   -2.691338e+01 9.640235e+01 2.634000e+00
      vertex   -2.725885e+01 9.642108e+01 1.000000e+01
    endloop
  endfacet
  facet normal 5.413891e-02 9.985334e-01 0.000000e+00
    outer loop
      vertex   -2.725885e+01 9.642108e+01 1.000000e+01
      vertex   -2.691338e+01 9.640235e+01 2.634000e+00
      vertex   -2.725885e+01 9.642108e+01 2.634000e+00
    endloop
  endfacet
  facet normal 2.675283e-01 9.635500e-01 0.000000e+00
    outer loop
      vertex   -2.725885e+01 9.642108e+01 1.000000e+01
      vertex   -2.725885e+01 9.642108e+01 2.634000e+00
      vertex   -2.759222e+01 9.651364e+01 1.000000e+01
    endloop
  endfacet
  facet normal 2.675283e-01 9.635500e-01 1.987961e-15
    outer loop
      vertex   -2.759222e+01 9.651364e+01 1.000000e+01
      vertex   -2.725885e+01 9.642108e+01 2.634000e+00
      vertex   -2.759222e+01 9.651364e+01 2.634000e+00
    endloop
  endfacet
  facet normal 4.684084e-01 8.835120e-01 1.930435e-15
    outer loop
      vertex   -2.759222e+01 9.651364e+01 1.000000e+01
      vertex   -2.759222e+01 9.651364e+01 2.634000e+00
      vertex   -2.789790e+01 9.667570e+01 1.000000e+01
    endloop
  endfacet
  facet normal 4.684084e-01 8.835120e-01 4.518385e-16
    outer loop
      vertex   -2.789790e+01 9.667570e+01 1.000000e+01
      vertex   -2.759222e+01 9.651364e+01 2.634000e+00
      vertex   -2.789790e+01 9.667570e+01 2.634000e+00
    endloop
  endfacet
  facet normal 6.473863e-01 7.621621e-01 6.244850e-16
    outer loop
      vertex   -2.789790e+01 9.667570e+01 1.000000e+01
      vertex   -2.789790e+01 9.667570e+01 2.634000e+00
      vertex   -2.816159e+01 9.689968e+01 1.000000e+01
    endloop
  endfacet
  facet normal 6.473863e-01 7.621621e-01 6.244850e-16
    outer loop
      vertex   -2.816159e+01 9.689968e+01 1.000000e+01
      vertex   -2.789790e+01 9.667570e+01 2.634000e+00
      vertex   -2.816159e+01 9.689968e+01 2.634000e+00
    endloop
  endfacet
  facet normal 7.960931e-01 6.051742e-01 7.679312e-16
    outer loop
      vertex   -2.816159e+01 9.689968e+01 1.000000e+01
      vertex   -2.816159e+01 9.689968e+01 2.634000e+00
      vertex   -2.837097e+01 9.717511e+01 1.000000e+01
    endloop
  endfacet
  facet normal 7.960931e-01 6.051742e-01 7.679312e-16
    outer loop
      vertex   -2.837097e+01 9.717511e+01 1.000000e+01
      vertex   -2.816159e+01 9.689968e+01 2.634000e+00
      vertex   -2.837097e+01 9.717511e+01 2.634000e+00
    endloop
  endfacet
  facet normal 9.075754e-01 4.198891e-01 8.754699e-16
    outer loop
      vertex   -2.837097e+01 9.717511e+01 1.000000e+01
      vertex   -2.837097e+01 9.717511e+01 2.634000e+00
      vertex   -2.851625e+01 9.748912e+01 1.000000e+01
    endloop
  endfacet
  facet normal 9.075754e-01 4.198891e-01 0.000000e+00
    outer loop
      vertex   -2.851625e+01 9.748912e+01 1.000000e+01
      vertex   -2.837097e+01 9.717511e+01 2.634000e+00
      vertex   -2.851625e+01 9.748912e+01 2.634000e+00
    endloop
  endfacet
  facet normal 9.766206e-01 2.149704e-01 0.000000e+00
    outer loop
      vertex   -2.851625e+01 9.748912e+01 1.000000e+01
      vertex   -2.851625e+01 9.748912e+01 2.634000e+00
      vertex   -2.859062e+01 9.782701e+01 1.000000e+01
    endloop
  endfacet
  facet normal 9.766206e-01 2.149704e-01 0.000000e+00
    outer loop
      vertex   -2.859062e+01 9.782701e+01 1.000000e+01
      vertex   -2.851625e+01 9.748912e+01 2.634000e+00
      vertex   -2.859062e+01 9.782701e+01 2.634000e+00
    endloop
  endfacet
  facet normal 1.000000e+00 -2.876214e-11 0.000000e+00
    outer loop
      vertex   -2.859062e+01 9.782701e+01 1.000000e+01
      vertex   -2.859062e+01 9.782701e+01 2.634000e+00
      vertex   -2.859062e+01 9.817299e+01 1.000000e+01
    endloop
  endfacet
  facet normal 1.000000e+00 -2.876214e-11 0.000000e+00
    outer loop
      vertex   -2.859062e+01 9.817299e+01 1.000000e+01
      vertex   -2.859062e+01 9.782701e+01 2.634000e+00
      vertex   -2.859062e+01 9.817299e+01 2.634000e+00
    endloop
  endfacet
  facet normal 9.766206e-01 -2.149704e-01 0.000000e+00
    outer loop
      vertex   -2.859062e+01 9.817299e+01 1.000000e+01
      vertex   -2.859062e+01 9.817299e+01 2.634000e+00
      vertex   -2.851625e+01 9.851088e+01 1.000000e+01
    endloop
  endfacet
  facet normal 9.766206e-01 -2.149704e-01 0.000000e+00
    outer loop
      vertex   -2.851625e+01 9.851088e+01 1.000000e+01
      vertex   -2.859062e+01 9.817299e+01 2.634000e+00
      vertex   -2.851625e+01 9.851088e+01 2.634000e+00
    endloop
  endfacet
  facet normal 9.075754e-01 -4.198891e-01 0.000000e+00
    outer loop
      vertex   -2.851625e+01 9.851088e+01 1.000000e+01
      vertex   -2.851625e+01 9.851088e+01 2.634000e+00
      vertex   -2.837097e+01 9.882489e+01 1.000000e+01
    endloop
  endfacet
  facet normal 9.075754e-01 -4.198891e-01 -4.377349e-16
    outer loop
      vertex   -2.837097e+01 9.882489e+01 1.000000e+01
      vertex   -2.851625e+01 9.851088e+01 2.634000e+00
      vertex   -2.837097e+01 9.882489e+01 2.634000e+00
    endloop
  endfacet
  facet normal 7.960931e-01 -6.051742e-01 -3.839656e-16
    outer loop
      vertex   -2.837097e+01 9.882489e+01 1.000000e+01
      vertex   -2.837097e+01 9.882489e+01 2.634000e+00
      vertex   -2.816159e+01 9.910032e+01 1.000000e+01
    endloop
  endfacet
  facet normal 7.960931e-01 -6.051742e-01 -7.679312e-16
    outer loop
      vertex   -2.816159e+01 9.910032e+01 1.000000e+01
      vertex   -2.837097e+01 9.882489e+01 2.634000e+00
      vertex   -2.816159e+01 9.910032e+01 2.634000e+00
    endloop
  endfacet
  facet normal 6.473863e-01 -7.621621e-01 -6.244850e-16
    outer loop
      vertex   -2.816159e+01 9.910032e+01 1.000000e+01
      vertex   -2.816159e+01 9.910032e+01 2.634000e+00
      vertex   -2.789790e+01 9.932430e+01 1.000000e+01
    endloop
  endfacet
  facet normal 6.473863e-01 -7.621621e-01 -1.782644e-15
    outer loop
      vertex   -2.789790e+01 9.932430e+01 1.000000e+01
      vertex   -2.816159e+01 9.910032e+01 2.634000e+00
      vertex   -2.789790e+01 9.932430e+01 2.634000e+00
    endloop
  endfacet
  facet normal 4.684084e-01 -8.835120e-01 -1.930435e-15
    outer loop
      vertex   -2.789790e+01 9.932430e+01 1.000000e+01
      vertex   -2.789790e+01 9.932430e+01 2.634000e+00
      vertex   -2.759222e+01 9.948636e+01 1.000000e+01
    endloop
  endfacet
  facet normal 4.684084e-01 -8.835120e-01 -2.259192e-16
    outer loop
      vertex   -2.759222e+01 9.948636e+01 1.000000e+01
      vertex   -2.789790e+01 9.932430e+01 2.634000e+00
      vertex   -2.759222e+01 9.948636e+01 2.634000e+00
    endloop
  endfacet
  facet normal 2.675283e-01 -9.635500e-01 -1.290323e-16
    outer loop
      vertex   -2.759222e+01 9.948636e+01 1.000000e+01
      vertex   -2.759222e+01 9.948636e+01 2.634000e+00
      vertex   -2.725885e+01 9.957892e+01 1.000000e+01
    endloop
  endfacet
  facet normal 2.675283e-01 -9.635500e-01 0.000000e+00
    outer loop
      vertex   -2.725885e+01 9.957892e+01 1.000000e+01
      vertex   -2.759222e+01 9.948636e+01 2.634000e+00
      vertex   -2.725885e+01 9.957892e+01 2.634000e+00
    endloop
  endfacet
  facet normal 5.413891e-02 -9.985334e-01 0.000000e+00
    outer loop
      vertex   -2.725885e+01 9.957892e+01 1.000000e+01
      vertex   -2.725885e+01 9.957892e+01 2.634000e+00
      vertex   -2.691338e+01 9.959765e+01 1.000000e+01
    endloop
  endfacet
  facet normal 5.413891e-02 -9.985334e-01 0.000000e+00
    outer loop
      vertex   -2.691338e+01 9.959765e+01 1.000000e+01
      vertex   -2.725885e+01 9.957892e+01 2.634000e+00
      vertex   -2.691338e+01 9.959765e+01 2.634000e+00
    endloop
  endfacet
  facet normal -1.617820e-01 -9.868265e-01 -0.000000e+00
    outer loop
      vertex   -2.691338e+01 9.959765e+01 1.000000e+01
      vertex   -2.691338e+01 9.959765e+01 2.634000e+00
      vertex   -2.657195e+01 9.954168e+01 1.000000e+01
    endloop
  endfacet
  facet normal -1.617820e-01 -9.868265e-01 1.981864e-15
    outer loop
      vertex   -2.657195e+01 9.954168e+01 1.000000e+01
      vertex   -2.691338e+01 9.959765e+01 2.634000e+00
      vertex   -2.657195e+01 9.954168e+01 2.634000e+00
    endloop
  endfacet
  facet normal -3.701382e-01 -9.289767e-01 1.970750e-15
    outer loop
      vertex   -2.657195e+01 9.954168e+01 1.000000e+01
      vertex   -2.657195e+01 9.954168e+01 2.634000e+00
      vertex   -2.625055e+01 9.941362e+01 1.000000e+01
    endloop
  endfacet
  facet normal -3.701382e-01 -9.289767e-01 -1.785222e-16
    outer loop
      vertex   -2.625055e+01 9.941362e+01 1.000000e+01
      vertex   -2.657195e+01 9.954168e+01 2.634000e+00
      vertex   -2.625055e+01 9.941362e+01 2.634000e+00
    endloop
  endfacet
  facet normal -5.611871e-01 -8.276890e-01 -2.706675e-16
    outer loop
      vertex   -2.625055e+01 9.941362e+01 1.000000e+01
      vertex   -2.625055e+01 9.941362e+01 2.634000e+00
      vertex   -2.596418e+01 9.921946e+01 1.000000e+01
    endloop
  endfacet
  facet normal -5.611871e-01 -8.276890e-01 -5.413350e-16
    outer loop
      vertex   -2.596418e+01 9.921946e+01 1.000000e+01
      vertex   -2.625055e+01 9.941362e+01 2.634000e+00
      vertex   -2.596418e+01 9.921946e+01 2.634000e+00
    endloop
  endfacet
  facet normal -7.259955e-01 -6.876995e-01 -7.003134e-16
    outer loop
      vertex   -2.596418e+01 9.921946e+01 1.000000e+01
      vertex   -2.596418e+01 9.921946e+01 2.634000e+00
      vertex   -2.572625e+01 9.896828e+01 1.000000e+01
    endloop
  endfacet
  facet normal -7.259955e-01 -6.876995e-01 -0.000000e+00
    outer loop
      vertex   -2.572625e+01 9.896828e+01 1.000000e+01
      vertex   -2.596418e+01 9.921946e+01 2.634000e+00
      vertex   -2.572625e+01 9.896828e+01 2.634000e+00
    endloop
  endfacet
  facet normal -8.568572e-01 -5.155539e-01 -0.000000e+00
    outer loop
      vertex   -2.572625e+01 9.896828e+01 1.000000e+01
      vertex   -2.572625e+01 9.896828e+01 2.634000e+00
      vertex   -2.554788e+01 9.867182e+01 1.000000e+01
    endloop
  endfacet
  facet normal -8.568572e-01 -5.155539e-01 -8.265458e-16
    outer loop
      vertex   -2.554788e+01 9.867182e+01 1.000000e+01
      vertex   -2.572625e+01 9.896828e+01 2.634000e+00
      vertex   -2.554788e+01 9.867182e+01 2.634000e+00
    endloop
  endfacet
  facet normal -9.476532e-01 -3.193015e-01 -9.141299e-16
    outer loop
      vertex   -2.554788e+01 9.867182e+01 1.000000e+01
      vertex   -2.554788e+01 9.867182e+01 2.634000e+00
      vertex   -2.543741e+01 9.834395e+01 1.000000e+01
    endloop
  endfacet
  facet normal -9.476532e-01 -3.193015e-01 -4.570649e-16
    outer loop
      vertex   -2.543741e+01 9.834395e+01 1.000000e+01
      vertex   -2.554788e+01 9.867182e+01 2.634000e+00
      vertex   -2.543741e+01 9.834395e+01 2.634000e+00
    endloop
  endfacet
  facet normal 1.776357e-16 -2.379050e-16 1.000000e+00
    outer loop
      vertex   -4.590000e+01 9.360000e+01 -3.000000e+00
      vertex   -4.590000e+01 8.800000e+01 -3.000000e+00
      vertex   -4.340000e+01 9.360000e+01 -3.000000e+00
    endloop
  endfacet
  facet normal -8.319073e-23 -1.586033e-16 1.000000e+00
    outer loop
      vertex   -4.340000e+01 9.360000e+01 -3.000000e+00
      vertex   -4.590000e+01 8.800000e+01 -3.000000e+00
      vertex   -4.340000e+01 8.800000e+01 -3.000000e+00
    endloop
  endfacet
  facet normal -3.399236e-12 -1.000000e+00 0.000000e+00
    outer loop
      vertex   -4.340000e+01 9.360000e+01 -3.000000e+00
      vertex   -4.340000e+01 9.360000e+01 2.600000e+00
      vertex   -4.590000e+01 9.360000e+01 -3.000000e+00
    endloop
  endfacet
  facet normal 0.000000e+00 -1.000000e+00 -1.517516e-12
    outer loop
      vertex   -4.590000e+01 9.360000e+01 -3.000000e+00
      vertex   -4.340000e+01 9.360000e+01 2.600000e+00
      vertex   -4.590000e+01 9.360000e+01 2.600000e+00
    endloop
  endfacet
  facet normal -1.000000e+00 -2.005157e-11 -5.300120e-12
    outer loop
      vertex   -4.340000e+01 9.236259e+01 1.439527e-01
      vertex   -4.340000e+01 9.360000e+01 2.600000e+00
      vertex   -4.340000e+01 9.240000e+01 -2.000000e-01
    endloop
  endfacet
  facet normal -1.000000e+00 -3.241851e-11 0.000000e+00
    outer loop
      vertex   -4.340000e+01 9.240000e+01 -2.000000e-01
      vertex   -4.340000e+01 9.360000e+01 2.600000e+00
      vertex   -4.340000e+01 9.360000e+01 -3.000000e+00
    endloop
  endfacet
  facet normal -1.000000e+00 -2.005157e-11 5.300120e-12
    outer loop
      vertex   -4.340000e+01 9.240000e+01 -2.000000e-01
      vertex   -4.340000e+01 9.360000e+01 -3.000000e+00
      vertex   -4.340000e+01 9.236259e+01 -5.439527e-01
    endloop
  endfacet
  facet normal -1.000000e+00 -6.772071e-12 1.199060e-11
    outer loop
      vertex   -4.340000e+01 9.236259e+01 -5.439527e-01
      vertex   -4.340000e+01 9.360000e+01 -3.000000e+00
      vertex   -4.340000e+01 9.225212e+01 -8.718226e-01
    endloop
  endfacet
  facet normal -1.000000e+00 8.494477e-13 1.681768e-11
    outer loop
      vertex   -4.340000e+01 9.225212e+01 -8.718226e-01
      vertex   -4.340000e+01 9.360000e+01 -3.000000e+00
      vertex   -4.340000e+01 9.207375e+01 -1.168279e+00
    endloop
  endfacet
  facet normal -1.000000e+00 6.299657e-12 2.135898e-11
    outer loop
      vertex   -4.340000e+01 9.207375e+01 -1.168279e+00
      vertex   -4.340000e+01 9.360000e+01 -3.000000e+00
      vertex   -4.340000e+01 9.183582e+01 -1.419459e+00
    endloop
  endfacet
  facet normal -1.000000e+00 1.086817e-11 2.645830e-11
    outer loop
      vertex   -4.340000e+01 9.183582e+01 -1.419459e+00
      vertex   -4.340000e+01 9.360000e+01 -3.000000e+00
      vertex   -4.340000e+01 9.154945e+01 -1.613619e+00
    endloop
  endfacet
  facet normal -1.000000e+00 1.552146e-11 3.334082e-11
    outer loop
      vertex   -4.340000e+01 9.154945e+01 -1.613619e+00
      vertex   -4.340000e+01 9.360000e+01 -3.000000e+00
      vertex   -4.340000e+01 9.122805e+01 -1.741680e+00
    endloop
  endfacet
  facet normal -1.000000e+00 2.152354e-11 4.465485e-11
    outer loop
      vertex   -4.340000e+01 9.122805e+01 -1.741680e+00
      vertex   -4.340000e+01 9.360000e+01 -3.000000e+00
      vertex   -4.340000e+01 9.088662e+01 -1.797653e+00
    endloop
  endfacet
  facet normal -1.000000e+00 5.998639e-28 -3.918087e-12
    outer loop
      vertex   -4.340000e+01 9.088662e+01 -1.797653e+00
      vertex   -4.340000e+01 9.360000e+01 -3.000000e+00
      vertex   -4.340000e+01 8.800000e+01 -3.000000e+00
    endloop
  endfacet
  facet normal -1.000000e+00 2.530793e-11 -6.467798e-11
    outer loop
      vertex   -4.340000e+01 9.088662e+01 -1.797653e+00
      vertex   -4.340000e+01 8.800000e+01 -3.000000e+00
      vertex   -4.340000e+01 9.054115e+01 -1.778922e+00
    endloop
  endfacet
  facet normal -1.000000e+00 1.615014e-11 -4.561996e-11
    outer loop
      vertex   -4.340000e+01 9.054115e+01 -1.778922e+00
      vertex   -4.340000e+01 8.800000e+01 -3.000000e+00
      vertex   -4.340000e+01 9.020778e+01 -1.686363e+00
    endloop
  endfacet
  facet normal -1.000000e+00 1.004975e-11 -3.536728e-11
    outer loop
      vertex   -4.340000e+01 9.020778e+01 -1.686363e+00
      vertex   -4.340000e+01 8.800000e+01 -3.000000e+00
      vertex   -4.340000e+01 8.990210e+01 -1.524302e+00
    endloop
  endfacet
  facet normal -1.000000e+00 4.675128e-12 -2.843965e-11
    outer loop
      vertex   -4.340000e+01 8.990210e+01 -1.524302e+00
      vertex   -4.340000e+01 8.800000e+01 -3.000000e+00
      vertex   -4.340000e+01 8.963841e+01 -1.300319e+00
    endloop
  endfacet
  facet normal -1.000000e+00 -1.178075e-12 -2.279746e-11
    outer loop
      vertex   -4.340000e+01 8.963841e+01 -1.300319e+00
      vertex   -4.340000e+01 8.800000e+01 -3.000000e+00
      vertex   -4.340000e+01 8.942903e+01 -1.024886e+00
    endloop
  endfacet
  facet normal -1.000000e+00 -8.682604e-12 -1.736780e-11
    outer loop
      vertex   -4.340000e+01 8.942903e+01 -1.024886e+00
      vertex   -4.340000e+01 8.800000e+01 -3.000000e+00
      vertex   -4.340000e+01 8.928375e+01 -7.108825e-01
    endloop
  endfacet
  facet normal -1.000000e+00 -2.037001e-11 -1.081342e-11
    outer loop
      vertex   -4.340000e+01 8.928375e+01 -7.108825e-01
      vertex   -4.340000e+01 8.800000e+01 -3.000000e+00
      vertex   -4.340000e+01 8.920938e+01 -3.729905e-01
    endloop
  endfacet
  facet normal -1.000000e+00 -4.385888e-11 0.000000e+00
    outer loop
      vertex   -4.340000e+01 8.920938e+01 -3.729905e-01
      vertex   -4.340000e+01 8.800000e+01 -3.000000e+00
      vertex   -4.340000e+01 8.800000e+01 2.600000e+00
    endloop
  endfacet
  facet normal -1.000000e+00 -4.385888e-11 0.000000e+00
    outer loop
      vertex   -4.340000e+01 8.920938e+01 -3.729905e-01
      vertex   -4.340000e+01 8.800000e+01 2.600000e+00
      vertex   -4.340000e+01 8.920938e+01 -2.700959e-02
    endloop
  endfacet
  facet normal -1.000000e+00 -2.037001e-11 1.081342e-11
    outer loop
      vertex   -4.340000e+01 8.920938e+01 -2.700959e-02
      vertex   -4.340000e+01 8.800000e+01 2.600000e+00
      vertex   -4.340000e+01 8.928375e+01 3.108824e-01
    endloop
  endfacet
  facet normal -1.000000e+00 -8.682604e-12 1.736780e-11
    outer loop
      vertex   -4.340000e+01 8.928375e+01 3.108824e-01
      vertex   -4.340000e+01 8.800000e+01 2.600000e+00
      vertex   -4.340000e+01 8.942903e+01 6.248862e-01
    endloop
  endfacet
  facet normal -1.000000e+00 -1.178075e-12 2.279746e-11
    outer loop
      vertex   -4.340000e+01 8.942903e+01 6.248862e-01
      vertex   -4.340000e+01 8.800000e+01 2.600000e+00
      vertex   -4.340000e+01 8.963841e+01 9.003191e-01
    endloop
  endfacet
  facet normal -1.000000e+00 4.675128e-12 2.843965e-11
    outer loop
      vertex   -4.340000e+01 8.963841e+01 9.003191e-01
      vertex   -4.340000e+01 8.800000e+01 2.600000e+00
      vertex   -4.340000e+01 8.990210e+01 1.124302e+00
    endloop
  endfacet
  facet normal -1.000000e+00 1.004975e-11 3.536728e-11
    outer loop
      vertex   -4.340000e+01 8.990210e+01 1.124302e+00
      vertex   -4.340000e+01 8.800000e+01 2.600000e+00
      vertex   -4.340000e+01 9.020778e+01 1.286363e+00
    endloop
  endfacet
  facet normal -1.000000e+00 1.615014e-11 4.561996e-11
    outer loop
      vertex   -4.340000e+01 9.020778e+01 1.286363e+00
      vertex   -4.340000e+01 8.800000e+01 2.600000e+00
      vertex   -4.340000e+01 9.054115e+01 1.378922e+00
    endloop
  endfacet
  facet normal -1.000000e+00 2.530793e-11 6.467798e-11
    outer loop
      vertex   -4.340000e+01 9.054115e+01 1.378922e+00
      vertex   -4.340000e+01 8.800000e+01 2.600000e+00
      vertex   -4.340000e+01 9.088662e+01 1.397653e+00
    endloop
  endfacet
  facet normal -1.000000e+00 -9.597822e-28 3.918087e-12
    outer loop
      vertex   -4.340000e+01 9.088662e+01 1.397653e+00
      vertex   -4.340000e+01 8.800000e+01 2.600000e+00
      vertex   -4.340000e+01 9.360000e+01 2.600000e+00
    endloop
  endfacet
  facet normal -1.000000e+00 2.152354e-11 -4.465485e-11
    outer loop
      vertex   -4.340000e+01 9.088662e+01 1.397653e+00
      vertex   -4.340000e+01 9.360000e+01 2.600000e+00
      vertex   -4.340000e+01 9.122805e+01 1.341680e+00
    endloop
  endfacet
  facet normal -1.000000e+00 1.552146e-11 -3.334082e-11
    outer loop
      vertex   -4.340000e+01 9.122805e+01 1.341680e+00
      vertex   -4.340000e+01 9.360000e+01 2.600000e+00
      vertex   -4.340000e+01 9.154945e+01 1.213619e+00
    endloop
  endfacet
  facet normal -1.000000e+00 1.086817e-11 -2.645830e-11
    outer loop
      vertex   -4.340000e+01 9.154945e+01 1.213619e+00
      vertex   -4.340000e+01 9.360000e+01 2.600000e+00
      vertex   -4.340000e+01 9.183582e+01 1.019459e+00
    endloop
  endfacet
  facet normal -1.000000e+00 6.299657e-12 -2.135898e-11
    outer loop
      vertex   -4.340000e+01 9.183582e+01 1.019459e+00
      vertex   -4.340000e+01 9.360000e+01 2.600000e+00
      vertex   -4.340000e+01 9.207375e+01 7.682787e-01
    endloop
  endfacet
  facet normal -1.000000e+00 8.494477e-13 -1.681768e-11
    outer loop
      vertex   -4.340000e+01 9.207375e+01 7.682787e-01
      vertex   -4.340000e+01 9.360000e+01 2.600000e+00
      vertex   -4.340000e+01 9.225212e+01 4.718225e-01
    endloop
  endfacet
  facet normal -1.000000e+00 -6.772071e-12 -1.199060e-11
    outer loop
      vertex   -4.340000e+01 9.225212e+01 4.718225e-01
      vertex   -4.340000e+01 9.360000e+01 2.600000e+00
      vertex   -4.340000e+01 9.236259e+01 1.439527e-01
    endloop
  endfacet
  facet normal 3.552714e-16 -3.172066e-16 1.000000e+00
    outer loop
      vertex   -4.590000e+01 1.106000e+02 -3.000000e+00
      vertex   -4.590000e+01 1.050000e+02 -3.000000e+00
      vertex   -4.340000e+01 1.106000e+02 -3.000000e+00
    endloop
  endfacet
  facet normal -6.031405e-28 -1.586033e-16 1.000000e+00
    outer loop
      vertex   -4.340000e+01 1.106000e+02 -3.000000e+00
      vertex   -4.590000e+01 1.050000e+02 -3.000000e+00
      vertex   -4.340000e+01 1.050000e+02 -3.000000e+00
    endloop
  endfacet
  facet normal 0.000000e+00 -1.000000e+00 3.782450e-12
    outer loop
      vertex   -4.590000e+01 1.106000e+02 -4.732000e+00
      vertex   -4.590000e+01 1.106000e+02 -3.000000e+00
      vertex   -6.500000e+01 1.106000e+02 -4.732000e+00
    endloop
  endfacet
  facet normal 4.486182e-13 -1.000000e+00 -1.164783e-12
    outer loop
      vertex   -6.500000e+01 1.106000e+02 -4.732000e+00
      vertex   -4.590000e+01 1.106000e+02 -3.000000e+00
      vertex   -4.590000e+01 1.106000e+02 2.600000e+00
    endloop
  endfacet
  facet normal 1.488048e-15 -1.000000e+00 6.664070e-31
    outer loop
      vertex   -6.500000e+01 1.106000e+02 -4.732000e+00
      vertex   -4.590000e+01 1.106000e+02 2.600000e+00
      vertex   -6.500000e+01 1.106000e+02 2.700000e+01
    endloop
  endfacet
  facet normal 0.000000e+00 -1.000000e+00 -1.164824e-15
    outer loop
      vertex   -6.500000e+01 1.106000e+02 2.700000e+01
      vertex   -4.590000e+01 1.106000e+02 2.600000e+00
      vertex   -4.590000e+01 1.106000e+02 2.700000e+01
    endloop
  endfacet
  facet normal -2.620482e-12 -1.000000e+00 -1.164783e-12
    outer loop
      vertex   -4.590000e+01 1.106000e+02 -3.000000e+00
      vertex   -4.340000e+01 1.106000e+02 -3.000000e+00
      vertex   -4.590000e+01 1.106000e+02 2.600000e+00
    endloop
  endfacet
  facet normal 0.000000e+00 -1.000000e+00 5.075305e-15
    outer loop
      vertex   -4.590000e+01 1.106000e+02 2.600000e+00
      vertex   -4.340000e+01 1.106000e+02 -3.000000e+00
      vertex   -4.340000e+01 1.106000e+02 2.600000e+00
    endloop
  endfacet
  facet normal -1.000000e+00 -2.480196e-11 -5.837415e-12
    outer loop
      vertex   -4.340000e+01 1.093626e+02 1.439527e-01
      vertex   -4.340000e+01 1.106000e+02 2.600000e+00
      vertex   -4.340000e+01 1.094000e+02 -2.000000e-01
    endloop
  endfacet
  facet normal -1.000000e+00 -3.842260e-11 1.952168e-25
    outer loop
      vertex   -4.340000e+01 1.094000e+02 -2.000000e-01
      vertex   -4.340000e+01 1.106000e+02 2.600000e+00
      vertex   -4.340000e+01 1.106000e+02 -3.000000e+00
    endloop
  endfacet
  facet normal -1.000000e+00 -2.480196e-11 5.837415e-12
    outer loop
      vertex   -4.340000e+01 1.094000e+02 -2.000000e-01
      vertex   -4.340000e+01 1.106000e+02 -3.000000e+00
      vertex   -4.340000e+01 1.093626e+02 -5.439527e-01
    endloop
  endfacet
  facet normal -1.000000e+00 -1.028355e-11 1.315209e-11
    outer loop
      vertex   -4.340000e+01 1.093626e+02 -5.439527e-01
      vertex   -4.340000e+01 1.106000e+02 -3.000000e+00
      vertex   -4.340000e+01 1.092521e+02 -8.718226e-01
    endloop
  endfacet
  facet normal -1.000000e+00 -1.872361e-12 1.847931e-11
    outer loop
      vertex   -4.340000e+01 1.092521e+02 -8.718226e-01
      vertex   -4.340000e+01 1.106000e+02 -3.000000e+00
      vertex   -4.340000e+01 1.090737e+02 -1.168279e+00
    endloop
  endfacet
  facet normal -1.000000e+00 4.076769e-12 2.343632e-11
    outer loop
      vertex   -4.340000e+01 1.090737e+02 -1.168279e+00
      vertex   -4.340000e+01 1.106000e+02 -3.000000e+00
      vertex   -4.340000e+01 1.088358e+02 -1.419459e+00
    endloop
  endfacet
  facet normal -1.000000e+00 9.108859e-12 2.905309e-11
    outer loop
      vertex   -4.340000e+01 1.088358e+02 -1.419459e+00
      vertex   -4.340000e+01 1.106000e+02 -3.000000e+00
      vertex   -4.340000e+01 1.085495e+02 -1.613619e+00
    endloop
  endfacet
  facet normal -1.000000e+00 1.423251e-11 3.663130e-11
    outer loop
      vertex   -4.340000e+01 1.085495e+02 -1.613619e+00
      vertex   -4.340000e+01 1.106000e+02 -3.000000e+00
      vertex   -4.340000e+01 1.082280e+02 -1.741680e+00
    endloop
  endfacet
  facet normal -1.000000e+00 2.079126e-11 4.899465e-11
    outer loop
      vertex   -4.340000e+01 1.082280e+02 -1.741680e+00
      vertex   -4.340000e+01 1.106000e+02 -3.000000e+00
      vertex   -4.340000e+01 1.078866e+02 -1.797653e+00
    endloop
  endfacet
  facet normal -1.000000e+00 -3.599183e-28 2.074281e-12
    outer loop
      vertex   -4.340000e+01 1.078866e+02 -1.797653e+00
      vertex   -4.340000e+01 1.106000e+02 -3.000000e+00
      vertex   -4.340000e+01 1.050000e+02 -3.000000e+00
    endloop
  endfacet
  facet normal -1.000000e+00 2.559541e-11 -5.937579e-11
    outer loop
      vertex   -4.340000e+01 1.078866e+02 -1.797653e+00
      vertex   -4.340000e+01 1.050000e+02 -3.000000e+00
      vertex   -4.340000e+01 1.075411e+02 -1.778922e+00
    endloop
  endfacet
  facet normal -1.000000e+00 1.720196e-11 -4.190842e-11
    outer loop
      vertex   -4.340000e+01 1.075411e+02 -1.778922e+00
      vertex   -4.340000e+01 1.050000e+02 -3.000000e+00
      vertex   -4.340000e+01 1.072078e+02 -1.686363e+00
    endloop
  endfacet
  facet normal -1.000000e+00 1.157363e-11 -3.244910e-11
    outer loop
      vertex   -4.340000e+01 1.072078e+02 -1.686363e+00
      vertex   -4.340000e+01 1.050000e+02 -3.000000e+00
      vertex   -4.340000e+01 1.069021e+02 -1.524302e+00
    endloop
  endfacet
  facet normal -1.000000e+00 6.654809e-12 -2.610899e-11
    outer loop
      vertex   -4.340000e+01 1.069021e+02 -1.524302e+00
      vertex   -4.340000e+01 1.050000e+02 -3.000000e+00
      vertex   -4.340000e+01 1.066384e+02 -1.300319e+00
    endloop
  endfacet
  facet normal -1.000000e+00 1.280541e-12 -2.092847e-11
    outer loop
      vertex   -4.340000e+01 1.066384e+02 -1.300319e+00
      vertex   -4.340000e+01 1.050000e+02 -3.000000e+00
      vertex   -4.340000e+01 1.064290e+02 -1.024886e+00
    endloop
  endfacet
  facet normal -1.000000e+00 -5.607283e-12 -1.594501e-11
    outer loop
      vertex   -4.340000e+01 1.064290e+02 -1.024886e+00
      vertex   -4.340000e+01 1.050000e+02 -3.000000e+00
      vertex   -4.340000e+01 1.062838e+02 -7.108824e-01
    endloop
  endfacet
  facet normal -1.000000e+00 -1.633958e-11 -9.926251e-12
    outer loop
      vertex   -4.340000e+01 1.062838e+02 -7.108824e-01
      vertex   -4.340000e+01 1.050000e+02 -3.000000e+00
      vertex   -4.340000e+01 1.062094e+02 -3.729904e-01
    endloop
  endfacet
  facet normal -1.000000e+00 -3.790135e-11 0.000000e+00
    outer loop
      vertex   -4.340000e+01 1.062094e+02 -3.729904e-01
      vertex   -4.340000e+01 1.050000e+02 -3.000000e+00
      vertex   -4.340000e+01 1.050000e+02 2.600000e+00
    endloop
  endfacet
  facet normal -1.000000e+00 -3.790135e-11 0.000000e+00
    outer loop
      vertex   -4.340000e+01 1.062094e+02 -3.729904e-01
      vertex   -4.340000e+01 1.050000e+02 2.600000e+00
      vertex   -4.340000e+01 1.062094e+02 -2.700957e-02
    endloop
  endfacet
  facet normal -1.000000e+00 -1.633958e-11 9.926251e-12
    outer loop
      vertex   -4.340000e+01 1.062094e+02 -2.700957e-02
      vertex   -4.340000e+01 1.050000e+02 2.600000e+00
      vertex   -4.340000e+01 1.062838e+02 3.108824e-01
    endloop
  endfacet
  facet normal -1.000000e+00 -5.607283e-12 1.594501e-11
    outer loop
      vertex   -4.340000e+01 1.062838e+02 3.108824e-01
      vertex   -4.340000e+01 1.050000e+02 2.600000e+00
      vertex   -4.340000e+01 1.064290e+02 6.248862e-01
    endloop
  endfacet
  facet normal -1.000000e+00 1.280541e-12 2.092847e-11
    outer loop
      vertex   -4.340000e+01 1.064290e+02 6.248862e-01
      vertex   -4.340000e+01 1.050000e+02 2.600000e+00
      vertex   -4.340000e+01 1.066384e+02 9.003191e-01
    endloop
  endfacet
  facet normal -1.000000e+00 6.654809e-12 2.610899e-11
    outer loop
      vertex   -4.340000e+01 1.066384e+02 9.003191e-01
      vertex   -4.340000e+01 1.050000e+02 2.600000e+00
      vertex   -4.340000e+01 1.069021e+02 1.124302e+00
    endloop
  endfacet
  facet normal -1.000000e+00 1.157363e-11 3.244910e-11
    outer loop
      vertex   -4.340000e+01 1.069021e+02 1.124302e+00
      vertex   -4.340000e+01 1.050000e+02 2.600000e+00
      vertex   -4.340000e+01 1.072078e+02 1.286363e+00
    endloop
  endfacet
  facet normal -1.000000e+00 1.720196e-11 4.190842e-11
    outer loop
      vertex   -4.340000e+01 1.072078e+02 1.286363e+00
      vertex   -4.340000e+01 1.050000e+02 2.600000e+00
      vertex   -4.340000e+01 1.075411e+02 1.378922e+00
    endloop
  endfacet
  facet normal -1.000000e+00 2.559541e-11 5.937579e-11
    outer loop
      vertex   -4.340000e+01 1.075411e+02 1.378922e+00
      vertex   -4.340000e+01 1.050000e+02 2.600000e+00
      vertex   -4.340000e+01 1.078866e+02 1.397653e+00
    endloop
  endfacet
  facet normal -1.000000e+00 5.998639e-28 -2.074281e-12
    outer loop
      vertex   -4.340000e+01 1.078866e+02 1.397653e+00
      vertex   -4.340000e+01 1.050000e+02 2.600000e+00
      vertex   -4.340000e+01 1.106000e+02 2.600000e+00
    endloop
  endfacet
  facet normal -1.000000e+00 2.079126e-11 -4.899465e-11
    outer loop
      vertex   -4.340000e+01 1.078866e+02 1.397653e+00
      vertex   -4.340000e+01 1.106000e+02 2.600000e+00
      vertex   -4.340000e+01 1.082280e+02 1.341680e+00
    endloop
  endfacet
  facet normal -1.000000e+00 1.423251e-11 -3.663130e-11
    outer loop
      vertex   -4.340000e+01 1.082280e+02 1.341680e+00
      vertex   -4.340000e+01 1.106000e+02 2.600000e+00
      vertex   -4.340000e+01 1.085495e+02 1.213619e+00
    endloop
  endfacet
  facet normal -1.000000e+00 9.108859e-12 -2.905309e-11
    outer loop
      vertex   -4.340000e+01 1.085495e+02 1.213619e+00
      vertex   -4.340000e+01 1.106000e+02 2.600000e+00
      vertex   -4.340000e+01 1.088358e+02 1.019459e+00
    endloop
  endfacet
  facet normal -1.000000e+00 4.076769e-12 -2.343632e-11
    outer loop
      vertex   -4.340000e+01 1.088358e+02 1.019459e+00
      vertex   -4.340000e+01 1.106000e+02 2.600000e+00
      vertex   -4.340000e+01 1.090737e+02 7.682787e-01
    endloop
  endfacet
  facet normal -1.000000e+00 -1.872361e-12 -1.847931e-11
    outer loop
      vertex   -4.340000e+01 1.090737e+02 7.682787e-01
      vertex   -4.340000e+01 1.106000e+02 2.600000e+00
      vertex   -4.340000e+01 1.092521e+02 4.718226e-01
    endloop
  endfacet
  facet normal -1.000000e+00 -1.028355e-11 -1.315209e-11
    outer loop
      vertex   -4.340000e+01 1.092521e+02 4.718226e-01
      vertex   -4.340000e+01 1.106000e+02 2.600000e+00
      vertex   -4.340000e+01 1.093626e+02 1.439527e-01
    endloop
  endfacet
  facet normal -6.340820e-01 -7.732658e-01 1.300642e-15
    outer loop
      vertex   -2.063511e+01 8.632190e+01 -3.000000e+00
      vertex   -2.083291e+01 8.648410e+01 -3.000000e+00
      vertex   -2.063511e+01 8.632190e+01 -4.732000e+00
    endloop
  endfacet
  facet normal -6.340860e-01 -7.732626e-01 -7.486052e-07
    outer loop
      vertex   -2.063511e+01 8.632190e+01 -4.732000e+00
      vertex   -2.083291e+01 8.648410e+01 -3.000000e+00
      vertex   -2.083295e+01 8.648413e+01 -4.732000e+00
    endloop
  endfacet
  facet normal -6.726891e-01 -7.399253e-01 7.337114e-07
    outer loop
      vertex   -2.083295e+01 8.648413e+01 -4.732000e+00
      vertex   -2.083291e+01 8.648410e+01 -3.000000e+00
      vertex   -2.099799e+01 8.663417e+01 -3.000000e+00
    endloop
  endfacet
  facet normal -6.727008e-01 -7.399146e-01 -1.316859e-06
    outer loop
      vertex   -2.083295e+01 8.648413e+01 -4.732000e+00
      vertex   -2.099799e+01 8.663417e+01 -3.000000e+00
      vertex   -2.099805e+01 8.663424e+01 -4.732000e+00
    endloop
  endfacet
  facet normal -7.097817e-01 -7.044217e-01 1.344791e-06
    outer loop
      vertex   -2.099805e+01 8.663424e+01 -4.732000e+00
      vertex   -2.099799e+01 8.663417e+01 -3.000000e+00
      vertex   -2.113262e+01 8.676983e+01 -3.000000e+00
    endloop
  endfacet
  facet normal -7.098011e-01 -7.044022e-01 -1.692223e-06
    outer loop
      vertex   -2.099805e+01 8.663424e+01 -4.732000e+00
      vertex   -2.113262e+01 8.676983e+01 -3.000000e+00
      vertex   -2.113270e+01 8.676991e+01 -4.732000e+00
    endloop
  endfacet
  facet normal -7.450921e-01 -6.669616e-01 1.829460e-06
    outer loop
      vertex   -2.113270e+01 8.676991e+01 -4.732000e+00
      vertex   -2.113262e+01 8.676983e+01 -3.000000e+00
      vertex   -2.123908e+01 8.688876e+01 -3.000000e+00
    endloop
  endfacet
  facet normal -7.451190e-01 -6.669315e-01 -1.893843e-06
    outer loop
      vertex   -2.113270e+01 8.676991e+01 -4.732000e+00
      vertex   -2.123908e+01 8.688876e+01 -3.000000e+00
      vertex   -2.123916e+01 8.688886e+01 -4.732000e+00
    endloop
  endfacet
  facet normal -7.784245e-01 -6.277383e-01 2.159824e-06
    outer loop
      vertex   -2.123916e+01 8.688886e+01 -4.732000e+00
      vertex   -2.123908e+01 8.688876e+01 -3.000000e+00
      vertex   -2.131964e+01 8.698866e+01 -3.000000e+00
    endloop
  endfacet
  facet normal -7.784595e-01 -6.276949e-01 -1.971200e-06
    outer loop
      vertex   -2.123916e+01 8.688886e+01 -4.732000e+00
      vertex   -2.131964e+01 8.698866e+01 -3.000000e+00
      vertex   -2.131973e+01 8.698877e+01 -4.732000e+00
    endloop
  endfacet
  facet normal -8.097107e-01 -5.868292e-01 2.290495e-06
    outer loop
      vertex   -2.131973e+01 8.698877e+01 -4.732000e+00
      vertex   -2.131964e+01 8.698866e+01 -3.000000e+00
      vertex   -2.137659e+01 8.706724e+01 -3.000000e+00
    endloop
  endfacet
  facet normal -8.097557e-01 -5.867671e-01 -1.999457e-06
    outer loop
      vertex   -2.131973e+01 8.698877e+01 -4.732000e+00
      vertex   -2.137659e+01 8.706724e+01 -3.000000e+00
      vertex   -2.137667e+01 8.706735e+01 -4.732000e+00
    endloop
  endfacet
  facet normal -8.392005e-01 -5.438221e-01 2.182472e-06
    outer loop
      vertex   -2.137667e+01 8.706735e+01 -4.732000e+00
      vertex   -2.137659e+01 8.706724e+01 -3.000000e+00
      vertex   -2.141219e+01 8.712218e+01 -3.000000e+00
    endloop
  endfacet
  facet normal -8.392617e-01 -5.437277e-01 -2.064591e-06
    outer loop
      vertex   -2.137667e+01 8.706735e+01 -4.732000e+00
      vertex   -2.141219e+01 8.712218e+01 -3.000000e+00
      vertex   -2.141226e+01 8.712229e+01 -4.732000e+00
    endloop
  endfacet
  facet normal -8.667075e-01 -4.988167e-01 1.669743e-06
    outer loop
      vertex   -2.141226e+01 8.712229e+01 -4.732000e+00
      vertex   -2.141219e+01 8.712218e+01 -3.000000e+00
      vertex   -2.142715e+01 8.714817e+01 -3.000000e+00
    endloop
  endfacet
  facet normal -8.667558e-01 -4.987327e-01 -1.500009e-12
    outer loop
      vertex   -2.141226e+01 8.712229e+01 -4.732000e+00
      vertex   -2.142715e+01 8.714817e+01 -3.000000e+00
      vertex   -2.142715e+01 8.714817e+01 -4.732000e+00
    endloop
  endfacet
  facet normal 8.650750e-01 5.016426e-01 5.890377e-15
    outer loop
      vertex   -2.038846e+01 8.774785e+01 -3.000000e+00
      vertex   -2.037374e+01 8.772247e+01 -3.000000e+00
      vertex   -2.038846e+01 8.774785e+01 -4.732000e+00
    endloop
  endfacet
  facet normal 8.674126e-01 4.975896e-01 -7.925140e-05
    outer loop
      vertex   -2.038846e+01 8.774785e+01 -4.732000e+00
      vertex   -2.037374e+01 8.772247e+01 -3.000000e+00
      vertex   -2.037069e+01 8.771688e+01 -4.732000e+00
    endloop
  endfacet
  facet normal 8.889393e-01 4.580250e-01 8.649276e-05
    outer loop
      vertex   -2.037069e+01 8.771688e+01 -4.732000e+00
      vertex   -2.037374e+01 8.772247e+01 -3.000000e+00
      vertex   -2.034736e+01 8.767126e+01 -3.000000e+00
    endloop
  endfacet
  facet normal 8.922322e-01 4.515769e-01 -1.277153e-04
    outer loop
      vertex   -2.037069e+01 8.771688e+01 -4.732000e+00
      vertex   -2.034736e+01 8.767126e+01 -3.000000e+00
      vertex   -2.034238e+01 8.766094e+01 -4.732000e+00
    endloop
  endfacet
  facet normal 9.133425e-01 4.071921e-01 1.971871e-04
    outer loop
      vertex   -2.034238e+01 8.766094e+01 -4.732000e+00
      vertex   -2.034736e+01 8.767126e+01 -3.000000e+00
      vertex   -2.029994e+01 8.756490e+01 -3.000000e+00
    endloop
  endfacet
  facet normal 9.167510e-01 3.994590e-01 -3.151823e-04
    outer loop
      vertex   -2.034238e+01 8.766094e+01 -4.732000e+00
      vertex   -2.029994e+01 8.756490e+01 -3.000000e+00
      vertex   -2.029207e+01 8.754548e+01 -4.732000e+00
    endloop
  endfacet
  facet normal 9.415442e-01 3.368890e-01 4.988918e-04
    outer loop
      vertex   -2.029207e+01 8.754548e+01 -4.732000e+00
      vertex   -2.029994e+01 8.756490e+01 -3.000000e+00
      vertex   -2.021865e+01 8.733771e+01 -3.000000e+00
    endloop
  endfacet
  facet normal 9.447401e-01 3.278195e-01 -7.245291e-04
    outer loop
      vertex   -2.029207e+01 8.754548e+01 -4.732000e+00
      vertex   -2.021865e+01 8.733771e+01 -3.000000e+00
      vertex   -2.020893e+01 8.730587e+01 -4.732000e+00
    endloop
  endfacet
  facet normal 9.662420e-01 2.576354e-01 6.863594e-04
    outer loop
      vertex   -2.020893e+01 8.730587e+01 -4.732000e+00
      vertex   -2.021865e+01 8.733771e+01 -3.000000e+00
      vertex   -2.013933e+01 8.704023e+01 -3.000000e+00
    endloop
  endfacet
  facet normal 9.681382e-01 2.504161e-01 -4.970946e-04
    outer loop
      vertex   -2.020893e+01 8.730587e+01 -4.732000e+00
      vertex   -2.013933e+01 8.704023e+01 -3.000000e+00
      vertex   -2.013442e+01 8.701780e+01 -4.732000e+00
    endloop
  endfacet
  facet normal 9.842011e-01 1.770534e-01 4.985624e-04
    outer loop
      vertex   -2.013442e+01 8.701780e+01 -4.732000e+00
      vertex   -2.013933e+01 8.704023e+01 -3.000000e+00
      vertex   -2.006891e+01 8.664879e+01 -3.000000e+00
    endloop
  endfacet
  facet normal 9.846066e-01 1.747853e-01 -1.480524e-14
    outer loop
      vertex   -2.013442e+01 8.701780e+01 -4.732000e+00
      vertex   -2.006891e+01 8.664879e+01 -3.000000e+00
      vertex   -2.006891e+01 8.664879e+01 -4.732000e+00
    endloop
  endfacet
  facet normal -4.901727e-01 -8.716253e-01 -1.329771e-14
    outer loop
      vertex   -1.870392e+01 8.760456e+01 -3.000000e+00
      vertex   -1.892689e+01 8.772995e+01 -3.000000e+00
      vertex   -1.870392e+01 8.760456e+01 -4.732000e+00
    endloop
  endfacet
  facet normal -4.901771e-01 -8.716228e-01 -7.493460e-07
    outer loop
      vertex   -1.870392e+01 8.760456e+01 -4.732000e+00
      vertex   -1.892689e+01 8.772995e+01 -3.000000e+00
      vertex   -1.892693e+01 8.772998e+01 -4.732000e+00
    endloop
  endfacet
  facet normal -5.339827e-01 -8.454954e-01 7.344116e-07
    outer loop
      vertex   -1.892693e+01 8.772998e+01 -4.732000e+00
      vertex   -1.892689e+01 8.772995e+01 -3.000000e+00
      vertex   -1.911552e+01 8.784908e+01 -3.000000e+00
    endloop
  endfacet
  facet normal -5.339962e-01 -8.454869e-01 -1.318147e-06
    outer loop
      vertex   -1.892693e+01 8.772998e+01 -4.732000e+00
      vertex   -1.911552e+01 8.784908e+01 -3.000000e+00
      vertex   -1.911559e+01 8.784913e+01 -4.732000e+00
    endloop
  endfacet
  facet normal -5.766769e-01 -8.169723e-01 1.345941e-06
    outer loop
      vertex   -1.911559e+01 8.784913e+01 -4.732000e+00
      vertex   -1.911552e+01 8.784908e+01 -3.000000e+00
      vertex   -1.927166e+01 8.795930e+01 -3.000000e+00
    endloop
  endfacet
  facet normal -5.766994e-01 -8.169564e-01 -1.693865e-06
    outer loop
      vertex   -1.911559e+01 8.784913e+01 -4.732000e+00
      vertex   -1.927166e+01 8.795930e+01 -3.000000e+00
      vertex   -1.927175e+01 8.795937e+01 -4.732000e+00
    endloop
  endfacet
  facet normal -6.179557e-01 -7.862129e-01 1.830806e-06
    outer loop
      vertex   -1.927175e+01 8.795937e+01 -4.732000e+00
      vertex   -1.927166e+01 8.795930e+01 -3.000000e+00
      vertex   -1.939715e+01 8.805794e+01 -3.000000e+00
    endloop
  endfacet
  facet normal -6.179875e-01 -7.861879e-01 -1.895627e-06
    outer loop
      vertex   -1.927175e+01 8.795937e+01 -4.732000e+00
      vertex   -1.939715e+01 8.805794e+01 -3.000000e+00
      vertex   -1.939725e+01 8.805802e+01 -4.732000e+00
    endloop
  endfacet
  facet normal -6.575928e-01 -7.533736e-01 2.161137e-06
    outer loop
      vertex   -1.939725e+01 8.805802e+01 -4.732000e+00
      vertex   -1.939715e+01 8.805794e+01 -3.000000e+00
      vertex   -1.949384e+01 8.814233e+01 -3.000000e+00
    endloop
  endfacet
  facet normal -6.576349e-01 -7.533368e-01 -1.972874e-06
    outer loop
      vertex   -1.939725e+01 8.805802e+01 -4.732000e+00
      vertex   -1.949384e+01 8.814233e+01 -3.000000e+00
      vertex   -1.949394e+01 8.814243e+01 -4.732000e+00
    endloop
  endfacet
  facet normal -6.955075e-01 -7.185188e-01 2.291597e-06
    outer loop
      vertex   -1.949394e+01 8.814243e+01 -4.732000e+00
      vertex   -1.949384e+01 8.814233e+01 -3.000000e+00
      vertex   -1.956356e+01 8.820982e+01 -3.000000e+00
    endloop
  endfacet
  facet normal -6.955627e-01 -7.184654e-01 -2.000719e-06
    outer loop
      vertex   -1.949394e+01 8.814243e+01 -4.732000e+00
      vertex   -1.956356e+01 8.820982e+01 -3.000000e+00
      vertex   -1.956366e+01 8.820992e+01 -4.732000e+00
    endloop
  endfacet
  facet normal -7.320174e-01 -6.812859e-01 2.183255e-06
    outer loop
      vertex   -1.956366e+01 8.820992e+01 -4.732000e+00
      vertex   -1.956356e+01 8.820982e+01 -3.000000e+00
      vertex   -1.960817e+01 8.825775e+01 -3.000000e+00
    endloop
  endfacet
  facet normal -7.320941e-01 -6.812035e-01 -2.065104e-06
    outer loop
      vertex   -1.956366e+01 8.820992e+01 -4.732000e+00
      vertex   -1.960817e+01 8.825775e+01 -3.000000e+00
      vertex   -1.960825e+01 8.825785e+01 -4.732000e+00
    endloop
  endfacet
  facet normal -7.669216e-01 -6.417408e-01 1.670068e-06
    outer loop
      vertex   -1.960825e+01 8.825785e+01 -4.732000e+00
      vertex   -1.960817e+01 8.825775e+01 -3.000000e+00
      vertex   -1.962741e+01 8.828074e+01 -3.000000e+00
    endloop
  endfacet
  facet normal -7.669838e-01 -6.416664e-01 -2.348394e-12
    outer loop
      vertex   -1.960825e+01 8.825785e+01 -4.732000e+00
      vertex   -1.962741e+01 8.828074e+01 -3.000000e+00
      vertex   -1.962741e+01 8.828074e+01 -4.732000e+00
    endloop
  endfacet
  facet normal 7.648232e-01 6.442402e-01 5.285914e-15
    outer loop
      vertex   -1.870864e+01 8.905169e+01 -3.000000e+00
      vertex   -1.868974e+01 8.902925e+01 -3.000000e+00
      vertex   -1.870864e+01 8.905169e+01 -4.732000e+00
    endloop
  endfacet
  facet normal 7.678291e-01 6.406547e-01 -7.925149e-05
    outer loop
      vertex   -1.870864e+01 8.905169e+01 -4.732000e+00
      vertex   -1.868974e+01 8.902925e+01 -3.000000e+00
      vertex   -1.868576e+01 8.902427e+01 -4.732000e+00
    endloop
  endfacet
  facet normal 7.958991e-01 6.054293e-01 8.649286e-05
    outer loop
      vertex   -1.868576e+01 8.902427e+01 -4.732000e+00
      vertex   -1.868974e+01 8.902925e+01 -3.000000e+00
      vertex   -1.865486e+01 8.898339e+01 -3.000000e+00
    endloop
  endfacet
  facet normal 8.002617e-01 5.996509e-01 -1.277154e-04
    outer loop
      vertex   -1.868576e+01 8.902427e+01 -4.732000e+00
      vertex   -1.865486e+01 8.898339e+01 -3.000000e+00
      vertex   -1.864817e+01 8.897410e+01 -4.732000e+00
    endloop
  endfacet
  facet normal 8.287586e-01 5.596062e-01 1.971872e-04
    outer loop
      vertex   -1.864817e+01 8.897410e+01 -4.732000e+00
      vertex   -1.865486e+01 8.898339e+01 -3.000000e+00
      vertex   -1.858969e+01 8.888688e+01 -3.000000e+00
    endloop
  endfacet
  facet normal 8.334582e-01 5.525824e-01 -3.151824e-04
    outer loop
      vertex   -1.864817e+01 8.897410e+01 -4.732000e+00
      vertex   -1.858969e+01 8.888688e+01 -3.000000e+00
      vertex   -1.857857e+01 8.886912e+01 -4.732000e+00
    endloop
  endfacet
  facet normal 8.687399e-01 4.952683e-01 4.988920e-04
    outer loop
      vertex   -1.857857e+01 8.886912e+01 -4.732000e+00
      vertex   -1.858969e+01 8.888688e+01 -3.000000e+00
      vertex   -1.847019e+01 8.867727e+01 -3.000000e+00
    endloop
  endfacet
  facet normal 8.734621e-01 4.868916e-01 -7.245292e-04
    outer loop
      vertex   -1.857857e+01 8.886912e+01 -4.732000e+00
      vertex   -1.847019e+01 8.867727e+01 -3.000000e+00
      vertex   -1.845509e+01 8.864760e+01 -4.732000e+00
    endloop
  endfacet
  facet normal 9.068247e-01 4.215075e-01 6.863596e-04
    outer loop
      vertex   -1.845509e+01 8.864760e+01 -4.732000e+00
      vertex   -1.847019e+01 8.867727e+01 -3.000000e+00
      vertex   -1.834042e+01 8.839808e+01 -3.000000e+00
    endloop
  endfacet
  facet normal 9.099457e-01 4.147271e-01 -4.970947e-04
    outer loop
      vertex   -1.845509e+01 8.864760e+01 -4.732000e+00
      vertex   -1.834042e+01 8.839808e+01 -3.000000e+00
      vertex   -1.833168e+01 8.837684e+01 -4.732000e+00
    endloop
  endfacet
  facet normal 9.385039e-01 3.452683e-01 4.985626e-04
    outer loop
      vertex   -1.833168e+01 8.837684e+01 -4.732000e+00
      vertex   -1.834042e+01 8.839808e+01 -3.000000e+00
      vertex   -1.820309e+01 8.802481e+01 -3.000000e+00
    endloop
  endfacet
  facet normal 9.392970e-01 3.431051e-01 9.010887e-13
    outer loop
      vertex   -1.833168e+01 8.837684e+01 -4.732000e+00
      vertex   -1.820309e+01 8.802481e+01 -3.000000e+00
      vertex   -1.820309e+01 8.802481e+01 -4.732000e+00
    endloop
  endfacet
  facet normal -3.313697e-01 -9.435010e-01 -7.741314e-15
    outer loop
      vertex   -1.702481e+01 8.920309e+01 -3.000000e+00
      vertex   -1.726616e+01 8.928786e+01 -3.000000e+00
      vertex   -1.702481e+01 8.920309e+01 -4.732000e+00
    endloop
  endfacet
  facet normal -3.313745e-01 -9.434993e-01 -7.491639e-07
    outer loop
      vertex   -1.702481e+01 8.920309e+01 -4.732000e+00
      vertex   -1.726616e+01 8.928786e+01 -3.000000e+00
      vertex   -1.726621e+01 8.928788e+01 -4.732000e+00
    endloop
  endfacet
  facet normal -3.790516e-01 -9.253755e-01 7.342394e-07
    outer loop
      vertex   -1.726621e+01 8.928788e+01 -4.732000e+00
      vertex   -1.726616e+01 8.928786e+01 -3.000000e+00
      vertex   -1.747261e+01 8.937243e+01 -3.000000e+00
    endloop
  endfacet
  facet normal -3.790663e-01 -9.253695e-01 -1.317830e-06
    outer loop
      vertex   -1.726621e+01 8.928788e+01 -4.732000e+00
      vertex   -1.747261e+01 8.937243e+01 -3.000000e+00
      vertex   -1.747269e+01 8.937246e+01 -4.732000e+00
    endloop
  endfacet
  facet normal -4.260502e-01 -9.046995e-01 1.345658e-06
    outer loop
      vertex   -1.747269e+01 8.937246e+01 -4.732000e+00
      vertex   -1.747261e+01 8.937243e+01 -3.000000e+00
      vertex   -1.764552e+01 8.945385e+01 -3.000000e+00
    endloop
  endfacet
  facet normal -4.260751e-01 -9.046878e-01 -1.693461e-06
    outer loop
      vertex   -1.747269e+01 8.937246e+01 -4.732000e+00
      vertex   -1.764552e+01 8.945385e+01 -3.000000e+00
      vertex   -1.764562e+01 8.945391e+01 -4.732000e+00
    endloop
  endfacet
  facet normal -4.720432e-01 -8.815754e-01 1.830474e-06
    outer loop
      vertex   -1.764562e+01 8.945391e+01 -4.732000e+00
      vertex   -1.764552e+01 8.945385e+01 -3.000000e+00
      vertex   -1.778623e+01 8.952920e+01 -3.000000e+00
    endloop
  endfacet
  facet normal -4.720788e-01 -8.815563e-01 -1.895187e-06
    outer loop
      vertex   -1.764562e+01 8.945391e+01 -4.732000e+00
      vertex   -1.778623e+01 8.952920e+01 -3.000000e+00
      vertex   -1.778635e+01 8.952927e+01 -4.732000e+00
    endloop
  endfacet
  facet normal -5.167806e-01 -8.561179e-01 2.160813e-06
    outer loop
      vertex   -1.778635e+01 8.952927e+01 -4.732000e+00
      vertex   -1.778623e+01 8.952920e+01 -3.000000e+00
      vertex   -1.789611e+01 8.959552e+01 -3.000000e+00
    endloop
  endfacet
  facet normal -5.168284e-01 -8.560890e-01 -1.972461e-06
    outer loop
      vertex   -1.778635e+01 8.952927e+01 -4.732000e+00
      vertex   -1.789611e+01 8.959552e+01 -3.000000e+00
      vertex   -1.789623e+01 8.959560e+01 -4.732000e+00
    endloop
  endfacet
  facet normal -5.601717e-01 -8.283765e-01 2.291324e-06
    outer loop
      vertex   -1.789623e+01 8.959560e+01 -4.732000e+00
      vertex   -1.789611e+01 8.959552e+01 -3.000000e+00
      vertex   -1.797649e+01 8.964988e+01 -3.000000e+00
    endloop
  endfacet
  facet normal -5.602353e-01 -8.283335e-01 -2.000406e-06
    outer loop
      vertex   -1.789623e+01 8.959560e+01 -4.732000e+00
      vertex   -1.797649e+01 8.964988e+01 -3.000000e+00
      vertex   -1.797661e+01 8.964996e+01 -4.732000e+00
    endloop
  endfacet
  facet normal -6.025924e-01 -7.980491e-01 2.183060e-06
    outer loop
      vertex   -1.797661e+01 8.964996e+01 -4.732000e+00
      vertex   -1.797649e+01 8.964988e+01 -3.000000e+00
      vertex   -1.802875e+01 8.968934e+01 -3.000000e+00
    endloop
  endfacet
  facet normal -6.026822e-01 -7.979813e-01 -2.064974e-06
    outer loop
      vertex   -1.797661e+01 8.964996e+01 -4.732000e+00
      vertex   -1.802875e+01 8.968934e+01 -3.000000e+00
      vertex   -1.802884e+01 8.968942e+01 -4.732000e+00
    endloop
  endfacet
  facet normal -6.438333e-01 -7.651658e-01 1.669985e-06
    outer loop
      vertex   -1.802884e+01 8.968942e+01 -4.732000e+00
      vertex   -1.802875e+01 8.968934e+01 -3.000000e+00
      vertex   -1.805169e+01 8.970864e+01 -3.000000e+00
    endloop
  endfacet
  facet normal -6.439074e-01 -7.651034e-01 -3.137419e-12
    outer loop
      vertex   -1.802884e+01 8.968942e+01 -4.732000e+00
      vertex   -1.805169e+01 8.970864e+01 -3.000000e+00
      vertex   -1.805169e+01 8.970864e+01 -4.732000e+00
    endloop
  endfacet
  facet normal 6.413327e-01 7.672629e-01 0.000000e+00
    outer loop
      vertex   -1.728074e+01 9.062741e+01 -3.000000e+00
      vertex   -1.725823e+01 9.060860e+01 -3.000000e+00
      vertex   -1.728074e+01 9.062741e+01 -4.732000e+00
    endloop
  endfacet
  facet normal 6.449156e-01 7.642538e-01 -7.925155e-05
    outer loop
      vertex   -1.728074e+01 9.062741e+01 -4.732000e+00
      vertex   -1.725823e+01 9.060860e+01 -3.000000e+00
      vertex   -1.725345e+01 9.060438e+01 -4.732000e+00
    endloop
  endfacet
  facet normal 6.786759e-01 7.344379e-01 8.649292e-05
    outer loop
      vertex   -1.725345e+01 9.060438e+01 -4.732000e+00
      vertex   -1.725823e+01 9.060860e+01 -3.000000e+00
      vertex   -1.721592e+01 9.056949e+01 -3.000000e+00
    endloop
  endfacet
  facet normal 6.839756e-01 7.295048e-01 -1.277154e-04
    outer loop
      vertex   -1.725345e+01 9.060438e+01 -4.732000e+00
      vertex   -1.721592e+01 9.056949e+01 -3.000000e+00
      vertex   -1.720772e+01 9.056150e+01 -4.732000e+00
    endloop
  endfacet
  facet normal 7.189933e-01 6.950169e-01 1.971872e-04
    outer loop
      vertex   -1.720772e+01 9.056150e+01 -4.732000e+00
      vertex   -1.721592e+01 9.056949e+01 -3.000000e+00
      vertex   -1.713498e+01 9.048577e+01 -3.000000e+00
    endloop
  endfacet
  facet normal 7.248412e-01 6.889159e-01 -3.151825e-04
    outer loop
      vertex   -1.720772e+01 9.056150e+01 -4.732000e+00
      vertex   -1.713498e+01 9.048577e+01 -3.000000e+00
      vertex   -1.712095e+01 9.047021e+01 -4.732000e+00
    endloop
  endfacet
  facet normal 7.695393e-01 6.385992e-01 4.988922e-04
    outer loop
      vertex   -1.712095e+01 9.047021e+01 -4.732000e+00
      vertex   -1.713498e+01 9.048577e+01 -3.000000e+00
      vertex   -1.698090e+01 9.030009e+01 -3.000000e+00
    endloop
  endfacet
  facet normal 7.756444e-01 6.311697e-01 -7.245297e-04
    outer loop
      vertex   -1.712095e+01 9.047021e+01 -4.732000e+00
      vertex   -1.698090e+01 9.030009e+01 -3.000000e+00
      vertex   -1.696088e+01 9.027349e+01 -4.732000e+00
    endloop
  endfacet
  facet normal 8.198540e-01 5.725723e-01 6.863601e-04
    outer loop
      vertex   -1.696088e+01 9.027349e+01 -4.732000e+00
      vertex   -1.698090e+01 9.030009e+01 -3.000000e+00
      vertex   -1.680462e+01 9.004767e+01 -3.000000e+00
    endloop
  endfacet
  facet normal 8.241050e-01 5.664369e-01 -4.970953e-04
    outer loop
      vertex   -1.696088e+01 9.027349e+01 -4.732000e+00
      vertex   -1.680462e+01 9.004767e+01 -3.000000e+00
      vertex   -1.679233e+01 9.002827e+01 -4.732000e+00
    endloop
  endfacet
  facet normal 8.642907e-01 5.029924e-01 4.985632e-04
    outer loop
      vertex   -1.679233e+01 9.002827e+01 -4.732000e+00
      vertex   -1.680462e+01 9.004767e+01 -3.000000e+00
      vertex   -1.660456e+01 8.970392e+01 -3.000000e+00
    endloop
  endfacet
  facet normal 8.654474e-01 5.009997e-01 1.799184e-12
    outer loop
      vertex   -1.679233e+01 9.002827e+01 -4.732000e+00
      vertex   -1.660456e+01 8.970392e+01 -3.000000e+00
      vertex   -1.660456e+01 8.970392e+01 -4.732000e+00
    endloop
  endfacet
  facet normal -1.624983e-01 -9.867088e-01 -7.762509e-15
    outer loop
      vertex   -1.564879e+01 9.106891e+01 -3.000000e+00
      vertex   -1.590119e+01 9.111048e+01 -3.000000e+00
      vertex   -1.564879e+01 9.106891e+01 -4.732000e+00
    endloop
  endfacet
  facet normal -1.625033e-01 -9.867080e-01 -7.485542e-07
    outer loop
      vertex   -1.564879e+01 9.106891e+01 -4.732000e+00
      vertex   -1.590119e+01 9.111048e+01 -3.000000e+00
      vertex   -1.590124e+01 9.111049e+01 -4.732000e+00
    endloop
  endfacet
  facet normal -2.126032e-01 -9.771386e-01 7.336635e-07
    outer loop
      vertex   -1.590124e+01 9.111049e+01 -4.732000e+00
      vertex   -1.590119e+01 9.111048e+01 -3.000000e+00
      vertex   -1.611919e+01 9.115791e+01 -3.000000e+00
    endloop
  endfacet
  facet normal -2.126187e-01 -9.771352e-01 -1.316771e-06
    outer loop
      vertex   -1.590124e+01 9.111049e+01 -4.732000e+00
      vertex   -1.611919e+01 9.115791e+01 -3.000000e+00
      vertex   -1.611928e+01 9.115793e+01 -4.732000e+00
    endloop
  endfacet
  facet normal -2.624781e-01 -9.649380e-01 1.344714e-06
    outer loop
      vertex   -1.611928e+01 9.115793e+01 -4.732000e+00
      vertex   -1.611919e+01 9.115791e+01 -3.000000e+00
      vertex   -1.630361e+01 9.120808e+01 -3.000000e+00
    endloop
  endfacet
  facet normal -2.625046e-01 -9.649307e-01 -1.692110e-06
    outer loop
      vertex   -1.611928e+01 9.115793e+01 -4.732000e+00
      vertex   -1.630361e+01 9.120808e+01 -3.000000e+00
      vertex   -1.630372e+01 9.120811e+01 -4.732000e+00
    endloop
  endfacet
  facet normal -3.117878e-01 -9.501518e-01 1.829373e-06
    outer loop
      vertex   -1.630372e+01 9.120811e+01 -4.732000e+00
      vertex   -1.630361e+01 9.120808e+01 -3.000000e+00
      vertex   -1.645527e+01 9.125784e+01 -3.000000e+00
    endloop
  endfacet
  facet normal -3.118262e-01 -9.501391e-01 -1.893721e-06
    outer loop
      vertex   -1.630372e+01 9.120811e+01 -4.732000e+00
      vertex   -1.645527e+01 9.125784e+01 -3.000000e+00
      vertex   -1.645540e+01 9.125789e+01 -4.732000e+00
    endloop
  endfacet
  facet normal -3.602662e-01 -9.328495e-01 2.159745e-06
    outer loop
      vertex   -1.645540e+01 9.125789e+01 -4.732000e+00
      vertex   -1.645527e+01 9.125784e+01 -3.000000e+00
      vertex   -1.657499e+01 9.130408e+01 -3.000000e+00
    endloop
  endfacet
  facet normal -3.603182e-01 -9.328294e-01 -1.971089e-06
    outer loop
      vertex   -1.645540e+01 9.125789e+01 -4.732000e+00
      vertex   -1.657499e+01 9.130408e+01 -3.000000e+00
      vertex   -1.657513e+01 9.130413e+01 -4.732000e+00
    endloop
  endfacet
  facet normal -4.078154e-01 -9.130644e-01 2.290434e-06
    outer loop
      vertex   -1.657513e+01 9.130413e+01 -4.732000e+00
      vertex   -1.657499e+01 9.130408e+01 -3.000000e+00
      vertex   -1.666360e+01 9.134366e+01 -3.000000e+00
    endloop
  endfacet
  facet normal -4.078854e-01 -9.130331e-01 -1.999379e-06
    outer loop
      vertex   -1.657513e+01 9.130413e+01 -4.732000e+00
      vertex   -1.666360e+01 9.134366e+01 -3.000000e+00
      vertex   -1.666372e+01 9.134371e+01 -4.732000e+00
    endloop
  endfacet
  facet normal -4.548579e-01 -8.905640e-01 2.182437e-06
    outer loop
      vertex   -1.666372e+01 9.134371e+01 -4.732000e+00
      vertex   -1.666360e+01 9.134366e+01 -3.000000e+00
      vertex   -1.672191e+01 9.137344e+01 -3.000000e+00
    endloop
  endfacet
  facet normal -4.549581e-01 -8.905128e-01 -2.064577e-06
    outer loop
      vertex   -1.666372e+01 9.134371e+01 -4.732000e+00
      vertex   -1.672191e+01 9.137344e+01 -3.000000e+00
      vertex   -1.672202e+01 9.137350e+01 -4.732000e+00
    endloop
  endfacet
  facet normal -5.011824e-01 -8.653417e-01 1.669739e-06
    outer loop
      vertex   -1.672202e+01 9.137350e+01 -4.732000e+00
      vertex   -1.672191e+01 9.137344e+01 -3.000000e+00
      vertex   -1.674785e+01 9.138846e+01 -3.000000e+00
    endloop
  endfacet
  facet normal -5.012662e-01 -8.652931e-01 -3.811183e-12
    outer loop
      vertex   -1.672202e+01 9.137350e+01 -4.732000e+00
      vertex   -1.674785e+01 9.138846e+01 -3.000000e+00
      vertex   -1.674785e+01 9.138846e+01 -4.732000e+00
    endloop
  endfacet
  facet normal 4.983556e-01 8.669727e-01 1.022237e-15
    outer loop
      vertex   -1.614817e+01 9.242715e+01 -3.000000e+00
      vertex   -1.612273e+01 9.241253e+01 -3.000000e+00
      vertex   -1.614817e+01 9.242715e+01 -4.732000e+00
    endloop
  endfacet
  facet normal 5.024065e-01 8.646315e-01 -7.925155e-05
    outer loop
      vertex   -1.614817e+01 9.242715e+01 -4.732000e+00
      vertex   -1.612273e+01 9.241253e+01 -3.000000e+00
      vertex   -1.611729e+01 9.240921e+01 -4.732000e+00
    endloop
  endfacet
  facet normal 5.408315e-01 8.411310e-01 8.649292e-05
    outer loop
      vertex   -1.611729e+01 9.240921e+01 -4.732000e+00
      vertex   -1.612273e+01 9.241253e+01 -3.000000e+00
      vertex   -1.607427e+01 9.238137e+01 -3.000000e+00
    endloop
  endfacet
  facet normal 5.469073e-01 8.371931e-01 -1.277154e-04
    outer loop
      vertex   -1.611729e+01 9.240921e+01 -4.732000e+00
      vertex   -1.607427e+01 9.238137e+01 -3.000000e+00
      vertex   -1.606481e+01 9.237492e+01 -4.732000e+00
    endloop
  endfacet
  facet normal 5.873818e-01 8.093099e-01 1.971872e-04
    outer loop
      vertex   -1.606481e+01 9.237492e+01 -4.732000e+00
      vertex   -1.607427e+01 9.238137e+01 -3.000000e+00
      vertex   -1.598002e+01 9.231297e+01 -3.000000e+00
    endloop
  endfacet
  facet normal 5.942002e-01 8.043171e-01 -3.151824e-04
    outer loop
      vertex   -1.606481e+01 9.237492e+01 -4.732000e+00
      vertex   -1.598002e+01 9.231297e+01 -3.000000e+00
      vertex   -1.596350e+01 9.230008e+01 -4.732000e+00
    endloop
  endfacet
  facet normal 6.469567e-01 7.625266e-01 4.988921e-04
    outer loop
      vertex   -1.596350e+01 9.230008e+01 -4.732000e+00
      vertex   -1.598002e+01 9.231297e+01 -3.000000e+00
      vertex   -1.579604e+01 9.215686e+01 -3.000000e+00
    endloop
  endfacet
  facet normal 6.542592e-01 7.562701e-01 -7.245292e-04
    outer loop
      vertex   -1.596350e+01 9.230008e+01 -4.732000e+00
      vertex   -1.579604e+01 9.215686e+01 -3.000000e+00
      vertex   -1.577170e+01 9.213415e+01 -4.732000e+00
    endloop
  endfacet
  facet normal 7.079724e-01 7.062398e-01 6.863596e-04
    outer loop
      vertex   -1.577170e+01 9.213415e+01 -4.732000e+00
      vertex   -1.579604e+01 9.215686e+01 -3.000000e+00
      vertex   -1.557860e+01 9.193889e+01 -3.000000e+00
    endloop
  endfacet
  facet normal 7.132242e-01 7.009358e-01 -4.970947e-04
    outer loop
      vertex   -1.577170e+01 9.213415e+01 -4.732000e+00
      vertex   -1.557860e+01 9.193889e+01 -3.000000e+00
      vertex   -1.556313e+01 9.192193e+01 -4.732000e+00
    endloop
  endfacet
  facet normal 7.638165e-01 6.454333e-01 4.985626e-04
    outer loop
      vertex   -1.556313e+01 9.192193e+01 -4.732000e+00
      vertex   -1.557860e+01 9.193889e+01 -3.000000e+00
      vertex   -1.532190e+01 9.163511e+01 -3.000000e+00
    endloop
  endfacet
  facet normal 7.653017e-01 6.436718e-01 2.649422e-12
    outer loop
      vertex   -1.556313e+01 9.192193e+01 -4.732000e+00
      vertex   -1.532190e+01 9.163511e+01 -3.000000e+00
      vertex   -1.532190e+01 9.163511e+01 -4.732000e+00
    endloop
  endfacet
  facet normal 1.131063e-02 -9.999360e-01 -8.192756e-15
    outer loop
      vertex   -1.461767e+01 9.314533e+01 -3.000000e+00
      vertex   -1.487345e+01 9.314243e+01 -3.000000e+00
      vertex   -1.461767e+01 9.314533e+01 -4.732000e+00
    endloop
  endfacet
  facet normal 1.130556e-02 -9.999361e-01 -7.485421e-07
    outer loop
      vertex   -1.461767e+01 9.314533e+01 -4.732000e+00
      vertex   -1.487345e+01 9.314243e+01 -3.000000e+00
      vertex   -1.487350e+01 9.314244e+01 -4.732000e+00
    endloop
  endfacet
  facet normal -3.969492e-02 -9.992118e-01 7.336533e-07
    outer loop
      vertex   -1.487350e+01 9.314244e+01 -4.732000e+00
      vertex   -1.487345e+01 9.314243e+01 -3.000000e+00
      vertex   -1.509638e+01 9.315129e+01 -3.000000e+00
    endloop
  endfacet
  facet normal -3.971083e-02 -9.992112e-01 -1.316750e-06
    outer loop
      vertex   -1.487350e+01 9.314244e+01 -4.732000e+00
      vertex   -1.509638e+01 9.315129e+01 -3.000000e+00
      vertex   -1.509647e+01 9.315130e+01 -4.732000e+00
    endloop
  endfacet
  facet normal -9.093073e-02 -9.958572e-01 1.344704e-06
    outer loop
      vertex   -1.509647e+01 9.315130e+01 -4.732000e+00
      vertex   -1.509638e+01 9.315129e+01 -3.000000e+00
      vertex   -1.528671e+01 9.316867e+01 -3.000000e+00
    endloop
  endfacet
  facet normal -9.095815e-02 -9.958547e-01 -1.692085e-06
    outer loop
      vertex   -1.509647e+01 9.315130e+01 -4.732000e+00
      vertex   -1.528671e+01 9.316867e+01 -3.000000e+00
      vertex   -1.528683e+01 9.316868e+01 -4.732000e+00
    endloop
  endfacet
  facet normal -1.420590e-01 -9.898582e-01 1.829373e-06
    outer loop
      vertex   -1.528683e+01 9.316868e+01 -4.732000e+00
      vertex   -1.528671e+01 9.316867e+01 -3.000000e+00
      vertex   -1.544471e+01 9.319134e+01 -3.000000e+00
    endloop
  endfacet
  facet normal -1.420990e-01 -9.898525e-01 -1.893696e-06
    outer loop
      vertex   -1.528683e+01 9.316868e+01 -4.732000e+00
      vertex   -1.544471e+01 9.319134e+01 -3.000000e+00
      vertex   -1.544484e+01 9.319137e+01 -4.732000e+00
    endloop
  endfacet
  facet normal -1.928053e-01 -9.812370e-01 2.159762e-06
    outer loop
      vertex   -1.544484e+01 9.319137e+01 -4.732000e+00
      vertex   -1.544471e+01 9.319134e+01 -3.000000e+00
      vertex   -1.557064e+01 9.321609e+01 -3.000000e+00
    endloop
  endfacet
  facet normal -1.928601e-01 -9.812263e-01 -1.971074e-06
    outer loop
      vertex   -1.544484e+01 9.319137e+01 -4.732000e+00
      vertex   -1.557064e+01 9.321609e+01 -3.000000e+00
      vertex   -1.557078e+01 9.321612e+01 -4.732000e+00
    endloop
  endfacet
  facet normal -2.430678e-01 -9.700093e-01 2.290471e-06
    outer loop
      vertex   -1.557078e+01 9.321612e+01 -4.732000e+00
      vertex   -1.557064e+01 9.321609e+01 -3.000000e+00
      vertex   -1.566477e+01 9.323968e+01 -3.000000e+00
    endloop
  endfacet
  facet normal -2.431422e-01 -9.699907e-01 -1.999392e-06
    outer loop
      vertex   -1.557078e+01 9.321612e+01 -4.732000e+00
      vertex   -1.566477e+01 9.323968e+01 -3.000000e+00
      vertex   -1.566490e+01 9.323971e+01 -4.732000e+00
    endloop
  endfacet
  facet normal -2.933027e-01 -9.560196e-01 2.182489e-06
    outer loop
      vertex   -1.566490e+01 9.323971e+01 -4.732000e+00
      vertex   -1.566477e+01 9.323968e+01 -3.000000e+00
      vertex   -1.572737e+01 9.325888e+01 -3.000000e+00
    endloop
  endfacet
  facet normal -2.934104e-01 -9.559866e-01 -2.064640e-06
    outer loop
      vertex   -1.566490e+01 9.323971e+01 -4.732000e+00
      vertex   -1.572737e+01 9.325888e+01 -3.000000e+00
      vertex   -1.572748e+01 9.325892e+01 -4.732000e+00
    endloop
  endfacet
  facet normal -3.433033e-01 -9.392246e-01 1.669796e-06
    outer loop
      vertex   -1.572748e+01 9.325892e+01 -4.732000e+00
      vertex   -1.572737e+01 9.325888e+01 -3.000000e+00
      vertex   -1.575552e+01 9.326917e+01 -3.000000e+00
    endloop
  endfacet
  facet normal -3.433943e-01 -9.391913e-01 -4.367474e-12
    outer loop
      vertex   -1.572748e+01 9.325892e+01 -4.732000e+00
      vertex   -1.575552e+01 9.326917e+01 -3.000000e+00
      vertex   -1.575552e+01 9.326917e+01 -4.732000e+00
    endloop
  endfacet
  facet normal 3.402363e-01 9.403400e-01 3.489498e-16
    outer loop
      vertex   -1.534531e+01 9.439621e+01 -3.000000e+00
      vertex   -1.531773e+01 9.438623e+01 -3.000000e+00
      vertex   -1.534531e+01 9.439621e+01 -4.732000e+00
    endloop
  endfacet
  facet normal 3.446322e-01 9.387378e-01 -7.925140e-05
    outer loop
      vertex   -1.534531e+01 9.439621e+01 -4.732000e+00
      vertex   -1.531773e+01 9.438623e+01 -3.000000e+00
      vertex   -1.531179e+01 9.438391e+01 -4.732000e+00
    endloop
  endfacet
  facet normal 3.865542e-01 9.222667e-01 8.649277e-05
    outer loop
      vertex   -1.531179e+01 9.438391e+01 -4.732000e+00
      vertex   -1.531773e+01 9.438623e+01 -3.000000e+00
      vertex   -1.526459e+01 9.436396e+01 -3.000000e+00
    endloop
  endfacet
  facet normal 3.932215e-01 9.194438e-01 -1.277153e-04
    outer loop
      vertex   -1.531179e+01 9.438391e+01 -4.732000e+00
      vertex   -1.526459e+01 9.436396e+01 -3.000000e+00
      vertex   -1.525415e+01 9.435926e+01 -4.732000e+00
    endloop
  endfacet
  facet normal 4.379230e-01 8.990125e-01 1.971870e-04
    outer loop
      vertex   -1.525415e+01 9.435926e+01 -4.732000e+00
      vertex   -1.526459e+01 9.436396e+01 -3.000000e+00
      vertex   -1.515990e+01 9.431296e+01 -3.000000e+00
    endloop
  endfacet
  facet normal 4.455048e-01 8.952795e-01 -3.151821e-04
    outer loop
      vertex   -1.525415e+01 9.435926e+01 -4.732000e+00
      vertex   -1.515990e+01 9.431296e+01 -3.000000e+00
      vertex   -1.514139e+01 9.430314e+01 -4.732000e+00
    endloop
  endfacet
  facet normal 5.047167e-01 8.632849e-01 4.988915e-04
    outer loop
      vertex   -1.514139e+01 9.430314e+01 -4.732000e+00
      vertex   -1.515990e+01 9.431296e+01 -3.000000e+00
      vertex   -1.495160e+01 9.419118e+01 -3.000000e+00
    endloop
  endfacet
  facet normal 5.129946e-01 8.583915e-01 -7.245282e-04
    outer loop
      vertex   -1.514139e+01 9.430314e+01 -4.732000e+00
      vertex   -1.495160e+01 9.419118e+01 -3.000000e+00
      vertex   -1.492369e+01 9.417304e+01 -4.732000e+00
    endloop
  endfacet
  facet normal 5.745795e-01 8.184485e-01 6.863586e-04
    outer loop
      vertex   -1.492369e+01 9.417304e+01 -4.732000e+00
      vertex   -1.495160e+01 9.419118e+01 -3.000000e+00
      vertex   -1.469962e+01 9.401428e+01 -3.000000e+00
    endloop
  endfacet
  facet normal 5.806725e-01 8.141371e-01 -4.970937e-04
    outer loop
      vertex   -1.492369e+01 9.417304e+01 -4.732000e+00
      vertex   -1.469962e+01 9.401428e+01 -3.000000e+00
      vertex   -1.468144e+01 9.400026e+01 -4.732000e+00
    endloop
  endfacet
  facet normal 6.401341e-01 7.682631e-01 4.985614e-04
    outer loop
      vertex   -1.468144e+01 9.400026e+01 -4.732000e+00
      vertex   -1.469962e+01 9.401428e+01 -3.000000e+00
      vertex   -1.439406e+01 9.375968e+01 -3.000000e+00
    endloop
  endfacet
  facet normal 6.419026e-01 7.667862e-01 3.431096e-12
    outer loop
      vertex   -1.468144e+01 9.400026e+01 -4.732000e+00
      vertex   -1.439406e+01 9.375968e+01 -3.000000e+00
      vertex   -1.439406e+01 9.375968e+01 -4.732000e+00
    endloop
  endfacet
  facet normal 1.847759e-01 -9.827807e-01 0.000000e+00
    outer loop
      vertex   -1.396278e+01 9.536925e+01 -3.000000e+00
      vertex   -1.421418e+01 9.532198e+01 -3.000000e+00
      vertex   -1.396278e+01 9.536925e+01 -4.732000e+00
    endloop
  endfacet
  facet normal 1.847709e-01 -9.827816e-01 -7.488208e-07
    outer loop
      vertex   -1.396278e+01 9.536925e+01 -4.732000e+00
      vertex   -1.421418e+01 9.532198e+01 -3.000000e+00
      vertex   -1.421423e+01 9.532198e+01 -4.732000e+00
    endloop
  endfacet
  facet normal 1.344195e-01 -9.909245e-01 7.339168e-07
    outer loop
      vertex   -1.421423e+01 9.532198e+01 -4.732000e+00
      vertex   -1.421418e+01 9.532198e+01 -3.000000e+00
      vertex   -1.443525e+01 9.529200e+01 -3.000000e+00
    endloop
  endfacet
  facet normal 1.344037e-01 -9.909267e-01 -1.317235e-06
    outer loop
      vertex   -1.421423e+01 9.532198e+01 -4.732000e+00
      vertex   -1.443525e+01 9.529200e+01 -3.000000e+00
      vertex   -1.443534e+01 9.529199e+01 -4.732000e+00
    endloop
  endfacet
  facet normal 8.337952e-02 -9.965179e-01 1.345137e-06
    outer loop
      vertex   -1.443534e+01 9.529199e+01 -4.732000e+00
      vertex   -1.443525e+01 9.529200e+01 -3.000000e+00
      vertex   -1.462571e+01 9.527606e+01 -3.000000e+00
    endloop
  endfacet
  facet normal 8.335207e-02 -9.965202e-01 -1.692703e-06
    outer loop
      vertex   -1.443534e+01 9.529199e+01 -4.732000e+00
      vertex   -1.462571e+01 9.527606e+01 -3.000000e+00
      vertex   -1.462583e+01 9.527605e+01 -4.732000e+00
    endloop
  endfacet
  facet normal 3.198633e-02 -9.994883e-01 1.829882e-06
    outer loop
      vertex   -1.462583e+01 9.527605e+01 -4.732000e+00
      vertex   -1.462571e+01 9.527606e+01 -3.000000e+00
      vertex   -1.478524e+01 9.527095e+01 -3.000000e+00
    endloop
  endfacet
  facet normal 3.194591e-02 -9.994896e-01 -1.894368e-06
    outer loop
      vertex   -1.462583e+01 9.527605e+01 -4.732000e+00
      vertex   -1.478524e+01 9.527095e+01 -3.000000e+00
      vertex   -1.478538e+01 9.527095e+01 -4.732000e+00
    endloop
  endfacet
  facet normal -1.948614e-02 -9.998101e-01 2.160260e-06
    outer loop
      vertex   -1.478538e+01 9.527095e+01 -4.732000e+00
      vertex   -1.478524e+01 9.527095e+01 -3.000000e+00
      vertex   -1.491356e+01 9.527346e+01 -3.000000e+00
    endloop
  endfacet
  facet normal -1.954195e-02 -9.998090e-01 -1.971705e-06
    outer loop
      vertex   -1.478538e+01 9.527095e+01 -4.732000e+00
      vertex   -1.491356e+01 9.527346e+01 -3.000000e+00
      vertex   -1.491370e+01 9.527346e+01 -4.732000e+00
    endloop
  endfacet
  facet normal -7.093472e-02 -9.974810e-01 2.290892e-06
    outer loop
      vertex   -1.491370e+01 9.527346e+01 -4.732000e+00
      vertex   -1.491356e+01 9.527346e+01 -3.000000e+00
      vertex   -1.501036e+01 9.528034e+01 -3.000000e+00
    endloop
  endfacet
  facet normal -7.101122e-02 -9.974755e-01 -1.999871e-06
    outer loop
      vertex   -1.491370e+01 9.527346e+01 -4.732000e+00
      vertex   -1.501036e+01 9.528034e+01 -3.000000e+00
      vertex   -1.501049e+01 9.528035e+01 -4.732000e+00
    endloop
  endfacet
  facet normal -1.228357e-01 -9.924270e-01 2.182790e-06
    outer loop
      vertex   -1.501049e+01 9.528035e+01 -4.732000e+00
      vertex   -1.501036e+01 9.528034e+01 -3.000000e+00
      vertex   -1.507534e+01 9.528838e+01 -3.000000e+00
    endloop
  endfacet
  facet normal -1.229475e-01 -9.924132e-01 -2.064841e-06
    outer loop
      vertex   -1.501049e+01 9.528035e+01 -4.732000e+00
      vertex   -1.507534e+01 9.528838e+01 -3.000000e+00
      vertex   -1.507546e+01 9.528840e+01 -4.732000e+00
    endloop
  endfacet
  facet normal -1.749931e-01 -9.845697e-01 1.669925e-06
    outer loop
      vertex   -1.507546e+01 9.528840e+01 -4.732000e+00
      vertex   -1.507534e+01 9.528838e+01 -3.000000e+00
      vertex   -1.510485e+01 9.529363e+01 -3.000000e+00
    endloop
  endfacet
  facet normal -1.750885e-01 -9.845527e-01 -4.806999e-12
    outer loop
      vertex   -1.507546e+01 9.528840e+01 -4.732000e+00
      vertex   -1.510485e+01 9.529363e+01 -3.000000e+00
      vertex   -1.510485e+01 9.529363e+01 -4.732000e+00
    endloop
  endfacet
  facet normal 1.717790e-01 9.851355e-01 1.761783e-16
    outer loop
      vertex   -1.489658e+01 9.647478e+01 -3.000000e+00
      vertex   -1.486768e+01 9.646974e+01 -3.000000e+00
      vertex   -1.489658e+01 9.647478e+01 -4.732000e+00
    endloop
  endfacet
  facet normal 1.763863e-01 9.843210e-01 -7.925150e-05
    outer loop
      vertex   -1.489658e+01 9.647478e+01 -4.732000e+00
      vertex   -1.486768e+01 9.646974e+01 -3.000000e+00
      vertex   -1.486143e+01 9.646848e+01 -4.732000e+00
    endloop
  endfacet
  facet normal 2.205316e-01 9.753798e-01 8.649287e-05
    outer loop
      vertex   -1.486143e+01 9.646848e+01 -4.732000e+00
      vertex   -1.486768e+01 9.646974e+01 -3.000000e+00
      vertex   -1.481149e+01 9.645703e+01 -3.000000e+00
    endloop
  endfacet
  facet normal 2.275879e-01 9.737575e-01 -1.277153e-04
    outer loop
      vertex   -1.486143e+01 9.646848e+01 -4.732000e+00
      vertex   -1.481149e+01 9.645703e+01 -3.000000e+00
      vertex   -1.480039e+01 9.645421e+01 -4.732000e+00
    endloop
  endfacet
  facet normal 2.751580e-01 9.613990e-01 1.971870e-04
    outer loop
      vertex   -1.480039e+01 9.645421e+01 -4.732000e+00
      vertex   -1.481149e+01 9.645703e+01 -3.000000e+00
      vertex   -1.469953e+01 9.642499e+01 -3.000000e+00
    endloop
  endfacet
  facet normal 2.832729e-01 9.590393e-01 -3.151822e-04
    outer loop
      vertex   -1.480039e+01 9.645421e+01 -4.732000e+00
      vertex   -1.469953e+01 9.642499e+01 -3.000000e+00
      vertex   -1.467960e+01 9.641853e+01 -4.732000e+00
    endloop
  endfacet
  facet normal 3.471410e-01 9.378128e-01 4.988918e-04
    outer loop
      vertex   -1.467960e+01 9.641853e+01 -4.732000e+00
      vertex   -1.469953e+01 9.642499e+01 -3.000000e+00
      vertex   -1.447325e+01 9.634123e+01 -3.000000e+00
    endloop
  endfacet
  facet normal 3.561429e-01 9.344312e-01 -7.245288e-04
    outer loop
      vertex   -1.467960e+01 9.641853e+01 -4.732000e+00
      vertex   -1.447325e+01 9.634123e+01 -3.000000e+00
      vertex   -1.444261e+01 9.632821e+01 -4.732000e+00
    endloop
  endfacet
  facet normal 4.237282e-01 9.057891e-01 6.863591e-04
    outer loop
      vertex   -1.444261e+01 9.632821e+01 -4.732000e+00
      vertex   -1.447325e+01 9.634123e+01 -3.000000e+00
      vertex   -1.419438e+01 9.621077e+01 -3.000000e+00
    endloop
  endfacet
  facet normal 4.304774e-01 9.026012e-01 -4.970943e-04
    outer loop
      vertex   -1.444261e+01 9.632821e+01 -4.732000e+00
      vertex   -1.419438e+01 9.621077e+01 -3.000000e+00
      vertex   -1.417403e+01 9.620012e+01 -4.732000e+00
    endloop
  endfacet
  facet normal 4.970015e-01 8.677495e-01 4.985620e-04
    outer loop
      vertex   -1.417403e+01 9.620012e+01 -4.732000e+00
      vertex   -1.419438e+01 9.621077e+01 -3.000000e+00
      vertex   -1.384925e+01 9.601310e+01 -3.000000e+00
    endloop
  endfacet
  facet normal 4.989996e-01 8.666022e-01 4.116584e-12
    outer loop
      vertex   -1.417403e+01 9.620012e+01 -4.732000e+00
      vertex   -1.384925e+01 9.601310e+01 -3.000000e+00
      vertex   -1.384925e+01 9.601310e+01 -4.732000e+00
    endloop
  endfacet
  facet normal 3.526268e-01 -9.357640e-01 -6.954518e-15
    outer loop
      vertex   -1.370402e+01 9.767311e+01 -3.000000e+00
      vertex   -1.394339e+01 9.758290e+01 -3.000000e+00
      vertex   -1.370402e+01 9.767311e+01 -4.732000e+00
    endloop
  endfacet
  facet normal 3.526220e-01 -9.357658e-01 -7.492530e-07
    outer loop
      vertex   -1.370402e+01 9.767311e+01 -4.732000e+00
      vertex   -1.394339e+01 9.758290e+01 -3.000000e+00
      vertex   -1.394344e+01 9.758289e+01 -4.732000e+00
    endloop
  endfacet
  facet normal 3.044496e-01 -9.525285e-01 7.343236e-07
    outer loop
      vertex   -1.394344e+01 9.758289e+01 -4.732000e+00
      vertex   -1.394339e+01 9.758290e+01 -3.000000e+00
      vertex   -1.415590e+01 9.751498e+01 -3.000000e+00
    endloop
  endfacet
  facet normal 3.044344e-01 -9.525333e-01 -1.317985e-06
    outer loop
      vertex   -1.394344e+01 9.758289e+01 -4.732000e+00
      vertex   -1.415590e+01 9.751498e+01 -3.000000e+00
      vertex   -1.415599e+01 9.751496e+01 -4.732000e+00
    endloop
  endfacet
  facet normal 2.551563e-01 -9.668998e-01 1.345795e-06
    outer loop
      vertex   -1.415599e+01 9.751496e+01 -4.732000e+00
      vertex   -1.415590e+01 9.751498e+01 -3.000000e+00
      vertex   -1.434069e+01 9.746622e+01 -3.000000e+00
    endloop
  endfacet
  facet normal 2.551297e-01 -9.669068e-01 -1.693659e-06
    outer loop
      vertex   -1.415599e+01 9.751496e+01 -4.732000e+00
      vertex   -1.434069e+01 9.746622e+01 -3.000000e+00
      vertex   -1.434081e+01 9.746619e+01 -4.732000e+00
    endloop
  endfacet
  facet normal 2.050597e-01 -9.787495e-01 1.830634e-06
    outer loop
      vertex   -1.434081e+01 9.746619e+01 -4.732000e+00
      vertex   -1.434069e+01 9.746622e+01 -3.000000e+00
      vertex   -1.449692e+01 9.743349e+01 -3.000000e+00
    endloop
  endfacet
  facet normal 2.050201e-01 -9.787578e-01 -1.895402e-06
    outer loop
      vertex   -1.434081e+01 9.746619e+01 -4.732000e+00
      vertex   -1.449692e+01 9.743349e+01 -3.000000e+00
      vertex   -1.449705e+01 9.743346e+01 -4.732000e+00
    endloop
  endfacet
  facet normal 1.544251e-01 -9.880045e-01 2.160967e-06
    outer loop
      vertex   -1.449705e+01 9.743346e+01 -4.732000e+00
      vertex   -1.449692e+01 9.743349e+01 -3.000000e+00
      vertex   -1.462372e+01 9.741367e+01 -3.000000e+00
    endloop
  endfacet
  facet normal 1.543699e-01 -9.880131e-01 -1.972662e-06
    outer loop
      vertex   -1.449705e+01 9.743346e+01 -4.732000e+00
      vertex   -1.462372e+01 9.741367e+01 -3.000000e+00
      vertex   -1.462386e+01 9.741365e+01 -4.732000e+00
    endloop
  endfacet
  facet normal 1.033537e-01 -9.946447e-01 2.291452e-06
    outer loop
      vertex   -1.462386e+01 9.741365e+01 -4.732000e+00
      vertex   -1.462372e+01 9.741367e+01 -3.000000e+00
      vertex   -1.472024e+01 9.740364e+01 -3.000000e+00
    endloop
  endfacet
  facet normal 1.032774e-01 -9.946526e-01 -2.000555e-06
    outer loop
      vertex   -1.462386e+01 9.741365e+01 -4.732000e+00
      vertex   -1.472024e+01 9.740364e+01 -3.000000e+00
      vertex   -1.472038e+01 9.740363e+01 -4.732000e+00
    endloop
  endfacet
  facet normal 5.136357e-02 -9.986800e-01 2.183148e-06
    outer loop
      vertex   -1.472038e+01 9.740363e+01 -4.732000e+00
      vertex   -1.472024e+01 9.740364e+01 -3.000000e+00
      vertex   -1.478563e+01 9.740027e+01 -3.000000e+00
    endloop
  endfacet
  facet normal 5.125110e-02 -9.986858e-01 -2.065029e-06
    outer loop
      vertex   -1.472038e+01 9.740363e+01 -4.732000e+00
      vertex   -1.478563e+01 9.740027e+01 -3.000000e+00
      vertex   -1.478576e+01 9.740027e+01 -4.732000e+00
    endloop
  endfacet
  facet normal -1.365806e-03 -9.999991e-01 1.670018e-06
    outer loop
      vertex   -1.478576e+01 9.740027e+01 -4.732000e+00
      vertex   -1.478563e+01 9.740027e+01 -3.000000e+00
      vertex   -1.481561e+01 9.740031e+01 -3.000000e+00
    endloop
  endfacet
  facet normal -1.462694e-03 -9.999989e-01 -5.094449e-12
    outer loop
      vertex   -1.478576e+01 9.740027e+01 -4.732000e+00
      vertex   -1.481561e+01 9.740031e+01 -3.000000e+00
      vertex   -1.481561e+01 9.740031e+01 -4.732000e+00
    endloop
  endfacet
  facet normal -1.897708e-03 9.999982e-01 8.202920e-15
    outer loop
      vertex   -1.481561e+01 9.859969e+01 -3.000000e+00
      vertex   -1.478627e+01 9.859974e+01 -3.000000e+00
      vertex   -1.481561e+01 9.859969e+01 -4.732000e+00
    endloop
  endfacet
  facet normal 2.781070e-03 9.999961e-01 -7.925141e-05
    outer loop
      vertex   -1.481561e+01 9.859969e+01 -4.732000e+00
      vertex   -1.478627e+01 9.859974e+01 -3.000000e+00
      vertex   -1.477990e+01 9.859959e+01 -4.732000e+00
    endloop
  endfacet
  facet normal 4.780833e-02 9.988565e-01 8.649278e-05
    outer loop
      vertex   -1.477990e+01 9.859959e+01 -4.732000e+00
      vertex   -1.478627e+01 9.859974e+01 -3.000000e+00
      vertex   -1.472872e+01 9.859699e+01 -3.000000e+00
    endloop
  endfacet
  facet normal 5.503907e-02 9.984842e-01 -1.277153e-04
    outer loop
      vertex   -1.477990e+01 9.859959e+01 -4.732000e+00
      vertex   -1.472872e+01 9.859699e+01 -3.000000e+00
      vertex   -1.471731e+01 9.859614e+01 -4.732000e+00
    endloop
  endfacet
  facet normal 1.040326e-01 9.945739e-01 1.971870e-04
    outer loop
      vertex   -1.471731e+01 9.859614e+01 -4.732000e+00
      vertex   -1.472872e+01 9.859699e+01 -3.000000e+00
      vertex   -1.461290e+01 9.858487e+01 -3.000000e+00
    endloop
  endfacet
  facet normal 1.124339e-01 9.936592e-01 -3.151823e-04
    outer loop
      vertex   -1.471731e+01 9.859614e+01 -4.732000e+00
      vertex   -1.461290e+01 9.858487e+01 -3.000000e+00
      vertex   -1.459215e+01 9.858197e+01 -4.732000e+00
    endloop
  endfacet
  facet normal 1.790177e-01 9.838457e-01 4.988919e-04
    outer loop
      vertex   -1.459215e+01 9.858197e+01 -4.732000e+00
      vertex   -1.461290e+01 9.858487e+01 -3.000000e+00
      vertex   -1.437551e+01 9.854168e+01 -3.000000e+00
    endloop
  endfacet
  facet normal 1.884700e-01 9.820787e-01 -7.245287e-04
    outer loop
      vertex   -1.459215e+01 9.858197e+01 -4.732000e+00
      vertex   -1.437551e+01 9.854168e+01 -3.000000e+00
      vertex   -1.434308e+01 9.853418e+01 -4.732000e+00
    endloop
  endfacet
  facet normal 2.600022e-01 9.656078e-01 6.863590e-04
    outer loop
      vertex   -1.434308e+01 9.853418e+01 -4.732000e+00
      vertex   -1.437551e+01 9.854168e+01 -3.000000e+00
      vertex   -1.407823e+01 9.846163e+01 -3.000000e+00
    endloop
  endfacet
  facet normal 2.672024e-01 9.636403e-01 -4.970940e-04
    outer loop
      vertex   -1.434308e+01 9.853418e+01 -4.732000e+00
      vertex   -1.407823e+01 9.846163e+01 -3.000000e+00
      vertex   -1.405634e+01 9.845467e+01 -4.732000e+00
    endloop
  endfacet
  facet normal 3.387678e-01 9.408699e-01 4.985617e-04
    outer loop
      vertex   -1.405634e+01 9.845467e+01 -4.732000e+00
      vertex   -1.407823e+01 9.846163e+01 -3.000000e+00
      vertex   -1.370402e+01 9.832689e+01 -3.000000e+00
    endloop
  endfacet
  facet normal 3.409348e-01 9.400870e-01 4.683448e-12
    outer loop
      vertex   -1.405634e+01 9.845467e+01 -4.732000e+00
      vertex   -1.370402e+01 9.832689e+01 -3.000000e+00
      vertex   -1.370402e+01 9.832689e+01 -4.732000e+00
    endloop
  endfacet
  facet normal 5.097633e-01 -8.603147e-01 7.058780e-15
    outer loop
      vertex   -1.384925e+01 9.998690e+01 -3.000000e+00
      vertex   -1.406932e+01 9.985650e+01 -3.000000e+00
      vertex   -1.384925e+01 9.998690e+01 -4.732000e+00
    endloop
  endfacet
  facet normal 5.097589e-01 -8.603173e-01 -7.489874e-07
    outer loop
      vertex   -1.384925e+01 9.998690e+01 -4.732000e+00
      vertex   -1.406932e+01 9.985650e+01 -3.000000e+00
      vertex   -1.406936e+01 9.985647e+01 -4.732000e+00
    endloop
  endfacet
  facet normal 4.652291e-01 -8.851903e-01 7.340724e-07
    outer loop
      vertex   -1.406936e+01 9.985647e+01 -4.732000e+00
      vertex   -1.406932e+01 9.985650e+01 -3.000000e+00
      vertex   -1.426681e+01 9.975270e+01 -3.000000e+00
    endloop
  endfacet
  facet normal 4.652150e-01 -8.851977e-01 -1.317523e-06
    outer loop
      vertex   -1.406936e+01 9.985647e+01 -4.732000e+00
      vertex   -1.426681e+01 9.975270e+01 -3.000000e+00
      vertex   -1.426689e+01 9.975267e+01 -4.732000e+00
    endloop
  endfacet
  facet normal 4.191803e-01 -9.079030e-01 1.345382e-06
    outer loop
      vertex   -1.426689e+01 9.975267e+01 -4.732000e+00
      vertex   -1.426681e+01 9.975270e+01 -3.000000e+00
      vertex   -1.444033e+01 9.967259e+01 -3.000000e+00
    endloop
  endfacet
  facet normal 4.191553e-01 -9.079146e-01 -1.693070e-06
    outer loop
      vertex   -1.426689e+01 9.975267e+01 -4.732000e+00
      vertex   -1.444033e+01 9.967259e+01 -3.000000e+00
      vertex   -1.444044e+01 9.967254e+01 -4.732000e+00
    endloop
  endfacet
  facet normal 3.719025e-01 -9.282718e-01 1.830149e-06
    outer loop
      vertex   -1.444044e+01 9.967254e+01 -4.732000e+00
      vertex   -1.444033e+01 9.967259e+01 -3.000000e+00
      vertex   -1.458849e+01 9.961323e+01 -3.000000e+00
    endloop
  endfacet
  facet normal 3.718649e-01 -9.282869e-01 -1.894762e-06
    outer loop
      vertex   -1.444044e+01 9.967254e+01 -4.732000e+00
      vertex   -1.458849e+01 9.961323e+01 -3.000000e+00
      vertex   -1.458862e+01 9.961318e+01 -4.732000e+00
    endloop
  endfacet
  facet normal 3.236442e-01 -9.461788e-01 2.160492e-06
    outer loop
      vertex   -1.458862e+01 9.961318e+01 -4.732000e+00
      vertex   -1.458849e+01 9.961323e+01 -3.000000e+00
      vertex   -1.470993e+01 9.957169e+01 -3.000000e+00
    endloop
  endfacet
  facet normal 3.235914e-01 -9.461969e-01 -1.972060e-06
    outer loop
      vertex   -1.458862e+01 9.961318e+01 -4.732000e+00
      vertex   -1.470993e+01 9.957169e+01 -3.000000e+00
      vertex   -1.471006e+01 9.957165e+01 -4.732000e+00
    endloop
  endfacet
  facet normal 2.745018e-01 -9.615866e-01 2.291050e-06
    outer loop
      vertex   -1.471006e+01 9.957165e+01 -4.732000e+00
      vertex   -1.470993e+01 9.957169e+01 -3.000000e+00
      vertex   -1.480324e+01 9.954505e+01 -3.000000e+00
    endloop
  endfacet
  facet normal 2.744280e-01 -9.616076e-01 -2.000098e-06
    outer loop
      vertex   -1.471006e+01 9.957165e+01 -4.732000e+00
      vertex   -1.480324e+01 9.954505e+01 -3.000000e+00
      vertex   -1.480338e+01 9.954502e+01 -4.732000e+00
    endloop
  endfacet
  facet normal 2.240022e-01 -9.745886e-01 2.182860e-06
    outer loop
      vertex   -1.480338e+01 9.954502e+01 -4.732000e+00
      vertex   -1.480324e+01 9.954505e+01 -3.000000e+00
      vertex   -1.486705e+01 9.953039e+01 -3.000000e+00
    endloop
  endfacet
  facet normal 2.238925e-01 -9.746139e-01 -2.064837e-06
    outer loop
      vertex   -1.480338e+01 9.954502e+01 -4.732000e+00
      vertex   -1.486705e+01 9.953039e+01 -3.000000e+00
      vertex   -1.486718e+01 9.953036e+01 -4.732000e+00
    endloop
  endfacet
  facet normal 1.723030e-01 -9.850440e-01 1.669895e-06
    outer loop
      vertex   -1.486718e+01 9.953036e+01 -4.732000e+00
      vertex   -1.486705e+01 9.953039e+01 -3.000000e+00
      vertex   -1.489658e+01 9.952522e+01 -3.000000e+00
    endloop
  endfacet
  facet normal 1.722075e-01 -9.850607e-01 -5.223576e-12
    outer loop
      vertex   -1.486718e+01 9.953036e+01 -4.732000e+00
      vertex   -1.489658e+01 9.952522e+01 -3.000000e+00
      vertex   -1.489658e+01 9.952522e+01 -4.732000e+00
    endloop
  endfacet
  facet normal -1.755167e-01 9.844764e-01 0.000000e+00
    outer loop
      vertex   -1.510485e+01 1.007064e+02 -3.000000e+00
      vertex   -1.507597e+01 1.007115e+02 -3.000000e+00
      vertex   -1.510485e+01 1.007064e+02 -4.732000e+00
    endloop
  endfacet
  facet normal -1.709087e-01 9.852869e-01 -7.925134e-05
    outer loop
      vertex   -1.510485e+01 1.007064e+02 -4.732000e+00
      vertex   -1.507597e+01 1.007115e+02 -3.000000e+00
      vertex   -1.506967e+01 1.007125e+02 -4.732000e+00
    endloop
  endfacet
  facet normal -1.263676e-01 9.919835e-01 8.649270e-05
    outer loop
      vertex   -1.506967e+01 1.007125e+02 -4.732000e+00
      vertex   -1.507597e+01 1.007115e+02 -3.000000e+00
      vertex   -1.501882e+01 1.007188e+02 -3.000000e+00
    endloop
  endfacet
  facet normal -1.191821e-01 9.928724e-01 -1.277153e-04
    outer loop
      vertex   -1.506967e+01 1.007125e+02 -4.732000e+00
      vertex   -1.501882e+01 1.007188e+02 -3.000000e+00
      vertex   -1.500743e+01 1.007199e+02 -4.732000e+00
    endloop
  endfacet
  facet normal -7.025384e-02 9.975291e-01 1.971871e-04
    outer loop
      vertex   -1.500743e+01 1.007199e+02 -4.732000e+00
      vertex   -1.501882e+01 1.007188e+02 -3.000000e+00
      vertex   -1.490265e+01 1.007270e+02 -3.000000e+00
    endloop
  endfacet
  facet normal -6.182132e-02 9.980872e-01 -3.151823e-04
    outer loop
      vertex   -1.500743e+01 1.007199e+02 -4.732000e+00
      vertex   -1.490265e+01 1.007270e+02 -3.000000e+00
      vertex   -1.488172e+01 1.007277e+02 -4.732000e+00
    endloop
  endfacet
  facet normal 5.454984e-03 9.999850e-01 4.988918e-04
    outer loop
      vertex   -1.488172e+01 1.007277e+02 -4.732000e+00
      vertex   -1.490265e+01 1.007270e+02 -3.000000e+00
      vertex   -1.466137e+01 1.007257e+02 -3.000000e+00
    endloop
  endfacet
  facet normal 1.507058e-02 9.998862e-01 -7.245294e-04
    outer loop
      vertex   -1.488172e+01 1.007277e+02 -4.732000e+00
      vertex   -1.466137e+01 1.007257e+02 -3.000000e+00
      vertex   -1.462813e+01 1.007239e+02 -4.732000e+00
    endloop
  endfacet
  facet normal 8.837614e-02 9.960869e-01 6.863598e-04
    outer loop
      vertex   -1.462813e+01 1.007239e+02 -4.732000e+00
      vertex   -1.466137e+01 1.007257e+02 -3.000000e+00
      vertex   -1.435470e+01 1.006985e+02 -3.000000e+00
    endloop
  endfacet
  facet normal 9.580862e-02 9.953996e-01 -4.970950e-04
    outer loop
      vertex   -1.462813e+01 1.007239e+02 -4.732000e+00
      vertex   -1.435470e+01 1.006985e+02 -3.000000e+00
      vertex   -1.433194e+01 1.006954e+02 -4.732000e+00
    endloop
  endfacet
  facet normal 1.702408e-01 9.854024e-01 4.985629e-04
    outer loop
      vertex   -1.433194e+01 1.006954e+02 -4.732000e+00
      vertex   -1.435470e+01 1.006985e+02 -3.000000e+00
      vertex   -1.396278e+01 1.006307e+02 -3.000000e+00
    endloop
  endfacet
  facet normal 1.725108e-01 9.850076e-01 5.105756e-12
    outer loop
      vertex   -1.433194e+01 1.006954e+02 -4.732000e+00
      vertex   -1.396278e+01 1.006307e+02 -3.000000e+00
      vertex   -1.396278e+01 1.006307e+02 -4.732000e+00
    endloop
  endfacet
  facet normal 6.514109e-01 -7.587251e-01 2.004281e-15
    outer loop
      vertex   -1.439406e+01 1.022403e+02 -3.000000e+00
      vertex   -1.458814e+01 1.020737e+02 -3.000000e+00
      vertex   -1.439406e+01 1.022403e+02 -4.732000e+00
    endloop
  endfacet
  facet normal 6.514071e-01 -7.587284e-01 -7.492819e-07
    outer loop
      vertex   -1.439406e+01 1.022403e+02 -4.732000e+00
      vertex   -1.458814e+01 1.020737e+02 -3.000000e+00
      vertex   -1.458818e+01 1.020737e+02 -4.732000e+00
    endloop
  endfacet
  facet normal 6.118729e-01 -7.909561e-01 7.343497e-07
    outer loop
      vertex   -1.458818e+01 1.020737e+02 -4.732000e+00
      vertex   -1.458814e+01 1.020737e+02 -3.000000e+00
      vertex   -1.476461e+01 1.019372e+02 -3.000000e+00
    endloop
  endfacet
  facet normal 6.118603e-01 -7.909658e-01 -1.318035e-06
    outer loop
      vertex   -1.458818e+01 1.020737e+02 -4.732000e+00
      vertex   -1.476461e+01 1.019372e+02 -3.000000e+00
      vertex   -1.476468e+01 1.019371e+02 -4.732000e+00
    endloop
  endfacet
  facet normal 5.704677e-01 -8.213200e-01 1.345832e-06
    outer loop
      vertex   -1.476468e+01 1.019371e+02 -4.732000e+00
      vertex   -1.476461e+01 1.019372e+02 -3.000000e+00
      vertex   -1.492158e+01 1.018281e+02 -3.000000e+00
    endloop
  endfacet
  facet normal 5.704451e-01 -8.213357e-01 -1.693722e-06
    outer loop
      vertex   -1.476468e+01 1.019371e+02 -4.732000e+00
      vertex   -1.492158e+01 1.018281e+02 -3.000000e+00
      vertex   -1.492168e+01 1.018281e+02 -4.732000e+00
    endloop
  endfacet
  facet normal 5.274451e-01 -8.495891e-01 1.830666e-06
    outer loop
      vertex   -1.492168e+01 1.018281e+02 -4.732000e+00
      vertex   -1.492158e+01 1.018281e+02 -3.000000e+00
      vertex   -1.505719e+01 1.017440e+02 -3.000000e+00
    endloop
  endfacet
  facet normal 5.274108e-01 -8.496104e-01 -1.895468e-06
    outer loop
      vertex   -1.492168e+01 1.018281e+02 -4.732000e+00
      vertex   -1.505719e+01 1.017440e+02 -3.000000e+00
      vertex   -1.505730e+01 1.017439e+02 -4.732000e+00
    endloop
  endfacet
  facet normal 4.830296e-01 -8.756040e-01 2.160982e-06
    outer loop
      vertex   -1.505730e+01 1.017439e+02 -4.732000e+00
      vertex   -1.505719e+01 1.017440e+02 -3.000000e+00
      vertex   -1.516956e+01 1.016820e+02 -3.000000e+00
    endloop
  endfacet
  facet normal 4.829807e-01 -8.756310e-01 -1.972716e-06
    outer loop
      vertex   -1.505730e+01 1.017439e+02 -4.732000e+00
      vertex   -1.516956e+01 1.016820e+02 -3.000000e+00
      vertex   -1.516969e+01 1.016819e+02 -4.732000e+00
    endloop
  endfacet
  facet normal 4.373092e-01 -8.993112e-01 2.291443e-06
    outer loop
      vertex   -1.516969e+01 1.016819e+02 -4.732000e+00
      vertex   -1.516956e+01 1.016820e+02 -3.000000e+00
      vertex   -1.525683e+01 1.016395e+02 -3.000000e+00
    endloop
  endfacet
  facet normal 4.372402e-01 -8.993447e-01 -2.000575e-06
    outer loop
      vertex   -1.516969e+01 1.016819e+02 -4.732000e+00
      vertex   -1.525683e+01 1.016395e+02 -3.000000e+00
      vertex   -1.525696e+01 1.016395e+02 -4.732000e+00
    endloop
  endfacet
  facet normal 3.898347e-01 -9.208849e-01 2.183118e-06
    outer loop
      vertex   -1.525696e+01 1.016395e+02 -4.732000e+00
      vertex   -1.525683e+01 1.016395e+02 -3.000000e+00
      vertex   -1.531713e+01 1.016140e+02 -3.000000e+00
    endloop
  endfacet
  facet normal 3.897310e-01 -9.209288e-01 -2.064984e-06
    outer loop
      vertex   -1.525696e+01 1.016395e+02 -4.732000e+00
      vertex   -1.531713e+01 1.016140e+02 -3.000000e+00
      vertex   -1.531724e+01 1.016140e+02 -4.732000e+00
    endloop
  endfacet
  facet normal 3.407364e-01 -9.401589e-01 1.669974e-06
    outer loop
      vertex   -1.531724e+01 1.016140e+02 -4.732000e+00
      vertex   -1.531713e+01 1.016140e+02 -3.000000e+00
      vertex   -1.534531e+01 1.016038e+02 -3.000000e+00
    endloop
  endfacet
  facet normal 3.406453e-01 -9.401919e-01 -5.177626e-12
    outer loop
      vertex   -1.531724e+01 1.016140e+02 -4.732000e+00
      vertex   -1.534531e+01 1.016038e+02 -3.000000e+00
      vertex   -1.534531e+01 1.016038e+02 -4.732000e+00
    endloop
  endfacet
  facet normal -3.438028e-01 9.390419e-01 -3.526076e-16
    outer loop
      vertex   -1.575552e+01 1.027308e+02 -3.000000e+00
      vertex   -1.572797e+01 1.027409e+02 -3.000000e+00
      vertex   -1.575552e+01 1.027308e+02 -4.732000e+00
    endloop
  endfacet
  facet normal -3.394055e-01 9.406402e-01 -7.925138e-05
    outer loop
      vertex   -1.575552e+01 1.027308e+02 -4.732000e+00
      vertex   -1.572797e+01 1.027409e+02 -3.000000e+00
      vertex   -1.572193e+01 1.027429e+02 -4.732000e+00
    endloop
  endfacet
  facet normal -2.967039e-01 9.549695e-01 8.649275e-05
    outer loop
      vertex   -1.572193e+01 1.027429e+02 -4.732000e+00
      vertex   -1.572797e+01 1.027409e+02 -3.000000e+00
      vertex   -1.567295e+01 1.027580e+02 -3.000000e+00
    endloop
  endfacet
  facet normal -2.897819e-01 9.570927e-01 -1.277152e-04
    outer loop
      vertex   -1.572193e+01 1.027429e+02 -4.732000e+00
      vertex   -1.567295e+01 1.027580e+02 -3.000000e+00
      vertex   -1.566193e+01 1.027611e+02 -4.732000e+00
    endloop
  endfacet
  facet normal -2.424056e-01 9.701750e-01 1.971869e-04
    outer loop
      vertex   -1.566193e+01 1.027611e+02 -4.732000e+00
      vertex   -1.567295e+01 1.027580e+02 -3.000000e+00
      vertex   -1.555997e+01 1.027862e+02 -3.000000e+00
    endloop
  endfacet
  facet normal -2.341981e-01 9.721888e-01 -3.151820e-04
    outer loop
      vertex   -1.566193e+01 1.027611e+02 -4.732000e+00
      vertex   -1.555997e+01 1.027862e+02 -3.000000e+00
      vertex   -1.553949e+01 1.027906e+02 -4.732000e+00
    endloop
  endfacet
  facet normal -1.682734e-01 9.857402e-01 4.988914e-04
    outer loop
      vertex   -1.553949e+01 1.027906e+02 -4.732000e+00
      vertex   -1.555997e+01 1.027862e+02 -3.000000e+00
      vertex   -1.532213e+01 1.028268e+02 -3.000000e+00
    endloop
  endfacet
  facet normal -1.587868e-01 9.873126e-01 -7.245286e-04
    outer loop
      vertex   -1.553949e+01 1.027906e+02 -4.732000e+00
      vertex   -1.532213e+01 1.028268e+02 -3.000000e+00
      vertex   -1.528908e+01 1.028309e+02 -4.732000e+00
    endloop
  endfacet
  facet normal -8.593516e-02 9.963005e-01 6.863586e-04
    outer loop
      vertex   -1.528908e+01 1.028309e+02 -4.732000e+00
      vertex   -1.532213e+01 1.028268e+02 -3.000000e+00
      vertex   -1.501539e+01 1.028533e+02 -3.000000e+00
    endloop
  endfacet
  facet normal -7.849626e-02 9.969143e-01 -4.970941e-04
    outer loop
      vertex   -1.528908e+01 1.028309e+02 -4.732000e+00
      vertex   -1.501539e+01 1.028533e+02 -3.000000e+00
      vertex   -1.499245e+01 1.028542e+02 -4.732000e+00
    endloop
  endfacet
  facet normal -3.458820e-03 9.999939e-01 4.985615e-04
    outer loop
      vertex   -1.499245e+01 1.028542e+02 -4.732000e+00
      vertex   -1.501539e+01 1.028533e+02 -3.000000e+00
      vertex   -1.461767e+01 1.028547e+02 -3.000000e+00
    endloop
  endfacet
  facet normal -1.154785e-03 9.999993e-01 5.374780e-12
    outer loop
      vertex   -1.499245e+01 1.028542e+02 -4.732000e+00
      vertex   -1.461767e+01 1.028547e+02 -3.000000e+00
      vertex   -1.461767e+01 1.028547e+02 -4.732000e+00
    endloop
  endfacet
  facet normal 7.732658e-01 -6.340820e-01 -7.930693e-16
    outer loop
      vertex   -1.532190e+01 1.043649e+02 -3.000000e+00
      vertex   -1.548410e+01 1.041671e+02 -3.000000e+00
      vertex   -1.532190e+01 1.043649e+02 -4.732000e+00
    endloop
  endfacet
  facet normal 7.732626e-01 -6.340860e-01 -7.488757e-07
    outer loop
      vertex   -1.532190e+01 1.043649e+02 -4.732000e+00
      vertex   -1.548410e+01 1.041671e+02 -3.000000e+00
      vertex   -1.548413e+01 1.041671e+02 -4.732000e+00
    endloop
  endfacet
  facet normal 7.399253e-01 -6.726891e-01 7.339665e-07
    outer loop
      vertex   -1.548413e+01 1.041671e+02 -4.732000e+00
      vertex   -1.548410e+01 1.041671e+02 -3.000000e+00
      vertex   -1.563417e+01 1.040020e+02 -3.000000e+00
    endloop
  endfacet
  facet normal 7.399146e-01 -6.727008e-01 -1.317329e-06
    outer loop
      vertex   -1.548413e+01 1.041671e+02 -4.732000e+00
      vertex   -1.563417e+01 1.040020e+02 -3.000000e+00
      vertex   -1.563424e+01 1.040019e+02 -4.732000e+00
    endloop
  endfacet
  facet normal 7.044217e-01 -7.097817e-01 1.345206e-06
    outer loop
      vertex   -1.563424e+01 1.040019e+02 -4.732000e+00
      vertex   -1.563417e+01 1.040020e+02 -3.000000e+00
      vertex   -1.576983e+01 1.038674e+02 -3.000000e+00
    endloop
  endfacet
  facet normal 7.044022e-01 -7.098011e-01 -1.692822e-06
    outer loop
      vertex   -1.563424e+01 1.040019e+02 -4.732000e+00
      vertex   -1.576983e+01 1.038674e+02 -3.000000e+00
      vertex   -1.576991e+01 1.038673e+02 -4.732000e+00
    endloop
  endfacet
  facet normal 6.669616e-01 -7.450921e-01 1.829940e-06
    outer loop
      vertex   -1.576991e+01 1.038673e+02 -4.732000e+00
      vertex   -1.576983e+01 1.038674e+02 -3.000000e+00
      vertex   -1.588876e+01 1.037609e+02 -3.000000e+00
    endloop
  endfacet
  facet normal 6.669315e-01 -7.451190e-01 -1.894492e-06
    outer loop
      vertex   -1.576991e+01 1.038673e+02 -4.732000e+00
      vertex   -1.588876e+01 1.037609e+02 -3.000000e+00
      vertex   -1.588886e+01 1.037608e+02 -4.732000e+00
    endloop
  endfacet
  facet normal 6.277383e-01 -7.784244e-01 2.160283e-06
    outer loop
      vertex   -1.588886e+01 1.037608e+02 -4.732000e+00
      vertex   -1.588876e+01 1.037609e+02 -3.000000e+00
      vertex   -1.598866e+01 1.036804e+02 -3.000000e+00
    endloop
  endfacet
  facet normal 6.276949e-01 -7.784595e-01 -1.971804e-06
    outer loop
      vertex   -1.588886e+01 1.037608e+02 -4.732000e+00
      vertex   -1.598866e+01 1.036804e+02 -3.000000e+00
      vertex   -1.598877e+01 1.036803e+02 -4.732000e+00
    endloop
  endfacet
  facet normal 5.868292e-01 -8.097107e-01 2.290868e-06
    outer loop
      vertex   -1.598877e+01 1.036803e+02 -4.732000e+00
      vertex   -1.598866e+01 1.036804e+02 -3.000000e+00
      vertex   -1.606724e+01 1.036234e+02 -3.000000e+00
    endloop
  endfacet
  facet normal 5.867671e-01 -8.097557e-01 -1.999900e-06
    outer loop
      vertex   -1.598877e+01 1.036803e+02 -4.732000e+00
      vertex   -1.606724e+01 1.036234e+02 -3.000000e+00
      vertex   -1.606735e+01 1.036233e+02 -4.732000e+00
    endloop
  endfacet
  facet normal 5.438222e-01 -8.392005e-01 2.182723e-06
    outer loop
      vertex   -1.606735e+01 1.036233e+02 -4.732000e+00
      vertex   -1.606724e+01 1.036234e+02 -3.000000e+00
      vertex   -1.612218e+01 1.035878e+02 -3.000000e+00
    endloop
  endfacet
  facet normal 5.437277e-01 -8.392617e-01 -2.064740e-06
    outer loop
      vertex   -1.606735e+01 1.036233e+02 -4.732000e+00
      vertex   -1.612218e+01 1.035878e+02 -3.000000e+00
      vertex   -1.612229e+01 1.035877e+02 -4.732000e+00
    endloop
  endfacet
  facet normal 4.988167e-01 -8.667075e-01 1.669828e-06
    outer loop
      vertex   -1.612229e+01 1.035877e+02 -4.732000e+00
      vertex   -1.612218e+01 1.035878e+02 -3.000000e+00
      vertex   -1.614817e+01 1.035729e+02 -3.000000e+00
    endloop
  endfacet
  facet normal 4.987327e-01 -8.667558e-01 -4.984210e-12
    outer loop
      vertex   -1.612229e+01 1.035877e+02 -4.732000e+00
      vertex   -1.614817e+01 1.035729e+02 -3.000000e+00
      vertex   -1.614817e+01 1.035729e+02 -4.732000e+00
    endloop
  endfacet
  facet normal -5.016426e-01 8.650750e-01 -1.316670e-14
    outer loop
      vertex   -1.674785e+01 1.046115e+02 -3.000000e+00
      vertex   -1.672247e+01 1.046263e+02 -3.000000e+00
      vertex   -1.674785e+01 1.046115e+02 -4.732000e+00
    endloop
  endfacet
  facet normal -4.975896e-01 8.674126e-01 -7.925164e-05
    outer loop
      vertex   -1.674785e+01 1.046115e+02 -4.732000e+00
      vertex   -1.672247e+01 1.046263e+02 -3.000000e+00
      vertex   -1.671688e+01 1.046293e+02 -4.732000e+00
    endloop
  endfacet
  facet normal -4.580250e-01 8.889393e-01 8.649301e-05
    outer loop
      vertex   -1.671688e+01 1.046293e+02 -4.732000e+00
      vertex   -1.672247e+01 1.046263e+02 -3.000000e+00
      vertex   -1.667126e+01 1.046526e+02 -3.000000e+00
    endloop
  endfacet
  facet normal -4.515768e-01 8.922322e-01 -1.277156e-04
    outer loop
      vertex   -1.671688e+01 1.046293e+02 -4.732000e+00
      vertex   -1.667126e+01 1.046526e+02 -3.000000e+00
      vertex   -1.666094e+01 1.046576e+02 -4.732000e+00
    endloop
  endfacet
  facet normal -4.071921e-01 9.133425e-01 1.971875e-04
    outer loop
      vertex   -1.666094e+01 1.046576e+02 -4.732000e+00
      vertex   -1.667126e+01 1.046526e+02 -3.000000e+00
      vertex   -1.656490e+01 1.047001e+02 -3.000000e+00
    endloop
  endfacet
  facet normal -3.994589e-01 9.167510e-01 -3.151830e-04
    outer loop
      vertex   -1.666094e+01 1.046576e+02 -4.732000e+00
      vertex   -1.656490e+01 1.047001e+02 -3.000000e+00
      vertex   -1.654548e+01 1.047079e+02 -4.732000e+00
    endloop
  endfacet
  facet normal -3.368890e-01 9.415442e-01 4.988931e-04
    outer loop
      vertex   -1.654548e+01 1.047079e+02 -4.732000e+00
      vertex   -1.656490e+01 1.047001e+02 -3.000000e+00
      vertex   -1.633771e+01 1.047813e+02 -3.000000e+00
    endloop
  endfacet
  facet normal -3.278195e-01 9.447401e-01 -7.245312e-04
    outer loop
      vertex   -1.654548e+01 1.047079e+02 -4.732000e+00
      vertex   -1.633771e+01 1.047813e+02 -3.000000e+00
      vertex   -1.630587e+01 1.047911e+02 -4.732000e+00
    endloop
  endfacet
  facet normal -2.576354e-01 9.662420e-01 6.863615e-04
    outer loop
      vertex   -1.630587e+01 1.047911e+02 -4.732000e+00
      vertex   -1.633771e+01 1.047813e+02 -3.000000e+00
      vertex   -1.604023e+01 1.048607e+02 -3.000000e+00
    endloop
  endfacet
  facet normal -2.504161e-01 9.681382e-01 -4.970968e-04
    outer loop
      vertex   -1.630587e+01 1.047911e+02 -4.732000e+00
      vertex   -1.604023e+01 1.048607e+02 -3.000000e+00
      vertex   -1.601780e+01 1.048656e+02 -4.732000e+00
    endloop
  endfacet
  facet normal -1.770534e-01 9.842011e-01 4.985650e-04
    outer loop
      vertex   -1.601780e+01 1.048656e+02 -4.732000e+00
      vertex   -1.604023e+01 1.048607e+02 -3.000000e+00
      vertex   -1.564879e+01 1.049311e+02 -3.000000e+00
    endloop
  endfacet
  facet normal -1.747853e-01 9.846066e-01 5.501907e-12
    outer loop
      vertex   -1.601780e+01 1.048656e+02 -4.732000e+00
      vertex   -1.564879e+01 1.049311e+02 -3.000000e+00
      vertex   -1.564879e+01 1.049311e+02 -4.732000e+00
    endloop
  endfacet
  facet normal 8.716253e-01 -4.901727e-01 0.000000e+00
    outer loop
      vertex   -1.660456e+01 1.062961e+02 -3.000000e+00
      vertex   -1.672995e+01 1.060731e+02 -3.000000e+00
      vertex   -1.660456e+01 1.062961e+02 -4.732000e+00
    endloop
  endfacet
  facet normal 8.716228e-01 -4.901771e-01 -7.481966e-07
    outer loop
      vertex   -1.660456e+01 1.062961e+02 -4.732000e+00
      vertex   -1.672995e+01 1.060731e+02 -3.000000e+00
      vertex   -1.672998e+01 1.060731e+02 -4.732000e+00
    endloop
  endfacet
  facet normal 8.454954e-01 -5.339827e-01 7.333248e-07
    outer loop
      vertex   -1.672998e+01 1.060731e+02 -4.732000e+00
      vertex   -1.672995e+01 1.060731e+02 -3.000000e+00
      vertex   -1.684908e+01 1.058845e+02 -3.000000e+00
    endloop
  endfacet
  facet normal 8.454869e-01 -5.339962e-01 -1.316149e-06
    outer loop
      vertex   -1.672998e+01 1.060731e+02 -4.732000e+00
      vertex   -1.684908e+01 1.058845e+02 -3.000000e+00
      vertex   -1.684913e+01 1.058844e+02 -4.732000e+00
    endloop
  endfacet
  facet normal 8.169723e-01 -5.766769e-01 1.344154e-06
    outer loop
      vertex   -1.684913e+01 1.058844e+02 -4.732000e+00
      vertex   -1.684908e+01 1.058845e+02 -3.000000e+00
      vertex   -1.695930e+01 1.057283e+02 -3.000000e+00
    endloop
  endfacet
  facet normal 8.169564e-01 -5.766994e-01 -1.691317e-06
    outer loop
      vertex   -1.684913e+01 1.058844e+02 -4.732000e+00
      vertex   -1.695930e+01 1.057283e+02 -3.000000e+00
      vertex   -1.695937e+01 1.057282e+02 -4.732000e+00
    endloop
  endfacet
  facet normal 7.862129e-01 -6.179558e-01 1.828711e-06
    outer loop
      vertex   -1.695937e+01 1.057282e+02 -4.732000e+00
      vertex   -1.695930e+01 1.057283e+02 -3.000000e+00
      vertex   -1.705794e+01 1.056029e+02 -3.000000e+00
    endloop
  endfacet
  facet normal 7.861879e-01 -6.179875e-01 -1.892858e-06
    outer loop
      vertex   -1.695937e+01 1.057282e+02 -4.732000e+00
      vertex   -1.705794e+01 1.056029e+02 -3.000000e+00
      vertex   -1.705802e+01 1.056027e+02 -4.732000e+00
    endloop
  endfacet
  facet normal 7.533735e-01 -6.575928e-01 2.159089e-06
    outer loop
      vertex   -1.705802e+01 1.056027e+02 -4.732000e+00
      vertex   -1.705794e+01 1.056029e+02 -3.000000e+00
      vertex   -1.714233e+01 1.055062e+02 -3.000000e+00
    endloop
  endfacet
  facet normal 7.533368e-01 -6.576349e-01 -1.970274e-06
    outer loop
      vertex   -1.705802e+01 1.056027e+02 -4.732000e+00
      vertex   -1.714233e+01 1.055062e+02 -3.000000e+00
      vertex   -1.714243e+01 1.055061e+02 -4.732000e+00
    endloop
  endfacet
  facet normal 7.185188e-01 -6.955076e-01 2.289871e-06
    outer loop
      vertex   -1.714243e+01 1.055061e+02 -4.732000e+00
      vertex   -1.714233e+01 1.055062e+02 -3.000000e+00
      vertex   -1.720982e+01 1.054364e+02 -3.000000e+00
    endloop
  endfacet
  facet normal 7.184655e-01 -6.955626e-01 -1.998752e-06
    outer loop
      vertex   -1.714243e+01 1.055061e+02 -4.732000e+00
      vertex   -1.720982e+01 1.054364e+02 -3.000000e+00
      vertex   -1.720992e+01 1.054363e+02 -4.732000e+00
    endloop
  endfacet
  facet normal 6.812859e-01 -7.320174e-01 2.182023e-06
    outer loop
      vertex   -1.720992e+01 1.054363e+02 -4.732000e+00
      vertex   -1.720982e+01 1.054364e+02 -3.000000e+00
      vertex   -1.725775e+01 1.053918e+02 -3.000000e+00
    endloop
  endfacet
  facet normal 6.812035e-01 -7.320941e-01 -2.064290e-06
    outer loop
      vertex   -1.720992e+01 1.054363e+02 -4.732000e+00
      vertex   -1.725775e+01 1.053918e+02 -3.000000e+00
      vertex   -1.725785e+01 1.053917e+02 -4.732000e+00
    endloop
  endfacet
  facet normal 6.417407e-01 -7.669217e-01 1.669547e-06
    outer loop
      vertex   -1.725785e+01 1.053917e+02 -4.732000e+00
      vertex   -1.725775e+01 1.053918e+02 -3.000000e+00
      vertex   -1.728074e+01 1.053726e+02 -3.000000e+00
    endloop
  endfacet
  facet normal 6.416664e-01 -7.669838e-01 -4.638242e-12
    outer loop
      vertex   -1.725785e+01 1.053917e+02 -4.732000e+00
      vertex   -1.728074e+01 1.053726e+02 -3.000000e+00
      vertex   -1.728074e+01 1.053726e+02 -4.732000e+00
    endloop
  endfacet
  facet normal -6.442402e-01 7.648232e-01 -7.596763e-15
    outer loop
      vertex   -1.805169e+01 1.062914e+02 -3.000000e+00
      vertex   -1.802925e+01 1.063103e+02 -3.000000e+00
      vertex   -1.805169e+01 1.062914e+02 -4.732000e+00
    endloop
  endfacet
  facet normal -6.406547e-01 7.678291e-01 -7.925169e-05
    outer loop
      vertex   -1.805169e+01 1.062914e+02 -4.732000e+00
      vertex   -1.802925e+01 1.063103e+02 -3.000000e+00
      vertex   -1.802427e+01 1.063142e+02 -4.732000e+00
    endloop
  endfacet
  facet normal -6.054293e-01 7.958991e-01 8.649306e-05
    outer loop
      vertex   -1.802427e+01 1.063142e+02 -4.732000e+00
      vertex   -1.802925e+01 1.063103e+02 -3.000000e+00
      vertex   -1.798339e+01 1.063451e+02 -3.000000e+00
    endloop
  endfacet
  facet normal -5.996509e-01 8.002617e-01 -1.277156e-04
    outer loop
      vertex   -1.802427e+01 1.063142e+02 -4.732000e+00
      vertex   -1.798339e+01 1.063451e+02 -3.000000e+00
      vertex   -1.797410e+01 1.063518e+02 -4.732000e+00
    endloop
  endfacet
  facet normal -5.596062e-01 8.287586e-01 1.971876e-04
    outer loop
      vertex   -1.797410e+01 1.063518e+02 -4.732000e+00
      vertex   -1.798339e+01 1.063451e+02 -3.000000e+00
      vertex   -1.788688e+01 1.064103e+02 -3.000000e+00
    endloop
  endfacet
  facet normal -5.525824e-01 8.334582e-01 -3.151830e-04
    outer loop
      vertex   -1.797410e+01 1.063518e+02 -4.732000e+00
      vertex   -1.788688e+01 1.064103e+02 -3.000000e+00
      vertex   -1.786912e+01 1.064214e+02 -4.732000e+00
    endloop
  endfacet
  facet normal -4.952683e-01 8.687399e-01 4.988932e-04
    outer loop
      vertex   -1.786912e+01 1.064214e+02 -4.732000e+00
      vertex   -1.788688e+01 1.064103e+02 -3.000000e+00
      vertex   -1.767727e+01 1.065298e+02 -3.000000e+00
    endloop
  endfacet
  facet normal -4.868916e-01 8.734621e-01 -7.245311e-04
    outer loop
      vertex   -1.786912e+01 1.064214e+02 -4.732000e+00
      vertex   -1.767727e+01 1.065298e+02 -3.000000e+00
      vertex   -1.764760e+01 1.065449e+02 -4.732000e+00
    endloop
  endfacet
  facet normal -4.215075e-01 9.068247e-01 6.863615e-04
    outer loop
      vertex   -1.764760e+01 1.065449e+02 -4.732000e+00
      vertex   -1.767727e+01 1.065298e+02 -3.000000e+00
      vertex   -1.739808e+01 1.066596e+02 -3.000000e+00
    endloop
  endfacet
  facet normal -4.147271e-01 9.099457e-01 -4.970968e-04
    outer loop
      vertex   -1.764760e+01 1.065449e+02 -4.732000e+00
      vertex   -1.739808e+01 1.066596e+02 -3.000000e+00
      vertex   -1.737684e+01 1.066683e+02 -4.732000e+00
    endloop
  endfacet
  facet normal -3.452683e-01 9.385039e-01 4.985650e-04
    outer loop
      vertex   -1.737684e+01 1.066683e+02 -4.732000e+00
      vertex   -1.739808e+01 1.066596e+02 -3.000000e+00
      vertex   -1.702481e+01 1.067969e+02 -3.000000e+00
    endloop
  endfacet
  facet normal -3.431050e-01 9.392970e-01 5.461586e-12
    outer loop
      vertex   -1.737684e+01 1.066683e+02 -4.732000e+00
      vertex   -1.702481e+01 1.067969e+02 -3.000000e+00
      vertex   -1.702481e+01 1.067969e+02 -4.732000e+00
    endloop
  endfacet
  facet normal 9.435010e-01 -3.313698e-01 4.654178e-15
    outer loop
      vertex   -1.820309e+01 1.079752e+02 -3.000000e+00
      vertex   -1.828786e+01 1.077338e+02 -3.000000e+00
      vertex   -1.820309e+01 1.079752e+02 -4.732000e+00
    endloop
  endfacet
  facet normal 9.434993e-01 -3.313745e-01 -7.484107e-07
    outer loop
      vertex   -1.820309e+01 1.079752e+02 -4.732000e+00
      vertex   -1.828786e+01 1.077338e+02 -3.000000e+00
      vertex   -1.828788e+01 1.077338e+02 -4.732000e+00
    endloop
  endfacet
  facet normal 9.253755e-01 -3.790516e-01 7.335292e-07
    outer loop
      vertex   -1.828788e+01 1.077338e+02 -4.732000e+00
      vertex   -1.828786e+01 1.077338e+02 -3.000000e+00
      vertex   -1.837243e+01 1.075274e+02 -3.000000e+00
    endloop
  endfacet
  facet normal 9.253695e-01 -3.790663e-01 -1.316522e-06
    outer loop
      vertex   -1.828788e+01 1.077338e+02 -4.732000e+00
      vertex   -1.837243e+01 1.075274e+02 -3.000000e+00
      vertex   -1.837246e+01 1.075273e+02 -4.732000e+00
    endloop
  endfacet
  facet normal 9.046995e-01 -4.260502e-01 1.344500e-06
    outer loop
      vertex   -1.837246e+01 1.075273e+02 -4.732000e+00
      vertex   -1.837243e+01 1.075274e+02 -3.000000e+00
      vertex   -1.845385e+01 1.073545e+02 -3.000000e+00
    endloop
  endfacet
  facet normal 9.046878e-01 -4.260751e-01 -1.691794e-06
    outer loop
      vertex   -1.837246e+01 1.075273e+02 -4.732000e+00
      vertex   -1.845385e+01 1.073545e+02 -3.000000e+00
      vertex   -1.845391e+01 1.073544e+02 -4.732000e+00
    endloop
  endfacet
  facet normal 8.815754e-01 -4.720432e-01 1.829136e-06
    outer loop
      vertex   -1.845391e+01 1.073544e+02 -4.732000e+00
      vertex   -1.845385e+01 1.073545e+02 -3.000000e+00
      vertex   -1.852920e+01 1.072138e+02 -3.000000e+00
    endloop
  endfacet
  facet normal 8.815563e-01 -4.720788e-01 -1.893380e-06
    outer loop
      vertex   -1.845391e+01 1.073544e+02 -4.732000e+00
      vertex   -1.852920e+01 1.072138e+02 -3.000000e+00
      vertex   -1.852927e+01 1.072136e+02 -4.732000e+00
    endloop
  endfacet
  facet normal 8.561179e-01 -5.167806e-01 2.159532e-06
    outer loop
      vertex   -1.852927e+01 1.072136e+02 -4.732000e+00
      vertex   -1.852920e+01 1.072138e+02 -3.000000e+00
      vertex   -1.859552e+01 1.071039e+02 -3.000000e+00
    endloop
  endfacet
  facet normal 8.560891e-01 -5.168283e-01 -1.970777e-06
    outer loop
      vertex   -1.852927e+01 1.072136e+02 -4.732000e+00
      vertex   -1.859552e+01 1.071039e+02 -3.000000e+00
      vertex   -1.859560e+01 1.071038e+02 -4.732000e+00
    endloop
  endfacet
  facet normal 8.283765e-01 -5.601718e-01 2.290279e-06
    outer loop
      vertex   -1.859560e+01 1.071038e+02 -4.732000e+00
      vertex   -1.859552e+01 1.071039e+02 -3.000000e+00
      vertex   -1.864988e+01 1.070235e+02 -3.000000e+00
    endloop
  endfacet
  facet normal 8.283335e-01 -5.602353e-01 -1.999170e-06
    outer loop
      vertex   -1.859560e+01 1.071038e+02 -4.732000e+00
      vertex   -1.864988e+01 1.070235e+02 -3.000000e+00
      vertex   -1.864996e+01 1.070234e+02 -4.732000e+00
    endloop
  endfacet
  facet normal 7.980491e-01 -6.025924e-01 2.182354e-06
    outer loop
      vertex   -1.864996e+01 1.070234e+02 -4.732000e+00
      vertex   -1.864988e+01 1.070235e+02 -3.000000e+00
      vertex   -1.868934e+01 1.069713e+02 -3.000000e+00
    endloop
  endfacet
  facet normal 7.979813e-01 -6.026822e-01 -2.064553e-06
    outer loop
      vertex   -1.864996e+01 1.070234e+02 -4.732000e+00
      vertex   -1.868934e+01 1.069713e+02 -3.000000e+00
      vertex   -1.868942e+01 1.069712e+02 -4.732000e+00
    endloop
  endfacet
  facet normal 7.651658e-01 -6.438333e-01 1.669742e-06
    outer loop
      vertex   -1.868942e+01 1.069712e+02 -4.732000e+00
      vertex   -1.868934e+01 1.069713e+02 -3.000000e+00
      vertex   -1.870864e+01 1.069483e+02 -3.000000e+00
    endloop
  endfacet
  facet normal 7.651034e-01 -6.439074e-01 -4.153570e-12
    outer loop
      vertex   -1.868942e+01 1.069712e+02 -4.732000e+00
      vertex   -1.870864e+01 1.069483e+02 -3.000000e+00
      vertex   -1.870864e+01 1.069483e+02 -4.732000e+00
    endloop
  endfacet
  facet normal -7.672629e-01 6.413327e-01 0.000000e+00
    outer loop
      vertex   -1.962741e+01 1.077193e+02 -3.000000e+00
      vertex   -1.960860e+01 1.077418e+02 -3.000000e+00
      vertex   -1.962741e+01 1.077193e+02 -4.732000e+00
    endloop
  endfacet
  facet normal -7.642538e-01 6.449155e-01 -7.925137e-05
    outer loop
      vertex   -1.962741e+01 1.077193e+02 -4.732000e+00
      vertex   -1.960860e+01 1.077418e+02 -3.000000e+00
      vertex   -1.960438e+01 1.077465e+02 -4.732000e+00
    endloop
  endfacet
  facet normal -7.344379e-01 6.786759e-01 8.649274e-05
    outer loop
      vertex   -1.960438e+01 1.077465e+02 -4.732000e+00
      vertex   -1.960860e+01 1.077418e+02 -3.000000e+00
      vertex   -1.956949e+01 1.077841e+02 -3.000000e+00
    endloop
  endfacet
  facet normal -7.295048e-01 6.839756e-01 -1.277152e-04
    outer loop
      vertex   -1.960438e+01 1.077465e+02 -4.732000e+00
      vertex   -1.956949e+01 1.077841e+02 -3.000000e+00
      vertex   -1.956150e+01 1.077923e+02 -4.732000e+00
    endloop
  endfacet
  facet normal -6.950169e-01 7.189933e-01 1.971869e-04
    outer loop
      vertex   -1.956150e+01 1.077923e+02 -4.732000e+00
      vertex   -1.956949e+01 1.077841e+02 -3.000000e+00
      vertex   -1.948577e+01 1.078650e+02 -3.000000e+00
    endloop
  endfacet
  facet normal -6.889160e-01 7.248412e-01 -3.151819e-04
    outer loop
      vertex   -1.956150e+01 1.077923e+02 -4.732000e+00
      vertex   -1.948577e+01 1.078650e+02 -3.000000e+00
      vertex   -1.947021e+01 1.078790e+02 -4.732000e+00
    endloop
  endfacet
  facet normal -6.385992e-01 7.695393e-01 4.988913e-04
    outer loop
      vertex   -1.947021e+01 1.078790e+02 -4.732000e+00
      vertex   -1.948577e+01 1.078650e+02 -3.000000e+00
      vertex   -1.930009e+01 1.080191e+02 -3.000000e+00
    endloop
  endfacet
  facet normal -6.311697e-01 7.756444e-01 -7.245283e-04
    outer loop
      vertex   -1.947021e+01 1.078790e+02 -4.732000e+00
      vertex   -1.930009e+01 1.080191e+02 -3.000000e+00
      vertex   -1.927349e+01 1.080391e+02 -4.732000e+00
    endloop
  endfacet
  facet normal -5.725723e-01 8.198540e-01 6.863587e-04
    outer loop
      vertex   -1.927349e+01 1.080391e+02 -4.732000e+00
      vertex   -1.930009e+01 1.080191e+02 -3.000000e+00
      vertex   -1.904767e+01 1.081954e+02 -3.000000e+00
    endloop
  endfacet
  facet normal -5.664369e-01 8.241050e-01 -4.970938e-04
    outer loop
      vertex   -1.927349e+01 1.080391e+02 -4.732000e+00
      vertex   -1.904767e+01 1.081954e+02 -3.000000e+00
      vertex   -1.902827e+01 1.082077e+02 -4.732000e+00
    endloop
  endfacet
  facet normal -5.029924e-01 8.642907e-01 4.985615e-04
    outer loop
      vertex   -1.902827e+01 1.082077e+02 -4.732000e+00
      vertex   -1.904767e+01 1.081954e+02 -3.000000e+00
      vertex   -1.870392e+01 1.083954e+02 -3.000000e+00
    endloop
  endfacet
  facet normal -5.009997e-01 8.654474e-01 5.266304e-12
    outer loop
      vertex   -1.902827e+01 1.082077e+02 -4.732000e+00
      vertex   -1.870392e+01 1.083954e+02 -3.000000e+00
      vertex   -1.870392e+01 1.083954e+02 -4.732000e+00
    endloop
  endfacet
  facet normal 9.867088e-01 -1.624983e-01 -2.023957e-15
    outer loop
      vertex   -2.006891e+01 1.093512e+02 -3.000000e+00
      vertex   -2.011048e+01 1.090988e+02 -3.000000e+00
      vertex   -2.006891e+01 1.093512e+02 -4.732000e+00
    endloop
  endfacet
  facet normal 9.867080e-01 -1.625033e-01 -7.491826e-07
    outer loop
      vertex   -2.006891e+01 1.093512e+02 -4.732000e+00
      vertex   -2.011048e+01 1.090988e+02 -3.000000e+00
      vertex   -2.011049e+01 1.090988e+02 -4.732000e+00
    endloop
  endfacet
  facet normal 9.771386e-01 -2.126032e-01 7.342578e-07
    outer loop
      vertex   -2.011049e+01 1.090988e+02 -4.732000e+00
      vertex   -2.011048e+01 1.090988e+02 -3.000000e+00
      vertex   -2.015791e+01 1.088808e+02 -3.000000e+00
    endloop
  endfacet
  facet normal 9.771352e-01 -2.126187e-01 -1.317863e-06
    outer loop
      vertex   -2.011049e+01 1.090988e+02 -4.732000e+00
      vertex   -2.015791e+01 1.088808e+02 -3.000000e+00
      vertex   -2.015793e+01 1.088807e+02 -4.732000e+00
    endloop
  endfacet
  facet normal 9.649380e-01 -2.624781e-01 1.345691e-06
    outer loop
      vertex   -2.015793e+01 1.088807e+02 -4.732000e+00
      vertex   -2.015791e+01 1.088808e+02 -3.000000e+00
      vertex   -2.020808e+01 1.086964e+02 -3.000000e+00
    endloop
  endfacet
  facet normal 9.649307e-01 -2.625047e-01 -1.693503e-06
    outer loop
      vertex   -2.015793e+01 1.088807e+02 -4.732000e+00
      vertex   -2.020808e+01 1.086964e+02 -3.000000e+00
      vertex   -2.020811e+01 1.086963e+02 -4.732000e+00
    endloop
  endfacet
  facet normal 9.501518e-01 -3.117878e-01 1.830519e-06
    outer loop
      vertex   -2.020811e+01 1.086963e+02 -4.732000e+00
      vertex   -2.020808e+01 1.086964e+02 -3.000000e+00
      vertex   -2.025784e+01 1.085447e+02 -3.000000e+00
    endloop
  endfacet
  facet normal 9.501391e-01 -3.118263e-01 -1.895235e-06
    outer loop
      vertex   -2.020811e+01 1.086963e+02 -4.732000e+00
      vertex   -2.025784e+01 1.085447e+02 -3.000000e+00
      vertex   -2.025789e+01 1.085446e+02 -4.732000e+00
    endloop
  endfacet
  facet normal 9.328495e-01 -3.602662e-01 2.160865e-06
    outer loop
      vertex   -2.025789e+01 1.085446e+02 -4.732000e+00
      vertex   -2.025784e+01 1.085447e+02 -3.000000e+00
      vertex   -2.030408e+01 1.084250e+02 -3.000000e+00
    endloop
  endfacet
  facet normal 9.328294e-01 -3.603183e-01 -1.972510e-06
    outer loop
      vertex   -2.025789e+01 1.085446e+02 -4.732000e+00
      vertex   -2.030408e+01 1.084250e+02 -3.000000e+00
      vertex   -2.030413e+01 1.084249e+02 -4.732000e+00
    endloop
  endfacet
  facet normal 9.130644e-01 -4.078154e-01 2.291379e-06
    outer loop
      vertex   -2.030413e+01 1.084249e+02 -4.732000e+00
      vertex   -2.030408e+01 1.084250e+02 -3.000000e+00
      vertex   -2.034366e+01 1.083364e+02 -3.000000e+00
    endloop
  endfacet
  facet normal 9.130331e-01 -4.078855e-01 -2.000454e-06
    outer loop
      vertex   -2.030413e+01 1.084249e+02 -4.732000e+00
      vertex   -2.034366e+01 1.083364e+02 -3.000000e+00
      vertex   -2.034372e+01 1.083363e+02 -4.732000e+00
    endloop
  endfacet
  facet normal 8.905640e-01 -4.548579e-01 2.183111e-06
    outer loop
      vertex   -2.034372e+01 1.083363e+02 -4.732000e+00
      vertex   -2.034366e+01 1.083364e+02 -3.000000e+00
      vertex   -2.037344e+01 1.082781e+02 -3.000000e+00
    endloop
  endfacet
  facet normal 8.905128e-01 -4.549581e-01 -2.065022e-06
    outer loop
      vertex   -2.034372e+01 1.083363e+02 -4.732000e+00
      vertex   -2.037344e+01 1.082781e+02 -3.000000e+00
      vertex   -2.037350e+01 1.082780e+02 -4.732000e+00
    endloop
  endfacet
  facet normal 8.653417e-01 -5.011824e-01 1.670023e-06
    outer loop
      vertex   -2.037350e+01 1.082780e+02 -4.732000e+00
      vertex   -2.037344e+01 1.082781e+02 -3.000000e+00
      vertex   -2.038846e+01 1.082521e+02 -3.000000e+00
    endloop
  endfacet
  facet normal 8.652931e-01 -5.012662e-01 -3.521192e-12
    outer loop
      vertex   -2.037350e+01 1.082780e+02 -4.732000e+00
      vertex   -2.038846e+01 1.082521e+02 -3.000000e+00
      vertex   -2.038846e+01 1.082521e+02 -4.732000e+00
    endloop
  endfacet
  facet normal -8.669727e-01 4.983556e-01 1.173460e-14
    outer loop
      vertex   -2.142715e+01 1.088518e+02 -3.000000e+00
      vertex   -2.141253e+01 1.088773e+02 -3.000000e+00
      vertex   -2.142715e+01 1.088518e+02 -4.732000e+00
    endloop
  endfacet
  facet normal -8.646315e-01 5.024065e-01 -7.925140e-05
    outer loop
      vertex   -2.142715e+01 1.088518e+02 -4.732000e+00
      vertex   -2.141253e+01 1.088773e+02 -3.000000e+00
      vertex   -2.140921e+01 1.088827e+02 -4.732000e+00
    endloop
  endfacet
  facet normal -8.411310e-01 5.408315e-01 8.649275e-05
    outer loop
      vertex   -2.140921e+01 1.088827e+02 -4.732000e+00
      vertex   -2.141253e+01 1.088773e+02 -3.000000e+00
      vertex   -2.138137e+01 1.089257e+02 -3.000000e+00
    endloop
  endfacet
  facet normal -8.371931e-01 5.469073e-01 -1.277152e-04
    outer loop
      vertex   -2.140921e+01 1.088827e+02 -4.732000e+00
      vertex   -2.138137e+01 1.089257e+02 -3.000000e+00
      vertex   -2.137492e+01 1.089352e+02 -4.732000e+00
    endloop
  endfacet
  facet normal -8.093099e-01 5.873818e-01 1.971870e-04
    outer loop
      vertex   -2.137492e+01 1.089352e+02 -4.732000e+00
      vertex   -2.138137e+01 1.089257e+02 -3.000000e+00
      vertex   -2.131297e+01 1.090200e+02 -3.000000e+00
    endloop
  endfacet
  facet normal -8.043171e-01 5.942002e-01 -3.151821e-04
    outer loop
      vertex   -2.137492e+01 1.089352e+02 -4.732000e+00
      vertex   -2.131297e+01 1.090200e+02 -3.000000e+00
      vertex   -2.130008e+01 1.090365e+02 -4.732000e+00
    endloop
  endfacet
  facet normal -7.625265e-01 6.469567e-01 4.988916e-04
    outer loop
      vertex   -2.130008e+01 1.090365e+02 -4.732000e+00
      vertex   -2.131297e+01 1.090200e+02 -3.000000e+00
      vertex   -2.115686e+01 1.092040e+02 -3.000000e+00
    endloop
  endfacet
  facet normal -7.562701e-01 6.542592e-01 -7.245288e-04
    outer loop
      vertex   -2.130008e+01 1.090365e+02 -4.732000e+00
      vertex   -2.115686e+01 1.092040e+02 -3.000000e+00
      vertex   -2.113415e+01 1.092283e+02 -4.732000e+00
    endloop
  endfacet
  facet normal -7.062398e-01 7.079724e-01 6.863590e-04
    outer loop
      vertex   -2.113415e+01 1.092283e+02 -4.732000e+00
      vertex   -2.115686e+01 1.092040e+02 -3.000000e+00
      vertex   -2.093889e+01 1.094214e+02 -3.000000e+00
    endloop
  endfacet
  facet normal -7.009358e-01 7.132242e-01 -4.970943e-04
    outer loop
      vertex   -2.113415e+01 1.092283e+02 -4.732000e+00
      vertex   -2.093889e+01 1.094214e+02 -3.000000e+00
      vertex   -2.092193e+01 1.094369e+02 -4.732000e+00
    endloop
  endfacet
  facet normal -6.454333e-01 7.638165e-01 4.985620e-04
    outer loop
      vertex   -2.092193e+01 1.094369e+02 -4.732000e+00
      vertex   -2.093889e+01 1.094214e+02 -3.000000e+00
      vertex   -2.063511e+01 1.096781e+02 -3.000000e+00
    endloop
  endfacet
  facet normal -6.436718e-01 7.653016e-01 4.901443e-12
    outer loop
      vertex   -2.092193e+01 1.094369e+02 -4.732000e+00
      vertex   -2.063511e+01 1.096781e+02 -3.000000e+00
      vertex   -2.063511e+01 1.096781e+02 -4.732000e+00
    endloop
  endfacet
  facet normal -1.000000e+00 -2.368476e-14 1.343520e-14
    outer loop
      vertex   -6.500000e+01 8.200000e+01 2.700000e+01
      vertex   -6.500000e+01 8.800000e+01 2.700000e+01
      vertex   -6.500000e+01 8.200000e+01 -4.732000e+00
    endloop
  endfacet
  facet normal -1.000000e+00 -2.368476e-15 9.404637e-15
    outer loop
      vertex   -6.500000e+01 8.200000e+01 -4.732000e+00
      vertex   -6.500000e+01 8.800000e+01 2.700000e+01
      vertex   -6.500000e+01 8.800000e+01 -4.732000e+00
    endloop
  endfacet
  facet normal -1.000000e+00 -7.123852e-10 5.061801e-25
    outer loop
      vertex   -4.590000e+01 1.063000e+02 2.700000e+01
      vertex   -4.590000e+01 1.106000e+02 2.700000e+01
      vertex   -4.590000e+01 1.063000e+02 7.000000e+00
    endloop
  endfacet
  facet normal -1.000000e+00 -7.131559e-10 1.656962e-13
    outer loop
      vertex   -4.590000e+01 1.063000e+02 7.000000e+00
      vertex   -4.590000e+01 1.106000e+02 2.700000e+01
      vertex   -4.590000e+01 1.106000e+02 2.600000e+00
    endloop
  endfacet
  facet normal -1.000000e+00 -3.806479e-15 6.971098e-10
    outer loop
      vertex   -4.590000e+01 1.063000e+02 7.000000e+00
      vertex   -4.590000e+01 1.106000e+02 2.600000e+00
      vertex   -4.590000e+01 1.050000e+02 2.600000e+00
    endloop
  endfacet
  facet normal -1.000000e+00 -3.739699e-15 6.971097e-10
    outer loop
      vertex   -4.590000e+01 1.063000e+02 7.000000e+00
      vertex   -4.590000e+01 1.050000e+02 2.600000e+00
      vertex   -4.590000e+01 9.360000e+01 2.600000e+00
    endloop
  endfacet
  facet normal -1.000000e+00 -3.739699e-15 -7.194245e-13
    outer loop
      vertex   -4.590000e+01 9.360000e+01 2.600000e+00
      vertex   -4.590000e+01 1.050000e+02 2.600000e+00
      vertex   -4.590000e+01 1.050000e+02 -3.000000e+00
    endloop
  endfacet
  facet normal -1.000000e+00 2.651704e-21 -7.118116e-13
    outer loop
      vertex   -4.590000e+01 9.360000e+01 2.600000e+00
      vertex   -4.590000e+01 1.050000e+02 -3.000000e+00
      vertex   -4.590000e+01 9.360000e+01 -3.000000e+00
    endloop
  endfacet
  facet normal -1.000000e+00 0.000000e+00 0.000000e+00
    outer loop
      vertex   -4.590000e+01 9.360000e+01 -3.000000e+00
      vertex   -4.590000e+01 1.050000e+02 -3.000000e+00
      vertex   -4.590000e+01 1.106000e+02 -4.732000e+00
    endloop
  endfacet
  facet normal -1.000000e+00 -6.287989e-16 -6.171814e-15
    outer loop
      vertex   -4.590000e+01 9.360000e+01 -3.000000e+00
      vertex   -4.590000e+01 1.106000e+02 -4.732000e+00
      vertex   -4.590000e+01 8.800000e+01 -4.732000e+00
    endloop
  endfacet
  facet normal -1.000000e+00 0.000000e+00 0.000000e+00
    outer loop
      vertex   -4.590000e+01 1.050000e+02 -3.000000e+00
      vertex   -4.590000e+01 1.106000e+02 -3.000000e+00
      vertex   -4.590000e+01 1.106000e+02 -4.732000e+00
    endloop
  endfacet
  facet normal -1.000000e+00 1.951982e-30 -8.204882e-15
    outer loop
      vertex   -4.590000e+01 8.800000e+01 -4.732000e+00
      vertex   -4.590000e+01 8.800000e+01 -3.000000e+00
      vertex   -4.590000e+01 9.360000e+01 -3.000000e+00
    endloop
  endfacet
  facet normal -1.000000e+00 2.881657e-11 6.139238e-10
    outer loop
      vertex   -4.590000e+01 1.063000e+02 7.000000e+00
      vertex   -4.590000e+01 9.360000e+01 2.600000e+00
      vertex   -4.590000e+01 9.230000e+01 7.000000e+00
    endloop
  endfacet
  facet normal -1.000000e+00 -3.806479e-15 6.054087e-10
    outer loop
      vertex   -4.590000e+01 9.230000e+01 7.000000e+00
      vertex   -4.590000e+01 9.360000e+01 2.600000e+00
      vertex   -4.590000e+01 8.800000e+01 2.600000e+00
    endloop
  endfacet
  facet normal -1.000000e+00 6.193182e-10 1.622018e-13
    outer loop
      vertex   -4.590000e+01 9.230000e+01 7.000000e+00
      vertex   -4.590000e+01 8.800000e+01 2.600000e+00
      vertex   -4.590000e+01 8.800000e+01 2.700000e+01
    endloop
  endfacet
  facet normal -1.000000e+00 6.185638e-10 -4.424454e-25
    outer loop
      vertex   -4.590000e+01 8.800000e+01 2.700000e+01
      vertex   -4.590000e+01 9.230000e+01 2.700000e+01
      vertex   -4.590000e+01 9.230000e+01 7.000000e+00
    endloop
  endfacet
  facet normal 0.000000e+00 3.172066e-16 -1.000000e+00
    outer loop
      vertex   -4.590000e+01 1.050000e+02 2.600000e+00
      vertex   -4.590000e+01 1.106000e+02 2.600000e+00
      vertex   -4.340000e+01 1.050000e+02 2.600000e+00
    endloop
  endfacet
  facet normal 0.000000e+00 3.172066e-16 -1.000000e+00
    outer loop
      vertex   -4.340000e+01 1.050000e+02 2.600000e+00
      vertex   -4.590000e+01 1.106000e+02 2.600000e+00
      vertex   -4.340000e+01 1.106000e+02 2.600000e+00
    endloop
  endfacet
  facet normal 3.802825e-12 1.000000e+00 1.697690e-12
    outer loop
      vertex   -4.590000e+01 1.050000e+02 -3.000000e+00
      vertex   -4.590000e+01 1.050000e+02 2.600000e+00
      vertex   -4.340000e+01 1.050000e+02 -3.000000e+00
    endloop
  endfacet
  facet normal 0.000000e+00 1.000000e+00 -0.000000e+00
    outer loop
      vertex   -4.340000e+01 1.050000e+02 -3.000000e+00
      vertex   -4.590000e+01 1.050000e+02 2.600000e+00
      vertex   -4.340000e+01 1.050000e+02 2.600000e+00
    endloop
  endfacet
  facet normal -2.232071e-15 1.000000e+00 -7.571029e-07
    outer loop
      vertex   -4.590000e+01 8.800000e+01 -4.732000e+00
      vertex   -6.500000e+01 8.800000e+01 -4.732000e+00
      vertex   -4.590000e+01 8.800000e+01 -3.000000e+00
    endloop
  endfacet
  facet normal -8.988844e-08 1.000000e+00 2.341611e-07
    outer loop
      vertex   -4.590000e+01 8.800000e+01 -3.000000e+00
      vertex   -6.500000e+01 8.800000e+01 -4.732000e+00
      vertex   -4.590000e+01 8.800000e+01 2.600000e+00
    endloop
  endfacet
  facet normal 5.245209e-07 1.000000e+00 2.341611e-07
    outer loop
      vertex   -4.590000e+01 8.800000e+01 -3.000000e+00
      vertex   -4.590000e+01 8.800000e+01 2.600000e+00
      vertex   -4.340000e+01 8.800000e+01 -3.000000e+00
    endloop
  endfacet
  facet normal 0.000000e+00 1.000000e+00 -0.000000e+00
    outer loop
      vertex   -4.340000e+01 8.800000e+01 -3.000000e+00
      vertex   -4.590000e+01 8.800000e+01 2.600000e+00
      vertex   -4.340000e+01 8.800000e+01 2.600000e+00
    endloop
  endfacet
  facet normal -2.232071e-15 1.000000e+00 2.099182e-29
    outer loop
      vertex   -6.500000e+01 8.800000e+01 -4.732000e+00
      vertex   -6.500000e+01 8.800000e+01 2.700000e+01
      vertex   -4.590000e+01 8.800000e+01 2.600000e+00
    endloop
  endfacet
  facet normal -3.720119e-15 1.000000e+00 -1.164824e-15
    outer loop
      vertex   -4.590000e+01 8.800000e+01 2.600000e+00
      vertex   -6.500000e+01 8.800000e+01 2.700000e+01
      vertex   -4.590000e+01 8.800000e+01 2.700000e+01
    endloop
  endfacet
  facet normal 0.000000e+00 2.379049e-16 -1.000000e+00
    outer loop
      vertex   -4.590000e+01 8.800000e+01 2.600000e+00
      vertex   -4.590000e+01 9.360000e+01 2.600000e+00
      vertex   -4.340000e+01 8.800000e+01 2.600000e+00
    endloop
  endfacet
  facet normal 0.000000e+00 2.379049e-16 -1.000000e+00
    outer loop
      vertex   -4.340000e+01 8.800000e+01 2.600000e+00
      vertex   -4.590000e+01 9.360000e+01 2.600000e+00
      vertex   -4.340000e+01 9.360000e+01 2.600000e+00
    endloop
  endfacet
  facet normal -1.000000e+00 0.000000e+00 -4.478399e-16
    outer loop
      vertex   -6.500000e+01 1.106000e+02 2.700000e+01
      vertex   -6.500000e+01 1.166000e+02 2.700000e+01
      vertex   -6.500000e+01 1.106000e+02 -4.732000e+00
    endloop
  endfacet
  facet normal -1.000000e+00 1.988809e-31 -4.478399e-16
    outer loop
      vertex   -6.500000e+01 1.106000e+02 -4.732000e+00
      vertex   -6.500000e+01 1.166000e+02 2.700000e+01
      vertex   -6.500000e+01 1.166000e+02 -4.732000e+00
    endloop
  endfacet
  facet normal -4.915825e-02 9.987910e-01 0.000000e+00
    outer loop
      vertex   -1.528918e+01 9.857638e+01 1.000000e+01
      vertex   -1.481609e+01 9.859966e+01 1.000000e+01
      vertex   -1.528918e+01 9.857638e+01 -4.732000e+00
    endloop
  endfacet
  facet normal -4.915825e-02 9.987910e-01 0.000000e+00
    outer loop
      vertex   -1.528918e+01 9.857638e+01 -4.732000e+00
      vertex   -1.481609e+01 9.859966e+01 1.000000e+01
      vertex   -1.481609e+01 9.859966e+01 -4.732000e+00
    endloop
  endfacet
  facet normal 9.936607e-01 1.124206e-01 -1.198137e-16
    outer loop
      vertex   -1.536700e+01 9.946594e+01 -4.732000e+00
      vertex   -1.536700e+01 9.946594e+01 1.000000e+01
      vertex   -1.533353e+01 9.917011e+01 -4.732000e+00
    endloop
  endfacet
  facet normal 9.936607e-01 1.124206e-01 1.804639e-14
    outer loop
      vertex   -1.533353e+01 9.917011e+01 -4.732000e+00
      vertex   -1.536700e+01 9.946594e+01 1.000000e+01
      vertex   -1.533353e+01 9.917011e+01 1.000000e+01
    endloop
  endfacet
  facet normal 9.961947e-01 8.715574e-02 1.799382e-14
    outer loop
      vertex   -1.533353e+01 9.917011e+01 -4.732000e+00
      vertex   -1.533353e+01 9.917011e+01 1.000000e+01
      vertex   -1.530758e+01 9.887353e+01 -4.732000e+00
    endloop
  endfacet
  facet normal 9.961947e-01 8.715574e-02 -5.885845e-15
    outer loop
      vertex   -1.530758e+01 9.887353e+01 -4.732000e+00
      vertex   -1.533353e+01 9.917011e+01 1.000000e+01
      vertex   -1.530758e+01 9.887353e+01 1.000000e+01
    endloop
  endfacet
  facet normal 9.980864e-01 6.183473e-02 -5.897022e-15
    outer loop
      vertex   -1.530758e+01 9.887353e+01 -4.732000e+00
      vertex   -1.530758e+01 9.887353e+01 1.000000e+01
      vertex   -1.528918e+01 9.857638e+01 -4.732000e+00
    endloop
  endfacet
  facet normal 9.980864e-01 6.183473e-02 -0.000000e+00
    outer loop
      vertex   -1.528918e+01 9.857638e+01 -4.732000e+00
      vertex   -1.530758e+01 9.887353e+01 1.000000e+01
      vertex   -1.528918e+01 9.857638e+01 1.000000e+01
    endloop
  endfacet
  facet normal 1.250268e-01 -9.921534e-01 0.000000e+00
    outer loop
      vertex   -1.489706e+01 9.952516e+01 1.000000e+01
      vertex   -1.536700e+01 9.946594e+01 1.000000e+01
      vertex   -1.489706e+01 9.952516e+01 -4.732000e+00
    endloop
  endfacet
  facet normal 1.250268e-01 -9.921534e-01 -1.541322e-17
    outer loop
      vertex   -1.489706e+01 9.952516e+01 -4.732000e+00
      vertex   -1.536700e+01 9.946594e+01 1.000000e+01
      vertex   -1.536700e+01 9.946594e+01 -4.732000e+00
    endloop
  endfacet
  facet normal 1.308887e-01 -9.913971e-01 -5.177200e-13
    outer loop
      vertex   -1.489658e+01 9.952522e+01 1.000000e+01
      vertex   -1.489706e+01 9.952516e+01 1.000000e+01
      vertex   -1.489658e+01 9.952522e+01 -3.000000e+00
    endloop
  endfacet
  facet normal 1.308887e-01 -9.913971e-01 0.000000e+00
    outer loop
      vertex   -1.489658e+01 9.952522e+01 -3.000000e+00
      vertex   -1.489706e+01 9.952516e+01 1.000000e+01
      vertex   -1.489706e+01 9.952516e+01 -4.732000e+00
    endloop
  endfacet
  facet normal 1.308887e-01 -9.913971e-01 -5.234680e-12
    outer loop
      vertex   -1.489658e+01 9.952522e+01 -3.000000e+00
      vertex   -1.489706e+01 9.952516e+01 -4.732000e+00
      vertex   -1.489658e+01 9.952522e+01 -4.732000e+00
    endloop
  endfacet
  facet normal 1.726933e-01 -9.849756e-01 -5.167387e-13
    outer loop
      vertex   -1.489658e+01 9.952522e+01 1.000000e+01
      vertex   -1.489658e+01 9.952522e+01 -3.000000e+00
      vertex   -1.486649e+01 9.953050e+01 3.500000e+00
    endloop
  endfacet
  facet normal 1.723030e-01 -9.850440e-01 1.862677e-06
    outer loop
      vertex   -1.486649e+01 9.953050e+01 3.500000e+00
      vertex   -1.489658e+01 9.952522e+01 -3.000000e+00
      vertex   -1.486705e+01 9.953039e+01 -3.000000e+00
    endloop
  endfacet
  facet normal 2.240022e-01 -9.745886e-01 -2.805930e-06
    outer loop
      vertex   -1.486649e+01 9.953050e+01 3.500000e+00
      vertex   -1.486705e+01 9.953039e+01 -3.000000e+00
      vertex   -1.480324e+01 9.954505e+01 -3.000000e+00
    endloop
  endfacet
  facet normal 2.269205e-01 -9.739133e-01 2.710329e-05
    outer loop
      vertex   -1.486649e+01 9.953050e+01 3.500000e+00
      vertex   -1.480324e+01 9.954505e+01 -3.000000e+00
      vertex   -1.479622e+01 9.954687e+01 3.500000e+00
    endloop
  endfacet
  facet normal 2.745018e-01 -9.615866e-01 -2.775118e-05
    outer loop
      vertex   -1.479622e+01 9.954687e+01 3.500000e+00
      vertex   -1.480324e+01 9.954505e+01 -3.000000e+00
      vertex   -1.470993e+01 9.957169e+01 -3.000000e+00
    endloop
  endfacet
  facet normal 2.811188e-01 -9.596730e-01 6.740245e-05
    outer loop
      vertex   -1.479622e+01 9.954687e+01 3.500000e+00
      vertex   -1.470993e+01 9.957169e+01 -3.000000e+00
      vertex   -1.469309e+01 9.957708e+01 3.500000e+00
    endloop
  endfacet
  facet normal 3.236442e-01 -9.461788e-01 -5.394301e-05
    outer loop
      vertex   -1.469309e+01 9.957708e+01 3.500000e+00
      vertex   -1.470993e+01 9.957169e+01 -3.000000e+00
      vertex   -1.458849e+01 9.961323e+01 -3.000000e+00
    endloop
  endfacet
  facet normal 3.325317e-01 -9.430921e-01 1.062371e-04
    outer loop
      vertex   -1.469309e+01 9.957708e+01 3.500000e+00
      vertex   -1.458849e+01 9.961323e+01 -3.000000e+00
      vertex   -1.456272e+01 9.962305e+01 3.500000e+00
    endloop
  endfacet
  facet normal 3.719025e-01 -9.282718e-01 -7.227972e-05
    outer loop
      vertex   -1.456272e+01 9.962305e+01 3.500000e+00
      vertex   -1.458849e+01 9.961323e+01 -3.000000e+00
      vertex   -1.444033e+01 9.967259e+01 -3.000000e+00
    endloop
  endfacet
  facet normal 4.057811e-01 -9.139701e-01 6.746414e-04
    outer loop
      vertex   -1.456272e+01 9.962305e+01 3.500000e+00
      vertex   -1.444033e+01 9.967259e+01 -3.000000e+00
      vertex   -1.423760e+01 9.976739e+01 3.500000e+00
    endloop
  endfacet
  facet normal 4.191803e-01 -9.079030e-01 1.682485e-04
    outer loop
      vertex   -1.423760e+01 9.976739e+01 3.500000e+00
      vertex   -1.444033e+01 9.967259e+01 -3.000000e+00
      vertex   -1.426681e+01 9.975270e+01 -3.000000e+00
    endloop
  endfacet
  facet normal 4.652291e-01 -8.851903e-01 -8.999823e-05
    outer loop
      vertex   -1.423760e+01 9.976739e+01 3.500000e+00
      vertex   -1.426681e+01 9.975270e+01 -3.000000e+00
      vertex   -1.406932e+01 9.985650e+01 -3.000000e+00
    endloop
  endfacet
  facet normal 5.097628e-01 -8.603138e-01 1.403953e-03
    outer loop
      vertex   -1.406932e+01 9.985650e+01 -3.000000e+00
      vertex   -1.384925e+01 9.998690e+01 -3.000000e+00
      vertex   -1.423760e+01 9.976739e+01 3.500000e+00
    endloop
  endfacet
  facet normal 4.880686e-01 -8.728052e-01 -3.140276e-04
    outer loop
      vertex   -1.423760e+01 9.976739e+01 3.500000e+00
      vertex   -1.384925e+01 9.998690e+01 -3.000000e+00
      vertex   -1.419438e+01 9.978923e+01 1.000000e+01
    endloop
  endfacet
  facet normal 4.237283e-01 -9.057893e-01 2.246234e-04
    outer loop
      vertex   -1.423760e+01 9.976739e+01 3.500000e+00
      vertex   -1.419438e+01 9.978923e+01 1.000000e+01
      vertex   -1.447325e+01 9.965877e+01 1.000000e+01
    endloop
  endfacet
  facet normal 4.970016e-01 -8.677496e-01 -4.757001e-13
    outer loop
      vertex   -1.384925e+01 9.998690e+01 -3.000000e+00
      vertex   -1.384925e+01 9.998690e+01 1.000000e+01
      vertex   -1.419438e+01 9.978923e+01 1.000000e+01
    endloop
  endfacet
  facet normal 4.057811e-01 -9.139701e-01 -5.627352e-04
    outer loop
      vertex   -1.423760e+01 9.976739e+01 3.500000e+00
      vertex   -1.447325e+01 9.965877e+01 1.000000e+01
      vertex   -1.456272e+01 9.962305e+01 3.500000e+00
    endloop
  endfacet
  facet normal 3.471410e-01 -9.378129e-01 3.754609e-04
    outer loop
      vertex   -1.456272e+01 9.962305e+01 3.500000e+00
      vertex   -1.447325e+01 9.965877e+01 1.000000e+01
      vertex   -1.469953e+01 9.957501e+01 1.000000e+01
    endloop
  endfacet
  facet normal 3.325317e-01 -9.430921e-01 2.894982e-05
    outer loop
      vertex   -1.456272e+01 9.962305e+01 3.500000e+00
      vertex   -1.469953e+01 9.957501e+01 1.000000e+01
      vertex   -1.469309e+01 9.957708e+01 3.500000e+00
    endloop
  endfacet
  facet normal 2.811188e-01 -9.596730e-01 -2.726990e-05
    outer loop
      vertex   -1.469309e+01 9.957708e+01 3.500000e+00
      vertex   -1.469953e+01 9.957501e+01 1.000000e+01
      vertex   -1.479622e+01 9.954687e+01 3.500000e+00
    endloop
  endfacet
  facet normal 2.751581e-01 -9.613990e-01 6.887095e-05
    outer loop
      vertex   -1.469953e+01 9.957501e+01 1.000000e+01
      vertex   -1.481149e+01 9.954297e+01 1.000000e+01
      vertex   -1.479622e+01 9.954687e+01 3.500000e+00
    endloop
  endfacet
  facet normal 2.269205e-01 -9.739133e-01 -5.194934e-05
    outer loop
      vertex   -1.479622e+01 9.954687e+01 3.500000e+00
      vertex   -1.481149e+01 9.954297e+01 1.000000e+01
      vertex   -1.486649e+01 9.953050e+01 3.500000e+00
    endloop
  endfacet
  facet normal 2.205316e-01 -9.753798e-01 4.927452e-06
    outer loop
      vertex   -1.481149e+01 9.954297e+01 1.000000e+01
      vertex   -1.486768e+01 9.953026e+01 1.000000e+01
      vertex   -1.486649e+01 9.953050e+01 3.500000e+00
    endloop
  endfacet
  facet normal 1.717790e-01 -9.851355e-01 -4.362756e-06
    outer loop
      vertex   -1.486649e+01 9.953050e+01 3.500000e+00
      vertex   -1.486768e+01 9.953026e+01 1.000000e+01
      vertex   -1.489658e+01 9.952522e+01 1.000000e+01
    endloop
  endfacet
  facet normal 9.818300e-01 1.897624e-01 4.872329e-14
    outer loop
      vertex   -1.396278e+01 1.006307e+02 1.000000e+01
      vertex   -1.392142e+01 1.004168e+02 1.000000e+01
      vertex   -1.396278e+01 1.006307e+02 -3.000000e+00
    endloop
  endfacet
  facet normal 9.818300e-01 1.897624e-01 6.186604e-14
    outer loop
      vertex   -1.396278e+01 1.006307e+02 -3.000000e+00
      vertex   -1.392142e+01 1.004168e+02 1.000000e+01
      vertex   -1.392142e+01 1.004168e+02 -4.732000e+00
    endloop
  endfacet
  facet normal 9.818300e-01 1.897624e-01 5.283156e-13
    outer loop
      vertex   -1.396278e+01 1.006307e+02 -3.000000e+00
      vertex   -1.392142e+01 1.004168e+02 -4.732000e+00
      vertex   -1.396278e+01 1.006307e+02 -4.732000e+00
    endloop
  endfacet
  facet normal 9.848078e-01 1.736482e-01 4.756432e-14
    outer loop
      vertex   -1.392142e+01 1.004168e+02 -4.732000e+00
      vertex   -1.392142e+01 1.004168e+02 1.000000e+01
      vertex   -1.388357e+01 1.002021e+02 -4.732000e+00
    endloop
  endfacet
  facet normal 9.848078e-01 1.736482e-01 4.499466e-14
    outer loop
      vertex   -1.388357e+01 1.002021e+02 -4.732000e+00
      vertex   -1.392142e+01 1.004168e+02 1.000000e+01
      vertex   -1.388357e+01 1.002021e+02 1.000000e+01
    endloop
  endfacet
  facet normal 9.875210e-01 1.574873e-01 3.405972e-14
    outer loop
      vertex   -1.388357e+01 1.002021e+02 -4.732000e+00
      vertex   -1.388357e+01 1.002021e+02 1.000000e+01
      vertex   -1.384925e+01 9.998690e+01 -3.000000e+00
    endloop
  endfacet
  facet normal 9.875210e-01 1.574873e-01 3.184722e-14
    outer loop
      vertex   -1.384925e+01 9.998690e+01 -3.000000e+00
      vertex   -1.388357e+01 1.002021e+02 1.000000e+01
      vertex   -1.384925e+01 9.998690e+01 1.000000e+01
    endloop
  endfacet
  facet normal 9.875210e-01 1.574873e-01 -1.292165e-15
    outer loop
      vertex   -1.384925e+01 9.998690e+01 -3.000000e+00
      vertex   -1.384925e+01 9.998690e+01 -4.732000e+00
      vertex   -1.388357e+01 1.002021e+02 -4.732000e+00
    endloop
  endfacet
  facet normal 1.702409e-01 9.854025e-01 5.082327e-13
    outer loop
      vertex   -1.396278e+01 1.006307e+02 -3.000000e+00
      vertex   -1.435470e+01 1.006985e+02 -3.000000e+00
      vertex   -1.396278e+01 1.006307e+02 1.000000e+01
    endloop
  endfacet
  facet normal 1.601174e-01 9.870979e-01 3.140275e-04
    outer loop
      vertex   -1.396278e+01 1.006307e+02 1.000000e+01
      vertex   -1.435470e+01 1.006985e+02 -3.000000e+00
      vertex   -1.440278e+01 1.007042e+02 3.500000e+00
    endloop
  endfacet
  facet normal 1.847757e-01 9.827797e-01 -1.403954e-03
    outer loop
      vertex   -1.396278e+01 1.006307e+02 1.000000e+01
      vertex   -1.440278e+01 1.007042e+02 3.500000e+00
      vertex   -1.421418e+01 1.006780e+02 1.000000e+01
    endloop
  endfacet
  facet normal 1.344195e-01 9.909245e-01 8.999802e-05
    outer loop
      vertex   -1.421418e+01 1.006780e+02 1.000000e+01
      vertex   -1.440278e+01 1.007042e+02 3.500000e+00
      vertex   -1.443525e+01 1.007080e+02 1.000000e+01
    endloop
  endfacet
  facet normal 8.337954e-02 9.965178e-01 -1.682481e-04
    outer loop
      vertex   -1.443525e+01 1.007080e+02 1.000000e+01
      vertex   -1.440278e+01 1.007042e+02 3.500000e+00
      vertex   -1.462571e+01 1.007239e+02 1.000000e+01
    endloop
  endfacet
  facet normal 6.871331e-02 9.976362e-01 -6.746415e-04
    outer loop
      vertex   -1.462571e+01 1.007239e+02 1.000000e+01
      vertex   -1.440278e+01 1.007042e+02 3.500000e+00
      vertex   -1.475766e+01 1.007286e+02 3.500000e+00
    endloop
  endfacet
  facet normal 3.198636e-02 9.994883e-01 7.227948e-05
    outer loop
      vertex   -1.462571e+01 1.007239e+02 1.000000e+01
      vertex   -1.475766e+01 1.007286e+02 3.500000e+00
      vertex   -1.478524e+01 1.007290e+02 1.000000e+01
    endloop
  endfacet
  facet normal -1.007887e-02 9.999492e-01 -1.062368e-04
    outer loop
      vertex   -1.478524e+01 1.007290e+02 1.000000e+01
      vertex   -1.475766e+01 1.007286e+02 3.500000e+00
      vertex   -1.489589e+01 1.007272e+02 3.500000e+00
    endloop
  endfacet
  facet normal -1.948610e-02 9.998101e-01 5.394276e-05
    outer loop
      vertex   -1.478524e+01 1.007290e+02 1.000000e+01
      vertex   -1.489589e+01 1.007272e+02 3.500000e+00
      vertex   -1.491356e+01 1.007265e+02 1.000000e+01
    endloop
  endfacet
  facet normal -6.406219e-02 9.979459e-01 -6.740222e-05
    outer loop
      vertex   -1.491356e+01 1.007265e+02 1.000000e+01
      vertex   -1.489589e+01 1.007272e+02 3.500000e+00
      vertex   -1.500314e+01 1.007204e+02 3.500000e+00
    endloop
  endfacet
  facet normal -7.093467e-02 9.974810e-01 2.775094e-05
    outer loop
      vertex   -1.491356e+01 1.007265e+02 1.000000e+01
      vertex   -1.500314e+01 1.007204e+02 3.500000e+00
      vertex   -1.501036e+01 1.007197e+02 1.000000e+01
    endloop
  endfacet
  facet normal -1.198624e-01 9.927905e-01 -2.710309e-05
    outer loop
      vertex   -1.501036e+01 1.007197e+02 1.000000e+01
      vertex   -1.500314e+01 1.007204e+02 3.500000e+00
      vertex   -1.507477e+01 1.007117e+02 3.500000e+00
    endloop
  endfacet
  facet normal -1.228357e-01 9.924270e-01 2.805789e-06
    outer loop
      vertex   -1.501036e+01 1.007197e+02 1.000000e+01
      vertex   -1.507477e+01 1.007117e+02 3.500000e+00
      vertex   -1.507534e+01 1.007116e+02 1.000000e+01
    endloop
  endfacet
  facet normal -1.749930e-01 9.845697e-01 -1.862571e-06
    outer loop
      vertex   -1.507534e+01 1.007116e+02 1.000000e+01
      vertex   -1.507477e+01 1.007117e+02 3.500000e+00
      vertex   -1.510485e+01 1.007064e+02 1.000000e+01
    endloop
  endfacet
  facet normal -1.746029e-01 9.846389e-01 5.222442e-13
    outer loop
      vertex   -1.510485e+01 1.007064e+02 1.000000e+01
      vertex   -1.507477e+01 1.007117e+02 3.500000e+00
      vertex   -1.510485e+01 1.007064e+02 -3.000000e+00
    endloop
  endfacet
  facet normal -1.755167e-01 9.844764e-01 4.362783e-06
    outer loop
      vertex   -1.510485e+01 1.007064e+02 -3.000000e+00
      vertex   -1.507477e+01 1.007117e+02 3.500000e+00
      vertex   -1.507597e+01 1.007115e+02 -3.000000e+00
    endloop
  endfacet
  facet normal -1.263676e-01 9.919835e-01 -4.927483e-06
    outer loop
      vertex   -1.507597e+01 1.007115e+02 -3.000000e+00
      vertex   -1.507477e+01 1.007117e+02 3.500000e+00
      vertex   -1.501882e+01 1.007188e+02 -3.000000e+00
    endloop
  endfacet
  facet normal -1.198624e-01 9.927905e-01 5.194935e-05
    outer loop
      vertex   -1.501882e+01 1.007188e+02 -3.000000e+00
      vertex   -1.507477e+01 1.007117e+02 3.500000e+00
      vertex   -1.500314e+01 1.007204e+02 3.500000e+00
    endloop
  endfacet
  facet normal -7.025384e-02 9.975291e-01 -6.887097e-05
    outer loop
      vertex   -1.501882e+01 1.007188e+02 -3.000000e+00
      vertex   -1.500314e+01 1.007204e+02 3.500000e+00
      vertex   -1.490265e+01 1.007270e+02 -3.000000e+00
    endloop
  endfacet
  facet normal -6.406219e-02 9.979459e-01 2.726994e-05
    outer loop
      vertex   -1.490265e+01 1.007270e+02 -3.000000e+00
      vertex   -1.500314e+01 1.007204e+02 3.500000e+00
      vertex   -1.489589e+01 1.007272e+02 3.500000e+00
    endloop
  endfacet
  facet normal -1.007887e-02 9.999492e-01 -2.894988e-05
    outer loop
      vertex   -1.490265e+01 1.007270e+02 -3.000000e+00
      vertex   -1.489589e+01 1.007272e+02 3.500000e+00
      vertex   -1.475766e+01 1.007286e+02 3.500000e+00
    endloop
  endfacet
  facet normal 8.837616e-02 9.960871e-01 -2.246233e-04
    outer loop
      vertex   -1.435470e+01 1.006985e+02 -3.000000e+00
      vertex   -1.466137e+01 1.007257e+02 -3.000000e+00
      vertex   -1.440278e+01 1.007042e+02 3.500000e+00
    endloop
  endfacet
  facet normal 6.871331e-02 9.976363e-01 5.627351e-04
    outer loop
      vertex   -1.440278e+01 1.007042e+02 3.500000e+00
      vertex   -1.466137e+01 1.007257e+02 -3.000000e+00
      vertex   -1.475766e+01 1.007286e+02 3.500000e+00
    endloop
  endfacet
  facet normal 5.454985e-03 9.999851e-01 -3.754609e-04
    outer loop
      vertex   -1.466137e+01 1.007257e+02 -3.000000e+00
      vertex   -1.490265e+01 1.007270e+02 -3.000000e+00
      vertex   -1.475766e+01 1.007286e+02 3.500000e+00
    endloop
  endfacet
  facet normal -2.160827e-01 9.763751e-01 0.000000e+00
    outer loop
      vertex   -1.510485e+01 1.007064e+02 -4.732000e+00
      vertex   -1.510532e+01 1.007063e+02 -4.732000e+00
      vertex   -1.510485e+01 1.007064e+02 -3.000000e+00
    endloop
  endfacet
  facet normal -2.160827e-01 9.763751e-01 0.000000e+00
    outer loop
      vertex   -1.510485e+01 1.007064e+02 -3.000000e+00
      vertex   -1.510532e+01 1.007063e+02 -4.732000e+00
      vertex   -1.510532e+01 1.007063e+02 1.000000e+01
    endloop
  endfacet
  facet normal -2.160827e-01 9.763751e-01 5.202964e-13
    outer loop
      vertex   -1.510485e+01 1.007064e+02 -3.000000e+00
      vertex   -1.510532e+01 1.007063e+02 1.000000e+01
      vertex   -1.510485e+01 1.007064e+02 1.000000e+01
    endloop
  endfacet
  facet normal -2.218497e-01 9.750809e-01 0.000000e+00
    outer loop
      vertex   -1.556718e+01 1.006012e+02 1.000000e+01
      vertex   -1.510532e+01 1.007063e+02 1.000000e+01
      vertex   -1.556718e+01 1.006012e+02 -4.732000e+00
    endloop
  endfacet
  facet normal -2.218497e-01 9.750809e-01 0.000000e+00
    outer loop
      vertex   -1.556718e+01 1.006012e+02 -4.732000e+00
      vertex   -1.510532e+01 1.007063e+02 1.000000e+01
      vertex   -1.510532e+01 1.007063e+02 -4.732000e+00
    endloop
  endfacet
  facet normal 9.590432e-01 2.832600e-01 -0.000000e+00
    outer loop
      vertex   -1.579829e+01 1.014637e+02 -4.732000e+00
      vertex   -1.579829e+01 1.014637e+02 1.000000e+01
      vertex   -1.571396e+01 1.011782e+02 -4.732000e+00
    endloop
  endfacet
  facet normal 9.590432e-01 2.832600e-01 9.808089e-14
    outer loop
      vertex   -1.571396e+01 1.011782e+02 -4.732000e+00
      vertex   -1.579829e+01 1.014637e+02 1.000000e+01
      vertex   -1.571396e+01 1.011782e+02 1.000000e+01
    endloop
  endfacet
  facet normal 9.659258e-01 2.588190e-01 9.806974e-14
    outer loop
      vertex   -1.571396e+01 1.011782e+02 -4.732000e+00
      vertex   -1.571396e+01 1.011782e+02 1.000000e+01
      vertex   -1.563691e+01 1.008906e+02 -4.732000e+00
    endloop
  endfacet
  facet normal 9.659258e-01 2.588190e-01 7.427591e-14
    outer loop
      vertex   -1.563691e+01 1.008906e+02 -4.732000e+00
      vertex   -1.571396e+01 1.011782e+02 1.000000e+01
      vertex   -1.563691e+01 1.008906e+02 1.000000e+01
    endloop
  endfacet
  facet normal 9.721857e-01 2.342112e-01 7.427552e-14
    outer loop
      vertex   -1.563691e+01 1.008906e+02 -4.732000e+00
      vertex   -1.563691e+01 1.008906e+02 1.000000e+01
      vertex   -1.556718e+01 1.006012e+02 -4.732000e+00
    endloop
  endfacet
  facet normal 9.721857e-01 2.342112e-01 -0.000000e+00
    outer loop
      vertex   -1.556718e+01 1.006012e+02 -4.732000e+00
      vertex   -1.563691e+01 1.008906e+02 1.000000e+01
      vertex   -1.556718e+01 1.006012e+02 1.000000e+01
    endloop
  endfacet
  facet normal 2.954130e-01 -9.553696e-01 0.000000e+00
    outer loop
      vertex   -1.534577e+01 1.016036e+02 1.000000e+01
      vertex   -1.579829e+01 1.014637e+02 1.000000e+01
      vertex   -1.534577e+01 1.016036e+02 -4.732000e+00
    endloop
  endfacet
  facet normal 2.954130e-01 -9.553696e-01 0.000000e+00
    outer loop
      vertex   -1.534577e+01 1.016036e+02 -4.732000e+00
      vertex   -1.579829e+01 1.014637e+02 1.000000e+01
      vertex   -1.579829e+01 1.014637e+02 -4.732000e+00
    endloop
  endfacet
  facet normal 3.010545e-01 -9.536069e-01 -5.188090e-13
    outer loop
      vertex   -1.534531e+01 1.016038e+02 1.000000e+01
      vertex   -1.534577e+01 1.016036e+02 1.000000e+01
      vertex   -1.534531e+01 1.016038e+02 -3.000000e+00
    endloop
  endfacet
  facet normal 3.010545e-01 -9.536069e-01 0.000000e+00
    outer loop
      vertex   -1.534531e+01 1.016038e+02 -3.000000e+00
      vertex   -1.534577e+01 1.016036e+02 1.000000e+01
      vertex   -1.534577e+01 1.016036e+02 -4.732000e+00
    endloop
  endfacet
  facet normal 3.010545e-01 -9.536069e-01 -5.227158e-12
    outer loop
      vertex   -1.534531e+01 1.016038e+02 -3.000000e+00
      vertex   -1.534577e+01 1.016036e+02 -4.732000e+00
      vertex   -1.534531e+01 1.016038e+02 -4.732000e+00
    endloop
  endfacet
  facet normal 3.411089e-01 -9.400238e-01 -5.139821e-13
    outer loop
      vertex   -1.534531e+01 1.016038e+02 1.000000e+01
      vertex   -1.534531e+01 1.016038e+02 -3.000000e+00
      vertex   -1.531659e+01 1.016142e+02 3.500000e+00
    endloop
  endfacet
  facet normal 3.407364e-01 -9.401589e-01 1.862643e-06
    outer loop
      vertex   -1.531659e+01 1.016142e+02 3.500000e+00
      vertex   -1.534531e+01 1.016038e+02 -3.000000e+00
      vertex   -1.531713e+01 1.016140e+02 -3.000000e+00
    endloop
  endfacet
  facet normal 3.898347e-01 -9.208849e-01 -2.805879e-06
    outer loop
      vertex   -1.531659e+01 1.016142e+02 3.500000e+00
      vertex   -1.531713e+01 1.016140e+02 -3.000000e+00
      vertex   -1.525683e+01 1.016395e+02 -3.000000e+00
    endloop
  endfacet
  facet normal 3.925914e-01 -9.197130e-01 2.710323e-05
    outer loop
      vertex   -1.531659e+01 1.016142e+02 3.500000e+00
      vertex   -1.525683e+01 1.016395e+02 -3.000000e+00
      vertex   -1.525023e+01 1.016425e+02 3.500000e+00
    endloop
  endfacet
  facet normal 4.373092e-01 -8.993112e-01 -2.775108e-05
    outer loop
      vertex   -1.525023e+01 1.016425e+02 3.500000e+00
      vertex   -1.525683e+01 1.016395e+02 -3.000000e+00
      vertex   -1.516956e+01 1.016820e+02 -3.000000e+00
    endloop
  endfacet
  facet normal 4.434935e-01 -8.962776e-01 6.740239e-05
    outer loop
      vertex   -1.525023e+01 1.016425e+02 3.500000e+00
      vertex   -1.516956e+01 1.016820e+02 -3.000000e+00
      vertex   -1.515392e+01 1.016902e+02 3.500000e+00
    endloop
  endfacet
  facet normal 4.830296e-01 -8.756040e-01 -5.394289e-05
    outer loop
      vertex   -1.515392e+01 1.016902e+02 3.500000e+00
      vertex   -1.516956e+01 1.016820e+02 -3.000000e+00
      vertex   -1.505719e+01 1.017440e+02 -3.000000e+00
    endloop
  endfacet
  facet normal 4.912460e-01 -8.710208e-01 1.062370e-04
    outer loop
      vertex   -1.515392e+01 1.016902e+02 3.500000e+00
      vertex   -1.505719e+01 1.017440e+02 -3.000000e+00
      vertex   -1.503351e+01 1.017581e+02 3.500000e+00
    endloop
  endfacet
  facet normal 5.274451e-01 -8.495891e-01 -7.227960e-05
    outer loop
      vertex   -1.503351e+01 1.017581e+02 3.500000e+00
      vertex   -1.505719e+01 1.017440e+02 -3.000000e+00
      vertex   -1.492158e+01 1.018281e+02 -3.000000e+00
    endloop
  endfacet
  facet normal 5.583256e-01 -8.296217e-01 6.746415e-04
    outer loop
      vertex   -1.503351e+01 1.017581e+02 3.500000e+00
      vertex   -1.492158e+01 1.018281e+02 -3.000000e+00
      vertex   -1.473839e+01 1.019567e+02 3.500000e+00
    endloop
  endfacet
  facet normal 5.704677e-01 -8.213200e-01 1.682484e-04
    outer loop
      vertex   -1.473839e+01 1.019567e+02 3.500000e+00
      vertex   -1.492158e+01 1.018281e+02 -3.000000e+00
      vertex   -1.476461e+01 1.019372e+02 -3.000000e+00
    endloop
  endfacet
  facet normal 6.118729e-01 -7.909561e-01 -8.999813e-05
    outer loop
      vertex   -1.473839e+01 1.019567e+02 3.500000e+00
      vertex   -1.476461e+01 1.019372e+02 -3.000000e+00
      vertex   -1.458814e+01 1.020737e+02 -3.000000e+00
    endloop
  endfacet
  facet normal 6.514103e-01 -7.587244e-01 1.403953e-03
    outer loop
      vertex   -1.458814e+01 1.020737e+02 -3.000000e+00
      vertex   -1.439406e+01 1.022403e+02 -3.000000e+00
      vertex   -1.473839e+01 1.019567e+02 3.500000e+00
    endloop
  endfacet
  facet normal 6.322147e-01 -7.747932e-01 -3.140276e-04
    outer loop
      vertex   -1.473839e+01 1.019567e+02 3.500000e+00
      vertex   -1.439406e+01 1.022403e+02 -3.000000e+00
      vertex   -1.469962e+01 1.019857e+02 1.000000e+01
    endloop
  endfacet
  facet normal 5.745796e-01 -8.184487e-01 2.246234e-04
    outer loop
      vertex   -1.473839e+01 1.019567e+02 3.500000e+00
      vertex   -1.469962e+01 1.019857e+02 1.000000e+01
      vertex   -1.495160e+01 1.018088e+02 1.000000e+01
    endloop
  endfacet
  facet normal 6.401342e-01 -7.682632e-01 -4.403243e-13
    outer loop
      vertex   -1.439406e+01 1.022403e+02 -3.000000e+00
      vertex   -1.439406e+01 1.022403e+02 1.000000e+01
      vertex   -1.469962e+01 1.019857e+02 1.000000e+01
    endloop
  endfacet
  facet normal 5.583256e-01 -8.296217e-01 -5.627352e-04
    outer loop
      vertex   -1.473839e+01 1.019567e+02 3.500000e+00
      vertex   -1.495160e+01 1.018088e+02 1.000000e+01
      vertex   -1.503351e+01 1.017581e+02 3.500000e+00
    endloop
  endfacet
  facet normal 5.047167e-01 -8.632850e-01 3.754609e-04
    outer loop
      vertex   -1.503351e+01 1.017581e+02 3.500000e+00
      vertex   -1.495160e+01 1.018088e+02 1.000000e+01
      vertex   -1.515990e+01 1.016870e+02 1.000000e+01
    endloop
  endfacet
  facet normal 4.912460e-01 -8.710208e-01 2.894983e-05
    outer loop
      vertex   -1.503351e+01 1.017581e+02 3.500000e+00
      vertex   -1.515990e+01 1.016870e+02 1.000000e+01
      vertex   -1.515392e+01 1.016902e+02 3.500000e+00
    endloop
  endfacet
  facet normal 4.434935e-01 -8.962776e-01 -2.726991e-05
    outer loop
      vertex   -1.515392e+01 1.016902e+02 3.500000e+00
      vertex   -1.515990e+01 1.016870e+02 1.000000e+01
      vertex   -1.525023e+01 1.016425e+02 3.500000e+00
    endloop
  endfacet
  facet normal 4.379230e-01 -8.990125e-01 6.887095e-05
    outer loop
      vertex   -1.515990e+01 1.016870e+02 1.000000e+01
      vertex   -1.526459e+01 1.016360e+02 1.000000e+01
      vertex   -1.525023e+01 1.016425e+02 3.500000e+00
    endloop
  endfacet
  facet normal 3.925914e-01 -9.197130e-01 -5.194934e-05
    outer loop
      vertex   -1.525023e+01 1.016425e+02 3.500000e+00
      vertex   -1.526459e+01 1.016360e+02 1.000000e+01
      vertex   -1.531659e+01 1.016142e+02 3.500000e+00
    endloop
  endfacet
  facet normal 3.865542e-01 -9.222667e-01 4.927456e-06
    outer loop
      vertex   -1.526459e+01 1.016360e+02 1.000000e+01
      vertex   -1.531773e+01 1.016138e+02 1.000000e+01
      vertex   -1.531659e+01 1.016142e+02 3.500000e+00
    endloop
  endfacet
  facet normal 3.402363e-01 -9.403400e-01 -4.362760e-06
    outer loop
      vertex   -1.531659e+01 1.016142e+02 3.500000e+00
      vertex   -1.531773e+01 1.016138e+02 1.000000e+01
      vertex   -1.534531e+01 1.016038e+02 1.000000e+01
    endloop
  endfacet
  facet normal 9.339619e-01 3.573725e-01 1.402555e-13
    outer loop
      vertex   -1.461767e+01 1.028547e+02 1.000000e+01
      vertex   -1.453978e+01 1.026511e+02 1.000000e+01
      vertex   -1.461767e+01 1.028547e+02 -3.000000e+00
    endloop
  endfacet
  facet normal 9.339619e-01 3.573725e-01 1.422787e-13
    outer loop
      vertex   -1.461767e+01 1.028547e+02 -3.000000e+00
      vertex   -1.453978e+01 1.026511e+02 1.000000e+01
      vertex   -1.453978e+01 1.026511e+02 -4.732000e+00
    endloop
  endfacet
  facet normal 9.339619e-01 3.573725e-01 1.446439e-12
    outer loop
      vertex   -1.461767e+01 1.028547e+02 -3.000000e+00
      vertex   -1.453978e+01 1.026511e+02 -4.732000e+00
      vertex   -1.461767e+01 1.028547e+02 -4.732000e+00
    endloop
  endfacet
  facet normal 9.396926e-01 3.420201e-01 1.280892e-13
    outer loop
      vertex   -1.453978e+01 1.026511e+02 -4.732000e+00
      vertex   -1.453978e+01 1.026511e+02 1.000000e+01
      vertex   -1.446524e+01 1.024463e+02 -4.732000e+00
    endloop
  endfacet
  facet normal 9.396926e-01 3.420201e-01 1.246801e-13
    outer loop
      vertex   -1.446524e+01 1.024463e+02 -4.732000e+00
      vertex   -1.453978e+01 1.026511e+02 1.000000e+01
      vertex   -1.446524e+01 1.024463e+02 1.000000e+01
    endloop
  endfacet
  facet normal 9.451710e-01 3.265760e-01 1.138508e-13
    outer loop
      vertex   -1.446524e+01 1.024463e+02 -4.732000e+00
      vertex   -1.446524e+01 1.024463e+02 1.000000e+01
      vertex   -1.439406e+01 1.022403e+02 -3.000000e+00
    endloop
  endfacet
  facet normal 9.451710e-01 3.265760e-01 1.228038e-13
    outer loop
      vertex   -1.439406e+01 1.022403e+02 -3.000000e+00
      vertex   -1.446524e+01 1.024463e+02 1.000000e+01
      vertex   -1.439406e+01 1.022403e+02 1.000000e+01
    endloop
  endfacet
  facet normal 9.451710e-01 3.265760e-01 2.908131e-15
    outer loop
      vertex   -1.439406e+01 1.022403e+02 -3.000000e+00
      vertex   -1.439406e+01 1.022403e+02 -4.732000e+00
      vertex   -1.446524e+01 1.024463e+02 -4.732000e+00
    endloop
  endfacet
  facet normal -3.458821e-03 9.999940e-01 5.369208e-13
    outer loop
      vertex   -1.461767e+01 1.028547e+02 -3.000000e+00
      vertex   -1.501539e+01 1.028533e+02 -3.000000e+00
      vertex   -1.461767e+01 1.028547e+02 1.000000e+01
    endloop
  endfacet
  facet normal -1.372286e-02 9.999058e-01 3.140279e-04
    outer loop
      vertex   -1.461767e+01 1.028547e+02 1.000000e+01
      vertex   -1.501539e+01 1.028533e+02 -3.000000e+00
      vertex   -1.506374e+01 1.028506e+02 3.500000e+00
    endloop
  endfacet
  facet normal 1.131062e-02 9.999350e-01 -1.403953e-03
    outer loop
      vertex   -1.461767e+01 1.028547e+02 1.000000e+01
      vertex   -1.506374e+01 1.028506e+02 3.500000e+00
      vertex   -1.487345e+01 1.028576e+02 1.000000e+01
    endloop
  endfacet
  facet normal -3.969492e-02 9.992118e-01 8.999837e-05
    outer loop
      vertex   -1.487345e+01 1.028576e+02 1.000000e+01
      vertex   -1.506374e+01 1.028506e+02 3.500000e+00
      vertex   -1.509638e+01 1.028487e+02 1.000000e+01
    endloop
  endfacet
  facet normal -9.093073e-02 9.958572e-01 -1.682490e-04
    outer loop
      vertex   -1.509638e+01 1.028487e+02 1.000000e+01
      vertex   -1.506374e+01 1.028506e+02 3.500000e+00
      vertex   -1.528671e+01 1.028313e+02 1.000000e+01
    endloop
  endfacet
  facet normal -1.055683e-01 9.944118e-01 -6.746414e-04
    outer loop
      vertex   -1.528671e+01 1.028313e+02 1.000000e+01
      vertex   -1.506374e+01 1.028506e+02 3.500000e+00
      vertex   -1.541747e+01 1.028130e+02 3.500000e+00
    endloop
  endfacet
  facet normal -1.420590e-01 9.898582e-01 7.227984e-05
    outer loop
      vertex   -1.528671e+01 1.028313e+02 1.000000e+01
      vertex   -1.541747e+01 1.028130e+02 3.500000e+00
      vertex   -1.544471e+01 1.028087e+02 1.000000e+01
    endloop
  endfacet
  facet normal -1.835651e-01 9.830075e-01 -1.062374e-04
    outer loop
      vertex   -1.544471e+01 1.028087e+02 1.000000e+01
      vertex   -1.541747e+01 1.028130e+02 3.500000e+00
      vertex   -1.555336e+01 1.027877e+02 3.500000e+00
    endloop
  endfacet
  facet normal -1.928053e-01 9.812370e-01 5.394316e-05
    outer loop
      vertex   -1.544471e+01 1.028087e+02 1.000000e+01
      vertex   -1.555336e+01 1.027877e+02 3.500000e+00
      vertex   -1.557064e+01 1.027839e+02 1.000000e+01
    endloop
  endfacet
  facet normal -2.363804e-01 9.716606e-01 -6.740275e-05
    outer loop
      vertex   -1.557064e+01 1.027839e+02 1.000000e+01
      vertex   -1.555336e+01 1.027877e+02 3.500000e+00
      vertex   -1.565778e+01 1.027623e+02 3.500000e+00
    endloop
  endfacet
  facet normal -2.430678e-01 9.700093e-01 2.775136e-05
    outer loop
      vertex   -1.557064e+01 1.027839e+02 1.000000e+01
      vertex   -1.565778e+01 1.027623e+02 3.500000e+00
      vertex   -1.566477e+01 1.027603e+02 1.000000e+01
    endloop
  endfacet
  facet normal -2.904377e-01 9.568939e-01 -2.710352e-05
    outer loop
      vertex   -1.566477e+01 1.027603e+02 1.000000e+01
      vertex   -1.565778e+01 1.027623e+02 3.500000e+00
      vertex   -1.572682e+01 1.027413e+02 3.500000e+00
    endloop
  endfacet
  facet normal -2.933028e-01 9.560196e-01 2.806063e-06
    outer loop
      vertex   -1.566477e+01 1.027603e+02 1.000000e+01
      vertex   -1.572682e+01 1.027413e+02 3.500000e+00
      vertex   -1.572737e+01 1.027411e+02 1.000000e+01
    endloop
  endfacet
  facet normal -3.433033e-01 9.392246e-01 -1.862783e-06
    outer loop
      vertex   -1.572737e+01 1.027411e+02 1.000000e+01
      vertex   -1.572682e+01 1.027413e+02 3.500000e+00
      vertex   -1.575552e+01 1.027308e+02 1.000000e+01
    endloop
  endfacet
  facet normal -3.429310e-01 9.393606e-01 5.194822e-13
    outer loop
      vertex   -1.575552e+01 1.027308e+02 1.000000e+01
      vertex   -1.572682e+01 1.027413e+02 3.500000e+00
      vertex   -1.575552e+01 1.027308e+02 -3.000000e+00
    endloop
  endfacet
  facet normal -3.438028e-01 9.390419e-01 4.362765e-06
    outer loop
      vertex   -1.575552e+01 1.027308e+02 -3.000000e+00
      vertex   -1.572682e+01 1.027413e+02 3.500000e+00
      vertex   -1.572797e+01 1.027409e+02 -3.000000e+00
    endloop
  endfacet
  facet normal -2.967039e-01 9.549695e-01 -4.927464e-06
    outer loop
      vertex   -1.572797e+01 1.027409e+02 -3.000000e+00
      vertex   -1.572682e+01 1.027413e+02 3.500000e+00
      vertex   -1.567295e+01 1.027580e+02 -3.000000e+00
    endloop
  endfacet
  facet normal -2.904377e-01 9.568939e-01 5.194932e-05
    outer loop
      vertex   -1.567295e+01 1.027580e+02 -3.000000e+00
      vertex   -1.572682e+01 1.027413e+02 3.500000e+00
      vertex   -1.565778e+01 1.027623e+02 3.500000e+00
    endloop
  endfacet
  facet normal -2.424056e-01 9.701750e-01 -6.887093e-05
    outer loop
      vertex   -1.567295e+01 1.027580e+02 -3.000000e+00
      vertex   -1.565778e+01 1.027623e+02 3.500000e+00
      vertex   -1.555997e+01 1.027862e+02 -3.000000e+00
    endloop
  endfacet
  facet normal -2.363804e-01 9.716606e-01 2.726981e-05
    outer loop
      vertex   -1.555997e+01 1.027862e+02 -3.000000e+00
      vertex   -1.565778e+01 1.027623e+02 3.500000e+00
      vertex   -1.555336e+01 1.027877e+02 3.500000e+00
    endloop
  endfacet
  facet normal -1.835651e-01 9.830076e-01 -2.894972e-05
    outer loop
      vertex   -1.555997e+01 1.027862e+02 -3.000000e+00
      vertex   -1.555336e+01 1.027877e+02 3.500000e+00
      vertex   -1.541747e+01 1.028130e+02 3.500000e+00
    endloop
  endfacet
  facet normal -8.593518e-02 9.963007e-01 -2.246235e-04
    outer loop
      vertex   -1.501539e+01 1.028533e+02 -3.000000e+00
      vertex   -1.532213e+01 1.028268e+02 -3.000000e+00
      vertex   -1.506374e+01 1.028506e+02 3.500000e+00
    endloop
  endfacet
  facet normal -1.055683e-01 9.944119e-01 5.627354e-04
    outer loop
      vertex   -1.506374e+01 1.028506e+02 3.500000e+00
      vertex   -1.532213e+01 1.028268e+02 -3.000000e+00
      vertex   -1.541747e+01 1.028130e+02 3.500000e+00
    endloop
  endfacet
  facet normal -1.682735e-01 9.857403e-01 -3.754610e-04
    outer loop
      vertex   -1.532213e+01 1.028268e+02 -3.000000e+00
      vertex   -1.555997e+01 1.027862e+02 -3.000000e+00
      vertex   -1.541747e+01 1.028130e+02 3.500000e+00
    endloop
  endfacet
  facet normal -3.823457e-01 9.240194e-01 -3.921376e-16
    outer loop
      vertex   -1.575552e+01 1.027308e+02 -4.732000e+00
      vertex   -1.575597e+01 1.027306e+02 -4.732000e+00
      vertex   -1.575552e+01 1.027308e+02 -3.000000e+00
    endloop
  endfacet
  facet normal -3.823457e-01 9.240194e-01 4.610075e-17
    outer loop
      vertex   -1.575552e+01 1.027308e+02 -3.000000e+00
      vertex   -1.575597e+01 1.027306e+02 -4.732000e+00
      vertex   -1.575597e+01 1.027306e+02 1.000000e+01
    endloop
  endfacet
  facet normal -3.823456e-01 9.240194e-01 5.136800e-13
    outer loop
      vertex   -1.575552e+01 1.027308e+02 -3.000000e+00
      vertex   -1.575597e+01 1.027306e+02 1.000000e+01
      vertex   -1.575552e+01 1.027308e+02 1.000000e+01
    endloop
  endfacet
  facet normal -3.878003e-01 9.217434e-01 0.000000e+00
    outer loop
      vertex   -1.619256e+01 1.025470e+02 1.000000e+01
      vertex   -1.575597e+01 1.027306e+02 1.000000e+01
      vertex   -1.619256e+01 1.025470e+02 -4.732000e+00
    endloop
  endfacet
  facet normal -3.878003e-01 9.217434e-01 4.773125e-17
    outer loop
      vertex   -1.619256e+01 1.025470e+02 -4.732000e+00
      vertex   -1.575597e+01 1.027306e+02 1.000000e+01
      vertex   -1.575597e+01 1.027306e+02 -4.732000e+00
    endloop
  endfacet
  facet normal 8.952855e-01 4.454928e-01 -0.000000e+00
    outer loop
      vertex   -1.656994e+01 1.033563e+02 -4.732000e+00
      vertex   -1.656994e+01 1.033563e+02 1.000000e+01
      vertex   -1.643731e+01 1.030897e+02 -4.732000e+00
    endloop
  endfacet
  facet normal 8.952855e-01 4.454928e-01 1.783844e-13
    outer loop
      vertex   -1.643731e+01 1.030897e+02 -4.732000e+00
      vertex   -1.656994e+01 1.033563e+02 1.000000e+01
      vertex   -1.643731e+01 1.030897e+02 1.000000e+01
    endloop
  endfacet
  facet normal 9.063078e-01 4.226183e-01 1.783647e-13
    outer loop
      vertex   -1.643731e+01 1.030897e+02 -4.732000e+00
      vertex   -1.643731e+01 1.030897e+02 1.000000e+01
      vertex   -1.631149e+01 1.028199e+02 -4.732000e+00
    endloop
  endfacet
  facet normal 9.063078e-01 4.226183e-01 1.545462e-13
    outer loop
      vertex   -1.631149e+01 1.028199e+02 -4.732000e+00
      vertex   -1.643731e+01 1.030897e+02 1.000000e+01
      vertex   -1.631149e+01 1.028199e+02 1.000000e+01
    endloop
  endfacet
  facet normal 9.167457e-01 3.994713e-01 1.545425e-13
    outer loop
      vertex   -1.631149e+01 1.028199e+02 -4.732000e+00
      vertex   -1.631149e+01 1.028199e+02 1.000000e+01
      vertex   -1.619256e+01 1.025470e+02 -4.732000e+00
    endloop
  endfacet
  facet normal 9.167457e-01 3.994713e-01 -0.000000e+00
    outer loop
      vertex   -1.619256e+01 1.025470e+02 -4.732000e+00
      vertex   -1.631149e+01 1.028199e+02 1.000000e+01
      vertex   -1.619256e+01 1.025470e+02 1.000000e+01
    endloop
  endfacet
  facet normal 4.568232e-01 -8.895575e-01 0.000000e+00
    outer loop
      vertex   -1.614859e+01 1.035726e+02 1.000000e+01
      vertex   -1.656994e+01 1.033563e+02 1.000000e+01
      vertex   -1.614859e+01 1.035726e+02 -4.732000e+00
    endloop
  endfacet
  facet normal 4.568232e-01 -8.895575e-01 0.000000e+00
    outer loop
      vertex   -1.614859e+01 1.035726e+02 -4.732000e+00
      vertex   -1.656994e+01 1.033563e+02 1.000000e+01
      vertex   -1.656994e+01 1.033563e+02 -4.732000e+00
    endloop
  endfacet
  facet normal 4.620729e-01 -8.868420e-01 -5.033142e-13
    outer loop
      vertex   -1.614817e+01 1.035729e+02 1.000000e+01
      vertex   -1.614859e+01 1.035726e+02 1.000000e+01
      vertex   -1.614817e+01 1.035729e+02 -3.000000e+00
    endloop
  endfacet
  facet normal 4.620729e-01 -8.868420e-01 0.000000e+00
    outer loop
      vertex   -1.614817e+01 1.035729e+02 -3.000000e+00
      vertex   -1.614859e+01 1.035726e+02 1.000000e+01
      vertex   -1.614859e+01 1.035726e+02 -4.732000e+00
    endloop
  endfacet
  facet normal 4.620729e-01 -8.868419e-01 -5.071625e-12
    outer loop
      vertex   -1.614817e+01 1.035729e+02 -3.000000e+00
      vertex   -1.614859e+01 1.035726e+02 -4.732000e+00
      vertex   -1.614817e+01 1.035729e+02 -4.732000e+00
    endloop
  endfacet
  facet normal 4.991601e-01 -8.665098e-01 -4.946938e-13
    outer loop
      vertex   -1.614817e+01 1.035729e+02 1.000000e+01
      vertex   -1.614817e+01 1.035729e+02 -3.000000e+00
      vertex   -1.612169e+01 1.035881e+02 3.500000e+00
    endloop
  endfacet
  facet normal 4.988167e-01 -8.667075e-01 1.862721e-06
    outer loop
      vertex   -1.612169e+01 1.035881e+02 3.500000e+00
      vertex   -1.614817e+01 1.035729e+02 -3.000000e+00
      vertex   -1.612218e+01 1.035878e+02 -3.000000e+00
    endloop
  endfacet
  facet normal 5.438222e-01 -8.392005e-01 -2.805986e-06
    outer loop
      vertex   -1.612169e+01 1.035881e+02 3.500000e+00
      vertex   -1.612218e+01 1.035878e+02 -3.000000e+00
      vertex   -1.606724e+01 1.036234e+02 -3.000000e+00
    endloop
  endfacet
  facet normal 5.463335e-01 -8.375677e-01 2.710338e-05
    outer loop
      vertex   -1.612169e+01 1.035881e+02 3.500000e+00
      vertex   -1.606724e+01 1.036234e+02 -3.000000e+00
      vertex   -1.606126e+01 1.036275e+02 3.500000e+00
    endloop
  endfacet
  facet normal 5.868292e-01 -8.097107e-01 -2.775126e-05
    outer loop
      vertex   -1.606126e+01 1.036275e+02 3.500000e+00
      vertex   -1.606724e+01 1.036234e+02 -3.000000e+00
      vertex   -1.598866e+01 1.036804e+02 -3.000000e+00
    endloop
  endfacet
  facet normal 5.923928e-01 -8.056493e-01 6.740256e-05
    outer loop
      vertex   -1.606126e+01 1.036275e+02 3.500000e+00
      vertex   -1.598866e+01 1.036804e+02 -3.000000e+00
      vertex   -1.597468e+01 1.036912e+02 3.500000e+00
    endloop
  endfacet
  facet normal 6.277383e-01 -7.784244e-01 -5.394308e-05
    outer loop
      vertex   -1.597468e+01 1.036912e+02 3.500000e+00
      vertex   -1.598866e+01 1.036804e+02 -3.000000e+00
      vertex   -1.588876e+01 1.037609e+02 -3.000000e+00
    endloop
  endfacet
  facet normal 6.350341e-01 -7.724841e-01 1.062372e-04
    outer loop
      vertex   -1.597468e+01 1.036912e+02 3.500000e+00
      vertex   -1.588876e+01 1.037609e+02 -3.000000e+00
      vertex   -1.586789e+01 1.037790e+02 3.500000e+00
    endloop
  endfacet
  facet normal 6.669616e-01 -7.450921e-01 -7.227978e-05
    outer loop
      vertex   -1.586789e+01 1.037790e+02 3.500000e+00
      vertex   -1.588876e+01 1.037609e+02 -3.000000e+00
      vertex   -1.576983e+01 1.038674e+02 -3.000000e+00
    endloop
  endfacet
  facet normal 6.939056e-01 -7.200656e-01 6.746414e-04
    outer loop
      vertex   -1.586789e+01 1.037790e+02 3.500000e+00
      vertex   -1.576983e+01 1.038674e+02 -3.000000e+00
      vertex   -1.561175e+01 1.040258e+02 3.500000e+00
    endloop
  endfacet
  facet normal 7.044217e-01 -7.097816e-01 1.682487e-04
    outer loop
      vertex   -1.561175e+01 1.040258e+02 3.500000e+00
      vertex   -1.576983e+01 1.038674e+02 -3.000000e+00
      vertex   -1.563417e+01 1.040020e+02 -3.000000e+00
    endloop
  endfacet
  facet normal 7.399253e-01 -6.726891e-01 -8.999829e-05
    outer loop
      vertex   -1.561175e+01 1.040258e+02 3.500000e+00
      vertex   -1.563417e+01 1.040020e+02 -3.000000e+00
      vertex   -1.548410e+01 1.041671e+02 -3.000000e+00
    endloop
  endfacet
  facet normal 7.732650e-01 -6.340814e-01 1.403953e-03
    outer loop
      vertex   -1.548410e+01 1.041671e+02 -3.000000e+00
      vertex   -1.532190e+01 1.043649e+02 -3.000000e+00
      vertex   -1.561175e+01 1.040258e+02 3.500000e+00
    endloop
  endfacet
  facet normal 7.571514e-01 -6.532394e-01 -3.140277e-04
    outer loop
      vertex   -1.561175e+01 1.040258e+02 3.500000e+00
      vertex   -1.532190e+01 1.043649e+02 -3.000000e+00
      vertex   -1.557860e+01 1.040611e+02 1.000000e+01
    endloop
  endfacet
  facet normal 7.079725e-01 -7.062399e-01 2.246234e-04
    outer loop
      vertex   -1.561175e+01 1.040258e+02 3.500000e+00
      vertex   -1.557860e+01 1.040611e+02 1.000000e+01
      vertex   -1.579604e+01 1.038431e+02 1.000000e+01
    endloop
  endfacet
  facet normal 7.638166e-01 -6.454334e-01 -3.919600e-13
    outer loop
      vertex   -1.532190e+01 1.043649e+02 -3.000000e+00
      vertex   -1.532190e+01 1.043649e+02 1.000000e+01
      vertex   -1.557860e+01 1.040611e+02 1.000000e+01
    endloop
  endfacet
  facet normal 6.939057e-01 -7.200657e-01 -5.627352e-04
    outer loop
      vertex   -1.561175e+01 1.040258e+02 3.500000e+00
      vertex   -1.579604e+01 1.038431e+02 1.000000e+01
      vertex   -1.586789e+01 1.037790e+02 3.500000e+00
    endloop
  endfacet
  facet normal 6.469568e-01 -7.625266e-01 3.754609e-04
    outer loop
      vertex   -1.586789e+01 1.037790e+02 3.500000e+00
      vertex   -1.579604e+01 1.038431e+02 1.000000e+01
      vertex   -1.598002e+01 1.036870e+02 1.000000e+01
    endloop
  endfacet
  facet normal 6.350341e-01 -7.724841e-01 2.894980e-05
    outer loop
      vertex   -1.586789e+01 1.037790e+02 3.500000e+00
      vertex   -1.598002e+01 1.036870e+02 1.000000e+01
      vertex   -1.597468e+01 1.036912e+02 3.500000e+00
    endloop
  endfacet
  facet normal 5.923928e-01 -8.056493e-01 -2.726988e-05
    outer loop
      vertex   -1.597468e+01 1.036912e+02 3.500000e+00
      vertex   -1.598002e+01 1.036870e+02 1.000000e+01
      vertex   -1.606126e+01 1.036275e+02 3.500000e+00
    endloop
  endfacet
  facet normal 5.873818e-01 -8.093100e-01 6.887094e-05
    outer loop
      vertex   -1.598002e+01 1.036870e+02 1.000000e+01
      vertex   -1.607427e+01 1.036186e+02 1.000000e+01
      vertex   -1.606126e+01 1.036275e+02 3.500000e+00
    endloop
  endfacet
  facet normal 5.463335e-01 -8.375677e-01 -5.194933e-05
    outer loop
      vertex   -1.606126e+01 1.036275e+02 3.500000e+00
      vertex   -1.607427e+01 1.036186e+02 1.000000e+01
      vertex   -1.612169e+01 1.035881e+02 3.500000e+00
    endloop
  endfacet
  facet normal 5.408315e-01 -8.411310e-01 4.927459e-06
    outer loop
      vertex   -1.607427e+01 1.036186e+02 1.000000e+01
      vertex   -1.612273e+01 1.035875e+02 1.000000e+01
      vertex   -1.612169e+01 1.035881e+02 3.500000e+00
    endloop
  endfacet
  facet normal 4.983556e-01 -8.669727e-01 -4.362762e-06
    outer loop
      vertex   -1.612169e+01 1.035881e+02 3.500000e+00
      vertex   -1.612273e+01 1.035875e+02 1.000000e+01
      vertex   -1.614817e+01 1.035729e+02 1.000000e+01
    endloop
  endfacet
  facet normal 8.577159e-01 5.141240e-01 2.285235e-13
    outer loop
      vertex   -1.564879e+01 1.049311e+02 1.000000e+01
      vertex   -1.553674e+01 1.047442e+02 1.000000e+01
      vertex   -1.564879e+01 1.049311e+02 -3.000000e+00
    endloop
  endfacet
  facet normal 8.577159e-01 5.141240e-01 2.203066e-13
    outer loop
      vertex   -1.564879e+01 1.049311e+02 -3.000000e+00
      vertex   -1.553674e+01 1.047442e+02 1.000000e+01
      vertex   -1.553674e+01 1.047442e+02 -4.732000e+00
    endloop
  endfacet
  facet normal 8.577159e-01 5.141240e-01 2.344393e-12
    outer loop
      vertex   -1.564879e+01 1.049311e+02 -3.000000e+00
      vertex   -1.553674e+01 1.047442e+02 -4.732000e+00
      vertex   -1.564879e+01 1.049311e+02 -4.732000e+00
    endloop
  endfacet
  facet normal 8.660254e-01 5.000000e-01 2.067023e-13
    outer loop
      vertex   -1.553674e+01 1.047442e+02 -4.732000e+00
      vertex   -1.553674e+01 1.047442e+02 1.000000e+01
      vertex   -1.542776e+01 1.045554e+02 -4.732000e+00
    endloop
  endfacet
  facet normal 8.660254e-01 5.000000e-01 2.036984e-13
    outer loop
      vertex   -1.542776e+01 1.045554e+02 -4.732000e+00
      vertex   -1.553674e+01 1.047442e+02 1.000000e+01
      vertex   -1.542776e+01 1.045554e+02 1.000000e+01
    endloop
  endfacet
  facet normal 8.741024e-01 4.857418e-01 1.932780e-13
    outer loop
      vertex   -1.542776e+01 1.045554e+02 -4.732000e+00
      vertex   -1.542776e+01 1.045554e+02 1.000000e+01
      vertex   -1.532190e+01 1.043649e+02 -3.000000e+00
    endloop
  endfacet
  facet normal 8.741024e-01 4.857418e-01 2.126196e-13
    outer loop
      vertex   -1.532190e+01 1.043649e+02 -3.000000e+00
      vertex   -1.542776e+01 1.045554e+02 1.000000e+01
      vertex   -1.532190e+01 1.043649e+02 1.000000e+01
    endloop
  endfacet
  facet normal 8.741024e-01 4.857418e-01 -8.964883e-16
    outer loop
      vertex   -1.532190e+01 1.043649e+02 -3.000000e+00
      vertex   -1.532190e+01 1.043649e+02 -4.732000e+00
      vertex   -1.542776e+01 1.045554e+02 -4.732000e+00
    endloop
  endfacet
  facet normal -1.770534e-01 9.842012e-01 5.475778e-13
    outer loop
      vertex   -1.564879e+01 1.049311e+02 -3.000000e+00
      vertex   -1.604023e+01 1.048607e+02 -3.000000e+00
      vertex   -1.564879e+01 1.049311e+02 1.000000e+01
    endloop
  endfacet
  facet normal -1.871462e-01 9.823320e-01 3.140276e-04
    outer loop
      vertex   -1.564879e+01 1.049311e+02 1.000000e+01
      vertex   -1.604023e+01 1.048607e+02 -3.000000e+00
      vertex   -1.608738e+01 1.048496e+02 3.500000e+00
    endloop
  endfacet
  facet normal -1.624981e-01 9.867079e-01 -1.403953e-03
    outer loop
      vertex   -1.564879e+01 1.049311e+02 1.000000e+01
      vertex   -1.608738e+01 1.048496e+02 3.500000e+00
      vertex   -1.590119e+01 1.048895e+02 1.000000e+01
    endloop
  endfacet
  facet normal -2.126032e-01 9.771386e-01 8.999815e-05
    outer loop
      vertex   -1.590119e+01 1.048895e+02 1.000000e+01
      vertex   -1.608738e+01 1.048496e+02 3.500000e+00
      vertex   -1.611919e+01 1.048421e+02 1.000000e+01
    endloop
  endfacet
  facet normal -2.624781e-01 9.649379e-01 -1.682484e-04
    outer loop
      vertex   -1.611919e+01 1.048421e+02 1.000000e+01
      vertex   -1.608738e+01 1.048496e+02 3.500000e+00
      vertex   -1.630361e+01 1.047919e+02 1.000000e+01
    endloop
  endfacet
  facet normal -2.766423e-01 9.609727e-01 -6.746415e-04
    outer loop
      vertex   -1.630361e+01 1.047919e+02 1.000000e+01
      vertex   -1.608738e+01 1.048496e+02 3.500000e+00
      vertex   -1.642921e+01 1.047512e+02 3.500000e+00
    endloop
  endfacet
  facet normal -3.117878e-01 9.501518e-01 7.227962e-05
    outer loop
      vertex   -1.630361e+01 1.047919e+02 1.000000e+01
      vertex   -1.642921e+01 1.047512e+02 3.500000e+00
      vertex   -1.645527e+01 1.047422e+02 1.000000e+01
    endloop
  endfacet
  facet normal -3.514738e-01 9.361977e-01 -1.062370e-04
    outer loop
      vertex   -1.645527e+01 1.047422e+02 1.000000e+01
      vertex   -1.642921e+01 1.047512e+02 3.500000e+00
      vertex   -1.655863e+01 1.047026e+02 3.500000e+00
    endloop
  endfacet
  facet normal -3.602662e-01 9.328496e-01 5.394292e-05
    outer loop
      vertex   -1.645527e+01 1.047422e+02 1.000000e+01
      vertex   -1.655863e+01 1.047026e+02 3.500000e+00
      vertex   -1.657499e+01 1.046959e+02 1.000000e+01
    endloop
  endfacet
  facet normal -4.015164e-01 9.158518e-01 -6.740238e-05
    outer loop
      vertex   -1.657499e+01 1.046959e+02 1.000000e+01
      vertex   -1.655863e+01 1.047026e+02 3.500000e+00
      vertex   -1.665705e+01 1.046595e+02 3.500000e+00
    endloop
  endfacet
  facet normal -4.078154e-01 9.130644e-01 2.775109e-05
    outer loop
      vertex   -1.657499e+01 1.046959e+02 1.000000e+01
      vertex   -1.665705e+01 1.046595e+02 3.500000e+00
      vertex   -1.666360e+01 1.046563e+02 1.000000e+01
    endloop
  endfacet
  facet normal -4.521882e-01 8.919226e-01 -2.710322e-05
    outer loop
      vertex   -1.666360e+01 1.046563e+02 1.000000e+01
      vertex   -1.665705e+01 1.046595e+02 3.500000e+00
      vertex   -1.672141e+01 1.046268e+02 3.500000e+00
    endloop
  endfacet
  facet normal -4.548578e-01 8.905641e-01 2.805881e-06
    outer loop
      vertex   -1.666360e+01 1.046563e+02 1.000000e+01
      vertex   -1.672141e+01 1.046268e+02 3.500000e+00
      vertex   -1.672191e+01 1.046266e+02 1.000000e+01
    endloop
  endfacet
  facet normal -5.011823e-01 8.653417e-01 -1.862640e-06
    outer loop
      vertex   -1.672191e+01 1.046266e+02 1.000000e+01
      vertex   -1.672141e+01 1.046268e+02 3.500000e+00
      vertex   -1.674785e+01 1.046115e+02 1.000000e+01
    endloop
  endfacet
  facet normal -5.008394e-01 8.655402e-01 5.013229e-13
    outer loop
      vertex   -1.674785e+01 1.046115e+02 1.000000e+01
      vertex   -1.672141e+01 1.046268e+02 3.500000e+00
      vertex   -1.674785e+01 1.046115e+02 -3.000000e+00
    endloop
  endfacet
  facet normal -5.016426e-01 8.650750e-01 4.362782e-06
    outer loop
      vertex   -1.674785e+01 1.046115e+02 -3.000000e+00
      vertex   -1.672141e+01 1.046268e+02 3.500000e+00
      vertex   -1.672247e+01 1.046263e+02 -3.000000e+00
    endloop
  endfacet
  facet normal -4.580250e-01 8.889393e-01 -4.927483e-06
    outer loop
      vertex   -1.672247e+01 1.046263e+02 -3.000000e+00
      vertex   -1.672141e+01 1.046268e+02 3.500000e+00
      vertex   -1.667126e+01 1.046526e+02 -3.000000e+00
    endloop
  endfacet
  facet normal -4.521882e-01 8.919226e-01 5.194935e-05
    outer loop
      vertex   -1.667126e+01 1.046526e+02 -3.000000e+00
      vertex   -1.672141e+01 1.046268e+02 3.500000e+00
      vertex   -1.665705e+01 1.046595e+02 3.500000e+00
    endloop
  endfacet
  facet normal -4.071921e-01 9.133425e-01 -6.887096e-05
    outer loop
      vertex   -1.667126e+01 1.046526e+02 -3.000000e+00
      vertex   -1.665705e+01 1.046595e+02 3.500000e+00
      vertex   -1.656490e+01 1.047001e+02 -3.000000e+00
    endloop
  endfacet
  facet normal -4.015164e-01 9.158518e-01 2.726992e-05
    outer loop
      vertex   -1.656490e+01 1.047001e+02 -3.000000e+00
      vertex   -1.665705e+01 1.046595e+02 3.500000e+00
      vertex   -1.655863e+01 1.047026e+02 3.500000e+00
    endloop
  endfacet
  facet normal -3.514738e-01 9.361977e-01 -2.894987e-05
    outer loop
      vertex   -1.656490e+01 1.047001e+02 -3.000000e+00
      vertex   -1.655863e+01 1.047026e+02 3.500000e+00
      vertex   -1.642921e+01 1.047512e+02 3.500000e+00
    endloop
  endfacet
  facet normal -2.576354e-01 9.662422e-01 -2.246233e-04
    outer loop
      vertex   -1.604023e+01 1.048607e+02 -3.000000e+00
      vertex   -1.633771e+01 1.047813e+02 -3.000000e+00
      vertex   -1.608738e+01 1.048496e+02 3.500000e+00
    endloop
  endfacet
  facet normal -2.766423e-01 9.609728e-01 5.627351e-04
    outer loop
      vertex   -1.608738e+01 1.048496e+02 3.500000e+00
      vertex   -1.633771e+01 1.047813e+02 -3.000000e+00
      vertex   -1.642921e+01 1.047512e+02 3.500000e+00
    endloop
  endfacet
  facet normal -3.368890e-01 9.415443e-01 -3.754609e-04
    outer loop
      vertex   -1.633771e+01 1.047813e+02 -3.000000e+00
      vertex   -1.656490e+01 1.047001e+02 -3.000000e+00
      vertex   -1.642921e+01 1.047512e+02 3.500000e+00
    endloop
  endfacet
  facet normal -5.369912e-01 8.435878e-01 -1.274159e-14
    outer loop
      vertex   -1.674785e+01 1.046115e+02 -4.732000e+00
      vertex   -1.674826e+01 1.046113e+02 -4.732000e+00
      vertex   -1.674785e+01 1.046115e+02 -3.000000e+00
    endloop
  endfacet
  facet normal -5.369912e-01 8.435878e-01 1.294985e-16
    outer loop
      vertex   -1.674785e+01 1.046115e+02 -3.000000e+00
      vertex   -1.674826e+01 1.046113e+02 -4.732000e+00
      vertex   -1.674826e+01 1.046113e+02 1.000000e+01
    endloop
  endfacet
  facet normal -5.369912e-01 8.435878e-01 4.917322e-13
    outer loop
      vertex   -1.674785e+01 1.046115e+02 -3.000000e+00
      vertex   -1.674826e+01 1.046113e+02 1.000000e+01
      vertex   -1.674785e+01 1.046115e+02 1.000000e+01
    endloop
  endfacet
  facet normal -5.419678e-01 8.403993e-01 0.000000e+00
    outer loop
      vertex   -1.714632e+01 1.043546e+02 1.000000e+01
      vertex   -1.674826e+01 1.046113e+02 1.000000e+01
      vertex   -1.714632e+01 1.043546e+02 -4.732000e+00
    endloop
  endfacet
  facet normal -5.419678e-01 8.403993e-01 1.312609e-16
    outer loop
      vertex   -1.714632e+01 1.043546e+02 -4.732000e+00
      vertex   -1.674826e+01 1.046113e+02 1.000000e+01
      vertex   -1.674826e+01 1.046113e+02 -4.732000e+00
    endloop
  endfacet
  facet normal 8.043251e-01 5.941894e-01 -0.000000e+00
    outer loop
      vertex   -1.765850e+01 1.050860e+02 -4.732000e+00
      vertex   -1.765850e+01 1.050860e+02 1.000000e+01
      vertex   -1.748160e+01 1.048466e+02 -4.732000e+00
    endloop
  endfacet
  facet normal 8.043251e-01 5.941894e-01 2.544900e-13
    outer loop
      vertex   -1.748160e+01 1.048466e+02 -4.732000e+00
      vertex   -1.765850e+01 1.050860e+02 1.000000e+01
      vertex   -1.748160e+01 1.048466e+02 1.000000e+01
    endloop
  endfacet
  facet normal 8.191520e-01 5.735764e-01 2.544616e-13
    outer loop
      vertex   -1.748160e+01 1.048466e+02 -4.732000e+00
      vertex   -1.748160e+01 1.048466e+02 1.000000e+01
      vertex   -1.731083e+01 1.046027e+02 -4.732000e+00
    endloop
  endfacet
  facet normal 8.191520e-01 5.735764e-01 2.318990e-13
    outer loop
      vertex   -1.731083e+01 1.046027e+02 -4.732000e+00
      vertex   -1.748160e+01 1.048466e+02 1.000000e+01
      vertex   -1.731083e+01 1.046027e+02 1.000000e+01
    endloop
  endfacet
  facet normal 8.334508e-01 5.525936e-01 2.318808e-13
    outer loop
      vertex   -1.731083e+01 1.046027e+02 -4.732000e+00
      vertex   -1.731083e+01 1.046027e+02 1.000000e+01
      vertex   -1.714632e+01 1.043546e+02 -4.732000e+00
    endloop
  endfacet
  facet normal 8.334508e-01 5.525936e-01 -0.000000e+00
    outer loop
      vertex   -1.714632e+01 1.043546e+02 -4.732000e+00
      vertex   -1.731083e+01 1.046027e+02 1.000000e+01
      vertex   -1.714632e+01 1.043546e+02 1.000000e+01
    endloop
  endfacet
  facet normal 6.043531e-01 -7.967166e-01 0.000000e+00
    outer loop
      vertex   -1.728112e+01 1.053723e+02 1.000000e+01
      vertex   -1.765850e+01 1.050860e+02 1.000000e+01
      vertex   -1.728112e+01 1.053723e+02 -4.732000e+00
    endloop
  endfacet
  facet normal 6.043531e-01 -7.967166e-01 0.000000e+00
    outer loop
      vertex   -1.728112e+01 1.053723e+02 -4.732000e+00
      vertex   -1.765850e+01 1.050860e+02 1.000000e+01
      vertex   -1.765850e+01 1.050860e+02 -4.732000e+00
    endloop
  endfacet
  facet normal 6.090514e-01 -7.931307e-01 -4.732481e-13
    outer loop
      vertex   -1.728074e+01 1.053726e+02 1.000000e+01
      vertex   -1.728112e+01 1.053723e+02 1.000000e+01
      vertex   -1.728074e+01 1.053726e+02 -3.000000e+00
    endloop
  endfacet
  facet normal 6.090514e-01 -7.931307e-01 0.000000e+00
    outer loop
      vertex   -1.728074e+01 1.053726e+02 -3.000000e+00
      vertex   -1.728112e+01 1.053723e+02 1.000000e+01
      vertex   -1.728112e+01 1.053723e+02 -4.732000e+00
    endloop
  endfacet
  facet normal 6.090515e-01 -7.931307e-01 -4.761601e-12
    outer loop
      vertex   -1.728074e+01 1.053726e+02 -3.000000e+00
      vertex   -1.728112e+01 1.053723e+02 -4.732000e+00
      vertex   -1.728074e+01 1.053726e+02 -4.732000e+00
    endloop
  endfacet
  facet normal 6.420446e-01 -7.666673e-01 -4.610129e-13
    outer loop
      vertex   -1.728074e+01 1.053726e+02 1.000000e+01
      vertex   -1.728074e+01 1.053726e+02 -3.000000e+00
      vertex   -1.725732e+01 1.053922e+02 3.500000e+00
    endloop
  endfacet
  facet normal 6.417407e-01 -7.669217e-01 1.862742e-06
    outer loop
      vertex   -1.725732e+01 1.053922e+02 3.500000e+00
      vertex   -1.728074e+01 1.053726e+02 -3.000000e+00
      vertex   -1.725775e+01 1.053918e+02 -3.000000e+00
    endloop
  endfacet
  facet normal 6.812859e-01 -7.320174e-01 -2.806019e-06
    outer loop
      vertex   -1.725732e+01 1.053922e+02 3.500000e+00
      vertex   -1.725775e+01 1.053918e+02 -3.000000e+00
      vertex   -1.720982e+01 1.054364e+02 -3.000000e+00
    endloop
  endfacet
  facet normal 6.834756e-01 -7.299734e-01 2.710341e-05
    outer loop
      vertex   -1.725732e+01 1.053922e+02 3.500000e+00
      vertex   -1.720982e+01 1.054364e+02 -3.000000e+00
      vertex   -1.720465e+01 1.054415e+02 3.500000e+00
    endloop
  endfacet
  facet normal 7.185188e-01 -6.955076e-01 -2.775134e-05
    outer loop
      vertex   -1.720465e+01 1.054415e+02 3.500000e+00
      vertex   -1.720982e+01 1.054364e+02 -3.000000e+00
      vertex   -1.714233e+01 1.055062e+02 -3.000000e+00
    endloop
  endfacet
  facet normal 7.232925e-01 -6.905417e-01 6.740259e-05
    outer loop
      vertex   -1.720465e+01 1.054415e+02 3.500000e+00
      vertex   -1.714233e+01 1.055062e+02 -3.000000e+00
      vertex   -1.713044e+01 1.055192e+02 3.500000e+00
    endloop
  endfacet
  facet normal 7.533735e-01 -6.575928e-01 -5.394318e-05
    outer loop
      vertex   -1.713044e+01 1.055192e+02 3.500000e+00
      vertex   -1.714233e+01 1.055062e+02 -3.000000e+00
      vertex   -1.705794e+01 1.056029e+02 -3.000000e+00
    endloop
  endfacet
  facet normal 7.595270e-01 -6.504758e-01 1.062372e-04
    outer loop
      vertex   -1.713044e+01 1.055192e+02 3.500000e+00
      vertex   -1.705794e+01 1.056029e+02 -3.000000e+00
      vertex   -1.704052e+01 1.056242e+02 3.500000e+00
    endloop
  endfacet
  facet normal 7.862129e-01 -6.179558e-01 -7.227987e-05
    outer loop
      vertex   -1.704052e+01 1.056242e+02 3.500000e+00
      vertex   -1.705794e+01 1.056029e+02 -3.000000e+00
      vertex   -1.695930e+01 1.057283e+02 -3.000000e+00
    endloop
  endfacet
  facet normal 8.084017e-01 -5.886308e-01 6.746413e-04
    outer loop
      vertex   -1.704052e+01 1.056242e+02 3.500000e+00
      vertex   -1.695930e+01 1.057283e+02 -3.000000e+00
      vertex   -1.683113e+01 1.059118e+02 3.500000e+00
    endloop
  endfacet
  facet normal 8.169723e-01 -5.766769e-01 1.682488e-04
    outer loop
      vertex   -1.683113e+01 1.059118e+02 3.500000e+00
      vertex   -1.695930e+01 1.057283e+02 -3.000000e+00
      vertex   -1.684908e+01 1.058845e+02 -3.000000e+00
    endloop
  endfacet
  facet normal 8.454954e-01 -5.339827e-01 -8.999836e-05
    outer loop
      vertex   -1.683113e+01 1.059118e+02 3.500000e+00
      vertex   -1.684908e+01 1.058845e+02 -3.000000e+00
      vertex   -1.672995e+01 1.060731e+02 -3.000000e+00
    endloop
  endfacet
  facet normal 8.716245e-01 -4.901722e-01 1.403953e-03
    outer loop
      vertex   -1.672995e+01 1.060731e+02 -3.000000e+00
      vertex   -1.660456e+01 1.062961e+02 -3.000000e+00
      vertex   -1.683113e+01 1.059118e+02 3.500000e+00
    endloop
  endfacet
  facet normal 8.590824e-01 -5.118372e-01 -3.140277e-04
    outer loop
      vertex   -1.683113e+01 1.059118e+02 3.500000e+00
      vertex   -1.660456e+01 1.062961e+02 -3.000000e+00
      vertex   -1.680462e+01 1.059523e+02 1.000000e+01
    endloop
  endfacet
  facet normal 8.198541e-01 -5.725724e-01 2.246234e-04
    outer loop
      vertex   -1.683113e+01 1.059118e+02 3.500000e+00
      vertex   -1.680462e+01 1.059523e+02 1.000000e+01
      vertex   -1.698090e+01 1.056999e+02 1.000000e+01
    endloop
  endfacet
  facet normal 8.642908e-01 -5.029924e-01 -3.316824e-13
    outer loop
      vertex   -1.660456e+01 1.062961e+02 -3.000000e+00
      vertex   -1.660456e+01 1.062961e+02 1.000000e+01
      vertex   -1.680462e+01 1.059523e+02 1.000000e+01
    endloop
  endfacet
  facet normal 8.084018e-01 -5.886308e-01 -5.627352e-04
    outer loop
      vertex   -1.683113e+01 1.059118e+02 3.500000e+00
      vertex   -1.698090e+01 1.056999e+02 1.000000e+01
      vertex   -1.704052e+01 1.056242e+02 3.500000e+00
    endloop
  endfacet
  facet normal 7.695394e-01 -6.385992e-01 3.754609e-04
    outer loop
      vertex   -1.704052e+01 1.056242e+02 3.500000e+00
      vertex   -1.698090e+01 1.056999e+02 1.000000e+01
      vertex   -1.713498e+01 1.055142e+02 1.000000e+01
    endloop
  endfacet
  facet normal 7.595270e-01 -6.504758e-01 2.894982e-05
    outer loop
      vertex   -1.704052e+01 1.056242e+02 3.500000e+00
      vertex   -1.713498e+01 1.055142e+02 1.000000e+01
      vertex   -1.713044e+01 1.055192e+02 3.500000e+00
    endloop
  endfacet
  facet normal 7.232925e-01 -6.905417e-01 -2.726990e-05
    outer loop
      vertex   -1.713044e+01 1.055192e+02 3.500000e+00
      vertex   -1.713498e+01 1.055142e+02 1.000000e+01
      vertex   -1.720465e+01 1.054415e+02 3.500000e+00
    endloop
  endfacet
  facet normal 7.189934e-01 -6.950169e-01 6.887095e-05
    outer loop
      vertex   -1.713498e+01 1.055142e+02 1.000000e+01
      vertex   -1.721592e+01 1.054305e+02 1.000000e+01
      vertex   -1.720465e+01 1.054415e+02 3.500000e+00
    endloop
  endfacet
  facet normal 6.834756e-01 -7.299734e-01 -5.194934e-05
    outer loop
      vertex   -1.720465e+01 1.054415e+02 3.500000e+00
      vertex   -1.721592e+01 1.054305e+02 1.000000e+01
      vertex   -1.725732e+01 1.053922e+02 3.500000e+00
    endloop
  endfacet
  facet normal 6.786759e-01 -7.344379e-01 4.927466e-06
    outer loop
      vertex   -1.721592e+01 1.054305e+02 1.000000e+01
      vertex   -1.725823e+01 1.053914e+02 1.000000e+01
      vertex   -1.725732e+01 1.053922e+02 3.500000e+00
    endloop
  endfacet
  facet normal 6.413327e-01 -7.672629e-01 -4.362769e-06
    outer loop
      vertex   -1.725732e+01 1.053922e+02 3.500000e+00
      vertex   -1.725823e+01 1.053914e+02 1.000000e+01
      vertex   -1.728074e+01 1.053726e+02 1.000000e+01
    endloop
  endfacet
  facet normal 7.554086e-01 6.552541e-01 3.119594e-13
    outer loop
      vertex   -1.702481e+01 1.067969e+02 1.000000e+01
      vertex   -1.688200e+01 1.066323e+02 1.000000e+01
      vertex   -1.702481e+01 1.067969e+02 -3.000000e+00
    endloop
  endfacet
  facet normal 7.554086e-01 6.552541e-01 2.938804e-13
    outer loop
      vertex   -1.702481e+01 1.067969e+02 -3.000000e+00
      vertex   -1.688200e+01 1.066323e+02 1.000000e+01
      vertex   -1.688200e+01 1.066323e+02 -4.732000e+00
    endloop
  endfacet
  facet normal 7.554086e-01 6.552541e-01 3.191747e-12
    outer loop
      vertex   -1.702481e+01 1.067969e+02 -3.000000e+00
      vertex   -1.688200e+01 1.066323e+02 -4.732000e+00
      vertex   -1.702481e+01 1.067969e+02 -4.732000e+00
    endloop
  endfacet
  facet normal 7.660444e-01 6.427876e-01 2.812566e-13
    outer loop
      vertex   -1.688200e+01 1.066323e+02 -4.732000e+00
      vertex   -1.688200e+01 1.066323e+02 1.000000e+01
      vertex   -1.674190e+01 1.064653e+02 -4.732000e+00
    endloop
  endfacet
  facet normal 7.660444e-01 6.427876e-01 2.782286e-13
    outer loop
      vertex   -1.674190e+01 1.064653e+02 -4.732000e+00
      vertex   -1.688200e+01 1.066323e+02 1.000000e+01
      vertex   -1.674190e+01 1.064653e+02 1.000000e+01
    endloop
  endfacet
  facet normal 7.764746e-01 6.301485e-01 2.685221e-13
    outer loop
      vertex   -1.674190e+01 1.064653e+02 -4.732000e+00
      vertex   -1.674190e+01 1.064653e+02 1.000000e+01
      vertex   -1.660456e+01 1.062961e+02 -3.000000e+00
    endloop
  endfacet
  facet normal 7.764746e-01 6.301485e-01 2.981584e-13
    outer loop
      vertex   -1.660456e+01 1.062961e+02 -3.000000e+00
      vertex   -1.674190e+01 1.064653e+02 1.000000e+01
      vertex   -1.660456e+01 1.062961e+02 1.000000e+01
    endloop
  endfacet
  facet normal 7.764746e-01 6.301485e-01 0.000000e+00
    outer loop
      vertex   -1.660456e+01 1.062961e+02 -3.000000e+00
      vertex   -1.660456e+01 1.062961e+02 -4.732000e+00
      vertex   -1.674190e+01 1.064653e+02 -4.732000e+00
    endloop
  endfacet
  facet normal -3.452683e-01 9.385040e-01 5.435413e-13
    outer loop
      vertex   -1.702481e+01 1.067969e+02 -3.000000e+00
      vertex   -1.739808e+01 1.066596e+02 -3.000000e+00
      vertex   -1.702481e+01 1.067969e+02 1.000000e+01
    endloop
  endfacet
  facet normal -3.548832e-01 9.349106e-01 3.140276e-04
    outer loop
      vertex   -1.702481e+01 1.067969e+02 1.000000e+01
      vertex   -1.739808e+01 1.066596e+02 -3.000000e+00
      vertex   -1.744258e+01 1.066405e+02 3.500000e+00
    endloop
  endfacet
  facet normal -3.313694e-01 9.435000e-01 -1.403953e-03
    outer loop
      vertex   -1.702481e+01 1.067969e+02 1.000000e+01
      vertex   -1.744258e+01 1.066405e+02 3.500000e+00
      vertex   -1.726616e+01 1.067121e+02 1.000000e+01
    endloop
  endfacet
  facet normal -3.790516e-01 9.253755e-01 8.999829e-05
    outer loop
      vertex   -1.726616e+01 1.067121e+02 1.000000e+01
      vertex   -1.744258e+01 1.066405e+02 3.500000e+00
      vertex   -1.747261e+01 1.066276e+02 1.000000e+01
    endloop
  endfacet
  facet normal -4.260501e-01 9.046995e-01 -1.682486e-04
    outer loop
      vertex   -1.747261e+01 1.066276e+02 1.000000e+01
      vertex   -1.744258e+01 1.066405e+02 3.500000e+00
      vertex   -1.764552e+01 1.065461e+02 1.000000e+01
    endloop
  endfacet
  facet normal -4.393106e-01 8.983350e-01 -6.746413e-04
    outer loop
      vertex   -1.764552e+01 1.065461e+02 1.000000e+01
      vertex   -1.744258e+01 1.066405e+02 3.500000e+00
      vertex   -1.776214e+01 1.064842e+02 3.500000e+00
    endloop
  endfacet
  facet normal -4.720432e-01 8.815754e-01 7.227980e-05
    outer loop
      vertex   -1.764552e+01 1.065461e+02 1.000000e+01
      vertex   -1.776214e+01 1.064842e+02 3.500000e+00
      vertex   -1.778623e+01 1.064708e+02 1.000000e+01
    endloop
  endfacet
  facet normal -5.087032e-01 8.609420e-01 -1.062371e-04
    outer loop
      vertex   -1.778623e+01 1.064708e+02 1.000000e+01
      vertex   -1.776214e+01 1.064842e+02 3.500000e+00
      vertex   -1.788116e+01 1.064139e+02 3.500000e+00
    endloop
  endfacet
  facet normal -5.167806e-01 8.561179e-01 5.394310e-05
    outer loop
      vertex   -1.778623e+01 1.064708e+02 1.000000e+01
      vertex   -1.788116e+01 1.064139e+02 3.500000e+00
      vertex   -1.789611e+01 1.064045e+02 1.000000e+01
    endloop
  endfacet
  facet normal -5.544524e-01 8.322154e-01 -6.740247e-05
    outer loop
      vertex   -1.789611e+01 1.064045e+02 1.000000e+01
      vertex   -1.788116e+01 1.064139e+02 3.500000e+00
      vertex   -1.797059e+01 1.063543e+02 3.500000e+00
    endloop
  endfacet
  facet normal -5.601717e-01 8.283765e-01 2.775125e-05
    outer loop
      vertex   -1.789611e+01 1.064045e+02 1.000000e+01
      vertex   -1.797059e+01 1.063543e+02 3.500000e+00
      vertex   -1.797649e+01 1.063501e+02 1.000000e+01
    endloop
  endfacet
  facet normal -6.001992e-01 7.998506e-01 -2.710332e-05
    outer loop
      vertex   -1.797649e+01 1.063501e+02 1.000000e+01
      vertex   -1.797059e+01 1.063543e+02 3.500000e+00
      vertex   -1.802830e+01 1.063110e+02 3.500000e+00
    endloop
  endfacet
  facet normal -6.025924e-01 7.980491e-01 2.805961e-06
    outer loop
      vertex   -1.797649e+01 1.063501e+02 1.000000e+01
      vertex   -1.802830e+01 1.063110e+02 3.500000e+00
      vertex   -1.802875e+01 1.063107e+02 1.000000e+01
    endloop
  endfacet
  facet normal -6.438333e-01 7.651658e-01 -1.862695e-06
    outer loop
      vertex   -1.802875e+01 1.063107e+02 1.000000e+01
      vertex   -1.802830e+01 1.063110e+02 3.500000e+00
      vertex   -1.805169e+01 1.062914e+02 1.000000e+01
    endloop
  endfacet
  facet normal -6.435300e-01 7.654209e-01 4.680904e-13
    outer loop
      vertex   -1.805169e+01 1.062914e+02 1.000000e+01
      vertex   -1.802830e+01 1.063110e+02 3.500000e+00
      vertex   -1.805169e+01 1.062914e+02 -3.000000e+00
    endloop
  endfacet
  facet normal -6.442402e-01 7.648232e-01 4.362792e-06
    outer loop
      vertex   -1.805169e+01 1.062914e+02 -3.000000e+00
      vertex   -1.802830e+01 1.063110e+02 3.500000e+00
      vertex   -1.802925e+01 1.063103e+02 -3.000000e+00
    endloop
  endfacet
  facet normal -6.054293e-01 7.958991e-01 -4.927494e-06
    outer loop
      vertex   -1.802925e+01 1.063103e+02 -3.000000e+00
      vertex   -1.802830e+01 1.063110e+02 3.500000e+00
      vertex   -1.798339e+01 1.063451e+02 -3.000000e+00
    endloop
  endfacet
  facet normal -6.001991e-01 7.998506e-01 5.194935e-05
    outer loop
      vertex   -1.798339e+01 1.063451e+02 -3.000000e+00
      vertex   -1.802830e+01 1.063110e+02 3.500000e+00
      vertex   -1.797059e+01 1.063543e+02 3.500000e+00
    endloop
  endfacet
  facet normal -5.596062e-01 8.287587e-01 -6.887097e-05
    outer loop
      vertex   -1.798339e+01 1.063451e+02 -3.000000e+00
      vertex   -1.797059e+01 1.063543e+02 3.500000e+00
      vertex   -1.788688e+01 1.064103e+02 -3.000000e+00
    endloop
  endfacet
  facet normal -5.544524e-01 8.322154e-01 2.726993e-05
    outer loop
      vertex   -1.788688e+01 1.064103e+02 -3.000000e+00
      vertex   -1.797059e+01 1.063543e+02 3.500000e+00
      vertex   -1.788116e+01 1.064139e+02 3.500000e+00
    endloop
  endfacet
  facet normal -5.087032e-01 8.609420e-01 -2.894987e-05
    outer loop
      vertex   -1.788688e+01 1.064103e+02 -3.000000e+00
      vertex   -1.788116e+01 1.064139e+02 3.500000e+00
      vertex   -1.776214e+01 1.064842e+02 3.500000e+00
    endloop
  endfacet
  facet normal -4.215076e-01 9.068249e-01 -2.246233e-04
    outer loop
      vertex   -1.739808e+01 1.066596e+02 -3.000000e+00
      vertex   -1.767727e+01 1.065298e+02 -3.000000e+00
      vertex   -1.744258e+01 1.066405e+02 3.500000e+00
    endloop
  endfacet
  facet normal -4.393107e-01 8.983350e-01 5.627351e-04
    outer loop
      vertex   -1.744258e+01 1.066405e+02 3.500000e+00
      vertex   -1.767727e+01 1.065298e+02 -3.000000e+00
      vertex   -1.776214e+01 1.064842e+02 3.500000e+00
    endloop
  endfacet
  facet normal -4.952684e-01 8.687400e-01 -3.754609e-04
    outer loop
      vertex   -1.767727e+01 1.065298e+02 -3.000000e+00
      vertex   -1.788688e+01 1.064103e+02 -3.000000e+00
      vertex   -1.776214e+01 1.064842e+02 3.500000e+00
    endloop
  endfacet
  facet normal -6.753206e-01 7.375243e-01 -7.436531e-15
    outer loop
      vertex   -1.805169e+01 1.062914e+02 -4.732000e+00
      vertex   -1.805204e+01 1.062910e+02 -4.732000e+00
      vertex   -1.805169e+01 1.062914e+02 -3.000000e+00
    endloop
  endfacet
  facet normal -6.753206e-01 7.375243e-01 0.000000e+00
    outer loop
      vertex   -1.805169e+01 1.062914e+02 -3.000000e+00
      vertex   -1.805204e+01 1.062910e+02 -4.732000e+00
      vertex   -1.805204e+01 1.062910e+02 1.000000e+01
    endloop
  endfacet
  facet normal -6.753206e-01 7.375243e-01 4.549406e-13
    outer loop
      vertex   -1.805169e+01 1.062914e+02 -3.000000e+00
      vertex   -1.805204e+01 1.062910e+02 1.000000e+01
      vertex   -1.805169e+01 1.062914e+02 1.000000e+01
    endloop
  endfacet
  facet normal -6.796679e-01 7.335200e-01 0.000000e+00
    outer loop
      vertex   -1.839948e+01 1.059691e+02 1.000000e+01
      vertex   -1.805204e+01 1.062910e+02 1.000000e+01
      vertex   -1.839948e+01 1.059691e+02 -4.732000e+00
    endloop
  endfacet
  facet normal -6.796679e-01 7.335200e-01 0.000000e+00
    outer loop
      vertex   -1.839948e+01 1.059691e+02 -4.732000e+00
      vertex   -1.805204e+01 1.062910e+02 1.000000e+01
      vertex   -1.805204e+01 1.062910e+02 -4.732000e+00
    endloop
  endfacet
  facet normal 6.889257e-01 7.248319e-01 -0.000000e+00
    outer loop
      vertex   -1.903089e+01 1.066005e+02 -4.732000e+00
      vertex   -1.903089e+01 1.066005e+02 1.000000e+01
      vertex   -1.881510e+01 1.063954e+02 -4.732000e+00
    endloop
  endfacet
  facet normal 6.889257e-01 7.248319e-01 3.233117e-13
    outer loop
      vertex   -1.881510e+01 1.063954e+02 -4.732000e+00
      vertex   -1.903089e+01 1.066005e+02 1.000000e+01
      vertex   -1.881510e+01 1.063954e+02 1.000000e+01
    endloop
  endfacet
  facet normal 7.071068e-01 7.071068e-01 3.233120e-13
    outer loop
      vertex   -1.881510e+01 1.063954e+02 -4.732000e+00
      vertex   -1.881510e+01 1.063954e+02 1.000000e+01
      vertex   -1.860458e+01 1.061849e+02 -4.732000e+00
    endloop
  endfacet
  facet normal 7.071068e-01 7.071068e-01 3.030197e-13
    outer loop
      vertex   -1.860458e+01 1.061849e+02 -4.732000e+00
      vertex   -1.881510e+01 1.063954e+02 1.000000e+01
      vertex   -1.860458e+01 1.061849e+02 1.000000e+01
    endloop
  endfacet
  facet normal 7.248319e-01 6.889257e-01 3.029957e-13
    outer loop
      vertex   -1.860458e+01 1.061849e+02 -4.732000e+00
      vertex   -1.860458e+01 1.061849e+02 1.000000e+01
      vertex   -1.839948e+01 1.059691e+02 -4.732000e+00
    endloop
  endfacet
  facet normal 7.248319e-01 6.889257e-01 -0.000000e+00
    outer loop
      vertex   -1.839948e+01 1.059691e+02 -4.732000e+00
      vertex   -1.860458e+01 1.061849e+02 1.000000e+01
      vertex   -1.839948e+01 1.059691e+02 1.000000e+01
    endloop
  endfacet
  facet normal 7.335200e-01 -6.796679e-01 1.311249e-15
    outer loop
      vertex   -1.870896e+01 1.069480e+02 1.000000e+01
      vertex   -1.903089e+01 1.066005e+02 1.000000e+01
      vertex   -1.870896e+01 1.069480e+02 -4.732000e+00
    endloop
  endfacet
  facet normal 7.335200e-01 -6.796679e-01 0.000000e+00
    outer loop
      vertex   -1.870896e+01 1.069480e+02 -4.732000e+00
      vertex   -1.903089e+01 1.066005e+02 1.000000e+01
      vertex   -1.903089e+01 1.066005e+02 -4.732000e+00
    endloop
  endfacet
  facet normal 7.375243e-01 -6.753206e-01 -4.277585e-13
    outer loop
      vertex   -1.870864e+01 1.069483e+02 1.000000e+01
      vertex   -1.870896e+01 1.069480e+02 1.000000e+01
      vertex   -1.870864e+01 1.069483e+02 -3.000000e+00
    endloop
  endfacet
  facet normal 7.375243e-01 -6.753206e-01 1.302863e-15
    outer loop
      vertex   -1.870864e+01 1.069483e+02 -3.000000e+00
      vertex   -1.870896e+01 1.069480e+02 1.000000e+01
      vertex   -1.870896e+01 1.069480e+02 -4.732000e+00
    endloop
  endfacet
  facet normal 7.375243e-01 -6.753206e-01 -4.310405e-12
    outer loop
      vertex   -1.870864e+01 1.069483e+02 -3.000000e+00
      vertex   -1.870896e+01 1.069480e+02 -4.732000e+00
      vertex   -1.870864e+01 1.069483e+02 -4.732000e+00
    endloop
  endfacet
  facet normal 7.654209e-01 -6.435300e-01 -4.122249e-13
    outer loop
      vertex   -1.870864e+01 1.069483e+02 1.000000e+01
      vertex   -1.870864e+01 1.069483e+02 -3.000000e+00
      vertex   -1.868898e+01 1.069717e+02 3.500000e+00
    endloop
  endfacet
  facet normal 7.651658e-01 -6.438333e-01 1.862753e-06
    outer loop
      vertex   -1.868898e+01 1.069717e+02 3.500000e+00
      vertex   -1.870864e+01 1.069483e+02 -3.000000e+00
      vertex   -1.868934e+01 1.069713e+02 -3.000000e+00
    endloop
  endfacet
  facet normal 7.980491e-01 -6.025924e-01 -2.806040e-06
    outer loop
      vertex   -1.868898e+01 1.069717e+02 3.500000e+00
      vertex   -1.868934e+01 1.069713e+02 -3.000000e+00
      vertex   -1.864988e+01 1.070235e+02 -3.000000e+00
    endloop
  endfacet
  facet normal 7.998506e-01 -6.001992e-01 2.710342e-05
    outer loop
      vertex   -1.868898e+01 1.069717e+02 3.500000e+00
      vertex   -1.864988e+01 1.070235e+02 -3.000000e+00
      vertex   -1.864567e+01 1.070294e+02 3.500000e+00
    endloop
  endfacet
  facet normal 8.283765e-01 -5.601718e-01 -2.775139e-05
    outer loop
      vertex   -1.864567e+01 1.070294e+02 3.500000e+00
      vertex   -1.864988e+01 1.070235e+02 -3.000000e+00
      vertex   -1.859552e+01 1.071039e+02 -3.000000e+00
    endloop
  endfacet
  facet normal 8.322154e-01 -5.544524e-01 6.740259e-05
    outer loop
      vertex   -1.864567e+01 1.070294e+02 3.500000e+00
      vertex   -1.859552e+01 1.071039e+02 -3.000000e+00
      vertex   -1.858609e+01 1.071188e+02 3.500000e+00
    endloop
  endfacet
  facet normal 8.561179e-01 -5.167806e-01 -5.394325e-05
    outer loop
      vertex   -1.858609e+01 1.071188e+02 3.500000e+00
      vertex   -1.859552e+01 1.071039e+02 -3.000000e+00
      vertex   -1.852920e+01 1.072138e+02 -3.000000e+00
    endloop
  endfacet
  facet normal 8.609420e-01 -5.087032e-01 1.062372e-04
    outer loop
      vertex   -1.858609e+01 1.071188e+02 3.500000e+00
      vertex   -1.852920e+01 1.072138e+02 -3.000000e+00
      vertex   -1.851577e+01 1.072379e+02 3.500000e+00
    endloop
  endfacet
  facet normal 8.815754e-01 -4.720432e-01 -7.227995e-05
    outer loop
      vertex   -1.851577e+01 1.072379e+02 3.500000e+00
      vertex   -1.852920e+01 1.072138e+02 -3.000000e+00
      vertex   -1.845385e+01 1.073545e+02 -3.000000e+00
    endloop
  endfacet
  facet normal 8.983350e-01 -4.393106e-01 6.746413e-04
    outer loop
      vertex   -1.851577e+01 1.072379e+02 3.500000e+00
      vertex   -1.845385e+01 1.073545e+02 -3.000000e+00
      vertex   -1.835949e+01 1.075574e+02 3.500000e+00
    endloop
  endfacet
  facet normal 9.046995e-01 -4.260502e-01 1.682488e-04
    outer loop
      vertex   -1.835949e+01 1.075574e+02 3.500000e+00
      vertex   -1.845385e+01 1.073545e+02 -3.000000e+00
      vertex   -1.837243e+01 1.075274e+02 -3.000000e+00
    endloop
  endfacet
  facet normal 9.253755e-01 -3.790516e-01 -8.999841e-05
    outer loop
      vertex   -1.835949e+01 1.075574e+02 3.500000e+00
      vertex   -1.837243e+01 1.075274e+02 -3.000000e+00
      vertex   -1.828786e+01 1.077338e+02 -3.000000e+00
    endloop
  endfacet
  facet normal 9.435000e-01 -3.313694e-01 1.403953e-03
    outer loop
      vertex   -1.828786e+01 1.077338e+02 -3.000000e+00
      vertex   -1.820309e+01 1.079752e+02 -3.000000e+00
      vertex   -1.835949e+01 1.075574e+02 3.500000e+00
    endloop
  endfacet
  facet normal 9.349106e-01 -3.548832e-01 -3.140276e-04
    outer loop
      vertex   -1.835949e+01 1.075574e+02 3.500000e+00
      vertex   -1.820309e+01 1.079752e+02 -3.000000e+00
      vertex   -1.834042e+01 1.076019e+02 1.000000e+01
    endloop
  endfacet
  facet normal 9.068249e-01 -4.215076e-01 2.246234e-04
    outer loop
      vertex   -1.835949e+01 1.075574e+02 3.500000e+00
      vertex   -1.834042e+01 1.076019e+02 1.000000e+01
      vertex   -1.847019e+01 1.073227e+02 1.000000e+01
    endloop
  endfacet
  facet normal 9.385040e-01 -3.452683e-01 -2.600486e-13
    outer loop
      vertex   -1.820309e+01 1.079752e+02 -3.000000e+00
      vertex   -1.820309e+01 1.079752e+02 1.000000e+01
      vertex   -1.834042e+01 1.076019e+02 1.000000e+01
    endloop
  endfacet
  facet normal 8.983350e-01 -4.393107e-01 -5.627352e-04
    outer loop
      vertex   -1.835949e+01 1.075574e+02 3.500000e+00
      vertex   -1.847019e+01 1.073227e+02 1.000000e+01
      vertex   -1.851577e+01 1.072379e+02 3.500000e+00
    endloop
  endfacet
  facet normal 8.687400e-01 -4.952684e-01 3.754609e-04
    outer loop
      vertex   -1.851577e+01 1.072379e+02 3.500000e+00
      vertex   -1.847019e+01 1.073227e+02 1.000000e+01
      vertex   -1.858969e+01 1.071131e+02 1.000000e+01
    endloop
  endfacet
  facet normal 8.609420e-01 -5.087032e-01 2.894983e-05
    outer loop
      vertex   -1.851577e+01 1.072379e+02 3.500000e+00
      vertex   -1.858969e+01 1.071131e+02 1.000000e+01
      vertex   -1.858609e+01 1.071188e+02 3.500000e+00
    endloop
  endfacet
  facet normal 8.322154e-01 -5.544524e-01 -2.726990e-05
    outer loop
      vertex   -1.858609e+01 1.071188e+02 3.500000e+00
      vertex   -1.858969e+01 1.071131e+02 1.000000e+01
      vertex   -1.864567e+01 1.070294e+02 3.500000e+00
    endloop
  endfacet
  facet normal 8.287587e-01 -5.596062e-01 6.887096e-05
    outer loop
      vertex   -1.858969e+01 1.071131e+02 1.000000e+01
      vertex   -1.865486e+01 1.070166e+02 1.000000e+01
      vertex   -1.864567e+01 1.070294e+02 3.500000e+00
    endloop
  endfacet
  facet normal 7.998506e-01 -6.001991e-01 -5.194934e-05
    outer loop
      vertex   -1.864567e+01 1.070294e+02 3.500000e+00
      vertex   -1.865486e+01 1.070166e+02 1.000000e+01
      vertex   -1.868898e+01 1.069717e+02 3.500000e+00
    endloop
  endfacet
  facet normal 7.958991e-01 -6.054293e-01 4.927474e-06
    outer loop
      vertex   -1.865486e+01 1.070166e+02 1.000000e+01
      vertex   -1.868974e+01 1.069708e+02 1.000000e+01
      vertex   -1.868898e+01 1.069717e+02 3.500000e+00
    endloop
  endfacet
  facet normal 7.648232e-01 -6.442402e-01 -4.362776e-06
    outer loop
      vertex   -1.868898e+01 1.069717e+02 3.500000e+00
      vertex   -1.868974e+01 1.069708e+02 1.000000e+01
      vertex   -1.870864e+01 1.069483e+02 1.000000e+01
    endloop
  endfacet
  facet normal 6.301485e-01 7.764746e-01 3.901050e-13
    outer loop
      vertex   -1.870392e+01 1.083954e+02 1.000000e+01
      vertex   -1.853469e+01 1.082581e+02 1.000000e+01
      vertex   -1.870392e+01 1.083954e+02 -3.000000e+00
    endloop
  endfacet
  facet normal 6.301485e-01 7.764746e-01 3.606846e-13
    outer loop
      vertex   -1.870392e+01 1.083954e+02 -3.000000e+00
      vertex   -1.853469e+01 1.082581e+02 1.000000e+01
      vertex   -1.853469e+01 1.082581e+02 -4.732000e+00
    endloop
  endfacet
  facet normal 6.301485e-01 7.764746e-01 3.965298e-12
    outer loop
      vertex   -1.870392e+01 1.083954e+02 -3.000000e+00
      vertex   -1.853469e+01 1.082581e+02 -4.732000e+00
      vertex   -1.870392e+01 1.083954e+02 -4.732000e+00
    endloop
  endfacet
  facet normal 6.427876e-01 7.660444e-01 3.494064e-13
    outer loop
      vertex   -1.853469e+01 1.082581e+02 -4.732000e+00
      vertex   -1.853469e+01 1.082581e+02 1.000000e+01
      vertex   -1.836773e+01 1.081180e+02 -4.732000e+00
    endloop
  endfacet
  facet normal 6.427876e-01 7.660444e-01 3.457007e-13
    outer loop
      vertex   -1.836773e+01 1.081180e+02 -4.732000e+00
      vertex   -1.853469e+01 1.082581e+02 1.000000e+01
      vertex   -1.836773e+01 1.081180e+02 1.000000e+01
    endloop
  endfacet
  facet normal 6.552541e-01 7.554086e-01 3.370114e-13
    outer loop
      vertex   -1.836773e+01 1.081180e+02 -4.732000e+00
      vertex   -1.836773e+01 1.081180e+02 1.000000e+01
      vertex   -1.820309e+01 1.079752e+02 -3.000000e+00
    endloop
  endfacet
  facet normal 6.552541e-01 7.554086e-01 3.772401e-13
    outer loop
      vertex   -1.820309e+01 1.079752e+02 -3.000000e+00
      vertex   -1.836773e+01 1.081180e+02 1.000000e+01
      vertex   -1.820309e+01 1.079752e+02 1.000000e+01
    endloop
  endfacet
  facet normal 6.552541e-01 7.554086e-01 -4.853967e-15
    outer loop
      vertex   -1.820309e+01 1.079752e+02 -3.000000e+00
      vertex   -1.820309e+01 1.079752e+02 -4.732000e+00
      vertex   -1.836773e+01 1.081180e+02 -4.732000e+00
    endloop
  endfacet
  facet normal -5.029924e-01 8.642908e-01 5.257273e-13
    outer loop
      vertex   -1.870392e+01 1.083954e+02 -3.000000e+00
      vertex   -1.904767e+01 1.081954e+02 -3.000000e+00
      vertex   -1.870392e+01 1.083954e+02 1.000000e+01
    endloop
  endfacet
  facet normal -5.118372e-01 8.590824e-01 3.140275e-04
    outer loop
      vertex   -1.870392e+01 1.083954e+02 1.000000e+01
      vertex   -1.904767e+01 1.081954e+02 -3.000000e+00
      vertex   -1.908819e+01 1.081689e+02 3.500000e+00
    endloop
  endfacet
  facet normal -4.901722e-01 8.716245e-01 -1.403953e-03
    outer loop
      vertex   -1.870392e+01 1.083954e+02 1.000000e+01
      vertex   -1.908819e+01 1.081689e+02 3.500000e+00
      vertex   -1.892689e+01 1.082700e+02 1.000000e+01
    endloop
  endfacet
  facet normal -5.339827e-01 8.454954e-01 8.999832e-05
    outer loop
      vertex   -1.892689e+01 1.082700e+02 1.000000e+01
      vertex   -1.908819e+01 1.081689e+02 3.500000e+00
      vertex   -1.911552e+01 1.081509e+02 1.000000e+01
    endloop
  endfacet
  facet normal -5.766769e-01 8.169723e-01 -1.682486e-04
    outer loop
      vertex   -1.911552e+01 1.081509e+02 1.000000e+01
      vertex   -1.908819e+01 1.081689e+02 3.500000e+00
      vertex   -1.927166e+01 1.080407e+02 1.000000e+01
    endloop
  endfacet
  facet normal -5.886308e-01 8.084017e-01 -6.746413e-04
    outer loop
      vertex   -1.927166e+01 1.080407e+02 1.000000e+01
      vertex   -1.908819e+01 1.081689e+02 3.500000e+00
      vertex   -1.937576e+01 1.079595e+02 3.500000e+00
    endloop
  endfacet
  facet normal -6.179558e-01 7.862129e-01 7.227986e-05
    outer loop
      vertex   -1.927166e+01 1.080407e+02 1.000000e+01
      vertex   -1.937576e+01 1.079595e+02 3.500000e+00
      vertex   -1.939715e+01 1.079421e+02 1.000000e+01
    endloop
  endfacet
  facet normal -6.504758e-01 7.595270e-01 -1.062371e-04
    outer loop
      vertex   -1.939715e+01 1.079421e+02 1.000000e+01
      vertex   -1.937576e+01 1.079595e+02 3.500000e+00
      vertex   -1.948075e+01 1.078696e+02 3.500000e+00
    endloop
  endfacet
  facet normal -6.575928e-01 7.533735e-01 5.394315e-05
    outer loop
      vertex   -1.939715e+01 1.079421e+02 1.000000e+01
      vertex   -1.948075e+01 1.078696e+02 3.500000e+00
      vertex   -1.949384e+01 1.078577e+02 1.000000e+01
    endloop
  endfacet
  facet normal -6.905417e-01 7.232925e-01 -6.740247e-05
    outer loop
      vertex   -1.949384e+01 1.078577e+02 1.000000e+01
      vertex   -1.948075e+01 1.078696e+02 3.500000e+00
      vertex   -1.955848e+01 1.077953e+02 3.500000e+00
    endloop
  endfacet
  facet normal -6.955076e-01 7.185188e-01 2.775129e-05
    outer loop
      vertex   -1.949384e+01 1.078577e+02 1.000000e+01
      vertex   -1.955848e+01 1.077953e+02 3.500000e+00
      vertex   -1.956356e+01 1.077902e+02 1.000000e+01
    endloop
  endfacet
  facet normal -7.299734e-01 6.834756e-01 -2.710332e-05
    outer loop
      vertex   -1.956356e+01 1.077902e+02 1.000000e+01
      vertex   -1.955848e+01 1.077953e+02 3.500000e+00
      vertex   -1.960779e+01 1.077427e+02 3.500000e+00
    endloop
  endfacet
  facet normal -7.320174e-01 6.812859e-01 2.805974e-06
    outer loop
      vertex   -1.956356e+01 1.077902e+02 1.000000e+01
      vertex   -1.960779e+01 1.077427e+02 3.500000e+00
      vertex   -1.960817e+01 1.077422e+02 1.000000e+01
    endloop
  endfacet
  facet normal -7.669217e-01 6.417407e-01 -1.862701e-06
    outer loop
      vertex   -1.960817e+01 1.077422e+02 1.000000e+01
      vertex   -1.960779e+01 1.077427e+02 3.500000e+00
      vertex   -1.962741e+01 1.077193e+02 1.000000e+01
    endloop
  endfacet
  facet normal -7.666673e-01 6.420446e-01 4.176546e-13
    outer loop
      vertex   -1.962741e+01 1.077193e+02 1.000000e+01
      vertex   -1.960779e+01 1.077427e+02 3.500000e+00
      vertex   -1.962741e+01 1.077193e+02 -3.000000e+00
    endloop
  endfacet
  facet normal -7.672629e-01 6.413327e-01 4.362786e-06
    outer loop
      vertex   -1.962741e+01 1.077193e+02 -3.000000e+00
      vertex   -1.960779e+01 1.077427e+02 3.500000e+00
      vertex   -1.960860e+01 1.077418e+02 -3.000000e+00
    endloop
  endfacet
  facet normal -7.344379e-01 6.786759e-01 -4.927486e-06
    outer loop
      vertex   -1.960860e+01 1.077418e+02 -3.000000e+00
      vertex   -1.960779e+01 1.077427e+02 3.500000e+00
      vertex   -1.956949e+01 1.077841e+02 -3.000000e+00
    endloop
  endfacet
  facet normal -7.299734e-01 6.834756e-01 5.194935e-05
    outer loop
      vertex   -1.956949e+01 1.077841e+02 -3.000000e+00
      vertex   -1.960779e+01 1.077427e+02 3.500000e+00
      vertex   -1.955848e+01 1.077953e+02 3.500000e+00
    endloop
  endfacet
  facet normal -6.950169e-01 7.189934e-01 -6.887097e-05
    outer loop
      vertex   -1.956949e+01 1.077841e+02 -3.000000e+00
      vertex   -1.955848e+01 1.077953e+02 3.500000e+00
      vertex   -1.948577e+01 1.078650e+02 -3.000000e+00
    endloop
  endfacet
  facet normal -6.905417e-01 7.232925e-01 2.726994e-05
    outer loop
      vertex   -1.948577e+01 1.078650e+02 -3.000000e+00
      vertex   -1.955848e+01 1.077953e+02 3.500000e+00
      vertex   -1.948075e+01 1.078696e+02 3.500000e+00
    endloop
  endfacet
  facet normal -6.504758e-01 7.595270e-01 -2.894989e-05
    outer loop
      vertex   -1.948577e+01 1.078650e+02 -3.000000e+00
      vertex   -1.948075e+01 1.078696e+02 3.500000e+00
      vertex   -1.937576e+01 1.079595e+02 3.500000e+00
    endloop
  endfacet
  facet normal -5.725724e-01 8.198541e-01 -2.246233e-04
    outer loop
      vertex   -1.904767e+01 1.081954e+02 -3.000000e+00
      vertex   -1.930009e+01 1.080191e+02 -3.000000e+00
      vertex   -1.908819e+01 1.081689e+02 3.500000e+00
    endloop
  endfacet
  facet normal -5.886308e-01 8.084018e-01 5.627351e-04
    outer loop
      vertex   -1.908819e+01 1.081689e+02 3.500000e+00
      vertex   -1.930009e+01 1.080191e+02 -3.000000e+00
      vertex   -1.937576e+01 1.079595e+02 3.500000e+00
    endloop
  endfacet
  facet normal -6.385992e-01 7.695394e-01 -3.754609e-04
    outer loop
      vertex   -1.930009e+01 1.080191e+02 -3.000000e+00
      vertex   -1.948577e+01 1.078650e+02 -3.000000e+00
      vertex   -1.937576e+01 1.079595e+02 3.500000e+00
    endloop
  endfacet
  facet normal -7.931307e-01 6.090514e-01 0.000000e+00
    outer loop
      vertex   -1.962741e+01 1.077193e+02 -4.732000e+00
      vertex   -1.962770e+01 1.077189e+02 -4.732000e+00
      vertex   -1.962741e+01 1.077193e+02 -3.000000e+00
    endloop
  endfacet
  facet normal -7.931307e-01 6.090514e-01 0.000000e+00
    outer loop
      vertex   -1.962741e+01 1.077193e+02 -3.000000e+00
      vertex   -1.962770e+01 1.077189e+02 -4.732000e+00
      vertex   -1.962770e+01 1.077189e+02 1.000000e+01
    endloop
  endfacet
  facet normal -7.931307e-01 6.090514e-01 4.013220e-13
    outer loop
      vertex   -1.962741e+01 1.077193e+02 -3.000000e+00
      vertex   -1.962770e+01 1.077189e+02 1.000000e+01
      vertex   -1.962741e+01 1.077193e+02 1.000000e+01
    endloop
  endfacet
  facet normal -7.967166e-01 6.043531e-01 0.000000e+00
    outer loop
      vertex   -1.991396e+01 1.073415e+02 1.000000e+01
      vertex   -1.962770e+01 1.077189e+02 1.000000e+01
      vertex   -1.991396e+01 1.073415e+02 -4.732000e+00
    endloop
  endfacet
  facet normal -7.967166e-01 6.043531e-01 0.000000e+00
    outer loop
      vertex   -1.991396e+01 1.073415e+02 -4.732000e+00
      vertex   -1.962770e+01 1.077189e+02 1.000000e+01
      vertex   -1.962770e+01 1.077189e+02 -4.732000e+00
    endloop
  endfacet
  facet normal 5.525936e-01 8.334508e-01 -0.000000e+00
    outer loop
      vertex   -2.064543e+01 1.078537e+02 -4.732000e+00
      vertex   -2.064543e+01 1.078537e+02 1.000000e+01
      vertex   -2.039730e+01 1.076892e+02 -4.732000e+00
    endloop
  endfacet
  facet normal 5.525936e-01 8.334508e-01 3.848447e-13
    outer loop
      vertex   -2.039730e+01 1.076892e+02 -4.732000e+00
      vertex   -2.064543e+01 1.078537e+02 1.000000e+01
      vertex   -2.039730e+01 1.076892e+02 1.000000e+01
    endloop
  endfacet
  facet normal 5.735764e-01 8.191520e-01 3.848320e-13
    outer loop
      vertex   -2.039730e+01 1.076892e+02 -4.732000e+00
      vertex   -2.039730e+01 1.076892e+02 1.000000e+01
      vertex   -2.015342e+01 1.075184e+02 -4.732000e+00
    endloop
  endfacet
  facet normal 5.735764e-01 8.191520e-01 3.675070e-13
    outer loop
      vertex   -2.015342e+01 1.075184e+02 -4.732000e+00
      vertex   -2.039730e+01 1.076892e+02 1.000000e+01
      vertex   -2.015342e+01 1.075184e+02 1.000000e+01
    endloop
  endfacet
  facet normal 5.941894e-01 8.043251e-01 3.674775e-13
    outer loop
      vertex   -2.015342e+01 1.075184e+02 -4.732000e+00
      vertex   -2.015342e+01 1.075184e+02 1.000000e+01
      vertex   -1.991396e+01 1.073415e+02 -4.732000e+00
    endloop
  endfacet
  facet normal 5.941894e-01 8.043251e-01 -0.000000e+00
    outer loop
      vertex   -1.991396e+01 1.073415e+02 -4.732000e+00
      vertex   -2.015342e+01 1.075184e+02 1.000000e+01
      vertex   -1.991396e+01 1.073415e+02 1.000000e+01
    endloop
  endfacet
  facet normal 8.403993e-01 -5.419678e-01 0.000000e+00
    outer loop
      vertex   -2.038872e+01 1.082517e+02 1.000000e+01
      vertex   -2.064543e+01 1.078537e+02 1.000000e+01
      vertex   -2.038872e+01 1.082517e+02 -4.732000e+00
    endloop
  endfacet
  facet normal 8.403993e-01 -5.419678e-01 0.000000e+00
    outer loop
      vertex   -2.038872e+01 1.082517e+02 -4.732000e+00
      vertex   -2.064543e+01 1.078537e+02 1.000000e+01
      vertex   -2.064543e+01 1.078537e+02 -4.732000e+00
    endloop
  endfacet
  facet normal 8.435878e-01 -5.369912e-01 -3.700667e-13
    outer loop
      vertex   -2.038846e+01 1.082521e+02 1.000000e+01
      vertex   -2.038872e+01 1.082517e+02 1.000000e+01
      vertex   -2.038846e+01 1.082521e+02 -3.000000e+00
    endloop
  endfacet
  facet normal 8.435878e-01 -5.369912e-01 0.000000e+00
    outer loop
      vertex   -2.038846e+01 1.082521e+02 -3.000000e+00
      vertex   -2.038872e+01 1.082517e+02 1.000000e+01
      vertex   -2.038872e+01 1.082517e+02 -4.732000e+00
    endloop
  endfacet
  facet normal 8.435878e-01 -5.369912e-01 -3.706303e-12
    outer loop
      vertex   -2.038846e+01 1.082521e+02 -3.000000e+00
      vertex   -2.038872e+01 1.082517e+02 -4.732000e+00
      vertex   -2.038846e+01 1.082521e+02 -4.732000e+00
    endloop
  endfacet
  facet normal 8.655402e-01 -5.008394e-01 -3.515872e-13
    outer loop
      vertex   -2.038846e+01 1.082521e+02 1.000000e+01
      vertex   -2.038846e+01 1.082521e+02 -3.000000e+00
      vertex   -2.037316e+01 1.082786e+02 3.500000e+00
    endloop
  endfacet
  facet normal 8.653417e-01 -5.011824e-01 1.862704e-06
    outer loop
      vertex   -2.037316e+01 1.082786e+02 3.500000e+00
      vertex   -2.038846e+01 1.082521e+02 -3.000000e+00
      vertex   -2.037344e+01 1.082781e+02 -3.000000e+00
    endloop
  endfacet
  facet normal 8.905640e-01 -4.548579e-01 -2.805966e-06
    outer loop
      vertex   -2.037316e+01 1.082786e+02 3.500000e+00
      vertex   -2.037344e+01 1.082781e+02 -3.000000e+00
      vertex   -2.034366e+01 1.083364e+02 -3.000000e+00
    endloop
  endfacet
  facet normal 8.919226e-01 -4.521882e-01 2.710334e-05
    outer loop
      vertex   -2.037316e+01 1.082786e+02 3.500000e+00
      vertex   -2.034366e+01 1.083364e+02 -3.000000e+00
      vertex   -2.034053e+01 1.083429e+02 3.500000e+00
    endloop
  endfacet
  facet normal 9.130644e-01 -4.078154e-01 -2.775124e-05
    outer loop
      vertex   -2.034053e+01 1.083429e+02 3.500000e+00
      vertex   -2.034366e+01 1.083364e+02 -3.000000e+00
      vertex   -2.030408e+01 1.084250e+02 -3.000000e+00
    endloop
  endfacet
  facet normal 9.158518e-01 -4.015164e-01 6.740251e-05
    outer loop
      vertex   -2.034053e+01 1.083429e+02 3.500000e+00
      vertex   -2.030408e+01 1.084250e+02 -3.000000e+00
      vertex   -2.029738e+01 1.084414e+02 3.500000e+00
    endloop
  endfacet
  facet normal 9.328495e-01 -3.602662e-01 -5.394307e-05
    outer loop
      vertex   -2.029738e+01 1.084414e+02 3.500000e+00
      vertex   -2.030408e+01 1.084250e+02 -3.000000e+00
      vertex   -2.025784e+01 1.085447e+02 -3.000000e+00
    endloop
  endfacet
  facet normal 9.361977e-01 -3.514738e-01 1.062371e-04
    outer loop
      vertex   -2.029738e+01 1.084414e+02 3.500000e+00
      vertex   -2.025784e+01 1.085447e+02 -3.000000e+00
      vertex   -2.024880e+01 1.085708e+02 3.500000e+00
    endloop
  endfacet
  facet normal 9.501518e-01 -3.117878e-01 -7.227977e-05
    outer loop
      vertex   -2.024880e+01 1.085708e+02 3.500000e+00
      vertex   -2.025784e+01 1.085447e+02 -3.000000e+00
      vertex   -2.020808e+01 1.086964e+02 -3.000000e+00
    endloop
  endfacet
  facet normal 9.609727e-01 -2.766423e-01 6.746414e-04
    outer loop
      vertex   -2.024880e+01 1.085708e+02 3.500000e+00
      vertex   -2.020808e+01 1.086964e+02 -3.000000e+00
      vertex   -2.015039e+01 1.089126e+02 3.500000e+00
    endloop
  endfacet
  facet normal 9.649379e-01 -2.624781e-01 1.682486e-04
    outer loop
      vertex   -2.015039e+01 1.089126e+02 3.500000e+00
      vertex   -2.020808e+01 1.086964e+02 -3.000000e+00
      vertex   -2.015791e+01 1.088808e+02 -3.000000e+00
    endloop
  endfacet
  facet normal 9.771386e-01 -2.126032e-01 -8.999828e-05
    outer loop
      vertex   -2.015039e+01 1.089126e+02 3.500000e+00
      vertex   -2.015791e+01 1.088808e+02 -3.000000e+00
      vertex   -2.011048e+01 1.090988e+02 -3.000000e+00
    endloop
  endfacet
  facet normal 9.867079e-01 -1.624981e-01 1.403953e-03
    outer loop
      vertex   -2.011048e+01 1.090988e+02 -3.000000e+00
      vertex   -2.006891e+01 1.093512e+02 -3.000000e+00
      vertex   -2.015039e+01 1.089126e+02 3.500000e+00
    endloop
  endfacet
  facet normal 9.823320e-01 -1.871462e-01 -3.140277e-04
    outer loop
      vertex   -2.015039e+01 1.089126e+02 3.500000e+00
      vertex   -2.006891e+01 1.093512e+02 -3.000000e+00
      vertex   -2.013933e+01 1.089598e+02 1.000000e+01
    endloop
  endfacet
  facet normal 9.662422e-01 -2.576354e-01 2.246234e-04
    outer loop
      vertex   -2.015039e+01 1.089126e+02 3.500000e+00
      vertex   -2.013933e+01 1.089598e+02 1.000000e+01
      vertex   -2.021865e+01 1.086623e+02 1.000000e+01
    endloop
  endfacet
  facet normal 9.842012e-01 -1.770534e-01 -1.783323e-13
    outer loop
      vertex   -2.006891e+01 1.093512e+02 -3.000000e+00
      vertex   -2.006891e+01 1.093512e+02 1.000000e+01
      vertex   -2.013933e+01 1.089598e+02 1.000000e+01
    endloop
  endfacet
  facet normal 9.609728e-01 -2.766423e-01 -5.627352e-04
    outer loop
      vertex   -2.015039e+01 1.089126e+02 3.500000e+00
      vertex   -2.021865e+01 1.086623e+02 1.000000e+01
      vertex   -2.024880e+01 1.085708e+02 3.500000e+00
    endloop
  endfacet
  facet normal 9.415443e-01 -3.368890e-01 3.754609e-04
    outer loop
      vertex   -2.024880e+01 1.085708e+02 3.500000e+00
      vertex   -2.021865e+01 1.086623e+02 1.000000e+01
      vertex   -2.029994e+01 1.084351e+02 1.000000e+01
    endloop
  endfacet
  facet normal 9.361977e-01 -3.514738e-01 2.894983e-05
    outer loop
      vertex   -2.024880e+01 1.085708e+02 3.500000e+00
      vertex   -2.029994e+01 1.084351e+02 1.000000e+01
      vertex   -2.029738e+01 1.084414e+02 3.500000e+00
    endloop
  endfacet
  facet normal 9.158518e-01 -4.015164e-01 -2.726990e-05
    outer loop
      vertex   -2.029738e+01 1.084414e+02 3.500000e+00
      vertex   -2.029994e+01 1.084351e+02 1.000000e+01
      vertex   -2.034053e+01 1.083429e+02 3.500000e+00
    endloop
  endfacet
  facet normal 9.133425e-01 -4.071921e-01 6.887095e-05
    outer loop
      vertex   -2.029994e+01 1.084351e+02 1.000000e+01
      vertex   -2.034736e+01 1.083287e+02 1.000000e+01
      vertex   -2.034053e+01 1.083429e+02 3.500000e+00
    endloop
  endfacet
  facet normal 8.919226e-01 -4.521882e-01 -5.194934e-05
    outer loop
      vertex   -2.034053e+01 1.083429e+02 3.500000e+00
      vertex   -2.034736e+01 1.083287e+02 1.000000e+01
      vertex   -2.037316e+01 1.082786e+02 3.500000e+00
    endloop
  endfacet
  facet normal 8.889393e-01 -4.580250e-01 4.927470e-06
    outer loop
      vertex   -2.034736e+01 1.083287e+02 1.000000e+01
      vertex   -2.037374e+01 1.082775e+02 1.000000e+01
      vertex   -2.037316e+01 1.082786e+02 3.500000e+00
    endloop
  endfacet
  facet normal 8.650750e-01 -5.016426e-01 -4.362772e-06
    outer loop
      vertex   -2.037316e+01 1.082786e+02 3.500000e+00
      vertex   -2.037374e+01 1.082775e+02 1.000000e+01
      vertex   -2.038846e+01 1.082521e+02 1.000000e+01
    endloop
  endfacet
  facet normal 4.857418e-01 8.741024e-01 4.561429e-13
    outer loop
      vertex   -2.063511e+01 1.096781e+02 1.000000e+01
      vertex   -2.044460e+01 1.095722e+02 1.000000e+01
      vertex   -2.063511e+01 1.096781e+02 -3.000000e+00
    endloop
  endfacet
  facet normal 4.857418e-01 8.741024e-01 4.158826e-13
    outer loop
      vertex   -2.063511e+01 1.096781e+02 -3.000000e+00
      vertex   -2.044460e+01 1.095722e+02 1.000000e+01
      vertex   -2.044460e+01 1.095722e+02 -4.732000e+00
    endloop
  endfacet
  facet normal 4.857418e-01 8.741024e-01 4.626574e-12
    outer loop
      vertex   -2.063511e+01 1.096781e+02 -3.000000e+00
      vertex   -2.044460e+01 1.095722e+02 -4.732000e+00
      vertex   -2.063511e+01 1.096781e+02 -4.732000e+00
    endloop
  endfacet
  facet normal 5.000000e-01 8.660254e-01 4.063531e-13
    outer loop
      vertex   -2.044460e+01 1.095722e+02 -4.732000e+00
      vertex   -2.044460e+01 1.095722e+02 1.000000e+01
      vertex   -2.025585e+01 1.094633e+02 -4.732000e+00
    endloop
  endfacet
  facet normal 5.000000e-01 8.660254e-01 4.033763e-13
    outer loop
      vertex   -2.025585e+01 1.094633e+02 -4.732000e+00
      vertex   -2.044460e+01 1.095722e+02 1.000000e+01
      vertex   -2.025585e+01 1.094633e+02 1.000000e+01
    endloop
  endfacet
  facet normal 5.141240e-01 8.577159e-01 3.959924e-13
    outer loop
      vertex   -2.025585e+01 1.094633e+02 -4.732000e+00
      vertex   -2.025585e+01 1.094633e+02 1.000000e+01
      vertex   -2.006891e+01 1.093512e+02 -3.000000e+00
    endloop
  endfacet
  facet normal 5.141240e-01 8.577159e-01 4.438559e-13
    outer loop
      vertex   -2.006891e+01 1.093512e+02 -3.000000e+00
      vertex   -2.025585e+01 1.094633e+02 1.000000e+01
      vertex   -2.006891e+01 1.093512e+02 1.000000e+01
    endloop
  endfacet
  facet normal 5.141240e-01 8.577159e-01 -1.054582e-15
    outer loop
      vertex   -2.006891e+01 1.093512e+02 -3.000000e+00
      vertex   -2.006891e+01 1.093512e+02 -4.732000e+00
      vertex   -2.025585e+01 1.094633e+02 -4.732000e+00
    endloop
  endfacet
  facet normal -6.454334e-01 7.638166e-01 4.904001e-13
    outer loop
      vertex   -2.063511e+01 1.096781e+02 -3.000000e+00
      vertex   -2.093889e+01 1.094214e+02 -3.000000e+00
      vertex   -2.063511e+01 1.096781e+02 1.000000e+01
    endloop
  endfacet
  facet normal -6.532394e-01 7.571514e-01 3.140277e-04
    outer loop
      vertex   -2.063511e+01 1.096781e+02 1.000000e+01
      vertex   -2.093889e+01 1.094214e+02 -3.000000e+00
      vertex   -2.097419e+01 1.093882e+02 3.500000e+00
    endloop
  endfacet
  facet normal -6.340814e-01 7.732650e-01 -1.403953e-03
    outer loop
      vertex   -2.063511e+01 1.096781e+02 1.000000e+01
      vertex   -2.097419e+01 1.093882e+02 3.500000e+00
      vertex   -2.083291e+01 1.095159e+02 1.000000e+01
    endloop
  endfacet
  facet normal -6.726891e-01 7.399253e-01 8.999823e-05
    outer loop
      vertex   -2.083291e+01 1.095159e+02 1.000000e+01
      vertex   -2.097419e+01 1.093882e+02 3.500000e+00
      vertex   -2.099799e+01 1.093658e+02 1.000000e+01
    endloop
  endfacet
  facet normal -7.097816e-01 7.044217e-01 -1.682486e-04
    outer loop
      vertex   -2.099799e+01 1.093658e+02 1.000000e+01
      vertex   -2.097419e+01 1.093882e+02 3.500000e+00
      vertex   -2.113262e+01 1.092302e+02 1.000000e+01
    endloop
  endfacet
  facet normal -7.200656e-01 6.939056e-01 -6.746414e-04
    outer loop
      vertex   -2.113262e+01 1.092302e+02 1.000000e+01
      vertex   -2.097419e+01 1.093882e+02 3.500000e+00
      vertex   -2.122103e+01 1.091321e+02 3.500000e+00
    endloop
  endfacet
  facet normal -7.450920e-01 6.669616e-01 7.227971e-05
    outer loop
      vertex   -2.113262e+01 1.092302e+02 1.000000e+01
      vertex   -2.122103e+01 1.091321e+02 3.500000e+00
      vertex   -2.123908e+01 1.091112e+02 1.000000e+01
    endloop
  endfacet
  facet normal -7.724841e-01 6.350341e-01 -1.062371e-04
    outer loop
      vertex   -2.123908e+01 1.091112e+02 1.000000e+01
      vertex   -2.122103e+01 1.091321e+02 3.500000e+00
      vertex   -2.130882e+01 1.090253e+02 3.500000e+00
    endloop
  endfacet
  facet normal -7.784244e-01 6.277383e-01 5.394301e-05
    outer loop
      vertex   -2.123908e+01 1.091112e+02 1.000000e+01
      vertex   -2.130882e+01 1.090253e+02 3.500000e+00
      vertex   -2.131964e+01 1.090113e+02 1.000000e+01
    endloop
  endfacet
  facet normal -8.056493e-01 5.923928e-01 -6.740252e-05
    outer loop
      vertex   -2.131964e+01 1.090113e+02 1.000000e+01
      vertex   -2.130882e+01 1.090253e+02 3.500000e+00
      vertex   -2.137248e+01 1.089387e+02 3.500000e+00
    endloop
  endfacet
  facet normal -8.097107e-01 5.868293e-01 2.775120e-05
    outer loop
      vertex   -2.131964e+01 1.090113e+02 1.000000e+01
      vertex   -2.137248e+01 1.089387e+02 3.500000e+00
      vertex   -2.137659e+01 1.089328e+02 1.000000e+01
    endloop
  endfacet
  facet normal -8.375677e-01 5.463335e-01 -2.710333e-05
    outer loop
      vertex   -2.137659e+01 1.089328e+02 1.000000e+01
      vertex   -2.137248e+01 1.089387e+02 3.500000e+00
      vertex   -2.141190e+01 1.088783e+02 3.500000e+00
    endloop
  endfacet
  facet normal -8.392005e-01 5.438222e-01 2.805950e-06
    outer loop
      vertex   -2.137659e+01 1.089328e+02 1.000000e+01
      vertex   -2.141190e+01 1.088783e+02 3.500000e+00
      vertex   -2.141219e+01 1.088778e+02 1.000000e+01
    endloop
  endfacet
  facet normal -8.667075e-01 4.988167e-01 -1.862695e-06
    outer loop
      vertex   -2.141219e+01 1.088778e+02 1.000000e+01
      vertex   -2.141190e+01 1.088783e+02 3.500000e+00
      vertex   -2.142715e+01 1.088518e+02 1.000000e+01
    endloop
  endfacet
  facet normal -8.665098e-01 4.991601e-01 3.547504e-13
    outer loop
      vertex   -2.142715e+01 1.088518e+02 1.000000e+01
      vertex   -2.141190e+01 1.088783e+02 3.500000e+00
      vertex   -2.142715e+01 1.088518e+02 -3.000000e+00
    endloop
  endfacet
  facet normal -8.669727e-01 4.983556e-01 4.362761e-06
    outer loop
      vertex   -2.142715e+01 1.088518e+02 -3.000000e+00
      vertex   -2.141190e+01 1.088783e+02 3.500000e+00
      vertex   -2.141253e+01 1.088773e+02 -3.000000e+00
    endloop
  endfacet
  facet normal -8.411310e-01 5.408315e-01 -4.927460e-06
    outer loop
      vertex   -2.141253e+01 1.088773e+02 -3.000000e+00
      vertex   -2.141190e+01 1.088783e+02 3.500000e+00
      vertex   -2.138137e+01 1.089257e+02 -3.000000e+00
    endloop
  endfacet
  facet normal -8.375677e-01 5.463335e-01 5.194933e-05
    outer loop
      vertex   -2.138137e+01 1.089257e+02 -3.000000e+00
      vertex   -2.141190e+01 1.088783e+02 3.500000e+00
      vertex   -2.137248e+01 1.089387e+02 3.500000e+00
    endloop
  endfacet
  facet normal -8.093100e-01 5.873818e-01 -6.887094e-05
    outer loop
      vertex   -2.138137e+01 1.089257e+02 -3.000000e+00
      vertex   -2.137248e+01 1.089387e+02 3.500000e+00
      vertex   -2.131297e+01 1.090200e+02 -3.000000e+00
    endloop
  endfacet
  facet normal -8.056493e-01 5.923928e-01 2.726988e-05
    outer loop
      vertex   -2.131297e+01 1.090200e+02 -3.000000e+00
      vertex   -2.137248e+01 1.089387e+02 3.500000e+00
      vertex   -2.130882e+01 1.090253e+02 3.500000e+00
    endloop
  endfacet
  facet normal -7.724841e-01 6.350341e-01 -2.894981e-05
    outer loop
      vertex   -2.131297e+01 1.090200e+02 -3.000000e+00
      vertex   -2.130882e+01 1.090253e+02 3.500000e+00
      vertex   -2.122103e+01 1.091321e+02 3.500000e+00
    endloop
  endfacet
  facet normal -7.062399e-01 7.079725e-01 -2.246234e-04
    outer loop
      vertex   -2.093889e+01 1.094214e+02 -3.000000e+00
      vertex   -2.115686e+01 1.092040e+02 -3.000000e+00
      vertex   -2.097419e+01 1.093882e+02 3.500000e+00
    endloop
  endfacet
  facet normal -7.200657e-01 6.939057e-01 5.627352e-04
    outer loop
      vertex   -2.097419e+01 1.093882e+02 3.500000e+00
      vertex   -2.115686e+01 1.092040e+02 -3.000000e+00
      vertex   -2.122103e+01 1.091321e+02 3.500000e+00
    endloop
  endfacet
  facet normal -7.625266e-01 6.469568e-01 -3.754609e-04
    outer loop
      vertex   -2.115686e+01 1.092040e+02 -3.000000e+00
      vertex   -2.131297e+01 1.090200e+02 -3.000000e+00
      vertex   -2.122103e+01 1.091321e+02 3.500000e+00
    endloop
  endfacet
  facet normal -8.868420e-01 4.620729e-01 1.122072e-14
    outer loop
      vertex   -2.142715e+01 1.088518e+02 -4.732000e+00
      vertex   -2.142737e+01 1.088514e+02 -4.732000e+00
      vertex   -2.142715e+01 1.088518e+02 -3.000000e+00
    endloop
  endfacet
  facet normal -8.868420e-01 4.620729e-01 0.000000e+00
    outer loop
      vertex   -2.142715e+01 1.088518e+02 -3.000000e+00
      vertex   -2.142737e+01 1.088514e+02 -4.732000e+00
      vertex   -2.142737e+01 1.088514e+02 1.000000e+01
    endloop
  endfacet
  facet normal -8.868420e-01 4.620729e-01 3.357084e-13
    outer loop
      vertex   -2.142715e+01 1.088518e+02 -3.000000e+00
      vertex   -2.142737e+01 1.088514e+02 1.000000e+01
      vertex   -2.142715e+01 1.088518e+02 1.000000e+01
    endloop
  endfacet
  facet normal -8.895575e-01 4.568232e-01 0.000000e+00
    outer loop
      vertex   -2.164375e+01 1.084301e+02 1.000000e+01
      vertex   -2.142737e+01 1.088514e+02 1.000000e+01
      vertex   -2.164375e+01 1.084301e+02 -4.732000e+00
    endloop
  endfacet
  facet normal -8.895575e-01 4.568232e-01 0.000000e+00
    outer loop
      vertex   -2.164375e+01 1.084301e+02 -4.732000e+00
      vertex   -2.142737e+01 1.088514e+02 1.000000e+01
      vertex   -2.142737e+01 1.088514e+02 -4.732000e+00
    endloop
  endfacet
  facet normal 4.454928e-01 -8.952855e-01 -3.949233e-13
    outer loop
      vertex   -2.164375e+01 8.756994e+01 1.000000e+01
      vertex   -2.191029e+01 8.743731e+01 1.000000e+01
      vertex   -2.164375e+01 8.756994e+01 -4.732000e+00
    endloop
  endfacet
  facet normal 4.245583e-01 -9.054005e-01 -4.698228e-04
    outer loop
      vertex   -2.164375e+01 8.756994e+01 -4.732000e+00
      vertex   -2.191029e+01 8.743731e+01 1.000000e+01
      vertex   -2.240679e+01 8.721213e+01 -4.732000e+00
    endloop
  endfacet
  facet normal 4.226182e-01 -9.063077e-01 -3.905702e-04
    outer loop
      vertex   -2.240679e+01 8.721213e+01 -4.732000e+00
      vertex   -2.191029e+01 8.743731e+01 1.000000e+01
      vertex   -2.218011e+01 8.731149e+01 1.000000e+01
    endloop
  endfacet
  facet normal 3.981890e-01 -9.173034e-01 5.947309e-05
    outer loop
      vertex   -2.240679e+01 8.721213e+01 -4.732000e+00
      vertex   -2.218011e+01 8.731149e+01 1.000000e+01
      vertex   -2.245304e+01 8.719256e+01 3.000000e+00
    endloop
  endfacet
  facet normal 3.994713e-01 -9.167457e-01 4.054878e-16
    outer loop
      vertex   -2.245304e+01 8.719256e+01 3.000000e+00
      vertex   -2.218011e+01 8.731149e+01 1.000000e+01
      vertex   -2.245304e+01 8.719256e+01 1.000000e+01
    endloop
  endfacet
  facet normal 3.726390e-01 -9.279764e-01 -1.203855e-04
    outer loop
      vertex   -2.245304e+01 8.719256e+01 3.000000e+00
      vertex   -2.280975e+01 8.704932e+01 3.000000e+00
      vertex   -2.240679e+01 8.721213e+01 -4.732000e+00
    endloop
  endfacet
  facet normal 3.584253e-01 -9.335579e-01 -9.786718e-04
    outer loop
      vertex   -2.240679e+01 8.721213e+01 -4.732000e+00
      vertex   -2.280975e+01 8.704932e+01 3.000000e+00
      vertex   -2.319356e+01 8.691007e+01 -4.732000e+00
    endloop
  endfacet
  facet normal 3.420201e-01 -9.396926e-01 -5.383591e-05
    outer loop
      vertex   -2.319356e+01 8.691007e+01 -4.732000e+00
      vertex   -2.280975e+01 8.704932e+01 3.000000e+00
      vertex   -2.317096e+01 8.691785e+01 3.000000e+00
    endloop
  endfacet
  facet normal 3.110337e-01 -9.503989e-01 4.753212e-05
    outer loop
      vertex   -2.319356e+01 8.691007e+01 -4.732000e+00
      vertex   -2.317096e+01 8.691785e+01 3.000000e+00
      vertex   -2.353628e+01 8.679829e+01 3.000000e+00
    endloop
  endfacet
  facet normal 2.832600e-01 -9.590432e-01 0.000000e+00
    outer loop
      vertex   -2.353628e+01 8.679829e+01 1.000000e+01
      vertex   -2.382181e+01 8.671396e+01 1.000000e+01
      vertex   -2.353628e+01 8.679829e+01 3.000000e+00
    endloop
  endfacet
  facet normal 2.787645e-01 -9.603595e-01 -1.992232e-04
    outer loop
      vertex   -2.353628e+01 8.679829e+01 3.000000e+00
      vertex   -2.382181e+01 8.671396e+01 1.000000e+01
      vertex   -2.400000e+01 8.666529e+01 -4.732000e+00
    endloop
  endfacet
  facet normal 2.904407e-01 -9.568925e-01 -9.591226e-04
    outer loop
      vertex   -2.353628e+01 8.679829e+01 3.000000e+00
      vertex   -2.400000e+01 8.666529e+01 -4.732000e+00
      vertex   -2.319356e+01 8.691007e+01 -4.732000e+00
    endloop
  endfacet
  facet normal 2.634706e-01 -9.646674e-01 -1.772989e-15
    outer loop
      vertex   -2.400000e+01 8.666529e+01 -4.732000e+00
      vertex   -2.382181e+01 8.671396e+01 1.000000e+01
      vertex   -2.400000e+01 8.666529e+01 3.000000e+00
    endloop
  endfacet
  facet normal 2.588190e-01 -9.659258e-01 1.271618e-04
    outer loop
      vertex   -2.400000e+01 8.666529e+01 3.000000e+00
      vertex   -2.382181e+01 8.671396e+01 1.000000e+01
      vertex   -2.410938e+01 8.663691e+01 1.000000e+01
    endloop
  endfacet
  facet normal 2.502152e-01 -9.681902e-01 -1.645781e-05
    outer loop
      vertex   -2.400000e+01 8.666529e+01 3.000000e+00
      vertex   -2.410938e+01 8.663691e+01 1.000000e+01
      vertex   -2.413255e+01 8.663103e+01 3.000000e+00
    endloop
  endfacet
  facet normal 2.388932e-01 -9.710458e-01 2.342161e-05
    outer loop
      vertex   -2.413255e+01 8.663103e+01 3.000000e+00
      vertex   -2.410938e+01 8.663691e+01 1.000000e+01
      vertex   -2.426550e+01 8.659833e+01 3.000000e+00
    endloop
  endfacet
  facet normal 2.342112e-01 -9.721857e-01 1.341257e-04
    outer loop
      vertex   -2.426550e+01 8.659833e+01 3.000000e+00
      vertex   -2.410938e+01 8.663691e+01 1.000000e+01
      vertex   -2.439881e+01 8.656718e+01 1.000000e+01
    endloop
  endfacet
  facet normal 2.275387e-01 -9.737690e-01 0.000000e+00
    outer loop
      vertex   -2.426550e+01 8.659833e+01 3.000000e+00
      vertex   -2.439881e+01 8.656718e+01 1.000000e+01
      vertex   -2.439881e+01 8.656718e+01 3.000000e+00
    endloop
  endfacet
  facet normal -8.895575e-01 -4.568232e-01 -0.000000e+00
    outer loop
      vertex   -2.142737e+01 8.714859e+01 1.000000e+01
      vertex   -2.164375e+01 8.756994e+01 1.000000e+01
      vertex   -2.142737e+01 8.714859e+01 -4.732000e+00
    endloop
  endfacet
  facet normal -8.895575e-01 -4.568232e-01 -1.077811e-13
    outer loop
      vertex   -2.142737e+01 8.714859e+01 -4.732000e+00
      vertex   -2.164375e+01 8.756994e+01 1.000000e+01
      vertex   -2.164375e+01 8.756994e+01 -4.732000e+00
    endloop
  endfacet
  facet normal -8.868420e-01 -4.620729e-01 -1.281472e-13
    outer loop
      vertex   -2.142715e+01 8.714817e+01 1.000000e+01
      vertex   -2.142737e+01 8.714859e+01 1.000000e+01
      vertex   -2.142715e+01 8.714817e+01 -3.000000e+00
    endloop
  endfacet
  facet normal -8.868420e-01 -4.620729e-01 0.000000e+00
    outer loop
      vertex   -2.142715e+01 8.714817e+01 -3.000000e+00
      vertex   -2.142737e+01 8.714859e+01 1.000000e+01
      vertex   -2.142737e+01 8.714859e+01 -4.732000e+00
    endloop
  endfacet
  facet normal -8.868420e-01 -4.620729e-01 -1.314806e-12
    outer loop
      vertex   -2.142715e+01 8.714817e+01 -3.000000e+00
      vertex   -2.142737e+01 8.714859e+01 -4.732000e+00
      vertex   -2.142715e+01 8.714817e+01 -4.732000e+00
    endloop
  endfacet
  facet normal -8.665098e-01 -4.991601e-01 -1.467356e-13
    outer loop
      vertex   -2.142715e+01 8.714817e+01 1.000000e+01
      vertex   -2.142715e+01 8.714817e+01 -3.000000e+00
      vertex   -2.141190e+01 8.712169e+01 3.500000e+00
    endloop
  endfacet
  facet normal -8.667075e-01 -4.988167e-01 1.862746e-06
    outer loop
      vertex   -2.141190e+01 8.712169e+01 3.500000e+00
      vertex   -2.142715e+01 8.714817e+01 -3.000000e+00
      vertex   -2.141219e+01 8.712218e+01 -3.000000e+00
    endloop
  endfacet
  facet normal -8.392005e-01 -5.438221e-01 -2.806022e-06
    outer loop
      vertex   -2.141190e+01 8.712169e+01 3.500000e+00
      vertex   -2.141219e+01 8.712218e+01 -3.000000e+00
      vertex   -2.137659e+01 8.706724e+01 -3.000000e+00
    endloop
  endfacet
  facet normal -8.375677e-01 -5.463335e-01 2.710342e-05
    outer loop
      vertex   -2.141190e+01 8.712169e+01 3.500000e+00
      vertex   -2.137659e+01 8.706724e+01 -3.000000e+00
      vertex   -2.137248e+01 8.706126e+01 3.500000e+00
    endloop
  endfacet
  facet normal -8.097107e-01 -5.868292e-01 -2.775133e-05
    outer loop
      vertex   -2.137248e+01 8.706126e+01 3.500000e+00
      vertex   -2.137659e+01 8.706724e+01 -3.000000e+00
      vertex   -2.131964e+01 8.698866e+01 -3.000000e+00
    endloop
  endfacet
  facet normal -8.056493e-01 -5.923928e-01 6.740261e-05
    outer loop
      vertex   -2.137248e+01 8.706126e+01 3.500000e+00
      vertex   -2.131964e+01 8.698866e+01 -3.000000e+00
      vertex   -2.130882e+01 8.697468e+01 3.500000e+00
    endloop
  endfacet
  facet normal -7.784245e-01 -6.277383e-01 -5.394317e-05
    outer loop
      vertex   -2.130882e+01 8.697468e+01 3.500000e+00
      vertex   -2.131964e+01 8.698866e+01 -3.000000e+00
      vertex   -2.123908e+01 8.688876e+01 -3.000000e+00
    endloop
  endfacet
  facet normal -7.724841e-01 -6.350341e-01 1.062372e-04
    outer loop
      vertex   -2.130882e+01 8.697468e+01 3.500000e+00
      vertex   -2.123908e+01 8.688876e+01 -3.000000e+00
      vertex   -2.122103e+01 8.686789e+01 3.500000e+00
    endloop
  endfacet
  facet normal -7.450921e-01 -6.669616e-01 -7.227986e-05
    outer loop
      vertex   -2.122103e+01 8.686789e+01 3.500000e+00
      vertex   -2.123908e+01 8.688876e+01 -3.000000e+00
      vertex   -2.113262e+01 8.676983e+01 -3.000000e+00
    endloop
  endfacet
  facet normal -7.200656e-01 -6.939056e-01 6.746413e-04
    outer loop
      vertex   -2.122103e+01 8.686789e+01 3.500000e+00
      vertex   -2.113262e+01 8.676983e+01 -3.000000e+00
      vertex   -2.097419e+01 8.661175e+01 3.500000e+00
    endloop
  endfacet
  facet normal -7.097816e-01 -7.044217e-01 1.682488e-04
    outer loop
      vertex   -2.097419e+01 8.661175e+01 3.500000e+00
      vertex   -2.113262e+01 8.676983e+01 -3.000000e+00
      vertex   -2.099799e+01 8.663417e+01 -3.000000e+00
    endloop
  endfacet
  facet normal -6.726891e-01 -7.399253e-01 -8.999835e-05
    outer loop
      vertex   -2.097419e+01 8.661175e+01 3.500000e+00
      vertex   -2.099799e+01 8.663417e+01 -3.000000e+00
      vertex   -2.083291e+01 8.648410e+01 -3.000000e+00
    endloop
  endfacet
  facet normal -6.340814e-01 -7.732650e-01 1.403953e-03
    outer loop
      vertex   -2.083291e+01 8.648410e+01 -3.000000e+00
      vertex   -2.063511e+01 8.632190e+01 -3.000000e+00
      vertex   -2.097419e+01 8.661175e+01 3.500000e+00
    endloop
  endfacet
  facet normal -6.532394e-01 -7.571514e-01 -3.140277e-04
    outer loop
      vertex   -2.097419e+01 8.661175e+01 3.500000e+00
      vertex   -2.063511e+01 8.632190e+01 -3.000000e+00
      vertex   -2.093889e+01 8.657860e+01 1.000000e+01
    endloop
  endfacet
  facet normal -7.062399e-01 -7.079725e-01 2.246234e-04
    outer loop
      vertex   -2.097419e+01 8.661175e+01 3.500000e+00
      vertex   -2.093889e+01 8.657860e+01 1.000000e+01
      vertex   -2.115686e+01 8.679604e+01 1.000000e+01
    endloop
  endfacet
  facet normal -6.454334e-01 -7.638166e-01 -2.857603e-13
    outer loop
      vertex   -2.063511e+01 8.632190e+01 -3.000000e+00
      vertex   -2.063511e+01 8.632190e+01 1.000000e+01
      vertex   -2.093889e+01 8.657860e+01 1.000000e+01
    endloop
  endfacet
  facet normal -7.200657e-01 -6.939057e-01 -5.627352e-04
    outer loop
      vertex   -2.097419e+01 8.661175e+01 3.500000e+00
      vertex   -2.115686e+01 8.679604e+01 1.000000e+01
      vertex   -2.122103e+01 8.686789e+01 3.500000e+00
    endloop
  endfacet
  facet normal -7.625266e-01 -6.469568e-01 3.754609e-04
    outer loop
      vertex   -2.122103e+01 8.686789e+01 3.500000e+00
      vertex   -2.115686e+01 8.679604e+01 1.000000e+01
      vertex   -2.131297e+01 8.698002e+01 1.000000e+01
    endloop
  endfacet
  facet normal -7.724841e-01 -6.350341e-01 2.894981e-05
    outer loop
      vertex   -2.122103e+01 8.686789e+01 3.500000e+00
      vertex   -2.131297e+01 8.698002e+01 1.000000e+01
      vertex   -2.130882e+01 8.697468e+01 3.500000e+00
    endloop
  endfacet
  facet normal -8.056493e-01 -5.923928e-01 -2.726988e-05
    outer loop
      vertex   -2.130882e+01 8.697468e+01 3.500000e+00
      vertex   -2.131297e+01 8.698002e+01 1.000000e+01
      vertex   -2.137248e+01 8.706126e+01 3.500000e+00
    endloop
  endfacet
  facet normal -8.093100e-01 -5.873818e-01 6.887095e-05
    outer loop
      vertex   -2.131297e+01 8.698002e+01 1.000000e+01
      vertex   -2.138137e+01 8.707427e+01 1.000000e+01
      vertex   -2.137248e+01 8.706126e+01 3.500000e+00
    endloop
  endfacet
  facet normal -8.375677e-01 -5.463335e-01 -5.194933e-05
    outer loop
      vertex   -2.137248e+01 8.706126e+01 3.500000e+00
      vertex   -2.138137e+01 8.707427e+01 1.000000e+01
      vertex   -2.141190e+01 8.712169e+01 3.500000e+00
    endloop
  endfacet
  facet normal -8.411310e-01 -5.408315e-01 4.927468e-06
    outer loop
      vertex   -2.138137e+01 8.707427e+01 1.000000e+01
      vertex   -2.141253e+01 8.712273e+01 1.000000e+01
      vertex   -2.141190e+01 8.712169e+01 3.500000e+00
    endloop
  endfacet
  facet normal -8.669727e-01 -4.983556e-01 -4.362769e-06
    outer loop
      vertex   -2.141190e+01 8.712169e+01 3.500000e+00
      vertex   -2.141253e+01 8.712273e+01 1.000000e+01
      vertex   -2.142715e+01 8.714817e+01 1.000000e+01
    endloop
  endfacet
  facet normal 5.141240e-01 -8.577159e-01 -4.269448e-13
    outer loop
      vertex   -2.006891e+01 8.664879e+01 1.000000e+01
      vertex   -2.025585e+01 8.653674e+01 1.000000e+01
      vertex   -2.006891e+01 8.664879e+01 -3.000000e+00
    endloop
  endfacet
  facet normal 5.141240e-01 -8.577159e-01 -3.726291e-13
    outer loop
      vertex   -2.006891e+01 8.664879e+01 -3.000000e+00
      vertex   -2.025585e+01 8.653674e+01 1.000000e+01
      vertex   -2.025585e+01 8.653674e+01 -4.732000e+00
    endloop
  endfacet
  facet normal 5.141240e-01 -8.577159e-01 -4.313546e-12
    outer loop
      vertex   -2.006891e+01 8.664879e+01 -3.000000e+00
      vertex   -2.025585e+01 8.653674e+01 -4.732000e+00
      vertex   -2.006891e+01 8.664879e+01 -4.732000e+00
    endloop
  endfacet
  facet normal 5.000000e-01 -8.660254e-01 -3.770266e-13
    outer loop
      vertex   -2.025585e+01 8.653674e+01 -4.732000e+00
      vertex   -2.025585e+01 8.653674e+01 1.000000e+01
      vertex   -2.044460e+01 8.642776e+01 -4.732000e+00
    endloop
  endfacet
  facet normal 5.000000e-01 -8.660254e-01 -3.760119e-13
    outer loop
      vertex   -2.044460e+01 8.642776e+01 -4.732000e+00
      vertex   -2.025585e+01 8.653674e+01 1.000000e+01
      vertex   -2.044460e+01 8.642776e+01 1.000000e+01
    endloop
  endfacet
  facet normal 4.857418e-01 -8.741024e-01 -3.791994e-13
    outer loop
      vertex   -2.044460e+01 8.642776e+01 -4.732000e+00
      vertex   -2.044460e+01 8.642776e+01 1.000000e+01
      vertex   -2.063511e+01 8.632190e+01 -3.000000e+00
    endloop
  endfacet
  facet normal 4.857418e-01 -8.741024e-01 -4.327549e-13
    outer loop
      vertex   -2.063511e+01 8.632190e+01 -3.000000e+00
      vertex   -2.044460e+01 8.642776e+01 1.000000e+01
      vertex   -2.063511e+01 8.632190e+01 1.000000e+01
    endloop
  endfacet
  facet normal 4.857418e-01 -8.741024e-01 -9.963634e-16
    outer loop
      vertex   -2.063511e+01 8.632190e+01 -3.000000e+00
      vertex   -2.063511e+01 8.632190e+01 -4.732000e+00
      vertex   -2.044460e+01 8.642776e+01 -4.732000e+00
    endloop
  endfacet
  facet normal 9.842012e-01 1.770534e-01 -6.770652e-17
    outer loop
      vertex   -2.006891e+01 8.664879e+01 -3.000000e+00
      vertex   -2.013933e+01 8.704023e+01 -3.000000e+00
      vertex   -2.006891e+01 8.664879e+01 1.000000e+01
    endloop
  endfacet
  facet normal 9.823320e-01 1.871462e-01 3.140276e-04
    outer loop
      vertex   -2.006891e+01 8.664879e+01 1.000000e+01
      vertex   -2.013933e+01 8.704023e+01 -3.000000e+00
      vertex   -2.015039e+01 8.708738e+01 3.500000e+00
    endloop
  endfacet
  facet normal 9.867079e-01 1.624981e-01 -1.403953e-03
    outer loop
      vertex   -2.006891e+01 8.664879e+01 1.000000e+01
      vertex   -2.015039e+01 8.708738e+01 3.500000e+00
      vertex   -2.011048e+01 8.690119e+01 1.000000e+01
    endloop
  endfacet
  facet normal 9.771386e-01 2.126032e-01 8.999828e-05
    outer loop
      vertex   -2.011048e+01 8.690119e+01 1.000000e+01
      vertex   -2.015039e+01 8.708738e+01 3.500000e+00
      vertex   -2.015791e+01 8.711919e+01 1.000000e+01
    endloop
  endfacet
  facet normal 9.649379e-01 2.624781e-01 -1.682486e-04
    outer loop
      vertex   -2.015791e+01 8.711919e+01 1.000000e+01
      vertex   -2.015039e+01 8.708738e+01 3.500000e+00
      vertex   -2.020808e+01 8.730361e+01 1.000000e+01
    endloop
  endfacet
  facet normal 9.609727e-01 2.766423e-01 -6.746414e-04
    outer loop
      vertex   -2.020808e+01 8.730361e+01 1.000000e+01
      vertex   -2.015039e+01 8.708738e+01 3.500000e+00
      vertex   -2.024880e+01 8.742921e+01 3.500000e+00
    endloop
  endfacet
  facet normal 9.501518e-01 3.117878e-01 7.227977e-05
    outer loop
      vertex   -2.020808e+01 8.730361e+01 1.000000e+01
      vertex   -2.024880e+01 8.742921e+01 3.500000e+00
      vertex   -2.025784e+01 8.745527e+01 1.000000e+01
    endloop
  endfacet
  facet normal 9.361977e-01 3.514738e-01 -1.062371e-04
    outer loop
      vertex   -2.025784e+01 8.745527e+01 1.000000e+01
      vertex   -2.024880e+01 8.742921e+01 3.500000e+00
      vertex   -2.029738e+01 8.755863e+01 3.500000e+00
    endloop
  endfacet
  facet normal 9.328495e-01 3.602662e-01 5.394307e-05
    outer loop
      vertex   -2.025784e+01 8.745527e+01 1.000000e+01
      vertex   -2.029738e+01 8.755863e+01 3.500000e+00
      vertex   -2.030408e+01 8.757499e+01 1.000000e+01
    endloop
  endfacet
  facet normal 9.158518e-01 4.015164e-01 -6.740251e-05
    outer loop
      vertex   -2.030408e+01 8.757499e+01 1.000000e+01
      vertex   -2.029738e+01 8.755863e+01 3.500000e+00
      vertex   -2.034053e+01 8.765705e+01 3.500000e+00
    endloop
  endfacet
  facet normal 9.130644e-01 4.078154e-01 2.775124e-05
    outer loop
      vertex   -2.030408e+01 8.757499e+01 1.000000e+01
      vertex   -2.034053e+01 8.765705e+01 3.500000e+00
      vertex   -2.034366e+01 8.766360e+01 1.000000e+01
    endloop
  endfacet
  facet normal 8.919226e-01 4.521882e-01 -2.710334e-05
    outer loop
      vertex   -2.034366e+01 8.766360e+01 1.000000e+01
      vertex   -2.034053e+01 8.765705e+01 3.500000e+00
      vertex   -2.037316e+01 8.772141e+01 3.500000e+00
    endloop
  endfacet
  facet normal 8.905640e-01 4.548579e-01 2.805967e-06
    outer loop
      vertex   -2.034366e+01 8.766360e+01 1.000000e+01
      vertex   -2.037316e+01 8.772141e+01 3.500000e+00
      vertex   -2.037344e+01 8.772191e+01 1.000000e+01
    endloop
  endfacet
  facet normal 8.653417e-01 5.011824e-01 -1.862704e-06
    outer loop
      vertex   -2.037344e+01 8.772191e+01 1.000000e+01
      vertex   -2.037316e+01 8.772141e+01 3.500000e+00
      vertex   -2.038846e+01 8.774785e+01 1.000000e+01
    endloop
  endfacet
  facet normal 8.655402e-01 5.008394e-01 1.523869e-13
    outer loop
      vertex   -2.038846e+01 8.774785e+01 1.000000e+01
      vertex   -2.037316e+01 8.772141e+01 3.500000e+00
      vertex   -2.038846e+01 8.774785e+01 -3.000000e+00
    endloop
  endfacet
  facet normal 8.650750e-01 5.016426e-01 4.362768e-06
    outer loop
      vertex   -2.038846e+01 8.774785e+01 -3.000000e+00
      vertex   -2.037316e+01 8.772141e+01 3.500000e+00
      vertex   -2.037374e+01 8.772247e+01 -3.000000e+00
    endloop
  endfacet
  facet normal 8.889393e-01 4.580250e-01 -4.927467e-06
    outer loop
      vertex   -2.037374e+01 8.772247e+01 -3.000000e+00
      vertex   -2.037316e+01 8.772141e+01 3.500000e+00
      vertex   -2.034736e+01 8.767126e+01 -3.000000e+00
    endloop
  endfacet
  facet normal 8.919226e-01 4.521882e-01 5.194934e-05
    outer loop
      vertex   -2.034736e+01 8.767126e+01 -3.000000e+00
      vertex   -2.037316e+01 8.772141e+01 3.500000e+00
      vertex   -2.034053e+01 8.765705e+01 3.500000e+00
    endloop
  endfacet
  facet normal 9.133425e-01 4.071921e-01 -6.887095e-05
    outer loop
      vertex   -2.034736e+01 8.767126e+01 -3.000000e+00
      vertex   -2.034053e+01 8.765705e+01 3.500000e+00
      vertex   -2.029994e+01 8.756490e+01 -3.000000e+00
    endloop
  endfacet
  facet normal 9.158518e-01 4.015164e-01 2.726990e-05
    outer loop
      vertex   -2.029994e+01 8.756490e+01 -3.000000e+00
      vertex   -2.034053e+01 8.765705e+01 3.500000e+00
      vertex   -2.029738e+01 8.755863e+01 3.500000e+00
    endloop
  endfacet
  facet normal 9.361977e-01 3.514738e-01 -2.894983e-05
    outer loop
      vertex   -2.029994e+01 8.756490e+01 -3.000000e+00
      vertex   -2.029738e+01 8.755863e+01 3.500000e+00
      vertex   -2.024880e+01 8.742921e+01 3.500000e+00
    endloop
  endfacet
  facet normal 9.662422e-01 2.576354e-01 -2.246234e-04
    outer loop
      vertex   -2.013933e+01 8.704023e+01 -3.000000e+00
      vertex   -2.021865e+01 8.733771e+01 -3.000000e+00
      vertex   -2.015039e+01 8.708738e+01 3.500000e+00
    endloop
  endfacet
  facet normal 9.609728e-01 2.766423e-01 5.627352e-04
    outer loop
      vertex   -2.015039e+01 8.708738e+01 3.500000e+00
      vertex   -2.021865e+01 8.733771e+01 -3.000000e+00
      vertex   -2.024880e+01 8.742921e+01 3.500000e+00
    endloop
  endfacet
  facet normal 9.415443e-01 3.368890e-01 -3.754609e-04
    outer loop
      vertex   -2.021865e+01 8.733771e+01 -3.000000e+00
      vertex   -2.029994e+01 8.756490e+01 -3.000000e+00
      vertex   -2.024880e+01 8.742921e+01 3.500000e+00
    endloop
  endfacet
  facet normal 8.435878e-01 5.369912e-01 6.136334e-15
    outer loop
      vertex   -2.038846e+01 8.774785e+01 -4.732000e+00
      vertex   -2.038872e+01 8.774826e+01 -4.732000e+00
      vertex   -2.038846e+01 8.774785e+01 -3.000000e+00
    endloop
  endfacet
  facet normal 8.435878e-01 5.369912e-01 2.034366e-16
    outer loop
      vertex   -2.038846e+01 8.774785e+01 -3.000000e+00
      vertex   -2.038872e+01 8.774826e+01 -4.732000e+00
      vertex   -2.038872e+01 8.774826e+01 1.000000e+01
    endloop
  endfacet
  facet normal 8.435878e-01 5.369912e-01 1.706316e-13
    outer loop
      vertex   -2.038846e+01 8.774785e+01 -3.000000e+00
      vertex   -2.038872e+01 8.774826e+01 1.000000e+01
      vertex   -2.038846e+01 8.774785e+01 1.000000e+01
    endloop
  endfacet
  facet normal 8.403993e-01 5.419678e-01 0.000000e+00
    outer loop
      vertex   -2.064543e+01 8.814632e+01 1.000000e+01
      vertex   -2.038872e+01 8.774826e+01 1.000000e+01
      vertex   -2.064543e+01 8.814632e+01 -4.732000e+00
    endloop
  endfacet
  facet normal 8.403993e-01 5.419678e-01 2.028578e-16
    outer loop
      vertex   -2.064543e+01 8.814632e+01 -4.732000e+00
      vertex   -2.038872e+01 8.774826e+01 1.000000e+01
      vertex   -2.038872e+01 8.774826e+01 -4.732000e+00
    endloop
  endfacet
  facet normal 5.941894e-01 -8.043251e-01 0.000000e+00
    outer loop
      vertex   -1.991396e+01 8.865850e+01 -4.732000e+00
      vertex   -1.991396e+01 8.865850e+01 1.000000e+01
      vertex   -2.015342e+01 8.848160e+01 -4.732000e+00
    endloop
  endfacet
  facet normal 5.941894e-01 -8.043251e-01 -3.625951e-13
    outer loop
      vertex   -2.015342e+01 8.848160e+01 -4.732000e+00
      vertex   -1.991396e+01 8.865850e+01 1.000000e+01
      vertex   -2.015342e+01 8.848160e+01 1.000000e+01
    endloop
  endfacet
  facet normal 5.735764e-01 -8.191520e-01 -3.625879e-13
    outer loop
      vertex   -2.015342e+01 8.848160e+01 -4.732000e+00
      vertex   -2.015342e+01 8.848160e+01 1.000000e+01
      vertex   -2.039730e+01 8.831083e+01 -4.732000e+00
    endloop
  endfacet
  facet normal 5.735764e-01 -8.191520e-01 -3.702718e-13
    outer loop
      vertex   -2.039730e+01 8.831083e+01 -4.732000e+00
      vertex   -2.015342e+01 8.848160e+01 1.000000e+01
      vertex   -2.039730e+01 8.831083e+01 1.000000e+01
    endloop
  endfacet
  facet normal 5.525936e-01 -8.334508e-01 -3.702621e-13
    outer loop
      vertex   -2.039730e+01 8.831083e+01 -4.732000e+00
      vertex   -2.039730e+01 8.831083e+01 1.000000e+01
      vertex   -2.064543e+01 8.814632e+01 -4.732000e+00
    endloop
  endfacet
  facet normal 5.525936e-01 -8.334508e-01 0.000000e+00
    outer loop
      vertex   -2.064543e+01 8.814632e+01 -4.732000e+00
      vertex   -2.039730e+01 8.831083e+01 1.000000e+01
      vertex   -2.064543e+01 8.814632e+01 1.000000e+01
    endloop
  endfacet
  facet normal -7.967166e-01 -6.043531e-01 -0.000000e+00
    outer loop
      vertex   -1.962770e+01 8.828112e+01 1.000000e+01
      vertex   -1.991396e+01 8.865850e+01 1.000000e+01
      vertex   -1.962770e+01 8.828112e+01 -4.732000e+00
    endloop
  endfacet
  facet normal -7.967166e-01 -6.043531e-01 0.000000e+00
    outer loop
      vertex   -1.962770e+01 8.828112e+01 -4.732000e+00
      vertex   -1.991396e+01 8.865850e+01 1.000000e+01
      vertex   -1.991396e+01 8.865850e+01 -4.732000e+00
    endloop
  endfacet
  facet normal -7.931307e-01 -6.090514e-01 -2.137042e-13
    outer loop
      vertex   -1.962741e+01 8.828074e+01 1.000000e+01
      vertex   -1.962770e+01 8.828112e+01 1.000000e+01
      vertex   -1.962741e+01 8.828074e+01 -3.000000e+00
    endloop
  endfacet
  facet normal -7.931307e-01 -6.090514e-01 0.000000e+00
    outer loop
      vertex   -1.962741e+01 8.828074e+01 -3.000000e+00
      vertex   -1.962770e+01 8.828112e+01 1.000000e+01
      vertex   -1.962770e+01 8.828112e+01 -4.732000e+00
    endloop
  endfacet
  facet normal -7.931307e-01 -6.090514e-01 -2.177192e-12
    outer loop
      vertex   -1.962741e+01 8.828074e+01 -3.000000e+00
      vertex   -1.962770e+01 8.828112e+01 -4.732000e+00
      vertex   -1.962741e+01 8.828074e+01 -4.732000e+00
    endloop
  endfacet
  facet normal -7.666673e-01 -6.420446e-01 -2.309351e-13
    outer loop
      vertex   -1.962741e+01 8.828074e+01 1.000000e+01
      vertex   -1.962741e+01 8.828074e+01 -3.000000e+00
      vertex   -1.960779e+01 8.825732e+01 3.500000e+00
    endloop
  endfacet
  facet normal -7.669216e-01 -6.417408e-01 1.862624e-06
    outer loop
      vertex   -1.960779e+01 8.825732e+01 3.500000e+00
      vertex   -1.962741e+01 8.828074e+01 -3.000000e+00
      vertex   -1.960817e+01 8.825775e+01 -3.000000e+00
    endloop
  endfacet
  facet normal -7.320174e-01 -6.812859e-01 -2.805860e-06
    outer loop
      vertex   -1.960779e+01 8.825732e+01 3.500000e+00
      vertex   -1.960817e+01 8.825775e+01 -3.000000e+00
      vertex   -1.956356e+01 8.820982e+01 -3.000000e+00
    endloop
  endfacet
  facet normal -7.299734e-01 -6.834756e-01 2.710318e-05
    outer loop
      vertex   -1.960779e+01 8.825732e+01 3.500000e+00
      vertex   -1.956356e+01 8.820982e+01 -3.000000e+00
      vertex   -1.955848e+01 8.820465e+01 3.500000e+00
    endloop
  endfacet
  facet normal -6.955075e-01 -7.185188e-01 -2.775107e-05
    outer loop
      vertex   -1.955848e+01 8.820465e+01 3.500000e+00
      vertex   -1.956356e+01 8.820982e+01 -3.000000e+00
      vertex   -1.949384e+01 8.814233e+01 -3.000000e+00
    endloop
  endfacet
  facet normal -6.905417e-01 -7.232925e-01 6.740232e-05
    outer loop
      vertex   -1.955848e+01 8.820465e+01 3.500000e+00
      vertex   -1.949384e+01 8.814233e+01 -3.000000e+00
      vertex   -1.948075e+01 8.813044e+01 3.500000e+00
    endloop
  endfacet
  facet normal -6.575928e-01 -7.533736e-01 -5.394290e-05
    outer loop
      vertex   -1.948075e+01 8.813044e+01 3.500000e+00
      vertex   -1.949384e+01 8.814233e+01 -3.000000e+00
      vertex   -1.939715e+01 8.805794e+01 -3.000000e+00
    endloop
  endfacet
  facet normal -6.504758e-01 -7.595270e-01 1.062369e-04
    outer loop
      vertex   -1.948075e+01 8.813044e+01 3.500000e+00
      vertex   -1.939715e+01 8.805794e+01 -3.000000e+00
      vertex   -1.937576e+01 8.804052e+01 3.500000e+00
    endloop
  endfacet
  facet normal -6.179557e-01 -7.862129e-01 -7.227962e-05
    outer loop
      vertex   -1.937576e+01 8.804052e+01 3.500000e+00
      vertex   -1.939715e+01 8.805794e+01 -3.000000e+00
      vertex   -1.927166e+01 8.795930e+01 -3.000000e+00
    endloop
  endfacet
  facet normal -5.886308e-01 -8.084017e-01 6.746415e-04
    outer loop
      vertex   -1.937576e+01 8.804052e+01 3.500000e+00
      vertex   -1.927166e+01 8.795930e+01 -3.000000e+00
      vertex   -1.908819e+01 8.783113e+01 3.500000e+00
    endloop
  endfacet
  facet normal -5.766769e-01 -8.169723e-01 1.682483e-04
    outer loop
      vertex   -1.908819e+01 8.783113e+01 3.500000e+00
      vertex   -1.927166e+01 8.795930e+01 -3.000000e+00
      vertex   -1.911552e+01 8.784908e+01 -3.000000e+00
    endloop
  endfacet
  facet normal -5.339827e-01 -8.454954e-01 -8.999813e-05
    outer loop
      vertex   -1.908819e+01 8.783113e+01 3.500000e+00
      vertex   -1.911552e+01 8.784908e+01 -3.000000e+00
      vertex   -1.892689e+01 8.772995e+01 -3.000000e+00
    endloop
  endfacet
  facet normal -4.901722e-01 -8.716245e-01 1.403953e-03
    outer loop
      vertex   -1.892689e+01 8.772995e+01 -3.000000e+00
      vertex   -1.870392e+01 8.760456e+01 -3.000000e+00
      vertex   -1.908819e+01 8.783113e+01 3.500000e+00
    endloop
  endfacet
  facet normal -5.118372e-01 -8.590824e-01 -3.140276e-04
    outer loop
      vertex   -1.908819e+01 8.783113e+01 3.500000e+00
      vertex   -1.870392e+01 8.760456e+01 -3.000000e+00
      vertex   -1.904767e+01 8.780462e+01 1.000000e+01
    endloop
  endfacet
  facet normal -5.725724e-01 -8.198541e-01 2.246233e-04
    outer loop
      vertex   -1.908819e+01 8.783113e+01 3.500000e+00
      vertex   -1.904767e+01 8.780462e+01 1.000000e+01
      vertex   -1.930009e+01 8.798090e+01 1.000000e+01
    endloop
  endfacet
  facet normal -5.029924e-01 -8.642908e-01 -3.515731e-13
    outer loop
      vertex   -1.870392e+01 8.760456e+01 -3.000000e+00
      vertex   -1.870392e+01 8.760456e+01 1.000000e+01
      vertex   -1.904767e+01 8.780462e+01 1.000000e+01
    endloop
  endfacet
  facet normal -5.886308e-01 -8.084018e-01 -5.627351e-04
    outer loop
      vertex   -1.908819e+01 8.783113e+01 3.500000e+00
      vertex   -1.930009e+01 8.798090e+01 1.000000e+01
      vertex   -1.937576e+01 8.804052e+01 3.500000e+00
    endloop
  endfacet
  facet normal -6.385992e-01 -7.695394e-01 3.754609e-04
    outer loop
      vertex   -1.937576e+01 8.804052e+01 3.500000e+00
      vertex   -1.930009e+01 8.798090e+01 1.000000e+01
      vertex   -1.948577e+01 8.813498e+01 1.000000e+01
    endloop
  endfacet
  facet normal -6.504758e-01 -7.595270e-01 2.894987e-05
    outer loop
      vertex   -1.937576e+01 8.804052e+01 3.500000e+00
      vertex   -1.948577e+01 8.813498e+01 1.000000e+01
      vertex   -1.948075e+01 8.813044e+01 3.500000e+00
    endloop
  endfacet
  facet normal -6.905417e-01 -7.232925e-01 -2.726994e-05
    outer loop
      vertex   -1.948075e+01 8.813044e+01 3.500000e+00
      vertex   -1.948577e+01 8.813498e+01 1.000000e+01
      vertex   -1.955848e+01 8.820465e+01 3.500000e+00
    endloop
  endfacet
  facet normal -6.950169e-01 -7.189934e-01 6.887097e-05
    outer loop
      vertex   -1.948577e+01 8.813498e+01 1.000000e+01
      vertex   -1.956949e+01 8.821592e+01 1.000000e+01
      vertex   -1.955848e+01 8.820465e+01 3.500000e+00
    endloop
  endfacet
  facet normal -7.299734e-01 -6.834756e-01 -5.194935e-05
    outer loop
      vertex   -1.955848e+01 8.820465e+01 3.500000e+00
      vertex   -1.956949e+01 8.821592e+01 1.000000e+01
      vertex   -1.960779e+01 8.825732e+01 3.500000e+00
    endloop
  endfacet
  facet normal -7.344379e-01 -6.786759e-01 4.927479e-06
    outer loop
      vertex   -1.956949e+01 8.821592e+01 1.000000e+01
      vertex   -1.960860e+01 8.825823e+01 1.000000e+01
      vertex   -1.960779e+01 8.825732e+01 3.500000e+00
    endloop
  endfacet
  facet normal -7.672629e-01 -6.413327e-01 -4.362780e-06
    outer loop
      vertex   -1.960779e+01 8.825732e+01 3.500000e+00
      vertex   -1.960860e+01 8.825823e+01 1.000000e+01
      vertex   -1.962741e+01 8.828074e+01 1.000000e+01
    endloop
  endfacet
  facet normal 6.552541e-01 -7.554086e-01 -3.920883e-13
    outer loop
      vertex   -1.820309e+01 8.802481e+01 1.000000e+01
      vertex   -1.836773e+01 8.788200e+01 1.000000e+01
      vertex   -1.820309e+01 8.802481e+01 -3.000000e+00
    endloop
  endfacet
  facet normal 6.552541e-01 -7.554086e-01 -3.376839e-13
    outer loop
      vertex   -1.820309e+01 8.802481e+01 -3.000000e+00
      vertex   -1.836773e+01 8.788200e+01 1.000000e+01
      vertex   -1.836773e+01 8.788200e+01 -4.732000e+00
    endloop
  endfacet
  facet normal 6.552541e-01 -7.554086e-01 -3.950212e-12
    outer loop
      vertex   -1.820309e+01 8.802481e+01 -3.000000e+00
      vertex   -1.836773e+01 8.788200e+01 -4.732000e+00
      vertex   -1.820309e+01 8.802481e+01 -4.732000e+00
    endloop
  endfacet
  facet normal 6.427876e-01 -7.660444e-01 -3.443580e-13
    outer loop
      vertex   -1.836773e+01 8.788200e+01 -4.732000e+00
      vertex   -1.836773e+01 8.788200e+01 1.000000e+01
      vertex   -1.853469e+01 8.774190e+01 -4.732000e+00
    endloop
  endfacet
  facet normal 6.427876e-01 -7.660444e-01 -3.457754e-13
    outer loop
      vertex   -1.853469e+01 8.774190e+01 -4.732000e+00
      vertex   -1.836773e+01 8.788200e+01 1.000000e+01
      vertex   -1.853469e+01 8.774190e+01 1.000000e+01
    endloop
  endfacet
  facet normal 6.301485e-01 -7.764746e-01 -3.507310e-13
    outer loop
      vertex   -1.853469e+01 8.774190e+01 -4.732000e+00
      vertex   -1.853469e+01 8.774190e+01 1.000000e+01
      vertex   -1.870392e+01 8.760456e+01 -3.000000e+00
    endloop
  endfacet
  facet normal 6.301485e-01 -7.764746e-01 -3.989446e-13
    outer loop
      vertex   -1.870392e+01 8.760456e+01 -3.000000e+00
      vertex   -1.853469e+01 8.774190e+01 1.000000e+01
      vertex   -1.870392e+01 8.760456e+01 1.000000e+01
    endloop
  endfacet
  facet normal 6.301485e-01 -7.764746e-01 -1.403434e-14
    outer loop
      vertex   -1.870392e+01 8.760456e+01 -3.000000e+00
      vertex   -1.870392e+01 8.760456e+01 -4.732000e+00
      vertex   -1.853469e+01 8.774190e+01 -4.732000e+00
    endloop
  endfacet
  facet normal 9.385040e-01 3.452683e-01 9.056703e-14
    outer loop
      vertex   -1.820309e+01 8.802481e+01 -3.000000e+00
      vertex   -1.834042e+01 8.839808e+01 -3.000000e+00
      vertex   -1.820309e+01 8.802481e+01 1.000000e+01
    endloop
  endfacet
  facet normal 9.349106e-01 3.548832e-01 3.140276e-04
    outer loop
      vertex   -1.820309e+01 8.802481e+01 1.000000e+01
      vertex   -1.834042e+01 8.839808e+01 -3.000000e+00
      vertex   -1.835949e+01 8.844258e+01 3.500000e+00
    endloop
  endfacet
  facet normal 9.435000e-01 3.313694e-01 -1.403953e-03
    outer loop
      vertex   -1.820309e+01 8.802481e+01 1.000000e+01
      vertex   -1.835949e+01 8.844258e+01 3.500000e+00
      vertex   -1.828786e+01 8.826616e+01 1.000000e+01
    endloop
  endfacet
  facet normal 9.253755e-01 3.790516e-01 8.999818e-05
    outer loop
      vertex   -1.828786e+01 8.826616e+01 1.000000e+01
      vertex   -1.835949e+01 8.844258e+01 3.500000e+00
      vertex   -1.837243e+01 8.847261e+01 1.000000e+01
    endloop
  endfacet
  facet normal 9.046995e-01 4.260501e-01 -1.682484e-04
    outer loop
      vertex   -1.837243e+01 8.847261e+01 1.000000e+01
      vertex   -1.835949e+01 8.844258e+01 3.500000e+00
      vertex   -1.845385e+01 8.864552e+01 1.000000e+01
    endloop
  endfacet
  facet normal 8.983350e-01 4.393106e-01 -6.746414e-04
    outer loop
      vertex   -1.845385e+01 8.864552e+01 1.000000e+01
      vertex   -1.835949e+01 8.844258e+01 3.500000e+00
      vertex   -1.851577e+01 8.876214e+01 3.500000e+00
    endloop
  endfacet
  facet normal 8.815754e-01 4.720432e-01 7.227968e-05
    outer loop
      vertex   -1.845385e+01 8.864552e+01 1.000000e+01
      vertex   -1.851577e+01 8.876214e+01 3.500000e+00
      vertex   -1.852920e+01 8.878623e+01 1.000000e+01
    endloop
  endfacet
  facet normal 8.609420e-01 5.087032e-01 -1.062370e-04
    outer loop
      vertex   -1.852920e+01 8.878623e+01 1.000000e+01
      vertex   -1.851577e+01 8.876214e+01 3.500000e+00
      vertex   -1.858609e+01 8.888116e+01 3.500000e+00
    endloop
  endfacet
  facet normal 8.561179e-01 5.167805e-01 5.394296e-05
    outer loop
      vertex   -1.852920e+01 8.878623e+01 1.000000e+01
      vertex   -1.858609e+01 8.888116e+01 3.500000e+00
      vertex   -1.859552e+01 8.889611e+01 1.000000e+01
    endloop
  endfacet
  facet normal 8.322154e-01 5.544524e-01 -6.740238e-05
    outer loop
      vertex   -1.859552e+01 8.889611e+01 1.000000e+01
      vertex   -1.858609e+01 8.888116e+01 3.500000e+00
      vertex   -1.864567e+01 8.897059e+01 3.500000e+00
    endloop
  endfacet
  facet normal 8.283765e-01 5.601717e-01 2.775113e-05
    outer loop
      vertex   -1.859552e+01 8.889611e+01 1.000000e+01
      vertex   -1.864567e+01 8.897059e+01 3.500000e+00
      vertex   -1.864988e+01 8.897649e+01 1.000000e+01
    endloop
  endfacet
  facet normal 7.998506e-01 6.001992e-01 -2.710323e-05
    outer loop
      vertex   -1.864988e+01 8.897649e+01 1.000000e+01
      vertex   -1.864567e+01 8.897059e+01 3.500000e+00
      vertex   -1.868898e+01 8.902830e+01 3.500000e+00
    endloop
  endfacet
  facet normal 7.980492e-01 6.025924e-01 2.805894e-06
    outer loop
      vertex   -1.864988e+01 8.897649e+01 1.000000e+01
      vertex   -1.868898e+01 8.902830e+01 3.500000e+00
      vertex   -1.868934e+01 8.902875e+01 1.000000e+01
    endloop
  endfacet
  facet normal 7.651658e-01 6.438333e-01 -1.862648e-06
    outer loop
      vertex   -1.868934e+01 8.902875e+01 1.000000e+01
      vertex   -1.868898e+01 8.902830e+01 3.500000e+00
      vertex   -1.870864e+01 8.905169e+01 1.000000e+01
    endloop
  endfacet
  facet normal 7.654209e-01 6.435300e-01 2.366783e-13
    outer loop
      vertex   -1.870864e+01 8.905169e+01 1.000000e+01
      vertex   -1.868898e+01 8.902830e+01 3.500000e+00
      vertex   -1.870864e+01 8.905169e+01 -3.000000e+00
    endloop
  endfacet
  facet normal 7.648232e-01 6.442402e-01 4.362786e-06
    outer loop
      vertex   -1.870864e+01 8.905169e+01 -3.000000e+00
      vertex   -1.868898e+01 8.902830e+01 3.500000e+00
      vertex   -1.868974e+01 8.902925e+01 -3.000000e+00
    endloop
  endfacet
  facet normal 7.958991e-01 6.054293e-01 -4.927487e-06
    outer loop
      vertex   -1.868974e+01 8.902925e+01 -3.000000e+00
      vertex   -1.868898e+01 8.902830e+01 3.500000e+00
      vertex   -1.865486e+01 8.898339e+01 -3.000000e+00
    endloop
  endfacet
  facet normal 7.998506e-01 6.001991e-01 5.194935e-05
    outer loop
      vertex   -1.865486e+01 8.898339e+01 -3.000000e+00
      vertex   -1.868898e+01 8.902830e+01 3.500000e+00
      vertex   -1.864567e+01 8.897059e+01 3.500000e+00
    endloop
  endfacet
  facet normal 8.287587e-01 5.596062e-01 -6.887097e-05
    outer loop
      vertex   -1.865486e+01 8.898339e+01 -3.000000e+00
      vertex   -1.864567e+01 8.897059e+01 3.500000e+00
      vertex   -1.858969e+01 8.888688e+01 -3.000000e+00
    endloop
  endfacet
  facet normal 8.322154e-01 5.544524e-01 2.726993e-05
    outer loop
      vertex   -1.858969e+01 8.888688e+01 -3.000000e+00
      vertex   -1.864567e+01 8.897059e+01 3.500000e+00
      vertex   -1.858609e+01 8.888116e+01 3.500000e+00
    endloop
  endfacet
  facet normal 8.609420e-01 5.087032e-01 -2.894987e-05
    outer loop
      vertex   -1.858969e+01 8.888688e+01 -3.000000e+00
      vertex   -1.858609e+01 8.888116e+01 3.500000e+00
      vertex   -1.851577e+01 8.876214e+01 3.500000e+00
    endloop
  endfacet
  facet normal 9.068249e-01 4.215076e-01 -2.246233e-04
    outer loop
      vertex   -1.834042e+01 8.839808e+01 -3.000000e+00
      vertex   -1.847019e+01 8.867727e+01 -3.000000e+00
      vertex   -1.835949e+01 8.844258e+01 3.500000e+00
    endloop
  endfacet
  facet normal 8.983350e-01 4.393107e-01 5.627351e-04
    outer loop
      vertex   -1.835949e+01 8.844258e+01 3.500000e+00
      vertex   -1.847019e+01 8.867727e+01 -3.000000e+00
      vertex   -1.851577e+01 8.876214e+01 3.500000e+00
    endloop
  endfacet
  facet normal 8.687400e-01 4.952684e-01 -3.754609e-04
    outer loop
      vertex   -1.847019e+01 8.867727e+01 -3.000000e+00
      vertex   -1.858969e+01 8.888688e+01 -3.000000e+00
      vertex   -1.851577e+01 8.876214e+01 3.500000e+00
    endloop
  endfacet
  facet normal 7.375243e-01 6.753206e-01 5.540926e-15
    outer loop
      vertex   -1.870864e+01 8.905169e+01 -4.732000e+00
      vertex   -1.870896e+01 8.905204e+01 -4.732000e+00
      vertex   -1.870864e+01 8.905169e+01 -3.000000e+00
    endloop
  endfacet
  facet normal 7.375243e-01 6.753206e-01 0.000000e+00
    outer loop
      vertex   -1.870864e+01 8.905169e+01 -3.000000e+00
      vertex   -1.870896e+01 8.905204e+01 -4.732000e+00
      vertex   -1.870896e+01 8.905204e+01 1.000000e+01
    endloop
  endfacet
  facet normal 7.375243e-01 6.753206e-01 2.534162e-13
    outer loop
      vertex   -1.870864e+01 8.905169e+01 -3.000000e+00
      vertex   -1.870896e+01 8.905204e+01 1.000000e+01
      vertex   -1.870864e+01 8.905169e+01 1.000000e+01
    endloop
  endfacet
  facet normal 7.335200e-01 6.796679e-01 0.000000e+00
    outer loop
      vertex   -1.903089e+01 8.939948e+01 1.000000e+01
      vertex   -1.870896e+01 8.905204e+01 1.000000e+01
      vertex   -1.903089e+01 8.939948e+01 -4.732000e+00
    endloop
  endfacet
  facet normal 7.335200e-01 6.796679e-01 0.000000e+00
    outer loop
      vertex   -1.903089e+01 8.939948e+01 -4.732000e+00
      vertex   -1.870896e+01 8.905204e+01 1.000000e+01
      vertex   -1.870896e+01 8.905204e+01 -4.732000e+00
    endloop
  endfacet
  facet normal 7.248319e-01 -6.889257e-01 0.000000e+00
    outer loop
      vertex   -1.839948e+01 9.003089e+01 -4.732000e+00
      vertex   -1.839948e+01 9.003089e+01 1.000000e+01
      vertex   -1.860458e+01 8.981510e+01 -4.732000e+00
    endloop
  endfacet
  facet normal 7.248319e-01 -6.889257e-01 -3.239762e-13
    outer loop
      vertex   -1.860458e+01 8.981510e+01 -4.732000e+00
      vertex   -1.839948e+01 9.003089e+01 1.000000e+01
      vertex   -1.860458e+01 8.981510e+01 1.000000e+01
    endloop
  endfacet
  facet normal 7.071068e-01 -7.071068e-01 -3.239941e-13
    outer loop
      vertex   -1.860458e+01 8.981510e+01 -4.732000e+00
      vertex   -1.860458e+01 8.981510e+01 1.000000e+01
      vertex   -1.881510e+01 8.960458e+01 -4.732000e+00
    endloop
  endfacet
  facet normal 7.071068e-01 -7.071068e-01 -3.352486e-13
    outer loop
      vertex   -1.881510e+01 8.960458e+01 -4.732000e+00
      vertex   -1.860458e+01 8.981510e+01 1.000000e+01
      vertex   -1.881510e+01 8.960458e+01 1.000000e+01
    endloop
  endfacet
  facet normal 6.889257e-01 -7.248319e-01 -3.352531e-13
    outer loop
      vertex   -1.881510e+01 8.960458e+01 -4.732000e+00
      vertex   -1.881510e+01 8.960458e+01 1.000000e+01
      vertex   -1.903089e+01 8.939948e+01 -4.732000e+00
    endloop
  endfacet
  facet normal 6.889257e-01 -7.248319e-01 0.000000e+00
    outer loop
      vertex   -1.903089e+01 8.939948e+01 -4.732000e+00
      vertex   -1.881510e+01 8.960458e+01 1.000000e+01
      vertex   -1.903089e+01 8.939948e+01 1.000000e+01
    endloop
  endfacet
  facet normal -6.796679e-01 -7.335200e-01 -0.000000e+00
    outer loop
      vertex   -1.805204e+01 8.970896e+01 1.000000e+01
      vertex   -1.839948e+01 9.003089e+01 1.000000e+01
      vertex   -1.805204e+01 8.970896e+01 -4.732000e+00
    endloop
  endfacet
  facet normal -6.796679e-01 -7.335200e-01 0.000000e+00
    outer loop
      vertex   -1.805204e+01 8.970896e+01 -4.732000e+00
      vertex   -1.839948e+01 9.003089e+01 1.000000e+01
      vertex   -1.839948e+01 9.003089e+01 -4.732000e+00
    endloop
  endfacet
  facet normal -6.753206e-01 -7.375243e-01 -2.931823e-13
    outer loop
      vertex   -1.805169e+01 8.970864e+01 1.000000e+01
      vertex   -1.805204e+01 8.970896e+01 1.000000e+01
      vertex   -1.805169e+01 8.970864e+01 -3.000000e+00
    endloop
  endfacet
  facet normal -6.753206e-01 -7.375243e-01 0.000000e+00
    outer loop
      vertex   -1.805169e+01 8.970864e+01 -3.000000e+00
      vertex   -1.805204e+01 8.970896e+01 1.000000e+01
      vertex   -1.805204e+01 8.970896e+01 -4.732000e+00
    endloop
  endfacet
  facet normal -6.753206e-01 -7.375243e-01 -2.985334e-12
    outer loop
      vertex   -1.805169e+01 8.970864e+01 -3.000000e+00
      vertex   -1.805204e+01 8.970896e+01 -4.732000e+00
      vertex   -1.805169e+01 8.970864e+01 -4.732000e+00
    endloop
  endfacet
  facet normal -6.435300e-01 -7.654209e-01 -3.084711e-13
    outer loop
      vertex   -1.805169e+01 8.970864e+01 1.000000e+01
      vertex   -1.805169e+01 8.970864e+01 -3.000000e+00
      vertex   -1.802830e+01 8.968898e+01 3.500000e+00
    endloop
  endfacet
  facet normal -6.438333e-01 -7.651658e-01 1.862701e-06
    outer loop
      vertex   -1.802830e+01 8.968898e+01 3.500000e+00
      vertex   -1.805169e+01 8.970864e+01 -3.000000e+00
      vertex   -1.802875e+01 8.968934e+01 -3.000000e+00
    endloop
  endfacet
  facet normal -6.025924e-01 -7.980491e-01 -2.805959e-06
    outer loop
      vertex   -1.802830e+01 8.968898e+01 3.500000e+00
      vertex   -1.802875e+01 8.968934e+01 -3.000000e+00
      vertex   -1.797649e+01 8.964988e+01 -3.000000e+00
    endloop
  endfacet
  facet normal -6.001992e-01 -7.998506e-01 2.710334e-05
    outer loop
      vertex   -1.802830e+01 8.968898e+01 3.500000e+00
      vertex   -1.797649e+01 8.964988e+01 -3.000000e+00
      vertex   -1.797059e+01 8.964567e+01 3.500000e+00
    endloop
  endfacet
  facet normal -5.601717e-01 -8.283765e-01 -2.775122e-05
    outer loop
      vertex   -1.797059e+01 8.964567e+01 3.500000e+00
      vertex   -1.797649e+01 8.964988e+01 -3.000000e+00
      vertex   -1.789611e+01 8.959552e+01 -3.000000e+00
    endloop
  endfacet
  facet normal -5.544524e-01 -8.322154e-01 6.740251e-05
    outer loop
      vertex   -1.797059e+01 8.964567e+01 3.500000e+00
      vertex   -1.789611e+01 8.959552e+01 -3.000000e+00
      vertex   -1.788116e+01 8.958609e+01 3.500000e+00
    endloop
  endfacet
  facet normal -5.167806e-01 -8.561179e-01 -5.394305e-05
    outer loop
      vertex   -1.788116e+01 8.958609e+01 3.500000e+00
      vertex   -1.789611e+01 8.959552e+01 -3.000000e+00
      vertex   -1.778623e+01 8.952920e+01 -3.000000e+00
    endloop
  endfacet
  facet normal -5.087032e-01 -8.609420e-01 1.062371e-04
    outer loop
      vertex   -1.788116e+01 8.958609e+01 3.500000e+00
      vertex   -1.778623e+01 8.952920e+01 -3.000000e+00
      vertex   -1.776214e+01 8.951577e+01 3.500000e+00
    endloop
  endfacet
  facet normal -4.720432e-01 -8.815754e-01 -7.227975e-05
    outer loop
      vertex   -1.776214e+01 8.951577e+01 3.500000e+00
      vertex   -1.778623e+01 8.952920e+01 -3.000000e+00
      vertex   -1.764552e+01 8.945385e+01 -3.000000e+00
    endloop
  endfacet
  facet normal -4.393106e-01 -8.983350e-01 6.746414e-04
    outer loop
      vertex   -1.776214e+01 8.951577e+01 3.500000e+00
      vertex   -1.764552e+01 8.945385e+01 -3.000000e+00
      vertex   -1.744258e+01 8.935949e+01 3.500000e+00
    endloop
  endfacet
  facet normal -4.260501e-01 -9.046995e-01 1.682486e-04
    outer loop
      vertex   -1.744258e+01 8.935949e+01 3.500000e+00
      vertex   -1.764552e+01 8.945385e+01 -3.000000e+00
      vertex   -1.747261e+01 8.937243e+01 -3.000000e+00
    endloop
  endfacet
  facet normal -3.790516e-01 -9.253755e-01 -8.999826e-05
    outer loop
      vertex   -1.744258e+01 8.935949e+01 3.500000e+00
      vertex   -1.747261e+01 8.937243e+01 -3.000000e+00
      vertex   -1.726616e+01 8.928786e+01 -3.000000e+00
    endloop
  endfacet
  facet normal -3.313694e-01 -9.435000e-01 1.403953e-03
    outer loop
      vertex   -1.726616e+01 8.928786e+01 -3.000000e+00
      vertex   -1.702481e+01 8.920309e+01 -3.000000e+00
      vertex   -1.744258e+01 8.935949e+01 3.500000e+00
    endloop
  endfacet
  facet normal -3.548832e-01 -9.349106e-01 -3.140277e-04
    outer loop
      vertex   -1.744258e+01 8.935949e+01 3.500000e+00
      vertex   -1.702481e+01 8.920309e+01 -3.000000e+00
      vertex   -1.739808e+01 8.934042e+01 1.000000e+01
    endloop
  endfacet
  facet normal -4.215076e-01 -9.068249e-01 2.246234e-04
    outer loop
      vertex   -1.744258e+01 8.935949e+01 3.500000e+00
      vertex   -1.739808e+01 8.934042e+01 1.000000e+01
      vertex   -1.767727e+01 8.947019e+01 1.000000e+01
    endloop
  endfacet
  facet normal -3.452683e-01 -9.385040e-01 -4.083226e-13
    outer loop
      vertex   -1.702481e+01 8.920309e+01 -3.000000e+00
      vertex   -1.702481e+01 8.920309e+01 1.000000e+01
      vertex   -1.739808e+01 8.934042e+01 1.000000e+01
    endloop
  endfacet
  facet normal -4.393107e-01 -8.983350e-01 -5.627352e-04
    outer loop
      vertex   -1.744258e+01 8.935949e+01 3.500000e+00
      vertex   -1.767727e+01 8.947019e+01 1.000000e+01
      vertex   -1.776214e+01 8.951577e+01 3.500000e+00
    endloop
  endfacet
  facet normal -4.952684e-01 -8.687400e-01 3.754609e-04
    outer loop
      vertex   -1.776214e+01 8.951577e+01 3.500000e+00
      vertex   -1.767727e+01 8.947019e+01 1.000000e+01
      vertex   -1.788688e+01 8.958969e+01 1.000000e+01
    endloop
  endfacet
  facet normal -5.087032e-01 -8.609420e-01 2.894982e-05
    outer loop
      vertex   -1.776214e+01 8.951577e+01 3.500000e+00
      vertex   -1.788688e+01 8.958969e+01 1.000000e+01
      vertex   -1.788116e+01 8.958609e+01 3.500000e+00
    endloop
  endfacet
  facet normal -5.544524e-01 -8.322154e-01 -2.726989e-05
    outer loop
      vertex   -1.788116e+01 8.958609e+01 3.500000e+00
      vertex   -1.788688e+01 8.958969e+01 1.000000e+01
      vertex   -1.797059e+01 8.964567e+01 3.500000e+00
    endloop
  endfacet
  facet normal -5.596062e-01 -8.287587e-01 6.887095e-05
    outer loop
      vertex   -1.788688e+01 8.958969e+01 1.000000e+01
      vertex   -1.798339e+01 8.965486e+01 1.000000e+01
      vertex   -1.797059e+01 8.964567e+01 3.500000e+00
    endloop
  endfacet
  facet normal -6.001991e-01 -7.998506e-01 -5.194934e-05
    outer loop
      vertex   -1.797059e+01 8.964567e+01 3.500000e+00
      vertex   -1.798339e+01 8.965486e+01 1.000000e+01
      vertex   -1.802830e+01 8.968898e+01 3.500000e+00
    endloop
  endfacet
  facet normal -6.054293e-01 -7.958991e-01 4.927464e-06
    outer loop
      vertex   -1.798339e+01 8.965486e+01 1.000000e+01
      vertex   -1.802925e+01 8.968974e+01 1.000000e+01
      vertex   -1.802830e+01 8.968898e+01 3.500000e+00
    endloop
  endfacet
  facet normal -6.442402e-01 -7.648232e-01 -4.362767e-06
    outer loop
      vertex   -1.802830e+01 8.968898e+01 3.500000e+00
      vertex   -1.802925e+01 8.968974e+01 1.000000e+01
      vertex   -1.805169e+01 8.970864e+01 1.000000e+01
    endloop
  endfacet
  facet normal 7.764746e-01 -6.301485e-01 -3.446913e-13
    outer loop
      vertex   -1.660456e+01 8.970392e+01 1.000000e+01
      vertex   -1.674190e+01 8.953469e+01 1.000000e+01
      vertex   -1.660456e+01 8.970392e+01 -3.000000e+00
    endloop
  endfacet
  facet normal 7.764746e-01 -6.301485e-01 -2.916686e-13
    outer loop
      vertex   -1.660456e+01 8.970392e+01 -3.000000e+00
      vertex   -1.674190e+01 8.953469e+01 1.000000e+01
      vertex   -1.674190e+01 8.953469e+01 -4.732000e+00
    endloop
  endfacet
  facet normal 7.764746e-01 -6.301485e-01 -3.452744e-12
    outer loop
      vertex   -1.660456e+01 8.970392e+01 -3.000000e+00
      vertex   -1.674190e+01 8.953469e+01 -4.732000e+00
      vertex   -1.660456e+01 8.970392e+01 -4.732000e+00
    endloop
  endfacet
  facet normal 7.660444e-01 -6.427876e-01 -3.004539e-13
    outer loop
      vertex   -1.674190e+01 8.953469e+01 -4.732000e+00
      vertex   -1.674190e+01 8.953469e+01 1.000000e+01
      vertex   -1.688200e+01 8.936773e+01 -4.732000e+00
    endloop
  endfacet
  facet normal 7.660444e-01 -6.427876e-01 -3.014314e-13
    outer loop
      vertex   -1.688200e+01 8.936773e+01 -4.732000e+00
      vertex   -1.674190e+01 8.953469e+01 1.000000e+01
      vertex   -1.688200e+01 8.936773e+01 1.000000e+01
    endloop
  endfacet
  facet normal 7.554086e-01 -6.552541e-01 -3.079967e-13
    outer loop
      vertex   -1.688200e+01 8.936773e+01 -4.732000e+00
      vertex   -1.688200e+01 8.936773e+01 1.000000e+01
      vertex   -1.702481e+01 8.920309e+01 -3.000000e+00
    endloop
  endfacet
  facet normal 7.554086e-01 -6.552541e-01 -3.531671e-13
    outer loop
      vertex   -1.702481e+01 8.920309e+01 -3.000000e+00
      vertex   -1.688200e+01 8.936773e+01 1.000000e+01
      vertex   -1.702481e+01 8.920309e+01 1.000000e+01
    endloop
  endfacet
  facet normal 7.554086e-01 -6.552541e-01 -5.376282e-15
    outer loop
      vertex   -1.702481e+01 8.920309e+01 -3.000000e+00
      vertex   -1.702481e+01 8.920309e+01 -4.732000e+00
      vertex   -1.688200e+01 8.936773e+01 -4.732000e+00
    endloop
  endfacet
  facet normal 8.642908e-01 5.029924e-01 1.798260e-13
    outer loop
      vertex   -1.660456e+01 8.970392e+01 -3.000000e+00
      vertex   -1.680462e+01 9.004767e+01 -3.000000e+00
      vertex   -1.660456e+01 8.970392e+01 1.000000e+01
    endloop
  endfacet
  facet normal 8.590824e-01 5.118372e-01 3.140276e-04
    outer loop
      vertex   -1.660456e+01 8.970392e+01 1.000000e+01
      vertex   -1.680462e+01 9.004767e+01 -3.000000e+00
      vertex   -1.683113e+01 9.008819e+01 3.500000e+00
    endloop
  endfacet
  facet normal 8.716245e-01 4.901722e-01 -1.403953e-03
    outer loop
      vertex   -1.660456e+01 8.970392e+01 1.000000e+01
      vertex   -1.683113e+01 9.008819e+01 3.500000e+00
      vertex   -1.672995e+01 8.992689e+01 1.000000e+01
    endloop
  endfacet
  facet normal 8.454954e-01 5.339827e-01 8.999813e-05
    outer loop
      vertex   -1.672995e+01 8.992689e+01 1.000000e+01
      vertex   -1.683113e+01 9.008819e+01 3.500000e+00
      vertex   -1.684908e+01 9.011552e+01 1.000000e+01
    endloop
  endfacet
  facet normal 8.169723e-01 5.766769e-01 -1.682483e-04
    outer loop
      vertex   -1.684908e+01 9.011552e+01 1.000000e+01
      vertex   -1.683113e+01 9.008819e+01 3.500000e+00
      vertex   -1.695930e+01 9.027166e+01 1.000000e+01
    endloop
  endfacet
  facet normal 8.084017e-01 5.886308e-01 -6.746415e-04
    outer loop
      vertex   -1.695930e+01 9.027166e+01 1.000000e+01
      vertex   -1.683113e+01 9.008819e+01 3.500000e+00
      vertex   -1.704052e+01 9.037576e+01 3.500000e+00
    endloop
  endfacet
  facet normal 7.862129e-01 6.179557e-01 7.227960e-05
    outer loop
      vertex   -1.695930e+01 9.027166e+01 1.000000e+01
      vertex   -1.704052e+01 9.037576e+01 3.500000e+00
      vertex   -1.705794e+01 9.039715e+01 1.000000e+01
    endloop
  endfacet
  facet normal 7.595270e-01 6.504758e-01 -1.062370e-04
    outer loop
      vertex   -1.705794e+01 9.039715e+01 1.000000e+01
      vertex   -1.704052e+01 9.037576e+01 3.500000e+00
      vertex   -1.713044e+01 9.048075e+01 3.500000e+00
    endloop
  endfacet
  facet normal 7.533736e-01 6.575928e-01 5.394289e-05
    outer loop
      vertex   -1.705794e+01 9.039715e+01 1.000000e+01
      vertex   -1.713044e+01 9.048075e+01 3.500000e+00
      vertex   -1.714233e+01 9.049384e+01 1.000000e+01
    endloop
  endfacet
  facet normal 7.232925e-01 6.905417e-01 -6.740236e-05
    outer loop
      vertex   -1.714233e+01 9.049384e+01 1.000000e+01
      vertex   -1.713044e+01 9.048075e+01 3.500000e+00
      vertex   -1.720465e+01 9.055848e+01 3.500000e+00
    endloop
  endfacet
  facet normal 7.185188e-01 6.955075e-01 2.775107e-05
    outer loop
      vertex   -1.714233e+01 9.049384e+01 1.000000e+01
      vertex   -1.720465e+01 9.055848e+01 3.500000e+00
      vertex   -1.720982e+01 9.056356e+01 1.000000e+01
    endloop
  endfacet
  facet normal 6.834756e-01 7.299734e-01 -2.710321e-05
    outer loop
      vertex   -1.720982e+01 9.056356e+01 1.000000e+01
      vertex   -1.720465e+01 9.055848e+01 3.500000e+00
      vertex   -1.725732e+01 9.060779e+01 3.500000e+00
    endloop
  endfacet
  facet normal 6.812859e-01 7.320174e-01 2.805867e-06
    outer loop
      vertex   -1.720982e+01 9.056356e+01 1.000000e+01
      vertex   -1.725732e+01 9.060779e+01 3.500000e+00
      vertex   -1.725775e+01 9.060817e+01 1.000000e+01
    endloop
  endfacet
  facet normal 6.417408e-01 7.669216e-01 -1.862631e-06
    outer loop
      vertex   -1.725775e+01 9.060817e+01 1.000000e+01
      vertex   -1.725732e+01 9.060779e+01 3.500000e+00
      vertex   -1.728074e+01 9.062741e+01 1.000000e+01
    endloop
  endfacet
  facet normal 6.420446e-01 7.666673e-01 3.141296e-13
    outer loop
      vertex   -1.728074e+01 9.062741e+01 1.000000e+01
      vertex   -1.725732e+01 9.060779e+01 3.500000e+00
      vertex   -1.728074e+01 9.062741e+01 -3.000000e+00
    endloop
  endfacet
  facet normal 6.413327e-01 7.672629e-01 4.362780e-06
    outer loop
      vertex   -1.728074e+01 9.062741e+01 -3.000000e+00
      vertex   -1.725732e+01 9.060779e+01 3.500000e+00
      vertex   -1.725823e+01 9.060860e+01 -3.000000e+00
    endloop
  endfacet
  facet normal 6.786759e-01 7.344379e-01 -4.927481e-06
    outer loop
      vertex   -1.725823e+01 9.060860e+01 -3.000000e+00
      vertex   -1.725732e+01 9.060779e+01 3.500000e+00
      vertex   -1.721592e+01 9.056949e+01 -3.000000e+00
    endloop
  endfacet
  facet normal 6.834756e-01 7.299734e-01 5.194935e-05
    outer loop
      vertex   -1.721592e+01 9.056949e+01 -3.000000e+00
      vertex   -1.725732e+01 9.060779e+01 3.500000e+00
      vertex   -1.720465e+01 9.055848e+01 3.500000e+00
    endloop
  endfacet
  facet normal 7.189934e-01 6.950169e-01 -6.887096e-05
    outer loop
      vertex   -1.721592e+01 9.056949e+01 -3.000000e+00
      vertex   -1.720465e+01 9.055848e+01 3.500000e+00
      vertex   -1.713498e+01 9.048577e+01 -3.000000e+00
    endloop
  endfacet
  facet normal 7.232925e-01 6.905417e-01 2.726992e-05
    outer loop
      vertex   -1.713498e+01 9.048577e+01 -3.000000e+00
      vertex   -1.720465e+01 9.055848e+01 3.500000e+00
      vertex   -1.713044e+01 9.048075e+01 3.500000e+00
    endloop
  endfacet
  facet normal 7.595270e-01 6.504758e-01 -2.894985e-05
    outer loop
      vertex   -1.713498e+01 9.048577e+01 -3.000000e+00
      vertex   -1.713044e+01 9.048075e+01 3.500000e+00
      vertex   -1.704052e+01 9.037576e+01 3.500000e+00
    endloop
  endfacet
  facet normal 8.198541e-01 5.725724e-01 -2.246233e-04
    outer loop
      vertex   -1.680462e+01 9.004767e+01 -3.000000e+00
      vertex   -1.698090e+01 9.030009e+01 -3.000000e+00
      vertex   -1.683113e+01 9.008819e+01 3.500000e+00
    endloop
  endfacet
  facet normal 8.084018e-01 5.886308e-01 5.627351e-04
    outer loop
      vertex   -1.683113e+01 9.008819e+01 3.500000e+00
      vertex   -1.698090e+01 9.030009e+01 -3.000000e+00
      vertex   -1.704052e+01 9.037576e+01 3.500000e+00
    endloop
  endfacet
  facet normal 7.695394e-01 6.385992e-01 -3.754609e-04
    outer loop
      vertex   -1.698090e+01 9.030009e+01 -3.000000e+00
      vertex   -1.713498e+01 9.048577e+01 -3.000000e+00
      vertex   -1.704052e+01 9.037576e+01 3.500000e+00
    endloop
  endfacet
  facet normal 6.090514e-01 7.931307e-01 -0.000000e+00
    outer loop
      vertex   -1.728074e+01 9.062741e+01 -4.732000e+00
      vertex   -1.728112e+01 9.062770e+01 -4.732000e+00
      vertex   -1.728074e+01 9.062741e+01 -3.000000e+00
    endloop
  endfacet
  facet normal 6.090514e-01 7.931307e-01 0.000000e+00
    outer loop
      vertex   -1.728074e+01 9.062741e+01 -3.000000e+00
      vertex   -1.728112e+01 9.062770e+01 -4.732000e+00
      vertex   -1.728112e+01 9.062770e+01 1.000000e+01
    endloop
  endfacet
  facet normal 6.090514e-01 7.931307e-01 3.288011e-13
    outer loop
      vertex   -1.728074e+01 9.062741e+01 -3.000000e+00
      vertex   -1.728112e+01 9.062770e+01 1.000000e+01
      vertex   -1.728074e+01 9.062741e+01 1.000000e+01
    endloop
  endfacet
  facet normal 6.043531e-01 7.967166e-01 0.000000e+00
    outer loop
      vertex   -1.765850e+01 9.091396e+01 1.000000e+01
      vertex   -1.728112e+01 9.062770e+01 1.000000e+01
      vertex   -1.765850e+01 9.091396e+01 -4.732000e+00
    endloop
  endfacet
  facet normal 6.043531e-01 7.967166e-01 0.000000e+00
    outer loop
      vertex   -1.765850e+01 9.091396e+01 -4.732000e+00
      vertex   -1.728112e+01 9.062770e+01 1.000000e+01
      vertex   -1.728112e+01 9.062770e+01 -4.732000e+00
    endloop
  endfacet
  facet normal 8.334508e-01 -5.525936e-01 0.000000e+00
    outer loop
      vertex   -1.714632e+01 9.164543e+01 -4.732000e+00
      vertex   -1.714632e+01 9.164543e+01 1.000000e+01
      vertex   -1.731083e+01 9.139730e+01 -4.732000e+00
    endloop
  endfacet
  facet normal 8.334508e-01 -5.525936e-01 -2.705407e-13
    outer loop
      vertex   -1.731083e+01 9.139730e+01 -4.732000e+00
      vertex   -1.714632e+01 9.164543e+01 1.000000e+01
      vertex   -1.731083e+01 9.139730e+01 1.000000e+01
    endloop
  endfacet
  facet normal 8.191520e-01 -5.735764e-01 -2.705421e-13
    outer loop
      vertex   -1.731083e+01 9.139730e+01 -4.732000e+00
      vertex   -1.731083e+01 9.139730e+01 1.000000e+01
      vertex   -1.748160e+01 9.115342e+01 -4.732000e+00
    endloop
  endfacet
  facet normal 8.191520e-01 -5.735764e-01 -2.868620e-13
    outer loop
      vertex   -1.748160e+01 9.115342e+01 -4.732000e+00
      vertex   -1.731083e+01 9.139730e+01 1.000000e+01
      vertex   -1.748160e+01 9.115342e+01 1.000000e+01
    endloop
  endfacet
  facet normal 8.043251e-01 -5.941894e-01 -2.869020e-13
    outer loop
      vertex   -1.748160e+01 9.115342e+01 -4.732000e+00
      vertex   -1.748160e+01 9.115342e+01 1.000000e+01
      vertex   -1.765850e+01 9.091396e+01 -4.732000e+00
    endloop
  endfacet
  facet normal 8.043251e-01 -5.941894e-01 0.000000e+00
    outer loop
      vertex   -1.765850e+01 9.091396e+01 -4.732000e+00
      vertex   -1.748160e+01 9.115342e+01 1.000000e+01
      vertex   -1.765850e+01 9.091396e+01 1.000000e+01
    endloop
  endfacet
  facet normal -5.419678e-01 -8.403993e-01 1.306989e-16
    outer loop
      vertex   -1.674826e+01 9.138872e+01 1.000000e+01
      vertex   -1.714632e+01 9.164543e+01 1.000000e+01
      vertex   -1.674826e+01 9.138872e+01 -4.732000e+00
    endloop
  endfacet
  facet normal -5.419678e-01 -8.403993e-01 0.000000e+00
    outer loop
      vertex   -1.674826e+01 9.138872e+01 -4.732000e+00
      vertex   -1.714632e+01 9.164543e+01 1.000000e+01
      vertex   -1.714632e+01 9.164543e+01 -4.732000e+00
    endloop
  endfacet
  facet normal -5.369912e-01 -8.435878e-01 -3.627132e-13
    outer loop
      vertex   -1.674785e+01 9.138846e+01 1.000000e+01
      vertex   -1.674826e+01 9.138872e+01 1.000000e+01
      vertex   -1.674785e+01 9.138846e+01 -3.000000e+00
    endloop
  endfacet
  facet normal -5.369912e-01 -8.435878e-01 1.294985e-16
    outer loop
      vertex   -1.674785e+01 9.138846e+01 -3.000000e+00
      vertex   -1.674826e+01 9.138872e+01 1.000000e+01
      vertex   -1.674826e+01 9.138872e+01 -4.732000e+00
    endloop
  endfacet
  facet normal -5.369912e-01 -8.435878e-01 -3.684671e-12
    outer loop
      vertex   -1.674785e+01 9.138846e+01 -3.000000e+00
      vertex   -1.674826e+01 9.138872e+01 -4.732000e+00
      vertex   -1.674785e+01 9.138846e+01 -4.732000e+00
    endloop
  endfacet
  facet normal -5.008394e-01 -8.655402e-01 -3.754807e-13
    outer loop
      vertex   -1.674785e+01 9.138846e+01 1.000000e+01
      vertex   -1.674785e+01 9.138846e+01 -3.000000e+00
      vertex   -1.672141e+01 9.137316e+01 3.500000e+00
    endloop
  endfacet
  facet normal -5.011824e-01 -8.653417e-01 1.862707e-06
    outer loop
      vertex   -1.672141e+01 9.137316e+01 3.500000e+00
      vertex   -1.674785e+01 9.138846e+01 -3.000000e+00
      vertex   -1.672191e+01 9.137344e+01 -3.000000e+00
    endloop
  endfacet
  facet normal -4.548579e-01 -8.905640e-01 -2.805975e-06
    outer loop
      vertex   -1.672141e+01 9.137316e+01 3.500000e+00
      vertex   -1.672191e+01 9.137344e+01 -3.000000e+00
      vertex   -1.666360e+01 9.134366e+01 -3.000000e+00
    endloop
  endfacet
  facet normal -4.521882e-01 -8.919226e-01 2.710334e-05
    outer loop
      vertex   -1.672141e+01 9.137316e+01 3.500000e+00
      vertex   -1.666360e+01 9.134366e+01 -3.000000e+00
      vertex   -1.665705e+01 9.134053e+01 3.500000e+00
    endloop
  endfacet
  facet normal -4.078154e-01 -9.130644e-01 -2.775127e-05
    outer loop
      vertex   -1.665705e+01 9.134053e+01 3.500000e+00
      vertex   -1.666360e+01 9.134366e+01 -3.000000e+00
      vertex   -1.657499e+01 9.130408e+01 -3.000000e+00
    endloop
  endfacet
  facet normal -4.015164e-01 -9.158518e-01 6.740251e-05
    outer loop
      vertex   -1.665705e+01 9.134053e+01 3.500000e+00
      vertex   -1.657499e+01 9.130408e+01 -3.000000e+00
      vertex   -1.655863e+01 9.129738e+01 3.500000e+00
    endloop
  endfacet
  facet normal -3.602662e-01 -9.328495e-01 -5.394311e-05
    outer loop
      vertex   -1.655863e+01 9.129738e+01 3.500000e+00
      vertex   -1.657499e+01 9.130408e+01 -3.000000e+00
      vertex   -1.645527e+01 9.125784e+01 -3.000000e+00
    endloop
  endfacet
  facet normal -3.514738e-01 -9.361977e-01 1.062371e-04
    outer loop
      vertex   -1.655863e+01 9.129738e+01 3.500000e+00
      vertex   -1.645527e+01 9.125784e+01 -3.000000e+00
      vertex   -1.642921e+01 9.124880e+01 3.500000e+00
    endloop
  endfacet
  facet normal -3.117878e-01 -9.501518e-01 -7.227982e-05
    outer loop
      vertex   -1.642921e+01 9.124880e+01 3.500000e+00
      vertex   -1.645527e+01 9.125784e+01 -3.000000e+00
      vertex   -1.630361e+01 9.120808e+01 -3.000000e+00
    endloop
  endfacet
  facet normal -2.766423e-01 -9.609727e-01 6.746413e-04
    outer loop
      vertex   -1.642921e+01 9.124880e+01 3.500000e+00
      vertex   -1.630361e+01 9.120808e+01 -3.000000e+00
      vertex   -1.608738e+01 9.115039e+01 3.500000e+00
    endloop
  endfacet
  facet normal -2.624781e-01 -9.649379e-01 1.682486e-04
    outer loop
      vertex   -1.608738e+01 9.115039e+01 3.500000e+00
      vertex   -1.630361e+01 9.120808e+01 -3.000000e+00
      vertex   -1.611919e+01 9.115791e+01 -3.000000e+00
    endloop
  endfacet
  facet normal -2.126032e-01 -9.771386e-01 -8.999831e-05
    outer loop
      vertex   -1.608738e+01 9.115039e+01 3.500000e+00
      vertex   -1.611919e+01 9.115791e+01 -3.000000e+00
      vertex   -1.590119e+01 9.111048e+01 -3.000000e+00
    endloop
  endfacet
  facet normal -1.624981e-01 -9.867079e-01 1.403953e-03
    outer loop
      vertex   -1.590119e+01 9.111048e+01 -3.000000e+00
      vertex   -1.564879e+01 9.106891e+01 -3.000000e+00
      vertex   -1.608738e+01 9.115039e+01 3.500000e+00
    endloop
  endfacet
  facet normal -1.871462e-01 -9.823320e-01 -3.140276e-04
    outer loop
      vertex   -1.608738e+01 9.115039e+01 3.500000e+00
      vertex   -1.564879e+01 9.106891e+01 -3.000000e+00
      vertex   -1.604023e+01 9.113933e+01 1.000000e+01
    endloop
  endfacet
  facet normal -2.576354e-01 -9.662422e-01 2.246233e-04
    outer loop
      vertex   -1.608738e+01 9.115039e+01 3.500000e+00
      vertex   -1.604023e+01 9.113933e+01 1.000000e+01
      vertex   -1.633771e+01 9.121865e+01 1.000000e+01
    endloop
  endfacet
  facet normal -1.770534e-01 -9.842012e-01 -4.518350e-13
    outer loop
      vertex   -1.564879e+01 9.106891e+01 -3.000000e+00
      vertex   -1.564879e+01 9.106891e+01 1.000000e+01
      vertex   -1.604023e+01 9.113933e+01 1.000000e+01
    endloop
  endfacet
  facet normal -2.766423e-01 -9.609728e-01 -5.627352e-04
    outer loop
      vertex   -1.608738e+01 9.115039e+01 3.500000e+00
      vertex   -1.633771e+01 9.121865e+01 1.000000e+01
      vertex   -1.642921e+01 9.124880e+01 3.500000e+00
    endloop
  endfacet
  facet normal -3.368890e-01 -9.415443e-01 3.754609e-04
    outer loop
      vertex   -1.642921e+01 9.124880e+01 3.500000e+00
      vertex   -1.633771e+01 9.121865e+01 1.000000e+01
      vertex   -1.656490e+01 9.129994e+01 1.000000e+01
    endloop
  endfacet
  facet normal -3.514738e-01 -9.361977e-01 2.894984e-05
    outer loop
      vertex   -1.642921e+01 9.124880e+01 3.500000e+00
      vertex   -1.656490e+01 9.129994e+01 1.000000e+01
      vertex   -1.655863e+01 9.129738e+01 3.500000e+00
    endloop
  endfacet
  facet normal -4.015164e-01 -9.158518e-01 -2.726991e-05
    outer loop
      vertex   -1.655863e+01 9.129738e+01 3.500000e+00
      vertex   -1.656490e+01 9.129994e+01 1.000000e+01
      vertex   -1.665705e+01 9.134053e+01 3.500000e+00
    endloop
  endfacet
  facet normal -4.071921e-01 -9.133425e-01 6.887096e-05
    outer loop
      vertex   -1.656490e+01 9.129994e+01 1.000000e+01
      vertex   -1.667126e+01 9.134736e+01 1.000000e+01
      vertex   -1.665705e+01 9.134053e+01 3.500000e+00
    endloop
  endfacet
  facet normal -4.521882e-01 -8.919226e-01 -5.194934e-05
    outer loop
      vertex   -1.665705e+01 9.134053e+01 3.500000e+00
      vertex   -1.667126e+01 9.134736e+01 1.000000e+01
      vertex   -1.672141e+01 9.137316e+01 3.500000e+00
    endloop
  endfacet
  facet normal -4.580250e-01 -8.889393e-01 4.927467e-06
    outer loop
      vertex   -1.667126e+01 9.134736e+01 1.000000e+01
      vertex   -1.672247e+01 9.137374e+01 1.000000e+01
      vertex   -1.672141e+01 9.137316e+01 3.500000e+00
    endloop
  endfacet
  facet normal -5.016426e-01 -8.650750e-01 -4.362769e-06
    outer loop
      vertex   -1.672141e+01 9.137316e+01 3.500000e+00
      vertex   -1.672247e+01 9.137374e+01 1.000000e+01
      vertex   -1.674785e+01 9.138846e+01 1.000000e+01
    endloop
  endfacet
  facet normal 8.741024e-01 -4.857418e-01 -2.815548e-13
    outer loop
      vertex   -1.532190e+01 9.163511e+01 1.000000e+01
      vertex   -1.542776e+01 9.144460e+01 1.000000e+01
      vertex   -1.532190e+01 9.163511e+01 -3.000000e+00
    endloop
  endfacet
  facet normal 8.741024e-01 -4.857418e-01 -2.344683e-13
    outer loop
      vertex   -1.532190e+01 9.163511e+01 -3.000000e+00
      vertex   -1.542776e+01 9.144460e+01 1.000000e+01
      vertex   -1.542776e+01 9.144460e+01 -4.732000e+00
    endloop
  endfacet
  facet normal 8.741024e-01 -4.857418e-01 -2.824159e-12
    outer loop
      vertex   -1.532190e+01 9.163511e+01 -3.000000e+00
      vertex   -1.542776e+01 9.144460e+01 -4.732000e+00
      vertex   -1.532190e+01 9.163511e+01 -4.732000e+00
    endloop
  endfacet
  facet normal 8.660254e-01 -5.000000e-01 -2.450693e-13
    outer loop
      vertex   -1.542776e+01 9.144460e+01 -4.732000e+00
      vertex   -1.542776e+01 9.144460e+01 1.000000e+01
      vertex   -1.553674e+01 9.125585e+01 -4.732000e+00
    endloop
  endfacet
  facet normal 8.660254e-01 -5.000000e-01 -2.469475e-13
    outer loop
      vertex   -1.553674e+01 9.125585e+01 -4.732000e+00
      vertex   -1.542776e+01 9.144460e+01 1.000000e+01
      vertex   -1.553674e+01 9.125585e+01 1.000000e+01
    endloop
  endfacet
  facet normal 8.577159e-01 -5.141240e-01 -2.549270e-13
    outer loop
      vertex   -1.553674e+01 9.125585e+01 -4.732000e+00
      vertex   -1.553674e+01 9.125585e+01 1.000000e+01
      vertex   -1.564879e+01 9.106891e+01 -3.000000e+00
    endloop
  endfacet
  facet normal 8.577159e-01 -5.141240e-01 -2.939362e-13
    outer loop
      vertex   -1.564879e+01 9.106891e+01 -3.000000e+00
      vertex   -1.553674e+01 9.125585e+01 1.000000e+01
      vertex   -1.564879e+01 9.106891e+01 1.000000e+01
    endloop
  endfacet
  facet normal 8.577159e-01 -5.141240e-01 -5.977691e-15
    outer loop
      vertex   -1.564879e+01 9.106891e+01 -3.000000e+00
      vertex   -1.564879e+01 9.106891e+01 -4.732000e+00
      vertex   -1.553674e+01 9.125585e+01 -4.732000e+00
    endloop
  endfacet
  facet normal 7.638166e-01 6.454334e-01 2.638891e-13
    outer loop
      vertex   -1.532190e+01 9.163511e+01 -3.000000e+00
      vertex   -1.557860e+01 9.193889e+01 -3.000000e+00
      vertex   -1.532190e+01 9.163511e+01 1.000000e+01
    endloop
  endfacet
  facet normal 7.571514e-01 6.532394e-01 3.140276e-04
    outer loop
      vertex   -1.532190e+01 9.163511e+01 1.000000e+01
      vertex   -1.557860e+01 9.193889e+01 -3.000000e+00
      vertex   -1.561175e+01 9.197419e+01 3.500000e+00
    endloop
  endfacet
  facet normal 7.732650e-01 6.340814e-01 -1.403953e-03
    outer loop
      vertex   -1.532190e+01 9.163511e+01 1.000000e+01
      vertex   -1.561175e+01 9.197419e+01 3.500000e+00
      vertex   -1.548410e+01 9.183291e+01 1.000000e+01
    endloop
  endfacet
  facet normal 7.399253e-01 6.726891e-01 8.999828e-05
    outer loop
      vertex   -1.548410e+01 9.183291e+01 1.000000e+01
      vertex   -1.561175e+01 9.197419e+01 3.500000e+00
      vertex   -1.563417e+01 9.199799e+01 1.000000e+01
    endloop
  endfacet
  facet normal 7.044217e-01 7.097816e-01 -1.682486e-04
    outer loop
      vertex   -1.563417e+01 9.199799e+01 1.000000e+01
      vertex   -1.561175e+01 9.197419e+01 3.500000e+00
      vertex   -1.576983e+01 9.213262e+01 1.000000e+01
    endloop
  endfacet
  facet normal 6.939056e-01 7.200656e-01 -6.746414e-04
    outer loop
      vertex   -1.576983e+01 9.213262e+01 1.000000e+01
      vertex   -1.561175e+01 9.197419e+01 3.500000e+00
      vertex   -1.586789e+01 9.222103e+01 3.500000e+00
    endloop
  endfacet
  facet normal 6.669616e-01 7.450920e-01 7.227979e-05
    outer loop
      vertex   -1.576983e+01 9.213262e+01 1.000000e+01
      vertex   -1.586789e+01 9.222103e+01 3.500000e+00
      vertex   -1.588876e+01 9.223908e+01 1.000000e+01
    endloop
  endfacet
  facet normal 6.350341e-01 7.724841e-01 -1.062371e-04
    outer loop
      vertex   -1.588876e+01 9.223908e+01 1.000000e+01
      vertex   -1.586789e+01 9.222103e+01 3.500000e+00
      vertex   -1.597468e+01 9.230882e+01 3.500000e+00
    endloop
  endfacet
  facet normal 6.277383e-01 7.784244e-01 5.394308e-05
    outer loop
      vertex   -1.588876e+01 9.223908e+01 1.000000e+01
      vertex   -1.597468e+01 9.230882e+01 3.500000e+00
      vertex   -1.598866e+01 9.231964e+01 1.000000e+01
    endloop
  endfacet
  facet normal 5.923928e-01 8.056493e-01 -6.740248e-05
    outer loop
      vertex   -1.598866e+01 9.231964e+01 1.000000e+01
      vertex   -1.597468e+01 9.230882e+01 3.500000e+00
      vertex   -1.606126e+01 9.237248e+01 3.500000e+00
    endloop
  endfacet
  facet normal 5.868293e-01 8.097107e-01 2.775124e-05
    outer loop
      vertex   -1.598866e+01 9.231964e+01 1.000000e+01
      vertex   -1.606126e+01 9.237248e+01 3.500000e+00
      vertex   -1.606724e+01 9.237659e+01 1.000000e+01
    endloop
  endfacet
  facet normal 5.463335e-01 8.375677e-01 -2.710332e-05
    outer loop
      vertex   -1.606724e+01 9.237659e+01 1.000000e+01
      vertex   -1.606126e+01 9.237248e+01 3.500000e+00
      vertex   -1.612169e+01 9.241190e+01 3.500000e+00
    endloop
  endfacet
  facet normal 5.438222e-01 8.392005e-01 2.805959e-06
    outer loop
      vertex   -1.606724e+01 9.237659e+01 1.000000e+01
      vertex   -1.612169e+01 9.241190e+01 3.500000e+00
      vertex   -1.612218e+01 9.241219e+01 1.000000e+01
    endloop
  endfacet
  facet normal 4.988167e-01 8.667075e-01 -1.862695e-06
    outer loop
      vertex   -1.612218e+01 9.241219e+01 1.000000e+01
      vertex   -1.612169e+01 9.241190e+01 3.500000e+00
      vertex   -1.614817e+01 9.242715e+01 1.000000e+01
    endloop
  endfacet
  facet normal 4.991601e-01 8.665098e-01 3.821503e-13
    outer loop
      vertex   -1.614817e+01 9.242715e+01 1.000000e+01
      vertex   -1.612169e+01 9.241190e+01 3.500000e+00
      vertex   -1.614817e+01 9.242715e+01 -3.000000e+00
    endloop
  endfacet
  facet normal 4.983556e-01 8.669727e-01 4.362789e-06
    outer loop
      vertex   -1.614817e+01 9.242715e+01 -3.000000e+00
      vertex   -1.612169e+01 9.241190e+01 3.500000e+00
      vertex   -1.612273e+01 9.241253e+01 -3.000000e+00
    endloop
  endfacet
  facet normal 5.408315e-01 8.411310e-01 -4.927491e-06
    outer loop
      vertex   -1.612273e+01 9.241253e+01 -3.000000e+00
      vertex   -1.612169e+01 9.241190e+01 3.500000e+00
      vertex   -1.607427e+01 9.238137e+01 -3.000000e+00
    endloop
  endfacet
  facet normal 5.463335e-01 8.375677e-01 5.194935e-05
    outer loop
      vertex   -1.607427e+01 9.238137e+01 -3.000000e+00
      vertex   -1.612169e+01 9.241190e+01 3.500000e+00
      vertex   -1.606126e+01 9.237248e+01 3.500000e+00
    endloop
  endfacet
  facet normal 5.873818e-01 8.093100e-01 -6.887096e-05
    outer loop
      vertex   -1.607427e+01 9.238137e+01 -3.000000e+00
      vertex   -1.606126e+01 9.237248e+01 3.500000e+00
      vertex   -1.598002e+01 9.231297e+01 -3.000000e+00
    endloop
  endfacet
  facet normal 5.923928e-01 8.056493e-01 2.726991e-05
    outer loop
      vertex   -1.598002e+01 9.231297e+01 -3.000000e+00
      vertex   -1.606126e+01 9.237248e+01 3.500000e+00
      vertex   -1.597468e+01 9.230882e+01 3.500000e+00
    endloop
  endfacet
  facet normal 6.350341e-01 7.724841e-01 -2.894985e-05
    outer loop
      vertex   -1.598002e+01 9.231297e+01 -3.000000e+00
      vertex   -1.597468e+01 9.230882e+01 3.500000e+00
      vertex   -1.586789e+01 9.222103e+01 3.500000e+00
    endloop
  endfacet
  facet normal 7.079725e-01 7.062399e-01 -2.246233e-04
    outer loop
      vertex   -1.557860e+01 9.193889e+01 -3.000000e+00
      vertex   -1.579604e+01 9.215686e+01 -3.000000e+00
      vertex   -1.561175e+01 9.197419e+01 3.500000e+00
    endloop
  endfacet
  facet normal 6.939057e-01 7.200657e-01 5.627352e-04
    outer loop
      vertex   -1.561175e+01 9.197419e+01 3.500000e+00
      vertex   -1.579604e+01 9.215686e+01 -3.000000e+00
      vertex   -1.586789e+01 9.222103e+01 3.500000e+00
    endloop
  endfacet
  facet normal 6.469568e-01 7.625266e-01 -3.754609e-04
    outer loop
      vertex   -1.579604e+01 9.215686e+01 -3.000000e+00
      vertex   -1.598002e+01 9.231297e+01 -3.000000e+00
      vertex   -1.586789e+01 9.222103e+01 3.500000e+00
    endloop
  endfacet
  facet normal 4.620729e-01 8.868420e-01 9.478133e-16
    outer loop
      vertex   -1.614817e+01 9.242715e+01 -4.732000e+00
      vertex   -1.614859e+01 9.242737e+01 -4.732000e+00
      vertex   -1.614817e+01 9.242715e+01 -3.000000e+00
    endloop
  endfacet
  facet normal 4.620729e-01 8.868420e-01 -1.114300e-16
    outer loop
      vertex   -1.614817e+01 9.242715e+01 -3.000000e+00
      vertex   -1.614859e+01 9.242737e+01 -4.732000e+00
      vertex   -1.614859e+01 9.242737e+01 1.000000e+01
    endloop
  endfacet
  facet normal 4.620729e-01 8.868420e-01 3.942246e-13
    outer loop
      vertex   -1.614817e+01 9.242715e+01 -3.000000e+00
      vertex   -1.614859e+01 9.242737e+01 1.000000e+01
      vertex   -1.614817e+01 9.242715e+01 1.000000e+01
    endloop
  endfacet
  facet normal 4.568232e-01 8.895575e-01 0.000000e+00
    outer loop
      vertex   -1.656994e+01 9.264375e+01 1.000000e+01
      vertex   -1.614859e+01 9.242737e+01 1.000000e+01
      vertex   -1.656994e+01 9.264375e+01 -4.732000e+00
    endloop
  endfacet
  facet normal 4.568232e-01 8.895575e-01 -1.093841e-16
    outer loop
      vertex   -1.656994e+01 9.264375e+01 -4.732000e+00
      vertex   -1.614859e+01 9.242737e+01 1.000000e+01
      vertex   -1.614859e+01 9.242737e+01 -4.732000e+00
    endloop
  endfacet
  facet normal 9.167457e-01 -3.994713e-01 0.000000e+00
    outer loop
      vertex   -1.619256e+01 9.345304e+01 -4.732000e+00
      vertex   -1.619256e+01 9.345304e+01 1.000000e+01
      vertex   -1.631149e+01 9.318011e+01 -4.732000e+00
    endloop
  endfacet
  facet normal 9.167457e-01 -3.994713e-01 -2.074569e-13
    outer loop
      vertex   -1.631149e+01 9.318011e+01 -4.732000e+00
      vertex   -1.619256e+01 9.345304e+01 1.000000e+01
      vertex   -1.631149e+01 9.318011e+01 1.000000e+01
    endloop
  endfacet
  facet normal 9.063078e-01 -4.226183e-01 -2.074458e-13
    outer loop
      vertex   -1.631149e+01 9.318011e+01 -4.732000e+00
      vertex   -1.631149e+01 9.318011e+01 1.000000e+01
      vertex   -1.643731e+01 9.291029e+01 -4.732000e+00
    endloop
  endfacet
  facet normal 9.063078e-01 -4.226183e-01 -2.264560e-13
    outer loop
      vertex   -1.643731e+01 9.291029e+01 -4.732000e+00
      vertex   -1.631149e+01 9.318011e+01 1.000000e+01
      vertex   -1.643731e+01 9.291029e+01 1.000000e+01
    endloop
  endfacet
  facet normal 8.952855e-01 -4.454928e-01 -2.264853e-13
    outer loop
      vertex   -1.643731e+01 9.291029e+01 -4.732000e+00
      vertex   -1.643731e+01 9.291029e+01 1.000000e+01
      vertex   -1.656994e+01 9.264375e+01 -4.732000e+00
    endloop
  endfacet
  facet normal 8.952855e-01 -4.454928e-01 0.000000e+00
    outer loop
      vertex   -1.656994e+01 9.264375e+01 -4.732000e+00
      vertex   -1.643731e+01 9.291029e+01 1.000000e+01
      vertex   -1.656994e+01 9.264375e+01 1.000000e+01
    endloop
  endfacet
  facet normal -3.878003e-01 -9.217434e-01 -0.000000e+00
    outer loop
      vertex   -1.575597e+01 9.326936e+01 1.000000e+01
      vertex   -1.619256e+01 9.345304e+01 1.000000e+01
      vertex   -1.575597e+01 9.326936e+01 -4.732000e+00
    endloop
  endfacet
  facet normal -3.878003e-01 -9.217434e-01 0.000000e+00
    outer loop
      vertex   -1.575597e+01 9.326936e+01 -4.732000e+00
      vertex   -1.619256e+01 9.345304e+01 1.000000e+01
      vertex   -1.619256e+01 9.345304e+01 -4.732000e+00
    endloop
  endfacet
  facet normal -3.823456e-01 -9.240194e-01 -4.229997e-13
    outer loop
      vertex   -1.575552e+01 9.326917e+01 1.000000e+01
      vertex   -1.575597e+01 9.326936e+01 1.000000e+01
      vertex   -1.575552e+01 9.326917e+01 -3.000000e+00
    endloop
  endfacet
  facet normal -3.823456e-01 -9.240194e-01 0.000000e+00
    outer loop
      vertex   -1.575552e+01 9.326917e+01 -3.000000e+00
      vertex   -1.575597e+01 9.326936e+01 1.000000e+01
      vertex   -1.575597e+01 9.326936e+01 -4.732000e+00
    endloop
  endfacet
  facet normal -3.823456e-01 -9.240194e-01 -4.270725e-12
    outer loop
      vertex   -1.575552e+01 9.326917e+01 -3.000000e+00
      vertex   -1.575597e+01 9.326936e+01 -4.732000e+00
      vertex   -1.575552e+01 9.326917e+01 -4.732000e+00
    endloop
  endfacet
  facet normal -3.429310e-01 -9.393606e-01 -4.328303e-13
    outer loop
      vertex   -1.575552e+01 9.326917e+01 1.000000e+01
      vertex   -1.575552e+01 9.326917e+01 -3.000000e+00
      vertex   -1.572682e+01 9.325870e+01 3.500000e+00
    endloop
  endfacet
  facet normal -3.433033e-01 -9.392246e-01 1.862739e-06
    outer loop
      vertex   -1.572682e+01 9.325870e+01 3.500000e+00
      vertex   -1.575552e+01 9.326917e+01 -3.000000e+00
      vertex   -1.572737e+01 9.325888e+01 -3.000000e+00
    endloop
  endfacet
  facet normal -2.933027e-01 -9.560196e-01 -2.806019e-06
    outer loop
      vertex   -1.572682e+01 9.325870e+01 3.500000e+00
      vertex   -1.572737e+01 9.325888e+01 -3.000000e+00
      vertex   -1.566477e+01 9.323968e+01 -3.000000e+00
    endloop
  endfacet
  facet normal -2.904377e-01 -9.568939e-01 2.710340e-05
    outer loop
      vertex   -1.572682e+01 9.325870e+01 3.500000e+00
      vertex   -1.566477e+01 9.323968e+01 -3.000000e+00
      vertex   -1.565778e+01 9.323774e+01 3.500000e+00
    endloop
  endfacet
  facet normal -2.430678e-01 -9.700093e-01 -2.775135e-05
    outer loop
      vertex   -1.565778e+01 9.323774e+01 3.500000e+00
      vertex   -1.566477e+01 9.323968e+01 -3.000000e+00
      vertex   -1.557064e+01 9.321609e+01 -3.000000e+00
    endloop
  endfacet
  facet normal -2.363804e-01 -9.716606e-01 6.740256e-05
    outer loop
      vertex   -1.565778e+01 9.323774e+01 3.500000e+00
      vertex   -1.557064e+01 9.321609e+01 -3.000000e+00
      vertex   -1.555336e+01 9.321234e+01 3.500000e+00
    endloop
  endfacet
  facet normal -1.928053e-01 -9.812370e-01 -5.394321e-05
    outer loop
      vertex   -1.555336e+01 9.321234e+01 3.500000e+00
      vertex   -1.557064e+01 9.321609e+01 -3.000000e+00
      vertex   -1.544471e+01 9.319134e+01 -3.000000e+00
    endloop
  endfacet
  facet normal -1.835651e-01 -9.830075e-01 1.062372e-04
    outer loop
      vertex   -1.555336e+01 9.321234e+01 3.500000e+00
      vertex   -1.544471e+01 9.319134e+01 -3.000000e+00
      vertex   -1.541747e+01 9.318696e+01 3.500000e+00
    endloop
  endfacet
  facet normal -1.420590e-01 -9.898582e-01 -7.227991e-05
    outer loop
      vertex   -1.541747e+01 9.318696e+01 3.500000e+00
      vertex   -1.544471e+01 9.319134e+01 -3.000000e+00
      vertex   -1.528671e+01 9.316867e+01 -3.000000e+00
    endloop
  endfacet
  facet normal -1.055683e-01 -9.944118e-01 6.746413e-04
    outer loop
      vertex   -1.541747e+01 9.318696e+01 3.500000e+00
      vertex   -1.528671e+01 9.316867e+01 -3.000000e+00
      vertex   -1.506374e+01 9.314941e+01 3.500000e+00
    endloop
  endfacet
  facet normal -9.093073e-02 -9.958572e-01 1.682488e-04
    outer loop
      vertex   -1.506374e+01 9.314941e+01 3.500000e+00
      vertex   -1.528671e+01 9.316867e+01 -3.000000e+00
      vertex   -1.509638e+01 9.315129e+01 -3.000000e+00
    endloop
  endfacet
  facet normal -3.969492e-02 -9.992118e-01 -8.999838e-05
    outer loop
      vertex   -1.506374e+01 9.314941e+01 3.500000e+00
      vertex   -1.509638e+01 9.315129e+01 -3.000000e+00
      vertex   -1.487345e+01 9.314243e+01 -3.000000e+00
    endloop
  endfacet
  facet normal 1.131062e-02 -9.999350e-01 1.403953e-03
    outer loop
      vertex   -1.487345e+01 9.314243e+01 -3.000000e+00
      vertex   -1.461767e+01 9.314533e+01 -3.000000e+00
      vertex   -1.506374e+01 9.314941e+01 3.500000e+00
    endloop
  endfacet
  facet normal -1.372285e-02 -9.999058e-01 -3.140276e-04
    outer loop
      vertex   -1.506374e+01 9.314941e+01 3.500000e+00
      vertex   -1.461767e+01 9.314533e+01 -3.000000e+00
      vertex   -1.501539e+01 9.314670e+01 1.000000e+01
    endloop
  endfacet
  facet normal -8.593519e-02 -9.963007e-01 2.246234e-04
    outer loop
      vertex   -1.506374e+01 9.314941e+01 3.500000e+00
      vertex   -1.501539e+01 9.314670e+01 1.000000e+01
      vertex   -1.532213e+01 9.317316e+01 1.000000e+01
    endloop
  endfacet
  facet normal -3.458827e-03 -9.999940e-01 -4.807875e-13
    outer loop
      vertex   -1.461767e+01 9.314533e+01 -3.000000e+00
      vertex   -1.461767e+01 9.314533e+01 1.000000e+01
      vertex   -1.501539e+01 9.314670e+01 1.000000e+01
    endloop
  endfacet
  facet normal -1.055683e-01 -9.944119e-01 -5.627351e-04
    outer loop
      vertex   -1.506374e+01 9.314941e+01 3.500000e+00
      vertex   -1.532213e+01 9.317316e+01 1.000000e+01
      vertex   -1.541747e+01 9.318696e+01 3.500000e+00
    endloop
  endfacet
  facet normal -1.682735e-01 -9.857403e-01 3.754609e-04
    outer loop
      vertex   -1.541747e+01 9.318696e+01 3.500000e+00
      vertex   -1.532213e+01 9.317316e+01 1.000000e+01
      vertex   -1.555997e+01 9.321376e+01 1.000000e+01
    endloop
  endfacet
  facet normal -1.835651e-01 -9.830076e-01 2.894985e-05
    outer loop
      vertex   -1.541747e+01 9.318696e+01 3.500000e+00
      vertex   -1.555997e+01 9.321376e+01 1.000000e+01
      vertex   -1.555336e+01 9.321234e+01 3.500000e+00
    endloop
  endfacet
  facet normal -2.363804e-01 -9.716606e-01 -2.726992e-05
    outer loop
      vertex   -1.555336e+01 9.321234e+01 3.500000e+00
      vertex   -1.555997e+01 9.321376e+01 1.000000e+01
      vertex   -1.565778e+01 9.323774e+01 3.500000e+00
    endloop
  endfacet
  facet normal -2.424056e-01 -9.701750e-01 6.887096e-05
    outer loop
      vertex   -1.555997e+01 9.321376e+01 1.000000e+01
      vertex   -1.567295e+01 9.324199e+01 1.000000e+01
      vertex   -1.565778e+01 9.323774e+01 3.500000e+00
    endloop
  endfacet
  facet normal -2.904377e-01 -9.568939e-01 -5.194934e-05
    outer loop
      vertex   -1.565778e+01 9.323774e+01 3.500000e+00
      vertex   -1.567295e+01 9.324199e+01 1.000000e+01
      vertex   -1.572682e+01 9.325870e+01 3.500000e+00
    endloop
  endfacet
  facet normal -2.967039e-01 -9.549695e-01 4.927471e-06
    outer loop
      vertex   -1.567295e+01 9.324199e+01 1.000000e+01
      vertex   -1.572797e+01 9.325909e+01 1.000000e+01
      vertex   -1.572682e+01 9.325870e+01 3.500000e+00
    endloop
  endfacet
  facet normal -3.438028e-01 -9.390419e-01 -4.362774e-06
    outer loop
      vertex   -1.572682e+01 9.325870e+01 3.500000e+00
      vertex   -1.572797e+01 9.325909e+01 1.000000e+01
      vertex   -1.575552e+01 9.326917e+01 1.000000e+01
    endloop
  endfacet
  facet normal 9.451710e-01 -3.265760e-01 -2.099452e-13
    outer loop
      vertex   -1.439406e+01 9.375968e+01 1.000000e+01
      vertex   -1.446524e+01 9.355369e+01 1.000000e+01
      vertex   -1.439406e+01 9.375968e+01 -3.000000e+00
    endloop
  endfacet
  facet normal 9.451710e-01 -3.265760e-01 -1.697956e-13
    outer loop
      vertex   -1.439406e+01 9.375968e+01 -3.000000e+00
      vertex   -1.446524e+01 9.355369e+01 1.000000e+01
      vertex   -1.446524e+01 9.355369e+01 -4.732000e+00
    endloop
  endfacet
  facet normal 9.451710e-01 -3.265760e-01 -2.089948e-12
    outer loop
      vertex   -1.439406e+01 9.375968e+01 -3.000000e+00
      vertex   -1.446524e+01 9.355369e+01 -4.732000e+00
      vertex   -1.439406e+01 9.375968e+01 -4.732000e+00
    endloop
  endfacet
  facet normal 9.396926e-01 -3.420201e-01 -1.819398e-13
    outer loop
      vertex   -1.446524e+01 9.355369e+01 -4.732000e+00
      vertex   -1.446524e+01 9.355369e+01 1.000000e+01
      vertex   -1.453978e+01 9.334888e+01 -4.732000e+00
    endloop
  endfacet
  facet normal 9.396926e-01 -3.420201e-01 -1.834528e-13
    outer loop
      vertex   -1.453978e+01 9.334888e+01 -4.732000e+00
      vertex   -1.446524e+01 9.355369e+01 1.000000e+01
      vertex   -1.453978e+01 9.334888e+01 1.000000e+01
    endloop
  endfacet
  facet normal 9.339619e-01 -3.573725e-01 -1.926118e-13
    outer loop
      vertex   -1.453978e+01 9.334888e+01 -4.732000e+00
      vertex   -1.453978e+01 9.334888e+01 1.000000e+01
      vertex   -1.461767e+01 9.314533e+01 -3.000000e+00
    endloop
  endfacet
  facet normal 9.339619e-01 -3.573725e-01 -2.238310e-13
    outer loop
      vertex   -1.461767e+01 9.314533e+01 -3.000000e+00
      vertex   -1.453978e+01 9.334888e+01 1.000000e+01
      vertex   -1.461767e+01 9.314533e+01 1.000000e+01
    endloop
  endfacet
  facet normal 9.339619e-01 -3.573725e-01 -1.974318e-15
    outer loop
      vertex   -1.461767e+01 9.314533e+01 -3.000000e+00
      vertex   -1.461767e+01 9.314533e+01 -4.732000e+00
      vertex   -1.453978e+01 9.334888e+01 -4.732000e+00
    endloop
  endfacet
  facet normal 6.401342e-01 7.682632e-01 3.412869e-13
    outer loop
      vertex   -1.439406e+01 9.375968e+01 -3.000000e+00
      vertex   -1.469962e+01 9.401428e+01 -3.000000e+00
      vertex   -1.439406e+01 9.375968e+01 1.000000e+01
    endloop
  endfacet
  facet normal 6.322147e-01 7.747932e-01 3.140276e-04
    outer loop
      vertex   -1.439406e+01 9.375968e+01 1.000000e+01
      vertex   -1.469962e+01 9.401428e+01 -3.000000e+00
      vertex   -1.473839e+01 9.404329e+01 3.500000e+00
    endloop
  endfacet
  facet normal 6.514103e-01 7.587244e-01 -1.403953e-03
    outer loop
      vertex   -1.439406e+01 9.375968e+01 1.000000e+01
      vertex   -1.473839e+01 9.404329e+01 3.500000e+00
      vertex   -1.458814e+01 9.392632e+01 1.000000e+01
    endloop
  endfacet
  facet normal 6.118729e-01 7.909561e-01 8.999842e-05
    outer loop
      vertex   -1.458814e+01 9.392632e+01 1.000000e+01
      vertex   -1.473839e+01 9.404329e+01 3.500000e+00
      vertex   -1.476461e+01 9.406283e+01 1.000000e+01
    endloop
  endfacet
  facet normal 5.704677e-01 8.213200e-01 -1.682488e-04
    outer loop
      vertex   -1.476461e+01 9.406283e+01 1.000000e+01
      vertex   -1.473839e+01 9.404329e+01 3.500000e+00
      vertex   -1.492158e+01 9.417186e+01 1.000000e+01
    endloop
  endfacet
  facet normal 5.583256e-01 8.296217e-01 -6.746413e-04
    outer loop
      vertex   -1.492158e+01 9.417186e+01 1.000000e+01
      vertex   -1.473839e+01 9.404329e+01 3.500000e+00
      vertex   -1.503351e+01 9.424190e+01 3.500000e+00
    endloop
  endfacet
  facet normal 5.274451e-01 8.495891e-01 7.227995e-05
    outer loop
      vertex   -1.492158e+01 9.417186e+01 1.000000e+01
      vertex   -1.503351e+01 9.424190e+01 3.500000e+00
      vertex   -1.505719e+01 9.425604e+01 1.000000e+01
    endloop
  endfacet
  facet normal 4.912460e-01 8.710208e-01 -1.062372e-04
    outer loop
      vertex   -1.505719e+01 9.425604e+01 1.000000e+01
      vertex   -1.503351e+01 9.424190e+01 3.500000e+00
      vertex   -1.515392e+01 9.430981e+01 3.500000e+00
    endloop
  endfacet
  facet normal 4.830295e-01 8.756040e-01 5.394325e-05
    outer loop
      vertex   -1.505719e+01 9.425604e+01 1.000000e+01
      vertex   -1.515392e+01 9.430981e+01 3.500000e+00
      vertex   -1.516956e+01 9.431804e+01 1.000000e+01
    endloop
  endfacet
  facet normal 4.434935e-01 8.962776e-01 -6.740261e-05
    outer loop
      vertex   -1.516956e+01 9.431804e+01 1.000000e+01
      vertex   -1.515392e+01 9.430981e+01 3.500000e+00
      vertex   -1.525023e+01 9.435746e+01 3.500000e+00
    endloop
  endfacet
  facet normal 4.373092e-01 8.993112e-01 2.775140e-05
    outer loop
      vertex   -1.516956e+01 9.431804e+01 1.000000e+01
      vertex   -1.525023e+01 9.435746e+01 3.500000e+00
      vertex   -1.525683e+01 9.436047e+01 1.000000e+01
    endloop
  endfacet
  facet normal 3.925914e-01 9.197130e-01 -2.710344e-05
    outer loop
      vertex   -1.525683e+01 9.436047e+01 1.000000e+01
      vertex   -1.525023e+01 9.435746e+01 3.500000e+00
      vertex   -1.531659e+01 9.438579e+01 3.500000e+00
    endloop
  endfacet
  facet normal 3.898346e-01 9.208849e-01 2.806046e-06
    outer loop
      vertex   -1.525683e+01 9.436047e+01 1.000000e+01
      vertex   -1.531659e+01 9.438579e+01 3.500000e+00
      vertex   -1.531713e+01 9.438600e+01 1.000000e+01
    endloop
  endfacet
  facet normal 3.407364e-01 9.401589e-01 -1.862757e-06
    outer loop
      vertex   -1.531713e+01 9.438600e+01 1.000000e+01
      vertex   -1.531659e+01 9.438579e+01 3.500000e+00
      vertex   -1.534531e+01 9.439621e+01 1.000000e+01
    endloop
  endfacet
  facet normal 3.411089e-01 9.400238e-01 4.402203e-13
    outer loop
      vertex   -1.534531e+01 9.439621e+01 1.000000e+01
      vertex   -1.531659e+01 9.438579e+01 3.500000e+00
      vertex   -1.534531e+01 9.439621e+01 -3.000000e+00
    endloop
  endfacet
  facet normal 3.402363e-01 9.403400e-01 4.362779e-06
    outer loop
      vertex   -1.534531e+01 9.439621e+01 -3.000000e+00
      vertex   -1.531659e+01 9.438579e+01 3.500000e+00
      vertex   -1.531773e+01 9.438623e+01 -3.000000e+00
    endloop
  endfacet
  facet normal 3.865542e-01 9.222667e-01 -4.927479e-06
    outer loop
      vertex   -1.531773e+01 9.438623e+01 -3.000000e+00
      vertex   -1.531659e+01 9.438579e+01 3.500000e+00
      vertex   -1.526459e+01 9.436396e+01 -3.000000e+00
    endloop
  endfacet
  facet normal 3.925914e-01 9.197130e-01 5.194934e-05
    outer loop
      vertex   -1.526459e+01 9.436396e+01 -3.000000e+00
      vertex   -1.531659e+01 9.438579e+01 3.500000e+00
      vertex   -1.525023e+01 9.435746e+01 3.500000e+00
    endloop
  endfacet
  facet normal 4.379230e-01 8.990125e-01 -6.887096e-05
    outer loop
      vertex   -1.526459e+01 9.436396e+01 -3.000000e+00
      vertex   -1.525023e+01 9.435746e+01 3.500000e+00
      vertex   -1.515990e+01 9.431296e+01 -3.000000e+00
    endloop
  endfacet
  facet normal 4.434935e-01 8.962776e-01 2.726991e-05
    outer loop
      vertex   -1.515990e+01 9.431296e+01 -3.000000e+00
      vertex   -1.525023e+01 9.435746e+01 3.500000e+00
      vertex   -1.515392e+01 9.430981e+01 3.500000e+00
    endloop
  endfacet
  facet normal 4.912460e-01 8.710208e-01 -2.894985e-05
    outer loop
      vertex   -1.515990e+01 9.431296e+01 -3.000000e+00
      vertex   -1.515392e+01 9.430981e+01 3.500000e+00
      vertex   -1.503351e+01 9.424190e+01 3.500000e+00
    endloop
  endfacet
  facet normal 5.745796e-01 8.184487e-01 -2.246233e-04
    outer loop
      vertex   -1.469962e+01 9.401428e+01 -3.000000e+00
      vertex   -1.495160e+01 9.419118e+01 -3.000000e+00
      vertex   -1.473839e+01 9.404329e+01 3.500000e+00
    endloop
  endfacet
  facet normal 5.583256e-01 8.296217e-01 5.627352e-04
    outer loop
      vertex   -1.473839e+01 9.404329e+01 3.500000e+00
      vertex   -1.495160e+01 9.419118e+01 -3.000000e+00
      vertex   -1.503351e+01 9.424190e+01 3.500000e+00
    endloop
  endfacet
  facet normal 5.047167e-01 8.632850e-01 -3.754609e-04
    outer loop
      vertex   -1.495160e+01 9.419118e+01 -3.000000e+00
      vertex   -1.515990e+01 9.431296e+01 -3.000000e+00
      vertex   -1.503351e+01 9.424190e+01 3.500000e+00
    endloop
  endfacet
  facet normal 3.010544e-01 9.536070e-01 3.087645e-16
    outer loop
      vertex   -1.534531e+01 9.439621e+01 -4.732000e+00
      vertex   -1.534577e+01 9.439636e+01 -4.732000e+00
      vertex   -1.534531e+01 9.439621e+01 -3.000000e+00
    endloop
  endfacet
  facet normal 3.010544e-01 9.536070e-01 0.000000e+00
    outer loop
      vertex   -1.534531e+01 9.439621e+01 -3.000000e+00
      vertex   -1.534577e+01 9.439636e+01 -4.732000e+00
      vertex   -1.534577e+01 9.439636e+01 1.000000e+01
    endloop
  endfacet
  facet normal 3.010545e-01 9.536069e-01 4.492368e-13
    outer loop
      vertex   -1.534531e+01 9.439621e+01 -3.000000e+00
      vertex   -1.534577e+01 9.439636e+01 1.000000e+01
      vertex   -1.534531e+01 9.439621e+01 1.000000e+01
    endloop
  endfacet
  facet normal 2.954130e-01 9.553696e-01 0.000000e+00
    outer loop
      vertex   -1.579829e+01 9.453628e+01 1.000000e+01
      vertex   -1.534577e+01 9.439636e+01 1.000000e+01
      vertex   -1.579829e+01 9.453628e+01 -4.732000e+00
    endloop
  endfacet
  facet normal 2.954130e-01 9.553696e-01 0.000000e+00
    outer loop
      vertex   -1.579829e+01 9.453628e+01 -4.732000e+00
      vertex   -1.534577e+01 9.439636e+01 1.000000e+01
      vertex   -1.534577e+01 9.439636e+01 -4.732000e+00
    endloop
  endfacet
  facet normal 9.721857e-01 -2.342112e-01 0.000000e+00
    outer loop
      vertex   -1.556718e+01 9.539881e+01 -4.732000e+00
      vertex   -1.556718e+01 9.539881e+01 1.000000e+01
      vertex   -1.563691e+01 9.510938e+01 -4.732000e+00
    endloop
  endfacet
  facet normal 9.721857e-01 -2.342112e-01 -1.383696e-13
    outer loop
      vertex   -1.563691e+01 9.510938e+01 -4.732000e+00
      vertex   -1.556718e+01 9.539881e+01 1.000000e+01
      vertex   -1.563691e+01 9.510938e+01 1.000000e+01
    endloop
  endfacet
  facet normal 9.659258e-01 -2.588190e-01 -1.383855e-13
    outer loop
      vertex   -1.563691e+01 9.510938e+01 -4.732000e+00
      vertex   -1.563691e+01 9.510938e+01 1.000000e+01
      vertex   -1.571396e+01 9.482181e+01 -4.732000e+00
    endloop
  endfacet
  facet normal 9.659258e-01 -2.588190e-01 -1.590514e-13
    outer loop
      vertex   -1.571396e+01 9.482181e+01 -4.732000e+00
      vertex   -1.563691e+01 9.510938e+01 1.000000e+01
      vertex   -1.571396e+01 9.482181e+01 1.000000e+01
    endloop
  endfacet
  facet normal 9.590432e-01 -2.832600e-01 -1.590844e-13
    outer loop
      vertex   -1.571396e+01 9.482181e+01 -4.732000e+00
      vertex   -1.571396e+01 9.482181e+01 1.000000e+01
      vertex   -1.579829e+01 9.453628e+01 -4.732000e+00
    endloop
  endfacet
  facet normal 9.590432e-01 -2.832600e-01 0.000000e+00
    outer loop
      vertex   -1.579829e+01 9.453628e+01 -4.732000e+00
      vertex   -1.571396e+01 9.482181e+01 1.000000e+01
      vertex   -1.579829e+01 9.453628e+01 1.000000e+01
    endloop
  endfacet
  facet normal -2.218497e-01 -9.750809e-01 -0.000000e+00
    outer loop
      vertex   -1.510532e+01 9.529373e+01 1.000000e+01
      vertex   -1.556718e+01 9.539881e+01 1.000000e+01
      vertex   -1.510532e+01 9.529373e+01 -4.732000e+00
    endloop
  endfacet
  facet normal -2.218497e-01 -9.750809e-01 0.000000e+00
    outer loop
      vertex   -1.510532e+01 9.529373e+01 -4.732000e+00
      vertex   -1.556718e+01 9.539881e+01 1.000000e+01
      vertex   -1.556718e+01 9.539881e+01 -4.732000e+00
    endloop
  endfacet
  facet normal -2.160827e-01 -9.763751e-01 -4.699378e-13
    outer loop
      vertex   -1.510485e+01 9.529363e+01 1.000000e+01
      vertex   -1.510532e+01 9.529373e+01 1.000000e+01
      vertex   -1.510485e+01 9.529363e+01 -3.000000e+00
    endloop
  endfacet
  facet normal -2.160827e-01 -9.763751e-01 0.000000e+00
    outer loop
      vertex   -1.510485e+01 9.529363e+01 -3.000000e+00
      vertex   -1.510532e+01 9.529373e+01 1.000000e+01
      vertex   -1.510532e+01 9.529373e+01 -4.732000e+00
    endloop
  endfacet
  facet normal -2.160826e-01 -9.763751e-01 -4.743694e-12
    outer loop
      vertex   -1.510485e+01 9.529363e+01 -3.000000e+00
      vertex   -1.510532e+01 9.529373e+01 -4.732000e+00
      vertex   -1.510485e+01 9.529363e+01 -4.732000e+00
    endloop
  endfacet
  facet normal -1.746029e-01 -9.846389e-01 -4.764185e-13
    outer loop
      vertex   -1.510485e+01 9.529363e+01 1.000000e+01
      vertex   -1.510485e+01 9.529363e+01 -3.000000e+00
      vertex   -1.507477e+01 9.528829e+01 3.500000e+00
    endloop
  endfacet
  facet normal -1.749931e-01 -9.845697e-01 1.862689e-06
    outer loop
      vertex   -1.507477e+01 9.528829e+01 3.500000e+00
      vertex   -1.510485e+01 9.529363e+01 -3.000000e+00
      vertex   -1.507534e+01 9.528838e+01 -3.000000e+00
    endloop
  endfacet
  facet normal -1.228357e-01 -9.924270e-01 -2.805955e-06
    outer loop
      vertex   -1.507477e+01 9.528829e+01 3.500000e+00
      vertex   -1.507534e+01 9.528838e+01 -3.000000e+00
      vertex   -1.501036e+01 9.528034e+01 -3.000000e+00
    endloop
  endfacet
  facet normal -1.198624e-01 -9.927905e-01 2.710330e-05
    outer loop
      vertex   -1.507477e+01 9.528829e+01 3.500000e+00
      vertex   -1.501036e+01 9.528034e+01 -3.000000e+00
      vertex   -1.500314e+01 9.527964e+01 3.500000e+00
    endloop
  endfacet
  facet normal -7.093472e-02 -9.974810e-01 -2.775125e-05
    outer loop
      vertex   -1.500314e+01 9.527964e+01 3.500000e+00
      vertex   -1.501036e+01 9.528034e+01 -3.000000e+00
      vertex   -1.491356e+01 9.527346e+01 -3.000000e+00
    endloop
  endfacet
  facet normal -6.406219e-02 -9.979459e-01 6.740244e-05
    outer loop
      vertex   -1.500314e+01 9.527964e+01 3.500000e+00
      vertex   -1.491356e+01 9.527346e+01 -3.000000e+00
      vertex   -1.489589e+01 9.527276e+01 3.500000e+00
    endloop
  endfacet
  facet normal -1.948614e-02 -9.998101e-01 -5.394311e-05
    outer loop
      vertex   -1.489589e+01 9.527276e+01 3.500000e+00
      vertex   -1.491356e+01 9.527346e+01 -3.000000e+00
      vertex   -1.478524e+01 9.527095e+01 -3.000000e+00
    endloop
  endfacet
  facet normal -1.007887e-02 -9.999492e-01 1.062370e-04
    outer loop
      vertex   -1.489589e+01 9.527276e+01 3.500000e+00
      vertex   -1.478524e+01 9.527095e+01 -3.000000e+00
      vertex   -1.475766e+01 9.527137e+01 3.500000e+00
    endloop
  endfacet
  facet normal 3.198633e-02 -9.994883e-01 -7.227982e-05
    outer loop
      vertex   -1.475766e+01 9.527137e+01 3.500000e+00
      vertex   -1.478524e+01 9.527095e+01 -3.000000e+00
      vertex   -1.462571e+01 9.527606e+01 -3.000000e+00
    endloop
  endfacet
  facet normal 6.871331e-02 -9.976362e-01 6.746413e-04
    outer loop
      vertex   -1.475766e+01 9.527137e+01 3.500000e+00
      vertex   -1.462571e+01 9.527606e+01 -3.000000e+00
      vertex   -1.440278e+01 9.529581e+01 3.500000e+00
    endloop
  endfacet
  facet normal 8.337952e-02 -9.965179e-01 1.682486e-04
    outer loop
      vertex   -1.440278e+01 9.529581e+01 3.500000e+00
      vertex   -1.462571e+01 9.527606e+01 -3.000000e+00
      vertex   -1.443525e+01 9.529200e+01 -3.000000e+00
    endloop
  endfacet
  facet normal 1.344195e-01 -9.909245e-01 -8.999830e-05
    outer loop
      vertex   -1.440278e+01 9.529581e+01 3.500000e+00
      vertex   -1.443525e+01 9.529200e+01 -3.000000e+00
      vertex   -1.421418e+01 9.532198e+01 -3.000000e+00
    endloop
  endfacet
  facet normal 1.847757e-01 -9.827797e-01 1.403953e-03
    outer loop
      vertex   -1.421418e+01 9.532198e+01 -3.000000e+00
      vertex   -1.396278e+01 9.536925e+01 -3.000000e+00
      vertex   -1.440278e+01 9.529581e+01 3.500000e+00
    endloop
  endfacet
  facet normal 1.601174e-01 -9.870979e-01 -3.140276e-04
    outer loop
      vertex   -1.440278e+01 9.529581e+01 3.500000e+00
      vertex   -1.396278e+01 9.536925e+01 -3.000000e+00
      vertex   -1.435470e+01 9.530154e+01 1.000000e+01
    endloop
  endfacet
  facet normal 8.837616e-02 -9.960871e-01 2.246233e-04
    outer loop
      vertex   -1.440278e+01 9.529581e+01 3.500000e+00
      vertex   -1.435470e+01 9.530154e+01 1.000000e+01
      vertex   -1.466137e+01 9.527433e+01 1.000000e+01
    endloop
  endfacet
  facet normal 1.702409e-01 -9.854025e-01 -4.946503e-13
    outer loop
      vertex   -1.396278e+01 9.536925e+01 -3.000000e+00
      vertex   -1.396278e+01 9.536925e+01 1.000000e+01
      vertex   -1.435470e+01 9.530154e+01 1.000000e+01
    endloop
  endfacet
  facet normal 6.871331e-02 -9.976363e-01 -5.627351e-04
    outer loop
      vertex   -1.440278e+01 9.529581e+01 3.500000e+00
      vertex   -1.466137e+01 9.527433e+01 1.000000e+01
      vertex   -1.475766e+01 9.527137e+01 3.500000e+00
    endloop
  endfacet
  facet normal 5.454986e-03 -9.999851e-01 3.754609e-04
    outer loop
      vertex   -1.475766e+01 9.527137e+01 3.500000e+00
      vertex   -1.466137e+01 9.527433e+01 1.000000e+01
      vertex   -1.490265e+01 9.527302e+01 1.000000e+01
    endloop
  endfacet
  facet normal -1.007887e-02 -9.999492e-01 2.894987e-05
    outer loop
      vertex   -1.475766e+01 9.527137e+01 3.500000e+00
      vertex   -1.490265e+01 9.527302e+01 1.000000e+01
      vertex   -1.489589e+01 9.527276e+01 3.500000e+00
    endloop
  endfacet
  facet normal -6.406219e-02 -9.979459e-01 -2.726994e-05
    outer loop
      vertex   -1.489589e+01 9.527276e+01 3.500000e+00
      vertex   -1.490265e+01 9.527302e+01 1.000000e+01
      vertex   -1.500314e+01 9.527964e+01 3.500000e+00
    endloop
  endfacet
  facet normal -7.025384e-02 -9.975291e-01 6.887097e-05
    outer loop
      vertex   -1.490265e+01 9.527302e+01 1.000000e+01
      vertex   -1.501882e+01 9.528120e+01 1.000000e+01
      vertex   -1.500314e+01 9.527964e+01 3.500000e+00
    endloop
  endfacet
  facet normal -1.198624e-01 -9.927905e-01 -5.194935e-05
    outer loop
      vertex   -1.500314e+01 9.527964e+01 3.500000e+00
      vertex   -1.501882e+01 9.528120e+01 1.000000e+01
      vertex   -1.507477e+01 9.528829e+01 3.500000e+00
    endloop
  endfacet
  facet normal -1.263676e-01 -9.919835e-01 4.927489e-06
    outer loop
      vertex   -1.501882e+01 9.528120e+01 1.000000e+01
      vertex   -1.507597e+01 9.528848e+01 1.000000e+01
      vertex   -1.507477e+01 9.528829e+01 3.500000e+00
    endloop
  endfacet
  facet normal -1.755167e-01 -9.844764e-01 -4.362789e-06
    outer loop
      vertex   -1.507477e+01 9.528829e+01 3.500000e+00
      vertex   -1.507597e+01 9.528848e+01 1.000000e+01
      vertex   -1.510485e+01 9.529363e+01 1.000000e+01
    endloop
  endfacet
  facet normal 9.875210e-01 -1.574873e-01 -1.290815e-13
    outer loop
      vertex   -1.384925e+01 9.601310e+01 1.000000e+01
      vertex   -1.388357e+01 9.579787e+01 1.000000e+01
      vertex   -1.384925e+01 9.601310e+01 -3.000000e+00
    endloop
  endfacet
  facet normal 9.875210e-01 -1.574873e-01 -9.688058e-14
    outer loop
      vertex   -1.384925e+01 9.601310e+01 -3.000000e+00
      vertex   -1.388357e+01 9.579787e+01 1.000000e+01
      vertex   -1.388357e+01 9.579787e+01 -4.732000e+00
    endloop
  endfacet
  facet normal 9.875210e-01 -1.574873e-01 -1.271157e-12
    outer loop
      vertex   -1.384925e+01 9.601310e+01 -3.000000e+00
      vertex   -1.388357e+01 9.579787e+01 -4.732000e+00
      vertex   -1.384925e+01 9.601310e+01 -4.732000e+00
    endloop
  endfacet
  facet normal 9.848078e-01 -1.736482e-01 -1.101718e-13
    outer loop
      vertex   -1.388357e+01 9.579787e+01 -4.732000e+00
      vertex   -1.388357e+01 9.579787e+01 1.000000e+01
      vertex   -1.392142e+01 9.558324e+01 -4.732000e+00
    endloop
  endfacet
  facet normal 9.848078e-01 -1.736482e-01 -1.123921e-13
    outer loop
      vertex   -1.392142e+01 9.558324e+01 -4.732000e+00
      vertex   -1.388357e+01 9.579787e+01 1.000000e+01
      vertex   -1.392142e+01 9.558324e+01 1.000000e+01
    endloop
  endfacet
  facet normal 9.818300e-01 -1.897624e-01 -1.224692e-13
    outer loop
      vertex   -1.392142e+01 9.558324e+01 -4.732000e+00
      vertex   -1.392142e+01 9.558324e+01 1.000000e+01
      vertex   -1.396278e+01 9.536925e+01 -3.000000e+00
    endloop
  endfacet
  facet normal 9.818300e-01 -1.897624e-01 -1.445351e-13
    outer loop
      vertex   -1.396278e+01 9.536925e+01 -3.000000e+00
      vertex   -1.392142e+01 9.558324e+01 1.000000e+01
      vertex   -1.396278e+01 9.536925e+01 1.000000e+01
    endloop
  endfacet
  facet normal 9.818300e-01 -1.897624e-01 0.000000e+00
    outer loop
      vertex   -1.396278e+01 9.536925e+01 -3.000000e+00
      vertex   -1.396278e+01 9.536925e+01 -4.732000e+00
      vertex   -1.392142e+01 9.558324e+01 -4.732000e+00
    endloop
  endfacet
  facet normal 4.970016e-01 8.677496e-01 4.102003e-13
    outer loop
      vertex   -1.384925e+01 9.601310e+01 -3.000000e+00
      vertex   -1.419438e+01 9.621077e+01 -3.000000e+00
      vertex   -1.384925e+01 9.601310e+01 1.000000e+01
    endloop
  endfacet
  facet normal 4.880686e-01 8.728052e-01 3.140276e-04
    outer loop
      vertex   -1.384925e+01 9.601310e+01 1.000000e+01
      vertex   -1.419438e+01 9.621077e+01 -3.000000e+00
      vertex   -1.423760e+01 9.623261e+01 3.500000e+00
    endloop
  endfacet
  facet normal 5.097628e-01 8.603138e-01 -1.403953e-03
    outer loop
      vertex   -1.384925e+01 9.601310e+01 1.000000e+01
      vertex   -1.423760e+01 9.623261e+01 3.500000e+00
      vertex   -1.406932e+01 9.614350e+01 1.000000e+01
    endloop
  endfacet
  facet normal 4.652291e-01 8.851903e-01 8.999834e-05
    outer loop
      vertex   -1.406932e+01 9.614350e+01 1.000000e+01
      vertex   -1.423760e+01 9.623261e+01 3.500000e+00
      vertex   -1.426681e+01 9.624730e+01 1.000000e+01
    endloop
  endfacet
  facet normal 4.191803e-01 9.079030e-01 -1.682487e-04
    outer loop
      vertex   -1.426681e+01 9.624730e+01 1.000000e+01
      vertex   -1.423760e+01 9.623261e+01 3.500000e+00
      vertex   -1.444033e+01 9.632741e+01 1.000000e+01
    endloop
  endfacet
  facet normal 4.057811e-01 9.139701e-01 -6.746413e-04
    outer loop
      vertex   -1.444033e+01 9.632741e+01 1.000000e+01
      vertex   -1.423760e+01 9.623261e+01 3.500000e+00
      vertex   -1.456272e+01 9.637695e+01 3.500000e+00
    endloop
  endfacet
  facet normal 3.719024e-01 9.282718e-01 7.227987e-05
    outer loop
      vertex   -1.444033e+01 9.632741e+01 1.000000e+01
      vertex   -1.456272e+01 9.637695e+01 3.500000e+00
      vertex   -1.458849e+01 9.638677e+01 1.000000e+01
    endloop
  endfacet
  facet normal 3.325317e-01 9.430921e-01 -1.062372e-04
    outer loop
      vertex   -1.458849e+01 9.638677e+01 1.000000e+01
      vertex   -1.456272e+01 9.637695e+01 3.500000e+00
      vertex   -1.469309e+01 9.642292e+01 3.500000e+00
    endloop
  endfacet
  facet normal 3.236442e-01 9.461789e-01 5.394316e-05
    outer loop
      vertex   -1.458849e+01 9.638677e+01 1.000000e+01
      vertex   -1.469309e+01 9.642292e+01 3.500000e+00
      vertex   -1.470993e+01 9.642831e+01 1.000000e+01
    endloop
  endfacet
  facet normal 2.811188e-01 9.596730e-01 -6.740254e-05
    outer loop
      vertex   -1.470993e+01 9.642831e+01 1.000000e+01
      vertex   -1.469309e+01 9.642292e+01 3.500000e+00
      vertex   -1.479622e+01 9.645313e+01 3.500000e+00
    endloop
  endfacet
  facet normal 2.745017e-01 9.615866e-01 2.775132e-05
    outer loop
      vertex   -1.470993e+01 9.642831e+01 1.000000e+01
      vertex   -1.479622e+01 9.645313e+01 3.500000e+00
      vertex   -1.480324e+01 9.645495e+01 1.000000e+01
    endloop
  endfacet
  facet normal 2.269205e-01 9.739133e-01 -2.710338e-05
    outer loop
      vertex   -1.480324e+01 9.645495e+01 1.000000e+01
      vertex   -1.479622e+01 9.645313e+01 3.500000e+00
      vertex   -1.486649e+01 9.646950e+01 3.500000e+00
    endloop
  endfacet
  facet normal 2.240022e-01 9.745886e-01 2.806002e-06
    outer loop
      vertex   -1.480324e+01 9.645495e+01 1.000000e+01
      vertex   -1.486649e+01 9.646950e+01 3.500000e+00
      vertex   -1.486705e+01 9.646961e+01 1.000000e+01
    endloop
  endfacet
  facet normal 1.723030e-01 9.850440e-01 -1.862726e-06
    outer loop
      vertex   -1.486705e+01 9.646961e+01 1.000000e+01
      vertex   -1.486649e+01 9.646950e+01 3.500000e+00
      vertex   -1.489658e+01 9.647478e+01 1.000000e+01
    endloop
  endfacet
  facet normal 1.726933e-01 9.849756e-01 4.812617e-13
    outer loop
      vertex   -1.489658e+01 9.647478e+01 1.000000e+01
      vertex   -1.486649e+01 9.646950e+01 3.500000e+00
      vertex   -1.489658e+01 9.647478e+01 -3.000000e+00
    endloop
  endfacet
  facet normal 1.717790e-01 9.851355e-01 4.362777e-06
    outer loop
      vertex   -1.489658e+01 9.647478e+01 -3.000000e+00
      vertex   -1.486649e+01 9.646950e+01 3.500000e+00
      vertex   -1.486768e+01 9.646974e+01 -3.000000e+00
    endloop
  endfacet
  facet normal 2.205316e-01 9.753798e-01 -4.927477e-06
    outer loop
      vertex   -1.486768e+01 9.646974e+01 -3.000000e+00
      vertex   -1.486649e+01 9.646950e+01 3.500000e+00
      vertex   -1.481149e+01 9.645703e+01 -3.000000e+00
    endloop
  endfacet
  facet normal 2.269205e-01 9.739133e-01 5.194934e-05
    outer loop
      vertex   -1.481149e+01 9.645703e+01 -3.000000e+00
      vertex   -1.486649e+01 9.646950e+01 3.500000e+00
      vertex   -1.479622e+01 9.645313e+01 3.500000e+00
    endloop
  endfacet
  facet normal 2.751580e-01 9.613990e-01 -6.887096e-05
    outer loop
      vertex   -1.481149e+01 9.645703e+01 -3.000000e+00
      vertex   -1.479622e+01 9.645313e+01 3.500000e+00
      vertex   -1.469953e+01 9.642499e+01 -3.000000e+00
    endloop
  endfacet
  facet normal 2.811188e-01 9.596730e-01 2.726992e-05
    outer loop
      vertex   -1.469953e+01 9.642499e+01 -3.000000e+00
      vertex   -1.479622e+01 9.645313e+01 3.500000e+00
      vertex   -1.469309e+01 9.642292e+01 3.500000e+00
    endloop
  endfacet
  facet normal 3.325317e-01 9.430921e-01 -2.894986e-05
    outer loop
      vertex   -1.469953e+01 9.642499e+01 -3.000000e+00
      vertex   -1.469309e+01 9.642292e+01 3.500000e+00
      vertex   -1.456272e+01 9.637695e+01 3.500000e+00
    endloop
  endfacet
  facet normal 4.237283e-01 9.057893e-01 -2.246233e-04
    outer loop
      vertex   -1.419438e+01 9.621077e+01 -3.000000e+00
      vertex   -1.447325e+01 9.634123e+01 -3.000000e+00
      vertex   -1.423760e+01 9.623261e+01 3.500000e+00
    endloop
  endfacet
  facet normal 4.057811e-01 9.139701e-01 5.627351e-04
    outer loop
      vertex   -1.423760e+01 9.623261e+01 3.500000e+00
      vertex   -1.447325e+01 9.634123e+01 -3.000000e+00
      vertex   -1.456272e+01 9.637695e+01 3.500000e+00
    endloop
  endfacet
  facet normal 3.471410e-01 9.378129e-01 -3.754609e-04
    outer loop
      vertex   -1.447325e+01 9.634123e+01 -3.000000e+00
      vertex   -1.469953e+01 9.642499e+01 -3.000000e+00
      vertex   -1.456272e+01 9.637695e+01 3.500000e+00
    endloop
  endfacet
  facet normal 1.308886e-01 9.913971e-01 1.342407e-16
    outer loop
      vertex   -1.489658e+01 9.647478e+01 -4.732000e+00
      vertex   -1.489706e+01 9.647484e+01 -4.732000e+00
      vertex   -1.489658e+01 9.647478e+01 -3.000000e+00
    endloop
  endfacet
  facet normal 1.308886e-01 9.913971e-01 0.000000e+00
    outer loop
      vertex   -1.489658e+01 9.647478e+01 -3.000000e+00
      vertex   -1.489706e+01 9.647484e+01 -4.732000e+00
      vertex   -1.489706e+01 9.647484e+01 1.000000e+01
    endloop
  endfacet
  facet normal 1.308887e-01 9.913971e-01 4.868161e-13
    outer loop
      vertex   -1.489658e+01 9.647478e+01 -3.000000e+00
      vertex   -1.489706e+01 9.647484e+01 1.000000e+01
      vertex   -1.489658e+01 9.647478e+01 1.000000e+01
    endloop
  endfacet
  facet normal 1.250268e-01 9.921534e-01 0.000000e+00
    outer loop
      vertex   -1.536700e+01 9.653406e+01 1.000000e+01
      vertex   -1.489706e+01 9.647484e+01 1.000000e+01
      vertex   -1.536700e+01 9.653406e+01 -4.732000e+00
    endloop
  endfacet
  facet normal 1.250268e-01 9.921534e-01 0.000000e+00
    outer loop
      vertex   -1.536700e+01 9.653406e+01 -4.732000e+00
      vertex   -1.489706e+01 9.647484e+01 1.000000e+01
      vertex   -1.489706e+01 9.647484e+01 -4.732000e+00
    endloop
  endfacet
  facet normal 9.980864e-01 -6.183473e-02 -1.203474e-16
    outer loop
      vertex   -1.528918e+01 9.742362e+01 -4.732000e+00
      vertex   -1.528918e+01 9.742362e+01 1.000000e+01
      vertex   -1.530758e+01 9.712647e+01 -4.732000e+00
    endloop
  endfacet
  facet normal 9.980864e-01 -6.183473e-02 -6.179575e-14
    outer loop
      vertex   -1.530758e+01 9.712647e+01 -4.732000e+00
      vertex   -1.528918e+01 9.742362e+01 1.000000e+01
      vertex   -1.530758e+01 9.712647e+01 1.000000e+01
    endloop
  endfacet
  facet normal 9.961947e-01 -8.715574e-02 -6.180132e-14
    outer loop
      vertex   -1.530758e+01 9.712647e+01 -4.732000e+00
      vertex   -1.530758e+01 9.712647e+01 1.000000e+01
      vertex   -1.533353e+01 9.682989e+01 -4.732000e+00
    endloop
  endfacet
  facet normal 9.961947e-01 -8.715574e-02 -8.423955e-14
    outer loop
      vertex   -1.533353e+01 9.682989e+01 -4.732000e+00
      vertex   -1.530758e+01 9.712647e+01 1.000000e+01
      vertex   -1.533353e+01 9.682989e+01 1.000000e+01
    endloop
  endfacet
  facet normal 9.936607e-01 -1.124206e-01 -8.424654e-14
    outer loop
      vertex   -1.533353e+01 9.682989e+01 -4.732000e+00
      vertex   -1.533353e+01 9.682989e+01 1.000000e+01
      vertex   -1.536700e+01 9.653406e+01 -4.732000e+00
    endloop
  endfacet
  facet normal 9.936607e-01 -1.124206e-01 0.000000e+00
    outer loop
      vertex   -1.536700e+01 9.653406e+01 -4.732000e+00
      vertex   -1.533353e+01 9.682989e+01 1.000000e+01
      vertex   -1.536700e+01 9.653406e+01 1.000000e+01
    endloop
  endfacet
  facet normal -4.915825e-02 -9.987910e-01 -0.000000e+00
    outer loop
      vertex   -1.481609e+01 9.740034e+01 1.000000e+01
      vertex   -1.528918e+01 9.742362e+01 1.000000e+01
      vertex   -1.481609e+01 9.740034e+01 -4.732000e+00
    endloop
  endfacet
  facet normal -4.915825e-02 -9.987910e-01 5.966406e-18
    outer loop
      vertex   -1.481609e+01 9.740034e+01 -4.732000e+00
      vertex   -1.528918e+01 9.742362e+01 1.000000e+01
      vertex   -1.528918e+01 9.742362e+01 -4.732000e+00
    endloop
  endfacet
  facet normal -4.325413e-02 -9.990641e-01 -5.010498e-13
    outer loop
      vertex   -1.481561e+01 9.740031e+01 1.000000e+01
      vertex   -1.481609e+01 9.740034e+01 1.000000e+01
      vertex   -1.481561e+01 9.740031e+01 -3.000000e+00
    endloop
  endfacet
  facet normal -4.325412e-02 -9.990641e-01 0.000000e+00
    outer loop
      vertex   -1.481561e+01 9.740031e+01 -3.000000e+00
      vertex   -1.481609e+01 9.740034e+01 1.000000e+01
      vertex   -1.481609e+01 9.740034e+01 -4.732000e+00
    endloop
  endfacet
  facet normal -4.325410e-02 -9.990641e-01 -5.067483e-12
    outer loop
      vertex   -1.481561e+01 9.740031e+01 -3.000000e+00
      vertex   -1.481609e+01 9.740034e+01 -4.732000e+00
      vertex   -1.481561e+01 9.740031e+01 -4.732000e+00
    endloop
  endfacet
  facet normal -9.695124e-04 -9.999995e-01 -5.038844e-13
    outer loop
      vertex   -1.481561e+01 9.740031e+01 1.000000e+01
      vertex   -1.481561e+01 9.740031e+01 -3.000000e+00
      vertex   -1.478506e+01 9.740028e+01 3.500000e+00
    endloop
  endfacet
  facet normal -1.365806e-03 -9.999991e-01 1.862687e-06
    outer loop
      vertex   -1.478506e+01 9.740028e+01 3.500000e+00
      vertex   -1.481561e+01 9.740031e+01 -3.000000e+00
      vertex   -1.478563e+01 9.740027e+01 -3.000000e+00
    endloop
  endfacet
  facet normal 5.136357e-02 -9.986800e-01 -2.805939e-06
    outer loop
      vertex   -1.478506e+01 9.740028e+01 3.500000e+00
      vertex   -1.478563e+01 9.740027e+01 -3.000000e+00
      vertex   -1.472024e+01 9.740364e+01 -3.000000e+00
    endloop
  endfacet
  facet normal 5.435483e-02 -9.985217e-01 2.710332e-05
    outer loop
      vertex   -1.478506e+01 9.740028e+01 3.500000e+00
      vertex   -1.472024e+01 9.740364e+01 -3.000000e+00
      vertex   -1.471301e+01 9.740421e+01 3.500000e+00
    endloop
  endfacet
  facet normal 1.033537e-01 -9.946447e-01 -2.775118e-05
    outer loop
      vertex   -1.471301e+01 9.740421e+01 3.500000e+00
      vertex   -1.472024e+01 9.740364e+01 -3.000000e+00
      vertex   -1.462372e+01 9.741367e+01 -3.000000e+00
    endloop
  endfacet
  facet normal 1.102025e-01 -9.939091e-01 6.740250e-05
    outer loop
      vertex   -1.471301e+01 9.740421e+01 3.500000e+00
      vertex   -1.462372e+01 9.741367e+01 -3.000000e+00
      vertex   -1.460620e+01 9.741605e+01 3.500000e+00
    endloop
  endfacet
  facet normal 1.544251e-01 -9.880045e-01 -5.394300e-05
    outer loop
      vertex   -1.460620e+01 9.741605e+01 3.500000e+00
      vertex   -1.462372e+01 9.741367e+01 -3.000000e+00
      vertex   -1.449692e+01 9.743349e+01 -3.000000e+00
    endloop
  endfacet
  facet normal 1.637136e-01 -9.865079e-01 1.062371e-04
    outer loop
      vertex   -1.460620e+01 9.741605e+01 3.500000e+00
      vertex   -1.449692e+01 9.743349e+01 -3.000000e+00
      vertex   -1.446983e+01 9.743868e+01 3.500000e+00
    endloop
  endfacet
  facet normal 2.050597e-01 -9.787495e-01 -7.227970e-05
    outer loop
      vertex   -1.446983e+01 9.743868e+01 3.500000e+00
      vertex   -1.449692e+01 9.743349e+01 -3.000000e+00
      vertex   -1.434069e+01 9.746622e+01 -3.000000e+00
    endloop
  endfacet
  facet normal 2.409071e-01 -9.705479e-01 6.746414e-04
    outer loop
      vertex   -1.446983e+01 9.743868e+01 3.500000e+00
      vertex   -1.434069e+01 9.746622e+01 -3.000000e+00
      vertex   -1.412459e+01 9.752438e+01 3.500000e+00
    endloop
  endfacet
  facet normal 2.551563e-01 -9.668998e-01 1.682486e-04
    outer loop
      vertex   -1.412459e+01 9.752438e+01 3.500000e+00
      vertex   -1.434069e+01 9.746622e+01 -3.000000e+00
      vertex   -1.415590e+01 9.751498e+01 -3.000000e+00
    endloop
  endfacet
  facet normal 3.044496e-01 -9.525285e-01 -8.999822e-05
    outer loop
      vertex   -1.412459e+01 9.752438e+01 3.500000e+00
      vertex   -1.415590e+01 9.751498e+01 -3.000000e+00
      vertex   -1.394339e+01 9.758290e+01 -3.000000e+00
    endloop
  endfacet
  facet normal 3.526264e-01 -9.357631e-01 1.403953e-03
    outer loop
      vertex   -1.394339e+01 9.758290e+01 -3.000000e+00
      vertex   -1.370402e+01 9.767311e+01 -3.000000e+00
      vertex   -1.412459e+01 9.752438e+01 3.500000e+00
    endloop
  endfacet
  facet normal 3.290927e-01 -9.442976e-01 -3.140277e-04
    outer loop
      vertex   -1.412459e+01 9.752438e+01 3.500000e+00
      vertex   -1.370402e+01 9.767311e+01 -3.000000e+00
      vertex   -1.407823e+01 9.753837e+01 1.000000e+01
    endloop
  endfacet
  facet normal 2.600022e-01 -9.656080e-01 2.246234e-04
    outer loop
      vertex   -1.412459e+01 9.752438e+01 3.500000e+00
      vertex   -1.407823e+01 9.753837e+01 1.000000e+01
      vertex   -1.437551e+01 9.745832e+01 1.000000e+01
    endloop
  endfacet
  facet normal 3.387679e-01 -9.408700e-01 -4.912219e-13
    outer loop
      vertex   -1.370402e+01 9.767311e+01 -3.000000e+00
      vertex   -1.370402e+01 9.767311e+01 1.000000e+01
      vertex   -1.407823e+01 9.753837e+01 1.000000e+01
    endloop
  endfacet
  facet normal 2.409071e-01 -9.705480e-01 -5.627352e-04
    outer loop
      vertex   -1.412459e+01 9.752438e+01 3.500000e+00
      vertex   -1.437551e+01 9.745832e+01 1.000000e+01
      vertex   -1.446983e+01 9.743868e+01 3.500000e+00
    endloop
  endfacet
  facet normal 1.790177e-01 -9.838458e-01 3.754609e-04
    outer loop
      vertex   -1.446983e+01 9.743868e+01 3.500000e+00
      vertex   -1.437551e+01 9.745832e+01 1.000000e+01
      vertex   -1.461290e+01 9.741513e+01 1.000000e+01
    endloop
  endfacet
  facet normal 1.637136e-01 -9.865079e-01 2.894981e-05
    outer loop
      vertex   -1.446983e+01 9.743868e+01 3.500000e+00
      vertex   -1.461290e+01 9.741513e+01 1.000000e+01
      vertex   -1.460620e+01 9.741605e+01 3.500000e+00
    endloop
  endfacet
  facet normal 1.102026e-01 -9.939091e-01 -2.726989e-05
    outer loop
      vertex   -1.460620e+01 9.741605e+01 3.500000e+00
      vertex   -1.461290e+01 9.741513e+01 1.000000e+01
      vertex   -1.471301e+01 9.740421e+01 3.500000e+00
    endloop
  endfacet
  facet normal 1.040326e-01 -9.945739e-01 6.887095e-05
    outer loop
      vertex   -1.461290e+01 9.741513e+01 1.000000e+01
      vertex   -1.472872e+01 9.740301e+01 1.000000e+01
      vertex   -1.471301e+01 9.740421e+01 3.500000e+00
    endloop
  endfacet
  facet normal 5.435483e-02 -9.985217e-01 -5.194934e-05
    outer loop
      vertex   -1.471301e+01 9.740421e+01 3.500000e+00
      vertex   -1.472872e+01 9.740301e+01 1.000000e+01
      vertex   -1.478506e+01 9.740028e+01 3.500000e+00
    endloop
  endfacet
  facet normal 4.780833e-02 -9.988565e-01 4.927466e-06
    outer loop
      vertex   -1.472872e+01 9.740301e+01 1.000000e+01
      vertex   -1.478627e+01 9.740026e+01 1.000000e+01
      vertex   -1.478506e+01 9.740028e+01 3.500000e+00
    endloop
  endfacet
  facet normal -1.897706e-03 -9.999982e-01 -4.362768e-06
    outer loop
      vertex   -1.478506e+01 9.740028e+01 3.500000e+00
      vertex   -1.478627e+01 9.740026e+01 1.000000e+01
      vertex   -1.481561e+01 9.740031e+01 1.000000e+01
    endloop
  endfacet
  facet normal 9.998657e-01 1.638649e-02 -4.174010e-14
    outer loop
      vertex   -1.370402e+01 9.832689e+01 1.000000e+01
      vertex   -1.370045e+01 9.810897e+01 1.000000e+01
      vertex   -1.370402e+01 9.832689e+01 -3.000000e+00
    endloop
  endfacet
  facet normal 9.998657e-01 1.638649e-02 -1.875639e-14
    outer loop
      vertex   -1.370402e+01 9.832689e+01 -3.000000e+00
      vertex   -1.370045e+01 9.810897e+01 1.000000e+01
      vertex   -1.370045e+01 9.810897e+01 -4.732000e+00
    endloop
  endfacet
  facet normal 9.998657e-01 1.638649e-02 -3.862578e-13
    outer loop
      vertex   -1.370402e+01 9.832689e+01 -3.000000e+00
      vertex   -1.370045e+01 9.810897e+01 -4.732000e+00
      vertex   -1.370402e+01 9.832689e+01 -4.732000e+00
    endloop
  endfacet
  facet normal 1.000000e+00 -1.793085e-13 -3.279725e-14
    outer loop
      vertex   -1.370045e+01 9.810897e+01 -4.732000e+00
      vertex   -1.370045e+01 9.810897e+01 1.000000e+01
      vertex   -1.370045e+01 9.789103e+01 -4.732000e+00
    endloop
  endfacet
  facet normal 1.000000e+00 0.000000e+00 -3.544997e-14
    outer loop
      vertex   -1.370045e+01 9.789103e+01 -4.732000e+00
      vertex   -1.370045e+01 9.810897e+01 1.000000e+01
      vertex   -1.370045e+01 9.789103e+01 1.000000e+01
    endloop
  endfacet
  facet normal 9.998657e-01 -1.638649e-02 -4.609900e-14
    outer loop
      vertex   -1.370045e+01 9.789103e+01 -4.732000e+00
      vertex   -1.370045e+01 9.789103e+01 1.000000e+01
      vertex   -1.370402e+01 9.767311e+01 -3.000000e+00
    endloop
  endfacet
  facet normal 9.998657e-01 -1.638649e-02 -5.867222e-14
    outer loop
      vertex   -1.370402e+01 9.767311e+01 -3.000000e+00
      vertex   -1.370045e+01 9.789103e+01 1.000000e+01
      vertex   -1.370402e+01 9.767311e+01 1.000000e+01
    endloop
  endfacet
  facet normal 9.998657e-01 -1.638649e-02 1.916496e-15
    outer loop
      vertex   -1.370402e+01 9.767311e+01 -3.000000e+00
      vertex   -1.370402e+01 9.767311e+01 -4.732000e+00
      vertex   -1.370045e+01 9.789103e+01 -4.732000e+00
    endloop
  endfacet
  facet normal 3.387679e-01 9.408700e-01 4.653804e-13
    outer loop
      vertex   -1.370402e+01 9.832689e+01 -3.000000e+00
      vertex   -1.407823e+01 9.846163e+01 -3.000000e+00
      vertex   -1.370402e+01 9.832689e+01 1.000000e+01
    endloop
  endfacet
  facet normal 3.290927e-01 9.442976e-01 3.140277e-04
    outer loop
      vertex   -1.370402e+01 9.832689e+01 1.000000e+01
      vertex   -1.407823e+01 9.846163e+01 -3.000000e+00
      vertex   -1.412459e+01 9.847562e+01 3.500000e+00
    endloop
  endfacet
  facet normal 3.526264e-01 9.357631e-01 -1.403953e-03
    outer loop
      vertex   -1.370402e+01 9.832689e+01 1.000000e+01
      vertex   -1.412459e+01 9.847562e+01 3.500000e+00
      vertex   -1.394339e+01 9.841710e+01 1.000000e+01
    endloop
  endfacet
  facet normal 3.044496e-01 9.525285e-01 8.999830e-05
    outer loop
      vertex   -1.394339e+01 9.841710e+01 1.000000e+01
      vertex   -1.412459e+01 9.847562e+01 3.500000e+00
      vertex   -1.415590e+01 9.848502e+01 1.000000e+01
    endloop
  endfacet
  facet normal 2.551563e-01 9.668998e-01 -1.682487e-04
    outer loop
      vertex   -1.415590e+01 9.848502e+01 1.000000e+01
      vertex   -1.412459e+01 9.847562e+01 3.500000e+00
      vertex   -1.434069e+01 9.853378e+01 1.000000e+01
    endloop
  endfacet
  facet normal 2.409071e-01 9.705479e-01 -6.746414e-04
    outer loop
      vertex   -1.434069e+01 9.853378e+01 1.000000e+01
      vertex   -1.412459e+01 9.847562e+01 3.500000e+00
      vertex   -1.446983e+01 9.856132e+01 3.500000e+00
    endloop
  endfacet
  facet normal 2.050597e-01 9.787495e-01 7.227980e-05
    outer loop
      vertex   -1.434069e+01 9.853378e+01 1.000000e+01
      vertex   -1.446983e+01 9.856132e+01 3.500000e+00
      vertex   -1.449692e+01 9.856651e+01 1.000000e+01
    endloop
  endfacet
  facet normal 1.637136e-01 9.865079e-01 -1.062372e-04
    outer loop
      vertex   -1.449692e+01 9.856651e+01 1.000000e+01
      vertex   -1.446983e+01 9.856132e+01 3.500000e+00
      vertex   -1.460620e+01 9.858395e+01 3.500000e+00
    endloop
  endfacet
  facet normal 1.544251e-01 9.880045e-01 5.394310e-05
    outer loop
      vertex   -1.449692e+01 9.856651e+01 1.000000e+01
      vertex   -1.460620e+01 9.858395e+01 3.500000e+00
      vertex   -1.462372e+01 9.858633e+01 1.000000e+01
    endloop
  endfacet
  facet normal 1.102025e-01 9.939091e-01 -6.740256e-05
    outer loop
      vertex   -1.462372e+01 9.858633e+01 1.000000e+01
      vertex   -1.460620e+01 9.858395e+01 3.500000e+00
      vertex   -1.471301e+01 9.859579e+01 3.500000e+00
    endloop
  endfacet
  facet normal 1.033537e-01 9.946447e-01 2.775127e-05
    outer loop
      vertex   -1.462372e+01 9.858633e+01 1.000000e+01
      vertex   -1.471301e+01 9.859579e+01 3.500000e+00
      vertex   -1.472024e+01 9.859636e+01 1.000000e+01
    endloop
  endfacet
  facet normal 5.435483e-02 9.985217e-01 -2.710338e-05
    outer loop
      vertex   -1.472024e+01 9.859636e+01 1.000000e+01
      vertex   -1.471301e+01 9.859579e+01 3.500000e+00
      vertex   -1.478506e+01 9.859972e+01 3.500000e+00
    endloop
  endfacet
  facet normal 5.136356e-02 9.986800e-01 2.805988e-06
    outer loop
      vertex   -1.472024e+01 9.859636e+01 1.000000e+01
      vertex   -1.478506e+01 9.859972e+01 3.500000e+00
      vertex   -1.478563e+01 9.859973e+01 1.000000e+01
    endloop
  endfacet
  facet normal -1.365813e-03 9.999991e-01 -1.862719e-06
    outer loop
      vertex   -1.478563e+01 9.859973e+01 1.000000e+01
      vertex   -1.478506e+01 9.859972e+01 3.500000e+00
      vertex   -1.481561e+01 9.859969e+01 1.000000e+01
    endloop
  endfacet
  facet normal -9.695126e-04 9.999995e-01 5.083652e-13
    outer loop
      vertex   -1.481561e+01 9.859969e+01 1.000000e+01
      vertex   -1.478506e+01 9.859972e+01 3.500000e+00
      vertex   -1.481561e+01 9.859969e+01 -3.000000e+00
    endloop
  endfacet
  facet normal -1.897708e-03 9.999982e-01 4.362774e-06
    outer loop
      vertex   -1.481561e+01 9.859969e+01 -3.000000e+00
      vertex   -1.478506e+01 9.859972e+01 3.500000e+00
      vertex   -1.478627e+01 9.859974e+01 -3.000000e+00
    endloop
  endfacet
  facet normal 4.780833e-02 9.988565e-01 -4.927474e-06
    outer loop
      vertex   -1.478627e+01 9.859974e+01 -3.000000e+00
      vertex   -1.478506e+01 9.859972e+01 3.500000e+00
      vertex   -1.472872e+01 9.859699e+01 -3.000000e+00
    endloop
  endfacet
  facet normal 5.435483e-02 9.985217e-01 5.194934e-05
    outer loop
      vertex   -1.472872e+01 9.859699e+01 -3.000000e+00
      vertex   -1.478506e+01 9.859972e+01 3.500000e+00
      vertex   -1.471301e+01 9.859579e+01 3.500000e+00
    endloop
  endfacet
  facet normal 1.040326e-01 9.945739e-01 -6.887095e-05
    outer loop
      vertex   -1.472872e+01 9.859699e+01 -3.000000e+00
      vertex   -1.471301e+01 9.859579e+01 3.500000e+00
      vertex   -1.461290e+01 9.858487e+01 -3.000000e+00
    endloop
  endfacet
  facet normal 1.102026e-01 9.939091e-01 2.726989e-05
    outer loop
      vertex   -1.461290e+01 9.858487e+01 -3.000000e+00
      vertex   -1.471301e+01 9.859579e+01 3.500000e+00
      vertex   -1.460620e+01 9.858395e+01 3.500000e+00
    endloop
  endfacet
  facet normal 1.637136e-01 9.865079e-01 -2.894983e-05
    outer loop
      vertex   -1.461290e+01 9.858487e+01 -3.000000e+00
      vertex   -1.460620e+01 9.858395e+01 3.500000e+00
      vertex   -1.446983e+01 9.856132e+01 3.500000e+00
    endloop
  endfacet
  facet normal 2.600022e-01 9.656080e-01 -2.246234e-04
    outer loop
      vertex   -1.407823e+01 9.846163e+01 -3.000000e+00
      vertex   -1.437551e+01 9.854168e+01 -3.000000e+00
      vertex   -1.412459e+01 9.847562e+01 3.500000e+00
    endloop
  endfacet
  facet normal 2.409071e-01 9.705480e-01 5.627352e-04
    outer loop
      vertex   -1.412459e+01 9.847562e+01 3.500000e+00
      vertex   -1.437551e+01 9.854168e+01 -3.000000e+00
      vertex   -1.446983e+01 9.856132e+01 3.500000e+00
    endloop
  endfacet
  facet normal 1.790177e-01 9.838458e-01 -3.754609e-04
    outer loop
      vertex   -1.437551e+01 9.854168e+01 -3.000000e+00
      vertex   -1.461290e+01 9.858487e+01 -3.000000e+00
      vertex   -1.446983e+01 9.856132e+01 3.500000e+00
    endloop
  endfacet
  facet normal -4.325415e-02 9.990641e-01 8.152841e-15
    outer loop
      vertex   -1.481561e+01 9.859969e+01 -4.732000e+00
      vertex   -1.481609e+01 9.859966e+01 -4.732000e+00
      vertex   -1.481561e+01 9.859969e+01 -3.000000e+00
    endloop
  endfacet
  facet normal -4.325415e-02 9.990641e-01 0.000000e+00
    outer loop
      vertex   -1.481561e+01 9.859969e+01 -3.000000e+00
      vertex   -1.481609e+01 9.859966e+01 -4.732000e+00
      vertex   -1.481609e+01 9.859966e+01 1.000000e+01
    endloop
  endfacet
  facet normal -4.325413e-02 9.990641e-01 5.102470e-13
    outer loop
      vertex   -1.481561e+01 9.859969e+01 -3.000000e+00
      vertex   -1.481609e+01 9.859966e+01 1.000000e+01
      vertex   -1.481561e+01 9.859969e+01 1.000000e+01
    endloop
  endfacet
  facet normal 9.854025e-01 1.702409e-01 2.376360e-16
    outer loop
      vertex   -2.436925e+01 1.110372e+02 1.000000e+01
      vertex   -2.430154e+01 1.106453e+02 1.000000e+01
      vertex   -2.436925e+01 1.110372e+02 -4.732000e+00
    endloop
  endfacet
  facet normal 9.870979e-01 1.601174e-01 -2.771083e-04
    outer loop
      vertex   -2.436925e+01 1.110372e+02 -4.732000e+00
      vertex   -2.430154e+01 1.106453e+02 1.000000e+01
      vertex   -2.429581e+01 1.105972e+02 2.634000e+00
    endloop
  endfacet
  facet normal 9.854024e-01 1.702409e-01 3.445134e-04
    outer loop
      vertex   -2.436925e+01 1.110372e+02 -4.732000e+00
      vertex   -2.429581e+01 1.105972e+02 2.634000e+00
      vertex   -2.430154e+01 1.106453e+02 -4.732000e+00
    endloop
  endfacet
  facet normal 9.960872e-01 8.837616e-02 -1.982150e-04
    outer loop
      vertex   -2.430154e+01 1.106453e+02 -4.732000e+00
      vertex   -2.429581e+01 1.105972e+02 2.634000e+00
      vertex   -2.427433e+01 1.103386e+02 -4.732000e+00
    endloop
  endfacet
  facet normal 9.976363e-01 6.871332e-02 4.965760e-04
    outer loop
      vertex   -2.427433e+01 1.103386e+02 -4.732000e+00
      vertex   -2.429581e+01 1.105972e+02 2.634000e+00
      vertex   -2.427137e+01 1.102423e+02 2.634000e+00
    endloop
  endfacet
  facet normal 9.999851e-01 5.454991e-03 -3.313190e-04
    outer loop
      vertex   -2.427433e+01 1.103386e+02 -4.732000e+00
      vertex   -2.427137e+01 1.102423e+02 2.634000e+00
      vertex   -2.427302e+01 1.100973e+02 -4.732000e+00
    endloop
  endfacet
  facet normal 9.999492e-01 -1.007887e-02 -2.554628e-05
    outer loop
      vertex   -2.427302e+01 1.100973e+02 -4.732000e+00
      vertex   -2.427137e+01 1.102423e+02 2.634000e+00
      vertex   -2.427276e+01 1.101041e+02 2.634000e+00
    endloop
  endfacet
  facet normal 9.979459e-01 -6.406219e-02 2.406385e-05
    outer loop
      vertex   -2.427302e+01 1.100973e+02 -4.732000e+00
      vertex   -2.427276e+01 1.101041e+02 2.634000e+00
      vertex   -2.427964e+01 1.099969e+02 2.634000e+00
    endloop
  endfacet
  facet normal 9.979459e-01 -6.406219e-02 -2.406385e-05
    outer loop
      vertex   -2.427964e+01 1.099969e+02 2.634000e+00
      vertex   -2.427276e+01 1.101041e+02 2.634000e+00
      vertex   -2.427302e+01 1.100973e+02 1.000000e+01
    endloop
  endfacet
  facet normal 9.975291e-01 -7.025383e-02 6.077399e-05
    outer loop
      vertex   -2.427964e+01 1.099969e+02 2.634000e+00
      vertex   -2.427302e+01 1.100973e+02 1.000000e+01
      vertex   -2.428120e+01 1.099812e+02 1.000000e+01
    endloop
  endfacet
  facet normal 9.960872e-01 8.837616e-02 1.982150e-04
    outer loop
      vertex   -2.430154e+01 1.106453e+02 1.000000e+01
      vertex   -2.427433e+01 1.103386e+02 1.000000e+01
      vertex   -2.429581e+01 1.105972e+02 2.634000e+00
    endloop
  endfacet
  facet normal 9.976363e-01 6.871332e-02 -4.965760e-04
    outer loop
      vertex   -2.429581e+01 1.105972e+02 2.634000e+00
      vertex   -2.427433e+01 1.103386e+02 1.000000e+01
      vertex   -2.427137e+01 1.102423e+02 2.634000e+00
    endloop
  endfacet
  facet normal 9.999851e-01 5.454991e-03 3.313190e-04
    outer loop
      vertex   -2.427433e+01 1.103386e+02 1.000000e+01
      vertex   -2.427302e+01 1.100973e+02 1.000000e+01
      vertex   -2.427137e+01 1.102423e+02 2.634000e+00
    endloop
  endfacet
  facet normal 9.999492e-01 -1.007887e-02 2.554628e-05
    outer loop
      vertex   -2.427137e+01 1.102423e+02 2.634000e+00
      vertex   -2.427302e+01 1.100973e+02 1.000000e+01
      vertex   -2.427276e+01 1.101041e+02 2.634000e+00
    endloop
  endfacet
  facet normal 9.927905e-01 -1.198624e-01 -4.584180e-05
    outer loop
      vertex   -2.427964e+01 1.099969e+02 2.634000e+00
      vertex   -2.428120e+01 1.099812e+02 1.000000e+01
      vertex   -2.428829e+01 1.099252e+02 2.634000e+00
    endloop
  endfacet
  facet normal 9.919835e-01 -1.263676e-01 4.348161e-06
    outer loop
      vertex   -2.428829e+01 1.099252e+02 2.634000e+00
      vertex   -2.428120e+01 1.099812e+02 1.000000e+01
      vertex   -2.428848e+01 1.099240e+02 1.000000e+01
    endloop
  endfacet
  facet normal 9.844764e-01 -1.755167e-01 -3.849852e-06
    outer loop
      vertex   -2.428829e+01 1.099252e+02 2.634000e+00
      vertex   -2.428848e+01 1.099240e+02 1.000000e+01
      vertex   -2.429363e+01 1.098951e+02 1.000000e+01
    endloop
  endfacet
  facet normal 9.844764e-01 -1.755167e-01 -4.074747e-13
    outer loop
      vertex   -2.429363e+01 1.098951e+02 -4.732000e+00
      vertex   -2.428848e+01 1.099240e+02 -4.732000e+00
      vertex   -2.429363e+01 1.098951e+02 1.000000e+01
    endloop
  endfacet
  facet normal 9.847883e-01 -1.737587e-01 3.555533e-06
    outer loop
      vertex   -2.429363e+01 1.098951e+02 1.000000e+01
      vertex   -2.428848e+01 1.099240e+02 -4.732000e+00
      vertex   -2.428829e+01 1.099252e+02 2.634000e+00
    endloop
  endfacet
  facet normal 9.919835e-01 -1.263676e-01 -4.348162e-06
    outer loop
      vertex   -2.428848e+01 1.099240e+02 -4.732000e+00
      vertex   -2.428120e+01 1.099812e+02 -4.732000e+00
      vertex   -2.428829e+01 1.099252e+02 2.634000e+00
    endloop
  endfacet
  facet normal 9.927905e-01 -1.198624e-01 4.584180e-05
    outer loop
      vertex   -2.428829e+01 1.099252e+02 2.634000e+00
      vertex   -2.428120e+01 1.099812e+02 -4.732000e+00
      vertex   -2.427964e+01 1.099969e+02 2.634000e+00
    endloop
  endfacet
  facet normal 9.975291e-01 -7.025383e-02 -6.077399e-05
    outer loop
      vertex   -2.428120e+01 1.099812e+02 -4.732000e+00
      vertex   -2.427302e+01 1.100973e+02 -4.732000e+00
      vertex   -2.427964e+01 1.099969e+02 2.634000e+00
    endloop
  endfacet
  facet normal 9.763751e-01 -2.160827e-01 -4.535205e-13
    outer loop
      vertex   -2.429363e+01 1.098951e+02 -4.732000e+00
      vertex   -2.429363e+01 1.098951e+02 1.000000e+01
      vertex   -2.429373e+01 1.098947e+02 -4.732000e+00
    endloop
  endfacet
  facet normal 9.763751e-01 -2.160827e-01 -4.534935e-13
    outer loop
      vertex   -2.429373e+01 1.098947e+02 -4.732000e+00
      vertex   -2.429363e+01 1.098951e+02 1.000000e+01
      vertex   -2.429373e+01 1.098947e+02 1.000000e+01
    endloop
  endfacet
  facet normal 9.750809e-01 -2.218497e-01 -4.600163e-13
    outer loop
      vertex   -2.429373e+01 1.098947e+02 1.000000e+01
      vertex   -2.439881e+01 1.094328e+02 1.000000e+01
      vertex   -2.429373e+01 1.098947e+02 -4.732000e+00
    endloop
  endfacet
  facet normal 9.750809e-01 -2.218497e-01 -4.594372e-13
    outer loop
      vertex   -2.429373e+01 1.098947e+02 -4.732000e+00
      vertex   -2.439881e+01 1.094328e+02 1.000000e+01
      vertex   -2.439881e+01 1.094328e+02 -4.732000e+00
    endloop
  endfacet
  facet normal 2.342112e-01 9.721857e-01 1.090530e-12
    outer loop
      vertex   -2.439881e+01 1.094328e+02 -4.732000e+00
      vertex   -2.439881e+01 1.094328e+02 1.000000e+01
      vertex   -2.410938e+01 1.093631e+02 -4.732000e+00
    endloop
  endfacet
  facet normal 2.342112e-01 9.721857e-01 4.822023e-13
    outer loop
      vertex   -2.410938e+01 1.093631e+02 -4.732000e+00
      vertex   -2.439881e+01 1.094328e+02 1.000000e+01
      vertex   -2.410938e+01 1.093631e+02 1.000000e+01
    endloop
  endfacet
  facet normal 2.588190e-01 9.659258e-01 4.699149e-13
    outer loop
      vertex   -2.410938e+01 1.093631e+02 -4.732000e+00
      vertex   -2.410938e+01 1.093631e+02 1.000000e+01
      vertex   -2.382181e+01 1.092860e+02 -4.732000e+00
    endloop
  endfacet
  facet normal 2.588190e-01 9.659258e-01 4.706460e-13
    outer loop
      vertex   -2.382181e+01 1.092860e+02 -4.732000e+00
      vertex   -2.410938e+01 1.093631e+02 1.000000e+01
      vertex   -2.382181e+01 1.092860e+02 1.000000e+01
    endloop
  endfacet
  facet normal 2.832600e-01 9.590432e-01 4.577461e-13
    outer loop
      vertex   -2.382181e+01 1.092860e+02 -4.732000e+00
      vertex   -2.382181e+01 1.092860e+02 1.000000e+01
      vertex   -2.353628e+01 1.092017e+02 -4.732000e+00
    endloop
  endfacet
  facet normal 2.832600e-01 9.590432e-01 1.064849e-12
    outer loop
      vertex   -2.353628e+01 1.092017e+02 -4.732000e+00
      vertex   -2.382181e+01 1.092860e+02 1.000000e+01
      vertex   -2.353628e+01 1.092017e+02 1.000000e+01
    endloop
  endfacet
  facet normal -9.553696e-01 2.954130e-01 5.321693e-13
    outer loop
      vertex   -2.353628e+01 1.092017e+02 1.000000e+01
      vertex   -2.339636e+01 1.096542e+02 1.000000e+01
      vertex   -2.353628e+01 1.092017e+02 -4.732000e+00
    endloop
  endfacet
  facet normal -9.553696e-01 2.954130e-01 5.331322e-13
    outer loop
      vertex   -2.353628e+01 1.092017e+02 -4.732000e+00
      vertex   -2.339636e+01 1.096542e+02 1.000000e+01
      vertex   -2.339636e+01 1.096542e+02 -4.732000e+00
    endloop
  endfacet
  facet normal -9.536069e-01 3.010545e-01 5.394063e-13
    outer loop
      vertex   -2.339636e+01 1.096542e+02 1.000000e+01
      vertex   -2.339621e+01 1.096547e+02 1.000000e+01
      vertex   -2.339636e+01 1.096542e+02 -4.732000e+00
    endloop
  endfacet
  facet normal -9.536069e-01 3.010545e-01 2.321288e-13
    outer loop
      vertex   -2.339636e+01 1.096542e+02 -4.732000e+00
      vertex   -2.339621e+01 1.096547e+02 1.000000e+01
      vertex   -2.339621e+01 1.096547e+02 -4.732000e+00
    endloop
  endfacet
  facet normal -9.401589e-01 3.407364e-01 1.643721e-06
    outer loop
      vertex   -2.338600e+01 1.096829e+02 -4.732000e+00
      vertex   -2.339621e+01 1.096547e+02 -4.732000e+00
      vertex   -2.338579e+01 1.096834e+02 2.634000e+00
    endloop
  endfacet
  facet normal -9.400238e-01 3.411089e-01 2.510221e-13
    outer loop
      vertex   -2.338579e+01 1.096834e+02 2.634000e+00
      vertex   -2.339621e+01 1.096547e+02 -4.732000e+00
      vertex   -2.339621e+01 1.096547e+02 1.000000e+01
    endloop
  endfacet
  facet normal -9.401589e-01 3.407364e-01 -1.643685e-06
    outer loop
      vertex   -2.338579e+01 1.096834e+02 2.634000e+00
      vertex   -2.339621e+01 1.096547e+02 1.000000e+01
      vertex   -2.338600e+01 1.096829e+02 1.000000e+01
    endloop
  endfacet
  facet normal -9.208849e-01 3.898347e-01 2.476036e-06
    outer loop
      vertex   -2.338600e+01 1.096829e+02 1.000000e+01
      vertex   -2.336047e+01 1.097432e+02 1.000000e+01
      vertex   -2.338579e+01 1.096834e+02 2.634000e+00
    endloop
  endfacet
  facet normal -9.197130e-01 3.925914e-01 -2.391684e-05
    outer loop
      vertex   -2.338579e+01 1.096834e+02 2.634000e+00
      vertex   -2.336047e+01 1.097432e+02 1.000000e+01
      vertex   -2.335746e+01 1.097498e+02 2.634000e+00
    endloop
  endfacet
  facet normal -9.197130e-01 3.925914e-01 2.391690e-05
    outer loop
      vertex   -2.338579e+01 1.096834e+02 2.634000e+00
      vertex   -2.335746e+01 1.097498e+02 2.634000e+00
      vertex   -2.336047e+01 1.097432e+02 -4.732000e+00
    endloop
  endfacet
  facet normal -8.993112e-01 4.373092e-01 -2.448860e-05
    outer loop
      vertex   -2.336047e+01 1.097432e+02 -4.732000e+00
      vertex   -2.335746e+01 1.097498e+02 2.634000e+00
      vertex   -2.331804e+01 1.098304e+02 -4.732000e+00
    endloop
  endfacet
  facet normal -8.962776e-01 4.434935e-01 5.947823e-05
    outer loop
      vertex   -2.331804e+01 1.098304e+02 -4.732000e+00
      vertex   -2.335746e+01 1.097498e+02 2.634000e+00
      vertex   -2.330981e+01 1.098461e+02 2.634000e+00
    endloop
  endfacet
  facet normal -8.756040e-01 4.830296e-01 -4.760112e-05
    outer loop
      vertex   -2.331804e+01 1.098304e+02 -4.732000e+00
      vertex   -2.330981e+01 1.098461e+02 2.634000e+00
      vertex   -2.325604e+01 1.099428e+02 -4.732000e+00
    endloop
  endfacet
  facet normal -8.710208e-01 4.912460e-01 9.374718e-05
    outer loop
      vertex   -2.325604e+01 1.099428e+02 -4.732000e+00
      vertex   -2.330981e+01 1.098461e+02 2.634000e+00
      vertex   -2.324190e+01 1.099665e+02 2.634000e+00
    endloop
  endfacet
  facet normal -8.495891e-01 5.274451e-01 -6.378202e-05
    outer loop
      vertex   -2.325604e+01 1.099428e+02 -4.732000e+00
      vertex   -2.324190e+01 1.099665e+02 2.634000e+00
      vertex   -2.317186e+01 1.100784e+02 -4.732000e+00
    endloop
  endfacet
  facet normal -8.296217e-01 5.583256e-01 5.953257e-04
    outer loop
      vertex   -2.317186e+01 1.100784e+02 -4.732000e+00
      vertex   -2.324190e+01 1.099665e+02 2.634000e+00
      vertex   -2.304329e+01 1.102616e+02 2.634000e+00
    endloop
  endfacet
  facet normal -8.213200e-01 5.704677e-01 1.484682e-04
    outer loop
      vertex   -2.317186e+01 1.100784e+02 -4.732000e+00
      vertex   -2.304329e+01 1.102616e+02 2.634000e+00
      vertex   -2.306283e+01 1.102354e+02 -4.732000e+00
    endloop
  endfacet
  facet normal -7.909561e-01 6.118729e-01 -7.941743e-05
    outer loop
      vertex   -2.306283e+01 1.102354e+02 -4.732000e+00
      vertex   -2.304329e+01 1.102616e+02 2.634000e+00
      vertex   -2.292632e+01 1.104119e+02 -4.732000e+00
    endloop
  endfacet
  facet normal -7.890726e-01 6.143000e-01 2.582801e-11
    outer loop
      vertex   -2.292632e+01 1.104119e+02 -4.732000e+00
      vertex   -2.304329e+01 1.102616e+02 2.634000e+00
      vertex   -2.292632e+01 1.104119e+02 1.000000e+01
    endloop
  endfacet
  facet normal -7.587251e-01 6.514109e-01 -3.025491e-11
    outer loop
      vertex   -2.292632e+01 1.104119e+02 -4.732000e+00
      vertex   -2.292632e+01 1.104119e+02 1.000000e+01
      vertex   -2.275968e+01 1.106059e+02 -4.732000e+00
    endloop
  endfacet
  facet normal -7.587251e-01 6.514109e-01 9.173596e-13
    outer loop
      vertex   -2.275968e+01 1.106059e+02 -4.732000e+00
      vertex   -2.292632e+01 1.104119e+02 1.000000e+01
      vertex   -2.275968e+01 1.106059e+02 1.000000e+01
    endloop
  endfacet
  facet normal -8.993112e-01 4.373092e-01 2.448851e-05
    outer loop
      vertex   -2.336047e+01 1.097432e+02 1.000000e+01
      vertex   -2.331804e+01 1.098304e+02 1.000000e+01
      vertex   -2.335746e+01 1.097498e+02 2.634000e+00
    endloop
  endfacet
  facet normal -8.962776e-01 4.434935e-01 -5.947816e-05
    outer loop
      vertex   -2.335746e+01 1.097498e+02 2.634000e+00
      vertex   -2.331804e+01 1.098304e+02 1.000000e+01
      vertex   -2.330981e+01 1.098461e+02 2.634000e+00
    endloop
  endfacet
  facet normal -8.756040e-01 4.830296e-01 4.760102e-05
    outer loop
      vertex   -2.331804e+01 1.098304e+02 1.000000e+01
      vertex   -2.325604e+01 1.099428e+02 1.000000e+01
      vertex   -2.330981e+01 1.098461e+02 2.634000e+00
    endloop
  endfacet
  facet normal -8.710208e-01 4.912460e-01 -9.374711e-05
    outer loop
      vertex   -2.330981e+01 1.098461e+02 2.634000e+00
      vertex   -2.325604e+01 1.099428e+02 1.000000e+01
      vertex   -2.324190e+01 1.099665e+02 2.634000e+00
    endloop
  endfacet
  facet normal -8.495891e-01 5.274451e-01 6.378192e-05
    outer loop
      vertex   -2.325604e+01 1.099428e+02 1.000000e+01
      vertex   -2.317186e+01 1.100784e+02 1.000000e+01
      vertex   -2.324190e+01 1.099665e+02 2.634000e+00
    endloop
  endfacet
  facet normal -8.296217e-01 5.583256e-01 -5.953258e-04
    outer loop
      vertex   -2.324190e+01 1.099665e+02 2.634000e+00
      vertex   -2.317186e+01 1.100784e+02 1.000000e+01
      vertex   -2.304329e+01 1.102616e+02 2.634000e+00
    endloop
  endfacet
  facet normal -8.213200e-01 5.704677e-01 -1.484680e-04
    outer loop
      vertex   -2.317186e+01 1.100784e+02 1.000000e+01
      vertex   -2.306283e+01 1.102354e+02 1.000000e+01
      vertex   -2.304329e+01 1.102616e+02 2.634000e+00
    endloop
  endfacet
  facet normal -7.909561e-01 6.118729e-01 7.941734e-05
    outer loop
      vertex   -2.304329e+01 1.102616e+02 2.634000e+00
      vertex   -2.306283e+01 1.102354e+02 1.000000e+01
      vertex   -2.292632e+01 1.104119e+02 1.000000e+01
    endloop
  endfacet
  facet normal -9.208849e-01 3.898346e-01 -2.476085e-06
    outer loop
      vertex   -2.336047e+01 1.097432e+02 -4.732000e+00
      vertex   -2.338600e+01 1.096829e+02 -4.732000e+00
      vertex   -2.338579e+01 1.096834e+02 2.634000e+00
    endloop
  endfacet
  facet normal 3.265760e-01 9.451710e-01 1.058070e-12
    outer loop
      vertex   -2.275968e+01 1.106059e+02 -4.732000e+00
      vertex   -2.275968e+01 1.106059e+02 1.000000e+01
      vertex   -2.255369e+01 1.105348e+02 -4.732000e+00
    endloop
  endfacet
  facet normal 3.265760e-01 9.451710e-01 4.612337e-13
    outer loop
      vertex   -2.255369e+01 1.105348e+02 -4.732000e+00
      vertex   -2.275968e+01 1.106059e+02 1.000000e+01
      vertex   -2.255369e+01 1.105348e+02 1.000000e+01
    endloop
  endfacet
  facet normal 3.420201e-01 9.396926e-01 4.537146e-13
    outer loop
      vertex   -2.255369e+01 1.105348e+02 -4.732000e+00
      vertex   -2.255369e+01 1.105348e+02 1.000000e+01
      vertex   -2.234888e+01 1.104602e+02 -4.732000e+00
    endloop
  endfacet
  facet normal 3.420201e-01 9.396926e-01 4.528398e-13
    outer loop
      vertex   -2.234888e+01 1.104602e+02 -4.732000e+00
      vertex   -2.255369e+01 1.105348e+02 1.000000e+01
      vertex   -2.234888e+01 1.104602e+02 1.000000e+01
    endloop
  endfacet
  facet normal 3.573725e-01 9.339619e-01 4.469620e-13
    outer loop
      vertex   -2.234888e+01 1.104602e+02 -4.732000e+00
      vertex   -2.234888e+01 1.104602e+02 1.000000e+01
      vertex   -2.214533e+01 1.103823e+02 -4.732000e+00
    endloop
  endfacet
  facet normal 3.573725e-01 9.339619e-01 4.419277e-13
    outer loop
      vertex   -2.214533e+01 1.103823e+02 -4.732000e+00
      vertex   -2.234888e+01 1.104602e+02 1.000000e+01
      vertex   -2.214533e+01 1.103823e+02 1.000000e+01
    endloop
  endfacet
  facet normal 9.999940e-01 -3.458825e-03 -8.108156e-14
    outer loop
      vertex   -2.214533e+01 1.103823e+02 1.000000e+01
      vertex   -2.214670e+01 1.099846e+02 1.000000e+01
      vertex   -2.214533e+01 1.103823e+02 -4.732000e+00
    endloop
  endfacet
  facet normal 9.999058e-01 -1.372285e-02 -2.771083e-04
    outer loop
      vertex   -2.214533e+01 1.103823e+02 -4.732000e+00
      vertex   -2.214670e+01 1.099846e+02 1.000000e+01
      vertex   -2.214941e+01 1.099363e+02 2.634000e+00
    endloop
  endfacet
  facet normal 9.999940e-01 -3.458825e-03 3.445134e-04
    outer loop
      vertex   -2.214533e+01 1.103823e+02 -4.732000e+00
      vertex   -2.214941e+01 1.099363e+02 2.634000e+00
      vertex   -2.214670e+01 1.099846e+02 -4.732000e+00
    endloop
  endfacet
  facet normal 9.963007e-01 -8.593519e-02 -1.982150e-04
    outer loop
      vertex   -2.214670e+01 1.099846e+02 -4.732000e+00
      vertex   -2.214941e+01 1.099363e+02 2.634000e+00
      vertex   -2.217316e+01 1.096779e+02 -4.732000e+00
    endloop
  endfacet
  facet normal 9.944119e-01 -1.055683e-01 4.965760e-04
    outer loop
      vertex   -2.217316e+01 1.096779e+02 -4.732000e+00
      vertex   -2.214941e+01 1.099363e+02 2.634000e+00
      vertex   -2.218696e+01 1.095825e+02 2.634000e+00
    endloop
  endfacet
  facet normal 9.857403e-01 -1.682735e-01 -3.313190e-04
    outer loop
      vertex   -2.217316e+01 1.096779e+02 -4.732000e+00
      vertex   -2.218696e+01 1.095825e+02 2.634000e+00
      vertex   -2.221376e+01 1.094400e+02 -4.732000e+00
    endloop
  endfacet
  facet normal 9.830076e-01 -1.835651e-01 -2.554628e-05
    outer loop
      vertex   -2.221376e+01 1.094400e+02 -4.732000e+00
      vertex   -2.218696e+01 1.095825e+02 2.634000e+00
      vertex   -2.221234e+01 1.094466e+02 2.634000e+00
    endloop
  endfacet
  facet normal 9.716606e-01 -2.363804e-01 2.406385e-05
    outer loop
      vertex   -2.221376e+01 1.094400e+02 -4.732000e+00
      vertex   -2.221234e+01 1.094466e+02 2.634000e+00
      vertex   -2.223774e+01 1.093422e+02 2.634000e+00
    endloop
  endfacet
  facet normal 9.716606e-01 -2.363804e-01 -2.406385e-05
    outer loop
      vertex   -2.223774e+01 1.093422e+02 2.634000e+00
      vertex   -2.221234e+01 1.094466e+02 2.634000e+00
      vertex   -2.221376e+01 1.094400e+02 1.000000e+01
    endloop
  endfacet
  facet normal 9.701750e-01 -2.424056e-01 6.077399e-05
    outer loop
      vertex   -2.223774e+01 1.093422e+02 2.634000e+00
      vertex   -2.221376e+01 1.094400e+02 1.000000e+01
      vertex   -2.224199e+01 1.093270e+02 1.000000e+01
    endloop
  endfacet
  facet normal 9.963007e-01 -8.593519e-02 1.982150e-04
    outer loop
      vertex   -2.214670e+01 1.099846e+02 1.000000e+01
      vertex   -2.217316e+01 1.096779e+02 1.000000e+01
      vertex   -2.214941e+01 1.099363e+02 2.634000e+00
    endloop
  endfacet
  facet normal 9.944119e-01 -1.055683e-01 -4.965760e-04
    outer loop
      vertex   -2.214941e+01 1.099363e+02 2.634000e+00
      vertex   -2.217316e+01 1.096779e+02 1.000000e+01
      vertex   -2.218696e+01 1.095825e+02 2.634000e+00
    endloop
  endfacet
  facet normal 9.857403e-01 -1.682735e-01 3.313190e-04
    outer loop
      vertex   -2.217316e+01 1.096779e+02 1.000000e+01
      vertex   -2.221376e+01 1.094400e+02 1.000000e+01
      vertex   -2.218696e+01 1.095825e+02 2.634000e+00
    endloop
  endfacet
  facet normal 9.830076e-01 -1.835651e-01 2.554627e-05
    outer loop
      vertex   -2.218696e+01 1.095825e+02 2.634000e+00
      vertex   -2.221376e+01 1.094400e+02 1.000000e+01
      vertex   -2.221234e+01 1.094466e+02 2.634000e+00
    endloop
  endfacet
  facet normal 9.568939e-01 -2.904377e-01 -4.584180e-05
    outer loop
      vertex   -2.223774e+01 1.093422e+02 2.634000e+00
      vertex   -2.224199e+01 1.093270e+02 1.000000e+01
      vertex   -2.225870e+01 1.092732e+02 2.634000e+00
    endloop
  endfacet
  facet normal 9.549695e-01 -2.967039e-01 4.348162e-06
    outer loop
      vertex   -2.225870e+01 1.092732e+02 2.634000e+00
      vertex   -2.224199e+01 1.093270e+02 1.000000e+01
      vertex   -2.225909e+01 1.092720e+02 1.000000e+01
    endloop
  endfacet
  facet normal 9.390419e-01 -3.438028e-01 -3.849853e-06
    outer loop
      vertex   -2.225870e+01 1.092732e+02 2.634000e+00
      vertex   -2.225909e+01 1.092720e+02 1.000000e+01
      vertex   -2.226917e+01 1.092445e+02 1.000000e+01
    endloop
  endfacet
  facet normal 9.390419e-01 -3.438028e-01 -5.751712e-13
    outer loop
      vertex   -2.226917e+01 1.092445e+02 -4.732000e+00
      vertex   -2.225909e+01 1.092720e+02 -4.732000e+00
      vertex   -2.226917e+01 1.092445e+02 1.000000e+01
    endloop
  endfacet
  facet normal 9.396542e-01 -3.421256e-01 3.555530e-06
    outer loop
      vertex   -2.226917e+01 1.092445e+02 1.000000e+01
      vertex   -2.225909e+01 1.092720e+02 -4.732000e+00
      vertex   -2.225870e+01 1.092732e+02 2.634000e+00
    endloop
  endfacet
  facet normal 9.549695e-01 -2.967039e-01 -4.348158e-06
    outer loop
      vertex   -2.225909e+01 1.092720e+02 -4.732000e+00
      vertex   -2.224199e+01 1.093270e+02 -4.732000e+00
      vertex   -2.225870e+01 1.092732e+02 2.634000e+00
    endloop
  endfacet
  facet normal 9.568939e-01 -2.904377e-01 4.584180e-05
    outer loop
      vertex   -2.225870e+01 1.092732e+02 2.634000e+00
      vertex   -2.224199e+01 1.093270e+02 -4.732000e+00
      vertex   -2.223774e+01 1.093422e+02 2.634000e+00
    endloop
  endfacet
  facet normal 9.701750e-01 -2.424056e-01 -6.077399e-05
    outer loop
      vertex   -2.224199e+01 1.093270e+02 -4.732000e+00
      vertex   -2.221376e+01 1.094400e+02 -4.732000e+00
      vertex   -2.223774e+01 1.093422e+02 2.634000e+00
    endloop
  endfacet
  facet normal 9.240194e-01 -3.823456e-01 -6.175464e-13
    outer loop
      vertex   -2.226917e+01 1.092445e+02 1.000000e+01
      vertex   -2.226936e+01 1.092440e+02 1.000000e+01
      vertex   -2.226917e+01 1.092445e+02 -4.732000e+00
    endloop
  endfacet
  facet normal 9.240194e-01 -3.823456e-01 -6.165860e-13
    outer loop
      vertex   -2.226917e+01 1.092445e+02 -4.732000e+00
      vertex   -2.226936e+01 1.092440e+02 1.000000e+01
      vertex   -2.226936e+01 1.092440e+02 -4.732000e+00
    endloop
  endfacet
  facet normal 9.217434e-01 -3.878003e-01 -6.225454e-13
    outer loop
      vertex   -2.226936e+01 1.092440e+02 1.000000e+01
      vertex   -2.245304e+01 1.088074e+02 1.000000e+01
      vertex   -2.226936e+01 1.092440e+02 -4.732000e+00
    endloop
  endfacet
  facet normal 9.217434e-01 -3.878003e-01 -6.243128e-13
    outer loop
      vertex   -2.226936e+01 1.092440e+02 -4.732000e+00
      vertex   -2.245304e+01 1.088074e+02 1.000000e+01
      vertex   -2.245304e+01 1.088074e+02 -4.732000e+00
    endloop
  endfacet
  facet normal 3.994713e-01 9.167457e-01 9.945745e-13
    outer loop
      vertex   -2.245304e+01 1.088074e+02 -4.732000e+00
      vertex   -2.245304e+01 1.088074e+02 1.000000e+01
      vertex   -2.218011e+01 1.086885e+02 -4.732000e+00
    endloop
  endfacet
  facet normal 3.994713e-01 9.167457e-01 4.414993e-13
    outer loop
      vertex   -2.218011e+01 1.086885e+02 -4.732000e+00
      vertex   -2.245304e+01 1.088074e+02 1.000000e+01
      vertex   -2.218011e+01 1.086885e+02 1.000000e+01
    endloop
  endfacet
  facet normal 4.226183e-01 9.063078e-01 4.309089e-13
    outer loop
      vertex   -2.218011e+01 1.086885e+02 -4.732000e+00
      vertex   -2.218011e+01 1.086885e+02 1.000000e+01
      vertex   -2.191029e+01 1.085627e+02 -4.732000e+00
    endloop
  endfacet
  facet normal 4.226183e-01 9.063078e-01 4.216658e-13
    outer loop
      vertex   -2.191029e+01 1.085627e+02 -4.732000e+00
      vertex   -2.218011e+01 1.086885e+02 1.000000e+01
      vertex   -2.191029e+01 1.085627e+02 1.000000e+01
    endloop
  endfacet
  facet normal 4.454928e-01 8.952855e-01 4.163822e-13
    outer loop
      vertex   -2.191029e+01 1.085627e+02 -4.732000e+00
      vertex   -2.191029e+01 1.085627e+02 1.000000e+01
      vertex   -2.164375e+01 1.084301e+02 -4.732000e+00
    endloop
  endfacet
  facet normal 4.454928e-01 8.952855e-01 -0.000000e+00
    outer loop
      vertex   -2.164375e+01 1.084301e+02 -4.732000e+00
      vertex   -2.191029e+01 1.085627e+02 1.000000e+01
      vertex   -2.164375e+01 1.084301e+02 1.000000e+01
    endloop
  endfacet
  facet normal 1.000000e+00 7.016608e-14 0.000000e+00
    outer loop
      vertex   -2.800000e+01 1.111000e+02 1.000000e+01
      vertex   -2.800000e+01 1.096823e+02 1.000000e+01
      vertex   -2.800000e+01 1.111000e+02 -4.732000e+00
    endloop
  endfacet
  facet normal 1.000000e+00 -1.355709e-12 -1.372179e-13
    outer loop
      vertex   -2.800000e+01 1.111000e+02 -4.732000e+00
      vertex   -2.800000e+01 1.096823e+02 1.000000e+01
      vertex   -2.800000e+01 1.096823e+02 -4.732000e+00
    endloop
  endfacet
  facet normal -7.927274e-02 9.968530e-01 1.195556e-12
    outer loop
      vertex   -2.800000e+01 1.096823e+02 -4.732000e+00
      vertex   -2.800000e+01 1.096823e+02 1.000000e+01
      vertex   -2.785891e+01 1.096935e+02 -4.732000e+00
    endloop
  endfacet
  facet normal -7.927274e-02 9.968530e-01 5.076044e-13
    outer loop
      vertex   -2.785891e+01 1.096935e+02 -4.732000e+00
      vertex   -2.800000e+01 1.096823e+02 1.000000e+01
      vertex   -2.785891e+01 1.096935e+02 1.000000e+01
    endloop
  endfacet
  facet normal -6.723407e-02 9.977372e-01 5.066034e-13
    outer loop
      vertex   -2.785891e+01 1.096935e+02 -4.732000e+00
      vertex   -2.785891e+01 1.096935e+02 1.000000e+01
      vertex   -2.771770e+01 1.097030e+02 -4.732000e+00
    endloop
  endfacet
  facet normal -6.723407e-02 9.977372e-01 5.054938e-13
    outer loop
      vertex   -2.771770e+01 1.097030e+02 -4.732000e+00
      vertex   -2.785891e+01 1.096935e+02 1.000000e+01
      vertex   -2.771770e+01 1.097030e+02 1.000000e+01
    endloop
  endfacet
  facet normal -5.518561e-02 9.984761e-01 5.039250e-13
    outer loop
      vertex   -2.771770e+01 1.097030e+02 -4.732000e+00
      vertex   -2.771770e+01 1.097030e+02 1.000000e+01
      vertex   -2.757638e+01 1.097108e+02 -4.732000e+00
    endloop
  endfacet
  facet normal -5.518561e-02 9.984761e-01 1.186112e-12
    outer loop
      vertex   -2.757638e+01 1.097108e+02 -4.732000e+00
      vertex   -2.771770e+01 1.097030e+02 1.000000e+01
      vertex   -2.757638e+01 1.097108e+02 1.000000e+01
    endloop
  endfacet
  facet normal -9.987910e-01 -4.915825e-02 1.773272e-13
    outer loop
      vertex   -2.757638e+01 1.097108e+02 1.000000e+01
      vertex   -2.759966e+01 1.101839e+02 1.000000e+01
      vertex   -2.757638e+01 1.097108e+02 -4.732000e+00
    endloop
  endfacet
  facet normal -9.987910e-01 -4.915825e-02 1.801740e-13
    outer loop
      vertex   -2.757638e+01 1.097108e+02 -4.732000e+00
      vertex   -2.759966e+01 1.101839e+02 1.000000e+01
      vertex   -2.759966e+01 1.101839e+02 -4.732000e+00
    endloop
  endfacet
  facet normal -9.990641e-01 -4.325413e-02 1.872101e-13
    outer loop
      vertex   -2.759966e+01 1.101839e+02 1.000000e+01
      vertex   -2.759969e+01 1.101844e+02 1.000000e+01
      vertex   -2.759966e+01 1.101839e+02 -4.732000e+00
    endloop
  endfacet
  facet normal -9.990641e-01 -4.325413e-02 8.142178e-14
    outer loop
      vertex   -2.759966e+01 1.101839e+02 -4.732000e+00
      vertex   -2.759969e+01 1.101844e+02 1.000000e+01
      vertex   -2.759969e+01 1.101844e+02 -4.732000e+00
    endloop
  endfacet
  facet normal -9.999991e-01 -1.365808e-03 1.643705e-06
    outer loop
      vertex   -2.759973e+01 1.102144e+02 -4.732000e+00
      vertex   -2.759969e+01 1.101844e+02 -4.732000e+00
      vertex   -2.759972e+01 1.102149e+02 2.634000e+00
    endloop
  endfacet
  facet normal -9.999995e-01 -9.695126e-04 1.027285e-13
    outer loop
      vertex   -2.759972e+01 1.102149e+02 2.634000e+00
      vertex   -2.759969e+01 1.101844e+02 -4.732000e+00
      vertex   -2.759969e+01 1.101844e+02 1.000000e+01
    endloop
  endfacet
  facet normal -9.999991e-01 -1.365803e-03 -1.643686e-06
    outer loop
      vertex   -2.759972e+01 1.102149e+02 2.634000e+00
      vertex   -2.759969e+01 1.101844e+02 1.000000e+01
      vertex   -2.759973e+01 1.102144e+02 1.000000e+01
    endloop
  endfacet
  facet normal -9.986800e-01 5.136357e-02 2.476042e-06
    outer loop
      vertex   -2.759973e+01 1.102144e+02 1.000000e+01
      vertex   -2.759636e+01 1.102798e+02 1.000000e+01
      vertex   -2.759972e+01 1.102149e+02 2.634000e+00
    endloop
  endfacet
  facet normal -9.985217e-01 5.435483e-02 -2.391683e-05
    outer loop
      vertex   -2.759972e+01 1.102149e+02 2.634000e+00
      vertex   -2.759636e+01 1.102798e+02 1.000000e+01
      vertex   -2.759579e+01 1.102870e+02 2.634000e+00
    endloop
  endfacet
  facet normal -9.985217e-01 5.435483e-02 2.391686e-05
    outer loop
      vertex   -2.759972e+01 1.102149e+02 2.634000e+00
      vertex   -2.759579e+01 1.102870e+02 2.634000e+00
      vertex   -2.759636e+01 1.102798e+02 -4.732000e+00
    endloop
  endfacet
  facet normal -9.946447e-01 1.033537e-01 -2.448859e-05
    outer loop
      vertex   -2.759636e+01 1.102798e+02 -4.732000e+00
      vertex   -2.759579e+01 1.102870e+02 2.634000e+00
      vertex   -2.758633e+01 1.103763e+02 -4.732000e+00
    endloop
  endfacet
  facet normal -9.939091e-01 1.102025e-01 5.947817e-05
    outer loop
      vertex   -2.758633e+01 1.103763e+02 -4.732000e+00
      vertex   -2.759579e+01 1.102870e+02 2.634000e+00
      vertex   -2.758395e+01 1.103938e+02 2.634000e+00
    endloop
  endfacet
  facet normal -9.880045e-01 1.544251e-01 -4.760112e-05
    outer loop
      vertex   -2.758633e+01 1.103763e+02 -4.732000e+00
      vertex   -2.758395e+01 1.103938e+02 2.634000e+00
      vertex   -2.756651e+01 1.105031e+02 -4.732000e+00
    endloop
  endfacet
  facet normal -9.865079e-01 1.637136e-01 9.374711e-05
    outer loop
      vertex   -2.756651e+01 1.105031e+02 -4.732000e+00
      vertex   -2.758395e+01 1.103938e+02 2.634000e+00
      vertex   -2.756132e+01 1.105302e+02 2.634000e+00
    endloop
  endfacet
  facet normal -9.787495e-01 2.050597e-01 -6.378203e-05
    outer loop
      vertex   -2.756651e+01 1.105031e+02 -4.732000e+00
      vertex   -2.756132e+01 1.105302e+02 2.634000e+00
      vertex   -2.753378e+01 1.106593e+02 -4.732000e+00
    endloop
  endfacet
  facet normal -9.705480e-01 2.409071e-01 5.953257e-04
    outer loop
      vertex   -2.753378e+01 1.106593e+02 -4.732000e+00
      vertex   -2.756132e+01 1.105302e+02 2.634000e+00
      vertex   -2.747562e+01 1.108754e+02 2.634000e+00
    endloop
  endfacet
  facet normal -9.668998e-01 2.551563e-01 1.484681e-04
    outer loop
      vertex   -2.753378e+01 1.106593e+02 -4.732000e+00
      vertex   -2.747562e+01 1.108754e+02 2.634000e+00
      vertex   -2.748502e+01 1.108441e+02 -4.732000e+00
    endloop
  endfacet
  facet normal -9.525285e-01 3.044496e-01 -7.941742e-05
    outer loop
      vertex   -2.748502e+01 1.108441e+02 -4.732000e+00
      vertex   -2.747562e+01 1.108754e+02 2.634000e+00
      vertex   -2.741710e+01 1.110566e+02 -4.732000e+00
    endloop
  endfacet
  facet normal -9.515886e-01 3.073745e-01 1.387291e-11
    outer loop
      vertex   -2.741710e+01 1.110566e+02 -4.732000e+00
      vertex   -2.747562e+01 1.108754e+02 2.634000e+00
      vertex   -2.741710e+01 1.110566e+02 1.000000e+01
    endloop
  endfacet
  facet normal -9.357640e-01 3.526268e-01 -1.611930e-11
    outer loop
      vertex   -2.741710e+01 1.110566e+02 -4.732000e+00
      vertex   -2.741710e+01 1.110566e+02 1.000000e+01
      vertex   -2.732689e+01 1.112960e+02 -4.732000e+00
    endloop
  endfacet
  facet normal -9.357640e-01 3.526268e-01 6.433860e-13
    outer loop
      vertex   -2.732689e+01 1.112960e+02 -4.732000e+00
      vertex   -2.741710e+01 1.110566e+02 1.000000e+01
      vertex   -2.732689e+01 1.112960e+02 1.000000e+01
    endloop
  endfacet
  facet normal -9.946447e-01 1.033537e-01 2.448854e-05
    outer loop
      vertex   -2.759636e+01 1.102798e+02 1.000000e+01
      vertex   -2.758633e+01 1.103763e+02 1.000000e+01
      vertex   -2.759579e+01 1.102870e+02 2.634000e+00
    endloop
  endfacet
  facet normal -9.939091e-01 1.102025e-01 -5.947814e-05
    outer loop
      vertex   -2.759579e+01 1.102870e+02 2.634000e+00
      vertex   -2.758633e+01 1.103763e+02 1.000000e+01
      vertex   -2.758395e+01 1.103938e+02 2.634000e+00
    endloop
  endfacet
  facet normal -9.880045e-01 1.544251e-01 4.760107e-05
    outer loop
      vertex   -2.758633e+01 1.103763e+02 1.000000e+01
      vertex   -2.756651e+01 1.105031e+02 1.000000e+01
      vertex   -2.758395e+01 1.103938e+02 2.634000e+00
    endloop
  endfacet
  facet normal -9.865079e-01 1.637136e-01 -9.374708e-05
    outer loop
      vertex   -2.758395e+01 1.103938e+02 2.634000e+00
      vertex   -2.756651e+01 1.105031e+02 1.000000e+01
      vertex   -2.756132e+01 1.105302e+02 2.634000e+00
    endloop
  endfacet
  facet normal -9.787495e-01 2.050597e-01 6.378198e-05
    outer loop
      vertex   -2.756651e+01 1.105031e+02 1.000000e+01
      vertex   -2.753378e+01 1.106593e+02 1.000000e+01
      vertex   -2.756132e+01 1.105302e+02 2.634000e+00
    endloop
  endfacet
  facet normal -9.705480e-01 2.409071e-01 -5.953257e-04
    outer loop
      vertex   -2.756132e+01 1.105302e+02 2.634000e+00
      vertex   -2.753378e+01 1.106593e+02 1.000000e+01
      vertex   -2.747562e+01 1.108754e+02 2.634000e+00
    endloop
  endfacet
  facet normal -9.668998e-01 2.551563e-01 -1.484680e-04
    outer loop
      vertex   -2.753378e+01 1.106593e+02 1.000000e+01
      vertex   -2.748502e+01 1.108441e+02 1.000000e+01
      vertex   -2.747562e+01 1.108754e+02 2.634000e+00
    endloop
  endfacet
  facet normal -9.525285e-01 3.044496e-01 7.941738e-05
    outer loop
      vertex   -2.747562e+01 1.108754e+02 2.634000e+00
      vertex   -2.748502e+01 1.108441e+02 1.000000e+01
      vertex   -2.741710e+01 1.110566e+02 1.000000e+01
    endloop
  endfacet
  facet normal -9.986800e-01 5.136357e-02 -2.476068e-06
    outer loop
      vertex   -2.759636e+01 1.102798e+02 -4.732000e+00
      vertex   -2.759973e+01 1.102144e+02 -4.732000e+00
      vertex   -2.759972e+01 1.102149e+02 2.634000e+00
    endloop
  endfacet
  facet normal -1.638649e-02 9.998657e-01 1.196021e-12
    outer loop
      vertex   -2.732689e+01 1.112960e+02 -4.732000e+00
      vertex   -2.732689e+01 1.112960e+02 1.000000e+01
      vertex   -2.710897e+01 1.112996e+02 -4.732000e+00
    endloop
  endfacet
  facet normal -1.638649e-02 9.998657e-01 5.151109e-13
    outer loop
      vertex   -2.710897e+01 1.112996e+02 -4.732000e+00
      vertex   -2.732689e+01 1.112960e+02 1.000000e+01
      vertex   -2.710897e+01 1.112996e+02 1.000000e+01
    endloop
  endfacet
  facet normal 6.520309e-14 1.000000e+00 5.122158e-13
    outer loop
      vertex   -2.710897e+01 1.112996e+02 -4.732000e+00
      vertex   -2.710897e+01 1.112996e+02 1.000000e+01
      vertex   -2.689103e+01 1.112996e+02 -4.732000e+00
    endloop
  endfacet
  facet normal 0.000000e+00 1.000000e+00 5.112512e-13
    outer loop
      vertex   -2.689103e+01 1.112996e+02 -4.732000e+00
      vertex   -2.710897e+01 1.112996e+02 1.000000e+01
      vertex   -2.689103e+01 1.112996e+02 1.000000e+01
    endloop
  endfacet
  facet normal 1.638649e-02 9.998657e-01 5.088866e-13
    outer loop
      vertex   -2.689103e+01 1.112996e+02 -4.732000e+00
      vertex   -2.689103e+01 1.112996e+02 1.000000e+01
      vertex   -2.667311e+01 1.112960e+02 -4.732000e+00
    endloop
  endfacet
  facet normal 1.638649e-02 9.998657e-01 5.066610e-13
    outer loop
      vertex   -2.667311e+01 1.112960e+02 -4.732000e+00
      vertex   -2.689103e+01 1.112996e+02 1.000000e+01
      vertex   -2.667311e+01 1.112960e+02 1.000000e+01
    endloop
  endfacet
  facet normal 9.408700e-01 3.387679e-01 7.873371e-14
    outer loop
      vertex   -2.667311e+01 1.112960e+02 1.000000e+01
      vertex   -2.653837e+01 1.109218e+02 1.000000e+01
      vertex   -2.667311e+01 1.112960e+02 -4.732000e+00
    endloop
  endfacet
  facet normal 9.442976e-01 3.290927e-01 -2.771083e-04
    outer loop
      vertex   -2.667311e+01 1.112960e+02 -4.732000e+00
      vertex   -2.653837e+01 1.109218e+02 1.000000e+01
      vertex   -2.652438e+01 1.108754e+02 2.634000e+00
    endloop
  endfacet
  facet normal 9.408699e-01 3.387678e-01 3.445134e-04
    outer loop
      vertex   -2.667311e+01 1.112960e+02 -4.732000e+00
      vertex   -2.652438e+01 1.108754e+02 2.634000e+00
      vertex   -2.653837e+01 1.109218e+02 -4.732000e+00
    endloop
  endfacet
  facet normal 9.656080e-01 2.600022e-01 -1.982150e-04
    outer loop
      vertex   -2.653837e+01 1.109218e+02 -4.732000e+00
      vertex   -2.652438e+01 1.108754e+02 2.634000e+00
      vertex   -2.645832e+01 1.106245e+02 -4.732000e+00
    endloop
  endfacet
  facet normal 9.705480e-01 2.409071e-01 4.965760e-04
    outer loop
      vertex   -2.645832e+01 1.106245e+02 -4.732000e+00
      vertex   -2.652438e+01 1.108754e+02 2.634000e+00
      vertex   -2.643868e+01 1.105302e+02 2.634000e+00
    endloop
  endfacet
  facet normal 9.838458e-01 1.790177e-01 -3.313190e-04
    outer loop
      vertex   -2.645832e+01 1.106245e+02 -4.732000e+00
      vertex   -2.643868e+01 1.105302e+02 2.634000e+00
      vertex   -2.641513e+01 1.103871e+02 -4.732000e+00
    endloop
  endfacet
  facet normal 9.865079e-01 1.637136e-01 -2.554628e-05
    outer loop
      vertex   -2.641513e+01 1.103871e+02 -4.732000e+00
      vertex   -2.643868e+01 1.105302e+02 2.634000e+00
      vertex   -2.641605e+01 1.103938e+02 2.634000e+00
    endloop
  endfacet
  facet normal 9.939091e-01 1.102026e-01 2.406386e-05
    outer loop
      vertex   -2.641513e+01 1.103871e+02 -4.732000e+00
      vertex   -2.641605e+01 1.103938e+02 2.634000e+00
      vertex   -2.640421e+01 1.102870e+02 2.634000e+00
    endloop
  endfacet
  facet normal 9.939091e-01 1.102026e-01 -2.406386e-05
    outer loop
      vertex   -2.640421e+01 1.102870e+02 2.634000e+00
      vertex   -2.641605e+01 1.103938e+02 2.634000e+00
      vertex   -2.641513e+01 1.103871e+02 1.000000e+01
    endloop
  endfacet
  facet normal 9.945739e-01 1.040326e-01 6.077399e-05
    outer loop
      vertex   -2.640421e+01 1.102870e+02 2.634000e+00
      vertex   -2.641513e+01 1.103871e+02 1.000000e+01
      vertex   -2.640301e+01 1.102713e+02 1.000000e+01
    endloop
  endfacet
  facet normal 9.656080e-01 2.600022e-01 1.982150e-04
    outer loop
      vertex   -2.653837e+01 1.109218e+02 1.000000e+01
      vertex   -2.645832e+01 1.106245e+02 1.000000e+01
      vertex   -2.652438e+01 1.108754e+02 2.634000e+00
    endloop
  endfacet
  facet normal 9.705480e-01 2.409071e-01 -4.965760e-04
    outer loop
      vertex   -2.652438e+01 1.108754e+02 2.634000e+00
      vertex   -2.645832e+01 1.106245e+02 1.000000e+01
      vertex   -2.643868e+01 1.105302e+02 2.634000e+00
    endloop
  endfacet
  facet normal 9.838458e-01 1.790177e-01 3.313190e-04
    outer loop
      vertex   -2.645832e+01 1.106245e+02 1.000000e+01
      vertex   -2.641513e+01 1.103871e+02 1.000000e+01
      vertex   -2.643868e+01 1.105302e+02 2.634000e+00
    endloop
  endfacet
  facet normal 9.865079e-01 1.637136e-01 2.554628e-05
    outer loop
      vertex   -2.643868e+01 1.105302e+02 2.634000e+00
      vertex   -2.641513e+01 1.103871e+02 1.000000e+01
      vertex   -2.641605e+01 1.103938e+02 2.634000e+00
    endloop
  endfacet
  facet normal 9.985217e-01 5.435483e-02 -4.584180e-05
    outer loop
      vertex   -2.640421e+01 1.102870e+02 2.634000e+00
      vertex   -2.640301e+01 1.102713e+02 1.000000e+01
      vertex   -2.640028e+01 1.102149e+02 2.634000e+00
    endloop
  endfacet
  facet normal 9.988565e-01 4.780833e-02 4.348164e-06
    outer loop
      vertex   -2.640028e+01 1.102149e+02 2.634000e+00
      vertex   -2.640301e+01 1.102713e+02 1.000000e+01
      vertex   -2.640026e+01 1.102137e+02 1.000000e+01
    endloop
  endfacet
  facet normal 9.999982e-01 -1.897708e-03 -3.849855e-06
    outer loop
      vertex   -2.640028e+01 1.102149e+02 2.634000e+00
      vertex   -2.640026e+01 1.102137e+02 1.000000e+01
      vertex   -2.640031e+01 1.101844e+02 1.000000e+01
    endloop
  endfacet
  facet normal 9.999982e-01 -1.897708e-03 -2.284448e-13
    outer loop
      vertex   -2.640031e+01 1.101844e+02 -4.732000e+00
      vertex   -2.640026e+01 1.102137e+02 -4.732000e+00
      vertex   -2.640031e+01 1.101844e+02 1.000000e+01
    endloop
  endfacet
  facet normal 1.000000e+00 -1.122769e-04 3.555535e-06
    outer loop
      vertex   -2.640031e+01 1.101844e+02 1.000000e+01
      vertex   -2.640026e+01 1.102137e+02 -4.732000e+00
      vertex   -2.640028e+01 1.102149e+02 2.634000e+00
    endloop
  endfacet
  facet normal 9.988565e-01 4.780833e-02 -4.348164e-06
    outer loop
      vertex   -2.640026e+01 1.102137e+02 -4.732000e+00
      vertex   -2.640301e+01 1.102713e+02 -4.732000e+00
      vertex   -2.640028e+01 1.102149e+02 2.634000e+00
    endloop
  endfacet
  facet normal 9.985217e-01 5.435483e-02 4.584180e-05
    outer loop
      vertex   -2.640028e+01 1.102149e+02 2.634000e+00
      vertex   -2.640301e+01 1.102713e+02 -4.732000e+00
      vertex   -2.640421e+01 1.102870e+02 2.634000e+00
    endloop
  endfacet
  facet normal 9.945739e-01 1.040326e-01 -6.077399e-05
    outer loop
      vertex   -2.640301e+01 1.102713e+02 -4.732000e+00
      vertex   -2.641513e+01 1.103871e+02 -4.732000e+00
      vertex   -2.640421e+01 1.102870e+02 2.634000e+00
    endloop
  endfacet
  facet normal 9.990641e-01 -4.325413e-02 -2.770630e-13
    outer loop
      vertex   -2.640031e+01 1.101844e+02 -4.732000e+00
      vertex   -2.640031e+01 1.101844e+02 1.000000e+01
      vertex   -2.640034e+01 1.101839e+02 -4.732000e+00
    endloop
  endfacet
  facet normal 9.990641e-01 -4.325413e-02 -2.774291e-13
    outer loop
      vertex   -2.640034e+01 1.101839e+02 -4.732000e+00
      vertex   -2.640031e+01 1.101844e+02 1.000000e+01
      vertex   -2.640034e+01 1.101839e+02 1.000000e+01
    endloop
  endfacet
  facet normal 9.987910e-01 -4.915825e-02 -2.843554e-13
    outer loop
      vertex   -2.640034e+01 1.101839e+02 1.000000e+01
      vertex   -2.642362e+01 1.097108e+02 1.000000e+01
      vertex   -2.640034e+01 1.101839e+02 -4.732000e+00
    endloop
  endfacet
  facet normal 9.987910e-01 -4.915825e-02 -2.837827e-13
    outer loop
      vertex   -2.640034e+01 1.101839e+02 -4.732000e+00
      vertex   -2.642362e+01 1.097108e+02 1.000000e+01
      vertex   -2.642362e+01 1.097108e+02 -4.732000e+00
    endloop
  endfacet
  facet normal 6.183473e-02 9.980864e-01 1.160603e-12
    outer loop
      vertex   -2.642362e+01 1.097108e+02 -4.732000e+00
      vertex   -2.642362e+01 1.097108e+02 1.000000e+01
      vertex   -2.612647e+01 1.096924e+02 -4.732000e+00
    endloop
  endfacet
  facet normal 6.183473e-02 9.980864e-01 5.050504e-13
    outer loop
      vertex   -2.612647e+01 1.096924e+02 -4.732000e+00
      vertex   -2.642362e+01 1.097108e+02 1.000000e+01
      vertex   -2.612647e+01 1.096924e+02 1.000000e+01
    endloop
  endfacet
  facet normal 8.715574e-02 9.961947e-01 4.971918e-13
    outer loop
      vertex   -2.612647e+01 1.096924e+02 -4.732000e+00
      vertex   -2.612647e+01 1.096924e+02 1.000000e+01
      vertex   -2.582989e+01 1.096665e+02 -4.732000e+00
    endloop
  endfacet
  facet normal 8.715574e-02 9.961947e-01 4.960568e-13
    outer loop
      vertex   -2.582989e+01 1.096665e+02 -4.732000e+00
      vertex   -2.612647e+01 1.096924e+02 1.000000e+01
      vertex   -2.582989e+01 1.096665e+02 1.000000e+01
    endloop
  endfacet
  facet normal 1.124206e-01 9.936607e-01 4.875486e-13
    outer loop
      vertex   -2.582989e+01 1.096665e+02 -4.732000e+00
      vertex   -2.582989e+01 1.096665e+02 1.000000e+01
      vertex   -2.553406e+01 1.096330e+02 -4.732000e+00
    endloop
  endfacet
  facet normal 1.124206e-01 9.936607e-01 1.142351e-12
    outer loop
      vertex   -2.553406e+01 1.096330e+02 -4.732000e+00
      vertex   -2.582989e+01 1.096665e+02 1.000000e+01
      vertex   -2.553406e+01 1.096330e+02 1.000000e+01
    endloop
  endfacet
  facet normal -9.921534e-01 1.250268e-01 3.599592e-13
    outer loop
      vertex   -2.553406e+01 1.096330e+02 1.000000e+01
      vertex   -2.547484e+01 1.101029e+02 1.000000e+01
      vertex   -2.553406e+01 1.096330e+02 -4.732000e+00
    endloop
  endfacet
  facet normal -9.921534e-01 1.250268e-01 3.624761e-13
    outer loop
      vertex   -2.553406e+01 1.096330e+02 -4.732000e+00
      vertex   -2.547484e+01 1.101029e+02 1.000000e+01
      vertex   -2.547484e+01 1.101029e+02 -4.732000e+00
    endloop
  endfacet
  facet normal -9.913971e-01 1.308887e-01 3.692222e-13
    outer loop
      vertex   -2.547484e+01 1.101029e+02 1.000000e+01
      vertex   -2.547478e+01 1.101034e+02 1.000000e+01
      vertex   -2.547484e+01 1.101029e+02 -4.732000e+00
    endloop
  endfacet
  facet normal -9.913971e-01 1.308887e-01 1.591487e-13
    outer loop
      vertex   -2.547484e+01 1.101029e+02 -4.732000e+00
      vertex   -2.547478e+01 1.101034e+02 1.000000e+01
      vertex   -2.547478e+01 1.101034e+02 -4.732000e+00
    endloop
  endfacet
  facet normal -9.850440e-01 1.723030e-01 1.643715e-06
    outer loop
      vertex   -2.546961e+01 1.101329e+02 -4.732000e+00
      vertex   -2.547478e+01 1.101034e+02 -4.732000e+00
      vertex   -2.546950e+01 1.101335e+02 2.634000e+00
    endloop
  endfacet
  facet normal -9.849756e-01 1.726933e-01 1.795948e-13
    outer loop
      vertex   -2.546950e+01 1.101335e+02 2.634000e+00
      vertex   -2.547478e+01 1.101034e+02 -4.732000e+00
      vertex   -2.547478e+01 1.101034e+02 1.000000e+01
    endloop
  endfacet
  facet normal -9.850440e-01 1.723030e-01 -1.643703e-06
    outer loop
      vertex   -2.546950e+01 1.101335e+02 2.634000e+00
      vertex   -2.547478e+01 1.101034e+02 1.000000e+01
      vertex   -2.546961e+01 1.101329e+02 1.000000e+01
    endloop
  endfacet
  facet normal -9.745886e-01 2.240022e-01 2.476065e-06
    outer loop
      vertex   -2.546961e+01 1.101329e+02 1.000000e+01
      vertex   -2.545495e+01 1.101968e+02 1.000000e+01
      vertex   -2.546950e+01 1.101335e+02 2.634000e+00
    endloop
  endfacet
  facet normal -9.739133e-01 2.269205e-01 -2.391686e-05
    outer loop
      vertex   -2.546950e+01 1.101335e+02 2.634000e+00
      vertex   -2.545495e+01 1.101968e+02 1.000000e+01
      vertex   -2.545313e+01 1.102038e+02 2.634000e+00
    endloop
  endfacet
  facet normal -9.739133e-01 2.269205e-01 2.391688e-05
    outer loop
      vertex   -2.546950e+01 1.101335e+02 2.634000e+00
      vertex   -2.545313e+01 1.102038e+02 2.634000e+00
      vertex   -2.545495e+01 1.101968e+02 -4.732000e+00
    endloop
  endfacet
  facet normal -9.615866e-01 2.745017e-01 -2.448862e-05
    outer loop
      vertex   -2.545495e+01 1.101968e+02 -4.732000e+00
      vertex   -2.545313e+01 1.102038e+02 2.634000e+00
      vertex   -2.542831e+01 1.102901e+02 -4.732000e+00
    endloop
  endfacet
  facet normal -9.596730e-01 2.811188e-01 5.947819e-05
    outer loop
      vertex   -2.542831e+01 1.102901e+02 -4.732000e+00
      vertex   -2.545313e+01 1.102038e+02 2.634000e+00
      vertex   -2.542292e+01 1.103069e+02 2.634000e+00
    endloop
  endfacet
  facet normal -9.461789e-01 3.236442e-01 -4.760116e-05
    outer loop
      vertex   -2.542831e+01 1.102901e+02 -4.732000e+00
      vertex   -2.542292e+01 1.103069e+02 2.634000e+00
      vertex   -2.538677e+01 1.104115e+02 -4.732000e+00
    endloop
  endfacet
  facet normal -9.430921e-01 3.325317e-01 9.374713e-05
    outer loop
      vertex   -2.538677e+01 1.104115e+02 -4.732000e+00
      vertex   -2.542292e+01 1.103069e+02 2.634000e+00
      vertex   -2.537695e+01 1.104373e+02 2.634000e+00
    endloop
  endfacet
  facet normal -9.282718e-01 3.719024e-01 -6.378206e-05
    outer loop
      vertex   -2.538677e+01 1.104115e+02 -4.732000e+00
      vertex   -2.537695e+01 1.104373e+02 2.634000e+00
      vertex   -2.532741e+01 1.105597e+02 -4.732000e+00
    endloop
  endfacet
  facet normal -9.139701e-01 4.057811e-01 5.953257e-04
    outer loop
      vertex   -2.532741e+01 1.105597e+02 -4.732000e+00
      vertex   -2.537695e+01 1.104373e+02 2.634000e+00
      vertex   -2.523261e+01 1.107624e+02 2.634000e+00
    endloop
  endfacet
  facet normal -9.079030e-01 4.191803e-01 1.484681e-04
    outer loop
      vertex   -2.532741e+01 1.105597e+02 -4.732000e+00
      vertex   -2.523261e+01 1.107624e+02 2.634000e+00
      vertex   -2.524730e+01 1.107332e+02 -4.732000e+00
    endloop
  endfacet
  facet normal -8.851903e-01 4.652291e-01 -7.941745e-05
    outer loop
      vertex   -2.524730e+01 1.107332e+02 -4.732000e+00
      vertex   -2.523261e+01 1.107624e+02 2.634000e+00
      vertex   -2.514350e+01 1.109307e+02 -4.732000e+00
    endloop
  endfacet
  facet normal -8.837568e-01 4.679464e-01 8.421936e-12
    outer loop
      vertex   -2.514350e+01 1.109307e+02 -4.732000e+00
      vertex   -2.523261e+01 1.107624e+02 2.634000e+00
      vertex   -2.514350e+01 1.109307e+02 1.000000e+01
    endloop
  endfacet
  facet normal -8.603147e-01 5.097633e-01 -1.182740e-11
    outer loop
      vertex   -2.514350e+01 1.109307e+02 -4.732000e+00
      vertex   -2.514350e+01 1.109307e+02 1.000000e+01
      vertex   -2.501310e+01 1.111508e+02 -4.732000e+00
    endloop
  endfacet
  facet normal -8.603147e-01 5.097633e-01 7.921430e-13
    outer loop
      vertex   -2.501310e+01 1.111508e+02 -4.732000e+00
      vertex   -2.514350e+01 1.109307e+02 1.000000e+01
      vertex   -2.501310e+01 1.111508e+02 1.000000e+01
    endloop
  endfacet
  facet normal -9.615866e-01 2.745018e-01 2.448858e-05
    outer loop
      vertex   -2.545495e+01 1.101968e+02 1.000000e+01
      vertex   -2.542831e+01 1.102901e+02 1.000000e+01
      vertex   -2.545313e+01 1.102038e+02 2.634000e+00
    endloop
  endfacet
  facet normal -9.596730e-01 2.811188e-01 -5.947817e-05
    outer loop
      vertex   -2.545313e+01 1.102038e+02 2.634000e+00
      vertex   -2.542831e+01 1.102901e+02 1.000000e+01
      vertex   -2.542292e+01 1.103069e+02 2.634000e+00
    endloop
  endfacet
  facet normal -9.461788e-01 3.236442e-01 4.760111e-05
    outer loop
      vertex   -2.542831e+01 1.102901e+02 1.000000e+01
      vertex   -2.538677e+01 1.104115e+02 1.000000e+01
      vertex   -2.542292e+01 1.103069e+02 2.634000e+00
    endloop
  endfacet
  facet normal -9.430921e-01 3.325317e-01 -9.374711e-05
    outer loop
      vertex   -2.542292e+01 1.103069e+02 2.634000e+00
      vertex   -2.538677e+01 1.104115e+02 1.000000e+01
      vertex   -2.537695e+01 1.104373e+02 2.634000e+00
    endloop
  endfacet
  facet normal -9.282718e-01 3.719024e-01 6.378202e-05
    outer loop
      vertex   -2.538677e+01 1.104115e+02 1.000000e+01
      vertex   -2.532741e+01 1.105597e+02 1.000000e+01
      vertex   -2.537695e+01 1.104373e+02 2.634000e+00
    endloop
  endfacet
  facet normal -9.139701e-01 4.057811e-01 -5.953257e-04
    outer loop
      vertex   -2.537695e+01 1.104373e+02 2.634000e+00
      vertex   -2.532741e+01 1.105597e+02 1.000000e+01
      vertex   -2.523261e+01 1.107624e+02 2.634000e+00
    endloop
  endfacet
  facet normal -9.079030e-01 4.191803e-01 -1.484681e-04
    outer loop
      vertex   -2.532741e+01 1.105597e+02 1.000000e+01
      vertex   -2.524730e+01 1.107332e+02 1.000000e+01
      vertex   -2.523261e+01 1.107624e+02 2.634000e+00
    endloop
  endfacet
  facet normal -8.851903e-01 4.652291e-01 7.941741e-05
    outer loop
      vertex   -2.523261e+01 1.107624e+02 2.634000e+00
      vertex   -2.524730e+01 1.107332e+02 1.000000e+01
      vertex   -2.514350e+01 1.109307e+02 1.000000e+01
    endloop
  endfacet
  facet normal -9.745886e-01 2.240022e-01 -2.476083e-06
    outer loop
      vertex   -2.545495e+01 1.101968e+02 -4.732000e+00
      vertex   -2.546961e+01 1.101329e+02 -4.732000e+00
      vertex   -2.546950e+01 1.101335e+02 2.634000e+00
    endloop
  endfacet
  facet normal 1.574873e-01 9.875210e-01 1.142606e-12
    outer loop
      vertex   -2.501310e+01 1.111508e+02 -4.732000e+00
      vertex   -2.501310e+01 1.111508e+02 1.000000e+01
      vertex   -2.479787e+01 1.111164e+02 -4.732000e+00
    endloop
  endfacet
  facet normal 1.574873e-01 9.875210e-01 4.944071e-13
    outer loop
      vertex   -2.479787e+01 1.111164e+02 -4.732000e+00
      vertex   -2.501310e+01 1.111508e+02 1.000000e+01
      vertex   -2.479787e+01 1.111164e+02 1.000000e+01
    endloop
  endfacet
  facet normal 1.736482e-01 9.848078e-01 4.901395e-13
    outer loop
      vertex   -2.479787e+01 1.111164e+02 -4.732000e+00
      vertex   -2.479787e+01 1.111164e+02 1.000000e+01
      vertex   -2.458324e+01 1.110786e+02 -4.732000e+00
    endloop
  endfacet
  facet normal 1.736482e-01 9.848078e-01 4.870749e-13
    outer loop
      vertex   -2.458324e+01 1.110786e+02 -4.732000e+00
      vertex   -2.479787e+01 1.111164e+02 1.000000e+01
      vertex   -2.458324e+01 1.110786e+02 1.000000e+01
    endloop
  endfacet
  facet normal 1.897624e-01 9.818300e-01 4.849400e-13
    outer loop
      vertex   -2.458324e+01 1.110786e+02 -4.732000e+00
      vertex   -2.458324e+01 1.110786e+02 1.000000e+01
      vertex   -2.436925e+01 1.110372e+02 -4.732000e+00
    endloop
  endfacet
  facet normal 1.897624e-01 9.818300e-01 4.576239e-17
    outer loop
      vertex   -2.436925e+01 1.110372e+02 -4.732000e+00
      vertex   -2.458324e+01 1.110786e+02 1.000000e+01
      vertex   -2.436925e+01 1.110372e+02 1.000000e+01
    endloop
  endfacet
  facet normal 1.000000e+00 0.000000e+00 -0.000000e+00
    outer loop
      vertex   -3.900000e+01 1.166000e+02 1.330000e+01
      vertex   -3.900000e+01 1.166000e+02 2.700000e+01
      vertex   -3.900000e+01 8.484925e+01 1.330000e+01
    endloop
  endfacet
  facet normal 1.000000e+00 0.000000e+00 -0.000000e+00
    outer loop
      vertex   -3.900000e+01 8.484925e+01 1.330000e+01
      vertex   -3.900000e+01 1.166000e+02 2.700000e+01
      vertex   -3.900000e+01 8.200000e+01 2.700000e+01
    endloop
  endfacet
  facet normal 1.000000e+00 0.000000e+00 0.000000e+00
    outer loop
      vertex   -3.900000e+01 8.484925e+01 1.330000e+01
      vertex   -3.900000e+01 8.200000e+01 2.700000e+01
      vertex   -3.900000e+01 8.200000e+01 3.000000e+00
    endloop
  endfacet
  facet normal 1.000000e+00 8.154690e-13 -2.255801e-13
    outer loop
      vertex   -3.900000e+01 8.200000e+01 3.000000e+00
      vertex   -3.900000e+01 8.484925e+01 3.000000e+00
      vertex   -3.900000e+01 8.484925e+01 1.330000e+01
    endloop
  endfacet
  facet normal 0.000000e+00 -1.000000e+00 0.000000e+00
    outer loop
      vertex   -2.450000e+01 5.635898e+01 -4.732000e+00
      vertex   -1.700000e+01 5.635898e+01 -4.732000e+00
      vertex   -2.450000e+01 5.635898e+01 -3.000000e+00
    endloop
  endfacet
  facet normal 2.122194e-16 -1.000000e+00 9.189637e-16
    outer loop
      vertex   -2.450000e+01 5.635898e+01 -3.000000e+00
      vertex   -1.700000e+01 5.635898e+01 -4.732000e+00
      vertex   -1.700000e+01 5.635898e+01 3.000000e+00
    endloop
  endfacet
  facet normal 0.000000e+00 -1.000000e+00 1.184238e-15
    outer loop
      vertex   -2.450000e+01 5.635898e+01 -3.000000e+00
      vertex   -1.700000e+01 5.635898e+01 3.000000e+00
      vertex   -2.450000e+01 5.635898e+01 3.000000e+00
    endloop
  endfacet
  facet normal 1.000000e+00 0.000000e+00 0.000000e+00
    outer loop
      vertex   -2.400000e+01 7.275000e+01 -4.732000e+00
      vertex   -2.400000e+01 8.666529e+01 -4.732000e+00
      vertex   -2.400000e+01 7.275000e+01 3.000000e+00
    endloop
  endfacet
  facet normal 1.000000e+00 -0.000000e+00 0.000000e+00
    outer loop
      vertex   -2.400000e+01 7.275000e+01 3.000000e+00
      vertex   -2.400000e+01 8.666529e+01 -4.732000e+00
      vertex   -2.400000e+01 8.666529e+01 3.000000e+00
    endloop
  endfacet
endsolid
