solid ASCII
  facet normal 9.941380e-01 -1.081190e-01 1.177296e-16
    outer loop
      vertex   -5.044936e+00 9.626982e+01 9.100000e+00
      vertex   -5.044936e+00 9.626982e+01 1.600000e+00
      vertex   -4.989994e+00 9.677500e+01 9.100000e+00
    endloop
  endfacet
  facet normal 9.941380e-01 -1.081190e-01 0.000000e+00
    outer loop
      vertex   -4.989994e+00 9.677500e+01 9.100000e+00
      vertex   -5.044936e+00 9.626982e+01 1.600000e+00
      vertex   -4.989994e+00 9.677500e+01 1.600000e+00
    endloop
  endfacet
  facet normal 9.941380e-01 1.081190e-01 0.000000e+00
    outer loop
      vertex   -4.989994e+00 9.677500e+01 9.100000e+00
      vertex   -4.989994e+00 9.677500e+01 1.600000e+00
      vertex   -5.044936e+00 9.728019e+01 9.100000e+00
    endloop
  endfacet
  facet normal 9.941380e-01 1.081190e-01 1.177296e-16
    outer loop
      vertex   -5.044936e+00 9.728019e+01 9.100000e+00
      vertex   -4.989994e+00 9.677500e+01 1.600000e+00
      vertex   -5.044936e+00 9.728019e+01 1.600000e+00
    endloop
  endfacet
  facet normal 9.476532e-01 3.193015e-01 1.122247e-16
    outer loop
      vertex   -5.044936e+00 9.728019e+01 9.100000e+00
      vertex   -5.044936e+00 9.728019e+01 1.600000e+00
      vertex   -5.207192e+00 9.776174e+01 9.100000e+00
    endloop
  endfacet
  facet normal 9.476532e-01 3.193015e-01 -1.122247e-16
    outer loop
      vertex   -5.207192e+00 9.776174e+01 9.100000e+00
      vertex   -5.044936e+00 9.728019e+01 1.600000e+00
      vertex   -5.207192e+00 9.776174e+01 1.600000e+00
    endloop
  endfacet
  facet normal 8.568572e-01 5.155539e-01 -1.014723e-16
    outer loop
      vertex   -5.207192e+00 9.776174e+01 9.100000e+00
      vertex   -5.207192e+00 9.776174e+01 1.600000e+00
      vertex   -5.469176e+00 9.819716e+01 9.100000e+00
    endloop
  endfacet
  facet normal 8.568572e-01 5.155539e-01 -2.029445e-16
    outer loop
      vertex   -5.469176e+00 9.819716e+01 9.100000e+00
      vertex   -5.207192e+00 9.776174e+01 1.600000e+00
      vertex   -5.469176e+00 9.819716e+01 1.600000e+00
    endloop
  endfacet
  facet normal 7.259955e-01 6.876995e-01 -1.719503e-16
    outer loop
      vertex   -5.469176e+00 9.819716e+01 9.100000e+00
      vertex   -5.469176e+00 9.819716e+01 1.600000e+00
      vertex   -5.818637e+00 9.856609e+01 9.100000e+00
    endloop
  endfacet
  facet normal 7.259955e-01 6.876995e-01 -2.579254e-16
    outer loop
      vertex   -5.818637e+00 9.856609e+01 9.100000e+00
      vertex   -5.469176e+00 9.819716e+01 1.600000e+00
      vertex   -5.818637e+00 9.856609e+01 1.600000e+00
    endloop
  endfacet
  facet normal 5.611871e-01 8.276890e-01 -1.993737e-16
    outer loop
      vertex   -5.818637e+00 9.856609e+01 9.100000e+00
      vertex   -5.818637e+00 9.856609e+01 1.600000e+00
      vertex   -6.239235e+00 9.885126e+01 9.100000e+00
    endloop
  endfacet
  facet normal 5.611871e-01 8.276890e-01 1.993737e-16
    outer loop
      vertex   -6.239235e+00 9.885126e+01 9.100000e+00
      vertex   -5.818637e+00 9.856609e+01 1.600000e+00
      vertex   -6.239235e+00 9.885126e+01 1.600000e+00
    endloop
  endfacet
  facet normal 3.701382e-01 9.289767e-01 1.314995e-16
    outer loop
      vertex   -6.239235e+00 9.885126e+01 9.100000e+00
      vertex   -6.239235e+00 9.885126e+01 1.600000e+00
      vertex   -6.711303e+00 9.903935e+01 9.100000e+00
    endloop
  endfacet
  facet normal 3.701382e-01 9.289767e-01 8.766633e-17
    outer loop
      vertex   -6.711303e+00 9.903935e+01 9.100000e+00
      vertex   -6.239235e+00 9.885126e+01 1.600000e+00
      vertex   -6.711303e+00 9.903935e+01 1.600000e+00
    endloop
  endfacet
  facet normal 1.617820e-01 9.868265e-01 3.831767e-17
    outer loop
      vertex   -6.711303e+00 9.903935e+01 9.100000e+00
      vertex   -6.711303e+00 9.903935e+01 1.600000e+00
      vertex   -7.212768e+00 9.912156e+01 9.100000e+00
    endloop
  endfacet
  facet normal 1.617820e-01 9.868265e-01 0.000000e+00
    outer loop
      vertex   -7.212768e+00 9.912156e+01 9.100000e+00
      vertex   -6.711303e+00 9.903935e+01 1.600000e+00
      vertex   -7.212768e+00 9.912156e+01 1.600000e+00
    endloop
  endfacet
  facet normal -5.413891e-02 9.985334e-01 0.000000e+00
    outer loop
      vertex   -7.212768e+00 9.912156e+01 9.100000e+00
      vertex   -7.212768e+00 9.912156e+01 1.600000e+00
      vertex   -7.720182e+00 9.909405e+01 9.100000e+00
    endloop
  endfacet
  facet normal -5.413891e-02 9.985334e-01 -1.282267e-17
    outer loop
      vertex   -7.720182e+00 9.909405e+01 9.100000e+00
      vertex   -7.212768e+00 9.912156e+01 1.600000e+00
      vertex   -7.720182e+00 9.909405e+01 1.600000e+00
    endloop
  endfacet
  facet normal -2.675283e-01 9.635500e-01 -6.336344e-17
    outer loop
      vertex   -7.720182e+00 9.909405e+01 9.100000e+00
      vertex   -7.720182e+00 9.909405e+01 1.600000e+00
      vertex   -8.209819e+00 9.895810e+01 9.100000e+00
    endloop
  endfacet
  facet normal -2.675283e-01 9.635500e-01 6.336344e-17
    outer loop
      vertex   -8.209819e+00 9.895810e+01 9.100000e+00
      vertex   -7.720182e+00 9.909405e+01 1.600000e+00
      vertex   -8.209819e+00 9.895810e+01 1.600000e+00
    endloop
  endfacet
  facet normal -4.684084e-01 8.835120e-01 1.109414e-16
    outer loop
      vertex   -8.209819e+00 9.895810e+01 9.100000e+00
      vertex   -8.209819e+00 9.895810e+01 1.600000e+00
      vertex   -8.658784e+00 9.872007e+01 9.100000e+00
    endloop
  endfacet
  facet normal -4.684084e-01 8.835120e-01 0.000000e+00
    outer loop
      vertex   -8.658784e+00 9.872007e+01 9.100000e+00
      vertex   -8.209819e+00 9.895810e+01 1.600000e+00
      vertex   -8.658784e+00 9.872007e+01 1.600000e+00
    endloop
  endfacet
  facet normal -6.473863e-01 7.621621e-01 0.000000e+00
    outer loop
      vertex   -8.658784e+00 9.872007e+01 9.100000e+00
      vertex   -8.658784e+00 9.872007e+01 1.600000e+00
      vertex   -9.046084e+00 9.839110e+01 9.100000e+00
    endloop
  endfacet
  facet normal -6.473863e-01 7.621621e-01 0.000000e+00
    outer loop
      vertex   -9.046084e+00 9.839110e+01 9.100000e+00
      vertex   -8.658784e+00 9.872007e+01 1.600000e+00
      vertex   -9.046084e+00 9.839110e+01 1.600000e+00
    endloop
  endfacet
  facet normal -7.960931e-01 6.051742e-01 0.000000e+00
    outer loop
      vertex   -9.046084e+00 9.839110e+01 9.100000e+00
      vertex   -9.046084e+00 9.839110e+01 1.600000e+00
      vertex   -9.353609e+00 9.798656e+01 9.100000e+00
    endloop
  endfacet
  facet normal -7.960931e-01 6.051742e-01 -1.885527e-16
    outer loop
      vertex   -9.353609e+00 9.798656e+01 9.100000e+00
      vertex   -9.046084e+00 9.839110e+01 1.600000e+00
      vertex   -9.353609e+00 9.798656e+01 1.600000e+00
    endloop
  endfacet
  facet normal -9.075754e-01 4.198891e-01 -2.149570e-16
    outer loop
      vertex   -9.353609e+00 9.798656e+01 9.100000e+00
      vertex   -9.353609e+00 9.798656e+01 1.600000e+00
      vertex   -9.566979e+00 9.752536e+01 9.100000e+00
    endloop
  endfacet
  facet normal -9.075754e-01 4.198891e-01 -2.149570e-16
    outer loop
      vertex   -9.566979e+00 9.752536e+01 9.100000e+00
      vertex   -9.353609e+00 9.798656e+01 1.600000e+00
      vertex   -9.566979e+00 9.752536e+01 1.600000e+00
    endloop
  endfacet
  facet normal -9.766206e-01 2.149704e-01 -2.313102e-16
    outer loop
      vertex   -9.566979e+00 9.752536e+01 9.100000e+00
      vertex   -9.566979e+00 9.752536e+01 1.600000e+00
      vertex   -9.676219e+00 9.702908e+01 9.100000e+00
    endloop
  endfacet
  facet normal -9.766206e-01 2.149704e-01 0.000000e+00
    outer loop
      vertex   -9.676219e+00 9.702908e+01 9.100000e+00
      vertex   -9.566979e+00 9.752536e+01 1.600000e+00
      vertex   -9.676219e+00 9.702908e+01 1.600000e+00
    endloop
  endfacet
  facet normal -1.000000e+00 -0.000000e+00 -0.000000e+00
    outer loop
      vertex   -9.676219e+00 9.702908e+01 9.100000e+00
      vertex   -9.676219e+00 9.702908e+01 1.600000e+00
      vertex   -9.676219e+00 9.652093e+01 9.100000e+00
    endloop
  endfacet
  facet normal -1.000000e+00 0.000000e+00 0.000000e+00
    outer loop
      vertex   -9.676219e+00 9.652093e+01 9.100000e+00
      vertex   -9.676219e+00 9.702908e+01 1.600000e+00
      vertex   -9.676219e+00 9.652093e+01 1.600000e+00
    endloop
  endfacet
  facet normal -9.766206e-01 -2.149704e-01 -0.000000e+00
    outer loop
      vertex   -9.676219e+00 9.652093e+01 9.100000e+00
      vertex   -9.676219e+00 9.652093e+01 1.600000e+00
      vertex   -9.566979e+00 9.602465e+01 9.100000e+00
    endloop
  endfacet
  facet normal -9.766206e-01 -2.149704e-01 -2.313102e-16
    outer loop
      vertex   -9.566979e+00 9.602465e+01 9.100000e+00
      vertex   -9.676219e+00 9.652093e+01 1.600000e+00
      vertex   -9.566979e+00 9.602465e+01 1.600000e+00
    endloop
  endfacet
  facet normal -9.075754e-01 -4.198891e-01 -2.149570e-16
    outer loop
      vertex   -9.566979e+00 9.602465e+01 9.100000e+00
      vertex   -9.566979e+00 9.602465e+01 1.600000e+00
      vertex   -9.353609e+00 9.556345e+01 9.100000e+00
    endloop
  endfacet
  facet normal -9.075754e-01 -4.198891e-01 -2.149570e-16
    outer loop
      vertex   -9.353609e+00 9.556345e+01 9.100000e+00
      vertex   -9.566979e+00 9.602465e+01 1.600000e+00
      vertex   -9.353609e+00 9.556345e+01 1.600000e+00
    endloop
  endfacet
  facet normal -7.960931e-01 -6.051742e-01 -1.885527e-16
    outer loop
      vertex   -9.353609e+00 9.556345e+01 9.100000e+00
      vertex   -9.353609e+00 9.556345e+01 1.600000e+00
      vertex   -9.046084e+00 9.515891e+01 9.100000e+00
    endloop
  endfacet
  facet normal -7.960931e-01 -6.051742e-01 -0.000000e+00
    outer loop
      vertex   -9.046084e+00 9.515891e+01 9.100000e+00
      vertex   -9.353609e+00 9.556345e+01 1.600000e+00
      vertex   -9.046084e+00 9.515891e+01 1.600000e+00
    endloop
  endfacet
  facet normal -6.473863e-01 -7.621621e-01 -0.000000e+00
    outer loop
      vertex   -9.046084e+00 9.515891e+01 9.100000e+00
      vertex   -9.046084e+00 9.515891e+01 1.600000e+00
      vertex   -8.658784e+00 9.482994e+01 9.100000e+00
    endloop
  endfacet
  facet normal -6.473863e-01 -7.621621e-01 -0.000000e+00
    outer loop
      vertex   -8.658784e+00 9.482994e+01 9.100000e+00
      vertex   -9.046084e+00 9.515891e+01 1.600000e+00
      vertex   -8.658784e+00 9.482994e+01 1.600000e+00
    endloop
  endfacet
  facet normal -4.684084e-01 -8.835120e-01 -0.000000e+00
    outer loop
      vertex   -8.658784e+00 9.482994e+01 9.100000e+00
      vertex   -8.658784e+00 9.482994e+01 1.600000e+00
      vertex   -8.209819e+00 9.459191e+01 9.100000e+00
    endloop
  endfacet
  facet normal -4.684084e-01 -8.835120e-01 2.218828e-16
    outer loop
      vertex   -8.209819e+00 9.459191e+01 9.100000e+00
      vertex   -8.658784e+00 9.482994e+01 1.600000e+00
      vertex   -8.209819e+00 9.459191e+01 1.600000e+00
    endloop
  endfacet
  facet normal -2.675283e-01 -9.635500e-01 1.267269e-16
    outer loop
      vertex   -8.209819e+00 9.459191e+01 9.100000e+00
      vertex   -8.209819e+00 9.459191e+01 1.600000e+00
      vertex   -7.720182e+00 9.445596e+01 9.100000e+00
    endloop
  endfacet
  facet normal -2.675283e-01 -9.635500e-01 -0.000000e+00
    outer loop
      vertex   -7.720182e+00 9.445596e+01 9.100000e+00
      vertex   -8.209819e+00 9.459191e+01 1.600000e+00
      vertex   -7.720182e+00 9.445596e+01 1.600000e+00
    endloop
  endfacet
  facet normal -5.413891e-02 -9.985334e-01 -0.000000e+00
    outer loop
      vertex   -7.720182e+00 9.445596e+01 9.100000e+00
      vertex   -7.720182e+00 9.445596e+01 1.600000e+00
      vertex   -7.212768e+00 9.442845e+01 9.100000e+00
    endloop
  endfacet
  facet normal -5.413891e-02 -9.985334e-01 -0.000000e+00
    outer loop
      vertex   -7.212768e+00 9.442845e+01 9.100000e+00
      vertex   -7.720182e+00 9.445596e+01 1.600000e+00
      vertex   -7.212768e+00 9.442845e+01 1.600000e+00
    endloop
  endfacet
  facet normal 1.617820e-01 -9.868265e-01 0.000000e+00
    outer loop
      vertex   -7.212768e+00 9.442845e+01 9.100000e+00
      vertex   -7.212768e+00 9.442845e+01 1.600000e+00
      vertex   -6.711303e+00 9.451066e+01 9.100000e+00
    endloop
  endfacet
  facet normal 1.617820e-01 -9.868265e-01 3.831767e-17
    outer loop
      vertex   -6.711303e+00 9.451066e+01 9.100000e+00
      vertex   -7.212768e+00 9.442845e+01 1.600000e+00
      vertex   -6.711303e+00 9.451066e+01 1.600000e+00
    endloop
  endfacet
  facet normal 3.701382e-01 -9.289767e-01 8.766633e-17
    outer loop
      vertex   -6.711303e+00 9.451066e+01 9.100000e+00
      vertex   -6.711303e+00 9.451066e+01 1.600000e+00
      vertex   -6.239235e+00 9.469875e+01 9.100000e+00
    endloop
  endfacet
  facet normal 3.701382e-01 -9.289767e-01 1.314995e-16
    outer loop
      vertex   -6.239235e+00 9.469875e+01 9.100000e+00
      vertex   -6.711303e+00 9.451066e+01 1.600000e+00
      vertex   -6.239235e+00 9.469875e+01 1.600000e+00
    endloop
  endfacet
  facet normal 5.611871e-01 -8.276890e-01 1.993737e-16
    outer loop
      vertex   -6.239235e+00 9.469875e+01 9.100000e+00
      vertex   -6.239235e+00 9.469875e+01 1.600000e+00
      vertex   -5.818637e+00 9.498392e+01 9.100000e+00
    endloop
  endfacet
  facet normal 5.611871e-01 -8.276890e-01 -1.993737e-16
    outer loop
      vertex   -5.818637e+00 9.498392e+01 9.100000e+00
      vertex   -6.239235e+00 9.469875e+01 1.600000e+00
      vertex   -5.818637e+00 9.498392e+01 1.600000e+00
    endloop
  endfacet
  facet normal 7.259955e-01 -6.876995e-01 -2.579254e-16
    outer loop
      vertex   -5.818637e+00 9.498392e+01 9.100000e+00
      vertex   -5.818637e+00 9.498392e+01 1.600000e+00
      vertex   -5.469176e+00 9.535285e+01 9.100000e+00
    endloop
  endfacet
  facet normal 7.259955e-01 -6.876995e-01 -3.439005e-16
    outer loop
      vertex   -5.469176e+00 9.535285e+01 9.100000e+00
      vertex   -5.818637e+00 9.498392e+01 1.600000e+00
      vertex   -5.469176e+00 9.535285e+01 1.600000e+00
    endloop
  endfacet
  facet normal 8.568572e-01 -5.155539e-01 -4.058891e-16
    outer loop
      vertex   -5.469176e+00 9.535285e+01 9.100000e+00
      vertex   -5.469176e+00 9.535285e+01 1.600000e+00
      vertex   -5.207192e+00 9.578827e+01 9.100000e+00
    endloop
  endfacet
  facet normal 8.568572e-01 -5.155539e-01 -1.014723e-16
    outer loop
      vertex   -5.207192e+00 9.578827e+01 9.100000e+00
      vertex   -5.469176e+00 9.535285e+01 1.600000e+00
      vertex   -5.207192e+00 9.578827e+01 1.600000e+00
    endloop
  endfacet
  facet normal 9.476532e-01 -3.193015e-01 -1.122247e-16
    outer loop
      vertex   -5.207192e+00 9.578827e+01 9.100000e+00
      vertex   -5.207192e+00 9.578827e+01 1.600000e+00
      vertex   -5.044936e+00 9.626982e+01 9.100000e+00
    endloop
  endfacet
  facet normal 9.476532e-01 -3.193015e-01 1.122247e-16
    outer loop
      vertex   -5.044936e+00 9.626982e+01 9.100000e+00
      vertex   -5.207192e+00 9.578827e+01 1.600000e+00
      vertex   -5.044936e+00 9.626982e+01 1.600000e+00
    endloop
  endfacet
  facet normal 9.941380e-01 1.081190e-01 -1.177296e-16
    outer loop
      vertex   -5.044936e+00 9.728019e+01 -5.900000e+00
      vertex   -5.044936e+00 9.728019e+01 1.600000e+00
      vertex   -4.989994e+00 9.677500e+01 -5.900000e+00
    endloop
  endfacet
  facet normal 9.941380e-01 1.081190e-01 -0.000000e+00
    outer loop
      vertex   -4.989994e+00 9.677500e+01 -5.900000e+00
      vertex   -5.044936e+00 9.728019e+01 1.600000e+00
      vertex   -4.989994e+00 9.677500e+01 1.600000e+00
    endloop
  endfacet
  facet normal 9.941380e-01 -1.081190e-01 0.000000e+00
    outer loop
      vertex   -4.989994e+00 9.677500e+01 -5.900000e+00
      vertex   -4.989994e+00 9.677500e+01 1.600000e+00
      vertex   -5.044936e+00 9.626982e+01 -5.900000e+00
    endloop
  endfacet
  facet normal 9.941380e-01 -1.081190e-01 -1.177296e-16
    outer loop
      vertex   -5.044936e+00 9.626982e+01 -5.900000e+00
      vertex   -4.989994e+00 9.677500e+01 1.600000e+00
      vertex   -5.044936e+00 9.626982e+01 1.600000e+00
    endloop
  endfacet
  facet normal 9.476532e-01 -3.193015e-01 -1.122247e-16
    outer loop
      vertex   -5.044936e+00 9.626982e+01 -5.900000e+00
      vertex   -5.044936e+00 9.626982e+01 1.600000e+00
      vertex   -5.207192e+00 9.578827e+01 -5.900000e+00
    endloop
  endfacet
  facet normal 9.476532e-01 -3.193015e-01 1.122247e-16
    outer loop
      vertex   -5.207192e+00 9.578827e+01 -5.900000e+00
      vertex   -5.044936e+00 9.626982e+01 1.600000e+00
      vertex   -5.207192e+00 9.578827e+01 1.600000e+00
    endloop
  endfacet
  facet normal 8.568572e-01 -5.155539e-01 1.014723e-16
    outer loop
      vertex   -5.207192e+00 9.578827e+01 -5.900000e+00
      vertex   -5.207192e+00 9.578827e+01 1.600000e+00
      vertex   -5.469176e+00 9.535285e+01 -5.900000e+00
    endloop
  endfacet
  facet normal 8.568572e-01 -5.155539e-01 3.044168e-16
    outer loop
      vertex   -5.469176e+00 9.535285e+01 -5.900000e+00
      vertex   -5.207192e+00 9.578827e+01 1.600000e+00
      vertex   -5.469176e+00 9.535285e+01 1.600000e+00
    endloop
  endfacet
  facet normal 7.259955e-01 -6.876995e-01 2.579254e-16
    outer loop
      vertex   -5.469176e+00 9.535285e+01 -5.900000e+00
      vertex   -5.469176e+00 9.535285e+01 1.600000e+00
      vertex   -5.818637e+00 9.498392e+01 -5.900000e+00
    endloop
  endfacet
  facet normal 7.259955e-01 -6.876995e-01 2.579254e-16
    outer loop
      vertex   -5.818637e+00 9.498392e+01 -5.900000e+00
      vertex   -5.469176e+00 9.535285e+01 1.600000e+00
      vertex   -5.818637e+00 9.498392e+01 1.600000e+00
    endloop
  endfacet
  facet normal 5.611871e-01 -8.276890e-01 1.993737e-16
    outer loop
      vertex   -5.818637e+00 9.498392e+01 -5.900000e+00
      vertex   -5.818637e+00 9.498392e+01 1.600000e+00
      vertex   -6.239235e+00 9.469875e+01 -5.900000e+00
    endloop
  endfacet
  facet normal 5.611871e-01 -8.276890e-01 -1.993737e-16
    outer loop
      vertex   -6.239235e+00 9.469875e+01 -5.900000e+00
      vertex   -5.818637e+00 9.498392e+01 1.600000e+00
      vertex   -6.239235e+00 9.469875e+01 1.600000e+00
    endloop
  endfacet
  facet normal 3.701382e-01 -9.289767e-01 -1.314995e-16
    outer loop
      vertex   -6.239235e+00 9.469875e+01 -5.900000e+00
      vertex   -6.239235e+00 9.469875e+01 1.600000e+00
      vertex   -6.711303e+00 9.451066e+01 -5.900000e+00
    endloop
  endfacet
  facet normal 3.701382e-01 -9.289767e-01 -8.766633e-17
    outer loop
      vertex   -6.711303e+00 9.451066e+01 -5.900000e+00
      vertex   -6.239235e+00 9.469875e+01 1.600000e+00
      vertex   -6.711303e+00 9.451066e+01 1.600000e+00
    endloop
  endfacet
  facet normal 1.617820e-01 -9.868265e-01 -3.831767e-17
    outer loop
      vertex   -6.711303e+00 9.451066e+01 -5.900000e+00
      vertex   -6.711303e+00 9.451066e+01 1.600000e+00
      vertex   -7.212768e+00 9.442845e+01 -5.900000e+00
    endloop
  endfacet
  facet normal 1.617820e-01 -9.868265e-01 0.000000e+00
    outer loop
      vertex   -7.212768e+00 9.442845e+01 -5.900000e+00
      vertex   -6.711303e+00 9.451066e+01 1.600000e+00
      vertex   -7.212768e+00 9.442845e+01 1.600000e+00
    endloop
  endfacet
  facet normal -5.413891e-02 -9.985334e-01 0.000000e+00
    outer loop
      vertex   -7.212768e+00 9.442845e+01 -5.900000e+00
      vertex   -7.212768e+00 9.442845e+01 1.600000e+00
      vertex   -7.720182e+00 9.445596e+01 -5.900000e+00
    endloop
  endfacet
  facet normal -5.413891e-02 -9.985334e-01 1.282267e-17
    outer loop
      vertex   -7.720182e+00 9.445596e+01 -5.900000e+00
      vertex   -7.212768e+00 9.442845e+01 1.600000e+00
      vertex   -7.720182e+00 9.445596e+01 1.600000e+00
    endloop
  endfacet
  facet normal -2.675283e-01 -9.635500e-01 6.336344e-17
    outer loop
      vertex   -7.720182e+00 9.445596e+01 -5.900000e+00
      vertex   -7.720182e+00 9.445596e+01 1.600000e+00
      vertex   -8.209819e+00 9.459191e+01 -5.900000e+00
    endloop
  endfacet
  facet normal -2.675283e-01 -9.635500e-01 -6.336344e-17
    outer loop
      vertex   -8.209819e+00 9.459191e+01 -5.900000e+00
      vertex   -7.720182e+00 9.445596e+01 1.600000e+00
      vertex   -8.209819e+00 9.459191e+01 1.600000e+00
    endloop
  endfacet
  facet normal -4.684084e-01 -8.835120e-01 -1.109414e-16
    outer loop
      vertex   -8.209819e+00 9.459191e+01 -5.900000e+00
      vertex   -8.209819e+00 9.459191e+01 1.600000e+00
      vertex   -8.658784e+00 9.482994e+01 -5.900000e+00
    endloop
  endfacet
  facet normal -4.684084e-01 -8.835120e-01 0.000000e+00
    outer loop
      vertex   -8.658784e+00 9.482994e+01 -5.900000e+00
      vertex   -8.209819e+00 9.459191e+01 1.600000e+00
      vertex   -8.658784e+00 9.482994e+01 1.600000e+00
    endloop
  endfacet
  facet normal -6.473863e-01 -7.621621e-01 0.000000e+00
    outer loop
      vertex   -8.658784e+00 9.482994e+01 -5.900000e+00
      vertex   -8.658784e+00 9.482994e+01 1.600000e+00
      vertex   -9.046084e+00 9.515891e+01 -5.900000e+00
    endloop
  endfacet
  facet normal -6.473863e-01 -7.621621e-01 0.000000e+00
    outer loop
      vertex   -9.046084e+00 9.515891e+01 -5.900000e+00
      vertex   -8.658784e+00 9.482994e+01 1.600000e+00
      vertex   -9.046084e+00 9.515891e+01 1.600000e+00
    endloop
  endfacet
  facet normal -7.960931e-01 -6.051742e-01 0.000000e+00
    outer loop
      vertex   -9.046084e+00 9.515891e+01 -5.900000e+00
      vertex   -9.046084e+00 9.515891e+01 1.600000e+00
      vertex   -9.353609e+00 9.556345e+01 -5.900000e+00
    endloop
  endfacet
  facet normal -7.960931e-01 -6.051742e-01 1.885527e-16
    outer loop
      vertex   -9.353609e+00 9.556345e+01 -5.900000e+00
      vertex   -9.046084e+00 9.515891e+01 1.600000e+00
      vertex   -9.353609e+00 9.556345e+01 1.600000e+00
    endloop
  endfacet
  facet normal -9.075754e-01 -4.198891e-01 2.149570e-16
    outer loop
      vertex   -9.353609e+00 9.556345e+01 -5.900000e+00
      vertex   -9.353609e+00 9.556345e+01 1.600000e+00
      vertex   -9.566979e+00 9.602465e+01 -5.900000e+00
    endloop
  endfacet
  facet normal -9.075754e-01 -4.198891e-01 2.149570e-16
    outer loop
      vertex   -9.566979e+00 9.602465e+01 -5.900000e+00
      vertex   -9.353609e+00 9.556345e+01 1.600000e+00
      vertex   -9.566979e+00 9.602465e+01 1.600000e+00
    endloop
  endfacet
  facet normal -9.766206e-01 -2.149704e-01 2.313102e-16
    outer loop
      vertex   -9.566979e+00 9.602465e+01 -5.900000e+00
      vertex   -9.566979e+00 9.602465e+01 1.600000e+00
      vertex   -9.676219e+00 9.652093e+01 -5.900000e+00
    endloop
  endfacet
  facet normal -9.766206e-01 -2.149704e-01 0.000000e+00
    outer loop
      vertex   -9.676219e+00 9.652093e+01 -5.900000e+00
      vertex   -9.566979e+00 9.602465e+01 1.600000e+00
      vertex   -9.676219e+00 9.652093e+01 1.600000e+00
    endloop
  endfacet
  facet normal -1.000000e+00 0.000000e+00 0.000000e+00
    outer loop
      vertex   -9.676219e+00 9.652093e+01 -5.900000e+00
      vertex   -9.676219e+00 9.652093e+01 1.600000e+00
      vertex   -9.676219e+00 9.702908e+01 -5.900000e+00
    endloop
  endfacet
  facet normal -1.000000e+00 0.000000e+00 0.000000e+00
    outer loop
      vertex   -9.676219e+00 9.702908e+01 -5.900000e+00
      vertex   -9.676219e+00 9.652093e+01 1.600000e+00
      vertex   -9.676219e+00 9.702908e+01 1.600000e+00
    endloop
  endfacet
  facet normal -9.766206e-01 2.149704e-01 0.000000e+00
    outer loop
      vertex   -9.676219e+00 9.702908e+01 -5.900000e+00
      vertex   -9.676219e+00 9.702908e+01 1.600000e+00
      vertex   -9.566979e+00 9.752536e+01 -5.900000e+00
    endloop
  endfacet
  facet normal -9.766206e-01 2.149704e-01 2.313102e-16
    outer loop
      vertex   -9.566979e+00 9.752536e+01 -5.900000e+00
      vertex   -9.676219e+00 9.702908e+01 1.600000e+00
      vertex   -9.566979e+00 9.752536e+01 1.600000e+00
    endloop
  endfacet
  facet normal -9.075754e-01 4.198891e-01 2.149570e-16
    outer loop
      vertex   -9.566979e+00 9.752536e+01 -5.900000e+00
      vertex   -9.566979e+00 9.752536e+01 1.600000e+00
      vertex   -9.353609e+00 9.798656e+01 -5.900000e+00
    endloop
  endfacet
  facet normal -9.075754e-01 4.198891e-01 2.149570e-16
    outer loop
      vertex   -9.353609e+00 9.798656e+01 -5.900000e+00
      vertex   -9.566979e+00 9.752536e+01 1.600000e+00
      vertex   -9.353609e+00 9.798656e+01 1.600000e+00
    endloop
  endfacet
  facet normal -7.960931e-01 6.051742e-01 1.885527e-16
    outer loop
      vertex   -9.353609e+00 9.798656e+01 -5.900000e+00
      vertex   -9.353609e+00 9.798656e+01 1.600000e+00
      vertex   -9.046084e+00 9.839110e+01 -5.900000e+00
    endloop
  endfacet
  facet normal -7.960931e-01 6.051742e-01 0.000000e+00
    outer loop
      vertex   -9.046084e+00 9.839110e+01 -5.900000e+00
      vertex   -9.353609e+00 9.798656e+01 1.600000e+00
      vertex   -9.046084e+00 9.839110e+01 1.600000e+00
    endloop
  endfacet
  facet normal -6.473863e-01 7.621621e-01 0.000000e+00
    outer loop
      vertex   -9.046084e+00 9.839110e+01 -5.900000e+00
      vertex   -9.046084e+00 9.839110e+01 1.600000e+00
      vertex   -8.658784e+00 9.872007e+01 -5.900000e+00
    endloop
  endfacet
  facet normal -6.473863e-01 7.621621e-01 0.000000e+00
    outer loop
      vertex   -8.658784e+00 9.872007e+01 -5.900000e+00
      vertex   -9.046084e+00 9.839110e+01 1.600000e+00
      vertex   -8.658784e+00 9.872007e+01 1.600000e+00
    endloop
  endfacet
  facet normal -4.684084e-01 8.835120e-01 0.000000e+00
    outer loop
      vertex   -8.658784e+00 9.872007e+01 -5.900000e+00
      vertex   -8.658784e+00 9.872007e+01 1.600000e+00
      vertex   -8.209819e+00 9.895810e+01 -5.900000e+00
    endloop
  endfacet
  facet normal -4.684084e-01 8.835120e-01 -2.218828e-16
    outer loop
      vertex   -8.209819e+00 9.895810e+01 -5.900000e+00
      vertex   -8.658784e+00 9.872007e+01 1.600000e+00
      vertex   -8.209819e+00 9.895810e+01 1.600000e+00
    endloop
  endfacet
  facet normal -2.675283e-01 9.635500e-01 -1.267269e-16
    outer loop
      vertex   -8.209819e+00 9.895810e+01 -5.900000e+00
      vertex   -8.209819e+00 9.895810e+01 1.600000e+00
      vertex   -7.720182e+00 9.909405e+01 -5.900000e+00
    endloop
  endfacet
  facet normal -2.675283e-01 9.635500e-01 0.000000e+00
    outer loop
      vertex   -7.720182e+00 9.909405e+01 -5.900000e+00
      vertex   -8.209819e+00 9.895810e+01 1.600000e+00
      vertex   -7.720182e+00 9.909405e+01 1.600000e+00
    endloop
  endfacet
  facet normal -5.413891e-02 9.985334e-01 0.000000e+00
    outer loop
      vertex   -7.720182e+00 9.909405e+01 -5.900000e+00
      vertex   -7.720182e+00 9.909405e+01 1.600000e+00
      vertex   -7.212768e+00 9.912156e+01 -5.900000e+00
    endloop
  endfacet
  facet normal -5.413891e-02 9.985334e-01 0.000000e+00
    outer loop
      vertex   -7.212768e+00 9.912156e+01 -5.900000e+00
      vertex   -7.720182e+00 9.909405e+01 1.600000e+00
      vertex   -7.212768e+00 9.912156e+01 1.600000e+00
    endloop
  endfacet
  facet normal 1.617820e-01 9.868265e-01 -0.000000e+00
    outer loop
      vertex   -7.212768e+00 9.912156e+01 -5.900000e+00
      vertex   -7.212768e+00 9.912156e+01 1.600000e+00
      vertex   -6.711303e+00 9.903935e+01 -5.900000e+00
    endloop
  endfacet
  facet normal 1.617820e-01 9.868265e-01 -3.831767e-17
    outer loop
      vertex   -6.711303e+00 9.903935e+01 -5.900000e+00
      vertex   -7.212768e+00 9.912156e+01 1.600000e+00
      vertex   -6.711303e+00 9.903935e+01 1.600000e+00
    endloop
  endfacet
  facet normal 3.701382e-01 9.289767e-01 -8.766633e-17
    outer loop
      vertex   -6.711303e+00 9.903935e+01 -5.900000e+00
      vertex   -6.711303e+00 9.903935e+01 1.600000e+00
      vertex   -6.239235e+00 9.885126e+01 -5.900000e+00
    endloop
  endfacet
  facet normal 3.701382e-01 9.289767e-01 -1.314995e-16
    outer loop
      vertex   -6.239235e+00 9.885126e+01 -5.900000e+00
      vertex   -6.711303e+00 9.903935e+01 1.600000e+00
      vertex   -6.239235e+00 9.885126e+01 1.600000e+00
    endloop
  endfacet
  facet normal 5.611871e-01 8.276890e-01 -1.993737e-16
    outer loop
      vertex   -6.239235e+00 9.885126e+01 -5.900000e+00
      vertex   -6.239235e+00 9.885126e+01 1.600000e+00
      vertex   -5.818637e+00 9.856609e+01 -5.900000e+00
    endloop
  endfacet
  facet normal 5.611871e-01 8.276890e-01 1.993737e-16
    outer loop
      vertex   -5.818637e+00 9.856609e+01 -5.900000e+00
      vertex   -6.239235e+00 9.885126e+01 1.600000e+00
      vertex   -5.818637e+00 9.856609e+01 1.600000e+00
    endloop
  endfacet
  facet normal 7.259955e-01 6.876995e-01 2.579254e-16
    outer loop
      vertex   -5.818637e+00 9.856609e+01 -5.900000e+00
      vertex   -5.818637e+00 9.856609e+01 1.600000e+00
      vertex   -5.469176e+00 9.819716e+01 -5.900000e+00
    endloop
  endfacet
  facet normal 7.259955e-01 6.876995e-01 2.579254e-16
    outer loop
      vertex   -5.469176e+00 9.819716e+01 -5.900000e+00
      vertex   -5.818637e+00 9.856609e+01 1.600000e+00
      vertex   -5.469176e+00 9.819716e+01 1.600000e+00
    endloop
  endfacet
  facet normal 8.568572e-01 5.155539e-01 3.044168e-16
    outer loop
      vertex   -5.469176e+00 9.819716e+01 -5.900000e+00
      vertex   -5.469176e+00 9.819716e+01 1.600000e+00
      vertex   -5.207192e+00 9.776174e+01 -5.900000e+00
    endloop
  endfacet
  facet normal 8.568572e-01 5.155539e-01 1.014723e-16
    outer loop
      vertex   -5.207192e+00 9.776174e+01 -5.900000e+00
      vertex   -5.469176e+00 9.819716e+01 1.600000e+00
      vertex   -5.207192e+00 9.776174e+01 1.600000e+00
    endloop
  endfacet
  facet normal 9.476532e-01 3.193015e-01 1.122247e-16
    outer loop
      vertex   -5.207192e+00 9.776174e+01 -5.900000e+00
      vertex   -5.207192e+00 9.776174e+01 1.600000e+00
      vertex   -5.044936e+00 9.728019e+01 -5.900000e+00
    endloop
  endfacet
  facet normal 9.476532e-01 3.193015e-01 -1.122247e-16
    outer loop
      vertex   -5.044936e+00 9.728019e+01 -5.900000e+00
      vertex   -5.207192e+00 9.776174e+01 1.600000e+00
      vertex   -5.044936e+00 9.728019e+01 1.600000e+00
    endloop
  endfacet
  facet normal 0.000000e+00 -0.000000e+00 1.000000e+00
    outer loop
      vertex   -5.044936e+00 9.626982e+01 9.100000e+00
      vertex   -4.989994e+00 9.677500e+01 9.100000e+00
      vertex   -8.658784e+00 9.872007e+01 9.100000e+00
    endloop
  endfacet
  facet normal 0.000000e+00 0.000000e+00 1.000000e+00
    outer loop
      vertex   -8.658784e+00 9.872007e+01 9.100000e+00
      vertex   -4.989994e+00 9.677500e+01 9.100000e+00
      vertex   -5.044936e+00 9.728019e+01 9.100000e+00
    endloop
  endfacet
  facet normal 0.000000e+00 0.000000e+00 1.000000e+00
    outer loop
      vertex   -8.658784e+00 9.872007e+01 9.100000e+00
      vertex   -5.044936e+00 9.728019e+01 9.100000e+00
      vertex   -5.207192e+00 9.776174e+01 9.100000e+00
    endloop
  endfacet
  facet normal 0.000000e+00 0.000000e+00 1.000000e+00
    outer loop
      vertex   -5.207192e+00 9.776174e+01 9.100000e+00
      vertex   -5.469176e+00 9.819716e+01 9.100000e+00
      vertex   -8.658784e+00 9.872007e+01 9.100000e+00
    endloop
  endfacet
  facet normal 0.000000e+00 0.000000e+00 1.000000e+00
    outer loop
      vertex   -8.658784e+00 9.872007e+01 9.100000e+00
      vertex   -5.469176e+00 9.819716e+01 9.100000e+00
      vertex   -5.818637e+00 9.856609e+01 9.100000e+00
    endloop
  endfacet
  facet normal -0.000000e+00 0.000000e+00 1.000000e+00
    outer loop
      vertex   -8.658784e+00 9.872007e+01 9.100000e+00
      vertex   -5.818637e+00 9.856609e+01 9.100000e+00
      vertex   -6.239235e+00 9.885126e+01 9.100000e+00
    endloop
  endfacet
  facet normal 0.000000e+00 0.000000e+00 1.000000e+00
    outer loop
      vertex   -8.658784e+00 9.872007e+01 9.100000e+00
      vertex   -6.239235e+00 9.885126e+01 9.100000e+00
      vertex   -8.209819e+00 9.895810e+01 9.100000e+00
    endloop
  endfacet
  facet normal -0.000000e+00 0.000000e+00 1.000000e+00
    outer loop
      vertex   -8.209819e+00 9.895810e+01 9.100000e+00
      vertex   -6.239235e+00 9.885126e+01 9.100000e+00
      vertex   -6.711303e+00 9.903935e+01 9.100000e+00
    endloop
  endfacet
  facet normal 0.000000e+00 0.000000e+00 1.000000e+00
    outer loop
      vertex   -8.209819e+00 9.895810e+01 9.100000e+00
      vertex   -6.711303e+00 9.903935e+01 9.100000e+00
      vertex   -7.720182e+00 9.909405e+01 9.100000e+00
    endloop
  endfacet
  facet normal -0.000000e+00 0.000000e+00 1.000000e+00
    outer loop
      vertex   -7.720182e+00 9.909405e+01 9.100000e+00
      vertex   -6.711303e+00 9.903935e+01 9.100000e+00
      vertex   -7.212768e+00 9.912156e+01 9.100000e+00
    endloop
  endfacet
  facet normal -0.000000e+00 0.000000e+00 1.000000e+00
    outer loop
      vertex   -9.046084e+00 9.839110e+01 9.100000e+00
      vertex   -8.658784e+00 9.482994e+01 9.100000e+00
      vertex   -8.658784e+00 9.872007e+01 9.100000e+00
    endloop
  endfacet
  facet normal 0.000000e+00 0.000000e+00 1.000000e+00
    outer loop
      vertex   -8.658784e+00 9.872007e+01 9.100000e+00
      vertex   -8.658784e+00 9.482994e+01 9.100000e+00
      vertex   -8.209819e+00 9.459191e+01 9.100000e+00
    endloop
  endfacet
  facet normal 0.000000e+00 0.000000e+00 1.000000e+00
    outer loop
      vertex   -8.658784e+00 9.872007e+01 9.100000e+00
      vertex   -8.209819e+00 9.459191e+01 9.100000e+00
      vertex   -7.720182e+00 9.445596e+01 9.100000e+00
    endloop
  endfacet
  facet normal 0.000000e+00 0.000000e+00 1.000000e+00
    outer loop
      vertex   -8.658784e+00 9.482994e+01 9.100000e+00
      vertex   -9.046084e+00 9.839110e+01 9.100000e+00
      vertex   -9.046084e+00 9.515891e+01 9.100000e+00
    endloop
  endfacet
  facet normal 0.000000e+00 -0.000000e+00 1.000000e+00
    outer loop
      vertex   -9.046084e+00 9.515891e+01 9.100000e+00
      vertex   -9.046084e+00 9.839110e+01 9.100000e+00
      vertex   -9.353609e+00 9.798656e+01 9.100000e+00
    endloop
  endfacet
  facet normal 0.000000e+00 0.000000e+00 1.000000e+00
    outer loop
      vertex   -9.046084e+00 9.515891e+01 9.100000e+00
      vertex   -9.353609e+00 9.798656e+01 9.100000e+00
      vertex   -9.353609e+00 9.556345e+01 9.100000e+00
    endloop
  endfacet
  facet normal 0.000000e+00 -0.000000e+00 1.000000e+00
    outer loop
      vertex   -9.353609e+00 9.556345e+01 9.100000e+00
      vertex   -9.353609e+00 9.798656e+01 9.100000e+00
      vertex   -9.566979e+00 9.752536e+01 9.100000e+00
    endloop
  endfacet
  facet normal 0.000000e+00 0.000000e+00 1.000000e+00
    outer loop
      vertex   -9.353609e+00 9.556345e+01 9.100000e+00
      vertex   -9.566979e+00 9.752536e+01 9.100000e+00
      vertex   -9.566979e+00 9.602465e+01 9.100000e+00
    endloop
  endfacet
  facet normal 0.000000e+00 -0.000000e+00 1.000000e+00
    outer loop
      vertex   -9.566979e+00 9.602465e+01 9.100000e+00
      vertex   -9.566979e+00 9.752536e+01 9.100000e+00
      vertex   -9.676219e+00 9.702908e+01 9.100000e+00
    endloop
  endfacet
  facet normal 0.000000e+00 0.000000e+00 1.000000e+00
    outer loop
      vertex   -9.566979e+00 9.602465e+01 9.100000e+00
      vertex   -9.676219e+00 9.702908e+01 9.100000e+00
      vertex   -9.676219e+00 9.652093e+01 9.100000e+00
    endloop
  endfacet
  facet normal -0.000000e+00 -0.000000e+00 1.000000e+00
    outer loop
      vertex   -7.720182e+00 9.445596e+01 9.100000e+00
      vertex   -7.212768e+00 9.442845e+01 9.100000e+00
      vertex   -8.658784e+00 9.872007e+01 9.100000e+00
    endloop
  endfacet
  facet normal 0.000000e+00 0.000000e+00 1.000000e+00
    outer loop
      vertex   -8.658784e+00 9.872007e+01 9.100000e+00
      vertex   -7.212768e+00 9.442845e+01 9.100000e+00
      vertex   -6.711303e+00 9.451066e+01 9.100000e+00
    endloop
  endfacet
  facet normal 0.000000e+00 0.000000e+00 1.000000e+00
    outer loop
      vertex   -8.658784e+00 9.872007e+01 9.100000e+00
      vertex   -6.711303e+00 9.451066e+01 9.100000e+00
      vertex   -6.239235e+00 9.469875e+01 9.100000e+00
    endloop
  endfacet
  facet normal 0.000000e+00 -0.000000e+00 1.000000e+00
    outer loop
      vertex   -6.239235e+00 9.469875e+01 9.100000e+00
      vertex   -5.818637e+00 9.498392e+01 9.100000e+00
      vertex   -8.658784e+00 9.872007e+01 9.100000e+00
    endloop
  endfacet
  facet normal 0.000000e+00 0.000000e+00 1.000000e+00
    outer loop
      vertex   -8.658784e+00 9.872007e+01 9.100000e+00
      vertex   -5.818637e+00 9.498392e+01 9.100000e+00
      vertex   -5.469176e+00 9.535285e+01 9.100000e+00
    endloop
  endfacet
  facet normal 0.000000e+00 0.000000e+00 1.000000e+00
    outer loop
      vertex   -8.658784e+00 9.872007e+01 9.100000e+00
      vertex   -5.469176e+00 9.535285e+01 9.100000e+00
      vertex   -5.207192e+00 9.578827e+01 9.100000e+00
    endloop
  endfacet
  facet normal 0.000000e+00 -0.000000e+00 1.000000e+00
    outer loop
      vertex   -5.207192e+00 9.578827e+01 9.100000e+00
      vertex   -5.044936e+00 9.626982e+01 9.100000e+00
      vertex   -8.658784e+00 9.872007e+01 9.100000e+00
    endloop
  endfacet
  facet normal -9.941380e-01 1.081190e-01 0.000000e+00
    outer loop
      vertex   -2.577740e+01 9.743105e+01 -1.200000e+01
      vertex   -2.577740e+01 9.743105e+01 -5.900000e+00
      vertex   -2.574000e+01 9.777501e+01 -1.200000e+01
    endloop
  endfacet
  facet normal -9.941380e-01 1.081190e-01 0.000000e+00
    outer loop
      vertex   -2.574000e+01 9.777501e+01 -1.200000e+01
      vertex   -2.577740e+01 9.743105e+01 -5.900000e+00
      vertex   -2.574000e+01 9.777501e+01 -5.900000e+00
    endloop
  endfacet
  facet normal -9.941380e-01 -1.081190e-01 0.000000e+00
    outer loop
      vertex   -2.574000e+01 9.777501e+01 -1.200000e+01
      vertex   -2.574000e+01 9.777501e+01 -5.900000e+00
      vertex   -2.577740e+01 9.811896e+01 -1.200000e+01
    endloop
  endfacet
  facet normal -9.941380e-01 -1.081190e-01 0.000000e+00
    outer loop
      vertex   -2.577740e+01 9.811896e+01 -1.200000e+01
      vertex   -2.574000e+01 9.777501e+01 -5.900000e+00
      vertex   -2.577740e+01 9.811896e+01 -5.900000e+00
    endloop
  endfacet
  facet normal -9.476532e-01 -3.193015e-01 0.000000e+00
    outer loop
      vertex   -2.577740e+01 9.811896e+01 -1.200000e+01
      vertex   -2.577740e+01 9.811896e+01 -5.900000e+00
      vertex   -2.588788e+01 9.844683e+01 -1.200000e+01
    endloop
  endfacet
  facet normal -9.476532e-01 -3.193015e-01 0.000000e+00
    outer loop
      vertex   -2.588788e+01 9.844683e+01 -1.200000e+01
      vertex   -2.577740e+01 9.811896e+01 -5.900000e+00
      vertex   -2.588788e+01 9.844683e+01 -5.900000e+00
    endloop
  endfacet
  facet normal -8.568572e-01 -5.155539e-01 0.000000e+00
    outer loop
      vertex   -2.588788e+01 9.844683e+01 -1.200000e+01
      vertex   -2.588788e+01 9.844683e+01 -5.900000e+00
      vertex   -2.606625e+01 9.874329e+01 -1.200000e+01
    endloop
  endfacet
  facet normal -8.568572e-01 -5.155539e-01 0.000000e+00
    outer loop
      vertex   -2.606625e+01 9.874329e+01 -1.200000e+01
      vertex   -2.588788e+01 9.844683e+01 -5.900000e+00
      vertex   -2.606625e+01 9.874329e+01 -5.900000e+00
    endloop
  endfacet
  facet normal -7.259955e-01 -6.876995e-01 0.000000e+00
    outer loop
      vertex   -2.606625e+01 9.874329e+01 -1.200000e+01
      vertex   -2.606625e+01 9.874329e+01 -5.900000e+00
      vertex   -2.630418e+01 9.899447e+01 -1.200000e+01
    endloop
  endfacet
  facet normal -7.259955e-01 -6.876995e-01 0.000000e+00
    outer loop
      vertex   -2.630418e+01 9.899447e+01 -1.200000e+01
      vertex   -2.606625e+01 9.874329e+01 -5.900000e+00
      vertex   -2.630418e+01 9.899447e+01 -5.900000e+00
    endloop
  endfacet
  facet normal -5.611871e-01 -8.276890e-01 0.000000e+00
    outer loop
      vertex   -2.630418e+01 9.899447e+01 -1.200000e+01
      vertex   -2.630418e+01 9.899447e+01 -5.900000e+00
      vertex   -2.659054e+01 9.918863e+01 -1.200000e+01
    endloop
  endfacet
  facet normal -5.611871e-01 -8.276890e-01 0.000000e+00
    outer loop
      vertex   -2.659054e+01 9.918863e+01 -1.200000e+01
      vertex   -2.630418e+01 9.899447e+01 -5.900000e+00
      vertex   -2.659054e+01 9.918863e+01 -5.900000e+00
    endloop
  endfacet
  facet normal -3.701382e-01 -9.289767e-01 0.000000e+00
    outer loop
      vertex   -2.659054e+01 9.918863e+01 -1.200000e+01
      vertex   -2.659054e+01 9.918863e+01 -5.900000e+00
      vertex   -2.691195e+01 9.931669e+01 -1.200000e+01
    endloop
  endfacet
  facet normal -3.701382e-01 -9.289767e-01 0.000000e+00
    outer loop
      vertex   -2.691195e+01 9.931669e+01 -1.200000e+01
      vertex   -2.659054e+01 9.918863e+01 -5.900000e+00
      vertex   -2.691195e+01 9.931669e+01 -5.900000e+00
    endloop
  endfacet
  facet normal -1.617820e-01 -9.868265e-01 0.000000e+00
    outer loop
      vertex   -2.691195e+01 9.931669e+01 -1.200000e+01
      vertex   -2.691195e+01 9.931669e+01 -5.900000e+00
      vertex   -2.725337e+01 9.937266e+01 -1.200000e+01
    endloop
  endfacet
  facet normal -1.617820e-01 -9.868265e-01 0.000000e+00
    outer loop
      vertex   -2.725337e+01 9.937266e+01 -1.200000e+01
      vertex   -2.691195e+01 9.931669e+01 -5.900000e+00
      vertex   -2.725337e+01 9.937266e+01 -5.900000e+00
    endloop
  endfacet
  facet normal 5.413891e-02 -9.985334e-01 0.000000e+00
    outer loop
      vertex   -2.725337e+01 9.937266e+01 -1.200000e+01
      vertex   -2.725337e+01 9.937266e+01 -5.900000e+00
      vertex   -2.759885e+01 9.935393e+01 -1.200000e+01
    endloop
  endfacet
  facet normal 5.413891e-02 -9.985334e-01 0.000000e+00
    outer loop
      vertex   -2.759885e+01 9.935393e+01 -1.200000e+01
      vertex   -2.725337e+01 9.937266e+01 -5.900000e+00
      vertex   -2.759885e+01 9.935393e+01 -5.900000e+00
    endloop
  endfacet
  facet normal 2.675283e-01 -9.635500e-01 0.000000e+00
    outer loop
      vertex   -2.759885e+01 9.935393e+01 -1.200000e+01
      vertex   -2.759885e+01 9.935393e+01 -5.900000e+00
      vertex   -2.793222e+01 9.926137e+01 -1.200000e+01
    endloop
  endfacet
  facet normal 2.675283e-01 -9.635500e-01 0.000000e+00
    outer loop
      vertex   -2.793222e+01 9.926137e+01 -1.200000e+01
      vertex   -2.759885e+01 9.935393e+01 -5.900000e+00
      vertex   -2.793222e+01 9.926137e+01 -5.900000e+00
    endloop
  endfacet
  facet normal 4.684084e-01 -8.835120e-01 0.000000e+00
    outer loop
      vertex   -2.793222e+01 9.926137e+01 -1.200000e+01
      vertex   -2.793222e+01 9.926137e+01 -5.900000e+00
      vertex   -2.823790e+01 9.909931e+01 -1.200000e+01
    endloop
  endfacet
  facet normal 4.684084e-01 -8.835120e-01 0.000000e+00
    outer loop
      vertex   -2.823790e+01 9.909931e+01 -1.200000e+01
      vertex   -2.793222e+01 9.926137e+01 -5.900000e+00
      vertex   -2.823790e+01 9.909931e+01 -5.900000e+00
    endloop
  endfacet
  facet normal 6.473863e-01 -7.621621e-01 0.000000e+00
    outer loop
      vertex   -2.823790e+01 9.909931e+01 -1.200000e+01
      vertex   -2.823790e+01 9.909931e+01 -5.900000e+00
      vertex   -2.850159e+01 9.887533e+01 -1.200000e+01
    endloop
  endfacet
  facet normal 6.473863e-01 -7.621621e-01 0.000000e+00
    outer loop
      vertex   -2.850159e+01 9.887533e+01 -1.200000e+01
      vertex   -2.823790e+01 9.909931e+01 -5.900000e+00
      vertex   -2.850159e+01 9.887533e+01 -5.900000e+00
    endloop
  endfacet
  facet normal 7.960931e-01 -6.051742e-01 0.000000e+00
    outer loop
      vertex   -2.850159e+01 9.887533e+01 -1.200000e+01
      vertex   -2.850159e+01 9.887533e+01 -5.900000e+00
      vertex   -2.871097e+01 9.859989e+01 -1.200000e+01
    endloop
  endfacet
  facet normal 7.960931e-01 -6.051742e-01 0.000000e+00
    outer loop
      vertex   -2.871097e+01 9.859989e+01 -1.200000e+01
      vertex   -2.850159e+01 9.887533e+01 -5.900000e+00
      vertex   -2.871097e+01 9.859989e+01 -5.900000e+00
    endloop
  endfacet
  facet normal 9.075754e-01 -4.198891e-01 0.000000e+00
    outer loop
      vertex   -2.871097e+01 9.859989e+01 -1.200000e+01
      vertex   -2.871097e+01 9.859989e+01 -5.900000e+00
      vertex   -2.885624e+01 9.828589e+01 -1.200000e+01
    endloop
  endfacet
  facet normal 9.075754e-01 -4.198891e-01 0.000000e+00
    outer loop
      vertex   -2.885624e+01 9.828589e+01 -1.200000e+01
      vertex   -2.871097e+01 9.859989e+01 -5.900000e+00
      vertex   -2.885624e+01 9.828589e+01 -5.900000e+00
    endloop
  endfacet
  facet normal 9.766206e-01 -2.149704e-01 0.000000e+00
    outer loop
      vertex   -2.885624e+01 9.828589e+01 -1.200000e+01
      vertex   -2.885624e+01 9.828589e+01 -5.900000e+00
      vertex   -2.893062e+01 9.794800e+01 -1.200000e+01
    endloop
  endfacet
  facet normal 9.766206e-01 -2.149704e-01 0.000000e+00
    outer loop
      vertex   -2.893062e+01 9.794800e+01 -1.200000e+01
      vertex   -2.885624e+01 9.828589e+01 -5.900000e+00
      vertex   -2.893062e+01 9.794800e+01 -5.900000e+00
    endloop
  endfacet
  facet normal 1.000000e+00 0.000000e+00 -0.000000e+00
    outer loop
      vertex   -2.893062e+01 9.794800e+01 -1.200000e+01
      vertex   -2.893062e+01 9.794800e+01 -5.900000e+00
      vertex   -2.893062e+01 9.760202e+01 -1.200000e+01
    endloop
  endfacet
  facet normal 1.000000e+00 0.000000e+00 0.000000e+00
    outer loop
      vertex   -2.893062e+01 9.760202e+01 -1.200000e+01
      vertex   -2.893062e+01 9.794800e+01 -5.900000e+00
      vertex   -2.893062e+01 9.760202e+01 -5.900000e+00
    endloop
  endfacet
  facet normal 9.766206e-01 2.149704e-01 -0.000000e+00
    outer loop
      vertex   -2.893062e+01 9.760202e+01 -1.200000e+01
      vertex   -2.893062e+01 9.760202e+01 -5.900000e+00
      vertex   -2.885624e+01 9.726412e+01 -1.200000e+01
    endloop
  endfacet
  facet normal 9.766206e-01 2.149704e-01 -0.000000e+00
    outer loop
      vertex   -2.885624e+01 9.726412e+01 -1.200000e+01
      vertex   -2.893062e+01 9.760202e+01 -5.900000e+00
      vertex   -2.885624e+01 9.726412e+01 -5.900000e+00
    endloop
  endfacet
  facet normal 9.075754e-01 4.198891e-01 -0.000000e+00
    outer loop
      vertex   -2.885624e+01 9.726412e+01 -1.200000e+01
      vertex   -2.885624e+01 9.726412e+01 -5.900000e+00
      vertex   -2.871097e+01 9.695012e+01 -1.200000e+01
    endloop
  endfacet
  facet normal 9.075754e-01 4.198891e-01 -0.000000e+00
    outer loop
      vertex   -2.871097e+01 9.695012e+01 -1.200000e+01
      vertex   -2.885624e+01 9.726412e+01 -5.900000e+00
      vertex   -2.871097e+01 9.695012e+01 -5.900000e+00
    endloop
  endfacet
  facet normal 7.960931e-01 6.051742e-01 -0.000000e+00
    outer loop
      vertex   -2.871097e+01 9.695012e+01 -1.200000e+01
      vertex   -2.871097e+01 9.695012e+01 -5.900000e+00
      vertex   -2.850159e+01 9.667469e+01 -1.200000e+01
    endloop
  endfacet
  facet normal 7.960931e-01 6.051742e-01 -0.000000e+00
    outer loop
      vertex   -2.850159e+01 9.667469e+01 -1.200000e+01
      vertex   -2.871097e+01 9.695012e+01 -5.900000e+00
      vertex   -2.850159e+01 9.667469e+01 -5.900000e+00
    endloop
  endfacet
  facet normal 6.473863e-01 7.621621e-01 -0.000000e+00
    outer loop
      vertex   -2.850159e+01 9.667469e+01 -1.200000e+01
      vertex   -2.850159e+01 9.667469e+01 -5.900000e+00
      vertex   -2.823790e+01 9.645070e+01 -1.200000e+01
    endloop
  endfacet
  facet normal 6.473863e-01 7.621621e-01 -0.000000e+00
    outer loop
      vertex   -2.823790e+01 9.645070e+01 -1.200000e+01
      vertex   -2.850159e+01 9.667469e+01 -5.900000e+00
      vertex   -2.823790e+01 9.645070e+01 -5.900000e+00
    endloop
  endfacet
  facet normal 4.684084e-01 8.835120e-01 -0.000000e+00
    outer loop
      vertex   -2.823790e+01 9.645070e+01 -1.200000e+01
      vertex   -2.823790e+01 9.645070e+01 -5.900000e+00
      vertex   -2.793222e+01 9.628864e+01 -1.200000e+01
    endloop
  endfacet
  facet normal 4.684084e-01 8.835120e-01 -0.000000e+00
    outer loop
      vertex   -2.793222e+01 9.628864e+01 -1.200000e+01
      vertex   -2.823790e+01 9.645070e+01 -5.900000e+00
      vertex   -2.793222e+01 9.628864e+01 -5.900000e+00
    endloop
  endfacet
  facet normal 2.675283e-01 9.635500e-01 -0.000000e+00
    outer loop
      vertex   -2.793222e+01 9.628864e+01 -1.200000e+01
      vertex   -2.793222e+01 9.628864e+01 -5.900000e+00
      vertex   -2.759885e+01 9.619608e+01 -1.200000e+01
    endloop
  endfacet
  facet normal 2.675283e-01 9.635500e-01 -0.000000e+00
    outer loop
      vertex   -2.759885e+01 9.619608e+01 -1.200000e+01
      vertex   -2.793222e+01 9.628864e+01 -5.900000e+00
      vertex   -2.759885e+01 9.619608e+01 -5.900000e+00
    endloop
  endfacet
  facet normal 5.413891e-02 9.985334e-01 -0.000000e+00
    outer loop
      vertex   -2.759885e+01 9.619608e+01 -1.200000e+01
      vertex   -2.759885e+01 9.619608e+01 -5.900000e+00
      vertex   -2.725337e+01 9.617735e+01 -1.200000e+01
    endloop
  endfacet
  facet normal 5.413891e-02 9.985334e-01 -0.000000e+00
    outer loop
      vertex   -2.725337e+01 9.617735e+01 -1.200000e+01
      vertex   -2.759885e+01 9.619608e+01 -5.900000e+00
      vertex   -2.725337e+01 9.617735e+01 -5.900000e+00
    endloop
  endfacet
  facet normal -1.617820e-01 9.868265e-01 0.000000e+00
    outer loop
      vertex   -2.725337e+01 9.617735e+01 -1.200000e+01
      vertex   -2.725337e+01 9.617735e+01 -5.900000e+00
      vertex   -2.691195e+01 9.623333e+01 -1.200000e+01
    endloop
  endfacet
  facet normal -1.617820e-01 9.868265e-01 0.000000e+00
    outer loop
      vertex   -2.691195e+01 9.623333e+01 -1.200000e+01
      vertex   -2.725337e+01 9.617735e+01 -5.900000e+00
      vertex   -2.691195e+01 9.623333e+01 -5.900000e+00
    endloop
  endfacet
  facet normal -3.701382e-01 9.289767e-01 0.000000e+00
    outer loop
      vertex   -2.691195e+01 9.623333e+01 -1.200000e+01
      vertex   -2.691195e+01 9.623333e+01 -5.900000e+00
      vertex   -2.659054e+01 9.636139e+01 -1.200000e+01
    endloop
  endfacet
  facet normal -3.701382e-01 9.289767e-01 0.000000e+00
    outer loop
      vertex   -2.659054e+01 9.636139e+01 -1.200000e+01
      vertex   -2.691195e+01 9.623333e+01 -5.900000e+00
      vertex   -2.659054e+01 9.636139e+01 -5.900000e+00
    endloop
  endfacet
  facet normal -5.611871e-01 8.276890e-01 0.000000e+00
    outer loop
      vertex   -2.659054e+01 9.636139e+01 -1.200000e+01
      vertex   -2.659054e+01 9.636139e+01 -5.900000e+00
      vertex   -2.630418e+01 9.655555e+01 -1.200000e+01
    endloop
  endfacet
  facet normal -5.611871e-01 8.276890e-01 0.000000e+00
    outer loop
      vertex   -2.630418e+01 9.655555e+01 -1.200000e+01
      vertex   -2.659054e+01 9.636139e+01 -5.900000e+00
      vertex   -2.630418e+01 9.655555e+01 -5.900000e+00
    endloop
  endfacet
  facet normal -7.259955e-01 6.876995e-01 0.000000e+00
    outer loop
      vertex   -2.630418e+01 9.655555e+01 -1.200000e+01
      vertex   -2.630418e+01 9.655555e+01 -5.900000e+00
      vertex   -2.606625e+01 9.680673e+01 -1.200000e+01
    endloop
  endfacet
  facet normal -7.259955e-01 6.876995e-01 0.000000e+00
    outer loop
      vertex   -2.606625e+01 9.680673e+01 -1.200000e+01
      vertex   -2.630418e+01 9.655555e+01 -5.900000e+00
      vertex   -2.606625e+01 9.680673e+01 -5.900000e+00
    endloop
  endfacet
  facet normal -8.568572e-01 5.155539e-01 0.000000e+00
    outer loop
      vertex   -2.606625e+01 9.680673e+01 -1.200000e+01
      vertex   -2.606625e+01 9.680673e+01 -5.900000e+00
      vertex   -2.588788e+01 9.710318e+01 -1.200000e+01
    endloop
  endfacet
  facet normal -8.568572e-01 5.155539e-01 0.000000e+00
    outer loop
      vertex   -2.588788e+01 9.710318e+01 -1.200000e+01
      vertex   -2.606625e+01 9.680673e+01 -5.900000e+00
      vertex   -2.588788e+01 9.710318e+01 -5.900000e+00
    endloop
  endfacet
  facet normal -9.476532e-01 3.193015e-01 0.000000e+00
    outer loop
      vertex   -2.588788e+01 9.710318e+01 -1.200000e+01
      vertex   -2.588788e+01 9.710318e+01 -5.900000e+00
      vertex   -2.577740e+01 9.743105e+01 -1.200000e+01
    endloop
  endfacet
  facet normal -9.476532e-01 3.193015e-01 0.000000e+00
    outer loop
      vertex   -2.577740e+01 9.743105e+01 -1.200000e+01
      vertex   -2.588788e+01 9.710318e+01 -5.900000e+00
      vertex   -2.577740e+01 9.743105e+01 -5.900000e+00
    endloop
  endfacet
  facet normal -9.941380e-01 1.081190e-01 0.000000e+00
    outer loop
      vertex   2.822260e+01 9.743105e+01 -1.200000e+01
      vertex   2.822260e+01 9.743105e+01 -5.900000e+00
      vertex   2.826000e+01 9.777501e+01 -1.200000e+01
    endloop
  endfacet
  facet normal -9.941380e-01 1.081190e-01 0.000000e+00
    outer loop
      vertex   2.826000e+01 9.777501e+01 -1.200000e+01
      vertex   2.822260e+01 9.743105e+01 -5.900000e+00
      vertex   2.826000e+01 9.777501e+01 -5.900000e+00
    endloop
  endfacet
  facet normal -9.941380e-01 -1.081190e-01 0.000000e+00
    outer loop
      vertex   2.826000e+01 9.777501e+01 -1.200000e+01
      vertex   2.826000e+01 9.777501e+01 -5.900000e+00
      vertex   2.822260e+01 9.811896e+01 -1.200000e+01
    endloop
  endfacet
  facet normal -9.941380e-01 -1.081190e-01 0.000000e+00
    outer loop
      vertex   2.822260e+01 9.811896e+01 -1.200000e+01
      vertex   2.826000e+01 9.777501e+01 -5.900000e+00
      vertex   2.822260e+01 9.811896e+01 -5.900000e+00
    endloop
  endfacet
  facet normal -9.476532e-01 -3.193015e-01 0.000000e+00
    outer loop
      vertex   2.822260e+01 9.811896e+01 -1.200000e+01
      vertex   2.822260e+01 9.811896e+01 -5.900000e+00
      vertex   2.811212e+01 9.844683e+01 -1.200000e+01
    endloop
  endfacet
  facet normal -9.476532e-01 -3.193015e-01 0.000000e+00
    outer loop
      vertex   2.811212e+01 9.844683e+01 -1.200000e+01
      vertex   2.822260e+01 9.811896e+01 -5.900000e+00
      vertex   2.811212e+01 9.844683e+01 -5.900000e+00
    endloop
  endfacet
  facet normal -8.568572e-01 -5.155539e-01 0.000000e+00
    outer loop
      vertex   2.811212e+01 9.844683e+01 -1.200000e+01
      vertex   2.811212e+01 9.844683e+01 -5.900000e+00
      vertex   2.793375e+01 9.874329e+01 -1.200000e+01
    endloop
  endfacet
  facet normal -8.568572e-01 -5.155539e-01 4.990440e-16
    outer loop
      vertex   2.793375e+01 9.874329e+01 -1.200000e+01
      vertex   2.811212e+01 9.844683e+01 -5.900000e+00
      vertex   2.793375e+01 9.874329e+01 -5.900000e+00
    endloop
  endfacet
  facet normal -7.259955e-01 -6.876995e-01 4.228285e-16
    outer loop
      vertex   2.793375e+01 9.874329e+01 -1.200000e+01
      vertex   2.793375e+01 9.874329e+01 -5.900000e+00
      vertex   2.769582e+01 9.899447e+01 -1.200000e+01
    endloop
  endfacet
  facet normal -7.259955e-01 -6.876995e-01 0.000000e+00
    outer loop
      vertex   2.769582e+01 9.899447e+01 -1.200000e+01
      vertex   2.793375e+01 9.874329e+01 -5.900000e+00
      vertex   2.769582e+01 9.899447e+01 -5.900000e+00
    endloop
  endfacet
  facet normal -5.611871e-01 -8.276890e-01 0.000000e+00
    outer loop
      vertex   2.769582e+01 9.899447e+01 -1.200000e+01
      vertex   2.769582e+01 9.899447e+01 -5.900000e+00
      vertex   2.740946e+01 9.918863e+01 -1.200000e+01
    endloop
  endfacet
  facet normal -5.611871e-01 -8.276890e-01 0.000000e+00
    outer loop
      vertex   2.740946e+01 9.918863e+01 -1.200000e+01
      vertex   2.769582e+01 9.899447e+01 -5.900000e+00
      vertex   2.740946e+01 9.918863e+01 -5.900000e+00
    endloop
  endfacet
  facet normal -3.701382e-01 -9.289767e-01 0.000000e+00
    outer loop
      vertex   2.740946e+01 9.918863e+01 -1.200000e+01
      vertex   2.740946e+01 9.918863e+01 -5.900000e+00
      vertex   2.708805e+01 9.931669e+01 -1.200000e+01
    endloop
  endfacet
  facet normal -3.701382e-01 -9.289767e-01 0.000000e+00
    outer loop
      vertex   2.708805e+01 9.931669e+01 -1.200000e+01
      vertex   2.740946e+01 9.918863e+01 -5.900000e+00
      vertex   2.708805e+01 9.931669e+01 -5.900000e+00
    endloop
  endfacet
  facet normal -1.617820e-01 -9.868265e-01 0.000000e+00
    outer loop
      vertex   2.708805e+01 9.931669e+01 -1.200000e+01
      vertex   2.708805e+01 9.931669e+01 -5.900000e+00
      vertex   2.674663e+01 9.937266e+01 -1.200000e+01
    endloop
  endfacet
  facet normal -1.617820e-01 -9.868265e-01 0.000000e+00
    outer loop
      vertex   2.674663e+01 9.937266e+01 -1.200000e+01
      vertex   2.708805e+01 9.931669e+01 -5.900000e+00
      vertex   2.674663e+01 9.937266e+01 -5.900000e+00
    endloop
  endfacet
  facet normal 5.413891e-02 -9.985334e-01 0.000000e+00
    outer loop
      vertex   2.674663e+01 9.937266e+01 -1.200000e+01
      vertex   2.674663e+01 9.937266e+01 -5.900000e+00
      vertex   2.640115e+01 9.935393e+01 -1.200000e+01
    endloop
  endfacet
  facet normal 5.413891e-02 -9.985334e-01 0.000000e+00
    outer loop
      vertex   2.640115e+01 9.935393e+01 -1.200000e+01
      vertex   2.674663e+01 9.937266e+01 -5.900000e+00
      vertex   2.640115e+01 9.935393e+01 -5.900000e+00
    endloop
  endfacet
  facet normal 2.675283e-01 -9.635500e-01 0.000000e+00
    outer loop
      vertex   2.640115e+01 9.935393e+01 -1.200000e+01
      vertex   2.640115e+01 9.935393e+01 -5.900000e+00
      vertex   2.606778e+01 9.926137e+01 -1.200000e+01
    endloop
  endfacet
  facet normal 2.675283e-01 -9.635500e-01 0.000000e+00
    outer loop
      vertex   2.606778e+01 9.926137e+01 -1.200000e+01
      vertex   2.640115e+01 9.935393e+01 -5.900000e+00
      vertex   2.606778e+01 9.926137e+01 -5.900000e+00
    endloop
  endfacet
  facet normal 4.684084e-01 -8.835120e-01 0.000000e+00
    outer loop
      vertex   2.606778e+01 9.926137e+01 -1.200000e+01
      vertex   2.606778e+01 9.926137e+01 -5.900000e+00
      vertex   2.576210e+01 9.909931e+01 -1.200000e+01
    endloop
  endfacet
  facet normal 4.684084e-01 -8.835120e-01 0.000000e+00
    outer loop
      vertex   2.576210e+01 9.909931e+01 -1.200000e+01
      vertex   2.606778e+01 9.926137e+01 -5.900000e+00
      vertex   2.576210e+01 9.909931e+01 -5.900000e+00
    endloop
  endfacet
  facet normal 6.473863e-01 -7.621621e-01 0.000000e+00
    outer loop
      vertex   2.576210e+01 9.909931e+01 -1.200000e+01
      vertex   2.576210e+01 9.909931e+01 -5.900000e+00
      vertex   2.549841e+01 9.887533e+01 -1.200000e+01
    endloop
  endfacet
  facet normal 6.473863e-01 -7.621621e-01 0.000000e+00
    outer loop
      vertex   2.549841e+01 9.887533e+01 -1.200000e+01
      vertex   2.576210e+01 9.909931e+01 -5.900000e+00
      vertex   2.549841e+01 9.887533e+01 -5.900000e+00
    endloop
  endfacet
  facet normal 7.960931e-01 -6.051742e-01 0.000000e+00
    outer loop
      vertex   2.549841e+01 9.887533e+01 -1.200000e+01
      vertex   2.549841e+01 9.887533e+01 -5.900000e+00
      vertex   2.528903e+01 9.859989e+01 -1.200000e+01
    endloop
  endfacet
  facet normal 7.960931e-01 -6.051742e-01 0.000000e+00
    outer loop
      vertex   2.528903e+01 9.859989e+01 -1.200000e+01
      vertex   2.549841e+01 9.887533e+01 -5.900000e+00
      vertex   2.528903e+01 9.859989e+01 -5.900000e+00
    endloop
  endfacet
  facet normal 9.075754e-01 -4.198891e-01 0.000000e+00
    outer loop
      vertex   2.528903e+01 9.859989e+01 -1.200000e+01
      vertex   2.528903e+01 9.859989e+01 -5.900000e+00
      vertex   2.514376e+01 9.828589e+01 -1.200000e+01
    endloop
  endfacet
  facet normal 9.075754e-01 -4.198891e-01 0.000000e+00
    outer loop
      vertex   2.514376e+01 9.828589e+01 -1.200000e+01
      vertex   2.528903e+01 9.859989e+01 -5.900000e+00
      vertex   2.514376e+01 9.828589e+01 -5.900000e+00
    endloop
  endfacet
  facet normal 9.766206e-01 -2.149704e-01 0.000000e+00
    outer loop
      vertex   2.514376e+01 9.828589e+01 -1.200000e+01
      vertex   2.514376e+01 9.828589e+01 -5.900000e+00
      vertex   2.506938e+01 9.794800e+01 -1.200000e+01
    endloop
  endfacet
  facet normal 9.766206e-01 -2.149704e-01 0.000000e+00
    outer loop
      vertex   2.506938e+01 9.794800e+01 -1.200000e+01
      vertex   2.514376e+01 9.828589e+01 -5.900000e+00
      vertex   2.506938e+01 9.794800e+01 -5.900000e+00
    endloop
  endfacet
  facet normal 1.000000e+00 0.000000e+00 -0.000000e+00
    outer loop
      vertex   2.506938e+01 9.794800e+01 -1.200000e+01
      vertex   2.506938e+01 9.794800e+01 -5.900000e+00
      vertex   2.506938e+01 9.760202e+01 -1.200000e+01
    endloop
  endfacet
  facet normal 1.000000e+00 0.000000e+00 0.000000e+00
    outer loop
      vertex   2.506938e+01 9.760202e+01 -1.200000e+01
      vertex   2.506938e+01 9.794800e+01 -5.900000e+00
      vertex   2.506938e+01 9.760202e+01 -5.900000e+00
    endloop
  endfacet
  facet normal 9.766206e-01 2.149704e-01 -0.000000e+00
    outer loop
      vertex   2.506938e+01 9.760202e+01 -1.200000e+01
      vertex   2.506938e+01 9.760202e+01 -5.900000e+00
      vertex   2.514376e+01 9.726412e+01 -1.200000e+01
    endloop
  endfacet
  facet normal 9.766206e-01 2.149704e-01 -0.000000e+00
    outer loop
      vertex   2.514376e+01 9.726412e+01 -1.200000e+01
      vertex   2.506938e+01 9.760202e+01 -5.900000e+00
      vertex   2.514376e+01 9.726412e+01 -5.900000e+00
    endloop
  endfacet
  facet normal 9.075754e-01 4.198891e-01 -0.000000e+00
    outer loop
      vertex   2.514376e+01 9.726412e+01 -1.200000e+01
      vertex   2.514376e+01 9.726412e+01 -5.900000e+00
      vertex   2.528903e+01 9.695012e+01 -1.200000e+01
    endloop
  endfacet
  facet normal 9.075754e-01 4.198891e-01 -0.000000e+00
    outer loop
      vertex   2.528903e+01 9.695012e+01 -1.200000e+01
      vertex   2.514376e+01 9.726412e+01 -5.900000e+00
      vertex   2.528903e+01 9.695012e+01 -5.900000e+00
    endloop
  endfacet
  facet normal 7.960931e-01 6.051742e-01 -0.000000e+00
    outer loop
      vertex   2.528903e+01 9.695012e+01 -1.200000e+01
      vertex   2.528903e+01 9.695012e+01 -5.900000e+00
      vertex   2.549841e+01 9.667469e+01 -1.200000e+01
    endloop
  endfacet
  facet normal 7.960931e-01 6.051742e-01 -0.000000e+00
    outer loop
      vertex   2.549841e+01 9.667469e+01 -1.200000e+01
      vertex   2.528903e+01 9.695012e+01 -5.900000e+00
      vertex   2.549841e+01 9.667469e+01 -5.900000e+00
    endloop
  endfacet
  facet normal 6.473863e-01 7.621621e-01 -0.000000e+00
    outer loop
      vertex   2.549841e+01 9.667469e+01 -1.200000e+01
      vertex   2.549841e+01 9.667469e+01 -5.900000e+00
      vertex   2.576210e+01 9.645070e+01 -1.200000e+01
    endloop
  endfacet
  facet normal 6.473863e-01 7.621621e-01 -0.000000e+00
    outer loop
      vertex   2.576210e+01 9.645070e+01 -1.200000e+01
      vertex   2.549841e+01 9.667469e+01 -5.900000e+00
      vertex   2.576210e+01 9.645070e+01 -5.900000e+00
    endloop
  endfacet
  facet normal 4.684084e-01 8.835120e-01 -0.000000e+00
    outer loop
      vertex   2.576210e+01 9.645070e+01 -1.200000e+01
      vertex   2.576210e+01 9.645070e+01 -5.900000e+00
      vertex   2.606778e+01 9.628864e+01 -1.200000e+01
    endloop
  endfacet
  facet normal 4.684084e-01 8.835120e-01 -0.000000e+00
    outer loop
      vertex   2.606778e+01 9.628864e+01 -1.200000e+01
      vertex   2.576210e+01 9.645070e+01 -5.900000e+00
      vertex   2.606778e+01 9.628864e+01 -5.900000e+00
    endloop
  endfacet
  facet normal 2.675283e-01 9.635500e-01 -0.000000e+00
    outer loop
      vertex   2.606778e+01 9.628864e+01 -1.200000e+01
      vertex   2.606778e+01 9.628864e+01 -5.900000e+00
      vertex   2.640115e+01 9.619608e+01 -1.200000e+01
    endloop
  endfacet
  facet normal 2.675283e-01 9.635500e-01 -0.000000e+00
    outer loop
      vertex   2.640115e+01 9.619608e+01 -1.200000e+01
      vertex   2.606778e+01 9.628864e+01 -5.900000e+00
      vertex   2.640115e+01 9.619608e+01 -5.900000e+00
    endloop
  endfacet
  facet normal 5.413891e-02 9.985334e-01 -0.000000e+00
    outer loop
      vertex   2.640115e+01 9.619608e+01 -1.200000e+01
      vertex   2.640115e+01 9.619608e+01 -5.900000e+00
      vertex   2.674663e+01 9.617735e+01 -1.200000e+01
    endloop
  endfacet
  facet normal 5.413891e-02 9.985334e-01 -0.000000e+00
    outer loop
      vertex   2.674663e+01 9.617735e+01 -1.200000e+01
      vertex   2.640115e+01 9.619608e+01 -5.900000e+00
      vertex   2.674663e+01 9.617735e+01 -5.900000e+00
    endloop
  endfacet
  facet normal -1.617820e-01 9.868265e-01 0.000000e+00
    outer loop
      vertex   2.674663e+01 9.617735e+01 -1.200000e+01
      vertex   2.674663e+01 9.617735e+01 -5.900000e+00
      vertex   2.708805e+01 9.623333e+01 -1.200000e+01
    endloop
  endfacet
  facet normal -1.617820e-01 9.868265e-01 0.000000e+00
    outer loop
      vertex   2.708805e+01 9.623333e+01 -1.200000e+01
      vertex   2.674663e+01 9.617735e+01 -5.900000e+00
      vertex   2.708805e+01 9.623333e+01 -5.900000e+00
    endloop
  endfacet
  facet normal -3.701382e-01 9.289767e-01 0.000000e+00
    outer loop
      vertex   2.708805e+01 9.623333e+01 -1.200000e+01
      vertex   2.708805e+01 9.623333e+01 -5.900000e+00
      vertex   2.740946e+01 9.636139e+01 -1.200000e+01
    endloop
  endfacet
  facet normal -3.701382e-01 9.289767e-01 0.000000e+00
    outer loop
      vertex   2.740946e+01 9.636139e+01 -1.200000e+01
      vertex   2.708805e+01 9.623333e+01 -5.900000e+00
      vertex   2.740946e+01 9.636139e+01 -5.900000e+00
    endloop
  endfacet
  facet normal -5.611871e-01 8.276890e-01 0.000000e+00
    outer loop
      vertex   2.740946e+01 9.636139e+01 -1.200000e+01
      vertex   2.740946e+01 9.636139e+01 -5.900000e+00
      vertex   2.769582e+01 9.655555e+01 -1.200000e+01
    endloop
  endfacet
  facet normal -5.611871e-01 8.276890e-01 0.000000e+00
    outer loop
      vertex   2.769582e+01 9.655555e+01 -1.200000e+01
      vertex   2.740946e+01 9.636139e+01 -5.900000e+00
      vertex   2.769582e+01 9.655555e+01 -5.900000e+00
    endloop
  endfacet
  facet normal -7.259955e-01 6.876995e-01 0.000000e+00
    outer loop
      vertex   2.769582e+01 9.655555e+01 -1.200000e+01
      vertex   2.769582e+01 9.655555e+01 -5.900000e+00
      vertex   2.793375e+01 9.680673e+01 -1.200000e+01
    endloop
  endfacet
  facet normal -7.259955e-01 6.876995e-01 -4.228285e-16
    outer loop
      vertex   2.793375e+01 9.680673e+01 -1.200000e+01
      vertex   2.769582e+01 9.655555e+01 -5.900000e+00
      vertex   2.793375e+01 9.680673e+01 -5.900000e+00
    endloop
  endfacet
  facet normal -8.568572e-01 5.155539e-01 -4.990440e-16
    outer loop
      vertex   2.793375e+01 9.680673e+01 -1.200000e+01
      vertex   2.793375e+01 9.680673e+01 -5.900000e+00
      vertex   2.811212e+01 9.710318e+01 -1.200000e+01
    endloop
  endfacet
  facet normal -8.568572e-01 5.155539e-01 0.000000e+00
    outer loop
      vertex   2.811212e+01 9.710318e+01 -1.200000e+01
      vertex   2.793375e+01 9.680673e+01 -5.900000e+00
      vertex   2.811212e+01 9.710318e+01 -5.900000e+00
    endloop
  endfacet
  facet normal -9.476532e-01 3.193015e-01 0.000000e+00
    outer loop
      vertex   2.811212e+01 9.710318e+01 -1.200000e+01
      vertex   2.811212e+01 9.710318e+01 -5.900000e+00
      vertex   2.822260e+01 9.743105e+01 -1.200000e+01
    endloop
  endfacet
  facet normal -9.476532e-01 3.193015e-01 0.000000e+00
    outer loop
      vertex   2.822260e+01 9.743105e+01 -1.200000e+01
      vertex   2.811212e+01 9.710318e+01 -5.900000e+00
      vertex   2.822260e+01 9.743105e+01 -5.900000e+00
    endloop
  endfacet
  facet normal 9.941380e-01 1.081190e-01 0.000000e+00
    outer loop
      vertex   -3.418172e+00 3.474760e+01 -5.900000e+00
      vertex   -3.418172e+00 3.474760e+01 -1.200000e+01
      vertex   -3.500000e+00 3.550000e+01 -5.900000e+00
    endloop
  endfacet
  facet normal 9.941380e-01 1.081190e-01 0.000000e+00
    outer loop
      vertex   -3.500000e+00 3.550000e+01 -5.900000e+00
      vertex   -3.418172e+00 3.474760e+01 -1.200000e+01
      vertex   -3.500000e+00 3.550000e+01 -1.200000e+01
    endloop
  endfacet
  facet normal 9.941380e-01 -1.081190e-01 0.000000e+00
    outer loop
      vertex   -3.500000e+00 3.550000e+01 -5.900000e+00
      vertex   -3.500000e+00 3.550000e+01 -1.200000e+01
      vertex   -3.418172e+00 3.625240e+01 -5.900000e+00
    endloop
  endfacet
  facet normal 9.941380e-01 -1.081190e-01 0.000000e+00
    outer loop
      vertex   -3.418172e+00 3.625240e+01 -5.900000e+00
      vertex   -3.500000e+00 3.550000e+01 -1.200000e+01
      vertex   -3.418172e+00 3.625240e+01 -1.200000e+01
    endloop
  endfacet
  facet normal 9.476532e-01 -3.193015e-01 0.000000e+00
    outer loop
      vertex   -3.418172e+00 3.625240e+01 -5.900000e+00
      vertex   -3.418172e+00 3.625240e+01 -1.200000e+01
      vertex   -3.176514e+00 3.696961e+01 -5.900000e+00
    endloop
  endfacet
  facet normal 9.476532e-01 -3.193015e-01 0.000000e+00
    outer loop
      vertex   -3.176514e+00 3.696961e+01 -5.900000e+00
      vertex   -3.418172e+00 3.625240e+01 -1.200000e+01
      vertex   -3.176514e+00 3.696961e+01 -1.200000e+01
    endloop
  endfacet
  facet normal 8.568572e-01 -5.155539e-01 0.000000e+00
    outer loop
      vertex   -3.176514e+00 3.696961e+01 -5.900000e+00
      vertex   -3.176514e+00 3.696961e+01 -1.200000e+01
      vertex   -2.786326e+00 3.761811e+01 -5.900000e+00
    endloop
  endfacet
  facet normal 8.568572e-01 -5.155539e-01 -3.742830e-16
    outer loop
      vertex   -2.786326e+00 3.761811e+01 -5.900000e+00
      vertex   -3.176514e+00 3.696961e+01 -1.200000e+01
      vertex   -2.786326e+00 3.761811e+01 -1.200000e+01
    endloop
  endfacet
  facet normal 7.259955e-01 -6.876995e-01 -3.171214e-16
    outer loop
      vertex   -2.786326e+00 3.761811e+01 -5.900000e+00
      vertex   -2.786326e+00 3.761811e+01 -1.200000e+01
      vertex   -2.265852e+00 3.816757e+01 -5.900000e+00
    endloop
  endfacet
  facet normal 7.259955e-01 -6.876995e-01 -1.585607e-16
    outer loop
      vertex   -2.265852e+00 3.816757e+01 -5.900000e+00
      vertex   -2.786326e+00 3.761811e+01 -1.200000e+01
      vertex   -2.265852e+00 3.816757e+01 -1.200000e+01
    endloop
  endfacet
  facet normal 5.611871e-01 -8.276890e-01 -1.225658e-16
    outer loop
      vertex   -2.265852e+00 3.816757e+01 -5.900000e+00
      vertex   -2.265852e+00 3.816757e+01 -1.200000e+01
      vertex   -1.639430e+00 3.859229e+01 -5.900000e+00
    endloop
  endfacet
  facet normal 5.611871e-01 -8.276890e-01 -1.225658e-16
    outer loop
      vertex   -1.639430e+00 3.859229e+01 -5.900000e+00
      vertex   -2.265852e+00 3.816757e+01 -1.200000e+01
      vertex   -1.639430e+00 3.859229e+01 -1.200000e+01
    endloop
  endfacet
  facet normal 3.701382e-01 -9.289767e-01 -8.083985e-17
    outer loop
      vertex   -1.639430e+00 3.859229e+01 -5.900000e+00
      vertex   -1.639430e+00 3.859229e+01 -1.200000e+01
      vertex   -9.363492e-01 3.887242e+01 -5.900000e+00
    endloop
  endfacet
  facet normal 3.701382e-01 -9.289767e-01 -1.010498e-16
    outer loop
      vertex   -9.363492e-01 3.887242e+01 -5.900000e+00
      vertex   -1.639430e+00 3.859229e+01 -1.200000e+01
      vertex   -9.363492e-01 3.887242e+01 -1.200000e+01
    endloop
  endfacet
  facet normal 1.617820e-01 -9.868265e-01 -4.416740e-17
    outer loop
      vertex   -9.363492e-01 3.887242e+01 -5.900000e+00
      vertex   -9.363492e-01 3.887242e+01 -1.200000e+01
      vertex   -1.894862e-01 3.899487e+01 -5.900000e+00
    endloop
  endfacet
  facet normal 1.617820e-01 -9.868265e-01 -1.987533e-17
    outer loop
      vertex   -1.894862e-01 3.899487e+01 -5.900000e+00
      vertex   -9.363492e-01 3.887242e+01 -1.200000e+01
      vertex   -1.894862e-01 3.899487e+01 -1.200000e+01
    endloop
  endfacet
  facet normal -5.413891e-02 -9.985334e-01 6.651103e-18
    outer loop
      vertex   -1.894862e-01 3.899487e+01 -5.900000e+00
      vertex   -1.894862e-01 3.899487e+01 -1.200000e+01
      vertex   5.662370e-01 3.895389e+01 -5.900000e+00
    endloop
  endfacet
  facet normal -5.413891e-02 -9.985334e-01 6.897440e-18
    outer loop
      vertex   5.662370e-01 3.895389e+01 -5.900000e+00
      vertex   -1.894862e-01 3.899487e+01 -1.200000e+01
      vertex   5.662370e-01 3.895389e+01 -1.200000e+01
    endloop
  endfacet
  facet normal -2.675283e-01 -9.635500e-01 3.408382e-17
    outer loop
      vertex   5.662370e-01 3.895389e+01 -5.900000e+00
      vertex   5.662370e-01 3.895389e+01 -1.200000e+01
      vertex   1.295484e+00 3.875142e+01 -5.900000e+00
    endloop
  endfacet
  facet normal -2.675283e-01 -9.635500e-01 3.895293e-17
    outer loop
      vertex   1.295484e+00 3.875142e+01 -5.900000e+00
      vertex   5.662370e-01 3.895389e+01 -1.200000e+01
      vertex   1.295484e+00 3.875142e+01 -1.200000e+01
    endloop
  endfacet
  facet normal -4.684084e-01 -8.835120e-01 6.820168e-17
    outer loop
      vertex   1.295484e+00 3.875142e+01 -5.900000e+00
      vertex   1.295484e+00 3.875142e+01 -1.200000e+01
      vertex   1.964155e+00 3.839691e+01 -5.900000e+00
    endloop
  endfacet
  facet normal -4.684084e-01 -8.835120e-01 -0.000000e+00
    outer loop
      vertex   1.964155e+00 3.839691e+01 -5.900000e+00
      vertex   1.295484e+00 3.875142e+01 -1.200000e+01
      vertex   1.964155e+00 3.839691e+01 -1.200000e+01
    endloop
  endfacet
  facet normal -6.473863e-01 -7.621621e-01 -0.000000e+00
    outer loop
      vertex   1.964155e+00 3.839691e+01 -5.900000e+00
      vertex   1.964155e+00 3.839691e+01 -1.200000e+01
      vertex   2.540984e+00 3.790695e+01 -5.900000e+00
    endloop
  endfacet
  facet normal -6.473863e-01 -7.621621e-01 1.413921e-16
    outer loop
      vertex   2.540984e+00 3.790695e+01 -5.900000e+00
      vertex   1.964155e+00 3.839691e+01 -1.200000e+01
      vertex   2.540984e+00 3.790695e+01 -1.200000e+01
    endloop
  endfacet
  facet normal -7.960931e-01 -6.051742e-01 1.738703e-16
    outer loop
      vertex   2.540984e+00 3.790695e+01 -5.900000e+00
      vertex   2.540984e+00 3.790695e+01 -1.200000e+01
      vertex   2.999000e+00 3.730444e+01 -5.900000e+00
    endloop
  endfacet
  facet normal -7.960931e-01 -6.051742e-01 1.159136e-16
    outer loop
      vertex   2.999000e+00 3.730444e+01 -5.900000e+00
      vertex   2.540984e+00 3.790695e+01 -1.200000e+01
      vertex   2.999000e+00 3.730444e+01 -1.200000e+01
    endloop
  endfacet
  facet normal -9.075754e-01 -4.198891e-01 1.321457e-16
    outer loop
      vertex   2.999000e+00 3.730444e+01 -5.900000e+00
      vertex   2.999000e+00 3.730444e+01 -1.200000e+01
      vertex   3.316786e+00 3.661756e+01 -5.900000e+00
    endloop
  endfacet
  facet normal -9.075754e-01 -4.198891e-01 -0.000000e+00
    outer loop
      vertex   3.316786e+00 3.661756e+01 -5.900000e+00
      vertex   2.999000e+00 3.730444e+01 -1.200000e+01
      vertex   3.316786e+00 3.661756e+01 -1.200000e+01
    endloop
  endfacet
  facet normal -9.766206e-01 -2.149704e-01 -0.000000e+00
    outer loop
      vertex   3.316786e+00 3.661756e+01 -5.900000e+00
      vertex   3.316786e+00 3.661756e+01 -1.200000e+01
      vertex   3.479483e+00 3.587842e+01 -5.900000e+00
    endloop
  endfacet
  facet normal -9.766206e-01 -2.149704e-01 -0.000000e+00
    outer loop
      vertex   3.479483e+00 3.587842e+01 -5.900000e+00
      vertex   3.316786e+00 3.661756e+01 -1.200000e+01
      vertex   3.479483e+00 3.587842e+01 -1.200000e+01
    endloop
  endfacet
  facet normal -1.000000e+00 -0.000000e+00 -0.000000e+00
    outer loop
      vertex   3.479483e+00 3.587842e+01 -5.900000e+00
      vertex   3.479483e+00 3.587842e+01 -1.200000e+01
      vertex   3.479483e+00 3.512158e+01 -5.900000e+00
    endloop
  endfacet
  facet normal -1.000000e+00 0.000000e+00 0.000000e+00
    outer loop
      vertex   3.479483e+00 3.512158e+01 -5.900000e+00
      vertex   3.479483e+00 3.587842e+01 -1.200000e+01
      vertex   3.479483e+00 3.512158e+01 -1.200000e+01
    endloop
  endfacet
  facet normal -9.766206e-01 2.149704e-01 0.000000e+00
    outer loop
      vertex   3.479483e+00 3.512158e+01 -5.900000e+00
      vertex   3.479483e+00 3.512158e+01 -1.200000e+01
      vertex   3.316786e+00 3.438244e+01 -5.900000e+00
    endloop
  endfacet
  facet normal -9.766206e-01 2.149704e-01 0.000000e+00
    outer loop
      vertex   3.316786e+00 3.438244e+01 -5.900000e+00
      vertex   3.479483e+00 3.512158e+01 -1.200000e+01
      vertex   3.316786e+00 3.438244e+01 -1.200000e+01
    endloop
  endfacet
  facet normal -9.075754e-01 4.198891e-01 0.000000e+00
    outer loop
      vertex   3.316786e+00 3.438244e+01 -5.900000e+00
      vertex   3.316786e+00 3.438244e+01 -1.200000e+01
      vertex   2.999000e+00 3.369556e+01 -5.900000e+00
    endloop
  endfacet
  facet normal -9.075754e-01 4.198891e-01 -1.321457e-16
    outer loop
      vertex   2.999000e+00 3.369556e+01 -5.900000e+00
      vertex   3.316786e+00 3.438244e+01 -1.200000e+01
      vertex   2.999000e+00 3.369556e+01 -1.200000e+01
    endloop
  endfacet
  facet normal -7.960931e-01 6.051742e-01 -1.159136e-16
    outer loop
      vertex   2.999000e+00 3.369556e+01 -5.900000e+00
      vertex   2.999000e+00 3.369556e+01 -1.200000e+01
      vertex   2.540984e+00 3.309305e+01 -5.900000e+00
    endloop
  endfacet
  facet normal -7.960931e-01 6.051742e-01 -1.738703e-16
    outer loop
      vertex   2.540984e+00 3.309305e+01 -5.900000e+00
      vertex   2.999000e+00 3.369556e+01 -1.200000e+01
      vertex   2.540984e+00 3.309305e+01 -1.200000e+01
    endloop
  endfacet
  facet normal -6.473863e-01 7.621621e-01 -1.413921e-16
    outer loop
      vertex   2.540984e+00 3.309305e+01 -5.900000e+00
      vertex   2.540984e+00 3.309305e+01 -1.200000e+01
      vertex   1.964155e+00 3.260309e+01 -5.900000e+00
    endloop
  endfacet
  facet normal -6.473863e-01 7.621621e-01 0.000000e+00
    outer loop
      vertex   1.964155e+00 3.260309e+01 -5.900000e+00
      vertex   2.540984e+00 3.309305e+01 -1.200000e+01
      vertex   1.964155e+00 3.260309e+01 -1.200000e+01
    endloop
  endfacet
  facet normal -4.684084e-01 8.835120e-01 0.000000e+00
    outer loop
      vertex   1.964155e+00 3.260309e+01 -5.900000e+00
      vertex   1.964155e+00 3.260309e+01 -1.200000e+01
      vertex   1.295484e+00 3.224858e+01 -5.900000e+00
    endloop
  endfacet
  facet normal -4.684084e-01 8.835120e-01 -6.820168e-17
    outer loop
      vertex   1.295484e+00 3.224858e+01 -5.900000e+00
      vertex   1.964155e+00 3.260309e+01 -1.200000e+01
      vertex   1.295484e+00 3.224858e+01 -1.200000e+01
    endloop
  endfacet
  facet normal -2.675283e-01 9.635500e-01 -3.895293e-17
    outer loop
      vertex   1.295484e+00 3.224858e+01 -5.900000e+00
      vertex   1.295484e+00 3.224858e+01 -1.200000e+01
      vertex   5.662370e-01 3.204611e+01 -5.900000e+00
    endloop
  endfacet
  facet normal -2.675283e-01 9.635500e-01 -3.408382e-17
    outer loop
      vertex   5.662370e-01 3.204611e+01 -5.900000e+00
      vertex   1.295484e+00 3.224858e+01 -1.200000e+01
      vertex   5.662370e-01 3.204611e+01 -1.200000e+01
    endloop
  endfacet
  facet normal -5.413891e-02 9.985334e-01 -6.897440e-18
    outer loop
      vertex   5.662370e-01 3.204611e+01 -5.900000e+00
      vertex   5.662370e-01 3.204611e+01 -1.200000e+01
      vertex   -1.894862e-01 3.200513e+01 -5.900000e+00
    endloop
  endfacet
  facet normal -5.413891e-02 9.985334e-01 -6.651103e-18
    outer loop
      vertex   -1.894862e-01 3.200513e+01 -5.900000e+00
      vertex   5.662370e-01 3.204611e+01 -1.200000e+01
      vertex   -1.894862e-01 3.200513e+01 -1.200000e+01
    endloop
  endfacet
  facet normal 1.617820e-01 9.868265e-01 1.987533e-17
    outer loop
      vertex   -1.894862e-01 3.200513e+01 -5.900000e+00
      vertex   -1.894862e-01 3.200513e+01 -1.200000e+01
      vertex   -9.363492e-01 3.212758e+01 -5.900000e+00
    endloop
  endfacet
  facet normal 1.617820e-01 9.868265e-01 4.416740e-17
    outer loop
      vertex   -9.363492e-01 3.212758e+01 -5.900000e+00
      vertex   -1.894862e-01 3.200513e+01 -1.200000e+01
      vertex   -9.363492e-01 3.212758e+01 -1.200000e+01
    endloop
  endfacet
  facet normal 3.701382e-01 9.289767e-01 1.010498e-16
    outer loop
      vertex   -9.363492e-01 3.212758e+01 -5.900000e+00
      vertex   -9.363492e-01 3.212758e+01 -1.200000e+01
      vertex   -1.639430e+00 3.240771e+01 -5.900000e+00
    endloop
  endfacet
  facet normal 3.701382e-01 9.289767e-01 8.083985e-17
    outer loop
      vertex   -1.639430e+00 3.240771e+01 -5.900000e+00
      vertex   -9.363492e-01 3.212758e+01 -1.200000e+01
      vertex   -1.639430e+00 3.240771e+01 -1.200000e+01
    endloop
  endfacet
  facet normal 5.611871e-01 8.276890e-01 1.225658e-16
    outer loop
      vertex   -1.639430e+00 3.240771e+01 -5.900000e+00
      vertex   -1.639430e+00 3.240771e+01 -1.200000e+01
      vertex   -2.265852e+00 3.283243e+01 -5.900000e+00
    endloop
  endfacet
  facet normal 5.611871e-01 8.276890e-01 1.225658e-16
    outer loop
      vertex   -2.265852e+00 3.283243e+01 -5.900000e+00
      vertex   -1.639430e+00 3.240771e+01 -1.200000e+01
      vertex   -2.265852e+00 3.283243e+01 -1.200000e+01
    endloop
  endfacet
  facet normal 7.259955e-01 6.876995e-01 1.585607e-16
    outer loop
      vertex   -2.265852e+00 3.283243e+01 -5.900000e+00
      vertex   -2.265852e+00 3.283243e+01 -1.200000e+01
      vertex   -2.786326e+00 3.338189e+01 -5.900000e+00
    endloop
  endfacet
  facet normal 7.259955e-01 6.876995e-01 3.171214e-16
    outer loop
      vertex   -2.786326e+00 3.338189e+01 -5.900000e+00
      vertex   -2.265852e+00 3.283243e+01 -1.200000e+01
      vertex   -2.786326e+00 3.338189e+01 -1.200000e+01
    endloop
  endfacet
  facet normal 8.568572e-01 5.155539e-01 3.742830e-16
    outer loop
      vertex   -2.786326e+00 3.338189e+01 -5.900000e+00
      vertex   -2.786326e+00 3.338189e+01 -1.200000e+01
      vertex   -3.176514e+00 3.403039e+01 -5.900000e+00
    endloop
  endfacet
  facet normal 8.568572e-01 5.155539e-01 0.000000e+00
    outer loop
      vertex   -3.176514e+00 3.403039e+01 -5.900000e+00
      vertex   -2.786326e+00 3.338189e+01 -1.200000e+01
      vertex   -3.176514e+00 3.403039e+01 -1.200000e+01
    endloop
  endfacet
  facet normal 9.476532e-01 3.193015e-01 0.000000e+00
    outer loop
      vertex   -3.176514e+00 3.403039e+01 -5.900000e+00
      vertex   -3.176514e+00 3.403039e+01 -1.200000e+01
      vertex   -3.418172e+00 3.474760e+01 -5.900000e+00
    endloop
  endfacet
  facet normal 9.476532e-01 3.193015e-01 0.000000e+00
    outer loop
      vertex   -3.418172e+00 3.474760e+01 -5.900000e+00
      vertex   -3.176514e+00 3.403039e+01 -1.200000e+01
      vertex   -3.418172e+00 3.474760e+01 -1.200000e+01
    endloop
  endfacet
  facet normal -9.941380e-01 0.000000e+00 -1.081190e-01
    outer loop
      vertex   3.770609e+01 -2.950000e+01 -3.952988e-01
      vertex   3.770609e+01 -2.600000e+01 -3.952988e-01
      vertex   3.774466e+01 -2.950000e+01 -7.500000e-01
    endloop
  endfacet
  facet normal -9.941380e-01 0.000000e+00 -1.081190e-01
    outer loop
      vertex   3.774466e+01 -2.950000e+01 -7.500000e-01
      vertex   3.770609e+01 -2.600000e+01 -3.952988e-01
      vertex   3.774466e+01 -2.600000e+01 -7.500000e-01
    endloop
  endfacet
  facet normal -9.941380e-01 0.000000e+00 1.081190e-01
    outer loop
      vertex   3.774466e+01 -2.950000e+01 -7.500000e-01
      vertex   3.774466e+01 -2.600000e+01 -7.500000e-01
      vertex   3.770609e+01 -2.950000e+01 -1.104701e+00
    endloop
  endfacet
  facet normal -9.941380e-01 0.000000e+00 1.081190e-01
    outer loop
      vertex   3.770609e+01 -2.950000e+01 -1.104701e+00
      vertex   3.774466e+01 -2.600000e+01 -7.500000e-01
      vertex   3.770609e+01 -2.600000e+01 -1.104701e+00
    endloop
  endfacet
  facet normal -9.476532e-01 0.000000e+00 3.193015e-01
    outer loop
      vertex   3.770609e+01 -2.950000e+01 -1.104701e+00
      vertex   3.770609e+01 -2.600000e+01 -1.104701e+00
      vertex   3.759216e+01 -2.950000e+01 -1.442817e+00
    endloop
  endfacet
  facet normal -9.476532e-01 0.000000e+00 3.193015e-01
    outer loop
      vertex   3.759216e+01 -2.950000e+01 -1.442817e+00
      vertex   3.770609e+01 -2.600000e+01 -1.104701e+00
      vertex   3.759216e+01 -2.600000e+01 -1.442817e+00
    endloop
  endfacet
  facet normal -8.568572e-01 0.000000e+00 5.155539e-01
    outer loop
      vertex   3.759216e+01 -2.950000e+01 -1.442817e+00
      vertex   3.759216e+01 -2.600000e+01 -1.442817e+00
      vertex   3.740822e+01 -2.950000e+01 -1.748537e+00
    endloop
  endfacet
  facet normal -8.568572e-01 -1.635371e-16 5.155539e-01
    outer loop
      vertex   3.740822e+01 -2.950000e+01 -1.748537e+00
      vertex   3.759216e+01 -2.600000e+01 -1.442817e+00
      vertex   3.740822e+01 -2.600000e+01 -1.748537e+00
    endloop
  endfacet
  facet normal -7.259955e-01 -2.181428e-16 6.876995e-01
    outer loop
      vertex   3.740822e+01 -2.950000e+01 -1.748537e+00
      vertex   3.740822e+01 -2.600000e+01 -1.748537e+00
      vertex   3.716285e+01 -2.950000e+01 -2.007567e+00
    endloop
  endfacet
  facet normal -7.259955e-01 -8.725712e-17 6.876995e-01
    outer loop
      vertex   3.716285e+01 -2.950000e+01 -2.007567e+00
      vertex   3.740822e+01 -2.600000e+01 -1.748537e+00
      vertex   3.716285e+01 -2.600000e+01 -2.007567e+00
    endloop
  endfacet
  facet normal -5.611871e-01 -1.050194e-16 8.276890e-01
    outer loop
      vertex   3.716285e+01 -2.950000e+01 -2.007567e+00
      vertex   3.716285e+01 -2.600000e+01 -2.007567e+00
      vertex   3.686754e+01 -2.950000e+01 -2.207795e+00
    endloop
  endfacet
  facet normal -5.611871e-01 0.000000e+00 8.276890e-01
    outer loop
      vertex   3.686754e+01 -2.950000e+01 -2.207795e+00
      vertex   3.716285e+01 -2.600000e+01 -2.007567e+00
      vertex   3.686754e+01 -2.600000e+01 -2.207795e+00
    endloop
  endfacet
  facet normal -3.701382e-01 0.000000e+00 9.289767e-01
    outer loop
      vertex   3.686754e+01 -2.950000e+01 -2.207795e+00
      vertex   3.686754e+01 -2.600000e+01 -2.207795e+00
      vertex   3.653608e+01 -2.950000e+01 -2.339857e+00
    endloop
  endfacet
  facet normal -3.701382e-01 0.000000e+00 9.289767e-01
    outer loop
      vertex   3.653608e+01 -2.950000e+01 -2.339857e+00
      vertex   3.686754e+01 -2.600000e+01 -2.207795e+00
      vertex   3.653608e+01 -2.600000e+01 -2.339857e+00
    endloop
  endfacet
  facet normal -1.617820e-01 0.000000e+00 9.868265e-01
    outer loop
      vertex   3.653608e+01 -2.950000e+01 -2.339857e+00
      vertex   3.653608e+01 -2.600000e+01 -2.339857e+00
      vertex   3.618399e+01 -2.950000e+01 -2.397580e+00
    endloop
  endfacet
  facet normal -1.617820e-01 0.000000e+00 9.868265e-01
    outer loop
      vertex   3.618399e+01 -2.950000e+01 -2.397580e+00
      vertex   3.653608e+01 -2.600000e+01 -2.339857e+00
      vertex   3.618399e+01 -2.600000e+01 -2.397580e+00
    endloop
  endfacet
  facet normal 5.413891e-02 -0.000000e+00 9.985334e-01
    outer loop
      vertex   3.618399e+01 -2.950000e+01 -2.397580e+00
      vertex   3.618399e+01 -2.600000e+01 -2.397580e+00
      vertex   3.582772e+01 -2.950000e+01 -2.378264e+00
    endloop
  endfacet
  facet normal 5.413891e-02 -0.000000e+00 9.985334e-01
    outer loop
      vertex   3.582772e+01 -2.950000e+01 -2.378264e+00
      vertex   3.618399e+01 -2.600000e+01 -2.397580e+00
      vertex   3.582772e+01 -2.600000e+01 -2.378264e+00
    endloop
  endfacet
  facet normal 2.675283e-01 -0.000000e+00 9.635500e-01
    outer loop
      vertex   3.582772e+01 -2.950000e+01 -2.378264e+00
      vertex   3.582772e+01 -2.600000e+01 -2.378264e+00
      vertex   3.548394e+01 -2.950000e+01 -2.282812e+00
    endloop
  endfacet
  facet normal 2.675283e-01 -5.431152e-16 9.635500e-01
    outer loop
      vertex   3.548394e+01 -2.950000e+01 -2.282812e+00
      vertex   3.582772e+01 -2.600000e+01 -2.378264e+00
      vertex   3.548394e+01 -2.600000e+01 -2.282812e+00
    endloop
  endfacet
  facet normal 4.684084e-01 -9.509263e-16 8.835120e-01
    outer loop
      vertex   3.548394e+01 -2.950000e+01 -2.282812e+00
      vertex   3.548394e+01 -2.600000e+01 -2.282812e+00
      vertex   3.516870e+01 -2.950000e+01 -2.115687e+00
    endloop
  endfacet
  facet normal 4.684084e-01 -0.000000e+00 8.835120e-01
    outer loop
      vertex   3.516870e+01 -2.950000e+01 -2.115687e+00
      vertex   3.548394e+01 -2.600000e+01 -2.282812e+00
      vertex   3.516870e+01 -2.600000e+01 -2.115687e+00
    endloop
  endfacet
  facet normal 6.473863e-01 -0.000000e+00 7.621621e-01
    outer loop
      vertex   3.516870e+01 -2.950000e+01 -2.115687e+00
      vertex   3.516870e+01 -2.600000e+01 -2.115687e+00
      vertex   3.489677e+01 -2.950000e+01 -1.884704e+00
    endloop
  endfacet
  facet normal 6.473863e-01 1.450577e-16 7.621621e-01
    outer loop
      vertex   3.489677e+01 -2.950000e+01 -1.884704e+00
      vertex   3.516870e+01 -2.600000e+01 -2.115687e+00
      vertex   3.489677e+01 -2.600000e+01 -1.884704e+00
    endloop
  endfacet
  facet normal 7.960931e-01 1.151791e-16 6.051742e-01
    outer loop
      vertex   3.489677e+01 -2.950000e+01 -1.884704e+00
      vertex   3.489677e+01 -2.600000e+01 -1.884704e+00
      vertex   3.468085e+01 -2.950000e+01 -1.600664e+00
    endloop
  endfacet
  facet normal 7.960931e-01 7.678610e-17 6.051742e-01
    outer loop
      vertex   3.468085e+01 -2.950000e+01 -1.600664e+00
      vertex   3.489677e+01 -2.600000e+01 -1.884704e+00
      vertex   3.468085e+01 -2.600000e+01 -1.600664e+00
    endloop
  endfacet
  facet normal 9.075754e-01 5.327663e-17 4.198891e-01
    outer loop
      vertex   3.468085e+01 -2.950000e+01 -1.600664e+00
      vertex   3.468085e+01 -2.600000e+01 -1.600664e+00
      vertex   3.453104e+01 -2.950000e+01 -1.276848e+00
    endloop
  endfacet
  facet normal 9.075754e-01 7.991495e-17 4.198891e-01
    outer loop
      vertex   3.453104e+01 -2.950000e+01 -1.276848e+00
      vertex   3.468085e+01 -2.600000e+01 -1.600664e+00
      vertex   3.453104e+01 -2.600000e+01 -1.276848e+00
    endloop
  endfacet
  facet normal 9.766206e-01 4.091402e-17 2.149704e-01
    outer loop
      vertex   3.453104e+01 -2.950000e+01 -1.276848e+00
      vertex   3.453104e+01 -2.600000e+01 -1.276848e+00
      vertex   3.445434e+01 -2.950000e+01 -9.283964e-01
    endloop
  endfacet
  facet normal 9.766206e-01 -0.000000e+00 2.149704e-01
    outer loop
      vertex   3.445434e+01 -2.950000e+01 -9.283964e-01
      vertex   3.453104e+01 -2.600000e+01 -1.276848e+00
      vertex   3.445434e+01 -2.600000e+01 -9.283964e-01
    endloop
  endfacet
  facet normal 1.000000e+00 0.000000e+00 0.000000e+00
    outer loop
      vertex   3.445434e+01 -2.950000e+01 -9.283964e-01
      vertex   3.445434e+01 -2.600000e+01 -9.283964e-01
      vertex   3.445434e+01 -2.950000e+01 -5.716036e-01
    endloop
  endfacet
  facet normal 1.000000e+00 -0.000000e+00 0.000000e+00
    outer loop
      vertex   3.445434e+01 -2.950000e+01 -5.716036e-01
      vertex   3.445434e+01 -2.600000e+01 -9.283964e-01
      vertex   3.445434e+01 -2.600000e+01 -5.716036e-01
    endloop
  endfacet
  facet normal 9.766206e-01 0.000000e+00 -2.149704e-01
    outer loop
      vertex   3.445434e+01 -2.950000e+01 -5.716036e-01
      vertex   3.445434e+01 -2.600000e+01 -5.716036e-01
      vertex   3.453104e+01 -2.950000e+01 -2.231525e-01
    endloop
  endfacet
  facet normal 9.766206e-01 -4.261877e-17 -2.149704e-01
    outer loop
      vertex   3.453104e+01 -2.950000e+01 -2.231525e-01
      vertex   3.445434e+01 -2.600000e+01 -5.716036e-01
      vertex   3.453104e+01 -2.600000e+01 -2.231525e-01
    endloop
  endfacet
  facet normal 9.075754e-01 -8.324474e-17 -4.198891e-01
    outer loop
      vertex   3.453104e+01 -2.950000e+01 -2.231525e-01
      vertex   3.453104e+01 -2.600000e+01 -2.231525e-01
      vertex   3.468085e+01 -2.950000e+01 1.006639e-01
    endloop
  endfacet
  facet normal 9.075754e-01 -8.324474e-17 -4.198891e-01
    outer loop
      vertex   3.468085e+01 -2.950000e+01 1.006639e-01
      vertex   3.453104e+01 -2.600000e+01 -2.231525e-01
      vertex   3.468085e+01 -2.600000e+01 1.006639e-01
    endloop
  endfacet
  facet normal 7.960931e-01 -1.199783e-16 -6.051742e-01
    outer loop
      vertex   3.468085e+01 -2.950000e+01 1.006639e-01
      vertex   3.468085e+01 -2.600000e+01 1.006639e-01
      vertex   3.489677e+01 -2.950000e+01 3.847041e-01
    endloop
  endfacet
  facet normal 7.960931e-01 -9.598262e-17 -6.051742e-01
    outer loop
      vertex   3.489677e+01 -2.950000e+01 3.847041e-01
      vertex   3.468085e+01 -2.600000e+01 1.006639e-01
      vertex   3.489677e+01 -2.600000e+01 3.847041e-01
    endloop
  endfacet
  facet normal 6.473863e-01 -1.208814e-16 -7.621621e-01
    outer loop
      vertex   3.489677e+01 -2.950000e+01 3.847041e-01
      vertex   3.489677e+01 -2.600000e+01 3.847041e-01
      vertex   3.516870e+01 -2.950000e+01 6.156868e-01
    endloop
  endfacet
  facet normal 6.473863e-01 0.000000e+00 -7.621621e-01
    outer loop
      vertex   3.516870e+01 -2.950000e+01 6.156868e-01
      vertex   3.489677e+01 -2.600000e+01 3.847041e-01
      vertex   3.516870e+01 -2.600000e+01 6.156868e-01
    endloop
  endfacet
  facet normal 4.684084e-01 0.000000e+00 -8.835120e-01
    outer loop
      vertex   3.516870e+01 -2.950000e+01 6.156868e-01
      vertex   3.516870e+01 -2.600000e+01 6.156868e-01
      vertex   3.548394e+01 -2.950000e+01 7.828116e-01
    endloop
  endfacet
  facet normal 4.684084e-01 9.509263e-16 -8.835120e-01
    outer loop
      vertex   3.548394e+01 -2.950000e+01 7.828116e-01
      vertex   3.516870e+01 -2.600000e+01 6.156868e-01
      vertex   3.548394e+01 -2.600000e+01 7.828116e-01
    endloop
  endfacet
  facet normal 2.675283e-01 5.431152e-16 -9.635500e-01
    outer loop
      vertex   3.548394e+01 -2.950000e+01 7.828116e-01
      vertex   3.548394e+01 -2.600000e+01 7.828116e-01
      vertex   3.582772e+01 -2.950000e+01 8.782638e-01
    endloop
  endfacet
  facet normal 2.675283e-01 0.000000e+00 -9.635500e-01
    outer loop
      vertex   3.582772e+01 -2.950000e+01 8.782638e-01
      vertex   3.548394e+01 -2.600000e+01 7.828116e-01
      vertex   3.582772e+01 -2.600000e+01 8.782638e-01
    endloop
  endfacet
  facet normal 5.413891e-02 0.000000e+00 -9.985334e-01
    outer loop
      vertex   3.582772e+01 -2.950000e+01 8.782638e-01
      vertex   3.582772e+01 -2.600000e+01 8.782638e-01
      vertex   3.618399e+01 -2.950000e+01 8.975801e-01
    endloop
  endfacet
  facet normal 5.413891e-02 0.000000e+00 -9.985334e-01
    outer loop
      vertex   3.618399e+01 -2.950000e+01 8.975801e-01
      vertex   3.582772e+01 -2.600000e+01 8.782638e-01
      vertex   3.618399e+01 -2.600000e+01 8.975801e-01
    endloop
  endfacet
  facet normal -1.617820e-01 0.000000e+00 -9.868265e-01
    outer loop
      vertex   3.618399e+01 -2.950000e+01 8.975801e-01
      vertex   3.618399e+01 -2.600000e+01 8.975801e-01
      vertex   3.653608e+01 -2.950000e+01 8.398575e-01
    endloop
  endfacet
  facet normal -1.617820e-01 9.390836e-17 -9.868265e-01
    outer loop
      vertex   3.653608e+01 -2.950000e+01 8.398575e-01
      vertex   3.618399e+01 -2.600000e+01 8.975801e-01
      vertex   3.653608e+01 -2.600000e+01 8.398575e-01
    endloop
  endfacet
  facet normal -3.701382e-01 8.840326e-17 -9.289767e-01
    outer loop
      vertex   3.653608e+01 -2.950000e+01 8.398575e-01
      vertex   3.653608e+01 -2.600000e+01 8.398575e-01
      vertex   3.686754e+01 -2.950000e+01 7.077949e-01
    endloop
  endfacet
  facet normal -3.701382e-01 8.840326e-17 -9.289767e-01
    outer loop
      vertex   3.686754e+01 -2.950000e+01 7.077949e-01
      vertex   3.653608e+01 -2.600000e+01 8.398575e-01
      vertex   3.686754e+01 -2.600000e+01 7.077949e-01
    endloop
  endfacet
  facet normal -5.611871e-01 7.876452e-17 -8.276890e-01
    outer loop
      vertex   3.686754e+01 -2.950000e+01 7.077949e-01
      vertex   3.686754e+01 -2.600000e+01 7.077949e-01
      vertex   3.716285e+01 -2.950000e+01 5.075674e-01
    endloop
  endfacet
  facet normal -5.611871e-01 1.050194e-16 -8.276890e-01
    outer loop
      vertex   3.716285e+01 -2.950000e+01 5.075674e-01
      vertex   3.686754e+01 -2.600000e+01 7.077949e-01
      vertex   3.716285e+01 -2.600000e+01 5.075674e-01
    endloop
  endfacet
  facet normal -7.259955e-01 8.725712e-17 -6.876995e-01
    outer loop
      vertex   3.716285e+01 -2.950000e+01 5.075674e-01
      vertex   3.716285e+01 -2.600000e+01 5.075674e-01
      vertex   3.740822e+01 -2.950000e+01 2.485375e-01
    endloop
  endfacet
  facet normal -7.259955e-01 2.181428e-16 -6.876995e-01
    outer loop
      vertex   3.740822e+01 -2.950000e+01 2.485375e-01
      vertex   3.716285e+01 -2.600000e+01 5.075674e-01
      vertex   3.740822e+01 -2.600000e+01 2.485375e-01
    endloop
  endfacet
  facet normal -8.568572e-01 1.635371e-16 -5.155539e-01
    outer loop
      vertex   3.740822e+01 -2.950000e+01 2.485375e-01
      vertex   3.740822e+01 -2.600000e+01 2.485375e-01
      vertex   3.759216e+01 -2.950000e+01 -5.718298e-02
    endloop
  endfacet
  facet normal -8.568572e-01 0.000000e+00 -5.155539e-01
    outer loop
      vertex   3.759216e+01 -2.950000e+01 -5.718298e-02
      vertex   3.740822e+01 -2.600000e+01 2.485375e-01
      vertex   3.759216e+01 -2.600000e+01 -5.718298e-02
    endloop
  endfacet
  facet normal -9.476532e-01 0.000000e+00 -3.193015e-01
    outer loop
      vertex   3.759216e+01 -2.950000e+01 -5.718298e-02
      vertex   3.759216e+01 -2.600000e+01 -5.718298e-02
      vertex   3.770609e+01 -2.950000e+01 -3.952988e-01
    endloop
  endfacet
  facet normal -9.476532e-01 0.000000e+00 -3.193015e-01
    outer loop
      vertex   3.770609e+01 -2.950000e+01 -3.952988e-01
      vertex   3.759216e+01 -2.600000e+01 -5.718298e-02
      vertex   3.770609e+01 -2.600000e+01 -3.952988e-01
    endloop
  endfacet
  facet normal -9.941380e-01 0.000000e+00 -1.081190e-01
    outer loop
      vertex   -3.448324e+01 -2.950000e+01 -3.952988e-01
      vertex   -3.448324e+01 -2.600000e+01 -3.952988e-01
      vertex   -3.444466e+01 -2.950000e+01 -7.500000e-01
    endloop
  endfacet
  facet normal -9.941380e-01 0.000000e+00 -1.081190e-01
    outer loop
      vertex   -3.444466e+01 -2.950000e+01 -7.500000e-01
      vertex   -3.448324e+01 -2.600000e+01 -3.952988e-01
      vertex   -3.444466e+01 -2.600000e+01 -7.500000e-01
    endloop
  endfacet
  facet normal -9.941380e-01 0.000000e+00 1.081190e-01
    outer loop
      vertex   -3.444466e+01 -2.950000e+01 -7.500000e-01
      vertex   -3.444466e+01 -2.600000e+01 -7.500000e-01
      vertex   -3.448324e+01 -2.950000e+01 -1.104701e+00
    endloop
  endfacet
  facet normal -9.941380e-01 0.000000e+00 1.081190e-01
    outer loop
      vertex   -3.448324e+01 -2.950000e+01 -1.104701e+00
      vertex   -3.444466e+01 -2.600000e+01 -7.500000e-01
      vertex   -3.448324e+01 -2.600000e+01 -1.104701e+00
    endloop
  endfacet
  facet normal -9.476532e-01 0.000000e+00 3.193015e-01
    outer loop
      vertex   -3.448324e+01 -2.950000e+01 -1.104701e+00
      vertex   -3.448324e+01 -2.600000e+01 -1.104701e+00
      vertex   -3.459716e+01 -2.950000e+01 -1.442817e+00
    endloop
  endfacet
  facet normal -9.476532e-01 0.000000e+00 3.193015e-01
    outer loop
      vertex   -3.459716e+01 -2.950000e+01 -1.442817e+00
      vertex   -3.448324e+01 -2.600000e+01 -1.104701e+00
      vertex   -3.459716e+01 -2.600000e+01 -1.442817e+00
    endloop
  endfacet
  facet normal -8.568572e-01 0.000000e+00 5.155539e-01
    outer loop
      vertex   -3.459716e+01 -2.950000e+01 -1.442817e+00
      vertex   -3.459716e+01 -2.600000e+01 -1.442817e+00
      vertex   -3.478111e+01 -2.950000e+01 -1.748537e+00
    endloop
  endfacet
  facet normal -8.568572e-01 -1.635371e-16 5.155539e-01
    outer loop
      vertex   -3.478111e+01 -2.950000e+01 -1.748537e+00
      vertex   -3.459716e+01 -2.600000e+01 -1.442817e+00
      vertex   -3.478111e+01 -2.600000e+01 -1.748537e+00
    endloop
  endfacet
  facet normal -7.259955e-01 -2.181428e-16 6.876995e-01
    outer loop
      vertex   -3.478111e+01 -2.950000e+01 -1.748537e+00
      vertex   -3.478111e+01 -2.600000e+01 -1.748537e+00
      vertex   -3.502648e+01 -2.950000e+01 -2.007567e+00
    endloop
  endfacet
  facet normal -7.259955e-01 -1.745142e-16 6.876995e-01
    outer loop
      vertex   -3.502648e+01 -2.950000e+01 -2.007567e+00
      vertex   -3.478111e+01 -2.600000e+01 -1.748537e+00
      vertex   -3.502648e+01 -2.600000e+01 -2.007567e+00
    endloop
  endfacet
  facet normal -5.611871e-01 -2.100387e-16 8.276890e-01
    outer loop
      vertex   -3.502648e+01 -2.950000e+01 -2.007567e+00
      vertex   -3.502648e+01 -2.600000e+01 -2.007567e+00
      vertex   -3.532179e+01 -2.950000e+01 -2.207795e+00
    endloop
  endfacet
  facet normal -5.611871e-01 -1.050194e-16 8.276890e-01
    outer loop
      vertex   -3.532179e+01 -2.950000e+01 -2.207795e+00
      vertex   -3.502648e+01 -2.600000e+01 -2.007567e+00
      vertex   -3.532179e+01 -2.600000e+01 -2.207795e+00
    endloop
  endfacet
  facet normal -3.701382e-01 -1.178710e-16 9.289767e-01
    outer loop
      vertex   -3.532179e+01 -2.950000e+01 -2.207795e+00
      vertex   -3.532179e+01 -2.600000e+01 -2.207795e+00
      vertex   -3.565324e+01 -2.950000e+01 -2.339857e+00
    endloop
  endfacet
  facet normal -3.701382e-01 -1.178710e-16 9.289767e-01
    outer loop
      vertex   -3.565324e+01 -2.950000e+01 -2.339857e+00
      vertex   -3.532179e+01 -2.600000e+01 -2.207795e+00
      vertex   -3.565324e+01 -2.600000e+01 -2.339857e+00
    endloop
  endfacet
  facet normal -1.617820e-01 -1.252111e-16 9.868265e-01
    outer loop
      vertex   -3.565324e+01 -2.950000e+01 -2.339857e+00
      vertex   -3.565324e+01 -2.600000e+01 -2.339857e+00
      vertex   -3.600533e+01 -2.950000e+01 -2.397580e+00
    endloop
  endfacet
  facet normal -1.617820e-01 0.000000e+00 9.868265e-01
    outer loop
      vertex   -3.600533e+01 -2.950000e+01 -2.397580e+00
      vertex   -3.565324e+01 -2.600000e+01 -2.339857e+00
      vertex   -3.600533e+01 -2.600000e+01 -2.397580e+00
    endloop
  endfacet
  facet normal 5.413891e-02 -0.000000e+00 9.985334e-01
    outer loop
      vertex   -3.600533e+01 -2.950000e+01 -2.397580e+00
      vertex   -3.600533e+01 -2.600000e+01 -2.397580e+00
      vertex   -3.636160e+01 -2.950000e+01 -2.378264e+00
    endloop
  endfacet
  facet normal 5.413891e-02 -0.000000e+00 9.985334e-01
    outer loop
      vertex   -3.636160e+01 -2.950000e+01 -2.378264e+00
      vertex   -3.600533e+01 -2.600000e+01 -2.397580e+00
      vertex   -3.636160e+01 -2.600000e+01 -2.378264e+00
    endloop
  endfacet
  facet normal 2.675283e-01 -0.000000e+00 9.635500e-01
    outer loop
      vertex   -3.636160e+01 -2.950000e+01 -2.378264e+00
      vertex   -3.636160e+01 -2.600000e+01 -2.378264e+00
      vertex   -3.670539e+01 -2.950000e+01 -2.282812e+00
    endloop
  endfacet
  facet normal 2.675283e-01 -5.431152e-16 9.635500e-01
    outer loop
      vertex   -3.670539e+01 -2.950000e+01 -2.282812e+00
      vertex   -3.636160e+01 -2.600000e+01 -2.378264e+00
      vertex   -3.670539e+01 -2.600000e+01 -2.282812e+00
    endloop
  endfacet
  facet normal 4.684084e-01 -9.509263e-16 8.835120e-01
    outer loop
      vertex   -3.670539e+01 -2.950000e+01 -2.282812e+00
      vertex   -3.670539e+01 -2.600000e+01 -2.282812e+00
      vertex   -3.702062e+01 -2.950000e+01 -2.115687e+00
    endloop
  endfacet
  facet normal 4.684084e-01 -0.000000e+00 8.835120e-01
    outer loop
      vertex   -3.702062e+01 -2.950000e+01 -2.115687e+00
      vertex   -3.670539e+01 -2.600000e+01 -2.282812e+00
      vertex   -3.702062e+01 -2.600000e+01 -2.115687e+00
    endloop
  endfacet
  facet normal 6.473863e-01 -0.000000e+00 7.621621e-01
    outer loop
      vertex   -3.702062e+01 -2.950000e+01 -2.115687e+00
      vertex   -3.702062e+01 -2.600000e+01 -2.115687e+00
      vertex   -3.729256e+01 -2.950000e+01 -1.884704e+00
    endloop
  endfacet
  facet normal 6.473863e-01 9.670513e-17 7.621621e-01
    outer loop
      vertex   -3.729256e+01 -2.950000e+01 -1.884704e+00
      vertex   -3.702062e+01 -2.600000e+01 -2.115687e+00
      vertex   -3.729256e+01 -2.600000e+01 -1.884704e+00
    endloop
  endfacet
  facet normal 7.960931e-01 7.678610e-17 6.051742e-01
    outer loop
      vertex   -3.729256e+01 -2.950000e+01 -1.884704e+00
      vertex   -3.729256e+01 -2.600000e+01 -1.884704e+00
      vertex   -3.750848e+01 -2.950000e+01 -1.600664e+00
    endloop
  endfacet
  facet normal 7.960931e-01 1.535722e-16 6.051742e-01
    outer loop
      vertex   -3.750848e+01 -2.950000e+01 -1.600664e+00
      vertex   -3.729256e+01 -2.600000e+01 -1.884704e+00
      vertex   -3.750848e+01 -2.600000e+01 -1.600664e+00
    endloop
  endfacet
  facet normal 9.075754e-01 1.065533e-16 4.198891e-01
    outer loop
      vertex   -3.750848e+01 -2.950000e+01 -1.600664e+00
      vertex   -3.750848e+01 -2.600000e+01 -1.600664e+00
      vertex   -3.765829e+01 -2.950000e+01 -1.276848e+00
    endloop
  endfacet
  facet normal 9.075754e-01 1.065533e-16 4.198891e-01
    outer loop
      vertex   -3.765829e+01 -2.950000e+01 -1.276848e+00
      vertex   -3.750848e+01 -2.600000e+01 -1.600664e+00
      vertex   -3.765829e+01 -2.600000e+01 -1.276848e+00
    endloop
  endfacet
  facet normal 9.766206e-01 5.455203e-17 2.149704e-01
    outer loop
      vertex   -3.765829e+01 -2.950000e+01 -1.276848e+00
      vertex   -3.765829e+01 -2.600000e+01 -1.276848e+00
      vertex   -3.773499e+01 -2.950000e+01 -9.283964e-01
    endloop
  endfacet
  facet normal 9.766206e-01 -0.000000e+00 2.149704e-01
    outer loop
      vertex   -3.773499e+01 -2.950000e+01 -9.283964e-01
      vertex   -3.765829e+01 -2.600000e+01 -1.276848e+00
      vertex   -3.773499e+01 -2.600000e+01 -9.283964e-01
    endloop
  endfacet
  facet normal 1.000000e+00 0.000000e+00 0.000000e+00
    outer loop
      vertex   -3.773499e+01 -2.950000e+01 -9.283964e-01
      vertex   -3.773499e+01 -2.600000e+01 -9.283964e-01
      vertex   -3.773499e+01 -2.950000e+01 -5.716036e-01
    endloop
  endfacet
  facet normal 1.000000e+00 -0.000000e+00 0.000000e+00
    outer loop
      vertex   -3.773499e+01 -2.950000e+01 -5.716036e-01
      vertex   -3.773499e+01 -2.600000e+01 -9.283964e-01
      vertex   -3.773499e+01 -2.600000e+01 -5.716036e-01
    endloop
  endfacet
  facet normal 9.766206e-01 0.000000e+00 -2.149704e-01
    outer loop
      vertex   -3.773499e+01 -2.950000e+01 -5.716036e-01
      vertex   -3.773499e+01 -2.600000e+01 -5.716036e-01
      vertex   -3.765829e+01 -2.950000e+01 -2.231525e-01
    endloop
  endfacet
  facet normal 9.766206e-01 -4.261877e-17 -2.149704e-01
    outer loop
      vertex   -3.765829e+01 -2.950000e+01 -2.231525e-01
      vertex   -3.773499e+01 -2.600000e+01 -5.716036e-01
      vertex   -3.765829e+01 -2.600000e+01 -2.231525e-01
    endloop
  endfacet
  facet normal 9.075754e-01 -8.324474e-17 -4.198891e-01
    outer loop
      vertex   -3.765829e+01 -2.950000e+01 -2.231525e-01
      vertex   -3.765829e+01 -2.600000e+01 -2.231525e-01
      vertex   -3.750848e+01 -2.950000e+01 1.006639e-01
    endloop
  endfacet
  facet normal 9.075754e-01 -8.324474e-17 -4.198891e-01
    outer loop
      vertex   -3.750848e+01 -2.950000e+01 1.006639e-01
      vertex   -3.765829e+01 -2.600000e+01 -2.231525e-01
      vertex   -3.750848e+01 -2.600000e+01 1.006639e-01
    endloop
  endfacet
  facet normal 7.960931e-01 -1.199783e-16 -6.051742e-01
    outer loop
      vertex   -3.750848e+01 -2.950000e+01 1.006639e-01
      vertex   -3.750848e+01 -2.600000e+01 1.006639e-01
      vertex   -3.729256e+01 -2.950000e+01 3.847041e-01
    endloop
  endfacet
  facet normal 7.960931e-01 -9.598262e-17 -6.051742e-01
    outer loop
      vertex   -3.729256e+01 -2.950000e+01 3.847041e-01
      vertex   -3.750848e+01 -2.600000e+01 1.006639e-01
      vertex   -3.729256e+01 -2.600000e+01 3.847041e-01
    endloop
  endfacet
  facet normal 6.473863e-01 -1.208814e-16 -7.621621e-01
    outer loop
      vertex   -3.729256e+01 -2.950000e+01 3.847041e-01
      vertex   -3.729256e+01 -2.600000e+01 3.847041e-01
      vertex   -3.702062e+01 -2.950000e+01 6.156868e-01
    endloop
  endfacet
  facet normal 6.473863e-01 0.000000e+00 -7.621621e-01
    outer loop
      vertex   -3.702062e+01 -2.950000e+01 6.156868e-01
      vertex   -3.729256e+01 -2.600000e+01 3.847041e-01
      vertex   -3.702062e+01 -2.600000e+01 6.156868e-01
    endloop
  endfacet
  facet normal 4.684084e-01 0.000000e+00 -8.835120e-01
    outer loop
      vertex   -3.702062e+01 -2.950000e+01 6.156868e-01
      vertex   -3.702062e+01 -2.600000e+01 6.156868e-01
      vertex   -3.670539e+01 -2.950000e+01 7.828116e-01
    endloop
  endfacet
  facet normal 4.684084e-01 9.509263e-16 -8.835120e-01
    outer loop
      vertex   -3.670539e+01 -2.950000e+01 7.828116e-01
      vertex   -3.702062e+01 -2.600000e+01 6.156868e-01
      vertex   -3.670539e+01 -2.600000e+01 7.828116e-01
    endloop
  endfacet
  facet normal 2.675283e-01 5.431152e-16 -9.635500e-01
    outer loop
      vertex   -3.670539e+01 -2.950000e+01 7.828116e-01
      vertex   -3.670539e+01 -2.600000e+01 7.828116e-01
      vertex   -3.636160e+01 -2.950000e+01 8.782638e-01
    endloop
  endfacet
  facet normal 2.675283e-01 0.000000e+00 -9.635500e-01
    outer loop
      vertex   -3.636160e+01 -2.950000e+01 8.782638e-01
      vertex   -3.670539e+01 -2.600000e+01 7.828116e-01
      vertex   -3.636160e+01 -2.600000e+01 8.782638e-01
    endloop
  endfacet
  facet normal 5.413891e-02 0.000000e+00 -9.985334e-01
    outer loop
      vertex   -3.636160e+01 -2.950000e+01 8.782638e-01
      vertex   -3.636160e+01 -2.600000e+01 8.782638e-01
      vertex   -3.600533e+01 -2.950000e+01 8.975801e-01
    endloop
  endfacet
  facet normal 5.413891e-02 0.000000e+00 -9.985334e-01
    outer loop
      vertex   -3.600533e+01 -2.950000e+01 8.975801e-01
      vertex   -3.636160e+01 -2.600000e+01 8.782638e-01
      vertex   -3.600533e+01 -2.600000e+01 8.975801e-01
    endloop
  endfacet
  facet normal -1.617820e-01 0.000000e+00 -9.868265e-01
    outer loop
      vertex   -3.600533e+01 -2.950000e+01 8.975801e-01
      vertex   -3.600533e+01 -2.600000e+01 8.975801e-01
      vertex   -3.565324e+01 -2.950000e+01 8.398575e-01
    endloop
  endfacet
  facet normal -1.617820e-01 9.390836e-17 -9.868265e-01
    outer loop
      vertex   -3.565324e+01 -2.950000e+01 8.398575e-01
      vertex   -3.600533e+01 -2.600000e+01 8.975801e-01
      vertex   -3.565324e+01 -2.600000e+01 8.398575e-01
    endloop
  endfacet
  facet normal -3.701382e-01 8.840326e-17 -9.289767e-01
    outer loop
      vertex   -3.565324e+01 -2.950000e+01 8.398575e-01
      vertex   -3.565324e+01 -2.600000e+01 8.398575e-01
      vertex   -3.532179e+01 -2.950000e+01 7.077949e-01
    endloop
  endfacet
  facet normal -3.701382e-01 8.840326e-17 -9.289767e-01
    outer loop
      vertex   -3.532179e+01 -2.950000e+01 7.077949e-01
      vertex   -3.565324e+01 -2.600000e+01 8.398575e-01
      vertex   -3.532179e+01 -2.600000e+01 7.077949e-01
    endloop
  endfacet
  facet normal -5.611871e-01 7.876452e-17 -8.276890e-01
    outer loop
      vertex   -3.532179e+01 -2.950000e+01 7.077949e-01
      vertex   -3.532179e+01 -2.600000e+01 7.077949e-01
      vertex   -3.502648e+01 -2.950000e+01 5.075674e-01
    endloop
  endfacet
  facet normal -5.611871e-01 1.312742e-16 -8.276890e-01
    outer loop
      vertex   -3.502648e+01 -2.950000e+01 5.075674e-01
      vertex   -3.532179e+01 -2.600000e+01 7.077949e-01
      vertex   -3.502648e+01 -2.600000e+01 5.075674e-01
    endloop
  endfacet
  facet normal -7.259955e-01 1.090714e-16 -6.876995e-01
    outer loop
      vertex   -3.502648e+01 -2.950000e+01 5.075674e-01
      vertex   -3.502648e+01 -2.600000e+01 5.075674e-01
      vertex   -3.478111e+01 -2.950000e+01 2.485375e-01
    endloop
  endfacet
  facet normal -7.259955e-01 2.181428e-16 -6.876995e-01
    outer loop
      vertex   -3.478111e+01 -2.950000e+01 2.485375e-01
      vertex   -3.502648e+01 -2.600000e+01 5.075674e-01
      vertex   -3.478111e+01 -2.600000e+01 2.485375e-01
    endloop
  endfacet
  facet normal -8.568572e-01 1.635371e-16 -5.155539e-01
    outer loop
      vertex   -3.478111e+01 -2.950000e+01 2.485375e-01
      vertex   -3.478111e+01 -2.600000e+01 2.485375e-01
      vertex   -3.459716e+01 -2.950000e+01 -5.718298e-02
    endloop
  endfacet
  facet normal -8.568572e-01 0.000000e+00 -5.155539e-01
    outer loop
      vertex   -3.459716e+01 -2.950000e+01 -5.718298e-02
      vertex   -3.478111e+01 -2.600000e+01 2.485375e-01
      vertex   -3.459716e+01 -2.600000e+01 -5.718298e-02
    endloop
  endfacet
  facet normal -9.476532e-01 0.000000e+00 -3.193015e-01
    outer loop
      vertex   -3.459716e+01 -2.950000e+01 -5.718298e-02
      vertex   -3.459716e+01 -2.600000e+01 -5.718298e-02
      vertex   -3.448324e+01 -2.950000e+01 -3.952988e-01
    endloop
  endfacet
  facet normal -9.476532e-01 0.000000e+00 -3.193015e-01
    outer loop
      vertex   -3.448324e+01 -2.950000e+01 -3.952988e-01
      vertex   -3.459716e+01 -2.600000e+01 -5.718298e-02
      vertex   -3.448324e+01 -2.600000e+01 -3.952988e-01
    endloop
  endfacet
  facet normal 9.807956e-01 1.950384e-01 0.000000e+00
    outer loop
      vertex   4.366922e+01 -2.950000e+01 4.100000e+00
      vertex   4.366922e+01 -2.950000e+01 -5.900000e+00
      vertex   4.363561e+01 -2.933097e+01 4.100000e+00
    endloop
  endfacet
  facet normal 9.807956e-01 1.950384e-01 1.597687e-15
    outer loop
      vertex   4.363561e+01 -2.933097e+01 4.100000e+00
      vertex   4.366922e+01 -2.950000e+01 -5.900000e+00
      vertex   4.363561e+01 -2.933097e+01 -5.900000e+00
    endloop
  endfacet
  facet normal 9.810190e-01 1.939114e-01 1.592641e-15
    outer loop
      vertex   4.363561e+01 -2.933097e+01 4.100000e+00
      vertex   4.363561e+01 -2.933097e+01 -5.900000e+00
      vertex   4.360219e+01 -2.916191e+01 4.100000e+00
    endloop
  endfacet
  facet normal 9.810190e-01 1.939114e-01 6.889117e-16
    outer loop
      vertex   4.360219e+01 -2.916191e+01 4.100000e+00
      vertex   4.363561e+01 -2.933097e+01 -5.900000e+00
      vertex   4.360219e+01 -2.916191e+01 -5.900000e+00
    endloop
  endfacet
  facet normal 9.812412e-01 1.927842e-01 6.849070e-16
    outer loop
      vertex   4.360219e+01 -2.916191e+01 4.100000e+00
      vertex   4.360219e+01 -2.916191e+01 -5.900000e+00
      vertex   4.356897e+01 -2.899281e+01 4.100000e+00
    endloop
  endfacet
  facet normal 9.812412e-01 1.927842e-01 3.547603e-16
    outer loop
      vertex   4.356897e+01 -2.899281e+01 4.100000e+00
      vertex   4.360219e+01 -2.916191e+01 -5.900000e+00
      vertex   4.356897e+01 -2.899281e+01 -5.900000e+00
    endloop
  endfacet
  facet normal 7.861281e-13 1.000000e+00 -9.161108e-13
    outer loop
      vertex   3.770609e+01 -2.600000e+01 -3.952988e-01
      vertex   4.294466e+01 -2.600000e+01 4.100000e+00
      vertex   3.774466e+01 -2.600000e+01 -7.500000e-01
    endloop
  endfacet
  facet normal -6.832142e-14 1.000000e+00 0.000000e+00
    outer loop
      vertex   3.774466e+01 -2.600000e+01 -7.500000e-01
      vertex   4.294466e+01 -2.600000e+01 4.100000e+00
      vertex   4.294466e+01 -2.600000e+01 -5.900000e+00
    endloop
  endfacet
  facet normal 8.338414e-13 1.000000e+00 9.109217e-13
    outer loop
      vertex   3.774466e+01 -2.600000e+01 -7.500000e-01
      vertex   4.294466e+01 -2.600000e+01 -5.900000e+00
      vertex   3.770609e+01 -2.600000e+01 -1.104701e+00
    endloop
  endfacet
  facet normal 0.000000e+00 1.000000e+00 0.000000e+00
    outer loop
      vertex   3.770609e+01 -2.600000e+01 -1.104701e+00
      vertex   4.294466e+01 -2.600000e+01 -5.900000e+00
      vertex   3.759216e+01 -2.600000e+01 -1.442817e+00
    endloop
  endfacet
  facet normal 0.000000e+00 1.000000e+00 0.000000e+00
    outer loop
      vertex   3.759216e+01 -2.600000e+01 -1.442817e+00
      vertex   4.294466e+01 -2.600000e+01 -5.900000e+00
      vertex   3.740822e+01 -2.600000e+01 -1.748537e+00
    endloop
  endfacet
  facet normal 0.000000e+00 1.000000e+00 0.000000e+00
    outer loop
      vertex   3.740822e+01 -2.600000e+01 -1.748537e+00
      vertex   4.294466e+01 -2.600000e+01 -5.900000e+00
      vertex   3.716285e+01 -2.600000e+01 -2.007567e+00
    endloop
  endfacet
  facet normal 0.000000e+00 1.000000e+00 0.000000e+00
    outer loop
      vertex   3.716285e+01 -2.600000e+01 -2.007567e+00
      vertex   4.294466e+01 -2.600000e+01 -5.900000e+00
      vertex   3.686754e+01 -2.600000e+01 -2.207795e+00
    endloop
  endfacet
  facet normal 0.000000e+00 1.000000e+00 0.000000e+00
    outer loop
      vertex   3.686754e+01 -2.600000e+01 -2.207795e+00
      vertex   4.294466e+01 -2.600000e+01 -5.900000e+00
      vertex   3.653608e+01 -2.600000e+01 -2.339857e+00
    endloop
  endfacet
  facet normal 0.000000e+00 1.000000e+00 0.000000e+00
    outer loop
      vertex   3.653608e+01 -2.600000e+01 -2.339857e+00
      vertex   4.294466e+01 -2.600000e+01 -5.900000e+00
      vertex   3.618399e+01 -2.600000e+01 -2.397580e+00
    endloop
  endfacet
  facet normal 0.000000e+00 1.000000e+00 0.000000e+00
    outer loop
      vertex   3.618399e+01 -2.600000e+01 -2.397580e+00
      vertex   4.294466e+01 -2.600000e+01 -5.900000e+00
      vertex   3.582772e+01 -2.600000e+01 -2.378264e+00
    endloop
  endfacet
  facet normal 0.000000e+00 1.000000e+00 0.000000e+00
    outer loop
      vertex   3.582772e+01 -2.600000e+01 -2.378264e+00
      vertex   4.294466e+01 -2.600000e+01 -5.900000e+00
      vertex   -4.294466e+01 -2.600000e+01 -5.900000e+00
    endloop
  endfacet
  facet normal 0.000000e+00 1.000000e+00 0.000000e+00
    outer loop
      vertex   3.582772e+01 -2.600000e+01 -2.378264e+00
      vertex   -4.294466e+01 -2.600000e+01 -5.900000e+00
      vertex   -3.565324e+01 -2.600000e+01 -2.339857e+00
    endloop
  endfacet
  facet normal 0.000000e+00 1.000000e+00 0.000000e+00
    outer loop
      vertex   -3.565324e+01 -2.600000e+01 -2.339857e+00
      vertex   -4.294466e+01 -2.600000e+01 -5.900000e+00
      vertex   -3.600533e+01 -2.600000e+01 -2.397580e+00
    endloop
  endfacet
  facet normal 0.000000e+00 1.000000e+00 0.000000e+00
    outer loop
      vertex   -3.600533e+01 -2.600000e+01 -2.397580e+00
      vertex   -4.294466e+01 -2.600000e+01 -5.900000e+00
      vertex   -3.636160e+01 -2.600000e+01 -2.378264e+00
    endloop
  endfacet
  facet normal 0.000000e+00 1.000000e+00 0.000000e+00
    outer loop
      vertex   -3.636160e+01 -2.600000e+01 -2.378264e+00
      vertex   -4.294466e+01 -2.600000e+01 -5.900000e+00
      vertex   -3.670539e+01 -2.600000e+01 -2.282812e+00
    endloop
  endfacet
  facet normal 0.000000e+00 1.000000e+00 0.000000e+00
    outer loop
      vertex   -3.670539e+01 -2.600000e+01 -2.282812e+00
      vertex   -4.294466e+01 -2.600000e+01 -5.900000e+00
      vertex   -3.702062e+01 -2.600000e+01 -2.115687e+00
    endloop
  endfacet
  facet normal 0.000000e+00 1.000000e+00 0.000000e+00
    outer loop
      vertex   -3.702062e+01 -2.600000e+01 -2.115687e+00
      vertex   -4.294466e+01 -2.600000e+01 -5.900000e+00
      vertex   -3.729256e+01 -2.600000e+01 -1.884704e+00
    endloop
  endfacet
  facet normal 0.000000e+00 1.000000e+00 0.000000e+00
    outer loop
      vertex   -3.729256e+01 -2.600000e+01 -1.884704e+00
      vertex   -4.294466e+01 -2.600000e+01 -5.900000e+00
      vertex   -3.750848e+01 -2.600000e+01 -1.600664e+00
    endloop
  endfacet
  facet normal 0.000000e+00 1.000000e+00 0.000000e+00
    outer loop
      vertex   -3.750848e+01 -2.600000e+01 -1.600664e+00
      vertex   -4.294466e+01 -2.600000e+01 -5.900000e+00
      vertex   -3.765829e+01 -2.600000e+01 -1.276848e+00
    endloop
  endfacet
  facet normal 0.000000e+00 1.000000e+00 0.000000e+00
    outer loop
      vertex   -3.765829e+01 -2.600000e+01 -1.276848e+00
      vertex   -4.294466e+01 -2.600000e+01 -5.900000e+00
      vertex   -3.773499e+01 -2.600000e+01 -9.283964e-01
    endloop
  endfacet
  facet normal 0.000000e+00 1.000000e+00 0.000000e+00
    outer loop
      vertex   -3.773499e+01 -2.600000e+01 -9.283964e-01
      vertex   -4.294466e+01 -2.600000e+01 -5.900000e+00
      vertex   -4.294466e+01 -2.600000e+01 4.100000e+00
    endloop
  endfacet
  facet normal 0.000000e+00 1.000000e+00 -0.000000e+00
    outer loop
      vertex   -3.773499e+01 -2.600000e+01 -9.283964e-01
      vertex   -4.294466e+01 -2.600000e+01 4.100000e+00
      vertex   -3.773499e+01 -2.600000e+01 -5.716036e-01
    endloop
  endfacet
  facet normal 0.000000e+00 1.000000e+00 -0.000000e+00
    outer loop
      vertex   -3.773499e+01 -2.600000e+01 -5.716036e-01
      vertex   -4.294466e+01 -2.600000e+01 4.100000e+00
      vertex   -3.765829e+01 -2.600000e+01 -2.231525e-01
    endloop
  endfacet
  facet normal 0.000000e+00 1.000000e+00 -0.000000e+00
    outer loop
      vertex   -3.765829e+01 -2.600000e+01 -2.231525e-01
      vertex   -4.294466e+01 -2.600000e+01 4.100000e+00
      vertex   -3.750848e+01 -2.600000e+01 1.006639e-01
    endloop
  endfacet
  facet normal 0.000000e+00 1.000000e+00 -0.000000e+00
    outer loop
      vertex   -3.750848e+01 -2.600000e+01 1.006639e-01
      vertex   -4.294466e+01 -2.600000e+01 4.100000e+00
      vertex   -3.729256e+01 -2.600000e+01 3.847041e-01
    endloop
  endfacet
  facet normal 0.000000e+00 1.000000e+00 -0.000000e+00
    outer loop
      vertex   -3.729256e+01 -2.600000e+01 3.847041e-01
      vertex   -4.294466e+01 -2.600000e+01 4.100000e+00
      vertex   -3.702062e+01 -2.600000e+01 6.156868e-01
    endloop
  endfacet
  facet normal 0.000000e+00 1.000000e+00 -0.000000e+00
    outer loop
      vertex   -3.702062e+01 -2.600000e+01 6.156868e-01
      vertex   -4.294466e+01 -2.600000e+01 4.100000e+00
      vertex   -3.670539e+01 -2.600000e+01 7.828116e-01
    endloop
  endfacet
  facet normal 0.000000e+00 1.000000e+00 -0.000000e+00
    outer loop
      vertex   -3.670539e+01 -2.600000e+01 7.828116e-01
      vertex   -4.294466e+01 -2.600000e+01 4.100000e+00
      vertex   -3.636160e+01 -2.600000e+01 8.782638e-01
    endloop
  endfacet
  facet normal 0.000000e+00 1.000000e+00 -0.000000e+00
    outer loop
      vertex   -3.636160e+01 -2.600000e+01 8.782638e-01
      vertex   -4.294466e+01 -2.600000e+01 4.100000e+00
      vertex   -3.600533e+01 -2.600000e+01 8.975801e-01
    endloop
  endfacet
  facet normal -0.000000e+00 1.000000e+00 -0.000000e+00
    outer loop
      vertex   -3.600533e+01 -2.600000e+01 8.975801e-01
      vertex   -4.294466e+01 -2.600000e+01 4.100000e+00
      vertex   -3.565324e+01 -2.600000e+01 8.398575e-01
    endloop
  endfacet
  facet normal 0.000000e+00 1.000000e+00 -0.000000e+00
    outer loop
      vertex   -3.565324e+01 -2.600000e+01 8.398575e-01
      vertex   -4.294466e+01 -2.600000e+01 4.100000e+00
      vertex   3.582772e+01 -2.600000e+01 8.782638e-01
    endloop
  endfacet
  facet normal -0.000000e+00 1.000000e+00 0.000000e+00
    outer loop
      vertex   -3.565324e+01 -2.600000e+01 8.398575e-01
      vertex   3.582772e+01 -2.600000e+01 8.782638e-01
      vertex   3.548394e+01 -2.600000e+01 7.828116e-01
    endloop
  endfacet
  facet normal 0.000000e+00 1.000000e+00 -0.000000e+00
    outer loop
      vertex   3.770609e+01 -2.600000e+01 -3.952988e-01
      vertex   3.759216e+01 -2.600000e+01 -5.718298e-02
      vertex   4.294466e+01 -2.600000e+01 4.100000e+00
    endloop
  endfacet
  facet normal 0.000000e+00 1.000000e+00 0.000000e+00
    outer loop
      vertex   4.294466e+01 -2.600000e+01 4.100000e+00
      vertex   3.759216e+01 -2.600000e+01 -5.718298e-02
      vertex   3.740822e+01 -2.600000e+01 2.485375e-01
    endloop
  endfacet
  facet normal 0.000000e+00 1.000000e+00 0.000000e+00
    outer loop
      vertex   4.294466e+01 -2.600000e+01 4.100000e+00
      vertex   3.740822e+01 -2.600000e+01 2.485375e-01
      vertex   3.716285e+01 -2.600000e+01 5.075674e-01
    endloop
  endfacet
  facet normal 0.000000e+00 1.000000e+00 -0.000000e+00
    outer loop
      vertex   3.716285e+01 -2.600000e+01 5.075674e-01
      vertex   3.686754e+01 -2.600000e+01 7.077949e-01
      vertex   4.294466e+01 -2.600000e+01 4.100000e+00
    endloop
  endfacet
  facet normal 0.000000e+00 1.000000e+00 0.000000e+00
    outer loop
      vertex   4.294466e+01 -2.600000e+01 4.100000e+00
      vertex   3.686754e+01 -2.600000e+01 7.077949e-01
      vertex   3.653608e+01 -2.600000e+01 8.398575e-01
    endloop
  endfacet
  facet normal 0.000000e+00 1.000000e+00 0.000000e+00
    outer loop
      vertex   4.294466e+01 -2.600000e+01 4.100000e+00
      vertex   3.653608e+01 -2.600000e+01 8.398575e-01
      vertex   3.618399e+01 -2.600000e+01 8.975801e-01
    endloop
  endfacet
  facet normal 0.000000e+00 1.000000e+00 -0.000000e+00
    outer loop
      vertex   3.618399e+01 -2.600000e+01 8.975801e-01
      vertex   3.582772e+01 -2.600000e+01 8.782638e-01
      vertex   4.294466e+01 -2.600000e+01 4.100000e+00
    endloop
  endfacet
  facet normal 0.000000e+00 1.000000e+00 0.000000e+00
    outer loop
      vertex   4.294466e+01 -2.600000e+01 4.100000e+00
      vertex   3.582772e+01 -2.600000e+01 8.782638e-01
      vertex   -4.294466e+01 -2.600000e+01 4.100000e+00
    endloop
  endfacet
  facet normal 0.000000e+00 1.000000e+00 0.000000e+00
    outer loop
      vertex   -3.565324e+01 -2.600000e+01 8.398575e-01
      vertex   3.548394e+01 -2.600000e+01 7.828116e-01
      vertex   -3.532179e+01 -2.600000e+01 7.077949e-01
    endloop
  endfacet
  facet normal -0.000000e+00 1.000000e+00 0.000000e+00
    outer loop
      vertex   -3.532179e+01 -2.600000e+01 7.077949e-01
      vertex   3.548394e+01 -2.600000e+01 7.828116e-01
      vertex   3.516870e+01 -2.600000e+01 6.156868e-01
    endloop
  endfacet
  facet normal 0.000000e+00 1.000000e+00 0.000000e+00
    outer loop
      vertex   -3.532179e+01 -2.600000e+01 7.077949e-01
      vertex   3.516870e+01 -2.600000e+01 6.156868e-01
      vertex   -3.502648e+01 -2.600000e+01 5.075674e-01
    endloop
  endfacet
  facet normal -0.000000e+00 1.000000e+00 0.000000e+00
    outer loop
      vertex   -3.502648e+01 -2.600000e+01 5.075674e-01
      vertex   3.516870e+01 -2.600000e+01 6.156868e-01
      vertex   3.489677e+01 -2.600000e+01 3.847041e-01
    endloop
  endfacet
  facet normal 0.000000e+00 1.000000e+00 0.000000e+00
    outer loop
      vertex   -3.502648e+01 -2.600000e+01 5.075674e-01
      vertex   3.489677e+01 -2.600000e+01 3.847041e-01
      vertex   -3.478111e+01 -2.600000e+01 2.485375e-01
    endloop
  endfacet
  facet normal -0.000000e+00 1.000000e+00 0.000000e+00
    outer loop
      vertex   -3.478111e+01 -2.600000e+01 2.485375e-01
      vertex   3.489677e+01 -2.600000e+01 3.847041e-01
      vertex   3.468085e+01 -2.600000e+01 1.006639e-01
    endloop
  endfacet
  facet normal 0.000000e+00 1.000000e+00 0.000000e+00
    outer loop
      vertex   -3.478111e+01 -2.600000e+01 2.485375e-01
      vertex   3.468085e+01 -2.600000e+01 1.006639e-01
      vertex   -3.459716e+01 -2.600000e+01 -5.718298e-02
    endloop
  endfacet
  facet normal -0.000000e+00 1.000000e+00 0.000000e+00
    outer loop
      vertex   -3.459716e+01 -2.600000e+01 -5.718298e-02
      vertex   3.468085e+01 -2.600000e+01 1.006639e-01
      vertex   3.453104e+01 -2.600000e+01 -2.231525e-01
    endloop
  endfacet
  facet normal 0.000000e+00 1.000000e+00 0.000000e+00
    outer loop
      vertex   -3.459716e+01 -2.600000e+01 -5.718298e-02
      vertex   3.453104e+01 -2.600000e+01 -2.231525e-01
      vertex   -3.448324e+01 -2.600000e+01 -3.952988e-01
    endloop
  endfacet
  facet normal -0.000000e+00 1.000000e+00 0.000000e+00
    outer loop
      vertex   -3.448324e+01 -2.600000e+01 -3.952988e-01
      vertex   3.453104e+01 -2.600000e+01 -2.231525e-01
      vertex   3.445434e+01 -2.600000e+01 -5.716036e-01
    endloop
  endfacet
  facet normal -2.152315e-15 1.000000e+00 -8.415843e-13
    outer loop
      vertex   -3.448324e+01 -2.600000e+01 -3.952988e-01
      vertex   3.445434e+01 -2.600000e+01 -5.716036e-01
      vertex   -3.444466e+01 -2.600000e+01 -7.500000e-01
    endloop
  endfacet
  facet normal -4.331383e-15 1.000000e+00 0.000000e+00
    outer loop
      vertex   -3.444466e+01 -2.600000e+01 -7.500000e-01
      vertex   3.445434e+01 -2.600000e+01 -5.716036e-01
      vertex   3.445434e+01 -2.600000e+01 -9.283964e-01
    endloop
  endfacet
  facet normal -2.152315e-15 1.000000e+00 8.415843e-13
    outer loop
      vertex   -3.444466e+01 -2.600000e+01 -7.500000e-01
      vertex   3.445434e+01 -2.600000e+01 -9.283964e-01
      vertex   -3.448324e+01 -2.600000e+01 -1.104701e+00
    endloop
  endfacet
  facet normal -0.000000e+00 1.000000e+00 0.000000e+00
    outer loop
      vertex   -3.448324e+01 -2.600000e+01 -1.104701e+00
      vertex   3.445434e+01 -2.600000e+01 -9.283964e-01
      vertex   3.453104e+01 -2.600000e+01 -1.276848e+00
    endloop
  endfacet
  facet normal 0.000000e+00 1.000000e+00 0.000000e+00
    outer loop
      vertex   -3.448324e+01 -2.600000e+01 -1.104701e+00
      vertex   3.453104e+01 -2.600000e+01 -1.276848e+00
      vertex   -3.459716e+01 -2.600000e+01 -1.442817e+00
    endloop
  endfacet
  facet normal -0.000000e+00 1.000000e+00 0.000000e+00
    outer loop
      vertex   -3.459716e+01 -2.600000e+01 -1.442817e+00
      vertex   3.453104e+01 -2.600000e+01 -1.276848e+00
      vertex   3.468085e+01 -2.600000e+01 -1.600664e+00
    endloop
  endfacet
  facet normal 0.000000e+00 1.000000e+00 0.000000e+00
    outer loop
      vertex   -3.459716e+01 -2.600000e+01 -1.442817e+00
      vertex   3.468085e+01 -2.600000e+01 -1.600664e+00
      vertex   -3.478111e+01 -2.600000e+01 -1.748537e+00
    endloop
  endfacet
  facet normal -0.000000e+00 1.000000e+00 0.000000e+00
    outer loop
      vertex   -3.478111e+01 -2.600000e+01 -1.748537e+00
      vertex   3.468085e+01 -2.600000e+01 -1.600664e+00
      vertex   3.489677e+01 -2.600000e+01 -1.884704e+00
    endloop
  endfacet
  facet normal 0.000000e+00 1.000000e+00 0.000000e+00
    outer loop
      vertex   -3.478111e+01 -2.600000e+01 -1.748537e+00
      vertex   3.489677e+01 -2.600000e+01 -1.884704e+00
      vertex   -3.502648e+01 -2.600000e+01 -2.007567e+00
    endloop
  endfacet
  facet normal -0.000000e+00 1.000000e+00 0.000000e+00
    outer loop
      vertex   -3.502648e+01 -2.600000e+01 -2.007567e+00
      vertex   3.489677e+01 -2.600000e+01 -1.884704e+00
      vertex   3.516870e+01 -2.600000e+01 -2.115687e+00
    endloop
  endfacet
  facet normal 0.000000e+00 1.000000e+00 0.000000e+00
    outer loop
      vertex   -3.502648e+01 -2.600000e+01 -2.007567e+00
      vertex   3.516870e+01 -2.600000e+01 -2.115687e+00
      vertex   -3.532179e+01 -2.600000e+01 -2.207795e+00
    endloop
  endfacet
  facet normal -0.000000e+00 1.000000e+00 0.000000e+00
    outer loop
      vertex   -3.532179e+01 -2.600000e+01 -2.207795e+00
      vertex   3.516870e+01 -2.600000e+01 -2.115687e+00
      vertex   3.548394e+01 -2.600000e+01 -2.282812e+00
    endloop
  endfacet
  facet normal 0.000000e+00 1.000000e+00 0.000000e+00
    outer loop
      vertex   -3.532179e+01 -2.600000e+01 -2.207795e+00
      vertex   3.548394e+01 -2.600000e+01 -2.282812e+00
      vertex   -3.565324e+01 -2.600000e+01 -2.339857e+00
    endloop
  endfacet
  facet normal -0.000000e+00 1.000000e+00 0.000000e+00
    outer loop
      vertex   -3.565324e+01 -2.600000e+01 -2.339857e+00
      vertex   3.548394e+01 -2.600000e+01 -2.282812e+00
      vertex   3.582772e+01 -2.600000e+01 -2.378264e+00
    endloop
  endfacet
  facet normal 0.000000e+00 0.000000e+00 1.000000e+00
    outer loop
      vertex   4.336900e+01 -2.799352e+01 4.100000e+00
      vertex   -4.336900e+01 -2.799352e+01 4.100000e+00
      vertex   4.356897e+01 -2.899281e+01 4.100000e+00
    endloop
  endfacet
  facet normal 0.000000e+00 0.000000e+00 1.000000e+00
    outer loop
      vertex   4.356897e+01 -2.899281e+01 4.100000e+00
      vertex   -4.336900e+01 -2.799352e+01 4.100000e+00
      vertex   -4.356897e+01 -2.899281e+01 4.100000e+00
    endloop
  endfacet
  facet normal 0.000000e+00 0.000000e+00 1.000000e+00
    outer loop
      vertex   4.356897e+01 -2.899281e+01 4.100000e+00
      vertex   -4.356897e+01 -2.899281e+01 4.100000e+00
      vertex   4.360219e+01 -2.916191e+01 4.100000e+00
    endloop
  endfacet
  facet normal 0.000000e+00 0.000000e+00 1.000000e+00
    outer loop
      vertex   4.360219e+01 -2.916191e+01 4.100000e+00
      vertex   -4.356897e+01 -2.899281e+01 4.100000e+00
      vertex   -4.360219e+01 -2.916191e+01 4.100000e+00
    endloop
  endfacet
  facet normal 0.000000e+00 0.000000e+00 1.000000e+00
    outer loop
      vertex   4.360219e+01 -2.916191e+01 4.100000e+00
      vertex   -4.360219e+01 -2.916191e+01 4.100000e+00
      vertex   4.363561e+01 -2.933097e+01 4.100000e+00
    endloop
  endfacet
  facet normal 0.000000e+00 0.000000e+00 1.000000e+00
    outer loop
      vertex   4.363561e+01 -2.933097e+01 4.100000e+00
      vertex   -4.360219e+01 -2.916191e+01 4.100000e+00
      vertex   -4.363561e+01 -2.933097e+01 4.100000e+00
    endloop
  endfacet
  facet normal 0.000000e+00 0.000000e+00 1.000000e+00
    outer loop
      vertex   4.363561e+01 -2.933097e+01 4.100000e+00
      vertex   -4.363561e+01 -2.933097e+01 4.100000e+00
      vertex   4.366922e+01 -2.950000e+01 4.100000e+00
    endloop
  endfacet
  facet normal 0.000000e+00 0.000000e+00 1.000000e+00
    outer loop
      vertex   4.366922e+01 -2.950000e+01 4.100000e+00
      vertex   -4.363561e+01 -2.933097e+01 4.100000e+00
      vertex   -4.366922e+01 -2.950000e+01 4.100000e+00
    endloop
  endfacet
  facet normal -0.000000e+00 0.000000e+00 1.000000e+00
    outer loop
      vertex   -4.336900e+01 -2.799352e+01 4.100000e+00
      vertex   4.336900e+01 -2.799352e+01 4.100000e+00
      vertex   -4.316090e+01 -2.699590e+01 4.100000e+00
    endloop
  endfacet
  facet normal 0.000000e+00 0.000000e+00 1.000000e+00
    outer loop
      vertex   -4.316090e+01 -2.699590e+01 4.100000e+00
      vertex   4.336900e+01 -2.799352e+01 4.100000e+00
      vertex   4.316090e+01 -2.699590e+01 4.100000e+00
    endloop
  endfacet
  facet normal -0.000000e+00 0.000000e+00 1.000000e+00
    outer loop
      vertex   -4.316090e+01 -2.699590e+01 4.100000e+00
      vertex   4.316090e+01 -2.699590e+01 4.100000e+00
      vertex   -4.294466e+01 -2.600000e+01 4.100000e+00
    endloop
  endfacet
  facet normal -0.000000e+00 0.000000e+00 1.000000e+00
    outer loop
      vertex   -4.294466e+01 -2.600000e+01 4.100000e+00
      vertex   4.316090e+01 -2.699590e+01 4.100000e+00
      vertex   4.294466e+01 -2.600000e+01 4.100000e+00
    endloop
  endfacet
  facet normal 6.319736e-15 -8.103390e-15 1.000000e+00
    outer loop
      vertex   -5.044936e+00 9.728019e+01 -5.900000e+00
      vertex   -4.989994e+00 9.677500e+01 -5.900000e+00
      vertex   1.000000e+01 1.100000e+02 -5.900000e+00
    endloop
  endfacet
  facet normal -9.496344e-15 9.823493e-15 1.000000e+00
    outer loop
      vertex   1.000000e+01 1.100000e+02 -5.900000e+00
      vertex   -4.989994e+00 9.677500e+01 -5.900000e+00
      vertex   -5.044936e+00 9.626982e+01 -5.900000e+00
    endloop
  endfacet
  facet normal -7.672363e-16 2.585120e-16 1.000000e+00
    outer loop
      vertex   1.000000e+01 1.100000e+02 -5.900000e+00
      vertex   -5.044936e+00 9.626982e+01 -5.900000e+00
      vertex   -5.207192e+00 9.578827e+01 -5.900000e+00
    endloop
  endfacet
  facet normal -3.591925e-17 2.161190e-17 1.000000e+00
    outer loop
      vertex   -5.469176e+00 9.535285e+01 -5.900000e+00
      vertex   2.388582e+01 6.194776e+01 -5.900000e+00
      vertex   -5.207192e+00 9.578827e+01 -5.900000e+00
    endloop
  endfacet
  facet normal -4.888302e-17 1.046682e-17 1.000000e+00
    outer loop
      vertex   -5.207192e+00 9.578827e+01 -5.900000e+00
      vertex   2.388582e+01 6.194776e+01 -5.900000e+00
      vertex   2.457569e+01 6.516965e+01 -5.900000e+00
    endloop
  endfacet
  facet normal -4.608748e-17 1.318606e-17 1.000000e+00
    outer loop
      vertex   -5.207192e+00 9.578827e+01 -5.900000e+00
      vertex   2.457569e+01 6.516965e+01 -5.900000e+00
      vertex   2.548203e+01 6.833746e+01 -5.900000e+00
    endloop
  endfacet
  facet normal -7.003838e-17 -8.370562e-18 1.000000e+00
    outer loop
      vertex   2.388582e+01 6.194776e+01 -5.900000e+00
      vertex   -5.469176e+00 9.535285e+01 -5.900000e+00
      vertex   1.295484e+00 3.875142e+01 -5.900000e+00
    endloop
  endfacet
  facet normal 0.000000e+00 0.000000e+00 1.000000e+00
    outer loop
      vertex   1.295484e+00 3.875142e+01 -5.900000e+00
      vertex   -5.469176e+00 9.535285e+01 -5.900000e+00
      vertex   -5.818637e+00 9.498392e+01 -5.900000e+00
    endloop
  endfacet
  facet normal 0.000000e+00 0.000000e+00 1.000000e+00
    outer loop
      vertex   1.295484e+00 3.875142e+01 -5.900000e+00
      vertex   -5.818637e+00 9.498392e+01 -5.900000e+00
      vertex   5.662370e-01 3.895389e+01 -5.900000e+00
    endloop
  endfacet
  facet normal 0.000000e+00 0.000000e+00 1.000000e+00
    outer loop
      vertex   5.662370e-01 3.895389e+01 -5.900000e+00
      vertex   -5.818637e+00 9.498392e+01 -5.900000e+00
      vertex   -1.894862e-01 3.899487e+01 -5.900000e+00
    endloop
  endfacet
  facet normal 0.000000e+00 0.000000e+00 1.000000e+00
    outer loop
      vertex   -1.894862e-01 3.899487e+01 -5.900000e+00
      vertex   -5.818637e+00 9.498392e+01 -5.900000e+00
      vertex   -6.239235e+00 9.469875e+01 -5.900000e+00
    endloop
  endfacet
  facet normal 0.000000e+00 0.000000e+00 1.000000e+00
    outer loop
      vertex   -1.894862e-01 3.899487e+01 -5.900000e+00
      vertex   -6.239235e+00 9.469875e+01 -5.900000e+00
      vertex   -9.363492e-01 3.887242e+01 -5.900000e+00
    endloop
  endfacet
  facet normal 0.000000e+00 0.000000e+00 1.000000e+00
    outer loop
      vertex   -9.363492e-01 3.887242e+01 -5.900000e+00
      vertex   -6.239235e+00 9.469875e+01 -5.900000e+00
      vertex   -6.711303e+00 9.451066e+01 -5.900000e+00
    endloop
  endfacet
  facet normal 0.000000e+00 0.000000e+00 1.000000e+00
    outer loop
      vertex   -9.363492e-01 3.887242e+01 -5.900000e+00
      vertex   -6.711303e+00 9.451066e+01 -5.900000e+00
      vertex   -1.639430e+00 3.859229e+01 -5.900000e+00
    endloop
  endfacet
  facet normal 0.000000e+00 0.000000e+00 1.000000e+00
    outer loop
      vertex   -1.639430e+00 3.859229e+01 -5.900000e+00
      vertex   -6.711303e+00 9.451066e+01 -5.900000e+00
      vertex   -7.212768e+00 9.442845e+01 -5.900000e+00
    endloop
  endfacet
  facet normal 8.984919e-17 8.968381e-18 1.000000e+00
    outer loop
      vertex   -1.639430e+00 3.859229e+01 -5.900000e+00
      vertex   -7.212768e+00 9.442845e+01 -5.900000e+00
      vertex   -2.341558e+01 5.868656e+01 -5.900000e+00
    endloop
  endfacet
  facet normal 8.317646e-17 1.199332e-17 1.000000e+00
    outer loop
      vertex   -2.341558e+01 5.868656e+01 -5.900000e+00
      vertex   -7.212768e+00 9.442845e+01 -5.900000e+00
      vertex   -2.388582e+01 6.194776e+01 -5.900000e+00
    endloop
  endfacet
  facet normal 8.330971e-16 -3.729574e-16 1.000000e+00
    outer loop
      vertex   -2.388582e+01 6.194776e+01 -5.900000e+00
      vertex   -7.212768e+00 9.442845e+01 -5.900000e+00
      vertex   -2.457569e+01 6.516965e+01 -5.900000e+00
    endloop
  endfacet
  facet normal 1.380545e-16 3.949869e-17 1.000000e+00
    outer loop
      vertex   -2.457569e+01 6.516965e+01 -5.900000e+00
      vertex   -7.212768e+00 9.442845e+01 -5.900000e+00
      vertex   -2.548203e+01 6.833746e+01 -5.900000e+00
    endloop
  endfacet
  facet normal 1.283181e-16 4.631625e-17 1.000000e+00
    outer loop
      vertex   -2.548203e+01 6.833746e+01 -5.900000e+00
      vertex   -7.212768e+00 9.442845e+01 -5.900000e+00
      vertex   -2.660069e+01 7.143667e+01 -5.900000e+00
    endloop
  endfacet
  facet normal 1.204561e-16 5.294588e-17 1.000000e+00
    outer loop
      vertex   -2.660069e+01 7.143667e+01 -5.900000e+00
      vertex   -7.212768e+00 9.442845e+01 -5.900000e+00
      vertex   -2.792653e+01 7.445307e+01 -5.900000e+00
    endloop
  endfacet
  facet normal 3.090199e-16 -1.425881e-16 1.000000e+00
    outer loop
      vertex   -2.792653e+01 7.445307e+01 -5.900000e+00
      vertex   -7.212768e+00 9.442845e+01 -5.900000e+00
      vertex   -2.945348e+01 7.737282e+01 -5.900000e+00
    endloop
  endfacet
  facet normal 1.358574e-16 8.321754e-17 1.000000e+00
    outer loop
      vertex   -2.945348e+01 7.737282e+01 -5.900000e+00
      vertex   -7.212768e+00 9.442845e+01 -5.900000e+00
      vertex   -3.117453e+01 8.018253e+01 -5.900000e+00
    endloop
  endfacet
  facet normal 1.303291e-16 9.251614e-17 1.000000e+00
    outer loop
      vertex   -3.117453e+01 8.018253e+01 -5.900000e+00
      vertex   -7.212768e+00 9.442845e+01 -5.900000e+00
      vertex   -3.308179e+01 8.286932e+01 -5.900000e+00
    endloop
  endfacet
  facet normal 1.181522e-17 3.577470e-16 1.000000e+00
    outer loop
      vertex   -3.308179e+01 8.286932e+01 -5.900000e+00
      vertex   -7.212768e+00 9.442845e+01 -5.900000e+00
      vertex   -3.516652e+01 8.542087e+01 -5.900000e+00
    endloop
  endfacet
  facet normal -6.215313e-17 5.872974e-16 1.000000e+00
    outer loop
      vertex   -3.516652e+01 8.542087e+01 -5.900000e+00
      vertex   -7.212768e+00 9.442845e+01 -5.900000e+00
      vertex   -3.918383e+01 9.255730e+01 -5.900000e+00
    endloop
  endfacet
  facet normal -9.424773e-15 -4.683218e-15 1.000000e+00
    outer loop
      vertex   -3.516652e+01 8.542087e+01 -5.900000e+00
      vertex   -3.918383e+01 9.255730e+01 -5.900000e+00
      vertex   -3.644213e+01 8.703973e+01 -5.900000e+00
    endloop
  endfacet
  facet normal 0.000000e+00 0.000000e+00 1.000000e+00
    outer loop
      vertex   -3.644213e+01 8.703973e+01 -5.900000e+00
      vertex   -3.918383e+01 9.255730e+01 -5.900000e+00
      vertex   -3.754436e+01 8.878126e+01 -5.900000e+00
    endloop
  endfacet
  facet normal 0.000000e+00 0.000000e+00 1.000000e+00
    outer loop
      vertex   -3.754436e+01 8.878126e+01 -5.900000e+00
      vertex   -3.918383e+01 9.255730e+01 -5.900000e+00
      vertex   -3.846151e+01 9.062699e+01 -5.900000e+00
    endloop
  endfacet
  facet normal -1.335959e-17 -2.464031e-16 1.000000e+00
    outer loop
      vertex   -7.212768e+00 9.442845e+01 -5.900000e+00
      vertex   -7.720182e+00 9.445596e+01 -5.900000e+00
      vertex   -3.918383e+01 9.255730e+01 -5.900000e+00
    endloop
  endfacet
  facet normal -2.318881e-17 -8.351855e-17 1.000000e+00
    outer loop
      vertex   -3.918383e+01 9.255730e+01 -5.900000e+00
      vertex   -7.720182e+00 9.445596e+01 -5.900000e+00
      vertex   -8.209819e+00 9.459191e+01 -5.900000e+00
    endloop
  endfacet
  facet normal -1.602841e-17 -1.925252e-16 1.000000e+00
    outer loop
      vertex   -3.918383e+01 9.255730e+01 -5.900000e+00
      vertex   -8.209819e+00 9.459191e+01 -5.900000e+00
      vertex   -2.725337e+01 9.617735e+01 -5.900000e+00
    endloop
  endfacet
  facet normal 0.000000e+00 0.000000e+00 1.000000e+00
    outer loop
      vertex   -2.725337e+01 9.617735e+01 -5.900000e+00
      vertex   -8.209819e+00 9.459191e+01 -5.900000e+00
      vertex   -8.658784e+00 9.482994e+01 -5.900000e+00
    endloop
  endfacet
  facet normal 0.000000e+00 0.000000e+00 1.000000e+00
    outer loop
      vertex   -2.725337e+01 9.617735e+01 -5.900000e+00
      vertex   -8.658784e+00 9.482994e+01 -5.900000e+00
      vertex   -9.046084e+00 9.515891e+01 -5.900000e+00
    endloop
  endfacet
  facet normal 0.000000e+00 0.000000e+00 1.000000e+00
    outer loop
      vertex   -9.046084e+00 9.515891e+01 -5.900000e+00
      vertex   -9.353609e+00 9.556345e+01 -5.900000e+00
      vertex   -2.725337e+01 9.617735e+01 -5.900000e+00
    endloop
  endfacet
  facet normal 0.000000e+00 0.000000e+00 1.000000e+00
    outer loop
      vertex   -2.725337e+01 9.617735e+01 -5.900000e+00
      vertex   -9.353609e+00 9.556345e+01 -5.900000e+00
      vertex   -9.566979e+00 9.602465e+01 -5.900000e+00
    endloop
  endfacet
  facet normal -0.000000e+00 0.000000e+00 1.000000e+00
    outer loop
      vertex   -2.725337e+01 9.617735e+01 -5.900000e+00
      vertex   -9.566979e+00 9.602465e+01 -5.900000e+00
      vertex   -2.691195e+01 9.623333e+01 -5.900000e+00
    endloop
  endfacet
  facet normal -0.000000e+00 0.000000e+00 1.000000e+00
    outer loop
      vertex   -2.691195e+01 9.623333e+01 -5.900000e+00
      vertex   -9.566979e+00 9.602465e+01 -5.900000e+00
      vertex   -2.659054e+01 9.636139e+01 -5.900000e+00
    endloop
  endfacet
  facet normal -0.000000e+00 0.000000e+00 1.000000e+00
    outer loop
      vertex   -2.659054e+01 9.636139e+01 -5.900000e+00
      vertex   -9.566979e+00 9.602465e+01 -5.900000e+00
      vertex   -2.630418e+01 9.655555e+01 -5.900000e+00
    endloop
  endfacet
  facet normal -0.000000e+00 0.000000e+00 1.000000e+00
    outer loop
      vertex   -2.630418e+01 9.655555e+01 -5.900000e+00
      vertex   -9.566979e+00 9.602465e+01 -5.900000e+00
      vertex   -2.606625e+01 9.680673e+01 -5.900000e+00
    endloop
  endfacet
  facet normal -0.000000e+00 0.000000e+00 1.000000e+00
    outer loop
      vertex   -2.606625e+01 9.680673e+01 -5.900000e+00
      vertex   -9.566979e+00 9.602465e+01 -5.900000e+00
      vertex   -2.588788e+01 9.710318e+01 -5.900000e+00
    endloop
  endfacet
  facet normal -0.000000e+00 0.000000e+00 1.000000e+00
    outer loop
      vertex   -2.588788e+01 9.710318e+01 -5.900000e+00
      vertex   -9.566979e+00 9.602465e+01 -5.900000e+00
      vertex   -2.577740e+01 9.743105e+01 -5.900000e+00
    endloop
  endfacet
  facet normal 0.000000e+00 0.000000e+00 1.000000e+00
    outer loop
      vertex   -2.577740e+01 9.743105e+01 -5.900000e+00
      vertex   -9.566979e+00 9.602465e+01 -5.900000e+00
      vertex   -9.676219e+00 9.652093e+01 -5.900000e+00
    endloop
  endfacet
  facet normal 7.253626e-16 1.283246e-14 1.000000e+00
    outer loop
      vertex   -2.577740e+01 9.743105e+01 -5.900000e+00
      vertex   -9.676219e+00 9.652093e+01 -5.900000e+00
      vertex   -2.574000e+01 9.777501e+01 -5.900000e+00
    endloop
  endfacet
  facet normal -2.764538e-16 0.000000e+00 1.000000e+00
    outer loop
      vertex   -2.574000e+01 9.777501e+01 -5.900000e+00
      vertex   -9.676219e+00 9.652093e+01 -5.900000e+00
      vertex   -9.676219e+00 9.702908e+01 -5.900000e+00
    endloop
  endfacet
  facet normal -8.804394e-16 -1.300710e-14 1.000000e+00
    outer loop
      vertex   -2.574000e+01 9.777501e+01 -5.900000e+00
      vertex   -9.676219e+00 9.702908e+01 -5.900000e+00
      vertex   -2.577740e+01 9.811896e+01 -5.900000e+00
    endloop
  endfacet
  facet normal -0.000000e+00 0.000000e+00 1.000000e+00
    outer loop
      vertex   -2.577740e+01 9.811896e+01 -5.900000e+00
      vertex   -9.676219e+00 9.702908e+01 -5.900000e+00
      vertex   -1.212132e+01 1.108787e+02 -5.900000e+00
    endloop
  endfacet
  facet normal 0.000000e+00 -0.000000e+00 1.000000e+00
    outer loop
      vertex   -2.577740e+01 9.811896e+01 -5.900000e+00
      vertex   -1.212132e+01 1.108787e+02 -5.900000e+00
      vertex   -2.588788e+01 9.844683e+01 -5.900000e+00
    endloop
  endfacet
  facet normal 0.000000e+00 0.000000e+00 1.000000e+00
    outer loop
      vertex   -2.588788e+01 9.844683e+01 -5.900000e+00
      vertex   -1.212132e+01 1.108787e+02 -5.900000e+00
      vertex   -1.249441e+01 1.113333e+02 -5.900000e+00
    endloop
  endfacet
  facet normal 0.000000e+00 0.000000e+00 1.000000e+00
    outer loop
      vertex   -2.588788e+01 9.844683e+01 -5.900000e+00
      vertex   -1.249441e+01 1.113333e+02 -5.900000e+00
      vertex   -1.277164e+01 1.118519e+02 -5.900000e+00
    endloop
  endfacet
  facet normal 0.000000e+00 -0.000000e+00 1.000000e+00
    outer loop
      vertex   -9.676219e+00 9.702908e+01 -5.900000e+00
      vertex   -9.566979e+00 9.752536e+01 -5.900000e+00
      vertex   -1.212132e+01 1.108787e+02 -5.900000e+00
    endloop
  endfacet
  facet normal 0.000000e+00 0.000000e+00 1.000000e+00
    outer loop
      vertex   -1.212132e+01 1.108787e+02 -5.900000e+00
      vertex   -9.566979e+00 9.752536e+01 -5.900000e+00
      vertex   -1.166671e+01 1.105056e+02 -5.900000e+00
    endloop
  endfacet
  facet normal 0.000000e+00 0.000000e+00 1.000000e+00
    outer loop
      vertex   -1.166671e+01 1.105056e+02 -5.900000e+00
      vertex   -9.566979e+00 9.752536e+01 -5.900000e+00
      vertex   -9.353609e+00 9.798656e+01 -5.900000e+00
    endloop
  endfacet
  facet normal 0.000000e+00 0.000000e+00 1.000000e+00
    outer loop
      vertex   -1.166671e+01 1.105056e+02 -5.900000e+00
      vertex   -9.353609e+00 9.798656e+01 -5.900000e+00
      vertex   -1.114805e+01 1.102284e+02 -5.900000e+00
    endloop
  endfacet
  facet normal 0.000000e+00 0.000000e+00 1.000000e+00
    outer loop
      vertex   -1.114805e+01 1.102284e+02 -5.900000e+00
      vertex   -9.353609e+00 9.798656e+01 -5.900000e+00
      vertex   -9.046084e+00 9.839110e+01 -5.900000e+00
    endloop
  endfacet
  facet normal 0.000000e+00 0.000000e+00 1.000000e+00
    outer loop
      vertex   -1.114805e+01 1.102284e+02 -5.900000e+00
      vertex   -9.046084e+00 9.839110e+01 -5.900000e+00
      vertex   -1.058527e+01 1.100576e+02 -5.900000e+00
    endloop
  endfacet
  facet normal -1.230024e-14 -1.622791e-15 1.000000e+00
    outer loop
      vertex   -1.058527e+01 1.100576e+02 -5.900000e+00
      vertex   -9.046084e+00 9.839110e+01 -5.900000e+00
      vertex   -1.000000e+01 1.100000e+02 -5.900000e+00
    endloop
  endfacet
  facet normal 4.859750e-16 -5.721341e-16 1.000000e+00
    outer loop
      vertex   -1.000000e+01 1.100000e+02 -5.900000e+00
      vertex   -9.046084e+00 9.839110e+01 -5.900000e+00
      vertex   -8.658784e+00 9.872007e+01 -5.900000e+00
    endloop
  endfacet
  facet normal 3.141574e-16 -5.925637e-16 1.000000e+00
    outer loop
      vertex   -1.000000e+01 1.100000e+02 -5.900000e+00
      vertex   -8.658784e+00 9.872007e+01 -5.900000e+00
      vertex   -8.209819e+00 9.895810e+01 -5.900000e+00
    endloop
  endfacet
  facet normal 1.709699e-16 -6.157781e-16 1.000000e+00
    outer loop
      vertex   -8.209819e+00 9.895810e+01 -5.900000e+00
      vertex   -7.720182e+00 9.909405e+01 -5.900000e+00
      vertex   -1.000000e+01 1.100000e+02 -5.900000e+00
    endloop
  endfacet
  facet normal 3.492841e-17 -6.442167e-16 1.000000e+00
    outer loop
      vertex   -1.000000e+01 1.100000e+02 -5.900000e+00
      vertex   -7.720182e+00 9.909405e+01 -5.900000e+00
      vertex   -7.212768e+00 9.912156e+01 -5.900000e+00
    endloop
  endfacet
  facet normal -1.117762e-16 -6.818048e-16 1.000000e+00
    outer loop
      vertex   -1.000000e+01 1.100000e+02 -5.900000e+00
      vertex   -7.212768e+00 9.912156e+01 -5.900000e+00
      vertex   -6.711303e+00 9.903935e+01 -5.900000e+00
    endloop
  endfacet
  facet normal -2.933646e-16 -7.362896e-16 1.000000e+00
    outer loop
      vertex   -6.711303e+00 9.903935e+01 -5.900000e+00
      vertex   -6.239235e+00 9.885126e+01 -5.900000e+00
      vertex   -1.000000e+01 1.100000e+02 -5.900000e+00
    endloop
  endfacet
  facet normal -5.602590e-16 -8.263201e-16 1.000000e+00
    outer loop
      vertex   -1.000000e+01 1.100000e+02 -5.900000e+00
      vertex   -6.239235e+00 9.885126e+01 -5.900000e+00
      vertex   -5.818637e+00 9.856609e+01 -5.900000e+00
    endloop
  endfacet
  facet normal -1.068579e-15 -1.012212e-15 1.000000e+00
    outer loop
      vertex   -1.000000e+01 1.100000e+02 -5.900000e+00
      vertex   -5.818637e+00 9.856609e+01 -5.900000e+00
      vertex   -5.469176e+00 9.819716e+01 -5.900000e+00
    endloop
  endfacet
  facet normal -4.440892e-17 -6.190577e-16 1.000000e+00
    outer loop
      vertex   -1.000000e+01 1.100000e+02 -5.900000e+00
      vertex   -5.469176e+00 9.819716e+01 -5.900000e+00
      vertex   1.000000e+01 1.100000e+02 -5.900000e+00
    endloop
  endfacet
  facet normal -3.541584e-16 -2.130901e-16 1.000000e+00
    outer loop
      vertex   1.000000e+01 1.100000e+02 -5.900000e+00
      vertex   -5.469176e+00 9.819716e+01 -5.900000e+00
      vertex   -5.207192e+00 9.776174e+01 -5.900000e+00
    endloop
  endfacet
  facet normal -4.135178e-16 -1.393304e-16 1.000000e+00
    outer loop
      vertex   1.000000e+01 1.100000e+02 -5.900000e+00
      vertex   -5.207192e+00 9.776174e+01 -5.900000e+00
      vertex   -5.044936e+00 9.728019e+01 -5.900000e+00
    endloop
  endfacet
  facet normal -1.128584e-17 -2.081551e-16 1.000000e+00
    outer loop
      vertex   -2.725337e+01 9.617735e+01 -5.900000e+00
      vertex   -2.759885e+01 9.619608e+01 -5.900000e+00
      vertex   -3.918383e+01 9.255730e+01 -5.900000e+00
    endloop
  endfacet
  facet normal -3.597217e-17 -1.295600e-16 1.000000e+00
    outer loop
      vertex   -3.918383e+01 9.255730e+01 -5.900000e+00
      vertex   -2.759885e+01 9.619608e+01 -5.900000e+00
      vertex   -2.793222e+01 9.628864e+01 -5.900000e+00
    endloop
  endfacet
  facet normal -4.856172e-17 -9.159711e-17 1.000000e+00
    outer loop
      vertex   -3.918383e+01 9.255730e+01 -5.900000e+00
      vertex   -2.793222e+01 9.628864e+01 -5.900000e+00
      vertex   -2.823790e+01 9.645070e+01 -5.900000e+00
    endloop
  endfacet
  facet normal -5.719257e-17 -6.733230e-17 1.000000e+00
    outer loop
      vertex   -2.823790e+01 9.645070e+01 -5.900000e+00
      vertex   -2.850159e+01 9.667469e+01 -5.900000e+00
      vertex   -3.918383e+01 9.255730e+01 -5.900000e+00
    endloop
  endfacet
  facet normal -6.430389e-17 -4.888254e-17 1.000000e+00
    outer loop
      vertex   -3.918383e+01 9.255730e+01 -5.900000e+00
      vertex   -2.850159e+01 9.667469e+01 -5.900000e+00
      vertex   -2.871097e+01 9.695012e+01 -5.900000e+00
    endloop
  endfacet
  facet normal -7.102471e-17 -3.285953e-17 1.000000e+00
    outer loop
      vertex   -3.918383e+01 9.255730e+01 -5.900000e+00
      vertex   -2.871097e+01 9.695012e+01 -5.900000e+00
      vertex   -2.885624e+01 9.726412e+01 -5.900000e+00
    endloop
  endfacet
  facet normal -7.815965e-17 -1.720424e-17 1.000000e+00
    outer loop
      vertex   -2.885624e+01 9.726412e+01 -5.900000e+00
      vertex   -2.893062e+01 9.760202e+01 -5.900000e+00
      vertex   -3.918383e+01 9.255730e+01 -5.900000e+00
    endloop
  endfacet
  facet normal -7.677819e-17 -2.001200e-17 1.000000e+00
    outer loop
      vertex   -3.918383e+01 9.255730e+01 -5.900000e+00
      vertex   -2.893062e+01 9.760202e+01 -5.900000e+00
      vertex   -3.970367e+01 9.455170e+01 -5.900000e+00
    endloop
  endfacet
  facet normal -8.244446e-17 0.000000e+00 1.000000e+00
    outer loop
      vertex   -3.970367e+01 9.455170e+01 -5.900000e+00
      vertex   -2.893062e+01 9.760202e+01 -5.900000e+00
      vertex   -2.893062e+01 9.794800e+01 -5.900000e+00
    endloop
  endfacet
  facet normal -7.864946e-17 -1.203771e-17 1.000000e+00
    outer loop
      vertex   -3.970367e+01 9.455170e+01 -5.900000e+00
      vertex   -2.893062e+01 9.794800e+01 -5.900000e+00
      vertex   -4.001549e+01 9.658901e+01 -5.900000e+00
    endloop
  endfacet
  facet normal -2.706794e-17 -4.327728e-16 1.000000e+00
    outer loop
      vertex   -4.001549e+01 9.658901e+01 -5.900000e+00
      vertex   -2.893062e+01 9.794800e+01 -5.900000e+00
      vertex   -4.011599e+01 9.864759e+01 -5.900000e+00
    endloop
  endfacet
  facet normal -0.000000e+00 0.000000e+00 1.000000e+00
    outer loop
      vertex   -4.011599e+01 9.864759e+01 -5.900000e+00
      vertex   -2.893062e+01 9.794800e+01 -5.900000e+00
      vertex   -4.000409e+01 1.007056e+02 -5.900000e+00
    endloop
  endfacet
  facet normal -0.000000e+00 0.000000e+00 1.000000e+00
    outer loop
      vertex   -4.000409e+01 1.007056e+02 -5.900000e+00
      vertex   -2.893062e+01 9.794800e+01 -5.900000e+00
      vertex   -3.968099e+01 1.027411e+02 -5.900000e+00
    endloop
  endfacet
  facet normal -0.000000e+00 0.000000e+00 1.000000e+00
    outer loop
      vertex   -3.968099e+01 1.027411e+02 -5.900000e+00
      vertex   -2.893062e+01 9.794800e+01 -5.900000e+00
      vertex   -3.915011e+01 1.047326e+02 -5.900000e+00
    endloop
  endfacet
  facet normal -2.443735e-16 -3.680929e-16 1.000000e+00
    outer loop
      vertex   -3.915011e+01 1.047326e+02 -5.900000e+00
      vertex   -2.893062e+01 9.794800e+01 -5.900000e+00
      vertex   -3.841711e+01 1.066589e+02 -5.900000e+00
    endloop
  endfacet
  facet normal 7.788370e-17 -1.714350e-17 1.000000e+00
    outer loop
      vertex   -3.841711e+01 1.066589e+02 -5.900000e+00
      vertex   -2.893062e+01 9.794800e+01 -5.900000e+00
      vertex   -2.885624e+01 9.828589e+01 -5.900000e+00
    endloop
  endfacet
  facet normal 6.445673e-17 -3.247530e-17 1.000000e+00
    outer loop
      vertex   -3.841711e+01 1.066589e+02 -5.900000e+00
      vertex   -2.885624e+01 9.828589e+01 -5.900000e+00
      vertex   -3.748975e+01 1.084995e+02 -5.900000e+00
    endloop
  endfacet
  facet normal 6.648621e-17 -3.075980e-17 1.000000e+00
    outer loop
      vertex   -3.748975e+01 1.084995e+02 -5.900000e+00
      vertex   -2.885624e+01 9.828589e+01 -5.900000e+00
      vertex   -2.871097e+01 9.859989e+01 -5.900000e+00
    endloop
  endfacet
  facet normal 5.447516e-17 -4.141094e-17 1.000000e+00
    outer loop
      vertex   -3.748975e+01 1.084995e+02 -5.900000e+00
      vertex   -2.871097e+01 9.859989e+01 -5.900000e+00
      vertex   -2.850159e+01 9.887533e+01 -5.900000e+00
    endloop
  endfacet
  facet normal 4.371249e-17 -5.146233e-17 1.000000e+00
    outer loop
      vertex   -2.850159e+01 9.887533e+01 -5.900000e+00
      vertex   -2.823790e+01 9.909931e+01 -5.900000e+00
      vertex   -3.748975e+01 1.084995e+02 -5.900000e+00
    endloop
  endfacet
  facet normal 3.291679e-17 -6.208764e-17 1.000000e+00
    outer loop
      vertex   -3.748975e+01 1.084995e+02 -5.900000e+00
      vertex   -2.823790e+01 9.909931e+01 -5.900000e+00
      vertex   -2.793222e+01 9.926137e+01 -5.900000e+00
    endloop
  endfacet
  facet normal 2.073712e-17 -7.468837e-17 1.000000e+00
    outer loop
      vertex   -3.748975e+01 1.084995e+02 -5.900000e+00
      vertex   -2.793222e+01 9.926137e+01 -5.900000e+00
      vertex   -2.759885e+01 9.935393e+01 -5.900000e+00
    endloop
  endfacet
  facet normal 4.973798e-18 -9.173630e-17 1.000000e+00
    outer loop
      vertex   -2.759885e+01 9.935393e+01 -5.900000e+00
      vertex   -2.725337e+01 9.937266e+01 -5.900000e+00
      vertex   -3.748975e+01 1.084995e+02 -5.900000e+00
    endloop
  endfacet
  facet normal -1.954832e-17 -1.192395e-16 1.000000e+00
    outer loop
      vertex   -3.748975e+01 1.084995e+02 -5.900000e+00
      vertex   -2.725337e+01 9.937266e+01 -5.900000e+00
      vertex   -2.691195e+01 9.931669e+01 -5.900000e+00
    endloop
  endfacet
  facet normal 5.395594e-17 -3.456922e-17 1.000000e+00
    outer loop
      vertex   -3.748975e+01 1.084995e+02 -5.900000e+00
      vertex   -2.691195e+01 9.931669e+01 -5.900000e+00
      vertex   -3.637789e+01 1.102349e+02 -5.900000e+00
    endloop
  endfacet
  facet normal 4.888790e-17 -3.896313e-17 1.000000e+00
    outer loop
      vertex   -3.637789e+01 1.102349e+02 -5.900000e+00
      vertex   -2.691195e+01 9.931669e+01 -5.900000e+00
      vertex   -3.509333e+01 1.118467e+02 -5.900000e+00
    endloop
  endfacet
  facet normal 4.337223e-17 -4.256454e-17 1.000000e+00
    outer loop
      vertex   -3.509333e+01 1.118467e+02 -5.900000e+00
      vertex   -2.691195e+01 9.931669e+01 -5.900000e+00
      vertex   -3.364972e+01 1.133177e+02 -5.900000e+00
    endloop
  endfacet
  facet normal 3.756595e-17 -4.535872e-17 1.000000e+00
    outer loop
      vertex   -3.364972e+01 1.133177e+02 -5.900000e+00
      vertex   -2.691195e+01 9.931669e+01 -5.900000e+00
      vertex   -3.206239e+01 1.146323e+02 -5.900000e+00
    endloop
  endfacet
  facet normal -2.930383e-15 -1.043439e-15 1.000000e+00
    outer loop
      vertex   -3.206239e+01 1.146323e+02 -5.900000e+00
      vertex   -2.691195e+01 9.931669e+01 -5.900000e+00
      vertex   -3.034819e+01 1.157766e+02 -5.900000e+00
    endloop
  endfacet
  facet normal 2.973585e-15 1.890964e-16 1.000000e+00
    outer loop
      vertex   -3.034819e+01 1.157766e+02 -5.900000e+00
      vertex   -2.691195e+01 9.931669e+01 -5.900000e+00
      vertex   -2.832735e+01 1.168772e+02 -5.900000e+00
    endloop
  endfacet
  facet normal 2.191356e-17 -4.881201e-17 1.000000e+00
    outer loop
      vertex   -2.832735e+01 1.168772e+02 -5.900000e+00
      vertex   -2.691195e+01 9.931669e+01 -5.900000e+00
      vertex   -2.622810e+01 1.178196e+02 -5.900000e+00
    endloop
  endfacet
  facet normal -1.884823e-17 -4.730549e-17 1.000000e+00
    outer loop
      vertex   -2.622810e+01 1.178196e+02 -5.900000e+00
      vertex   -2.691195e+01 9.931669e+01 -5.900000e+00
      vertex   -2.659054e+01 9.918863e+01 -5.900000e+00
    endloop
  endfacet
  facet normal -3.190174e-17 -4.705155e-17 1.000000e+00
    outer loop
      vertex   -2.622810e+01 1.178196e+02 -5.900000e+00
      vertex   -2.659054e+01 9.918863e+01 -5.900000e+00
      vertex   -2.630418e+01 9.899447e+01 -5.900000e+00
    endloop
  endfacet
  facet normal 1.699330e-17 -4.724915e-17 1.000000e+00
    outer loop
      vertex   -2.622810e+01 1.178196e+02 -5.900000e+00
      vertex   -2.630418e+01 9.899447e+01 -5.900000e+00
      vertex   -2.406279e+01 1.185984e+02 -5.900000e+00
    endloop
  endfacet
  facet normal -4.267796e-17 -4.042671e-17 1.000000e+00
    outer loop
      vertex   -2.406279e+01 1.185984e+02 -5.900000e+00
      vertex   -2.630418e+01 9.899447e+01 -5.900000e+00
      vertex   -2.606625e+01 9.874329e+01 -5.900000e+00
    endloop
  endfacet
  facet normal -3.991000e-16 -4.462283e-18 1.000000e+00
    outer loop
      vertex   -2.406279e+01 1.185984e+02 -5.900000e+00
      vertex   -2.606625e+01 9.874329e+01 -5.900000e+00
      vertex   -2.184416e+01 1.192089e+02 -5.900000e+00
    endloop
  endfacet
  facet normal -1.074248e-16 -6.463538e-17 1.000000e+00
    outer loop
      vertex   -2.184416e+01 1.192089e+02 -5.900000e+00
      vertex   -2.606625e+01 9.874329e+01 -5.900000e+00
      vertex   -2.588788e+01 9.844683e+01 -5.900000e+00
    endloop
  endfacet
  facet normal 1.726776e-17 -8.892111e-17 1.000000e+00
    outer loop
      vertex   -2.184416e+01 1.192089e+02 -5.900000e+00
      vertex   -2.588788e+01 9.844683e+01 -5.900000e+00
      vertex   -1.958527e+01 1.196475e+02 -5.900000e+00
    endloop
  endfacet
  facet normal 1.330973e-16 -1.233553e-16 1.000000e+00
    outer loop
      vertex   -1.958527e+01 1.196475e+02 -5.900000e+00
      vertex   -2.588788e+01 9.844683e+01 -5.900000e+00
      vertex   -1.294236e+01 1.124147e+02 -5.900000e+00
    endloop
  endfacet
  facet normal 2.566479e-17 -2.220261e-16 1.000000e+00
    outer loop
      vertex   -1.958527e+01 1.196475e+02 -5.900000e+00
      vertex   -1.294236e+01 1.124147e+02 -5.900000e+00
      vertex   -1.729940e+01 1.199117e+02 -5.900000e+00
    endloop
  endfacet
  facet normal -2.466127e-14 -1.456933e-14 1.000000e+00
    outer loop
      vertex   -1.729940e+01 1.199117e+02 -5.900000e+00
      vertex   -1.294236e+01 1.124147e+02 -5.900000e+00
      vertex   -1.300000e+01 1.130000e+02 -5.900000e+00
    endloop
  endfacet
  facet normal -2.669713e-15 -8.896579e-16 1.000000e+00
    outer loop
      vertex   -1.729940e+01 1.199117e+02 -5.900000e+00
      vertex   -1.300000e+01 1.130000e+02 -5.900000e+00
      vertex   -1.500000e+01 1.200000e+02 -5.900000e+00
    endloop
  endfacet
  facet normal 9.015553e-31 -1.268826e-16 1.000000e+00
    outer loop
      vertex   -1.500000e+01 1.200000e+02 -5.900000e+00
      vertex   -1.300000e+01 1.130000e+02 -5.900000e+00
      vertex   -1.300000e+01 1.200000e+02 -5.900000e+00
    endloop
  endfacet
  facet normal 8.082584e-15 1.203231e-14 1.000000e+00
    outer loop
      vertex   2.822260e+01 9.743105e+01 -5.900000e+00
      vertex   3.846151e+01 9.062699e+01 -5.900000e+00
      vertex   2.826000e+01 9.777501e+01 -5.900000e+00
    endloop
  endfacet
  facet normal -2.759108e-16 1.032465e-16 1.000000e+00
    outer loop
      vertex   2.826000e+01 9.777501e+01 -5.900000e+00
      vertex   3.846151e+01 9.062699e+01 -5.900000e+00
      vertex   3.918383e+01 9.255730e+01 -5.900000e+00
    endloop
  endfacet
  facet normal -2.892192e-16 7.538408e-17 1.000000e+00
    outer loop
      vertex   2.826000e+01 9.777501e+01 -5.900000e+00
      vertex   3.918383e+01 9.255730e+01 -5.900000e+00
      vertex   3.970367e+01 9.455170e+01 -5.900000e+00
    endloop
  endfacet
  facet normal -6.464992e-16 2.178309e-16 1.000000e+00
    outer loop
      vertex   2.811212e+01 9.710318e+01 -5.900000e+00
      vertex   3.516652e+01 8.542087e+01 -5.900000e+00
      vertex   2.822260e+01 9.743105e+01 -5.900000e+00
    endloop
  endfacet
  facet normal 3.181375e-15 2.430990e-15 1.000000e+00
    outer loop
      vertex   2.822260e+01 9.743105e+01 -5.900000e+00
      vertex   3.516652e+01 8.542087e+01 -5.900000e+00
      vertex   3.644213e+01 8.703973e+01 -5.900000e+00
    endloop
  endfacet
  facet normal 6.002712e-17 -3.799166e-17 1.000000e+00
    outer loop
      vertex   2.822260e+01 9.743105e+01 -5.900000e+00
      vertex   3.644213e+01 8.703973e+01 -5.900000e+00
      vertex   3.754436e+01 8.878126e+01 -5.900000e+00
    endloop
  endfacet
  facet normal -5.045248e-16 3.035625e-16 1.000000e+00
    outer loop
      vertex   2.811212e+01 9.710318e+01 -5.900000e+00
      vertex   2.793375e+01 9.680673e+01 -5.900000e+00
      vertex   3.516652e+01 8.542087e+01 -5.900000e+00
    endloop
  endfacet
  facet normal -1.388455e-15 -2.579464e-16 1.000000e+00
    outer loop
      vertex   3.516652e+01 8.542087e+01 -5.900000e+00
      vertex   2.793375e+01 9.680673e+01 -5.900000e+00
      vertex   3.308179e+01 8.286932e+01 -5.900000e+00
    endloop
  endfacet
  facet normal -1.936057e-16 1.833931e-16 1.000000e+00
    outer loop
      vertex   3.308179e+01 8.286932e+01 -5.900000e+00
      vertex   2.793375e+01 9.680673e+01 -5.900000e+00
      vertex   2.769582e+01 9.655555e+01 -5.900000e+00
    endloop
  endfacet
  facet normal -1.389318e-16 2.049091e-16 1.000000e+00
    outer loop
      vertex   3.308179e+01 8.286932e+01 -5.900000e+00
      vertex   2.769582e+01 9.655555e+01 -5.900000e+00
      vertex   2.740946e+01 9.636139e+01 -5.900000e+00
    endloop
  endfacet
  facet normal -2.329666e-16 1.653750e-16 1.000000e+00
    outer loop
      vertex   3.308179e+01 8.286932e+01 -5.900000e+00
      vertex   2.740946e+01 9.636139e+01 -5.900000e+00
      vertex   3.117453e+01 8.018253e+01 -5.900000e+00
    endloop
  endfacet
  facet normal -8.006847e-17 2.009567e-16 1.000000e+00
    outer loop
      vertex   3.117453e+01 8.018253e+01 -5.900000e+00
      vertex   2.740946e+01 9.636139e+01 -5.900000e+00
      vertex   2.708805e+01 9.623333e+01 -5.900000e+00
    endloop
  endfacet
  facet normal -3.483325e-17 2.124734e-16 1.000000e+00
    outer loop
      vertex   3.117453e+01 8.018253e+01 -5.900000e+00
      vertex   2.708805e+01 9.623333e+01 -5.900000e+00
      vertex   2.674663e+01 9.617735e+01 -5.900000e+00
    endloop
  endfacet
  facet normal 0.000000e+00 0.000000e+00 1.000000e+00
    outer loop
      vertex   2.640115e+01 9.619608e+01 -5.900000e+00
      vertex   -5.207192e+00 9.578827e+01 -5.900000e+00
      vertex   2.674663e+01 9.617735e+01 -5.900000e+00
    endloop
  endfacet
  facet normal -7.773711e-19 6.384148e-17 1.000000e+00
    outer loop
      vertex   2.674663e+01 9.617735e+01 -5.900000e+00
      vertex   -5.207192e+00 9.578827e+01 -5.900000e+00
      vertex   2.548203e+01 6.833746e+01 -5.900000e+00
    endloop
  endfacet
  facet normal -2.022223e-16 7.299187e-17 1.000000e+00
    outer loop
      vertex   2.674663e+01 9.617735e+01 -5.900000e+00
      vertex   2.548203e+01 6.833746e+01 -5.900000e+00
      vertex   2.660069e+01 7.143667e+01 -5.900000e+00
    endloop
  endfacet
  facet normal 0.000000e+00 0.000000e+00 1.000000e+00
    outer loop
      vertex   2.640115e+01 9.619608e+01 -5.900000e+00
      vertex   2.606778e+01 9.628864e+01 -5.900000e+00
      vertex   -5.207192e+00 9.578827e+01 -5.900000e+00
    endloop
  endfacet
  facet normal 0.000000e+00 0.000000e+00 1.000000e+00
    outer loop
      vertex   -5.207192e+00 9.578827e+01 -5.900000e+00
      vertex   2.606778e+01 9.628864e+01 -5.900000e+00
      vertex   2.576210e+01 9.645070e+01 -5.900000e+00
    endloop
  endfacet
  facet normal 0.000000e+00 0.000000e+00 1.000000e+00
    outer loop
      vertex   -5.207192e+00 9.578827e+01 -5.900000e+00
      vertex   2.576210e+01 9.645070e+01 -5.900000e+00
      vertex   2.549841e+01 9.667469e+01 -5.900000e+00
    endloop
  endfacet
  facet normal 0.000000e+00 0.000000e+00 1.000000e+00
    outer loop
      vertex   2.549841e+01 9.667469e+01 -5.900000e+00
      vertex   2.528903e+01 9.695012e+01 -5.900000e+00
      vertex   -5.207192e+00 9.578827e+01 -5.900000e+00
    endloop
  endfacet
  facet normal 0.000000e+00 0.000000e+00 1.000000e+00
    outer loop
      vertex   -5.207192e+00 9.578827e+01 -5.900000e+00
      vertex   2.528903e+01 9.695012e+01 -5.900000e+00
      vertex   2.514376e+01 9.726412e+01 -5.900000e+00
    endloop
  endfacet
  facet normal 2.885193e-17 -5.933380e-16 1.000000e+00
    outer loop
      vertex   -5.207192e+00 9.578827e+01 -5.900000e+00
      vertex   2.514376e+01 9.726412e+01 -5.900000e+00
      vertex   1.000000e+01 1.100000e+02 -5.900000e+00
    endloop
  endfacet
  facet normal 1.228146e-14 1.397579e-14 1.000000e+00
    outer loop
      vertex   1.000000e+01 1.100000e+02 -5.900000e+00
      vertex   2.514376e+01 9.726412e+01 -5.900000e+00
      vertex   1.058527e+01 1.100576e+02 -5.900000e+00
    endloop
  endfacet
  facet normal -0.000000e+00 0.000000e+00 1.000000e+00
    outer loop
      vertex   1.058527e+01 1.100576e+02 -5.900000e+00
      vertex   2.514376e+01 9.726412e+01 -5.900000e+00
      vertex   1.114805e+01 1.102284e+02 -5.900000e+00
    endloop
  endfacet
  facet normal 0.000000e+00 0.000000e+00 1.000000e+00
    outer loop
      vertex   1.114805e+01 1.102284e+02 -5.900000e+00
      vertex   2.514376e+01 9.726412e+01 -5.900000e+00
      vertex   2.506938e+01 9.760202e+01 -5.900000e+00
    endloop
  endfacet
  facet normal -0.000000e+00 0.000000e+00 1.000000e+00
    outer loop
      vertex   1.114805e+01 1.102284e+02 -5.900000e+00
      vertex   2.506938e+01 9.760202e+01 -5.900000e+00
      vertex   1.166671e+01 1.105056e+02 -5.900000e+00
    endloop
  endfacet
  facet normal -0.000000e+00 0.000000e+00 1.000000e+00
    outer loop
      vertex   1.166671e+01 1.105056e+02 -5.900000e+00
      vertex   2.506938e+01 9.760202e+01 -5.900000e+00
      vertex   1.212132e+01 1.108787e+02 -5.900000e+00
    endloop
  endfacet
  facet normal 0.000000e+00 0.000000e+00 1.000000e+00
    outer loop
      vertex   1.212132e+01 1.108787e+02 -5.900000e+00
      vertex   2.506938e+01 9.760202e+01 -5.900000e+00
      vertex   2.506938e+01 9.794800e+01 -5.900000e+00
    endloop
  endfacet
  facet normal -0.000000e+00 0.000000e+00 1.000000e+00
    outer loop
      vertex   1.212132e+01 1.108787e+02 -5.900000e+00
      vertex   2.506938e+01 9.794800e+01 -5.900000e+00
      vertex   1.249441e+01 1.113333e+02 -5.900000e+00
    endloop
  endfacet
  facet normal 0.000000e+00 0.000000e+00 1.000000e+00
    outer loop
      vertex   1.249441e+01 1.113333e+02 -5.900000e+00
      vertex   2.506938e+01 9.794800e+01 -5.900000e+00
      vertex   2.514376e+01 9.828589e+01 -5.900000e+00
    endloop
  endfacet
  facet normal -0.000000e+00 0.000000e+00 1.000000e+00
    outer loop
      vertex   1.249441e+01 1.113333e+02 -5.900000e+00
      vertex   2.514376e+01 9.828589e+01 -5.900000e+00
      vertex   1.277164e+01 1.118519e+02 -5.900000e+00
    endloop
  endfacet
  facet normal 0.000000e+00 0.000000e+00 1.000000e+00
    outer loop
      vertex   1.277164e+01 1.118519e+02 -5.900000e+00
      vertex   2.514376e+01 9.828589e+01 -5.900000e+00
      vertex   2.528903e+01 9.859989e+01 -5.900000e+00
    endloop
  endfacet
  facet normal -0.000000e+00 0.000000e+00 1.000000e+00
    outer loop
      vertex   1.277164e+01 1.118519e+02 -5.900000e+00
      vertex   2.528903e+01 9.859989e+01 -5.900000e+00
      vertex   1.294236e+01 1.124147e+02 -5.900000e+00
    endloop
  endfacet
  facet normal -6.776344e-17 -6.056194e-17 1.000000e+00
    outer loop
      vertex   1.294236e+01 1.124147e+02 -5.900000e+00
      vertex   2.528903e+01 9.859989e+01 -5.900000e+00
      vertex   1.958527e+01 1.196475e+02 -5.900000e+00
    endloop
  endfacet
  facet normal -1.283240e-17 -1.110130e-16 1.000000e+00
    outer loop
      vertex   1.294236e+01 1.124147e+02 -5.900000e+00
      vertex   1.958527e+01 1.196475e+02 -5.900000e+00
      vertex   1.729940e+01 1.199117e+02 -5.900000e+00
    endloop
  endfacet
  facet normal -8.649804e-18 -4.454255e-17 1.000000e+00
    outer loop
      vertex   1.958527e+01 1.196475e+02 -5.900000e+00
      vertex   2.528903e+01 9.859989e+01 -5.900000e+00
      vertex   2.184416e+01 1.192089e+02 -5.900000e+00
    endloop
  endfacet
  facet normal 4.647376e-17 -3.532843e-17 1.000000e+00
    outer loop
      vertex   2.184416e+01 1.192089e+02 -5.900000e+00
      vertex   2.528903e+01 9.859989e+01 -5.900000e+00
      vertex   2.549841e+01 9.887533e+01 -5.900000e+00
    endloop
  endfacet
  facet normal -1.264500e-17 -4.595298e-17 1.000000e+00
    outer loop
      vertex   2.184416e+01 1.192089e+02 -5.900000e+00
      vertex   2.549841e+01 9.887533e+01 -5.900000e+00
      vertex   2.406279e+01 1.185984e+02 -5.900000e+00
    endloop
  endfacet
  facet normal 3.602374e-17 -4.241043e-17 1.000000e+00
    outer loop
      vertex   2.406279e+01 1.185984e+02 -5.900000e+00
      vertex   2.549841e+01 9.887533e+01 -5.900000e+00
      vertex   2.576210e+01 9.909931e+01 -5.900000e+00
    endloop
  endfacet
  facet normal 4.065461e-16 -1.011994e-17 1.000000e+00
    outer loop
      vertex   2.406279e+01 1.185984e+02 -5.900000e+00
      vertex   2.576210e+01 9.909931e+01 -5.900000e+00
      vertex   2.622810e+01 1.178196e+02 -5.900000e+00
    endloop
  endfacet
  facet normal 0.000000e+00 0.000000e+00 1.000000e+00
    outer loop
      vertex   2.622810e+01 1.178196e+02 -5.900000e+00
      vertex   2.576210e+01 9.909931e+01 -5.900000e+00
      vertex   2.606778e+01 9.926137e+01 -5.900000e+00
    endloop
  endfacet
  facet normal 0.000000e+00 0.000000e+00 1.000000e+00
    outer loop
      vertex   2.622810e+01 1.178196e+02 -5.900000e+00
      vertex   2.606778e+01 9.926137e+01 -5.900000e+00
      vertex   2.640115e+01 9.935393e+01 -5.900000e+00
    endloop
  endfacet
  facet normal 0.000000e+00 0.000000e+00 1.000000e+00
    outer loop
      vertex   2.622810e+01 1.178196e+02 -5.900000e+00
      vertex   2.640115e+01 9.935393e+01 -5.900000e+00
      vertex   2.832735e+01 1.168772e+02 -5.900000e+00
    endloop
  endfacet
  facet normal 0.000000e+00 0.000000e+00 1.000000e+00
    outer loop
      vertex   2.832735e+01 1.168772e+02 -5.900000e+00
      vertex   2.640115e+01 9.935393e+01 -5.900000e+00
      vertex   2.674663e+01 9.937266e+01 -5.900000e+00
    endloop
  endfacet
  facet normal 0.000000e+00 0.000000e+00 1.000000e+00
    outer loop
      vertex   2.832735e+01 1.168772e+02 -5.900000e+00
      vertex   2.674663e+01 9.937266e+01 -5.900000e+00
      vertex   2.708805e+01 9.931669e+01 -5.900000e+00
    endloop
  endfacet
  facet normal -4.232426e-15 2.986957e-16 1.000000e+00
    outer loop
      vertex   2.832735e+01 1.168772e+02 -5.900000e+00
      vertex   2.708805e+01 9.931669e+01 -5.900000e+00
      vertex   3.034819e+01 1.157766e+02 -5.900000e+00
    endloop
  endfacet
  facet normal -1.992709e-16 -5.001322e-16 1.000000e+00
    outer loop
      vertex   3.034819e+01 1.157766e+02 -5.900000e+00
      vertex   2.708805e+01 9.931669e+01 -5.900000e+00
      vertex   2.740946e+01 9.918863e+01 -5.900000e+00
    endloop
  endfacet
  facet normal 3.850403e-15 -1.217573e-15 1.000000e+00
    outer loop
      vertex   3.034819e+01 1.157766e+02 -5.900000e+00
      vertex   2.740946e+01 9.918863e+01 -5.900000e+00
      vertex   3.206239e+01 1.146323e+02 -5.900000e+00
    endloop
  endfacet
  facet normal -3.237903e-17 -4.775550e-17 1.000000e+00
    outer loop
      vertex   3.206239e+01 1.146323e+02 -5.900000e+00
      vertex   2.740946e+01 9.918863e+01 -5.900000e+00
      vertex   2.769582e+01 9.899447e+01 -5.900000e+00
    endloop
  endfacet
  facet normal -4.630868e-17 -4.386591e-17 1.000000e+00
    outer loop
      vertex   3.206239e+01 1.146323e+02 -5.900000e+00
      vertex   2.769582e+01 9.899447e+01 -5.900000e+00
      vertex   2.793375e+01 9.874329e+01 -5.900000e+00
    endloop
  endfacet
  facet normal -5.904016e-17 -3.552328e-17 1.000000e+00
    outer loop
      vertex   2.811212e+01 9.844683e+01 -5.900000e+00
      vertex   3.509333e+01 1.118467e+02 -5.900000e+00
      vertex   2.793375e+01 9.874329e+01 -5.900000e+00
    endloop
  endfacet
  facet normal -4.436685e-17 -4.354064e-17 1.000000e+00
    outer loop
      vertex   2.793375e+01 9.874329e+01 -5.900000e+00
      vertex   3.509333e+01 1.118467e+02 -5.900000e+00
      vertex   3.364972e+01 1.133177e+02 -5.900000e+00
    endloop
  endfacet
  facet normal -3.809680e-17 -4.599970e-17 1.000000e+00
    outer loop
      vertex   2.793375e+01 9.874329e+01 -5.900000e+00
      vertex   3.364972e+01 1.133177e+02 -5.900000e+00
      vertex   3.206239e+01 1.146323e+02 -5.900000e+00
    endloop
  endfacet
  facet normal -5.029110e-17 -4.008146e-17 1.000000e+00
    outer loop
      vertex   3.509333e+01 1.118467e+02 -5.900000e+00
      vertex   2.811212e+01 9.844683e+01 -5.900000e+00
      vertex   3.637789e+01 1.102349e+02 -5.900000e+00
    endloop
  endfacet
  facet normal -7.257763e-17 -2.445425e-17 1.000000e+00
    outer loop
      vertex   3.637789e+01 1.102349e+02 -5.900000e+00
      vertex   2.811212e+01 9.844683e+01 -5.900000e+00
      vertex   2.822260e+01 9.811896e+01 -5.900000e+00
    endloop
  endfacet
  facet normal -5.579742e-17 -3.574905e-17 1.000000e+00
    outer loop
      vertex   3.637789e+01 1.102349e+02 -5.900000e+00
      vertex   2.822260e+01 9.811896e+01 -5.900000e+00
      vertex   3.748975e+01 1.084995e+02 -5.900000e+00
    endloop
  endfacet
  facet normal 2.842550e-16 -3.393277e-16 1.000000e+00
    outer loop
      vertex   3.748975e+01 1.084995e+02 -5.900000e+00
      vertex   2.822260e+01 9.811896e+01 -5.900000e+00
      vertex   3.841711e+01 1.066589e+02 -5.900000e+00
    endloop
  endfacet
  facet normal 0.000000e+00 0.000000e+00 1.000000e+00
    outer loop
      vertex   3.841711e+01 1.066589e+02 -5.900000e+00
      vertex   2.822260e+01 9.811896e+01 -5.900000e+00
      vertex   3.915011e+01 1.047326e+02 -5.900000e+00
    endloop
  endfacet
  facet normal 7.331744e-15 -1.211397e-14 1.000000e+00
    outer loop
      vertex   3.915011e+01 1.047326e+02 -5.900000e+00
      vertex   2.822260e+01 9.811896e+01 -5.900000e+00
      vertex   2.826000e+01 9.777501e+01 -5.900000e+00
    endloop
  endfacet
  facet normal -3.484471e-16 -9.288584e-17 1.000000e+00
    outer loop
      vertex   3.915011e+01 1.047326e+02 -5.900000e+00
      vertex   2.826000e+01 9.777501e+01 -5.900000e+00
      vertex   3.968099e+01 1.027411e+02 -5.900000e+00
    endloop
  endfacet
  facet normal -3.637317e-16 -5.773471e-17 1.000000e+00
    outer loop
      vertex   3.968099e+01 1.027411e+02 -5.900000e+00
      vertex   2.826000e+01 9.777501e+01 -5.900000e+00
      vertex   4.000409e+01 1.007056e+02 -5.900000e+00
    endloop
  endfacet
  facet normal -3.730768e-16 -2.028482e-17 1.000000e+00
    outer loop
      vertex   4.000409e+01 1.007056e+02 -5.900000e+00
      vertex   2.826000e+01 9.777501e+01 -5.900000e+00
      vertex   4.011599e+01 9.864759e+01 -5.900000e+00
    endloop
  endfacet
  facet normal -3.759204e-16 1.835164e-17 1.000000e+00
    outer loop
      vertex   4.011599e+01 9.864759e+01 -5.900000e+00
      vertex   2.826000e+01 9.777501e+01 -5.900000e+00
      vertex   4.001549e+01 9.658901e+01 -5.900000e+00
    endloop
  endfacet
  facet normal -4.153416e-16 -3.723864e-16 1.000000e+00
    outer loop
      vertex   4.001549e+01 9.658901e+01 -5.900000e+00
      vertex   2.826000e+01 9.777501e+01 -5.900000e+00
      vertex   3.970367e+01 9.455170e+01 -5.900000e+00
    endloop
  endfacet
  facet normal -5.804342e-16 -2.297806e-15 1.000000e+00
    outer loop
      vertex   -3.418172e+00 3.625240e+01 -5.900000e+00
      vertex   -2.399003e+01 4.183546e+01 -5.900000e+00
      vertex   -3.500000e+00 3.550000e+01 -5.900000e+00
    endloop
  endfacet
  facet normal 1.264658e-16 -1.156134e-17 1.000000e+00
    outer loop
      vertex   -3.500000e+00 3.550000e+01 -5.900000e+00
      vertex   -2.399003e+01 4.183546e+01 -5.900000e+00
      vertex   -2.462840e+01 3.485255e+01 -5.900000e+00
    endloop
  endfacet
  facet normal 5.358602e-17 2.366760e-15 1.000000e+00
    outer loop
      vertex   -3.500000e+00 3.550000e+01 -5.900000e+00
      vertex   -2.462840e+01 3.485255e+01 -5.900000e+00
      vertex   -3.418172e+00 3.474760e+01 -5.900000e+00
    endloop
  endfacet
  facet normal 3.996949e-17 -3.850998e-16 1.000000e+00
    outer loop
      vertex   -3.418172e+00 3.474760e+01 -5.900000e+00
      vertex   -2.462840e+01 3.485255e+01 -5.900000e+00
      vertex   -2.525426e+01 2.786852e+01 -5.900000e+00
    endloop
  endfacet
  facet normal -7.354321e-17 -2.477959e-17 1.000000e+00
    outer loop
      vertex   -3.418172e+00 3.474760e+01 -5.900000e+00
      vertex   -2.525426e+01 2.786852e+01 -5.900000e+00
      vertex   -3.176514e+00 3.403039e+01 -5.900000e+00
    endloop
  endfacet
  facet normal -6.889051e-17 -4.145004e-17 1.000000e+00
    outer loop
      vertex   -3.176514e+00 3.403039e+01 -5.900000e+00
      vertex   -2.525426e+01 2.786852e+01 -5.900000e+00
      vertex   -2.786326e+00 3.338189e+01 -5.900000e+00
    endloop
  endfacet
  facet normal -6.415046e-17 -6.076654e-17 1.000000e+00
    outer loop
      vertex   -2.786326e+00 3.338189e+01 -5.900000e+00
      vertex   -2.525426e+01 2.786852e+01 -5.900000e+00
      vertex   -2.265852e+00 3.283243e+01 -5.900000e+00
    endloop
  endfacet
  facet normal -5.860701e-17 -8.643887e-17 1.000000e+00
    outer loop
      vertex   -2.265852e+00 3.283243e+01 -5.900000e+00
      vertex   -2.525426e+01 2.786852e+01 -5.900000e+00
      vertex   -1.639430e+00 3.240771e+01 -5.900000e+00
    endloop
  endfacet
  facet normal -5.074242e-17 -1.273539e-16 1.000000e+00
    outer loop
      vertex   -1.639430e+00 3.240771e+01 -5.900000e+00
      vertex   -2.525426e+01 2.786852e+01 -5.900000e+00
      vertex   -9.363492e-01 3.212758e+01 -5.900000e+00
    endloop
  endfacet
  facet normal -3.531735e-17 -2.154263e-16 1.000000e+00
    outer loop
      vertex   -9.363492e-01 3.212758e+01 -5.900000e+00
      vertex   -2.525426e+01 2.786852e+01 -5.900000e+00
      vertex   -1.894862e-01 3.200513e+01 -5.900000e+00
    endloop
  endfacet
  facet normal -1.985506e-16 7.736446e-16 1.000000e+00
    outer loop
      vertex   -1.894862e-01 3.200513e+01 -5.900000e+00
      vertex   -2.525426e+01 2.786852e+01 -5.900000e+00
      vertex   -2.566787e+01 2.431824e+01 -5.900000e+00
    endloop
  endfacet
  facet normal 3.677579e-17 -6.349650e-18 1.000000e+00
    outer loop
      vertex   -1.894862e-01 3.200513e+01 -5.900000e+00
      vertex   -2.566787e+01 2.431824e+01 -5.900000e+00
      vertex   -2.627600e+01 2.079606e+01 -5.900000e+00
    endloop
  endfacet
  facet normal 7.578219e-17 1.201495e-16 1.000000e+00
    outer loop
      vertex   -2.399003e+01 4.183546e+01 -5.900000e+00
      vertex   -3.418172e+00 3.625240e+01 -5.900000e+00
      vertex   -2.333916e+01 4.881721e+01 -5.900000e+00
    endloop
  endfacet
  facet normal 0.000000e+00 0.000000e+00 1.000000e+00
    outer loop
      vertex   -2.333916e+01 4.881721e+01 -5.900000e+00
      vertex   -3.418172e+00 3.625240e+01 -5.900000e+00
      vertex   -3.176514e+00 3.696961e+01 -5.900000e+00
    endloop
  endfacet
  facet normal -1.532701e-16 -2.608404e-16 1.000000e+00
    outer loop
      vertex   -2.333916e+01 4.881721e+01 -5.900000e+00
      vertex   -3.176514e+00 3.696961e+01 -5.900000e+00
      vertex   -2.314163e+01 5.210620e+01 -5.900000e+00
    endloop
  endfacet
  facet normal 3.055047e-17 -1.838161e-17 1.000000e+00
    outer loop
      vertex   -2.314163e+01 5.210620e+01 -5.900000e+00
      vertex   -3.176514e+00 3.696961e+01 -5.900000e+00
      vertex   -2.786326e+00 3.761811e+01 -5.900000e+00
    endloop
  endfacet
  facet normal -1.490555e-16 -2.707222e-16 1.000000e+00
    outer loop
      vertex   -2.314163e+01 5.210620e+01 -5.900000e+00
      vertex   -2.786326e+00 3.761811e+01 -5.900000e+00
      vertex   -2.316714e+01 5.540102e+01 -5.900000e+00
    endloop
  endfacet
  facet normal 4.771858e-17 -4.520144e-17 1.000000e+00
    outer loop
      vertex   -2.316714e+01 5.540102e+01 -5.900000e+00
      vertex   -2.786326e+00 3.761811e+01 -5.900000e+00
      vertex   -2.265852e+00 3.816757e+01 -5.900000e+00
    endloop
  endfacet
  facet normal 9.063907e-17 6.853906e-18 1.000000e+00
    outer loop
      vertex   -2.316714e+01 5.540102e+01 -5.900000e+00
      vertex   -2.265852e+00 3.816757e+01 -5.900000e+00
      vertex   -2.341558e+01 5.868656e+01 -5.900000e+00
    endloop
  endfacet
  facet normal 3.455074e-17 -5.095853e-17 1.000000e+00
    outer loop
      vertex   -2.341558e+01 5.868656e+01 -5.900000e+00
      vertex   -2.265852e+00 3.816757e+01 -5.900000e+00
      vertex   -1.639430e+00 3.859229e+01 -5.900000e+00
    endloop
  endfacet
  facet normal -9.229925e-17 1.330875e-17 1.000000e+00
    outer loop
      vertex   2.388582e+01 6.194776e+01 -5.900000e+00
      vertex   1.295484e+00 3.875142e+01 -5.900000e+00
      vertex   2.341558e+01 5.868656e+01 -5.900000e+00
    endloop
  endfacet
  facet normal -2.974387e-17 -5.610290e-17 1.000000e+00
    outer loop
      vertex   2.341558e+01 5.868656e+01 -5.900000e+00
      vertex   1.295484e+00 3.875142e+01 -5.900000e+00
      vertex   1.964155e+00 3.839691e+01 -5.900000e+00
    endloop
  endfacet
  facet normal -3.918009e-17 -4.612637e-17 1.000000e+00
    outer loop
      vertex   2.341558e+01 5.868656e+01 -5.900000e+00
      vertex   1.964155e+00 3.839691e+01 -5.900000e+00
      vertex   2.540984e+00 3.790695e+01 -5.900000e+00
    endloop
  endfacet
  facet normal 1.989808e-16 -2.853759e-16 1.000000e+00
    outer loop
      vertex   2.341558e+01 5.868656e+01 -5.900000e+00
      vertex   2.540984e+00 3.790695e+01 -5.900000e+00
      vertex   2.316714e+01 5.540102e+01 -5.900000e+00
    endloop
  endfacet
  facet normal -2.618080e-17 -1.990212e-17 1.000000e+00
    outer loop
      vertex   2.316714e+01 5.540102e+01 -5.900000e+00
      vertex   2.540984e+00 3.790695e+01 -5.900000e+00
      vertex   2.999000e+00 3.730444e+01 -5.900000e+00
    endloop
  endfacet
  facet normal -4.434683e-17 3.434113e-19 1.000000e+00
    outer loop
      vertex   2.316714e+01 5.540102e+01 -5.900000e+00
      vertex   2.999000e+00 3.730444e+01 -5.900000e+00
      vertex   2.314163e+01 5.210620e+01 -5.900000e+00
    endloop
  endfacet
  facet normal -3.290689e-17 -1.522435e-17 1.000000e+00
    outer loop
      vertex   2.314163e+01 5.210620e+01 -5.900000e+00
      vertex   2.999000e+00 3.730444e+01 -5.900000e+00
      vertex   3.316786e+00 3.661756e+01 -5.900000e+00
    endloop
  endfacet
  facet normal -2.443171e-16 2.553722e-16 1.000000e+00
    outer loop
      vertex   2.314163e+01 5.210620e+01 -5.900000e+00
      vertex   3.316786e+00 3.661756e+01 -5.900000e+00
      vertex   2.333916e+01 4.881721e+01 -5.900000e+00
    endloop
  endfacet
  facet normal -7.822701e-17 -1.721907e-17 1.000000e+00
    outer loop
      vertex   2.333916e+01 4.881721e+01 -5.900000e+00
      vertex   3.316786e+00 3.661756e+01 -5.900000e+00
      vertex   3.479483e+00 3.587842e+01 -5.900000e+00
    endloop
  endfacet
  facet normal -6.188083e-18 -1.277912e-16 1.000000e+00
    outer loop
      vertex   2.333916e+01 4.881721e+01 -5.900000e+00
      vertex   3.479483e+00 3.587842e+01 -5.900000e+00
      vertex   2.399003e+01 4.183546e+01 -5.900000e+00
    endloop
  endfacet
  facet normal -4.218346e-17 -3.856357e-18 1.000000e+00
    outer loop
      vertex   2.399003e+01 4.183546e+01 -5.900000e+00
      vertex   3.479483e+00 3.587842e+01 -5.900000e+00
      vertex   2.462840e+01 3.485255e+01 -5.900000e+00
    endloop
  endfacet
  facet normal -4.199640e-17 0.000000e+00 1.000000e+00
    outer loop
      vertex   2.462840e+01 3.485255e+01 -5.900000e+00
      vertex   3.479483e+00 3.587842e+01 -5.900000e+00
      vertex   3.479483e+00 3.512158e+01 -5.900000e+00
    endloop
  endfacet
  facet normal -4.366390e-17 -1.310855e-16 1.000000e+00
    outer loop
      vertex   2.462840e+01 3.485255e+01 -5.900000e+00
      vertex   3.479483e+00 3.512158e+01 -5.900000e+00
      vertex   2.525426e+01 2.786852e+01 -5.900000e+00
    endloop
  endfacet
  facet normal 0.000000e+00 0.000000e+00 1.000000e+00
    outer loop
      vertex   2.525426e+01 2.786852e+01 -5.900000e+00
      vertex   3.479483e+00 3.512158e+01 -5.900000e+00
      vertex   3.316786e+00 3.438244e+01 -5.900000e+00
    endloop
  endfacet
  facet normal 7.694541e-17 2.591353e-16 1.000000e+00
    outer loop
      vertex   2.525426e+01 2.786852e+01 -5.900000e+00
      vertex   3.316786e+00 3.438244e+01 -5.900000e+00
      vertex   2.566787e+01 2.431824e+01 -5.900000e+00
    endloop
  endfacet
  facet normal -3.288663e-17 1.521498e-17 1.000000e+00
    outer loop
      vertex   2.566787e+01 2.431824e+01 -5.900000e+00
      vertex   3.316786e+00 3.438244e+01 -5.900000e+00
      vertex   2.999000e+00 3.369556e+01 -5.900000e+00
    endloop
  endfacet
  facet normal -1.545304e-16 -2.788482e-16 1.000000e+00
    outer loop
      vertex   2.566787e+01 2.431824e+01 -5.900000e+00
      vertex   2.999000e+00 3.369556e+01 -5.900000e+00
      vertex   2.627600e+01 2.079606e+01 -5.900000e+00
    endloop
  endfacet
  facet normal 0.000000e+00 0.000000e+00 1.000000e+00
    outer loop
      vertex   2.627600e+01 2.079606e+01 -5.900000e+00
      vertex   2.999000e+00 3.369556e+01 -5.900000e+00
      vertex   2.540984e+00 3.309305e+01 -5.900000e+00
    endloop
  endfacet
  facet normal 0.000000e+00 0.000000e+00 1.000000e+00
    outer loop
      vertex   2.627600e+01 2.079606e+01 -5.900000e+00
      vertex   2.540984e+00 3.309305e+01 -5.900000e+00
      vertex   2.707682e+01 1.731263e+01 -5.900000e+00
    endloop
  endfacet
  facet normal 0.000000e+00 0.000000e+00 1.000000e+00
    outer loop
      vertex   2.707682e+01 1.731263e+01 -5.900000e+00
      vertex   2.540984e+00 3.309305e+01 -5.900000e+00
      vertex   1.964155e+00 3.260309e+01 -5.900000e+00
    endloop
  endfacet
  facet normal 0.000000e+00 0.000000e+00 1.000000e+00
    outer loop
      vertex   2.707682e+01 1.731263e+01 -5.900000e+00
      vertex   1.964155e+00 3.260309e+01 -5.900000e+00
      vertex   2.806791e+01 1.387849e+01 -5.900000e+00
    endloop
  endfacet
  facet normal 0.000000e+00 0.000000e+00 1.000000e+00
    outer loop
      vertex   2.806791e+01 1.387849e+01 -5.900000e+00
      vertex   1.964155e+00 3.260309e+01 -5.900000e+00
      vertex   1.295484e+00 3.224858e+01 -5.900000e+00
    endloop
  endfacet
  facet normal 0.000000e+00 0.000000e+00 1.000000e+00
    outer loop
      vertex   2.806791e+01 1.387849e+01 -5.900000e+00
      vertex   1.295484e+00 3.224858e+01 -5.900000e+00
      vertex   -1.775028e+01 -1.400008e+01 -5.900000e+00
    endloop
  endfacet
  facet normal 0.000000e+00 -0.000000e+00 1.000000e+00
    outer loop
      vertex   -1.775028e+01 -1.400008e+01 -5.900000e+00
      vertex   1.295484e+00 3.224858e+01 -5.900000e+00
      vertex   -1.779120e+01 -1.362388e+01 -5.900000e+00
    endloop
  endfacet
  facet normal 0.000000e+00 0.000000e+00 1.000000e+00
    outer loop
      vertex   -1.779120e+01 -1.362388e+01 -5.900000e+00
      vertex   1.295484e+00 3.224858e+01 -5.900000e+00
      vertex   5.662370e-01 3.204611e+01 -5.900000e+00
    endloop
  endfacet
  facet normal 0.000000e+00 0.000000e+00 1.000000e+00
    outer loop
      vertex   -1.779120e+01 -1.362388e+01 -5.900000e+00
      vertex   5.662370e-01 3.204611e+01 -5.900000e+00
      vertex   -1.894862e-01 3.200513e+01 -5.900000e+00
    endloop
  endfacet
  facet normal 1.928599e-17 -2.097478e-18 1.000000e+00
    outer loop
      vertex   -1.779120e+01 -1.437628e+01 -5.900000e+00
      vertex   3.060834e+01 7.199427e+00 -5.900000e+00
      vertex   -1.775028e+01 -1.400008e+01 -5.900000e+00
    endloop
  endfacet
  facet normal 1.153483e-16 -2.212272e-16 1.000000e+00
    outer loop
      vertex   -1.775028e+01 -1.400008e+01 -5.900000e+00
      vertex   3.060834e+01 7.199427e+00 -5.900000e+00
      vertex   2.924627e+01 1.050402e+01 -5.900000e+00
    endloop
  endfacet
  facet normal 0.000000e+00 0.000000e+00 1.000000e+00
    outer loop
      vertex   -1.775028e+01 -1.400008e+01 -5.900000e+00
      vertex   2.924627e+01 1.050402e+01 -5.900000e+00
      vertex   2.806791e+01 1.387849e+01 -5.900000e+00
    endloop
  endfacet
  facet normal -7.598437e-17 2.560211e-17 1.000000e+00
    outer loop
      vertex   -1.791203e+01 -1.473489e+01 -5.900000e+00
      vertex   4.020301e+01 -1.571364e+01 -5.900000e+00
      vertex   -1.779120e+01 -1.437628e+01 -5.900000e+00
    endloop
  endfacet
  facet normal -7.717315e-17 -2.594916e-17 1.000000e+00
    outer loop
      vertex   -1.779120e+01 -1.437628e+01 -5.900000e+00
      vertex   4.020301e+01 -1.571364e+01 -5.900000e+00
      vertex   3.850621e+01 -1.066733e+01 -5.900000e+00
    endloop
  endfacet
  facet normal -6.545055e-17 -2.038843e-16 1.000000e+00
    outer loop
      vertex   -1.779120e+01 -1.437628e+01 -5.900000e+00
      vertex   3.850621e+01 -1.066733e+01 -5.900000e+00
      vertex   3.659607e+01 -5.697859e+00 -5.900000e+00
    endloop
  endfacet
  facet normal -0.000000e+00 0.000000e+00 1.000000e+00
    outer loop
      vertex   -1.810712e+01 -1.505914e+01 -5.900000e+00
      vertex   4.294466e+01 -2.600000e+01 -5.900000e+00
      vertex   -1.791203e+01 -1.473489e+01 -5.900000e+00
    endloop
  endfacet
  facet normal -1.331547e-16 -7.193320e-16 1.000000e+00
    outer loop
      vertex   -1.791203e+01 -1.473489e+01 -5.900000e+00
      vertex   4.294466e+01 -2.600000e+01 -5.900000e+00
      vertex   4.168339e+01 -2.082762e+01 -5.900000e+00
    endloop
  endfacet
  facet normal -7.972924e-17 -1.967563e-16 1.000000e+00
    outer loop
      vertex   -1.791203e+01 -1.473489e+01 -5.900000e+00
      vertex   4.168339e+01 -2.082762e+01 -5.900000e+00
      vertex   4.020301e+01 -1.571364e+01 -5.900000e+00
    endloop
  endfacet
  facet normal 0.000000e+00 0.000000e+00 1.000000e+00
    outer loop
      vertex   -1.810712e+01 -1.505914e+01 -5.900000e+00
      vertex   -1.836736e+01 -1.533387e+01 -5.900000e+00
      vertex   4.294466e+01 -2.600000e+01 -5.900000e+00
    endloop
  endfacet
  facet normal 0.000000e+00 0.000000e+00 1.000000e+00
    outer loop
      vertex   4.294466e+01 -2.600000e+01 -5.900000e+00
      vertex   -1.836736e+01 -1.533387e+01 -5.900000e+00
      vertex   -1.868057e+01 -1.554623e+01 -5.900000e+00
    endloop
  endfacet
  facet normal 0.000000e+00 0.000000e+00 1.000000e+00
    outer loop
      vertex   4.294466e+01 -2.600000e+01 -5.900000e+00
      vertex   -1.868057e+01 -1.554623e+01 -5.900000e+00
      vertex   -1.903211e+01 -1.568630e+01 -5.900000e+00
    endloop
  endfacet
  facet normal 0.000000e+00 0.000000e+00 1.000000e+00
    outer loop
      vertex   4.294466e+01 -2.600000e+01 -5.900000e+00
      vertex   -1.903211e+01 -1.568630e+01 -5.900000e+00
      vertex   -4.294466e+01 -2.600000e+01 -5.900000e+00
    endloop
  endfacet
  facet normal 0.000000e+00 0.000000e+00 1.000000e+00
    outer loop
      vertex   -4.294466e+01 -2.600000e+01 -5.900000e+00
      vertex   -1.903211e+01 -1.568630e+01 -5.900000e+00
      vertex   -1.940554e+01 -1.574752e+01 -5.900000e+00
    endloop
  endfacet
  facet normal 3.347127e-16 -7.684815e-16 1.000000e+00
    outer loop
      vertex   -4.294466e+01 -2.600000e+01 -5.900000e+00
      vertex   -1.940554e+01 -1.574752e+01 -5.900000e+00
      vertex   -4.168339e+01 -2.082762e+01 -5.900000e+00
    endloop
  endfacet
  facet normal 3.063349e-17 5.650015e-16 1.000000e+00
    outer loop
      vertex   -4.168339e+01 -2.082762e+01 -5.900000e+00
      vertex   -1.940554e+01 -1.574752e+01 -5.900000e+00
      vertex   -1.978340e+01 -1.572703e+01 -5.900000e+00
    endloop
  endfacet
  facet normal 8.822092e-17 3.177430e-16 1.000000e+00
    outer loop
      vertex   -4.168339e+01 -2.082762e+01 -5.900000e+00
      vertex   -1.978340e+01 -1.572703e+01 -5.900000e+00
      vertex   -2.014803e+01 -1.562579e+01 -5.900000e+00
    endloop
  endfacet
  facet normal 1.133349e-16 2.137722e-16 1.000000e+00
    outer loop
      vertex   -2.014803e+01 -1.562579e+01 -5.900000e+00
      vertex   -2.048236e+01 -1.544854e+01 -5.900000e+00
      vertex   -4.168339e+01 -2.082762e+01 -5.900000e+00
    endloop
  endfacet
  facet normal 1.290311e-16 1.519072e-16 1.000000e+00
    outer loop
      vertex   -4.168339e+01 -2.082762e+01 -5.900000e+00
      vertex   -2.048236e+01 -1.544854e+01 -5.900000e+00
      vertex   -2.077078e+01 -1.520356e+01 -5.900000e+00
    endloop
  endfacet
  facet normal 1.410484e-16 1.072222e-16 1.000000e+00
    outer loop
      vertex   -4.168339e+01 -2.082762e+01 -5.900000e+00
      vertex   -2.077078e+01 -1.520356e+01 -5.900000e+00
      vertex   -2.099979e+01 -1.490230e+01 -5.900000e+00
    endloop
  endfacet
  facet normal 1.516637e-16 7.016709e-17 1.000000e+00
    outer loop
      vertex   -2.099979e+01 -1.490230e+01 -5.900000e+00
      vertex   -2.115868e+01 -1.455886e+01 -5.900000e+00
      vertex   -4.168339e+01 -2.082762e+01 -5.900000e+00
    endloop
  endfacet
  facet normal 2.480726e-16 -2.454878e-16 1.000000e+00
    outer loop
      vertex   -4.168339e+01 -2.082762e+01 -5.900000e+00
      vertex   -2.115868e+01 -1.455886e+01 -5.900000e+00
      vertex   -4.020301e+01 -1.571364e+01 -5.900000e+00
    endloop
  endfacet
  facet normal 2.380405e-16 -8.004013e-17 1.000000e+00
    outer loop
      vertex   -4.020301e+01 -1.571364e+01 -5.900000e+00
      vertex   -2.115868e+01 -1.455886e+01 -5.900000e+00
      vertex   -3.850621e+01 -1.066733e+01 -5.900000e+00
    endloop
  endfacet
  facet normal 2.692928e-16 5.927584e-17 1.000000e+00
    outer loop
      vertex   -3.850621e+01 -1.066733e+01 -5.900000e+00
      vertex   -2.115868e+01 -1.455886e+01 -5.900000e+00
      vertex   -2.124003e+01 -1.418929e+01 -5.900000e+00
    endloop
  endfacet
  facet normal 2.046959e-16 -2.574068e-16 1.000000e+00
    outer loop
      vertex   -3.850621e+01 -1.066733e+01 -5.900000e+00
      vertex   -2.124003e+01 -1.418929e+01 -5.900000e+00
      vertex   -3.659607e+01 -5.697859e+00 -5.900000e+00
    endloop
  endfacet
  facet normal 3.470342e-16 0.000000e+00 1.000000e+00
    outer loop
      vertex   -3.659607e+01 -5.697859e+00 -5.900000e+00
      vertex   -2.124003e+01 -1.418929e+01 -5.900000e+00
      vertex   -2.124003e+01 -1.381087e+01 -5.900000e+00
    endloop
  endfacet
  facet normal 2.822906e-16 -1.225444e-16 1.000000e+00
    outer loop
      vertex   -3.659607e+01 -5.697859e+00 -5.900000e+00
      vertex   -2.124003e+01 -1.381087e+01 -5.900000e+00
      vertex   -3.447605e+01 -8.142280e-01 -5.900000e+00
    endloop
  endfacet
  facet normal 3.310640e-16 -7.287269e-17 1.000000e+00
    outer loop
      vertex   -3.447605e+01 -8.142280e-01 -5.900000e+00
      vertex   -2.124003e+01 -1.381087e+01 -5.900000e+00
      vertex   -2.115868e+01 -1.344130e+01 -5.900000e+00
    endloop
  endfacet
  facet normal 1.598403e-15 1.263749e-15 1.000000e+00
    outer loop
      vertex   -3.447605e+01 -8.142280e-01 -5.900000e+00
      vertex   -2.115868e+01 -1.344130e+01 -5.900000e+00
      vertex   -3.215000e+01 3.974699e+00 -5.900000e+00
    endloop
  endfacet
  facet normal -2.331321e-16 1.078584e-16 1.000000e+00
    outer loop
      vertex   -3.215000e+01 3.974699e+00 -5.900000e+00
      vertex   -2.115868e+01 -1.344130e+01 -5.900000e+00
      vertex   -2.099979e+01 -1.309786e+01 -5.900000e+00
    endloop
  endfacet
  facet normal -1.840522e-16 1.399129e-16 1.000000e+00
    outer loop
      vertex   -3.215000e+01 3.974699e+00 -5.900000e+00
      vertex   -2.099979e+01 -1.309786e+01 -5.900000e+00
      vertex   -2.077078e+01 -1.279661e+01 -5.900000e+00
    endloop
  endfacet
  facet normal -1.181514e-15 -5.368588e-16 1.000000e+00
    outer loop
      vertex   -3.215000e+01 3.974699e+00 -5.900000e+00
      vertex   -2.077078e+01 -1.279661e+01 -5.900000e+00
      vertex   -3.060834e+01 7.199427e+00 -5.900000e+00
    endloop
  endfacet
  facet normal -2.660913e-17 3.132669e-17 1.000000e+00
    outer loop
      vertex   -3.060834e+01 7.199427e+00 -5.900000e+00
      vertex   -2.077078e+01 -1.279661e+01 -5.900000e+00
      vertex   -2.048236e+01 -1.255162e+01 -5.900000e+00
    endloop
  endfacet
  facet normal -4.862242e-17 2.004090e-17 1.000000e+00
    outer loop
      vertex   -3.060834e+01 7.199427e+00 -5.900000e+00
      vertex   -2.048236e+01 -1.255162e+01 -5.900000e+00
      vertex   -2.924627e+01 1.050402e+01 -5.900000e+00
    endloop
  endfacet
  facet normal -1.699815e-17 3.206192e-17 1.000000e+00
    outer loop
      vertex   -2.924627e+01 1.050402e+01 -5.900000e+00
      vertex   -2.048236e+01 -1.255162e+01 -5.900000e+00
      vertex   -2.014803e+01 -1.237437e+01 -5.900000e+00
    endloop
  endfacet
  facet normal -9.706999e-18 3.496145e-17 1.000000e+00
    outer loop
      vertex   -2.924627e+01 1.050402e+01 -5.900000e+00
      vertex   -2.014803e+01 -1.237437e+01 -5.900000e+00
      vertex   -1.978340e+01 -1.227313e+01 -5.900000e+00
    endloop
  endfacet
  facet normal -3.952113e-16 -1.251980e-16 1.000000e+00
    outer loop
      vertex   -2.924627e+01 1.050402e+01 -5.900000e+00
      vertex   -1.978340e+01 -1.227313e+01 -5.900000e+00
      vertex   -2.806791e+01 1.387849e+01 -5.900000e+00
    endloop
  endfacet
  facet normal 0.000000e+00 0.000000e+00 1.000000e+00
    outer loop
      vertex   -2.806791e+01 1.387849e+01 -5.900000e+00
      vertex   -1.978340e+01 -1.227313e+01 -5.900000e+00
      vertex   -1.940554e+01 -1.225265e+01 -5.900000e+00
    endloop
  endfacet
  facet normal 0.000000e+00 0.000000e+00 1.000000e+00
    outer loop
      vertex   -2.806791e+01 1.387849e+01 -5.900000e+00
      vertex   -1.940554e+01 -1.225265e+01 -5.900000e+00
      vertex   -1.903211e+01 -1.231387e+01 -5.900000e+00
    endloop
  endfacet
  facet normal -0.000000e+00 0.000000e+00 1.000000e+00
    outer loop
      vertex   -2.806791e+01 1.387849e+01 -5.900000e+00
      vertex   -1.903211e+01 -1.231387e+01 -5.900000e+00
      vertex   -2.707682e+01 1.731263e+01 -5.900000e+00
    endloop
  endfacet
  facet normal 0.000000e+00 0.000000e+00 1.000000e+00
    outer loop
      vertex   -2.707682e+01 1.731263e+01 -5.900000e+00
      vertex   -1.903211e+01 -1.231387e+01 -5.900000e+00
      vertex   -1.868057e+01 -1.245393e+01 -5.900000e+00
    endloop
  endfacet
  facet normal -4.980273e-16 -1.404786e-16 1.000000e+00
    outer loop
      vertex   -2.707682e+01 1.731263e+01 -5.900000e+00
      vertex   -1.868057e+01 -1.245393e+01 -5.900000e+00
      vertex   -2.627600e+01 2.079606e+01 -5.900000e+00
    endloop
  endfacet
  facet normal -2.143048e-17 -3.160759e-17 1.000000e+00
    outer loop
      vertex   -2.627600e+01 2.079606e+01 -5.900000e+00
      vertex   -1.868057e+01 -1.245393e+01 -5.900000e+00
      vertex   -1.836736e+01 -1.266630e+01 -5.900000e+00
    endloop
  endfacet
  facet normal 4.126212e-17 -1.679054e-17 1.000000e+00
    outer loop
      vertex   -2.627600e+01 2.079606e+01 -5.900000e+00
      vertex   -1.836736e+01 -1.266630e+01 -5.900000e+00
      vertex   -1.894862e-01 3.200513e+01 -5.900000e+00
    endloop
  endfacet
  facet normal 0.000000e+00 0.000000e+00 1.000000e+00
    outer loop
      vertex   -1.894862e-01 3.200513e+01 -5.900000e+00
      vertex   -1.836736e+01 -1.266630e+01 -5.900000e+00
      vertex   -1.810712e+01 -1.294102e+01 -5.900000e+00
    endloop
  endfacet
  facet normal 0.000000e+00 0.000000e+00 1.000000e+00
    outer loop
      vertex   -1.894862e-01 3.200513e+01 -5.900000e+00
      vertex   -1.810712e+01 -1.294102e+01 -5.900000e+00
      vertex   -1.791203e+01 -1.326527e+01 -5.900000e+00
    endloop
  endfacet
  facet normal -0.000000e+00 0.000000e+00 1.000000e+00
    outer loop
      vertex   -1.791203e+01 -1.326527e+01 -5.900000e+00
      vertex   -1.779120e+01 -1.362388e+01 -5.900000e+00
      vertex   -1.894862e-01 3.200513e+01 -5.900000e+00
    endloop
  endfacet
  facet normal -9.163622e-17 -3.977993e-17 1.000000e+00
    outer loop
      vertex   3.659607e+01 -5.697859e+00 -5.900000e+00
      vertex   3.447605e+01 -8.142280e-01 -5.900000e+00
      vertex   -1.779120e+01 -1.437628e+01 -5.900000e+00
    endloop
  endfacet
  facet normal -5.606573e-16 1.767796e-15 1.000000e+00
    outer loop
      vertex   -1.779120e+01 -1.437628e+01 -5.900000e+00
      vertex   3.447605e+01 -8.142280e-01 -5.900000e+00
      vertex   3.215000e+01 3.974699e+00 -5.900000e+00
    endloop
  endfacet
  facet normal 4.199716e-16 -9.009323e-16 1.000000e+00
    outer loop
      vertex   -1.779120e+01 -1.437628e+01 -5.900000e+00
      vertex   3.215000e+01 3.974699e+00 -5.900000e+00
      vertex   3.060834e+01 7.199427e+00 -5.900000e+00
    endloop
  endfacet
  facet normal -1.523591e-15 8.078624e-17 1.000000e+00
    outer loop
      vertex   2.660069e+01 7.143667e+01 -5.900000e+00
      vertex   2.792653e+01 7.445307e+01 -5.900000e+00
      vertex   2.674663e+01 9.617735e+01 -5.900000e+00
    endloop
  endfacet
  facet normal -2.832857e-16 1.481505e-16 1.000000e+00
    outer loop
      vertex   2.674663e+01 9.617735e+01 -5.900000e+00
      vertex   2.792653e+01 7.445307e+01 -5.900000e+00
      vertex   2.945348e+01 7.737282e+01 -5.900000e+00
    endloop
  endfacet
  facet normal -2.497460e-16 1.529784e-16 1.000000e+00
    outer loop
      vertex   2.674663e+01 9.617735e+01 -5.900000e+00
      vertex   2.945348e+01 7.737282e+01 -5.900000e+00
      vertex   3.117453e+01 8.018253e+01 -5.900000e+00
    endloop
  endfacet
  facet normal 6.521188e-17 -3.240411e-17 1.000000e+00
    outer loop
      vertex   3.754436e+01 8.878126e+01 -5.900000e+00
      vertex   3.846151e+01 9.062699e+01 -5.900000e+00
      vertex   2.822260e+01 9.743105e+01 -5.900000e+00
    endloop
  endfacet
  facet normal 3.119475e-14 -1.824792e-14 1.000000e+00
    outer loop
      vertex   1.294236e+01 1.124147e+02 -5.900000e+00
      vertex   1.729940e+01 1.199117e+02 -5.900000e+00
      vertex   1.300000e+01 1.130000e+02 -5.900000e+00
    endloop
  endfacet
  facet normal 3.438682e-15 -9.824805e-16 1.000000e+00
    outer loop
      vertex   1.300000e+01 1.130000e+02 -5.900000e+00
      vertex   1.729940e+01 1.199117e+02 -5.900000e+00
      vertex   1.500000e+01 1.200000e+02 -5.900000e+00
    endloop
  endfacet
  facet normal 0.000000e+00 -0.000000e+00 1.000000e+00
    outer loop
      vertex   1.300000e+01 1.130000e+02 -5.900000e+00
      vertex   1.500000e+01 1.200000e+02 -5.900000e+00
      vertex   1.300000e+01 1.200000e+02 -5.900000e+00
    endloop
  endfacet
  facet normal 0.000000e+00 0.000000e+00 1.000000e+00
    outer loop
      vertex   -1.277164e+01 1.118519e+02 -5.900000e+00
      vertex   -1.294236e+01 1.124147e+02 -5.900000e+00
      vertex   -2.588788e+01 9.844683e+01 -5.900000e+00
    endloop
  endfacet
  facet normal 9.951845e-01 -9.801711e-02 -7.265921e-04
    outer loop
      vertex   1.294236e+01 1.124147e+02 3.300000e+01
      vertex   1.292478e+01 1.123324e+02 2.003333e+01
      vertex   1.300000e+01 1.130000e+02 3.300000e+01
    endloop
  endfacet
  facet normal 9.937122e-01 -1.119645e-01 0.000000e+00
    outer loop
      vertex   1.300000e+01 1.130000e+02 3.300000e+01
      vertex   1.292478e+01 1.123324e+02 2.003333e+01
      vertex   1.292478e+01 1.123324e+02 7.066667e+00
    endloop
  endfacet
  facet normal 9.913200e-01 -1.314703e-01 5.090473e-04
    outer loop
      vertex   1.300000e+01 1.130000e+02 3.300000e+01
      vertex   1.292478e+01 1.123324e+02 7.066667e+00
      vertex   1.294236e+01 1.124147e+02 -5.900000e+00
    endloop
  endfacet
  facet normal 9.569402e-01 -2.902846e-01 -5.454449e-04
    outer loop
      vertex   1.294236e+01 1.124147e+02 -5.900000e+00
      vertex   1.292478e+01 1.123324e+02 7.066667e+00
      vertex   1.277164e+01 1.118519e+02 -5.900000e+00
    endloop
  endfacet
  facet normal 9.438828e-01 -3.302789e-01 1.090782e-03
    outer loop
      vertex   1.277164e+01 1.118519e+02 -5.900000e+00
      vertex   1.292478e+01 1.123324e+02 7.066667e+00
      vertex   1.270291e+01 1.116983e+02 7.066667e+00
    endloop
  endfacet
  facet normal 8.819209e-01 -4.713965e-01 -9.093132e-04
    outer loop
      vertex   1.277164e+01 1.118519e+02 -5.900000e+00
      vertex   1.270291e+01 1.116983e+02 7.066667e+00
      vertex   1.249441e+01 1.113333e+02 -5.900000e+00
    endloop
  endfacet
  facet normal 8.467234e-01 -5.320316e-01 1.363745e-03
    outer loop
      vertex   1.249441e+01 1.113333e+02 -5.900000e+00
      vertex   1.270291e+01 1.116983e+02 7.066667e+00
      vertex   1.234549e+01 1.111295e+02 7.066667e+00
    endloop
  endfacet
  facet normal 7.730100e-01 -6.343929e-01 -1.091319e-03
    outer loop
      vertex   1.249441e+01 1.113333e+02 -5.900000e+00
      vertex   1.234549e+01 1.111295e+02 7.066667e+00
      vertex   1.212132e+01 1.108787e+02 -5.900000e+00
    endloop
  endfacet
  facet normal 7.071060e-01 -7.071060e-01 1.454757e-03
    outer loop
      vertex   1.212132e+01 1.108787e+02 -5.900000e+00
      vertex   1.234549e+01 1.111295e+02 7.066667e+00
      vertex   1.187047e+01 1.106545e+02 7.066667e+00
    endloop
  endfacet
  facet normal 6.343929e-01 -7.730100e-01 -1.091319e-03
    outer loop
      vertex   1.212132e+01 1.108787e+02 -5.900000e+00
      vertex   1.187047e+01 1.106545e+02 7.066667e+00
      vertex   1.166671e+01 1.105056e+02 -5.900000e+00
    endloop
  endfacet
  facet normal 5.320316e-01 -8.467234e-01 1.363745e-03
    outer loop
      vertex   1.166671e+01 1.105056e+02 -5.900000e+00
      vertex   1.187047e+01 1.106545e+02 7.066667e+00
      vertex   1.130165e+01 1.102971e+02 7.066667e+00
    endloop
  endfacet
  facet normal 4.713965e-01 -8.819209e-01 -9.093132e-04
    outer loop
      vertex   1.166671e+01 1.105056e+02 -5.900000e+00
      vertex   1.130165e+01 1.102971e+02 7.066667e+00
      vertex   1.114805e+01 1.102284e+02 -5.900000e+00
    endloop
  endfacet
  facet normal 3.302789e-01 -9.438828e-01 1.090782e-03
    outer loop
      vertex   1.114805e+01 1.102284e+02 -5.900000e+00
      vertex   1.130165e+01 1.102971e+02 7.066667e+00
      vertex   1.066756e+01 1.100752e+02 7.066667e+00
    endloop
  endfacet
  facet normal 2.902846e-01 -9.569402e-01 -5.454449e-04
    outer loop
      vertex   1.114805e+01 1.102284e+02 -5.900000e+00
      vertex   1.066756e+01 1.100752e+02 7.066667e+00
      vertex   1.058527e+01 1.100576e+02 -5.900000e+00
    endloop
  endfacet
  facet normal 9.801711e-02 -9.951845e-01 7.265921e-04
    outer loop
      vertex   1.058527e+01 1.100576e+02 -5.900000e+00
      vertex   1.066756e+01 1.100752e+02 7.066667e+00
      vertex   1.000000e+01 1.100000e+02 -5.900000e+00
    endloop
  endfacet
  facet normal 1.119645e-01 -9.937122e-01 0.000000e+00
    outer loop
      vertex   1.000000e+01 1.100000e+02 -5.900000e+00
      vertex   1.066756e+01 1.100752e+02 7.066667e+00
      vertex   1.066756e+01 1.100752e+02 2.003333e+01
    endloop
  endfacet
  facet normal 1.314703e-01 -9.913200e-01 -5.090473e-04
    outer loop
      vertex   1.000000e+01 1.100000e+02 -5.900000e+00
      vertex   1.066756e+01 1.100752e+02 2.003333e+01
      vertex   1.058527e+01 1.100576e+02 3.300000e+01
    endloop
  endfacet
  facet normal 2.902846e-01 -9.569402e-01 5.454449e-04
    outer loop
      vertex   1.058527e+01 1.100576e+02 3.300000e+01
      vertex   1.066756e+01 1.100752e+02 2.003333e+01
      vertex   1.114805e+01 1.102284e+02 3.300000e+01
    endloop
  endfacet
  facet normal 3.302789e-01 -9.438828e-01 -1.090782e-03
    outer loop
      vertex   1.114805e+01 1.102284e+02 3.300000e+01
      vertex   1.066756e+01 1.100752e+02 2.003333e+01
      vertex   1.130165e+01 1.102971e+02 2.003333e+01
    endloop
  endfacet
  facet normal 4.713965e-01 -8.819209e-01 9.093132e-04
    outer loop
      vertex   1.114805e+01 1.102284e+02 3.300000e+01
      vertex   1.130165e+01 1.102971e+02 2.003333e+01
      vertex   1.166671e+01 1.105056e+02 3.300000e+01
    endloop
  endfacet
  facet normal 5.320316e-01 -8.467234e-01 -1.363745e-03
    outer loop
      vertex   1.166671e+01 1.105056e+02 3.300000e+01
      vertex   1.130165e+01 1.102971e+02 2.003333e+01
      vertex   1.187047e+01 1.106545e+02 2.003333e+01
    endloop
  endfacet
  facet normal 6.343929e-01 -7.730100e-01 1.091319e-03
    outer loop
      vertex   1.166671e+01 1.105056e+02 3.300000e+01
      vertex   1.187047e+01 1.106545e+02 2.003333e+01
      vertex   1.212132e+01 1.108787e+02 3.300000e+01
    endloop
  endfacet
  facet normal 7.071060e-01 -7.071060e-01 -1.454757e-03
    outer loop
      vertex   1.212132e+01 1.108787e+02 3.300000e+01
      vertex   1.187047e+01 1.106545e+02 2.003333e+01
      vertex   1.234549e+01 1.111295e+02 2.003333e+01
    endloop
  endfacet
  facet normal 7.730100e-01 -6.343929e-01 1.091319e-03
    outer loop
      vertex   1.212132e+01 1.108787e+02 3.300000e+01
      vertex   1.234549e+01 1.111295e+02 2.003333e+01
      vertex   1.249441e+01 1.113333e+02 3.300000e+01
    endloop
  endfacet
  facet normal 8.467234e-01 -5.320316e-01 -1.363745e-03
    outer loop
      vertex   1.249441e+01 1.113333e+02 3.300000e+01
      vertex   1.234549e+01 1.111295e+02 2.003333e+01
      vertex   1.270291e+01 1.116983e+02 2.003333e+01
    endloop
  endfacet
  facet normal 8.819209e-01 -4.713965e-01 9.093132e-04
    outer loop
      vertex   1.249441e+01 1.113333e+02 3.300000e+01
      vertex   1.270291e+01 1.116983e+02 2.003333e+01
      vertex   1.277164e+01 1.118519e+02 3.300000e+01
    endloop
  endfacet
  facet normal 9.438828e-01 -3.302789e-01 -1.090782e-03
    outer loop
      vertex   1.277164e+01 1.118519e+02 3.300000e+01
      vertex   1.270291e+01 1.116983e+02 2.003333e+01
      vertex   1.292478e+01 1.123324e+02 2.003333e+01
    endloop
  endfacet
  facet normal 9.569402e-01 -2.902846e-01 5.454449e-04
    outer loop
      vertex   1.277164e+01 1.118519e+02 3.300000e+01
      vertex   1.292478e+01 1.123324e+02 2.003333e+01
      vertex   1.294236e+01 1.124147e+02 3.300000e+01
    endloop
  endfacet
  facet normal 9.801714e-02 -9.951847e-01 3.636692e-16
    outer loop
      vertex   1.058527e+01 1.100576e+02 3.300000e+01
      vertex   1.000000e+01 1.100000e+02 3.300000e+01
      vertex   1.000000e+01 1.100000e+02 -5.900000e+00
    endloop
  endfacet
  facet normal 9.951847e-01 -9.801714e-02 1.364897e-16
    outer loop
      vertex   1.294236e+01 1.124147e+02 -5.900000e+00
      vertex   1.300000e+01 1.130000e+02 -5.900000e+00
      vertex   1.300000e+01 1.130000e+02 3.300000e+01
    endloop
  endfacet
  facet normal 9.438833e-01 -3.302791e-01 0.000000e+00
    outer loop
      vertex   1.270291e+01 1.116983e+02 7.066667e+00
      vertex   1.292478e+01 1.123324e+02 7.066667e+00
      vertex   1.292478e+01 1.123324e+02 2.003333e+01
    endloop
  endfacet
  facet normal 8.467242e-01 -5.320321e-01 0.000000e+00
    outer loop
      vertex   1.234549e+01 1.111295e+02 7.066667e+00
      vertex   1.270291e+01 1.116983e+02 7.066667e+00
      vertex   1.270291e+01 1.116983e+02 2.003333e+01
    endloop
  endfacet
  facet normal 9.438833e-01 -3.302791e-01 0.000000e+00
    outer loop
      vertex   1.270291e+01 1.116983e+02 2.003333e+01
      vertex   1.270291e+01 1.116983e+02 7.066667e+00
      vertex   1.292478e+01 1.123324e+02 2.003333e+01
    endloop
  endfacet
  facet normal 7.071068e-01 -7.071068e-01 0.000000e+00
    outer loop
      vertex   1.187047e+01 1.106545e+02 7.066667e+00
      vertex   1.234549e+01 1.111295e+02 7.066667e+00
      vertex   1.234549e+01 1.111295e+02 2.003333e+01
    endloop
  endfacet
  facet normal 8.467242e-01 -5.320321e-01 0.000000e+00
    outer loop
      vertex   1.234549e+01 1.111295e+02 2.003333e+01
      vertex   1.234549e+01 1.111295e+02 7.066667e+00
      vertex   1.270291e+01 1.116983e+02 2.003333e+01
    endloop
  endfacet
  facet normal 5.320321e-01 -8.467242e-01 0.000000e+00
    outer loop
      vertex   1.130165e+01 1.102971e+02 7.066667e+00
      vertex   1.187047e+01 1.106545e+02 7.066667e+00
      vertex   1.187047e+01 1.106545e+02 2.003333e+01
    endloop
  endfacet
  facet normal 7.071068e-01 -7.071068e-01 0.000000e+00
    outer loop
      vertex   1.187047e+01 1.106545e+02 2.003333e+01
      vertex   1.187047e+01 1.106545e+02 7.066667e+00
      vertex   1.234549e+01 1.111295e+02 2.003333e+01
    endloop
  endfacet
  facet normal 3.302791e-01 -9.438833e-01 0.000000e+00
    outer loop
      vertex   1.066756e+01 1.100752e+02 7.066667e+00
      vertex   1.130165e+01 1.102971e+02 7.066667e+00
      vertex   1.130165e+01 1.102971e+02 2.003333e+01
    endloop
  endfacet
  facet normal 5.320321e-01 -8.467242e-01 0.000000e+00
    outer loop
      vertex   1.130165e+01 1.102971e+02 2.003333e+01
      vertex   1.130165e+01 1.102971e+02 7.066667e+00
      vertex   1.187047e+01 1.106545e+02 2.003333e+01
    endloop
  endfacet
  facet normal 3.302791e-01 -9.438833e-01 0.000000e+00
    outer loop
      vertex   1.066756e+01 1.100752e+02 2.003333e+01
      vertex   1.066756e+01 1.100752e+02 7.066667e+00
      vertex   1.130165e+01 1.102971e+02 2.003333e+01
    endloop
  endfacet
  facet normal -7.105427e-16 -1.000000e+00 3.653176e-16
    outer loop
      vertex   1.000000e+01 1.100000e+02 3.300000e+01
      vertex   -1.000000e+01 1.100000e+02 3.300000e+01
      vertex   1.000000e+01 1.100000e+02 -5.900000e+00
    endloop
  endfacet
  facet normal -1.421085e-15 -1.000000e+00 0.000000e+00
    outer loop
      vertex   1.000000e+01 1.100000e+02 -5.900000e+00
      vertex   -1.000000e+01 1.100000e+02 3.300000e+01
      vertex   -1.000000e+01 1.100000e+02 -5.900000e+00
    endloop
  endfacet
  facet normal 0.000000e+00 -0.000000e+00 1.000000e+00
    outer loop
      vertex   1.058527e+01 1.100576e+02 3.300000e+01
      vertex   1.114805e+01 1.102284e+02 3.300000e+01
      vertex   1.000000e+01 1.100000e+02 3.300000e+01
    endloop
  endfacet
  facet normal 0.000000e+00 0.000000e+00 1.000000e+00
    outer loop
      vertex   1.000000e+01 1.100000e+02 3.300000e+01
      vertex   1.114805e+01 1.102284e+02 3.300000e+01
      vertex   1.166671e+01 1.105056e+02 3.300000e+01
    endloop
  endfacet
  facet normal 0.000000e+00 0.000000e+00 1.000000e+00
    outer loop
      vertex   1.000000e+01 1.100000e+02 3.300000e+01
      vertex   1.166671e+01 1.105056e+02 3.300000e+01
      vertex   1.212132e+01 1.108787e+02 3.300000e+01
    endloop
  endfacet
  facet normal 0.000000e+00 -0.000000e+00 1.000000e+00
    outer loop
      vertex   1.000000e+01 1.100000e+02 3.300000e+01
      vertex   1.212132e+01 1.108787e+02 3.300000e+01
      vertex   2.850000e+00 1.121500e+02 3.300000e+01
    endloop
  endfacet
  facet normal 0.000000e+00 0.000000e+00 1.000000e+00
    outer loop
      vertex   2.850000e+00 1.121500e+02 3.300000e+01
      vertex   1.212132e+01 1.108787e+02 3.300000e+01
      vertex   1.249441e+01 1.113333e+02 3.300000e+01
    endloop
  endfacet
  facet normal 0.000000e+00 0.000000e+00 1.000000e+00
    outer loop
      vertex   2.850000e+00 1.121500e+02 3.300000e+01
      vertex   1.249441e+01 1.113333e+02 3.300000e+01
      vertex   1.277164e+01 1.118519e+02 3.300000e+01
    endloop
  endfacet
  facet normal 0.000000e+00 -0.000000e+00 1.000000e+00
    outer loop
      vertex   1.277164e+01 1.118519e+02 3.300000e+01
      vertex   1.294236e+01 1.124147e+02 3.300000e+01
      vertex   2.850000e+00 1.121500e+02 3.300000e+01
    endloop
  endfacet
  facet normal 0.000000e+00 0.000000e+00 1.000000e+00
    outer loop
      vertex   2.850000e+00 1.121500e+02 3.300000e+01
      vertex   1.294236e+01 1.124147e+02 3.300000e+01
      vertex   1.300000e+01 1.130000e+02 3.300000e+01
    endloop
  endfacet
  facet normal 0.000000e+00 0.000000e+00 1.000000e+00
    outer loop
      vertex   2.850000e+00 1.121500e+02 3.300000e+01
      vertex   1.300000e+01 1.130000e+02 3.300000e+01
      vertex   2.850000e+00 1.178500e+02 3.300000e+01
    endloop
  endfacet
  facet normal -0.000000e+00 0.000000e+00 1.000000e+00
    outer loop
      vertex   2.850000e+00 1.178500e+02 3.300000e+01
      vertex   1.300000e+01 1.130000e+02 3.300000e+01
      vertex   1.300000e+01 1.200000e+02 3.300000e+01
    endloop
  endfacet
  facet normal 0.000000e+00 -0.000000e+00 1.000000e+00
    outer loop
      vertex   2.850000e+00 1.178500e+02 3.300000e+01
      vertex   1.300000e+01 1.200000e+02 3.300000e+01
      vertex   -1.300000e+01 1.200000e+02 3.300000e+01
    endloop
  endfacet
  facet normal 0.000000e+00 0.000000e+00 1.000000e+00
    outer loop
      vertex   2.850000e+00 1.178500e+02 3.300000e+01
      vertex   -1.300000e+01 1.200000e+02 3.300000e+01
      vertex   -2.850000e+00 1.178500e+02 3.300000e+01
    endloop
  endfacet
  facet normal 0.000000e+00 0.000000e+00 1.000000e+00
    outer loop
      vertex   -2.850000e+00 1.178500e+02 3.300000e+01
      vertex   -1.300000e+01 1.200000e+02 3.300000e+01
      vertex   -1.300000e+01 1.130000e+02 3.300000e+01
    endloop
  endfacet
  facet normal 0.000000e+00 0.000000e+00 1.000000e+00
    outer loop
      vertex   -2.850000e+00 1.178500e+02 3.300000e+01
      vertex   -1.300000e+01 1.130000e+02 3.300000e+01
      vertex   -2.850000e+00 1.121500e+02 3.300000e+01
    endloop
  endfacet
  facet normal 0.000000e+00 0.000000e+00 1.000000e+00
    outer loop
      vertex   -2.850000e+00 1.121500e+02 3.300000e+01
      vertex   -1.300000e+01 1.130000e+02 3.300000e+01
      vertex   -1.294236e+01 1.124147e+02 3.300000e+01
    endloop
  endfacet
  facet normal 0.000000e+00 0.000000e+00 1.000000e+00
    outer loop
      vertex   -2.850000e+00 1.121500e+02 3.300000e+01
      vertex   -1.294236e+01 1.124147e+02 3.300000e+01
      vertex   -1.277164e+01 1.118519e+02 3.300000e+01
    endloop
  endfacet
  facet normal -0.000000e+00 0.000000e+00 1.000000e+00
    outer loop
      vertex   -1.277164e+01 1.118519e+02 3.300000e+01
      vertex   -1.249441e+01 1.113333e+02 3.300000e+01
      vertex   -2.850000e+00 1.121500e+02 3.300000e+01
    endloop
  endfacet
  facet normal 0.000000e+00 0.000000e+00 1.000000e+00
    outer loop
      vertex   -2.850000e+00 1.121500e+02 3.300000e+01
      vertex   -1.249441e+01 1.113333e+02 3.300000e+01
      vertex   -1.212132e+01 1.108787e+02 3.300000e+01
    endloop
  endfacet
  facet normal 0.000000e+00 0.000000e+00 1.000000e+00
    outer loop
      vertex   -2.850000e+00 1.121500e+02 3.300000e+01
      vertex   -1.212132e+01 1.108787e+02 3.300000e+01
      vertex   -1.000000e+01 1.100000e+02 3.300000e+01
    endloop
  endfacet
  facet normal 0.000000e+00 0.000000e+00 1.000000e+00
    outer loop
      vertex   -1.000000e+01 1.100000e+02 3.300000e+01
      vertex   -1.212132e+01 1.108787e+02 3.300000e+01
      vertex   -1.166671e+01 1.105056e+02 3.300000e+01
    endloop
  endfacet
  facet normal 0.000000e+00 0.000000e+00 1.000000e+00
    outer loop
      vertex   -1.000000e+01 1.100000e+02 3.300000e+01
      vertex   -1.166671e+01 1.105056e+02 3.300000e+01
      vertex   -1.114805e+01 1.102284e+02 3.300000e+01
    endloop
  endfacet
  facet normal 0.000000e+00 0.000000e+00 1.000000e+00
    outer loop
      vertex   -1.114805e+01 1.102284e+02 3.300000e+01
      vertex   -1.058527e+01 1.100576e+02 3.300000e+01
      vertex   -1.000000e+01 1.100000e+02 3.300000e+01
    endloop
  endfacet
  facet normal -0.000000e+00 0.000000e+00 1.000000e+00
    outer loop
      vertex   -1.000000e+01 1.100000e+02 3.300000e+01
      vertex   1.000000e+01 1.100000e+02 3.300000e+01
      vertex   -2.850000e+00 1.121500e+02 3.300000e+01
    endloop
  endfacet
  facet normal -0.000000e+00 0.000000e+00 1.000000e+00
    outer loop
      vertex   -2.850000e+00 1.121500e+02 3.300000e+01
      vertex   1.000000e+01 1.100000e+02 3.300000e+01
      vertex   2.850000e+00 1.121500e+02 3.300000e+01
    endloop
  endfacet
  facet normal -9.801711e-02 -9.951845e-01 -7.265921e-04
    outer loop
      vertex   -1.058527e+01 1.100576e+02 3.300000e+01
      vertex   -1.066756e+01 1.100752e+02 2.003333e+01
      vertex   -1.000000e+01 1.100000e+02 3.300000e+01
    endloop
  endfacet
  facet normal -1.119645e-01 -9.937122e-01 0.000000e+00
    outer loop
      vertex   -1.000000e+01 1.100000e+02 3.300000e+01
      vertex   -1.066756e+01 1.100752e+02 2.003333e+01
      vertex   -1.066756e+01 1.100752e+02 7.066667e+00
    endloop
  endfacet
  facet normal -1.314703e-01 -9.913200e-01 5.090473e-04
    outer loop
      vertex   -1.000000e+01 1.100000e+02 3.300000e+01
      vertex   -1.066756e+01 1.100752e+02 7.066667e+00
      vertex   -1.058527e+01 1.100576e+02 -5.900000e+00
    endloop
  endfacet
  facet normal -2.902846e-01 -9.569402e-01 -5.454449e-04
    outer loop
      vertex   -1.058527e+01 1.100576e+02 -5.900000e+00
      vertex   -1.066756e+01 1.100752e+02 7.066667e+00
      vertex   -1.114805e+01 1.102284e+02 -5.900000e+00
    endloop
  endfacet
  facet normal -3.302789e-01 -9.438828e-01 1.090782e-03
    outer loop
      vertex   -1.114805e+01 1.102284e+02 -5.900000e+00
      vertex   -1.066756e+01 1.100752e+02 7.066667e+00
      vertex   -1.130165e+01 1.102971e+02 7.066667e+00
    endloop
  endfacet
  facet normal -4.713965e-01 -8.819209e-01 -9.093132e-04
    outer loop
      vertex   -1.114805e+01 1.102284e+02 -5.900000e+00
      vertex   -1.130165e+01 1.102971e+02 7.066667e+00
      vertex   -1.166671e+01 1.105056e+02 -5.900000e+00
    endloop
  endfacet
  facet normal -5.320316e-01 -8.467234e-01 1.363745e-03
    outer loop
      vertex   -1.166671e+01 1.105056e+02 -5.900000e+00
      vertex   -1.130165e+01 1.102971e+02 7.066667e+00
      vertex   -1.187047e+01 1.106545e+02 7.066667e+00
    endloop
  endfacet
  facet normal -6.343929e-01 -7.730100e-01 -1.091319e-03
    outer loop
      vertex   -1.166671e+01 1.105056e+02 -5.900000e+00
      vertex   -1.187047e+01 1.106545e+02 7.066667e+00
      vertex   -1.212132e+01 1.108787e+02 -5.900000e+00
    endloop
  endfacet
  facet normal -7.071060e-01 -7.071060e-01 1.454757e-03
    outer loop
      vertex   -1.212132e+01 1.108787e+02 -5.900000e+00
      vertex   -1.187047e+01 1.106545e+02 7.066667e+00
      vertex   -1.234549e+01 1.111295e+02 7.066667e+00
    endloop
  endfacet
  facet normal -7.730100e-01 -6.343929e-01 -1.091319e-03
    outer loop
      vertex   -1.212132e+01 1.108787e+02 -5.900000e+00
      vertex   -1.234549e+01 1.111295e+02 7.066667e+00
      vertex   -1.249441e+01 1.113333e+02 -5.900000e+00
    endloop
  endfacet
  facet normal -8.467234e-01 -5.320316e-01 1.363745e-03
    outer loop
      vertex   -1.249441e+01 1.113333e+02 -5.900000e+00
      vertex   -1.234549e+01 1.111295e+02 7.066667e+00
      vertex   -1.270291e+01 1.116983e+02 7.066667e+00
    endloop
  endfacet
  facet normal -8.819209e-01 -4.713965e-01 -9.093132e-04
    outer loop
      vertex   -1.249441e+01 1.113333e+02 -5.900000e+00
      vertex   -1.270291e+01 1.116983e+02 7.066667e+00
      vertex   -1.277164e+01 1.118519e+02 -5.900000e+00
    endloop
  endfacet
  facet normal -9.438828e-01 -3.302789e-01 1.090782e-03
    outer loop
      vertex   -1.277164e+01 1.118519e+02 -5.900000e+00
      vertex   -1.270291e+01 1.116983e+02 7.066667e+00
      vertex   -1.292478e+01 1.123324e+02 7.066667e+00
    endloop
  endfacet
  facet normal -9.569402e-01 -2.902846e-01 -5.454449e-04
    outer loop
      vertex   -1.277164e+01 1.118519e+02 -5.900000e+00
      vertex   -1.292478e+01 1.123324e+02 7.066667e+00
      vertex   -1.294236e+01 1.124147e+02 -5.900000e+00
    endloop
  endfacet
  facet normal -9.951845e-01 -9.801711e-02 7.265921e-04
    outer loop
      vertex   -1.294236e+01 1.124147e+02 -5.900000e+00
      vertex   -1.292478e+01 1.123324e+02 7.066667e+00
      vertex   -1.300000e+01 1.130000e+02 -5.900000e+00
    endloop
  endfacet
  facet normal -9.937122e-01 -1.119645e-01 0.000000e+00
    outer loop
      vertex   -1.300000e+01 1.130000e+02 -5.900000e+00
      vertex   -1.292478e+01 1.123324e+02 7.066667e+00
      vertex   -1.292478e+01 1.123324e+02 2.003333e+01
    endloop
  endfacet
  facet normal -9.913200e-01 -1.314703e-01 -5.090473e-04
    outer loop
      vertex   -1.300000e+01 1.130000e+02 -5.900000e+00
      vertex   -1.292478e+01 1.123324e+02 2.003333e+01
      vertex   -1.294236e+01 1.124147e+02 3.300000e+01
    endloop
  endfacet
  facet normal -9.569402e-01 -2.902846e-01 5.454449e-04
    outer loop
      vertex   -1.294236e+01 1.124147e+02 3.300000e+01
      vertex   -1.292478e+01 1.123324e+02 2.003333e+01
      vertex   -1.277164e+01 1.118519e+02 3.300000e+01
    endloop
  endfacet
  facet normal -9.438828e-01 -3.302789e-01 -1.090782e-03
    outer loop
      vertex   -1.277164e+01 1.118519e+02 3.300000e+01
      vertex   -1.292478e+01 1.123324e+02 2.003333e+01
      vertex   -1.270291e+01 1.116983e+02 2.003333e+01
    endloop
  endfacet
  facet normal -8.819209e-01 -4.713965e-01 9.093132e-04
    outer loop
      vertex   -1.277164e+01 1.118519e+02 3.300000e+01
      vertex   -1.270291e+01 1.116983e+02 2.003333e+01
      vertex   -1.249441e+01 1.113333e+02 3.300000e+01
    endloop
  endfacet
  facet normal -8.467234e-01 -5.320316e-01 -1.363745e-03
    outer loop
      vertex   -1.249441e+01 1.113333e+02 3.300000e+01
      vertex   -1.270291e+01 1.116983e+02 2.003333e+01
      vertex   -1.234549e+01 1.111295e+02 2.003333e+01
    endloop
  endfacet
  facet normal -7.730100e-01 -6.343929e-01 1.091319e-03
    outer loop
      vertex   -1.249441e+01 1.113333e+02 3.300000e+01
      vertex   -1.234549e+01 1.111295e+02 2.003333e+01
      vertex   -1.212132e+01 1.108787e+02 3.300000e+01
    endloop
  endfacet
  facet normal -7.071060e-01 -7.071060e-01 -1.454757e-03
    outer loop
      vertex   -1.212132e+01 1.108787e+02 3.300000e+01
      vertex   -1.234549e+01 1.111295e+02 2.003333e+01
      vertex   -1.187047e+01 1.106545e+02 2.003333e+01
    endloop
  endfacet
  facet normal -6.343929e-01 -7.730100e-01 1.091319e-03
    outer loop
      vertex   -1.212132e+01 1.108787e+02 3.300000e+01
      vertex   -1.187047e+01 1.106545e+02 2.003333e+01
      vertex   -1.166671e+01 1.105056e+02 3.300000e+01
    endloop
  endfacet
  facet normal -5.320316e-01 -8.467234e-01 -1.363745e-03
    outer loop
      vertex   -1.166671e+01 1.105056e+02 3.300000e+01
      vertex   -1.187047e+01 1.106545e+02 2.003333e+01
      vertex   -1.130165e+01 1.102971e+02 2.003333e+01
    endloop
  endfacet
  facet normal -4.713965e-01 -8.819209e-01 9.093132e-04
    outer loop
      vertex   -1.166671e+01 1.105056e+02 3.300000e+01
      vertex   -1.130165e+01 1.102971e+02 2.003333e+01
      vertex   -1.114805e+01 1.102284e+02 3.300000e+01
    endloop
  endfacet
  facet normal -3.302789e-01 -9.438828e-01 -1.090782e-03
    outer loop
      vertex   -1.114805e+01 1.102284e+02 3.300000e+01
      vertex   -1.130165e+01 1.102971e+02 2.003333e+01
      vertex   -1.066756e+01 1.100752e+02 2.003333e+01
    endloop
  endfacet
  facet normal -2.902846e-01 -9.569402e-01 5.454449e-04
    outer loop
      vertex   -1.114805e+01 1.102284e+02 3.300000e+01
      vertex   -1.066756e+01 1.100752e+02 2.003333e+01
      vertex   -1.058527e+01 1.100576e+02 3.300000e+01
    endloop
  endfacet
  facet normal -9.951847e-01 -9.801714e-02 0.000000e+00
    outer loop
      vertex   -1.294236e+01 1.124147e+02 3.300000e+01
      vertex   -1.300000e+01 1.130000e+02 3.300000e+01
      vertex   -1.300000e+01 1.130000e+02 -5.900000e+00
    endloop
  endfacet
  facet normal -9.801714e-02 -9.951847e-01 0.000000e+00
    outer loop
      vertex   -1.058527e+01 1.100576e+02 -5.900000e+00
      vertex   -1.000000e+01 1.100000e+02 -5.900000e+00
      vertex   -1.000000e+01 1.100000e+02 3.300000e+01
    endloop
  endfacet
  facet normal -3.302791e-01 -9.438833e-01 0.000000e+00
    outer loop
      vertex   -1.130165e+01 1.102971e+02 7.066667e+00
      vertex   -1.066756e+01 1.100752e+02 7.066667e+00
      vertex   -1.066756e+01 1.100752e+02 2.003333e+01
    endloop
  endfacet
  facet normal -5.320321e-01 -8.467242e-01 0.000000e+00
    outer loop
      vertex   -1.187047e+01 1.106545e+02 7.066667e+00
      vertex   -1.130165e+01 1.102971e+02 7.066667e+00
      vertex   -1.130165e+01 1.102971e+02 2.003333e+01
    endloop
  endfacet
  facet normal -3.302791e-01 -9.438833e-01 -0.000000e+00
    outer loop
      vertex   -1.130165e+01 1.102971e+02 2.003333e+01
      vertex   -1.130165e+01 1.102971e+02 7.066667e+00
      vertex   -1.066756e+01 1.100752e+02 2.003333e+01
    endloop
  endfacet
  facet normal -7.071068e-01 -7.071068e-01 0.000000e+00
    outer loop
      vertex   -1.234549e+01 1.111295e+02 7.066667e+00
      vertex   -1.187047e+01 1.106545e+02 7.066667e+00
      vertex   -1.187047e+01 1.106545e+02 2.003333e+01
    endloop
  endfacet
  facet normal -5.320321e-01 -8.467242e-01 -0.000000e+00
    outer loop
      vertex   -1.187047e+01 1.106545e+02 2.003333e+01
      vertex   -1.187047e+01 1.106545e+02 7.066667e+00
      vertex   -1.130165e+01 1.102971e+02 2.003333e+01
    endloop
  endfacet
  facet normal -8.467242e-01 -5.320321e-01 0.000000e+00
    outer loop
      vertex   -1.270291e+01 1.116983e+02 7.066667e+00
      vertex   -1.234549e+01 1.111295e+02 7.066667e+00
      vertex   -1.234549e+01 1.111295e+02 2.003333e+01
    endloop
  endfacet
  facet normal -7.071068e-01 -7.071068e-01 -0.000000e+00
    outer loop
      vertex   -1.234549e+01 1.111295e+02 2.003333e+01
      vertex   -1.234549e+01 1.111295e+02 7.066667e+00
      vertex   -1.187047e+01 1.106545e+02 2.003333e+01
    endloop
  endfacet
  facet normal -9.438833e-01 -3.302791e-01 0.000000e+00
    outer loop
      vertex   -1.292478e+01 1.123324e+02 7.066667e+00
      vertex   -1.270291e+01 1.116983e+02 7.066667e+00
      vertex   -1.270291e+01 1.116983e+02 2.003333e+01
    endloop
  endfacet
  facet normal -8.467242e-01 -5.320321e-01 -0.000000e+00
    outer loop
      vertex   -1.270291e+01 1.116983e+02 2.003333e+01
      vertex   -1.270291e+01 1.116983e+02 7.066667e+00
      vertex   -1.234549e+01 1.111295e+02 2.003333e+01
    endloop
  endfacet
  facet normal -9.438833e-01 -3.302791e-01 -0.000000e+00
    outer loop
      vertex   -1.292478e+01 1.123324e+02 2.003333e+01
      vertex   -1.292478e+01 1.123324e+02 7.066667e+00
      vertex   -1.270291e+01 1.116983e+02 2.003333e+01
    endloop
  endfacet
  facet normal -1.000000e+00 -1.141944e-14 -0.000000e+00
    outer loop
      vertex   -1.300000e+01 1.130000e+02 3.300000e+01
      vertex   -1.300000e+01 1.200000e+02 3.300000e+01
      vertex   -1.300000e+01 1.130000e+02 -5.900000e+00
    endloop
  endfacet
  facet normal -1.000000e+00 -1.141944e-14 0.000000e+00
    outer loop
      vertex   -1.300000e+01 1.130000e+02 -5.900000e+00
      vertex   -1.300000e+01 1.200000e+02 3.300000e+01
      vertex   -1.300000e+01 1.200000e+02 -5.900000e+00
    endloop
  endfacet
  facet normal -9.941380e-01 -1.081190e-01 -0.000000e+00
    outer loop
      vertex   1.562593e+00 1.153440e+02 3.130000e+01
      vertex   1.562593e+00 1.153440e+02 3.000000e+01
      vertex   1.600000e+00 1.150000e+02 3.130000e+01
    endloop
  endfacet
  facet normal -9.941380e-01 -1.081190e-01 -0.000000e+00
    outer loop
      vertex   1.600000e+00 1.150000e+02 3.130000e+01
      vertex   1.562593e+00 1.153440e+02 3.000000e+01
      vertex   1.600000e+00 1.150000e+02 3.000000e+01
    endloop
  endfacet
  facet normal -9.941380e-01 1.081190e-01 0.000000e+00
    outer loop
      vertex   1.600000e+00 1.150000e+02 3.130000e+01
      vertex   1.600000e+00 1.150000e+02 3.000000e+01
      vertex   1.562593e+00 1.146560e+02 3.130000e+01
    endloop
  endfacet
  facet normal -9.941380e-01 1.081190e-01 0.000000e+00
    outer loop
      vertex   1.562593e+00 1.146560e+02 3.130000e+01
      vertex   1.600000e+00 1.150000e+02 3.000000e+01
      vertex   1.562593e+00 1.146560e+02 3.000000e+01
    endloop
  endfacet
  facet normal -9.476532e-01 3.193015e-01 0.000000e+00
    outer loop
      vertex   1.562593e+00 1.146560e+02 3.130000e+01
      vertex   1.562593e+00 1.146560e+02 3.000000e+01
      vertex   1.452121e+00 1.143282e+02 3.130000e+01
    endloop
  endfacet
  facet normal -9.476532e-01 3.193015e-01 0.000000e+00
    outer loop
      vertex   1.452121e+00 1.143282e+02 3.130000e+01
      vertex   1.562593e+00 1.146560e+02 3.000000e+01
      vertex   1.452121e+00 1.143282e+02 3.000000e+01
    endloop
  endfacet
  facet normal -8.568572e-01 5.155539e-01 0.000000e+00
    outer loop
      vertex   1.452121e+00 1.143282e+02 3.130000e+01
      vertex   1.452121e+00 1.143282e+02 3.000000e+01
      vertex   1.273749e+00 1.140317e+02 3.130000e+01
    endloop
  endfacet
  facet normal -8.568572e-01 5.155539e-01 4.390627e-16
    outer loop
      vertex   1.273749e+00 1.140317e+02 3.130000e+01
      vertex   1.452121e+00 1.143282e+02 3.000000e+01
      vertex   1.273749e+00 1.140317e+02 3.000000e+01
    endloop
  endfacet
  facet normal -7.259955e-01 6.876995e-01 3.720078e-16
    outer loop
      vertex   1.273749e+00 1.140317e+02 3.130000e+01
      vertex   1.273749e+00 1.140317e+02 3.000000e+01
      vertex   1.035818e+00 1.137805e+02 3.130000e+01
    endloop
  endfacet
  facet normal -7.259955e-01 6.876995e-01 3.720078e-16
    outer loop
      vertex   1.035818e+00 1.137805e+02 3.130000e+01
      vertex   1.273749e+00 1.140317e+02 3.000000e+01
      vertex   1.035818e+00 1.137805e+02 3.000000e+01
    endloop
  endfacet
  facet normal -5.611871e-01 8.276890e-01 2.875582e-16
    outer loop
      vertex   1.035818e+00 1.137805e+02 3.130000e+01
      vertex   1.035818e+00 1.137805e+02 3.000000e+01
      vertex   7.494535e-01 1.135864e+02 3.130000e+01
    endloop
  endfacet
  facet normal -5.611871e-01 8.276890e-01 2.875582e-16
    outer loop
      vertex   7.494535e-01 1.135864e+02 3.130000e+01
      vertex   1.035818e+00 1.137805e+02 3.000000e+01
      vertex   7.494535e-01 1.135864e+02 3.000000e+01
    endloop
  endfacet
  facet normal -3.701382e-01 9.289767e-01 1.896627e-16
    outer loop
      vertex   7.494535e-01 1.135864e+02 3.130000e+01
      vertex   7.494535e-01 1.135864e+02 3.000000e+01
      vertex   4.280453e-01 1.134583e+02 3.130000e+01
    endloop
  endfacet
  facet normal -3.701382e-01 9.289767e-01 2.054680e-16
    outer loop
      vertex   4.280453e-01 1.134583e+02 3.130000e+01
      vertex   7.494535e-01 1.135864e+02 3.000000e+01
      vertex   4.280453e-01 1.134583e+02 3.000000e+01
    endloop
  endfacet
  facet normal -1.617820e-01 9.868265e-01 8.980705e-17
    outer loop
      vertex   4.280453e-01 1.134583e+02 3.130000e+01
      vertex   4.280453e-01 1.134583e+02 3.000000e+01
      vertex   8.662225e-02 1.134023e+02 3.130000e+01
    endloop
  endfacet
  facet normal -1.617820e-01 9.868265e-01 4.663058e-17
    outer loop
      vertex   8.662225e-02 1.134023e+02 3.130000e+01
      vertex   4.280453e-01 1.134583e+02 3.000000e+01
      vertex   8.662225e-02 1.134023e+02 3.000000e+01
    endloop
  endfacet
  facet normal 5.413891e-02 9.985334e-01 -1.560451e-17
    outer loop
      vertex   8.662225e-02 1.134023e+02 3.130000e+01
      vertex   8.662225e-02 1.134023e+02 3.000000e+01
      vertex   -2.588512e-01 1.134211e+02 3.130000e+01
    endloop
  endfacet
  facet normal 5.413891e-02 9.985334e-01 -1.387068e-17
    outer loop
      vertex   -2.588512e-01 1.134211e+02 3.130000e+01
      vertex   8.662225e-02 1.134023e+02 3.000000e+01
      vertex   -2.588512e-01 1.134211e+02 3.000000e+01
    endloop
  endfacet
  facet normal 2.675283e-01 9.635500e-01 -6.854218e-17
    outer loop
      vertex   -2.588512e-01 1.134211e+02 3.130000e+01
      vertex   -2.588512e-01 1.134211e+02 3.000000e+01
      vertex   -5.922210e-01 1.135136e+02 3.130000e+01
    endloop
  endfacet
  facet normal 2.675283e-01 9.635500e-01 -6.854218e-17
    outer loop
      vertex   -5.922210e-01 1.135136e+02 3.130000e+01
      vertex   -2.588512e-01 1.134211e+02 3.000000e+01
      vertex   -5.922210e-01 1.135136e+02 3.000000e+01
    endloop
  endfacet
  facet normal 4.684084e-01 8.835120e-01 -1.200087e-16
    outer loop
      vertex   -5.922210e-01 1.135136e+02 3.130000e+01
      vertex   -5.922210e-01 1.135136e+02 3.000000e+01
      vertex   -8.978993e-01 1.136757e+02 3.130000e+01
    endloop
  endfacet
  facet normal 4.684084e-01 8.835120e-01 0.000000e+00
    outer loop
      vertex   -8.978993e-01 1.136757e+02 3.130000e+01
      vertex   -5.922210e-01 1.135136e+02 3.000000e+01
      vertex   -8.978993e-01 1.136757e+02 3.000000e+01
    endloop
  endfacet
  facet normal 6.473863e-01 7.621621e-01 0.000000e+00
    outer loop
      vertex   -8.978993e-01 1.136757e+02 3.130000e+01
      vertex   -8.978993e-01 1.136757e+02 3.000000e+01
      vertex   -1.161593e+00 1.138997e+02 3.130000e+01
    endloop
  endfacet
  facet normal 6.473863e-01 7.621621e-01 -2.211517e-16
    outer loop
      vertex   -1.161593e+00 1.138997e+02 3.130000e+01
      vertex   -8.978993e-01 1.136757e+02 3.000000e+01
      vertex   -1.161593e+00 1.138997e+02 3.000000e+01
    endloop
  endfacet
  facet normal 7.960931e-01 6.051742e-01 -2.719510e-16
    outer loop
      vertex   -1.161593e+00 1.138997e+02 3.130000e+01
      vertex   -1.161593e+00 1.138997e+02 3.000000e+01
      vertex   -1.370971e+00 1.141751e+02 3.130000e+01
    endloop
  endfacet
  facet normal 7.960931e-01 6.051742e-01 -2.719510e-16
    outer loop
      vertex   -1.370971e+00 1.141751e+02 3.130000e+01
      vertex   -1.161593e+00 1.138997e+02 3.000000e+01
      vertex   -1.370971e+00 1.141751e+02 3.000000e+01
    endloop
  endfacet
  facet normal 9.075754e-01 4.198891e-01 -3.100342e-16
    outer loop
      vertex   -1.370971e+00 1.141751e+02 3.130000e+01
      vertex   -1.370971e+00 1.141751e+02 3.000000e+01
      vertex   -1.516245e+00 1.144891e+02 3.130000e+01
    endloop
  endfacet
  facet normal 9.075754e-01 4.198891e-01 -3.100342e-16
    outer loop
      vertex   -1.516245e+00 1.144891e+02 3.130000e+01
      vertex   -1.370971e+00 1.141751e+02 3.000000e+01
      vertex   -1.516245e+00 1.144891e+02 3.000000e+01
    endloop
  endfacet
  facet normal 9.766206e-01 2.149704e-01 -3.336205e-16
    outer loop
      vertex   -1.516245e+00 1.144891e+02 3.130000e+01
      vertex   -1.516245e+00 1.144891e+02 3.000000e+01
      vertex   -1.590621e+00 1.148270e+02 3.130000e+01
    endloop
  endfacet
  facet normal 9.766206e-01 2.149704e-01 0.000000e+00
    outer loop
      vertex   -1.590621e+00 1.148270e+02 3.130000e+01
      vertex   -1.516245e+00 1.144891e+02 3.000000e+01
      vertex   -1.590621e+00 1.148270e+02 3.000000e+01
    endloop
  endfacet
  facet normal 1.000000e+00 -0.000000e+00 0.000000e+00
    outer loop
      vertex   -1.590621e+00 1.148270e+02 3.130000e+01
      vertex   -1.590621e+00 1.148270e+02 3.000000e+01
      vertex   -1.590621e+00 1.151730e+02 3.130000e+01
    endloop
  endfacet
  facet normal 1.000000e+00 0.000000e+00 0.000000e+00
    outer loop
      vertex   -1.590621e+00 1.151730e+02 3.130000e+01
      vertex   -1.590621e+00 1.148270e+02 3.000000e+01
      vertex   -1.590621e+00 1.151730e+02 3.000000e+01
    endloop
  endfacet
  facet normal 9.766206e-01 -2.149704e-01 0.000000e+00
    outer loop
      vertex   -1.590621e+00 1.151730e+02 3.130000e+01
      vertex   -1.590621e+00 1.151730e+02 3.000000e+01
      vertex   -1.516245e+00 1.155109e+02 3.130000e+01
    endloop
  endfacet
  facet normal 9.766206e-01 -2.149704e-01 3.336205e-16
    outer loop
      vertex   -1.516245e+00 1.155109e+02 3.130000e+01
      vertex   -1.590621e+00 1.151730e+02 3.000000e+01
      vertex   -1.516245e+00 1.155109e+02 3.000000e+01
    endloop
  endfacet
  facet normal 9.075754e-01 -4.198891e-01 3.100342e-16
    outer loop
      vertex   -1.516245e+00 1.155109e+02 3.130000e+01
      vertex   -1.516245e+00 1.155109e+02 3.000000e+01
      vertex   -1.370971e+00 1.158249e+02 3.130000e+01
    endloop
  endfacet
  facet normal 9.075754e-01 -4.198891e-01 3.100342e-16
    outer loop
      vertex   -1.370971e+00 1.158249e+02 3.130000e+01
      vertex   -1.516245e+00 1.155109e+02 3.000000e+01
      vertex   -1.370971e+00 1.158249e+02 3.000000e+01
    endloop
  endfacet
  facet normal 7.960931e-01 -6.051742e-01 2.719510e-16
    outer loop
      vertex   -1.370971e+00 1.158249e+02 3.130000e+01
      vertex   -1.370971e+00 1.158249e+02 3.000000e+01
      vertex   -1.161593e+00 1.161003e+02 3.130000e+01
    endloop
  endfacet
  facet normal 7.960931e-01 -6.051742e-01 2.719510e-16
    outer loop
      vertex   -1.161593e+00 1.161003e+02 3.130000e+01
      vertex   -1.370971e+00 1.158249e+02 3.000000e+01
      vertex   -1.161593e+00 1.161003e+02 3.000000e+01
    endloop
  endfacet
  facet normal 6.473863e-01 -7.621621e-01 2.211517e-16
    outer loop
      vertex   -1.161593e+00 1.161003e+02 3.130000e+01
      vertex   -1.161593e+00 1.161003e+02 3.000000e+01
      vertex   -8.978993e-01 1.163243e+02 3.130000e+01
    endloop
  endfacet
  facet normal 6.473863e-01 -7.621621e-01 0.000000e+00
    outer loop
      vertex   -8.978993e-01 1.163243e+02 3.130000e+01
      vertex   -1.161593e+00 1.161003e+02 3.000000e+01
      vertex   -8.978993e-01 1.163243e+02 3.000000e+01
    endloop
  endfacet
  facet normal 4.684084e-01 -8.835120e-01 0.000000e+00
    outer loop
      vertex   -8.978993e-01 1.163243e+02 3.130000e+01
      vertex   -8.978993e-01 1.163243e+02 3.000000e+01
      vertex   -5.922210e-01 1.164864e+02 3.130000e+01
    endloop
  endfacet
  facet normal 4.684084e-01 -8.835120e-01 1.200087e-16
    outer loop
      vertex   -5.922210e-01 1.164864e+02 3.130000e+01
      vertex   -8.978993e-01 1.163243e+02 3.000000e+01
      vertex   -5.922210e-01 1.164864e+02 3.000000e+01
    endloop
  endfacet
  facet normal 2.675283e-01 -9.635500e-01 6.854218e-17
    outer loop
      vertex   -5.922210e-01 1.164864e+02 3.130000e+01
      vertex   -5.922210e-01 1.164864e+02 3.000000e+01
      vertex   -2.588512e-01 1.165789e+02 3.130000e+01
    endloop
  endfacet
  facet normal 2.675283e-01 -9.635500e-01 6.854218e-17
    outer loop
      vertex   -2.588512e-01 1.165789e+02 3.130000e+01
      vertex   -5.922210e-01 1.164864e+02 3.000000e+01
      vertex   -2.588512e-01 1.165789e+02 3.000000e+01
    endloop
  endfacet
  facet normal 5.413891e-02 -9.985334e-01 1.387068e-17
    outer loop
      vertex   -2.588512e-01 1.165789e+02 3.130000e+01
      vertex   -2.588512e-01 1.165789e+02 3.000000e+01
      vertex   8.662225e-02 1.165977e+02 3.130000e+01
    endloop
  endfacet
  facet normal 5.413891e-02 -9.985334e-01 1.560451e-17
    outer loop
      vertex   8.662225e-02 1.165977e+02 3.130000e+01
      vertex   -2.588512e-01 1.165789e+02 3.000000e+01
      vertex   8.662225e-02 1.165977e+02 3.000000e+01
    endloop
  endfacet
  facet normal -1.617820e-01 -9.868265e-01 -4.663058e-17
    outer loop
      vertex   8.662225e-02 1.165977e+02 3.130000e+01
      vertex   8.662225e-02 1.165977e+02 3.000000e+01
      vertex   4.280453e-01 1.165417e+02 3.130000e+01
    endloop
  endfacet
  facet normal -1.617820e-01 -9.868265e-01 -8.980705e-17
    outer loop
      vertex   4.280453e-01 1.165417e+02 3.130000e+01
      vertex   8.662225e-02 1.165977e+02 3.000000e+01
      vertex   4.280453e-01 1.165417e+02 3.000000e+01
    endloop
  endfacet
  facet normal -3.701382e-01 -9.289767e-01 -2.054680e-16
    outer loop
      vertex   4.280453e-01 1.165417e+02 3.130000e+01
      vertex   4.280453e-01 1.165417e+02 3.000000e+01
      vertex   7.494535e-01 1.164136e+02 3.130000e+01
    endloop
  endfacet
  facet normal -3.701382e-01 -9.289767e-01 -1.896627e-16
    outer loop
      vertex   7.494535e-01 1.164136e+02 3.130000e+01
      vertex   4.280453e-01 1.165417e+02 3.000000e+01
      vertex   7.494535e-01 1.164136e+02 3.000000e+01
    endloop
  endfacet
  facet normal -5.611871e-01 -8.276890e-01 -2.875582e-16
    outer loop
      vertex   7.494535e-01 1.164136e+02 3.130000e+01
      vertex   7.494535e-01 1.164136e+02 3.000000e+01
      vertex   1.035818e+00 1.162195e+02 3.130000e+01
    endloop
  endfacet
  facet normal -5.611871e-01 -8.276890e-01 -2.875582e-16
    outer loop
      vertex   1.035818e+00 1.162195e+02 3.130000e+01
      vertex   7.494535e-01 1.164136e+02 3.000000e+01
      vertex   1.035818e+00 1.162195e+02 3.000000e+01
    endloop
  endfacet
  facet normal -7.259955e-01 -6.876995e-01 -3.720078e-16
    outer loop
      vertex   1.035818e+00 1.162195e+02 3.130000e+01
      vertex   1.035818e+00 1.162195e+02 3.000000e+01
      vertex   1.273749e+00 1.159683e+02 3.130000e+01
    endloop
  endfacet
  facet normal -7.259955e-01 -6.876995e-01 -3.720078e-16
    outer loop
      vertex   1.273749e+00 1.159683e+02 3.130000e+01
      vertex   1.035818e+00 1.162195e+02 3.000000e+01
      vertex   1.273749e+00 1.159683e+02 3.000000e+01
    endloop
  endfacet
  facet normal -8.568572e-01 -5.155539e-01 -4.390627e-16
    outer loop
      vertex   1.273749e+00 1.159683e+02 3.130000e+01
      vertex   1.273749e+00 1.159683e+02 3.000000e+01
      vertex   1.452121e+00 1.156718e+02 3.130000e+01
    endloop
  endfacet
  facet normal -8.568572e-01 -5.155539e-01 -0.000000e+00
    outer loop
      vertex   1.452121e+00 1.156718e+02 3.130000e+01
      vertex   1.273749e+00 1.159683e+02 3.000000e+01
      vertex   1.452121e+00 1.156718e+02 3.000000e+01
    endloop
  endfacet
  facet normal -9.476532e-01 -3.193015e-01 -0.000000e+00
    outer loop
      vertex   1.452121e+00 1.156718e+02 3.130000e+01
      vertex   1.452121e+00 1.156718e+02 3.000000e+01
      vertex   1.562593e+00 1.153440e+02 3.130000e+01
    endloop
  endfacet
  facet normal -9.476532e-01 -3.193015e-01 -0.000000e+00
    outer loop
      vertex   1.562593e+00 1.153440e+02 3.130000e+01
      vertex   1.452121e+00 1.156718e+02 3.000000e+01
      vertex   1.562593e+00 1.153440e+02 3.000000e+01
    endloop
  endfacet
  facet normal 0.000000e+00 -0.000000e+00 1.000000e+00
    outer loop
      vertex   1.562593e+00 1.146560e+02 3.000000e+01
      vertex   1.600000e+00 1.150000e+02 3.000000e+01
      vertex   -8.978993e-01 1.163243e+02 3.000000e+01
    endloop
  endfacet
  facet normal 0.000000e+00 0.000000e+00 1.000000e+00
    outer loop
      vertex   -8.978993e-01 1.163243e+02 3.000000e+01
      vertex   1.600000e+00 1.150000e+02 3.000000e+01
      vertex   1.562593e+00 1.153440e+02 3.000000e+01
    endloop
  endfacet
  facet normal 0.000000e+00 0.000000e+00 1.000000e+00
    outer loop
      vertex   -8.978993e-01 1.163243e+02 3.000000e+01
      vertex   1.562593e+00 1.153440e+02 3.000000e+01
      vertex   1.452121e+00 1.156718e+02 3.000000e+01
    endloop
  endfacet
  facet normal 0.000000e+00 0.000000e+00 1.000000e+00
    outer loop
      vertex   1.452121e+00 1.156718e+02 3.000000e+01
      vertex   1.273749e+00 1.159683e+02 3.000000e+01
      vertex   -8.978993e-01 1.163243e+02 3.000000e+01
    endloop
  endfacet
  facet normal 0.000000e+00 0.000000e+00 1.000000e+00
    outer loop
      vertex   -8.978993e-01 1.163243e+02 3.000000e+01
      vertex   1.273749e+00 1.159683e+02 3.000000e+01
      vertex   1.035818e+00 1.162195e+02 3.000000e+01
    endloop
  endfacet
  facet normal -0.000000e+00 0.000000e+00 1.000000e+00
    outer loop
      vertex   -8.978993e-01 1.163243e+02 3.000000e+01
      vertex   1.035818e+00 1.162195e+02 3.000000e+01
      vertex   7.494535e-01 1.164136e+02 3.000000e+01
    endloop
  endfacet
  facet normal 0.000000e+00 0.000000e+00 1.000000e+00
    outer loop
      vertex   -8.978993e-01 1.163243e+02 3.000000e+01
      vertex   7.494535e-01 1.164136e+02 3.000000e+01
      vertex   -5.922210e-01 1.164864e+02 3.000000e+01
    endloop
  endfacet
  facet normal -0.000000e+00 0.000000e+00 1.000000e+00
    outer loop
      vertex   -5.922210e-01 1.164864e+02 3.000000e+01
      vertex   7.494535e-01 1.164136e+02 3.000000e+01
      vertex   4.280453e-01 1.165417e+02 3.000000e+01
    endloop
  endfacet
  facet normal 0.000000e+00 0.000000e+00 1.000000e+00
    outer loop
      vertex   -5.922210e-01 1.164864e+02 3.000000e+01
      vertex   4.280453e-01 1.165417e+02 3.000000e+01
      vertex   -2.588512e-01 1.165789e+02 3.000000e+01
    endloop
  endfacet
  facet normal -0.000000e+00 0.000000e+00 1.000000e+00
    outer loop
      vertex   -2.588512e-01 1.165789e+02 3.000000e+01
      vertex   4.280453e-01 1.165417e+02 3.000000e+01
      vertex   8.662225e-02 1.165977e+02 3.000000e+01
    endloop
  endfacet
  facet normal -0.000000e+00 0.000000e+00 1.000000e+00
    outer loop
      vertex   -1.161593e+00 1.161003e+02 3.000000e+01
      vertex   -8.978993e-01 1.136757e+02 3.000000e+01
      vertex   -8.978993e-01 1.163243e+02 3.000000e+01
    endloop
  endfacet
  facet normal 0.000000e+00 0.000000e+00 1.000000e+00
    outer loop
      vertex   -8.978993e-01 1.163243e+02 3.000000e+01
      vertex   -8.978993e-01 1.136757e+02 3.000000e+01
      vertex   -5.922210e-01 1.135136e+02 3.000000e+01
    endloop
  endfacet
  facet normal 0.000000e+00 0.000000e+00 1.000000e+00
    outer loop
      vertex   -8.978993e-01 1.163243e+02 3.000000e+01
      vertex   -5.922210e-01 1.135136e+02 3.000000e+01
      vertex   -2.588512e-01 1.134211e+02 3.000000e+01
    endloop
  endfacet
  facet normal 0.000000e+00 0.000000e+00 1.000000e+00
    outer loop
      vertex   -8.978993e-01 1.136757e+02 3.000000e+01
      vertex   -1.161593e+00 1.161003e+02 3.000000e+01
      vertex   -1.161593e+00 1.138997e+02 3.000000e+01
    endloop
  endfacet
  facet normal 0.000000e+00 -0.000000e+00 1.000000e+00
    outer loop
      vertex   -1.161593e+00 1.138997e+02 3.000000e+01
      vertex   -1.161593e+00 1.161003e+02 3.000000e+01
      vertex   -1.370971e+00 1.158249e+02 3.000000e+01
    endloop
  endfacet
  facet normal 0.000000e+00 0.000000e+00 1.000000e+00
    outer loop
      vertex   -1.161593e+00 1.138997e+02 3.000000e+01
      vertex   -1.370971e+00 1.158249e+02 3.000000e+01
      vertex   -1.370971e+00 1.141751e+02 3.000000e+01
    endloop
  endfacet
  facet normal 0.000000e+00 -0.000000e+00 1.000000e+00
    outer loop
      vertex   -1.370971e+00 1.141751e+02 3.000000e+01
      vertex   -1.370971e+00 1.158249e+02 3.000000e+01
      vertex   -1.516245e+00 1.155109e+02 3.000000e+01
    endloop
  endfacet
  facet normal 0.000000e+00 0.000000e+00 1.000000e+00
    outer loop
      vertex   -1.370971e+00 1.141751e+02 3.000000e+01
      vertex   -1.516245e+00 1.155109e+02 3.000000e+01
      vertex   -1.516245e+00 1.144891e+02 3.000000e+01
    endloop
  endfacet
  facet normal 0.000000e+00 -0.000000e+00 1.000000e+00
    outer loop
      vertex   -1.516245e+00 1.144891e+02 3.000000e+01
      vertex   -1.516245e+00 1.155109e+02 3.000000e+01
      vertex   -1.590621e+00 1.151730e+02 3.000000e+01
    endloop
  endfacet
  facet normal 0.000000e+00 0.000000e+00 1.000000e+00
    outer loop
      vertex   -1.516245e+00 1.144891e+02 3.000000e+01
      vertex   -1.590621e+00 1.151730e+02 3.000000e+01
      vertex   -1.590621e+00 1.148270e+02 3.000000e+01
    endloop
  endfacet
  facet normal -0.000000e+00 -0.000000e+00 1.000000e+00
    outer loop
      vertex   -2.588512e-01 1.134211e+02 3.000000e+01
      vertex   8.662225e-02 1.134023e+02 3.000000e+01
      vertex   -8.978993e-01 1.163243e+02 3.000000e+01
    endloop
  endfacet
  facet normal 0.000000e+00 0.000000e+00 1.000000e+00
    outer loop
      vertex   -8.978993e-01 1.163243e+02 3.000000e+01
      vertex   8.662225e-02 1.134023e+02 3.000000e+01
      vertex   4.280453e-01 1.134583e+02 3.000000e+01
    endloop
  endfacet
  facet normal 0.000000e+00 0.000000e+00 1.000000e+00
    outer loop
      vertex   -8.978993e-01 1.163243e+02 3.000000e+01
      vertex   4.280453e-01 1.134583e+02 3.000000e+01
      vertex   7.494535e-01 1.135864e+02 3.000000e+01
    endloop
  endfacet
  facet normal 0.000000e+00 -0.000000e+00 1.000000e+00
    outer loop
      vertex   7.494535e-01 1.135864e+02 3.000000e+01
      vertex   1.035818e+00 1.137805e+02 3.000000e+01
      vertex   -8.978993e-01 1.163243e+02 3.000000e+01
    endloop
  endfacet
  facet normal 0.000000e+00 0.000000e+00 1.000000e+00
    outer loop
      vertex   -8.978993e-01 1.163243e+02 3.000000e+01
      vertex   1.035818e+00 1.137805e+02 3.000000e+01
      vertex   1.273749e+00 1.140317e+02 3.000000e+01
    endloop
  endfacet
  facet normal 0.000000e+00 0.000000e+00 1.000000e+00
    outer loop
      vertex   -8.978993e-01 1.163243e+02 3.000000e+01
      vertex   1.273749e+00 1.140317e+02 3.000000e+01
      vertex   1.452121e+00 1.143282e+02 3.000000e+01
    endloop
  endfacet
  facet normal 0.000000e+00 -0.000000e+00 1.000000e+00
    outer loop
      vertex   1.452121e+00 1.143282e+02 3.000000e+01
      vertex   1.562593e+00 1.146560e+02 3.000000e+01
      vertex   -8.978993e-01 1.163243e+02 3.000000e+01
    endloop
  endfacet
  facet normal -0.000000e+00 1.000000e+00 0.000000e+00
    outer loop
      vertex   -2.850000e+00 1.121500e+02 3.300000e+01
      vertex   2.850000e+00 1.121500e+02 3.300000e+01
      vertex   -2.850000e+00 1.121500e+02 3.130000e+01
    endloop
  endfacet
  facet normal 0.000000e+00 1.000000e+00 0.000000e+00
    outer loop
      vertex   -2.850000e+00 1.121500e+02 3.130000e+01
      vertex   2.850000e+00 1.121500e+02 3.300000e+01
      vertex   2.850000e+00 1.121500e+02 3.130000e+01
    endloop
  endfacet
  facet normal -1.000000e+00 0.000000e+00 0.000000e+00
    outer loop
      vertex   2.850000e+00 1.121500e+02 3.300000e+01
      vertex   2.850000e+00 1.178500e+02 3.300000e+01
      vertex   2.850000e+00 1.121500e+02 3.130000e+01
    endloop
  endfacet
  facet normal -1.000000e+00 0.000000e+00 0.000000e+00
    outer loop
      vertex   2.850000e+00 1.121500e+02 3.130000e+01
      vertex   2.850000e+00 1.178500e+02 3.300000e+01
      vertex   2.850000e+00 1.178500e+02 3.130000e+01
    endloop
  endfacet
  facet normal -0.000000e+00 -1.000000e+00 -0.000000e+00
    outer loop
      vertex   2.850000e+00 1.178500e+02 3.300000e+01
      vertex   -2.850000e+00 1.178500e+02 3.300000e+01
      vertex   2.850000e+00 1.178500e+02 3.130000e+01
    endloop
  endfacet
  facet normal 0.000000e+00 -1.000000e+00 0.000000e+00
    outer loop
      vertex   2.850000e+00 1.178500e+02 3.130000e+01
      vertex   -2.850000e+00 1.178500e+02 3.300000e+01
      vertex   -2.850000e+00 1.178500e+02 3.130000e+01
    endloop
  endfacet
  facet normal 1.000000e+00 0.000000e+00 0.000000e+00
    outer loop
      vertex   -2.850000e+00 1.178500e+02 3.300000e+01
      vertex   -2.850000e+00 1.121500e+02 3.300000e+01
      vertex   -2.850000e+00 1.178500e+02 3.130000e+01
    endloop
  endfacet
  facet normal 1.000000e+00 0.000000e+00 0.000000e+00
    outer loop
      vertex   -2.850000e+00 1.178500e+02 3.130000e+01
      vertex   -2.850000e+00 1.121500e+02 3.300000e+01
      vertex   -2.850000e+00 1.121500e+02 3.130000e+01
    endloop
  endfacet
  facet normal -0.000000e+00 0.000000e+00 1.000000e+00
    outer loop
      vertex   1.562593e+00 1.146560e+02 3.130000e+01
      vertex   2.850000e+00 1.121500e+02 3.130000e+01
      vertex   1.600000e+00 1.150000e+02 3.130000e+01
    endloop
  endfacet
  facet normal -0.000000e+00 0.000000e+00 1.000000e+00
    outer loop
      vertex   1.600000e+00 1.150000e+02 3.130000e+01
      vertex   2.850000e+00 1.121500e+02 3.130000e+01
      vertex   2.850000e+00 1.178500e+02 3.130000e+01
    endloop
  endfacet
  facet normal 0.000000e+00 -0.000000e+00 1.000000e+00
    outer loop
      vertex   1.600000e+00 1.150000e+02 3.130000e+01
      vertex   2.850000e+00 1.178500e+02 3.130000e+01
      vertex   1.562593e+00 1.153440e+02 3.130000e+01
    endloop
  endfacet
  facet normal 0.000000e+00 -0.000000e+00 1.000000e+00
    outer loop
      vertex   1.562593e+00 1.153440e+02 3.130000e+01
      vertex   2.850000e+00 1.178500e+02 3.130000e+01
      vertex   1.452121e+00 1.156718e+02 3.130000e+01
    endloop
  endfacet
  facet normal 0.000000e+00 -0.000000e+00 1.000000e+00
    outer loop
      vertex   1.452121e+00 1.156718e+02 3.130000e+01
      vertex   2.850000e+00 1.178500e+02 3.130000e+01
      vertex   1.273749e+00 1.159683e+02 3.130000e+01
    endloop
  endfacet
  facet normal 0.000000e+00 -0.000000e+00 1.000000e+00
    outer loop
      vertex   1.273749e+00 1.159683e+02 3.130000e+01
      vertex   2.850000e+00 1.178500e+02 3.130000e+01
      vertex   1.035818e+00 1.162195e+02 3.130000e+01
    endloop
  endfacet
  facet normal 0.000000e+00 -0.000000e+00 1.000000e+00
    outer loop
      vertex   1.035818e+00 1.162195e+02 3.130000e+01
      vertex   2.850000e+00 1.178500e+02 3.130000e+01
      vertex   7.494535e-01 1.164136e+02 3.130000e+01
    endloop
  endfacet
  facet normal 0.000000e+00 -0.000000e+00 1.000000e+00
    outer loop
      vertex   7.494535e-01 1.164136e+02 3.130000e+01
      vertex   2.850000e+00 1.178500e+02 3.130000e+01
      vertex   4.280453e-01 1.165417e+02 3.130000e+01
    endloop
  endfacet
  facet normal 0.000000e+00 -0.000000e+00 1.000000e+00
    outer loop
      vertex   4.280453e-01 1.165417e+02 3.130000e+01
      vertex   2.850000e+00 1.178500e+02 3.130000e+01
      vertex   8.662225e-02 1.165977e+02 3.130000e+01
    endloop
  endfacet
  facet normal 0.000000e+00 -0.000000e+00 1.000000e+00
    outer loop
      vertex   8.662225e-02 1.165977e+02 3.130000e+01
      vertex   2.850000e+00 1.178500e+02 3.130000e+01
      vertex   -2.850000e+00 1.178500e+02 3.130000e+01
    endloop
  endfacet
  facet normal 0.000000e+00 0.000000e+00 1.000000e+00
    outer loop
      vertex   8.662225e-02 1.165977e+02 3.130000e+01
      vertex   -2.850000e+00 1.178500e+02 3.130000e+01
      vertex   -2.588512e-01 1.165789e+02 3.130000e+01
    endloop
  endfacet
  facet normal 0.000000e+00 0.000000e+00 1.000000e+00
    outer loop
      vertex   -2.588512e-01 1.165789e+02 3.130000e+01
      vertex   -2.850000e+00 1.178500e+02 3.130000e+01
      vertex   -5.922210e-01 1.164864e+02 3.130000e+01
    endloop
  endfacet
  facet normal 0.000000e+00 0.000000e+00 1.000000e+00
    outer loop
      vertex   -5.922210e-01 1.164864e+02 3.130000e+01
      vertex   -2.850000e+00 1.178500e+02 3.130000e+01
      vertex   -8.978993e-01 1.163243e+02 3.130000e+01
    endloop
  endfacet
  facet normal 0.000000e+00 0.000000e+00 1.000000e+00
    outer loop
      vertex   -8.978993e-01 1.163243e+02 3.130000e+01
      vertex   -2.850000e+00 1.178500e+02 3.130000e+01
      vertex   -1.161593e+00 1.161003e+02 3.130000e+01
    endloop
  endfacet
  facet normal 0.000000e+00 0.000000e+00 1.000000e+00
    outer loop
      vertex   -1.161593e+00 1.161003e+02 3.130000e+01
      vertex   -2.850000e+00 1.178500e+02 3.130000e+01
      vertex   -1.370971e+00 1.158249e+02 3.130000e+01
    endloop
  endfacet
  facet normal 0.000000e+00 0.000000e+00 1.000000e+00
    outer loop
      vertex   -1.370971e+00 1.158249e+02 3.130000e+01
      vertex   -2.850000e+00 1.178500e+02 3.130000e+01
      vertex   -1.516245e+00 1.155109e+02 3.130000e+01
    endloop
  endfacet
  facet normal 0.000000e+00 0.000000e+00 1.000000e+00
    outer loop
      vertex   -1.516245e+00 1.155109e+02 3.130000e+01
      vertex   -2.850000e+00 1.178500e+02 3.130000e+01
      vertex   -1.590621e+00 1.151730e+02 3.130000e+01
    endloop
  endfacet
  facet normal 0.000000e+00 0.000000e+00 1.000000e+00
    outer loop
      vertex   -1.590621e+00 1.151730e+02 3.130000e+01
      vertex   -2.850000e+00 1.178500e+02 3.130000e+01
      vertex   -1.590621e+00 1.148270e+02 3.130000e+01
    endloop
  endfacet
  facet normal 0.000000e+00 0.000000e+00 1.000000e+00
    outer loop
      vertex   -1.590621e+00 1.148270e+02 3.130000e+01
      vertex   -2.850000e+00 1.178500e+02 3.130000e+01
      vertex   -2.850000e+00 1.121500e+02 3.130000e+01
    endloop
  endfacet
  facet normal 0.000000e+00 0.000000e+00 1.000000e+00
    outer loop
      vertex   -1.590621e+00 1.148270e+02 3.130000e+01
      vertex   -2.850000e+00 1.121500e+02 3.130000e+01
      vertex   -1.516245e+00 1.144891e+02 3.130000e+01
    endloop
  endfacet
  facet normal 0.000000e+00 0.000000e+00 1.000000e+00
    outer loop
      vertex   -1.516245e+00 1.144891e+02 3.130000e+01
      vertex   -2.850000e+00 1.121500e+02 3.130000e+01
      vertex   -1.370971e+00 1.141751e+02 3.130000e+01
    endloop
  endfacet
  facet normal 0.000000e+00 0.000000e+00 1.000000e+00
    outer loop
      vertex   -1.370971e+00 1.141751e+02 3.130000e+01
      vertex   -2.850000e+00 1.121500e+02 3.130000e+01
      vertex   -1.161593e+00 1.138997e+02 3.130000e+01
    endloop
  endfacet
  facet normal 0.000000e+00 0.000000e+00 1.000000e+00
    outer loop
      vertex   -1.161593e+00 1.138997e+02 3.130000e+01
      vertex   -2.850000e+00 1.121500e+02 3.130000e+01
      vertex   -8.978993e-01 1.136757e+02 3.130000e+01
    endloop
  endfacet
  facet normal 0.000000e+00 0.000000e+00 1.000000e+00
    outer loop
      vertex   -8.978993e-01 1.136757e+02 3.130000e+01
      vertex   -2.850000e+00 1.121500e+02 3.130000e+01
      vertex   -5.922210e-01 1.135136e+02 3.130000e+01
    endloop
  endfacet
  facet normal 0.000000e+00 0.000000e+00 1.000000e+00
    outer loop
      vertex   -5.922210e-01 1.135136e+02 3.130000e+01
      vertex   -2.850000e+00 1.121500e+02 3.130000e+01
      vertex   -2.588512e-01 1.134211e+02 3.130000e+01
    endloop
  endfacet
  facet normal 0.000000e+00 0.000000e+00 1.000000e+00
    outer loop
      vertex   -2.588512e-01 1.134211e+02 3.130000e+01
      vertex   -2.850000e+00 1.121500e+02 3.130000e+01
      vertex   8.662225e-02 1.134023e+02 3.130000e+01
    endloop
  endfacet
  facet normal 0.000000e+00 0.000000e+00 1.000000e+00
    outer loop
      vertex   8.662225e-02 1.134023e+02 3.130000e+01
      vertex   -2.850000e+00 1.121500e+02 3.130000e+01
      vertex   2.850000e+00 1.121500e+02 3.130000e+01
    endloop
  endfacet
  facet normal -0.000000e+00 0.000000e+00 1.000000e+00
    outer loop
      vertex   8.662225e-02 1.134023e+02 3.130000e+01
      vertex   2.850000e+00 1.121500e+02 3.130000e+01
      vertex   4.280453e-01 1.134583e+02 3.130000e+01
    endloop
  endfacet
  facet normal -0.000000e+00 0.000000e+00 1.000000e+00
    outer loop
      vertex   4.280453e-01 1.134583e+02 3.130000e+01
      vertex   2.850000e+00 1.121500e+02 3.130000e+01
      vertex   7.494535e-01 1.135864e+02 3.130000e+01
    endloop
  endfacet
  facet normal -0.000000e+00 0.000000e+00 1.000000e+00
    outer loop
      vertex   7.494535e-01 1.135864e+02 3.130000e+01
      vertex   2.850000e+00 1.121500e+02 3.130000e+01
      vertex   1.035818e+00 1.137805e+02 3.130000e+01
    endloop
  endfacet
  facet normal -0.000000e+00 0.000000e+00 1.000000e+00
    outer loop
      vertex   1.035818e+00 1.137805e+02 3.130000e+01
      vertex   2.850000e+00 1.121500e+02 3.130000e+01
      vertex   1.273749e+00 1.140317e+02 3.130000e+01
    endloop
  endfacet
  facet normal -0.000000e+00 0.000000e+00 1.000000e+00
    outer loop
      vertex   1.273749e+00 1.140317e+02 3.130000e+01
      vertex   2.850000e+00 1.121500e+02 3.130000e+01
      vertex   1.452121e+00 1.143282e+02 3.130000e+01
    endloop
  endfacet
  facet normal -0.000000e+00 0.000000e+00 1.000000e+00
    outer loop
      vertex   1.452121e+00 1.143282e+02 3.130000e+01
      vertex   2.850000e+00 1.121500e+02 3.130000e+01
      vertex   1.562593e+00 1.146560e+02 3.130000e+01
    endloop
  endfacet
  facet normal 1.000000e+00 7.612958e-16 1.369941e-16
    outer loop
      vertex   1.300000e+01 1.130000e+02 -5.900000e+00
      vertex   1.300000e+01 1.200000e+02 -5.900000e+00
      vertex   1.300000e+01 1.130000e+02 3.300000e+01
    endloop
  endfacet
  facet normal 1.000000e+00 -0.000000e+00 0.000000e+00
    outer loop
      vertex   1.300000e+01 1.130000e+02 3.300000e+01
      vertex   1.300000e+01 1.200000e+02 -5.900000e+00
      vertex   1.300000e+01 1.200000e+02 3.300000e+01
    endloop
  endfacet
  facet normal 3.835153e-02 9.992643e-01 -0.000000e+00
    outer loop
      vertex   1.500000e+01 1.200000e+02 -1.200000e+01
      vertex   1.500000e+01 1.200000e+02 -5.900000e+00
      vertex   1.729940e+01 1.199117e+02 -1.200000e+01
    endloop
  endfacet
  facet normal 3.835153e-02 9.992643e-01 -0.000000e+00
    outer loop
      vertex   1.729940e+01 1.199117e+02 -1.200000e+01
      vertex   1.500000e+01 1.200000e+02 -5.900000e+00
      vertex   1.729940e+01 1.199117e+02 -5.900000e+00
    endloop
  endfacet
  facet normal 1.148290e-01 9.933853e-01 -0.000000e+00
    outer loop
      vertex   1.729940e+01 1.199117e+02 -1.200000e+01
      vertex   1.729940e+01 1.199117e+02 -5.900000e+00
      vertex   1.958527e+01 1.196475e+02 -1.200000e+01
    endloop
  endfacet
  facet normal 1.148290e-01 9.933853e-01 -0.000000e+00
    outer loop
      vertex   1.958527e+01 1.196475e+02 -1.200000e+01
      vertex   1.729940e+01 1.199117e+02 -5.900000e+00
      vertex   1.958527e+01 1.196475e+02 -5.900000e+00
    endloop
  endfacet
  facet normal 1.906308e-01 9.816618e-01 -0.000000e+00
    outer loop
      vertex   1.958527e+01 1.196475e+02 -1.200000e+01
      vertex   1.958527e+01 1.196475e+02 -5.900000e+00
      vertex   2.184416e+01 1.192089e+02 -1.200000e+01
    endloop
  endfacet
  facet normal 1.906308e-01 9.816618e-01 -0.000000e+00
    outer loop
      vertex   2.184416e+01 1.192089e+02 -1.200000e+01
      vertex   1.958527e+01 1.196475e+02 -5.900000e+00
      vertex   2.184416e+01 1.192089e+02 -5.900000e+00
    endloop
  endfacet
  facet normal 2.653111e-01 9.641629e-01 -0.000000e+00
    outer loop
      vertex   2.184416e+01 1.192089e+02 -1.200000e+01
      vertex   2.184416e+01 1.192089e+02 -5.900000e+00
      vertex   2.406279e+01 1.185984e+02 -1.200000e+01
    endloop
  endfacet
  facet normal 2.653111e-01 9.641629e-01 -0.000000e+00
    outer loop
      vertex   2.406279e+01 1.185984e+02 -1.200000e+01
      vertex   2.184416e+01 1.192089e+02 -5.900000e+00
      vertex   2.406279e+01 1.185984e+02 -5.900000e+00
    endloop
  endfacet
  facet normal 3.384305e-01 9.409914e-01 -0.000000e+00
    outer loop
      vertex   2.406279e+01 1.185984e+02 -1.200000e+01
      vertex   2.406279e+01 1.185984e+02 -5.900000e+00
      vertex   2.622810e+01 1.178196e+02 -1.200000e+01
    endloop
  endfacet
  facet normal 3.384305e-01 9.409914e-01 4.581464e-15
    outer loop
      vertex   2.622810e+01 1.178196e+02 -1.200000e+01
      vertex   2.406279e+01 1.185984e+02 -5.900000e+00
      vertex   2.622810e+01 1.178196e+02 -5.900000e+00
    endloop
  endfacet
  facet normal 4.095587e-01 9.122837e-01 4.489133e-15
    outer loop
      vertex   2.622810e+01 1.178196e+02 -1.200000e+01
      vertex   2.622810e+01 1.178196e+02 -5.900000e+00
      vertex   2.832735e+01 1.168772e+02 -1.200000e+01
    endloop
  endfacet
  facet normal 4.095587e-01 9.122837e-01 -0.000000e+00
    outer loop
      vertex   2.832735e+01 1.168772e+02 -1.200000e+01
      vertex   2.622810e+01 1.178196e+02 -5.900000e+00
      vertex   2.832735e+01 1.168772e+02 -5.900000e+00
    endloop
  endfacet
  facet normal 4.782774e-01 8.782088e-01 -0.000000e+00
    outer loop
      vertex   2.832735e+01 1.168772e+02 -1.200000e+01
      vertex   2.832735e+01 1.168772e+02 -5.900000e+00
      vertex   3.034819e+01 1.157766e+02 -1.200000e+01
    endloop
  endfacet
  facet normal 4.782774e-01 8.782088e-01 3.160136e-15
    outer loop
      vertex   3.034819e+01 1.157766e+02 -1.200000e+01
      vertex   2.832735e+01 1.168772e+02 -5.900000e+00
      vertex   3.034819e+01 1.157766e+02 -5.900000e+00
    endloop
  endfacet
  facet normal 5.551987e-01 8.317178e-01 3.231028e-15
    outer loop
      vertex   3.034819e+01 1.157766e+02 -1.200000e+01
      vertex   3.034819e+01 1.157766e+02 -5.900000e+00
      vertex   3.206239e+01 1.146323e+02 -1.200000e+01
    endloop
  endfacet
  facet normal 5.551987e-01 8.317178e-01 -0.000000e+00
    outer loop
      vertex   3.206239e+01 1.146323e+02 -1.200000e+01
      vertex   3.034819e+01 1.157766e+02 -5.900000e+00
      vertex   3.206239e+01 1.146323e+02 -5.900000e+00
    endloop
  endfacet
  facet normal 6.378468e-01 7.701633e-01 -0.000000e+00
    outer loop
      vertex   3.206239e+01 1.146323e+02 -1.200000e+01
      vertex   3.206239e+01 1.146323e+02 -5.900000e+00
      vertex   3.364972e+01 1.133177e+02 -1.200000e+01
    endloop
  endfacet
  facet normal 6.378468e-01 7.701633e-01 -0.000000e+00
    outer loop
      vertex   3.364972e+01 1.133177e+02 -1.200000e+01
      vertex   3.206239e+01 1.146323e+02 -5.900000e+00
      vertex   3.364972e+01 1.133177e+02 -5.900000e+00
    endloop
  endfacet
  facet normal 7.137211e-01 7.004300e-01 -0.000000e+00
    outer loop
      vertex   3.364972e+01 1.133177e+02 -1.200000e+01
      vertex   3.364972e+01 1.133177e+02 -5.900000e+00
      vertex   3.509333e+01 1.118467e+02 -1.200000e+01
    endloop
  endfacet
  facet normal 7.137211e-01 7.004300e-01 -0.000000e+00
    outer loop
      vertex   3.509333e+01 1.118467e+02 -1.200000e+01
      vertex   3.364972e+01 1.133177e+02 -5.900000e+00
      vertex   3.509333e+01 1.118467e+02 -5.900000e+00
    endloop
  endfacet
  facet normal 7.820160e-01 6.232583e-01 -0.000000e+00
    outer loop
      vertex   3.509333e+01 1.118467e+02 -1.200000e+01
      vertex   3.509333e+01 1.118467e+02 -5.900000e+00
      vertex   3.637789e+01 1.102349e+02 -1.200000e+01
    endloop
  endfacet
  facet normal 7.820160e-01 6.232583e-01 -0.000000e+00
    outer loop
      vertex   3.637789e+01 1.102349e+02 -1.200000e+01
      vertex   3.509333e+01 1.118467e+02 -5.900000e+00
      vertex   3.637789e+01 1.102349e+02 -5.900000e+00
    endloop
  endfacet
  facet normal 8.420062e-01 5.394679e-01 -0.000000e+00
    outer loop
      vertex   3.637789e+01 1.102349e+02 -1.200000e+01
      vertex   3.637789e+01 1.102349e+02 -5.900000e+00
      vertex   3.748975e+01 1.084995e+02 -1.200000e+01
    endloop
  endfacet
  facet normal 8.420062e-01 5.394679e-01 2.759814e-16
    outer loop
      vertex   3.748975e+01 1.084995e+02 -1.200000e+01
      vertex   3.637789e+01 1.102349e+02 -5.900000e+00
      vertex   3.748975e+01 1.084995e+02 -5.900000e+00
    endloop
  endfacet
  facet normal 8.930545e-01 4.499485e-01 7.970309e-18
    outer loop
      vertex   3.748975e+01 1.084995e+02 -1.200000e+01
      vertex   3.748975e+01 1.084995e+02 -5.900000e+00
      vertex   3.841711e+01 1.066589e+02 -1.200000e+01
    endloop
  endfacet
  facet normal 8.930545e-01 4.499485e-01 -0.000000e+00
    outer loop
      vertex   3.841711e+01 1.066589e+02 -1.200000e+01
      vertex   3.748975e+01 1.084995e+02 -5.900000e+00
      vertex   3.841711e+01 1.066589e+02 -5.900000e+00
    endloop
  endfacet
  facet normal 9.346189e-01 3.556508e-01 -0.000000e+00
    outer loop
      vertex   3.841711e+01 1.066589e+02 -1.200000e+01
      vertex   3.841711e+01 1.066589e+02 -5.900000e+00
      vertex   3.915011e+01 1.047326e+02 -1.200000e+01
    endloop
  endfacet
  facet normal 9.346189e-01 3.556508e-01 8.285413e-16
    outer loop
      vertex   3.915011e+01 1.047326e+02 -1.200000e+01
      vertex   3.841711e+01 1.066589e+02 -5.900000e+00
      vertex   3.915011e+01 1.047326e+02 -5.900000e+00
    endloop
  endfacet
  facet normal 9.662580e-01 2.575762e-01 6.000620e-16
    outer loop
      vertex   3.915011e+01 1.047326e+02 -1.200000e+01
      vertex   3.915011e+01 1.047326e+02 -5.900000e+00
      vertex   3.968099e+01 1.027411e+02 -1.200000e+01
    endloop
  endfacet
  facet normal 9.662580e-01 2.575762e-01 1.200124e-15
    outer loop
      vertex   3.968099e+01 1.027411e+02 -1.200000e+01
      vertex   3.915011e+01 1.047326e+02 -5.900000e+00
      vertex   3.968099e+01 1.027411e+02 -5.900000e+00
    endloop
  endfacet
  facet normal 9.876357e-01 1.567663e-01 7.304205e-16
    outer loop
      vertex   3.968099e+01 1.027411e+02 -1.200000e+01
      vertex   3.968099e+01 1.027411e+02 -5.900000e+00
      vertex   4.000409e+01 1.007056e+02 -1.200000e+01
    endloop
  endfacet
  facet normal 9.876357e-01 1.567663e-01 -2.300844e-15
    outer loop
      vertex   4.000409e+01 1.007056e+02 -1.200000e+01
      vertex   3.968099e+01 1.027411e+02 -5.900000e+00
      vertex   4.000409e+01 1.007056e+02 -5.900000e+00
    endloop
  endfacet
  facet normal 9.985251e-01 5.429150e-02 -2.326212e-15
    outer loop
      vertex   4.000409e+01 1.007056e+02 -1.200000e+01
      vertex   4.000409e+01 1.007056e+02 -5.900000e+00
      vertex   4.011599e+01 9.864759e+01 -1.200000e+01
    endloop
  endfacet
  facet normal 9.985251e-01 5.429150e-02 -0.000000e+00
    outer loop
      vertex   4.011599e+01 9.864759e+01 -1.200000e+01
      vertex   4.000409e+01 1.007056e+02 -5.900000e+00
      vertex   4.011599e+01 9.864759e+01 -5.900000e+00
    endloop
  endfacet
  facet normal 9.988105e-01 -4.875981e-02 0.000000e+00
    outer loop
      vertex   4.011599e+01 9.864759e+01 -1.200000e+01
      vertex   4.011599e+01 9.864759e+01 -5.900000e+00
      vertex   4.001549e+01 9.658901e+01 -1.200000e+01
    endloop
  endfacet
  facet normal 9.988105e-01 -4.875981e-02 1.163439e-15
    outer loop
      vertex   4.001549e+01 9.658901e+01 -1.200000e+01
      vertex   4.011599e+01 9.864759e+01 -5.900000e+00
      vertex   4.001549e+01 9.658901e+01 -5.900000e+00
    endloop
  endfacet
  facet normal 9.884889e-01 -1.512933e-01 1.151416e-15
    outer loop
      vertex   4.001549e+01 9.658901e+01 -1.200000e+01
      vertex   4.001549e+01 9.658901e+01 -5.900000e+00
      vertex   3.970367e+01 9.455170e+01 -1.200000e+01
    endloop
  endfacet
  facet normal 9.884889e-01 -1.512933e-01 0.000000e+00
    outer loop
      vertex   3.970367e+01 9.455170e+01 -1.200000e+01
      vertex   4.001549e+01 9.658901e+01 -5.900000e+00
      vertex   3.970367e+01 9.455170e+01 -5.900000e+00
    endloop
  endfacet
  facet normal 9.676699e-01 -2.522201e-01 0.000000e+00
    outer loop
      vertex   3.970367e+01 9.455170e+01 -1.200000e+01
      vertex   3.970367e+01 9.455170e+01 -5.900000e+00
      vertex   3.918383e+01 9.255730e+01 -1.200000e+01
    endloop
  endfacet
  facet normal 9.676699e-01 -2.522201e-01 2.254331e-15
    outer loop
      vertex   3.918383e+01 9.255730e+01 -1.200000e+01
      vertex   3.970367e+01 9.455170e+01 -5.900000e+00
      vertex   3.918383e+01 9.255730e+01 -5.900000e+00
    endloop
  endfacet
  facet normal 9.365745e-01 -3.504685e-01 2.181889e-15
    outer loop
      vertex   3.918383e+01 9.255730e+01 -1.200000e+01
      vertex   3.918383e+01 9.255730e+01 -5.900000e+00
      vertex   3.846151e+01 9.062699e+01 -1.200000e+01
    endloop
  endfacet
  facet normal 9.365745e-01 -3.504685e-01 2.744764e-16
    outer loop
      vertex   3.846151e+01 9.062699e+01 -1.200000e+01
      vertex   3.918383e+01 9.255730e+01 -5.900000e+00
      vertex   3.846151e+01 9.062699e+01 -5.900000e+00
    endloop
  endfacet
  facet normal 8.955331e-01 -4.449949e-01 6.456833e-18
    outer loop
      vertex   3.846151e+01 9.062699e+01 -1.200000e+01
      vertex   3.846151e+01 9.062699e+01 -5.900000e+00
      vertex   3.754436e+01 8.878126e+01 -1.200000e+01
    endloop
  endfacet
  facet normal 8.955331e-01 -4.449949e-01 -1.030225e-15
    outer loop
      vertex   3.754436e+01 8.878126e+01 -1.200000e+01
      vertex   3.846151e+01 9.062699e+01 -5.900000e+00
      vertex   3.754436e+01 8.878126e+01 -5.900000e+00
    endloop
  endfacet
  facet normal 8.449814e-01 -5.347957e-01 -1.507517e-15
    outer loop
      vertex   3.754436e+01 8.878126e+01 -1.200000e+01
      vertex   3.754436e+01 8.878126e+01 -5.900000e+00
      vertex   3.644213e+01 8.703973e+01 -1.200000e+01
    endloop
  endfacet
  facet normal 8.449814e-01 -5.347957e-01 7.226235e-16
    outer loop
      vertex   3.644213e+01 8.703973e+01 -1.200000e+01
      vertex   3.754436e+01 8.878126e+01 -5.900000e+00
      vertex   3.644213e+01 8.703973e+01 -5.900000e+00
    endloop
  endfacet
  facet normal 7.854563e-01 -6.189172e-01 3.879775e-16
    outer loop
      vertex   3.644213e+01 8.703973e+01 -1.200000e+01
      vertex   3.644213e+01 8.703973e+01 -5.900000e+00
      vertex   3.516652e+01 8.542087e+01 -1.200000e+01
    endloop
  endfacet
  facet normal 7.854563e-01 -6.189172e-01 -1.053882e-15
    outer loop
      vertex   3.516652e+01 8.542087e+01 -1.200000e+01
      vertex   3.644213e+01 8.703973e+01 -5.900000e+00
      vertex   3.516652e+01 8.542087e+01 -5.900000e+00
    endloop
  endfacet
  facet normal 7.743894e-01 -6.327093e-01 -1.143925e-15
    outer loop
      vertex   3.516652e+01 8.542087e+01 -1.200000e+01
      vertex   3.516652e+01 8.542087e+01 -5.900000e+00
      vertex   3.308179e+01 8.286932e+01 -1.200000e+01
    endloop
  endfacet
  facet normal 7.743894e-01 -6.327093e-01 -1.242496e-14
    outer loop
      vertex   3.308179e+01 8.286932e+01 -1.200000e+01
      vertex   3.516652e+01 8.542087e+01 -5.900000e+00
      vertex   3.308179e+01 8.286932e+01 -5.900000e+00
    endloop
  endfacet
  facet normal 8.154347e-01 -5.788491e-01 7.073071e-15
    outer loop
      vertex   3.308179e+01 8.286932e+01 -1.200000e+01
      vertex   3.308179e+01 8.286932e+01 -5.900000e+00
      vertex   3.117453e+01 8.018253e+01 -1.200000e+01
    endloop
  endfacet
  facet normal 8.154347e-01 -5.788491e-01 -2.126152e-14
    outer loop
      vertex   3.117453e+01 8.018253e+01 -1.200000e+01
      vertex   3.308179e+01 8.286932e+01 -5.900000e+00
      vertex   3.117453e+01 8.018253e+01 -5.900000e+00
    endloop
  endfacet
  facet normal 8.527407e-01 -5.223344e-01 1.778996e-14
    outer loop
      vertex   3.117453e+01 8.018253e+01 -1.200000e+01
      vertex   3.117453e+01 8.018253e+01 -5.900000e+00
      vertex   2.945348e+01 7.737282e+01 -1.200000e+01
    endloop
  endfacet
  facet normal 8.527407e-01 -5.223344e-01 -2.954861e-14
    outer loop
      vertex   2.945348e+01 7.737282e+01 -1.200000e+01
      vertex   3.117453e+01 8.018253e+01 -5.900000e+00
      vertex   2.945348e+01 7.737282e+01 -5.900000e+00
    endloop
  endfacet
  facet normal 8.861364e-01 -4.634245e-01 2.864537e-14
    outer loop
      vertex   2.945348e+01 7.737282e+01 -1.200000e+01
      vertex   2.945348e+01 7.737282e+01 -5.900000e+00
      vertex   2.792653e+01 7.445307e+01 -1.200000e+01
    endloop
  endfacet
  facet normal 8.861364e-01 -4.634245e-01 -3.799222e-14
    outer loop
      vertex   2.792653e+01 7.445307e+01 -1.200000e+01
      vertex   2.945348e+01 7.737282e+01 -5.900000e+00
      vertex   2.792653e+01 7.445307e+01 -5.900000e+00
    endloop
  endfacet
  facet normal 9.154685e-01 -4.023896e-01 3.939375e-14
    outer loop
      vertex   2.792653e+01 7.445307e+01 -1.200000e+01
      vertex   2.792653e+01 7.445307e+01 -5.900000e+00
      vertex   2.660069e+01 7.143667e+01 -1.200000e+01
    endloop
  endfacet
  facet normal 9.154685e-01 -4.023896e-01 -4.873494e-14
    outer loop
      vertex   2.660069e+01 7.143667e+01 -1.200000e+01
      vertex   2.792653e+01 7.445307e+01 -5.900000e+00
      vertex   2.660069e+01 7.143667e+01 -5.900000e+00
    endloop
  endfacet
  facet normal 9.406027e-01 -3.395094e-01 4.792348e-14
    outer loop
      vertex   2.660069e+01 7.143667e+01 -1.200000e+01
      vertex   2.660069e+01 7.143667e+01 -5.900000e+00
      vertex   2.548203e+01 6.833746e+01 -1.200000e+01
    endloop
  endfacet
  facet normal 9.406027e-01 -3.395094e-01 -5.763748e-14
    outer loop
      vertex   2.548203e+01 6.833746e+01 -1.200000e+01
      vertex   2.660069e+01 7.143667e+01 -5.900000e+00
      vertex   2.548203e+01 6.833746e+01 -5.900000e+00
    endloop
  endfacet
  facet normal 9.614235e-01 -2.750723e-01 5.825559e-14
    outer loop
      vertex   2.548203e+01 6.833746e+01 -1.200000e+01
      vertex   2.548203e+01 6.833746e+01 -5.900000e+00
      vertex   2.457569e+01 6.516965e+01 -1.200000e+01
    endloop
  endfacet
  facet normal 9.614235e-01 -2.750723e-01 -6.672977e-14
    outer loop
      vertex   2.457569e+01 6.516965e+01 -1.200000e+01
      vertex   2.548203e+01 6.833746e+01 -5.900000e+00
      vertex   2.457569e+01 6.516965e+01 -5.900000e+00
    endloop
  endfacet
  facet normal 9.778357e-01 -2.093739e-01 6.857372e-14
    outer loop
      vertex   2.457569e+01 6.516965e+01 -1.200000e+01
      vertex   2.457569e+01 6.516965e+01 -5.900000e+00
      vertex   2.388582e+01 6.194776e+01 -1.200000e+01
    endloop
  endfacet
  facet normal 9.778357e-01 -2.093739e-01 -7.635544e-14
    outer loop
      vertex   2.388582e+01 6.194776e+01 -1.200000e+01
      vertex   2.457569e+01 6.516965e+01 -5.900000e+00
      vertex   2.388582e+01 6.194776e+01 -5.900000e+00
    endloop
  endfacet
  facet normal 9.897638e-01 -1.427153e-01 7.823011e-14
    outer loop
      vertex   2.388582e+01 6.194776e+01 -1.200000e+01
      vertex   2.388582e+01 6.194776e+01 -5.900000e+00
      vertex   2.341558e+01 5.868656e+01 -1.200000e+01
    endloop
  endfacet
  facet normal 9.897638e-01 -1.427153e-01 -8.580243e-14
    outer loop
      vertex   2.341558e+01 5.868656e+01 -1.200000e+01
      vertex   2.388582e+01 6.194776e+01 -5.900000e+00
      vertex   2.341558e+01 5.868656e+01 -5.900000e+00
    endloop
  endfacet
  facet normal 9.971532e-01 -7.540230e-02 8.806776e-14
    outer loop
      vertex   2.341558e+01 5.868656e+01 -1.200000e+01
      vertex   2.341558e+01 5.868656e+01 -5.900000e+00
      vertex   2.316714e+01 5.540102e+01 -1.200000e+01
    endloop
  endfacet
  facet normal 9.971532e-01 -7.540230e-02 -9.644721e-14
    outer loop
      vertex   2.316714e+01 5.540102e+01 -1.200000e+01
      vertex   2.341558e+01 5.868656e+01 -5.900000e+00
      vertex   2.316714e+01 5.540102e+01 -5.900000e+00
    endloop
  endfacet
  facet normal 9.999700e-01 -7.743531e-03 9.673692e-14
    outer loop
      vertex   2.316714e+01 5.540102e+01 -1.200000e+01
      vertex   2.316714e+01 5.540102e+01 -5.900000e+00
      vertex   2.314163e+01 5.210620e+01 -1.200000e+01
    endloop
  endfacet
  facet normal 9.999700e-01 -7.743531e-03 -1.075819e-13
    outer loop
      vertex   2.314163e+01 5.210620e+01 -1.200000e+01
      vertex   2.316714e+01 5.540102e+01 -5.900000e+00
      vertex   2.314163e+01 5.210620e+01 -5.900000e+00
    endloop
  endfacet
  facet normal 9.982013e-01 5.995075e-02 1.049925e-13
    outer loop
      vertex   2.314163e+01 5.210620e+01 -1.200000e+01
      vertex   2.314163e+01 5.210620e+01 -5.900000e+00
      vertex   2.333916e+01 4.881721e+01 -1.200000e+01
    endloop
  endfacet
  facet normal 9.982013e-01 5.995075e-02 -1.137476e-13
    outer loop
      vertex   2.333916e+01 4.881721e+01 -1.200000e+01
      vertex   2.314163e+01 5.210620e+01 -5.900000e+00
      vertex   2.333916e+01 4.881721e+01 -5.900000e+00
    endloop
  endfacet
  facet normal 9.956827e-01 9.282254e-02 -9.473444e-16
    outer loop
      vertex   2.333916e+01 4.881721e+01 -1.200000e+01
      vertex   2.333916e+01 4.881721e+01 -5.900000e+00
      vertex   2.399003e+01 4.183546e+01 -1.200000e+01
    endloop
  endfacet
  facet normal 9.956827e-01 9.282254e-02 9.514274e-15
    outer loop
      vertex   2.399003e+01 4.183546e+01 -1.200000e+01
      vertex   2.333916e+01 4.881721e+01 -5.900000e+00
      vertex   2.399003e+01 4.183546e+01 -5.900000e+00
    endloop
  endfacet
  facet normal 9.958473e-01 9.103905e-02 5.712839e-15
    outer loop
      vertex   2.399003e+01 4.183546e+01 -1.200000e+01
      vertex   2.399003e+01 4.183546e+01 -5.900000e+00
      vertex   2.462840e+01 3.485255e+01 -1.200000e+01
    endloop
  endfacet
  facet normal 9.958473e-01 9.103905e-02 2.658338e-15
    outer loop
      vertex   2.462840e+01 3.485255e+01 -1.200000e+01
      vertex   2.399003e+01 4.183546e+01 -5.900000e+00
      vertex   2.462840e+01 3.485255e+01 -5.900000e+00
    endloop
  endfacet
  facet normal 9.960088e-01 8.925528e-02 8.989902e-16
    outer loop
      vertex   2.462840e+01 3.485255e+01 -1.200000e+01
      vertex   2.462840e+01 3.485255e+01 -5.900000e+00
      vertex   2.525426e+01 2.786852e+01 -1.200000e+01
    endloop
  endfacet
  facet normal 9.960088e-01 8.925528e-02 -3.622534e-14
    outer loop
      vertex   2.525426e+01 2.786852e+01 -1.200000e+01
      vertex   2.462840e+01 3.485255e+01 -5.900000e+00
      vertex   2.525426e+01 2.786852e+01 -5.900000e+00
    endloop
  endfacet
  facet normal -4.782774e-01 8.782088e-01 -1.392773e-15
    outer loop
      vertex   -3.034819e+01 1.157766e+02 -1.200000e+01
      vertex   -3.034819e+01 1.157766e+02 -5.900000e+00
      vertex   -2.832735e+01 1.168772e+02 -1.200000e+01
    endloop
  endfacet
  facet normal -4.782774e-01 8.782088e-01 1.210254e-15
    outer loop
      vertex   -2.832735e+01 1.168772e+02 -1.200000e+01
      vertex   -3.034819e+01 1.157766e+02 -5.900000e+00
      vertex   -2.832735e+01 1.168772e+02 -5.900000e+00
    endloop
  endfacet
  facet normal -4.095587e-01 9.122837e-01 1.409704e-15
    outer loop
      vertex   -2.832735e+01 1.168772e+02 -1.200000e+01
      vertex   -2.832735e+01 1.168772e+02 -5.900000e+00
      vertex   -2.622810e+01 1.178196e+02 -1.200000e+01
    endloop
  endfacet
  facet normal -4.095587e-01 9.122837e-01 -4.770639e-16
    outer loop
      vertex   -2.622810e+01 1.178196e+02 -1.200000e+01
      vertex   -2.832735e+01 1.168772e+02 -5.900000e+00
      vertex   -2.622810e+01 1.178196e+02 -5.900000e+00
    endloop
  endfacet
  facet normal -3.384305e-01 9.409914e-01 -3.942120e-16
    outer loop
      vertex   -2.622810e+01 1.178196e+02 -1.200000e+01
      vertex   -2.622810e+01 1.178196e+02 -5.900000e+00
      vertex   -2.406279e+01 1.185984e+02 -1.200000e+01
    endloop
  endfacet
  facet normal -3.384305e-01 9.409914e-01 1.403755e-15
    outer loop
      vertex   -2.406279e+01 1.185984e+02 -1.200000e+01
      vertex   -2.622810e+01 1.178196e+02 -5.900000e+00
      vertex   -2.406279e+01 1.185984e+02 -5.900000e+00
    endloop
  endfacet
  facet normal -2.653111e-01 9.641629e-01 1.628079e-15
    outer loop
      vertex   -2.406279e+01 1.185984e+02 -1.200000e+01
      vertex   -2.406279e+01 1.185984e+02 -5.900000e+00
      vertex   -2.184416e+01 1.192089e+02 -1.200000e+01
    endloop
  endfacet
  facet normal -2.653111e-01 9.641629e-01 0.000000e+00
    outer loop
      vertex   -2.184416e+01 1.192089e+02 -1.200000e+01
      vertex   -2.406279e+01 1.185984e+02 -5.900000e+00
      vertex   -2.184416e+01 1.192089e+02 -5.900000e+00
    endloop
  endfacet
  facet normal -1.906308e-01 9.816618e-01 0.000000e+00
    outer loop
      vertex   -2.184416e+01 1.192089e+02 -1.200000e+01
      vertex   -2.184416e+01 1.192089e+02 -5.900000e+00
      vertex   -1.958527e+01 1.196475e+02 -1.200000e+01
    endloop
  endfacet
  facet normal -1.906308e-01 9.816618e-01 -2.220514e-16
    outer loop
      vertex   -1.958527e+01 1.196475e+02 -1.200000e+01
      vertex   -2.184416e+01 1.192089e+02 -5.900000e+00
      vertex   -1.958527e+01 1.196475e+02 -5.900000e+00
    endloop
  endfacet
  facet normal -1.148290e-01 9.933853e-01 -1.337555e-16
    outer loop
      vertex   -1.958527e+01 1.196475e+02 -1.200000e+01
      vertex   -1.958527e+01 1.196475e+02 -5.900000e+00
      vertex   -1.729940e+01 1.199117e+02 -1.200000e+01
    endloop
  endfacet
  facet normal -1.148290e-01 9.933853e-01 -1.337555e-16
    outer loop
      vertex   -1.729940e+01 1.199117e+02 -1.200000e+01
      vertex   -1.958527e+01 1.196475e+02 -5.900000e+00
      vertex   -1.729940e+01 1.199117e+02 -5.900000e+00
    endloop
  endfacet
  facet normal -3.835153e-02 9.992643e-01 -4.467279e-17
    outer loop
      vertex   -1.729940e+01 1.199117e+02 -1.200000e+01
      vertex   -1.729940e+01 1.199117e+02 -5.900000e+00
      vertex   -1.500000e+01 1.200000e+02 -1.200000e+01
    endloop
  endfacet
  facet normal -3.835153e-02 9.992643e-01 0.000000e+00
    outer loop
      vertex   -1.500000e+01 1.200000e+02 -1.200000e+01
      vertex   -1.729940e+01 1.199117e+02 -5.900000e+00
      vertex   -1.500000e+01 1.200000e+02 -5.900000e+00
    endloop
  endfacet
  facet normal -7.854563e-01 -6.189172e-01 -9.149184e-16
    outer loop
      vertex   -3.516652e+01 8.542087e+01 -1.200000e+01
      vertex   -3.516652e+01 8.542087e+01 -5.900000e+00
      vertex   -3.644213e+01 8.703973e+01 -1.200000e+01
    endloop
  endfacet
  facet normal -7.854563e-01 -6.189172e-01 5.269409e-16
    outer loop
      vertex   -3.644213e+01 8.703973e+01 -1.200000e+01
      vertex   -3.516652e+01 8.542087e+01 -5.900000e+00
      vertex   -3.644213e+01 8.703973e+01 -5.900000e+00
    endloop
  endfacet
  facet normal -8.449814e-01 -5.347957e-01 2.616313e-16
    outer loop
      vertex   -3.644213e+01 8.703973e+01 -1.200000e+01
      vertex   -3.644213e+01 8.703973e+01 -5.900000e+00
      vertex   -3.754436e+01 8.878126e+01 -1.200000e+01
    endloop
  endfacet
  facet normal -8.449814e-01 -5.347957e-01 -9.842547e-16
    outer loop
      vertex   -3.754436e+01 8.878126e+01 -1.200000e+01
      vertex   -3.644213e+01 8.703973e+01 -5.900000e+00
      vertex   -3.754436e+01 8.878126e+01 -5.900000e+00
    endloop
  endfacet
  facet normal -8.955331e-01 -4.449949e-01 -1.043139e-15
    outer loop
      vertex   -3.754436e+01 8.878126e+01 -1.200000e+01
      vertex   -3.754436e+01 8.878126e+01 -5.900000e+00
      vertex   -3.846151e+01 9.062699e+01 -1.200000e+01
    endloop
  endfacet
  facet normal -8.955331e-01 -4.449949e-01 0.000000e+00
    outer loop
      vertex   -3.846151e+01 9.062699e+01 -1.200000e+01
      vertex   -3.754436e+01 8.878126e+01 -5.900000e+00
      vertex   -3.846151e+01 9.062699e+01 -5.900000e+00
    endloop
  endfacet
  facet normal -9.365745e-01 -3.504685e-01 0.000000e+00
    outer loop
      vertex   -3.846151e+01 9.062699e+01 -1.200000e+01
      vertex   -3.846151e+01 9.062699e+01 -5.900000e+00
      vertex   -3.918383e+01 9.255730e+01 -1.200000e+01
    endloop
  endfacet
  facet normal -9.365745e-01 -3.504685e-01 0.000000e+00
    outer loop
      vertex   -3.918383e+01 9.255730e+01 -1.200000e+01
      vertex   -3.846151e+01 9.062699e+01 -5.900000e+00
      vertex   -3.918383e+01 9.255730e+01 -5.900000e+00
    endloop
  endfacet
  facet normal -9.676699e-01 -2.522201e-01 0.000000e+00
    outer loop
      vertex   -3.918383e+01 9.255730e+01 -1.200000e+01
      vertex   -3.918383e+01 9.255730e+01 -5.900000e+00
      vertex   -3.970367e+01 9.455170e+01 -1.200000e+01
    endloop
  endfacet
  facet normal -9.676699e-01 -2.522201e-01 1.127165e-15
    outer loop
      vertex   -3.970367e+01 9.455170e+01 -1.200000e+01
      vertex   -3.918383e+01 9.255730e+01 -5.900000e+00
      vertex   -3.970367e+01 9.455170e+01 -5.900000e+00
    endloop
  endfacet
  facet normal -9.884889e-01 -1.512933e-01 1.151416e-15
    outer loop
      vertex   -3.970367e+01 9.455170e+01 -1.200000e+01
      vertex   -3.970367e+01 9.455170e+01 -5.900000e+00
      vertex   -4.001549e+01 9.658901e+01 -1.200000e+01
    endloop
  endfacet
  facet normal -9.884889e-01 -1.512933e-01 0.000000e+00
    outer loop
      vertex   -4.001549e+01 9.658901e+01 -1.200000e+01
      vertex   -3.970367e+01 9.455170e+01 -5.900000e+00
      vertex   -4.001549e+01 9.658901e+01 -5.900000e+00
    endloop
  endfacet
  facet normal -9.988105e-01 -4.875981e-02 0.000000e+00
    outer loop
      vertex   -4.001549e+01 9.658901e+01 -1.200000e+01
      vertex   -4.001549e+01 9.658901e+01 -5.900000e+00
      vertex   -4.011599e+01 9.864759e+01 -1.200000e+01
    endloop
  endfacet
  facet normal -9.988105e-01 -4.875981e-02 0.000000e+00
    outer loop
      vertex   -4.011599e+01 9.864759e+01 -1.200000e+01
      vertex   -4.001549e+01 9.658901e+01 -5.900000e+00
      vertex   -4.011599e+01 9.864759e+01 -5.900000e+00
    endloop
  endfacet
  facet normal -9.985251e-01 5.429150e-02 0.000000e+00
    outer loop
      vertex   -4.011599e+01 9.864759e+01 -1.200000e+01
      vertex   -4.011599e+01 9.864759e+01 -5.900000e+00
      vertex   -4.000409e+01 1.007056e+02 -1.200000e+01
    endloop
  endfacet
  facet normal -9.985251e-01 5.429150e-02 0.000000e+00
    outer loop
      vertex   -4.000409e+01 1.007056e+02 -1.200000e+01
      vertex   -4.011599e+01 9.864759e+01 -5.900000e+00
      vertex   -4.000409e+01 1.007056e+02 -5.900000e+00
    endloop
  endfacet
  facet normal -9.876357e-01 1.567663e-01 0.000000e+00
    outer loop
      vertex   -4.000409e+01 1.007056e+02 -1.200000e+01
      vertex   -4.000409e+01 1.007056e+02 -5.900000e+00
      vertex   -3.968099e+01 1.027411e+02 -1.200000e+01
    endloop
  endfacet
  facet normal -9.876357e-01 1.567663e-01 7.304205e-16
    outer loop
      vertex   -3.968099e+01 1.027411e+02 -1.200000e+01
      vertex   -4.000409e+01 1.007056e+02 -5.900000e+00
      vertex   -3.968099e+01 1.027411e+02 -5.900000e+00
    endloop
  endfacet
  facet normal -9.662580e-01 2.575762e-01 1.200124e-15
    outer loop
      vertex   -3.968099e+01 1.027411e+02 -1.200000e+01
      vertex   -3.968099e+01 1.027411e+02 -5.900000e+00
      vertex   -3.915011e+01 1.047326e+02 -1.200000e+01
    endloop
  endfacet
  facet normal -9.662580e-01 2.575762e-01 6.000620e-16
    outer loop
      vertex   -3.915011e+01 1.047326e+02 -1.200000e+01
      vertex   -3.968099e+01 1.027411e+02 -5.900000e+00
      vertex   -3.915011e+01 1.047326e+02 -5.900000e+00
    endloop
  endfacet
  facet normal -9.346189e-01 3.556508e-01 8.285413e-16
    outer loop
      vertex   -3.915011e+01 1.047326e+02 -1.200000e+01
      vertex   -3.915011e+01 1.047326e+02 -5.900000e+00
      vertex   -3.841711e+01 1.066589e+02 -1.200000e+01
    endloop
  endfacet
  facet normal -9.346189e-01 3.556508e-01 8.285413e-16
    outer loop
      vertex   -3.841711e+01 1.066589e+02 -1.200000e+01
      vertex   -3.915011e+01 1.047326e+02 -5.900000e+00
      vertex   -3.841711e+01 1.066589e+02 -5.900000e+00
    endloop
  endfacet
  facet normal -8.930545e-01 4.499485e-01 1.048222e-15
    outer loop
      vertex   -3.841711e+01 1.066589e+02 -1.200000e+01
      vertex   -3.841711e+01 1.066589e+02 -5.900000e+00
      vertex   -3.748975e+01 1.084995e+02 -1.200000e+01
    endloop
  endfacet
  facet normal -8.930545e-01 4.499485e-01 1.048222e-15
    outer loop
      vertex   -3.748975e+01 1.084995e+02 -1.200000e+01
      vertex   -3.841711e+01 1.066589e+02 -5.900000e+00
      vertex   -3.748975e+01 1.084995e+02 -5.900000e+00
    endloop
  endfacet
  facet normal -8.420062e-01 5.394679e-01 1.256770e-15
    outer loop
      vertex   -3.748975e+01 1.084995e+02 -1.200000e+01
      vertex   -3.748975e+01 1.084995e+02 -5.900000e+00
      vertex   -3.637789e+01 1.102349e+02 -1.200000e+01
    endloop
  endfacet
  facet normal -8.420062e-01 5.394679e-01 2.759814e-16
    outer loop
      vertex   -3.637789e+01 1.102349e+02 -1.200000e+01
      vertex   -3.748975e+01 1.084995e+02 -5.900000e+00
      vertex   -3.637789e+01 1.102349e+02 -5.900000e+00
    endloop
  endfacet
  facet normal -7.820160e-01 6.232583e-01 5.410616e-16
    outer loop
      vertex   -3.637789e+01 1.102349e+02 -1.200000e+01
      vertex   -3.637789e+01 1.102349e+02 -5.900000e+00
      vertex   -3.509333e+01 1.118467e+02 -1.200000e+01
    endloop
  endfacet
  facet normal -7.820160e-01 6.232583e-01 -9.109111e-16
    outer loop
      vertex   -3.509333e+01 1.118467e+02 -1.200000e+01
      vertex   -3.637789e+01 1.102349e+02 -5.900000e+00
      vertex   -3.509333e+01 1.118467e+02 -5.900000e+00
    endloop
  endfacet
  facet normal -7.137211e-01 7.004300e-01 -8.313596e-16
    outer loop
      vertex   -3.509333e+01 1.118467e+02 -1.200000e+01
      vertex   -3.509333e+01 1.118467e+02 -5.900000e+00
      vertex   -3.364972e+01 1.133177e+02 -1.200000e+01
    endloop
  endfacet
  facet normal -7.137211e-01 7.004300e-01 -8.313596e-16
    outer loop
      vertex   -3.364972e+01 1.133177e+02 -1.200000e+01
      vertex   -3.509333e+01 1.118467e+02 -5.900000e+00
      vertex   -3.364972e+01 1.133177e+02 -5.900000e+00
    endloop
  endfacet
  facet normal -6.378468e-01 7.701633e-01 -7.429793e-16
    outer loop
      vertex   -3.364972e+01 1.133177e+02 -1.200000e+01
      vertex   -3.364972e+01 1.133177e+02 -5.900000e+00
      vertex   -3.206239e+01 1.146323e+02 -1.200000e+01
    endloop
  endfacet
  facet normal -6.378468e-01 7.701633e-01 -7.429793e-16
    outer loop
      vertex   -3.206239e+01 1.146323e+02 -1.200000e+01
      vertex   -3.364972e+01 1.133177e+02 -5.900000e+00
      vertex   -3.206239e+01 1.146323e+02 -5.900000e+00
    endloop
  endfacet
  facet normal -5.551987e-01 8.317178e-01 -6.467088e-16
    outer loop
      vertex   -3.206239e+01 1.146323e+02 -1.200000e+01
      vertex   -3.206239e+01 1.146323e+02 -5.900000e+00
      vertex   -3.034819e+01 1.157766e+02 -1.200000e+01
    endloop
  endfacet
  facet normal -5.551987e-01 8.317178e-01 -1.616772e-15
    outer loop
      vertex   -3.034819e+01 1.157766e+02 -1.200000e+01
      vertex   -3.206239e+01 1.146323e+02 -5.900000e+00
      vertex   -3.034819e+01 1.157766e+02 -5.900000e+00
    endloop
  endfacet
  facet normal -9.982013e-01 5.995075e-02 2.616140e-14
    outer loop
      vertex   -2.333916e+01 4.881721e+01 -1.200000e+01
      vertex   -2.333916e+01 4.881721e+01 -5.900000e+00
      vertex   -2.314163e+01 5.210620e+01 -1.200000e+01
    endloop
  endfacet
  facet normal -9.982013e-01 5.995075e-02 -1.883758e-15
    outer loop
      vertex   -2.314163e+01 5.210620e+01 -1.200000e+01
      vertex   -2.333916e+01 4.881721e+01 -5.900000e+00
      vertex   -2.314163e+01 5.210620e+01 -5.900000e+00
    endloop
  endfacet
  facet normal -9.999700e-01 -7.743531e-03 -1.729144e-15
    outer loop
      vertex   -2.314163e+01 5.210620e+01 -1.200000e+01
      vertex   -2.314163e+01 5.210620e+01 -5.900000e+00
      vertex   -2.316714e+01 5.540102e+01 -1.200000e+01
    endloop
  endfacet
  facet normal -9.999700e-01 -7.743531e-03 9.019852e-18
    outer loop
      vertex   -2.316714e+01 5.540102e+01 -1.200000e+01
      vertex   -2.314163e+01 5.210620e+01 -5.900000e+00
      vertex   -2.316714e+01 5.540102e+01 -5.900000e+00
    endloop
  endfacet
  facet normal -9.971532e-01 -7.540230e-02 8.783042e-17
    outer loop
      vertex   -2.316714e+01 5.540102e+01 -1.200000e+01
      vertex   -2.316714e+01 5.540102e+01 -5.900000e+00
      vertex   -2.341558e+01 5.868656e+01 -1.200000e+01
    endloop
  endfacet
  facet normal -9.971532e-01 -7.540230e-02 -4.050932e-16
    outer loop
      vertex   -2.341558e+01 5.868656e+01 -1.200000e+01
      vertex   -2.316714e+01 5.540102e+01 -5.900000e+00
      vertex   -2.341558e+01 5.868656e+01 -5.900000e+00
    endloop
  endfacet
  facet normal -9.897638e-01 -1.427153e-01 -2.439739e-16
    outer loop
      vertex   -2.341558e+01 5.868656e+01 -1.200000e+01
      vertex   -2.341558e+01 5.868656e+01 -5.900000e+00
      vertex   -2.388582e+01 6.194776e+01 -1.200000e+01
    endloop
  endfacet
  facet normal -9.897638e-01 -1.427153e-01 -7.773568e-17
    outer loop
      vertex   -2.388582e+01 6.194776e+01 -1.200000e+01
      vertex   -2.341558e+01 5.868656e+01 -5.900000e+00
      vertex   -2.388582e+01 6.194776e+01 -5.900000e+00
    endloop
  endfacet
  facet normal -9.778357e-01 -2.093739e-01 1.621479e-16
    outer loop
      vertex   -2.388582e+01 6.194776e+01 -1.200000e+01
      vertex   -2.388582e+01 6.194776e+01 -5.900000e+00
      vertex   -2.457569e+01 6.516965e+01 -1.200000e+01
    endloop
  endfacet
  facet normal -9.778357e-01 -2.093739e-01 0.000000e+00
    outer loop
      vertex   -2.457569e+01 6.516965e+01 -1.200000e+01
      vertex   -2.388582e+01 6.194776e+01 -5.900000e+00
      vertex   -2.457569e+01 6.516965e+01 -5.900000e+00
    endloop
  endfacet
  facet normal -9.614235e-01 -2.750723e-01 0.000000e+00
    outer loop
      vertex   -2.457569e+01 6.516965e+01 -1.200000e+01
      vertex   -2.457569e+01 6.516965e+01 -5.900000e+00
      vertex   -2.548203e+01 6.833746e+01 -1.200000e+01
    endloop
  endfacet
  facet normal -9.614235e-01 -2.750723e-01 8.087706e-17
    outer loop
      vertex   -2.548203e+01 6.833746e+01 -1.200000e+01
      vertex   -2.457569e+01 6.516965e+01 -5.900000e+00
      vertex   -2.548203e+01 6.833746e+01 -5.900000e+00
    endloop
  endfacet
  facet normal -9.406027e-01 -3.395094e-01 2.431191e-16
    outer loop
      vertex   -2.548203e+01 6.833746e+01 -1.200000e+01
      vertex   -2.548203e+01 6.833746e+01 -5.900000e+00
      vertex   -2.660069e+01 7.143667e+01 -1.200000e+01
    endloop
  endfacet
  facet normal -9.406027e-01 -3.395094e-01 2.431191e-16
    outer loop
      vertex   -2.660069e+01 7.143667e+01 -1.200000e+01
      vertex   -2.548203e+01 6.833746e+01 -5.900000e+00
      vertex   -2.660069e+01 7.143667e+01 -5.900000e+00
    endloop
  endfacet
  facet normal -9.154685e-01 -4.023896e-01 4.042462e-16
    outer loop
      vertex   -2.660069e+01 7.143667e+01 -1.200000e+01
      vertex   -2.660069e+01 7.143667e+01 -5.900000e+00
      vertex   -2.792653e+01 7.445307e+01 -1.200000e+01
    endloop
  endfacet
  facet normal -9.154685e-01 -4.023896e-01 9.374262e-16
    outer loop
      vertex   -2.792653e+01 7.445307e+01 -1.200000e+01
      vertex   -2.660069e+01 7.143667e+01 -5.900000e+00
      vertex   -2.792653e+01 7.445307e+01 -5.900000e+00
    endloop
  endfacet
  facet normal -8.861364e-01 -4.634245e-01 1.079616e-15
    outer loop
      vertex   -2.792653e+01 7.445307e+01 -1.200000e+01
      vertex   -2.792653e+01 7.445307e+01 -5.900000e+00
      vertex   -2.945348e+01 7.737282e+01 -1.200000e+01
    endloop
  endfacet
  facet normal -8.861364e-01 -4.634245e-01 -5.160965e-16
    outer loop
      vertex   -2.945348e+01 7.737282e+01 -1.200000e+01
      vertex   -2.792653e+01 7.445307e+01 -5.900000e+00
      vertex   -2.945348e+01 7.737282e+01 -5.900000e+00
    endloop
  endfacet
  facet normal -8.527407e-01 -5.223344e-01 -4.966465e-16
    outer loop
      vertex   -2.945348e+01 7.737282e+01 -1.200000e+01
      vertex   -2.945348e+01 7.737282e+01 -5.900000e+00
      vertex   -3.117453e+01 8.018253e+01 -1.200000e+01
    endloop
  endfacet
  facet normal -8.527407e-01 -5.223344e-01 1.440418e-15
    outer loop
      vertex   -3.117453e+01 8.018253e+01 -1.200000e+01
      vertex   -2.945348e+01 7.737282e+01 -5.900000e+00
      vertex   -3.117453e+01 8.018253e+01 -5.900000e+00
    endloop
  endfacet
  facet normal -8.154347e-01 -5.788491e-01 1.747191e-15
    outer loop
      vertex   -3.117453e+01 8.018253e+01 -1.200000e+01
      vertex   -3.117453e+01 8.018253e+01 -5.900000e+00
      vertex   -3.308179e+01 8.286932e+01 -1.200000e+01
    endloop
  endfacet
  facet normal -8.154347e-01 -5.788491e-01 0.000000e+00
    outer loop
      vertex   -3.308179e+01 8.286932e+01 -1.200000e+01
      vertex   -3.117453e+01 8.018253e+01 -5.900000e+00
      vertex   -3.308179e+01 8.286932e+01 -5.900000e+00
    endloop
  endfacet
  facet normal -7.743894e-01 -6.327093e-01 0.000000e+00
    outer loop
      vertex   -3.308179e+01 8.286932e+01 -1.200000e+01
      vertex   -3.308179e+01 8.286932e+01 -5.900000e+00
      vertex   -3.516652e+01 8.542087e+01 -1.200000e+01
    endloop
  endfacet
  facet normal -7.743894e-01 -6.327093e-01 -9.020275e-16
    outer loop
      vertex   -3.516652e+01 8.542087e+01 -1.200000e+01
      vertex   -3.308179e+01 8.286932e+01 -5.900000e+00
      vertex   -3.516652e+01 8.542087e+01 -5.900000e+00
    endloop
  endfacet
  facet normal -9.960088e-01 8.925528e-02 -7.885262e-15
    outer loop
      vertex   -2.525426e+01 2.786852e+01 -1.200000e+01
      vertex   -2.525426e+01 2.786852e+01 -5.900000e+00
      vertex   -2.462840e+01 3.485255e+01 -1.200000e+01
    endloop
  endfacet
  facet normal -9.960088e-01 8.925528e-02 -5.546289e-15
    outer loop
      vertex   -2.462840e+01 3.485255e+01 -1.200000e+01
      vertex   -2.525426e+01 2.786852e+01 -5.900000e+00
      vertex   -2.462840e+01 3.485255e+01 -5.900000e+00
    endloop
  endfacet
  facet normal -9.958473e-01 9.103905e-02 -1.728582e-14
    outer loop
      vertex   -2.462840e+01 3.485255e+01 -1.200000e+01
      vertex   -2.462840e+01 3.485255e+01 -5.900000e+00
      vertex   -2.399003e+01 4.183546e+01 -1.200000e+01
    endloop
  endfacet
  facet normal -9.958473e-01 9.103905e-02 -8.228366e-15
    outer loop
      vertex   -2.399003e+01 4.183546e+01 -1.200000e+01
      vertex   -2.462840e+01 3.485255e+01 -5.900000e+00
      vertex   -2.399003e+01 4.183546e+01 -5.900000e+00
    endloop
  endfacet
  facet normal -9.956827e-01 9.282254e-02 -1.384363e-14
    outer loop
      vertex   -2.399003e+01 4.183546e+01 -1.200000e+01
      vertex   -2.399003e+01 4.183546e+01 -5.900000e+00
      vertex   -2.333916e+01 4.881721e+01 -1.200000e+01
    endloop
  endfacet
  facet normal -9.956827e-01 9.282254e-02 2.609539e-14
    outer loop
      vertex   -2.333916e+01 4.881721e+01 -1.200000e+01
      vertex   -2.399003e+01 4.183546e+01 -5.900000e+00
      vertex   -2.333916e+01 4.881721e+01 -5.900000e+00
    endloop
  endfacet
  facet normal 9.022000e-01 4.313180e-01 0.000000e+00
    outer loop
      vertex   3.215000e+01 3.974699e+00 -5.900000e+00
      vertex   3.215000e+01 3.974699e+00 -1.200000e+01
      vertex   3.060834e+01 7.199427e+00 -5.900000e+00
    endloop
  endfacet
  facet normal 9.022000e-01 4.313180e-01 -6.280120e-17
    outer loop
      vertex   3.060834e+01 7.199427e+00 -5.900000e+00
      vertex   3.215000e+01 3.974699e+00 -1.200000e+01
      vertex   3.060834e+01 7.199427e+00 -1.200000e+01
    endloop
  endfacet
  facet normal 9.245448e-01 3.810734e-01 -5.548544e-17
    outer loop
      vertex   3.060834e+01 7.199427e+00 -5.900000e+00
      vertex   3.060834e+01 7.199427e+00 -1.200000e+01
      vertex   2.924627e+01 1.050402e+01 -5.900000e+00
    endloop
  endfacet
  facet normal 9.245448e-01 3.810734e-01 2.219418e-16
    outer loop
      vertex   2.924627e+01 1.050402e+01 -5.900000e+00
      vertex   3.060834e+01 7.199427e+00 -1.200000e+01
      vertex   2.924627e+01 1.050402e+01 -1.200000e+01
    endloop
  endfacet
  facet normal 9.440939e-01 3.296766e-01 1.920076e-16
    outer loop
      vertex   2.924627e+01 1.050402e+01 -5.900000e+00
      vertex   2.924627e+01 1.050402e+01 -1.200000e+01
      vertex   2.806791e+01 1.387849e+01 -5.900000e+00
    endloop
  endfacet
  facet normal 9.440939e-01 3.296766e-01 1.920076e-16
    outer loop
      vertex   2.806791e+01 1.387849e+01 -5.900000e+00
      vertex   2.924627e+01 1.050402e+01 -1.200000e+01
      vertex   2.806791e+01 1.387849e+01 -1.200000e+01
    endloop
  endfacet
  facet normal 9.607883e-01 2.772829e-01 1.614929e-16
    outer loop
      vertex   2.806791e+01 1.387849e+01 -5.900000e+00
      vertex   2.806791e+01 1.387849e+01 -1.200000e+01
      vertex   2.707682e+01 1.731263e+01 -5.900000e+00
    endloop
  endfacet
  facet normal 9.607883e-01 2.772829e-01 0.000000e+00
    outer loop
      vertex   2.707682e+01 1.731263e+01 -5.900000e+00
      vertex   2.806791e+01 1.387849e+01 -1.200000e+01
      vertex   2.707682e+01 1.731263e+01 -1.200000e+01
    endloop
  endfacet
  facet normal 9.745775e-01 2.240507e-01 0.000000e+00
    outer loop
      vertex   2.707682e+01 1.731263e+01 -5.900000e+00
      vertex   2.707682e+01 1.731263e+01 -1.200000e+01
      vertex   2.627600e+01 2.079606e+01 -5.900000e+00
    endloop
  endfacet
  facet normal 9.745775e-01 2.240507e-01 1.304898e-16
    outer loop
      vertex   2.627600e+01 2.079606e+01 -5.900000e+00
      vertex   2.707682e+01 1.731263e+01 -1.200000e+01
      vertex   2.627600e+01 2.079606e+01 -1.200000e+01
    endloop
  endfacet
  facet normal 9.854197e-01 1.701410e-01 9.909219e-17
    outer loop
      vertex   2.627600e+01 2.079606e+01 -5.900000e+00
      vertex   2.627600e+01 2.079606e+01 -1.200000e+01
      vertex   2.566787e+01 2.431824e+01 -5.900000e+00
    endloop
  endfacet
  facet normal 9.854197e-01 1.701410e-01 1.981844e-16
    outer loop
      vertex   2.566787e+01 2.431824e+01 -5.900000e+00
      vertex   2.627600e+01 2.079606e+01 -1.200000e+01
      vertex   2.566787e+01 2.431824e+01 -1.200000e+01
    endloop
  endfacet
  facet normal 9.932822e-01 1.157169e-01 1.347898e-16
    outer loop
      vertex   2.566787e+01 2.431824e+01 -5.900000e+00
      vertex   2.566787e+01 2.431824e+01 -1.200000e+01
      vertex   2.525426e+01 2.786852e+01 -5.900000e+00
    endloop
  endfacet
  facet normal 9.932822e-01 1.157169e-01 -3.620395e-14
    outer loop
      vertex   2.525426e+01 2.786852e+01 -5.900000e+00
      vertex   2.566787e+01 2.431824e+01 -1.200000e+01
      vertex   2.525426e+01 2.786852e+01 -1.200000e+01
    endloop
  endfacet
  facet normal 9.805600e-01 1.962193e-01 3.481744e-16
    outer loop
      vertex   4.356897e+01 -2.899281e+01 4.100000e+00
      vertex   4.356897e+01 -2.899281e+01 -5.900000e+00
      vertex   4.336900e+01 -2.799352e+01 4.100000e+00
    endloop
  endfacet
  facet normal 9.805600e-01 1.962193e-01 0.000000e+00
    outer loop
      vertex   4.336900e+01 -2.799352e+01 4.100000e+00
      vertex   4.356897e+01 -2.899281e+01 -5.900000e+00
      vertex   4.356897e+01 -2.899281e+01 -1.200000e+01
    endloop
  endfacet
  facet normal 9.786862e-01 2.053605e-01 -5.906462e-04
    outer loop
      vertex   4.336900e+01 -2.799352e+01 4.100000e+00
      vertex   4.356897e+01 -2.899281e+01 -1.200000e+01
      vertex   4.294466e+01 -2.600000e+01 -5.900000e+00
    endloop
  endfacet
  facet normal 9.773035e-01 2.118080e-01 -3.895489e-03
    outer loop
      vertex   4.294466e+01 -2.600000e+01 -5.900000e+00
      vertex   4.356897e+01 -2.899281e+01 -1.200000e+01
      vertex   4.250989e+01 -2.410611e+01 -1.200000e+01
    endloop
  endfacet
  facet normal 9.715235e-01 2.369040e-01 4.308109e-03
    outer loop
      vertex   4.294466e+01 -2.600000e+01 -5.900000e+00
      vertex   4.250989e+01 -2.410611e+01 -1.200000e+01
      vertex   4.168339e+01 -2.082762e+01 -5.900000e+00
    endloop
  endfacet
  facet normal 9.680519e-01 2.507243e-01 -3.590112e-03
    outer loop
      vertex   4.168339e+01 -2.082762e+01 -5.900000e+00
      vertex   4.250989e+01 -2.410611e+01 -1.200000e+01
      vertex   4.125623e+01 -1.926568e+01 -1.200000e+01
    endloop
  endfacet
  facet normal 9.605560e-01 2.780588e-01 3.933958e-03
    outer loop
      vertex   4.168339e+01 -2.082762e+01 -5.900000e+00
      vertex   4.125623e+01 -1.926568e+01 -1.200000e+01
      vertex   4.020301e+01 -1.571364e+01 -5.900000e+00
    endloop
  endfacet
  facet normal 9.572516e-01 2.892396e-01 -3.147183e-03
    outer loop
      vertex   4.020301e+01 -1.571364e+01 -5.900000e+00
      vertex   4.125623e+01 -1.926568e+01 -1.200000e+01
      vertex   3.980998e+01 -1.447926e+01 -1.200000e+01
    endloop
  endfacet
  facet normal 9.478463e-01 3.187095e-01 3.422257e-03
    outer loop
      vertex   4.020301e+01 -1.571364e+01 -5.900000e+00
      vertex   3.980998e+01 -1.447926e+01 -1.200000e+01
      vertex   3.850621e+01 -1.066733e+01 -5.900000e+00
    endloop
  endfacet
  facet normal 9.449197e-01 3.272923e-01 -2.566704e-03
    outer loop
      vertex   3.850621e+01 -1.066733e+01 -5.900000e+00
      vertex   3.980998e+01 -1.447926e+01 -1.200000e+01
      vertex   3.817346e+01 -9.754506e+00 -1.200000e+01
    endloop
  endfacet
  facet normal 9.334172e-01 3.587822e-01 2.773007e-03
    outer loop
      vertex   3.850621e+01 -1.066733e+01 -5.900000e+00
      vertex   3.817346e+01 -9.754506e+00 -1.200000e+01
      vertex   3.659607e+01 -5.697859e+00 -5.900000e+00
    endloop
  endfacet
  facet normal 9.310757e-01 3.648213e-01 -1.848678e-03
    outer loop
      vertex   3.659607e+01 -5.697859e+00 -5.900000e+00
      vertex   3.817346e+01 -9.754506e+00 -1.200000e+01
      vertex   3.634930e+01 -5.098984e+00 -1.200000e+01
    endloop
  endfacet
  facet normal 9.172947e-01 3.982041e-01 1.986211e-03
    outer loop
      vertex   3.659607e+01 -5.697859e+00 -5.900000e+00
      vertex   3.634930e+01 -5.098984e+00 -1.200000e+01
      vertex   3.447605e+01 -8.142280e-01 -5.900000e+00
    endloop
  endfacet
  facet normal 9.157416e-01 4.017666e-01 -9.931077e-04
    outer loop
      vertex   3.447605e+01 -8.142280e-01 -5.900000e+00
      vertex   3.634930e+01 -5.098984e+00 -1.200000e+01
      vertex   3.434041e+01 -5.201398e-01 -1.200000e+01
    endloop
  endfacet
  facet normal 8.995077e-01 4.369037e-01 1.061873e-03
    outer loop
      vertex   3.447605e+01 -8.142280e-01 -5.900000e+00
      vertex   3.434041e+01 -5.201398e-01 -1.200000e+01
      vertex   3.215000e+01 3.974699e+00 -5.900000e+00
    endloop
  endfacet
  facet normal 8.989414e-01 4.380688e-01 0.000000e+00
    outer loop
      vertex   3.215000e+01 3.974699e+00 -5.900000e+00
      vertex   3.434041e+01 -5.201398e-01 -1.200000e+01
      vertex   3.215000e+01 3.974699e+00 -1.200000e+01
    endloop
  endfacet
  facet normal 9.772304e-01 2.121811e-01 0.000000e+00
    outer loop
      vertex   4.294466e+01 -2.600000e+01 4.100000e+00
      vertex   4.316090e+01 -2.699590e+01 4.100000e+00
      vertex   4.294466e+01 -2.600000e+01 -5.900000e+00
    endloop
  endfacet
  facet normal 9.789274e-01 2.042069e-01 -8.308441e-04
    outer loop
      vertex   4.294466e+01 -2.600000e+01 -5.900000e+00
      vertex   4.316090e+01 -2.699590e+01 4.100000e+00
      vertex   4.336900e+01 -2.799352e+01 4.100000e+00
    endloop
  endfacet
  facet normal 9.807956e-01 1.950384e-01 0.000000e+00
    outer loop
      vertex   4.366922e+01 -2.950000e+01 -5.900000e+00
      vertex   4.366922e+01 -2.950000e+01 -1.200000e+01
      vertex   4.363561e+01 -2.933097e+01 -5.900000e+00
    endloop
  endfacet
  facet normal 9.807956e-01 1.950384e-01 8.082038e-16
    outer loop
      vertex   4.363561e+01 -2.933097e+01 -5.900000e+00
      vertex   4.366922e+01 -2.950000e+01 -1.200000e+01
      vertex   4.363561e+01 -2.933097e+01 -1.200000e+01
    endloop
  endfacet
  facet normal 9.810190e-01 1.939114e-01 8.172570e-16
    outer loop
      vertex   4.363561e+01 -2.933097e+01 -5.900000e+00
      vertex   4.363561e+01 -2.933097e+01 -1.200000e+01
      vertex   4.360219e+01 -2.916191e+01 -5.900000e+00
    endloop
  endfacet
  facet normal 9.810190e-01 1.939114e-01 -2.125214e-16
    outer loop
      vertex   4.360219e+01 -2.916191e+01 -5.900000e+00
      vertex   4.363561e+01 -2.933097e+01 -1.200000e+01
      vertex   4.360219e+01 -2.916191e+01 -1.200000e+01
    endloop
  endfacet
  facet normal 9.812412e-01 1.927842e-01 -2.043845e-16
    outer loop
      vertex   4.360219e+01 -2.916191e+01 -5.900000e+00
      vertex   4.360219e+01 -2.916191e+01 -1.200000e+01
      vertex   4.356897e+01 -2.899281e+01 -5.900000e+00
    endloop
  endfacet
  facet normal 9.812412e-01 1.927842e-01 0.000000e+00
    outer loop
      vertex   4.356897e+01 -2.899281e+01 -5.900000e+00
      vertex   4.360219e+01 -2.916191e+01 -1.200000e+01
      vertex   4.356897e+01 -2.899281e+01 -1.200000e+01
    endloop
  endfacet
  facet normal -9.022000e-01 4.313180e-01 0.000000e+00
    outer loop
      vertex   -3.215000e+01 3.974699e+00 -1.200000e+01
      vertex   -3.215000e+01 3.974699e+00 -5.900000e+00
      vertex   -3.060834e+01 7.199427e+00 -1.200000e+01
    endloop
  endfacet
  facet normal -9.022000e-01 4.313180e-01 -4.007944e-14
    outer loop
      vertex   -3.060834e+01 7.199427e+00 -1.200000e+01
      vertex   -3.215000e+01 3.974699e+00 -5.900000e+00
      vertex   -3.060834e+01 7.199427e+00 -5.900000e+00
    endloop
  endfacet
  facet normal -9.245448e-01 3.810734e-01 3.636424e-14
    outer loop
      vertex   -3.060834e+01 7.199427e+00 -1.200000e+01
      vertex   -3.060834e+01 7.199427e+00 -5.900000e+00
      vertex   -2.924627e+01 1.050402e+01 -1.200000e+01
    endloop
  endfacet
  facet normal -9.245448e-01 3.810734e-01 -7.557772e-14
    outer loop
      vertex   -2.924627e+01 1.050402e+01 -1.200000e+01
      vertex   -3.060834e+01 7.199427e+00 -5.900000e+00
      vertex   -2.924627e+01 1.050402e+01 -5.900000e+00
    endloop
  endfacet
  facet normal -9.440939e-01 3.296766e-01 7.743386e-14
    outer loop
      vertex   -2.924627e+01 1.050402e+01 -1.200000e+01
      vertex   -2.924627e+01 1.050402e+01 -5.900000e+00
      vertex   -2.806791e+01 1.387849e+01 -1.200000e+01
    endloop
  endfacet
  facet normal -9.440939e-01 3.296766e-01 -1.151966e-13
    outer loop
      vertex   -2.806791e+01 1.387849e+01 -1.200000e+01
      vertex   -2.924627e+01 1.050402e+01 -5.900000e+00
      vertex   -2.806791e+01 1.387849e+01 -5.900000e+00
    endloop
  endfacet
  facet normal -9.607883e-01 2.772829e-01 1.143208e-13
    outer loop
      vertex   -2.806791e+01 1.387849e+01 -1.200000e+01
      vertex   -2.806791e+01 1.387849e+01 -5.900000e+00
      vertex   -2.707682e+01 1.731263e+01 -1.200000e+01
    endloop
  endfacet
  facet normal -9.607883e-01 2.772829e-01 -1.525086e-13
    outer loop
      vertex   -2.707682e+01 1.731263e+01 -1.200000e+01
      vertex   -2.806791e+01 1.387849e+01 -5.900000e+00
      vertex   -2.707682e+01 1.731263e+01 -5.900000e+00
    endloop
  endfacet
  facet normal -9.745775e-01 2.240507e-01 1.535200e-13
    outer loop
      vertex   -2.707682e+01 1.731263e+01 -1.200000e+01
      vertex   -2.707682e+01 1.731263e+01 -5.900000e+00
      vertex   -2.627600e+01 2.079606e+01 -1.200000e+01
    endloop
  endfacet
  facet normal -9.745775e-01 2.240507e-01 -1.907568e-13
    outer loop
      vertex   -2.627600e+01 2.079606e+01 -1.200000e+01
      vertex   -2.707682e+01 1.731263e+01 -5.900000e+00
      vertex   -2.627600e+01 2.079606e+01 -5.900000e+00
    endloop
  endfacet
  facet normal -9.854197e-01 1.701410e-01 1.917868e-13
    outer loop
      vertex   -2.627600e+01 2.079606e+01 -1.200000e+01
      vertex   -2.627600e+01 2.079606e+01 -5.900000e+00
      vertex   -2.566787e+01 2.431824e+01 -1.200000e+01
    endloop
  endfacet
  facet normal -9.854197e-01 1.701410e-01 -2.292842e-13
    outer loop
      vertex   -2.566787e+01 2.431824e+01 -1.200000e+01
      vertex   -2.627600e+01 2.079606e+01 -5.900000e+00
      vertex   -2.566787e+01 2.431824e+01 -5.900000e+00
    endloop
  endfacet
  facet normal -9.932822e-01 1.157169e-01 2.297924e-13
    outer loop
      vertex   -2.566787e+01 2.431824e+01 -1.200000e+01
      vertex   -2.566787e+01 2.431824e+01 -5.900000e+00
      vertex   -2.525426e+01 2.786852e+01 -1.200000e+01
    endloop
  endfacet
  facet normal -9.932822e-01 1.157169e-01 -2.669289e-13
    outer loop
      vertex   -2.525426e+01 2.786852e+01 -1.200000e+01
      vertex   -2.566787e+01 2.431824e+01 -5.900000e+00
      vertex   -2.525426e+01 2.786852e+01 -5.900000e+00
    endloop
  endfacet
  facet normal 0.000000e+00 0.000000e+00 -1.000000e+00
    outer loop
      vertex   -2.577740e+01 9.743105e+01 -1.200000e+01
      vertex   -2.574000e+01 9.777501e+01 -1.200000e+01
      vertex   -1.500000e+01 1.200000e+02 -1.200000e+01
    endloop
  endfacet
  facet normal 0.000000e+00 0.000000e+00 -1.000000e+00
    outer loop
      vertex   -1.500000e+01 1.200000e+02 -1.200000e+01
      vertex   -2.574000e+01 9.777501e+01 -1.200000e+01
      vertex   -2.577740e+01 9.811896e+01 -1.200000e+01
    endloop
  endfacet
  facet normal 0.000000e+00 0.000000e+00 -1.000000e+00
    outer loop
      vertex   -1.500000e+01 1.200000e+02 -1.200000e+01
      vertex   -2.577740e+01 9.811896e+01 -1.200000e+01
      vertex   -1.729940e+01 1.199117e+02 -1.200000e+01
    endloop
  endfacet
  facet normal 0.000000e+00 0.000000e+00 -1.000000e+00
    outer loop
      vertex   -1.729940e+01 1.199117e+02 -1.200000e+01
      vertex   -2.577740e+01 9.811896e+01 -1.200000e+01
      vertex   -1.958527e+01 1.196475e+02 -1.200000e+01
    endloop
  endfacet
  facet normal 0.000000e+00 0.000000e+00 -1.000000e+00
    outer loop
      vertex   -1.958527e+01 1.196475e+02 -1.200000e+01
      vertex   -2.577740e+01 9.811896e+01 -1.200000e+01
      vertex   -2.588788e+01 9.844683e+01 -1.200000e+01
    endloop
  endfacet
  facet normal 0.000000e+00 0.000000e+00 -1.000000e+00
    outer loop
      vertex   -1.958527e+01 1.196475e+02 -1.200000e+01
      vertex   -2.588788e+01 9.844683e+01 -1.200000e+01
      vertex   -2.184416e+01 1.192089e+02 -1.200000e+01
    endloop
  endfacet
  facet normal 0.000000e+00 0.000000e+00 -1.000000e+00
    outer loop
      vertex   -2.184416e+01 1.192089e+02 -1.200000e+01
      vertex   -2.588788e+01 9.844683e+01 -1.200000e+01
      vertex   -2.606625e+01 9.874329e+01 -1.200000e+01
    endloop
  endfacet
  facet normal 0.000000e+00 0.000000e+00 -1.000000e+00
    outer loop
      vertex   -2.184416e+01 1.192089e+02 -1.200000e+01
      vertex   -2.606625e+01 9.874329e+01 -1.200000e+01
      vertex   -2.406279e+01 1.185984e+02 -1.200000e+01
    endloop
  endfacet
  facet normal 0.000000e+00 0.000000e+00 -1.000000e+00
    outer loop
      vertex   -2.406279e+01 1.185984e+02 -1.200000e+01
      vertex   -2.606625e+01 9.874329e+01 -1.200000e+01
      vertex   -2.630418e+01 9.899447e+01 -1.200000e+01
    endloop
  endfacet
  facet normal 0.000000e+00 0.000000e+00 -1.000000e+00
    outer loop
      vertex   -2.406279e+01 1.185984e+02 -1.200000e+01
      vertex   -2.630418e+01 9.899447e+01 -1.200000e+01
      vertex   -2.622810e+01 1.178196e+02 -1.200000e+01
    endloop
  endfacet
  facet normal 0.000000e+00 0.000000e+00 -1.000000e+00
    outer loop
      vertex   -2.622810e+01 1.178196e+02 -1.200000e+01
      vertex   -2.630418e+01 9.899447e+01 -1.200000e+01
      vertex   -2.659054e+01 9.918863e+01 -1.200000e+01
    endloop
  endfacet
  facet normal 0.000000e+00 0.000000e+00 -1.000000e+00
    outer loop
      vertex   -2.622810e+01 1.178196e+02 -1.200000e+01
      vertex   -2.659054e+01 9.918863e+01 -1.200000e+01
      vertex   -2.691195e+01 9.931669e+01 -1.200000e+01
    endloop
  endfacet
  facet normal 0.000000e+00 0.000000e+00 -1.000000e+00
    outer loop
      vertex   -2.622810e+01 1.178196e+02 -1.200000e+01
      vertex   -2.691195e+01 9.931669e+01 -1.200000e+01
      vertex   -2.832735e+01 1.168772e+02 -1.200000e+01
    endloop
  endfacet
  facet normal 0.000000e+00 0.000000e+00 -1.000000e+00
    outer loop
      vertex   -2.832735e+01 1.168772e+02 -1.200000e+01
      vertex   -2.691195e+01 9.931669e+01 -1.200000e+01
      vertex   -2.725337e+01 9.937266e+01 -1.200000e+01
    endloop
  endfacet
  facet normal 0.000000e+00 0.000000e+00 -1.000000e+00
    outer loop
      vertex   -2.832735e+01 1.168772e+02 -1.200000e+01
      vertex   -2.725337e+01 9.937266e+01 -1.200000e+01
      vertex   -2.759885e+01 9.935393e+01 -1.200000e+01
    endloop
  endfacet
  facet normal 0.000000e+00 0.000000e+00 -1.000000e+00
    outer loop
      vertex   -2.793222e+01 9.926137e+01 -1.200000e+01
      vertex   -3.915011e+01 1.047326e+02 -1.200000e+01
      vertex   -2.759885e+01 9.935393e+01 -1.200000e+01
    endloop
  endfacet
  facet normal 0.000000e+00 0.000000e+00 -1.000000e+00
    outer loop
      vertex   -2.759885e+01 9.935393e+01 -1.200000e+01
      vertex   -3.915011e+01 1.047326e+02 -1.200000e+01
      vertex   -3.841711e+01 1.066589e+02 -1.200000e+01
    endloop
  endfacet
  facet normal 0.000000e+00 0.000000e+00 -1.000000e+00
    outer loop
      vertex   -2.759885e+01 9.935393e+01 -1.200000e+01
      vertex   -3.841711e+01 1.066589e+02 -1.200000e+01
      vertex   -3.748975e+01 1.084995e+02 -1.200000e+01
    endloop
  endfacet
  facet normal -0.000000e+00 0.000000e+00 -1.000000e+00
    outer loop
      vertex   -2.793222e+01 9.926137e+01 -1.200000e+01
      vertex   -2.823790e+01 9.909931e+01 -1.200000e+01
      vertex   -3.915011e+01 1.047326e+02 -1.200000e+01
    endloop
  endfacet
  facet normal 0.000000e+00 0.000000e+00 -1.000000e+00
    outer loop
      vertex   -3.915011e+01 1.047326e+02 -1.200000e+01
      vertex   -2.823790e+01 9.909931e+01 -1.200000e+01
      vertex   -2.850159e+01 9.887533e+01 -1.200000e+01
    endloop
  endfacet
  facet normal 0.000000e+00 0.000000e+00 -1.000000e+00
    outer loop
      vertex   -3.915011e+01 1.047326e+02 -1.200000e+01
      vertex   -2.850159e+01 9.887533e+01 -1.200000e+01
      vertex   -2.871097e+01 9.859989e+01 -1.200000e+01
    endloop
  endfacet
  facet normal -0.000000e+00 0.000000e+00 -1.000000e+00
    outer loop
      vertex   -2.871097e+01 9.859989e+01 -1.200000e+01
      vertex   -2.885624e+01 9.828589e+01 -1.200000e+01
      vertex   -3.915011e+01 1.047326e+02 -1.200000e+01
    endloop
  endfacet
  facet normal 0.000000e+00 -0.000000e+00 -1.000000e+00
    outer loop
      vertex   -3.915011e+01 1.047326e+02 -1.200000e+01
      vertex   -2.885624e+01 9.828589e+01 -1.200000e+01
      vertex   -3.968099e+01 1.027411e+02 -1.200000e+01
    endloop
  endfacet
  facet normal 0.000000e+00 0.000000e+00 -1.000000e+00
    outer loop
      vertex   -3.968099e+01 1.027411e+02 -1.200000e+01
      vertex   -2.885624e+01 9.828589e+01 -1.200000e+01
      vertex   -2.893062e+01 9.794800e+01 -1.200000e+01
    endloop
  endfacet
  facet normal 0.000000e+00 -0.000000e+00 -1.000000e+00
    outer loop
      vertex   -3.968099e+01 1.027411e+02 -1.200000e+01
      vertex   -2.893062e+01 9.794800e+01 -1.200000e+01
      vertex   -4.000409e+01 1.007056e+02 -1.200000e+01
    endloop
  endfacet
  facet normal 0.000000e+00 -0.000000e+00 -1.000000e+00
    outer loop
      vertex   -4.000409e+01 1.007056e+02 -1.200000e+01
      vertex   -2.893062e+01 9.794800e+01 -1.200000e+01
      vertex   -4.011599e+01 9.864759e+01 -1.200000e+01
    endloop
  endfacet
  facet normal 0.000000e+00 0.000000e+00 -1.000000e+00
    outer loop
      vertex   -4.011599e+01 9.864759e+01 -1.200000e+01
      vertex   -2.893062e+01 9.794800e+01 -1.200000e+01
      vertex   -4.001549e+01 9.658901e+01 -1.200000e+01
    endloop
  endfacet
  facet normal 0.000000e+00 0.000000e+00 -1.000000e+00
    outer loop
      vertex   -4.001549e+01 9.658901e+01 -1.200000e+01
      vertex   -2.893062e+01 9.794800e+01 -1.200000e+01
      vertex   -3.970367e+01 9.455170e+01 -1.200000e+01
    endloop
  endfacet
  facet normal 0.000000e+00 0.000000e+00 -1.000000e+00
    outer loop
      vertex   -3.970367e+01 9.455170e+01 -1.200000e+01
      vertex   -2.893062e+01 9.794800e+01 -1.200000e+01
      vertex   -2.893062e+01 9.760202e+01 -1.200000e+01
    endloop
  endfacet
  facet normal 0.000000e+00 0.000000e+00 -1.000000e+00
    outer loop
      vertex   -3.970367e+01 9.455170e+01 -1.200000e+01
      vertex   -2.893062e+01 9.760202e+01 -1.200000e+01
      vertex   -3.918383e+01 9.255730e+01 -1.200000e+01
    endloop
  endfacet
  facet normal 0.000000e+00 0.000000e+00 -1.000000e+00
    outer loop
      vertex   -3.918383e+01 9.255730e+01 -1.200000e+01
      vertex   -2.893062e+01 9.760202e+01 -1.200000e+01
      vertex   -3.846151e+01 9.062699e+01 -1.200000e+01
    endloop
  endfacet
  facet normal 0.000000e+00 0.000000e+00 -1.000000e+00
    outer loop
      vertex   -3.846151e+01 9.062699e+01 -1.200000e+01
      vertex   -2.893062e+01 9.760202e+01 -1.200000e+01
      vertex   -3.754436e+01 8.878126e+01 -1.200000e+01
    endloop
  endfacet
  facet normal 0.000000e+00 0.000000e+00 -1.000000e+00
    outer loop
      vertex   -3.754436e+01 8.878126e+01 -1.200000e+01
      vertex   -2.893062e+01 9.760202e+01 -1.200000e+01
      vertex   -2.885624e+01 9.726412e+01 -1.200000e+01
    endloop
  endfacet
  facet normal 0.000000e+00 0.000000e+00 -1.000000e+00
    outer loop
      vertex   -3.754436e+01 8.878126e+01 -1.200000e+01
      vertex   -2.885624e+01 9.726412e+01 -1.200000e+01
      vertex   -3.644213e+01 8.703973e+01 -1.200000e+01
    endloop
  endfacet
  facet normal 0.000000e+00 0.000000e+00 -1.000000e+00
    outer loop
      vertex   -3.644213e+01 8.703973e+01 -1.200000e+01
      vertex   -2.885624e+01 9.726412e+01 -1.200000e+01
      vertex   -3.516652e+01 8.542087e+01 -1.200000e+01
    endloop
  endfacet
  facet normal 0.000000e+00 0.000000e+00 -1.000000e+00
    outer loop
      vertex   -3.516652e+01 8.542087e+01 -1.200000e+01
      vertex   -2.885624e+01 9.726412e+01 -1.200000e+01
      vertex   -2.871097e+01 9.695012e+01 -1.200000e+01
    endloop
  endfacet
  facet normal 0.000000e+00 0.000000e+00 -1.000000e+00
    outer loop
      vertex   -3.516652e+01 8.542087e+01 -1.200000e+01
      vertex   -2.871097e+01 9.695012e+01 -1.200000e+01
      vertex   -3.308179e+01 8.286932e+01 -1.200000e+01
    endloop
  endfacet
  facet normal 0.000000e+00 0.000000e+00 -1.000000e+00
    outer loop
      vertex   -3.308179e+01 8.286932e+01 -1.200000e+01
      vertex   -2.871097e+01 9.695012e+01 -1.200000e+01
      vertex   -2.850159e+01 9.667469e+01 -1.200000e+01
    endloop
  endfacet
  facet normal 0.000000e+00 0.000000e+00 -1.000000e+00
    outer loop
      vertex   -3.308179e+01 8.286932e+01 -1.200000e+01
      vertex   -2.850159e+01 9.667469e+01 -1.200000e+01
      vertex   -2.823790e+01 9.645070e+01 -1.200000e+01
    endloop
  endfacet
  facet normal 0.000000e+00 -0.000000e+00 -1.000000e+00
    outer loop
      vertex   -2.823790e+01 9.645070e+01 -1.200000e+01
      vertex   -2.793222e+01 9.628864e+01 -1.200000e+01
      vertex   -3.308179e+01 8.286932e+01 -1.200000e+01
    endloop
  endfacet
  facet normal 0.000000e+00 0.000000e+00 -1.000000e+00
    outer loop
      vertex   -3.308179e+01 8.286932e+01 -1.200000e+01
      vertex   -2.793222e+01 9.628864e+01 -1.200000e+01
      vertex   -3.117453e+01 8.018253e+01 -1.200000e+01
    endloop
  endfacet
  facet normal 0.000000e+00 0.000000e+00 -1.000000e+00
    outer loop
      vertex   -3.117453e+01 8.018253e+01 -1.200000e+01
      vertex   -2.793222e+01 9.628864e+01 -1.200000e+01
      vertex   -2.759885e+01 9.619608e+01 -1.200000e+01
    endloop
  endfacet
  facet normal 0.000000e+00 0.000000e+00 -1.000000e+00
    outer loop
      vertex   -3.117453e+01 8.018253e+01 -1.200000e+01
      vertex   -2.759885e+01 9.619608e+01 -1.200000e+01
      vertex   -2.725337e+01 9.617735e+01 -1.200000e+01
    endloop
  endfacet
  facet normal 0.000000e+00 -0.000000e+00 -1.000000e+00
    outer loop
      vertex   -2.691195e+01 9.623333e+01 -1.200000e+01
      vertex   2.640115e+01 9.619608e+01 -1.200000e+01
      vertex   -2.725337e+01 9.617735e+01 -1.200000e+01
    endloop
  endfacet
  facet normal 0.000000e+00 0.000000e+00 -1.000000e+00
    outer loop
      vertex   -2.725337e+01 9.617735e+01 -1.200000e+01
      vertex   2.640115e+01 9.619608e+01 -1.200000e+01
      vertex   2.674663e+01 9.617735e+01 -1.200000e+01
    endloop
  endfacet
  facet normal 0.000000e+00 0.000000e+00 -1.000000e+00
    outer loop
      vertex   -2.725337e+01 9.617735e+01 -1.200000e+01
      vertex   2.674663e+01 9.617735e+01 -1.200000e+01
      vertex   -2.457569e+01 6.516965e+01 -1.200000e+01
    endloop
  endfacet
  facet normal 0.000000e+00 0.000000e+00 -1.000000e+00
    outer loop
      vertex   -2.457569e+01 6.516965e+01 -1.200000e+01
      vertex   2.674663e+01 9.617735e+01 -1.200000e+01
      vertex   2.457569e+01 6.516965e+01 -1.200000e+01
    endloop
  endfacet
  facet normal 0.000000e+00 0.000000e+00 -1.000000e+00
    outer loop
      vertex   -2.457569e+01 6.516965e+01 -1.200000e+01
      vertex   2.457569e+01 6.516965e+01 -1.200000e+01
      vertex   -1.894862e-01 3.899487e+01 -1.200000e+01
    endloop
  endfacet
  facet normal 0.000000e+00 0.000000e+00 -1.000000e+00
    outer loop
      vertex   -1.894862e-01 3.899487e+01 -1.200000e+01
      vertex   2.457569e+01 6.516965e+01 -1.200000e+01
      vertex   5.662370e-01 3.895389e+01 -1.200000e+01
    endloop
  endfacet
  facet normal 0.000000e+00 0.000000e+00 -1.000000e+00
    outer loop
      vertex   5.662370e-01 3.895389e+01 -1.200000e+01
      vertex   2.457569e+01 6.516965e+01 -1.200000e+01
      vertex   2.388582e+01 6.194776e+01 -1.200000e+01
    endloop
  endfacet
  facet normal 0.000000e+00 0.000000e+00 -1.000000e+00
    outer loop
      vertex   5.662370e-01 3.895389e+01 -1.200000e+01
      vertex   2.388582e+01 6.194776e+01 -1.200000e+01
      vertex   1.295484e+00 3.875142e+01 -1.200000e+01
    endloop
  endfacet
  facet normal 0.000000e+00 0.000000e+00 -1.000000e+00
    outer loop
      vertex   1.295484e+00 3.875142e+01 -1.200000e+01
      vertex   2.388582e+01 6.194776e+01 -1.200000e+01
      vertex   2.341558e+01 5.868656e+01 -1.200000e+01
    endloop
  endfacet
  facet normal 0.000000e+00 0.000000e+00 -1.000000e+00
    outer loop
      vertex   1.295484e+00 3.875142e+01 -1.200000e+01
      vertex   2.341558e+01 5.868656e+01 -1.200000e+01
      vertex   1.964155e+00 3.839691e+01 -1.200000e+01
    endloop
  endfacet
  facet normal 0.000000e+00 0.000000e+00 -1.000000e+00
    outer loop
      vertex   1.964155e+00 3.839691e+01 -1.200000e+01
      vertex   2.341558e+01 5.868656e+01 -1.200000e+01
      vertex   2.540984e+00 3.790695e+01 -1.200000e+01
    endloop
  endfacet
  facet normal 0.000000e+00 0.000000e+00 -1.000000e+00
    outer loop
      vertex   2.540984e+00 3.790695e+01 -1.200000e+01
      vertex   2.341558e+01 5.868656e+01 -1.200000e+01
      vertex   2.316714e+01 5.540102e+01 -1.200000e+01
    endloop
  endfacet
  facet normal 0.000000e+00 0.000000e+00 -1.000000e+00
    outer loop
      vertex   2.540984e+00 3.790695e+01 -1.200000e+01
      vertex   2.316714e+01 5.540102e+01 -1.200000e+01
      vertex   2.999000e+00 3.730444e+01 -1.200000e+01
    endloop
  endfacet
  facet normal 0.000000e+00 0.000000e+00 -1.000000e+00
    outer loop
      vertex   2.999000e+00 3.730444e+01 -1.200000e+01
      vertex   2.316714e+01 5.540102e+01 -1.200000e+01
      vertex   2.314163e+01 5.210620e+01 -1.200000e+01
    endloop
  endfacet
  facet normal 0.000000e+00 0.000000e+00 -1.000000e+00
    outer loop
      vertex   2.999000e+00 3.730444e+01 -1.200000e+01
      vertex   2.314163e+01 5.210620e+01 -1.200000e+01
      vertex   3.316786e+00 3.661756e+01 -1.200000e+01
    endloop
  endfacet
  facet normal 0.000000e+00 0.000000e+00 -1.000000e+00
    outer loop
      vertex   3.316786e+00 3.661756e+01 -1.200000e+01
      vertex   2.314163e+01 5.210620e+01 -1.200000e+01
      vertex   2.333916e+01 4.881721e+01 -1.200000e+01
    endloop
  endfacet
  facet normal 0.000000e+00 0.000000e+00 -1.000000e+00
    outer loop
      vertex   3.316786e+00 3.661756e+01 -1.200000e+01
      vertex   2.333916e+01 4.881721e+01 -1.200000e+01
      vertex   3.479483e+00 3.587842e+01 -1.200000e+01
    endloop
  endfacet
  facet normal 0.000000e+00 0.000000e+00 -1.000000e+00
    outer loop
      vertex   3.479483e+00 3.587842e+01 -1.200000e+01
      vertex   2.333916e+01 4.881721e+01 -1.200000e+01
      vertex   2.399003e+01 4.183546e+01 -1.200000e+01
    endloop
  endfacet
  facet normal 0.000000e+00 0.000000e+00 -1.000000e+00
    outer loop
      vertex   3.479483e+00 3.587842e+01 -1.200000e+01
      vertex   2.399003e+01 4.183546e+01 -1.200000e+01
      vertex   2.462840e+01 3.485255e+01 -1.200000e+01
    endloop
  endfacet
  facet normal 0.000000e+00 0.000000e+00 -1.000000e+00
    outer loop
      vertex   2.640115e+01 9.619608e+01 -1.200000e+01
      vertex   -2.691195e+01 9.623333e+01 -1.200000e+01
      vertex   2.606778e+01 9.628864e+01 -1.200000e+01
    endloop
  endfacet
  facet normal -0.000000e+00 0.000000e+00 -1.000000e+00
    outer loop
      vertex   2.606778e+01 9.628864e+01 -1.200000e+01
      vertex   -2.691195e+01 9.623333e+01 -1.200000e+01
      vertex   -2.659054e+01 9.636139e+01 -1.200000e+01
    endloop
  endfacet
  facet normal 0.000000e+00 0.000000e+00 -1.000000e+00
    outer loop
      vertex   2.606778e+01 9.628864e+01 -1.200000e+01
      vertex   -2.659054e+01 9.636139e+01 -1.200000e+01
      vertex   2.576210e+01 9.645070e+01 -1.200000e+01
    endloop
  endfacet
  facet normal -0.000000e+00 0.000000e+00 -1.000000e+00
    outer loop
      vertex   2.576210e+01 9.645070e+01 -1.200000e+01
      vertex   -2.659054e+01 9.636139e+01 -1.200000e+01
      vertex   -2.630418e+01 9.655555e+01 -1.200000e+01
    endloop
  endfacet
  facet normal 0.000000e+00 0.000000e+00 -1.000000e+00
    outer loop
      vertex   2.576210e+01 9.645070e+01 -1.200000e+01
      vertex   -2.630418e+01 9.655555e+01 -1.200000e+01
      vertex   2.549841e+01 9.667469e+01 -1.200000e+01
    endloop
  endfacet
  facet normal -0.000000e+00 0.000000e+00 -1.000000e+00
    outer loop
      vertex   2.549841e+01 9.667469e+01 -1.200000e+01
      vertex   -2.630418e+01 9.655555e+01 -1.200000e+01
      vertex   -2.606625e+01 9.680673e+01 -1.200000e+01
    endloop
  endfacet
  facet normal 0.000000e+00 0.000000e+00 -1.000000e+00
    outer loop
      vertex   2.549841e+01 9.667469e+01 -1.200000e+01
      vertex   -2.606625e+01 9.680673e+01 -1.200000e+01
      vertex   2.528903e+01 9.695012e+01 -1.200000e+01
    endloop
  endfacet
  facet normal -0.000000e+00 0.000000e+00 -1.000000e+00
    outer loop
      vertex   2.528903e+01 9.695012e+01 -1.200000e+01
      vertex   -2.606625e+01 9.680673e+01 -1.200000e+01
      vertex   -2.588788e+01 9.710318e+01 -1.200000e+01
    endloop
  endfacet
  facet normal 0.000000e+00 0.000000e+00 -1.000000e+00
    outer loop
      vertex   2.528903e+01 9.695012e+01 -1.200000e+01
      vertex   -2.588788e+01 9.710318e+01 -1.200000e+01
      vertex   2.514376e+01 9.726412e+01 -1.200000e+01
    endloop
  endfacet
  facet normal -0.000000e+00 0.000000e+00 -1.000000e+00
    outer loop
      vertex   2.514376e+01 9.726412e+01 -1.200000e+01
      vertex   -2.588788e+01 9.710318e+01 -1.200000e+01
      vertex   -2.577740e+01 9.743105e+01 -1.200000e+01
    endloop
  endfacet
  facet normal 0.000000e+00 0.000000e+00 -1.000000e+00
    outer loop
      vertex   2.514376e+01 9.726412e+01 -1.200000e+01
      vertex   -2.577740e+01 9.743105e+01 -1.200000e+01
      vertex   -1.500000e+01 1.200000e+02 -1.200000e+01
    endloop
  endfacet
  facet normal 0.000000e+00 0.000000e+00 -1.000000e+00
    outer loop
      vertex   2.822260e+01 9.811896e+01 -1.200000e+01
      vertex   3.915011e+01 1.047326e+02 -1.200000e+01
      vertex   2.826000e+01 9.777501e+01 -1.200000e+01
    endloop
  endfacet
  facet normal 0.000000e+00 0.000000e+00 -1.000000e+00
    outer loop
      vertex   2.826000e+01 9.777501e+01 -1.200000e+01
      vertex   3.915011e+01 1.047326e+02 -1.200000e+01
      vertex   3.968099e+01 1.027411e+02 -1.200000e+01
    endloop
  endfacet
  facet normal 0.000000e+00 0.000000e+00 -1.000000e+00
    outer loop
      vertex   2.826000e+01 9.777501e+01 -1.200000e+01
      vertex   3.968099e+01 1.027411e+02 -1.200000e+01
      vertex   4.000409e+01 1.007056e+02 -1.200000e+01
    endloop
  endfacet
  facet normal 0.000000e+00 0.000000e+00 -1.000000e+00
    outer loop
      vertex   2.811212e+01 9.844683e+01 -1.200000e+01
      vertex   3.637789e+01 1.102349e+02 -1.200000e+01
      vertex   2.822260e+01 9.811896e+01 -1.200000e+01
    endloop
  endfacet
  facet normal 0.000000e+00 0.000000e+00 -1.000000e+00
    outer loop
      vertex   2.822260e+01 9.811896e+01 -1.200000e+01
      vertex   3.637789e+01 1.102349e+02 -1.200000e+01
      vertex   3.748975e+01 1.084995e+02 -1.200000e+01
    endloop
  endfacet
  facet normal 0.000000e+00 0.000000e+00 -1.000000e+00
    outer loop
      vertex   2.822260e+01 9.811896e+01 -1.200000e+01
      vertex   3.748975e+01 1.084995e+02 -1.200000e+01
      vertex   3.841711e+01 1.066589e+02 -1.200000e+01
    endloop
  endfacet
  facet normal 0.000000e+00 0.000000e+00 -1.000000e+00
    outer loop
      vertex   2.793375e+01 9.874329e+01 -1.200000e+01
      vertex   3.364972e+01 1.133177e+02 -1.200000e+01
      vertex   2.811212e+01 9.844683e+01 -1.200000e+01
    endloop
  endfacet
  facet normal 0.000000e+00 0.000000e+00 -1.000000e+00
    outer loop
      vertex   2.811212e+01 9.844683e+01 -1.200000e+01
      vertex   3.364972e+01 1.133177e+02 -1.200000e+01
      vertex   3.509333e+01 1.118467e+02 -1.200000e+01
    endloop
  endfacet
  facet normal 0.000000e+00 0.000000e+00 -1.000000e+00
    outer loop
      vertex   2.811212e+01 9.844683e+01 -1.200000e+01
      vertex   3.509333e+01 1.118467e+02 -1.200000e+01
      vertex   3.637789e+01 1.102349e+02 -1.200000e+01
    endloop
  endfacet
  facet normal -0.000000e+00 0.000000e+00 -1.000000e+00
    outer loop
      vertex   3.364972e+01 1.133177e+02 -1.200000e+01
      vertex   2.793375e+01 9.874329e+01 -1.200000e+01
      vertex   3.206239e+01 1.146323e+02 -1.200000e+01
    endloop
  endfacet
  facet normal 0.000000e+00 0.000000e+00 -1.000000e+00
    outer loop
      vertex   3.206239e+01 1.146323e+02 -1.200000e+01
      vertex   2.793375e+01 9.874329e+01 -1.200000e+01
      vertex   2.769582e+01 9.899447e+01 -1.200000e+01
    endloop
  endfacet
  facet normal 0.000000e+00 0.000000e+00 -1.000000e+00
    outer loop
      vertex   3.206239e+01 1.146323e+02 -1.200000e+01
      vertex   2.769582e+01 9.899447e+01 -1.200000e+01
      vertex   2.740946e+01 9.918863e+01 -1.200000e+01
    endloop
  endfacet
  facet normal -0.000000e+00 0.000000e+00 -1.000000e+00
    outer loop
      vertex   3.206239e+01 1.146323e+02 -1.200000e+01
      vertex   2.740946e+01 9.918863e+01 -1.200000e+01
      vertex   3.034819e+01 1.157766e+02 -1.200000e+01
    endloop
  endfacet
  facet normal 0.000000e+00 0.000000e+00 -1.000000e+00
    outer loop
      vertex   3.034819e+01 1.157766e+02 -1.200000e+01
      vertex   2.740946e+01 9.918863e+01 -1.200000e+01
      vertex   2.708805e+01 9.931669e+01 -1.200000e+01
    endloop
  endfacet
  facet normal -0.000000e+00 0.000000e+00 -1.000000e+00
    outer loop
      vertex   3.034819e+01 1.157766e+02 -1.200000e+01
      vertex   2.708805e+01 9.931669e+01 -1.200000e+01
      vertex   2.832735e+01 1.168772e+02 -1.200000e+01
    endloop
  endfacet
  facet normal 0.000000e+00 0.000000e+00 -1.000000e+00
    outer loop
      vertex   2.832735e+01 1.168772e+02 -1.200000e+01
      vertex   2.708805e+01 9.931669e+01 -1.200000e+01
      vertex   2.674663e+01 9.937266e+01 -1.200000e+01
    endloop
  endfacet
  facet normal 0.000000e+00 0.000000e+00 -1.000000e+00
    outer loop
      vertex   2.832735e+01 1.168772e+02 -1.200000e+01
      vertex   2.674663e+01 9.937266e+01 -1.200000e+01
      vertex   2.640115e+01 9.935393e+01 -1.200000e+01
    endloop
  endfacet
  facet normal -0.000000e+00 0.000000e+00 -1.000000e+00
    outer loop
      vertex   2.832735e+01 1.168772e+02 -1.200000e+01
      vertex   2.640115e+01 9.935393e+01 -1.200000e+01
      vertex   2.622810e+01 1.178196e+02 -1.200000e+01
    endloop
  endfacet
  facet normal 0.000000e+00 -0.000000e+00 -1.000000e+00
    outer loop
      vertex   2.622810e+01 1.178196e+02 -1.200000e+01
      vertex   2.640115e+01 9.935393e+01 -1.200000e+01
      vertex   2.606778e+01 9.926137e+01 -1.200000e+01
    endloop
  endfacet
  facet normal 0.000000e+00 0.000000e+00 -1.000000e+00
    outer loop
      vertex   2.622810e+01 1.178196e+02 -1.200000e+01
      vertex   2.606778e+01 9.926137e+01 -1.200000e+01
      vertex   2.576210e+01 9.909931e+01 -1.200000e+01
    endloop
  endfacet
  facet normal -0.000000e+00 0.000000e+00 -1.000000e+00
    outer loop
      vertex   2.622810e+01 1.178196e+02 -1.200000e+01
      vertex   2.576210e+01 9.909931e+01 -1.200000e+01
      vertex   2.406279e+01 1.185984e+02 -1.200000e+01
    endloop
  endfacet
  facet normal 0.000000e+00 0.000000e+00 -1.000000e+00
    outer loop
      vertex   2.406279e+01 1.185984e+02 -1.200000e+01
      vertex   2.576210e+01 9.909931e+01 -1.200000e+01
      vertex   2.549841e+01 9.887533e+01 -1.200000e+01
    endloop
  endfacet
  facet normal -0.000000e+00 -0.000000e+00 -1.000000e+00
    outer loop
      vertex   2.406279e+01 1.185984e+02 -1.200000e+01
      vertex   2.549841e+01 9.887533e+01 -1.200000e+01
      vertex   2.184416e+01 1.192089e+02 -1.200000e+01
    endloop
  endfacet
  facet normal 0.000000e+00 0.000000e+00 -1.000000e+00
    outer loop
      vertex   2.184416e+01 1.192089e+02 -1.200000e+01
      vertex   2.549841e+01 9.887533e+01 -1.200000e+01
      vertex   2.528903e+01 9.859989e+01 -1.200000e+01
    endloop
  endfacet
  facet normal -0.000000e+00 -0.000000e+00 -1.000000e+00
    outer loop
      vertex   2.184416e+01 1.192089e+02 -1.200000e+01
      vertex   2.528903e+01 9.859989e+01 -1.200000e+01
      vertex   1.958527e+01 1.196475e+02 -1.200000e+01
    endloop
  endfacet
  facet normal 0.000000e+00 0.000000e+00 -1.000000e+00
    outer loop
      vertex   1.958527e+01 1.196475e+02 -1.200000e+01
      vertex   2.528903e+01 9.859989e+01 -1.200000e+01
      vertex   2.514376e+01 9.828589e+01 -1.200000e+01
    endloop
  endfacet
  facet normal -0.000000e+00 -0.000000e+00 -1.000000e+00
    outer loop
      vertex   1.958527e+01 1.196475e+02 -1.200000e+01
      vertex   2.514376e+01 9.828589e+01 -1.200000e+01
      vertex   1.729940e+01 1.199117e+02 -1.200000e+01
    endloop
  endfacet
  facet normal 0.000000e+00 0.000000e+00 -1.000000e+00
    outer loop
      vertex   1.729940e+01 1.199117e+02 -1.200000e+01
      vertex   2.514376e+01 9.828589e+01 -1.200000e+01
      vertex   2.506938e+01 9.794800e+01 -1.200000e+01
    endloop
  endfacet
  facet normal -0.000000e+00 -0.000000e+00 -1.000000e+00
    outer loop
      vertex   1.729940e+01 1.199117e+02 -1.200000e+01
      vertex   2.506938e+01 9.794800e+01 -1.200000e+01
      vertex   1.500000e+01 1.200000e+02 -1.200000e+01
    endloop
  endfacet
  facet normal 0.000000e+00 0.000000e+00 -1.000000e+00
    outer loop
      vertex   1.500000e+01 1.200000e+02 -1.200000e+01
      vertex   2.506938e+01 9.794800e+01 -1.200000e+01
      vertex   2.506938e+01 9.760202e+01 -1.200000e+01
    endloop
  endfacet
  facet normal -0.000000e+00 -0.000000e+00 -1.000000e+00
    outer loop
      vertex   1.500000e+01 1.200000e+02 -1.200000e+01
      vertex   2.506938e+01 9.760202e+01 -1.200000e+01
      vertex   -1.500000e+01 1.200000e+02 -1.200000e+01
    endloop
  endfacet
  facet normal 0.000000e+00 0.000000e+00 -1.000000e+00
    outer loop
      vertex   -1.500000e+01 1.200000e+02 -1.200000e+01
      vertex   2.506938e+01 9.760202e+01 -1.200000e+01
      vertex   2.514376e+01 9.726412e+01 -1.200000e+01
    endloop
  endfacet
  facet normal 0.000000e+00 -0.000000e+00 -1.000000e+00
    outer loop
      vertex   2.708805e+01 9.623333e+01 -1.200000e+01
      vertex   3.970367e+01 9.455170e+01 -1.200000e+01
      vertex   2.674663e+01 9.617735e+01 -1.200000e+01
    endloop
  endfacet
  facet normal 0.000000e+00 0.000000e+00 -1.000000e+00
    outer loop
      vertex   2.674663e+01 9.617735e+01 -1.200000e+01
      vertex   3.970367e+01 9.455170e+01 -1.200000e+01
      vertex   3.918383e+01 9.255730e+01 -1.200000e+01
    endloop
  endfacet
  facet normal 0.000000e+00 0.000000e+00 -1.000000e+00
    outer loop
      vertex   2.674663e+01 9.617735e+01 -1.200000e+01
      vertex   3.918383e+01 9.255730e+01 -1.200000e+01
      vertex   3.846151e+01 9.062699e+01 -1.200000e+01
    endloop
  endfacet
  facet normal 0.000000e+00 0.000000e+00 -1.000000e+00
    outer loop
      vertex   2.708805e+01 9.623333e+01 -1.200000e+01
      vertex   2.740946e+01 9.636139e+01 -1.200000e+01
      vertex   3.970367e+01 9.455170e+01 -1.200000e+01
    endloop
  endfacet
  facet normal 0.000000e+00 0.000000e+00 -1.000000e+00
    outer loop
      vertex   3.970367e+01 9.455170e+01 -1.200000e+01
      vertex   2.740946e+01 9.636139e+01 -1.200000e+01
      vertex   2.769582e+01 9.655555e+01 -1.200000e+01
    endloop
  endfacet
  facet normal 0.000000e+00 0.000000e+00 -1.000000e+00
    outer loop
      vertex   3.970367e+01 9.455170e+01 -1.200000e+01
      vertex   2.769582e+01 9.655555e+01 -1.200000e+01
      vertex   2.793375e+01 9.680673e+01 -1.200000e+01
    endloop
  endfacet
  facet normal 0.000000e+00 0.000000e+00 -1.000000e+00
    outer loop
      vertex   2.793375e+01 9.680673e+01 -1.200000e+01
      vertex   2.811212e+01 9.710318e+01 -1.200000e+01
      vertex   3.970367e+01 9.455170e+01 -1.200000e+01
    endloop
  endfacet
  facet normal 0.000000e+00 0.000000e+00 -1.000000e+00
    outer loop
      vertex   3.970367e+01 9.455170e+01 -1.200000e+01
      vertex   2.811212e+01 9.710318e+01 -1.200000e+01
      vertex   2.822260e+01 9.743105e+01 -1.200000e+01
    endloop
  endfacet
  facet normal 0.000000e+00 0.000000e+00 -1.000000e+00
    outer loop
      vertex   3.970367e+01 9.455170e+01 -1.200000e+01
      vertex   2.822260e+01 9.743105e+01 -1.200000e+01
      vertex   2.826000e+01 9.777501e+01 -1.200000e+01
    endloop
  endfacet
  facet normal 0.000000e+00 0.000000e+00 -1.000000e+00
    outer loop
      vertex   -3.418172e+00 3.474760e+01 -1.200000e+01
      vertex   -2.462840e+01 3.485255e+01 -1.200000e+01
      vertex   -3.500000e+00 3.550000e+01 -1.200000e+01
    endloop
  endfacet
  facet normal -0.000000e+00 0.000000e+00 -1.000000e+00
    outer loop
      vertex   -3.500000e+00 3.550000e+01 -1.200000e+01
      vertex   -2.462840e+01 3.485255e+01 -1.200000e+01
      vertex   -2.399003e+01 4.183546e+01 -1.200000e+01
    endloop
  endfacet
  facet normal 0.000000e+00 0.000000e+00 -1.000000e+00
    outer loop
      vertex   -3.500000e+00 3.550000e+01 -1.200000e+01
      vertex   -2.399003e+01 4.183546e+01 -1.200000e+01
      vertex   -3.418172e+00 3.625240e+01 -1.200000e+01
    endloop
  endfacet
  facet normal 0.000000e+00 0.000000e+00 -1.000000e+00
    outer loop
      vertex   -3.418172e+00 3.625240e+01 -1.200000e+01
      vertex   -2.399003e+01 4.183546e+01 -1.200000e+01
      vertex   -2.333916e+01 4.881721e+01 -1.200000e+01
    endloop
  endfacet
  facet normal 0.000000e+00 0.000000e+00 -1.000000e+00
    outer loop
      vertex   -3.418172e+00 3.625240e+01 -1.200000e+01
      vertex   -2.333916e+01 4.881721e+01 -1.200000e+01
      vertex   -3.176514e+00 3.696961e+01 -1.200000e+01
    endloop
  endfacet
  facet normal 0.000000e+00 0.000000e+00 -1.000000e+00
    outer loop
      vertex   -3.176514e+00 3.696961e+01 -1.200000e+01
      vertex   -2.333916e+01 4.881721e+01 -1.200000e+01
      vertex   -2.314163e+01 5.210620e+01 -1.200000e+01
    endloop
  endfacet
  facet normal 0.000000e+00 0.000000e+00 -1.000000e+00
    outer loop
      vertex   -3.176514e+00 3.696961e+01 -1.200000e+01
      vertex   -2.314163e+01 5.210620e+01 -1.200000e+01
      vertex   -2.786326e+00 3.761811e+01 -1.200000e+01
    endloop
  endfacet
  facet normal 0.000000e+00 0.000000e+00 -1.000000e+00
    outer loop
      vertex   -2.786326e+00 3.761811e+01 -1.200000e+01
      vertex   -2.314163e+01 5.210620e+01 -1.200000e+01
      vertex   -2.316714e+01 5.540102e+01 -1.200000e+01
    endloop
  endfacet
  facet normal 0.000000e+00 0.000000e+00 -1.000000e+00
    outer loop
      vertex   -2.786326e+00 3.761811e+01 -1.200000e+01
      vertex   -2.316714e+01 5.540102e+01 -1.200000e+01
      vertex   -2.265852e+00 3.816757e+01 -1.200000e+01
    endloop
  endfacet
  facet normal 0.000000e+00 0.000000e+00 -1.000000e+00
    outer loop
      vertex   -2.265852e+00 3.816757e+01 -1.200000e+01
      vertex   -2.316714e+01 5.540102e+01 -1.200000e+01
      vertex   -2.341558e+01 5.868656e+01 -1.200000e+01
    endloop
  endfacet
  facet normal 0.000000e+00 0.000000e+00 -1.000000e+00
    outer loop
      vertex   -2.265852e+00 3.816757e+01 -1.200000e+01
      vertex   -2.341558e+01 5.868656e+01 -1.200000e+01
      vertex   -1.639430e+00 3.859229e+01 -1.200000e+01
    endloop
  endfacet
  facet normal 0.000000e+00 0.000000e+00 -1.000000e+00
    outer loop
      vertex   -1.639430e+00 3.859229e+01 -1.200000e+01
      vertex   -2.341558e+01 5.868656e+01 -1.200000e+01
      vertex   -2.388582e+01 6.194776e+01 -1.200000e+01
    endloop
  endfacet
  facet normal 0.000000e+00 0.000000e+00 -1.000000e+00
    outer loop
      vertex   -1.639430e+00 3.859229e+01 -1.200000e+01
      vertex   -2.388582e+01 6.194776e+01 -1.200000e+01
      vertex   -9.363492e-01 3.887242e+01 -1.200000e+01
    endloop
  endfacet
  facet normal 0.000000e+00 0.000000e+00 -1.000000e+00
    outer loop
      vertex   -9.363492e-01 3.887242e+01 -1.200000e+01
      vertex   -2.388582e+01 6.194776e+01 -1.200000e+01
      vertex   -2.457569e+01 6.516965e+01 -1.200000e+01
    endloop
  endfacet
  facet normal 0.000000e+00 0.000000e+00 -1.000000e+00
    outer loop
      vertex   -9.363492e-01 3.887242e+01 -1.200000e+01
      vertex   -2.457569e+01 6.516965e+01 -1.200000e+01
      vertex   -1.894862e-01 3.899487e+01 -1.200000e+01
    endloop
  endfacet
  facet normal 0.000000e+00 -0.000000e+00 -1.000000e+00
    outer loop
      vertex   -2.462840e+01 3.485255e+01 -1.200000e+01
      vertex   -3.418172e+00 3.474760e+01 -1.200000e+01
      vertex   -2.525426e+01 2.786852e+01 -1.200000e+01
    endloop
  endfacet
  facet normal 0.000000e+00 0.000000e+00 -1.000000e+00
    outer loop
      vertex   -2.525426e+01 2.786852e+01 -1.200000e+01
      vertex   -3.418172e+00 3.474760e+01 -1.200000e+01
      vertex   -3.176514e+00 3.403039e+01 -1.200000e+01
    endloop
  endfacet
  facet normal 0.000000e+00 0.000000e+00 -1.000000e+00
    outer loop
      vertex   -2.525426e+01 2.786852e+01 -1.200000e+01
      vertex   -3.176514e+00 3.403039e+01 -1.200000e+01
      vertex   -2.786326e+00 3.338189e+01 -1.200000e+01
    endloop
  endfacet
  facet normal 0.000000e+00 -0.000000e+00 -1.000000e+00
    outer loop
      vertex   -2.786326e+00 3.338189e+01 -1.200000e+01
      vertex   -2.265852e+00 3.283243e+01 -1.200000e+01
      vertex   -2.525426e+01 2.786852e+01 -1.200000e+01
    endloop
  endfacet
  facet normal 0.000000e+00 0.000000e+00 -1.000000e+00
    outer loop
      vertex   -2.525426e+01 2.786852e+01 -1.200000e+01
      vertex   -2.265852e+00 3.283243e+01 -1.200000e+01
      vertex   -1.639430e+00 3.240771e+01 -1.200000e+01
    endloop
  endfacet
  facet normal 0.000000e+00 0.000000e+00 -1.000000e+00
    outer loop
      vertex   -2.525426e+01 2.786852e+01 -1.200000e+01
      vertex   -1.639430e+00 3.240771e+01 -1.200000e+01
      vertex   -9.363492e-01 3.212758e+01 -1.200000e+01
    endloop
  endfacet
  facet normal 0.000000e+00 -0.000000e+00 -1.000000e+00
    outer loop
      vertex   -9.363492e-01 3.212758e+01 -1.200000e+01
      vertex   -1.894862e-01 3.200513e+01 -1.200000e+01
      vertex   -2.525426e+01 2.786852e+01 -1.200000e+01
    endloop
  endfacet
  facet normal 0.000000e+00 -0.000000e+00 -1.000000e+00
    outer loop
      vertex   -2.525426e+01 2.786852e+01 -1.200000e+01
      vertex   -1.894862e-01 3.200513e+01 -1.200000e+01
      vertex   -2.566787e+01 2.431824e+01 -1.200000e+01
    endloop
  endfacet
  facet normal 0.000000e+00 -0.000000e+00 -1.000000e+00
    outer loop
      vertex   -2.566787e+01 2.431824e+01 -1.200000e+01
      vertex   -1.894862e-01 3.200513e+01 -1.200000e+01
      vertex   -2.627600e+01 2.079606e+01 -1.200000e+01
    endloop
  endfacet
  facet normal 2.070721e-17 -4.819120e-17 -1.000000e+00
    outer loop
      vertex   -2.627600e+01 2.079606e+01 -1.200000e+01
      vertex   -1.894862e-01 3.200513e+01 -1.200000e+01
      vertex   -1.836736e+01 -1.266630e+01 -1.200000e+01
    endloop
  endfacet
  facet normal -4.286096e-17 -6.321519e-17 -1.000000e+00
    outer loop
      vertex   -2.627600e+01 2.079606e+01 -1.200000e+01
      vertex   -1.836736e+01 -1.266630e+01 -1.200000e+01
      vertex   -1.868057e+01 -1.245393e+01 -1.200000e+01
    endloop
  endfacet
  facet normal 2.155836e-18 -3.976205e-17 -1.000000e+00
    outer loop
      vertex   5.662370e-01 3.204611e+01 -1.200000e+01
      vertex   -1.779120e+01 -1.362388e+01 -1.200000e+01
      vertex   -1.894862e-01 3.200513e+01 -1.200000e+01
    endloop
  endfacet
  facet normal -5.386831e-17 -1.815035e-17 -1.000000e+00
    outer loop
      vertex   -1.894862e-01 3.200513e+01 -1.200000e+01
      vertex   -1.779120e+01 -1.362388e+01 -1.200000e+01
      vertex   -1.791203e+01 -1.326527e+01 -1.200000e+01
    endloop
  endfacet
  facet normal -3.950898e-17 -2.377176e-17 -1.000000e+00
    outer loop
      vertex   -1.894862e-01 3.200513e+01 -1.200000e+01
      vertex   -1.791203e+01 -1.326527e+01 -1.200000e+01
      vertex   -1.810712e+01 -1.294102e+01 -1.200000e+01
    endloop
  endfacet
  facet normal 1.215592e-17 -4.378167e-17 -1.000000e+00
    outer loop
      vertex   5.662370e-01 3.204611e+01 -1.200000e+01
      vertex   1.295484e+00 3.224858e+01 -1.200000e+01
      vertex   -1.779120e+01 -1.362388e+01 -1.200000e+01
    endloop
  endfacet
  facet normal -7.378242e-17 -8.024322e-18 -1.000000e+00
    outer loop
      vertex   -1.779120e+01 -1.362388e+01 -1.200000e+01
      vertex   1.295484e+00 3.224858e+01 -1.200000e+01
      vertex   -1.775028e+01 -1.400008e+01 -1.200000e+01
    endloop
  endfacet
  facet normal -2.054822e-17 -2.994682e-17 -1.000000e+00
    outer loop
      vertex   -1.775028e+01 -1.400008e+01 -1.200000e+01
      vertex   1.295484e+00 3.224858e+01 -1.200000e+01
      vertex   2.806791e+01 1.387849e+01 -1.200000e+01
    endloop
  endfacet
  facet normal -3.197569e-17 -1.116587e-17 -1.000000e+00
    outer loop
      vertex   -1.775028e+01 -1.400008e+01 -1.200000e+01
      vertex   2.806791e+01 1.387849e+01 -1.200000e+01
      vertex   2.924627e+01 1.050402e+01 -1.200000e+01
    endloop
  endfacet
  facet normal 0.000000e+00 0.000000e+00 -1.000000e+00
    outer loop
      vertex   1.295484e+00 3.224858e+01 -1.200000e+01
      vertex   1.964155e+00 3.260309e+01 -1.200000e+01
      vertex   2.806791e+01 1.387849e+01 -1.200000e+01
    endloop
  endfacet
  facet normal 0.000000e+00 0.000000e+00 -1.000000e+00
    outer loop
      vertex   2.806791e+01 1.387849e+01 -1.200000e+01
      vertex   1.964155e+00 3.260309e+01 -1.200000e+01
      vertex   2.707682e+01 1.731263e+01 -1.200000e+01
    endloop
  endfacet
  facet normal 0.000000e+00 0.000000e+00 -1.000000e+00
    outer loop
      vertex   2.707682e+01 1.731263e+01 -1.200000e+01
      vertex   1.964155e+00 3.260309e+01 -1.200000e+01
      vertex   2.540984e+00 3.309305e+01 -1.200000e+01
    endloop
  endfacet
  facet normal 0.000000e+00 0.000000e+00 -1.000000e+00
    outer loop
      vertex   2.707682e+01 1.731263e+01 -1.200000e+01
      vertex   2.540984e+00 3.309305e+01 -1.200000e+01
      vertex   2.627600e+01 2.079606e+01 -1.200000e+01
    endloop
  endfacet
  facet normal 0.000000e+00 0.000000e+00 -1.000000e+00
    outer loop
      vertex   2.627600e+01 2.079606e+01 -1.200000e+01
      vertex   2.540984e+00 3.309305e+01 -1.200000e+01
      vertex   2.999000e+00 3.369556e+01 -1.200000e+01
    endloop
  endfacet
  facet normal 0.000000e+00 0.000000e+00 -1.000000e+00
    outer loop
      vertex   2.627600e+01 2.079606e+01 -1.200000e+01
      vertex   2.999000e+00 3.369556e+01 -1.200000e+01
      vertex   2.566787e+01 2.431824e+01 -1.200000e+01
    endloop
  endfacet
  facet normal 0.000000e+00 0.000000e+00 -1.000000e+00
    outer loop
      vertex   2.566787e+01 2.431824e+01 -1.200000e+01
      vertex   2.999000e+00 3.369556e+01 -1.200000e+01
      vertex   3.316786e+00 3.438244e+01 -1.200000e+01
    endloop
  endfacet
  facet normal 0.000000e+00 0.000000e+00 -1.000000e+00
    outer loop
      vertex   2.566787e+01 2.431824e+01 -1.200000e+01
      vertex   3.316786e+00 3.438244e+01 -1.200000e+01
      vertex   2.525426e+01 2.786852e+01 -1.200000e+01
    endloop
  endfacet
  facet normal 0.000000e+00 0.000000e+00 -1.000000e+00
    outer loop
      vertex   2.525426e+01 2.786852e+01 -1.200000e+01
      vertex   3.316786e+00 3.438244e+01 -1.200000e+01
      vertex   3.479483e+00 3.512158e+01 -1.200000e+01
    endloop
  endfacet
  facet normal 0.000000e+00 0.000000e+00 -1.000000e+00
    outer loop
      vertex   2.525426e+01 2.786852e+01 -1.200000e+01
      vertex   3.479483e+00 3.512158e+01 -1.200000e+01
      vertex   2.462840e+01 3.485255e+01 -1.200000e+01
    endloop
  endfacet
  facet normal 0.000000e+00 0.000000e+00 -1.000000e+00
    outer loop
      vertex   2.462840e+01 3.485255e+01 -1.200000e+01
      vertex   3.479483e+00 3.512158e+01 -1.200000e+01
      vertex   3.479483e+00 3.587842e+01 -1.200000e+01
    endloop
  endfacet
  facet normal 0.000000e+00 1.285938e-16 -1.000000e+00
    outer loop
      vertex   -4.366922e+01 -2.950000e+01 -1.200000e+01
      vertex   -1.903211e+01 -1.568630e+01 -1.200000e+01
      vertex   4.366922e+01 -2.950000e+01 -1.200000e+01
    endloop
  endfacet
  facet normal -1.824316e-17 4.578688e-17 -1.000000e+00
    outer loop
      vertex   4.366922e+01 -2.950000e+01 -1.200000e+01
      vertex   -1.903211e+01 -1.568630e+01 -1.200000e+01
      vertex   -1.868057e+01 -1.554623e+01 -1.200000e+01
    endloop
  endfacet
  facet normal -2.141994e-17 3.159205e-17 -1.000000e+00
    outer loop
      vertex   4.366922e+01 -2.950000e+01 -1.200000e+01
      vertex   -1.868057e+01 -1.554623e+01 -1.200000e+01
      vertex   -1.836736e+01 -1.533387e+01 -1.200000e+01
    endloop
  endfacet
  facet normal -2.979327e-17 1.817309e-16 -1.000000e+00
    outer loop
      vertex   -1.903211e+01 -1.568630e+01 -1.200000e+01
      vertex   -4.366922e+01 -2.950000e+01 -1.200000e+01
      vertex   -1.940554e+01 -1.574752e+01 -1.200000e+01
    endloop
  endfacet
  facet normal 8.251033e-17 -1.640778e-17 -1.000000e+00
    outer loop
      vertex   -1.940554e+01 -1.574752e+01 -1.200000e+01
      vertex   -4.366922e+01 -2.950000e+01 -1.200000e+01
      vertex   -4.363561e+01 -2.933097e+01 -1.200000e+01
    endloop
  endfacet
  facet normal 8.244822e-17 -1.629698e-17 -1.000000e+00
    outer loop
      vertex   -1.940554e+01 -1.574752e+01 -1.200000e+01
      vertex   -4.363561e+01 -2.933097e+01 -1.200000e+01
      vertex   -4.360219e+01 -2.916191e+01 -1.200000e+01
    endloop
  endfacet
  facet normal 8.238700e-17 -1.618655e-17 -1.000000e+00
    outer loop
      vertex   -4.360219e+01 -2.916191e+01 -1.200000e+01
      vertex   -4.356897e+01 -2.899281e+01 -1.200000e+01
      vertex   -1.940554e+01 -1.574752e+01 -1.200000e+01
    endloop
  endfacet
  facet normal 8.342516e-17 -1.808048e-17 -1.000000e+00
    outer loop
      vertex   -1.940554e+01 -1.574752e+01 -1.200000e+01
      vertex   -4.356897e+01 -2.899281e+01 -1.200000e+01
      vertex   -4.250989e+01 -2.410611e+01 -1.200000e+01
    endloop
  endfacet
  facet normal 8.483288e-17 -2.197162e-17 -1.000000e+00
    outer loop
      vertex   -1.940554e+01 -1.574752e+01 -1.200000e+01
      vertex   -4.250989e+01 -2.410611e+01 -1.200000e+01
      vertex   -4.125623e+01 -1.926568e+01 -1.200000e+01
    endloop
  endfacet
  facet normal 9.511772e-17 -2.874042e-17 -1.000000e+00
    outer loop
      vertex   -3.980998e+01 -1.447926e+01 -1.200000e+01
      vertex   -2.115868e+01 -1.455886e+01 -1.200000e+01
      vertex   -4.125623e+01 -1.926568e+01 -1.200000e+01
    endloop
  endfacet
  facet normal 7.974611e-17 3.689448e-17 -1.000000e+00
    outer loop
      vertex   -4.125623e+01 -1.926568e+01 -1.200000e+01
      vertex   -2.115868e+01 -1.455886e+01 -1.200000e+01
      vertex   -2.099979e+01 -1.490230e+01 -1.200000e+01
    endloop
  endfacet
  facet normal 7.535432e-17 5.728286e-17 -1.000000e+00
    outer loop
      vertex   -4.125623e+01 -1.926568e+01 -1.200000e+01
      vertex   -2.099979e+01 -1.490230e+01 -1.200000e+01
      vertex   -2.077078e+01 -1.520356e+01 -1.200000e+01
    endloop
  endfacet
  facet normal 9.509980e-17 -3.293976e-17 -1.000000e+00
    outer loop
      vertex   -3.980998e+01 -1.447926e+01 -1.200000e+01
      vertex   -3.817346e+01 -9.754506e+00 -1.200000e+01
      vertex   -2.115868e+01 -1.455886e+01 -1.200000e+01
    endloop
  endfacet
  facet normal 1.113196e-16 2.450330e-17 -1.000000e+00
    outer loop
      vertex   -2.115868e+01 -1.455886e+01 -1.200000e+01
      vertex   -3.817346e+01 -9.754506e+00 -1.200000e+01
      vertex   -2.124003e+01 -1.418929e+01 -1.200000e+01
    endloop
  endfacet
  facet normal 9.513934e-17 -3.727824e-17 -1.000000e+00
    outer loop
      vertex   -2.124003e+01 -1.418929e+01 -1.200000e+01
      vertex   -3.817346e+01 -9.754506e+00 -1.200000e+01
      vertex   -3.634930e+01 -5.098984e+00 -1.200000e+01
    endloop
  endfacet
  facet normal 1.175673e-16 0.000000e+00 -1.000000e+00
    outer loop
      vertex   -2.124003e+01 -1.418929e+01 -1.200000e+01
      vertex   -3.634930e+01 -5.098984e+00 -1.200000e+01
      vertex   -2.124003e+01 -1.381087e+01 -1.200000e+01
    endloop
  endfacet
  facet normal 9.383089e-17 -4.116677e-17 -1.000000e+00
    outer loop
      vertex   -2.124003e+01 -1.381087e+01 -1.200000e+01
      vertex   -3.634930e+01 -5.098984e+00 -1.200000e+01
      vertex   -3.434041e+01 -5.201398e-01 -1.200000e+01
    endloop
  endfacet
  facet normal 1.108429e-16 -2.439838e-17 -1.000000e+00
    outer loop
      vertex   -2.124003e+01 -1.381087e+01 -1.200000e+01
      vertex   -3.434041e+01 -5.201398e-01 -1.200000e+01
      vertex   -2.115868e+01 -1.344130e+01 -1.200000e+01
    endloop
  endfacet
  facet normal 9.119614e-17 -4.444136e-17 -1.000000e+00
    outer loop
      vertex   -2.115868e+01 -1.344130e+01 -1.200000e+01
      vertex   -3.434041e+01 -5.201398e-01 -1.200000e+01
      vertex   -3.215000e+01 3.974699e+00 -1.200000e+01
    endloop
  endfacet
  facet normal 9.325285e-17 -4.314336e-17 -1.000000e+00
    outer loop
      vertex   -2.115868e+01 -1.344130e+01 -1.200000e+01
      vertex   -3.215000e+01 3.974699e+00 -1.200000e+01
      vertex   -2.099979e+01 -1.309786e+01 -1.200000e+01
    endloop
  endfacet
  facet normal 9.198129e-17 -4.397383e-17 -1.000000e+00
    outer loop
      vertex   -2.099979e+01 -1.309786e+01 -1.200000e+01
      vertex   -3.215000e+01 3.974699e+00 -1.200000e+01
      vertex   -3.060834e+01 7.199427e+00 -1.200000e+01
    endloop
  endfacet
  facet normal 7.094600e-17 -5.393175e-17 -1.000000e+00
    outer loop
      vertex   -2.099979e+01 -1.309786e+01 -1.200000e+01
      vertex   -3.060834e+01 7.199427e+00 -1.200000e+01
      vertex   -2.077078e+01 -1.279661e+01 -1.200000e+01
    endloop
  endfacet
  facet normal 5.321825e-17 -6.265337e-17 -1.000000e+00
    outer loop
      vertex   -2.077078e+01 -1.279661e+01 -1.200000e+01
      vertex   -3.060834e+01 7.199427e+00 -1.200000e+01
      vertex   -2.048236e+01 -1.255162e+01 -1.200000e+01
    endloop
  endfacet
  facet normal 9.724483e-17 -4.008180e-17 -1.000000e+00
    outer loop
      vertex   -2.048236e+01 -1.255162e+01 -1.200000e+01
      vertex   -3.060834e+01 7.199427e+00 -1.200000e+01
      vertex   -2.924627e+01 1.050402e+01 -1.200000e+01
    endloop
  endfacet
  facet normal 3.399630e-17 -6.412383e-17 -1.000000e+00
    outer loop
      vertex   -2.048236e+01 -1.255162e+01 -1.200000e+01
      vertex   -2.924627e+01 1.050402e+01 -1.200000e+01
      vertex   -2.014803e+01 -1.237437e+01 -1.200000e+01
    endloop
  endfacet
  facet normal 1.941400e-17 -6.992290e-17 -1.000000e+00
    outer loop
      vertex   -2.014803e+01 -1.237437e+01 -1.200000e+01
      vertex   -2.924627e+01 1.050402e+01 -1.200000e+01
      vertex   -1.978340e+01 -1.227313e+01 -1.200000e+01
    endloop
  endfacet
  facet normal 1.019920e-16 -3.561550e-17 -1.000000e+00
    outer loop
      vertex   -1.978340e+01 -1.227313e+01 -1.200000e+01
      vertex   -2.924627e+01 1.050402e+01 -1.200000e+01
      vertex   -2.806791e+01 1.387849e+01 -1.200000e+01
    endloop
  endfacet
  facet normal 3.620616e-18 -6.677833e-17 -1.000000e+00
    outer loop
      vertex   -1.978340e+01 -1.227313e+01 -1.200000e+01
      vertex   -2.806791e+01 1.387849e+01 -1.200000e+01
      vertex   -1.940554e+01 -1.225265e+01 -1.200000e+01
    endloop
  endfacet
  facet normal -1.178499e-17 -7.188523e-17 -1.000000e+00
    outer loop
      vertex   -1.940554e+01 -1.225265e+01 -1.200000e+01
      vertex   -2.806791e+01 1.387849e+01 -1.200000e+01
      vertex   -1.903211e+01 -1.231387e+01 -1.200000e+01
    endloop
  endfacet
  facet normal 1.070423e-16 -3.089234e-17 -1.000000e+00
    outer loop
      vertex   -1.903211e+01 -1.231387e+01 -1.200000e+01
      vertex   -2.806791e+01 1.387849e+01 -1.200000e+01
      vertex   -2.707682e+01 1.731263e+01 -1.200000e+01
    endloop
  endfacet
  facet normal -2.678779e-17 -6.723228e-17 -1.000000e+00
    outer loop
      vertex   -1.903211e+01 -1.231387e+01 -1.200000e+01
      vertex   -2.707682e+01 1.731263e+01 -1.200000e+01
      vertex   -1.868057e+01 -1.245393e+01 -1.200000e+01
    endloop
  endfacet
  facet normal 1.165631e-16 -2.679730e-17 -1.000000e+00
    outer loop
      vertex   -1.868057e+01 -1.245393e+01 -1.200000e+01
      vertex   -2.707682e+01 1.731263e+01 -1.200000e+01
      vertex   -2.627600e+01 2.079606e+01 -1.200000e+01
    endloop
  endfacet
  facet normal 0.000000e+00 0.000000e+00 -1.000000e+00
    outer loop
      vertex   -2.457569e+01 6.516965e+01 -1.200000e+01
      vertex   -2.548203e+01 6.833746e+01 -1.200000e+01
      vertex   -2.725337e+01 9.617735e+01 -1.200000e+01
    endloop
  endfacet
  facet normal 0.000000e+00 0.000000e+00 -1.000000e+00
    outer loop
      vertex   -2.725337e+01 9.617735e+01 -1.200000e+01
      vertex   -2.548203e+01 6.833746e+01 -1.200000e+01
      vertex   -2.660069e+01 7.143667e+01 -1.200000e+01
    endloop
  endfacet
  facet normal 0.000000e+00 -0.000000e+00 -1.000000e+00
    outer loop
      vertex   -2.725337e+01 9.617735e+01 -1.200000e+01
      vertex   -2.660069e+01 7.143667e+01 -1.200000e+01
      vertex   -2.792653e+01 7.445307e+01 -1.200000e+01
    endloop
  endfacet
  facet normal 0.000000e+00 0.000000e+00 -1.000000e+00
    outer loop
      vertex   -2.792653e+01 7.445307e+01 -1.200000e+01
      vertex   -2.945348e+01 7.737282e+01 -1.200000e+01
      vertex   -2.725337e+01 9.617735e+01 -1.200000e+01
    endloop
  endfacet
  facet normal 0.000000e+00 0.000000e+00 -1.000000e+00
    outer loop
      vertex   -2.725337e+01 9.617735e+01 -1.200000e+01
      vertex   -2.945348e+01 7.737282e+01 -1.200000e+01
      vertex   -3.117453e+01 8.018253e+01 -1.200000e+01
    endloop
  endfacet
  facet normal 0.000000e+00 0.000000e+00 -1.000000e+00
    outer loop
      vertex   -3.748975e+01 1.084995e+02 -1.200000e+01
      vertex   -3.637789e+01 1.102349e+02 -1.200000e+01
      vertex   -2.759885e+01 9.935393e+01 -1.200000e+01
    endloop
  endfacet
  facet normal 0.000000e+00 0.000000e+00 -1.000000e+00
    outer loop
      vertex   -2.759885e+01 9.935393e+01 -1.200000e+01
      vertex   -3.637789e+01 1.102349e+02 -1.200000e+01
      vertex   -3.509333e+01 1.118467e+02 -1.200000e+01
    endloop
  endfacet
  facet normal 0.000000e+00 0.000000e+00 -1.000000e+00
    outer loop
      vertex   -2.759885e+01 9.935393e+01 -1.200000e+01
      vertex   -3.509333e+01 1.118467e+02 -1.200000e+01
      vertex   -3.364972e+01 1.133177e+02 -1.200000e+01
    endloop
  endfacet
  facet normal 0.000000e+00 0.000000e+00 -1.000000e+00
    outer loop
      vertex   -3.364972e+01 1.133177e+02 -1.200000e+01
      vertex   -3.206239e+01 1.146323e+02 -1.200000e+01
      vertex   -2.759885e+01 9.935393e+01 -1.200000e+01
    endloop
  endfacet
  facet normal 0.000000e+00 0.000000e+00 -1.000000e+00
    outer loop
      vertex   -2.759885e+01 9.935393e+01 -1.200000e+01
      vertex   -3.206239e+01 1.146323e+02 -1.200000e+01
      vertex   -3.034819e+01 1.157766e+02 -1.200000e+01
    endloop
  endfacet
  facet normal 0.000000e+00 0.000000e+00 -1.000000e+00
    outer loop
      vertex   -2.759885e+01 9.935393e+01 -1.200000e+01
      vertex   -3.034819e+01 1.157766e+02 -1.200000e+01
      vertex   -2.832735e+01 1.168772e+02 -1.200000e+01
    endloop
  endfacet
  facet normal 0.000000e+00 -0.000000e+00 -1.000000e+00
    outer loop
      vertex   3.841711e+01 1.066589e+02 -1.200000e+01
      vertex   3.915011e+01 1.047326e+02 -1.200000e+01
      vertex   2.822260e+01 9.811896e+01 -1.200000e+01
    endloop
  endfacet
  facet normal 0.000000e+00 -0.000000e+00 -1.000000e+00
    outer loop
      vertex   4.000409e+01 1.007056e+02 -1.200000e+01
      vertex   4.011599e+01 9.864759e+01 -1.200000e+01
      vertex   2.826000e+01 9.777501e+01 -1.200000e+01
    endloop
  endfacet
  facet normal 0.000000e+00 0.000000e+00 -1.000000e+00
    outer loop
      vertex   2.826000e+01 9.777501e+01 -1.200000e+01
      vertex   4.011599e+01 9.864759e+01 -1.200000e+01
      vertex   4.001549e+01 9.658901e+01 -1.200000e+01
    endloop
  endfacet
  facet normal 0.000000e+00 0.000000e+00 -1.000000e+00
    outer loop
      vertex   2.826000e+01 9.777501e+01 -1.200000e+01
      vertex   4.001549e+01 9.658901e+01 -1.200000e+01
      vertex   3.970367e+01 9.455170e+01 -1.200000e+01
    endloop
  endfacet
  facet normal -0.000000e+00 0.000000e+00 -1.000000e+00
    outer loop
      vertex   3.846151e+01 9.062699e+01 -1.200000e+01
      vertex   3.754436e+01 8.878126e+01 -1.200000e+01
      vertex   2.674663e+01 9.617735e+01 -1.200000e+01
    endloop
  endfacet
  facet normal 0.000000e+00 0.000000e+00 -1.000000e+00
    outer loop
      vertex   2.674663e+01 9.617735e+01 -1.200000e+01
      vertex   3.754436e+01 8.878126e+01 -1.200000e+01
      vertex   3.644213e+01 8.703973e+01 -1.200000e+01
    endloop
  endfacet
  facet normal 0.000000e+00 0.000000e+00 -1.000000e+00
    outer loop
      vertex   2.674663e+01 9.617735e+01 -1.200000e+01
      vertex   3.644213e+01 8.703973e+01 -1.200000e+01
      vertex   3.516652e+01 8.542087e+01 -1.200000e+01
    endloop
  endfacet
  facet normal -0.000000e+00 0.000000e+00 -1.000000e+00
    outer loop
      vertex   3.516652e+01 8.542087e+01 -1.200000e+01
      vertex   3.308179e+01 8.286932e+01 -1.200000e+01
      vertex   2.674663e+01 9.617735e+01 -1.200000e+01
    endloop
  endfacet
  facet normal 0.000000e+00 0.000000e+00 -1.000000e+00
    outer loop
      vertex   2.674663e+01 9.617735e+01 -1.200000e+01
      vertex   3.308179e+01 8.286932e+01 -1.200000e+01
      vertex   3.117453e+01 8.018253e+01 -1.200000e+01
    endloop
  endfacet
  facet normal 0.000000e+00 0.000000e+00 -1.000000e+00
    outer loop
      vertex   2.674663e+01 9.617735e+01 -1.200000e+01
      vertex   3.117453e+01 8.018253e+01 -1.200000e+01
      vertex   2.945348e+01 7.737282e+01 -1.200000e+01
    endloop
  endfacet
  facet normal -0.000000e+00 0.000000e+00 -1.000000e+00
    outer loop
      vertex   2.945348e+01 7.737282e+01 -1.200000e+01
      vertex   2.792653e+01 7.445307e+01 -1.200000e+01
      vertex   2.674663e+01 9.617735e+01 -1.200000e+01
    endloop
  endfacet
  facet normal 0.000000e+00 -0.000000e+00 -1.000000e+00
    outer loop
      vertex   2.674663e+01 9.617735e+01 -1.200000e+01
      vertex   2.792653e+01 7.445307e+01 -1.200000e+01
      vertex   2.660069e+01 7.143667e+01 -1.200000e+01
    endloop
  endfacet
  facet normal 0.000000e+00 0.000000e+00 -1.000000e+00
    outer loop
      vertex   2.674663e+01 9.617735e+01 -1.200000e+01
      vertex   2.660069e+01 7.143667e+01 -1.200000e+01
      vertex   2.548203e+01 6.833746e+01 -1.200000e+01
    endloop
  endfacet
  facet normal -0.000000e+00 0.000000e+00 -1.000000e+00
    outer loop
      vertex   2.548203e+01 6.833746e+01 -1.200000e+01
      vertex   2.457569e+01 6.516965e+01 -1.200000e+01
      vertex   2.674663e+01 9.617735e+01 -1.200000e+01
    endloop
  endfacet
  facet normal -3.111148e-17 -1.282335e-17 -1.000000e+00
    outer loop
      vertex   2.924627e+01 1.050402e+01 -1.200000e+01
      vertex   3.060834e+01 7.199427e+00 -1.200000e+01
      vertex   -1.775028e+01 -1.400008e+01 -1.200000e+01
    endloop
  endfacet
  facet normal -3.857198e-17 4.194955e-18 -1.000000e+00
    outer loop
      vertex   -1.775028e+01 -1.400008e+01 -1.200000e+01
      vertex   3.060834e+01 7.199427e+00 -1.200000e+01
      vertex   -1.779120e+01 -1.437628e+01 -1.200000e+01
    endloop
  endfacet
  facet normal -3.025424e-17 -1.446375e-17 -1.000000e+00
    outer loop
      vertex   -1.779120e+01 -1.437628e+01 -1.200000e+01
      vertex   3.060834e+01 7.199427e+00 -1.200000e+01
      vertex   3.215000e+01 3.974699e+00 -1.200000e+01
    endloop
  endfacet
  facet normal -3.016709e-17 -1.470091e-17 -1.000000e+00
    outer loop
      vertex   -1.779120e+01 -1.437628e+01 -1.200000e+01
      vertex   3.215000e+01 3.974699e+00 -1.200000e+01
      vertex   3.434041e+01 -5.201398e-01 -1.200000e+01
    endloop
  endfacet
  facet normal -3.051595e-17 -1.338838e-17 -1.000000e+00
    outer loop
      vertex   3.434041e+01 -5.201398e-01 -1.200000e+01
      vertex   3.634930e+01 -5.098984e+00 -1.200000e+01
      vertex   -1.779120e+01 -1.437628e+01 -1.200000e+01
    endloop
  endfacet
  facet normal -3.074580e-17 -1.204706e-17 -1.000000e+00
    outer loop
      vertex   -1.779120e+01 -1.437628e+01 -1.200000e+01
      vertex   3.634930e+01 -5.098984e+00 -1.200000e+01
      vertex   3.817346e+01 -9.754506e+00 -1.200000e+01
    endloop
  endfacet
  facet normal -3.085801e-17 -1.068830e-17 -1.000000e+00
    outer loop
      vertex   -1.779120e+01 -1.437628e+01 -1.200000e+01
      vertex   3.817346e+01 -9.754506e+00 -1.200000e+01
      vertex   3.980998e+01 -1.447926e+01 -1.200000e+01
    endloop
  endfacet
  facet normal -3.085557e-17 -9.323205e-18 -1.000000e+00
    outer loop
      vertex   3.980998e+01 -1.447926e+01 -1.200000e+01
      vertex   4.125623e+01 -1.926568e+01 -1.200000e+01
      vertex   -1.779120e+01 -1.437628e+01 -1.200000e+01
    endloop
  endfacet
  facet normal -2.926701e-17 9.861204e-18 -1.000000e+00
    outer loop
      vertex   -1.779120e+01 -1.437628e+01 -1.200000e+01
      vertex   4.125623e+01 -1.926568e+01 -1.200000e+01
      vertex   -1.791203e+01 -1.473489e+01 -1.200000e+01
    endloop
  endfacet
  facet normal -3.062960e-17 -7.933030e-18 -1.000000e+00
    outer loop
      vertex   -1.791203e+01 -1.473489e+01 -1.200000e+01
      vertex   4.125623e+01 -1.926568e+01 -1.200000e+01
      vertex   4.250989e+01 -2.410611e+01 -1.200000e+01
    endloop
  endfacet
  facet normal -3.042180e-17 -6.593224e-18 -1.000000e+00
    outer loop
      vertex   -1.791203e+01 -1.473489e+01 -1.200000e+01
      vertex   4.250989e+01 -2.410611e+01 -1.200000e+01
      vertex   4.356897e+01 -2.899281e+01 -1.200000e+01
    endloop
  endfacet
  facet normal -3.027206e-17 -5.947543e-18 -1.000000e+00
    outer loop
      vertex   4.356897e+01 -2.899281e+01 -1.200000e+01
      vertex   4.360219e+01 -2.916191e+01 -1.200000e+01
      vertex   -1.791203e+01 -1.473489e+01 -1.200000e+01
    endloop
  endfacet
  facet normal -3.028095e-17 -5.985430e-18 -1.000000e+00
    outer loop
      vertex   -1.791203e+01 -1.473489e+01 -1.200000e+01
      vertex   4.360219e+01 -2.916191e+01 -1.200000e+01
      vertex   4.363561e+01 -2.933097e+01 -1.200000e+01
    endloop
  endfacet
  facet normal -3.028995e-17 -6.023376e-18 -1.000000e+00
    outer loop
      vertex   -1.791203e+01 -1.473489e+01 -1.200000e+01
      vertex   4.363561e+01 -2.933097e+01 -1.200000e+01
      vertex   4.366922e+01 -2.950000e+01 -1.200000e+01
    endloop
  endfacet
  facet normal -2.936472e-17 -2.781574e-17 -1.000000e+00
    outer loop
      vertex   -1.810712e+01 -1.294102e+01 -1.200000e+01
      vertex   -1.836736e+01 -1.266630e+01 -1.200000e+01
      vertex   -1.894862e-01 3.200513e+01 -1.200000e+01
    endloop
  endfacet
  facet normal 7.030135e-17 8.276515e-17 -1.000000e+00
    outer loop
      vertex   -2.077078e+01 -1.520356e+01 -1.200000e+01
      vertex   -2.048236e+01 -1.544854e+01 -1.200000e+01
      vertex   -4.125623e+01 -1.926568e+01 -1.200000e+01
    endloop
  endfacet
  facet normal 6.350084e-17 1.197753e-16 -1.000000e+00
    outer loop
      vertex   -4.125623e+01 -1.926568e+01 -1.200000e+01
      vertex   -2.048236e+01 -1.544854e+01 -1.200000e+01
      vertex   -2.014803e+01 -1.562579e+01 -1.200000e+01
    endloop
  endfacet
  facet normal 5.191311e-17 1.869741e-16 -1.000000e+00
    outer loop
      vertex   -4.125623e+01 -1.926568e+01 -1.200000e+01
      vertex   -2.014803e+01 -1.562579e+01 -1.200000e+01
      vertex   -1.978340e+01 -1.572703e+01 -1.200000e+01
    endloop
  endfacet
  facet normal 2.047925e-17 3.777175e-16 -1.000000e+00
    outer loop
      vertex   -1.978340e+01 -1.572703e+01 -1.200000e+01
      vertex   -1.940554e+01 -1.574752e+01 -1.200000e+01
      vertex   -4.125623e+01 -1.926568e+01 -1.200000e+01
    endloop
  endfacet
  facet normal -2.354179e-17 2.229997e-17 -1.000000e+00
    outer loop
      vertex   -1.836736e+01 -1.533387e+01 -1.200000e+01
      vertex   -1.810712e+01 -1.505914e+01 -1.200000e+01
      vertex   4.366922e+01 -2.950000e+01 -1.200000e+01
    endloop
  endfacet
  facet normal -2.520902e-17 1.516777e-17 -1.000000e+00
    outer loop
      vertex   4.366922e+01 -2.950000e+01 -1.200000e+01
      vertex   -1.810712e+01 -1.505914e+01 -1.200000e+01
      vertex   -1.791203e+01 -1.473489e+01 -1.200000e+01
    endloop
  endfacet
  facet normal -9.805600e-01 1.962193e-01 1.181610e-15
    outer loop
      vertex   -4.356897e+01 -2.899281e+01 4.100000e+00
      vertex   -4.336900e+01 -2.799352e+01 4.100000e+00
      vertex   -4.356897e+01 -2.899281e+01 -1.200000e+01
    endloop
  endfacet
  facet normal -9.786862e-01 2.053605e-01 -5.906462e-04
    outer loop
      vertex   -4.356897e+01 -2.899281e+01 -1.200000e+01
      vertex   -4.336900e+01 -2.799352e+01 4.100000e+00
      vertex   -4.294466e+01 -2.600000e+01 -5.900000e+00
    endloop
  endfacet
  facet normal -9.773035e-01 2.118080e-01 -3.895489e-03
    outer loop
      vertex   -4.356897e+01 -2.899281e+01 -1.200000e+01
      vertex   -4.294466e+01 -2.600000e+01 -5.900000e+00
      vertex   -4.250989e+01 -2.410611e+01 -1.200000e+01
    endloop
  endfacet
  facet normal -9.715235e-01 2.369040e-01 4.308109e-03
    outer loop
      vertex   -4.250989e+01 -2.410611e+01 -1.200000e+01
      vertex   -4.294466e+01 -2.600000e+01 -5.900000e+00
      vertex   -4.168339e+01 -2.082762e+01 -5.900000e+00
    endloop
  endfacet
  facet normal -9.680519e-01 2.507243e-01 -3.590112e-03
    outer loop
      vertex   -4.250989e+01 -2.410611e+01 -1.200000e+01
      vertex   -4.168339e+01 -2.082762e+01 -5.900000e+00
      vertex   -4.125623e+01 -1.926568e+01 -1.200000e+01
    endloop
  endfacet
  facet normal -9.605560e-01 2.780588e-01 3.933958e-03
    outer loop
      vertex   -4.125623e+01 -1.926568e+01 -1.200000e+01
      vertex   -4.168339e+01 -2.082762e+01 -5.900000e+00
      vertex   -4.020301e+01 -1.571364e+01 -5.900000e+00
    endloop
  endfacet
  facet normal -9.572516e-01 2.892396e-01 -3.147183e-03
    outer loop
      vertex   -4.125623e+01 -1.926568e+01 -1.200000e+01
      vertex   -4.020301e+01 -1.571364e+01 -5.900000e+00
      vertex   -3.980998e+01 -1.447926e+01 -1.200000e+01
    endloop
  endfacet
  facet normal -9.478463e-01 3.187095e-01 3.422257e-03
    outer loop
      vertex   -3.980998e+01 -1.447926e+01 -1.200000e+01
      vertex   -4.020301e+01 -1.571364e+01 -5.900000e+00
      vertex   -3.850621e+01 -1.066733e+01 -5.900000e+00
    endloop
  endfacet
  facet normal -9.449197e-01 3.272923e-01 -2.566704e-03
    outer loop
      vertex   -3.980998e+01 -1.447926e+01 -1.200000e+01
      vertex   -3.850621e+01 -1.066733e+01 -5.900000e+00
      vertex   -3.817346e+01 -9.754506e+00 -1.200000e+01
    endloop
  endfacet
  facet normal -9.334172e-01 3.587822e-01 2.773007e-03
    outer loop
      vertex   -3.817346e+01 -9.754506e+00 -1.200000e+01
      vertex   -3.850621e+01 -1.066733e+01 -5.900000e+00
      vertex   -3.659607e+01 -5.697859e+00 -5.900000e+00
    endloop
  endfacet
  facet normal -9.310757e-01 3.648213e-01 -1.848678e-03
    outer loop
      vertex   -3.817346e+01 -9.754506e+00 -1.200000e+01
      vertex   -3.659607e+01 -5.697859e+00 -5.900000e+00
      vertex   -3.634930e+01 -5.098984e+00 -1.200000e+01
    endloop
  endfacet
  facet normal -9.172947e-01 3.982041e-01 1.986211e-03
    outer loop
      vertex   -3.634930e+01 -5.098984e+00 -1.200000e+01
      vertex   -3.659607e+01 -5.697859e+00 -5.900000e+00
      vertex   -3.447605e+01 -8.142280e-01 -5.900000e+00
    endloop
  endfacet
  facet normal -9.157416e-01 4.017666e-01 -9.931077e-04
    outer loop
      vertex   -3.634930e+01 -5.098984e+00 -1.200000e+01
      vertex   -3.447605e+01 -8.142280e-01 -5.900000e+00
      vertex   -3.434041e+01 -5.201398e-01 -1.200000e+01
    endloop
  endfacet
  facet normal -8.995077e-01 4.369037e-01 1.061873e-03
    outer loop
      vertex   -3.434041e+01 -5.201398e-01 -1.200000e+01
      vertex   -3.447605e+01 -8.142280e-01 -5.900000e+00
      vertex   -3.215000e+01 3.974699e+00 -5.900000e+00
    endloop
  endfacet
  facet normal -8.989414e-01 4.380688e-01 0.000000e+00
    outer loop
      vertex   -3.434041e+01 -5.201398e-01 -1.200000e+01
      vertex   -3.215000e+01 3.974699e+00 -5.900000e+00
      vertex   -3.215000e+01 3.974699e+00 -1.200000e+01
    endloop
  endfacet
  facet normal -9.789274e-01 2.042069e-01 -8.308441e-04
    outer loop
      vertex   -4.336900e+01 -2.799352e+01 4.100000e+00
      vertex   -4.316090e+01 -2.699590e+01 4.100000e+00
      vertex   -4.294466e+01 -2.600000e+01 -5.900000e+00
    endloop
  endfacet
  facet normal -9.772304e-01 2.121811e-01 6.943639e-16
    outer loop
      vertex   -4.294466e+01 -2.600000e+01 -5.900000e+00
      vertex   -4.316090e+01 -2.699590e+01 4.100000e+00
      vertex   -4.294466e+01 -2.600000e+01 4.100000e+00
    endloop
  endfacet
  facet normal -9.807956e-01 1.950384e-01 1.731422e-15
    outer loop
      vertex   -4.366922e+01 -2.950000e+01 -1.200000e+01
      vertex   -4.366922e+01 -2.950000e+01 4.100000e+00
      vertex   -4.363561e+01 -2.933097e+01 -1.200000e+01
    endloop
  endfacet
  facet normal -9.807956e-01 1.950384e-01 5.604918e-16
    outer loop
      vertex   -4.363561e+01 -2.933097e+01 -1.200000e+01
      vertex   -4.366922e+01 -2.950000e+01 4.100000e+00
      vertex   -4.363561e+01 -2.933097e+01 4.100000e+00
    endloop
  endfacet
  facet normal -9.810190e-01 1.939114e-01 5.130580e-16
    outer loop
      vertex   -4.363561e+01 -2.933097e+01 -1.200000e+01
      vertex   -4.363561e+01 -2.933097e+01 4.100000e+00
      vertex   -4.360219e+01 -2.916191e+01 -1.200000e+01
    endloop
  endfacet
  facet normal -9.810190e-01 1.939114e-01 -1.053075e-15
    outer loop
      vertex   -4.360219e+01 -2.916191e+01 -1.200000e+01
      vertex   -4.363561e+01 -2.933097e+01 4.100000e+00
      vertex   -4.360219e+01 -2.916191e+01 4.100000e+00
    endloop
  endfacet
  facet normal -9.812412e-01 1.927842e-01 -1.148932e-15
    outer loop
      vertex   -4.360219e+01 -2.916191e+01 -1.200000e+01
      vertex   -4.360219e+01 -2.916191e+01 4.100000e+00
      vertex   -4.356897e+01 -2.899281e+01 -1.200000e+01
    endloop
  endfacet
  facet normal -9.812412e-01 1.927842e-01 7.434703e-16
    outer loop
      vertex   -4.356897e+01 -2.899281e+01 -1.200000e+01
      vertex   -4.360219e+01 -2.916191e+01 4.100000e+00
      vertex   -4.356897e+01 -2.899281e+01 4.100000e+00
    endloop
  endfacet
  facet normal 0.000000e+00 -1.000000e+00 0.000000e+00
    outer loop
      vertex   3.770609e+01 -2.950000e+01 -1.104701e+00
      vertex   4.366922e+01 -2.950000e+01 -5.900000e+00
      vertex   3.774466e+01 -2.950000e+01 -7.500000e-01
    endloop
  endfacet
  facet normal 0.000000e+00 -1.000000e+00 0.000000e+00
    outer loop
      vertex   3.774466e+01 -2.950000e+01 -7.500000e-01
      vertex   4.366922e+01 -2.950000e+01 -5.900000e+00
      vertex   4.366922e+01 -2.950000e+01 4.100000e+00
    endloop
  endfacet
  facet normal 0.000000e+00 -1.000000e+00 0.000000e+00
    outer loop
      vertex   3.774466e+01 -2.950000e+01 -7.500000e-01
      vertex   4.366922e+01 -2.950000e+01 4.100000e+00
      vertex   3.770609e+01 -2.950000e+01 -3.952988e-01
    endloop
  endfacet
  facet normal 0.000000e+00 -1.000000e+00 0.000000e+00
    outer loop
      vertex   3.770609e+01 -2.950000e+01 -3.952988e-01
      vertex   4.366922e+01 -2.950000e+01 4.100000e+00
      vertex   3.759216e+01 -2.950000e+01 -5.718298e-02
    endloop
  endfacet
  facet normal 0.000000e+00 -1.000000e+00 0.000000e+00
    outer loop
      vertex   3.759216e+01 -2.950000e+01 -5.718298e-02
      vertex   4.366922e+01 -2.950000e+01 4.100000e+00
      vertex   3.740822e+01 -2.950000e+01 2.485375e-01
    endloop
  endfacet
  facet normal 0.000000e+00 -1.000000e+00 0.000000e+00
    outer loop
      vertex   3.740822e+01 -2.950000e+01 2.485375e-01
      vertex   4.366922e+01 -2.950000e+01 4.100000e+00
      vertex   3.716285e+01 -2.950000e+01 5.075674e-01
    endloop
  endfacet
  facet normal 0.000000e+00 -1.000000e+00 0.000000e+00
    outer loop
      vertex   3.716285e+01 -2.950000e+01 5.075674e-01
      vertex   4.366922e+01 -2.950000e+01 4.100000e+00
      vertex   3.686754e+01 -2.950000e+01 7.077949e-01
    endloop
  endfacet
  facet normal 0.000000e+00 -1.000000e+00 0.000000e+00
    outer loop
      vertex   3.686754e+01 -2.950000e+01 7.077949e-01
      vertex   4.366922e+01 -2.950000e+01 4.100000e+00
      vertex   3.653608e+01 -2.950000e+01 8.398575e-01
    endloop
  endfacet
  facet normal 0.000000e+00 -1.000000e+00 0.000000e+00
    outer loop
      vertex   3.653608e+01 -2.950000e+01 8.398575e-01
      vertex   4.366922e+01 -2.950000e+01 4.100000e+00
      vertex   3.618399e+01 -2.950000e+01 8.975801e-01
    endloop
  endfacet
  facet normal -0.000000e+00 -1.000000e+00 0.000000e+00
    outer loop
      vertex   3.618399e+01 -2.950000e+01 8.975801e-01
      vertex   4.366922e+01 -2.950000e+01 4.100000e+00
      vertex   3.582772e+01 -2.950000e+01 8.782638e-01
    endloop
  endfacet
  facet normal 0.000000e+00 -1.000000e+00 0.000000e+00
    outer loop
      vertex   3.582772e+01 -2.950000e+01 8.782638e-01
      vertex   4.366922e+01 -2.950000e+01 4.100000e+00
      vertex   -4.366922e+01 -2.950000e+01 4.100000e+00
    endloop
  endfacet
  facet normal -0.000000e+00 -1.000000e+00 0.000000e+00
    outer loop
      vertex   3.582772e+01 -2.950000e+01 8.782638e-01
      vertex   -4.366922e+01 -2.950000e+01 4.100000e+00
      vertex   -3.565324e+01 -2.950000e+01 8.398575e-01
    endloop
  endfacet
  facet normal 0.000000e+00 -1.000000e+00 0.000000e+00
    outer loop
      vertex   -3.565324e+01 -2.950000e+01 8.398575e-01
      vertex   -4.366922e+01 -2.950000e+01 4.100000e+00
      vertex   -3.600533e+01 -2.950000e+01 8.975801e-01
    endloop
  endfacet
  facet normal -0.000000e+00 -1.000000e+00 0.000000e+00
    outer loop
      vertex   -3.600533e+01 -2.950000e+01 8.975801e-01
      vertex   -4.366922e+01 -2.950000e+01 4.100000e+00
      vertex   -3.636160e+01 -2.950000e+01 8.782638e-01
    endloop
  endfacet
  facet normal -0.000000e+00 -1.000000e+00 0.000000e+00
    outer loop
      vertex   -3.636160e+01 -2.950000e+01 8.782638e-01
      vertex   -4.366922e+01 -2.950000e+01 4.100000e+00
      vertex   -3.670539e+01 -2.950000e+01 7.828116e-01
    endloop
  endfacet
  facet normal -0.000000e+00 -1.000000e+00 0.000000e+00
    outer loop
      vertex   -3.670539e+01 -2.950000e+01 7.828116e-01
      vertex   -4.366922e+01 -2.950000e+01 4.100000e+00
      vertex   -3.702062e+01 -2.950000e+01 6.156868e-01
    endloop
  endfacet
  facet normal -0.000000e+00 -1.000000e+00 0.000000e+00
    outer loop
      vertex   -3.702062e+01 -2.950000e+01 6.156868e-01
      vertex   -4.366922e+01 -2.950000e+01 4.100000e+00
      vertex   -3.729256e+01 -2.950000e+01 3.847041e-01
    endloop
  endfacet
  facet normal -0.000000e+00 -1.000000e+00 0.000000e+00
    outer loop
      vertex   -3.729256e+01 -2.950000e+01 3.847041e-01
      vertex   -4.366922e+01 -2.950000e+01 4.100000e+00
      vertex   -3.750848e+01 -2.950000e+01 1.006639e-01
    endloop
  endfacet
  facet normal -0.000000e+00 -1.000000e+00 0.000000e+00
    outer loop
      vertex   -3.750848e+01 -2.950000e+01 1.006639e-01
      vertex   -4.366922e+01 -2.950000e+01 4.100000e+00
      vertex   -3.765829e+01 -2.950000e+01 -2.231525e-01
    endloop
  endfacet
  facet normal -0.000000e+00 -1.000000e+00 0.000000e+00
    outer loop
      vertex   -3.765829e+01 -2.950000e+01 -2.231525e-01
      vertex   -4.366922e+01 -2.950000e+01 4.100000e+00
      vertex   -3.773499e+01 -2.950000e+01 -5.716036e-01
    endloop
  endfacet
  facet normal -0.000000e+00 -1.000000e+00 -0.000000e+00
    outer loop
      vertex   -3.773499e+01 -2.950000e+01 -5.716036e-01
      vertex   -4.366922e+01 -2.950000e+01 4.100000e+00
      vertex   -3.773499e+01 -2.950000e+01 -9.283964e-01
    endloop
  endfacet
  facet normal -0.000000e+00 -1.000000e+00 -0.000000e+00
    outer loop
      vertex   -3.773499e+01 -2.950000e+01 -9.283964e-01
      vertex   -4.366922e+01 -2.950000e+01 4.100000e+00
      vertex   -3.765829e+01 -2.950000e+01 -1.276848e+00
    endloop
  endfacet
  facet normal -0.000000e+00 -1.000000e+00 -0.000000e+00
    outer loop
      vertex   -3.765829e+01 -2.950000e+01 -1.276848e+00
      vertex   -4.366922e+01 -2.950000e+01 4.100000e+00
      vertex   -3.750848e+01 -2.950000e+01 -1.600664e+00
    endloop
  endfacet
  facet normal -0.000000e+00 -1.000000e+00 0.000000e+00
    outer loop
      vertex   -3.750848e+01 -2.950000e+01 -1.600664e+00
      vertex   -4.366922e+01 -2.950000e+01 4.100000e+00
      vertex   -4.366922e+01 -2.950000e+01 -1.200000e+01
    endloop
  endfacet
  facet normal 0.000000e+00 -1.000000e+00 -0.000000e+00
    outer loop
      vertex   -3.750848e+01 -2.950000e+01 -1.600664e+00
      vertex   -4.366922e+01 -2.950000e+01 -1.200000e+01
      vertex   -3.729256e+01 -2.950000e+01 -1.884704e+00
    endloop
  endfacet
  facet normal 0.000000e+00 -1.000000e+00 -0.000000e+00
    outer loop
      vertex   -3.729256e+01 -2.950000e+01 -1.884704e+00
      vertex   -4.366922e+01 -2.950000e+01 -1.200000e+01
      vertex   -3.702062e+01 -2.950000e+01 -2.115687e+00
    endloop
  endfacet
  facet normal 0.000000e+00 -1.000000e+00 -0.000000e+00
    outer loop
      vertex   -3.702062e+01 -2.950000e+01 -2.115687e+00
      vertex   -4.366922e+01 -2.950000e+01 -1.200000e+01
      vertex   -3.670539e+01 -2.950000e+01 -2.282812e+00
    endloop
  endfacet
  facet normal 0.000000e+00 -1.000000e+00 -0.000000e+00
    outer loop
      vertex   -3.670539e+01 -2.950000e+01 -2.282812e+00
      vertex   -4.366922e+01 -2.950000e+01 -1.200000e+01
      vertex   -3.636160e+01 -2.950000e+01 -2.378264e+00
    endloop
  endfacet
  facet normal 0.000000e+00 -1.000000e+00 -0.000000e+00
    outer loop
      vertex   -3.636160e+01 -2.950000e+01 -2.378264e+00
      vertex   -4.366922e+01 -2.950000e+01 -1.200000e+01
      vertex   -3.600533e+01 -2.950000e+01 -2.397580e+00
    endloop
  endfacet
  facet normal 0.000000e+00 -1.000000e+00 -0.000000e+00
    outer loop
      vertex   -3.600533e+01 -2.950000e+01 -2.397580e+00
      vertex   -4.366922e+01 -2.950000e+01 -1.200000e+01
      vertex   -3.565324e+01 -2.950000e+01 -2.339857e+00
    endloop
  endfacet
  facet normal 0.000000e+00 -1.000000e+00 -0.000000e+00
    outer loop
      vertex   -3.565324e+01 -2.950000e+01 -2.339857e+00
      vertex   -4.366922e+01 -2.950000e+01 -1.200000e+01
      vertex   4.366922e+01 -2.950000e+01 -5.900000e+00
    endloop
  endfacet
  facet normal 0.000000e+00 -1.000000e+00 0.000000e+00
    outer loop
      vertex   -3.565324e+01 -2.950000e+01 -2.339857e+00
      vertex   4.366922e+01 -2.950000e+01 -5.900000e+00
      vertex   3.582772e+01 -2.950000e+01 -2.378264e+00
    endloop
  endfacet
  facet normal 0.000000e+00 -1.000000e+00 0.000000e+00
    outer loop
      vertex   3.582772e+01 -2.950000e+01 -2.378264e+00
      vertex   4.366922e+01 -2.950000e+01 -5.900000e+00
      vertex   3.618399e+01 -2.950000e+01 -2.397580e+00
    endloop
  endfacet
  facet normal 0.000000e+00 -1.000000e+00 0.000000e+00
    outer loop
      vertex   3.618399e+01 -2.950000e+01 -2.397580e+00
      vertex   4.366922e+01 -2.950000e+01 -5.900000e+00
      vertex   3.653608e+01 -2.950000e+01 -2.339857e+00
    endloop
  endfacet
  facet normal 0.000000e+00 -1.000000e+00 0.000000e+00
    outer loop
      vertex   3.653608e+01 -2.950000e+01 -2.339857e+00
      vertex   4.366922e+01 -2.950000e+01 -5.900000e+00
      vertex   3.686754e+01 -2.950000e+01 -2.207795e+00
    endloop
  endfacet
  facet normal 0.000000e+00 -1.000000e+00 0.000000e+00
    outer loop
      vertex   3.686754e+01 -2.950000e+01 -2.207795e+00
      vertex   4.366922e+01 -2.950000e+01 -5.900000e+00
      vertex   3.716285e+01 -2.950000e+01 -2.007567e+00
    endloop
  endfacet
  facet normal 0.000000e+00 -1.000000e+00 0.000000e+00
    outer loop
      vertex   3.716285e+01 -2.950000e+01 -2.007567e+00
      vertex   4.366922e+01 -2.950000e+01 -5.900000e+00
      vertex   3.740822e+01 -2.950000e+01 -1.748537e+00
    endloop
  endfacet
  facet normal 0.000000e+00 -1.000000e+00 0.000000e+00
    outer loop
      vertex   3.740822e+01 -2.950000e+01 -1.748537e+00
      vertex   4.366922e+01 -2.950000e+01 -5.900000e+00
      vertex   3.759216e+01 -2.950000e+01 -1.442817e+00
    endloop
  endfacet
  facet normal 0.000000e+00 -1.000000e+00 0.000000e+00
    outer loop
      vertex   3.759216e+01 -2.950000e+01 -1.442817e+00
      vertex   4.366922e+01 -2.950000e+01 -5.900000e+00
      vertex   3.770609e+01 -2.950000e+01 -1.104701e+00
    endloop
  endfacet
  facet normal 0.000000e+00 -1.000000e+00 0.000000e+00
    outer loop
      vertex   3.582772e+01 -2.950000e+01 -2.378264e+00
      vertex   3.548394e+01 -2.950000e+01 -2.282812e+00
      vertex   -3.565324e+01 -2.950000e+01 -2.339857e+00
    endloop
  endfacet
  facet normal 0.000000e+00 -1.000000e+00 0.000000e+00
    outer loop
      vertex   -3.565324e+01 -2.950000e+01 -2.339857e+00
      vertex   3.548394e+01 -2.950000e+01 -2.282812e+00
      vertex   -3.532179e+01 -2.950000e+01 -2.207795e+00
    endloop
  endfacet
  facet normal 0.000000e+00 -1.000000e+00 0.000000e+00
    outer loop
      vertex   -3.532179e+01 -2.950000e+01 -2.207795e+00
      vertex   3.548394e+01 -2.950000e+01 -2.282812e+00
      vertex   3.516870e+01 -2.950000e+01 -2.115687e+00
    endloop
  endfacet
  facet normal 0.000000e+00 -1.000000e+00 0.000000e+00
    outer loop
      vertex   -3.532179e+01 -2.950000e+01 -2.207795e+00
      vertex   3.516870e+01 -2.950000e+01 -2.115687e+00
      vertex   -3.502648e+01 -2.950000e+01 -2.007567e+00
    endloop
  endfacet
  facet normal 0.000000e+00 -1.000000e+00 0.000000e+00
    outer loop
      vertex   -3.502648e+01 -2.950000e+01 -2.007567e+00
      vertex   3.516870e+01 -2.950000e+01 -2.115687e+00
      vertex   3.489677e+01 -2.950000e+01 -1.884704e+00
    endloop
  endfacet
  facet normal 0.000000e+00 -1.000000e+00 0.000000e+00
    outer loop
      vertex   -3.502648e+01 -2.950000e+01 -2.007567e+00
      vertex   3.489677e+01 -2.950000e+01 -1.884704e+00
      vertex   -3.478111e+01 -2.950000e+01 -1.748537e+00
    endloop
  endfacet
  facet normal 0.000000e+00 -1.000000e+00 0.000000e+00
    outer loop
      vertex   -3.478111e+01 -2.950000e+01 -1.748537e+00
      vertex   3.489677e+01 -2.950000e+01 -1.884704e+00
      vertex   3.468085e+01 -2.950000e+01 -1.600664e+00
    endloop
  endfacet
  facet normal 0.000000e+00 -1.000000e+00 0.000000e+00
    outer loop
      vertex   -3.478111e+01 -2.950000e+01 -1.748537e+00
      vertex   3.468085e+01 -2.950000e+01 -1.600664e+00
      vertex   -3.459716e+01 -2.950000e+01 -1.442817e+00
    endloop
  endfacet
  facet normal 0.000000e+00 -1.000000e+00 0.000000e+00
    outer loop
      vertex   -3.459716e+01 -2.950000e+01 -1.442817e+00
      vertex   3.468085e+01 -2.950000e+01 -1.600664e+00
      vertex   3.453104e+01 -2.950000e+01 -1.276848e+00
    endloop
  endfacet
  facet normal 0.000000e+00 -1.000000e+00 0.000000e+00
    outer loop
      vertex   -3.459716e+01 -2.950000e+01 -1.442817e+00
      vertex   3.453104e+01 -2.950000e+01 -1.276848e+00
      vertex   -3.448324e+01 -2.950000e+01 -1.104701e+00
    endloop
  endfacet
  facet normal 0.000000e+00 -1.000000e+00 0.000000e+00
    outer loop
      vertex   -3.448324e+01 -2.950000e+01 -1.104701e+00
      vertex   3.453104e+01 -2.950000e+01 -1.276848e+00
      vertex   3.445434e+01 -2.950000e+01 -9.283964e-01
    endloop
  endfacet
  facet normal 0.000000e+00 -1.000000e+00 0.000000e+00
    outer loop
      vertex   -3.448324e+01 -2.950000e+01 -1.104701e+00
      vertex   3.445434e+01 -2.950000e+01 -9.283964e-01
      vertex   -3.444466e+01 -2.950000e+01 -7.500000e-01
    endloop
  endfacet
  facet normal 0.000000e+00 -1.000000e+00 0.000000e+00
    outer loop
      vertex   -3.444466e+01 -2.950000e+01 -7.500000e-01
      vertex   3.445434e+01 -2.950000e+01 -9.283964e-01
      vertex   3.445434e+01 -2.950000e+01 -5.716036e-01
    endloop
  endfacet
  facet normal 0.000000e+00 -1.000000e+00 0.000000e+00
    outer loop
      vertex   -3.444466e+01 -2.950000e+01 -7.500000e-01
      vertex   3.445434e+01 -2.950000e+01 -5.716036e-01
      vertex   -3.448324e+01 -2.950000e+01 -3.952988e-01
    endloop
  endfacet
  facet normal 0.000000e+00 -1.000000e+00 0.000000e+00
    outer loop
      vertex   -3.448324e+01 -2.950000e+01 -3.952988e-01
      vertex   3.445434e+01 -2.950000e+01 -5.716036e-01
      vertex   3.453104e+01 -2.950000e+01 -2.231525e-01
    endloop
  endfacet
  facet normal 0.000000e+00 -1.000000e+00 0.000000e+00
    outer loop
      vertex   -3.448324e+01 -2.950000e+01 -3.952988e-01
      vertex   3.453104e+01 -2.950000e+01 -2.231525e-01
      vertex   -3.459716e+01 -2.950000e+01 -5.718298e-02
    endloop
  endfacet
  facet normal 0.000000e+00 -1.000000e+00 0.000000e+00
    outer loop
      vertex   -3.459716e+01 -2.950000e+01 -5.718298e-02
      vertex   3.453104e+01 -2.950000e+01 -2.231525e-01
      vertex   3.468085e+01 -2.950000e+01 1.006639e-01
    endloop
  endfacet
  facet normal 0.000000e+00 -1.000000e+00 0.000000e+00
    outer loop
      vertex   -3.459716e+01 -2.950000e+01 -5.718298e-02
      vertex   3.468085e+01 -2.950000e+01 1.006639e-01
      vertex   -3.478111e+01 -2.950000e+01 2.485375e-01
    endloop
  endfacet
  facet normal 0.000000e+00 -1.000000e+00 0.000000e+00
    outer loop
      vertex   -3.478111e+01 -2.950000e+01 2.485375e-01
      vertex   3.468085e+01 -2.950000e+01 1.006639e-01
      vertex   3.489677e+01 -2.950000e+01 3.847041e-01
    endloop
  endfacet
  facet normal 0.000000e+00 -1.000000e+00 0.000000e+00
    outer loop
      vertex   -3.478111e+01 -2.950000e+01 2.485375e-01
      vertex   3.489677e+01 -2.950000e+01 3.847041e-01
      vertex   -3.502648e+01 -2.950000e+01 5.075674e-01
    endloop
  endfacet
  facet normal 0.000000e+00 -1.000000e+00 0.000000e+00
    outer loop
      vertex   -3.502648e+01 -2.950000e+01 5.075674e-01
      vertex   3.489677e+01 -2.950000e+01 3.847041e-01
      vertex   3.516870e+01 -2.950000e+01 6.156868e-01
    endloop
  endfacet
  facet normal 0.000000e+00 -1.000000e+00 0.000000e+00
    outer loop
      vertex   -3.502648e+01 -2.950000e+01 5.075674e-01
      vertex   3.516870e+01 -2.950000e+01 6.156868e-01
      vertex   -3.532179e+01 -2.950000e+01 7.077949e-01
    endloop
  endfacet
  facet normal 0.000000e+00 -1.000000e+00 0.000000e+00
    outer loop
      vertex   -3.532179e+01 -2.950000e+01 7.077949e-01
      vertex   3.516870e+01 -2.950000e+01 6.156868e-01
      vertex   3.548394e+01 -2.950000e+01 7.828116e-01
    endloop
  endfacet
  facet normal 0.000000e+00 -1.000000e+00 0.000000e+00
    outer loop
      vertex   -3.532179e+01 -2.950000e+01 7.077949e-01
      vertex   3.548394e+01 -2.950000e+01 7.828116e-01
      vertex   -3.565324e+01 -2.950000e+01 8.398575e-01
    endloop
  endfacet
  facet normal 0.000000e+00 -1.000000e+00 0.000000e+00
    outer loop
      vertex   -3.565324e+01 -2.950000e+01 8.398575e-01
      vertex   3.548394e+01 -2.950000e+01 7.828116e-01
      vertex   3.582772e+01 -2.950000e+01 8.782638e-01
    endloop
  endfacet
  facet normal 0.000000e+00 -1.000000e+00 0.000000e+00
    outer loop
      vertex   -4.366922e+01 -2.950000e+01 -1.200000e+01
      vertex   4.366922e+01 -2.950000e+01 -1.200000e+01
      vertex   4.366922e+01 -2.950000e+01 -5.900000e+00
    endloop
  endfacet
  facet normal -9.941380e-01 1.081190e-01 0.000000e+00
    outer loop
      vertex   -1.779120e+01 -1.437628e+01 -1.200000e+01
      vertex   -1.779120e+01 -1.437628e+01 -5.900000e+00
      vertex   -1.775028e+01 -1.400008e+01 -1.200000e+01
    endloop
  endfacet
  facet normal -9.941380e-01 1.081190e-01 0.000000e+00
    outer loop
      vertex   -1.775028e+01 -1.400008e+01 -1.200000e+01
      vertex   -1.779120e+01 -1.437628e+01 -5.900000e+00
      vertex   -1.775028e+01 -1.400008e+01 -5.900000e+00
    endloop
  endfacet
  facet normal -9.941380e-01 -1.081190e-01 0.000000e+00
    outer loop
      vertex   -1.775028e+01 -1.400008e+01 -1.200000e+01
      vertex   -1.775028e+01 -1.400008e+01 -5.900000e+00
      vertex   -1.779120e+01 -1.362388e+01 -1.200000e+01
    endloop
  endfacet
  facet normal -9.941380e-01 -1.081190e-01 0.000000e+00
    outer loop
      vertex   -1.779120e+01 -1.362388e+01 -1.200000e+01
      vertex   -1.775028e+01 -1.400008e+01 -5.900000e+00
      vertex   -1.779120e+01 -1.362388e+01 -5.900000e+00
    endloop
  endfacet
  facet normal -9.476532e-01 -3.193015e-01 0.000000e+00
    outer loop
      vertex   -1.779120e+01 -1.362388e+01 -1.200000e+01
      vertex   -1.779120e+01 -1.362388e+01 -5.900000e+00
      vertex   -1.791203e+01 -1.326527e+01 -1.200000e+01
    endloop
  endfacet
  facet normal -9.476532e-01 -3.193015e-01 0.000000e+00
    outer loop
      vertex   -1.791203e+01 -1.326527e+01 -1.200000e+01
      vertex   -1.779120e+01 -1.362388e+01 -5.900000e+00
      vertex   -1.791203e+01 -1.326527e+01 -5.900000e+00
    endloop
  endfacet
  facet normal -8.568572e-01 -5.155539e-01 0.000000e+00
    outer loop
      vertex   -1.791203e+01 -1.326527e+01 -1.200000e+01
      vertex   -1.791203e+01 -1.326527e+01 -5.900000e+00
      vertex   -1.810712e+01 -1.294102e+01 -1.200000e+01
    endloop
  endfacet
  facet normal -8.568572e-01 -5.155539e-01 -1.501324e-16
    outer loop
      vertex   -1.810712e+01 -1.294102e+01 -1.200000e+01
      vertex   -1.791203e+01 -1.326527e+01 -5.900000e+00
      vertex   -1.810712e+01 -1.294102e+01 -5.900000e+00
    endloop
  endfacet
  facet normal -7.259955e-01 -6.876995e-01 -2.002622e-16
    outer loop
      vertex   -1.810712e+01 -1.294102e+01 -1.200000e+01
      vertex   -1.810712e+01 -1.294102e+01 -5.900000e+00
      vertex   -1.836736e+01 -1.266630e+01 -1.200000e+01
    endloop
  endfacet
  facet normal -7.259955e-01 -6.876995e-01 0.000000e+00
    outer loop
      vertex   -1.836736e+01 -1.266630e+01 -1.200000e+01
      vertex   -1.810712e+01 -1.294102e+01 -5.900000e+00
      vertex   -1.836736e+01 -1.266630e+01 -5.900000e+00
    endloop
  endfacet
  facet normal -5.611871e-01 -8.276890e-01 0.000000e+00
    outer loop
      vertex   -1.836736e+01 -1.266630e+01 -1.200000e+01
      vertex   -1.836736e+01 -1.266630e+01 -5.900000e+00
      vertex   -1.868057e+01 -1.245393e+01 -1.200000e+01
    endloop
  endfacet
  facet normal -5.611871e-01 -8.276890e-01 3.268421e-16
    outer loop
      vertex   -1.868057e+01 -1.245393e+01 -1.200000e+01
      vertex   -1.836736e+01 -1.266630e+01 -5.900000e+00
      vertex   -1.868057e+01 -1.245393e+01 -5.900000e+00
    endloop
  endfacet
  facet normal -3.701382e-01 -9.289767e-01 2.155729e-16
    outer loop
      vertex   -1.868057e+01 -1.245393e+01 -1.200000e+01
      vertex   -1.868057e+01 -1.245393e+01 -5.900000e+00
      vertex   -1.903211e+01 -1.231387e+01 -1.200000e+01
    endloop
  endfacet
  facet normal -3.701382e-01 -9.289767e-01 0.000000e+00
    outer loop
      vertex   -1.903211e+01 -1.231387e+01 -1.200000e+01
      vertex   -1.868057e+01 -1.245393e+01 -5.900000e+00
      vertex   -1.903211e+01 -1.231387e+01 -5.900000e+00
    endloop
  endfacet
  facet normal -1.617820e-01 -9.868265e-01 0.000000e+00
    outer loop
      vertex   -1.903211e+01 -1.231387e+01 -1.200000e+01
      vertex   -1.903211e+01 -1.231387e+01 -5.900000e+00
      vertex   -1.940554e+01 -1.225265e+01 -1.200000e+01
    endloop
  endfacet
  facet normal -1.617820e-01 -9.868265e-01 0.000000e+00
    outer loop
      vertex   -1.940554e+01 -1.225265e+01 -1.200000e+01
      vertex   -1.903211e+01 -1.231387e+01 -5.900000e+00
      vertex   -1.940554e+01 -1.225265e+01 -5.900000e+00
    endloop
  endfacet
  facet normal 5.413891e-02 -9.985334e-01 0.000000e+00
    outer loop
      vertex   -1.940554e+01 -1.225265e+01 -1.200000e+01
      vertex   -1.940554e+01 -1.225265e+01 -5.900000e+00
      vertex   -1.978340e+01 -1.227313e+01 -1.200000e+01
    endloop
  endfacet
  facet normal 5.413891e-02 -9.985334e-01 0.000000e+00
    outer loop
      vertex   -1.978340e+01 -1.227313e+01 -1.200000e+01
      vertex   -1.940554e+01 -1.225265e+01 -5.900000e+00
      vertex   -1.978340e+01 -1.227313e+01 -5.900000e+00
    endloop
  endfacet
  facet normal 2.675283e-01 -9.635500e-01 0.000000e+00
    outer loop
      vertex   -1.978340e+01 -1.227313e+01 -1.200000e+01
      vertex   -1.978340e+01 -1.227313e+01 -5.900000e+00
      vertex   -2.014803e+01 -1.237437e+01 -1.200000e+01
    endloop
  endfacet
  facet normal 2.675283e-01 -9.635500e-01 0.000000e+00
    outer loop
      vertex   -2.014803e+01 -1.237437e+01 -1.200000e+01
      vertex   -1.978340e+01 -1.227313e+01 -5.900000e+00
      vertex   -2.014803e+01 -1.237437e+01 -5.900000e+00
    endloop
  endfacet
  facet normal 4.684084e-01 -8.835120e-01 0.000000e+00
    outer loop
      vertex   -2.014803e+01 -1.237437e+01 -1.200000e+01
      vertex   -2.014803e+01 -1.237437e+01 -5.900000e+00
      vertex   -2.048236e+01 -1.255162e+01 -1.200000e+01
    endloop
  endfacet
  facet normal 4.684084e-01 -8.835120e-01 0.000000e+00
    outer loop
      vertex   -2.048236e+01 -1.255162e+01 -1.200000e+01
      vertex   -2.014803e+01 -1.237437e+01 -5.900000e+00
      vertex   -2.048236e+01 -1.255162e+01 -5.900000e+00
    endloop
  endfacet
  facet normal 6.473863e-01 -7.621621e-01 0.000000e+00
    outer loop
      vertex   -2.048236e+01 -1.255162e+01 -1.200000e+01
      vertex   -2.048236e+01 -1.255162e+01 -5.900000e+00
      vertex   -2.077078e+01 -1.279661e+01 -1.200000e+01
    endloop
  endfacet
  facet normal 6.473863e-01 -7.621621e-01 0.000000e+00
    outer loop
      vertex   -2.077078e+01 -1.279661e+01 -1.200000e+01
      vertex   -2.048236e+01 -1.255162e+01 -5.900000e+00
      vertex   -2.077078e+01 -1.279661e+01 -5.900000e+00
    endloop
  endfacet
  facet normal 7.960931e-01 -6.051742e-01 0.000000e+00
    outer loop
      vertex   -2.077078e+01 -1.279661e+01 -1.200000e+01
      vertex   -2.077078e+01 -1.279661e+01 -5.900000e+00
      vertex   -2.099979e+01 -1.309786e+01 -1.200000e+01
    endloop
  endfacet
  facet normal 7.960931e-01 -6.051742e-01 0.000000e+00
    outer loop
      vertex   -2.099979e+01 -1.309786e+01 -1.200000e+01
      vertex   -2.077078e+01 -1.279661e+01 -5.900000e+00
      vertex   -2.099979e+01 -1.309786e+01 -5.900000e+00
    endloop
  endfacet
  facet normal 9.075754e-01 -4.198891e-01 0.000000e+00
    outer loop
      vertex   -2.099979e+01 -1.309786e+01 -1.200000e+01
      vertex   -2.099979e+01 -1.309786e+01 -5.900000e+00
      vertex   -2.115868e+01 -1.344130e+01 -1.200000e+01
    endloop
  endfacet
  facet normal 9.075754e-01 -4.198891e-01 1.222742e-16
    outer loop
      vertex   -2.115868e+01 -1.344130e+01 -1.200000e+01
      vertex   -2.099979e+01 -1.309786e+01 -5.900000e+00
      vertex   -2.115868e+01 -1.344130e+01 -5.900000e+00
    endloop
  endfacet
  facet normal 9.766206e-01 -2.149704e-01 6.260069e-17
    outer loop
      vertex   -2.115868e+01 -1.344130e+01 -1.200000e+01
      vertex   -2.115868e+01 -1.344130e+01 -5.900000e+00
      vertex   -2.124003e+01 -1.381087e+01 -1.200000e+01
    endloop
  endfacet
  facet normal 9.766206e-01 -2.149704e-01 0.000000e+00
    outer loop
      vertex   -2.124003e+01 -1.381087e+01 -1.200000e+01
      vertex   -2.115868e+01 -1.344130e+01 -5.900000e+00
      vertex   -2.124003e+01 -1.381087e+01 -5.900000e+00
    endloop
  endfacet
  facet normal 1.000000e+00 0.000000e+00 -0.000000e+00
    outer loop
      vertex   -2.124003e+01 -1.381087e+01 -1.200000e+01
      vertex   -2.124003e+01 -1.381087e+01 -5.900000e+00
      vertex   -2.124003e+01 -1.418929e+01 -1.200000e+01
    endloop
  endfacet
  facet normal 1.000000e+00 0.000000e+00 0.000000e+00
    outer loop
      vertex   -2.124003e+01 -1.418929e+01 -1.200000e+01
      vertex   -2.124003e+01 -1.381087e+01 -5.900000e+00
      vertex   -2.124003e+01 -1.418929e+01 -5.900000e+00
    endloop
  endfacet
  facet normal 9.766206e-01 2.149704e-01 -0.000000e+00
    outer loop
      vertex   -2.124003e+01 -1.418929e+01 -1.200000e+01
      vertex   -2.124003e+01 -1.418929e+01 -5.900000e+00
      vertex   -2.115868e+01 -1.455886e+01 -1.200000e+01
    endloop
  endfacet
  facet normal 9.766206e-01 2.149704e-01 -6.260069e-17
    outer loop
      vertex   -2.115868e+01 -1.455886e+01 -1.200000e+01
      vertex   -2.124003e+01 -1.418929e+01 -5.900000e+00
      vertex   -2.115868e+01 -1.455886e+01 -5.900000e+00
    endloop
  endfacet
  facet normal 9.075754e-01 4.198891e-01 -1.222742e-16
    outer loop
      vertex   -2.115868e+01 -1.455886e+01 -1.200000e+01
      vertex   -2.115868e+01 -1.455886e+01 -5.900000e+00
      vertex   -2.099979e+01 -1.490230e+01 -1.200000e+01
    endloop
  endfacet
  facet normal 9.075754e-01 4.198891e-01 -0.000000e+00
    outer loop
      vertex   -2.099979e+01 -1.490230e+01 -1.200000e+01
      vertex   -2.115868e+01 -1.455886e+01 -5.900000e+00
      vertex   -2.099979e+01 -1.490230e+01 -5.900000e+00
    endloop
  endfacet
  facet normal 7.960931e-01 6.051742e-01 -0.000000e+00
    outer loop
      vertex   -2.099979e+01 -1.490230e+01 -1.200000e+01
      vertex   -2.099979e+01 -1.490230e+01 -5.900000e+00
      vertex   -2.077078e+01 -1.520356e+01 -1.200000e+01
    endloop
  endfacet
  facet normal 7.960931e-01 6.051742e-01 -0.000000e+00
    outer loop
      vertex   -2.077078e+01 -1.520356e+01 -1.200000e+01
      vertex   -2.099979e+01 -1.490230e+01 -5.900000e+00
      vertex   -2.077078e+01 -1.520356e+01 -5.900000e+00
    endloop
  endfacet
  facet normal 6.473863e-01 7.621621e-01 -0.000000e+00
    outer loop
      vertex   -2.077078e+01 -1.520356e+01 -1.200000e+01
      vertex   -2.077078e+01 -1.520356e+01 -5.900000e+00
      vertex   -2.048236e+01 -1.544854e+01 -1.200000e+01
    endloop
  endfacet
  facet normal 6.473863e-01 7.621621e-01 -0.000000e+00
    outer loop
      vertex   -2.048236e+01 -1.544854e+01 -1.200000e+01
      vertex   -2.077078e+01 -1.520356e+01 -5.900000e+00
      vertex   -2.048236e+01 -1.544854e+01 -5.900000e+00
    endloop
  endfacet
  facet normal 4.684084e-01 8.835120e-01 -0.000000e+00
    outer loop
      vertex   -2.048236e+01 -1.544854e+01 -1.200000e+01
      vertex   -2.048236e+01 -1.544854e+01 -5.900000e+00
      vertex   -2.014803e+01 -1.562579e+01 -1.200000e+01
    endloop
  endfacet
  facet normal 4.684084e-01 8.835120e-01 -0.000000e+00
    outer loop
      vertex   -2.014803e+01 -1.562579e+01 -1.200000e+01
      vertex   -2.048236e+01 -1.544854e+01 -5.900000e+00
      vertex   -2.014803e+01 -1.562579e+01 -5.900000e+00
    endloop
  endfacet
  facet normal 2.675283e-01 9.635500e-01 -0.000000e+00
    outer loop
      vertex   -2.014803e+01 -1.562579e+01 -1.200000e+01
      vertex   -2.014803e+01 -1.562579e+01 -5.900000e+00
      vertex   -1.978340e+01 -1.572703e+01 -1.200000e+01
    endloop
  endfacet
  facet normal 2.675283e-01 9.635500e-01 -0.000000e+00
    outer loop
      vertex   -1.978340e+01 -1.572703e+01 -1.200000e+01
      vertex   -2.014803e+01 -1.562579e+01 -5.900000e+00
      vertex   -1.978340e+01 -1.572703e+01 -5.900000e+00
    endloop
  endfacet
  facet normal 5.413891e-02 9.985334e-01 -0.000000e+00
    outer loop
      vertex   -1.978340e+01 -1.572703e+01 -1.200000e+01
      vertex   -1.978340e+01 -1.572703e+01 -5.900000e+00
      vertex   -1.940554e+01 -1.574752e+01 -1.200000e+01
    endloop
  endfacet
  facet normal 5.413891e-02 9.985334e-01 -0.000000e+00
    outer loop
      vertex   -1.940554e+01 -1.574752e+01 -1.200000e+01
      vertex   -1.978340e+01 -1.572703e+01 -5.900000e+00
      vertex   -1.940554e+01 -1.574752e+01 -5.900000e+00
    endloop
  endfacet
  facet normal -1.617820e-01 9.868265e-01 0.000000e+00
    outer loop
      vertex   -1.940554e+01 -1.574752e+01 -1.200000e+01
      vertex   -1.940554e+01 -1.574752e+01 -5.900000e+00
      vertex   -1.903211e+01 -1.568630e+01 -1.200000e+01
    endloop
  endfacet
  facet normal -1.617820e-01 9.868265e-01 0.000000e+00
    outer loop
      vertex   -1.903211e+01 -1.568630e+01 -1.200000e+01
      vertex   -1.940554e+01 -1.574752e+01 -5.900000e+00
      vertex   -1.903211e+01 -1.568630e+01 -5.900000e+00
    endloop
  endfacet
  facet normal -3.701382e-01 9.289767e-01 0.000000e+00
    outer loop
      vertex   -1.903211e+01 -1.568630e+01 -1.200000e+01
      vertex   -1.903211e+01 -1.568630e+01 -5.900000e+00
      vertex   -1.868057e+01 -1.554623e+01 -1.200000e+01
    endloop
  endfacet
  facet normal -3.701382e-01 9.289767e-01 -2.155729e-16
    outer loop
      vertex   -1.868057e+01 -1.554623e+01 -1.200000e+01
      vertex   -1.903211e+01 -1.568630e+01 -5.900000e+00
      vertex   -1.868057e+01 -1.554623e+01 -5.900000e+00
    endloop
  endfacet
  facet normal -5.611871e-01 8.276890e-01 -3.268421e-16
    outer loop
      vertex   -1.868057e+01 -1.554623e+01 -1.200000e+01
      vertex   -1.868057e+01 -1.554623e+01 -5.900000e+00
      vertex   -1.836736e+01 -1.533387e+01 -1.200000e+01
    endloop
  endfacet
  facet normal -5.611871e-01 8.276890e-01 0.000000e+00
    outer loop
      vertex   -1.836736e+01 -1.533387e+01 -1.200000e+01
      vertex   -1.868057e+01 -1.554623e+01 -5.900000e+00
      vertex   -1.836736e+01 -1.533387e+01 -5.900000e+00
    endloop
  endfacet
  facet normal -7.259955e-01 6.876995e-01 0.000000e+00
    outer loop
      vertex   -1.836736e+01 -1.533387e+01 -1.200000e+01
      vertex   -1.836736e+01 -1.533387e+01 -5.900000e+00
      vertex   -1.810712e+01 -1.505914e+01 -1.200000e+01
    endloop
  endfacet
  facet normal -7.259955e-01 6.876995e-01 2.002622e-16
    outer loop
      vertex   -1.810712e+01 -1.505914e+01 -1.200000e+01
      vertex   -1.836736e+01 -1.533387e+01 -5.900000e+00
      vertex   -1.810712e+01 -1.505914e+01 -5.900000e+00
    endloop
  endfacet
  facet normal -8.568572e-01 5.155539e-01 1.501324e-16
    outer loop
      vertex   -1.810712e+01 -1.505914e+01 -1.200000e+01
      vertex   -1.810712e+01 -1.505914e+01 -5.900000e+00
      vertex   -1.791203e+01 -1.473489e+01 -1.200000e+01
    endloop
  endfacet
  facet normal -8.568572e-01 5.155539e-01 0.000000e+00
    outer loop
      vertex   -1.791203e+01 -1.473489e+01 -1.200000e+01
      vertex   -1.810712e+01 -1.505914e+01 -5.900000e+00
      vertex   -1.791203e+01 -1.473489e+01 -5.900000e+00
    endloop
  endfacet
  facet normal -9.476532e-01 3.193015e-01 0.000000e+00
    outer loop
      vertex   -1.791203e+01 -1.473489e+01 -1.200000e+01
      vertex   -1.791203e+01 -1.473489e+01 -5.900000e+00
      vertex   -1.779120e+01 -1.437628e+01 -1.200000e+01
    endloop
  endfacet
  facet normal -9.476532e-01 3.193015e-01 0.000000e+00
    outer loop
      vertex   -1.779120e+01 -1.437628e+01 -1.200000e+01
      vertex   -1.791203e+01 -1.473489e+01 -5.900000e+00
      vertex   -1.779120e+01 -1.437628e+01 -5.900000e+00
    endloop
  endfacet
  facet normal -7.105427e-15 1.000000e+00 0.000000e+00
    outer loop
      vertex   1.500000e+01 1.200000e+02 -5.900000e+00
      vertex   1.500000e+01 1.200000e+02 -1.200000e+01
      vertex   1.300000e+01 1.200000e+02 -5.900000e+00
    endloop
  endfacet
  facet normal 0.000000e+00 1.000000e+00 2.329648e-15
    outer loop
      vertex   1.300000e+01 1.200000e+02 -5.900000e+00
      vertex   1.500000e+01 1.200000e+02 -1.200000e+01
      vertex   -1.500000e+01 1.200000e+02 -1.200000e+01
    endloop
  endfacet
  facet normal 1.093143e-15 1.000000e+00 -2.688056e-15
    outer loop
      vertex   1.300000e+01 1.200000e+02 -5.900000e+00
      vertex   -1.500000e+01 1.200000e+02 -1.200000e+01
      vertex   -1.300000e+01 1.200000e+02 -5.900000e+00
    endloop
  endfacet
  facet normal -7.105427e-15 1.000000e+00 0.000000e+00
    outer loop
      vertex   -1.300000e+01 1.200000e+02 -5.900000e+00
      vertex   -1.500000e+01 1.200000e+02 -1.200000e+01
      vertex   -1.500000e+01 1.200000e+02 -5.900000e+00
    endloop
  endfacet
  facet normal 1.093143e-15 1.000000e+00 0.000000e+00
    outer loop
      vertex   -1.300000e+01 1.200000e+02 3.300000e+01
      vertex   1.300000e+01 1.200000e+02 3.300000e+01
      vertex   -1.300000e+01 1.200000e+02 -5.900000e+00
    endloop
  endfacet
  facet normal 1.093143e-15 1.000000e+00 0.000000e+00
    outer loop
      vertex   -1.300000e+01 1.200000e+02 -5.900000e+00
      vertex   1.300000e+01 1.200000e+02 3.300000e+01
      vertex   1.300000e+01 1.200000e+02 -5.900000e+00
    endloop
  endfacet
endsolid
