solid ASCII
  facet normal -9.989009e-01 -4.687226e-02 -0.000000e+00
    outer loop
      vertex   -2.975800e+01 -1.238364e+02 4.100000e+01
      vertex   -2.975800e+01 -1.238364e+02 3.850000e+01
      vertex   -2.975031e+01 -1.240003e+02 4.100000e+01
    endloop
  endfacet
  facet normal -9.989009e-01 -4.687226e-02 -0.000000e+00
    outer loop
      vertex   -2.975031e+01 -1.240003e+02 4.100000e+01
      vertex   -2.975800e+01 -1.238364e+02 3.850000e+01
      vertex   -2.975031e+01 -1.240003e+02 3.850000e+01
    endloop
  endfacet
  facet normal -9.989009e-01 4.687226e-02 0.000000e+00
    outer loop
      vertex   -2.975031e+01 -1.240003e+02 4.100000e+01
      vertex   -2.975031e+01 -1.240003e+02 3.850000e+01
      vertex   -2.975800e+01 -1.241642e+02 4.100000e+01
    endloop
  endfacet
  facet normal -9.989009e-01 4.687226e-02 0.000000e+00
    outer loop
      vertex   -2.975800e+01 -1.241642e+02 4.100000e+01
      vertex   -2.975031e+01 -1.240003e+02 3.850000e+01
      vertex   -2.975800e+01 -1.241642e+02 3.850000e+01
    endloop
  endfacet
  facet normal -9.901225e-01 1.402049e-01 0.000000e+00
    outer loop
      vertex   -2.975800e+01 -1.241642e+02 4.100000e+01
      vertex   -2.975800e+01 -1.241642e+02 3.850000e+01
      vertex   -2.978100e+01 -1.243266e+02 4.100000e+01
    endloop
  endfacet
  facet normal -9.901225e-01 1.402049e-01 0.000000e+00
    outer loop
      vertex   -2.978100e+01 -1.243266e+02 4.100000e+01
      vertex   -2.975800e+01 -1.241642e+02 3.850000e+01
      vertex   -2.978100e+01 -1.243266e+02 3.850000e+01
    endloop
  endfacet
  facet normal -9.726429e-01 2.323054e-01 0.000000e+00
    outer loop
      vertex   -2.978100e+01 -1.243266e+02 4.100000e+01
      vertex   -2.978100e+01 -1.243266e+02 3.850000e+01
      vertex   -2.981911e+01 -1.244862e+02 4.100000e+01
    endloop
  endfacet
  facet normal -9.726429e-01 2.323054e-01 0.000000e+00
    outer loop
      vertex   -2.981911e+01 -1.244862e+02 4.100000e+01
      vertex   -2.978100e+01 -1.243266e+02 3.850000e+01
      vertex   -2.981911e+01 -1.244862e+02 3.850000e+01
    endloop
  endfacet
  facet normal -9.466157e-01 3.223643e-01 0.000000e+00
    outer loop
      vertex   -2.981911e+01 -1.244862e+02 4.100000e+01
      vertex   -2.981911e+01 -1.244862e+02 3.850000e+01
      vertex   -2.987199e+01 -1.246415e+02 4.100000e+01
    endloop
  endfacet
  facet normal -9.466157e-01 3.223643e-01 -1.345222e-15
    outer loop
      vertex   -2.987199e+01 -1.246415e+02 4.100000e+01
      vertex   -2.981911e+01 -1.244862e+02 3.850000e+01
      vertex   -2.987199e+01 -1.246415e+02 3.850000e+01
    endloop
  endfacet
  facet normal -9.122696e-01 4.095904e-01 -1.296413e-15
    outer loop
      vertex   -2.987199e+01 -1.246415e+02 4.100000e+01
      vertex   -2.987199e+01 -1.246415e+02 3.850000e+01
      vertex   -2.993919e+01 -1.247911e+02 4.100000e+01
    endloop
  endfacet
  facet normal -9.122696e-01 4.095904e-01 0.000000e+00
    outer loop
      vertex   -2.993919e+01 -1.247911e+02 4.100000e+01
      vertex   -2.987199e+01 -1.246415e+02 3.850000e+01
      vertex   -2.993919e+01 -1.247911e+02 3.850000e+01
    endloop
  endfacet
  facet normal -8.699064e-01 4.932169e-01 0.000000e+00
    outer loop
      vertex   -2.993919e+01 -1.247911e+02 4.100000e+01
      vertex   -2.993919e+01 -1.247911e+02 3.850000e+01
      vertex   -3.002010e+01 -1.249338e+02 4.100000e+01
    endloop
  endfacet
  facet normal -8.699064e-01 4.932169e-01 0.000000e+00
    outer loop
      vertex   -3.002010e+01 -1.249338e+02 4.100000e+01
      vertex   -2.993919e+01 -1.247911e+02 3.850000e+01
      vertex   -3.002010e+01 -1.249338e+02 3.850000e+01
    endloop
  endfacet
  facet normal -8.198984e-01 5.725090e-01 0.000000e+00
    outer loop
      vertex   -3.002010e+01 -1.249338e+02 4.100000e+01
      vertex   -3.002010e+01 -1.249338e+02 3.850000e+01
      vertex   -3.011402e+01 -1.250683e+02 4.100000e+01
    endloop
  endfacet
  facet normal -8.198984e-01 5.725090e-01 0.000000e+00
    outer loop
      vertex   -3.011402e+01 -1.250683e+02 4.100000e+01
      vertex   -3.002010e+01 -1.249338e+02 3.850000e+01
      vertex   -3.011402e+01 -1.250683e+02 3.850000e+01
    endloop
  endfacet
  facet normal -7.626852e-01 6.467699e-01 0.000000e+00
    outer loop
      vertex   -3.011402e+01 -1.250683e+02 4.100000e+01
      vertex   -3.011402e+01 -1.250683e+02 3.850000e+01
      vertex   -3.022013e+01 -1.251935e+02 4.100000e+01
    endloop
  endfacet
  facet normal -7.626852e-01 6.467699e-01 -1.083841e-15
    outer loop
      vertex   -3.022013e+01 -1.251935e+02 4.100000e+01
      vertex   -3.011402e+01 -1.250683e+02 3.850000e+01
      vertex   -3.022013e+01 -1.251935e+02 3.850000e+01
    endloop
  endfacet
  facet normal -6.987694e-01 7.153470e-01 -9.930111e-16
    outer loop
      vertex   -3.022013e+01 -1.251935e+02 4.100000e+01
      vertex   -3.022013e+01 -1.251935e+02 3.850000e+01
      vertex   -3.033748e+01 -1.253081e+02 4.100000e+01
    endloop
  endfacet
  facet normal -6.987694e-01 7.153470e-01 9.930111e-16
    outer loop
      vertex   -3.033748e+01 -1.253081e+02 4.100000e+01
      vertex   -3.022013e+01 -1.251935e+02 3.850000e+01
      vertex   -3.033748e+01 -1.253081e+02 3.850000e+01
    endloop
  endfacet
  facet normal -6.287129e-01 7.776375e-01 8.934547e-16
    outer loop
      vertex   -3.033748e+01 -1.253081e+02 4.100000e+01
      vertex   -3.033748e+01 -1.253081e+02 3.850000e+01
      vertex   -3.046506e+01 -1.254112e+02 4.100000e+01
    endloop
  endfacet
  facet normal -6.287129e-01 7.776375e-01 1.786909e-15
    outer loop
      vertex   -3.046506e+01 -1.254112e+02 4.100000e+01
      vertex   -3.033748e+01 -1.253081e+02 3.850000e+01
      vertex   -3.046506e+01 -1.254112e+02 3.850000e+01
    endloop
  endfacet
  facet normal -5.531312e-01 8.330942e-01 1.572093e-15
    outer loop
      vertex   -3.046506e+01 -1.254112e+02 4.100000e+01
      vertex   -3.046506e+01 -1.254112e+02 3.850000e+01
      vertex   -3.060173e+01 -1.255020e+02 4.100000e+01
    endloop
  endfacet
  facet normal -5.531312e-01 8.330942e-01 0.000000e+00
    outer loop
      vertex   -3.060173e+01 -1.255020e+02 4.100000e+01
      vertex   -3.046506e+01 -1.254112e+02 3.850000e+01
      vertex   -3.060173e+01 -1.255020e+02 3.850000e+01
    endloop
  endfacet
  facet normal -4.726885e-01 8.812296e-01 0.000000e+00
    outer loop
      vertex   -3.060173e+01 -1.255020e+02 4.100000e+01
      vertex   -3.060173e+01 -1.255020e+02 3.850000e+01
      vertex   -3.074630e+01 -1.255795e+02 4.100000e+01
    endloop
  endfacet
  facet normal -4.726885e-01 8.812296e-01 6.717308e-16
    outer loop
      vertex   -3.074630e+01 -1.255795e+02 4.100000e+01
      vertex   -3.060173e+01 -1.255020e+02 3.850000e+01
      vertex   -3.074630e+01 -1.255795e+02 3.850000e+01
    endloop
  endfacet
  facet normal -3.880919e-01 9.216207e-01 5.515117e-16
    outer loop
      vertex   -3.074630e+01 -1.255795e+02 4.100000e+01
      vertex   -3.074630e+01 -1.255795e+02 3.850000e+01
      vertex   -3.089749e+01 -1.256432e+02 4.100000e+01
    endloop
  endfacet
  facet normal -3.880919e-01 9.216207e-01 0.000000e+00
    outer loop
      vertex   -3.089749e+01 -1.256432e+02 4.100000e+01
      vertex   -3.074630e+01 -1.255795e+02 3.850000e+01
      vertex   -3.089749e+01 -1.256432e+02 3.850000e+01
    endloop
  endfacet
  facet normal -3.000846e-01 9.539126e-01 0.000000e+00
    outer loop
      vertex   -3.089749e+01 -1.256432e+02 4.100000e+01
      vertex   -3.089749e+01 -1.256432e+02 3.850000e+01
      vertex   -3.105398e+01 -1.256924e+02 4.100000e+01
    endloop
  endfacet
  facet normal -3.000846e-01 9.539126e-01 0.000000e+00
    outer loop
      vertex   -3.105398e+01 -1.256924e+02 4.100000e+01
      vertex   -3.089749e+01 -1.256432e+02 3.850000e+01
      vertex   -3.105398e+01 -1.256924e+02 3.850000e+01
    endloop
  endfacet
  facet normal -2.094403e-01 9.778214e-01 0.000000e+00
    outer loop
      vertex   -3.105398e+01 -1.256924e+02 4.100000e+01
      vertex   -3.105398e+01 -1.256924e+02 3.850000e+01
      vertex   -3.121440e+01 -1.257268e+02 4.100000e+01
    endloop
  endfacet
  facet normal -2.094403e-01 9.778214e-01 0.000000e+00
    outer loop
      vertex   -3.121440e+01 -1.257268e+02 4.100000e+01
      vertex   -3.105398e+01 -1.256924e+02 3.850000e+01
      vertex   -3.121440e+01 -1.257268e+02 3.850000e+01
    endloop
  endfacet
  facet normal -1.169553e-01 9.931372e-01 0.000000e+00
    outer loop
      vertex   -3.121440e+01 -1.257268e+02 4.100000e+01
      vertex   -3.121440e+01 -1.257268e+02 3.850000e+01
      vertex   -3.137733e+01 -1.257460e+02 4.100000e+01
    endloop
  endfacet
  facet normal -1.169553e-01 9.931372e-01 0.000000e+00
    outer loop
      vertex   -3.137733e+01 -1.257460e+02 4.100000e+01
      vertex   -3.121440e+01 -1.257268e+02 3.850000e+01
      vertex   -3.137733e+01 -1.257460e+02 3.850000e+01
    endloop
  endfacet
  facet normal -2.344257e-02 9.997252e-01 0.000000e+00
    outer loop
      vertex   -3.137733e+01 -1.257460e+02 4.100000e+01
      vertex   -3.137733e+01 -1.257460e+02 3.850000e+01
      vertex   -3.154133e+01 -1.257498e+02 4.100000e+01
    endloop
  endfacet
  facet normal -2.344257e-02 9.997252e-01 0.000000e+00
    outer loop
      vertex   -3.154133e+01 -1.257498e+02 4.100000e+01
      vertex   -3.137733e+01 -1.257460e+02 3.850000e+01
      vertex   -3.154133e+01 -1.257498e+02 3.850000e+01
    endloop
  endfacet
  facet normal 7.027619e-02 9.975276e-01 0.000000e+00
    outer loop
      vertex   -3.154133e+01 -1.257498e+02 4.100000e+01
      vertex   -3.154133e+01 -1.257498e+02 3.850000e+01
      vertex   -3.170498e+01 -1.257383e+02 4.100000e+01
    endloop
  endfacet
  facet normal 7.027619e-02 9.975276e-01 0.000000e+00
    outer loop
      vertex   -3.170498e+01 -1.257383e+02 4.100000e+01
      vertex   -3.154133e+01 -1.257498e+02 3.850000e+01
      vertex   -3.170498e+01 -1.257383e+02 3.850000e+01
    endloop
  endfacet
  facet normal 1.633774e-01 9.865637e-01 0.000000e+00
    outer loop
      vertex   -3.170498e+01 -1.257383e+02 4.100000e+01
      vertex   -3.170498e+01 -1.257383e+02 3.850000e+01
      vertex   -3.186683e+01 -1.257115e+02 4.100000e+01
    endloop
  endfacet
  facet normal 1.633774e-01 9.865637e-01 0.000000e+00
    outer loop
      vertex   -3.186683e+01 -1.257115e+02 4.100000e+01
      vertex   -3.170498e+01 -1.257383e+02 3.850000e+01
      vertex   -3.186683e+01 -1.257115e+02 3.850000e+01
    endloop
  endfacet
  facet normal 2.550428e-01 9.669298e-01 0.000000e+00
    outer loop
      vertex   -3.186683e+01 -1.257115e+02 4.100000e+01
      vertex   -3.186683e+01 -1.257115e+02 3.850000e+01
      vertex   -3.202546e+01 -1.256696e+02 4.100000e+01
    endloop
  endfacet
  facet normal 2.550428e-01 9.669298e-01 0.000000e+00
    outer loop
      vertex   -3.202546e+01 -1.256696e+02 4.100000e+01
      vertex   -3.186683e+01 -1.257115e+02 3.850000e+01
      vertex   -3.202546e+01 -1.256696e+02 3.850000e+01
    endloop
  endfacet
  facet normal 3.444669e-01 9.387985e-01 0.000000e+00
    outer loop
      vertex   -3.202546e+01 -1.256696e+02 4.100000e+01
      vertex   -3.202546e+01 -1.256696e+02 3.850000e+01
      vertex   -3.217947e+01 -1.256131e+02 4.100000e+01
    endloop
  endfacet
  facet normal 3.444669e-01 9.387985e-01 9.790337e-16
    outer loop
      vertex   -3.217947e+01 -1.256131e+02 4.100000e+01
      vertex   -3.202546e+01 -1.256696e+02 3.850000e+01
      vertex   -3.217947e+01 -1.256131e+02 3.850000e+01
    endloop
  endfacet
  facet normal 4.308637e-01 9.024170e-01 1.224588e-15
    outer loop
      vertex   -3.217947e+01 -1.256131e+02 4.100000e+01
      vertex   -3.217947e+01 -1.256131e+02 3.850000e+01
      vertex   -3.232752e+01 -1.255425e+02 4.100000e+01
    endloop
  endfacet
  facet normal 4.308637e-01 9.024170e-01 0.000000e+00
    outer loop
      vertex   -3.232752e+01 -1.255425e+02 4.100000e+01
      vertex   -3.217947e+01 -1.256131e+02 3.850000e+01
      vertex   -3.232752e+01 -1.255425e+02 3.850000e+01
    endloop
  endfacet
  facet normal 5.134742e-01 8.581050e-01 0.000000e+00
    outer loop
      vertex   -3.232752e+01 -1.255425e+02 4.100000e+01
      vertex   -3.232752e+01 -1.255425e+02 3.850000e+01
      vertex   -3.246829e+01 -1.254582e+02 4.100000e+01
    endloop
  endfacet
  facet normal 5.134742e-01 8.581050e-01 0.000000e+00
    outer loop
      vertex   -3.246829e+01 -1.254582e+02 4.100000e+01
      vertex   -3.232752e+01 -1.255425e+02 3.850000e+01
      vertex   -3.246829e+01 -1.254582e+02 3.850000e+01
    endloop
  endfacet
  facet normal 5.915722e-01 8.062520e-01 0.000000e+00
    outer loop
      vertex   -3.246829e+01 -1.254582e+02 4.100000e+01
      vertex   -3.246829e+01 -1.254582e+02 3.850000e+01
      vertex   -3.260056e+01 -1.253612e+02 4.100000e+01
    endloop
  endfacet
  facet normal 5.915722e-01 8.062520e-01 0.000000e+00
    outer loop
      vertex   -3.260056e+01 -1.253612e+02 4.100000e+01
      vertex   -3.246829e+01 -1.254582e+02 3.850000e+01
      vertex   -3.260056e+01 -1.253612e+02 3.850000e+01
    endloop
  endfacet
  facet normal 6.644715e-01 7.473136e-01 0.000000e+00
    outer loop
      vertex   -3.260056e+01 -1.253612e+02 4.100000e+01
      vertex   -3.260056e+01 -1.253612e+02 3.850000e+01
      vertex   -3.272316e+01 -1.252522e+02 4.100000e+01
    endloop
  endfacet
  facet normal 6.644715e-01 7.473136e-01 0.000000e+00
    outer loop
      vertex   -3.272316e+01 -1.252522e+02 4.100000e+01
      vertex   -3.260056e+01 -1.253612e+02 3.850000e+01
      vertex   -3.272316e+01 -1.252522e+02 3.850000e+01
    endloop
  endfacet
  facet normal 7.315313e-01 6.818078e-01 0.000000e+00
    outer loop
      vertex   -3.272316e+01 -1.252522e+02 4.100000e+01
      vertex   -3.272316e+01 -1.252522e+02 3.850000e+01
      vertex   -3.283501e+01 -1.251321e+02 4.100000e+01
    endloop
  endfacet
  facet normal 7.315313e-01 6.818078e-01 0.000000e+00
    outer loop
      vertex   -3.283501e+01 -1.251321e+02 4.100000e+01
      vertex   -3.272316e+01 -1.252522e+02 3.850000e+01
      vertex   -3.283501e+01 -1.251321e+02 3.850000e+01
    endloop
  endfacet
  facet normal 7.921625e-01 6.103103e-01 0.000000e+00
    outer loop
      vertex   -3.283501e+01 -1.251321e+02 4.100000e+01
      vertex   -3.283501e+01 -1.251321e+02 3.850000e+01
      vertex   -3.293513e+01 -1.250022e+02 4.100000e+01
    endloop
  endfacet
  facet normal 7.921625e-01 6.103103e-01 2.251461e-15
    outer loop
      vertex   -3.293513e+01 -1.250022e+02 4.100000e+01
      vertex   -3.283501e+01 -1.251321e+02 3.850000e+01
      vertex   -3.293513e+01 -1.250022e+02 3.850000e+01
    endloop
  endfacet
  facet normal 8.458321e-01 5.334493e-01 2.403999e-15
    outer loop
      vertex   -3.293513e+01 -1.250022e+02 4.100000e+01
      vertex   -3.293513e+01 -1.250022e+02 3.850000e+01
      vertex   -3.302265e+01 -1.248634e+02 4.100000e+01
    endloop
  endfacet
  facet normal 8.458321e-01 5.334493e-01 0.000000e+00
    outer loop
      vertex   -3.302265e+01 -1.248634e+02 4.100000e+01
      vertex   -3.293513e+01 -1.250022e+02 3.850000e+01
      vertex   -3.302265e+01 -1.248634e+02 3.850000e+01
    endloop
  endfacet
  facet normal 8.920684e-01 4.519003e-01 0.000000e+00
    outer loop
      vertex   -3.302265e+01 -1.248634e+02 4.100000e+01
      vertex   -3.302265e+01 -1.248634e+02 3.850000e+01
      vertex   -3.309678e+01 -1.247171e+02 4.100000e+01
    endloop
  endfacet
  facet normal 8.920684e-01 4.519003e-01 2.535411e-15
    outer loop
      vertex   -3.309678e+01 -1.247171e+02 4.100000e+01
      vertex   -3.302265e+01 -1.248634e+02 3.850000e+01
      vertex   -3.309678e+01 -1.247171e+02 3.850000e+01
    endloop
  endfacet
  facet normal 9.304653e-01 3.663800e-01 2.644541e-15
    outer loop
      vertex   -3.309678e+01 -1.247171e+02 4.100000e+01
      vertex   -3.309678e+01 -1.247171e+02 3.850000e+01
      vertex   -3.315689e+01 -1.245644e+02 4.100000e+01
    endloop
  endfacet
  facet normal 9.304653e-01 3.663800e-01 0.000000e+00
    outer loop
      vertex   -3.315689e+01 -1.245644e+02 4.100000e+01
      vertex   -3.309678e+01 -1.247171e+02 3.850000e+01
      vertex   -3.315689e+01 -1.245644e+02 3.850000e+01
    endloop
  endfacet
  facet normal 9.606852e-01 2.776400e-01 0.000000e+00
    outer loop
      vertex   -3.315689e+01 -1.245644e+02 4.100000e+01
      vertex   -3.315689e+01 -1.245644e+02 3.850000e+01
      vertex   -3.320244e+01 -1.244068e+02 4.100000e+01
    endloop
  endfacet
  facet normal 9.606852e-01 2.776400e-01 0.000000e+00
    outer loop
      vertex   -3.320244e+01 -1.244068e+02 4.100000e+01
      vertex   -3.315689e+01 -1.245644e+02 3.850000e+01
      vertex   -3.320244e+01 -1.244068e+02 3.850000e+01
    endloop
  endfacet
  facet normal 9.824625e-01 1.864601e-01 0.000000e+00
    outer loop
      vertex   -3.320244e+01 -1.244068e+02 4.100000e+01
      vertex   -3.320244e+01 -1.244068e+02 3.850000e+01
      vertex   -3.323303e+01 -1.242457e+02 4.100000e+01
    endloop
  endfacet
  facet normal 9.824625e-01 1.864601e-01 0.000000e+00
    outer loop
      vertex   -3.323303e+01 -1.242457e+02 4.100000e+01
      vertex   -3.320244e+01 -1.244068e+02 3.850000e+01
      vertex   -3.323303e+01 -1.242457e+02 3.850000e+01
    endloop
  endfacet
  facet normal 9.956060e-01 9.364149e-02 0.000000e+00
    outer loop
      vertex   -3.323303e+01 -1.242457e+02 4.100000e+01
      vertex   -3.323303e+01 -1.242457e+02 3.850000e+01
      vertex   -3.324839e+01 -1.240823e+02 4.100000e+01
    endloop
  endfacet
  facet normal 9.956060e-01 9.364149e-02 0.000000e+00
    outer loop
      vertex   -3.324839e+01 -1.240823e+02 4.100000e+01
      vertex   -3.323303e+01 -1.242457e+02 3.850000e+01
      vertex   -3.324839e+01 -1.240823e+02 3.850000e+01
    endloop
  endfacet
  facet normal 1.000000e+00 -0.000000e+00 0.000000e+00
    outer loop
      vertex   -3.324839e+01 -1.240823e+02 4.100000e+01
      vertex   -3.324839e+01 -1.240823e+02 3.850000e+01
      vertex   -3.324839e+01 -1.239183e+02 4.100000e+01
    endloop
  endfacet
  facet normal 1.000000e+00 0.000000e+00 0.000000e+00
    outer loop
      vertex   -3.324839e+01 -1.239183e+02 4.100000e+01
      vertex   -3.324839e+01 -1.240823e+02 3.850000e+01
      vertex   -3.324839e+01 -1.239183e+02 3.850000e+01
    endloop
  endfacet
  facet normal 9.956060e-01 -9.364149e-02 0.000000e+00
    outer loop
      vertex   -3.324839e+01 -1.239183e+02 4.100000e+01
      vertex   -3.324839e+01 -1.239183e+02 3.850000e+01
      vertex   -3.323303e+01 -1.237549e+02 4.100000e+01
    endloop
  endfacet
  facet normal 9.956060e-01 -9.364149e-02 0.000000e+00
    outer loop
      vertex   -3.323303e+01 -1.237549e+02 4.100000e+01
      vertex   -3.324839e+01 -1.239183e+02 3.850000e+01
      vertex   -3.323303e+01 -1.237549e+02 3.850000e+01
    endloop
  endfacet
  facet normal 9.824625e-01 -1.864601e-01 0.000000e+00
    outer loop
      vertex   -3.323303e+01 -1.237549e+02 4.100000e+01
      vertex   -3.323303e+01 -1.237549e+02 3.850000e+01
      vertex   -3.320244e+01 -1.235938e+02 4.100000e+01
    endloop
  endfacet
  facet normal 9.824625e-01 -1.864601e-01 0.000000e+00
    outer loop
      vertex   -3.320244e+01 -1.235938e+02 4.100000e+01
      vertex   -3.323303e+01 -1.237549e+02 3.850000e+01
      vertex   -3.320244e+01 -1.235938e+02 3.850000e+01
    endloop
  endfacet
  facet normal 9.606852e-01 -2.776400e-01 0.000000e+00
    outer loop
      vertex   -3.320244e+01 -1.235938e+02 4.100000e+01
      vertex   -3.320244e+01 -1.235938e+02 3.850000e+01
      vertex   -3.315689e+01 -1.234362e+02 4.100000e+01
    endloop
  endfacet
  facet normal 9.606852e-01 -2.776400e-01 0.000000e+00
    outer loop
      vertex   -3.315689e+01 -1.234362e+02 4.100000e+01
      vertex   -3.320244e+01 -1.235938e+02 3.850000e+01
      vertex   -3.315689e+01 -1.234362e+02 3.850000e+01
    endloop
  endfacet
  facet normal 9.304653e-01 -3.663800e-01 0.000000e+00
    outer loop
      vertex   -3.315689e+01 -1.234362e+02 4.100000e+01
      vertex   -3.315689e+01 -1.234362e+02 3.850000e+01
      vertex   -3.309678e+01 -1.232835e+02 4.100000e+01
    endloop
  endfacet
  facet normal 9.304653e-01 -3.663800e-01 2.644541e-15
    outer loop
      vertex   -3.309678e+01 -1.232835e+02 4.100000e+01
      vertex   -3.315689e+01 -1.234362e+02 3.850000e+01
      vertex   -3.309678e+01 -1.232835e+02 3.850000e+01
    endloop
  endfacet
  facet normal 8.920684e-01 -4.519003e-01 2.535411e-15
    outer loop
      vertex   -3.309678e+01 -1.232835e+02 4.100000e+01
      vertex   -3.309678e+01 -1.232835e+02 3.850000e+01
      vertex   -3.302265e+01 -1.231372e+02 4.100000e+01
    endloop
  endfacet
  facet normal 8.920684e-01 -4.519003e-01 0.000000e+00
    outer loop
      vertex   -3.302265e+01 -1.231372e+02 4.100000e+01
      vertex   -3.309678e+01 -1.232835e+02 3.850000e+01
      vertex   -3.302265e+01 -1.231372e+02 3.850000e+01
    endloop
  endfacet
  facet normal 8.458321e-01 -5.334493e-01 0.000000e+00
    outer loop
      vertex   -3.302265e+01 -1.231372e+02 4.100000e+01
      vertex   -3.302265e+01 -1.231372e+02 3.850000e+01
      vertex   -3.293513e+01 -1.229984e+02 4.100000e+01
    endloop
  endfacet
  facet normal 8.458321e-01 -5.334493e-01 2.403999e-15
    outer loop
      vertex   -3.293513e+01 -1.229984e+02 4.100000e+01
      vertex   -3.302265e+01 -1.231372e+02 3.850000e+01
      vertex   -3.293513e+01 -1.229984e+02 3.850000e+01
    endloop
  endfacet
  facet normal 7.921625e-01 -6.103103e-01 2.251461e-15
    outer loop
      vertex   -3.293513e+01 -1.229984e+02 4.100000e+01
      vertex   -3.293513e+01 -1.229984e+02 3.850000e+01
      vertex   -3.283501e+01 -1.228685e+02 4.100000e+01
    endloop
  endfacet
  facet normal 7.921625e-01 -6.103103e-01 0.000000e+00
    outer loop
      vertex   -3.283501e+01 -1.228685e+02 4.100000e+01
      vertex   -3.293513e+01 -1.229984e+02 3.850000e+01
      vertex   -3.283501e+01 -1.228685e+02 3.850000e+01
    endloop
  endfacet
  facet normal 7.315313e-01 -6.818078e-01 0.000000e+00
    outer loop
      vertex   -3.283501e+01 -1.228685e+02 4.100000e+01
      vertex   -3.283501e+01 -1.228685e+02 3.850000e+01
      vertex   -3.272316e+01 -1.227484e+02 4.100000e+01
    endloop
  endfacet
  facet normal 7.315313e-01 -6.818078e-01 0.000000e+00
    outer loop
      vertex   -3.272316e+01 -1.227484e+02 4.100000e+01
      vertex   -3.283501e+01 -1.228685e+02 3.850000e+01
      vertex   -3.272316e+01 -1.227484e+02 3.850000e+01
    endloop
  endfacet
  facet normal 6.644715e-01 -7.473136e-01 0.000000e+00
    outer loop
      vertex   -3.272316e+01 -1.227484e+02 4.100000e+01
      vertex   -3.272316e+01 -1.227484e+02 3.850000e+01
      vertex   -3.260056e+01 -1.226394e+02 4.100000e+01
    endloop
  endfacet
  facet normal 6.644715e-01 -7.473136e-01 0.000000e+00
    outer loop
      vertex   -3.260056e+01 -1.226394e+02 4.100000e+01
      vertex   -3.272316e+01 -1.227484e+02 3.850000e+01
      vertex   -3.260056e+01 -1.226394e+02 3.850000e+01
    endloop
  endfacet
  facet normal 5.915722e-01 -8.062520e-01 0.000000e+00
    outer loop
      vertex   -3.260056e+01 -1.226394e+02 4.100000e+01
      vertex   -3.260056e+01 -1.226394e+02 3.850000e+01
      vertex   -3.246829e+01 -1.225424e+02 4.100000e+01
    endloop
  endfacet
  facet normal 5.915722e-01 -8.062520e-01 0.000000e+00
    outer loop
      vertex   -3.246829e+01 -1.225424e+02 4.100000e+01
      vertex   -3.260056e+01 -1.226394e+02 3.850000e+01
      vertex   -3.246829e+01 -1.225424e+02 3.850000e+01
    endloop
  endfacet
  facet normal 5.134742e-01 -8.581050e-01 0.000000e+00
    outer loop
      vertex   -3.246829e+01 -1.225424e+02 4.100000e+01
      vertex   -3.246829e+01 -1.225424e+02 3.850000e+01
      vertex   -3.232752e+01 -1.224581e+02 4.100000e+01
    endloop
  endfacet
  facet normal 5.134742e-01 -8.581050e-01 0.000000e+00
    outer loop
      vertex   -3.232752e+01 -1.224581e+02 4.100000e+01
      vertex   -3.246829e+01 -1.225424e+02 3.850000e+01
      vertex   -3.232752e+01 -1.224581e+02 3.850000e+01
    endloop
  endfacet
  facet normal 4.308637e-01 -9.024170e-01 0.000000e+00
    outer loop
      vertex   -3.232752e+01 -1.224581e+02 4.100000e+01
      vertex   -3.232752e+01 -1.224581e+02 3.850000e+01
      vertex   -3.217947e+01 -1.223875e+02 4.100000e+01
    endloop
  endfacet
  facet normal 4.308637e-01 -9.024170e-01 1.224588e-15
    outer loop
      vertex   -3.217947e+01 -1.223875e+02 4.100000e+01
      vertex   -3.232752e+01 -1.224581e+02 3.850000e+01
      vertex   -3.217947e+01 -1.223875e+02 3.850000e+01
    endloop
  endfacet
  facet normal 3.444669e-01 -9.387985e-01 9.790337e-16
    outer loop
      vertex   -3.217947e+01 -1.223875e+02 4.100000e+01
      vertex   -3.217947e+01 -1.223875e+02 3.850000e+01
      vertex   -3.202546e+01 -1.223310e+02 4.100000e+01
    endloop
  endfacet
  facet normal 3.444669e-01 -9.387985e-01 0.000000e+00
    outer loop
      vertex   -3.202546e+01 -1.223310e+02 4.100000e+01
      vertex   -3.217947e+01 -1.223875e+02 3.850000e+01
      vertex   -3.202546e+01 -1.223310e+02 3.850000e+01
    endloop
  endfacet
  facet normal 2.550428e-01 -9.669298e-01 0.000000e+00
    outer loop
      vertex   -3.202546e+01 -1.223310e+02 4.100000e+01
      vertex   -3.202546e+01 -1.223310e+02 3.850000e+01
      vertex   -3.186683e+01 -1.222891e+02 4.100000e+01
    endloop
  endfacet
  facet normal 2.550428e-01 -9.669298e-01 0.000000e+00
    outer loop
      vertex   -3.186683e+01 -1.222891e+02 4.100000e+01
      vertex   -3.202546e+01 -1.223310e+02 3.850000e+01
      vertex   -3.186683e+01 -1.222891e+02 3.850000e+01
    endloop
  endfacet
  facet normal 1.633774e-01 -9.865637e-01 0.000000e+00
    outer loop
      vertex   -3.186683e+01 -1.222891e+02 4.100000e+01
      vertex   -3.186683e+01 -1.222891e+02 3.850000e+01
      vertex   -3.170498e+01 -1.222623e+02 4.100000e+01
    endloop
  endfacet
  facet normal 1.633774e-01 -9.865637e-01 0.000000e+00
    outer loop
      vertex   -3.170498e+01 -1.222623e+02 4.100000e+01
      vertex   -3.186683e+01 -1.222891e+02 3.850000e+01
      vertex   -3.170498e+01 -1.222623e+02 3.850000e+01
    endloop
  endfacet
  facet normal 7.027619e-02 -9.975276e-01 0.000000e+00
    outer loop
      vertex   -3.170498e+01 -1.222623e+02 4.100000e+01
      vertex   -3.170498e+01 -1.222623e+02 3.850000e+01
      vertex   -3.154133e+01 -1.222508e+02 4.100000e+01
    endloop
  endfacet
  facet normal 7.027619e-02 -9.975276e-01 0.000000e+00
    outer loop
      vertex   -3.154133e+01 -1.222508e+02 4.100000e+01
      vertex   -3.170498e+01 -1.222623e+02 3.850000e+01
      vertex   -3.154133e+01 -1.222508e+02 3.850000e+01
    endloop
  endfacet
  facet normal -2.344257e-02 -9.997252e-01 -0.000000e+00
    outer loop
      vertex   -3.154133e+01 -1.222508e+02 4.100000e+01
      vertex   -3.154133e+01 -1.222508e+02 3.850000e+01
      vertex   -3.137733e+01 -1.222546e+02 4.100000e+01
    endloop
  endfacet
  facet normal -2.344257e-02 -9.997252e-01 -0.000000e+00
    outer loop
      vertex   -3.137733e+01 -1.222546e+02 4.100000e+01
      vertex   -3.154133e+01 -1.222508e+02 3.850000e+01
      vertex   -3.137733e+01 -1.222546e+02 3.850000e+01
    endloop
  endfacet
  facet normal -1.169553e-01 -9.931372e-01 -0.000000e+00
    outer loop
      vertex   -3.137733e+01 -1.222546e+02 4.100000e+01
      vertex   -3.137733e+01 -1.222546e+02 3.850000e+01
      vertex   -3.121440e+01 -1.222738e+02 4.100000e+01
    endloop
  endfacet
  facet normal -1.169553e-01 -9.931372e-01 -0.000000e+00
    outer loop
      vertex   -3.121440e+01 -1.222738e+02 4.100000e+01
      vertex   -3.137733e+01 -1.222546e+02 3.850000e+01
      vertex   -3.121440e+01 -1.222738e+02 3.850000e+01
    endloop
  endfacet
  facet normal -2.094403e-01 -9.778214e-01 -0.000000e+00
    outer loop
      vertex   -3.121440e+01 -1.222738e+02 4.100000e+01
      vertex   -3.121440e+01 -1.222738e+02 3.850000e+01
      vertex   -3.105398e+01 -1.223082e+02 4.100000e+01
    endloop
  endfacet
  facet normal -2.094403e-01 -9.778214e-01 -0.000000e+00
    outer loop
      vertex   -3.105398e+01 -1.223082e+02 4.100000e+01
      vertex   -3.121440e+01 -1.222738e+02 3.850000e+01
      vertex   -3.105398e+01 -1.223082e+02 3.850000e+01
    endloop
  endfacet
  facet normal -3.000846e-01 -9.539126e-01 -0.000000e+00
    outer loop
      vertex   -3.105398e+01 -1.223082e+02 4.100000e+01
      vertex   -3.105398e+01 -1.223082e+02 3.850000e+01
      vertex   -3.089749e+01 -1.223574e+02 4.100000e+01
    endloop
  endfacet
  facet normal -3.000846e-01 -9.539126e-01 -0.000000e+00
    outer loop
      vertex   -3.089749e+01 -1.223574e+02 4.100000e+01
      vertex   -3.105398e+01 -1.223082e+02 3.850000e+01
      vertex   -3.089749e+01 -1.223574e+02 3.850000e+01
    endloop
  endfacet
  facet normal -3.880919e-01 -9.216207e-01 -0.000000e+00
    outer loop
      vertex   -3.089749e+01 -1.223574e+02 4.100000e+01
      vertex   -3.089749e+01 -1.223574e+02 3.850000e+01
      vertex   -3.074630e+01 -1.224211e+02 4.100000e+01
    endloop
  endfacet
  facet normal -3.880919e-01 -9.216207e-01 -5.515117e-16
    outer loop
      vertex   -3.074630e+01 -1.224211e+02 4.100000e+01
      vertex   -3.089749e+01 -1.223574e+02 3.850000e+01
      vertex   -3.074630e+01 -1.224211e+02 3.850000e+01
    endloop
  endfacet
  facet normal -4.726885e-01 -8.812296e-01 -6.717308e-16
    outer loop
      vertex   -3.074630e+01 -1.224211e+02 4.100000e+01
      vertex   -3.074630e+01 -1.224211e+02 3.850000e+01
      vertex   -3.060173e+01 -1.224986e+02 4.100000e+01
    endloop
  endfacet
  facet normal -4.726885e-01 -8.812296e-01 -0.000000e+00
    outer loop
      vertex   -3.060173e+01 -1.224986e+02 4.100000e+01
      vertex   -3.074630e+01 -1.224211e+02 3.850000e+01
      vertex   -3.060173e+01 -1.224986e+02 3.850000e+01
    endloop
  endfacet
  facet normal -5.531312e-01 -8.330942e-01 -0.000000e+00
    outer loop
      vertex   -3.060173e+01 -1.224986e+02 4.100000e+01
      vertex   -3.060173e+01 -1.224986e+02 3.850000e+01
      vertex   -3.046506e+01 -1.225894e+02 4.100000e+01
    endloop
  endfacet
  facet normal -5.531312e-01 -8.330942e-01 1.572093e-15
    outer loop
      vertex   -3.046506e+01 -1.225894e+02 4.100000e+01
      vertex   -3.060173e+01 -1.224986e+02 3.850000e+01
      vertex   -3.046506e+01 -1.225894e+02 3.850000e+01
    endloop
  endfacet
  facet normal -6.287129e-01 -7.776375e-01 1.786909e-15
    outer loop
      vertex   -3.046506e+01 -1.225894e+02 4.100000e+01
      vertex   -3.046506e+01 -1.225894e+02 3.850000e+01
      vertex   -3.033748e+01 -1.226925e+02 4.100000e+01
    endloop
  endfacet
  facet normal -6.287129e-01 -7.776375e-01 8.934547e-16
    outer loop
      vertex   -3.033748e+01 -1.226925e+02 4.100000e+01
      vertex   -3.046506e+01 -1.225894e+02 3.850000e+01
      vertex   -3.033748e+01 -1.226925e+02 3.850000e+01
    endloop
  endfacet
  facet normal -6.987694e-01 -7.153470e-01 9.930111e-16
    outer loop
      vertex   -3.033748e+01 -1.226925e+02 4.100000e+01
      vertex   -3.033748e+01 -1.226925e+02 3.850000e+01
      vertex   -3.022013e+01 -1.228071e+02 4.100000e+01
    endloop
  endfacet
  facet normal -6.987694e-01 -7.153470e-01 -9.930111e-16
    outer loop
      vertex   -3.022013e+01 -1.228071e+02 4.100000e+01
      vertex   -3.033748e+01 -1.226925e+02 3.850000e+01
      vertex   -3.022013e+01 -1.228071e+02 3.850000e+01
    endloop
  endfacet
  facet normal -7.626852e-01 -6.467699e-01 -1.083841e-15
    outer loop
      vertex   -3.022013e+01 -1.228071e+02 4.100000e+01
      vertex   -3.022013e+01 -1.228071e+02 3.850000e+01
      vertex   -3.011402e+01 -1.229323e+02 4.100000e+01
    endloop
  endfacet
  facet normal -7.626852e-01 -6.467699e-01 -0.000000e+00
    outer loop
      vertex   -3.011402e+01 -1.229323e+02 4.100000e+01
      vertex   -3.022013e+01 -1.228071e+02 3.850000e+01
      vertex   -3.011402e+01 -1.229323e+02 3.850000e+01
    endloop
  endfacet
  facet normal -8.198984e-01 -5.725090e-01 -0.000000e+00
    outer loop
      vertex   -3.011402e+01 -1.229323e+02 4.100000e+01
      vertex   -3.011402e+01 -1.229323e+02 3.850000e+01
      vertex   -3.002010e+01 -1.230668e+02 4.100000e+01
    endloop
  endfacet
  facet normal -8.198984e-01 -5.725090e-01 -0.000000e+00
    outer loop
      vertex   -3.002010e+01 -1.230668e+02 4.100000e+01
      vertex   -3.011402e+01 -1.229323e+02 3.850000e+01
      vertex   -3.002010e+01 -1.230668e+02 3.850000e+01
    endloop
  endfacet
  facet normal -8.699064e-01 -4.932169e-01 -0.000000e+00
    outer loop
      vertex   -3.002010e+01 -1.230668e+02 4.100000e+01
      vertex   -3.002010e+01 -1.230668e+02 3.850000e+01
      vertex   -2.993919e+01 -1.232095e+02 4.100000e+01
    endloop
  endfacet
  facet normal -8.699064e-01 -4.932169e-01 -0.000000e+00
    outer loop
      vertex   -2.993919e+01 -1.232095e+02 4.100000e+01
      vertex   -3.002010e+01 -1.230668e+02 3.850000e+01
      vertex   -2.993919e+01 -1.232095e+02 3.850000e+01
    endloop
  endfacet
  facet normal -9.122696e-01 -4.095904e-01 -0.000000e+00
    outer loop
      vertex   -2.993919e+01 -1.232095e+02 4.100000e+01
      vertex   -2.993919e+01 -1.232095e+02 3.850000e+01
      vertex   -2.987199e+01 -1.233591e+02 4.100000e+01
    endloop
  endfacet
  facet normal -9.122696e-01 -4.095904e-01 -1.296413e-15
    outer loop
      vertex   -2.987199e+01 -1.233591e+02 4.100000e+01
      vertex   -2.993919e+01 -1.232095e+02 3.850000e+01
      vertex   -2.987199e+01 -1.233591e+02 3.850000e+01
    endloop
  endfacet
  facet normal -9.466157e-01 -3.223643e-01 -1.345222e-15
    outer loop
      vertex   -2.987199e+01 -1.233591e+02 4.100000e+01
      vertex   -2.987199e+01 -1.233591e+02 3.850000e+01
      vertex   -2.981911e+01 -1.235144e+02 4.100000e+01
    endloop
  endfacet
  facet normal -9.466157e-01 -3.223643e-01 -0.000000e+00
    outer loop
      vertex   -2.981911e+01 -1.235144e+02 4.100000e+01
      vertex   -2.987199e+01 -1.233591e+02 3.850000e+01
      vertex   -2.981911e+01 -1.235144e+02 3.850000e+01
    endloop
  endfacet
  facet normal -9.726429e-01 -2.323054e-01 -0.000000e+00
    outer loop
      vertex   -2.981911e+01 -1.235144e+02 4.100000e+01
      vertex   -2.981911e+01 -1.235144e+02 3.850000e+01
      vertex   -2.978100e+01 -1.236740e+02 4.100000e+01
    endloop
  endfacet
  facet normal -9.726429e-01 -2.323054e-01 -0.000000e+00
    outer loop
      vertex   -2.978100e+01 -1.236740e+02 4.100000e+01
      vertex   -2.981911e+01 -1.235144e+02 3.850000e+01
      vertex   -2.978100e+01 -1.236740e+02 3.850000e+01
    endloop
  endfacet
  facet normal -9.901225e-01 -1.402049e-01 -0.000000e+00
    outer loop
      vertex   -2.978100e+01 -1.236740e+02 4.100000e+01
      vertex   -2.978100e+01 -1.236740e+02 3.850000e+01
      vertex   -2.975800e+01 -1.238364e+02 4.100000e+01
    endloop
  endfacet
  facet normal -9.901225e-01 -1.402049e-01 -0.000000e+00
    outer loop
      vertex   -2.975800e+01 -1.238364e+02 4.100000e+01
      vertex   -2.978100e+01 -1.236740e+02 3.850000e+01
      vertex   -2.975800e+01 -1.238364e+02 3.850000e+01
    endloop
  endfacet
  facet normal -9.989009e-01 4.687226e-02 0.000000e+00
    outer loop
      vertex   -2.975800e+01 -1.241642e+02 3.600000e+01
      vertex   -2.975800e+01 -1.241642e+02 3.850000e+01
      vertex   -2.975031e+01 -1.240003e+02 3.600000e+01
    endloop
  endfacet
  facet normal -9.989009e-01 4.687226e-02 0.000000e+00
    outer loop
      vertex   -2.975031e+01 -1.240003e+02 3.600000e+01
      vertex   -2.975800e+01 -1.241642e+02 3.850000e+01
      vertex   -2.975031e+01 -1.240003e+02 3.850000e+01
    endloop
  endfacet
  facet normal -9.989009e-01 -4.687226e-02 0.000000e+00
    outer loop
      vertex   -2.975031e+01 -1.240003e+02 3.600000e+01
      vertex   -2.975031e+01 -1.240003e+02 3.850000e+01
      vertex   -2.975800e+01 -1.238364e+02 3.600000e+01
    endloop
  endfacet
  facet normal -9.989009e-01 -4.687226e-02 0.000000e+00
    outer loop
      vertex   -2.975800e+01 -1.238364e+02 3.600000e+01
      vertex   -2.975031e+01 -1.240003e+02 3.850000e+01
      vertex   -2.975800e+01 -1.238364e+02 3.850000e+01
    endloop
  endfacet
  facet normal -9.901225e-01 -1.402049e-01 0.000000e+00
    outer loop
      vertex   -2.975800e+01 -1.238364e+02 3.600000e+01
      vertex   -2.975800e+01 -1.238364e+02 3.850000e+01
      vertex   -2.978100e+01 -1.236740e+02 3.600000e+01
    endloop
  endfacet
  facet normal -9.901225e-01 -1.402049e-01 0.000000e+00
    outer loop
      vertex   -2.978100e+01 -1.236740e+02 3.600000e+01
      vertex   -2.975800e+01 -1.238364e+02 3.850000e+01
      vertex   -2.978100e+01 -1.236740e+02 3.850000e+01
    endloop
  endfacet
  facet normal -9.726429e-01 -2.323054e-01 0.000000e+00
    outer loop
      vertex   -2.978100e+01 -1.236740e+02 3.600000e+01
      vertex   -2.978100e+01 -1.236740e+02 3.850000e+01
      vertex   -2.981911e+01 -1.235144e+02 3.600000e+01
    endloop
  endfacet
  facet normal -9.726429e-01 -2.323054e-01 0.000000e+00
    outer loop
      vertex   -2.981911e+01 -1.235144e+02 3.600000e+01
      vertex   -2.978100e+01 -1.236740e+02 3.850000e+01
      vertex   -2.981911e+01 -1.235144e+02 3.850000e+01
    endloop
  endfacet
  facet normal -9.466157e-01 -3.223643e-01 0.000000e+00
    outer loop
      vertex   -2.981911e+01 -1.235144e+02 3.600000e+01
      vertex   -2.981911e+01 -1.235144e+02 3.850000e+01
      vertex   -2.987199e+01 -1.233591e+02 3.600000e+01
    endloop
  endfacet
  facet normal -9.466157e-01 -3.223643e-01 1.345222e-15
    outer loop
      vertex   -2.987199e+01 -1.233591e+02 3.600000e+01
      vertex   -2.981911e+01 -1.235144e+02 3.850000e+01
      vertex   -2.987199e+01 -1.233591e+02 3.850000e+01
    endloop
  endfacet
  facet normal -9.122696e-01 -4.095904e-01 1.296413e-15
    outer loop
      vertex   -2.987199e+01 -1.233591e+02 3.600000e+01
      vertex   -2.987199e+01 -1.233591e+02 3.850000e+01
      vertex   -2.993919e+01 -1.232095e+02 3.600000e+01
    endloop
  endfacet
  facet normal -9.122696e-01 -4.095904e-01 0.000000e+00
    outer loop
      vertex   -2.993919e+01 -1.232095e+02 3.600000e+01
      vertex   -2.987199e+01 -1.233591e+02 3.850000e+01
      vertex   -2.993919e+01 -1.232095e+02 3.850000e+01
    endloop
  endfacet
  facet normal -8.699064e-01 -4.932169e-01 0.000000e+00
    outer loop
      vertex   -2.993919e+01 -1.232095e+02 3.600000e+01
      vertex   -2.993919e+01 -1.232095e+02 3.850000e+01
      vertex   -3.002010e+01 -1.230668e+02 3.600000e+01
    endloop
  endfacet
  facet normal -8.699064e-01 -4.932169e-01 0.000000e+00
    outer loop
      vertex   -3.002010e+01 -1.230668e+02 3.600000e+01
      vertex   -2.993919e+01 -1.232095e+02 3.850000e+01
      vertex   -3.002010e+01 -1.230668e+02 3.850000e+01
    endloop
  endfacet
  facet normal -8.198984e-01 -5.725090e-01 0.000000e+00
    outer loop
      vertex   -3.002010e+01 -1.230668e+02 3.600000e+01
      vertex   -3.002010e+01 -1.230668e+02 3.850000e+01
      vertex   -3.011402e+01 -1.229323e+02 3.600000e+01
    endloop
  endfacet
  facet normal -8.198984e-01 -5.725090e-01 0.000000e+00
    outer loop
      vertex   -3.011402e+01 -1.229323e+02 3.600000e+01
      vertex   -3.002010e+01 -1.230668e+02 3.850000e+01
      vertex   -3.011402e+01 -1.229323e+02 3.850000e+01
    endloop
  endfacet
  facet normal -7.626852e-01 -6.467699e-01 0.000000e+00
    outer loop
      vertex   -3.011402e+01 -1.229323e+02 3.600000e+01
      vertex   -3.011402e+01 -1.229323e+02 3.850000e+01
      vertex   -3.022013e+01 -1.228071e+02 3.600000e+01
    endloop
  endfacet
  facet normal -7.626852e-01 -6.467699e-01 1.083841e-15
    outer loop
      vertex   -3.022013e+01 -1.228071e+02 3.600000e+01
      vertex   -3.011402e+01 -1.229323e+02 3.850000e+01
      vertex   -3.022013e+01 -1.228071e+02 3.850000e+01
    endloop
  endfacet
  facet normal -6.987694e-01 -7.153470e-01 9.930111e-16
    outer loop
      vertex   -3.022013e+01 -1.228071e+02 3.600000e+01
      vertex   -3.022013e+01 -1.228071e+02 3.850000e+01
      vertex   -3.033748e+01 -1.226925e+02 3.600000e+01
    endloop
  endfacet
  facet normal -6.987694e-01 -7.153470e-01 -9.930111e-16
    outer loop
      vertex   -3.033748e+01 -1.226925e+02 3.600000e+01
      vertex   -3.022013e+01 -1.228071e+02 3.850000e+01
      vertex   -3.033748e+01 -1.226925e+02 3.850000e+01
    endloop
  endfacet
  facet normal -6.287129e-01 -7.776375e-01 -8.934547e-16
    outer loop
      vertex   -3.033748e+01 -1.226925e+02 3.600000e+01
      vertex   -3.033748e+01 -1.226925e+02 3.850000e+01
      vertex   -3.046506e+01 -1.225894e+02 3.600000e+01
    endloop
  endfacet
  facet normal -6.287129e-01 -7.776375e-01 -1.786909e-15
    outer loop
      vertex   -3.046506e+01 -1.225894e+02 3.600000e+01
      vertex   -3.033748e+01 -1.226925e+02 3.850000e+01
      vertex   -3.046506e+01 -1.225894e+02 3.850000e+01
    endloop
  endfacet
  facet normal -5.531312e-01 -8.330942e-01 -1.572093e-15
    outer loop
      vertex   -3.046506e+01 -1.225894e+02 3.600000e+01
      vertex   -3.046506e+01 -1.225894e+02 3.850000e+01
      vertex   -3.060173e+01 -1.224986e+02 3.600000e+01
    endloop
  endfacet
  facet normal -5.531312e-01 -8.330942e-01 0.000000e+00
    outer loop
      vertex   -3.060173e+01 -1.224986e+02 3.600000e+01
      vertex   -3.046506e+01 -1.225894e+02 3.850000e+01
      vertex   -3.060173e+01 -1.224986e+02 3.850000e+01
    endloop
  endfacet
  facet normal -4.726885e-01 -8.812296e-01 0.000000e+00
    outer loop
      vertex   -3.060173e+01 -1.224986e+02 3.600000e+01
      vertex   -3.060173e+01 -1.224986e+02 3.850000e+01
      vertex   -3.074630e+01 -1.224211e+02 3.600000e+01
    endloop
  endfacet
  facet normal -4.726885e-01 -8.812296e-01 6.717308e-16
    outer loop
      vertex   -3.074630e+01 -1.224211e+02 3.600000e+01
      vertex   -3.060173e+01 -1.224986e+02 3.850000e+01
      vertex   -3.074630e+01 -1.224211e+02 3.850000e+01
    endloop
  endfacet
  facet normal -3.880919e-01 -9.216207e-01 5.515117e-16
    outer loop
      vertex   -3.074630e+01 -1.224211e+02 3.600000e+01
      vertex   -3.074630e+01 -1.224211e+02 3.850000e+01
      vertex   -3.089749e+01 -1.223574e+02 3.600000e+01
    endloop
  endfacet
  facet normal -3.880919e-01 -9.216207e-01 0.000000e+00
    outer loop
      vertex   -3.089749e+01 -1.223574e+02 3.600000e+01
      vertex   -3.074630e+01 -1.224211e+02 3.850000e+01
      vertex   -3.089749e+01 -1.223574e+02 3.850000e+01
    endloop
  endfacet
  facet normal -3.000846e-01 -9.539126e-01 0.000000e+00
    outer loop
      vertex   -3.089749e+01 -1.223574e+02 3.600000e+01
      vertex   -3.089749e+01 -1.223574e+02 3.850000e+01
      vertex   -3.105398e+01 -1.223082e+02 3.600000e+01
    endloop
  endfacet
  facet normal -3.000846e-01 -9.539126e-01 0.000000e+00
    outer loop
      vertex   -3.105398e+01 -1.223082e+02 3.600000e+01
      vertex   -3.089749e+01 -1.223574e+02 3.850000e+01
      vertex   -3.105398e+01 -1.223082e+02 3.850000e+01
    endloop
  endfacet
  facet normal -2.094403e-01 -9.778214e-01 0.000000e+00
    outer loop
      vertex   -3.105398e+01 -1.223082e+02 3.600000e+01
      vertex   -3.105398e+01 -1.223082e+02 3.850000e+01
      vertex   -3.121440e+01 -1.222738e+02 3.600000e+01
    endloop
  endfacet
  facet normal -2.094403e-01 -9.778214e-01 0.000000e+00
    outer loop
      vertex   -3.121440e+01 -1.222738e+02 3.600000e+01
      vertex   -3.105398e+01 -1.223082e+02 3.850000e+01
      vertex   -3.121440e+01 -1.222738e+02 3.850000e+01
    endloop
  endfacet
  facet normal -1.169553e-01 -9.931372e-01 0.000000e+00
    outer loop
      vertex   -3.121440e+01 -1.222738e+02 3.600000e+01
      vertex   -3.121440e+01 -1.222738e+02 3.850000e+01
      vertex   -3.137733e+01 -1.222546e+02 3.600000e+01
    endloop
  endfacet
  facet normal -1.169553e-01 -9.931372e-01 0.000000e+00
    outer loop
      vertex   -3.137733e+01 -1.222546e+02 3.600000e+01
      vertex   -3.121440e+01 -1.222738e+02 3.850000e+01
      vertex   -3.137733e+01 -1.222546e+02 3.850000e+01
    endloop
  endfacet
  facet normal -2.344257e-02 -9.997252e-01 0.000000e+00
    outer loop
      vertex   -3.137733e+01 -1.222546e+02 3.600000e+01
      vertex   -3.137733e+01 -1.222546e+02 3.850000e+01
      vertex   -3.154133e+01 -1.222508e+02 3.600000e+01
    endloop
  endfacet
  facet normal -2.344257e-02 -9.997252e-01 0.000000e+00
    outer loop
      vertex   -3.154133e+01 -1.222508e+02 3.600000e+01
      vertex   -3.137733e+01 -1.222546e+02 3.850000e+01
      vertex   -3.154133e+01 -1.222508e+02 3.850000e+01
    endloop
  endfacet
  facet normal 7.027619e-02 -9.975276e-01 0.000000e+00
    outer loop
      vertex   -3.154133e+01 -1.222508e+02 3.600000e+01
      vertex   -3.154133e+01 -1.222508e+02 3.850000e+01
      vertex   -3.170498e+01 -1.222623e+02 3.600000e+01
    endloop
  endfacet
  facet normal 7.027619e-02 -9.975276e-01 0.000000e+00
    outer loop
      vertex   -3.170498e+01 -1.222623e+02 3.600000e+01
      vertex   -3.154133e+01 -1.222508e+02 3.850000e+01
      vertex   -3.170498e+01 -1.222623e+02 3.850000e+01
    endloop
  endfacet
  facet normal 1.633774e-01 -9.865637e-01 0.000000e+00
    outer loop
      vertex   -3.170498e+01 -1.222623e+02 3.600000e+01
      vertex   -3.170498e+01 -1.222623e+02 3.850000e+01
      vertex   -3.186683e+01 -1.222891e+02 3.600000e+01
    endloop
  endfacet
  facet normal 1.633774e-01 -9.865637e-01 0.000000e+00
    outer loop
      vertex   -3.186683e+01 -1.222891e+02 3.600000e+01
      vertex   -3.170498e+01 -1.222623e+02 3.850000e+01
      vertex   -3.186683e+01 -1.222891e+02 3.850000e+01
    endloop
  endfacet
  facet normal 2.550428e-01 -9.669298e-01 0.000000e+00
    outer loop
      vertex   -3.186683e+01 -1.222891e+02 3.600000e+01
      vertex   -3.186683e+01 -1.222891e+02 3.850000e+01
      vertex   -3.202546e+01 -1.223310e+02 3.600000e+01
    endloop
  endfacet
  facet normal 2.550428e-01 -9.669298e-01 0.000000e+00
    outer loop
      vertex   -3.202546e+01 -1.223310e+02 3.600000e+01
      vertex   -3.186683e+01 -1.222891e+02 3.850000e+01
      vertex   -3.202546e+01 -1.223310e+02 3.850000e+01
    endloop
  endfacet
  facet normal 3.444669e-01 -9.387985e-01 0.000000e+00
    outer loop
      vertex   -3.202546e+01 -1.223310e+02 3.600000e+01
      vertex   -3.202546e+01 -1.223310e+02 3.850000e+01
      vertex   -3.217947e+01 -1.223875e+02 3.600000e+01
    endloop
  endfacet
  facet normal 3.444669e-01 -9.387985e-01 -9.790337e-16
    outer loop
      vertex   -3.217947e+01 -1.223875e+02 3.600000e+01
      vertex   -3.202546e+01 -1.223310e+02 3.850000e+01
      vertex   -3.217947e+01 -1.223875e+02 3.850000e+01
    endloop
  endfacet
  facet normal 4.308637e-01 -9.024170e-01 -1.224588e-15
    outer loop
      vertex   -3.217947e+01 -1.223875e+02 3.600000e+01
      vertex   -3.217947e+01 -1.223875e+02 3.850000e+01
      vertex   -3.232752e+01 -1.224581e+02 3.600000e+01
    endloop
  endfacet
  facet normal 4.308637e-01 -9.024170e-01 0.000000e+00
    outer loop
      vertex   -3.232752e+01 -1.224581e+02 3.600000e+01
      vertex   -3.217947e+01 -1.223875e+02 3.850000e+01
      vertex   -3.232752e+01 -1.224581e+02 3.850000e+01
    endloop
  endfacet
  facet normal 5.134742e-01 -8.581050e-01 0.000000e+00
    outer loop
      vertex   -3.232752e+01 -1.224581e+02 3.600000e+01
      vertex   -3.232752e+01 -1.224581e+02 3.850000e+01
      vertex   -3.246829e+01 -1.225424e+02 3.600000e+01
    endloop
  endfacet
  facet normal 5.134742e-01 -8.581050e-01 0.000000e+00
    outer loop
      vertex   -3.246829e+01 -1.225424e+02 3.600000e+01
      vertex   -3.232752e+01 -1.224581e+02 3.850000e+01
      vertex   -3.246829e+01 -1.225424e+02 3.850000e+01
    endloop
  endfacet
  facet normal 5.915722e-01 -8.062520e-01 0.000000e+00
    outer loop
      vertex   -3.246829e+01 -1.225424e+02 3.600000e+01
      vertex   -3.246829e+01 -1.225424e+02 3.850000e+01
      vertex   -3.260056e+01 -1.226394e+02 3.600000e+01
    endloop
  endfacet
  facet normal 5.915722e-01 -8.062520e-01 0.000000e+00
    outer loop
      vertex   -3.260056e+01 -1.226394e+02 3.600000e+01
      vertex   -3.246829e+01 -1.225424e+02 3.850000e+01
      vertex   -3.260056e+01 -1.226394e+02 3.850000e+01
    endloop
  endfacet
  facet normal 6.644715e-01 -7.473136e-01 0.000000e+00
    outer loop
      vertex   -3.260056e+01 -1.226394e+02 3.600000e+01
      vertex   -3.260056e+01 -1.226394e+02 3.850000e+01
      vertex   -3.272316e+01 -1.227484e+02 3.600000e+01
    endloop
  endfacet
  facet normal 6.644715e-01 -7.473136e-01 0.000000e+00
    outer loop
      vertex   -3.272316e+01 -1.227484e+02 3.600000e+01
      vertex   -3.260056e+01 -1.226394e+02 3.850000e+01
      vertex   -3.272316e+01 -1.227484e+02 3.850000e+01
    endloop
  endfacet
  facet normal 7.315313e-01 -6.818078e-01 0.000000e+00
    outer loop
      vertex   -3.272316e+01 -1.227484e+02 3.600000e+01
      vertex   -3.272316e+01 -1.227484e+02 3.850000e+01
      vertex   -3.283501e+01 -1.228685e+02 3.600000e+01
    endloop
  endfacet
  facet normal 7.315313e-01 -6.818078e-01 0.000000e+00
    outer loop
      vertex   -3.283501e+01 -1.228685e+02 3.600000e+01
      vertex   -3.272316e+01 -1.227484e+02 3.850000e+01
      vertex   -3.283501e+01 -1.228685e+02 3.850000e+01
    endloop
  endfacet
  facet normal 7.921625e-01 -6.103103e-01 0.000000e+00
    outer loop
      vertex   -3.283501e+01 -1.228685e+02 3.600000e+01
      vertex   -3.283501e+01 -1.228685e+02 3.850000e+01
      vertex   -3.293513e+01 -1.229984e+02 3.600000e+01
    endloop
  endfacet
  facet normal 7.921625e-01 -6.103103e-01 -2.251461e-15
    outer loop
      vertex   -3.293513e+01 -1.229984e+02 3.600000e+01
      vertex   -3.283501e+01 -1.228685e+02 3.850000e+01
      vertex   -3.293513e+01 -1.229984e+02 3.850000e+01
    endloop
  endfacet
  facet normal 8.458321e-01 -5.334493e-01 -2.403999e-15
    outer loop
      vertex   -3.293513e+01 -1.229984e+02 3.600000e+01
      vertex   -3.293513e+01 -1.229984e+02 3.850000e+01
      vertex   -3.302265e+01 -1.231372e+02 3.600000e+01
    endloop
  endfacet
  facet normal 8.458321e-01 -5.334493e-01 0.000000e+00
    outer loop
      vertex   -3.302265e+01 -1.231372e+02 3.600000e+01
      vertex   -3.293513e+01 -1.229984e+02 3.850000e+01
      vertex   -3.302265e+01 -1.231372e+02 3.850000e+01
    endloop
  endfacet
  facet normal 8.920684e-01 -4.519003e-01 0.000000e+00
    outer loop
      vertex   -3.302265e+01 -1.231372e+02 3.600000e+01
      vertex   -3.302265e+01 -1.231372e+02 3.850000e+01
      vertex   -3.309678e+01 -1.232835e+02 3.600000e+01
    endloop
  endfacet
  facet normal 8.920684e-01 -4.519003e-01 -2.535411e-15
    outer loop
      vertex   -3.309678e+01 -1.232835e+02 3.600000e+01
      vertex   -3.302265e+01 -1.231372e+02 3.850000e+01
      vertex   -3.309678e+01 -1.232835e+02 3.850000e+01
    endloop
  endfacet
  facet normal 9.304653e-01 -3.663800e-01 -2.644541e-15
    outer loop
      vertex   -3.309678e+01 -1.232835e+02 3.600000e+01
      vertex   -3.309678e+01 -1.232835e+02 3.850000e+01
      vertex   -3.315689e+01 -1.234362e+02 3.600000e+01
    endloop
  endfacet
  facet normal 9.304653e-01 -3.663800e-01 0.000000e+00
    outer loop
      vertex   -3.315689e+01 -1.234362e+02 3.600000e+01
      vertex   -3.309678e+01 -1.232835e+02 3.850000e+01
      vertex   -3.315689e+01 -1.234362e+02 3.850000e+01
    endloop
  endfacet
  facet normal 9.606852e-01 -2.776400e-01 0.000000e+00
    outer loop
      vertex   -3.315689e+01 -1.234362e+02 3.600000e+01
      vertex   -3.315689e+01 -1.234362e+02 3.850000e+01
      vertex   -3.320244e+01 -1.235938e+02 3.600000e+01
    endloop
  endfacet
  facet normal 9.606852e-01 -2.776400e-01 0.000000e+00
    outer loop
      vertex   -3.320244e+01 -1.235938e+02 3.600000e+01
      vertex   -3.315689e+01 -1.234362e+02 3.850000e+01
      vertex   -3.320244e+01 -1.235938e+02 3.850000e+01
    endloop
  endfacet
  facet normal 9.824625e-01 -1.864601e-01 0.000000e+00
    outer loop
      vertex   -3.320244e+01 -1.235938e+02 3.600000e+01
      vertex   -3.320244e+01 -1.235938e+02 3.850000e+01
      vertex   -3.323303e+01 -1.237549e+02 3.600000e+01
    endloop
  endfacet
  facet normal 9.824625e-01 -1.864601e-01 0.000000e+00
    outer loop
      vertex   -3.323303e+01 -1.237549e+02 3.600000e+01
      vertex   -3.320244e+01 -1.235938e+02 3.850000e+01
      vertex   -3.323303e+01 -1.237549e+02 3.850000e+01
    endloop
  endfacet
  facet normal 9.956060e-01 -9.364149e-02 0.000000e+00
    outer loop
      vertex   -3.323303e+01 -1.237549e+02 3.600000e+01
      vertex   -3.323303e+01 -1.237549e+02 3.850000e+01
      vertex   -3.324839e+01 -1.239183e+02 3.600000e+01
    endloop
  endfacet
  facet normal 9.956060e-01 -9.364149e-02 0.000000e+00
    outer loop
      vertex   -3.324839e+01 -1.239183e+02 3.600000e+01
      vertex   -3.323303e+01 -1.237549e+02 3.850000e+01
      vertex   -3.324839e+01 -1.239183e+02 3.850000e+01
    endloop
  endfacet
  facet normal 1.000000e+00 0.000000e+00 -0.000000e+00
    outer loop
      vertex   -3.324839e+01 -1.239183e+02 3.600000e+01
      vertex   -3.324839e+01 -1.239183e+02 3.850000e+01
      vertex   -3.324839e+01 -1.240823e+02 3.600000e+01
    endloop
  endfacet
  facet normal 1.000000e+00 0.000000e+00 0.000000e+00
    outer loop
      vertex   -3.324839e+01 -1.240823e+02 3.600000e+01
      vertex   -3.324839e+01 -1.239183e+02 3.850000e+01
      vertex   -3.324839e+01 -1.240823e+02 3.850000e+01
    endloop
  endfacet
  facet normal 9.956060e-01 9.364149e-02 -0.000000e+00
    outer loop
      vertex   -3.324839e+01 -1.240823e+02 3.600000e+01
      vertex   -3.324839e+01 -1.240823e+02 3.850000e+01
      vertex   -3.323303e+01 -1.242457e+02 3.600000e+01
    endloop
  endfacet
  facet normal 9.956060e-01 9.364149e-02 -0.000000e+00
    outer loop
      vertex   -3.323303e+01 -1.242457e+02 3.600000e+01
      vertex   -3.324839e+01 -1.240823e+02 3.850000e+01
      vertex   -3.323303e+01 -1.242457e+02 3.850000e+01
    endloop
  endfacet
  facet normal 9.824625e-01 1.864601e-01 -0.000000e+00
    outer loop
      vertex   -3.323303e+01 -1.242457e+02 3.600000e+01
      vertex   -3.323303e+01 -1.242457e+02 3.850000e+01
      vertex   -3.320244e+01 -1.244068e+02 3.600000e+01
    endloop
  endfacet
  facet normal 9.824625e-01 1.864601e-01 -0.000000e+00
    outer loop
      vertex   -3.320244e+01 -1.244068e+02 3.600000e+01
      vertex   -3.323303e+01 -1.242457e+02 3.850000e+01
      vertex   -3.320244e+01 -1.244068e+02 3.850000e+01
    endloop
  endfacet
  facet normal 9.606852e-01 2.776400e-01 -0.000000e+00
    outer loop
      vertex   -3.320244e+01 -1.244068e+02 3.600000e+01
      vertex   -3.320244e+01 -1.244068e+02 3.850000e+01
      vertex   -3.315689e+01 -1.245644e+02 3.600000e+01
    endloop
  endfacet
  facet normal 9.606852e-01 2.776400e-01 -0.000000e+00
    outer loop
      vertex   -3.315689e+01 -1.245644e+02 3.600000e+01
      vertex   -3.320244e+01 -1.244068e+02 3.850000e+01
      vertex   -3.315689e+01 -1.245644e+02 3.850000e+01
    endloop
  endfacet
  facet normal 9.304653e-01 3.663800e-01 -0.000000e+00
    outer loop
      vertex   -3.315689e+01 -1.245644e+02 3.600000e+01
      vertex   -3.315689e+01 -1.245644e+02 3.850000e+01
      vertex   -3.309678e+01 -1.247171e+02 3.600000e+01
    endloop
  endfacet
  facet normal 9.304653e-01 3.663800e-01 -2.644541e-15
    outer loop
      vertex   -3.309678e+01 -1.247171e+02 3.600000e+01
      vertex   -3.315689e+01 -1.245644e+02 3.850000e+01
      vertex   -3.309678e+01 -1.247171e+02 3.850000e+01
    endloop
  endfacet
  facet normal 8.920684e-01 4.519003e-01 -2.535411e-15
    outer loop
      vertex   -3.309678e+01 -1.247171e+02 3.600000e+01
      vertex   -3.309678e+01 -1.247171e+02 3.850000e+01
      vertex   -3.302265e+01 -1.248634e+02 3.600000e+01
    endloop
  endfacet
  facet normal 8.920684e-01 4.519003e-01 -0.000000e+00
    outer loop
      vertex   -3.302265e+01 -1.248634e+02 3.600000e+01
      vertex   -3.309678e+01 -1.247171e+02 3.850000e+01
      vertex   -3.302265e+01 -1.248634e+02 3.850000e+01
    endloop
  endfacet
  facet normal 8.458321e-01 5.334493e-01 -0.000000e+00
    outer loop
      vertex   -3.302265e+01 -1.248634e+02 3.600000e+01
      vertex   -3.302265e+01 -1.248634e+02 3.850000e+01
      vertex   -3.293513e+01 -1.250022e+02 3.600000e+01
    endloop
  endfacet
  facet normal 8.458321e-01 5.334493e-01 -2.403999e-15
    outer loop
      vertex   -3.293513e+01 -1.250022e+02 3.600000e+01
      vertex   -3.302265e+01 -1.248634e+02 3.850000e+01
      vertex   -3.293513e+01 -1.250022e+02 3.850000e+01
    endloop
  endfacet
  facet normal 7.921625e-01 6.103103e-01 -2.251461e-15
    outer loop
      vertex   -3.293513e+01 -1.250022e+02 3.600000e+01
      vertex   -3.293513e+01 -1.250022e+02 3.850000e+01
      vertex   -3.283501e+01 -1.251321e+02 3.600000e+01
    endloop
  endfacet
  facet normal 7.921625e-01 6.103103e-01 -0.000000e+00
    outer loop
      vertex   -3.283501e+01 -1.251321e+02 3.600000e+01
      vertex   -3.293513e+01 -1.250022e+02 3.850000e+01
      vertex   -3.283501e+01 -1.251321e+02 3.850000e+01
    endloop
  endfacet
  facet normal 7.315313e-01 6.818078e-01 -0.000000e+00
    outer loop
      vertex   -3.283501e+01 -1.251321e+02 3.600000e+01
      vertex   -3.283501e+01 -1.251321e+02 3.850000e+01
      vertex   -3.272316e+01 -1.252522e+02 3.600000e+01
    endloop
  endfacet
  facet normal 7.315313e-01 6.818078e-01 -0.000000e+00
    outer loop
      vertex   -3.272316e+01 -1.252522e+02 3.600000e+01
      vertex   -3.283501e+01 -1.251321e+02 3.850000e+01
      vertex   -3.272316e+01 -1.252522e+02 3.850000e+01
    endloop
  endfacet
  facet normal 6.644715e-01 7.473136e-01 -0.000000e+00
    outer loop
      vertex   -3.272316e+01 -1.252522e+02 3.600000e+01
      vertex   -3.272316e+01 -1.252522e+02 3.850000e+01
      vertex   -3.260056e+01 -1.253612e+02 3.600000e+01
    endloop
  endfacet
  facet normal 6.644715e-01 7.473136e-01 -0.000000e+00
    outer loop
      vertex   -3.260056e+01 -1.253612e+02 3.600000e+01
      vertex   -3.272316e+01 -1.252522e+02 3.850000e+01
      vertex   -3.260056e+01 -1.253612e+02 3.850000e+01
    endloop
  endfacet
  facet normal 5.915722e-01 8.062520e-01 -0.000000e+00
    outer loop
      vertex   -3.260056e+01 -1.253612e+02 3.600000e+01
      vertex   -3.260056e+01 -1.253612e+02 3.850000e+01
      vertex   -3.246829e+01 -1.254582e+02 3.600000e+01
    endloop
  endfacet
  facet normal 5.915722e-01 8.062520e-01 -0.000000e+00
    outer loop
      vertex   -3.246829e+01 -1.254582e+02 3.600000e+01
      vertex   -3.260056e+01 -1.253612e+02 3.850000e+01
      vertex   -3.246829e+01 -1.254582e+02 3.850000e+01
    endloop
  endfacet
  facet normal 5.134742e-01 8.581050e-01 -0.000000e+00
    outer loop
      vertex   -3.246829e+01 -1.254582e+02 3.600000e+01
      vertex   -3.246829e+01 -1.254582e+02 3.850000e+01
      vertex   -3.232752e+01 -1.255425e+02 3.600000e+01
    endloop
  endfacet
  facet normal 5.134742e-01 8.581050e-01 -0.000000e+00
    outer loop
      vertex   -3.232752e+01 -1.255425e+02 3.600000e+01
      vertex   -3.246829e+01 -1.254582e+02 3.850000e+01
      vertex   -3.232752e+01 -1.255425e+02 3.850000e+01
    endloop
  endfacet
  facet normal 4.308637e-01 9.024170e-01 -0.000000e+00
    outer loop
      vertex   -3.232752e+01 -1.255425e+02 3.600000e+01
      vertex   -3.232752e+01 -1.255425e+02 3.850000e+01
      vertex   -3.217947e+01 -1.256131e+02 3.600000e+01
    endloop
  endfacet
  facet normal 4.308637e-01 9.024170e-01 -1.224588e-15
    outer loop
      vertex   -3.217947e+01 -1.256131e+02 3.600000e+01
      vertex   -3.232752e+01 -1.255425e+02 3.850000e+01
      vertex   -3.217947e+01 -1.256131e+02 3.850000e+01
    endloop
  endfacet
  facet normal 3.444669e-01 9.387985e-01 -9.790337e-16
    outer loop
      vertex   -3.217947e+01 -1.256131e+02 3.600000e+01
      vertex   -3.217947e+01 -1.256131e+02 3.850000e+01
      vertex   -3.202546e+01 -1.256696e+02 3.600000e+01
    endloop
  endfacet
  facet normal 3.444669e-01 9.387985e-01 -0.000000e+00
    outer loop
      vertex   -3.202546e+01 -1.256696e+02 3.600000e+01
      vertex   -3.217947e+01 -1.256131e+02 3.850000e+01
      vertex   -3.202546e+01 -1.256696e+02 3.850000e+01
    endloop
  endfacet
  facet normal 2.550428e-01 9.669298e-01 -0.000000e+00
    outer loop
      vertex   -3.202546e+01 -1.256696e+02 3.600000e+01
      vertex   -3.202546e+01 -1.256696e+02 3.850000e+01
      vertex   -3.186683e+01 -1.257115e+02 3.600000e+01
    endloop
  endfacet
  facet normal 2.550428e-01 9.669298e-01 -0.000000e+00
    outer loop
      vertex   -3.186683e+01 -1.257115e+02 3.600000e+01
      vertex   -3.202546e+01 -1.256696e+02 3.850000e+01
      vertex   -3.186683e+01 -1.257115e+02 3.850000e+01
    endloop
  endfacet
  facet normal 1.633774e-01 9.865637e-01 -0.000000e+00
    outer loop
      vertex   -3.186683e+01 -1.257115e+02 3.600000e+01
      vertex   -3.186683e+01 -1.257115e+02 3.850000e+01
      vertex   -3.170498e+01 -1.257383e+02 3.600000e+01
    endloop
  endfacet
  facet normal 1.633774e-01 9.865637e-01 -0.000000e+00
    outer loop
      vertex   -3.170498e+01 -1.257383e+02 3.600000e+01
      vertex   -3.186683e+01 -1.257115e+02 3.850000e+01
      vertex   -3.170498e+01 -1.257383e+02 3.850000e+01
    endloop
  endfacet
  facet normal 7.027619e-02 9.975276e-01 -0.000000e+00
    outer loop
      vertex   -3.170498e+01 -1.257383e+02 3.600000e+01
      vertex   -3.170498e+01 -1.257383e+02 3.850000e+01
      vertex   -3.154133e+01 -1.257498e+02 3.600000e+01
    endloop
  endfacet
  facet normal 7.027619e-02 9.975276e-01 -0.000000e+00
    outer loop
      vertex   -3.154133e+01 -1.257498e+02 3.600000e+01
      vertex   -3.170498e+01 -1.257383e+02 3.850000e+01
      vertex   -3.154133e+01 -1.257498e+02 3.850000e+01
    endloop
  endfacet
  facet normal -2.344257e-02 9.997252e-01 0.000000e+00
    outer loop
      vertex   -3.154133e+01 -1.257498e+02 3.600000e+01
      vertex   -3.154133e+01 -1.257498e+02 3.850000e+01
      vertex   -3.137733e+01 -1.257460e+02 3.600000e+01
    endloop
  endfacet
  facet normal -2.344257e-02 9.997252e-01 0.000000e+00
    outer loop
      vertex   -3.137733e+01 -1.257460e+02 3.600000e+01
      vertex   -3.154133e+01 -1.257498e+02 3.850000e+01
      vertex   -3.137733e+01 -1.257460e+02 3.850000e+01
    endloop
  endfacet
  facet normal -1.169553e-01 9.931372e-01 0.000000e+00
    outer loop
      vertex   -3.137733e+01 -1.257460e+02 3.600000e+01
      vertex   -3.137733e+01 -1.257460e+02 3.850000e+01
      vertex   -3.121440e+01 -1.257268e+02 3.600000e+01
    endloop
  endfacet
  facet normal -1.169553e-01 9.931372e-01 0.000000e+00
    outer loop
      vertex   -3.121440e+01 -1.257268e+02 3.600000e+01
      vertex   -3.137733e+01 -1.257460e+02 3.850000e+01
      vertex   -3.121440e+01 -1.257268e+02 3.850000e+01
    endloop
  endfacet
  facet normal -2.094403e-01 9.778214e-01 0.000000e+00
    outer loop
      vertex   -3.121440e+01 -1.257268e+02 3.600000e+01
      vertex   -3.121440e+01 -1.257268e+02 3.850000e+01
      vertex   -3.105398e+01 -1.256924e+02 3.600000e+01
    endloop
  endfacet
  facet normal -2.094403e-01 9.778214e-01 0.000000e+00
    outer loop
      vertex   -3.105398e+01 -1.256924e+02 3.600000e+01
      vertex   -3.121440e+01 -1.257268e+02 3.850000e+01
      vertex   -3.105398e+01 -1.256924e+02 3.850000e+01
    endloop
  endfacet
  facet normal -3.000846e-01 9.539126e-01 0.000000e+00
    outer loop
      vertex   -3.105398e+01 -1.256924e+02 3.600000e+01
      vertex   -3.105398e+01 -1.256924e+02 3.850000e+01
      vertex   -3.089749e+01 -1.256432e+02 3.600000e+01
    endloop
  endfacet
  facet normal -3.000846e-01 9.539126e-01 0.000000e+00
    outer loop
      vertex   -3.089749e+01 -1.256432e+02 3.600000e+01
      vertex   -3.105398e+01 -1.256924e+02 3.850000e+01
      vertex   -3.089749e+01 -1.256432e+02 3.850000e+01
    endloop
  endfacet
  facet normal -3.880919e-01 9.216207e-01 0.000000e+00
    outer loop
      vertex   -3.089749e+01 -1.256432e+02 3.600000e+01
      vertex   -3.089749e+01 -1.256432e+02 3.850000e+01
      vertex   -3.074630e+01 -1.255795e+02 3.600000e+01
    endloop
  endfacet
  facet normal -3.880919e-01 9.216207e-01 -5.515117e-16
    outer loop
      vertex   -3.074630e+01 -1.255795e+02 3.600000e+01
      vertex   -3.089749e+01 -1.256432e+02 3.850000e+01
      vertex   -3.074630e+01 -1.255795e+02 3.850000e+01
    endloop
  endfacet
  facet normal -4.726885e-01 8.812296e-01 -6.717308e-16
    outer loop
      vertex   -3.074630e+01 -1.255795e+02 3.600000e+01
      vertex   -3.074630e+01 -1.255795e+02 3.850000e+01
      vertex   -3.060173e+01 -1.255020e+02 3.600000e+01
    endloop
  endfacet
  facet normal -4.726885e-01 8.812296e-01 0.000000e+00
    outer loop
      vertex   -3.060173e+01 -1.255020e+02 3.600000e+01
      vertex   -3.074630e+01 -1.255795e+02 3.850000e+01
      vertex   -3.060173e+01 -1.255020e+02 3.850000e+01
    endloop
  endfacet
  facet normal -5.531312e-01 8.330942e-01 0.000000e+00
    outer loop
      vertex   -3.060173e+01 -1.255020e+02 3.600000e+01
      vertex   -3.060173e+01 -1.255020e+02 3.850000e+01
      vertex   -3.046506e+01 -1.254112e+02 3.600000e+01
    endloop
  endfacet
  facet normal -5.531312e-01 8.330942e-01 -1.572093e-15
    outer loop
      vertex   -3.046506e+01 -1.254112e+02 3.600000e+01
      vertex   -3.060173e+01 -1.255020e+02 3.850000e+01
      vertex   -3.046506e+01 -1.254112e+02 3.850000e+01
    endloop
  endfacet
  facet normal -6.287129e-01 7.776375e-01 -1.786909e-15
    outer loop
      vertex   -3.046506e+01 -1.254112e+02 3.600000e+01
      vertex   -3.046506e+01 -1.254112e+02 3.850000e+01
      vertex   -3.033748e+01 -1.253081e+02 3.600000e+01
    endloop
  endfacet
  facet normal -6.287129e-01 7.776375e-01 -8.934547e-16
    outer loop
      vertex   -3.033748e+01 -1.253081e+02 3.600000e+01
      vertex   -3.046506e+01 -1.254112e+02 3.850000e+01
      vertex   -3.033748e+01 -1.253081e+02 3.850000e+01
    endloop
  endfacet
  facet normal -6.987694e-01 7.153470e-01 -9.930111e-16
    outer loop
      vertex   -3.033748e+01 -1.253081e+02 3.600000e+01
      vertex   -3.033748e+01 -1.253081e+02 3.850000e+01
      vertex   -3.022013e+01 -1.251935e+02 3.600000e+01
    endloop
  endfacet
  facet normal -6.987694e-01 7.153470e-01 9.930111e-16
    outer loop
      vertex   -3.022013e+01 -1.251935e+02 3.600000e+01
      vertex   -3.033748e+01 -1.253081e+02 3.850000e+01
      vertex   -3.022013e+01 -1.251935e+02 3.850000e+01
    endloop
  endfacet
  facet normal -7.626852e-01 6.467699e-01 1.083841e-15
    outer loop
      vertex   -3.022013e+01 -1.251935e+02 3.600000e+01
      vertex   -3.022013e+01 -1.251935e+02 3.850000e+01
      vertex   -3.011402e+01 -1.250683e+02 3.600000e+01
    endloop
  endfacet
  facet normal -7.626852e-01 6.467699e-01 0.000000e+00
    outer loop
      vertex   -3.011402e+01 -1.250683e+02 3.600000e+01
      vertex   -3.022013e+01 -1.251935e+02 3.850000e+01
      vertex   -3.011402e+01 -1.250683e+02 3.850000e+01
    endloop
  endfacet
  facet normal -8.198984e-01 5.725090e-01 0.000000e+00
    outer loop
      vertex   -3.011402e+01 -1.250683e+02 3.600000e+01
      vertex   -3.011402e+01 -1.250683e+02 3.850000e+01
      vertex   -3.002010e+01 -1.249338e+02 3.600000e+01
    endloop
  endfacet
  facet normal -8.198984e-01 5.725090e-01 0.000000e+00
    outer loop
      vertex   -3.002010e+01 -1.249338e+02 3.600000e+01
      vertex   -3.011402e+01 -1.250683e+02 3.850000e+01
      vertex   -3.002010e+01 -1.249338e+02 3.850000e+01
    endloop
  endfacet
  facet normal -8.699064e-01 4.932169e-01 0.000000e+00
    outer loop
      vertex   -3.002010e+01 -1.249338e+02 3.600000e+01
      vertex   -3.002010e+01 -1.249338e+02 3.850000e+01
      vertex   -2.993919e+01 -1.247911e+02 3.600000e+01
    endloop
  endfacet
  facet normal -8.699064e-01 4.932169e-01 0.000000e+00
    outer loop
      vertex   -2.993919e+01 -1.247911e+02 3.600000e+01
      vertex   -3.002010e+01 -1.249338e+02 3.850000e+01
      vertex   -2.993919e+01 -1.247911e+02 3.850000e+01
    endloop
  endfacet
  facet normal -9.122696e-01 4.095904e-01 0.000000e+00
    outer loop
      vertex   -2.993919e+01 -1.247911e+02 3.600000e+01
      vertex   -2.993919e+01 -1.247911e+02 3.850000e+01
      vertex   -2.987199e+01 -1.246415e+02 3.600000e+01
    endloop
  endfacet
  facet normal -9.122696e-01 4.095904e-01 1.296413e-15
    outer loop
      vertex   -2.987199e+01 -1.246415e+02 3.600000e+01
      vertex   -2.993919e+01 -1.247911e+02 3.850000e+01
      vertex   -2.987199e+01 -1.246415e+02 3.850000e+01
    endloop
  endfacet
  facet normal -9.466157e-01 3.223643e-01 1.345222e-15
    outer loop
      vertex   -2.987199e+01 -1.246415e+02 3.600000e+01
      vertex   -2.987199e+01 -1.246415e+02 3.850000e+01
      vertex   -2.981911e+01 -1.244862e+02 3.600000e+01
    endloop
  endfacet
  facet normal -9.466157e-01 3.223643e-01 0.000000e+00
    outer loop
      vertex   -2.981911e+01 -1.244862e+02 3.600000e+01
      vertex   -2.987199e+01 -1.246415e+02 3.850000e+01
      vertex   -2.981911e+01 -1.244862e+02 3.850000e+01
    endloop
  endfacet
  facet normal -9.726429e-01 2.323054e-01 0.000000e+00
    outer loop
      vertex   -2.981911e+01 -1.244862e+02 3.600000e+01
      vertex   -2.981911e+01 -1.244862e+02 3.850000e+01
      vertex   -2.978100e+01 -1.243266e+02 3.600000e+01
    endloop
  endfacet
  facet normal -9.726429e-01 2.323054e-01 0.000000e+00
    outer loop
      vertex   -2.978100e+01 -1.243266e+02 3.600000e+01
      vertex   -2.981911e+01 -1.244862e+02 3.850000e+01
      vertex   -2.978100e+01 -1.243266e+02 3.850000e+01
    endloop
  endfacet
  facet normal -9.901225e-01 1.402049e-01 0.000000e+00
    outer loop
      vertex   -2.978100e+01 -1.243266e+02 3.600000e+01
      vertex   -2.978100e+01 -1.243266e+02 3.850000e+01
      vertex   -2.975800e+01 -1.241642e+02 3.600000e+01
    endloop
  endfacet
  facet normal -9.901225e-01 1.402049e-01 0.000000e+00
    outer loop
      vertex   -2.975800e+01 -1.241642e+02 3.600000e+01
      vertex   -2.978100e+01 -1.243266e+02 3.850000e+01
      vertex   -2.975800e+01 -1.241642e+02 3.850000e+01
    endloop
  endfacet
  facet normal 9.995163e-01 -3.109986e-02 0.000000e+00
    outer loop
      vertex   -2.750805e+01 -1.242490e+02 4.100000e+01
      vertex   -2.750805e+01 -1.242490e+02 3.600000e+01
      vertex   -2.750031e+01 -1.240003e+02 4.100000e+01
    endloop
  endfacet
  facet normal 9.995163e-01 -3.109986e-02 0.000000e+00
    outer loop
      vertex   -2.750031e+01 -1.240003e+02 4.100000e+01
      vertex   -2.750805e+01 -1.242490e+02 3.600000e+01
      vertex   -2.750031e+01 -1.240003e+02 3.600000e+01
    endloop
  endfacet
  facet normal 9.995163e-01 3.109986e-02 0.000000e+00
    outer loop
      vertex   -2.750031e+01 -1.240003e+02 4.100000e+01
      vertex   -2.750031e+01 -1.240003e+02 3.600000e+01
      vertex   -2.750805e+01 -1.237516e+02 4.100000e+01
    endloop
  endfacet
  facet normal 9.995163e-01 3.109986e-02 0.000000e+00
    outer loop
      vertex   -2.750805e+01 -1.237516e+02 4.100000e+01
      vertex   -2.750031e+01 -1.240003e+02 3.600000e+01
      vertex   -2.750805e+01 -1.237516e+02 3.600000e+01
    endloop
  endfacet
  facet normal 9.956493e-01 9.317927e-02 0.000000e+00
    outer loop
      vertex   -2.750805e+01 -1.237516e+02 4.100000e+01
      vertex   -2.750805e+01 -1.237516e+02 3.600000e+01
      vertex   -2.753123e+01 -1.235039e+02 4.100000e+01
    endloop
  endfacet
  facet normal 9.956493e-01 9.317927e-02 0.000000e+00
    outer loop
      vertex   -2.753123e+01 -1.235039e+02 4.100000e+01
      vertex   -2.750805e+01 -1.237516e+02 3.600000e+01
      vertex   -2.753123e+01 -1.235039e+02 3.600000e+01
    endloop
  endfacet
  facet normal 9.879304e-01 1.548982e-01 0.000000e+00
    outer loop
      vertex   -2.753123e+01 -1.235039e+02 4.100000e+01
      vertex   -2.753123e+01 -1.235039e+02 3.600000e+01
      vertex   -2.756977e+01 -1.232581e+02 4.100000e+01
    endloop
  endfacet
  facet normal 9.879304e-01 1.548982e-01 0.000000e+00
    outer loop
      vertex   -2.756977e+01 -1.232581e+02 4.100000e+01
      vertex   -2.753123e+01 -1.235039e+02 3.600000e+01
      vertex   -2.756977e+01 -1.232581e+02 3.600000e+01
    endloop
  endfacet
  facet normal 9.763894e-01 2.160178e-01 0.000000e+00
    outer loop
      vertex   -2.756977e+01 -1.232581e+02 4.100000e+01
      vertex   -2.756977e+01 -1.232581e+02 3.600000e+01
      vertex   -2.762351e+01 -1.230152e+02 4.100000e+01
    endloop
  endfacet
  facet normal 9.763894e-01 2.160178e-01 0.000000e+00
    outer loop
      vertex   -2.762351e+01 -1.230152e+02 4.100000e+01
      vertex   -2.756977e+01 -1.232581e+02 3.600000e+01
      vertex   -2.762351e+01 -1.230152e+02 3.600000e+01
    endloop
  endfacet
  facet normal 9.610709e-01 2.763017e-01 0.000000e+00
    outer loop
      vertex   -2.762351e+01 -1.230152e+02 4.100000e+01
      vertex   -2.762351e+01 -1.230152e+02 3.600000e+01
      vertex   -2.769226e+01 -1.227761e+02 4.100000e+01
    endloop
  endfacet
  facet normal 9.610709e-01 2.763017e-01 0.000000e+00
    outer loop
      vertex   -2.769226e+01 -1.227761e+02 4.100000e+01
      vertex   -2.762351e+01 -1.230152e+02 3.600000e+01
      vertex   -2.769226e+01 -1.227761e+02 3.600000e+01
    endloop
  endfacet
  facet normal 9.420343e-01 3.355167e-01 0.000000e+00
    outer loop
      vertex   -2.769226e+01 -1.227761e+02 4.100000e+01
      vertex   -2.769226e+01 -1.227761e+02 3.600000e+01
      vertex   -2.777573e+01 -1.225417e+02 4.100000e+01
    endloop
  endfacet
  facet normal 9.420343e-01 3.355167e-01 0.000000e+00
    outer loop
      vertex   -2.777573e+01 -1.225417e+02 4.100000e+01
      vertex   -2.769226e+01 -1.227761e+02 3.600000e+01
      vertex   -2.777573e+01 -1.225417e+02 3.600000e+01
    endloop
  endfacet
  facet normal 9.193530e-01 3.934336e-01 0.000000e+00
    outer loop
      vertex   -2.777573e+01 -1.225417e+02 4.100000e+01
      vertex   -2.777573e+01 -1.225417e+02 3.600000e+01
      vertex   -2.787362e+01 -1.223130e+02 4.100000e+01
    endloop
  endfacet
  facet normal 9.193530e-01 3.934336e-01 0.000000e+00
    outer loop
      vertex   -2.787362e+01 -1.223130e+02 4.100000e+01
      vertex   -2.777573e+01 -1.225417e+02 3.600000e+01
      vertex   -2.787362e+01 -1.223130e+02 3.600000e+01
    endloop
  endfacet
  facet normal 8.931150e-01 4.498284e-01 0.000000e+00
    outer loop
      vertex   -2.787362e+01 -1.223130e+02 4.100000e+01
      vertex   -2.787362e+01 -1.223130e+02 3.600000e+01
      vertex   -2.798554e+01 -1.220908e+02 4.100000e+01
    endloop
  endfacet
  facet normal 8.931150e-01 4.498284e-01 0.000000e+00
    outer loop
      vertex   -2.798554e+01 -1.220908e+02 4.100000e+01
      vertex   -2.787362e+01 -1.223130e+02 3.600000e+01
      vertex   -2.798554e+01 -1.220908e+02 3.600000e+01
    endloop
  endfacet
  facet normal 8.634217e-01 5.044829e-01 0.000000e+00
    outer loop
      vertex   -2.798554e+01 -1.220908e+02 4.100000e+01
      vertex   -2.798554e+01 -1.220908e+02 3.600000e+01
      vertex   -2.811105e+01 -1.218759e+02 4.100000e+01
    endloop
  endfacet
  facet normal 8.634217e-01 5.044829e-01 0.000000e+00
    outer loop
      vertex   -2.811105e+01 -1.218759e+02 4.100000e+01
      vertex   -2.798554e+01 -1.220908e+02 3.600000e+01
      vertex   -2.811105e+01 -1.218759e+02 3.600000e+01
    endloop
  endfacet
  facet normal 8.303880e-01 5.571856e-01 0.000000e+00
    outer loop
      vertex   -2.811105e+01 -1.218759e+02 4.100000e+01
      vertex   -2.811105e+01 -1.218759e+02 3.600000e+01
      vertex   -2.824968e+01 -1.216693e+02 4.100000e+01
    endloop
  endfacet
  facet normal 8.303880e-01 5.571856e-01 0.000000e+00
    outer loop
      vertex   -2.824968e+01 -1.216693e+02 4.100000e+01
      vertex   -2.811105e+01 -1.218759e+02 3.600000e+01
      vertex   -2.824968e+01 -1.216693e+02 3.600000e+01
    endloop
  endfacet
  facet normal 7.941417e-01 6.077327e-01 0.000000e+00
    outer loop
      vertex   -2.824968e+01 -1.216693e+02 4.100000e+01
      vertex   -2.824968e+01 -1.216693e+02 3.600000e+01
      vertex   -2.840088e+01 -1.214718e+02 4.100000e+01
    endloop
  endfacet
  facet normal 7.941417e-01 6.077327e-01 0.000000e+00
    outer loop
      vertex   -2.840088e+01 -1.214718e+02 4.100000e+01
      vertex   -2.824968e+01 -1.216693e+02 3.600000e+01
      vertex   -2.840088e+01 -1.214718e+02 3.600000e+01
    endloop
  endfacet
  facet normal 7.548229e-01 6.559286e-01 0.000000e+00
    outer loop
      vertex   -2.840088e+01 -1.214718e+02 4.100000e+01
      vertex   -2.840088e+01 -1.214718e+02 3.600000e+01
      vertex   -2.856408e+01 -1.212840e+02 4.100000e+01
    endloop
  endfacet
  facet normal 7.548229e-01 6.559286e-01 0.000000e+00
    outer loop
      vertex   -2.856408e+01 -1.212840e+02 4.100000e+01
      vertex   -2.840088e+01 -1.214718e+02 3.600000e+01
      vertex   -2.856408e+01 -1.212840e+02 3.600000e+01
    endloop
  endfacet
  facet normal 7.125840e-01 7.015868e-01 0.000000e+00
    outer loop
      vertex   -2.856408e+01 -1.212840e+02 4.100000e+01
      vertex   -2.856408e+01 -1.212840e+02 3.600000e+01
      vertex   -2.873863e+01 -1.211067e+02 4.100000e+01
    endloop
  endfacet
  facet normal 7.125840e-01 7.015868e-01 0.000000e+00
    outer loop
      vertex   -2.873863e+01 -1.211067e+02 4.100000e+01
      vertex   -2.856408e+01 -1.212840e+02 3.600000e+01
      vertex   -2.873863e+01 -1.211067e+02 3.600000e+01
    endloop
  endfacet
  facet normal 6.675881e-01 7.445308e-01 0.000000e+00
    outer loop
      vertex   -2.873863e+01 -1.211067e+02 4.100000e+01
      vertex   -2.873863e+01 -1.211067e+02 3.600000e+01
      vertex   -2.892387e+01 -1.209406e+02 4.100000e+01
    endloop
  endfacet
  facet normal 6.675881e-01 7.445308e-01 0.000000e+00
    outer loop
      vertex   -2.892387e+01 -1.209406e+02 4.100000e+01
      vertex   -2.873863e+01 -1.211067e+02 3.600000e+01
      vertex   -2.892387e+01 -1.209406e+02 3.600000e+01
    endloop
  endfacet
  facet normal 6.200095e-01 7.845943e-01 0.000000e+00
    outer loop
      vertex   -2.892387e+01 -1.209406e+02 4.100000e+01
      vertex   -2.892387e+01 -1.209406e+02 3.600000e+01
      vertex   -2.911907e+01 -1.207863e+02 4.100000e+01
    endloop
  endfacet
  facet normal 6.200095e-01 7.845943e-01 0.000000e+00
    outer loop
      vertex   -2.911907e+01 -1.207863e+02 4.100000e+01
      vertex   -2.892387e+01 -1.209406e+02 3.600000e+01
      vertex   -2.911907e+01 -1.207863e+02 3.600000e+01
    endloop
  endfacet
  facet normal 5.700323e-01 8.216223e-01 0.000000e+00
    outer loop
      vertex   -2.911907e+01 -1.207863e+02 4.100000e+01
      vertex   -2.911907e+01 -1.207863e+02 3.600000e+01
      vertex   -2.932349e+01 -1.206445e+02 4.100000e+01
    endloop
  endfacet
  facet normal 5.700323e-01 8.216223e-01 0.000000e+00
    outer loop
      vertex   -2.932349e+01 -1.206445e+02 4.100000e+01
      vertex   -2.911907e+01 -1.207863e+02 3.600000e+01
      vertex   -2.932349e+01 -1.206445e+02 3.600000e+01
    endloop
  endfacet
  facet normal 5.178496e-01 8.554717e-01 0.000000e+00
    outer loop
      vertex   -2.932349e+01 -1.206445e+02 4.100000e+01
      vertex   -2.932349e+01 -1.206445e+02 3.600000e+01
      vertex   -2.953633e+01 -1.205156e+02 4.100000e+01
    endloop
  endfacet
  facet normal 5.178496e-01 8.554717e-01 0.000000e+00
    outer loop
      vertex   -2.953633e+01 -1.205156e+02 4.100000e+01
      vertex   -2.932349e+01 -1.206445e+02 3.600000e+01
      vertex   -2.953633e+01 -1.205156e+02 3.600000e+01
    endloop
  endfacet
  facet normal 4.636635e-01 8.860114e-01 0.000000e+00
    outer loop
      vertex   -2.953633e+01 -1.205156e+02 4.100000e+01
      vertex   -2.953633e+01 -1.205156e+02 3.600000e+01
      vertex   -2.975677e+01 -1.204003e+02 4.100000e+01
    endloop
  endfacet
  facet normal 4.636635e-01 8.860114e-01 0.000000e+00
    outer loop
      vertex   -2.975677e+01 -1.204003e+02 4.100000e+01
      vertex   -2.953633e+01 -1.205156e+02 3.600000e+01
      vertex   -2.975677e+01 -1.204003e+02 3.600000e+01
    endloop
  endfacet
  facet normal 4.076836e-01 9.131233e-01 0.000000e+00
    outer loop
      vertex   -2.975677e+01 -1.204003e+02 4.100000e+01
      vertex   -2.975677e+01 -1.204003e+02 3.600000e+01
      vertex   -2.998396e+01 -1.202989e+02 4.100000e+01
    endloop
  endfacet
  facet normal 4.076836e-01 9.131233e-01 0.000000e+00
    outer loop
      vertex   -2.998396e+01 -1.202989e+02 4.100000e+01
      vertex   -2.975677e+01 -1.204003e+02 3.600000e+01
      vertex   -2.998396e+01 -1.202989e+02 3.600000e+01
    endloop
  endfacet
  facet normal 3.501264e-01 9.367024e-01 0.000000e+00
    outer loop
      vertex   -2.998396e+01 -1.202989e+02 4.100000e+01
      vertex   -2.998396e+01 -1.202989e+02 3.600000e+01
      vertex   -3.021701e+01 -1.202117e+02 4.100000e+01
    endloop
  endfacet
  facet normal 3.501264e-01 9.367024e-01 0.000000e+00
    outer loop
      vertex   -3.021701e+01 -1.202117e+02 4.100000e+01
      vertex   -2.998396e+01 -1.202989e+02 3.600000e+01
      vertex   -3.021701e+01 -1.202117e+02 3.600000e+01
    endloop
  endfacet
  facet normal 2.912147e-01 9.566577e-01 0.000000e+00
    outer loop
      vertex   -3.021701e+01 -1.202117e+02 4.100000e+01
      vertex   -3.021701e+01 -1.202117e+02 3.600000e+01
      vertex   -3.045502e+01 -1.201393e+02 4.100000e+01
    endloop
  endfacet
  facet normal 2.912147e-01 9.566577e-01 0.000000e+00
    outer loop
      vertex   -3.045502e+01 -1.201393e+02 4.100000e+01
      vertex   -3.021701e+01 -1.202117e+02 3.600000e+01
      vertex   -3.045502e+01 -1.201393e+02 3.600000e+01
    endloop
  endfacet
  facet normal 2.311763e-01 9.729119e-01 0.000000e+00
    outer loop
      vertex   -3.045502e+01 -1.201393e+02 4.100000e+01
      vertex   -3.045502e+01 -1.201393e+02 3.600000e+01
      vertex   -3.069708e+01 -1.200818e+02 4.100000e+01
    endloop
  endfacet
  facet normal 2.311763e-01 9.729119e-01 0.000000e+00
    outer loop
      vertex   -3.069708e+01 -1.200818e+02 4.100000e+01
      vertex   -3.045502e+01 -1.201393e+02 3.600000e+01
      vertex   -3.069708e+01 -1.200818e+02 3.600000e+01
    endloop
  endfacet
  facet normal 1.702436e-01 9.854020e-01 0.000000e+00
    outer loop
      vertex   -3.069708e+01 -1.200818e+02 4.100000e+01
      vertex   -3.069708e+01 -1.200818e+02 3.600000e+01
      vertex   -3.094225e+01 -1.200394e+02 4.100000e+01
    endloop
  endfacet
  facet normal 1.702436e-01 9.854020e-01 0.000000e+00
    outer loop
      vertex   -3.094225e+01 -1.200394e+02 4.100000e+01
      vertex   -3.069708e+01 -1.200818e+02 3.600000e+01
      vertex   -3.094225e+01 -1.200394e+02 3.600000e+01
    endloop
  endfacet
  facet normal 1.086522e-01 9.940798e-01 0.000000e+00
    outer loop
      vertex   -3.094225e+01 -1.200394e+02 4.100000e+01
      vertex   -3.094225e+01 -1.200394e+02 3.600000e+01
      vertex   -3.118957e+01 -1.200124e+02 4.100000e+01
    endloop
  endfacet
  facet normal 1.086522e-01 9.940798e-01 0.000000e+00
    outer loop
      vertex   -3.118957e+01 -1.200124e+02 4.100000e+01
      vertex   -3.094225e+01 -1.200394e+02 3.600000e+01
      vertex   -3.118957e+01 -1.200124e+02 3.600000e+01
    endloop
  endfacet
  facet normal 4.664039e-02 9.989117e-01 0.000000e+00
    outer loop
      vertex   -3.118957e+01 -1.200124e+02 4.100000e+01
      vertex   -3.118957e+01 -1.200124e+02 3.600000e+01
      vertex   -3.143810e+01 -1.200008e+02 4.100000e+01
    endloop
  endfacet
  facet normal 4.664039e-02 9.989117e-01 0.000000e+00
    outer loop
      vertex   -3.143810e+01 -1.200008e+02 4.100000e+01
      vertex   -3.118957e+01 -1.200124e+02 3.600000e+01
      vertex   -3.143810e+01 -1.200008e+02 3.600000e+01
    endloop
  endfacet
  facet normal -1.555181e-02 9.998791e-01 0.000000e+00
    outer loop
      vertex   -3.143810e+01 -1.200008e+02 4.100000e+01
      vertex   -3.143810e+01 -1.200008e+02 3.600000e+01
      vertex   -3.168687e+01 -1.200047e+02 4.100000e+01
    endloop
  endfacet
  facet normal -1.555181e-02 9.998791e-01 0.000000e+00
    outer loop
      vertex   -3.168687e+01 -1.200047e+02 4.100000e+01
      vertex   -3.143810e+01 -1.200008e+02 3.600000e+01
      vertex   -3.168687e+01 -1.200047e+02 3.600000e+01
    endloop
  endfacet
  facet normal -7.768385e-02 9.969780e-01 0.000000e+00
    outer loop
      vertex   -3.168687e+01 -1.200047e+02 4.100000e+01
      vertex   -3.168687e+01 -1.200047e+02 3.600000e+01
      vertex   -3.193492e+01 -1.200240e+02 4.100000e+01
    endloop
  endfacet
  facet normal -7.768385e-02 9.969780e-01 0.000000e+00
    outer loop
      vertex   -3.193492e+01 -1.200240e+02 4.100000e+01
      vertex   -3.168687e+01 -1.200047e+02 3.600000e+01
      vertex   -3.193492e+01 -1.200240e+02 3.600000e+01
    endloop
  endfacet
  facet normal -1.395153e-01 9.902199e-01 0.000000e+00
    outer loop
      vertex   -3.193492e+01 -1.200240e+02 4.100000e+01
      vertex   -3.193492e+01 -1.200240e+02 3.600000e+01
      vertex   -3.218128e+01 -1.200587e+02 4.100000e+01
    endloop
  endfacet
  facet normal -1.395153e-01 9.902199e-01 0.000000e+00
    outer loop
      vertex   -3.218128e+01 -1.200587e+02 4.100000e+01
      vertex   -3.193492e+01 -1.200240e+02 3.600000e+01
      vertex   -3.218128e+01 -1.200587e+02 3.600000e+01
    endloop
  endfacet
  facet normal -2.008071e-01 9.796308e-01 0.000000e+00
    outer loop
      vertex   -3.218128e+01 -1.200587e+02 4.100000e+01
      vertex   -3.218128e+01 -1.200587e+02 3.600000e+01
      vertex   -3.242502e+01 -1.201087e+02 4.100000e+01
    endloop
  endfacet
  facet normal -2.008071e-01 9.796308e-01 0.000000e+00
    outer loop
      vertex   -3.242502e+01 -1.201087e+02 4.100000e+01
      vertex   -3.218128e+01 -1.200587e+02 3.600000e+01
      vertex   -3.242502e+01 -1.201087e+02 3.600000e+01
    endloop
  endfacet
  facet normal -2.613219e-01 9.652517e-01 0.000000e+00
    outer loop
      vertex   -3.242502e+01 -1.201087e+02 4.100000e+01
      vertex   -3.242502e+01 -1.201087e+02 3.600000e+01
      vertex   -3.266517e+01 -1.201737e+02 4.100000e+01
    endloop
  endfacet
  facet normal -2.613219e-01 9.652517e-01 0.000000e+00
    outer loop
      vertex   -3.266517e+01 -1.201737e+02 4.100000e+01
      vertex   -3.242502e+01 -1.201087e+02 3.600000e+01
      vertex   -3.266517e+01 -1.201737e+02 3.600000e+01
    endloop
  endfacet
  facet normal -3.208258e-01 9.471382e-01 0.000000e+00
    outer loop
      vertex   -3.266517e+01 -1.201737e+02 4.100000e+01
      vertex   -3.266517e+01 -1.201737e+02 3.600000e+01
      vertex   -3.290082e+01 -1.202535e+02 4.100000e+01
    endloop
  endfacet
  facet normal -3.208258e-01 9.471382e-01 0.000000e+00
    outer loop
      vertex   -3.290082e+01 -1.202535e+02 4.100000e+01
      vertex   -3.266517e+01 -1.201737e+02 3.600000e+01
      vertex   -3.290082e+01 -1.202535e+02 3.600000e+01
    endloop
  endfacet
  facet normal -3.790884e-01 9.253605e-01 0.000000e+00
    outer loop
      vertex   -3.290082e+01 -1.202535e+02 4.100000e+01
      vertex   -3.290082e+01 -1.202535e+02 3.600000e+01
      vertex   -3.313104e+01 -1.203478e+02 4.100000e+01
    endloop
  endfacet
  facet normal -3.790884e-01 9.253605e-01 0.000000e+00
    outer loop
      vertex   -3.313104e+01 -1.203478e+02 4.100000e+01
      vertex   -3.290082e+01 -1.202535e+02 3.600000e+01
      vertex   -3.313104e+01 -1.203478e+02 3.600000e+01
    endloop
  endfacet
  facet normal -4.358844e-01 9.000027e-01 0.000000e+00
    outer loop
      vertex   -3.313104e+01 -1.203478e+02 4.100000e+01
      vertex   -3.313104e+01 -1.203478e+02 3.600000e+01
      vertex   -3.335496e+01 -1.204563e+02 4.100000e+01
    endloop
  endfacet
  facet normal -4.358844e-01 9.000027e-01 0.000000e+00
    outer loop
      vertex   -3.335496e+01 -1.204563e+02 4.100000e+01
      vertex   -3.313104e+01 -1.203478e+02 3.600000e+01
      vertex   -3.335496e+01 -1.204563e+02 3.600000e+01
    endloop
  endfacet
  facet normal -4.909941e-01 8.711629e-01 0.000000e+00
    outer loop
      vertex   -3.335496e+01 -1.204563e+02 4.100000e+01
      vertex   -3.335496e+01 -1.204563e+02 3.600000e+01
      vertex   -3.357171e+01 -1.205784e+02 4.100000e+01
    endloop
  endfacet
  facet normal -4.909941e-01 8.711629e-01 0.000000e+00
    outer loop
      vertex   -3.357171e+01 -1.205784e+02 4.100000e+01
      vertex   -3.335496e+01 -1.204563e+02 3.600000e+01
      vertex   -3.357171e+01 -1.205784e+02 3.600000e+01
    endloop
  endfacet
  facet normal -5.442042e-01 8.389528e-01 0.000000e+00
    outer loop
      vertex   -3.357171e+01 -1.205784e+02 4.100000e+01
      vertex   -3.357171e+01 -1.205784e+02 3.600000e+01
      vertex   -3.378044e+01 -1.207138e+02 4.100000e+01
    endloop
  endfacet
  facet normal -5.442042e-01 8.389528e-01 0.000000e+00
    outer loop
      vertex   -3.378044e+01 -1.207138e+02 4.100000e+01
      vertex   -3.357171e+01 -1.205784e+02 3.600000e+01
      vertex   -3.378044e+01 -1.207138e+02 3.600000e+01
    endloop
  endfacet
  facet normal -5.953089e-01 8.034970e-01 0.000000e+00
    outer loop
      vertex   -3.378044e+01 -1.207138e+02 4.100000e+01
      vertex   -3.378044e+01 -1.207138e+02 3.600000e+01
      vertex   -3.398035e+01 -1.208619e+02 4.100000e+01
    endloop
  endfacet
  facet normal -5.953089e-01 8.034970e-01 0.000000e+00
    outer loop
      vertex   -3.398035e+01 -1.208619e+02 4.100000e+01
      vertex   -3.378044e+01 -1.207138e+02 3.600000e+01
      vertex   -3.398035e+01 -1.208619e+02 3.600000e+01
    endloop
  endfacet
  facet normal -6.441104e-01 7.649325e-01 0.000000e+00
    outer loop
      vertex   -3.398035e+01 -1.208619e+02 4.100000e+01
      vertex   -3.398035e+01 -1.208619e+02 3.600000e+01
      vertex   -3.417066e+01 -1.210222e+02 4.100000e+01
    endloop
  endfacet
  facet normal -6.441104e-01 7.649325e-01 0.000000e+00
    outer loop
      vertex   -3.417066e+01 -1.210222e+02 4.100000e+01
      vertex   -3.398035e+01 -1.208619e+02 3.600000e+01
      vertex   -3.417066e+01 -1.210222e+02 3.600000e+01
    endloop
  endfacet
  facet normal -6.904200e-01 7.234087e-01 0.000000e+00
    outer loop
      vertex   -3.417066e+01 -1.210222e+02 4.100000e+01
      vertex   -3.417066e+01 -1.210222e+02 3.600000e+01
      vertex   -3.435065e+01 -1.211940e+02 4.100000e+01
    endloop
  endfacet
  facet normal -6.904200e-01 7.234087e-01 0.000000e+00
    outer loop
      vertex   -3.435065e+01 -1.211940e+02 4.100000e+01
      vertex   -3.417066e+01 -1.210222e+02 3.600000e+01
      vertex   -3.435065e+01 -1.211940e+02 3.600000e+01
    endloop
  endfacet
  facet normal -7.340585e-01 6.790862e-01 0.000000e+00
    outer loop
      vertex   -3.435065e+01 -1.211940e+02 4.100000e+01
      vertex   -3.435065e+01 -1.211940e+02 3.600000e+01
      vertex   -3.451960e+01 -1.213766e+02 4.100000e+01
    endloop
  endfacet
  facet normal -7.340585e-01 6.790862e-01 0.000000e+00
    outer loop
      vertex   -3.451960e+01 -1.213766e+02 4.100000e+01
      vertex   -3.435065e+01 -1.211940e+02 3.600000e+01
      vertex   -3.451960e+01 -1.213766e+02 3.600000e+01
    endloop
  endfacet
  facet normal -7.748571e-01 6.321364e-01 0.000000e+00
    outer loop
      vertex   -3.451960e+01 -1.213766e+02 4.100000e+01
      vertex   -3.451960e+01 -1.213766e+02 3.600000e+01
      vertex   -3.467688e+01 -1.215694e+02 4.100000e+01
    endloop
  endfacet
  facet normal -7.748571e-01 6.321364e-01 0.000000e+00
    outer loop
      vertex   -3.467688e+01 -1.215694e+02 4.100000e+01
      vertex   -3.451960e+01 -1.213766e+02 3.600000e+01
      vertex   -3.467688e+01 -1.215694e+02 3.600000e+01
    endloop
  endfacet
  facet normal -8.126579e-01 5.827410e-01 0.000000e+00
    outer loop
      vertex   -3.467688e+01 -1.215694e+02 4.100000e+01
      vertex   -3.467688e+01 -1.215694e+02 3.600000e+01
      vertex   -3.482186e+01 -1.217716e+02 4.100000e+01
    endloop
  endfacet
  facet normal -8.126579e-01 5.827410e-01 0.000000e+00
    outer loop
      vertex   -3.482186e+01 -1.217716e+02 4.100000e+01
      vertex   -3.467688e+01 -1.215694e+02 3.600000e+01
      vertex   -3.482186e+01 -1.217716e+02 3.600000e+01
    endloop
  endfacet
  facet normal -8.473147e-01 5.310911e-01 0.000000e+00
    outer loop
      vertex   -3.482186e+01 -1.217716e+02 4.100000e+01
      vertex   -3.482186e+01 -1.217716e+02 3.600000e+01
      vertex   -3.495400e+01 -1.219824e+02 4.100000e+01
    endloop
  endfacet
  facet normal -8.473147e-01 5.310911e-01 0.000000e+00
    outer loop
      vertex   -3.495400e+01 -1.219824e+02 4.100000e+01
      vertex   -3.482186e+01 -1.217716e+02 3.600000e+01
      vertex   -3.495400e+01 -1.219824e+02 3.600000e+01
    endloop
  endfacet
  facet normal -8.786934e-01 4.773865e-01 0.000000e+00
    outer loop
      vertex   -3.495400e+01 -1.219824e+02 4.100000e+01
      vertex   -3.495400e+01 -1.219824e+02 3.600000e+01
      vertex   -3.507277e+01 -1.222010e+02 4.100000e+01
    endloop
  endfacet
  facet normal -8.786934e-01 4.773865e-01 0.000000e+00
    outer loop
      vertex   -3.507277e+01 -1.222010e+02 4.100000e+01
      vertex   -3.495400e+01 -1.219824e+02 3.600000e+01
      vertex   -3.507277e+01 -1.222010e+02 3.600000e+01
    endloop
  endfacet
  facet normal -9.066726e-01 4.218350e-01 0.000000e+00
    outer loop
      vertex   -3.507277e+01 -1.222010e+02 4.100000e+01
      vertex   -3.507277e+01 -1.222010e+02 3.600000e+01
      vertex   -3.517772e+01 -1.224266e+02 4.100000e+01
    endloop
  endfacet
  facet normal -9.066726e-01 4.218350e-01 0.000000e+00
    outer loop
      vertex   -3.517772e+01 -1.224266e+02 4.100000e+01
      vertex   -3.507277e+01 -1.222010e+02 3.600000e+01
      vertex   -3.517772e+01 -1.224266e+02 3.600000e+01
    endloop
  endfacet
  facet normal -9.311441e-01 3.646515e-01 0.000000e+00
    outer loop
      vertex   -3.517772e+01 -1.224266e+02 4.100000e+01
      vertex   -3.517772e+01 -1.224266e+02 3.600000e+01
      vertex   -3.526845e+01 -1.226582e+02 4.100000e+01
    endloop
  endfacet
  facet normal -9.311441e-01 3.646515e-01 0.000000e+00
    outer loop
      vertex   -3.526845e+01 -1.226582e+02 4.100000e+01
      vertex   -3.517772e+01 -1.224266e+02 3.600000e+01
      vertex   -3.526845e+01 -1.226582e+02 3.600000e+01
    endloop
  endfacet
  facet normal -9.520131e-01 3.060573e-01 0.000000e+00
    outer loop
      vertex   -3.526845e+01 -1.226582e+02 4.100000e+01
      vertex   -3.526845e+01 -1.226582e+02 3.600000e+01
      vertex   -3.534459e+01 -1.228951e+02 4.100000e+01
    endloop
  endfacet
  facet normal -9.520131e-01 3.060573e-01 0.000000e+00
    outer loop
      vertex   -3.534459e+01 -1.228951e+02 4.100000e+01
      vertex   -3.526845e+01 -1.226582e+02 3.600000e+01
      vertex   -3.534459e+01 -1.228951e+02 3.600000e+01
    endloop
  endfacet
  facet normal -9.691990e-01 2.462789e-01 0.000000e+00
    outer loop
      vertex   -3.534459e+01 -1.228951e+02 4.100000e+01
      vertex   -3.534459e+01 -1.228951e+02 3.600000e+01
      vertex   -3.540587e+01 -1.231362e+02 4.100000e+01
    endloop
  endfacet
  facet normal -9.691990e-01 2.462789e-01 0.000000e+00
    outer loop
      vertex   -3.540587e+01 -1.231362e+02 4.100000e+01
      vertex   -3.534459e+01 -1.228951e+02 3.600000e+01
      vertex   -3.540587e+01 -1.231362e+02 3.600000e+01
    endloop
  endfacet
  facet normal -9.826352e-01 1.855478e-01 0.000000e+00
    outer loop
      vertex   -3.540587e+01 -1.231362e+02 4.100000e+01
      vertex   -3.540587e+01 -1.231362e+02 3.600000e+01
      vertex   -3.545203e+01 -1.233807e+02 4.100000e+01
    endloop
  endfacet
  facet normal -9.826352e-01 1.855478e-01 0.000000e+00
    outer loop
      vertex   -3.545203e+01 -1.233807e+02 4.100000e+01
      vertex   -3.540587e+01 -1.231362e+02 3.600000e+01
      vertex   -3.545203e+01 -1.233807e+02 3.600000e+01
    endloop
  endfacet
  facet normal -9.922699e-01 1.240988e-01 0.000000e+00
    outer loop
      vertex   -3.545203e+01 -1.233807e+02 4.100000e+01
      vertex   -3.545203e+01 -1.233807e+02 3.600000e+01
      vertex   -3.548291e+01 -1.236276e+02 4.100000e+01
    endloop
  endfacet
  facet normal -9.922699e-01 1.240988e-01 0.000000e+00
    outer loop
      vertex   -3.548291e+01 -1.236276e+02 4.100000e+01
      vertex   -3.545203e+01 -1.233807e+02 3.600000e+01
      vertex   -3.548291e+01 -1.236276e+02 3.600000e+01
    endloop
  endfacet
  facet normal -9.980656e-01 6.216964e-02 0.000000e+00
    outer loop
      vertex   -3.548291e+01 -1.236276e+02 4.100000e+01
      vertex   -3.548291e+01 -1.236276e+02 3.600000e+01
      vertex   -3.549838e+01 -1.238759e+02 4.100000e+01
    endloop
  endfacet
  facet normal -9.980656e-01 6.216964e-02 0.000000e+00
    outer loop
      vertex   -3.549838e+01 -1.238759e+02 4.100000e+01
      vertex   -3.548291e+01 -1.236276e+02 3.600000e+01
      vertex   -3.549838e+01 -1.238759e+02 3.600000e+01
    endloop
  endfacet
  facet normal -1.000000e+00 -0.000000e+00 -0.000000e+00
    outer loop
      vertex   -3.549838e+01 -1.238759e+02 4.100000e+01
      vertex   -3.549838e+01 -1.238759e+02 3.600000e+01
      vertex   -3.549838e+01 -1.241247e+02 4.100000e+01
    endloop
  endfacet
  facet normal -1.000000e+00 0.000000e+00 0.000000e+00
    outer loop
      vertex   -3.549838e+01 -1.241247e+02 4.100000e+01
      vertex   -3.549838e+01 -1.238759e+02 3.600000e+01
      vertex   -3.549838e+01 -1.241247e+02 3.600000e+01
    endloop
  endfacet
  facet normal -9.980656e-01 -6.216964e-02 -0.000000e+00
    outer loop
      vertex   -3.549838e+01 -1.241247e+02 4.100000e+01
      vertex   -3.549838e+01 -1.241247e+02 3.600000e+01
      vertex   -3.548291e+01 -1.243730e+02 4.100000e+01
    endloop
  endfacet
  facet normal -9.980656e-01 -6.216964e-02 -0.000000e+00
    outer loop
      vertex   -3.548291e+01 -1.243730e+02 4.100000e+01
      vertex   -3.549838e+01 -1.241247e+02 3.600000e+01
      vertex   -3.548291e+01 -1.243730e+02 3.600000e+01
    endloop
  endfacet
  facet normal -9.922699e-01 -1.240988e-01 -0.000000e+00
    outer loop
      vertex   -3.548291e+01 -1.243730e+02 4.100000e+01
      vertex   -3.548291e+01 -1.243730e+02 3.600000e+01
      vertex   -3.545203e+01 -1.246199e+02 4.100000e+01
    endloop
  endfacet
  facet normal -9.922699e-01 -1.240988e-01 -0.000000e+00
    outer loop
      vertex   -3.545203e+01 -1.246199e+02 4.100000e+01
      vertex   -3.548291e+01 -1.243730e+02 3.600000e+01
      vertex   -3.545203e+01 -1.246199e+02 3.600000e+01
    endloop
  endfacet
  facet normal -9.826352e-01 -1.855478e-01 -0.000000e+00
    outer loop
      vertex   -3.545203e+01 -1.246199e+02 4.100000e+01
      vertex   -3.545203e+01 -1.246199e+02 3.600000e+01
      vertex   -3.540587e+01 -1.248644e+02 4.100000e+01
    endloop
  endfacet
  facet normal -9.826352e-01 -1.855478e-01 -0.000000e+00
    outer loop
      vertex   -3.540587e+01 -1.248644e+02 4.100000e+01
      vertex   -3.545203e+01 -1.246199e+02 3.600000e+01
      vertex   -3.540587e+01 -1.248644e+02 3.600000e+01
    endloop
  endfacet
  facet normal -9.691990e-01 -2.462789e-01 -0.000000e+00
    outer loop
      vertex   -3.540587e+01 -1.248644e+02 4.100000e+01
      vertex   -3.540587e+01 -1.248644e+02 3.600000e+01
      vertex   -3.534459e+01 -1.251055e+02 4.100000e+01
    endloop
  endfacet
  facet normal -9.691990e-01 -2.462789e-01 -0.000000e+00
    outer loop
      vertex   -3.534459e+01 -1.251055e+02 4.100000e+01
      vertex   -3.540587e+01 -1.248644e+02 3.600000e+01
      vertex   -3.534459e+01 -1.251055e+02 3.600000e+01
    endloop
  endfacet
  facet normal -9.520131e-01 -3.060573e-01 -0.000000e+00
    outer loop
      vertex   -3.534459e+01 -1.251055e+02 4.100000e+01
      vertex   -3.534459e+01 -1.251055e+02 3.600000e+01
      vertex   -3.526845e+01 -1.253424e+02 4.100000e+01
    endloop
  endfacet
  facet normal -9.520131e-01 -3.060573e-01 -0.000000e+00
    outer loop
      vertex   -3.526845e+01 -1.253424e+02 4.100000e+01
      vertex   -3.534459e+01 -1.251055e+02 3.600000e+01
      vertex   -3.526845e+01 -1.253424e+02 3.600000e+01
    endloop
  endfacet
  facet normal -9.311441e-01 -3.646515e-01 -0.000000e+00
    outer loop
      vertex   -3.526845e+01 -1.253424e+02 4.100000e+01
      vertex   -3.526845e+01 -1.253424e+02 3.600000e+01
      vertex   -3.517772e+01 -1.255740e+02 4.100000e+01
    endloop
  endfacet
  facet normal -9.311441e-01 -3.646515e-01 -0.000000e+00
    outer loop
      vertex   -3.517772e+01 -1.255740e+02 4.100000e+01
      vertex   -3.526845e+01 -1.253424e+02 3.600000e+01
      vertex   -3.517772e+01 -1.255740e+02 3.600000e+01
    endloop
  endfacet
  facet normal -9.066726e-01 -4.218350e-01 -0.000000e+00
    outer loop
      vertex   -3.517772e+01 -1.255740e+02 4.100000e+01
      vertex   -3.517772e+01 -1.255740e+02 3.600000e+01
      vertex   -3.507277e+01 -1.257996e+02 4.100000e+01
    endloop
  endfacet
  facet normal -9.066726e-01 -4.218350e-01 -0.000000e+00
    outer loop
      vertex   -3.507277e+01 -1.257996e+02 4.100000e+01
      vertex   -3.517772e+01 -1.255740e+02 3.600000e+01
      vertex   -3.507277e+01 -1.257996e+02 3.600000e+01
    endloop
  endfacet
  facet normal -8.786934e-01 -4.773865e-01 -0.000000e+00
    outer loop
      vertex   -3.507277e+01 -1.257996e+02 4.100000e+01
      vertex   -3.507277e+01 -1.257996e+02 3.600000e+01
      vertex   -3.495400e+01 -1.260182e+02 4.100000e+01
    endloop
  endfacet
  facet normal -8.786934e-01 -4.773865e-01 -0.000000e+00
    outer loop
      vertex   -3.495400e+01 -1.260182e+02 4.100000e+01
      vertex   -3.507277e+01 -1.257996e+02 3.600000e+01
      vertex   -3.495400e+01 -1.260182e+02 3.600000e+01
    endloop
  endfacet
  facet normal -8.473147e-01 -5.310911e-01 -0.000000e+00
    outer loop
      vertex   -3.495400e+01 -1.260182e+02 4.100000e+01
      vertex   -3.495400e+01 -1.260182e+02 3.600000e+01
      vertex   -3.482186e+01 -1.262290e+02 4.100000e+01
    endloop
  endfacet
  facet normal -8.473147e-01 -5.310911e-01 -0.000000e+00
    outer loop
      vertex   -3.482186e+01 -1.262290e+02 4.100000e+01
      vertex   -3.495400e+01 -1.260182e+02 3.600000e+01
      vertex   -3.482186e+01 -1.262290e+02 3.600000e+01
    endloop
  endfacet
  facet normal -8.126579e-01 -5.827410e-01 -0.000000e+00
    outer loop
      vertex   -3.482186e+01 -1.262290e+02 4.100000e+01
      vertex   -3.482186e+01 -1.262290e+02 3.600000e+01
      vertex   -3.467688e+01 -1.264312e+02 4.100000e+01
    endloop
  endfacet
  facet normal -8.126579e-01 -5.827410e-01 -0.000000e+00
    outer loop
      vertex   -3.467688e+01 -1.264312e+02 4.100000e+01
      vertex   -3.482186e+01 -1.262290e+02 3.600000e+01
      vertex   -3.467688e+01 -1.264312e+02 3.600000e+01
    endloop
  endfacet
  facet normal -7.748571e-01 -6.321364e-01 -0.000000e+00
    outer loop
      vertex   -3.467688e+01 -1.264312e+02 4.100000e+01
      vertex   -3.467688e+01 -1.264312e+02 3.600000e+01
      vertex   -3.451960e+01 -1.266240e+02 4.100000e+01
    endloop
  endfacet
  facet normal -7.748571e-01 -6.321364e-01 -0.000000e+00
    outer loop
      vertex   -3.451960e+01 -1.266240e+02 4.100000e+01
      vertex   -3.467688e+01 -1.264312e+02 3.600000e+01
      vertex   -3.451960e+01 -1.266240e+02 3.600000e+01
    endloop
  endfacet
  facet normal -7.340585e-01 -6.790862e-01 -0.000000e+00
    outer loop
      vertex   -3.451960e+01 -1.266240e+02 4.100000e+01
      vertex   -3.451960e+01 -1.266240e+02 3.600000e+01
      vertex   -3.435065e+01 -1.268066e+02 4.100000e+01
    endloop
  endfacet
  facet normal -7.340585e-01 -6.790862e-01 -0.000000e+00
    outer loop
      vertex   -3.435065e+01 -1.268066e+02 4.100000e+01
      vertex   -3.451960e+01 -1.266240e+02 3.600000e+01
      vertex   -3.435065e+01 -1.268066e+02 3.600000e+01
    endloop
  endfacet
  facet normal -6.904200e-01 -7.234087e-01 -0.000000e+00
    outer loop
      vertex   -3.435065e+01 -1.268066e+02 4.100000e+01
      vertex   -3.435065e+01 -1.268066e+02 3.600000e+01
      vertex   -3.417066e+01 -1.269784e+02 4.100000e+01
    endloop
  endfacet
  facet normal -6.904200e-01 -7.234087e-01 -0.000000e+00
    outer loop
      vertex   -3.417066e+01 -1.269784e+02 4.100000e+01
      vertex   -3.435065e+01 -1.268066e+02 3.600000e+01
      vertex   -3.417066e+01 -1.269784e+02 3.600000e+01
    endloop
  endfacet
  facet normal -6.441104e-01 -7.649325e-01 -0.000000e+00
    outer loop
      vertex   -3.417066e+01 -1.269784e+02 4.100000e+01
      vertex   -3.417066e+01 -1.269784e+02 3.600000e+01
      vertex   -3.398035e+01 -1.271387e+02 4.100000e+01
    endloop
  endfacet
  facet normal -6.441104e-01 -7.649325e-01 -0.000000e+00
    outer loop
      vertex   -3.398035e+01 -1.271387e+02 4.100000e+01
      vertex   -3.417066e+01 -1.269784e+02 3.600000e+01
      vertex   -3.398035e+01 -1.271387e+02 3.600000e+01
    endloop
  endfacet
  facet normal -5.953089e-01 -8.034970e-01 -0.000000e+00
    outer loop
      vertex   -3.398035e+01 -1.271387e+02 4.100000e+01
      vertex   -3.398035e+01 -1.271387e+02 3.600000e+01
      vertex   -3.378044e+01 -1.272868e+02 4.100000e+01
    endloop
  endfacet
  facet normal -5.953089e-01 -8.034970e-01 -0.000000e+00
    outer loop
      vertex   -3.378044e+01 -1.272868e+02 4.100000e+01
      vertex   -3.398035e+01 -1.271387e+02 3.600000e+01
      vertex   -3.378044e+01 -1.272868e+02 3.600000e+01
    endloop
  endfacet
  facet normal -5.442042e-01 -8.389528e-01 -0.000000e+00
    outer loop
      vertex   -3.378044e+01 -1.272868e+02 4.100000e+01
      vertex   -3.378044e+01 -1.272868e+02 3.600000e+01
      vertex   -3.357171e+01 -1.274222e+02 4.100000e+01
    endloop
  endfacet
  facet normal -5.442042e-01 -8.389528e-01 -0.000000e+00
    outer loop
      vertex   -3.357171e+01 -1.274222e+02 4.100000e+01
      vertex   -3.378044e+01 -1.272868e+02 3.600000e+01
      vertex   -3.357171e+01 -1.274222e+02 3.600000e+01
    endloop
  endfacet
  facet normal -4.909941e-01 -8.711629e-01 -0.000000e+00
    outer loop
      vertex   -3.357171e+01 -1.274222e+02 4.100000e+01
      vertex   -3.357171e+01 -1.274222e+02 3.600000e+01
      vertex   -3.335496e+01 -1.275443e+02 4.100000e+01
    endloop
  endfacet
  facet normal -4.909941e-01 -8.711629e-01 -0.000000e+00
    outer loop
      vertex   -3.335496e+01 -1.275443e+02 4.100000e+01
      vertex   -3.357171e+01 -1.274222e+02 3.600000e+01
      vertex   -3.335496e+01 -1.275443e+02 3.600000e+01
    endloop
  endfacet
  facet normal -4.358844e-01 -9.000027e-01 -0.000000e+00
    outer loop
      vertex   -3.335496e+01 -1.275443e+02 4.100000e+01
      vertex   -3.335496e+01 -1.275443e+02 3.600000e+01
      vertex   -3.313104e+01 -1.276528e+02 4.100000e+01
    endloop
  endfacet
  facet normal -4.358844e-01 -9.000027e-01 -0.000000e+00
    outer loop
      vertex   -3.313104e+01 -1.276528e+02 4.100000e+01
      vertex   -3.335496e+01 -1.275443e+02 3.600000e+01
      vertex   -3.313104e+01 -1.276528e+02 3.600000e+01
    endloop
  endfacet
  facet normal -3.790884e-01 -9.253605e-01 -0.000000e+00
    outer loop
      vertex   -3.313104e+01 -1.276528e+02 4.100000e+01
      vertex   -3.313104e+01 -1.276528e+02 3.600000e+01
      vertex   -3.290082e+01 -1.277471e+02 4.100000e+01
    endloop
  endfacet
  facet normal -3.790884e-01 -9.253605e-01 -0.000000e+00
    outer loop
      vertex   -3.290082e+01 -1.277471e+02 4.100000e+01
      vertex   -3.313104e+01 -1.276528e+02 3.600000e+01
      vertex   -3.290082e+01 -1.277471e+02 3.600000e+01
    endloop
  endfacet
  facet normal -3.208258e-01 -9.471382e-01 -0.000000e+00
    outer loop
      vertex   -3.290082e+01 -1.277471e+02 4.100000e+01
      vertex   -3.290082e+01 -1.277471e+02 3.600000e+01
      vertex   -3.266517e+01 -1.278269e+02 4.100000e+01
    endloop
  endfacet
  facet normal -3.208258e-01 -9.471382e-01 -0.000000e+00
    outer loop
      vertex   -3.266517e+01 -1.278269e+02 4.100000e+01
      vertex   -3.290082e+01 -1.277471e+02 3.600000e+01
      vertex   -3.266517e+01 -1.278269e+02 3.600000e+01
    endloop
  endfacet
  facet normal -2.613219e-01 -9.652517e-01 -0.000000e+00
    outer loop
      vertex   -3.266517e+01 -1.278269e+02 4.100000e+01
      vertex   -3.266517e+01 -1.278269e+02 3.600000e+01
      vertex   -3.242502e+01 -1.278919e+02 4.100000e+01
    endloop
  endfacet
  facet normal -2.613219e-01 -9.652517e-01 -0.000000e+00
    outer loop
      vertex   -3.242502e+01 -1.278919e+02 4.100000e+01
      vertex   -3.266517e+01 -1.278269e+02 3.600000e+01
      vertex   -3.242502e+01 -1.278919e+02 3.600000e+01
    endloop
  endfacet
  facet normal -2.008071e-01 -9.796308e-01 -0.000000e+00
    outer loop
      vertex   -3.242502e+01 -1.278919e+02 4.100000e+01
      vertex   -3.242502e+01 -1.278919e+02 3.600000e+01
      vertex   -3.218128e+01 -1.279419e+02 4.100000e+01
    endloop
  endfacet
  facet normal -2.008071e-01 -9.796308e-01 -0.000000e+00
    outer loop
      vertex   -3.218128e+01 -1.279419e+02 4.100000e+01
      vertex   -3.242502e+01 -1.278919e+02 3.600000e+01
      vertex   -3.218128e+01 -1.279419e+02 3.600000e+01
    endloop
  endfacet
  facet normal -1.395153e-01 -9.902199e-01 -0.000000e+00
    outer loop
      vertex   -3.218128e+01 -1.279419e+02 4.100000e+01
      vertex   -3.218128e+01 -1.279419e+02 3.600000e+01
      vertex   -3.193492e+01 -1.279766e+02 4.100000e+01
    endloop
  endfacet
  facet normal -1.395153e-01 -9.902199e-01 -0.000000e+00
    outer loop
      vertex   -3.193492e+01 -1.279766e+02 4.100000e+01
      vertex   -3.218128e+01 -1.279419e+02 3.600000e+01
      vertex   -3.193492e+01 -1.279766e+02 3.600000e+01
    endloop
  endfacet
  facet normal -7.768385e-02 -9.969780e-01 -0.000000e+00
    outer loop
      vertex   -3.193492e+01 -1.279766e+02 4.100000e+01
      vertex   -3.193492e+01 -1.279766e+02 3.600000e+01
      vertex   -3.168687e+01 -1.279959e+02 4.100000e+01
    endloop
  endfacet
  facet normal -7.768385e-02 -9.969780e-01 -0.000000e+00
    outer loop
      vertex   -3.168687e+01 -1.279959e+02 4.100000e+01
      vertex   -3.193492e+01 -1.279766e+02 3.600000e+01
      vertex   -3.168687e+01 -1.279959e+02 3.600000e+01
    endloop
  endfacet
  facet normal -1.555181e-02 -9.998791e-01 -0.000000e+00
    outer loop
      vertex   -3.168687e+01 -1.279959e+02 4.100000e+01
      vertex   -3.168687e+01 -1.279959e+02 3.600000e+01
      vertex   -3.143810e+01 -1.279998e+02 4.100000e+01
    endloop
  endfacet
  facet normal -1.555181e-02 -9.998791e-01 -0.000000e+00
    outer loop
      vertex   -3.143810e+01 -1.279998e+02 4.100000e+01
      vertex   -3.168687e+01 -1.279959e+02 3.600000e+01
      vertex   -3.143810e+01 -1.279998e+02 3.600000e+01
    endloop
  endfacet
  facet normal 4.664039e-02 -9.989117e-01 0.000000e+00
    outer loop
      vertex   -3.143810e+01 -1.279998e+02 4.100000e+01
      vertex   -3.143810e+01 -1.279998e+02 3.600000e+01
      vertex   -3.118957e+01 -1.279882e+02 4.100000e+01
    endloop
  endfacet
  facet normal 4.664039e-02 -9.989117e-01 0.000000e+00
    outer loop
      vertex   -3.118957e+01 -1.279882e+02 4.100000e+01
      vertex   -3.143810e+01 -1.279998e+02 3.600000e+01
      vertex   -3.118957e+01 -1.279882e+02 3.600000e+01
    endloop
  endfacet
  facet normal 1.086522e-01 -9.940798e-01 0.000000e+00
    outer loop
      vertex   -3.118957e+01 -1.279882e+02 4.100000e+01
      vertex   -3.118957e+01 -1.279882e+02 3.600000e+01
      vertex   -3.094225e+01 -1.279612e+02 4.100000e+01
    endloop
  endfacet
  facet normal 1.086522e-01 -9.940798e-01 0.000000e+00
    outer loop
      vertex   -3.094225e+01 -1.279612e+02 4.100000e+01
      vertex   -3.118957e+01 -1.279882e+02 3.600000e+01
      vertex   -3.094225e+01 -1.279612e+02 3.600000e+01
    endloop
  endfacet
  facet normal 1.702436e-01 -9.854020e-01 0.000000e+00
    outer loop
      vertex   -3.094225e+01 -1.279612e+02 4.100000e+01
      vertex   -3.094225e+01 -1.279612e+02 3.600000e+01
      vertex   -3.069708e+01 -1.279188e+02 4.100000e+01
    endloop
  endfacet
  facet normal 1.702436e-01 -9.854020e-01 0.000000e+00
    outer loop
      vertex   -3.069708e+01 -1.279188e+02 4.100000e+01
      vertex   -3.094225e+01 -1.279612e+02 3.600000e+01
      vertex   -3.069708e+01 -1.279188e+02 3.600000e+01
    endloop
  endfacet
  facet normal 2.311763e-01 -9.729119e-01 0.000000e+00
    outer loop
      vertex   -3.069708e+01 -1.279188e+02 4.100000e+01
      vertex   -3.069708e+01 -1.279188e+02 3.600000e+01
      vertex   -3.045502e+01 -1.278613e+02 4.100000e+01
    endloop
  endfacet
  facet normal 2.311763e-01 -9.729119e-01 0.000000e+00
    outer loop
      vertex   -3.045502e+01 -1.278613e+02 4.100000e+01
      vertex   -3.069708e+01 -1.279188e+02 3.600000e+01
      vertex   -3.045502e+01 -1.278613e+02 3.600000e+01
    endloop
  endfacet
  facet normal 2.912147e-01 -9.566577e-01 0.000000e+00
    outer loop
      vertex   -3.045502e+01 -1.278613e+02 4.100000e+01
      vertex   -3.045502e+01 -1.278613e+02 3.600000e+01
      vertex   -3.021701e+01 -1.277889e+02 4.100000e+01
    endloop
  endfacet
  facet normal 2.912147e-01 -9.566577e-01 0.000000e+00
    outer loop
      vertex   -3.021701e+01 -1.277889e+02 4.100000e+01
      vertex   -3.045502e+01 -1.278613e+02 3.600000e+01
      vertex   -3.021701e+01 -1.277889e+02 3.600000e+01
    endloop
  endfacet
  facet normal 3.501264e-01 -9.367024e-01 0.000000e+00
    outer loop
      vertex   -3.021701e+01 -1.277889e+02 4.100000e+01
      vertex   -3.021701e+01 -1.277889e+02 3.600000e+01
      vertex   -2.998396e+01 -1.277017e+02 4.100000e+01
    endloop
  endfacet
  facet normal 3.501264e-01 -9.367024e-01 0.000000e+00
    outer loop
      vertex   -2.998396e+01 -1.277017e+02 4.100000e+01
      vertex   -3.021701e+01 -1.277889e+02 3.600000e+01
      vertex   -2.998396e+01 -1.277017e+02 3.600000e+01
    endloop
  endfacet
  facet normal 4.076836e-01 -9.131233e-01 0.000000e+00
    outer loop
      vertex   -2.998396e+01 -1.277017e+02 4.100000e+01
      vertex   -2.998396e+01 -1.277017e+02 3.600000e+01
      vertex   -2.975677e+01 -1.276003e+02 4.100000e+01
    endloop
  endfacet
  facet normal 4.076836e-01 -9.131233e-01 0.000000e+00
    outer loop
      vertex   -2.975677e+01 -1.276003e+02 4.100000e+01
      vertex   -2.998396e+01 -1.277017e+02 3.600000e+01
      vertex   -2.975677e+01 -1.276003e+02 3.600000e+01
    endloop
  endfacet
  facet normal 4.636635e-01 -8.860114e-01 0.000000e+00
    outer loop
      vertex   -2.975677e+01 -1.276003e+02 4.100000e+01
      vertex   -2.975677e+01 -1.276003e+02 3.600000e+01
      vertex   -2.953633e+01 -1.274850e+02 4.100000e+01
    endloop
  endfacet
  facet normal 4.636635e-01 -8.860114e-01 0.000000e+00
    outer loop
      vertex   -2.953633e+01 -1.274850e+02 4.100000e+01
      vertex   -2.975677e+01 -1.276003e+02 3.600000e+01
      vertex   -2.953633e+01 -1.274850e+02 3.600000e+01
    endloop
  endfacet
  facet normal 5.178496e-01 -8.554717e-01 0.000000e+00
    outer loop
      vertex   -2.953633e+01 -1.274850e+02 4.100000e+01
      vertex   -2.953633e+01 -1.274850e+02 3.600000e+01
      vertex   -2.932349e+01 -1.273561e+02 4.100000e+01
    endloop
  endfacet
  facet normal 5.178496e-01 -8.554717e-01 0.000000e+00
    outer loop
      vertex   -2.932349e+01 -1.273561e+02 4.100000e+01
      vertex   -2.953633e+01 -1.274850e+02 3.600000e+01
      vertex   -2.932349e+01 -1.273561e+02 3.600000e+01
    endloop
  endfacet
  facet normal 5.700323e-01 -8.216223e-01 0.000000e+00
    outer loop
      vertex   -2.932349e+01 -1.273561e+02 4.100000e+01
      vertex   -2.932349e+01 -1.273561e+02 3.600000e+01
      vertex   -2.911907e+01 -1.272143e+02 4.100000e+01
    endloop
  endfacet
  facet normal 5.700323e-01 -8.216223e-01 0.000000e+00
    outer loop
      vertex   -2.911907e+01 -1.272143e+02 4.100000e+01
      vertex   -2.932349e+01 -1.273561e+02 3.600000e+01
      vertex   -2.911907e+01 -1.272143e+02 3.600000e+01
    endloop
  endfacet
  facet normal 6.200095e-01 -7.845943e-01 0.000000e+00
    outer loop
      vertex   -2.911907e+01 -1.272143e+02 4.100000e+01
      vertex   -2.911907e+01 -1.272143e+02 3.600000e+01
      vertex   -2.892387e+01 -1.270600e+02 4.100000e+01
    endloop
  endfacet
  facet normal 6.200095e-01 -7.845943e-01 0.000000e+00
    outer loop
      vertex   -2.892387e+01 -1.270600e+02 4.100000e+01
      vertex   -2.911907e+01 -1.272143e+02 3.600000e+01
      vertex   -2.892387e+01 -1.270600e+02 3.600000e+01
    endloop
  endfacet
  facet normal 6.675881e-01 -7.445308e-01 0.000000e+00
    outer loop
      vertex   -2.892387e+01 -1.270600e+02 4.100000e+01
      vertex   -2.892387e+01 -1.270600e+02 3.600000e+01
      vertex   -2.873863e+01 -1.268939e+02 4.100000e+01
    endloop
  endfacet
  facet normal 6.675881e-01 -7.445308e-01 0.000000e+00
    outer loop
      vertex   -2.873863e+01 -1.268939e+02 4.100000e+01
      vertex   -2.892387e+01 -1.270600e+02 3.600000e+01
      vertex   -2.873863e+01 -1.268939e+02 3.600000e+01
    endloop
  endfacet
  facet normal 7.125840e-01 -7.015868e-01 0.000000e+00
    outer loop
      vertex   -2.873863e+01 -1.268939e+02 4.100000e+01
      vertex   -2.873863e+01 -1.268939e+02 3.600000e+01
      vertex   -2.856408e+01 -1.267166e+02 4.100000e+01
    endloop
  endfacet
  facet normal 7.125840e-01 -7.015868e-01 0.000000e+00
    outer loop
      vertex   -2.856408e+01 -1.267166e+02 4.100000e+01
      vertex   -2.873863e+01 -1.268939e+02 3.600000e+01
      vertex   -2.856408e+01 -1.267166e+02 3.600000e+01
    endloop
  endfacet
  facet normal 7.548229e-01 -6.559286e-01 0.000000e+00
    outer loop
      vertex   -2.856408e+01 -1.267166e+02 4.100000e+01
      vertex   -2.856408e+01 -1.267166e+02 3.600000e+01
      vertex   -2.840088e+01 -1.265288e+02 4.100000e+01
    endloop
  endfacet
  facet normal 7.548229e-01 -6.559286e-01 0.000000e+00
    outer loop
      vertex   -2.840088e+01 -1.265288e+02 4.100000e+01
      vertex   -2.856408e+01 -1.267166e+02 3.600000e+01
      vertex   -2.840088e+01 -1.265288e+02 3.600000e+01
    endloop
  endfacet
  facet normal 7.941417e-01 -6.077327e-01 0.000000e+00
    outer loop
      vertex   -2.840088e+01 -1.265288e+02 4.100000e+01
      vertex   -2.840088e+01 -1.265288e+02 3.600000e+01
      vertex   -2.824968e+01 -1.263313e+02 4.100000e+01
    endloop
  endfacet
  facet normal 7.941417e-01 -6.077327e-01 0.000000e+00
    outer loop
      vertex   -2.824968e+01 -1.263313e+02 4.100000e+01
      vertex   -2.840088e+01 -1.265288e+02 3.600000e+01
      vertex   -2.824968e+01 -1.263313e+02 3.600000e+01
    endloop
  endfacet
  facet normal 8.303880e-01 -5.571856e-01 0.000000e+00
    outer loop
      vertex   -2.824968e+01 -1.263313e+02 4.100000e+01
      vertex   -2.824968e+01 -1.263313e+02 3.600000e+01
      vertex   -2.811105e+01 -1.261247e+02 4.100000e+01
    endloop
  endfacet
  facet normal 8.303880e-01 -5.571856e-01 0.000000e+00
    outer loop
      vertex   -2.811105e+01 -1.261247e+02 4.100000e+01
      vertex   -2.824968e+01 -1.263313e+02 3.600000e+01
      vertex   -2.811105e+01 -1.261247e+02 3.600000e+01
    endloop
  endfacet
  facet normal 8.634217e-01 -5.044829e-01 0.000000e+00
    outer loop
      vertex   -2.811105e+01 -1.261247e+02 4.100000e+01
      vertex   -2.811105e+01 -1.261247e+02 3.600000e+01
      vertex   -2.798554e+01 -1.259098e+02 4.100000e+01
    endloop
  endfacet
  facet normal 8.634217e-01 -5.044829e-01 0.000000e+00
    outer loop
      vertex   -2.798554e+01 -1.259098e+02 4.100000e+01
      vertex   -2.811105e+01 -1.261247e+02 3.600000e+01
      vertex   -2.798554e+01 -1.259098e+02 3.600000e+01
    endloop
  endfacet
  facet normal 8.931150e-01 -4.498284e-01 0.000000e+00
    outer loop
      vertex   -2.798554e+01 -1.259098e+02 4.100000e+01
      vertex   -2.798554e+01 -1.259098e+02 3.600000e+01
      vertex   -2.787362e+01 -1.256876e+02 4.100000e+01
    endloop
  endfacet
  facet normal 8.931150e-01 -4.498284e-01 0.000000e+00
    outer loop
      vertex   -2.787362e+01 -1.256876e+02 4.100000e+01
      vertex   -2.798554e+01 -1.259098e+02 3.600000e+01
      vertex   -2.787362e+01 -1.256876e+02 3.600000e+01
    endloop
  endfacet
  facet normal 9.193530e-01 -3.934336e-01 0.000000e+00
    outer loop
      vertex   -2.787362e+01 -1.256876e+02 4.100000e+01
      vertex   -2.787362e+01 -1.256876e+02 3.600000e+01
      vertex   -2.777573e+01 -1.254589e+02 4.100000e+01
    endloop
  endfacet
  facet normal 9.193530e-01 -3.934336e-01 0.000000e+00
    outer loop
      vertex   -2.777573e+01 -1.254589e+02 4.100000e+01
      vertex   -2.787362e+01 -1.256876e+02 3.600000e+01
      vertex   -2.777573e+01 -1.254589e+02 3.600000e+01
    endloop
  endfacet
  facet normal 9.420343e-01 -3.355167e-01 0.000000e+00
    outer loop
      vertex   -2.777573e+01 -1.254589e+02 4.100000e+01
      vertex   -2.777573e+01 -1.254589e+02 3.600000e+01
      vertex   -2.769226e+01 -1.252245e+02 4.100000e+01
    endloop
  endfacet
  facet normal 9.420343e-01 -3.355167e-01 0.000000e+00
    outer loop
      vertex   -2.769226e+01 -1.252245e+02 4.100000e+01
      vertex   -2.777573e+01 -1.254589e+02 3.600000e+01
      vertex   -2.769226e+01 -1.252245e+02 3.600000e+01
    endloop
  endfacet
  facet normal 9.610709e-01 -2.763017e-01 0.000000e+00
    outer loop
      vertex   -2.769226e+01 -1.252245e+02 4.100000e+01
      vertex   -2.769226e+01 -1.252245e+02 3.600000e+01
      vertex   -2.762351e+01 -1.249854e+02 4.100000e+01
    endloop
  endfacet
  facet normal 9.610709e-01 -2.763017e-01 0.000000e+00
    outer loop
      vertex   -2.762351e+01 -1.249854e+02 4.100000e+01
      vertex   -2.769226e+01 -1.252245e+02 3.600000e+01
      vertex   -2.762351e+01 -1.249854e+02 3.600000e+01
    endloop
  endfacet
  facet normal 9.763894e-01 -2.160178e-01 0.000000e+00
    outer loop
      vertex   -2.762351e+01 -1.249854e+02 4.100000e+01
      vertex   -2.762351e+01 -1.249854e+02 3.600000e+01
      vertex   -2.756977e+01 -1.247425e+02 4.100000e+01
    endloop
  endfacet
  facet normal 9.763894e-01 -2.160178e-01 0.000000e+00
    outer loop
      vertex   -2.756977e+01 -1.247425e+02 4.100000e+01
      vertex   -2.762351e+01 -1.249854e+02 3.600000e+01
      vertex   -2.756977e+01 -1.247425e+02 3.600000e+01
    endloop
  endfacet
  facet normal 9.879304e-01 -1.548982e-01 0.000000e+00
    outer loop
      vertex   -2.756977e+01 -1.247425e+02 4.100000e+01
      vertex   -2.756977e+01 -1.247425e+02 3.600000e+01
      vertex   -2.753123e+01 -1.244967e+02 4.100000e+01
    endloop
  endfacet
  facet normal 9.879304e-01 -1.548982e-01 0.000000e+00
    outer loop
      vertex   -2.753123e+01 -1.244967e+02 4.100000e+01
      vertex   -2.756977e+01 -1.247425e+02 3.600000e+01
      vertex   -2.753123e+01 -1.244967e+02 3.600000e+01
    endloop
  endfacet
  facet normal 9.956493e-01 -9.317927e-02 0.000000e+00
    outer loop
      vertex   -2.753123e+01 -1.244967e+02 4.100000e+01
      vertex   -2.753123e+01 -1.244967e+02 3.600000e+01
      vertex   -2.750805e+01 -1.242490e+02 4.100000e+01
    endloop
  endfacet
  facet normal 9.956493e-01 -9.317927e-02 0.000000e+00
    outer loop
      vertex   -2.750805e+01 -1.242490e+02 4.100000e+01
      vertex   -2.753123e+01 -1.244967e+02 3.600000e+01
      vertex   -2.750805e+01 -1.242490e+02 3.600000e+01
    endloop
  endfacet
  facet normal -0.000000e+00 0.000000e+00 1.000000e+00
    outer loop
      vertex   -2.975800e+01 -1.241642e+02 4.100000e+01
      vertex   -2.750805e+01 -1.242490e+02 4.100000e+01
      vertex   -2.975031e+01 -1.240003e+02 4.100000e+01
    endloop
  endfacet
  facet normal -0.000000e+00 0.000000e+00 1.000000e+00
    outer loop
      vertex   -2.975031e+01 -1.240003e+02 4.100000e+01
      vertex   -2.750805e+01 -1.242490e+02 4.100000e+01
      vertex   -2.750031e+01 -1.240003e+02 4.100000e+01
    endloop
  endfacet
  facet normal 0.000000e+00 0.000000e+00 1.000000e+00
    outer loop
      vertex   -2.975031e+01 -1.240003e+02 4.100000e+01
      vertex   -2.750031e+01 -1.240003e+02 4.100000e+01
      vertex   -2.750805e+01 -1.237516e+02 4.100000e+01
    endloop
  endfacet
  facet normal 0.000000e+00 0.000000e+00 1.000000e+00
    outer loop
      vertex   -2.750805e+01 -1.242490e+02 4.100000e+01
      vertex   -2.975800e+01 -1.241642e+02 4.100000e+01
      vertex   -2.753123e+01 -1.244967e+02 4.100000e+01
    endloop
  endfacet
  facet normal 0.000000e+00 0.000000e+00 1.000000e+00
    outer loop
      vertex   -2.753123e+01 -1.244967e+02 4.100000e+01
      vertex   -2.975800e+01 -1.241642e+02 4.100000e+01
      vertex   -2.978100e+01 -1.243266e+02 4.100000e+01
    endloop
  endfacet
  facet normal 0.000000e+00 0.000000e+00 1.000000e+00
    outer loop
      vertex   -2.753123e+01 -1.244967e+02 4.100000e+01
      vertex   -2.978100e+01 -1.243266e+02 4.100000e+01
      vertex   -2.756977e+01 -1.247425e+02 4.100000e+01
    endloop
  endfacet
  facet normal 0.000000e+00 0.000000e+00 1.000000e+00
    outer loop
      vertex   -2.756977e+01 -1.247425e+02 4.100000e+01
      vertex   -2.978100e+01 -1.243266e+02 4.100000e+01
      vertex   -2.762351e+01 -1.249854e+02 4.100000e+01
    endloop
  endfacet
  facet normal 0.000000e+00 0.000000e+00 1.000000e+00
    outer loop
      vertex   -2.762351e+01 -1.249854e+02 4.100000e+01
      vertex   -2.978100e+01 -1.243266e+02 4.100000e+01
      vertex   -2.981911e+01 -1.244862e+02 4.100000e+01
    endloop
  endfacet
  facet normal 0.000000e+00 0.000000e+00 1.000000e+00
    outer loop
      vertex   -2.762351e+01 -1.249854e+02 4.100000e+01
      vertex   -2.981911e+01 -1.244862e+02 4.100000e+01
      vertex   -2.769226e+01 -1.252245e+02 4.100000e+01
    endloop
  endfacet
  facet normal 0.000000e+00 0.000000e+00 1.000000e+00
    outer loop
      vertex   -2.769226e+01 -1.252245e+02 4.100000e+01
      vertex   -2.981911e+01 -1.244862e+02 4.100000e+01
      vertex   -2.987199e+01 -1.246415e+02 4.100000e+01
    endloop
  endfacet
  facet normal 0.000000e+00 0.000000e+00 1.000000e+00
    outer loop
      vertex   -2.769226e+01 -1.252245e+02 4.100000e+01
      vertex   -2.987199e+01 -1.246415e+02 4.100000e+01
      vertex   -2.777573e+01 -1.254589e+02 4.100000e+01
    endloop
  endfacet
  facet normal 0.000000e+00 0.000000e+00 1.000000e+00
    outer loop
      vertex   -2.777573e+01 -1.254589e+02 4.100000e+01
      vertex   -2.987199e+01 -1.246415e+02 4.100000e+01
      vertex   -2.787362e+01 -1.256876e+02 4.100000e+01
    endloop
  endfacet
  facet normal 0.000000e+00 0.000000e+00 1.000000e+00
    outer loop
      vertex   -2.787362e+01 -1.256876e+02 4.100000e+01
      vertex   -2.987199e+01 -1.246415e+02 4.100000e+01
      vertex   -2.993919e+01 -1.247911e+02 4.100000e+01
    endloop
  endfacet
  facet normal 0.000000e+00 0.000000e+00 1.000000e+00
    outer loop
      vertex   -2.787362e+01 -1.256876e+02 4.100000e+01
      vertex   -2.993919e+01 -1.247911e+02 4.100000e+01
      vertex   -2.798554e+01 -1.259098e+02 4.100000e+01
    endloop
  endfacet
  facet normal 0.000000e+00 0.000000e+00 1.000000e+00
    outer loop
      vertex   -2.798554e+01 -1.259098e+02 4.100000e+01
      vertex   -2.993919e+01 -1.247911e+02 4.100000e+01
      vertex   -3.002010e+01 -1.249338e+02 4.100000e+01
    endloop
  endfacet
  facet normal 0.000000e+00 0.000000e+00 1.000000e+00
    outer loop
      vertex   -2.798554e+01 -1.259098e+02 4.100000e+01
      vertex   -3.002010e+01 -1.249338e+02 4.100000e+01
      vertex   -2.811105e+01 -1.261247e+02 4.100000e+01
    endloop
  endfacet
  facet normal 0.000000e+00 0.000000e+00 1.000000e+00
    outer loop
      vertex   -2.811105e+01 -1.261247e+02 4.100000e+01
      vertex   -3.002010e+01 -1.249338e+02 4.100000e+01
      vertex   -2.824968e+01 -1.263313e+02 4.100000e+01
    endloop
  endfacet
  facet normal 0.000000e+00 0.000000e+00 1.000000e+00
    outer loop
      vertex   -2.824968e+01 -1.263313e+02 4.100000e+01
      vertex   -3.002010e+01 -1.249338e+02 4.100000e+01
      vertex   -3.011402e+01 -1.250683e+02 4.100000e+01
    endloop
  endfacet
  facet normal 0.000000e+00 0.000000e+00 1.000000e+00
    outer loop
      vertex   -2.824968e+01 -1.263313e+02 4.100000e+01
      vertex   -3.011402e+01 -1.250683e+02 4.100000e+01
      vertex   -2.840088e+01 -1.265288e+02 4.100000e+01
    endloop
  endfacet
  facet normal 0.000000e+00 0.000000e+00 1.000000e+00
    outer loop
      vertex   -2.840088e+01 -1.265288e+02 4.100000e+01
      vertex   -3.011402e+01 -1.250683e+02 4.100000e+01
      vertex   -3.022013e+01 -1.251935e+02 4.100000e+01
    endloop
  endfacet
  facet normal 0.000000e+00 0.000000e+00 1.000000e+00
    outer loop
      vertex   -2.840088e+01 -1.265288e+02 4.100000e+01
      vertex   -3.022013e+01 -1.251935e+02 4.100000e+01
      vertex   -2.856408e+01 -1.267166e+02 4.100000e+01
    endloop
  endfacet
  facet normal 0.000000e+00 0.000000e+00 1.000000e+00
    outer loop
      vertex   -2.856408e+01 -1.267166e+02 4.100000e+01
      vertex   -3.022013e+01 -1.251935e+02 4.100000e+01
      vertex   -2.873863e+01 -1.268939e+02 4.100000e+01
    endloop
  endfacet
  facet normal 0.000000e+00 0.000000e+00 1.000000e+00
    outer loop
      vertex   -2.873863e+01 -1.268939e+02 4.100000e+01
      vertex   -3.022013e+01 -1.251935e+02 4.100000e+01
      vertex   -3.033748e+01 -1.253081e+02 4.100000e+01
    endloop
  endfacet
  facet normal 0.000000e+00 0.000000e+00 1.000000e+00
    outer loop
      vertex   -2.873863e+01 -1.268939e+02 4.100000e+01
      vertex   -3.033748e+01 -1.253081e+02 4.100000e+01
      vertex   -2.892387e+01 -1.270600e+02 4.100000e+01
    endloop
  endfacet
  facet normal 0.000000e+00 0.000000e+00 1.000000e+00
    outer loop
      vertex   -2.892387e+01 -1.270600e+02 4.100000e+01
      vertex   -3.033748e+01 -1.253081e+02 4.100000e+01
      vertex   -3.046506e+01 -1.254112e+02 4.100000e+01
    endloop
  endfacet
  facet normal 0.000000e+00 0.000000e+00 1.000000e+00
    outer loop
      vertex   -2.892387e+01 -1.270600e+02 4.100000e+01
      vertex   -3.046506e+01 -1.254112e+02 4.100000e+01
      vertex   -2.911907e+01 -1.272143e+02 4.100000e+01
    endloop
  endfacet
  facet normal 0.000000e+00 0.000000e+00 1.000000e+00
    outer loop
      vertex   -2.911907e+01 -1.272143e+02 4.100000e+01
      vertex   -3.046506e+01 -1.254112e+02 4.100000e+01
      vertex   -2.932349e+01 -1.273561e+02 4.100000e+01
    endloop
  endfacet
  facet normal 0.000000e+00 0.000000e+00 1.000000e+00
    outer loop
      vertex   -2.932349e+01 -1.273561e+02 4.100000e+01
      vertex   -3.046506e+01 -1.254112e+02 4.100000e+01
      vertex   -3.060173e+01 -1.255020e+02 4.100000e+01
    endloop
  endfacet
  facet normal 0.000000e+00 0.000000e+00 1.000000e+00
    outer loop
      vertex   -2.932349e+01 -1.273561e+02 4.100000e+01
      vertex   -3.060173e+01 -1.255020e+02 4.100000e+01
      vertex   -2.953633e+01 -1.274850e+02 4.100000e+01
    endloop
  endfacet
  facet normal 0.000000e+00 0.000000e+00 1.000000e+00
    outer loop
      vertex   -2.953633e+01 -1.274850e+02 4.100000e+01
      vertex   -3.060173e+01 -1.255020e+02 4.100000e+01
      vertex   -3.074630e+01 -1.255795e+02 4.100000e+01
    endloop
  endfacet
  facet normal 0.000000e+00 0.000000e+00 1.000000e+00
    outer loop
      vertex   -2.953633e+01 -1.274850e+02 4.100000e+01
      vertex   -3.074630e+01 -1.255795e+02 4.100000e+01
      vertex   -2.975677e+01 -1.276003e+02 4.100000e+01
    endloop
  endfacet
  facet normal 0.000000e+00 0.000000e+00 1.000000e+00
    outer loop
      vertex   -2.975677e+01 -1.276003e+02 4.100000e+01
      vertex   -3.074630e+01 -1.255795e+02 4.100000e+01
      vertex   -2.998396e+01 -1.277017e+02 4.100000e+01
    endloop
  endfacet
  facet normal 0.000000e+00 0.000000e+00 1.000000e+00
    outer loop
      vertex   -2.998396e+01 -1.277017e+02 4.100000e+01
      vertex   -3.074630e+01 -1.255795e+02 4.100000e+01
      vertex   -3.089749e+01 -1.256432e+02 4.100000e+01
    endloop
  endfacet
  facet normal 0.000000e+00 0.000000e+00 1.000000e+00
    outer loop
      vertex   -2.998396e+01 -1.277017e+02 4.100000e+01
      vertex   -3.089749e+01 -1.256432e+02 4.100000e+01
      vertex   -3.021701e+01 -1.277889e+02 4.100000e+01
    endloop
  endfacet
  facet normal 0.000000e+00 0.000000e+00 1.000000e+00
    outer loop
      vertex   -3.021701e+01 -1.277889e+02 4.100000e+01
      vertex   -3.089749e+01 -1.256432e+02 4.100000e+01
      vertex   -3.105398e+01 -1.256924e+02 4.100000e+01
    endloop
  endfacet
  facet normal 0.000000e+00 0.000000e+00 1.000000e+00
    outer loop
      vertex   -3.021701e+01 -1.277889e+02 4.100000e+01
      vertex   -3.105398e+01 -1.256924e+02 4.100000e+01
      vertex   -3.045502e+01 -1.278613e+02 4.100000e+01
    endloop
  endfacet
  facet normal 0.000000e+00 0.000000e+00 1.000000e+00
    outer loop
      vertex   -3.045502e+01 -1.278613e+02 4.100000e+01
      vertex   -3.105398e+01 -1.256924e+02 4.100000e+01
      vertex   -3.069708e+01 -1.279188e+02 4.100000e+01
    endloop
  endfacet
  facet normal 0.000000e+00 0.000000e+00 1.000000e+00
    outer loop
      vertex   -3.069708e+01 -1.279188e+02 4.100000e+01
      vertex   -3.105398e+01 -1.256924e+02 4.100000e+01
      vertex   -3.121440e+01 -1.257268e+02 4.100000e+01
    endloop
  endfacet
  facet normal 0.000000e+00 0.000000e+00 1.000000e+00
    outer loop
      vertex   -3.069708e+01 -1.279188e+02 4.100000e+01
      vertex   -3.121440e+01 -1.257268e+02 4.100000e+01
      vertex   -3.094225e+01 -1.279612e+02 4.100000e+01
    endloop
  endfacet
  facet normal 0.000000e+00 0.000000e+00 1.000000e+00
    outer loop
      vertex   -3.094225e+01 -1.279612e+02 4.100000e+01
      vertex   -3.121440e+01 -1.257268e+02 4.100000e+01
      vertex   -3.137733e+01 -1.257460e+02 4.100000e+01
    endloop
  endfacet
  facet normal 0.000000e+00 0.000000e+00 1.000000e+00
    outer loop
      vertex   -3.094225e+01 -1.279612e+02 4.100000e+01
      vertex   -3.137733e+01 -1.257460e+02 4.100000e+01
      vertex   -3.118957e+01 -1.279882e+02 4.100000e+01
    endloop
  endfacet
  facet normal 0.000000e+00 0.000000e+00 1.000000e+00
    outer loop
      vertex   -3.118957e+01 -1.279882e+02 4.100000e+01
      vertex   -3.137733e+01 -1.257460e+02 4.100000e+01
      vertex   -3.143810e+01 -1.279998e+02 4.100000e+01
    endloop
  endfacet
  facet normal 0.000000e+00 -0.000000e+00 1.000000e+00
    outer loop
      vertex   -3.143810e+01 -1.279998e+02 4.100000e+01
      vertex   -3.137733e+01 -1.257460e+02 4.100000e+01
      vertex   -3.154133e+01 -1.257498e+02 4.100000e+01
    endloop
  endfacet
  facet normal 0.000000e+00 0.000000e+00 1.000000e+00
    outer loop
      vertex   -3.143810e+01 -1.279998e+02 4.100000e+01
      vertex   -3.154133e+01 -1.257498e+02 4.100000e+01
      vertex   -3.168687e+01 -1.279959e+02 4.100000e+01
    endloop
  endfacet
  facet normal 0.000000e+00 -0.000000e+00 1.000000e+00
    outer loop
      vertex   -3.168687e+01 -1.279959e+02 4.100000e+01
      vertex   -3.154133e+01 -1.257498e+02 4.100000e+01
      vertex   -3.193492e+01 -1.279766e+02 4.100000e+01
    endloop
  endfacet
  facet normal 0.000000e+00 -0.000000e+00 1.000000e+00
    outer loop
      vertex   -3.193492e+01 -1.279766e+02 4.100000e+01
      vertex   -3.154133e+01 -1.257498e+02 4.100000e+01
      vertex   -3.218128e+01 -1.279419e+02 4.100000e+01
    endloop
  endfacet
  facet normal 0.000000e+00 -0.000000e+00 1.000000e+00
    outer loop
      vertex   -3.218128e+01 -1.279419e+02 4.100000e+01
      vertex   -3.154133e+01 -1.257498e+02 4.100000e+01
      vertex   -3.242502e+01 -1.278919e+02 4.100000e+01
    endloop
  endfacet
  facet normal 0.000000e+00 -0.000000e+00 1.000000e+00
    outer loop
      vertex   -3.242502e+01 -1.278919e+02 4.100000e+01
      vertex   -3.154133e+01 -1.257498e+02 4.100000e+01
      vertex   -3.266517e+01 -1.278269e+02 4.100000e+01
    endloop
  endfacet
  facet normal 0.000000e+00 -0.000000e+00 1.000000e+00
    outer loop
      vertex   -3.266517e+01 -1.278269e+02 4.100000e+01
      vertex   -3.154133e+01 -1.257498e+02 4.100000e+01
      vertex   -3.290082e+01 -1.277471e+02 4.100000e+01
    endloop
  endfacet
  facet normal 0.000000e+00 -0.000000e+00 1.000000e+00
    outer loop
      vertex   -3.290082e+01 -1.277471e+02 4.100000e+01
      vertex   -3.154133e+01 -1.257498e+02 4.100000e+01
      vertex   -3.313104e+01 -1.276528e+02 4.100000e+01
    endloop
  endfacet
  facet normal 0.000000e+00 -0.000000e+00 1.000000e+00
    outer loop
      vertex   -3.313104e+01 -1.276528e+02 4.100000e+01
      vertex   -3.154133e+01 -1.257498e+02 4.100000e+01
      vertex   -3.335496e+01 -1.275443e+02 4.100000e+01
    endloop
  endfacet
  facet normal 0.000000e+00 -0.000000e+00 1.000000e+00
    outer loop
      vertex   -3.335496e+01 -1.275443e+02 4.100000e+01
      vertex   -3.154133e+01 -1.257498e+02 4.100000e+01
      vertex   -3.357171e+01 -1.274222e+02 4.100000e+01
    endloop
  endfacet
  facet normal 0.000000e+00 -0.000000e+00 1.000000e+00
    outer loop
      vertex   -3.357171e+01 -1.274222e+02 4.100000e+01
      vertex   -3.154133e+01 -1.257498e+02 4.100000e+01
      vertex   -3.378044e+01 -1.272868e+02 4.100000e+01
    endloop
  endfacet
  facet normal 0.000000e+00 -0.000000e+00 1.000000e+00
    outer loop
      vertex   -3.378044e+01 -1.272868e+02 4.100000e+01
      vertex   -3.154133e+01 -1.257498e+02 4.100000e+01
      vertex   -3.398035e+01 -1.271387e+02 4.100000e+01
    endloop
  endfacet
  facet normal 0.000000e+00 -0.000000e+00 1.000000e+00
    outer loop
      vertex   -3.398035e+01 -1.271387e+02 4.100000e+01
      vertex   -3.154133e+01 -1.257498e+02 4.100000e+01
      vertex   -3.417066e+01 -1.269784e+02 4.100000e+01
    endloop
  endfacet
  facet normal 0.000000e+00 -0.000000e+00 1.000000e+00
    outer loop
      vertex   -3.417066e+01 -1.269784e+02 4.100000e+01
      vertex   -3.154133e+01 -1.257498e+02 4.100000e+01
      vertex   -3.435065e+01 -1.268066e+02 4.100000e+01
    endloop
  endfacet
  facet normal 0.000000e+00 -0.000000e+00 1.000000e+00
    outer loop
      vertex   -3.435065e+01 -1.268066e+02 4.100000e+01
      vertex   -3.154133e+01 -1.257498e+02 4.100000e+01
      vertex   -3.451960e+01 -1.266240e+02 4.100000e+01
    endloop
  endfacet
  facet normal 0.000000e+00 -0.000000e+00 1.000000e+00
    outer loop
      vertex   -3.451960e+01 -1.266240e+02 4.100000e+01
      vertex   -3.154133e+01 -1.257498e+02 4.100000e+01
      vertex   -3.467688e+01 -1.264312e+02 4.100000e+01
    endloop
  endfacet
  facet normal 0.000000e+00 -0.000000e+00 1.000000e+00
    outer loop
      vertex   -3.467688e+01 -1.264312e+02 4.100000e+01
      vertex   -3.154133e+01 -1.257498e+02 4.100000e+01
      vertex   -3.482186e+01 -1.262290e+02 4.100000e+01
    endloop
  endfacet
  facet normal 0.000000e+00 -0.000000e+00 1.000000e+00
    outer loop
      vertex   -3.482186e+01 -1.262290e+02 4.100000e+01
      vertex   -3.154133e+01 -1.257498e+02 4.100000e+01
      vertex   -3.495400e+01 -1.260182e+02 4.100000e+01
    endloop
  endfacet
  facet normal 0.000000e+00 -0.000000e+00 1.000000e+00
    outer loop
      vertex   -3.495400e+01 -1.260182e+02 4.100000e+01
      vertex   -3.154133e+01 -1.257498e+02 4.100000e+01
      vertex   -3.507277e+01 -1.257996e+02 4.100000e+01
    endloop
  endfacet
  facet normal 0.000000e+00 0.000000e+00 1.000000e+00
    outer loop
      vertex   -3.507277e+01 -1.257996e+02 4.100000e+01
      vertex   -3.154133e+01 -1.257498e+02 4.100000e+01
      vertex   -3.170498e+01 -1.257383e+02 4.100000e+01
    endloop
  endfacet
  facet normal 0.000000e+00 0.000000e+00 1.000000e+00
    outer loop
      vertex   -3.507277e+01 -1.257996e+02 4.100000e+01
      vertex   -3.170498e+01 -1.257383e+02 4.100000e+01
      vertex   -3.186683e+01 -1.257115e+02 4.100000e+01
    endloop
  endfacet
  facet normal 0.000000e+00 0.000000e+00 1.000000e+00
    outer loop
      vertex   -3.186683e+01 -1.257115e+02 4.100000e+01
      vertex   -3.202546e+01 -1.256696e+02 4.100000e+01
      vertex   -3.507277e+01 -1.257996e+02 4.100000e+01
    endloop
  endfacet
  facet normal 0.000000e+00 0.000000e+00 1.000000e+00
    outer loop
      vertex   -3.507277e+01 -1.257996e+02 4.100000e+01
      vertex   -3.202546e+01 -1.256696e+02 4.100000e+01
      vertex   -3.217947e+01 -1.256131e+02 4.100000e+01
    endloop
  endfacet
  facet normal 0.000000e+00 0.000000e+00 1.000000e+00
    outer loop
      vertex   -3.507277e+01 -1.257996e+02 4.100000e+01
      vertex   -3.217947e+01 -1.256131e+02 4.100000e+01
      vertex   -3.232752e+01 -1.255425e+02 4.100000e+01
    endloop
  endfacet
  facet normal 0.000000e+00 0.000000e+00 1.000000e+00
    outer loop
      vertex   -3.232752e+01 -1.255425e+02 4.100000e+01
      vertex   -3.246829e+01 -1.254582e+02 4.100000e+01
      vertex   -3.507277e+01 -1.257996e+02 4.100000e+01
    endloop
  endfacet
  facet normal 0.000000e+00 0.000000e+00 1.000000e+00
    outer loop
      vertex   -3.507277e+01 -1.257996e+02 4.100000e+01
      vertex   -3.246829e+01 -1.254582e+02 4.100000e+01
      vertex   -3.260056e+01 -1.253612e+02 4.100000e+01
    endloop
  endfacet
  facet normal 0.000000e+00 0.000000e+00 1.000000e+00
    outer loop
      vertex   -3.507277e+01 -1.257996e+02 4.100000e+01
      vertex   -3.260056e+01 -1.253612e+02 4.100000e+01
      vertex   -3.272316e+01 -1.252522e+02 4.100000e+01
    endloop
  endfacet
  facet normal 0.000000e+00 0.000000e+00 1.000000e+00
    outer loop
      vertex   -3.272316e+01 -1.252522e+02 4.100000e+01
      vertex   -3.283501e+01 -1.251321e+02 4.100000e+01
      vertex   -3.507277e+01 -1.257996e+02 4.100000e+01
    endloop
  endfacet
  facet normal 0.000000e+00 0.000000e+00 1.000000e+00
    outer loop
      vertex   -3.507277e+01 -1.257996e+02 4.100000e+01
      vertex   -3.283501e+01 -1.251321e+02 4.100000e+01
      vertex   -3.293513e+01 -1.250022e+02 4.100000e+01
    endloop
  endfacet
  facet normal 0.000000e+00 0.000000e+00 1.000000e+00
    outer loop
      vertex   -3.507277e+01 -1.257996e+02 4.100000e+01
      vertex   -3.293513e+01 -1.250022e+02 4.100000e+01
      vertex   -3.302265e+01 -1.248634e+02 4.100000e+01
    endloop
  endfacet
  facet normal 0.000000e+00 0.000000e+00 1.000000e+00
    outer loop
      vertex   -3.302265e+01 -1.248634e+02 4.100000e+01
      vertex   -3.309678e+01 -1.247171e+02 4.100000e+01
      vertex   -3.507277e+01 -1.257996e+02 4.100000e+01
    endloop
  endfacet
  facet normal 0.000000e+00 -0.000000e+00 1.000000e+00
    outer loop
      vertex   -3.507277e+01 -1.257996e+02 4.100000e+01
      vertex   -3.309678e+01 -1.247171e+02 4.100000e+01
      vertex   -3.517772e+01 -1.255740e+02 4.100000e+01
    endloop
  endfacet
  facet normal 0.000000e+00 0.000000e+00 1.000000e+00
    outer loop
      vertex   -3.517772e+01 -1.255740e+02 4.100000e+01
      vertex   -3.309678e+01 -1.247171e+02 4.100000e+01
      vertex   -3.315689e+01 -1.245644e+02 4.100000e+01
    endloop
  endfacet
  facet normal 0.000000e+00 -0.000000e+00 1.000000e+00
    outer loop
      vertex   -3.517772e+01 -1.255740e+02 4.100000e+01
      vertex   -3.315689e+01 -1.245644e+02 4.100000e+01
      vertex   -3.526845e+01 -1.253424e+02 4.100000e+01
    endloop
  endfacet
  facet normal 0.000000e+00 -0.000000e+00 1.000000e+00
    outer loop
      vertex   -3.526845e+01 -1.253424e+02 4.100000e+01
      vertex   -3.315689e+01 -1.245644e+02 4.100000e+01
      vertex   -3.534459e+01 -1.251055e+02 4.100000e+01
    endloop
  endfacet
  facet normal 0.000000e+00 0.000000e+00 1.000000e+00
    outer loop
      vertex   -3.534459e+01 -1.251055e+02 4.100000e+01
      vertex   -3.315689e+01 -1.245644e+02 4.100000e+01
      vertex   -3.320244e+01 -1.244068e+02 4.100000e+01
    endloop
  endfacet
  facet normal 0.000000e+00 -0.000000e+00 1.000000e+00
    outer loop
      vertex   -3.534459e+01 -1.251055e+02 4.100000e+01
      vertex   -3.320244e+01 -1.244068e+02 4.100000e+01
      vertex   -3.540587e+01 -1.248644e+02 4.100000e+01
    endloop
  endfacet
  facet normal 0.000000e+00 0.000000e+00 1.000000e+00
    outer loop
      vertex   -3.540587e+01 -1.248644e+02 4.100000e+01
      vertex   -3.320244e+01 -1.244068e+02 4.100000e+01
      vertex   -3.323303e+01 -1.242457e+02 4.100000e+01
    endloop
  endfacet
  facet normal 0.000000e+00 -0.000000e+00 1.000000e+00
    outer loop
      vertex   -3.540587e+01 -1.248644e+02 4.100000e+01
      vertex   -3.323303e+01 -1.242457e+02 4.100000e+01
      vertex   -3.545203e+01 -1.246199e+02 4.100000e+01
    endloop
  endfacet
  facet normal 0.000000e+00 -0.000000e+00 1.000000e+00
    outer loop
      vertex   -3.545203e+01 -1.246199e+02 4.100000e+01
      vertex   -3.323303e+01 -1.242457e+02 4.100000e+01
      vertex   -3.548291e+01 -1.243730e+02 4.100000e+01
    endloop
  endfacet
  facet normal 0.000000e+00 0.000000e+00 1.000000e+00
    outer loop
      vertex   -3.548291e+01 -1.243730e+02 4.100000e+01
      vertex   -3.323303e+01 -1.242457e+02 4.100000e+01
      vertex   -3.324839e+01 -1.240823e+02 4.100000e+01
    endloop
  endfacet
  facet normal 0.000000e+00 -0.000000e+00 1.000000e+00
    outer loop
      vertex   -3.548291e+01 -1.243730e+02 4.100000e+01
      vertex   -3.324839e+01 -1.240823e+02 4.100000e+01
      vertex   -3.549838e+01 -1.241247e+02 4.100000e+01
    endloop
  endfacet
  facet normal 0.000000e+00 0.000000e+00 1.000000e+00
    outer loop
      vertex   -3.549838e+01 -1.241247e+02 4.100000e+01
      vertex   -3.324839e+01 -1.240823e+02 4.100000e+01
      vertex   -3.549838e+01 -1.238759e+02 4.100000e+01
    endloop
  endfacet
  facet normal 0.000000e+00 0.000000e+00 1.000000e+00
    outer loop
      vertex   -3.549838e+01 -1.238759e+02 4.100000e+01
      vertex   -3.324839e+01 -1.240823e+02 4.100000e+01
      vertex   -3.324839e+01 -1.239183e+02 4.100000e+01
    endloop
  endfacet
  facet normal -0.000000e+00 0.000000e+00 1.000000e+00
    outer loop
      vertex   -3.549838e+01 -1.238759e+02 4.100000e+01
      vertex   -3.324839e+01 -1.239183e+02 4.100000e+01
      vertex   -3.548291e+01 -1.236276e+02 4.100000e+01
    endloop
  endfacet
  facet normal 0.000000e+00 0.000000e+00 1.000000e+00
    outer loop
      vertex   -3.548291e+01 -1.236276e+02 4.100000e+01
      vertex   -3.324839e+01 -1.239183e+02 4.100000e+01
      vertex   -3.323303e+01 -1.237549e+02 4.100000e+01
    endloop
  endfacet
  facet normal -0.000000e+00 0.000000e+00 1.000000e+00
    outer loop
      vertex   -3.548291e+01 -1.236276e+02 4.100000e+01
      vertex   -3.323303e+01 -1.237549e+02 4.100000e+01
      vertex   -3.545203e+01 -1.233807e+02 4.100000e+01
    endloop
  endfacet
  facet normal -0.000000e+00 0.000000e+00 1.000000e+00
    outer loop
      vertex   -3.545203e+01 -1.233807e+02 4.100000e+01
      vertex   -3.323303e+01 -1.237549e+02 4.100000e+01
      vertex   -3.540587e+01 -1.231362e+02 4.100000e+01
    endloop
  endfacet
  facet normal 0.000000e+00 0.000000e+00 1.000000e+00
    outer loop
      vertex   -3.540587e+01 -1.231362e+02 4.100000e+01
      vertex   -3.323303e+01 -1.237549e+02 4.100000e+01
      vertex   -3.320244e+01 -1.235938e+02 4.100000e+01
    endloop
  endfacet
  facet normal -0.000000e+00 0.000000e+00 1.000000e+00
    outer loop
      vertex   -3.540587e+01 -1.231362e+02 4.100000e+01
      vertex   -3.320244e+01 -1.235938e+02 4.100000e+01
      vertex   -3.534459e+01 -1.228951e+02 4.100000e+01
    endloop
  endfacet
  facet normal 0.000000e+00 0.000000e+00 1.000000e+00
    outer loop
      vertex   -3.534459e+01 -1.228951e+02 4.100000e+01
      vertex   -3.320244e+01 -1.235938e+02 4.100000e+01
      vertex   -3.315689e+01 -1.234362e+02 4.100000e+01
    endloop
  endfacet
  facet normal -0.000000e+00 0.000000e+00 1.000000e+00
    outer loop
      vertex   -3.534459e+01 -1.228951e+02 4.100000e+01
      vertex   -3.315689e+01 -1.234362e+02 4.100000e+01
      vertex   -3.526845e+01 -1.226582e+02 4.100000e+01
    endloop
  endfacet
  facet normal -0.000000e+00 0.000000e+00 1.000000e+00
    outer loop
      vertex   -3.526845e+01 -1.226582e+02 4.100000e+01
      vertex   -3.315689e+01 -1.234362e+02 4.100000e+01
      vertex   -3.517772e+01 -1.224266e+02 4.100000e+01
    endloop
  endfacet
  facet normal 0.000000e+00 0.000000e+00 1.000000e+00
    outer loop
      vertex   -3.517772e+01 -1.224266e+02 4.100000e+01
      vertex   -3.315689e+01 -1.234362e+02 4.100000e+01
      vertex   -3.309678e+01 -1.232835e+02 4.100000e+01
    endloop
  endfacet
  facet normal -0.000000e+00 0.000000e+00 1.000000e+00
    outer loop
      vertex   -3.517772e+01 -1.224266e+02 4.100000e+01
      vertex   -3.309678e+01 -1.232835e+02 4.100000e+01
      vertex   -3.507277e+01 -1.222010e+02 4.100000e+01
    endloop
  endfacet
  facet normal 0.000000e+00 0.000000e+00 1.000000e+00
    outer loop
      vertex   -3.507277e+01 -1.222010e+02 4.100000e+01
      vertex   -3.309678e+01 -1.232835e+02 4.100000e+01
      vertex   -3.302265e+01 -1.231372e+02 4.100000e+01
    endloop
  endfacet
  facet normal 0.000000e+00 0.000000e+00 1.000000e+00
    outer loop
      vertex   -3.507277e+01 -1.222010e+02 4.100000e+01
      vertex   -3.302265e+01 -1.231372e+02 4.100000e+01
      vertex   -3.293513e+01 -1.229984e+02 4.100000e+01
    endloop
  endfacet
  facet normal 0.000000e+00 -0.000000e+00 1.000000e+00
    outer loop
      vertex   -3.293513e+01 -1.229984e+02 4.100000e+01
      vertex   -3.283501e+01 -1.228685e+02 4.100000e+01
      vertex   -3.507277e+01 -1.222010e+02 4.100000e+01
    endloop
  endfacet
  facet normal 0.000000e+00 0.000000e+00 1.000000e+00
    outer loop
      vertex   -3.507277e+01 -1.222010e+02 4.100000e+01
      vertex   -3.283501e+01 -1.228685e+02 4.100000e+01
      vertex   -3.272316e+01 -1.227484e+02 4.100000e+01
    endloop
  endfacet
  facet normal 0.000000e+00 0.000000e+00 1.000000e+00
    outer loop
      vertex   -3.507277e+01 -1.222010e+02 4.100000e+01
      vertex   -3.272316e+01 -1.227484e+02 4.100000e+01
      vertex   -3.260056e+01 -1.226394e+02 4.100000e+01
    endloop
  endfacet
  facet normal 0.000000e+00 -0.000000e+00 1.000000e+00
    outer loop
      vertex   -3.260056e+01 -1.226394e+02 4.100000e+01
      vertex   -3.246829e+01 -1.225424e+02 4.100000e+01
      vertex   -3.507277e+01 -1.222010e+02 4.100000e+01
    endloop
  endfacet
  facet normal 0.000000e+00 0.000000e+00 1.000000e+00
    outer loop
      vertex   -3.507277e+01 -1.222010e+02 4.100000e+01
      vertex   -3.246829e+01 -1.225424e+02 4.100000e+01
      vertex   -3.232752e+01 -1.224581e+02 4.100000e+01
    endloop
  endfacet
  facet normal 0.000000e+00 0.000000e+00 1.000000e+00
    outer loop
      vertex   -3.507277e+01 -1.222010e+02 4.100000e+01
      vertex   -3.232752e+01 -1.224581e+02 4.100000e+01
      vertex   -3.217947e+01 -1.223875e+02 4.100000e+01
    endloop
  endfacet
  facet normal 0.000000e+00 -0.000000e+00 1.000000e+00
    outer loop
      vertex   -3.217947e+01 -1.223875e+02 4.100000e+01
      vertex   -3.202546e+01 -1.223310e+02 4.100000e+01
      vertex   -3.507277e+01 -1.222010e+02 4.100000e+01
    endloop
  endfacet
  facet normal 0.000000e+00 0.000000e+00 1.000000e+00
    outer loop
      vertex   -3.507277e+01 -1.222010e+02 4.100000e+01
      vertex   -3.202546e+01 -1.223310e+02 4.100000e+01
      vertex   -3.186683e+01 -1.222891e+02 4.100000e+01
    endloop
  endfacet
  facet normal 0.000000e+00 0.000000e+00 1.000000e+00
    outer loop
      vertex   -3.507277e+01 -1.222010e+02 4.100000e+01
      vertex   -3.186683e+01 -1.222891e+02 4.100000e+01
      vertex   -3.170498e+01 -1.222623e+02 4.100000e+01
    endloop
  endfacet
  facet normal 0.000000e+00 -0.000000e+00 1.000000e+00
    outer loop
      vertex   -3.170498e+01 -1.222623e+02 4.100000e+01
      vertex   -3.154133e+01 -1.222508e+02 4.100000e+01
      vertex   -3.507277e+01 -1.222010e+02 4.100000e+01
    endloop
  endfacet
  facet normal -0.000000e+00 0.000000e+00 1.000000e+00
    outer loop
      vertex   -3.507277e+01 -1.222010e+02 4.100000e+01
      vertex   -3.154133e+01 -1.222508e+02 4.100000e+01
      vertex   -3.495400e+01 -1.219824e+02 4.100000e+01
    endloop
  endfacet
  facet normal -0.000000e+00 0.000000e+00 1.000000e+00
    outer loop
      vertex   -3.495400e+01 -1.219824e+02 4.100000e+01
      vertex   -3.154133e+01 -1.222508e+02 4.100000e+01
      vertex   -3.482186e+01 -1.217716e+02 4.100000e+01
    endloop
  endfacet
  facet normal -0.000000e+00 0.000000e+00 1.000000e+00
    outer loop
      vertex   -3.482186e+01 -1.217716e+02 4.100000e+01
      vertex   -3.154133e+01 -1.222508e+02 4.100000e+01
      vertex   -3.467688e+01 -1.215694e+02 4.100000e+01
    endloop
  endfacet
  facet normal -0.000000e+00 0.000000e+00 1.000000e+00
    outer loop
      vertex   -3.467688e+01 -1.215694e+02 4.100000e+01
      vertex   -3.154133e+01 -1.222508e+02 4.100000e+01
      vertex   -3.451960e+01 -1.213766e+02 4.100000e+01
    endloop
  endfacet
  facet normal -0.000000e+00 0.000000e+00 1.000000e+00
    outer loop
      vertex   -3.451960e+01 -1.213766e+02 4.100000e+01
      vertex   -3.154133e+01 -1.222508e+02 4.100000e+01
      vertex   -3.435065e+01 -1.211940e+02 4.100000e+01
    endloop
  endfacet
  facet normal 0.000000e+00 0.000000e+00 1.000000e+00
    outer loop
      vertex   -3.435065e+01 -1.211940e+02 4.100000e+01
      vertex   -3.154133e+01 -1.222508e+02 4.100000e+01
      vertex   -2.856408e+01 -1.212840e+02 4.100000e+01
    endloop
  endfacet
  facet normal -0.000000e+00 0.000000e+00 1.000000e+00
    outer loop
      vertex   -3.435065e+01 -1.211940e+02 4.100000e+01
      vertex   -2.856408e+01 -1.212840e+02 4.100000e+01
      vertex   -2.873863e+01 -1.211067e+02 4.100000e+01
    endloop
  endfacet
  facet normal -0.000000e+00 0.000000e+00 1.000000e+00
    outer loop
      vertex   -3.154133e+01 -1.222508e+02 4.100000e+01
      vertex   -3.137733e+01 -1.222546e+02 4.100000e+01
      vertex   -2.856408e+01 -1.212840e+02 4.100000e+01
    endloop
  endfacet
  facet normal 0.000000e+00 0.000000e+00 1.000000e+00
    outer loop
      vertex   -2.856408e+01 -1.212840e+02 4.100000e+01
      vertex   -3.137733e+01 -1.222546e+02 4.100000e+01
      vertex   -3.121440e+01 -1.222738e+02 4.100000e+01
    endloop
  endfacet
  facet normal 0.000000e+00 0.000000e+00 1.000000e+00
    outer loop
      vertex   -2.856408e+01 -1.212840e+02 4.100000e+01
      vertex   -3.121440e+01 -1.222738e+02 4.100000e+01
      vertex   -3.105398e+01 -1.223082e+02 4.100000e+01
    endloop
  endfacet
  facet normal -0.000000e+00 0.000000e+00 1.000000e+00
    outer loop
      vertex   -3.105398e+01 -1.223082e+02 4.100000e+01
      vertex   -3.089749e+01 -1.223574e+02 4.100000e+01
      vertex   -2.856408e+01 -1.212840e+02 4.100000e+01
    endloop
  endfacet
  facet normal 0.000000e+00 0.000000e+00 1.000000e+00
    outer loop
      vertex   -2.856408e+01 -1.212840e+02 4.100000e+01
      vertex   -3.089749e+01 -1.223574e+02 4.100000e+01
      vertex   -3.074630e+01 -1.224211e+02 4.100000e+01
    endloop
  endfacet
  facet normal 0.000000e+00 0.000000e+00 1.000000e+00
    outer loop
      vertex   -2.856408e+01 -1.212840e+02 4.100000e+01
      vertex   -3.074630e+01 -1.224211e+02 4.100000e+01
      vertex   -3.060173e+01 -1.224986e+02 4.100000e+01
    endloop
  endfacet
  facet normal -0.000000e+00 0.000000e+00 1.000000e+00
    outer loop
      vertex   -3.060173e+01 -1.224986e+02 4.100000e+01
      vertex   -3.046506e+01 -1.225894e+02 4.100000e+01
      vertex   -2.856408e+01 -1.212840e+02 4.100000e+01
    endloop
  endfacet
  facet normal 0.000000e+00 0.000000e+00 1.000000e+00
    outer loop
      vertex   -2.856408e+01 -1.212840e+02 4.100000e+01
      vertex   -3.046506e+01 -1.225894e+02 4.100000e+01
      vertex   -3.033748e+01 -1.226925e+02 4.100000e+01
    endloop
  endfacet
  facet normal 0.000000e+00 0.000000e+00 1.000000e+00
    outer loop
      vertex   -2.856408e+01 -1.212840e+02 4.100000e+01
      vertex   -3.033748e+01 -1.226925e+02 4.100000e+01
      vertex   -3.022013e+01 -1.228071e+02 4.100000e+01
    endloop
  endfacet
  facet normal 0.000000e+00 0.000000e+00 1.000000e+00
    outer loop
      vertex   -2.856408e+01 -1.212840e+02 4.100000e+01
      vertex   -3.022013e+01 -1.228071e+02 4.100000e+01
      vertex   -2.840088e+01 -1.214718e+02 4.100000e+01
    endloop
  endfacet
  facet normal 0.000000e+00 0.000000e+00 1.000000e+00
    outer loop
      vertex   -2.840088e+01 -1.214718e+02 4.100000e+01
      vertex   -3.022013e+01 -1.228071e+02 4.100000e+01
      vertex   -3.011402e+01 -1.229323e+02 4.100000e+01
    endloop
  endfacet
  facet normal 0.000000e+00 0.000000e+00 1.000000e+00
    outer loop
      vertex   -2.840088e+01 -1.214718e+02 4.100000e+01
      vertex   -3.011402e+01 -1.229323e+02 4.100000e+01
      vertex   -2.824968e+01 -1.216693e+02 4.100000e+01
    endloop
  endfacet
  facet normal 0.000000e+00 0.000000e+00 1.000000e+00
    outer loop
      vertex   -2.824968e+01 -1.216693e+02 4.100000e+01
      vertex   -3.011402e+01 -1.229323e+02 4.100000e+01
      vertex   -3.002010e+01 -1.230668e+02 4.100000e+01
    endloop
  endfacet
  facet normal 0.000000e+00 0.000000e+00 1.000000e+00
    outer loop
      vertex   -2.824968e+01 -1.216693e+02 4.100000e+01
      vertex   -3.002010e+01 -1.230668e+02 4.100000e+01
      vertex   -2.811105e+01 -1.218759e+02 4.100000e+01
    endloop
  endfacet
  facet normal 0.000000e+00 0.000000e+00 1.000000e+00
    outer loop
      vertex   -2.811105e+01 -1.218759e+02 4.100000e+01
      vertex   -3.002010e+01 -1.230668e+02 4.100000e+01
      vertex   -2.798554e+01 -1.220908e+02 4.100000e+01
    endloop
  endfacet
  facet normal 0.000000e+00 0.000000e+00 1.000000e+00
    outer loop
      vertex   -2.798554e+01 -1.220908e+02 4.100000e+01
      vertex   -3.002010e+01 -1.230668e+02 4.100000e+01
      vertex   -2.993919e+01 -1.232095e+02 4.100000e+01
    endloop
  endfacet
  facet normal 0.000000e+00 0.000000e+00 1.000000e+00
    outer loop
      vertex   -2.798554e+01 -1.220908e+02 4.100000e+01
      vertex   -2.993919e+01 -1.232095e+02 4.100000e+01
      vertex   -2.787362e+01 -1.223130e+02 4.100000e+01
    endloop
  endfacet
  facet normal 0.000000e+00 0.000000e+00 1.000000e+00
    outer loop
      vertex   -2.787362e+01 -1.223130e+02 4.100000e+01
      vertex   -2.993919e+01 -1.232095e+02 4.100000e+01
      vertex   -2.987199e+01 -1.233591e+02 4.100000e+01
    endloop
  endfacet
  facet normal 0.000000e+00 0.000000e+00 1.000000e+00
    outer loop
      vertex   -2.787362e+01 -1.223130e+02 4.100000e+01
      vertex   -2.987199e+01 -1.233591e+02 4.100000e+01
      vertex   -2.777573e+01 -1.225417e+02 4.100000e+01
    endloop
  endfacet
  facet normal 0.000000e+00 0.000000e+00 1.000000e+00
    outer loop
      vertex   -2.777573e+01 -1.225417e+02 4.100000e+01
      vertex   -2.987199e+01 -1.233591e+02 4.100000e+01
      vertex   -2.769226e+01 -1.227761e+02 4.100000e+01
    endloop
  endfacet
  facet normal 0.000000e+00 0.000000e+00 1.000000e+00
    outer loop
      vertex   -2.769226e+01 -1.227761e+02 4.100000e+01
      vertex   -2.987199e+01 -1.233591e+02 4.100000e+01
      vertex   -2.981911e+01 -1.235144e+02 4.100000e+01
    endloop
  endfacet
  facet normal 0.000000e+00 0.000000e+00 1.000000e+00
    outer loop
      vertex   -2.769226e+01 -1.227761e+02 4.100000e+01
      vertex   -2.981911e+01 -1.235144e+02 4.100000e+01
      vertex   -2.762351e+01 -1.230152e+02 4.100000e+01
    endloop
  endfacet
  facet normal 0.000000e+00 0.000000e+00 1.000000e+00
    outer loop
      vertex   -2.762351e+01 -1.230152e+02 4.100000e+01
      vertex   -2.981911e+01 -1.235144e+02 4.100000e+01
      vertex   -2.978100e+01 -1.236740e+02 4.100000e+01
    endloop
  endfacet
  facet normal 0.000000e+00 0.000000e+00 1.000000e+00
    outer loop
      vertex   -2.762351e+01 -1.230152e+02 4.100000e+01
      vertex   -2.978100e+01 -1.236740e+02 4.100000e+01
      vertex   -2.756977e+01 -1.232581e+02 4.100000e+01
    endloop
  endfacet
  facet normal 0.000000e+00 0.000000e+00 1.000000e+00
    outer loop
      vertex   -2.756977e+01 -1.232581e+02 4.100000e+01
      vertex   -2.978100e+01 -1.236740e+02 4.100000e+01
      vertex   -2.753123e+01 -1.235039e+02 4.100000e+01
    endloop
  endfacet
  facet normal 0.000000e+00 0.000000e+00 1.000000e+00
    outer loop
      vertex   -2.753123e+01 -1.235039e+02 4.100000e+01
      vertex   -2.978100e+01 -1.236740e+02 4.100000e+01
      vertex   -2.975800e+01 -1.238364e+02 4.100000e+01
    endloop
  endfacet
  facet normal 0.000000e+00 0.000000e+00 1.000000e+00
    outer loop
      vertex   -2.753123e+01 -1.235039e+02 4.100000e+01
      vertex   -2.975800e+01 -1.238364e+02 4.100000e+01
      vertex   -2.750805e+01 -1.237516e+02 4.100000e+01
    endloop
  endfacet
  facet normal 0.000000e+00 0.000000e+00 1.000000e+00
    outer loop
      vertex   -2.750805e+01 -1.237516e+02 4.100000e+01
      vertex   -2.975800e+01 -1.238364e+02 4.100000e+01
      vertex   -2.975031e+01 -1.240003e+02 4.100000e+01
    endloop
  endfacet
  facet normal 0.000000e+00 0.000000e+00 1.000000e+00
    outer loop
      vertex   -3.435065e+01 -1.211940e+02 4.100000e+01
      vertex   -2.873863e+01 -1.211067e+02 4.100000e+01
      vertex   -3.417066e+01 -1.210222e+02 4.100000e+01
    endloop
  endfacet
  facet normal -0.000000e+00 0.000000e+00 1.000000e+00
    outer loop
      vertex   -3.417066e+01 -1.210222e+02 4.100000e+01
      vertex   -2.873863e+01 -1.211067e+02 4.100000e+01
      vertex   -2.892387e+01 -1.209406e+02 4.100000e+01
    endloop
  endfacet
  facet normal 0.000000e+00 0.000000e+00 1.000000e+00
    outer loop
      vertex   -3.417066e+01 -1.210222e+02 4.100000e+01
      vertex   -2.892387e+01 -1.209406e+02 4.100000e+01
      vertex   -3.398035e+01 -1.208619e+02 4.100000e+01
    endloop
  endfacet
  facet normal -0.000000e+00 0.000000e+00 1.000000e+00
    outer loop
      vertex   -3.398035e+01 -1.208619e+02 4.100000e+01
      vertex   -2.892387e+01 -1.209406e+02 4.100000e+01
      vertex   -2.911907e+01 -1.207863e+02 4.100000e+01
    endloop
  endfacet
  facet normal 0.000000e+00 0.000000e+00 1.000000e+00
    outer loop
      vertex   -3.398035e+01 -1.208619e+02 4.100000e+01
      vertex   -2.911907e+01 -1.207863e+02 4.100000e+01
      vertex   -3.378044e+01 -1.207138e+02 4.100000e+01
    endloop
  endfacet
  facet normal -0.000000e+00 0.000000e+00 1.000000e+00
    outer loop
      vertex   -3.378044e+01 -1.207138e+02 4.100000e+01
      vertex   -2.911907e+01 -1.207863e+02 4.100000e+01
      vertex   -2.932349e+01 -1.206445e+02 4.100000e+01
    endloop
  endfacet
  facet normal 0.000000e+00 0.000000e+00 1.000000e+00
    outer loop
      vertex   -3.378044e+01 -1.207138e+02 4.100000e+01
      vertex   -2.932349e+01 -1.206445e+02 4.100000e+01
      vertex   -3.357171e+01 -1.205784e+02 4.100000e+01
    endloop
  endfacet
  facet normal -0.000000e+00 0.000000e+00 1.000000e+00
    outer loop
      vertex   -3.357171e+01 -1.205784e+02 4.100000e+01
      vertex   -2.932349e+01 -1.206445e+02 4.100000e+01
      vertex   -2.953633e+01 -1.205156e+02 4.100000e+01
    endloop
  endfacet
  facet normal 0.000000e+00 0.000000e+00 1.000000e+00
    outer loop
      vertex   -3.357171e+01 -1.205784e+02 4.100000e+01
      vertex   -2.953633e+01 -1.205156e+02 4.100000e+01
      vertex   -3.335496e+01 -1.204563e+02 4.100000e+01
    endloop
  endfacet
  facet normal -0.000000e+00 0.000000e+00 1.000000e+00
    outer loop
      vertex   -3.335496e+01 -1.204563e+02 4.100000e+01
      vertex   -2.953633e+01 -1.205156e+02 4.100000e+01
      vertex   -2.975677e+01 -1.204003e+02 4.100000e+01
    endloop
  endfacet
  facet normal 0.000000e+00 0.000000e+00 1.000000e+00
    outer loop
      vertex   -3.335496e+01 -1.204563e+02 4.100000e+01
      vertex   -2.975677e+01 -1.204003e+02 4.100000e+01
      vertex   -3.313104e+01 -1.203478e+02 4.100000e+01
    endloop
  endfacet
  facet normal -0.000000e+00 0.000000e+00 1.000000e+00
    outer loop
      vertex   -3.313104e+01 -1.203478e+02 4.100000e+01
      vertex   -2.975677e+01 -1.204003e+02 4.100000e+01
      vertex   -2.998396e+01 -1.202989e+02 4.100000e+01
    endloop
  endfacet
  facet normal 0.000000e+00 0.000000e+00 1.000000e+00
    outer loop
      vertex   -3.313104e+01 -1.203478e+02 4.100000e+01
      vertex   -2.998396e+01 -1.202989e+02 4.100000e+01
      vertex   -3.290082e+01 -1.202535e+02 4.100000e+01
    endloop
  endfacet
  facet normal -0.000000e+00 0.000000e+00 1.000000e+00
    outer loop
      vertex   -3.290082e+01 -1.202535e+02 4.100000e+01
      vertex   -2.998396e+01 -1.202989e+02 4.100000e+01
      vertex   -3.021701e+01 -1.202117e+02 4.100000e+01
    endloop
  endfacet
  facet normal 0.000000e+00 0.000000e+00 1.000000e+00
    outer loop
      vertex   -3.290082e+01 -1.202535e+02 4.100000e+01
      vertex   -3.021701e+01 -1.202117e+02 4.100000e+01
      vertex   -3.266517e+01 -1.201737e+02 4.100000e+01
    endloop
  endfacet
  facet normal -0.000000e+00 0.000000e+00 1.000000e+00
    outer loop
      vertex   -3.266517e+01 -1.201737e+02 4.100000e+01
      vertex   -3.021701e+01 -1.202117e+02 4.100000e+01
      vertex   -3.045502e+01 -1.201393e+02 4.100000e+01
    endloop
  endfacet
  facet normal 0.000000e+00 0.000000e+00 1.000000e+00
    outer loop
      vertex   -3.266517e+01 -1.201737e+02 4.100000e+01
      vertex   -3.045502e+01 -1.201393e+02 4.100000e+01
      vertex   -3.242502e+01 -1.201087e+02 4.100000e+01
    endloop
  endfacet
  facet normal -0.000000e+00 0.000000e+00 1.000000e+00
    outer loop
      vertex   -3.242502e+01 -1.201087e+02 4.100000e+01
      vertex   -3.045502e+01 -1.201393e+02 4.100000e+01
      vertex   -3.069708e+01 -1.200818e+02 4.100000e+01
    endloop
  endfacet
  facet normal 0.000000e+00 0.000000e+00 1.000000e+00
    outer loop
      vertex   -3.242502e+01 -1.201087e+02 4.100000e+01
      vertex   -3.069708e+01 -1.200818e+02 4.100000e+01
      vertex   -3.218128e+01 -1.200587e+02 4.100000e+01
    endloop
  endfacet
  facet normal -0.000000e+00 0.000000e+00 1.000000e+00
    outer loop
      vertex   -3.218128e+01 -1.200587e+02 4.100000e+01
      vertex   -3.069708e+01 -1.200818e+02 4.100000e+01
      vertex   -3.094225e+01 -1.200394e+02 4.100000e+01
    endloop
  endfacet
  facet normal 0.000000e+00 0.000000e+00 1.000000e+00
    outer loop
      vertex   -3.218128e+01 -1.200587e+02 4.100000e+01
      vertex   -3.094225e+01 -1.200394e+02 4.100000e+01
      vertex   -3.193492e+01 -1.200240e+02 4.100000e+01
    endloop
  endfacet
  facet normal -0.000000e+00 0.000000e+00 1.000000e+00
    outer loop
      vertex   -3.193492e+01 -1.200240e+02 4.100000e+01
      vertex   -3.094225e+01 -1.200394e+02 4.100000e+01
      vertex   -3.118957e+01 -1.200124e+02 4.100000e+01
    endloop
  endfacet
  facet normal 0.000000e+00 0.000000e+00 1.000000e+00
    outer loop
      vertex   -3.193492e+01 -1.200240e+02 4.100000e+01
      vertex   -3.118957e+01 -1.200124e+02 4.100000e+01
      vertex   -3.168687e+01 -1.200047e+02 4.100000e+01
    endloop
  endfacet
  facet normal -0.000000e+00 0.000000e+00 1.000000e+00
    outer loop
      vertex   -3.168687e+01 -1.200047e+02 4.100000e+01
      vertex   -3.118957e+01 -1.200124e+02 4.100000e+01
      vertex   -3.143810e+01 -1.200008e+02 4.100000e+01
    endloop
  endfacet
  facet normal 0.000000e+00 0.000000e+00 -1.000000e+00
    outer loop
      vertex   -2.975800e+01 -1.238364e+02 3.600000e+01
      vertex   -2.750805e+01 -1.237516e+02 3.600000e+01
      vertex   -2.975031e+01 -1.240003e+02 3.600000e+01
    endloop
  endfacet
  facet normal 0.000000e+00 0.000000e+00 -1.000000e+00
    outer loop
      vertex   -2.975031e+01 -1.240003e+02 3.600000e+01
      vertex   -2.750805e+01 -1.237516e+02 3.600000e+01
      vertex   -2.750031e+01 -1.240003e+02 3.600000e+01
    endloop
  endfacet
  facet normal 0.000000e+00 0.000000e+00 -1.000000e+00
    outer loop
      vertex   -2.975031e+01 -1.240003e+02 3.600000e+01
      vertex   -2.750031e+01 -1.240003e+02 3.600000e+01
      vertex   -2.750805e+01 -1.242490e+02 3.600000e+01
    endloop
  endfacet
  facet normal -0.000000e+00 0.000000e+00 -1.000000e+00
    outer loop
      vertex   -2.750805e+01 -1.237516e+02 3.600000e+01
      vertex   -2.975800e+01 -1.238364e+02 3.600000e+01
      vertex   -2.753123e+01 -1.235039e+02 3.600000e+01
    endloop
  endfacet
  facet normal 0.000000e+00 0.000000e+00 -1.000000e+00
    outer loop
      vertex   -2.753123e+01 -1.235039e+02 3.600000e+01
      vertex   -2.975800e+01 -1.238364e+02 3.600000e+01
      vertex   -2.978100e+01 -1.236740e+02 3.600000e+01
    endloop
  endfacet
  facet normal -0.000000e+00 0.000000e+00 -1.000000e+00
    outer loop
      vertex   -2.753123e+01 -1.235039e+02 3.600000e+01
      vertex   -2.978100e+01 -1.236740e+02 3.600000e+01
      vertex   -2.756977e+01 -1.232581e+02 3.600000e+01
    endloop
  endfacet
  facet normal -0.000000e+00 0.000000e+00 -1.000000e+00
    outer loop
      vertex   -2.756977e+01 -1.232581e+02 3.600000e+01
      vertex   -2.978100e+01 -1.236740e+02 3.600000e+01
      vertex   -2.762351e+01 -1.230152e+02 3.600000e+01
    endloop
  endfacet
  facet normal 0.000000e+00 0.000000e+00 -1.000000e+00
    outer loop
      vertex   -2.762351e+01 -1.230152e+02 3.600000e+01
      vertex   -2.978100e+01 -1.236740e+02 3.600000e+01
      vertex   -2.981911e+01 -1.235144e+02 3.600000e+01
    endloop
  endfacet
  facet normal -0.000000e+00 0.000000e+00 -1.000000e+00
    outer loop
      vertex   -2.762351e+01 -1.230152e+02 3.600000e+01
      vertex   -2.981911e+01 -1.235144e+02 3.600000e+01
      vertex   -2.769226e+01 -1.227761e+02 3.600000e+01
    endloop
  endfacet
  facet normal 0.000000e+00 0.000000e+00 -1.000000e+00
    outer loop
      vertex   -2.769226e+01 -1.227761e+02 3.600000e+01
      vertex   -2.981911e+01 -1.235144e+02 3.600000e+01
      vertex   -2.987199e+01 -1.233591e+02 3.600000e+01
    endloop
  endfacet
  facet normal -0.000000e+00 0.000000e+00 -1.000000e+00
    outer loop
      vertex   -2.769226e+01 -1.227761e+02 3.600000e+01
      vertex   -2.987199e+01 -1.233591e+02 3.600000e+01
      vertex   -2.777573e+01 -1.225417e+02 3.600000e+01
    endloop
  endfacet
  facet normal -0.000000e+00 0.000000e+00 -1.000000e+00
    outer loop
      vertex   -2.777573e+01 -1.225417e+02 3.600000e+01
      vertex   -2.987199e+01 -1.233591e+02 3.600000e+01
      vertex   -2.787362e+01 -1.223130e+02 3.600000e+01
    endloop
  endfacet
  facet normal 0.000000e+00 0.000000e+00 -1.000000e+00
    outer loop
      vertex   -2.787362e+01 -1.223130e+02 3.600000e+01
      vertex   -2.987199e+01 -1.233591e+02 3.600000e+01
      vertex   -2.993919e+01 -1.232095e+02 3.600000e+01
    endloop
  endfacet
  facet normal -0.000000e+00 0.000000e+00 -1.000000e+00
    outer loop
      vertex   -2.787362e+01 -1.223130e+02 3.600000e+01
      vertex   -2.993919e+01 -1.232095e+02 3.600000e+01
      vertex   -2.798554e+01 -1.220908e+02 3.600000e+01
    endloop
  endfacet
  facet normal 0.000000e+00 0.000000e+00 -1.000000e+00
    outer loop
      vertex   -2.798554e+01 -1.220908e+02 3.600000e+01
      vertex   -2.993919e+01 -1.232095e+02 3.600000e+01
      vertex   -3.002010e+01 -1.230668e+02 3.600000e+01
    endloop
  endfacet
  facet normal -0.000000e+00 0.000000e+00 -1.000000e+00
    outer loop
      vertex   -2.798554e+01 -1.220908e+02 3.600000e+01
      vertex   -3.002010e+01 -1.230668e+02 3.600000e+01
      vertex   -2.811105e+01 -1.218759e+02 3.600000e+01
    endloop
  endfacet
  facet normal -0.000000e+00 0.000000e+00 -1.000000e+00
    outer loop
      vertex   -2.811105e+01 -1.218759e+02 3.600000e+01
      vertex   -3.002010e+01 -1.230668e+02 3.600000e+01
      vertex   -2.824968e+01 -1.216693e+02 3.600000e+01
    endloop
  endfacet
  facet normal 0.000000e+00 0.000000e+00 -1.000000e+00
    outer loop
      vertex   -2.824968e+01 -1.216693e+02 3.600000e+01
      vertex   -3.002010e+01 -1.230668e+02 3.600000e+01
      vertex   -3.011402e+01 -1.229323e+02 3.600000e+01
    endloop
  endfacet
  facet normal -0.000000e+00 0.000000e+00 -1.000000e+00
    outer loop
      vertex   -2.824968e+01 -1.216693e+02 3.600000e+01
      vertex   -3.011402e+01 -1.229323e+02 3.600000e+01
      vertex   -2.840088e+01 -1.214718e+02 3.600000e+01
    endloop
  endfacet
  facet normal 0.000000e+00 0.000000e+00 -1.000000e+00
    outer loop
      vertex   -2.840088e+01 -1.214718e+02 3.600000e+01
      vertex   -3.011402e+01 -1.229323e+02 3.600000e+01
      vertex   -3.022013e+01 -1.228071e+02 3.600000e+01
    endloop
  endfacet
  facet normal -0.000000e+00 0.000000e+00 -1.000000e+00
    outer loop
      vertex   -2.840088e+01 -1.214718e+02 3.600000e+01
      vertex   -3.022013e+01 -1.228071e+02 3.600000e+01
      vertex   -2.856408e+01 -1.212840e+02 3.600000e+01
    endloop
  endfacet
  facet normal 0.000000e+00 0.000000e+00 -1.000000e+00
    outer loop
      vertex   -2.856408e+01 -1.212840e+02 3.600000e+01
      vertex   -3.022013e+01 -1.228071e+02 3.600000e+01
      vertex   -3.033748e+01 -1.226925e+02 3.600000e+01
    endloop
  endfacet
  facet normal 0.000000e+00 0.000000e+00 -1.000000e+00
    outer loop
      vertex   -2.856408e+01 -1.212840e+02 3.600000e+01
      vertex   -3.033748e+01 -1.226925e+02 3.600000e+01
      vertex   -3.046506e+01 -1.225894e+02 3.600000e+01
    endloop
  endfacet
  facet normal 0.000000e+00 0.000000e+00 -1.000000e+00
    outer loop
      vertex   -3.046506e+01 -1.225894e+02 3.600000e+01
      vertex   -3.060173e+01 -1.224986e+02 3.600000e+01
      vertex   -2.856408e+01 -1.212840e+02 3.600000e+01
    endloop
  endfacet
  facet normal 0.000000e+00 0.000000e+00 -1.000000e+00
    outer loop
      vertex   -2.856408e+01 -1.212840e+02 3.600000e+01
      vertex   -3.060173e+01 -1.224986e+02 3.600000e+01
      vertex   -3.074630e+01 -1.224211e+02 3.600000e+01
    endloop
  endfacet
  facet normal 0.000000e+00 0.000000e+00 -1.000000e+00
    outer loop
      vertex   -2.856408e+01 -1.212840e+02 3.600000e+01
      vertex   -3.074630e+01 -1.224211e+02 3.600000e+01
      vertex   -3.089749e+01 -1.223574e+02 3.600000e+01
    endloop
  endfacet
  facet normal 0.000000e+00 0.000000e+00 -1.000000e+00
    outer loop
      vertex   -3.089749e+01 -1.223574e+02 3.600000e+01
      vertex   -3.105398e+01 -1.223082e+02 3.600000e+01
      vertex   -2.856408e+01 -1.212840e+02 3.600000e+01
    endloop
  endfacet
  facet normal 0.000000e+00 0.000000e+00 -1.000000e+00
    outer loop
      vertex   -2.856408e+01 -1.212840e+02 3.600000e+01
      vertex   -3.105398e+01 -1.223082e+02 3.600000e+01
      vertex   -3.121440e+01 -1.222738e+02 3.600000e+01
    endloop
  endfacet
  facet normal 0.000000e+00 0.000000e+00 -1.000000e+00
    outer loop
      vertex   -2.856408e+01 -1.212840e+02 3.600000e+01
      vertex   -3.121440e+01 -1.222738e+02 3.600000e+01
      vertex   -3.137733e+01 -1.222546e+02 3.600000e+01
    endloop
  endfacet
  facet normal 0.000000e+00 0.000000e+00 -1.000000e+00
    outer loop
      vertex   -3.137733e+01 -1.222546e+02 3.600000e+01
      vertex   -3.154133e+01 -1.222508e+02 3.600000e+01
      vertex   -2.856408e+01 -1.212840e+02 3.600000e+01
    endloop
  endfacet
  facet normal -0.000000e+00 0.000000e+00 -1.000000e+00
    outer loop
      vertex   -2.856408e+01 -1.212840e+02 3.600000e+01
      vertex   -3.154133e+01 -1.222508e+02 3.600000e+01
      vertex   -3.435065e+01 -1.211940e+02 3.600000e+01
    endloop
  endfacet
  facet normal 0.000000e+00 0.000000e+00 -1.000000e+00
    outer loop
      vertex   -2.856408e+01 -1.212840e+02 3.600000e+01
      vertex   -3.435065e+01 -1.211940e+02 3.600000e+01
      vertex   -2.873863e+01 -1.211067e+02 3.600000e+01
    endloop
  endfacet
  facet normal -0.000000e+00 0.000000e+00 -1.000000e+00
    outer loop
      vertex   -2.873863e+01 -1.211067e+02 3.600000e+01
      vertex   -3.435065e+01 -1.211940e+02 3.600000e+01
      vertex   -3.417066e+01 -1.210222e+02 3.600000e+01
    endloop
  endfacet
  facet normal 0.000000e+00 0.000000e+00 -1.000000e+00
    outer loop
      vertex   -2.873863e+01 -1.211067e+02 3.600000e+01
      vertex   -3.417066e+01 -1.210222e+02 3.600000e+01
      vertex   -2.892387e+01 -1.209406e+02 3.600000e+01
    endloop
  endfacet
  facet normal -0.000000e+00 0.000000e+00 -1.000000e+00
    outer loop
      vertex   -2.892387e+01 -1.209406e+02 3.600000e+01
      vertex   -3.417066e+01 -1.210222e+02 3.600000e+01
      vertex   -3.398035e+01 -1.208619e+02 3.600000e+01
    endloop
  endfacet
  facet normal 0.000000e+00 0.000000e+00 -1.000000e+00
    outer loop
      vertex   -2.892387e+01 -1.209406e+02 3.600000e+01
      vertex   -3.398035e+01 -1.208619e+02 3.600000e+01
      vertex   -2.911907e+01 -1.207863e+02 3.600000e+01
    endloop
  endfacet
  facet normal -0.000000e+00 0.000000e+00 -1.000000e+00
    outer loop
      vertex   -2.911907e+01 -1.207863e+02 3.600000e+01
      vertex   -3.398035e+01 -1.208619e+02 3.600000e+01
      vertex   -3.378044e+01 -1.207138e+02 3.600000e+01
    endloop
  endfacet
  facet normal 0.000000e+00 0.000000e+00 -1.000000e+00
    outer loop
      vertex   -2.911907e+01 -1.207863e+02 3.600000e+01
      vertex   -3.378044e+01 -1.207138e+02 3.600000e+01
      vertex   -2.932349e+01 -1.206445e+02 3.600000e+01
    endloop
  endfacet
  facet normal -0.000000e+00 0.000000e+00 -1.000000e+00
    outer loop
      vertex   -2.932349e+01 -1.206445e+02 3.600000e+01
      vertex   -3.378044e+01 -1.207138e+02 3.600000e+01
      vertex   -3.357171e+01 -1.205784e+02 3.600000e+01
    endloop
  endfacet
  facet normal 0.000000e+00 0.000000e+00 -1.000000e+00
    outer loop
      vertex   -2.932349e+01 -1.206445e+02 3.600000e+01
      vertex   -3.357171e+01 -1.205784e+02 3.600000e+01
      vertex   -2.953633e+01 -1.205156e+02 3.600000e+01
    endloop
  endfacet
  facet normal -0.000000e+00 0.000000e+00 -1.000000e+00
    outer loop
      vertex   -2.953633e+01 -1.205156e+02 3.600000e+01
      vertex   -3.357171e+01 -1.205784e+02 3.600000e+01
      vertex   -3.335496e+01 -1.204563e+02 3.600000e+01
    endloop
  endfacet
  facet normal 0.000000e+00 0.000000e+00 -1.000000e+00
    outer loop
      vertex   -2.953633e+01 -1.205156e+02 3.600000e+01
      vertex   -3.335496e+01 -1.204563e+02 3.600000e+01
      vertex   -2.975677e+01 -1.204003e+02 3.600000e+01
    endloop
  endfacet
  facet normal -0.000000e+00 0.000000e+00 -1.000000e+00
    outer loop
      vertex   -2.975677e+01 -1.204003e+02 3.600000e+01
      vertex   -3.335496e+01 -1.204563e+02 3.600000e+01
      vertex   -3.313104e+01 -1.203478e+02 3.600000e+01
    endloop
  endfacet
  facet normal 0.000000e+00 0.000000e+00 -1.000000e+00
    outer loop
      vertex   -2.975677e+01 -1.204003e+02 3.600000e+01
      vertex   -3.313104e+01 -1.203478e+02 3.600000e+01
      vertex   -2.998396e+01 -1.202989e+02 3.600000e+01
    endloop
  endfacet
  facet normal -0.000000e+00 0.000000e+00 -1.000000e+00
    outer loop
      vertex   -2.998396e+01 -1.202989e+02 3.600000e+01
      vertex   -3.313104e+01 -1.203478e+02 3.600000e+01
      vertex   -3.290082e+01 -1.202535e+02 3.600000e+01
    endloop
  endfacet
  facet normal 0.000000e+00 0.000000e+00 -1.000000e+00
    outer loop
      vertex   -2.998396e+01 -1.202989e+02 3.600000e+01
      vertex   -3.290082e+01 -1.202535e+02 3.600000e+01
      vertex   -3.021701e+01 -1.202117e+02 3.600000e+01
    endloop
  endfacet
  facet normal -0.000000e+00 0.000000e+00 -1.000000e+00
    outer loop
      vertex   -3.021701e+01 -1.202117e+02 3.600000e+01
      vertex   -3.290082e+01 -1.202535e+02 3.600000e+01
      vertex   -3.266517e+01 -1.201737e+02 3.600000e+01
    endloop
  endfacet
  facet normal 0.000000e+00 0.000000e+00 -1.000000e+00
    outer loop
      vertex   -3.021701e+01 -1.202117e+02 3.600000e+01
      vertex   -3.266517e+01 -1.201737e+02 3.600000e+01
      vertex   -3.045502e+01 -1.201393e+02 3.600000e+01
    endloop
  endfacet
  facet normal -0.000000e+00 0.000000e+00 -1.000000e+00
    outer loop
      vertex   -3.045502e+01 -1.201393e+02 3.600000e+01
      vertex   -3.266517e+01 -1.201737e+02 3.600000e+01
      vertex   -3.242502e+01 -1.201087e+02 3.600000e+01
    endloop
  endfacet
  facet normal 0.000000e+00 0.000000e+00 -1.000000e+00
    outer loop
      vertex   -3.045502e+01 -1.201393e+02 3.600000e+01
      vertex   -3.242502e+01 -1.201087e+02 3.600000e+01
      vertex   -3.069708e+01 -1.200818e+02 3.600000e+01
    endloop
  endfacet
  facet normal -0.000000e+00 0.000000e+00 -1.000000e+00
    outer loop
      vertex   -3.069708e+01 -1.200818e+02 3.600000e+01
      vertex   -3.242502e+01 -1.201087e+02 3.600000e+01
      vertex   -3.218128e+01 -1.200587e+02 3.600000e+01
    endloop
  endfacet
  facet normal 0.000000e+00 0.000000e+00 -1.000000e+00
    outer loop
      vertex   -3.069708e+01 -1.200818e+02 3.600000e+01
      vertex   -3.218128e+01 -1.200587e+02 3.600000e+01
      vertex   -3.094225e+01 -1.200394e+02 3.600000e+01
    endloop
  endfacet
  facet normal -0.000000e+00 0.000000e+00 -1.000000e+00
    outer loop
      vertex   -3.094225e+01 -1.200394e+02 3.600000e+01
      vertex   -3.218128e+01 -1.200587e+02 3.600000e+01
      vertex   -3.193492e+01 -1.200240e+02 3.600000e+01
    endloop
  endfacet
  facet normal 0.000000e+00 0.000000e+00 -1.000000e+00
    outer loop
      vertex   -3.094225e+01 -1.200394e+02 3.600000e+01
      vertex   -3.193492e+01 -1.200240e+02 3.600000e+01
      vertex   -3.118957e+01 -1.200124e+02 3.600000e+01
    endloop
  endfacet
  facet normal -0.000000e+00 0.000000e+00 -1.000000e+00
    outer loop
      vertex   -3.118957e+01 -1.200124e+02 3.600000e+01
      vertex   -3.193492e+01 -1.200240e+02 3.600000e+01
      vertex   -3.168687e+01 -1.200047e+02 3.600000e+01
    endloop
  endfacet
  facet normal 0.000000e+00 0.000000e+00 -1.000000e+00
    outer loop
      vertex   -3.118957e+01 -1.200124e+02 3.600000e+01
      vertex   -3.168687e+01 -1.200047e+02 3.600000e+01
      vertex   -3.143810e+01 -1.200008e+02 3.600000e+01
    endloop
  endfacet
  facet normal 0.000000e+00 0.000000e+00 -1.000000e+00
    outer loop
      vertex   -3.170498e+01 -1.222623e+02 3.600000e+01
      vertex   -3.507277e+01 -1.222010e+02 3.600000e+01
      vertex   -3.154133e+01 -1.222508e+02 3.600000e+01
    endloop
  endfacet
  facet normal 0.000000e+00 0.000000e+00 -1.000000e+00
    outer loop
      vertex   -3.154133e+01 -1.222508e+02 3.600000e+01
      vertex   -3.507277e+01 -1.222010e+02 3.600000e+01
      vertex   -3.495400e+01 -1.219824e+02 3.600000e+01
    endloop
  endfacet
  facet normal 0.000000e+00 0.000000e+00 -1.000000e+00
    outer loop
      vertex   -3.154133e+01 -1.222508e+02 3.600000e+01
      vertex   -3.495400e+01 -1.219824e+02 3.600000e+01
      vertex   -3.482186e+01 -1.217716e+02 3.600000e+01
    endloop
  endfacet
  facet normal -0.000000e+00 0.000000e+00 -1.000000e+00
    outer loop
      vertex   -3.170498e+01 -1.222623e+02 3.600000e+01
      vertex   -3.186683e+01 -1.222891e+02 3.600000e+01
      vertex   -3.507277e+01 -1.222010e+02 3.600000e+01
    endloop
  endfacet
  facet normal 0.000000e+00 0.000000e+00 -1.000000e+00
    outer loop
      vertex   -3.507277e+01 -1.222010e+02 3.600000e+01
      vertex   -3.186683e+01 -1.222891e+02 3.600000e+01
      vertex   -3.202546e+01 -1.223310e+02 3.600000e+01
    endloop
  endfacet
  facet normal 0.000000e+00 0.000000e+00 -1.000000e+00
    outer loop
      vertex   -3.507277e+01 -1.222010e+02 3.600000e+01
      vertex   -3.202546e+01 -1.223310e+02 3.600000e+01
      vertex   -3.217947e+01 -1.223875e+02 3.600000e+01
    endloop
  endfacet
  facet normal -0.000000e+00 0.000000e+00 -1.000000e+00
    outer loop
      vertex   -3.217947e+01 -1.223875e+02 3.600000e+01
      vertex   -3.232752e+01 -1.224581e+02 3.600000e+01
      vertex   -3.507277e+01 -1.222010e+02 3.600000e+01
    endloop
  endfacet
  facet normal 0.000000e+00 0.000000e+00 -1.000000e+00
    outer loop
      vertex   -3.507277e+01 -1.222010e+02 3.600000e+01
      vertex   -3.232752e+01 -1.224581e+02 3.600000e+01
      vertex   -3.246829e+01 -1.225424e+02 3.600000e+01
    endloop
  endfacet
  facet normal 0.000000e+00 0.000000e+00 -1.000000e+00
    outer loop
      vertex   -3.507277e+01 -1.222010e+02 3.600000e+01
      vertex   -3.246829e+01 -1.225424e+02 3.600000e+01
      vertex   -3.260056e+01 -1.226394e+02 3.600000e+01
    endloop
  endfacet
  facet normal -0.000000e+00 0.000000e+00 -1.000000e+00
    outer loop
      vertex   -3.260056e+01 -1.226394e+02 3.600000e+01
      vertex   -3.272316e+01 -1.227484e+02 3.600000e+01
      vertex   -3.507277e+01 -1.222010e+02 3.600000e+01
    endloop
  endfacet
  facet normal 0.000000e+00 0.000000e+00 -1.000000e+00
    outer loop
      vertex   -3.507277e+01 -1.222010e+02 3.600000e+01
      vertex   -3.272316e+01 -1.227484e+02 3.600000e+01
      vertex   -3.283501e+01 -1.228685e+02 3.600000e+01
    endloop
  endfacet
  facet normal 0.000000e+00 0.000000e+00 -1.000000e+00
    outer loop
      vertex   -3.507277e+01 -1.222010e+02 3.600000e+01
      vertex   -3.283501e+01 -1.228685e+02 3.600000e+01
      vertex   -3.293513e+01 -1.229984e+02 3.600000e+01
    endloop
  endfacet
  facet normal -0.000000e+00 0.000000e+00 -1.000000e+00
    outer loop
      vertex   -3.293513e+01 -1.229984e+02 3.600000e+01
      vertex   -3.302265e+01 -1.231372e+02 3.600000e+01
      vertex   -3.507277e+01 -1.222010e+02 3.600000e+01
    endloop
  endfacet
  facet normal 0.000000e+00 0.000000e+00 -1.000000e+00
    outer loop
      vertex   -3.507277e+01 -1.222010e+02 3.600000e+01
      vertex   -3.302265e+01 -1.231372e+02 3.600000e+01
      vertex   -3.309678e+01 -1.232835e+02 3.600000e+01
    endloop
  endfacet
  facet normal 0.000000e+00 -0.000000e+00 -1.000000e+00
    outer loop
      vertex   -3.507277e+01 -1.222010e+02 3.600000e+01
      vertex   -3.309678e+01 -1.232835e+02 3.600000e+01
      vertex   -3.517772e+01 -1.224266e+02 3.600000e+01
    endloop
  endfacet
  facet normal 0.000000e+00 0.000000e+00 -1.000000e+00
    outer loop
      vertex   -3.517772e+01 -1.224266e+02 3.600000e+01
      vertex   -3.309678e+01 -1.232835e+02 3.600000e+01
      vertex   -3.315689e+01 -1.234362e+02 3.600000e+01
    endloop
  endfacet
  facet normal 0.000000e+00 -0.000000e+00 -1.000000e+00
    outer loop
      vertex   -3.517772e+01 -1.224266e+02 3.600000e+01
      vertex   -3.315689e+01 -1.234362e+02 3.600000e+01
      vertex   -3.526845e+01 -1.226582e+02 3.600000e+01
    endloop
  endfacet
  facet normal 0.000000e+00 -0.000000e+00 -1.000000e+00
    outer loop
      vertex   -3.526845e+01 -1.226582e+02 3.600000e+01
      vertex   -3.315689e+01 -1.234362e+02 3.600000e+01
      vertex   -3.534459e+01 -1.228951e+02 3.600000e+01
    endloop
  endfacet
  facet normal 0.000000e+00 0.000000e+00 -1.000000e+00
    outer loop
      vertex   -3.534459e+01 -1.228951e+02 3.600000e+01
      vertex   -3.315689e+01 -1.234362e+02 3.600000e+01
      vertex   -3.320244e+01 -1.235938e+02 3.600000e+01
    endloop
  endfacet
  facet normal 0.000000e+00 -0.000000e+00 -1.000000e+00
    outer loop
      vertex   -3.534459e+01 -1.228951e+02 3.600000e+01
      vertex   -3.320244e+01 -1.235938e+02 3.600000e+01
      vertex   -3.540587e+01 -1.231362e+02 3.600000e+01
    endloop
  endfacet
  facet normal 0.000000e+00 0.000000e+00 -1.000000e+00
    outer loop
      vertex   -3.540587e+01 -1.231362e+02 3.600000e+01
      vertex   -3.320244e+01 -1.235938e+02 3.600000e+01
      vertex   -3.323303e+01 -1.237549e+02 3.600000e+01
    endloop
  endfacet
  facet normal 0.000000e+00 -0.000000e+00 -1.000000e+00
    outer loop
      vertex   -3.540587e+01 -1.231362e+02 3.600000e+01
      vertex   -3.323303e+01 -1.237549e+02 3.600000e+01
      vertex   -3.545203e+01 -1.233807e+02 3.600000e+01
    endloop
  endfacet
  facet normal 0.000000e+00 -0.000000e+00 -1.000000e+00
    outer loop
      vertex   -3.545203e+01 -1.233807e+02 3.600000e+01
      vertex   -3.323303e+01 -1.237549e+02 3.600000e+01
      vertex   -3.548291e+01 -1.236276e+02 3.600000e+01
    endloop
  endfacet
  facet normal 0.000000e+00 0.000000e+00 -1.000000e+00
    outer loop
      vertex   -3.548291e+01 -1.236276e+02 3.600000e+01
      vertex   -3.323303e+01 -1.237549e+02 3.600000e+01
      vertex   -3.324839e+01 -1.239183e+02 3.600000e+01
    endloop
  endfacet
  facet normal 0.000000e+00 -0.000000e+00 -1.000000e+00
    outer loop
      vertex   -3.548291e+01 -1.236276e+02 3.600000e+01
      vertex   -3.324839e+01 -1.239183e+02 3.600000e+01
      vertex   -3.549838e+01 -1.238759e+02 3.600000e+01
    endloop
  endfacet
  facet normal 0.000000e+00 0.000000e+00 -1.000000e+00
    outer loop
      vertex   -3.549838e+01 -1.238759e+02 3.600000e+01
      vertex   -3.324839e+01 -1.239183e+02 3.600000e+01
      vertex   -3.324839e+01 -1.240823e+02 3.600000e+01
    endloop
  endfacet
  facet normal 0.000000e+00 0.000000e+00 -1.000000e+00
    outer loop
      vertex   -3.549838e+01 -1.238759e+02 3.600000e+01
      vertex   -3.324839e+01 -1.240823e+02 3.600000e+01
      vertex   -3.549838e+01 -1.241247e+02 3.600000e+01
    endloop
  endfacet
  facet normal 0.000000e+00 0.000000e+00 -1.000000e+00
    outer loop
      vertex   -3.549838e+01 -1.241247e+02 3.600000e+01
      vertex   -3.324839e+01 -1.240823e+02 3.600000e+01
      vertex   -3.548291e+01 -1.243730e+02 3.600000e+01
    endloop
  endfacet
  facet normal 0.000000e+00 0.000000e+00 -1.000000e+00
    outer loop
      vertex   -3.548291e+01 -1.243730e+02 3.600000e+01
      vertex   -3.324839e+01 -1.240823e+02 3.600000e+01
      vertex   -3.323303e+01 -1.242457e+02 3.600000e+01
    endloop
  endfacet
  facet normal 0.000000e+00 0.000000e+00 -1.000000e+00
    outer loop
      vertex   -3.548291e+01 -1.243730e+02 3.600000e+01
      vertex   -3.323303e+01 -1.242457e+02 3.600000e+01
      vertex   -3.545203e+01 -1.246199e+02 3.600000e+01
    endloop
  endfacet
  facet normal 0.000000e+00 0.000000e+00 -1.000000e+00
    outer loop
      vertex   -3.545203e+01 -1.246199e+02 3.600000e+01
      vertex   -3.323303e+01 -1.242457e+02 3.600000e+01
      vertex   -3.540587e+01 -1.248644e+02 3.600000e+01
    endloop
  endfacet
  facet normal 0.000000e+00 0.000000e+00 -1.000000e+00
    outer loop
      vertex   -3.540587e+01 -1.248644e+02 3.600000e+01
      vertex   -3.323303e+01 -1.242457e+02 3.600000e+01
      vertex   -3.320244e+01 -1.244068e+02 3.600000e+01
    endloop
  endfacet
  facet normal 0.000000e+00 0.000000e+00 -1.000000e+00
    outer loop
      vertex   -3.540587e+01 -1.248644e+02 3.600000e+01
      vertex   -3.320244e+01 -1.244068e+02 3.600000e+01
      vertex   -3.534459e+01 -1.251055e+02 3.600000e+01
    endloop
  endfacet
  facet normal 0.000000e+00 0.000000e+00 -1.000000e+00
    outer loop
      vertex   -3.534459e+01 -1.251055e+02 3.600000e+01
      vertex   -3.320244e+01 -1.244068e+02 3.600000e+01
      vertex   -3.315689e+01 -1.245644e+02 3.600000e+01
    endloop
  endfacet
  facet normal 0.000000e+00 0.000000e+00 -1.000000e+00
    outer loop
      vertex   -3.534459e+01 -1.251055e+02 3.600000e+01
      vertex   -3.315689e+01 -1.245644e+02 3.600000e+01
      vertex   -3.526845e+01 -1.253424e+02 3.600000e+01
    endloop
  endfacet
  facet normal 0.000000e+00 0.000000e+00 -1.000000e+00
    outer loop
      vertex   -3.526845e+01 -1.253424e+02 3.600000e+01
      vertex   -3.315689e+01 -1.245644e+02 3.600000e+01
      vertex   -3.517772e+01 -1.255740e+02 3.600000e+01
    endloop
  endfacet
  facet normal 0.000000e+00 0.000000e+00 -1.000000e+00
    outer loop
      vertex   -3.517772e+01 -1.255740e+02 3.600000e+01
      vertex   -3.315689e+01 -1.245644e+02 3.600000e+01
      vertex   -3.309678e+01 -1.247171e+02 3.600000e+01
    endloop
  endfacet
  facet normal 0.000000e+00 0.000000e+00 -1.000000e+00
    outer loop
      vertex   -3.517772e+01 -1.255740e+02 3.600000e+01
      vertex   -3.309678e+01 -1.247171e+02 3.600000e+01
      vertex   -3.507277e+01 -1.257996e+02 3.600000e+01
    endloop
  endfacet
  facet normal 0.000000e+00 0.000000e+00 -1.000000e+00
    outer loop
      vertex   -3.507277e+01 -1.257996e+02 3.600000e+01
      vertex   -3.309678e+01 -1.247171e+02 3.600000e+01
      vertex   -3.302265e+01 -1.248634e+02 3.600000e+01
    endloop
  endfacet
  facet normal 0.000000e+00 0.000000e+00 -1.000000e+00
    outer loop
      vertex   -3.507277e+01 -1.257996e+02 3.600000e+01
      vertex   -3.302265e+01 -1.248634e+02 3.600000e+01
      vertex   -3.293513e+01 -1.250022e+02 3.600000e+01
    endloop
  endfacet
  facet normal 0.000000e+00 -0.000000e+00 -1.000000e+00
    outer loop
      vertex   -3.293513e+01 -1.250022e+02 3.600000e+01
      vertex   -3.283501e+01 -1.251321e+02 3.600000e+01
      vertex   -3.507277e+01 -1.257996e+02 3.600000e+01
    endloop
  endfacet
  facet normal 0.000000e+00 0.000000e+00 -1.000000e+00
    outer loop
      vertex   -3.507277e+01 -1.257996e+02 3.600000e+01
      vertex   -3.283501e+01 -1.251321e+02 3.600000e+01
      vertex   -3.272316e+01 -1.252522e+02 3.600000e+01
    endloop
  endfacet
  facet normal 0.000000e+00 0.000000e+00 -1.000000e+00
    outer loop
      vertex   -3.507277e+01 -1.257996e+02 3.600000e+01
      vertex   -3.272316e+01 -1.252522e+02 3.600000e+01
      vertex   -3.260056e+01 -1.253612e+02 3.600000e+01
    endloop
  endfacet
  facet normal 0.000000e+00 -0.000000e+00 -1.000000e+00
    outer loop
      vertex   -3.260056e+01 -1.253612e+02 3.600000e+01
      vertex   -3.246829e+01 -1.254582e+02 3.600000e+01
      vertex   -3.507277e+01 -1.257996e+02 3.600000e+01
    endloop
  endfacet
  facet normal 0.000000e+00 0.000000e+00 -1.000000e+00
    outer loop
      vertex   -3.507277e+01 -1.257996e+02 3.600000e+01
      vertex   -3.246829e+01 -1.254582e+02 3.600000e+01
      vertex   -3.232752e+01 -1.255425e+02 3.600000e+01
    endloop
  endfacet
  facet normal 0.000000e+00 0.000000e+00 -1.000000e+00
    outer loop
      vertex   -3.507277e+01 -1.257996e+02 3.600000e+01
      vertex   -3.232752e+01 -1.255425e+02 3.600000e+01
      vertex   -3.217947e+01 -1.256131e+02 3.600000e+01
    endloop
  endfacet
  facet normal 0.000000e+00 -0.000000e+00 -1.000000e+00
    outer loop
      vertex   -3.217947e+01 -1.256131e+02 3.600000e+01
      vertex   -3.202546e+01 -1.256696e+02 3.600000e+01
      vertex   -3.507277e+01 -1.257996e+02 3.600000e+01
    endloop
  endfacet
  facet normal 0.000000e+00 0.000000e+00 -1.000000e+00
    outer loop
      vertex   -3.507277e+01 -1.257996e+02 3.600000e+01
      vertex   -3.202546e+01 -1.256696e+02 3.600000e+01
      vertex   -3.186683e+01 -1.257115e+02 3.600000e+01
    endloop
  endfacet
  facet normal 0.000000e+00 0.000000e+00 -1.000000e+00
    outer loop
      vertex   -3.507277e+01 -1.257996e+02 3.600000e+01
      vertex   -3.186683e+01 -1.257115e+02 3.600000e+01
      vertex   -3.170498e+01 -1.257383e+02 3.600000e+01
    endloop
  endfacet
  facet normal 0.000000e+00 -0.000000e+00 -1.000000e+00
    outer loop
      vertex   -3.170498e+01 -1.257383e+02 3.600000e+01
      vertex   -3.154133e+01 -1.257498e+02 3.600000e+01
      vertex   -3.507277e+01 -1.257996e+02 3.600000e+01
    endloop
  endfacet
  facet normal 0.000000e+00 0.000000e+00 -1.000000e+00
    outer loop
      vertex   -3.507277e+01 -1.257996e+02 3.600000e+01
      vertex   -3.154133e+01 -1.257498e+02 3.600000e+01
      vertex   -3.495400e+01 -1.260182e+02 3.600000e+01
    endloop
  endfacet
  facet normal 0.000000e+00 0.000000e+00 -1.000000e+00
    outer loop
      vertex   -3.495400e+01 -1.260182e+02 3.600000e+01
      vertex   -3.154133e+01 -1.257498e+02 3.600000e+01
      vertex   -3.482186e+01 -1.262290e+02 3.600000e+01
    endloop
  endfacet
  facet normal 0.000000e+00 0.000000e+00 -1.000000e+00
    outer loop
      vertex   -3.482186e+01 -1.262290e+02 3.600000e+01
      vertex   -3.154133e+01 -1.257498e+02 3.600000e+01
      vertex   -3.467688e+01 -1.264312e+02 3.600000e+01
    endloop
  endfacet
  facet normal 0.000000e+00 0.000000e+00 -1.000000e+00
    outer loop
      vertex   -3.467688e+01 -1.264312e+02 3.600000e+01
      vertex   -3.154133e+01 -1.257498e+02 3.600000e+01
      vertex   -3.451960e+01 -1.266240e+02 3.600000e+01
    endloop
  endfacet
  facet normal 0.000000e+00 0.000000e+00 -1.000000e+00
    outer loop
      vertex   -3.451960e+01 -1.266240e+02 3.600000e+01
      vertex   -3.154133e+01 -1.257498e+02 3.600000e+01
      vertex   -3.435065e+01 -1.268066e+02 3.600000e+01
    endloop
  endfacet
  facet normal 0.000000e+00 0.000000e+00 -1.000000e+00
    outer loop
      vertex   -3.435065e+01 -1.268066e+02 3.600000e+01
      vertex   -3.154133e+01 -1.257498e+02 3.600000e+01
      vertex   -3.417066e+01 -1.269784e+02 3.600000e+01
    endloop
  endfacet
  facet normal 0.000000e+00 0.000000e+00 -1.000000e+00
    outer loop
      vertex   -3.417066e+01 -1.269784e+02 3.600000e+01
      vertex   -3.154133e+01 -1.257498e+02 3.600000e+01
      vertex   -3.398035e+01 -1.271387e+02 3.600000e+01
    endloop
  endfacet
  facet normal 0.000000e+00 0.000000e+00 -1.000000e+00
    outer loop
      vertex   -3.398035e+01 -1.271387e+02 3.600000e+01
      vertex   -3.154133e+01 -1.257498e+02 3.600000e+01
      vertex   -3.378044e+01 -1.272868e+02 3.600000e+01
    endloop
  endfacet
  facet normal 0.000000e+00 0.000000e+00 -1.000000e+00
    outer loop
      vertex   -3.378044e+01 -1.272868e+02 3.600000e+01
      vertex   -3.154133e+01 -1.257498e+02 3.600000e+01
      vertex   -3.357171e+01 -1.274222e+02 3.600000e+01
    endloop
  endfacet
  facet normal 0.000000e+00 0.000000e+00 -1.000000e+00
    outer loop
      vertex   -3.357171e+01 -1.274222e+02 3.600000e+01
      vertex   -3.154133e+01 -1.257498e+02 3.600000e+01
      vertex   -3.335496e+01 -1.275443e+02 3.600000e+01
    endloop
  endfacet
  facet normal 0.000000e+00 0.000000e+00 -1.000000e+00
    outer loop
      vertex   -3.335496e+01 -1.275443e+02 3.600000e+01
      vertex   -3.154133e+01 -1.257498e+02 3.600000e+01
      vertex   -3.313104e+01 -1.276528e+02 3.600000e+01
    endloop
  endfacet
  facet normal 0.000000e+00 0.000000e+00 -1.000000e+00
    outer loop
      vertex   -3.313104e+01 -1.276528e+02 3.600000e+01
      vertex   -3.154133e+01 -1.257498e+02 3.600000e+01
      vertex   -3.290082e+01 -1.277471e+02 3.600000e+01
    endloop
  endfacet
  facet normal 0.000000e+00 0.000000e+00 -1.000000e+00
    outer loop
      vertex   -3.290082e+01 -1.277471e+02 3.600000e+01
      vertex   -3.154133e+01 -1.257498e+02 3.600000e+01
      vertex   -3.266517e+01 -1.278269e+02 3.600000e+01
    endloop
  endfacet
  facet normal 0.000000e+00 0.000000e+00 -1.000000e+00
    outer loop
      vertex   -3.266517e+01 -1.278269e+02 3.600000e+01
      vertex   -3.154133e+01 -1.257498e+02 3.600000e+01
      vertex   -3.242502e+01 -1.278919e+02 3.600000e+01
    endloop
  endfacet
  facet normal 0.000000e+00 0.000000e+00 -1.000000e+00
    outer loop
      vertex   -3.242502e+01 -1.278919e+02 3.600000e+01
      vertex   -3.154133e+01 -1.257498e+02 3.600000e+01
      vertex   -3.218128e+01 -1.279419e+02 3.600000e+01
    endloop
  endfacet
  facet normal 0.000000e+00 0.000000e+00 -1.000000e+00
    outer loop
      vertex   -3.218128e+01 -1.279419e+02 3.600000e+01
      vertex   -3.154133e+01 -1.257498e+02 3.600000e+01
      vertex   -3.193492e+01 -1.279766e+02 3.600000e+01
    endloop
  endfacet
  facet normal 0.000000e+00 0.000000e+00 -1.000000e+00
    outer loop
      vertex   -3.193492e+01 -1.279766e+02 3.600000e+01
      vertex   -3.154133e+01 -1.257498e+02 3.600000e+01
      vertex   -3.168687e+01 -1.279959e+02 3.600000e+01
    endloop
  endfacet
  facet normal 0.000000e+00 0.000000e+00 -1.000000e+00
    outer loop
      vertex   -3.168687e+01 -1.279959e+02 3.600000e+01
      vertex   -3.154133e+01 -1.257498e+02 3.600000e+01
      vertex   -3.143810e+01 -1.279998e+02 3.600000e+01
    endloop
  endfacet
  facet normal 0.000000e+00 0.000000e+00 -1.000000e+00
    outer loop
      vertex   -3.143810e+01 -1.279998e+02 3.600000e+01
      vertex   -3.154133e+01 -1.257498e+02 3.600000e+01
      vertex   -3.137733e+01 -1.257460e+02 3.600000e+01
    endloop
  endfacet
  facet normal 0.000000e+00 0.000000e+00 -1.000000e+00
    outer loop
      vertex   -3.143810e+01 -1.279998e+02 3.600000e+01
      vertex   -3.137733e+01 -1.257460e+02 3.600000e+01
      vertex   -3.118957e+01 -1.279882e+02 3.600000e+01
    endloop
  endfacet
  facet normal 0.000000e+00 0.000000e+00 -1.000000e+00
    outer loop
      vertex   -3.118957e+01 -1.279882e+02 3.600000e+01
      vertex   -3.137733e+01 -1.257460e+02 3.600000e+01
      vertex   -3.094225e+01 -1.279612e+02 3.600000e+01
    endloop
  endfacet
  facet normal 0.000000e+00 0.000000e+00 -1.000000e+00
    outer loop
      vertex   -3.094225e+01 -1.279612e+02 3.600000e+01
      vertex   -3.137733e+01 -1.257460e+02 3.600000e+01
      vertex   -3.121440e+01 -1.257268e+02 3.600000e+01
    endloop
  endfacet
  facet normal 0.000000e+00 0.000000e+00 -1.000000e+00
    outer loop
      vertex   -3.094225e+01 -1.279612e+02 3.600000e+01
      vertex   -3.121440e+01 -1.257268e+02 3.600000e+01
      vertex   -3.069708e+01 -1.279188e+02 3.600000e+01
    endloop
  endfacet
  facet normal 0.000000e+00 0.000000e+00 -1.000000e+00
    outer loop
      vertex   -3.069708e+01 -1.279188e+02 3.600000e+01
      vertex   -3.121440e+01 -1.257268e+02 3.600000e+01
      vertex   -3.105398e+01 -1.256924e+02 3.600000e+01
    endloop
  endfacet
  facet normal 0.000000e+00 0.000000e+00 -1.000000e+00
    outer loop
      vertex   -3.069708e+01 -1.279188e+02 3.600000e+01
      vertex   -3.105398e+01 -1.256924e+02 3.600000e+01
      vertex   -3.045502e+01 -1.278613e+02 3.600000e+01
    endloop
  endfacet
  facet normal 0.000000e+00 0.000000e+00 -1.000000e+00
    outer loop
      vertex   -3.045502e+01 -1.278613e+02 3.600000e+01
      vertex   -3.105398e+01 -1.256924e+02 3.600000e+01
      vertex   -3.021701e+01 -1.277889e+02 3.600000e+01
    endloop
  endfacet
  facet normal 0.000000e+00 0.000000e+00 -1.000000e+00
    outer loop
      vertex   -3.021701e+01 -1.277889e+02 3.600000e+01
      vertex   -3.105398e+01 -1.256924e+02 3.600000e+01
      vertex   -3.089749e+01 -1.256432e+02 3.600000e+01
    endloop
  endfacet
  facet normal 0.000000e+00 0.000000e+00 -1.000000e+00
    outer loop
      vertex   -3.021701e+01 -1.277889e+02 3.600000e+01
      vertex   -3.089749e+01 -1.256432e+02 3.600000e+01
      vertex   -2.998396e+01 -1.277017e+02 3.600000e+01
    endloop
  endfacet
  facet normal 0.000000e+00 0.000000e+00 -1.000000e+00
    outer loop
      vertex   -2.998396e+01 -1.277017e+02 3.600000e+01
      vertex   -3.089749e+01 -1.256432e+02 3.600000e+01
      vertex   -3.074630e+01 -1.255795e+02 3.600000e+01
    endloop
  endfacet
  facet normal 0.000000e+00 0.000000e+00 -1.000000e+00
    outer loop
      vertex   -2.998396e+01 -1.277017e+02 3.600000e+01
      vertex   -3.074630e+01 -1.255795e+02 3.600000e+01
      vertex   -2.975677e+01 -1.276003e+02 3.600000e+01
    endloop
  endfacet
  facet normal 0.000000e+00 0.000000e+00 -1.000000e+00
    outer loop
      vertex   -2.975677e+01 -1.276003e+02 3.600000e+01
      vertex   -3.074630e+01 -1.255795e+02 3.600000e+01
      vertex   -2.953633e+01 -1.274850e+02 3.600000e+01
    endloop
  endfacet
  facet normal 0.000000e+00 0.000000e+00 -1.000000e+00
    outer loop
      vertex   -2.953633e+01 -1.274850e+02 3.600000e+01
      vertex   -3.074630e+01 -1.255795e+02 3.600000e+01
      vertex   -3.060173e+01 -1.255020e+02 3.600000e+01
    endloop
  endfacet
  facet normal 0.000000e+00 0.000000e+00 -1.000000e+00
    outer loop
      vertex   -2.953633e+01 -1.274850e+02 3.600000e+01
      vertex   -3.060173e+01 -1.255020e+02 3.600000e+01
      vertex   -2.932349e+01 -1.273561e+02 3.600000e+01
    endloop
  endfacet
  facet normal 0.000000e+00 0.000000e+00 -1.000000e+00
    outer loop
      vertex   -2.932349e+01 -1.273561e+02 3.600000e+01
      vertex   -3.060173e+01 -1.255020e+02 3.600000e+01
      vertex   -3.046506e+01 -1.254112e+02 3.600000e+01
    endloop
  endfacet
  facet normal 0.000000e+00 0.000000e+00 -1.000000e+00
    outer loop
      vertex   -2.932349e+01 -1.273561e+02 3.600000e+01
      vertex   -3.046506e+01 -1.254112e+02 3.600000e+01
      vertex   -2.911907e+01 -1.272143e+02 3.600000e+01
    endloop
  endfacet
  facet normal 0.000000e+00 0.000000e+00 -1.000000e+00
    outer loop
      vertex   -2.911907e+01 -1.272143e+02 3.600000e+01
      vertex   -3.046506e+01 -1.254112e+02 3.600000e+01
      vertex   -2.892387e+01 -1.270600e+02 3.600000e+01
    endloop
  endfacet
  facet normal 0.000000e+00 0.000000e+00 -1.000000e+00
    outer loop
      vertex   -2.892387e+01 -1.270600e+02 3.600000e+01
      vertex   -3.046506e+01 -1.254112e+02 3.600000e+01
      vertex   -3.033748e+01 -1.253081e+02 3.600000e+01
    endloop
  endfacet
  facet normal 0.000000e+00 0.000000e+00 -1.000000e+00
    outer loop
      vertex   -2.892387e+01 -1.270600e+02 3.600000e+01
      vertex   -3.033748e+01 -1.253081e+02 3.600000e+01
      vertex   -2.873863e+01 -1.268939e+02 3.600000e+01
    endloop
  endfacet
  facet normal 0.000000e+00 0.000000e+00 -1.000000e+00
    outer loop
      vertex   -2.873863e+01 -1.268939e+02 3.600000e+01
      vertex   -3.033748e+01 -1.253081e+02 3.600000e+01
      vertex   -3.022013e+01 -1.251935e+02 3.600000e+01
    endloop
  endfacet
  facet normal 0.000000e+00 0.000000e+00 -1.000000e+00
    outer loop
      vertex   -2.873863e+01 -1.268939e+02 3.600000e+01
      vertex   -3.022013e+01 -1.251935e+02 3.600000e+01
      vertex   -2.856408e+01 -1.267166e+02 3.600000e+01
    endloop
  endfacet
  facet normal 0.000000e+00 0.000000e+00 -1.000000e+00
    outer loop
      vertex   -2.856408e+01 -1.267166e+02 3.600000e+01
      vertex   -3.022013e+01 -1.251935e+02 3.600000e+01
      vertex   -2.840088e+01 -1.265288e+02 3.600000e+01
    endloop
  endfacet
  facet normal 0.000000e+00 0.000000e+00 -1.000000e+00
    outer loop
      vertex   -2.840088e+01 -1.265288e+02 3.600000e+01
      vertex   -3.022013e+01 -1.251935e+02 3.600000e+01
      vertex   -3.011402e+01 -1.250683e+02 3.600000e+01
    endloop
  endfacet
  facet normal 0.000000e+00 0.000000e+00 -1.000000e+00
    outer loop
      vertex   -2.840088e+01 -1.265288e+02 3.600000e+01
      vertex   -3.011402e+01 -1.250683e+02 3.600000e+01
      vertex   -2.824968e+01 -1.263313e+02 3.600000e+01
    endloop
  endfacet
  facet normal 0.000000e+00 0.000000e+00 -1.000000e+00
    outer loop
      vertex   -2.824968e+01 -1.263313e+02 3.600000e+01
      vertex   -3.011402e+01 -1.250683e+02 3.600000e+01
      vertex   -3.002010e+01 -1.249338e+02 3.600000e+01
    endloop
  endfacet
  facet normal 0.000000e+00 0.000000e+00 -1.000000e+00
    outer loop
      vertex   -2.824968e+01 -1.263313e+02 3.600000e+01
      vertex   -3.002010e+01 -1.249338e+02 3.600000e+01
      vertex   -2.811105e+01 -1.261247e+02 3.600000e+01
    endloop
  endfacet
  facet normal 0.000000e+00 0.000000e+00 -1.000000e+00
    outer loop
      vertex   -2.811105e+01 -1.261247e+02 3.600000e+01
      vertex   -3.002010e+01 -1.249338e+02 3.600000e+01
      vertex   -2.798554e+01 -1.259098e+02 3.600000e+01
    endloop
  endfacet
  facet normal 0.000000e+00 0.000000e+00 -1.000000e+00
    outer loop
      vertex   -2.798554e+01 -1.259098e+02 3.600000e+01
      vertex   -3.002010e+01 -1.249338e+02 3.600000e+01
      vertex   -2.993919e+01 -1.247911e+02 3.600000e+01
    endloop
  endfacet
  facet normal 0.000000e+00 0.000000e+00 -1.000000e+00
    outer loop
      vertex   -2.798554e+01 -1.259098e+02 3.600000e+01
      vertex   -2.993919e+01 -1.247911e+02 3.600000e+01
      vertex   -2.787362e+01 -1.256876e+02 3.600000e+01
    endloop
  endfacet
  facet normal 0.000000e+00 0.000000e+00 -1.000000e+00
    outer loop
      vertex   -2.787362e+01 -1.256876e+02 3.600000e+01
      vertex   -2.993919e+01 -1.247911e+02 3.600000e+01
      vertex   -2.987199e+01 -1.246415e+02 3.600000e+01
    endloop
  endfacet
  facet normal 0.000000e+00 0.000000e+00 -1.000000e+00
    outer loop
      vertex   -2.787362e+01 -1.256876e+02 3.600000e+01
      vertex   -2.987199e+01 -1.246415e+02 3.600000e+01
      vertex   -2.777573e+01 -1.254589e+02 3.600000e+01
    endloop
  endfacet
  facet normal 0.000000e+00 0.000000e+00 -1.000000e+00
    outer loop
      vertex   -2.777573e+01 -1.254589e+02 3.600000e+01
      vertex   -2.987199e+01 -1.246415e+02 3.600000e+01
      vertex   -2.769226e+01 -1.252245e+02 3.600000e+01
    endloop
  endfacet
  facet normal 0.000000e+00 0.000000e+00 -1.000000e+00
    outer loop
      vertex   -2.769226e+01 -1.252245e+02 3.600000e+01
      vertex   -2.987199e+01 -1.246415e+02 3.600000e+01
      vertex   -2.981911e+01 -1.244862e+02 3.600000e+01
    endloop
  endfacet
  facet normal 0.000000e+00 0.000000e+00 -1.000000e+00
    outer loop
      vertex   -2.769226e+01 -1.252245e+02 3.600000e+01
      vertex   -2.981911e+01 -1.244862e+02 3.600000e+01
      vertex   -2.762351e+01 -1.249854e+02 3.600000e+01
    endloop
  endfacet
  facet normal 0.000000e+00 0.000000e+00 -1.000000e+00
    outer loop
      vertex   -2.762351e+01 -1.249854e+02 3.600000e+01
      vertex   -2.981911e+01 -1.244862e+02 3.600000e+01
      vertex   -2.978100e+01 -1.243266e+02 3.600000e+01
    endloop
  endfacet
  facet normal 0.000000e+00 0.000000e+00 -1.000000e+00
    outer loop
      vertex   -2.762351e+01 -1.249854e+02 3.600000e+01
      vertex   -2.978100e+01 -1.243266e+02 3.600000e+01
      vertex   -2.756977e+01 -1.247425e+02 3.600000e+01
    endloop
  endfacet
  facet normal 0.000000e+00 0.000000e+00 -1.000000e+00
    outer loop
      vertex   -2.756977e+01 -1.247425e+02 3.600000e+01
      vertex   -2.978100e+01 -1.243266e+02 3.600000e+01
      vertex   -2.753123e+01 -1.244967e+02 3.600000e+01
    endloop
  endfacet
  facet normal 0.000000e+00 0.000000e+00 -1.000000e+00
    outer loop
      vertex   -2.753123e+01 -1.244967e+02 3.600000e+01
      vertex   -2.978100e+01 -1.243266e+02 3.600000e+01
      vertex   -2.975800e+01 -1.241642e+02 3.600000e+01
    endloop
  endfacet
  facet normal 0.000000e+00 0.000000e+00 -1.000000e+00
    outer loop
      vertex   -2.753123e+01 -1.244967e+02 3.600000e+01
      vertex   -2.975800e+01 -1.241642e+02 3.600000e+01
      vertex   -2.750805e+01 -1.242490e+02 3.600000e+01
    endloop
  endfacet
  facet normal 0.000000e+00 0.000000e+00 -1.000000e+00
    outer loop
      vertex   -2.750805e+01 -1.242490e+02 3.600000e+01
      vertex   -2.975800e+01 -1.241642e+02 3.600000e+01
      vertex   -2.975031e+01 -1.240003e+02 3.600000e+01
    endloop
  endfacet
  facet normal 0.000000e+00 0.000000e+00 -1.000000e+00
    outer loop
      vertex   -3.482186e+01 -1.217716e+02 3.600000e+01
      vertex   -3.467688e+01 -1.215694e+02 3.600000e+01
      vertex   -3.154133e+01 -1.222508e+02 3.600000e+01
    endloop
  endfacet
  facet normal 0.000000e+00 0.000000e+00 -1.000000e+00
    outer loop
      vertex   -3.154133e+01 -1.222508e+02 3.600000e+01
      vertex   -3.467688e+01 -1.215694e+02 3.600000e+01
      vertex   -3.451960e+01 -1.213766e+02 3.600000e+01
    endloop
  endfacet
  facet normal 0.000000e+00 0.000000e+00 -1.000000e+00
    outer loop
      vertex   -3.154133e+01 -1.222508e+02 3.600000e+01
      vertex   -3.451960e+01 -1.213766e+02 3.600000e+01
      vertex   -3.435065e+01 -1.211940e+02 3.600000e+01
    endloop
  endfacet
endsolid
