solid ASCII
  facet normal -0.000000e+00 1.000000e+00 0.000000e+00
    outer loop
      vertex   5.683421e+00 9.420000e+01 -5.900000e+00
      vertex   8.916583e+00 9.420000e+01 -5.900000e+00
      vertex   5.683421e+00 9.420000e+01 -7.700000e+00
    endloop
  endfacet
  facet normal 0.000000e+00 1.000000e+00 0.000000e+00
    outer loop
      vertex   5.683421e+00 9.420000e+01 -7.700000e+00
      vertex   8.916583e+00 9.420000e+01 -5.900000e+00
      vertex   8.916583e+00 9.420000e+01 -7.700000e+00
    endloop
  endfacet
  facet normal -8.660254e-01 5.000000e-01 0.000000e+00
    outer loop
      vertex   8.916583e+00 9.420000e+01 -5.900000e+00
      vertex   1.053316e+01 9.700000e+01 -5.900000e+00
      vertex   8.916583e+00 9.420000e+01 -7.700000e+00
    endloop
  endfacet
  facet normal -8.660254e-01 5.000000e-01 0.000000e+00
    outer loop
      vertex   8.916583e+00 9.420000e+01 -7.700000e+00
      vertex   1.053316e+01 9.700000e+01 -5.900000e+00
      vertex   1.053316e+01 9.700000e+01 -7.700000e+00
    endloop
  endfacet
  facet normal -8.660254e-01 -5.000000e-01 -0.000000e+00
    outer loop
      vertex   1.053316e+01 9.700000e+01 -5.900000e+00
      vertex   8.916583e+00 9.980000e+01 -5.900000e+00
      vertex   1.053316e+01 9.700000e+01 -7.700000e+00
    endloop
  endfacet
  facet normal -8.660254e-01 -5.000000e-01 0.000000e+00
    outer loop
      vertex   1.053316e+01 9.700000e+01 -7.700000e+00
      vertex   8.916583e+00 9.980000e+01 -5.900000e+00
      vertex   8.916583e+00 9.980000e+01 -7.700000e+00
    endloop
  endfacet
  facet normal -0.000000e+00 -1.000000e+00 -0.000000e+00
    outer loop
      vertex   8.916583e+00 9.980000e+01 -5.900000e+00
      vertex   5.683421e+00 9.980000e+01 -5.900000e+00
      vertex   8.916583e+00 9.980000e+01 -7.700000e+00
    endloop
  endfacet
  facet normal 0.000000e+00 -1.000000e+00 0.000000e+00
    outer loop
      vertex   8.916583e+00 9.980000e+01 -7.700000e+00
      vertex   5.683421e+00 9.980000e+01 -5.900000e+00
      vertex   5.683421e+00 9.980000e+01 -7.700000e+00
    endloop
  endfacet
  facet normal 8.660254e-01 -5.000000e-01 0.000000e+00
    outer loop
      vertex   5.683421e+00 9.980000e+01 -5.900000e+00
      vertex   4.066841e+00 9.700000e+01 -5.900000e+00
      vertex   5.683421e+00 9.980000e+01 -7.700000e+00
    endloop
  endfacet
  facet normal 8.660254e-01 -5.000000e-01 0.000000e+00
    outer loop
      vertex   5.683421e+00 9.980000e+01 -7.700000e+00
      vertex   4.066841e+00 9.700000e+01 -5.900000e+00
      vertex   4.066841e+00 9.700000e+01 -7.700000e+00
    endloop
  endfacet
  facet normal 8.660254e-01 5.000000e-01 0.000000e+00
    outer loop
      vertex   4.066841e+00 9.700000e+01 -5.900000e+00
      vertex   5.683421e+00 9.420000e+01 -5.900000e+00
      vertex   4.066841e+00 9.700000e+01 -7.700000e+00
    endloop
  endfacet
  facet normal 8.660254e-01 5.000000e-01 0.000000e+00
    outer loop
      vertex   4.066841e+00 9.700000e+01 -7.700000e+00
      vertex   5.683421e+00 9.420000e+01 -5.900000e+00
      vertex   5.683421e+00 9.420000e+01 -7.700000e+00
    endloop
  endfacet
  facet normal 0.000000e+00 0.000000e+00 1.000000e+00
    outer loop
      vertex   8.862595e+00 9.734395e+01 -7.700000e+00
      vertex   8.900002e+00 9.700000e+01 -7.700000e+00
      vertex   1.053316e+01 9.700000e+01 -7.700000e+00
    endloop
  endfacet
  facet normal 0.000000e+00 0.000000e+00 1.000000e+00
    outer loop
      vertex   1.053316e+01 9.700000e+01 -7.700000e+00
      vertex   8.900002e+00 9.700000e+01 -7.700000e+00
      vertex   8.862595e+00 9.665604e+01 -7.700000e+00
    endloop
  endfacet
  facet normal 0.000000e+00 0.000000e+00 1.000000e+00
    outer loop
      vertex   1.053316e+01 9.700000e+01 -7.700000e+00
      vertex   8.862595e+00 9.665604e+01 -7.700000e+00
      vertex   8.752123e+00 9.632818e+01 -7.700000e+00
    endloop
  endfacet
  facet normal -0.000000e+00 0.000000e+00 1.000000e+00
    outer loop
      vertex   8.752123e+00 9.632818e+01 -7.700000e+00
      vertex   8.573751e+00 9.603172e+01 -7.700000e+00
      vertex   1.053316e+01 9.700000e+01 -7.700000e+00
    endloop
  endfacet
  facet normal 0.000000e+00 0.000000e+00 1.000000e+00
    outer loop
      vertex   1.053316e+01 9.700000e+01 -7.700000e+00
      vertex   8.573751e+00 9.603172e+01 -7.700000e+00
      vertex   8.916583e+00 9.420000e+01 -7.700000e+00
    endloop
  endfacet
  facet normal 0.000000e+00 0.000000e+00 1.000000e+00
    outer loop
      vertex   8.916583e+00 9.420000e+01 -7.700000e+00
      vertex   8.573751e+00 9.603172e+01 -7.700000e+00
      vertex   8.335820e+00 9.578054e+01 -7.700000e+00
    endloop
  endfacet
  facet normal 0.000000e+00 0.000000e+00 1.000000e+00
    outer loop
      vertex   8.916583e+00 9.420000e+01 -7.700000e+00
      vertex   8.335820e+00 9.578054e+01 -7.700000e+00
      vertex   8.049456e+00 9.558638e+01 -7.700000e+00
    endloop
  endfacet
  facet normal 0.000000e+00 0.000000e+00 1.000000e+00
    outer loop
      vertex   8.049456e+00 9.558638e+01 -7.700000e+00
      vertex   7.728047e+00 9.545832e+01 -7.700000e+00
      vertex   8.916583e+00 9.420000e+01 -7.700000e+00
    endloop
  endfacet
  facet normal 0.000000e+00 0.000000e+00 1.000000e+00
    outer loop
      vertex   8.916583e+00 9.420000e+01 -7.700000e+00
      vertex   7.728047e+00 9.545832e+01 -7.700000e+00
      vertex   7.386624e+00 9.540234e+01 -7.700000e+00
    endloop
  endfacet
  facet normal 0.000000e+00 0.000000e+00 1.000000e+00
    outer loop
      vertex   8.916583e+00 9.420000e+01 -7.700000e+00
      vertex   7.386624e+00 9.540234e+01 -7.700000e+00
      vertex   5.683421e+00 9.420000e+01 -7.700000e+00
    endloop
  endfacet
  facet normal 0.000000e+00 0.000000e+00 1.000000e+00
    outer loop
      vertex   5.683421e+00 9.420000e+01 -7.700000e+00
      vertex   7.386624e+00 9.540234e+01 -7.700000e+00
      vertex   7.041151e+00 9.542108e+01 -7.700000e+00
    endloop
  endfacet
  facet normal 0.000000e+00 0.000000e+00 1.000000e+00
    outer loop
      vertex   5.683421e+00 9.420000e+01 -7.700000e+00
      vertex   7.041151e+00 9.542108e+01 -7.700000e+00
      vertex   6.707781e+00 9.551363e+01 -7.700000e+00
    endloop
  endfacet
  facet normal 0.000000e+00 0.000000e+00 1.000000e+00
    outer loop
      vertex   6.707781e+00 9.551363e+01 -7.700000e+00
      vertex   6.402103e+00 9.567570e+01 -7.700000e+00
      vertex   5.683421e+00 9.420000e+01 -7.700000e+00
    endloop
  endfacet
  facet normal 0.000000e+00 0.000000e+00 1.000000e+00
    outer loop
      vertex   5.683421e+00 9.420000e+01 -7.700000e+00
      vertex   6.402103e+00 9.567570e+01 -7.700000e+00
      vertex   6.138409e+00 9.589968e+01 -7.700000e+00
    endloop
  endfacet
  facet normal 0.000000e+00 0.000000e+00 1.000000e+00
    outer loop
      vertex   5.683421e+00 9.420000e+01 -7.700000e+00
      vertex   6.138409e+00 9.589968e+01 -7.700000e+00
      vertex   5.929031e+00 9.617511e+01 -7.700000e+00
    endloop
  endfacet
  facet normal 0.000000e+00 -0.000000e+00 1.000000e+00
    outer loop
      vertex   5.683421e+00 9.420000e+01 -7.700000e+00
      vertex   5.929031e+00 9.617511e+01 -7.700000e+00
      vertex   4.066841e+00 9.700000e+01 -7.700000e+00
    endloop
  endfacet
  facet normal 0.000000e+00 0.000000e+00 1.000000e+00
    outer loop
      vertex   4.066841e+00 9.700000e+01 -7.700000e+00
      vertex   5.929031e+00 9.617511e+01 -7.700000e+00
      vertex   5.783757e+00 9.648912e+01 -7.700000e+00
    endloop
  endfacet
  facet normal 0.000000e+00 0.000000e+00 1.000000e+00
    outer loop
      vertex   4.066841e+00 9.700000e+01 -7.700000e+00
      vertex   5.783757e+00 9.648912e+01 -7.700000e+00
      vertex   5.709381e+00 9.682701e+01 -7.700000e+00
    endloop
  endfacet
  facet normal 0.000000e+00 -0.000000e+00 1.000000e+00
    outer loop
      vertex   5.709381e+00 9.682701e+01 -7.700000e+00
      vertex   5.709381e+00 9.717299e+01 -7.700000e+00
      vertex   4.066841e+00 9.700000e+01 -7.700000e+00
    endloop
  endfacet
  facet normal 0.000000e+00 0.000000e+00 1.000000e+00
    outer loop
      vertex   4.066841e+00 9.700000e+01 -7.700000e+00
      vertex   5.709381e+00 9.717299e+01 -7.700000e+00
      vertex   5.783757e+00 9.751088e+01 -7.700000e+00
    endloop
  endfacet
  facet normal 0.000000e+00 0.000000e+00 1.000000e+00
    outer loop
      vertex   4.066841e+00 9.700000e+01 -7.700000e+00
      vertex   5.783757e+00 9.751088e+01 -7.700000e+00
      vertex   5.929031e+00 9.782488e+01 -7.700000e+00
    endloop
  endfacet
  facet normal 0.000000e+00 0.000000e+00 1.000000e+00
    outer loop
      vertex   4.066841e+00 9.700000e+01 -7.700000e+00
      vertex   5.929031e+00 9.782488e+01 -7.700000e+00
      vertex   5.683421e+00 9.980000e+01 -7.700000e+00
    endloop
  endfacet
  facet normal 0.000000e+00 0.000000e+00 1.000000e+00
    outer loop
      vertex   5.683421e+00 9.980000e+01 -7.700000e+00
      vertex   5.929031e+00 9.782488e+01 -7.700000e+00
      vertex   6.138409e+00 9.810032e+01 -7.700000e+00
    endloop
  endfacet
  facet normal 0.000000e+00 0.000000e+00 1.000000e+00
    outer loop
      vertex   5.683421e+00 9.980000e+01 -7.700000e+00
      vertex   6.138409e+00 9.810032e+01 -7.700000e+00
      vertex   6.402103e+00 9.832430e+01 -7.700000e+00
    endloop
  endfacet
  facet normal 0.000000e+00 -0.000000e+00 1.000000e+00
    outer loop
      vertex   6.402103e+00 9.832430e+01 -7.700000e+00
      vertex   6.707781e+00 9.848636e+01 -7.700000e+00
      vertex   5.683421e+00 9.980000e+01 -7.700000e+00
    endloop
  endfacet
  facet normal 0.000000e+00 0.000000e+00 1.000000e+00
    outer loop
      vertex   5.683421e+00 9.980000e+01 -7.700000e+00
      vertex   6.707781e+00 9.848636e+01 -7.700000e+00
      vertex   7.041151e+00 9.857892e+01 -7.700000e+00
    endloop
  endfacet
  facet normal 0.000000e+00 0.000000e+00 1.000000e+00
    outer loop
      vertex   5.683421e+00 9.980000e+01 -7.700000e+00
      vertex   7.041151e+00 9.857892e+01 -7.700000e+00
      vertex   7.386624e+00 9.859765e+01 -7.700000e+00
    endloop
  endfacet
  facet normal -0.000000e+00 0.000000e+00 1.000000e+00
    outer loop
      vertex   5.683421e+00 9.980000e+01 -7.700000e+00
      vertex   7.386624e+00 9.859765e+01 -7.700000e+00
      vertex   8.916583e+00 9.980000e+01 -7.700000e+00
    endloop
  endfacet
  facet normal 0.000000e+00 0.000000e+00 1.000000e+00
    outer loop
      vertex   8.916583e+00 9.980000e+01 -7.700000e+00
      vertex   7.386624e+00 9.859765e+01 -7.700000e+00
      vertex   7.728047e+00 9.854168e+01 -7.700000e+00
    endloop
  endfacet
  facet normal 0.000000e+00 0.000000e+00 1.000000e+00
    outer loop
      vertex   8.916583e+00 9.980000e+01 -7.700000e+00
      vertex   7.728047e+00 9.854168e+01 -7.700000e+00
      vertex   8.049456e+00 9.841362e+01 -7.700000e+00
    endloop
  endfacet
  facet normal -0.000000e+00 0.000000e+00 1.000000e+00
    outer loop
      vertex   8.049456e+00 9.841362e+01 -7.700000e+00
      vertex   8.335820e+00 9.821946e+01 -7.700000e+00
      vertex   8.916583e+00 9.980000e+01 -7.700000e+00
    endloop
  endfacet
  facet normal 0.000000e+00 0.000000e+00 1.000000e+00
    outer loop
      vertex   8.916583e+00 9.980000e+01 -7.700000e+00
      vertex   8.335820e+00 9.821946e+01 -7.700000e+00
      vertex   8.573751e+00 9.796828e+01 -7.700000e+00
    endloop
  endfacet
  facet normal 0.000000e+00 0.000000e+00 1.000000e+00
    outer loop
      vertex   8.916583e+00 9.980000e+01 -7.700000e+00
      vertex   8.573751e+00 9.796828e+01 -7.700000e+00
      vertex   1.053316e+01 9.700000e+01 -7.700000e+00
    endloop
  endfacet
  facet normal 0.000000e+00 0.000000e+00 1.000000e+00
    outer loop
      vertex   1.053316e+01 9.700000e+01 -7.700000e+00
      vertex   8.573751e+00 9.796828e+01 -7.700000e+00
      vertex   8.752123e+00 9.767182e+01 -7.700000e+00
    endloop
  endfacet
  facet normal 0.000000e+00 0.000000e+00 1.000000e+00
    outer loop
      vertex   1.053316e+01 9.700000e+01 -7.700000e+00
      vertex   8.752123e+00 9.767182e+01 -7.700000e+00
      vertex   8.862595e+00 9.734395e+01 -7.700000e+00
    endloop
  endfacet
  facet normal -9.941380e-01 -1.081190e-01 -0.000000e+00
    outer loop
      vertex   8.862595e+00 9.734395e+01 -7.700000e+00
      vertex   8.862595e+00 9.734395e+01 -1.200000e+01
      vertex   8.900002e+00 9.700000e+01 -7.700000e+00
    endloop
  endfacet
  facet normal -9.941380e-01 -1.081190e-01 -0.000000e+00
    outer loop
      vertex   8.900002e+00 9.700000e+01 -7.700000e+00
      vertex   8.862595e+00 9.734395e+01 -1.200000e+01
      vertex   8.900002e+00 9.700000e+01 -1.200000e+01
    endloop
  endfacet
  facet normal -9.941380e-01 1.081190e-01 0.000000e+00
    outer loop
      vertex   8.900002e+00 9.700000e+01 -7.700000e+00
      vertex   8.900002e+00 9.700000e+01 -1.200000e+01
      vertex   8.862595e+00 9.665604e+01 -7.700000e+00
    endloop
  endfacet
  facet normal -9.941380e-01 1.081190e-01 0.000000e+00
    outer loop
      vertex   8.862595e+00 9.665604e+01 -7.700000e+00
      vertex   8.900002e+00 9.700000e+01 -1.200000e+01
      vertex   8.862595e+00 9.665604e+01 -1.200000e+01
    endloop
  endfacet
  facet normal -9.476532e-01 3.193015e-01 0.000000e+00
    outer loop
      vertex   8.862595e+00 9.665604e+01 -7.700000e+00
      vertex   8.862595e+00 9.665604e+01 -1.200000e+01
      vertex   8.752123e+00 9.632818e+01 -7.700000e+00
    endloop
  endfacet
  facet normal -9.476532e-01 3.193015e-01 0.000000e+00
    outer loop
      vertex   8.752123e+00 9.632818e+01 -7.700000e+00
      vertex   8.862595e+00 9.665604e+01 -1.200000e+01
      vertex   8.752123e+00 9.632818e+01 -1.200000e+01
    endloop
  endfacet
  facet normal -8.568572e-01 5.155539e-01 0.000000e+00
    outer loop
      vertex   8.752123e+00 9.632818e+01 -7.700000e+00
      vertex   8.752123e+00 9.632818e+01 -1.200000e+01
      vertex   8.573751e+00 9.603172e+01 -7.700000e+00
    endloop
  endfacet
  facet normal -8.568572e-01 5.155539e-01 0.000000e+00
    outer loop
      vertex   8.573751e+00 9.603172e+01 -7.700000e+00
      vertex   8.752123e+00 9.632818e+01 -1.200000e+01
      vertex   8.573751e+00 9.603172e+01 -1.200000e+01
    endloop
  endfacet
  facet normal -7.259955e-01 6.876995e-01 0.000000e+00
    outer loop
      vertex   8.573751e+00 9.603172e+01 -7.700000e+00
      vertex   8.573751e+00 9.603172e+01 -1.200000e+01
      vertex   8.335820e+00 9.578054e+01 -7.700000e+00
    endloop
  endfacet
  facet normal -7.259955e-01 6.876995e-01 0.000000e+00
    outer loop
      vertex   8.335820e+00 9.578054e+01 -7.700000e+00
      vertex   8.573751e+00 9.603172e+01 -1.200000e+01
      vertex   8.335820e+00 9.578054e+01 -1.200000e+01
    endloop
  endfacet
  facet normal -5.611871e-01 8.276890e-01 0.000000e+00
    outer loop
      vertex   8.335820e+00 9.578054e+01 -7.700000e+00
      vertex   8.335820e+00 9.578054e+01 -1.200000e+01
      vertex   8.049456e+00 9.558638e+01 -7.700000e+00
    endloop
  endfacet
  facet normal -5.611871e-01 8.276890e-01 0.000000e+00
    outer loop
      vertex   8.049456e+00 9.558638e+01 -7.700000e+00
      vertex   8.335820e+00 9.578054e+01 -1.200000e+01
      vertex   8.049456e+00 9.558638e+01 -1.200000e+01
    endloop
  endfacet
  facet normal -3.701382e-01 9.289767e-01 0.000000e+00
    outer loop
      vertex   8.049456e+00 9.558638e+01 -7.700000e+00
      vertex   8.049456e+00 9.558638e+01 -1.200000e+01
      vertex   7.728047e+00 9.545832e+01 -7.700000e+00
    endloop
  endfacet
  facet normal -3.701382e-01 9.289767e-01 0.000000e+00
    outer loop
      vertex   7.728047e+00 9.545832e+01 -7.700000e+00
      vertex   8.049456e+00 9.558638e+01 -1.200000e+01
      vertex   7.728047e+00 9.545832e+01 -1.200000e+01
    endloop
  endfacet
  facet normal -1.617820e-01 9.868265e-01 0.000000e+00
    outer loop
      vertex   7.728047e+00 9.545832e+01 -7.700000e+00
      vertex   7.728047e+00 9.545832e+01 -1.200000e+01
      vertex   7.386624e+00 9.540234e+01 -7.700000e+00
    endloop
  endfacet
  facet normal -1.617820e-01 9.868265e-01 0.000000e+00
    outer loop
      vertex   7.386624e+00 9.540234e+01 -7.700000e+00
      vertex   7.728047e+00 9.545832e+01 -1.200000e+01
      vertex   7.386624e+00 9.540234e+01 -1.200000e+01
    endloop
  endfacet
  facet normal 5.413891e-02 9.985334e-01 0.000000e+00
    outer loop
      vertex   7.386624e+00 9.540234e+01 -7.700000e+00
      vertex   7.386624e+00 9.540234e+01 -1.200000e+01
      vertex   7.041151e+00 9.542108e+01 -7.700000e+00
    endloop
  endfacet
  facet normal 5.413891e-02 9.985334e-01 0.000000e+00
    outer loop
      vertex   7.041151e+00 9.542108e+01 -7.700000e+00
      vertex   7.386624e+00 9.540234e+01 -1.200000e+01
      vertex   7.041151e+00 9.542108e+01 -1.200000e+01
    endloop
  endfacet
  facet normal 2.675283e-01 9.635500e-01 0.000000e+00
    outer loop
      vertex   7.041151e+00 9.542108e+01 -7.700000e+00
      vertex   7.041151e+00 9.542108e+01 -1.200000e+01
      vertex   6.707781e+00 9.551363e+01 -7.700000e+00
    endloop
  endfacet
  facet normal 2.675283e-01 9.635500e-01 0.000000e+00
    outer loop
      vertex   6.707781e+00 9.551363e+01 -7.700000e+00
      vertex   7.041151e+00 9.542108e+01 -1.200000e+01
      vertex   6.707781e+00 9.551363e+01 -1.200000e+01
    endloop
  endfacet
  facet normal 4.684084e-01 8.835120e-01 0.000000e+00
    outer loop
      vertex   6.707781e+00 9.551363e+01 -7.700000e+00
      vertex   6.707781e+00 9.551363e+01 -1.200000e+01
      vertex   6.402103e+00 9.567570e+01 -7.700000e+00
    endloop
  endfacet
  facet normal 4.684084e-01 8.835120e-01 0.000000e+00
    outer loop
      vertex   6.402103e+00 9.567570e+01 -7.700000e+00
      vertex   6.707781e+00 9.551363e+01 -1.200000e+01
      vertex   6.402103e+00 9.567570e+01 -1.200000e+01
    endloop
  endfacet
  facet normal 6.473863e-01 7.621621e-01 0.000000e+00
    outer loop
      vertex   6.402103e+00 9.567570e+01 -7.700000e+00
      vertex   6.402103e+00 9.567570e+01 -1.200000e+01
      vertex   6.138409e+00 9.589968e+01 -7.700000e+00
    endloop
  endfacet
  facet normal 6.473863e-01 7.621621e-01 0.000000e+00
    outer loop
      vertex   6.138409e+00 9.589968e+01 -7.700000e+00
      vertex   6.402103e+00 9.567570e+01 -1.200000e+01
      vertex   6.138409e+00 9.589968e+01 -1.200000e+01
    endloop
  endfacet
  facet normal 7.960931e-01 6.051742e-01 0.000000e+00
    outer loop
      vertex   6.138409e+00 9.589968e+01 -7.700000e+00
      vertex   6.138409e+00 9.589968e+01 -1.200000e+01
      vertex   5.929031e+00 9.617511e+01 -7.700000e+00
    endloop
  endfacet
  facet normal 7.960931e-01 6.051742e-01 0.000000e+00
    outer loop
      vertex   5.929031e+00 9.617511e+01 -7.700000e+00
      vertex   6.138409e+00 9.589968e+01 -1.200000e+01
      vertex   5.929031e+00 9.617511e+01 -1.200000e+01
    endloop
  endfacet
  facet normal 9.075754e-01 4.198891e-01 0.000000e+00
    outer loop
      vertex   5.929031e+00 9.617511e+01 -7.700000e+00
      vertex   5.929031e+00 9.617511e+01 -1.200000e+01
      vertex   5.783757e+00 9.648912e+01 -7.700000e+00
    endloop
  endfacet
  facet normal 9.075754e-01 4.198891e-01 0.000000e+00
    outer loop
      vertex   5.783757e+00 9.648912e+01 -7.700000e+00
      vertex   5.929031e+00 9.617511e+01 -1.200000e+01
      vertex   5.783757e+00 9.648912e+01 -1.200000e+01
    endloop
  endfacet
  facet normal 9.766206e-01 2.149704e-01 0.000000e+00
    outer loop
      vertex   5.783757e+00 9.648912e+01 -7.700000e+00
      vertex   5.783757e+00 9.648912e+01 -1.200000e+01
      vertex   5.709381e+00 9.682701e+01 -7.700000e+00
    endloop
  endfacet
  facet normal 9.766206e-01 2.149704e-01 0.000000e+00
    outer loop
      vertex   5.709381e+00 9.682701e+01 -7.700000e+00
      vertex   5.783757e+00 9.648912e+01 -1.200000e+01
      vertex   5.709381e+00 9.682701e+01 -1.200000e+01
    endloop
  endfacet
  facet normal 1.000000e+00 -0.000000e+00 0.000000e+00
    outer loop
      vertex   5.709381e+00 9.682701e+01 -7.700000e+00
      vertex   5.709381e+00 9.682701e+01 -1.200000e+01
      vertex   5.709381e+00 9.717299e+01 -7.700000e+00
    endloop
  endfacet
  facet normal 1.000000e+00 0.000000e+00 0.000000e+00
    outer loop
      vertex   5.709381e+00 9.717299e+01 -7.700000e+00
      vertex   5.709381e+00 9.682701e+01 -1.200000e+01
      vertex   5.709381e+00 9.717299e+01 -1.200000e+01
    endloop
  endfacet
  facet normal 9.766206e-01 -2.149704e-01 0.000000e+00
    outer loop
      vertex   5.709381e+00 9.717299e+01 -7.700000e+00
      vertex   5.709381e+00 9.717299e+01 -1.200000e+01
      vertex   5.783757e+00 9.751088e+01 -7.700000e+00
    endloop
  endfacet
  facet normal 9.766206e-01 -2.149704e-01 0.000000e+00
    outer loop
      vertex   5.783757e+00 9.751088e+01 -7.700000e+00
      vertex   5.709381e+00 9.717299e+01 -1.200000e+01
      vertex   5.783757e+00 9.751088e+01 -1.200000e+01
    endloop
  endfacet
  facet normal 9.075754e-01 -4.198891e-01 0.000000e+00
    outer loop
      vertex   5.783757e+00 9.751088e+01 -7.700000e+00
      vertex   5.783757e+00 9.751088e+01 -1.200000e+01
      vertex   5.929031e+00 9.782488e+01 -7.700000e+00
    endloop
  endfacet
  facet normal 9.075754e-01 -4.198891e-01 0.000000e+00
    outer loop
      vertex   5.929031e+00 9.782488e+01 -7.700000e+00
      vertex   5.783757e+00 9.751088e+01 -1.200000e+01
      vertex   5.929031e+00 9.782488e+01 -1.200000e+01
    endloop
  endfacet
  facet normal 7.960931e-01 -6.051742e-01 0.000000e+00
    outer loop
      vertex   5.929031e+00 9.782488e+01 -7.700000e+00
      vertex   5.929031e+00 9.782488e+01 -1.200000e+01
      vertex   6.138409e+00 9.810032e+01 -7.700000e+00
    endloop
  endfacet
  facet normal 7.960931e-01 -6.051742e-01 0.000000e+00
    outer loop
      vertex   6.138409e+00 9.810032e+01 -7.700000e+00
      vertex   5.929031e+00 9.782488e+01 -1.200000e+01
      vertex   6.138409e+00 9.810032e+01 -1.200000e+01
    endloop
  endfacet
  facet normal 6.473863e-01 -7.621621e-01 0.000000e+00
    outer loop
      vertex   6.138409e+00 9.810032e+01 -7.700000e+00
      vertex   6.138409e+00 9.810032e+01 -1.200000e+01
      vertex   6.402103e+00 9.832430e+01 -7.700000e+00
    endloop
  endfacet
  facet normal 6.473863e-01 -7.621621e-01 0.000000e+00
    outer loop
      vertex   6.402103e+00 9.832430e+01 -7.700000e+00
      vertex   6.138409e+00 9.810032e+01 -1.200000e+01
      vertex   6.402103e+00 9.832430e+01 -1.200000e+01
    endloop
  endfacet
  facet normal 4.684084e-01 -8.835120e-01 0.000000e+00
    outer loop
      vertex   6.402103e+00 9.832430e+01 -7.700000e+00
      vertex   6.402103e+00 9.832430e+01 -1.200000e+01
      vertex   6.707781e+00 9.848636e+01 -7.700000e+00
    endloop
  endfacet
  facet normal 4.684084e-01 -8.835120e-01 0.000000e+00
    outer loop
      vertex   6.707781e+00 9.848636e+01 -7.700000e+00
      vertex   6.402103e+00 9.832430e+01 -1.200000e+01
      vertex   6.707781e+00 9.848636e+01 -1.200000e+01
    endloop
  endfacet
  facet normal 2.675283e-01 -9.635500e-01 0.000000e+00
    outer loop
      vertex   6.707781e+00 9.848636e+01 -7.700000e+00
      vertex   6.707781e+00 9.848636e+01 -1.200000e+01
      vertex   7.041151e+00 9.857892e+01 -7.700000e+00
    endloop
  endfacet
  facet normal 2.675283e-01 -9.635500e-01 0.000000e+00
    outer loop
      vertex   7.041151e+00 9.857892e+01 -7.700000e+00
      vertex   6.707781e+00 9.848636e+01 -1.200000e+01
      vertex   7.041151e+00 9.857892e+01 -1.200000e+01
    endloop
  endfacet
  facet normal 5.413891e-02 -9.985334e-01 0.000000e+00
    outer loop
      vertex   7.041151e+00 9.857892e+01 -7.700000e+00
      vertex   7.041151e+00 9.857892e+01 -1.200000e+01
      vertex   7.386624e+00 9.859765e+01 -7.700000e+00
    endloop
  endfacet
  facet normal 5.413891e-02 -9.985334e-01 0.000000e+00
    outer loop
      vertex   7.386624e+00 9.859765e+01 -7.700000e+00
      vertex   7.041151e+00 9.857892e+01 -1.200000e+01
      vertex   7.386624e+00 9.859765e+01 -1.200000e+01
    endloop
  endfacet
  facet normal -1.617820e-01 -9.868265e-01 -0.000000e+00
    outer loop
      vertex   7.386624e+00 9.859765e+01 -7.700000e+00
      vertex   7.386624e+00 9.859765e+01 -1.200000e+01
      vertex   7.728047e+00 9.854168e+01 -7.700000e+00
    endloop
  endfacet
  facet normal -1.617820e-01 -9.868265e-01 -0.000000e+00
    outer loop
      vertex   7.728047e+00 9.854168e+01 -7.700000e+00
      vertex   7.386624e+00 9.859765e+01 -1.200000e+01
      vertex   7.728047e+00 9.854168e+01 -1.200000e+01
    endloop
  endfacet
  facet normal -3.701382e-01 -9.289767e-01 -0.000000e+00
    outer loop
      vertex   7.728047e+00 9.854168e+01 -7.700000e+00
      vertex   7.728047e+00 9.854168e+01 -1.200000e+01
      vertex   8.049456e+00 9.841362e+01 -7.700000e+00
    endloop
  endfacet
  facet normal -3.701382e-01 -9.289767e-01 -0.000000e+00
    outer loop
      vertex   8.049456e+00 9.841362e+01 -7.700000e+00
      vertex   7.728047e+00 9.854168e+01 -1.200000e+01
      vertex   8.049456e+00 9.841362e+01 -1.200000e+01
    endloop
  endfacet
  facet normal -5.611871e-01 -8.276890e-01 -0.000000e+00
    outer loop
      vertex   8.049456e+00 9.841362e+01 -7.700000e+00
      vertex   8.049456e+00 9.841362e+01 -1.200000e+01
      vertex   8.335820e+00 9.821946e+01 -7.700000e+00
    endloop
  endfacet
  facet normal -5.611871e-01 -8.276890e-01 -0.000000e+00
    outer loop
      vertex   8.335820e+00 9.821946e+01 -7.700000e+00
      vertex   8.049456e+00 9.841362e+01 -1.200000e+01
      vertex   8.335820e+00 9.821946e+01 -1.200000e+01
    endloop
  endfacet
  facet normal -7.259955e-01 -6.876995e-01 -0.000000e+00
    outer loop
      vertex   8.335820e+00 9.821946e+01 -7.700000e+00
      vertex   8.335820e+00 9.821946e+01 -1.200000e+01
      vertex   8.573751e+00 9.796828e+01 -7.700000e+00
    endloop
  endfacet
  facet normal -7.259955e-01 -6.876995e-01 -0.000000e+00
    outer loop
      vertex   8.573751e+00 9.796828e+01 -7.700000e+00
      vertex   8.335820e+00 9.821946e+01 -1.200000e+01
      vertex   8.573751e+00 9.796828e+01 -1.200000e+01
    endloop
  endfacet
  facet normal -8.568572e-01 -5.155539e-01 -0.000000e+00
    outer loop
      vertex   8.573751e+00 9.796828e+01 -7.700000e+00
      vertex   8.573751e+00 9.796828e+01 -1.200000e+01
      vertex   8.752123e+00 9.767182e+01 -7.700000e+00
    endloop
  endfacet
  facet normal -8.568572e-01 -5.155539e-01 -0.000000e+00
    outer loop
      vertex   8.752123e+00 9.767182e+01 -7.700000e+00
      vertex   8.573751e+00 9.796828e+01 -1.200000e+01
      vertex   8.752123e+00 9.767182e+01 -1.200000e+01
    endloop
  endfacet
  facet normal -9.476532e-01 -3.193015e-01 -0.000000e+00
    outer loop
      vertex   8.752123e+00 9.767182e+01 -7.700000e+00
      vertex   8.752123e+00 9.767182e+01 -1.200000e+01
      vertex   8.862595e+00 9.734395e+01 -7.700000e+00
    endloop
  endfacet
  facet normal -9.476532e-01 -3.193015e-01 -0.000000e+00
    outer loop
      vertex   8.862595e+00 9.734395e+01 -7.700000e+00
      vertex   8.752123e+00 9.767182e+01 -1.200000e+01
      vertex   8.862595e+00 9.734395e+01 -1.200000e+01
    endloop
  endfacet
  facet normal 2.272590e-01 -9.738343e-01 0.000000e+00
    outer loop
      vertex   4.440892e-15 9.000000e+01 -5.900000e+00
      vertex   -3.270472e+01 8.236786e+01 -5.900000e+00
      vertex   4.440892e-15 9.000000e+01 -6.900000e+00
    endloop
  endfacet
  facet normal 2.272590e-01 -9.738343e-01 1.692602e-15
    outer loop
      vertex   4.440892e-15 9.000000e+01 -6.900000e+00
      vertex   -3.270472e+01 8.236786e+01 -5.900000e+00
      vertex   -3.270472e+01 8.236786e+01 -6.900000e+00
    endloop
  endfacet
  facet normal -0.000000e+00 1.000000e+00 0.000000e+00
    outer loop
      vertex   -2.312573e+01 5.363972e+01 -5.900000e+00
      vertex   2.312573e+01 5.363972e+01 -5.900000e+00
      vertex   -2.312573e+01 5.363972e+01 -6.900000e+00
    endloop
  endfacet
  facet normal 0.000000e+00 1.000000e+00 0.000000e+00
    outer loop
      vertex   -2.312573e+01 5.363972e+01 -6.900000e+00
      vertex   2.312573e+01 5.363972e+01 -5.900000e+00
      vertex   2.312573e+01 5.363972e+01 -6.900000e+00
    endloop
  endfacet
  facet normal -2.272590e-01 -9.738343e-01 -0.000000e+00
    outer loop
      vertex   3.270472e+01 8.236786e+01 -5.900000e+00
      vertex   4.440892e-15 9.000000e+01 -5.900000e+00
      vertex   3.270472e+01 8.236786e+01 -6.900000e+00
    endloop
  endfacet
  facet normal -2.272590e-01 -9.738343e-01 0.000000e+00
    outer loop
      vertex   3.270472e+01 8.236786e+01 -6.900000e+00
      vertex   4.440892e-15 9.000000e+01 -5.900000e+00
      vertex   4.440892e-15 9.000000e+01 -6.900000e+00
    endloop
  endfacet
  facet normal 0.000000e+00 0.000000e+00 1.000000e+00
    outer loop
      vertex   3.270472e+01 8.236786e+01 -6.900000e+00
      vertex   4.440892e-15 9.000000e+01 -6.900000e+00
      vertex   3.094939e+01 7.983831e+01 -6.900000e+00
    endloop
  endfacet
  facet normal 0.000000e+00 0.000000e+00 1.000000e+00
    outer loop
      vertex   3.094939e+01 7.983831e+01 -6.900000e+00
      vertex   4.440892e-15 9.000000e+01 -6.900000e+00
      vertex   2.935755e+01 7.720281e+01 -6.900000e+00
    endloop
  endfacet
  facet normal 0.000000e+00 0.000000e+00 1.000000e+00
    outer loop
      vertex   2.935755e+01 7.720281e+01 -6.900000e+00
      vertex   4.440892e-15 9.000000e+01 -6.900000e+00
      vertex   2.793559e+01 7.447191e+01 -6.900000e+00
    endloop
  endfacet
  facet normal 0.000000e+00 0.000000e+00 1.000000e+00
    outer loop
      vertex   2.793559e+01 7.447191e+01 -6.900000e+00
      vertex   4.440892e-15 9.000000e+01 -6.900000e+00
      vertex   2.668920e+01 7.165654e+01 -6.900000e+00
    endloop
  endfacet
  facet normal 0.000000e+00 0.000000e+00 1.000000e+00
    outer loop
      vertex   2.668920e+01 7.165654e+01 -6.900000e+00
      vertex   4.440892e-15 9.000000e+01 -6.900000e+00
      vertex   -2.668920e+01 7.165654e+01 -6.900000e+00
    endloop
  endfacet
  facet normal 0.000000e+00 0.000000e+00 1.000000e+00
    outer loop
      vertex   2.668920e+01 7.165654e+01 -6.900000e+00
      vertex   -2.668920e+01 7.165654e+01 -6.900000e+00
      vertex   2.562336e+01 6.876798e+01 -6.900000e+00
    endloop
  endfacet
  facet normal 0.000000e+00 0.000000e+00 1.000000e+00
    outer loop
      vertex   2.562336e+01 6.876798e+01 -6.900000e+00
      vertex   -2.668920e+01 7.165654e+01 -6.900000e+00
      vertex   -2.562336e+01 6.876798e+01 -6.900000e+00
    endloop
  endfacet
  facet normal 0.000000e+00 0.000000e+00 1.000000e+00
    outer loop
      vertex   2.562336e+01 6.876798e+01 -6.900000e+00
      vertex   -2.562336e+01 6.876798e+01 -6.900000e+00
      vertex   2.474235e+01 6.581779e+01 -6.900000e+00
    endloop
  endfacet
  facet normal 0.000000e+00 0.000000e+00 1.000000e+00
    outer loop
      vertex   2.474235e+01 6.581779e+01 -6.900000e+00
      vertex   -2.562336e+01 6.876798e+01 -6.900000e+00
      vertex   -2.474235e+01 6.581779e+01 -6.900000e+00
    endloop
  endfacet
  facet normal 0.000000e+00 0.000000e+00 1.000000e+00
    outer loop
      vertex   2.474235e+01 6.581779e+01 -6.900000e+00
      vertex   -2.474235e+01 6.581779e+01 -6.900000e+00
      vertex   2.404969e+01 6.281779e+01 -6.900000e+00
    endloop
  endfacet
  facet normal 0.000000e+00 0.000000e+00 1.000000e+00
    outer loop
      vertex   2.404969e+01 6.281779e+01 -6.900000e+00
      vertex   -2.474235e+01 6.581779e+01 -6.900000e+00
      vertex   -2.404969e+01 6.281779e+01 -6.900000e+00
    endloop
  endfacet
  facet normal 0.000000e+00 0.000000e+00 1.000000e+00
    outer loop
      vertex   2.404969e+01 6.281779e+01 -6.900000e+00
      vertex   -2.404969e+01 6.281779e+01 -6.900000e+00
      vertex   2.354816e+01 5.977998e+01 -6.900000e+00
    endloop
  endfacet
  facet normal 0.000000e+00 0.000000e+00 1.000000e+00
    outer loop
      vertex   2.354816e+01 5.977998e+01 -6.900000e+00
      vertex   -2.404969e+01 6.281779e+01 -6.900000e+00
      vertex   -2.354816e+01 5.977998e+01 -6.900000e+00
    endloop
  endfacet
  facet normal 0.000000e+00 0.000000e+00 1.000000e+00
    outer loop
      vertex   2.354816e+01 5.977998e+01 -6.900000e+00
      vertex   -2.354816e+01 5.977998e+01 -6.900000e+00
      vertex   2.323976e+01 5.671654e+01 -6.900000e+00
    endloop
  endfacet
  facet normal 0.000000e+00 0.000000e+00 1.000000e+00
    outer loop
      vertex   2.323976e+01 5.671654e+01 -6.900000e+00
      vertex   -2.354816e+01 5.977998e+01 -6.900000e+00
      vertex   -2.323976e+01 5.671654e+01 -6.900000e+00
    endloop
  endfacet
  facet normal 0.000000e+00 0.000000e+00 1.000000e+00
    outer loop
      vertex   2.323976e+01 5.671654e+01 -6.900000e+00
      vertex   -2.323976e+01 5.671654e+01 -6.900000e+00
      vertex   2.312573e+01 5.363972e+01 -6.900000e+00
    endloop
  endfacet
  facet normal 0.000000e+00 0.000000e+00 1.000000e+00
    outer loop
      vertex   2.312573e+01 5.363972e+01 -6.900000e+00
      vertex   -2.323976e+01 5.671654e+01 -6.900000e+00
      vertex   -2.312573e+01 5.363972e+01 -6.900000e+00
    endloop
  endfacet
  facet normal -0.000000e+00 0.000000e+00 1.000000e+00
    outer loop
      vertex   -3.270472e+01 8.236786e+01 -6.900000e+00
      vertex   -3.094939e+01 7.983831e+01 -6.900000e+00
      vertex   4.440892e-15 9.000000e+01 -6.900000e+00
    endloop
  endfacet
  facet normal 0.000000e+00 0.000000e+00 1.000000e+00
    outer loop
      vertex   4.440892e-15 9.000000e+01 -6.900000e+00
      vertex   -3.094939e+01 7.983831e+01 -6.900000e+00
      vertex   -2.935755e+01 7.720281e+01 -6.900000e+00
    endloop
  endfacet
  facet normal 0.000000e+00 0.000000e+00 1.000000e+00
    outer loop
      vertex   4.440892e-15 9.000000e+01 -6.900000e+00
      vertex   -2.935755e+01 7.720281e+01 -6.900000e+00
      vertex   -2.793559e+01 7.447191e+01 -6.900000e+00
    endloop
  endfacet
  facet normal -0.000000e+00 0.000000e+00 1.000000e+00
    outer loop
      vertex   -2.793559e+01 7.447191e+01 -6.900000e+00
      vertex   -2.668920e+01 7.165654e+01 -6.900000e+00
      vertex   4.440892e-15 9.000000e+01 -6.900000e+00
    endloop
  endfacet
  facet normal -9.999379e-01 1.114305e-02 -1.965331e-04
    outer loop
      vertex   -2.314367e+01 5.203015e+01 -5.900000e+00
      vertex   -2.312573e+01 5.363972e+01 -5.900000e+00
      vertex   -2.314163e+01 5.210620e+01 -1.200000e+01
    endloop
  endfacet
  facet normal -9.999463e-01 1.036137e-02 3.551787e-15
    outer loop
      vertex   -2.314163e+01 5.210620e+01 -1.200000e+01
      vertex   -2.312573e+01 5.363972e+01 -5.900000e+00
      vertex   -2.312573e+01 5.363972e+01 -6.900000e+00
    endloop
  endfacet
  facet normal -9.999552e-01 -7.743416e-03 5.443962e-03
    outer loop
      vertex   -2.314163e+01 5.210620e+01 -1.200000e+01
      vertex   -2.312573e+01 5.363972e+01 -6.900000e+00
      vertex   -2.316714e+01 5.540102e+01 -1.200000e+01
    endloop
  endfacet
  facet normal -9.993031e-01 -3.703399e-02 -4.676925e-03
    outer loop
      vertex   -2.316714e+01 5.540102e+01 -1.200000e+01
      vertex   -2.312573e+01 5.363972e+01 -6.900000e+00
      vertex   -2.323976e+01 5.671654e+01 -6.900000e+00
    endloop
  endfacet
  facet normal -9.971394e-01 -7.540126e-02 5.250495e-03
    outer loop
      vertex   -2.316714e+01 5.540102e+01 -1.200000e+01
      vertex   -2.323976e+01 5.671654e+01 -6.900000e+00
      vertex   -2.341558e+01 5.868656e+01 -1.200000e+01
    endloop
  endfacet
  facet normal -9.949614e-01 -1.001625e-01 -4.389358e-03
    outer loop
      vertex   -2.341558e+01 5.868656e+01 -1.200000e+01
      vertex   -2.323976e+01 5.671654e+01 -6.900000e+00
      vertex   -2.354816e+01 5.977998e+01 -6.900000e+00
    endloop
  endfacet
  facet normal -9.897520e-01 -1.427136e-01 4.868835e-03
    outer loop
      vertex   -2.341558e+01 5.868656e+01 -1.200000e+01
      vertex   -2.354816e+01 5.977998e+01 -6.900000e+00
      vertex   -2.388582e+01 6.194776e+01 -1.200000e+01
    endloop
  endfacet
  facet normal -9.866364e-01 -1.628902e-01 -3.913599e-03
    outer loop
      vertex   -2.388582e+01 6.194776e+01 -1.200000e+01
      vertex   -2.354816e+01 5.977998e+01 -6.900000e+00
      vertex   -2.404969e+01 6.281779e+01 -6.900000e+00
    endloop
  endfacet
  facet normal -9.778266e-01 -2.093719e-01 4.298987e-03
    outer loop
      vertex   -2.388582e+01 6.194776e+01 -1.200000e+01
      vertex   -2.404969e+01 6.281779e+01 -6.900000e+00
      vertex   -2.457569e+01 6.516965e+01 -1.200000e+01
    endloop
  endfacet
  facet normal -9.743612e-01 -2.249661e-01 -3.249654e-03
    outer loop
      vertex   -2.457569e+01 6.516965e+01 -1.200000e+01
      vertex   -2.404969e+01 6.281779e+01 -6.900000e+00
      vertex   -2.474235e+01 6.581779e+01 -6.900000e+00
    endloop
  endfacet
  facet normal -9.614175e-01 -2.750706e-01 3.540959e-03
    outer loop
      vertex   -2.457569e+01 6.516965e+01 -1.200000e+01
      vertex   -2.474235e+01 6.581779e+01 -6.900000e+00
      vertex   -2.548203e+01 6.833746e+01 -1.200000e+01
    endloop
  endfacet
  facet normal -9.581844e-01 -2.861414e-01 -2.397533e-03
    outer loop
      vertex   -2.548203e+01 6.833746e+01 -1.200000e+01
      vertex   -2.474235e+01 6.581779e+01 -6.900000e+00
      vertex   -2.562336e+01 6.876798e+01 -6.900000e+00
    endloop
  endfacet
  facet normal -9.405995e-01 -3.395082e-01 2.594761e-03
    outer loop
      vertex   -2.548203e+01 6.833746e+01 -1.200000e+01
      vertex   -2.562336e+01 6.876798e+01 -6.900000e+00
      vertex   -2.660069e+01 7.143667e+01 -1.200000e+01
    endloop
  endfacet
  facet normal -9.381704e-01 -3.461711e-01 -1.357252e-03
    outer loop
      vertex   -2.660069e+01 7.143667e+01 -1.200000e+01
      vertex   -2.562336e+01 6.876798e+01 -6.900000e+00
      vertex   -2.668920e+01 7.165654e+01 -6.900000e+00
    endloop
  endfacet
  facet normal -9.154676e-01 -4.023891e-01 1.460410e-03
    outer loop
      vertex   -2.660069e+01 7.143667e+01 -1.200000e+01
      vertex   -2.668920e+01 7.165654e+01 -6.900000e+00
      vertex   -2.792653e+01 7.445307e+01 -1.200000e+01
    endloop
  endfacet
  facet normal -9.143988e-01 -4.048145e-01 -1.288300e-04
    outer loop
      vertex   -2.792653e+01 7.445307e+01 -1.200000e+01
      vertex   -2.668920e+01 7.165654e+01 -6.900000e+00
      vertex   -2.793559e+01 7.447191e+01 -6.900000e+00
    endloop
  endfacet
  facet normal -8.869650e-01 -4.618367e-01 1.305908e-04
    outer loop
      vertex   -2.792653e+01 7.445307e+01 -1.200000e+01
      vertex   -2.793559e+01 7.447191e+01 -6.900000e+00
      vertex   -2.935755e+01 7.720281e+01 -6.900000e+00
    endloop
  endfacet
  facet normal -8.861357e-01 -4.634242e-01 1.219190e-03
    outer loop
      vertex   -2.792653e+01 7.445307e+01 -1.200000e+01
      vertex   -2.935755e+01 7.720281e+01 -6.900000e+00
      vertex   -2.945348e+01 7.737282e+01 -1.200000e+01
    endloop
  endfacet
  facet normal -8.559790e-01 -5.170093e-01 -1.134233e-03
    outer loop
      vertex   -2.945348e+01 7.737282e+01 -1.200000e+01
      vertex   -2.935755e+01 7.720281e+01 -6.900000e+00
      vertex   -3.094939e+01 7.983831e+01 -6.900000e+00
    endloop
  endfacet
  facet normal -8.527383e-01 -5.223329e-01 2.389946e-03
    outer loop
      vertex   -2.945348e+01 7.737282e+01 -1.200000e+01
      vertex   -3.094939e+01 7.983831e+01 -6.900000e+00
      vertex   -3.117453e+01 8.018253e+01 -1.200000e+01
    endloop
  endfacet
  facet normal -8.215647e-01 -5.701109e-01 -2.210921e-03
    outer loop
      vertex   -3.117453e+01 8.018253e+01 -1.200000e+01
      vertex   -3.094939e+01 7.983831e+01 -6.900000e+00
      vertex   -3.270472e+01 8.236786e+01 -6.900000e+00
    endloop
  endfacet
  facet normal -8.154301e-01 -5.788458e-01 3.372553e-03
    outer loop
      vertex   -3.117453e+01 8.018253e+01 -1.200000e+01
      vertex   -3.270472e+01 8.236786e+01 -6.900000e+00
      vertex   -3.308179e+01 8.286932e+01 -1.200000e+01
    endloop
  endfacet
  facet normal -7.992594e-01 -6.009861e-01 -5.706726e-15
    outer loop
      vertex   -3.308179e+01 8.286932e+01 -1.200000e+01
      vertex   -3.270472e+01 8.236786e+01 -6.900000e+00
      vertex   -3.270472e+01 8.236786e+01 -5.900000e+00
    endloop
  endfacet
  facet normal -7.950388e-01 -6.065582e-01 -7.189626e-04
    outer loop
      vertex   -3.308179e+01 8.286932e+01 -1.200000e+01
      vertex   -3.270472e+01 8.236786e+01 -5.900000e+00
      vertex   -3.349787e+01 8.340746e+01 -5.900000e+00
    endloop
  endfacet
  facet normal -7.784505e-01 -6.277018e-01 2.277800e-03
    outer loop
      vertex   -3.349787e+01 8.340746e+01 -5.900000e+00
      vertex   -3.431866e+01 8.442538e+01 -5.900000e+00
      vertex   -3.308179e+01 8.286932e+01 -1.200000e+01
    endloop
  endfacet
  facet normal -7.743820e-01 -6.327032e-01 4.378595e-03
    outer loop
      vertex   -3.308179e+01 8.286932e+01 -1.200000e+01
      vertex   -3.431866e+01 8.442538e+01 -5.900000e+00
      vertex   -3.516652e+01 8.542087e+01 -1.200000e+01
    endloop
  endfacet
  facet normal -7.613040e-01 -6.483952e-01 -8.867852e-16
    outer loop
      vertex   -3.516652e+01 8.542087e+01 -1.200000e+01
      vertex   -3.431866e+01 8.442538e+01 -5.900000e+00
      vertex   -3.516652e+01 8.542087e+01 -5.900000e+00
    endloop
  endfacet
  facet normal -9.990221e-01 4.421230e-02 2.160280e-04
    outer loop
      vertex   -2.314367e+01 5.203015e+01 -5.900000e+00
      vertex   -2.314163e+01 5.210620e+01 -1.200000e+01
      vertex   -2.321484e+01 5.042206e+01 -5.900000e+00
    endloop
  endfacet
  facet normal -9.981909e-01 5.995012e-02 4.571027e-03
    outer loop
      vertex   -2.321484e+01 5.042206e+01 -5.900000e+00
      vertex   -2.314163e+01 5.210620e+01 -1.200000e+01
      vertex   -2.333916e+01 4.881721e+01 -1.200000e+01
    endloop
  endfacet
  facet normal -9.970131e-01 7.723317e-02 2.613032e-14
    outer loop
      vertex   -2.321484e+01 5.042206e+01 -5.900000e+00
      vertex   -2.333916e+01 4.881721e+01 -1.200000e+01
      vertex   -2.333916e+01 4.881721e+01 -5.900000e+00
    endloop
  endfacet
  facet normal 0.000000e+00 -1.691769e-15 1.000000e+00
    outer loop
      vertex   5.683421e+00 9.420000e+01 -5.900000e+00
      vertex   4.440892e-15 9.000000e+01 -5.900000e+00
      vertex   8.916583e+00 9.420000e+01 -5.900000e+00
    endloop
  endfacet
  facet normal -3.096355e-16 -1.034414e-15 1.000000e+00
    outer loop
      vertex   8.916583e+00 9.420000e+01 -5.900000e+00
      vertex   4.440892e-15 9.000000e+01 -5.900000e+00
      vertex   3.349787e+01 8.340746e+01 -5.900000e+00
    endloop
  endfacet
  facet normal 1.067400e-16 -8.606952e-17 1.000000e+00
    outer loop
      vertex   8.916583e+00 9.420000e+01 -5.900000e+00
      vertex   3.349787e+01 8.340746e+01 -5.900000e+00
      vertex   3.431866e+01 8.442538e+01 -5.900000e+00
    endloop
  endfacet
  facet normal -1.360554e-15 -7.855163e-16 1.000000e+00
    outer loop
      vertex   4.066841e+00 9.700000e+01 -5.900000e+00
      vertex   -3.766836e+00 9.700000e+01 -5.900000e+00
      vertex   5.683421e+00 9.420000e+01 -5.900000e+00
    endloop
  endfacet
  facet normal -1.043326e-15 2.851579e-16 1.000000e+00
    outer loop
      vertex   5.683421e+00 9.420000e+01 -5.900000e+00
      vertex   -3.766836e+00 9.700000e+01 -5.900000e+00
      vertex   -5.383417e+00 9.420000e+01 -5.900000e+00
    endloop
  endfacet
  facet normal -1.043326e-15 -2.799446e-16 1.000000e+00
    outer loop
      vertex   5.683421e+00 9.420000e+01 -5.900000e+00
      vertex   -5.383417e+00 9.420000e+01 -5.900000e+00
      vertex   4.440892e-15 9.000000e+01 -5.900000e+00
    endloop
  endfacet
  facet normal 0.000000e+00 1.057356e-15 1.000000e+00
    outer loop
      vertex   4.440892e-15 9.000000e+01 -5.900000e+00
      vertex   -5.383417e+00 9.420000e+01 -5.900000e+00
      vertex   -8.616579e+00 9.420000e+01 -5.900000e+00
    endloop
  endfacet
  facet normal -5.379859e-17 9.469844e-16 1.000000e+00
    outer loop
      vertex   4.440892e-15 9.000000e+01 -5.900000e+00
      vertex   -8.616579e+00 9.420000e+01 -5.900000e+00
      vertex   -3.349787e+01 8.340746e+01 -5.900000e+00
    endloop
  endfacet
  facet normal 2.644661e-16 2.132517e-16 1.000000e+00
    outer loop
      vertex   -3.349787e+01 8.340746e+01 -5.900000e+00
      vertex   -8.616579e+00 9.420000e+01 -5.900000e+00
      vertex   -3.431866e+01 8.442538e+01 -5.900000e+00
    endloop
  endfacet
  facet normal 4.727972e-18 8.962259e-16 1.000000e+00
    outer loop
      vertex   -3.431866e+01 8.442538e+01 -5.900000e+00
      vertex   -8.616579e+00 9.420000e+01 -5.900000e+00
      vertex   -3.516652e+01 8.542087e+01 -5.900000e+00
    endloop
  endfacet
  facet normal -4.807508e-16 2.364417e-15 1.000000e+00
    outer loop
      vertex   -3.516652e+01 8.542087e+01 -5.900000e+00
      vertex   -8.616579e+00 9.420000e+01 -5.900000e+00
      vertex   -3.644213e+01 8.703973e+01 -5.900000e+00
    endloop
  endfacet
  facet normal 2.080473e-16 -3.123227e-16 1.000000e+00
    outer loop
      vertex   -3.644213e+01 8.703973e+01 -5.900000e+00
      vertex   -8.616579e+00 9.420000e+01 -5.900000e+00
      vertex   -2.657195e+01 9.645832e+01 -5.900000e+00
    endloop
  endfacet
  facet normal 1.866677e-17 -1.138623e-16 1.000000e+00
    outer loop
      vertex   -3.644213e+01 8.703973e+01 -5.900000e+00
      vertex   -2.657195e+01 9.645832e+01 -5.900000e+00
      vertex   -2.691338e+01 9.640235e+01 -5.900000e+00
    endloop
  endfacet
  facet normal -1.360554e-15 -7.855163e-16 1.000000e+00
    outer loop
      vertex   -3.766836e+00 9.700000e+01 -5.900000e+00
      vertex   4.066841e+00 9.700000e+01 -5.900000e+00
      vertex   -5.383417e+00 9.980000e+01 -5.900000e+00
    endloop
  endfacet
  facet normal -9.630701e-16 5.560288e-16 1.000000e+00
    outer loop
      vertex   -5.383417e+00 9.980000e+01 -5.900000e+00
      vertex   4.066841e+00 9.700000e+01 -5.900000e+00
      vertex   5.683421e+00 9.980000e+01 -5.900000e+00
    endloop
  endfacet
  facet normal -9.630701e-16 3.204891e-16 1.000000e+00
    outer loop
      vertex   -5.383417e+00 9.980000e+01 -5.900000e+00
      vertex   5.683421e+00 9.980000e+01 -5.900000e+00
      vertex   1.000000e+01 1.100000e+02 -5.900000e+00
    endloop
  endfacet
  facet normal 0.000000e+00 -8.707630e-17 1.000000e+00
    outer loop
      vertex   1.000000e+01 1.100000e+02 -5.900000e+00
      vertex   5.683421e+00 9.980000e+01 -5.900000e+00
      vertex   8.916583e+00 9.980000e+01 -5.900000e+00
    endloop
  endfacet
  facet normal 1.381102e-14 -1.554046e-15 1.000000e+00
    outer loop
      vertex   1.000000e+01 1.100000e+02 -5.900000e+00
      vertex   8.916583e+00 9.980000e+01 -5.900000e+00
      vertex   1.058527e+01 1.100576e+02 -5.900000e+00
    endloop
  endfacet
  facet normal 4.174319e-16 6.247889e-16 1.000000e+00
    outer loop
      vertex   1.058527e+01 1.100576e+02 -5.900000e+00
      vertex   8.916583e+00 9.980000e+01 -5.900000e+00
      vertex   2.640778e+01 9.948636e+01 -5.900000e+00
    endloop
  endfacet
  facet normal -0.000000e+00 0.000000e+00 1.000000e+00
    outer loop
      vertex   1.058527e+01 1.100576e+02 -5.900000e+00
      vertex   2.640778e+01 9.948636e+01 -5.900000e+00
      vertex   1.114805e+01 1.102284e+02 -5.900000e+00
    endloop
  endfacet
  facet normal 0.000000e+00 0.000000e+00 1.000000e+00
    outer loop
      vertex   1.114805e+01 1.102284e+02 -5.900000e+00
      vertex   2.640778e+01 9.948636e+01 -5.900000e+00
      vertex   2.674115e+01 9.957892e+01 -5.900000e+00
    endloop
  endfacet
  facet normal -0.000000e+00 0.000000e+00 1.000000e+00
    outer loop
      vertex   1.114805e+01 1.102284e+02 -5.900000e+00
      vertex   2.674115e+01 9.957892e+01 -5.900000e+00
      vertex   1.166671e+01 1.105056e+02 -5.900000e+00
    endloop
  endfacet
  facet normal -3.852355e-17 -5.314711e-17 1.000000e+00
    outer loop
      vertex   1.166671e+01 1.105056e+02 -5.900000e+00
      vertex   2.674115e+01 9.957892e+01 -5.900000e+00
      vertex   3.748975e+01 1.084995e+02 -5.900000e+00
    endloop
  endfacet
  facet normal -3.142055e-17 3.828605e-17 1.000000e+00
    outer loop
      vertex   1.166671e+01 1.105056e+02 -5.900000e+00
      vertex   3.748975e+01 1.084995e+02 -5.900000e+00
      vertex   1.212132e+01 1.108787e+02 -5.900000e+00
    endloop
  endfacet
  facet normal -3.724937e-17 -2.386543e-17 1.000000e+00
    outer loop
      vertex   1.212132e+01 1.108787e+02 -5.900000e+00
      vertex   3.748975e+01 1.084995e+02 -5.900000e+00
      vertex   3.637789e+01 1.102349e+02 -5.900000e+00
    endloop
  endfacet
  facet normal -3.583550e-17 2.940943e-17 1.000000e+00
    outer loop
      vertex   1.212132e+01 1.108787e+02 -5.900000e+00
      vertex   3.637789e+01 1.102349e+02 -5.900000e+00
      vertex   1.249441e+01 1.113333e+02 -5.900000e+00
    endloop
  endfacet
  facet normal -3.860287e-17 -3.076607e-17 1.000000e+00
    outer loop
      vertex   1.249441e+01 1.113333e+02 -5.900000e+00
      vertex   3.637789e+01 1.102349e+02 -5.900000e+00
      vertex   3.509333e+01 1.118467e+02 -5.900000e+00
    endloop
  endfacet
  facet normal -3.978492e-17 2.126548e-17 1.000000e+00
    outer loop
      vertex   1.249441e+01 1.113333e+02 -5.900000e+00
      vertex   3.509333e+01 1.118467e+02 -5.900000e+00
      vertex   1.277164e+01 1.118519e+02 -5.900000e+00
    endloop
  endfacet
  facet normal -3.979913e-17 -3.905798e-17 1.000000e+00
    outer loop
      vertex   1.277164e+01 1.118519e+02 -5.900000e+00
      vertex   3.509333e+01 1.118467e+02 -5.900000e+00
      vertex   3.364972e+01 1.133177e+02 -5.900000e+00
    endloop
  endfacet
  facet normal -4.346688e-17 1.318553e-17 1.000000e+00
    outer loop
      vertex   1.277164e+01 1.118519e+02 -5.900000e+00
      vertex   3.364972e+01 1.133177e+02 -5.900000e+00
      vertex   1.294236e+01 1.124147e+02 -5.900000e+00
    endloop
  endfacet
  facet normal -4.074654e-17 -4.919911e-17 1.000000e+00
    outer loop
      vertex   1.294236e+01 1.124147e+02 -5.900000e+00
      vertex   3.364972e+01 1.133177e+02 -5.900000e+00
      vertex   3.206239e+01 1.146323e+02 -5.900000e+00
    endloop
  endfacet
  facet normal 1.733442e-15 -1.534624e-14 1.000000e+00
    outer loop
      vertex   1.294236e+01 1.124147e+02 -5.900000e+00
      vertex   3.206239e+01 1.146323e+02 -5.900000e+00
      vertex   1.300000e+01 1.130000e+02 -5.900000e+00
    endloop
  endfacet
  facet normal 9.018388e-16 -5.634683e-15 1.000000e+00
    outer loop
      vertex   1.300000e+01 1.130000e+02 -5.900000e+00
      vertex   3.206239e+01 1.146323e+02 -5.900000e+00
      vertex   3.034819e+01 1.157766e+02 -5.900000e+00
    endloop
  endfacet
  facet normal -9.982749e-16 6.237215e-15 1.000000e+00
    outer loop
      vertex   1.300000e+01 1.130000e+02 -5.900000e+00
      vertex   3.034819e+01 1.157766e+02 -5.900000e+00
      vertex   2.832735e+01 1.168772e+02 -5.900000e+00
    endloop
  endfacet
  facet normal 4.490597e-16 2.592647e-16 1.000000e+00
    outer loop
      vertex   1.053316e+01 9.700000e+01 -5.900000e+00
      vertex   2.548375e+01 9.851088e+01 -5.900000e+00
      vertex   8.916583e+00 9.980000e+01 -5.900000e+00
    endloop
  endfacet
  facet normal 4.139828e-16 -1.915288e-16 1.000000e+00
    outer loop
      vertex   8.916583e+00 9.980000e+01 -5.900000e+00
      vertex   2.548375e+01 9.851088e+01 -5.900000e+00
      vertex   2.562903e+01 9.882489e+01 -5.900000e+00
    endloop
  endfacet
  facet normal 4.071014e-16 -3.094704e-16 1.000000e+00
    outer loop
      vertex   8.916583e+00 9.980000e+01 -5.900000e+00
      vertex   2.562903e+01 9.882489e+01 -5.900000e+00
      vertex   2.583841e+01 9.910032e+01 -5.900000e+00
    endloop
  endfacet
  facet normal 4.509615e-16 -2.603628e-16 1.000000e+00
    outer loop
      vertex   8.916583e+00 9.420000e+01 -5.900000e+00
      vertex   2.610210e+01 9.667570e+01 -5.900000e+00
      vertex   1.053316e+01 9.700000e+01 -5.900000e+00
    endloop
  endfacet
  facet normal 4.678581e-16 5.508051e-16 1.000000e+00
    outer loop
      vertex   1.053316e+01 9.700000e+01 -5.900000e+00
      vertex   2.610210e+01 9.667570e+01 -5.900000e+00
      vertex   2.583841e+01 9.689968e+01 -5.900000e+00
    endloop
  endfacet
  facet normal 4.665726e-16 3.546793e-16 1.000000e+00
    outer loop
      vertex   1.053316e+01 9.700000e+01 -5.900000e+00
      vertex   2.583841e+01 9.689968e+01 -5.900000e+00
      vertex   2.562903e+01 9.717511e+01 -5.900000e+00
    endloop
  endfacet
  facet normal -6.769663e-16 -2.900888e-15 1.000000e+00
    outer loop
      vertex   4.440892e-15 9.000000e+01 -5.900000e+00
      vertex   3.270472e+01 8.236786e+01 -5.900000e+00
      vertex   3.349787e+01 8.340746e+01 -5.900000e+00
    endloop
  endfacet
  facet normal -9.289555e-16 -2.777614e-15 1.000000e+00
    outer loop
      vertex   3.431866e+01 8.442538e+01 -5.900000e+00
      vertex   3.516652e+01 8.542087e+01 -5.900000e+00
      vertex   8.916583e+00 9.420000e+01 -5.900000e+00
    endloop
  endfacet
  facet normal 1.306990e-15 3.907952e-15 1.000000e+00
    outer loop
      vertex   8.916583e+00 9.420000e+01 -5.900000e+00
      vertex   3.516652e+01 8.542087e+01 -5.900000e+00
      vertex   3.644213e+01 8.703973e+01 -5.900000e+00
    endloop
  endfacet
  facet normal 3.635799e-16 2.812923e-16 1.000000e+00
    outer loop
      vertex   8.916583e+00 9.420000e+01 -5.900000e+00
      vertex   3.644213e+01 8.703973e+01 -5.900000e+00
      vertex   2.674115e+01 9.642108e+01 -5.900000e+00
    endloop
  endfacet
  facet normal 5.679431e-17 -3.594559e-17 1.000000e+00
    outer loop
      vertex   2.674115e+01 9.642108e+01 -5.900000e+00
      vertex   3.644213e+01 8.703973e+01 -5.900000e+00
      vertex   3.754436e+01 8.878126e+01 -5.900000e+00
    endloop
  endfacet
  facet normal -6.826633e-18 -1.259098e-16 1.000000e+00
    outer loop
      vertex   2.674115e+01 9.642108e+01 -5.900000e+00
      vertex   3.754436e+01 8.878126e+01 -5.900000e+00
      vertex   2.708662e+01 9.640235e+01 -5.900000e+00
    endloop
  endfacet
  facet normal 6.235154e-17 -3.098280e-17 1.000000e+00
    outer loop
      vertex   2.708662e+01 9.640235e+01 -5.900000e+00
      vertex   3.754436e+01 8.878126e+01 -5.900000e+00
      vertex   3.846151e+01 9.062699e+01 -5.900000e+00
    endloop
  endfacet
  facet normal 6.561583e-17 -2.455360e-17 1.000000e+00
    outer loop
      vertex   2.708662e+01 9.640235e+01 -5.900000e+00
      vertex   3.846151e+01 9.062699e+01 -5.900000e+00
      vertex   3.918383e+01 9.255730e+01 -5.900000e+00
    endloop
  endfacet
  facet normal 7.114221e-17 -1.854300e-17 1.000000e+00
    outer loop
      vertex   3.970367e+01 9.455170e+01 -5.900000e+00
      vertex   2.774945e+01 9.658638e+01 -5.900000e+00
      vertex   3.918383e+01 9.255730e+01 -5.900000e+00
    endloop
  endfacet
  facet normal 4.122125e-17 -1.034575e-16 1.000000e+00
    outer loop
      vertex   3.918383e+01 9.255730e+01 -5.900000e+00
      vertex   2.774945e+01 9.658638e+01 -5.900000e+00
      vertex   2.742805e+01 9.645832e+01 -5.900000e+00
    endloop
  endfacet
  facet normal 2.498324e-17 -1.523910e-16 1.000000e+00
    outer loop
      vertex   3.918383e+01 9.255730e+01 -5.900000e+00
      vertex   2.742805e+01 9.645832e+01 -5.900000e+00
      vertex   2.708662e+01 9.640235e+01 -5.900000e+00
    endloop
  endfacet
  facet normal -1.634309e-17 -4.334552e-16 1.000000e+00
    outer loop
      vertex   4.001549e+01 9.658901e+01 -5.900000e+00
      vertex   2.827375e+01 9.703172e+01 -5.900000e+00
      vertex   3.970367e+01 9.455170e+01 -5.900000e+00
    endloop
  endfacet
  facet normal 6.445827e-17 -6.105812e-17 1.000000e+00
    outer loop
      vertex   3.970367e+01 9.455170e+01 -5.900000e+00
      vertex   2.827375e+01 9.703172e+01 -5.900000e+00
      vertex   2.803582e+01 9.678054e+01 -5.900000e+00
    endloop
  endfacet
  facet normal 5.938948e-17 -8.759293e-17 1.000000e+00
    outer loop
      vertex   3.970367e+01 9.455170e+01 -5.900000e+00
      vertex   2.803582e+01 9.678054e+01 -5.900000e+00
      vertex   2.774945e+01 9.658638e+01 -5.900000e+00
    endloop
  endfacet
  facet normal 0.000000e+00 0.000000e+00 1.000000e+00
    outer loop
      vertex   4.011599e+01 9.864759e+01 -5.900000e+00
      vertex   2.856259e+01 9.765605e+01 -5.900000e+00
      vertex   4.001549e+01 9.658901e+01 -5.900000e+00
    endloop
  endfacet
  facet normal 0.000000e+00 0.000000e+00 1.000000e+00
    outer loop
      vertex   4.001549e+01 9.658901e+01 -5.900000e+00
      vertex   2.856259e+01 9.765605e+01 -5.900000e+00
      vertex   2.845212e+01 9.732818e+01 -5.900000e+00
    endloop
  endfacet
  facet normal 0.000000e+00 0.000000e+00 1.000000e+00
    outer loop
      vertex   4.001549e+01 9.658901e+01 -5.900000e+00
      vertex   2.845212e+01 9.732818e+01 -5.900000e+00
      vertex   2.827375e+01 9.703172e+01 -5.900000e+00
    endloop
  endfacet
  facet normal 0.000000e+00 0.000000e+00 1.000000e+00
    outer loop
      vertex   4.000409e+01 1.007056e+02 -5.900000e+00
      vertex   2.827375e+01 9.896828e+01 -5.900000e+00
      vertex   4.011599e+01 9.864759e+01 -5.900000e+00
    endloop
  endfacet
  facet normal 0.000000e+00 0.000000e+00 1.000000e+00
    outer loop
      vertex   4.011599e+01 9.864759e+01 -5.900000e+00
      vertex   2.827375e+01 9.896828e+01 -5.900000e+00
      vertex   2.845212e+01 9.867182e+01 -5.900000e+00
    endloop
  endfacet
  facet normal 0.000000e+00 0.000000e+00 1.000000e+00
    outer loop
      vertex   4.011599e+01 9.864759e+01 -5.900000e+00
      vertex   2.845212e+01 9.867182e+01 -5.900000e+00
      vertex   2.856259e+01 9.834395e+01 -5.900000e+00
    endloop
  endfacet
  facet normal 0.000000e+00 0.000000e+00 1.000000e+00
    outer loop
      vertex   3.968099e+01 1.027411e+02 -5.900000e+00
      vertex   2.774945e+01 9.941362e+01 -5.900000e+00
      vertex   4.000409e+01 1.007056e+02 -5.900000e+00
    endloop
  endfacet
  facet normal 0.000000e+00 0.000000e+00 1.000000e+00
    outer loop
      vertex   4.000409e+01 1.007056e+02 -5.900000e+00
      vertex   2.774945e+01 9.941362e+01 -5.900000e+00
      vertex   2.803582e+01 9.921946e+01 -5.900000e+00
    endloop
  endfacet
  facet normal 0.000000e+00 0.000000e+00 1.000000e+00
    outer loop
      vertex   4.000409e+01 1.007056e+02 -5.900000e+00
      vertex   2.803582e+01 9.921946e+01 -5.900000e+00
      vertex   2.827375e+01 9.896828e+01 -5.900000e+00
    endloop
  endfacet
  facet normal 0.000000e+00 -0.000000e+00 1.000000e+00
    outer loop
      vertex   2.774945e+01 9.941362e+01 -5.900000e+00
      vertex   3.968099e+01 1.027411e+02 -5.900000e+00
      vertex   2.742805e+01 9.954168e+01 -5.900000e+00
    endloop
  endfacet
  facet normal 0.000000e+00 0.000000e+00 1.000000e+00
    outer loop
      vertex   2.742805e+01 9.954168e+01 -5.900000e+00
      vertex   3.968099e+01 1.027411e+02 -5.900000e+00
      vertex   3.915011e+01 1.047326e+02 -5.900000e+00
    endloop
  endfacet
  facet normal 0.000000e+00 -0.000000e+00 1.000000e+00
    outer loop
      vertex   2.742805e+01 9.954168e+01 -5.900000e+00
      vertex   3.915011e+01 1.047326e+02 -5.900000e+00
      vertex   2.708662e+01 9.959765e+01 -5.900000e+00
    endloop
  endfacet
  facet normal 0.000000e+00 0.000000e+00 1.000000e+00
    outer loop
      vertex   2.708662e+01 9.959765e+01 -5.900000e+00
      vertex   3.915011e+01 1.047326e+02 -5.900000e+00
      vertex   3.841711e+01 1.066589e+02 -5.900000e+00
    endloop
  endfacet
  facet normal 0.000000e+00 -0.000000e+00 1.000000e+00
    outer loop
      vertex   2.708662e+01 9.959765e+01 -5.900000e+00
      vertex   3.841711e+01 1.066589e+02 -5.900000e+00
      vertex   2.674115e+01 9.957892e+01 -5.900000e+00
    endloop
  endfacet
  facet normal 2.241284e-16 -3.696213e-16 1.000000e+00
    outer loop
      vertex   2.674115e+01 9.957892e+01 -5.900000e+00
      vertex   3.841711e+01 1.066589e+02 -5.900000e+00
      vertex   3.748975e+01 1.084995e+02 -5.900000e+00
    endloop
  endfacet
  facet normal 3.706358e-16 8.255836e-16 1.000000e+00
    outer loop
      vertex   2.832735e+01 1.168772e+02 -5.900000e+00
      vertex   2.622810e+01 1.178196e+02 -5.900000e+00
      vertex   1.300000e+01 1.130000e+02 -5.900000e+00
    endloop
  endfacet
  facet normal 5.399629e-16 3.608398e-16 1.000000e+00
    outer loop
      vertex   1.300000e+01 1.130000e+02 -5.900000e+00
      vertex   2.622810e+01 1.178196e+02 -5.900000e+00
      vertex   2.406279e+01 1.185984e+02 -5.900000e+00
    endloop
  endfacet
  facet normal 2.545112e-16 9.249151e-16 1.000000e+00
    outer loop
      vertex   1.300000e+01 1.130000e+02 -5.900000e+00
      vertex   2.406279e+01 1.185984e+02 -5.900000e+00
      vertex   2.184416e+01 1.192089e+02 -5.900000e+00
    endloop
  endfacet
  facet normal 1.958403e-16 1.008488e-15 1.000000e+00
    outer loop
      vertex   2.184416e+01 1.192089e+02 -5.900000e+00
      vertex   1.958527e+01 1.196475e+02 -5.900000e+00
      vertex   1.300000e+01 1.130000e+02 -5.900000e+00
    endloop
  endfacet
  facet normal 1.247190e-16 1.078944e-15 1.000000e+00
    outer loop
      vertex   1.300000e+01 1.130000e+02 -5.900000e+00
      vertex   1.958527e+01 1.196475e+02 -5.900000e+00
      vertex   1.729940e+01 1.199117e+02 -5.900000e+00
    endloop
  endfacet
  facet normal 3.438682e-15 -9.824805e-16 1.000000e+00
    outer loop
      vertex   1.300000e+01 1.130000e+02 -5.900000e+00
      vertex   1.729940e+01 1.199117e+02 -5.900000e+00
      vertex   1.500000e+01 1.200000e+02 -5.900000e+00
    endloop
  endfacet
  facet normal 0.000000e+00 0.000000e+00 1.000000e+00
    outer loop
      vertex   1.500000e+01 1.200000e+02 -5.900000e+00
      vertex   1.300000e+01 1.200000e+02 -5.900000e+00
      vertex   1.300000e+01 1.130000e+02 -5.900000e+00
    endloop
  endfacet
  facet normal -4.440892e-17 -1.065015e-15 1.000000e+00
    outer loop
      vertex   1.000000e+01 1.100000e+02 -5.900000e+00
      vertex   -1.000000e+01 1.100000e+02 -5.900000e+00
      vertex   -5.383417e+00 9.980000e+01 -5.900000e+00
    endloop
  endfacet
  facet normal -4.592763e-30 -1.044916e-15 1.000000e+00
    outer loop
      vertex   -5.383417e+00 9.980000e+01 -5.900000e+00
      vertex   -1.000000e+01 1.100000e+02 -5.900000e+00
      vertex   -8.616579e+00 9.980000e+01 -5.900000e+00
    endloop
  endfacet
  facet normal -1.240909e-14 -2.727954e-15 1.000000e+00
    outer loop
      vertex   -8.616579e+00 9.980000e+01 -5.900000e+00
      vertex   -1.000000e+01 1.100000e+02 -5.900000e+00
      vertex   -1.058527e+01 1.100576e+02 -5.900000e+00
    endloop
  endfacet
  facet normal 2.022877e-16 -3.075239e-16 1.000000e+00
    outer loop
      vertex   -8.616579e+00 9.980000e+01 -5.900000e+00
      vertex   -1.058527e+01 1.100576e+02 -5.900000e+00
      vertex   -2.657195e+01 9.954168e+01 -5.900000e+00
    endloop
  endfacet
  facet normal 0.000000e+00 0.000000e+00 1.000000e+00
    outer loop
      vertex   -2.657195e+01 9.954168e+01 -5.900000e+00
      vertex   -1.058527e+01 1.100576e+02 -5.900000e+00
      vertex   -1.114805e+01 1.102284e+02 -5.900000e+00
    endloop
  endfacet
  facet normal 0.000000e+00 -0.000000e+00 1.000000e+00
    outer loop
      vertex   -2.657195e+01 9.954168e+01 -5.900000e+00
      vertex   -1.114805e+01 1.102284e+02 -5.900000e+00
      vertex   -2.691338e+01 9.959765e+01 -5.900000e+00
    endloop
  endfacet
  facet normal 0.000000e+00 0.000000e+00 1.000000e+00
    outer loop
      vertex   -2.691338e+01 9.959765e+01 -5.900000e+00
      vertex   -1.114805e+01 1.102284e+02 -5.900000e+00
      vertex   -1.166671e+01 1.105056e+02 -5.900000e+00
    endloop
  endfacet
  facet normal 3.858451e-17 -5.393185e-17 1.000000e+00
    outer loop
      vertex   -2.691338e+01 9.959765e+01 -5.900000e+00
      vertex   -1.166671e+01 1.105056e+02 -5.900000e+00
      vertex   -3.748975e+01 1.084995e+02 -5.900000e+00
    endloop
  endfacet
  facet normal 3.142055e-17 3.828605e-17 1.000000e+00
    outer loop
      vertex   -3.748975e+01 1.084995e+02 -5.900000e+00
      vertex   -1.166671e+01 1.105056e+02 -5.900000e+00
      vertex   -1.212132e+01 1.108787e+02 -5.900000e+00
    endloop
  endfacet
  facet normal 3.724937e-17 -2.386543e-17 1.000000e+00
    outer loop
      vertex   -3.748975e+01 1.084995e+02 -5.900000e+00
      vertex   -1.212132e+01 1.108787e+02 -5.900000e+00
      vertex   -3.637789e+01 1.102349e+02 -5.900000e+00
    endloop
  endfacet
  facet normal 3.583550e-17 2.940943e-17 1.000000e+00
    outer loop
      vertex   -3.637789e+01 1.102349e+02 -5.900000e+00
      vertex   -1.212132e+01 1.108787e+02 -5.900000e+00
      vertex   -1.249441e+01 1.113333e+02 -5.900000e+00
    endloop
  endfacet
  facet normal 3.860287e-17 -3.076607e-17 1.000000e+00
    outer loop
      vertex   -3.637789e+01 1.102349e+02 -5.900000e+00
      vertex   -1.249441e+01 1.113333e+02 -5.900000e+00
      vertex   -3.509333e+01 1.118467e+02 -5.900000e+00
    endloop
  endfacet
  facet normal 3.978492e-17 2.126548e-17 1.000000e+00
    outer loop
      vertex   -3.509333e+01 1.118467e+02 -5.900000e+00
      vertex   -1.249441e+01 1.113333e+02 -5.900000e+00
      vertex   -1.277164e+01 1.118519e+02 -5.900000e+00
    endloop
  endfacet
  facet normal 3.979913e-17 -3.905798e-17 1.000000e+00
    outer loop
      vertex   -3.509333e+01 1.118467e+02 -5.900000e+00
      vertex   -1.277164e+01 1.118519e+02 -5.900000e+00
      vertex   -3.364972e+01 1.133177e+02 -5.900000e+00
    endloop
  endfacet
  facet normal 4.346688e-17 1.318553e-17 1.000000e+00
    outer loop
      vertex   -3.364972e+01 1.133177e+02 -5.900000e+00
      vertex   -1.277164e+01 1.118519e+02 -5.900000e+00
      vertex   -1.294236e+01 1.124147e+02 -5.900000e+00
    endloop
  endfacet
  facet normal 4.074654e-17 -4.919911e-17 1.000000e+00
    outer loop
      vertex   -3.364972e+01 1.133177e+02 -5.900000e+00
      vertex   -1.294236e+01 1.124147e+02 -5.900000e+00
      vertex   -3.206239e+01 1.146323e+02 -5.900000e+00
    endloop
  endfacet
  facet normal -1.377356e-15 -1.227606e-14 1.000000e+00
    outer loop
      vertex   -3.206239e+01 1.146323e+02 -5.900000e+00
      vertex   -1.294236e+01 1.124147e+02 -5.900000e+00
      vertex   -1.300000e+01 1.130000e+02 -5.900000e+00
    endloop
  endfacet
  facet normal -7.014302e-16 -4.382531e-15 1.000000e+00
    outer loop
      vertex   -3.206239e+01 1.146323e+02 -5.900000e+00
      vertex   -1.300000e+01 1.130000e+02 -5.900000e+00
      vertex   -3.034819e+01 1.157766e+02 -5.900000e+00
    endloop
  endfacet
  facet normal 6.987924e-16 4.366051e-15 1.000000e+00
    outer loop
      vertex   -3.034819e+01 1.157766e+02 -5.900000e+00
      vertex   -1.300000e+01 1.130000e+02 -5.900000e+00
      vertex   -2.832735e+01 1.168772e+02 -5.900000e+00
    endloop
  endfacet
  facet normal -2.594450e-16 5.779085e-16 1.000000e+00
    outer loop
      vertex   -2.832735e+01 1.168772e+02 -5.900000e+00
      vertex   -1.300000e+01 1.130000e+02 -5.900000e+00
      vertex   -2.622810e+01 1.178196e+02 -5.900000e+00
    endloop
  endfacet
  facet normal -2.334786e-16 6.491773e-16 1.000000e+00
    outer loop
      vertex   -2.622810e+01 1.178196e+02 -5.900000e+00
      vertex   -1.300000e+01 1.130000e+02 -5.900000e+00
      vertex   -2.406279e+01 1.185984e+02 -5.900000e+00
    endloop
  endfacet
  facet normal -4.572727e-16 2.069423e-16 1.000000e+00
    outer loop
      vertex   -2.406279e+01 1.185984e+02 -5.900000e+00
      vertex   -1.300000e+01 1.130000e+02 -5.900000e+00
      vertex   -2.184416e+01 1.192089e+02 -5.900000e+00
    endloop
  endfacet
  facet normal -1.305602e-16 6.723256e-16 1.000000e+00
    outer loop
      vertex   -2.184416e+01 1.192089e+02 -5.900000e+00
      vertex   -1.300000e+01 1.130000e+02 -5.900000e+00
      vertex   -1.958527e+01 1.196475e+02 -5.900000e+00
    endloop
  endfacet
  facet normal -8.314598e-17 7.192958e-16 1.000000e+00
    outer loop
      vertex   -1.958527e+01 1.196475e+02 -5.900000e+00
      vertex   -1.300000e+01 1.130000e+02 -5.900000e+00
      vertex   -1.729940e+01 1.199117e+02 -5.900000e+00
    endloop
  endfacet
  facet normal -2.669713e-15 -8.896579e-16 1.000000e+00
    outer loop
      vertex   -1.729940e+01 1.199117e+02 -5.900000e+00
      vertex   -1.300000e+01 1.130000e+02 -5.900000e+00
      vertex   -1.500000e+01 1.200000e+02 -5.900000e+00
    endloop
  endfacet
  facet normal 9.015553e-31 -1.268826e-16 1.000000e+00
    outer loop
      vertex   -1.500000e+01 1.200000e+02 -5.900000e+00
      vertex   -1.300000e+01 1.130000e+02 -5.900000e+00
      vertex   -1.300000e+01 1.200000e+02 -5.900000e+00
    endloop
  endfacet
  facet normal 5.897048e-17 -2.971115e-17 1.000000e+00
    outer loop
      vertex   -3.748975e+01 1.084995e+02 -5.900000e+00
      vertex   -3.841711e+01 1.066589e+02 -5.900000e+00
      vertex   -2.691338e+01 9.959765e+01 -5.900000e+00
    endloop
  endfacet
  facet normal -1.668450e-16 -3.975948e-16 1.000000e+00
    outer loop
      vertex   -2.691338e+01 9.959765e+01 -5.900000e+00
      vertex   -3.841711e+01 1.066589e+02 -5.900000e+00
      vertex   -3.915011e+01 1.047326e+02 -5.900000e+00
    endloop
  endfacet
  facet normal 0.000000e+00 0.000000e+00 1.000000e+00
    outer loop
      vertex   -2.691338e+01 9.959765e+01 -5.900000e+00
      vertex   -3.915011e+01 1.047326e+02 -5.900000e+00
      vertex   -2.725885e+01 9.957892e+01 -5.900000e+00
    endloop
  endfacet
  facet normal 0.000000e+00 0.000000e+00 1.000000e+00
    outer loop
      vertex   -2.725885e+01 9.957892e+01 -5.900000e+00
      vertex   -3.915011e+01 1.047326e+02 -5.900000e+00
      vertex   -3.968099e+01 1.027411e+02 -5.900000e+00
    endloop
  endfacet
  facet normal 0.000000e+00 0.000000e+00 1.000000e+00
    outer loop
      vertex   -2.725885e+01 9.957892e+01 -5.900000e+00
      vertex   -3.968099e+01 1.027411e+02 -5.900000e+00
      vertex   -2.759222e+01 9.948636e+01 -5.900000e+00
    endloop
  endfacet
  facet normal 0.000000e+00 0.000000e+00 1.000000e+00
    outer loop
      vertex   -2.759222e+01 9.948636e+01 -5.900000e+00
      vertex   -3.968099e+01 1.027411e+02 -5.900000e+00
      vertex   -2.789790e+01 9.932430e+01 -5.900000e+00
    endloop
  endfacet
  facet normal 0.000000e+00 0.000000e+00 1.000000e+00
    outer loop
      vertex   -2.789790e+01 9.932430e+01 -5.900000e+00
      vertex   -3.968099e+01 1.027411e+02 -5.900000e+00
      vertex   -4.000409e+01 1.007056e+02 -5.900000e+00
    endloop
  endfacet
  facet normal 0.000000e+00 0.000000e+00 1.000000e+00
    outer loop
      vertex   -2.789790e+01 9.932430e+01 -5.900000e+00
      vertex   -4.000409e+01 1.007056e+02 -5.900000e+00
      vertex   -2.816159e+01 9.910032e+01 -5.900000e+00
    endloop
  endfacet
  facet normal 0.000000e+00 0.000000e+00 1.000000e+00
    outer loop
      vertex   -2.816159e+01 9.910032e+01 -5.900000e+00
      vertex   -4.000409e+01 1.007056e+02 -5.900000e+00
      vertex   -2.837097e+01 9.882489e+01 -5.900000e+00
    endloop
  endfacet
  facet normal 0.000000e+00 0.000000e+00 1.000000e+00
    outer loop
      vertex   -2.837097e+01 9.882489e+01 -5.900000e+00
      vertex   -4.000409e+01 1.007056e+02 -5.900000e+00
      vertex   -4.011599e+01 9.864759e+01 -5.900000e+00
    endloop
  endfacet
  facet normal 0.000000e+00 0.000000e+00 1.000000e+00
    outer loop
      vertex   -2.837097e+01 9.882489e+01 -5.900000e+00
      vertex   -4.011599e+01 9.864759e+01 -5.900000e+00
      vertex   -2.851625e+01 9.851088e+01 -5.900000e+00
    endloop
  endfacet
  facet normal 0.000000e+00 0.000000e+00 1.000000e+00
    outer loop
      vertex   -2.851625e+01 9.851088e+01 -5.900000e+00
      vertex   -4.011599e+01 9.864759e+01 -5.900000e+00
      vertex   -2.859062e+01 9.817299e+01 -5.900000e+00
    endloop
  endfacet
  facet normal 0.000000e+00 0.000000e+00 1.000000e+00
    outer loop
      vertex   -2.859062e+01 9.817299e+01 -5.900000e+00
      vertex   -4.011599e+01 9.864759e+01 -5.900000e+00
      vertex   -2.859062e+01 9.782701e+01 -5.900000e+00
    endloop
  endfacet
  facet normal -3.082556e-17 -4.329563e-16 1.000000e+00
    outer loop
      vertex   -2.859062e+01 9.782701e+01 -5.900000e+00
      vertex   -4.011599e+01 9.864759e+01 -5.900000e+00
      vertex   -4.001549e+01 9.658901e+01 -5.900000e+00
    endloop
  endfacet
  facet normal -7.592973e-17 -1.671340e-17 1.000000e+00
    outer loop
      vertex   -2.859062e+01 9.782701e+01 -5.900000e+00
      vertex   -4.001549e+01 9.658901e+01 -5.900000e+00
      vertex   -2.851625e+01 9.748912e+01 -5.900000e+00
    endloop
  endfacet
  facet normal -7.453863e-17 -3.448524e-17 1.000000e+00
    outer loop
      vertex   -2.851625e+01 9.748912e+01 -5.900000e+00
      vertex   -4.001549e+01 9.658901e+01 -5.900000e+00
      vertex   -2.837097e+01 9.717511e+01 -5.900000e+00
    endloop
  endfacet
  facet normal -7.346350e-17 -5.584550e-17 1.000000e+00
    outer loop
      vertex   -2.837097e+01 9.717511e+01 -5.900000e+00
      vertex   -4.001549e+01 9.658901e+01 -5.900000e+00
      vertex   -2.816159e+01 9.689968e+01 -5.900000e+00
    endloop
  endfacet
  facet normal -7.462777e-17 -1.142216e-17 1.000000e+00
    outer loop
      vertex   -2.816159e+01 9.689968e+01 -5.900000e+00
      vertex   -4.001549e+01 9.658901e+01 -5.900000e+00
      vertex   -3.970367e+01 9.455170e+01 -5.900000e+00
    endloop
  endfacet
  facet normal -6.208288e-17 -7.308961e-17 1.000000e+00
    outer loop
      vertex   -2.816159e+01 9.689968e+01 -5.900000e+00
      vertex   -3.970367e+01 9.455170e+01 -5.900000e+00
      vertex   -2.789790e+01 9.667570e+01 -5.900000e+00
    endloop
  endfacet
  facet normal -5.617096e-17 -1.059497e-16 1.000000e+00
    outer loop
      vertex   -2.789790e+01 9.667570e+01 -5.900000e+00
      vertex   -3.970367e+01 9.455170e+01 -5.900000e+00
      vertex   -2.759222e+01 9.651364e+01 -5.900000e+00
    endloop
  endfacet
  facet normal -7.036291e-17 -1.833987e-17 1.000000e+00
    outer loop
      vertex   -2.759222e+01 9.651364e+01 -5.900000e+00
      vertex   -3.970367e+01 9.455170e+01 -5.900000e+00
      vertex   -3.918383e+01 9.255730e+01 -5.900000e+00
    endloop
  endfacet
  facet normal -3.437082e-17 -1.237925e-16 1.000000e+00
    outer loop
      vertex   -2.759222e+01 9.651364e+01 -5.900000e+00
      vertex   -3.918383e+01 9.255730e+01 -5.900000e+00
      vertex   -2.725885e+01 9.642108e+01 -5.900000e+00
    endloop
  endfacet
  facet normal -6.642663e-17 -2.485701e-17 1.000000e+00
    outer loop
      vertex   -2.725885e+01 9.642108e+01 -5.900000e+00
      vertex   -3.918383e+01 9.255730e+01 -5.900000e+00
      vertex   -3.846151e+01 9.062699e+01 -5.900000e+00
    endloop
  endfacet
  facet normal -7.522576e-18 -1.387457e-16 1.000000e+00
    outer loop
      vertex   -2.725885e+01 9.642108e+01 -5.900000e+00
      vertex   -3.846151e+01 9.062699e+01 -5.900000e+00
      vertex   -2.691338e+01 9.640235e+01 -5.900000e+00
    endloop
  endfacet
  facet normal -6.160233e-17 -3.061051e-17 1.000000e+00
    outer loop
      vertex   -2.691338e+01 9.640235e+01 -5.900000e+00
      vertex   -3.846151e+01 9.062699e+01 -5.900000e+00
      vertex   -3.754436e+01 8.878126e+01 -5.900000e+00
    endloop
  endfacet
  facet normal -5.747081e-17 -3.637375e-17 1.000000e+00
    outer loop
      vertex   -2.691338e+01 9.640235e+01 -5.900000e+00
      vertex   -3.754436e+01 8.878126e+01 -5.900000e+00
      vertex   -3.644213e+01 8.703973e+01 -5.900000e+00
    endloop
  endfacet
  facet normal 8.462079e-16 -3.626111e-15 1.000000e+00
    outer loop
      vertex   -3.349787e+01 8.340746e+01 -5.900000e+00
      vertex   -3.270472e+01 8.236786e+01 -5.900000e+00
      vertex   4.440892e-15 9.000000e+01 -5.900000e+00
    endloop
  endfacet
  facet normal 2.284266e-16 -1.853244e-16 1.000000e+00
    outer loop
      vertex   -1.023316e+01 9.700000e+01 -5.900000e+00
      vertex   -2.596418e+01 9.678054e+01 -5.900000e+00
      vertex   -8.616579e+00 9.420000e+01 -5.900000e+00
    endloop
  endfacet
  facet normal 2.099353e-16 -3.096314e-16 1.000000e+00
    outer loop
      vertex   -8.616579e+00 9.420000e+01 -5.900000e+00
      vertex   -2.596418e+01 9.678054e+01 -5.900000e+00
      vertex   -2.625055e+01 9.658638e+01 -5.900000e+00
    endloop
  endfacet
  facet normal 1.879875e-16 -4.718130e-16 1.000000e+00
    outer loop
      vertex   -8.616579e+00 9.420000e+01 -5.900000e+00
      vertex   -2.625055e+01 9.658638e+01 -5.900000e+00
      vertex   -2.657195e+01 9.645832e+01 -5.900000e+00
    endloop
  endfacet
  facet normal 2.182263e-16 -1.259930e-16 1.000000e+00
    outer loop
      vertex   -8.616579e+00 9.980000e+01 -5.900000e+00
      vertex   -2.554788e+01 9.867182e+01 -5.900000e+00
      vertex   -1.023316e+01 9.700000e+01 -5.900000e+00
    endloop
  endfacet
  facet normal 2.408388e-16 8.114805e-17 1.000000e+00
    outer loop
      vertex   -1.023316e+01 9.700000e+01 -5.900000e+00
      vertex   -2.554788e+01 9.867182e+01 -5.900000e+00
      vertex   -2.543741e+01 9.834395e+01 -5.900000e+00
    endloop
  endfacet
  facet normal -2.250083e-16 -5.189009e-15 1.000000e+00
    outer loop
      vertex   -1.023316e+01 9.700000e+01 -5.900000e+00
      vertex   -2.543741e+01 9.834395e+01 -5.900000e+00
      vertex   -2.540000e+01 9.800000e+01 -5.900000e+00
    endloop
  endfacet
  facet normal 4.543788e-16 5.115121e-15 1.000000e+00
    outer loop
      vertex   -2.540000e+01 9.800000e+01 -5.900000e+00
      vertex   -2.543741e+01 9.765605e+01 -5.900000e+00
      vertex   -1.023316e+01 9.700000e+01 -5.900000e+00
    endloop
  endfacet
  facet normal 2.303174e-16 -7.760296e-17 1.000000e+00
    outer loop
      vertex   -1.023316e+01 9.700000e+01 -5.900000e+00
      vertex   -2.543741e+01 9.765605e+01 -5.900000e+00
      vertex   -2.554788e+01 9.732818e+01 -5.900000e+00
    endloop
  endfacet
  facet normal 2.290274e-16 -1.378012e-16 1.000000e+00
    outer loop
      vertex   -1.023316e+01 9.700000e+01 -5.900000e+00
      vertex   -2.554788e+01 9.732818e+01 -5.900000e+00
      vertex   -2.572625e+01 9.703172e+01 -5.900000e+00
    endloop
  endfacet
  facet normal 2.288656e-16 -2.167930e-16 1.000000e+00
    outer loop
      vertex   -2.572625e+01 9.703172e+01 -5.900000e+00
      vertex   -2.596418e+01 9.678054e+01 -5.900000e+00
      vertex   -1.023316e+01 9.700000e+01 -5.900000e+00
    endloop
  endfacet
  facet normal 1.909681e-16 4.792937e-16 1.000000e+00
    outer loop
      vertex   -2.657195e+01 9.954168e+01 -5.900000e+00
      vertex   -2.625055e+01 9.941362e+01 -5.900000e+00
      vertex   -8.616579e+00 9.980000e+01 -5.900000e+00
    endloop
  endfacet
  facet normal 1.951629e-16 2.878438e-16 1.000000e+00
    outer loop
      vertex   -8.616579e+00 9.980000e+01 -5.900000e+00
      vertex   -2.625055e+01 9.941362e+01 -5.900000e+00
      vertex   -2.596418e+01 9.921946e+01 -5.900000e+00
    endloop
  endfacet
  facet normal 1.985031e-16 1.880322e-16 1.000000e+00
    outer loop
      vertex   -8.616579e+00 9.980000e+01 -5.900000e+00
      vertex   -2.596418e+01 9.921946e+01 -5.900000e+00
      vertex   -2.572625e+01 9.896828e+01 -5.900000e+00
    endloop
  endfacet
  facet normal 2.017429e-16 1.213847e-16 1.000000e+00
    outer loop
      vertex   -2.572625e+01 9.896828e+01 -5.900000e+00
      vertex   -2.554788e+01 9.867182e+01 -5.900000e+00
      vertex   -8.616579e+00 9.980000e+01 -5.900000e+00
    endloop
  endfacet
  facet normal 3.383598e-16 -1.287455e-14 1.000000e+00
    outer loop
      vertex   2.856259e+01 9.834395e+01 -5.900000e+00
      vertex   2.860000e+01 9.800000e+01 -5.900000e+00
      vertex   4.011599e+01 9.864759e+01 -5.900000e+00
    endloop
  endfacet
  facet normal -1.118527e-15 1.303299e-14 1.000000e+00
    outer loop
      vertex   4.011599e+01 9.864759e+01 -5.900000e+00
      vertex   2.860000e+01 9.800000e+01 -5.900000e+00
      vertex   2.856259e+01 9.765605e+01 -5.900000e+00
    endloop
  endfacet
  facet normal 2.751464e-16 9.909876e-16 1.000000e+00
    outer loop
      vertex   2.674115e+01 9.642108e+01 -5.900000e+00
      vertex   2.640778e+01 9.651364e+01 -5.900000e+00
      vertex   8.916583e+00 9.420000e+01 -5.900000e+00
    endloop
  endfacet
  facet normal 3.251141e-16 6.132302e-16 1.000000e+00
    outer loop
      vertex   8.916583e+00 9.420000e+01 -5.900000e+00
      vertex   2.640778e+01 9.651364e+01 -5.900000e+00
      vertex   2.610210e+01 9.667570e+01 -5.900000e+00
    endloop
  endfacet
  facet normal 4.681744e-16 2.166005e-16 1.000000e+00
    outer loop
      vertex   2.562903e+01 9.717511e+01 -5.900000e+00
      vertex   2.548375e+01 9.748912e+01 -5.900000e+00
      vertex   1.053316e+01 9.700000e+01 -5.900000e+00
    endloop
  endfacet
  facet normal 4.718626e-16 1.038648e-16 1.000000e+00
    outer loop
      vertex   1.053316e+01 9.700000e+01 -5.900000e+00
      vertex   2.548375e+01 9.748912e+01 -5.900000e+00
      vertex   2.540938e+01 9.782701e+01 -5.900000e+00
    endloop
  endfacet
  facet normal 4.776368e-16 0.000000e+00 1.000000e+00
    outer loop
      vertex   1.053316e+01 9.700000e+01 -5.900000e+00
      vertex   2.540938e+01 9.782701e+01 -5.900000e+00
      vertex   2.540938e+01 9.817299e+01 -5.900000e+00
    endloop
  endfacet
  facet normal 4.860732e-16 -1.069928e-16 1.000000e+00
    outer loop
      vertex   2.540938e+01 9.817299e+01 -5.900000e+00
      vertex   2.548375e+01 9.851088e+01 -5.900000e+00
      vertex   1.053316e+01 9.700000e+01 -5.900000e+00
    endloop
  endfacet
  facet normal 4.004062e-16 -4.713946e-16 1.000000e+00
    outer loop
      vertex   2.583841e+01 9.910032e+01 -5.900000e+00
      vertex   2.610210e+01 9.932430e+01 -5.900000e+00
      vertex   8.916583e+00 9.980000e+01 -5.900000e+00
    endloop
  endfacet
  facet normal 3.929390e-16 -7.411616e-16 1.000000e+00
    outer loop
      vertex   8.916583e+00 9.980000e+01 -5.900000e+00
      vertex   2.610210e+01 9.932430e+01 -5.900000e+00
      vertex   2.640778e+01 9.948636e+01 -5.900000e+00
    endloop
  endfacet
  facet normal 0.000000e+00 5.518125e-16 1.000000e+00
    outer loop
      vertex   2.312573e+01 5.363972e+01 -5.900000e+00
      vertex   -2.312573e+01 5.363972e+01 -5.900000e+00
      vertex   2.314367e+01 5.203015e+01 -5.900000e+00
    endloop
  endfacet
  facet normal 8.233524e-29 5.518125e-16 1.000000e+00
    outer loop
      vertex   2.314367e+01 5.203015e+01 -5.900000e+00
      vertex   -2.312573e+01 5.363972e+01 -5.900000e+00
      vertex   -2.314367e+01 5.203015e+01 -5.900000e+00
    endloop
  endfacet
  facet normal 0.000000e+00 0.000000e+00 1.000000e+00
    outer loop
      vertex   2.314367e+01 5.203015e+01 -5.900000e+00
      vertex   -2.314367e+01 5.203015e+01 -5.900000e+00
      vertex   2.321484e+01 5.042206e+01 -5.900000e+00
    endloop
  endfacet
  facet normal 0.000000e+00 0.000000e+00 1.000000e+00
    outer loop
      vertex   2.321484e+01 5.042206e+01 -5.900000e+00
      vertex   -2.314367e+01 5.203015e+01 -5.900000e+00
      vertex   -2.321484e+01 5.042206e+01 -5.900000e+00
    endloop
  endfacet
  facet normal 1.644779e-28 5.534313e-16 1.000000e+00
    outer loop
      vertex   2.321484e+01 5.042206e+01 -5.900000e+00
      vertex   -2.321484e+01 5.042206e+01 -5.900000e+00
      vertex   2.333916e+01 4.881721e+01 -5.900000e+00
    endloop
  endfacet
  facet normal -3.805529e-17 -5.504834e-16 1.000000e+00
    outer loop
      vertex   2.333916e+01 4.881721e+01 -5.900000e+00
      vertex   -2.321484e+01 5.042206e+01 -5.900000e+00
      vertex   -2.333916e+01 4.881721e+01 -5.900000e+00
    endloop
  endfacet
  facet normal -3.805529e-17 -1.307620e-16 1.000000e+00
    outer loop
      vertex   2.333916e+01 4.881721e+01 -5.900000e+00
      vertex   -2.333916e+01 4.881721e+01 -5.900000e+00
      vertex   2.399003e+01 4.183546e+01 -5.900000e+00
    endloop
  endfacet
  facet normal 8.686814e-29 1.272143e-16 1.000000e+00
    outer loop
      vertex   2.399003e+01 4.183546e+01 -5.900000e+00
      vertex   -2.333916e+01 4.881721e+01 -5.900000e+00
      vertex   -2.399003e+01 4.183546e+01 -5.900000e+00
    endloop
  endfacet
  facet normal 0.000000e+00 0.000000e+00 1.000000e+00
    outer loop
      vertex   2.399003e+01 4.183546e+01 -5.900000e+00
      vertex   -2.399003e+01 4.183546e+01 -5.900000e+00
      vertex   2.462840e+01 3.485255e+01 -5.900000e+00
    endloop
  endfacet
  facet normal 0.000000e+00 0.000000e+00 1.000000e+00
    outer loop
      vertex   2.462840e+01 3.485255e+01 -5.900000e+00
      vertex   -2.399003e+01 4.183546e+01 -5.900000e+00
      vertex   -2.462840e+01 3.485255e+01 -5.900000e+00
    endloop
  endfacet
  facet normal -1.203432e-28 -1.271727e-16 1.000000e+00
    outer loop
      vertex   2.462840e+01 3.485255e+01 -5.900000e+00
      vertex   -2.462840e+01 3.485255e+01 -5.900000e+00
      vertex   2.525426e+01 2.786852e+01 -5.900000e+00
    endloop
  endfacet
  facet normal -3.516945e-17 -3.783664e-16 1.000000e+00
    outer loop
      vertex   2.525426e+01 2.786852e+01 -5.900000e+00
      vertex   -2.462840e+01 3.485255e+01 -5.900000e+00
      vertex   -2.525426e+01 2.786852e+01 -5.900000e+00
    endloop
  endfacet
  facet normal -3.516945e-17 2.460740e-16 1.000000e+00
    outer loop
      vertex   2.525426e+01 2.786852e+01 -5.900000e+00
      vertex   -2.525426e+01 2.786852e+01 -5.900000e+00
      vertex   2.566787e+01 2.431824e+01 -5.900000e+00
    endloop
  endfacet
  facet normal 7.351018e-28 7.505136e-16 1.000000e+00
    outer loop
      vertex   2.566787e+01 2.431824e+01 -5.900000e+00
      vertex   -2.525426e+01 2.786852e+01 -5.900000e+00
      vertex   -2.566787e+01 2.431824e+01 -5.900000e+00
    endloop
  endfacet
  facet normal -2.469890e-28 -2.521673e-16 1.000000e+00
    outer loop
      vertex   2.566787e+01 2.431824e+01 -5.900000e+00
      vertex   -2.566787e+01 2.431824e+01 -5.900000e+00
      vertex   2.627600e+01 2.079606e+01 -5.900000e+00
    endloop
  endfacet
  facet normal 1.690094e-17 -2.918091e-18 1.000000e+00
    outer loop
      vertex   2.627600e+01 2.079606e+01 -5.900000e+00
      vertex   -2.566787e+01 2.431824e+01 -5.900000e+00
      vertex   -2.627600e+01 2.079606e+01 -5.900000e+00
    endloop
  endfacet
  facet normal 1.690094e-17 3.885446e-18 1.000000e+00
    outer loop
      vertex   2.627600e+01 2.079606e+01 -5.900000e+00
      vertex   -2.627600e+01 2.079606e+01 -5.900000e+00
      vertex   2.707682e+01 1.731263e+01 -5.900000e+00
    endloop
  endfacet
  facet normal -1.543596e-28 -2.549726e-16 1.000000e+00
    outer loop
      vertex   2.707682e+01 1.731263e+01 -5.900000e+00
      vertex   -2.627600e+01 2.079606e+01 -5.900000e+00
      vertex   -2.707682e+01 1.731263e+01 -5.900000e+00
    endloop
  endfacet
  facet normal 0.000000e+00 0.000000e+00 1.000000e+00
    outer loop
      vertex   2.707682e+01 1.731263e+01 -5.900000e+00
      vertex   -2.707682e+01 1.731263e+01 -5.900000e+00
      vertex   2.806791e+01 1.387849e+01 -5.900000e+00
    endloop
  endfacet
  facet normal 0.000000e+00 0.000000e+00 1.000000e+00
    outer loop
      vertex   2.806791e+01 1.387849e+01 -5.900000e+00
      vertex   -2.707682e+01 1.731263e+01 -5.900000e+00
      vertex   -2.806791e+01 1.387849e+01 -5.900000e+00
    endloop
  endfacet
  facet normal 0.000000e+00 0.000000e+00 1.000000e+00
    outer loop
      vertex   2.806791e+01 1.387849e+01 -5.900000e+00
      vertex   -2.806791e+01 1.387849e+01 -5.900000e+00
      vertex   -1.836736e+01 -1.266630e+01 -5.900000e+00
    endloop
  endfacet
  facet normal 0.000000e+00 0.000000e+00 1.000000e+00
    outer loop
      vertex   -1.836736e+01 -1.266630e+01 -5.900000e+00
      vertex   -2.806791e+01 1.387849e+01 -5.900000e+00
      vertex   -1.868057e+01 -1.245393e+01 -5.900000e+00
    endloop
  endfacet
  facet normal -3.729745e-16 -1.329631e-16 1.000000e+00
    outer loop
      vertex   -1.868057e+01 -1.245393e+01 -5.900000e+00
      vertex   -2.806791e+01 1.387849e+01 -5.900000e+00
      vertex   -2.924627e+01 1.050402e+01 -5.900000e+00
    endloop
  endfacet
  facet normal 1.887556e-17 4.737408e-17 1.000000e+00
    outer loop
      vertex   -1.868057e+01 -1.245393e+01 -5.900000e+00
      vertex   -2.924627e+01 1.050402e+01 -5.900000e+00
      vertex   -1.903211e+01 -1.231387e+01 -5.900000e+00
    endloop
  endfacet
  facet normal -4.527109e-17 1.865957e-17 1.000000e+00
    outer loop
      vertex   -1.903211e+01 -1.231387e+01 -5.900000e+00
      vertex   -2.924627e+01 1.050402e+01 -5.900000e+00
      vertex   -3.060834e+01 7.199427e+00 -5.900000e+00
    endloop
  endfacet
  facet normal 8.266001e-18 5.042038e-17 1.000000e+00
    outer loop
      vertex   -1.903211e+01 -1.231387e+01 -5.900000e+00
      vertex   -3.060834e+01 7.199427e+00 -5.900000e+00
      vertex   -1.940554e+01 -1.225265e+01 -5.900000e+00
    endloop
  endfacet
  facet normal -1.088594e-15 -5.812814e-16 1.000000e+00
    outer loop
      vertex   -1.940554e+01 -1.225265e+01 -5.900000e+00
      vertex   -3.060834e+01 7.199427e+00 -5.900000e+00
      vertex   -3.215000e+01 3.974699e+00 -5.900000e+00
    endloop
  endfacet
  facet normal -1.423179e-17 2.624900e-16 1.000000e+00
    outer loop
      vertex   -1.940554e+01 -1.225265e+01 -5.900000e+00
      vertex   -3.215000e+01 3.974699e+00 -5.900000e+00
      vertex   -1.978340e+01 -1.227313e+01 -5.900000e+00
    endloop
  endfacet
  facet normal -6.264837e-17 2.256390e-16 1.000000e+00
    outer loop
      vertex   -1.978340e+01 -1.227313e+01 -5.900000e+00
      vertex   -3.215000e+01 3.974699e+00 -5.900000e+00
      vertex   -2.014803e+01 -1.237437e+01 -5.900000e+00
    endloop
  endfacet
  facet normal 1.449790e-15 1.335932e-15 1.000000e+00
    outer loop
      vertex   -2.014803e+01 -1.237437e+01 -5.900000e+00
      vertex   -3.215000e+01 3.974699e+00 -5.900000e+00
      vertex   -3.447605e+01 -8.142280e-01 -5.900000e+00
    endloop
  endfacet
  facet normal 1.474858e-16 -2.781878e-16 1.000000e+00
    outer loop
      vertex   -2.014803e+01 -1.237437e+01 -5.900000e+00
      vertex   -3.447605e+01 -8.142280e-01 -5.900000e+00
      vertex   -2.048236e+01 -1.255162e+01 -5.900000e+00
    endloop
  endfacet
  facet normal 1.916104e-16 -2.255812e-16 1.000000e+00
    outer loop
      vertex   -2.048236e+01 -1.255162e+01 -5.900000e+00
      vertex   -3.447605e+01 -8.142280e-01 -5.900000e+00
      vertex   -2.077078e+01 -1.279661e+01 -5.900000e+00
    endloop
  endfacet
  facet normal 2.818584e-16 -1.223567e-16 1.000000e+00
    outer loop
      vertex   -2.077078e+01 -1.279661e+01 -5.900000e+00
      vertex   -3.447605e+01 -8.142280e-01 -5.900000e+00
      vertex   -3.659607e+01 -5.697859e+00 -5.900000e+00
    endloop
  endfacet
  facet normal 2.511152e-16 -1.908928e-16 1.000000e+00
    outer loop
      vertex   -2.077078e+01 -1.279661e+01 -5.900000e+00
      vertex   -3.659607e+01 -5.697859e+00 -5.900000e+00
      vertex   -2.099979e+01 -1.309786e+01 -5.900000e+00
    endloop
  endfacet
  facet normal 2.801841e-16 -1.296270e-16 1.000000e+00
    outer loop
      vertex   -2.099979e+01 -1.309786e+01 -5.900000e+00
      vertex   -3.659607e+01 -5.697859e+00 -5.900000e+00
      vertex   -2.115868e+01 -1.344130e+01 -5.900000e+00
    endloop
  endfacet
  facet normal 2.142477e-16 -2.610783e-16 1.000000e+00
    outer loop
      vertex   -2.115868e+01 -1.344130e+01 -5.900000e+00
      vertex   -3.659607e+01 -5.697859e+00 -5.900000e+00
      vertex   -3.850621e+01 -1.066733e+01 -5.900000e+00
    endloop
  endfacet
  facet normal 2.472915e-16 -5.443298e-17 1.000000e+00
    outer loop
      vertex   -2.115868e+01 -1.344130e+01 -5.900000e+00
      vertex   -3.850621e+01 -1.066733e+01 -5.900000e+00
      vertex   -2.124003e+01 -1.381087e+01 -5.900000e+00
    endloop
  endfacet
  facet normal 2.572018e-16 0.000000e+00 1.000000e+00
    outer loop
      vertex   -2.124003e+01 -1.381087e+01 -5.900000e+00
      vertex   -3.850621e+01 -1.066733e+01 -5.900000e+00
      vertex   -2.124003e+01 -1.418929e+01 -5.900000e+00
    endloop
  endfacet
  facet normal 2.406932e-16 -8.093211e-17 1.000000e+00
    outer loop
      vertex   -2.124003e+01 -1.418929e+01 -5.900000e+00
      vertex   -3.850621e+01 -1.066733e+01 -5.900000e+00
      vertex   -4.020301e+01 -1.571364e+01 -5.900000e+00
    endloop
  endfacet
  facet normal 2.301157e-16 5.065230e-17 1.000000e+00
    outer loop
      vertex   -2.124003e+01 -1.418929e+01 -5.900000e+00
      vertex   -4.020301e+01 -1.571364e+01 -5.900000e+00
      vertex   -2.115868e+01 -1.455886e+01 -5.900000e+00
    endloop
  endfacet
  facet normal 2.268239e-16 1.049399e-16 1.000000e+00
    outer loop
      vertex   -2.115868e+01 -1.455886e+01 -5.900000e+00
      vertex   -4.020301e+01 -1.571364e+01 -5.900000e+00
      vertex   -2.099979e+01 -1.490230e+01 -5.900000e+00
    endloop
  endfacet
  facet normal 2.415497e-16 -2.435996e-16 1.000000e+00
    outer loop
      vertex   -2.099979e+01 -1.490230e+01 -5.900000e+00
      vertex   -4.020301e+01 -1.571364e+01 -5.900000e+00
      vertex   -4.168339e+01 -2.082762e+01 -5.900000e+00
    endloop
  endfacet
  facet normal 1.410484e-16 1.072222e-16 1.000000e+00
    outer loop
      vertex   -2.099979e+01 -1.490230e+01 -5.900000e+00
      vertex   -4.168339e+01 -2.082762e+01 -5.900000e+00
      vertex   -2.077078e+01 -1.520356e+01 -5.900000e+00
    endloop
  endfacet
  facet normal 1.290311e-16 1.519072e-16 1.000000e+00
    outer loop
      vertex   -2.077078e+01 -1.520356e+01 -5.900000e+00
      vertex   -4.168339e+01 -2.082762e+01 -5.900000e+00
      vertex   -2.048236e+01 -1.544854e+01 -5.900000e+00
    endloop
  endfacet
  facet normal 3.643861e-16 -7.757173e-16 1.000000e+00
    outer loop
      vertex   -2.048236e+01 -1.544854e+01 -5.900000e+00
      vertex   -4.168339e+01 -2.082762e+01 -5.900000e+00
      vertex   -4.294466e+01 -2.600000e+01 -5.900000e+00
    endloop
  endfacet
  facet normal 0.000000e+00 0.000000e+00 1.000000e+00
    outer loop
      vertex   -2.048236e+01 -1.544854e+01 -5.900000e+00
      vertex   -4.294466e+01 -2.600000e+01 -5.900000e+00
      vertex   -2.014803e+01 -1.562579e+01 -5.900000e+00
    endloop
  endfacet
  facet normal 0.000000e+00 0.000000e+00 1.000000e+00
    outer loop
      vertex   -2.014803e+01 -1.562579e+01 -5.900000e+00
      vertex   -4.294466e+01 -2.600000e+01 -5.900000e+00
      vertex   -1.978340e+01 -1.572703e+01 -5.900000e+00
    endloop
  endfacet
  facet normal 0.000000e+00 0.000000e+00 1.000000e+00
    outer loop
      vertex   -1.978340e+01 -1.572703e+01 -5.900000e+00
      vertex   -4.294466e+01 -2.600000e+01 -5.900000e+00
      vertex   -1.940554e+01 -1.574752e+01 -5.900000e+00
    endloop
  endfacet
  facet normal -0.000000e+00 0.000000e+00 1.000000e+00
    outer loop
      vertex   -1.940554e+01 -1.574752e+01 -5.900000e+00
      vertex   -4.294466e+01 -2.600000e+01 -5.900000e+00
      vertex   -1.903211e+01 -1.568630e+01 -5.900000e+00
    endloop
  endfacet
  facet normal 0.000000e+00 0.000000e+00 1.000000e+00
    outer loop
      vertex   -1.903211e+01 -1.568630e+01 -5.900000e+00
      vertex   -4.294466e+01 -2.600000e+01 -5.900000e+00
      vertex   4.294466e+01 -2.600000e+01 -5.900000e+00
    endloop
  endfacet
  facet normal -0.000000e+00 0.000000e+00 1.000000e+00
    outer loop
      vertex   -1.903211e+01 -1.568630e+01 -5.900000e+00
      vertex   4.294466e+01 -2.600000e+01 -5.900000e+00
      vertex   -1.868057e+01 -1.554623e+01 -5.900000e+00
    endloop
  endfacet
  facet normal -0.000000e+00 0.000000e+00 1.000000e+00
    outer loop
      vertex   -1.868057e+01 -1.554623e+01 -5.900000e+00
      vertex   4.294466e+01 -2.600000e+01 -5.900000e+00
      vertex   -1.836736e+01 -1.533387e+01 -5.900000e+00
    endloop
  endfacet
  facet normal -0.000000e+00 0.000000e+00 1.000000e+00
    outer loop
      vertex   -1.836736e+01 -1.533387e+01 -5.900000e+00
      vertex   4.294466e+01 -2.600000e+01 -5.900000e+00
      vertex   -1.810712e+01 -1.505914e+01 -5.900000e+00
    endloop
  endfacet
  facet normal -1.287148e-16 -7.182493e-16 1.000000e+00
    outer loop
      vertex   -1.810712e+01 -1.505914e+01 -5.900000e+00
      vertex   4.294466e+01 -2.600000e+01 -5.900000e+00
      vertex   4.168339e+01 -2.082762e+01 -5.900000e+00
    endloop
  endfacet
  facet normal -5.615936e-17 3.378997e-17 1.000000e+00
    outer loop
      vertex   -1.810712e+01 -1.505914e+01 -5.900000e+00
      vertex   4.168339e+01 -2.082762e+01 -5.900000e+00
      vertex   -1.791203e+01 -1.473489e+01 -5.900000e+00
    endloop
  endfacet
  facet normal -7.972924e-17 -1.967563e-16 1.000000e+00
    outer loop
      vertex   -1.791203e+01 -1.473489e+01 -5.900000e+00
      vertex   4.168339e+01 -2.082762e+01 -5.900000e+00
      vertex   4.020301e+01 -1.571364e+01 -5.900000e+00
    endloop
  endfacet
  facet normal -7.598437e-17 2.560211e-17 1.000000e+00
    outer loop
      vertex   -1.791203e+01 -1.473489e+01 -5.900000e+00
      vertex   4.020301e+01 -1.571364e+01 -5.900000e+00
      vertex   -1.779120e+01 -1.437628e+01 -5.900000e+00
    endloop
  endfacet
  facet normal -7.717315e-17 -2.594916e-17 1.000000e+00
    outer loop
      vertex   -1.779120e+01 -1.437628e+01 -5.900000e+00
      vertex   4.020301e+01 -1.571364e+01 -5.900000e+00
      vertex   3.850621e+01 -1.066733e+01 -5.900000e+00
    endloop
  endfacet
  facet normal -6.545055e-17 -2.038843e-16 1.000000e+00
    outer loop
      vertex   -1.779120e+01 -1.437628e+01 -5.900000e+00
      vertex   3.850621e+01 -1.066733e+01 -5.900000e+00
      vertex   3.659607e+01 -5.697859e+00 -5.900000e+00
    endloop
  endfacet
  facet normal -9.971423e-17 1.084458e-17 1.000000e+00
    outer loop
      vertex   -1.779120e+01 -1.437628e+01 -5.900000e+00
      vertex   3.659607e+01 -5.697859e+00 -5.900000e+00
      vertex   -1.775028e+01 -1.400008e+01 -5.900000e+00
    endloop
  endfacet
  facet normal -9.195916e-17 -3.992012e-17 1.000000e+00
    outer loop
      vertex   -1.775028e+01 -1.400008e+01 -5.900000e+00
      vertex   3.659607e+01 -5.697859e+00 -5.900000e+00
      vertex   3.447605e+01 -8.142280e-01 -5.900000e+00
    endloop
  endfacet
  facet normal -9.931109e-17 -1.080073e-17 1.000000e+00
    outer loop
      vertex   -1.775028e+01 -1.400008e+01 -5.900000e+00
      vertex   3.447605e+01 -8.142280e-01 -5.900000e+00
      vertex   -1.779120e+01 -1.362388e+01 -5.900000e+00
    endloop
  endfacet
  facet normal -5.379166e-16 1.778842e-15 1.000000e+00
    outer loop
      vertex   -1.779120e+01 -1.362388e+01 -5.900000e+00
      vertex   3.447605e+01 -8.142280e-01 -5.900000e+00
      vertex   3.215000e+01 3.974699e+00 -5.900000e+00
    endloop
  endfacet
  facet normal 7.948496e-17 2.678160e-17 1.000000e+00
    outer loop
      vertex   -1.779120e+01 -1.362388e+01 -5.900000e+00
      vertex   3.215000e+01 3.974699e+00 -5.900000e+00
      vertex   -1.791203e+01 -1.326527e+01 -5.900000e+00
    endloop
  endfacet
  facet normal 4.019336e-16 -9.095558e-16 1.000000e+00
    outer loop
      vertex   -1.791203e+01 -1.326527e+01 -5.900000e+00
      vertex   3.215000e+01 3.974699e+00 -5.900000e+00
      vertex   3.060834e+01 7.199427e+00 -5.900000e+00
    endloop
  endfacet
  facet normal 1.460014e-17 8.784611e-18 1.000000e+00
    outer loop
      vertex   -1.791203e+01 -1.326527e+01 -5.900000e+00
      vertex   3.060834e+01 7.199427e+00 -5.900000e+00
      vertex   -1.810712e+01 -1.294102e+01 -5.900000e+00
    endloop
  endfacet
  facet normal 1.105172e-16 -2.232184e-16 1.000000e+00
    outer loop
      vertex   -1.810712e+01 -1.294102e+01 -5.900000e+00
      vertex   3.060834e+01 7.199427e+00 -5.900000e+00
      vertex   2.924627e+01 1.050402e+01 -5.900000e+00
    endloop
  endfacet
  facet normal 0.000000e+00 -0.000000e+00 1.000000e+00
    outer loop
      vertex   -1.810712e+01 -1.294102e+01 -5.900000e+00
      vertex   2.924627e+01 1.050402e+01 -5.900000e+00
      vertex   -1.836736e+01 -1.266630e+01 -5.900000e+00
    endloop
  endfacet
  facet normal 0.000000e+00 0.000000e+00 1.000000e+00
    outer loop
      vertex   -1.836736e+01 -1.266630e+01 -5.900000e+00
      vertex   2.924627e+01 1.050402e+01 -5.900000e+00
      vertex   2.806791e+01 1.387849e+01 -5.900000e+00
    endloop
  endfacet
  facet normal -0.000000e+00 1.000000e+00 0.000000e+00
    outer loop
      vertex   -8.616579e+00 9.420000e+01 -5.900000e+00
      vertex   -5.383417e+00 9.420000e+01 -5.900000e+00
      vertex   -8.616579e+00 9.420000e+01 -7.700000e+00
    endloop
  endfacet
  facet normal 0.000000e+00 1.000000e+00 0.000000e+00
    outer loop
      vertex   -8.616579e+00 9.420000e+01 -7.700000e+00
      vertex   -5.383417e+00 9.420000e+01 -5.900000e+00
      vertex   -5.383417e+00 9.420000e+01 -7.700000e+00
    endloop
  endfacet
  facet normal -8.660254e-01 5.000000e-01 0.000000e+00
    outer loop
      vertex   -5.383417e+00 9.420000e+01 -5.900000e+00
      vertex   -3.766836e+00 9.700000e+01 -5.900000e+00
      vertex   -5.383417e+00 9.420000e+01 -7.700000e+00
    endloop
  endfacet
  facet normal -8.660254e-01 5.000000e-01 0.000000e+00
    outer loop
      vertex   -5.383417e+00 9.420000e+01 -7.700000e+00
      vertex   -3.766836e+00 9.700000e+01 -5.900000e+00
      vertex   -3.766836e+00 9.700000e+01 -7.700000e+00
    endloop
  endfacet
  facet normal -8.660254e-01 -5.000000e-01 -0.000000e+00
    outer loop
      vertex   -3.766836e+00 9.700000e+01 -5.900000e+00
      vertex   -5.383417e+00 9.980000e+01 -5.900000e+00
      vertex   -3.766836e+00 9.700000e+01 -7.700000e+00
    endloop
  endfacet
  facet normal -8.660254e-01 -5.000000e-01 0.000000e+00
    outer loop
      vertex   -3.766836e+00 9.700000e+01 -7.700000e+00
      vertex   -5.383417e+00 9.980000e+01 -5.900000e+00
      vertex   -5.383417e+00 9.980000e+01 -7.700000e+00
    endloop
  endfacet
  facet normal -4.395343e-15 -1.000000e+00 -0.000000e+00
    outer loop
      vertex   -5.383417e+00 9.980000e+01 -5.900000e+00
      vertex   -8.616579e+00 9.980000e+01 -5.900000e+00
      vertex   -5.383417e+00 9.980000e+01 -7.700000e+00
    endloop
  endfacet
  facet normal -4.395343e-15 -1.000000e+00 0.000000e+00
    outer loop
      vertex   -5.383417e+00 9.980000e+01 -7.700000e+00
      vertex   -8.616579e+00 9.980000e+01 -5.900000e+00
      vertex   -8.616579e+00 9.980000e+01 -7.700000e+00
    endloop
  endfacet
  facet normal 8.660254e-01 -5.000000e-01 0.000000e+00
    outer loop
      vertex   -8.616579e+00 9.980000e+01 -5.900000e+00
      vertex   -1.023316e+01 9.700000e+01 -5.900000e+00
      vertex   -8.616579e+00 9.980000e+01 -7.700000e+00
    endloop
  endfacet
  facet normal 8.660254e-01 -5.000000e-01 0.000000e+00
    outer loop
      vertex   -8.616579e+00 9.980000e+01 -7.700000e+00
      vertex   -1.023316e+01 9.700000e+01 -5.900000e+00
      vertex   -1.023316e+01 9.700000e+01 -7.700000e+00
    endloop
  endfacet
  facet normal 8.660254e-01 5.000000e-01 0.000000e+00
    outer loop
      vertex   -1.023316e+01 9.700000e+01 -5.900000e+00
      vertex   -8.616579e+00 9.420000e+01 -5.900000e+00
      vertex   -1.023316e+01 9.700000e+01 -7.700000e+00
    endloop
  endfacet
  facet normal 8.660254e-01 5.000000e-01 0.000000e+00
    outer loop
      vertex   -1.023316e+01 9.700000e+01 -7.700000e+00
      vertex   -8.616579e+00 9.420000e+01 -5.900000e+00
      vertex   -8.616579e+00 9.420000e+01 -7.700000e+00
    endloop
  endfacet
  facet normal 0.000000e+00 0.000000e+00 1.000000e+00
    outer loop
      vertex   -5.437405e+00 9.734395e+01 -7.700000e+00
      vertex   -5.399998e+00 9.700000e+01 -7.700000e+00
      vertex   -3.766836e+00 9.700000e+01 -7.700000e+00
    endloop
  endfacet
  facet normal 0.000000e+00 0.000000e+00 1.000000e+00
    outer loop
      vertex   -3.766836e+00 9.700000e+01 -7.700000e+00
      vertex   -5.399998e+00 9.700000e+01 -7.700000e+00
      vertex   -5.437405e+00 9.665604e+01 -7.700000e+00
    endloop
  endfacet
  facet normal 0.000000e+00 0.000000e+00 1.000000e+00
    outer loop
      vertex   -3.766836e+00 9.700000e+01 -7.700000e+00
      vertex   -5.437405e+00 9.665604e+01 -7.700000e+00
      vertex   -5.547877e+00 9.632818e+01 -7.700000e+00
    endloop
  endfacet
  facet normal -0.000000e+00 0.000000e+00 1.000000e+00
    outer loop
      vertex   -5.547877e+00 9.632818e+01 -7.700000e+00
      vertex   -5.726249e+00 9.603172e+01 -7.700000e+00
      vertex   -3.766836e+00 9.700000e+01 -7.700000e+00
    endloop
  endfacet
  facet normal 2.193298e-16 -4.438367e-16 1.000000e+00
    outer loop
      vertex   -3.766836e+00 9.700000e+01 -7.700000e+00
      vertex   -5.726249e+00 9.603172e+01 -7.700000e+00
      vertex   -5.383417e+00 9.420000e+01 -7.700000e+00
    endloop
  endfacet
  facet normal 4.274342e-16 -4.048871e-16 1.000000e+00
    outer loop
      vertex   -5.383417e+00 9.420000e+01 -7.700000e+00
      vertex   -5.726249e+00 9.603172e+01 -7.700000e+00
      vertex   -5.964180e+00 9.578054e+01 -7.700000e+00
    endloop
  endfacet
  facet normal 3.050183e-16 -4.498683e-16 1.000000e+00
    outer loop
      vertex   -5.383417e+00 9.420000e+01 -7.700000e+00
      vertex   -5.964180e+00 9.578054e+01 -7.700000e+00
      vertex   -6.250544e+00 9.558638e+01 -7.700000e+00
    endloop
  endfacet
  facet normal 2.043349e-16 -5.128419e-16 1.000000e+00
    outer loop
      vertex   -6.250544e+00 9.558638e+01 -7.700000e+00
      vertex   -6.571953e+00 9.545832e+01 -7.700000e+00
      vertex   -5.383417e+00 9.420000e+01 -7.700000e+00
    endloop
  endfacet
  facet normal 1.002012e-16 -6.112004e-16 1.000000e+00
    outer loop
      vertex   -5.383417e+00 9.420000e+01 -7.700000e+00
      vertex   -6.571953e+00 9.545832e+01 -7.700000e+00
      vertex   -6.913376e+00 9.540234e+01 -7.700000e+00
    endloop
  endfacet
  facet normal 0.000000e+00 -7.387042e-16 1.000000e+00
    outer loop
      vertex   -5.383417e+00 9.420000e+01 -7.700000e+00
      vertex   -6.913376e+00 9.540234e+01 -7.700000e+00
      vertex   -8.616579e+00 9.420000e+01 -7.700000e+00
    endloop
  endfacet
  facet normal -3.719468e-17 -6.860155e-16 1.000000e+00
    outer loop
      vertex   -8.616579e+00 9.420000e+01 -7.700000e+00
      vertex   -6.913376e+00 9.540234e+01 -7.700000e+00
      vertex   -7.258849e+00 9.542108e+01 -7.700000e+00
    endloop
  endfacet
  facet normal -1.543141e-16 -5.557891e-16 1.000000e+00
    outer loop
      vertex   -8.616579e+00 9.420000e+01 -7.700000e+00
      vertex   -7.258849e+00 9.542108e+01 -7.700000e+00
      vertex   -7.592219e+00 9.551363e+01 -7.700000e+00
    endloop
  endfacet
  facet normal -2.536100e-16 -4.783593e-16 1.000000e+00
    outer loop
      vertex   -7.592219e+00 9.551363e+01 -7.700000e+00
      vertex   -7.897897e+00 9.567570e+01 -7.700000e+00
      vertex   -8.616579e+00 9.420000e+01 -7.700000e+00
    endloop
  endfacet
  facet normal -3.616351e-16 -4.257498e-16 1.000000e+00
    outer loop
      vertex   -8.616579e+00 9.420000e+01 -7.700000e+00
      vertex   -7.897897e+00 9.567570e+01 -7.700000e+00
      vertex   -8.161591e+00 9.589968e+01 -7.700000e+00
    endloop
  endfacet
  facet normal -5.083870e-16 -3.864658e-16 1.000000e+00
    outer loop
      vertex   -8.616579e+00 9.420000e+01 -7.700000e+00
      vertex   -8.161591e+00 9.589968e+01 -7.700000e+00
      vertex   -8.370969e+00 9.617511e+01 -7.700000e+00
    endloop
  endfacet
  facet normal -1.887953e-16 -4.262076e-16 1.000000e+00
    outer loop
      vertex   -8.616579e+00 9.420000e+01 -7.700000e+00
      vertex   -8.370969e+00 9.617511e+01 -7.700000e+00
      vertex   -1.023316e+01 9.700000e+01 -7.700000e+00
    endloop
  endfacet
  facet normal 0.000000e+00 0.000000e+00 1.000000e+00
    outer loop
      vertex   -1.023316e+01 9.700000e+01 -7.700000e+00
      vertex   -8.370969e+00 9.617511e+01 -7.700000e+00
      vertex   -8.516243e+00 9.648912e+01 -7.700000e+00
    endloop
  endfacet
  facet normal 0.000000e+00 0.000000e+00 1.000000e+00
    outer loop
      vertex   -1.023316e+01 9.700000e+01 -7.700000e+00
      vertex   -8.516243e+00 9.648912e+01 -7.700000e+00
      vertex   -8.590619e+00 9.682701e+01 -7.700000e+00
    endloop
  endfacet
  facet normal 0.000000e+00 -0.000000e+00 1.000000e+00
    outer loop
      vertex   -8.590619e+00 9.682701e+01 -7.700000e+00
      vertex   -8.590619e+00 9.717299e+01 -7.700000e+00
      vertex   -1.023316e+01 9.700000e+01 -7.700000e+00
    endloop
  endfacet
  facet normal 0.000000e+00 0.000000e+00 1.000000e+00
    outer loop
      vertex   -1.023316e+01 9.700000e+01 -7.700000e+00
      vertex   -8.590619e+00 9.717299e+01 -7.700000e+00
      vertex   -8.516243e+00 9.751088e+01 -7.700000e+00
    endloop
  endfacet
  facet normal 0.000000e+00 0.000000e+00 1.000000e+00
    outer loop
      vertex   -1.023316e+01 9.700000e+01 -7.700000e+00
      vertex   -8.516243e+00 9.751088e+01 -7.700000e+00
      vertex   -8.370969e+00 9.782488e+01 -7.700000e+00
    endloop
  endfacet
  facet normal 0.000000e+00 0.000000e+00 1.000000e+00
    outer loop
      vertex   -1.023316e+01 9.700000e+01 -7.700000e+00
      vertex   -8.370969e+00 9.782488e+01 -7.700000e+00
      vertex   -8.616579e+00 9.980000e+01 -7.700000e+00
    endloop
  endfacet
  facet normal 0.000000e+00 0.000000e+00 1.000000e+00
    outer loop
      vertex   -8.616579e+00 9.980000e+01 -7.700000e+00
      vertex   -8.370969e+00 9.782488e+01 -7.700000e+00
      vertex   -8.161591e+00 9.810032e+01 -7.700000e+00
    endloop
  endfacet
  facet normal 0.000000e+00 0.000000e+00 1.000000e+00
    outer loop
      vertex   -8.616579e+00 9.980000e+01 -7.700000e+00
      vertex   -8.161591e+00 9.810032e+01 -7.700000e+00
      vertex   -7.897897e+00 9.832430e+01 -7.700000e+00
    endloop
  endfacet
  facet normal 0.000000e+00 -0.000000e+00 1.000000e+00
    outer loop
      vertex   -7.897897e+00 9.832430e+01 -7.700000e+00
      vertex   -7.592219e+00 9.848636e+01 -7.700000e+00
      vertex   -8.616579e+00 9.980000e+01 -7.700000e+00
    endloop
  endfacet
  facet normal 0.000000e+00 0.000000e+00 1.000000e+00
    outer loop
      vertex   -8.616579e+00 9.980000e+01 -7.700000e+00
      vertex   -7.592219e+00 9.848636e+01 -7.700000e+00
      vertex   -7.258849e+00 9.857892e+01 -7.700000e+00
    endloop
  endfacet
  facet normal 0.000000e+00 0.000000e+00 1.000000e+00
    outer loop
      vertex   -8.616579e+00 9.980000e+01 -7.700000e+00
      vertex   -7.258849e+00 9.857892e+01 -7.700000e+00
      vertex   -6.913376e+00 9.859765e+01 -7.700000e+00
    endloop
  endfacet
  facet normal 0.000000e+00 0.000000e+00 1.000000e+00
    outer loop
      vertex   -8.616579e+00 9.980000e+01 -7.700000e+00
      vertex   -6.913376e+00 9.859765e+01 -7.700000e+00
      vertex   -5.383417e+00 9.980000e+01 -7.700000e+00
    endloop
  endfacet
  facet normal 0.000000e+00 0.000000e+00 1.000000e+00
    outer loop
      vertex   -5.383417e+00 9.980000e+01 -7.700000e+00
      vertex   -6.913376e+00 9.859765e+01 -7.700000e+00
      vertex   -6.571953e+00 9.854168e+01 -7.700000e+00
    endloop
  endfacet
  facet normal 0.000000e+00 0.000000e+00 1.000000e+00
    outer loop
      vertex   -5.383417e+00 9.980000e+01 -7.700000e+00
      vertex   -6.571953e+00 9.854168e+01 -7.700000e+00
      vertex   -6.250544e+00 9.841362e+01 -7.700000e+00
    endloop
  endfacet
  facet normal -0.000000e+00 0.000000e+00 1.000000e+00
    outer loop
      vertex   -6.250544e+00 9.841362e+01 -7.700000e+00
      vertex   -5.964180e+00 9.821946e+01 -7.700000e+00
      vertex   -5.383417e+00 9.980000e+01 -7.700000e+00
    endloop
  endfacet
  facet normal 0.000000e+00 0.000000e+00 1.000000e+00
    outer loop
      vertex   -5.383417e+00 9.980000e+01 -7.700000e+00
      vertex   -5.964180e+00 9.821946e+01 -7.700000e+00
      vertex   -5.726249e+00 9.796828e+01 -7.700000e+00
    endloop
  endfacet
  facet normal 0.000000e+00 0.000000e+00 1.000000e+00
    outer loop
      vertex   -5.383417e+00 9.980000e+01 -7.700000e+00
      vertex   -5.726249e+00 9.796828e+01 -7.700000e+00
      vertex   -3.766836e+00 9.700000e+01 -7.700000e+00
    endloop
  endfacet
  facet normal 0.000000e+00 0.000000e+00 1.000000e+00
    outer loop
      vertex   -3.766836e+00 9.700000e+01 -7.700000e+00
      vertex   -5.726249e+00 9.796828e+01 -7.700000e+00
      vertex   -5.547877e+00 9.767182e+01 -7.700000e+00
    endloop
  endfacet
  facet normal 0.000000e+00 0.000000e+00 1.000000e+00
    outer loop
      vertex   -3.766836e+00 9.700000e+01 -7.700000e+00
      vertex   -5.547877e+00 9.767182e+01 -7.700000e+00
      vertex   -5.437405e+00 9.734395e+01 -7.700000e+00
    endloop
  endfacet
  facet normal -9.941356e-01 -1.081188e-01 -2.181220e-03
    outer loop
      vertex   -5.437405e+00 9.734395e+01 -7.700000e+00
      vertex   -5.409377e+00 9.717299e+01 -1.200000e+01
      vertex   -5.399998e+00 9.700000e+01 -7.700000e+00
    endloop
  endfacet
  facet normal -9.999976e-01 0.000000e+00 2.181220e-03
    outer loop
      vertex   -5.399998e+00 9.700000e+01 -7.700000e+00
      vertex   -5.409377e+00 9.717299e+01 -1.200000e+01
      vertex   -5.409377e+00 9.682701e+01 -1.200000e+01
    endloop
  endfacet
  facet normal -9.941356e-01 1.081188e-01 -2.181220e-03
    outer loop
      vertex   -5.399998e+00 9.700000e+01 -7.700000e+00
      vertex   -5.409377e+00 9.682701e+01 -1.200000e+01
      vertex   -5.437405e+00 9.665604e+01 -7.700000e+00
    endloop
  endfacet
  facet normal -9.766182e-01 2.149699e-01 2.181220e-03
    outer loop
      vertex   -5.437405e+00 9.665604e+01 -7.700000e+00
      vertex   -5.409377e+00 9.682701e+01 -1.200000e+01
      vertex   -5.483753e+00 9.648912e+01 -1.200000e+01
    endloop
  endfacet
  facet normal -9.476509e-01 3.193008e-01 -2.181220e-03
    outer loop
      vertex   -5.437405e+00 9.665604e+01 -7.700000e+00
      vertex   -5.483753e+00 9.648912e+01 -1.200000e+01
      vertex   -5.547877e+00 9.632818e+01 -7.700000e+00
    endloop
  endfacet
  facet normal -9.075733e-01 4.198881e-01 2.181220e-03
    outer loop
      vertex   -5.547877e+00 9.632818e+01 -7.700000e+00
      vertex   -5.483753e+00 9.648912e+01 -1.200000e+01
      vertex   -5.629026e+00 9.617511e+01 -1.200000e+01
    endloop
  endfacet
  facet normal -8.568551e-01 5.155526e-01 -2.181220e-03
    outer loop
      vertex   -5.547877e+00 9.632818e+01 -7.700000e+00
      vertex   -5.629026e+00 9.617511e+01 -1.200000e+01
      vertex   -5.726249e+00 9.603172e+01 -7.700000e+00
    endloop
  endfacet
  facet normal -7.960912e-01 6.051728e-01 2.181220e-03
    outer loop
      vertex   -5.726249e+00 9.603172e+01 -7.700000e+00
      vertex   -5.629026e+00 9.617511e+01 -1.200000e+01
      vertex   -5.838405e+00 9.589968e+01 -1.200000e+01
    endloop
  endfacet
  facet normal -7.259938e-01 6.876978e-01 -2.181220e-03
    outer loop
      vertex   -5.726249e+00 9.603172e+01 -7.700000e+00
      vertex   -5.838405e+00 9.589968e+01 -1.200000e+01
      vertex   -5.964180e+00 9.578054e+01 -7.700000e+00
    endloop
  endfacet
  facet normal -6.473847e-01 7.621602e-01 2.181220e-03
    outer loop
      vertex   -5.964180e+00 9.578054e+01 -7.700000e+00
      vertex   -5.838405e+00 9.589968e+01 -1.200000e+01
      vertex   -6.102099e+00 9.567570e+01 -1.200000e+01
    endloop
  endfacet
  facet normal -5.611857e-01 8.276870e-01 -2.181220e-03
    outer loop
      vertex   -5.964180e+00 9.578054e+01 -7.700000e+00
      vertex   -6.102099e+00 9.567570e+01 -1.200000e+01
      vertex   -6.250544e+00 9.558638e+01 -7.700000e+00
    endloop
  endfacet
  facet normal -4.684073e-01 8.835099e-01 2.181220e-03
    outer loop
      vertex   -6.250544e+00 9.558638e+01 -7.700000e+00
      vertex   -6.102099e+00 9.567570e+01 -1.200000e+01
      vertex   -6.407777e+00 9.551363e+01 -1.200000e+01
    endloop
  endfacet
  facet normal -3.701373e-01 9.289745e-01 -2.181220e-03
    outer loop
      vertex   -6.250544e+00 9.558638e+01 -7.700000e+00
      vertex   -6.407777e+00 9.551363e+01 -1.200000e+01
      vertex   -6.571953e+00 9.545832e+01 -7.700000e+00
    endloop
  endfacet
  facet normal -2.675277e-01 9.635477e-01 2.181220e-03
    outer loop
      vertex   -6.571953e+00 9.545832e+01 -7.700000e+00
      vertex   -6.407777e+00 9.551363e+01 -1.200000e+01
      vertex   -6.741147e+00 9.542108e+01 -1.200000e+01
    endloop
  endfacet
  facet normal -1.617816e-01 9.868242e-01 -2.181220e-03
    outer loop
      vertex   -6.571953e+00 9.545832e+01 -7.700000e+00
      vertex   -6.741147e+00 9.542108e+01 -1.200000e+01
      vertex   -6.913376e+00 9.540234e+01 -7.700000e+00
    endloop
  endfacet
  facet normal -5.413878e-02 9.985310e-01 2.181220e-03
    outer loop
      vertex   -6.913376e+00 9.540234e+01 -7.700000e+00
      vertex   -6.741147e+00 9.542108e+01 -1.200000e+01
      vertex   -7.086620e+00 9.540234e+01 -1.200000e+01
    endloop
  endfacet
  facet normal 5.413878e-02 9.985310e-01 -2.181220e-03
    outer loop
      vertex   -6.913376e+00 9.540234e+01 -7.700000e+00
      vertex   -7.086620e+00 9.540234e+01 -1.200000e+01
      vertex   -7.258849e+00 9.542108e+01 -7.700000e+00
    endloop
  endfacet
  facet normal 1.617816e-01 9.868242e-01 2.181220e-03
    outer loop
      vertex   -7.258849e+00 9.542108e+01 -7.700000e+00
      vertex   -7.086620e+00 9.540234e+01 -1.200000e+01
      vertex   -7.428043e+00 9.545832e+01 -1.200000e+01
    endloop
  endfacet
  facet normal 2.675277e-01 9.635477e-01 -2.181220e-03
    outer loop
      vertex   -7.258849e+00 9.542108e+01 -7.700000e+00
      vertex   -7.428043e+00 9.545832e+01 -1.200000e+01
      vertex   -7.592219e+00 9.551363e+01 -7.700000e+00
    endloop
  endfacet
  facet normal 3.701373e-01 9.289745e-01 2.181220e-03
    outer loop
      vertex   -7.592219e+00 9.551363e+01 -7.700000e+00
      vertex   -7.428043e+00 9.545832e+01 -1.200000e+01
      vertex   -7.749451e+00 9.558638e+01 -1.200000e+01
    endloop
  endfacet
  facet normal 4.684073e-01 8.835099e-01 -2.181220e-03
    outer loop
      vertex   -7.592219e+00 9.551363e+01 -7.700000e+00
      vertex   -7.749451e+00 9.558638e+01 -1.200000e+01
      vertex   -7.897897e+00 9.567570e+01 -7.700000e+00
    endloop
  endfacet
  facet normal 5.611857e-01 8.276870e-01 2.181220e-03
    outer loop
      vertex   -7.897897e+00 9.567570e+01 -7.700000e+00
      vertex   -7.749451e+00 9.558638e+01 -1.200000e+01
      vertex   -8.035816e+00 9.578054e+01 -1.200000e+01
    endloop
  endfacet
  facet normal 6.473847e-01 7.621602e-01 -2.181220e-03
    outer loop
      vertex   -7.897897e+00 9.567570e+01 -7.700000e+00
      vertex   -8.035816e+00 9.578054e+01 -1.200000e+01
      vertex   -8.161591e+00 9.589968e+01 -7.700000e+00
    endloop
  endfacet
  facet normal 7.259938e-01 6.876978e-01 2.181220e-03
    outer loop
      vertex   -8.161591e+00 9.589968e+01 -7.700000e+00
      vertex   -8.035816e+00 9.578054e+01 -1.200000e+01
      vertex   -8.273747e+00 9.603172e+01 -1.200000e+01
    endloop
  endfacet
  facet normal 7.960912e-01 6.051728e-01 -2.181220e-03
    outer loop
      vertex   -8.161591e+00 9.589968e+01 -7.700000e+00
      vertex   -8.273747e+00 9.603172e+01 -1.200000e+01
      vertex   -8.370969e+00 9.617511e+01 -7.700000e+00
    endloop
  endfacet
  facet normal 8.568551e-01 5.155526e-01 2.181220e-03
    outer loop
      vertex   -8.370969e+00 9.617511e+01 -7.700000e+00
      vertex   -8.273747e+00 9.603172e+01 -1.200000e+01
      vertex   -8.452119e+00 9.632818e+01 -1.200000e+01
    endloop
  endfacet
  facet normal 9.075733e-01 4.198881e-01 -2.181220e-03
    outer loop
      vertex   -8.370969e+00 9.617511e+01 -7.700000e+00
      vertex   -8.452119e+00 9.632818e+01 -1.200000e+01
      vertex   -8.516243e+00 9.648912e+01 -7.700000e+00
    endloop
  endfacet
  facet normal 9.476509e-01 3.193008e-01 2.181220e-03
    outer loop
      vertex   -8.516243e+00 9.648912e+01 -7.700000e+00
      vertex   -8.452119e+00 9.632818e+01 -1.200000e+01
      vertex   -8.562591e+00 9.665604e+01 -1.200000e+01
    endloop
  endfacet
  facet normal 9.766182e-01 2.149699e-01 -2.181220e-03
    outer loop
      vertex   -8.516243e+00 9.648912e+01 -7.700000e+00
      vertex   -8.562591e+00 9.665604e+01 -1.200000e+01
      vertex   -8.590619e+00 9.682701e+01 -7.700000e+00
    endloop
  endfacet
  facet normal 9.941356e-01 1.081188e-01 2.181220e-03
    outer loop
      vertex   -8.590619e+00 9.682701e+01 -7.700000e+00
      vertex   -8.562591e+00 9.665604e+01 -1.200000e+01
      vertex   -8.599998e+00 9.700000e+01 -1.200000e+01
    endloop
  endfacet
  facet normal 9.999976e-01 0.000000e+00 -2.181220e-03
    outer loop
      vertex   -8.590619e+00 9.682701e+01 -7.700000e+00
      vertex   -8.599998e+00 9.700000e+01 -1.200000e+01
      vertex   -8.590619e+00 9.717299e+01 -7.700000e+00
    endloop
  endfacet
  facet normal 9.941356e-01 -1.081188e-01 2.181220e-03
    outer loop
      vertex   -8.590619e+00 9.717299e+01 -7.700000e+00
      vertex   -8.599998e+00 9.700000e+01 -1.200000e+01
      vertex   -8.562591e+00 9.734395e+01 -1.200000e+01
    endloop
  endfacet
  facet normal 9.766182e-01 -2.149699e-01 -2.181220e-03
    outer loop
      vertex   -8.590619e+00 9.717299e+01 -7.700000e+00
      vertex   -8.562591e+00 9.734395e+01 -1.200000e+01
      vertex   -8.516243e+00 9.751088e+01 -7.700000e+00
    endloop
  endfacet
  facet normal 9.476509e-01 -3.193008e-01 2.181220e-03
    outer loop
      vertex   -8.516243e+00 9.751088e+01 -7.700000e+00
      vertex   -8.562591e+00 9.734395e+01 -1.200000e+01
      vertex   -8.452119e+00 9.767182e+01 -1.200000e+01
    endloop
  endfacet
  facet normal 9.075733e-01 -4.198881e-01 -2.181220e-03
    outer loop
      vertex   -8.516243e+00 9.751088e+01 -7.700000e+00
      vertex   -8.452119e+00 9.767182e+01 -1.200000e+01
      vertex   -8.370969e+00 9.782488e+01 -7.700000e+00
    endloop
  endfacet
  facet normal 8.568551e-01 -5.155526e-01 2.181220e-03
    outer loop
      vertex   -8.370969e+00 9.782488e+01 -7.700000e+00
      vertex   -8.452119e+00 9.767182e+01 -1.200000e+01
      vertex   -8.273747e+00 9.796828e+01 -1.200000e+01
    endloop
  endfacet
  facet normal 7.960912e-01 -6.051728e-01 -2.181220e-03
    outer loop
      vertex   -8.370969e+00 9.782488e+01 -7.700000e+00
      vertex   -8.273747e+00 9.796828e+01 -1.200000e+01
      vertex   -8.161591e+00 9.810032e+01 -7.700000e+00
    endloop
  endfacet
  facet normal 7.259938e-01 -6.876978e-01 2.181220e-03
    outer loop
      vertex   -8.161591e+00 9.810032e+01 -7.700000e+00
      vertex   -8.273747e+00 9.796828e+01 -1.200000e+01
      vertex   -8.035816e+00 9.821946e+01 -1.200000e+01
    endloop
  endfacet
  facet normal 6.473847e-01 -7.621602e-01 -2.181220e-03
    outer loop
      vertex   -8.161591e+00 9.810032e+01 -7.700000e+00
      vertex   -8.035816e+00 9.821946e+01 -1.200000e+01
      vertex   -7.897897e+00 9.832430e+01 -7.700000e+00
    endloop
  endfacet
  facet normal 5.611857e-01 -8.276870e-01 2.181220e-03
    outer loop
      vertex   -7.897897e+00 9.832430e+01 -7.700000e+00
      vertex   -8.035816e+00 9.821946e+01 -1.200000e+01
      vertex   -7.749451e+00 9.841362e+01 -1.200000e+01
    endloop
  endfacet
  facet normal 4.684073e-01 -8.835099e-01 -2.181220e-03
    outer loop
      vertex   -7.897897e+00 9.832430e+01 -7.700000e+00
      vertex   -7.749451e+00 9.841362e+01 -1.200000e+01
      vertex   -7.592219e+00 9.848636e+01 -7.700000e+00
    endloop
  endfacet
  facet normal 3.701373e-01 -9.289745e-01 2.181220e-03
    outer loop
      vertex   -7.592219e+00 9.848636e+01 -7.700000e+00
      vertex   -7.749451e+00 9.841362e+01 -1.200000e+01
      vertex   -7.428043e+00 9.854168e+01 -1.200000e+01
    endloop
  endfacet
  facet normal 2.675277e-01 -9.635477e-01 -2.181220e-03
    outer loop
      vertex   -7.592219e+00 9.848636e+01 -7.700000e+00
      vertex   -7.428043e+00 9.854168e+01 -1.200000e+01
      vertex   -7.258849e+00 9.857892e+01 -7.700000e+00
    endloop
  endfacet
  facet normal 1.617816e-01 -9.868242e-01 2.181220e-03
    outer loop
      vertex   -7.258849e+00 9.857892e+01 -7.700000e+00
      vertex   -7.428043e+00 9.854168e+01 -1.200000e+01
      vertex   -7.086620e+00 9.859765e+01 -1.200000e+01
    endloop
  endfacet
  facet normal 5.413878e-02 -9.985310e-01 -2.181220e-03
    outer loop
      vertex   -7.258849e+00 9.857892e+01 -7.700000e+00
      vertex   -7.086620e+00 9.859765e+01 -1.200000e+01
      vertex   -6.913376e+00 9.859765e+01 -7.700000e+00
    endloop
  endfacet
  facet normal -5.413878e-02 -9.985310e-01 2.181220e-03
    outer loop
      vertex   -6.913376e+00 9.859765e+01 -7.700000e+00
      vertex   -7.086620e+00 9.859765e+01 -1.200000e+01
      vertex   -6.741147e+00 9.857892e+01 -1.200000e+01
    endloop
  endfacet
  facet normal -1.617816e-01 -9.868242e-01 -2.181220e-03
    outer loop
      vertex   -6.913376e+00 9.859765e+01 -7.700000e+00
      vertex   -6.741147e+00 9.857892e+01 -1.200000e+01
      vertex   -6.571953e+00 9.854168e+01 -7.700000e+00
    endloop
  endfacet
  facet normal -2.675277e-01 -9.635477e-01 2.181220e-03
    outer loop
      vertex   -6.571953e+00 9.854168e+01 -7.700000e+00
      vertex   -6.741147e+00 9.857892e+01 -1.200000e+01
      vertex   -6.407777e+00 9.848636e+01 -1.200000e+01
    endloop
  endfacet
  facet normal -3.701373e-01 -9.289745e-01 -2.181220e-03
    outer loop
      vertex   -6.571953e+00 9.854168e+01 -7.700000e+00
      vertex   -6.407777e+00 9.848636e+01 -1.200000e+01
      vertex   -6.250544e+00 9.841362e+01 -7.700000e+00
    endloop
  endfacet
  facet normal -4.684073e-01 -8.835099e-01 2.181220e-03
    outer loop
      vertex   -6.250544e+00 9.841362e+01 -7.700000e+00
      vertex   -6.407777e+00 9.848636e+01 -1.200000e+01
      vertex   -6.102099e+00 9.832430e+01 -1.200000e+01
    endloop
  endfacet
  facet normal -5.611857e-01 -8.276870e-01 -2.181220e-03
    outer loop
      vertex   -6.250544e+00 9.841362e+01 -7.700000e+00
      vertex   -6.102099e+00 9.832430e+01 -1.200000e+01
      vertex   -5.964180e+00 9.821946e+01 -7.700000e+00
    endloop
  endfacet
  facet normal -6.473847e-01 -7.621602e-01 2.181220e-03
    outer loop
      vertex   -5.964180e+00 9.821946e+01 -7.700000e+00
      vertex   -6.102099e+00 9.832430e+01 -1.200000e+01
      vertex   -5.838405e+00 9.810032e+01 -1.200000e+01
    endloop
  endfacet
  facet normal -7.259938e-01 -6.876978e-01 -2.181220e-03
    outer loop
      vertex   -5.964180e+00 9.821946e+01 -7.700000e+00
      vertex   -5.838405e+00 9.810032e+01 -1.200000e+01
      vertex   -5.726249e+00 9.796828e+01 -7.700000e+00
    endloop
  endfacet
  facet normal -7.960912e-01 -6.051728e-01 2.181220e-03
    outer loop
      vertex   -5.726249e+00 9.796828e+01 -7.700000e+00
      vertex   -5.838405e+00 9.810032e+01 -1.200000e+01
      vertex   -5.629026e+00 9.782488e+01 -1.200000e+01
    endloop
  endfacet
  facet normal -8.568551e-01 -5.155526e-01 -2.181220e-03
    outer loop
      vertex   -5.726249e+00 9.796828e+01 -7.700000e+00
      vertex   -5.629026e+00 9.782488e+01 -1.200000e+01
      vertex   -5.547877e+00 9.767182e+01 -7.700000e+00
    endloop
  endfacet
  facet normal -9.075733e-01 -4.198881e-01 2.181220e-03
    outer loop
      vertex   -5.547877e+00 9.767182e+01 -7.700000e+00
      vertex   -5.629026e+00 9.782488e+01 -1.200000e+01
      vertex   -5.483753e+00 9.751088e+01 -1.200000e+01
    endloop
  endfacet
  facet normal -9.476509e-01 -3.193008e-01 -2.181220e-03
    outer loop
      vertex   -5.547877e+00 9.767182e+01 -7.700000e+00
      vertex   -5.483753e+00 9.751088e+01 -1.200000e+01
      vertex   -5.437405e+00 9.734395e+01 -7.700000e+00
    endloop
  endfacet
  facet normal -9.766182e-01 -2.149699e-01 2.181220e-03
    outer loop
      vertex   -5.437405e+00 9.734395e+01 -7.700000e+00
      vertex   -5.483753e+00 9.751088e+01 -1.200000e+01
      vertex   -5.409377e+00 9.717299e+01 -1.200000e+01
    endloop
  endfacet
  facet normal -9.941380e-01 1.081190e-01 0.000000e+00
    outer loop
      vertex   -2.543741e+01 9.765605e+01 -1.200000e+01
      vertex   -2.543741e+01 9.765605e+01 -5.900000e+00
      vertex   -2.540000e+01 9.800000e+01 -1.200000e+01
    endloop
  endfacet
  facet normal -9.941380e-01 1.081190e-01 0.000000e+00
    outer loop
      vertex   -2.540000e+01 9.800000e+01 -1.200000e+01
      vertex   -2.543741e+01 9.765605e+01 -5.900000e+00
      vertex   -2.540000e+01 9.800000e+01 -5.900000e+00
    endloop
  endfacet
  facet normal -9.941380e-01 -1.081190e-01 0.000000e+00
    outer loop
      vertex   -2.540000e+01 9.800000e+01 -1.200000e+01
      vertex   -2.540000e+01 9.800000e+01 -5.900000e+00
      vertex   -2.543741e+01 9.834395e+01 -1.200000e+01
    endloop
  endfacet
  facet normal -9.941380e-01 -1.081190e-01 0.000000e+00
    outer loop
      vertex   -2.543741e+01 9.834395e+01 -1.200000e+01
      vertex   -2.540000e+01 9.800000e+01 -5.900000e+00
      vertex   -2.543741e+01 9.834395e+01 -5.900000e+00
    endloop
  endfacet
  facet normal -9.476532e-01 -3.193015e-01 0.000000e+00
    outer loop
      vertex   -2.543741e+01 9.834395e+01 -1.200000e+01
      vertex   -2.543741e+01 9.834395e+01 -5.900000e+00
      vertex   -2.554788e+01 9.867182e+01 -1.200000e+01
    endloop
  endfacet
  facet normal -9.476532e-01 -3.193015e-01 0.000000e+00
    outer loop
      vertex   -2.554788e+01 9.867182e+01 -1.200000e+01
      vertex   -2.543741e+01 9.834395e+01 -5.900000e+00
      vertex   -2.554788e+01 9.867182e+01 -5.900000e+00
    endloop
  endfacet
  facet normal -8.568572e-01 -5.155539e-01 0.000000e+00
    outer loop
      vertex   -2.554788e+01 9.867182e+01 -1.200000e+01
      vertex   -2.554788e+01 9.867182e+01 -5.900000e+00
      vertex   -2.572625e+01 9.896828e+01 -1.200000e+01
    endloop
  endfacet
  facet normal -8.568572e-01 -5.155539e-01 0.000000e+00
    outer loop
      vertex   -2.572625e+01 9.896828e+01 -1.200000e+01
      vertex   -2.554788e+01 9.867182e+01 -5.900000e+00
      vertex   -2.572625e+01 9.896828e+01 -5.900000e+00
    endloop
  endfacet
  facet normal -7.259955e-01 -6.876995e-01 0.000000e+00
    outer loop
      vertex   -2.572625e+01 9.896828e+01 -1.200000e+01
      vertex   -2.572625e+01 9.896828e+01 -5.900000e+00
      vertex   -2.596418e+01 9.921946e+01 -1.200000e+01
    endloop
  endfacet
  facet normal -7.259955e-01 -6.876995e-01 0.000000e+00
    outer loop
      vertex   -2.596418e+01 9.921946e+01 -1.200000e+01
      vertex   -2.572625e+01 9.896828e+01 -5.900000e+00
      vertex   -2.596418e+01 9.921946e+01 -5.900000e+00
    endloop
  endfacet
  facet normal -5.611871e-01 -8.276890e-01 0.000000e+00
    outer loop
      vertex   -2.596418e+01 9.921946e+01 -1.200000e+01
      vertex   -2.596418e+01 9.921946e+01 -5.900000e+00
      vertex   -2.625055e+01 9.941362e+01 -1.200000e+01
    endloop
  endfacet
  facet normal -5.611871e-01 -8.276890e-01 0.000000e+00
    outer loop
      vertex   -2.625055e+01 9.941362e+01 -1.200000e+01
      vertex   -2.596418e+01 9.921946e+01 -5.900000e+00
      vertex   -2.625055e+01 9.941362e+01 -5.900000e+00
    endloop
  endfacet
  facet normal -3.701382e-01 -9.289767e-01 0.000000e+00
    outer loop
      vertex   -2.625055e+01 9.941362e+01 -1.200000e+01
      vertex   -2.625055e+01 9.941362e+01 -5.900000e+00
      vertex   -2.657195e+01 9.954168e+01 -1.200000e+01
    endloop
  endfacet
  facet normal -3.701382e-01 -9.289767e-01 0.000000e+00
    outer loop
      vertex   -2.657195e+01 9.954168e+01 -1.200000e+01
      vertex   -2.625055e+01 9.941362e+01 -5.900000e+00
      vertex   -2.657195e+01 9.954168e+01 -5.900000e+00
    endloop
  endfacet
  facet normal -1.617820e-01 -9.868265e-01 0.000000e+00
    outer loop
      vertex   -2.657195e+01 9.954168e+01 -1.200000e+01
      vertex   -2.657195e+01 9.954168e+01 -5.900000e+00
      vertex   -2.691338e+01 9.959765e+01 -1.200000e+01
    endloop
  endfacet
  facet normal -1.617820e-01 -9.868265e-01 0.000000e+00
    outer loop
      vertex   -2.691338e+01 9.959765e+01 -1.200000e+01
      vertex   -2.657195e+01 9.954168e+01 -5.900000e+00
      vertex   -2.691338e+01 9.959765e+01 -5.900000e+00
    endloop
  endfacet
  facet normal 5.413891e-02 -9.985334e-01 0.000000e+00
    outer loop
      vertex   -2.691338e+01 9.959765e+01 -1.200000e+01
      vertex   -2.691338e+01 9.959765e+01 -5.900000e+00
      vertex   -2.725885e+01 9.957892e+01 -1.200000e+01
    endloop
  endfacet
  facet normal 5.413891e-02 -9.985334e-01 0.000000e+00
    outer loop
      vertex   -2.725885e+01 9.957892e+01 -1.200000e+01
      vertex   -2.691338e+01 9.959765e+01 -5.900000e+00
      vertex   -2.725885e+01 9.957892e+01 -5.900000e+00
    endloop
  endfacet
  facet normal 2.675283e-01 -9.635500e-01 0.000000e+00
    outer loop
      vertex   -2.725885e+01 9.957892e+01 -1.200000e+01
      vertex   -2.725885e+01 9.957892e+01 -5.900000e+00
      vertex   -2.759222e+01 9.948636e+01 -1.200000e+01
    endloop
  endfacet
  facet normal 2.675283e-01 -9.635500e-01 0.000000e+00
    outer loop
      vertex   -2.759222e+01 9.948636e+01 -1.200000e+01
      vertex   -2.725885e+01 9.957892e+01 -5.900000e+00
      vertex   -2.759222e+01 9.948636e+01 -5.900000e+00
    endloop
  endfacet
  facet normal 4.684084e-01 -8.835120e-01 0.000000e+00
    outer loop
      vertex   -2.759222e+01 9.948636e+01 -1.200000e+01
      vertex   -2.759222e+01 9.948636e+01 -5.900000e+00
      vertex   -2.789790e+01 9.932430e+01 -1.200000e+01
    endloop
  endfacet
  facet normal 4.684084e-01 -8.835120e-01 0.000000e+00
    outer loop
      vertex   -2.789790e+01 9.932430e+01 -1.200000e+01
      vertex   -2.759222e+01 9.948636e+01 -5.900000e+00
      vertex   -2.789790e+01 9.932430e+01 -5.900000e+00
    endloop
  endfacet
  facet normal 6.473863e-01 -7.621621e-01 0.000000e+00
    outer loop
      vertex   -2.789790e+01 9.932430e+01 -1.200000e+01
      vertex   -2.789790e+01 9.932430e+01 -5.900000e+00
      vertex   -2.816159e+01 9.910032e+01 -1.200000e+01
    endloop
  endfacet
  facet normal 6.473863e-01 -7.621621e-01 0.000000e+00
    outer loop
      vertex   -2.816159e+01 9.910032e+01 -1.200000e+01
      vertex   -2.789790e+01 9.932430e+01 -5.900000e+00
      vertex   -2.816159e+01 9.910032e+01 -5.900000e+00
    endloop
  endfacet
  facet normal 7.960931e-01 -6.051742e-01 0.000000e+00
    outer loop
      vertex   -2.816159e+01 9.910032e+01 -1.200000e+01
      vertex   -2.816159e+01 9.910032e+01 -5.900000e+00
      vertex   -2.837097e+01 9.882489e+01 -1.200000e+01
    endloop
  endfacet
  facet normal 7.960931e-01 -6.051742e-01 0.000000e+00
    outer loop
      vertex   -2.837097e+01 9.882489e+01 -1.200000e+01
      vertex   -2.816159e+01 9.910032e+01 -5.900000e+00
      vertex   -2.837097e+01 9.882489e+01 -5.900000e+00
    endloop
  endfacet
  facet normal 9.075754e-01 -4.198891e-01 0.000000e+00
    outer loop
      vertex   -2.837097e+01 9.882489e+01 -1.200000e+01
      vertex   -2.837097e+01 9.882489e+01 -5.900000e+00
      vertex   -2.851625e+01 9.851088e+01 -1.200000e+01
    endloop
  endfacet
  facet normal 9.075754e-01 -4.198891e-01 0.000000e+00
    outer loop
      vertex   -2.851625e+01 9.851088e+01 -1.200000e+01
      vertex   -2.837097e+01 9.882489e+01 -5.900000e+00
      vertex   -2.851625e+01 9.851088e+01 -5.900000e+00
    endloop
  endfacet
  facet normal 9.766206e-01 -2.149704e-01 0.000000e+00
    outer loop
      vertex   -2.851625e+01 9.851088e+01 -1.200000e+01
      vertex   -2.851625e+01 9.851088e+01 -5.900000e+00
      vertex   -2.859062e+01 9.817299e+01 -1.200000e+01
    endloop
  endfacet
  facet normal 9.766206e-01 -2.149704e-01 0.000000e+00
    outer loop
      vertex   -2.859062e+01 9.817299e+01 -1.200000e+01
      vertex   -2.851625e+01 9.851088e+01 -5.900000e+00
      vertex   -2.859062e+01 9.817299e+01 -5.900000e+00
    endloop
  endfacet
  facet normal 1.000000e+00 0.000000e+00 -0.000000e+00
    outer loop
      vertex   -2.859062e+01 9.817299e+01 -1.200000e+01
      vertex   -2.859062e+01 9.817299e+01 -5.900000e+00
      vertex   -2.859062e+01 9.782701e+01 -1.200000e+01
    endloop
  endfacet
  facet normal 1.000000e+00 0.000000e+00 0.000000e+00
    outer loop
      vertex   -2.859062e+01 9.782701e+01 -1.200000e+01
      vertex   -2.859062e+01 9.817299e+01 -5.900000e+00
      vertex   -2.859062e+01 9.782701e+01 -5.900000e+00
    endloop
  endfacet
  facet normal 9.766206e-01 2.149704e-01 -0.000000e+00
    outer loop
      vertex   -2.859062e+01 9.782701e+01 -1.200000e+01
      vertex   -2.859062e+01 9.782701e+01 -5.900000e+00
      vertex   -2.851625e+01 9.748912e+01 -1.200000e+01
    endloop
  endfacet
  facet normal 9.766206e-01 2.149704e-01 -0.000000e+00
    outer loop
      vertex   -2.851625e+01 9.748912e+01 -1.200000e+01
      vertex   -2.859062e+01 9.782701e+01 -5.900000e+00
      vertex   -2.851625e+01 9.748912e+01 -5.900000e+00
    endloop
  endfacet
  facet normal 9.075754e-01 4.198891e-01 -0.000000e+00
    outer loop
      vertex   -2.851625e+01 9.748912e+01 -1.200000e+01
      vertex   -2.851625e+01 9.748912e+01 -5.900000e+00
      vertex   -2.837097e+01 9.717511e+01 -1.200000e+01
    endloop
  endfacet
  facet normal 9.075754e-01 4.198891e-01 -0.000000e+00
    outer loop
      vertex   -2.837097e+01 9.717511e+01 -1.200000e+01
      vertex   -2.851625e+01 9.748912e+01 -5.900000e+00
      vertex   -2.837097e+01 9.717511e+01 -5.900000e+00
    endloop
  endfacet
  facet normal 7.960931e-01 6.051742e-01 -0.000000e+00
    outer loop
      vertex   -2.837097e+01 9.717511e+01 -1.200000e+01
      vertex   -2.837097e+01 9.717511e+01 -5.900000e+00
      vertex   -2.816159e+01 9.689968e+01 -1.200000e+01
    endloop
  endfacet
  facet normal 7.960931e-01 6.051742e-01 -0.000000e+00
    outer loop
      vertex   -2.816159e+01 9.689968e+01 -1.200000e+01
      vertex   -2.837097e+01 9.717511e+01 -5.900000e+00
      vertex   -2.816159e+01 9.689968e+01 -5.900000e+00
    endloop
  endfacet
  facet normal 6.473863e-01 7.621621e-01 -0.000000e+00
    outer loop
      vertex   -2.816159e+01 9.689968e+01 -1.200000e+01
      vertex   -2.816159e+01 9.689968e+01 -5.900000e+00
      vertex   -2.789790e+01 9.667570e+01 -1.200000e+01
    endloop
  endfacet
  facet normal 6.473863e-01 7.621621e-01 -0.000000e+00
    outer loop
      vertex   -2.789790e+01 9.667570e+01 -1.200000e+01
      vertex   -2.816159e+01 9.689968e+01 -5.900000e+00
      vertex   -2.789790e+01 9.667570e+01 -5.900000e+00
    endloop
  endfacet
  facet normal 4.684084e-01 8.835120e-01 -0.000000e+00
    outer loop
      vertex   -2.789790e+01 9.667570e+01 -1.200000e+01
      vertex   -2.789790e+01 9.667570e+01 -5.900000e+00
      vertex   -2.759222e+01 9.651364e+01 -1.200000e+01
    endloop
  endfacet
  facet normal 4.684084e-01 8.835120e-01 -0.000000e+00
    outer loop
      vertex   -2.759222e+01 9.651364e+01 -1.200000e+01
      vertex   -2.789790e+01 9.667570e+01 -5.900000e+00
      vertex   -2.759222e+01 9.651364e+01 -5.900000e+00
    endloop
  endfacet
  facet normal 2.675283e-01 9.635500e-01 -0.000000e+00
    outer loop
      vertex   -2.759222e+01 9.651364e+01 -1.200000e+01
      vertex   -2.759222e+01 9.651364e+01 -5.900000e+00
      vertex   -2.725885e+01 9.642108e+01 -1.200000e+01
    endloop
  endfacet
  facet normal 2.675283e-01 9.635500e-01 -0.000000e+00
    outer loop
      vertex   -2.725885e+01 9.642108e+01 -1.200000e+01
      vertex   -2.759222e+01 9.651364e+01 -5.900000e+00
      vertex   -2.725885e+01 9.642108e+01 -5.900000e+00
    endloop
  endfacet
  facet normal 5.413891e-02 9.985334e-01 -0.000000e+00
    outer loop
      vertex   -2.725885e+01 9.642108e+01 -1.200000e+01
      vertex   -2.725885e+01 9.642108e+01 -5.900000e+00
      vertex   -2.691338e+01 9.640235e+01 -1.200000e+01
    endloop
  endfacet
  facet normal 5.413891e-02 9.985334e-01 -0.000000e+00
    outer loop
      vertex   -2.691338e+01 9.640235e+01 -1.200000e+01
      vertex   -2.725885e+01 9.642108e+01 -5.900000e+00
      vertex   -2.691338e+01 9.640235e+01 -5.900000e+00
    endloop
  endfacet
  facet normal -1.617820e-01 9.868265e-01 0.000000e+00
    outer loop
      vertex   -2.691338e+01 9.640235e+01 -1.200000e+01
      vertex   -2.691338e+01 9.640235e+01 -5.900000e+00
      vertex   -2.657195e+01 9.645832e+01 -1.200000e+01
    endloop
  endfacet
  facet normal -1.617820e-01 9.868265e-01 0.000000e+00
    outer loop
      vertex   -2.657195e+01 9.645832e+01 -1.200000e+01
      vertex   -2.691338e+01 9.640235e+01 -5.900000e+00
      vertex   -2.657195e+01 9.645832e+01 -5.900000e+00
    endloop
  endfacet
  facet normal -3.701382e-01 9.289767e-01 0.000000e+00
    outer loop
      vertex   -2.657195e+01 9.645832e+01 -1.200000e+01
      vertex   -2.657195e+01 9.645832e+01 -5.900000e+00
      vertex   -2.625055e+01 9.658638e+01 -1.200000e+01
    endloop
  endfacet
  facet normal -3.701382e-01 9.289767e-01 0.000000e+00
    outer loop
      vertex   -2.625055e+01 9.658638e+01 -1.200000e+01
      vertex   -2.657195e+01 9.645832e+01 -5.900000e+00
      vertex   -2.625055e+01 9.658638e+01 -5.900000e+00
    endloop
  endfacet
  facet normal -5.611871e-01 8.276890e-01 0.000000e+00
    outer loop
      vertex   -2.625055e+01 9.658638e+01 -1.200000e+01
      vertex   -2.625055e+01 9.658638e+01 -5.900000e+00
      vertex   -2.596418e+01 9.678054e+01 -1.200000e+01
    endloop
  endfacet
  facet normal -5.611871e-01 8.276890e-01 0.000000e+00
    outer loop
      vertex   -2.596418e+01 9.678054e+01 -1.200000e+01
      vertex   -2.625055e+01 9.658638e+01 -5.900000e+00
      vertex   -2.596418e+01 9.678054e+01 -5.900000e+00
    endloop
  endfacet
  facet normal -7.259955e-01 6.876995e-01 0.000000e+00
    outer loop
      vertex   -2.596418e+01 9.678054e+01 -1.200000e+01
      vertex   -2.596418e+01 9.678054e+01 -5.900000e+00
      vertex   -2.572625e+01 9.703172e+01 -1.200000e+01
    endloop
  endfacet
  facet normal -7.259955e-01 6.876995e-01 0.000000e+00
    outer loop
      vertex   -2.572625e+01 9.703172e+01 -1.200000e+01
      vertex   -2.596418e+01 9.678054e+01 -5.900000e+00
      vertex   -2.572625e+01 9.703172e+01 -5.900000e+00
    endloop
  endfacet
  facet normal -8.568572e-01 5.155539e-01 0.000000e+00
    outer loop
      vertex   -2.572625e+01 9.703172e+01 -1.200000e+01
      vertex   -2.572625e+01 9.703172e+01 -5.900000e+00
      vertex   -2.554788e+01 9.732818e+01 -1.200000e+01
    endloop
  endfacet
  facet normal -8.568572e-01 5.155539e-01 0.000000e+00
    outer loop
      vertex   -2.554788e+01 9.732818e+01 -1.200000e+01
      vertex   -2.572625e+01 9.703172e+01 -5.900000e+00
      vertex   -2.554788e+01 9.732818e+01 -5.900000e+00
    endloop
  endfacet
  facet normal -9.476532e-01 3.193015e-01 0.000000e+00
    outer loop
      vertex   -2.554788e+01 9.732818e+01 -1.200000e+01
      vertex   -2.554788e+01 9.732818e+01 -5.900000e+00
      vertex   -2.543741e+01 9.765605e+01 -1.200000e+01
    endloop
  endfacet
  facet normal -9.476532e-01 3.193015e-01 0.000000e+00
    outer loop
      vertex   -2.543741e+01 9.765605e+01 -1.200000e+01
      vertex   -2.554788e+01 9.732818e+01 -5.900000e+00
      vertex   -2.543741e+01 9.765605e+01 -5.900000e+00
    endloop
  endfacet
  facet normal -9.941380e-01 1.081190e-01 0.000000e+00
    outer loop
      vertex   2.856259e+01 9.765605e+01 -1.200000e+01
      vertex   2.856259e+01 9.765605e+01 -5.900000e+00
      vertex   2.860000e+01 9.800000e+01 -1.200000e+01
    endloop
  endfacet
  facet normal -9.941380e-01 1.081190e-01 0.000000e+00
    outer loop
      vertex   2.860000e+01 9.800000e+01 -1.200000e+01
      vertex   2.856259e+01 9.765605e+01 -5.900000e+00
      vertex   2.860000e+01 9.800000e+01 -5.900000e+00
    endloop
  endfacet
  facet normal -9.941380e-01 -1.081190e-01 0.000000e+00
    outer loop
      vertex   2.860000e+01 9.800000e+01 -1.200000e+01
      vertex   2.860000e+01 9.800000e+01 -5.900000e+00
      vertex   2.856259e+01 9.834395e+01 -1.200000e+01
    endloop
  endfacet
  facet normal -9.941380e-01 -1.081190e-01 0.000000e+00
    outer loop
      vertex   2.856259e+01 9.834395e+01 -1.200000e+01
      vertex   2.860000e+01 9.800000e+01 -5.900000e+00
      vertex   2.856259e+01 9.834395e+01 -5.900000e+00
    endloop
  endfacet
  facet normal -9.476532e-01 -3.193015e-01 0.000000e+00
    outer loop
      vertex   2.856259e+01 9.834395e+01 -1.200000e+01
      vertex   2.856259e+01 9.834395e+01 -5.900000e+00
      vertex   2.845212e+01 9.867182e+01 -1.200000e+01
    endloop
  endfacet
  facet normal -9.476532e-01 -3.193015e-01 0.000000e+00
    outer loop
      vertex   2.845212e+01 9.867182e+01 -1.200000e+01
      vertex   2.856259e+01 9.834395e+01 -5.900000e+00
      vertex   2.845212e+01 9.867182e+01 -5.900000e+00
    endloop
  endfacet
  facet normal -8.568572e-01 -5.155539e-01 0.000000e+00
    outer loop
      vertex   2.845212e+01 9.867182e+01 -1.200000e+01
      vertex   2.845212e+01 9.867182e+01 -5.900000e+00
      vertex   2.827375e+01 9.896828e+01 -1.200000e+01
    endloop
  endfacet
  facet normal -8.568572e-01 -5.155539e-01 4.990440e-16
    outer loop
      vertex   2.827375e+01 9.896828e+01 -1.200000e+01
      vertex   2.845212e+01 9.867182e+01 -5.900000e+00
      vertex   2.827375e+01 9.896828e+01 -5.900000e+00
    endloop
  endfacet
  facet normal -7.259955e-01 -6.876995e-01 4.228285e-16
    outer loop
      vertex   2.827375e+01 9.896828e+01 -1.200000e+01
      vertex   2.827375e+01 9.896828e+01 -5.900000e+00
      vertex   2.803582e+01 9.921946e+01 -1.200000e+01
    endloop
  endfacet
  facet normal -7.259955e-01 -6.876995e-01 0.000000e+00
    outer loop
      vertex   2.803582e+01 9.921946e+01 -1.200000e+01
      vertex   2.827375e+01 9.896828e+01 -5.900000e+00
      vertex   2.803582e+01 9.921946e+01 -5.900000e+00
    endloop
  endfacet
  facet normal -5.611871e-01 -8.276890e-01 0.000000e+00
    outer loop
      vertex   2.803582e+01 9.921946e+01 -1.200000e+01
      vertex   2.803582e+01 9.921946e+01 -5.900000e+00
      vertex   2.774945e+01 9.941362e+01 -1.200000e+01
    endloop
  endfacet
  facet normal -5.611871e-01 -8.276890e-01 0.000000e+00
    outer loop
      vertex   2.774945e+01 9.941362e+01 -1.200000e+01
      vertex   2.803582e+01 9.921946e+01 -5.900000e+00
      vertex   2.774945e+01 9.941362e+01 -5.900000e+00
    endloop
  endfacet
  facet normal -3.701382e-01 -9.289767e-01 0.000000e+00
    outer loop
      vertex   2.774945e+01 9.941362e+01 -1.200000e+01
      vertex   2.774945e+01 9.941362e+01 -5.900000e+00
      vertex   2.742805e+01 9.954168e+01 -1.200000e+01
    endloop
  endfacet
  facet normal -3.701382e-01 -9.289767e-01 0.000000e+00
    outer loop
      vertex   2.742805e+01 9.954168e+01 -1.200000e+01
      vertex   2.774945e+01 9.941362e+01 -5.900000e+00
      vertex   2.742805e+01 9.954168e+01 -5.900000e+00
    endloop
  endfacet
  facet normal -1.617820e-01 -9.868265e-01 0.000000e+00
    outer loop
      vertex   2.742805e+01 9.954168e+01 -1.200000e+01
      vertex   2.742805e+01 9.954168e+01 -5.900000e+00
      vertex   2.708662e+01 9.959765e+01 -1.200000e+01
    endloop
  endfacet
  facet normal -1.617820e-01 -9.868265e-01 0.000000e+00
    outer loop
      vertex   2.708662e+01 9.959765e+01 -1.200000e+01
      vertex   2.742805e+01 9.954168e+01 -5.900000e+00
      vertex   2.708662e+01 9.959765e+01 -5.900000e+00
    endloop
  endfacet
  facet normal 5.413891e-02 -9.985334e-01 0.000000e+00
    outer loop
      vertex   2.708662e+01 9.959765e+01 -1.200000e+01
      vertex   2.708662e+01 9.959765e+01 -5.900000e+00
      vertex   2.674115e+01 9.957892e+01 -1.200000e+01
    endloop
  endfacet
  facet normal 5.413891e-02 -9.985334e-01 0.000000e+00
    outer loop
      vertex   2.674115e+01 9.957892e+01 -1.200000e+01
      vertex   2.708662e+01 9.959765e+01 -5.900000e+00
      vertex   2.674115e+01 9.957892e+01 -5.900000e+00
    endloop
  endfacet
  facet normal 2.675283e-01 -9.635500e-01 0.000000e+00
    outer loop
      vertex   2.674115e+01 9.957892e+01 -1.200000e+01
      vertex   2.674115e+01 9.957892e+01 -5.900000e+00
      vertex   2.640778e+01 9.948636e+01 -1.200000e+01
    endloop
  endfacet
  facet normal 2.675283e-01 -9.635500e-01 0.000000e+00
    outer loop
      vertex   2.640778e+01 9.948636e+01 -1.200000e+01
      vertex   2.674115e+01 9.957892e+01 -5.900000e+00
      vertex   2.640778e+01 9.948636e+01 -5.900000e+00
    endloop
  endfacet
  facet normal 4.684084e-01 -8.835120e-01 0.000000e+00
    outer loop
      vertex   2.640778e+01 9.948636e+01 -1.200000e+01
      vertex   2.640778e+01 9.948636e+01 -5.900000e+00
      vertex   2.610210e+01 9.932430e+01 -1.200000e+01
    endloop
  endfacet
  facet normal 4.684084e-01 -8.835120e-01 0.000000e+00
    outer loop
      vertex   2.610210e+01 9.932430e+01 -1.200000e+01
      vertex   2.640778e+01 9.948636e+01 -5.900000e+00
      vertex   2.610210e+01 9.932430e+01 -5.900000e+00
    endloop
  endfacet
  facet normal 6.473863e-01 -7.621621e-01 0.000000e+00
    outer loop
      vertex   2.610210e+01 9.932430e+01 -1.200000e+01
      vertex   2.610210e+01 9.932430e+01 -5.900000e+00
      vertex   2.583841e+01 9.910032e+01 -1.200000e+01
    endloop
  endfacet
  facet normal 6.473863e-01 -7.621621e-01 0.000000e+00
    outer loop
      vertex   2.583841e+01 9.910032e+01 -1.200000e+01
      vertex   2.610210e+01 9.932430e+01 -5.900000e+00
      vertex   2.583841e+01 9.910032e+01 -5.900000e+00
    endloop
  endfacet
  facet normal 7.960931e-01 -6.051742e-01 0.000000e+00
    outer loop
      vertex   2.583841e+01 9.910032e+01 -1.200000e+01
      vertex   2.583841e+01 9.910032e+01 -5.900000e+00
      vertex   2.562903e+01 9.882489e+01 -1.200000e+01
    endloop
  endfacet
  facet normal 7.960931e-01 -6.051742e-01 0.000000e+00
    outer loop
      vertex   2.562903e+01 9.882489e+01 -1.200000e+01
      vertex   2.583841e+01 9.910032e+01 -5.900000e+00
      vertex   2.562903e+01 9.882489e+01 -5.900000e+00
    endloop
  endfacet
  facet normal 9.075754e-01 -4.198891e-01 0.000000e+00
    outer loop
      vertex   2.562903e+01 9.882489e+01 -1.200000e+01
      vertex   2.562903e+01 9.882489e+01 -5.900000e+00
      vertex   2.548375e+01 9.851088e+01 -1.200000e+01
    endloop
  endfacet
  facet normal 9.075754e-01 -4.198891e-01 0.000000e+00
    outer loop
      vertex   2.548375e+01 9.851088e+01 -1.200000e+01
      vertex   2.562903e+01 9.882489e+01 -5.900000e+00
      vertex   2.548375e+01 9.851088e+01 -5.900000e+00
    endloop
  endfacet
  facet normal 9.766206e-01 -2.149704e-01 0.000000e+00
    outer loop
      vertex   2.548375e+01 9.851088e+01 -1.200000e+01
      vertex   2.548375e+01 9.851088e+01 -5.900000e+00
      vertex   2.540938e+01 9.817299e+01 -1.200000e+01
    endloop
  endfacet
  facet normal 9.766206e-01 -2.149704e-01 0.000000e+00
    outer loop
      vertex   2.540938e+01 9.817299e+01 -1.200000e+01
      vertex   2.548375e+01 9.851088e+01 -5.900000e+00
      vertex   2.540938e+01 9.817299e+01 -5.900000e+00
    endloop
  endfacet
  facet normal 1.000000e+00 0.000000e+00 -0.000000e+00
    outer loop
      vertex   2.540938e+01 9.817299e+01 -1.200000e+01
      vertex   2.540938e+01 9.817299e+01 -5.900000e+00
      vertex   2.540938e+01 9.782701e+01 -1.200000e+01
    endloop
  endfacet
  facet normal 1.000000e+00 0.000000e+00 0.000000e+00
    outer loop
      vertex   2.540938e+01 9.782701e+01 -1.200000e+01
      vertex   2.540938e+01 9.817299e+01 -5.900000e+00
      vertex   2.540938e+01 9.782701e+01 -5.900000e+00
    endloop
  endfacet
  facet normal 9.766206e-01 2.149704e-01 -0.000000e+00
    outer loop
      vertex   2.540938e+01 9.782701e+01 -1.200000e+01
      vertex   2.540938e+01 9.782701e+01 -5.900000e+00
      vertex   2.548375e+01 9.748912e+01 -1.200000e+01
    endloop
  endfacet
  facet normal 9.766206e-01 2.149704e-01 -0.000000e+00
    outer loop
      vertex   2.548375e+01 9.748912e+01 -1.200000e+01
      vertex   2.540938e+01 9.782701e+01 -5.900000e+00
      vertex   2.548375e+01 9.748912e+01 -5.900000e+00
    endloop
  endfacet
  facet normal 9.075754e-01 4.198891e-01 -0.000000e+00
    outer loop
      vertex   2.548375e+01 9.748912e+01 -1.200000e+01
      vertex   2.548375e+01 9.748912e+01 -5.900000e+00
      vertex   2.562903e+01 9.717511e+01 -1.200000e+01
    endloop
  endfacet
  facet normal 9.075754e-01 4.198891e-01 -0.000000e+00
    outer loop
      vertex   2.562903e+01 9.717511e+01 -1.200000e+01
      vertex   2.548375e+01 9.748912e+01 -5.900000e+00
      vertex   2.562903e+01 9.717511e+01 -5.900000e+00
    endloop
  endfacet
  facet normal 7.960931e-01 6.051742e-01 -0.000000e+00
    outer loop
      vertex   2.562903e+01 9.717511e+01 -1.200000e+01
      vertex   2.562903e+01 9.717511e+01 -5.900000e+00
      vertex   2.583841e+01 9.689968e+01 -1.200000e+01
    endloop
  endfacet
  facet normal 7.960931e-01 6.051742e-01 -0.000000e+00
    outer loop
      vertex   2.583841e+01 9.689968e+01 -1.200000e+01
      vertex   2.562903e+01 9.717511e+01 -5.900000e+00
      vertex   2.583841e+01 9.689968e+01 -5.900000e+00
    endloop
  endfacet
  facet normal 6.473863e-01 7.621621e-01 -0.000000e+00
    outer loop
      vertex   2.583841e+01 9.689968e+01 -1.200000e+01
      vertex   2.583841e+01 9.689968e+01 -5.900000e+00
      vertex   2.610210e+01 9.667570e+01 -1.200000e+01
    endloop
  endfacet
  facet normal 6.473863e-01 7.621621e-01 -0.000000e+00
    outer loop
      vertex   2.610210e+01 9.667570e+01 -1.200000e+01
      vertex   2.583841e+01 9.689968e+01 -5.900000e+00
      vertex   2.610210e+01 9.667570e+01 -5.900000e+00
    endloop
  endfacet
  facet normal 4.684084e-01 8.835120e-01 -0.000000e+00
    outer loop
      vertex   2.610210e+01 9.667570e+01 -1.200000e+01
      vertex   2.610210e+01 9.667570e+01 -5.900000e+00
      vertex   2.640778e+01 9.651364e+01 -1.200000e+01
    endloop
  endfacet
  facet normal 4.684084e-01 8.835120e-01 -0.000000e+00
    outer loop
      vertex   2.640778e+01 9.651364e+01 -1.200000e+01
      vertex   2.610210e+01 9.667570e+01 -5.900000e+00
      vertex   2.640778e+01 9.651364e+01 -5.900000e+00
    endloop
  endfacet
  facet normal 2.675283e-01 9.635500e-01 -0.000000e+00
    outer loop
      vertex   2.640778e+01 9.651364e+01 -1.200000e+01
      vertex   2.640778e+01 9.651364e+01 -5.900000e+00
      vertex   2.674115e+01 9.642108e+01 -1.200000e+01
    endloop
  endfacet
  facet normal 2.675283e-01 9.635500e-01 -0.000000e+00
    outer loop
      vertex   2.674115e+01 9.642108e+01 -1.200000e+01
      vertex   2.640778e+01 9.651364e+01 -5.900000e+00
      vertex   2.674115e+01 9.642108e+01 -5.900000e+00
    endloop
  endfacet
  facet normal 5.413891e-02 9.985334e-01 -0.000000e+00
    outer loop
      vertex   2.674115e+01 9.642108e+01 -1.200000e+01
      vertex   2.674115e+01 9.642108e+01 -5.900000e+00
      vertex   2.708662e+01 9.640235e+01 -1.200000e+01
    endloop
  endfacet
  facet normal 5.413891e-02 9.985334e-01 -0.000000e+00
    outer loop
      vertex   2.708662e+01 9.640235e+01 -1.200000e+01
      vertex   2.674115e+01 9.642108e+01 -5.900000e+00
      vertex   2.708662e+01 9.640235e+01 -5.900000e+00
    endloop
  endfacet
  facet normal -1.617820e-01 9.868265e-01 0.000000e+00
    outer loop
      vertex   2.708662e+01 9.640235e+01 -1.200000e+01
      vertex   2.708662e+01 9.640235e+01 -5.900000e+00
      vertex   2.742805e+01 9.645832e+01 -1.200000e+01
    endloop
  endfacet
  facet normal -1.617820e-01 9.868265e-01 0.000000e+00
    outer loop
      vertex   2.742805e+01 9.645832e+01 -1.200000e+01
      vertex   2.708662e+01 9.640235e+01 -5.900000e+00
      vertex   2.742805e+01 9.645832e+01 -5.900000e+00
    endloop
  endfacet
  facet normal -3.701382e-01 9.289767e-01 0.000000e+00
    outer loop
      vertex   2.742805e+01 9.645832e+01 -1.200000e+01
      vertex   2.742805e+01 9.645832e+01 -5.900000e+00
      vertex   2.774945e+01 9.658638e+01 -1.200000e+01
    endloop
  endfacet
  facet normal -3.701382e-01 9.289767e-01 0.000000e+00
    outer loop
      vertex   2.774945e+01 9.658638e+01 -1.200000e+01
      vertex   2.742805e+01 9.645832e+01 -5.900000e+00
      vertex   2.774945e+01 9.658638e+01 -5.900000e+00
    endloop
  endfacet
  facet normal -5.611871e-01 8.276890e-01 0.000000e+00
    outer loop
      vertex   2.774945e+01 9.658638e+01 -1.200000e+01
      vertex   2.774945e+01 9.658638e+01 -5.900000e+00
      vertex   2.803582e+01 9.678054e+01 -1.200000e+01
    endloop
  endfacet
  facet normal -5.611871e-01 8.276890e-01 0.000000e+00
    outer loop
      vertex   2.803582e+01 9.678054e+01 -1.200000e+01
      vertex   2.774945e+01 9.658638e+01 -5.900000e+00
      vertex   2.803582e+01 9.678054e+01 -5.900000e+00
    endloop
  endfacet
  facet normal -7.259955e-01 6.876995e-01 0.000000e+00
    outer loop
      vertex   2.803582e+01 9.678054e+01 -1.200000e+01
      vertex   2.803582e+01 9.678054e+01 -5.900000e+00
      vertex   2.827375e+01 9.703172e+01 -1.200000e+01
    endloop
  endfacet
  facet normal -7.259955e-01 6.876995e-01 -4.228285e-16
    outer loop
      vertex   2.827375e+01 9.703172e+01 -1.200000e+01
      vertex   2.803582e+01 9.678054e+01 -5.900000e+00
      vertex   2.827375e+01 9.703172e+01 -5.900000e+00
    endloop
  endfacet
  facet normal -8.568572e-01 5.155539e-01 -4.990440e-16
    outer loop
      vertex   2.827375e+01 9.703172e+01 -1.200000e+01
      vertex   2.827375e+01 9.703172e+01 -5.900000e+00
      vertex   2.845212e+01 9.732818e+01 -1.200000e+01
    endloop
  endfacet
  facet normal -8.568572e-01 5.155539e-01 0.000000e+00
    outer loop
      vertex   2.845212e+01 9.732818e+01 -1.200000e+01
      vertex   2.827375e+01 9.703172e+01 -5.900000e+00
      vertex   2.845212e+01 9.732818e+01 -5.900000e+00
    endloop
  endfacet
  facet normal -9.476532e-01 3.193015e-01 0.000000e+00
    outer loop
      vertex   2.845212e+01 9.732818e+01 -1.200000e+01
      vertex   2.845212e+01 9.732818e+01 -5.900000e+00
      vertex   2.856259e+01 9.765605e+01 -1.200000e+01
    endloop
  endfacet
  facet normal -9.476532e-01 3.193015e-01 0.000000e+00
    outer loop
      vertex   2.856259e+01 9.765605e+01 -1.200000e+01
      vertex   2.845212e+01 9.732818e+01 -5.900000e+00
      vertex   2.856259e+01 9.765605e+01 -5.900000e+00
    endloop
  endfacet
  facet normal -9.941380e-01 0.000000e+00 -1.081190e-01
    outer loop
      vertex   3.770609e+01 -2.950000e+01 -3.952988e-01
      vertex   3.770609e+01 -2.600000e+01 -3.952988e-01
      vertex   3.774466e+01 -2.950000e+01 -7.500000e-01
    endloop
  endfacet
  facet normal -9.941380e-01 0.000000e+00 -1.081190e-01
    outer loop
      vertex   3.774466e+01 -2.950000e+01 -7.500000e-01
      vertex   3.770609e+01 -2.600000e+01 -3.952988e-01
      vertex   3.774466e+01 -2.600000e+01 -7.500000e-01
    endloop
  endfacet
  facet normal -9.941380e-01 0.000000e+00 1.081190e-01
    outer loop
      vertex   3.774466e+01 -2.950000e+01 -7.500000e-01
      vertex   3.774466e+01 -2.600000e+01 -7.500000e-01
      vertex   3.770609e+01 -2.950000e+01 -1.104701e+00
    endloop
  endfacet
  facet normal -9.941380e-01 0.000000e+00 1.081190e-01
    outer loop
      vertex   3.770609e+01 -2.950000e+01 -1.104701e+00
      vertex   3.774466e+01 -2.600000e+01 -7.500000e-01
      vertex   3.770609e+01 -2.600000e+01 -1.104701e+00
    endloop
  endfacet
  facet normal -9.476532e-01 0.000000e+00 3.193015e-01
    outer loop
      vertex   3.770609e+01 -2.950000e+01 -1.104701e+00
      vertex   3.770609e+01 -2.600000e+01 -1.104701e+00
      vertex   3.759216e+01 -2.950000e+01 -1.442817e+00
    endloop
  endfacet
  facet normal -9.476532e-01 0.000000e+00 3.193015e-01
    outer loop
      vertex   3.759216e+01 -2.950000e+01 -1.442817e+00
      vertex   3.770609e+01 -2.600000e+01 -1.104701e+00
      vertex   3.759216e+01 -2.600000e+01 -1.442817e+00
    endloop
  endfacet
  facet normal -8.568572e-01 0.000000e+00 5.155539e-01
    outer loop
      vertex   3.759216e+01 -2.950000e+01 -1.442817e+00
      vertex   3.759216e+01 -2.600000e+01 -1.442817e+00
      vertex   3.740822e+01 -2.950000e+01 -1.748537e+00
    endloop
  endfacet
  facet normal -8.568572e-01 -1.635371e-16 5.155539e-01
    outer loop
      vertex   3.740822e+01 -2.950000e+01 -1.748537e+00
      vertex   3.759216e+01 -2.600000e+01 -1.442817e+00
      vertex   3.740822e+01 -2.600000e+01 -1.748537e+00
    endloop
  endfacet
  facet normal -7.259955e-01 -2.181428e-16 6.876995e-01
    outer loop
      vertex   3.740822e+01 -2.950000e+01 -1.748537e+00
      vertex   3.740822e+01 -2.600000e+01 -1.748537e+00
      vertex   3.716285e+01 -2.950000e+01 -2.007567e+00
    endloop
  endfacet
  facet normal -7.259955e-01 -8.725712e-17 6.876995e-01
    outer loop
      vertex   3.716285e+01 -2.950000e+01 -2.007567e+00
      vertex   3.740822e+01 -2.600000e+01 -1.748537e+00
      vertex   3.716285e+01 -2.600000e+01 -2.007567e+00
    endloop
  endfacet
  facet normal -5.611871e-01 -1.050194e-16 8.276890e-01
    outer loop
      vertex   3.716285e+01 -2.950000e+01 -2.007567e+00
      vertex   3.716285e+01 -2.600000e+01 -2.007567e+00
      vertex   3.686754e+01 -2.950000e+01 -2.207795e+00
    endloop
  endfacet
  facet normal -5.611871e-01 0.000000e+00 8.276890e-01
    outer loop
      vertex   3.686754e+01 -2.950000e+01 -2.207795e+00
      vertex   3.716285e+01 -2.600000e+01 -2.007567e+00
      vertex   3.686754e+01 -2.600000e+01 -2.207795e+00
    endloop
  endfacet
  facet normal -3.701382e-01 0.000000e+00 9.289767e-01
    outer loop
      vertex   3.686754e+01 -2.950000e+01 -2.207795e+00
      vertex   3.686754e+01 -2.600000e+01 -2.207795e+00
      vertex   3.653608e+01 -2.950000e+01 -2.339857e+00
    endloop
  endfacet
  facet normal -3.701382e-01 0.000000e+00 9.289767e-01
    outer loop
      vertex   3.653608e+01 -2.950000e+01 -2.339857e+00
      vertex   3.686754e+01 -2.600000e+01 -2.207795e+00
      vertex   3.653608e+01 -2.600000e+01 -2.339857e+00
    endloop
  endfacet
  facet normal -1.617820e-01 0.000000e+00 9.868265e-01
    outer loop
      vertex   3.653608e+01 -2.950000e+01 -2.339857e+00
      vertex   3.653608e+01 -2.600000e+01 -2.339857e+00
      vertex   3.618399e+01 -2.950000e+01 -2.397580e+00
    endloop
  endfacet
  facet normal -1.617820e-01 0.000000e+00 9.868265e-01
    outer loop
      vertex   3.618399e+01 -2.950000e+01 -2.397580e+00
      vertex   3.653608e+01 -2.600000e+01 -2.339857e+00
      vertex   3.618399e+01 -2.600000e+01 -2.397580e+00
    endloop
  endfacet
  facet normal 5.413891e-02 -0.000000e+00 9.985334e-01
    outer loop
      vertex   3.618399e+01 -2.950000e+01 -2.397580e+00
      vertex   3.618399e+01 -2.600000e+01 -2.397580e+00
      vertex   3.582772e+01 -2.950000e+01 -2.378264e+00
    endloop
  endfacet
  facet normal 5.413891e-02 -0.000000e+00 9.985334e-01
    outer loop
      vertex   3.582772e+01 -2.950000e+01 -2.378264e+00
      vertex   3.618399e+01 -2.600000e+01 -2.397580e+00
      vertex   3.582772e+01 -2.600000e+01 -2.378264e+00
    endloop
  endfacet
  facet normal 2.675283e-01 -0.000000e+00 9.635500e-01
    outer loop
      vertex   3.582772e+01 -2.950000e+01 -2.378264e+00
      vertex   3.582772e+01 -2.600000e+01 -2.378264e+00
      vertex   3.548394e+01 -2.950000e+01 -2.282812e+00
    endloop
  endfacet
  facet normal 2.675283e-01 -5.431152e-16 9.635500e-01
    outer loop
      vertex   3.548394e+01 -2.950000e+01 -2.282812e+00
      vertex   3.582772e+01 -2.600000e+01 -2.378264e+00
      vertex   3.548394e+01 -2.600000e+01 -2.282812e+00
    endloop
  endfacet
  facet normal 4.684084e-01 -9.509263e-16 8.835120e-01
    outer loop
      vertex   3.548394e+01 -2.950000e+01 -2.282812e+00
      vertex   3.548394e+01 -2.600000e+01 -2.282812e+00
      vertex   3.516870e+01 -2.950000e+01 -2.115687e+00
    endloop
  endfacet
  facet normal 4.684084e-01 -0.000000e+00 8.835120e-01
    outer loop
      vertex   3.516870e+01 -2.950000e+01 -2.115687e+00
      vertex   3.548394e+01 -2.600000e+01 -2.282812e+00
      vertex   3.516870e+01 -2.600000e+01 -2.115687e+00
    endloop
  endfacet
  facet normal 6.473863e-01 -0.000000e+00 7.621621e-01
    outer loop
      vertex   3.516870e+01 -2.950000e+01 -2.115687e+00
      vertex   3.516870e+01 -2.600000e+01 -2.115687e+00
      vertex   3.489677e+01 -2.950000e+01 -1.884704e+00
    endloop
  endfacet
  facet normal 6.473863e-01 1.450577e-16 7.621621e-01
    outer loop
      vertex   3.489677e+01 -2.950000e+01 -1.884704e+00
      vertex   3.516870e+01 -2.600000e+01 -2.115687e+00
      vertex   3.489677e+01 -2.600000e+01 -1.884704e+00
    endloop
  endfacet
  facet normal 7.960931e-01 1.151791e-16 6.051742e-01
    outer loop
      vertex   3.489677e+01 -2.950000e+01 -1.884704e+00
      vertex   3.489677e+01 -2.600000e+01 -1.884704e+00
      vertex   3.468085e+01 -2.950000e+01 -1.600664e+00
    endloop
  endfacet
  facet normal 7.960931e-01 7.678610e-17 6.051742e-01
    outer loop
      vertex   3.468085e+01 -2.950000e+01 -1.600664e+00
      vertex   3.489677e+01 -2.600000e+01 -1.884704e+00
      vertex   3.468085e+01 -2.600000e+01 -1.600664e+00
    endloop
  endfacet
  facet normal 9.075754e-01 5.327663e-17 4.198891e-01
    outer loop
      vertex   3.468085e+01 -2.950000e+01 -1.600664e+00
      vertex   3.468085e+01 -2.600000e+01 -1.600664e+00
      vertex   3.453104e+01 -2.950000e+01 -1.276848e+00
    endloop
  endfacet
  facet normal 9.075754e-01 7.991495e-17 4.198891e-01
    outer loop
      vertex   3.453104e+01 -2.950000e+01 -1.276848e+00
      vertex   3.468085e+01 -2.600000e+01 -1.600664e+00
      vertex   3.453104e+01 -2.600000e+01 -1.276848e+00
    endloop
  endfacet
  facet normal 9.766206e-01 4.091402e-17 2.149704e-01
    outer loop
      vertex   3.453104e+01 -2.950000e+01 -1.276848e+00
      vertex   3.453104e+01 -2.600000e+01 -1.276848e+00
      vertex   3.445434e+01 -2.950000e+01 -9.283964e-01
    endloop
  endfacet
  facet normal 9.766206e-01 -0.000000e+00 2.149704e-01
    outer loop
      vertex   3.445434e+01 -2.950000e+01 -9.283964e-01
      vertex   3.453104e+01 -2.600000e+01 -1.276848e+00
      vertex   3.445434e+01 -2.600000e+01 -9.283964e-01
    endloop
  endfacet
  facet normal 1.000000e+00 0.000000e+00 0.000000e+00
    outer loop
      vertex   3.445434e+01 -2.950000e+01 -9.283964e-01
      vertex   3.445434e+01 -2.600000e+01 -9.283964e-01
      vertex   3.445434e+01 -2.950000e+01 -5.716036e-01
    endloop
  endfacet
  facet normal 1.000000e+00 -0.000000e+00 0.000000e+00
    outer loop
      vertex   3.445434e+01 -2.950000e+01 -5.716036e-01
      vertex   3.445434e+01 -2.600000e+01 -9.283964e-01
      vertex   3.445434e+01 -2.600000e+01 -5.716036e-01
    endloop
  endfacet
  facet normal 9.766206e-01 0.000000e+00 -2.149704e-01
    outer loop
      vertex   3.445434e+01 -2.950000e+01 -5.716036e-01
      vertex   3.445434e+01 -2.600000e+01 -5.716036e-01
      vertex   3.453104e+01 -2.950000e+01 -2.231525e-01
    endloop
  endfacet
  facet normal 9.766206e-01 -4.261877e-17 -2.149704e-01
    outer loop
      vertex   3.453104e+01 -2.950000e+01 -2.231525e-01
      vertex   3.445434e+01 -2.600000e+01 -5.716036e-01
      vertex   3.453104e+01 -2.600000e+01 -2.231525e-01
    endloop
  endfacet
  facet normal 9.075754e-01 -8.324474e-17 -4.198891e-01
    outer loop
      vertex   3.453104e+01 -2.950000e+01 -2.231525e-01
      vertex   3.453104e+01 -2.600000e+01 -2.231525e-01
      vertex   3.468085e+01 -2.950000e+01 1.006639e-01
    endloop
  endfacet
  facet normal 9.075754e-01 -8.324474e-17 -4.198891e-01
    outer loop
      vertex   3.468085e+01 -2.950000e+01 1.006639e-01
      vertex   3.453104e+01 -2.600000e+01 -2.231525e-01
      vertex   3.468085e+01 -2.600000e+01 1.006639e-01
    endloop
  endfacet
  facet normal 7.960931e-01 -1.199783e-16 -6.051742e-01
    outer loop
      vertex   3.468085e+01 -2.950000e+01 1.006639e-01
      vertex   3.468085e+01 -2.600000e+01 1.006639e-01
      vertex   3.489677e+01 -2.950000e+01 3.847041e-01
    endloop
  endfacet
  facet normal 7.960931e-01 -9.598262e-17 -6.051742e-01
    outer loop
      vertex   3.489677e+01 -2.950000e+01 3.847041e-01
      vertex   3.468085e+01 -2.600000e+01 1.006639e-01
      vertex   3.489677e+01 -2.600000e+01 3.847041e-01
    endloop
  endfacet
  facet normal 6.473863e-01 -1.208814e-16 -7.621621e-01
    outer loop
      vertex   3.489677e+01 -2.950000e+01 3.847041e-01
      vertex   3.489677e+01 -2.600000e+01 3.847041e-01
      vertex   3.516870e+01 -2.950000e+01 6.156868e-01
    endloop
  endfacet
  facet normal 6.473863e-01 0.000000e+00 -7.621621e-01
    outer loop
      vertex   3.516870e+01 -2.950000e+01 6.156868e-01
      vertex   3.489677e+01 -2.600000e+01 3.847041e-01
      vertex   3.516870e+01 -2.600000e+01 6.156868e-01
    endloop
  endfacet
  facet normal 4.684084e-01 0.000000e+00 -8.835120e-01
    outer loop
      vertex   3.516870e+01 -2.950000e+01 6.156868e-01
      vertex   3.516870e+01 -2.600000e+01 6.156868e-01
      vertex   3.548394e+01 -2.950000e+01 7.828116e-01
    endloop
  endfacet
  facet normal 4.684084e-01 9.509263e-16 -8.835120e-01
    outer loop
      vertex   3.548394e+01 -2.950000e+01 7.828116e-01
      vertex   3.516870e+01 -2.600000e+01 6.156868e-01
      vertex   3.548394e+01 -2.600000e+01 7.828116e-01
    endloop
  endfacet
  facet normal 2.675283e-01 5.431152e-16 -9.635500e-01
    outer loop
      vertex   3.548394e+01 -2.950000e+01 7.828116e-01
      vertex   3.548394e+01 -2.600000e+01 7.828116e-01
      vertex   3.582772e+01 -2.950000e+01 8.782638e-01
    endloop
  endfacet
  facet normal 2.675283e-01 0.000000e+00 -9.635500e-01
    outer loop
      vertex   3.582772e+01 -2.950000e+01 8.782638e-01
      vertex   3.548394e+01 -2.600000e+01 7.828116e-01
      vertex   3.582772e+01 -2.600000e+01 8.782638e-01
    endloop
  endfacet
  facet normal 5.413891e-02 0.000000e+00 -9.985334e-01
    outer loop
      vertex   3.582772e+01 -2.950000e+01 8.782638e-01
      vertex   3.582772e+01 -2.600000e+01 8.782638e-01
      vertex   3.618399e+01 -2.950000e+01 8.975801e-01
    endloop
  endfacet
  facet normal 5.413891e-02 0.000000e+00 -9.985334e-01
    outer loop
      vertex   3.618399e+01 -2.950000e+01 8.975801e-01
      vertex   3.582772e+01 -2.600000e+01 8.782638e-01
      vertex   3.618399e+01 -2.600000e+01 8.975801e-01
    endloop
  endfacet
  facet normal -1.617820e-01 0.000000e+00 -9.868265e-01
    outer loop
      vertex   3.618399e+01 -2.950000e+01 8.975801e-01
      vertex   3.618399e+01 -2.600000e+01 8.975801e-01
      vertex   3.653608e+01 -2.950000e+01 8.398575e-01
    endloop
  endfacet
  facet normal -1.617820e-01 9.390836e-17 -9.868265e-01
    outer loop
      vertex   3.653608e+01 -2.950000e+01 8.398575e-01
      vertex   3.618399e+01 -2.600000e+01 8.975801e-01
      vertex   3.653608e+01 -2.600000e+01 8.398575e-01
    endloop
  endfacet
  facet normal -3.701382e-01 8.840326e-17 -9.289767e-01
    outer loop
      vertex   3.653608e+01 -2.950000e+01 8.398575e-01
      vertex   3.653608e+01 -2.600000e+01 8.398575e-01
      vertex   3.686754e+01 -2.950000e+01 7.077949e-01
    endloop
  endfacet
  facet normal -3.701382e-01 8.840326e-17 -9.289767e-01
    outer loop
      vertex   3.686754e+01 -2.950000e+01 7.077949e-01
      vertex   3.653608e+01 -2.600000e+01 8.398575e-01
      vertex   3.686754e+01 -2.600000e+01 7.077949e-01
    endloop
  endfacet
  facet normal -5.611871e-01 7.876452e-17 -8.276890e-01
    outer loop
      vertex   3.686754e+01 -2.950000e+01 7.077949e-01
      vertex   3.686754e+01 -2.600000e+01 7.077949e-01
      vertex   3.716285e+01 -2.950000e+01 5.075674e-01
    endloop
  endfacet
  facet normal -5.611871e-01 1.050194e-16 -8.276890e-01
    outer loop
      vertex   3.716285e+01 -2.950000e+01 5.075674e-01
      vertex   3.686754e+01 -2.600000e+01 7.077949e-01
      vertex   3.716285e+01 -2.600000e+01 5.075674e-01
    endloop
  endfacet
  facet normal -7.259955e-01 8.725712e-17 -6.876995e-01
    outer loop
      vertex   3.716285e+01 -2.950000e+01 5.075674e-01
      vertex   3.716285e+01 -2.600000e+01 5.075674e-01
      vertex   3.740822e+01 -2.950000e+01 2.485375e-01
    endloop
  endfacet
  facet normal -7.259955e-01 2.181428e-16 -6.876995e-01
    outer loop
      vertex   3.740822e+01 -2.950000e+01 2.485375e-01
      vertex   3.716285e+01 -2.600000e+01 5.075674e-01
      vertex   3.740822e+01 -2.600000e+01 2.485375e-01
    endloop
  endfacet
  facet normal -8.568572e-01 1.635371e-16 -5.155539e-01
    outer loop
      vertex   3.740822e+01 -2.950000e+01 2.485375e-01
      vertex   3.740822e+01 -2.600000e+01 2.485375e-01
      vertex   3.759216e+01 -2.950000e+01 -5.718298e-02
    endloop
  endfacet
  facet normal -8.568572e-01 0.000000e+00 -5.155539e-01
    outer loop
      vertex   3.759216e+01 -2.950000e+01 -5.718298e-02
      vertex   3.740822e+01 -2.600000e+01 2.485375e-01
      vertex   3.759216e+01 -2.600000e+01 -5.718298e-02
    endloop
  endfacet
  facet normal -9.476532e-01 0.000000e+00 -3.193015e-01
    outer loop
      vertex   3.759216e+01 -2.950000e+01 -5.718298e-02
      vertex   3.759216e+01 -2.600000e+01 -5.718298e-02
      vertex   3.770609e+01 -2.950000e+01 -3.952988e-01
    endloop
  endfacet
  facet normal -9.476532e-01 0.000000e+00 -3.193015e-01
    outer loop
      vertex   3.770609e+01 -2.950000e+01 -3.952988e-01
      vertex   3.759216e+01 -2.600000e+01 -5.718298e-02
      vertex   3.770609e+01 -2.600000e+01 -3.952988e-01
    endloop
  endfacet
  facet normal -9.941380e-01 0.000000e+00 -1.081190e-01
    outer loop
      vertex   -3.448324e+01 -2.950000e+01 -3.952988e-01
      vertex   -3.448324e+01 -2.600000e+01 -3.952988e-01
      vertex   -3.444466e+01 -2.950000e+01 -7.500000e-01
    endloop
  endfacet
  facet normal -9.941380e-01 0.000000e+00 -1.081190e-01
    outer loop
      vertex   -3.444466e+01 -2.950000e+01 -7.500000e-01
      vertex   -3.448324e+01 -2.600000e+01 -3.952988e-01
      vertex   -3.444466e+01 -2.600000e+01 -7.500000e-01
    endloop
  endfacet
  facet normal -9.941380e-01 0.000000e+00 1.081190e-01
    outer loop
      vertex   -3.444466e+01 -2.950000e+01 -7.500000e-01
      vertex   -3.444466e+01 -2.600000e+01 -7.500000e-01
      vertex   -3.448324e+01 -2.950000e+01 -1.104701e+00
    endloop
  endfacet
  facet normal -9.941380e-01 0.000000e+00 1.081190e-01
    outer loop
      vertex   -3.448324e+01 -2.950000e+01 -1.104701e+00
      vertex   -3.444466e+01 -2.600000e+01 -7.500000e-01
      vertex   -3.448324e+01 -2.600000e+01 -1.104701e+00
    endloop
  endfacet
  facet normal -9.476532e-01 0.000000e+00 3.193015e-01
    outer loop
      vertex   -3.448324e+01 -2.950000e+01 -1.104701e+00
      vertex   -3.448324e+01 -2.600000e+01 -1.104701e+00
      vertex   -3.459716e+01 -2.950000e+01 -1.442817e+00
    endloop
  endfacet
  facet normal -9.476532e-01 0.000000e+00 3.193015e-01
    outer loop
      vertex   -3.459716e+01 -2.950000e+01 -1.442817e+00
      vertex   -3.448324e+01 -2.600000e+01 -1.104701e+00
      vertex   -3.459716e+01 -2.600000e+01 -1.442817e+00
    endloop
  endfacet
  facet normal -8.568572e-01 0.000000e+00 5.155539e-01
    outer loop
      vertex   -3.459716e+01 -2.950000e+01 -1.442817e+00
      vertex   -3.459716e+01 -2.600000e+01 -1.442817e+00
      vertex   -3.478111e+01 -2.950000e+01 -1.748537e+00
    endloop
  endfacet
  facet normal -8.568572e-01 -1.635371e-16 5.155539e-01
    outer loop
      vertex   -3.478111e+01 -2.950000e+01 -1.748537e+00
      vertex   -3.459716e+01 -2.600000e+01 -1.442817e+00
      vertex   -3.478111e+01 -2.600000e+01 -1.748537e+00
    endloop
  endfacet
  facet normal -7.259955e-01 -2.181428e-16 6.876995e-01
    outer loop
      vertex   -3.478111e+01 -2.950000e+01 -1.748537e+00
      vertex   -3.478111e+01 -2.600000e+01 -1.748537e+00
      vertex   -3.502648e+01 -2.950000e+01 -2.007567e+00
    endloop
  endfacet
  facet normal -7.259955e-01 -1.745142e-16 6.876995e-01
    outer loop
      vertex   -3.502648e+01 -2.950000e+01 -2.007567e+00
      vertex   -3.478111e+01 -2.600000e+01 -1.748537e+00
      vertex   -3.502648e+01 -2.600000e+01 -2.007567e+00
    endloop
  endfacet
  facet normal -5.611871e-01 -2.100387e-16 8.276890e-01
    outer loop
      vertex   -3.502648e+01 -2.950000e+01 -2.007567e+00
      vertex   -3.502648e+01 -2.600000e+01 -2.007567e+00
      vertex   -3.532179e+01 -2.950000e+01 -2.207795e+00
    endloop
  endfacet
  facet normal -5.611871e-01 -1.050194e-16 8.276890e-01
    outer loop
      vertex   -3.532179e+01 -2.950000e+01 -2.207795e+00
      vertex   -3.502648e+01 -2.600000e+01 -2.007567e+00
      vertex   -3.532179e+01 -2.600000e+01 -2.207795e+00
    endloop
  endfacet
  facet normal -3.701382e-01 -1.178710e-16 9.289767e-01
    outer loop
      vertex   -3.532179e+01 -2.950000e+01 -2.207795e+00
      vertex   -3.532179e+01 -2.600000e+01 -2.207795e+00
      vertex   -3.565324e+01 -2.950000e+01 -2.339857e+00
    endloop
  endfacet
  facet normal -3.701382e-01 -1.178710e-16 9.289767e-01
    outer loop
      vertex   -3.565324e+01 -2.950000e+01 -2.339857e+00
      vertex   -3.532179e+01 -2.600000e+01 -2.207795e+00
      vertex   -3.565324e+01 -2.600000e+01 -2.339857e+00
    endloop
  endfacet
  facet normal -1.617820e-01 -1.252111e-16 9.868265e-01
    outer loop
      vertex   -3.565324e+01 -2.950000e+01 -2.339857e+00
      vertex   -3.565324e+01 -2.600000e+01 -2.339857e+00
      vertex   -3.600533e+01 -2.950000e+01 -2.397580e+00
    endloop
  endfacet
  facet normal -1.617820e-01 0.000000e+00 9.868265e-01
    outer loop
      vertex   -3.600533e+01 -2.950000e+01 -2.397580e+00
      vertex   -3.565324e+01 -2.600000e+01 -2.339857e+00
      vertex   -3.600533e+01 -2.600000e+01 -2.397580e+00
    endloop
  endfacet
  facet normal 5.413891e-02 -0.000000e+00 9.985334e-01
    outer loop
      vertex   -3.600533e+01 -2.950000e+01 -2.397580e+00
      vertex   -3.600533e+01 -2.600000e+01 -2.397580e+00
      vertex   -3.636160e+01 -2.950000e+01 -2.378264e+00
    endloop
  endfacet
  facet normal 5.413891e-02 -0.000000e+00 9.985334e-01
    outer loop
      vertex   -3.636160e+01 -2.950000e+01 -2.378264e+00
      vertex   -3.600533e+01 -2.600000e+01 -2.397580e+00
      vertex   -3.636160e+01 -2.600000e+01 -2.378264e+00
    endloop
  endfacet
  facet normal 2.675283e-01 -0.000000e+00 9.635500e-01
    outer loop
      vertex   -3.636160e+01 -2.950000e+01 -2.378264e+00
      vertex   -3.636160e+01 -2.600000e+01 -2.378264e+00
      vertex   -3.670539e+01 -2.950000e+01 -2.282812e+00
    endloop
  endfacet
  facet normal 2.675283e-01 -5.431152e-16 9.635500e-01
    outer loop
      vertex   -3.670539e+01 -2.950000e+01 -2.282812e+00
      vertex   -3.636160e+01 -2.600000e+01 -2.378264e+00
      vertex   -3.670539e+01 -2.600000e+01 -2.282812e+00
    endloop
  endfacet
  facet normal 4.684084e-01 -9.509263e-16 8.835120e-01
    outer loop
      vertex   -3.670539e+01 -2.950000e+01 -2.282812e+00
      vertex   -3.670539e+01 -2.600000e+01 -2.282812e+00
      vertex   -3.702062e+01 -2.950000e+01 -2.115687e+00
    endloop
  endfacet
  facet normal 4.684084e-01 -0.000000e+00 8.835120e-01
    outer loop
      vertex   -3.702062e+01 -2.950000e+01 -2.115687e+00
      vertex   -3.670539e+01 -2.600000e+01 -2.282812e+00
      vertex   -3.702062e+01 -2.600000e+01 -2.115687e+00
    endloop
  endfacet
  facet normal 6.473863e-01 -0.000000e+00 7.621621e-01
    outer loop
      vertex   -3.702062e+01 -2.950000e+01 -2.115687e+00
      vertex   -3.702062e+01 -2.600000e+01 -2.115687e+00
      vertex   -3.729256e+01 -2.950000e+01 -1.884704e+00
    endloop
  endfacet
  facet normal 6.473863e-01 9.670513e-17 7.621621e-01
    outer loop
      vertex   -3.729256e+01 -2.950000e+01 -1.884704e+00
      vertex   -3.702062e+01 -2.600000e+01 -2.115687e+00
      vertex   -3.729256e+01 -2.600000e+01 -1.884704e+00
    endloop
  endfacet
  facet normal 7.960931e-01 7.678610e-17 6.051742e-01
    outer loop
      vertex   -3.729256e+01 -2.950000e+01 -1.884704e+00
      vertex   -3.729256e+01 -2.600000e+01 -1.884704e+00
      vertex   -3.750848e+01 -2.950000e+01 -1.600664e+00
    endloop
  endfacet
  facet normal 7.960931e-01 1.535722e-16 6.051742e-01
    outer loop
      vertex   -3.750848e+01 -2.950000e+01 -1.600664e+00
      vertex   -3.729256e+01 -2.600000e+01 -1.884704e+00
      vertex   -3.750848e+01 -2.600000e+01 -1.600664e+00
    endloop
  endfacet
  facet normal 9.075754e-01 1.065533e-16 4.198891e-01
    outer loop
      vertex   -3.750848e+01 -2.950000e+01 -1.600664e+00
      vertex   -3.750848e+01 -2.600000e+01 -1.600664e+00
      vertex   -3.765829e+01 -2.950000e+01 -1.276848e+00
    endloop
  endfacet
  facet normal 9.075754e-01 1.065533e-16 4.198891e-01
    outer loop
      vertex   -3.765829e+01 -2.950000e+01 -1.276848e+00
      vertex   -3.750848e+01 -2.600000e+01 -1.600664e+00
      vertex   -3.765829e+01 -2.600000e+01 -1.276848e+00
    endloop
  endfacet
  facet normal 9.766206e-01 5.455203e-17 2.149704e-01
    outer loop
      vertex   -3.765829e+01 -2.950000e+01 -1.276848e+00
      vertex   -3.765829e+01 -2.600000e+01 -1.276848e+00
      vertex   -3.773499e+01 -2.950000e+01 -9.283964e-01
    endloop
  endfacet
  facet normal 9.766206e-01 -0.000000e+00 2.149704e-01
    outer loop
      vertex   -3.773499e+01 -2.950000e+01 -9.283964e-01
      vertex   -3.765829e+01 -2.600000e+01 -1.276848e+00
      vertex   -3.773499e+01 -2.600000e+01 -9.283964e-01
    endloop
  endfacet
  facet normal 1.000000e+00 0.000000e+00 0.000000e+00
    outer loop
      vertex   -3.773499e+01 -2.950000e+01 -9.283964e-01
      vertex   -3.773499e+01 -2.600000e+01 -9.283964e-01
      vertex   -3.773499e+01 -2.950000e+01 -5.716036e-01
    endloop
  endfacet
  facet normal 1.000000e+00 -0.000000e+00 0.000000e+00
    outer loop
      vertex   -3.773499e+01 -2.950000e+01 -5.716036e-01
      vertex   -3.773499e+01 -2.600000e+01 -9.283964e-01
      vertex   -3.773499e+01 -2.600000e+01 -5.716036e-01
    endloop
  endfacet
  facet normal 9.766206e-01 0.000000e+00 -2.149704e-01
    outer loop
      vertex   -3.773499e+01 -2.950000e+01 -5.716036e-01
      vertex   -3.773499e+01 -2.600000e+01 -5.716036e-01
      vertex   -3.765829e+01 -2.950000e+01 -2.231525e-01
    endloop
  endfacet
  facet normal 9.766206e-01 -4.261877e-17 -2.149704e-01
    outer loop
      vertex   -3.765829e+01 -2.950000e+01 -2.231525e-01
      vertex   -3.773499e+01 -2.600000e+01 -5.716036e-01
      vertex   -3.765829e+01 -2.600000e+01 -2.231525e-01
    endloop
  endfacet
  facet normal 9.075754e-01 -8.324474e-17 -4.198891e-01
    outer loop
      vertex   -3.765829e+01 -2.950000e+01 -2.231525e-01
      vertex   -3.765829e+01 -2.600000e+01 -2.231525e-01
      vertex   -3.750848e+01 -2.950000e+01 1.006639e-01
    endloop
  endfacet
  facet normal 9.075754e-01 -8.324474e-17 -4.198891e-01
    outer loop
      vertex   -3.750848e+01 -2.950000e+01 1.006639e-01
      vertex   -3.765829e+01 -2.600000e+01 -2.231525e-01
      vertex   -3.750848e+01 -2.600000e+01 1.006639e-01
    endloop
  endfacet
  facet normal 7.960931e-01 -1.199783e-16 -6.051742e-01
    outer loop
      vertex   -3.750848e+01 -2.950000e+01 1.006639e-01
      vertex   -3.750848e+01 -2.600000e+01 1.006639e-01
      vertex   -3.729256e+01 -2.950000e+01 3.847041e-01
    endloop
  endfacet
  facet normal 7.960931e-01 -9.598262e-17 -6.051742e-01
    outer loop
      vertex   -3.729256e+01 -2.950000e+01 3.847041e-01
      vertex   -3.750848e+01 -2.600000e+01 1.006639e-01
      vertex   -3.729256e+01 -2.600000e+01 3.847041e-01
    endloop
  endfacet
  facet normal 6.473863e-01 -1.208814e-16 -7.621621e-01
    outer loop
      vertex   -3.729256e+01 -2.950000e+01 3.847041e-01
      vertex   -3.729256e+01 -2.600000e+01 3.847041e-01
      vertex   -3.702062e+01 -2.950000e+01 6.156868e-01
    endloop
  endfacet
  facet normal 6.473863e-01 0.000000e+00 -7.621621e-01
    outer loop
      vertex   -3.702062e+01 -2.950000e+01 6.156868e-01
      vertex   -3.729256e+01 -2.600000e+01 3.847041e-01
      vertex   -3.702062e+01 -2.600000e+01 6.156868e-01
    endloop
  endfacet
  facet normal 4.684084e-01 0.000000e+00 -8.835120e-01
    outer loop
      vertex   -3.702062e+01 -2.950000e+01 6.156868e-01
      vertex   -3.702062e+01 -2.600000e+01 6.156868e-01
      vertex   -3.670539e+01 -2.950000e+01 7.828116e-01
    endloop
  endfacet
  facet normal 4.684084e-01 9.509263e-16 -8.835120e-01
    outer loop
      vertex   -3.670539e+01 -2.950000e+01 7.828116e-01
      vertex   -3.702062e+01 -2.600000e+01 6.156868e-01
      vertex   -3.670539e+01 -2.600000e+01 7.828116e-01
    endloop
  endfacet
  facet normal 2.675283e-01 5.431152e-16 -9.635500e-01
    outer loop
      vertex   -3.670539e+01 -2.950000e+01 7.828116e-01
      vertex   -3.670539e+01 -2.600000e+01 7.828116e-01
      vertex   -3.636160e+01 -2.950000e+01 8.782638e-01
    endloop
  endfacet
  facet normal 2.675283e-01 0.000000e+00 -9.635500e-01
    outer loop
      vertex   -3.636160e+01 -2.950000e+01 8.782638e-01
      vertex   -3.670539e+01 -2.600000e+01 7.828116e-01
      vertex   -3.636160e+01 -2.600000e+01 8.782638e-01
    endloop
  endfacet
  facet normal 5.413891e-02 0.000000e+00 -9.985334e-01
    outer loop
      vertex   -3.636160e+01 -2.950000e+01 8.782638e-01
      vertex   -3.636160e+01 -2.600000e+01 8.782638e-01
      vertex   -3.600533e+01 -2.950000e+01 8.975801e-01
    endloop
  endfacet
  facet normal 5.413891e-02 0.000000e+00 -9.985334e-01
    outer loop
      vertex   -3.600533e+01 -2.950000e+01 8.975801e-01
      vertex   -3.636160e+01 -2.600000e+01 8.782638e-01
      vertex   -3.600533e+01 -2.600000e+01 8.975801e-01
    endloop
  endfacet
  facet normal -1.617820e-01 0.000000e+00 -9.868265e-01
    outer loop
      vertex   -3.600533e+01 -2.950000e+01 8.975801e-01
      vertex   -3.600533e+01 -2.600000e+01 8.975801e-01
      vertex   -3.565324e+01 -2.950000e+01 8.398575e-01
    endloop
  endfacet
  facet normal -1.617820e-01 9.390836e-17 -9.868265e-01
    outer loop
      vertex   -3.565324e+01 -2.950000e+01 8.398575e-01
      vertex   -3.600533e+01 -2.600000e+01 8.975801e-01
      vertex   -3.565324e+01 -2.600000e+01 8.398575e-01
    endloop
  endfacet
  facet normal -3.701382e-01 8.840326e-17 -9.289767e-01
    outer loop
      vertex   -3.565324e+01 -2.950000e+01 8.398575e-01
      vertex   -3.565324e+01 -2.600000e+01 8.398575e-01
      vertex   -3.532179e+01 -2.950000e+01 7.077949e-01
    endloop
  endfacet
  facet normal -3.701382e-01 8.840326e-17 -9.289767e-01
    outer loop
      vertex   -3.532179e+01 -2.950000e+01 7.077949e-01
      vertex   -3.565324e+01 -2.600000e+01 8.398575e-01
      vertex   -3.532179e+01 -2.600000e+01 7.077949e-01
    endloop
  endfacet
  facet normal -5.611871e-01 7.876452e-17 -8.276890e-01
    outer loop
      vertex   -3.532179e+01 -2.950000e+01 7.077949e-01
      vertex   -3.532179e+01 -2.600000e+01 7.077949e-01
      vertex   -3.502648e+01 -2.950000e+01 5.075674e-01
    endloop
  endfacet
  facet normal -5.611871e-01 1.312742e-16 -8.276890e-01
    outer loop
      vertex   -3.502648e+01 -2.950000e+01 5.075674e-01
      vertex   -3.532179e+01 -2.600000e+01 7.077949e-01
      vertex   -3.502648e+01 -2.600000e+01 5.075674e-01
    endloop
  endfacet
  facet normal -7.259955e-01 1.090714e-16 -6.876995e-01
    outer loop
      vertex   -3.502648e+01 -2.950000e+01 5.075674e-01
      vertex   -3.502648e+01 -2.600000e+01 5.075674e-01
      vertex   -3.478111e+01 -2.950000e+01 2.485375e-01
    endloop
  endfacet
  facet normal -7.259955e-01 2.181428e-16 -6.876995e-01
    outer loop
      vertex   -3.478111e+01 -2.950000e+01 2.485375e-01
      vertex   -3.502648e+01 -2.600000e+01 5.075674e-01
      vertex   -3.478111e+01 -2.600000e+01 2.485375e-01
    endloop
  endfacet
  facet normal -8.568572e-01 1.635371e-16 -5.155539e-01
    outer loop
      vertex   -3.478111e+01 -2.950000e+01 2.485375e-01
      vertex   -3.478111e+01 -2.600000e+01 2.485375e-01
      vertex   -3.459716e+01 -2.950000e+01 -5.718298e-02
    endloop
  endfacet
  facet normal -8.568572e-01 0.000000e+00 -5.155539e-01
    outer loop
      vertex   -3.459716e+01 -2.950000e+01 -5.718298e-02
      vertex   -3.478111e+01 -2.600000e+01 2.485375e-01
      vertex   -3.459716e+01 -2.600000e+01 -5.718298e-02
    endloop
  endfacet
  facet normal -9.476532e-01 0.000000e+00 -3.193015e-01
    outer loop
      vertex   -3.459716e+01 -2.950000e+01 -5.718298e-02
      vertex   -3.459716e+01 -2.600000e+01 -5.718298e-02
      vertex   -3.448324e+01 -2.950000e+01 -3.952988e-01
    endloop
  endfacet
  facet normal -9.476532e-01 0.000000e+00 -3.193015e-01
    outer loop
      vertex   -3.448324e+01 -2.950000e+01 -3.952988e-01
      vertex   -3.459716e+01 -2.600000e+01 -5.718298e-02
      vertex   -3.448324e+01 -2.600000e+01 -3.952988e-01
    endloop
  endfacet
  facet normal 9.807956e-01 1.950384e-01 0.000000e+00
    outer loop
      vertex   4.366922e+01 -2.950000e+01 4.100000e+00
      vertex   4.366922e+01 -2.950000e+01 -5.900000e+00
      vertex   4.363561e+01 -2.933097e+01 4.100000e+00
    endloop
  endfacet
  facet normal 9.807956e-01 1.950384e-01 1.597687e-15
    outer loop
      vertex   4.363561e+01 -2.933097e+01 4.100000e+00
      vertex   4.366922e+01 -2.950000e+01 -5.900000e+00
      vertex   4.363561e+01 -2.933097e+01 -5.900000e+00
    endloop
  endfacet
  facet normal 9.810190e-01 1.939114e-01 1.592641e-15
    outer loop
      vertex   4.363561e+01 -2.933097e+01 4.100000e+00
      vertex   4.363561e+01 -2.933097e+01 -5.900000e+00
      vertex   4.360219e+01 -2.916191e+01 4.100000e+00
    endloop
  endfacet
  facet normal 9.810190e-01 1.939114e-01 6.889117e-16
    outer loop
      vertex   4.360219e+01 -2.916191e+01 4.100000e+00
      vertex   4.363561e+01 -2.933097e+01 -5.900000e+00
      vertex   4.360219e+01 -2.916191e+01 -5.900000e+00
    endloop
  endfacet
  facet normal 9.812412e-01 1.927842e-01 6.849070e-16
    outer loop
      vertex   4.360219e+01 -2.916191e+01 4.100000e+00
      vertex   4.360219e+01 -2.916191e+01 -5.900000e+00
      vertex   4.356897e+01 -2.899281e+01 4.100000e+00
    endloop
  endfacet
  facet normal 9.812412e-01 1.927842e-01 3.547603e-16
    outer loop
      vertex   4.356897e+01 -2.899281e+01 4.100000e+00
      vertex   4.360219e+01 -2.916191e+01 -5.900000e+00
      vertex   4.356897e+01 -2.899281e+01 -5.900000e+00
    endloop
  endfacet
  facet normal 7.861281e-13 1.000000e+00 -9.161108e-13
    outer loop
      vertex   3.770609e+01 -2.600000e+01 -3.952988e-01
      vertex   4.294466e+01 -2.600000e+01 4.100000e+00
      vertex   3.774466e+01 -2.600000e+01 -7.500000e-01
    endloop
  endfacet
  facet normal -6.832142e-14 1.000000e+00 0.000000e+00
    outer loop
      vertex   3.774466e+01 -2.600000e+01 -7.500000e-01
      vertex   4.294466e+01 -2.600000e+01 4.100000e+00
      vertex   4.294466e+01 -2.600000e+01 -5.900000e+00
    endloop
  endfacet
  facet normal 8.338414e-13 1.000000e+00 9.109217e-13
    outer loop
      vertex   3.774466e+01 -2.600000e+01 -7.500000e-01
      vertex   4.294466e+01 -2.600000e+01 -5.900000e+00
      vertex   3.770609e+01 -2.600000e+01 -1.104701e+00
    endloop
  endfacet
  facet normal 0.000000e+00 1.000000e+00 0.000000e+00
    outer loop
      vertex   3.770609e+01 -2.600000e+01 -1.104701e+00
      vertex   4.294466e+01 -2.600000e+01 -5.900000e+00
      vertex   3.759216e+01 -2.600000e+01 -1.442817e+00
    endloop
  endfacet
  facet normal 0.000000e+00 1.000000e+00 0.000000e+00
    outer loop
      vertex   3.759216e+01 -2.600000e+01 -1.442817e+00
      vertex   4.294466e+01 -2.600000e+01 -5.900000e+00
      vertex   3.740822e+01 -2.600000e+01 -1.748537e+00
    endloop
  endfacet
  facet normal 0.000000e+00 1.000000e+00 0.000000e+00
    outer loop
      vertex   3.740822e+01 -2.600000e+01 -1.748537e+00
      vertex   4.294466e+01 -2.600000e+01 -5.900000e+00
      vertex   3.716285e+01 -2.600000e+01 -2.007567e+00
    endloop
  endfacet
  facet normal 0.000000e+00 1.000000e+00 0.000000e+00
    outer loop
      vertex   3.716285e+01 -2.600000e+01 -2.007567e+00
      vertex   4.294466e+01 -2.600000e+01 -5.900000e+00
      vertex   3.686754e+01 -2.600000e+01 -2.207795e+00
    endloop
  endfacet
  facet normal 0.000000e+00 1.000000e+00 0.000000e+00
    outer loop
      vertex   3.686754e+01 -2.600000e+01 -2.207795e+00
      vertex   4.294466e+01 -2.600000e+01 -5.900000e+00
      vertex   3.653608e+01 -2.600000e+01 -2.339857e+00
    endloop
  endfacet
  facet normal 0.000000e+00 1.000000e+00 0.000000e+00
    outer loop
      vertex   3.653608e+01 -2.600000e+01 -2.339857e+00
      vertex   4.294466e+01 -2.600000e+01 -5.900000e+00
      vertex   3.618399e+01 -2.600000e+01 -2.397580e+00
    endloop
  endfacet
  facet normal 0.000000e+00 1.000000e+00 0.000000e+00
    outer loop
      vertex   3.618399e+01 -2.600000e+01 -2.397580e+00
      vertex   4.294466e+01 -2.600000e+01 -5.900000e+00
      vertex   3.582772e+01 -2.600000e+01 -2.378264e+00
    endloop
  endfacet
  facet normal 0.000000e+00 1.000000e+00 0.000000e+00
    outer loop
      vertex   3.582772e+01 -2.600000e+01 -2.378264e+00
      vertex   4.294466e+01 -2.600000e+01 -5.900000e+00
      vertex   -4.294466e+01 -2.600000e+01 -5.900000e+00
    endloop
  endfacet
  facet normal 0.000000e+00 1.000000e+00 0.000000e+00
    outer loop
      vertex   3.582772e+01 -2.600000e+01 -2.378264e+00
      vertex   -4.294466e+01 -2.600000e+01 -5.900000e+00
      vertex   -3.565324e+01 -2.600000e+01 -2.339857e+00
    endloop
  endfacet
  facet normal 0.000000e+00 1.000000e+00 0.000000e+00
    outer loop
      vertex   -3.565324e+01 -2.600000e+01 -2.339857e+00
      vertex   -4.294466e+01 -2.600000e+01 -5.900000e+00
      vertex   -3.600533e+01 -2.600000e+01 -2.397580e+00
    endloop
  endfacet
  facet normal 0.000000e+00 1.000000e+00 0.000000e+00
    outer loop
      vertex   -3.600533e+01 -2.600000e+01 -2.397580e+00
      vertex   -4.294466e+01 -2.600000e+01 -5.900000e+00
      vertex   -3.636160e+01 -2.600000e+01 -2.378264e+00
    endloop
  endfacet
  facet normal 0.000000e+00 1.000000e+00 0.000000e+00
    outer loop
      vertex   -3.636160e+01 -2.600000e+01 -2.378264e+00
      vertex   -4.294466e+01 -2.600000e+01 -5.900000e+00
      vertex   -3.670539e+01 -2.600000e+01 -2.282812e+00
    endloop
  endfacet
  facet normal 0.000000e+00 1.000000e+00 0.000000e+00
    outer loop
      vertex   -3.670539e+01 -2.600000e+01 -2.282812e+00
      vertex   -4.294466e+01 -2.600000e+01 -5.900000e+00
      vertex   -3.702062e+01 -2.600000e+01 -2.115687e+00
    endloop
  endfacet
  facet normal 0.000000e+00 1.000000e+00 0.000000e+00
    outer loop
      vertex   -3.702062e+01 -2.600000e+01 -2.115687e+00
      vertex   -4.294466e+01 -2.600000e+01 -5.900000e+00
      vertex   -3.729256e+01 -2.600000e+01 -1.884704e+00
    endloop
  endfacet
  facet normal 0.000000e+00 1.000000e+00 0.000000e+00
    outer loop
      vertex   -3.729256e+01 -2.600000e+01 -1.884704e+00
      vertex   -4.294466e+01 -2.600000e+01 -5.900000e+00
      vertex   -3.750848e+01 -2.600000e+01 -1.600664e+00
    endloop
  endfacet
  facet normal 0.000000e+00 1.000000e+00 0.000000e+00
    outer loop
      vertex   -3.750848e+01 -2.600000e+01 -1.600664e+00
      vertex   -4.294466e+01 -2.600000e+01 -5.900000e+00
      vertex   -3.765829e+01 -2.600000e+01 -1.276848e+00
    endloop
  endfacet
  facet normal 0.000000e+00 1.000000e+00 0.000000e+00
    outer loop
      vertex   -3.765829e+01 -2.600000e+01 -1.276848e+00
      vertex   -4.294466e+01 -2.600000e+01 -5.900000e+00
      vertex   -3.773499e+01 -2.600000e+01 -9.283964e-01
    endloop
  endfacet
  facet normal 0.000000e+00 1.000000e+00 0.000000e+00
    outer loop
      vertex   -3.773499e+01 -2.600000e+01 -9.283964e-01
      vertex   -4.294466e+01 -2.600000e+01 -5.900000e+00
      vertex   -4.294466e+01 -2.600000e+01 4.100000e+00
    endloop
  endfacet
  facet normal 0.000000e+00 1.000000e+00 -0.000000e+00
    outer loop
      vertex   -3.773499e+01 -2.600000e+01 -9.283964e-01
      vertex   -4.294466e+01 -2.600000e+01 4.100000e+00
      vertex   -3.773499e+01 -2.600000e+01 -5.716036e-01
    endloop
  endfacet
  facet normal 0.000000e+00 1.000000e+00 -0.000000e+00
    outer loop
      vertex   -3.773499e+01 -2.600000e+01 -5.716036e-01
      vertex   -4.294466e+01 -2.600000e+01 4.100000e+00
      vertex   -3.765829e+01 -2.600000e+01 -2.231525e-01
    endloop
  endfacet
  facet normal 0.000000e+00 1.000000e+00 -0.000000e+00
    outer loop
      vertex   -3.765829e+01 -2.600000e+01 -2.231525e-01
      vertex   -4.294466e+01 -2.600000e+01 4.100000e+00
      vertex   -3.750848e+01 -2.600000e+01 1.006639e-01
    endloop
  endfacet
  facet normal 0.000000e+00 1.000000e+00 -0.000000e+00
    outer loop
      vertex   -3.750848e+01 -2.600000e+01 1.006639e-01
      vertex   -4.294466e+01 -2.600000e+01 4.100000e+00
      vertex   -3.729256e+01 -2.600000e+01 3.847041e-01
    endloop
  endfacet
  facet normal 0.000000e+00 1.000000e+00 -0.000000e+00
    outer loop
      vertex   -3.729256e+01 -2.600000e+01 3.847041e-01
      vertex   -4.294466e+01 -2.600000e+01 4.100000e+00
      vertex   -3.702062e+01 -2.600000e+01 6.156868e-01
    endloop
  endfacet
  facet normal 0.000000e+00 1.000000e+00 -0.000000e+00
    outer loop
      vertex   -3.702062e+01 -2.600000e+01 6.156868e-01
      vertex   -4.294466e+01 -2.600000e+01 4.100000e+00
      vertex   -3.670539e+01 -2.600000e+01 7.828116e-01
    endloop
  endfacet
  facet normal 0.000000e+00 1.000000e+00 -0.000000e+00
    outer loop
      vertex   -3.670539e+01 -2.600000e+01 7.828116e-01
      vertex   -4.294466e+01 -2.600000e+01 4.100000e+00
      vertex   -3.636160e+01 -2.600000e+01 8.782638e-01
    endloop
  endfacet
  facet normal 0.000000e+00 1.000000e+00 -0.000000e+00
    outer loop
      vertex   -3.636160e+01 -2.600000e+01 8.782638e-01
      vertex   -4.294466e+01 -2.600000e+01 4.100000e+00
      vertex   -3.600533e+01 -2.600000e+01 8.975801e-01
    endloop
  endfacet
  facet normal -0.000000e+00 1.000000e+00 -0.000000e+00
    outer loop
      vertex   -3.600533e+01 -2.600000e+01 8.975801e-01
      vertex   -4.294466e+01 -2.600000e+01 4.100000e+00
      vertex   -3.565324e+01 -2.600000e+01 8.398575e-01
    endloop
  endfacet
  facet normal 0.000000e+00 1.000000e+00 -0.000000e+00
    outer loop
      vertex   -3.565324e+01 -2.600000e+01 8.398575e-01
      vertex   -4.294466e+01 -2.600000e+01 4.100000e+00
      vertex   3.582772e+01 -2.600000e+01 8.782638e-01
    endloop
  endfacet
  facet normal -0.000000e+00 1.000000e+00 0.000000e+00
    outer loop
      vertex   -3.565324e+01 -2.600000e+01 8.398575e-01
      vertex   3.582772e+01 -2.600000e+01 8.782638e-01
      vertex   3.548394e+01 -2.600000e+01 7.828116e-01
    endloop
  endfacet
  facet normal 0.000000e+00 1.000000e+00 -0.000000e+00
    outer loop
      vertex   3.770609e+01 -2.600000e+01 -3.952988e-01
      vertex   3.759216e+01 -2.600000e+01 -5.718298e-02
      vertex   4.294466e+01 -2.600000e+01 4.100000e+00
    endloop
  endfacet
  facet normal 0.000000e+00 1.000000e+00 0.000000e+00
    outer loop
      vertex   4.294466e+01 -2.600000e+01 4.100000e+00
      vertex   3.759216e+01 -2.600000e+01 -5.718298e-02
      vertex   3.740822e+01 -2.600000e+01 2.485375e-01
    endloop
  endfacet
  facet normal 0.000000e+00 1.000000e+00 0.000000e+00
    outer loop
      vertex   4.294466e+01 -2.600000e+01 4.100000e+00
      vertex   3.740822e+01 -2.600000e+01 2.485375e-01
      vertex   3.716285e+01 -2.600000e+01 5.075674e-01
    endloop
  endfacet
  facet normal 0.000000e+00 1.000000e+00 -0.000000e+00
    outer loop
      vertex   3.716285e+01 -2.600000e+01 5.075674e-01
      vertex   3.686754e+01 -2.600000e+01 7.077949e-01
      vertex   4.294466e+01 -2.600000e+01 4.100000e+00
    endloop
  endfacet
  facet normal 0.000000e+00 1.000000e+00 0.000000e+00
    outer loop
      vertex   4.294466e+01 -2.600000e+01 4.100000e+00
      vertex   3.686754e+01 -2.600000e+01 7.077949e-01
      vertex   3.653608e+01 -2.600000e+01 8.398575e-01
    endloop
  endfacet
  facet normal 0.000000e+00 1.000000e+00 0.000000e+00
    outer loop
      vertex   4.294466e+01 -2.600000e+01 4.100000e+00
      vertex   3.653608e+01 -2.600000e+01 8.398575e-01
      vertex   3.618399e+01 -2.600000e+01 8.975801e-01
    endloop
  endfacet
  facet normal 0.000000e+00 1.000000e+00 -0.000000e+00
    outer loop
      vertex   3.618399e+01 -2.600000e+01 8.975801e-01
      vertex   3.582772e+01 -2.600000e+01 8.782638e-01
      vertex   4.294466e+01 -2.600000e+01 4.100000e+00
    endloop
  endfacet
  facet normal 0.000000e+00 1.000000e+00 0.000000e+00
    outer loop
      vertex   4.294466e+01 -2.600000e+01 4.100000e+00
      vertex   3.582772e+01 -2.600000e+01 8.782638e-01
      vertex   -4.294466e+01 -2.600000e+01 4.100000e+00
    endloop
  endfacet
  facet normal 0.000000e+00 1.000000e+00 0.000000e+00
    outer loop
      vertex   -3.565324e+01 -2.600000e+01 8.398575e-01
      vertex   3.548394e+01 -2.600000e+01 7.828116e-01
      vertex   -3.532179e+01 -2.600000e+01 7.077949e-01
    endloop
  endfacet
  facet normal -0.000000e+00 1.000000e+00 0.000000e+00
    outer loop
      vertex   -3.532179e+01 -2.600000e+01 7.077949e-01
      vertex   3.548394e+01 -2.600000e+01 7.828116e-01
      vertex   3.516870e+01 -2.600000e+01 6.156868e-01
    endloop
  endfacet
  facet normal 0.000000e+00 1.000000e+00 0.000000e+00
    outer loop
      vertex   -3.532179e+01 -2.600000e+01 7.077949e-01
      vertex   3.516870e+01 -2.600000e+01 6.156868e-01
      vertex   -3.502648e+01 -2.600000e+01 5.075674e-01
    endloop
  endfacet
  facet normal -0.000000e+00 1.000000e+00 0.000000e+00
    outer loop
      vertex   -3.502648e+01 -2.600000e+01 5.075674e-01
      vertex   3.516870e+01 -2.600000e+01 6.156868e-01
      vertex   3.489677e+01 -2.600000e+01 3.847041e-01
    endloop
  endfacet
  facet normal 0.000000e+00 1.000000e+00 0.000000e+00
    outer loop
      vertex   -3.502648e+01 -2.600000e+01 5.075674e-01
      vertex   3.489677e+01 -2.600000e+01 3.847041e-01
      vertex   -3.478111e+01 -2.600000e+01 2.485375e-01
    endloop
  endfacet
  facet normal -0.000000e+00 1.000000e+00 0.000000e+00
    outer loop
      vertex   -3.478111e+01 -2.600000e+01 2.485375e-01
      vertex   3.489677e+01 -2.600000e+01 3.847041e-01
      vertex   3.468085e+01 -2.600000e+01 1.006639e-01
    endloop
  endfacet
  facet normal 0.000000e+00 1.000000e+00 0.000000e+00
    outer loop
      vertex   -3.478111e+01 -2.600000e+01 2.485375e-01
      vertex   3.468085e+01 -2.600000e+01 1.006639e-01
      vertex   -3.459716e+01 -2.600000e+01 -5.718298e-02
    endloop
  endfacet
  facet normal -0.000000e+00 1.000000e+00 0.000000e+00
    outer loop
      vertex   -3.459716e+01 -2.600000e+01 -5.718298e-02
      vertex   3.468085e+01 -2.600000e+01 1.006639e-01
      vertex   3.453104e+01 -2.600000e+01 -2.231525e-01
    endloop
  endfacet
  facet normal 0.000000e+00 1.000000e+00 0.000000e+00
    outer loop
      vertex   -3.459716e+01 -2.600000e+01 -5.718298e-02
      vertex   3.453104e+01 -2.600000e+01 -2.231525e-01
      vertex   -3.448324e+01 -2.600000e+01 -3.952988e-01
    endloop
  endfacet
  facet normal -0.000000e+00 1.000000e+00 0.000000e+00
    outer loop
      vertex   -3.448324e+01 -2.600000e+01 -3.952988e-01
      vertex   3.453104e+01 -2.600000e+01 -2.231525e-01
      vertex   3.445434e+01 -2.600000e+01 -5.716036e-01
    endloop
  endfacet
  facet normal -2.152315e-15 1.000000e+00 -8.415843e-13
    outer loop
      vertex   -3.448324e+01 -2.600000e+01 -3.952988e-01
      vertex   3.445434e+01 -2.600000e+01 -5.716036e-01
      vertex   -3.444466e+01 -2.600000e+01 -7.500000e-01
    endloop
  endfacet
  facet normal -4.331383e-15 1.000000e+00 0.000000e+00
    outer loop
      vertex   -3.444466e+01 -2.600000e+01 -7.500000e-01
      vertex   3.445434e+01 -2.600000e+01 -5.716036e-01
      vertex   3.445434e+01 -2.600000e+01 -9.283964e-01
    endloop
  endfacet
  facet normal -2.152315e-15 1.000000e+00 8.415843e-13
    outer loop
      vertex   -3.444466e+01 -2.600000e+01 -7.500000e-01
      vertex   3.445434e+01 -2.600000e+01 -9.283964e-01
      vertex   -3.448324e+01 -2.600000e+01 -1.104701e+00
    endloop
  endfacet
  facet normal -0.000000e+00 1.000000e+00 0.000000e+00
    outer loop
      vertex   -3.448324e+01 -2.600000e+01 -1.104701e+00
      vertex   3.445434e+01 -2.600000e+01 -9.283964e-01
      vertex   3.453104e+01 -2.600000e+01 -1.276848e+00
    endloop
  endfacet
  facet normal 0.000000e+00 1.000000e+00 0.000000e+00
    outer loop
      vertex   -3.448324e+01 -2.600000e+01 -1.104701e+00
      vertex   3.453104e+01 -2.600000e+01 -1.276848e+00
      vertex   -3.459716e+01 -2.600000e+01 -1.442817e+00
    endloop
  endfacet
  facet normal -0.000000e+00 1.000000e+00 0.000000e+00
    outer loop
      vertex   -3.459716e+01 -2.600000e+01 -1.442817e+00
      vertex   3.453104e+01 -2.600000e+01 -1.276848e+00
      vertex   3.468085e+01 -2.600000e+01 -1.600664e+00
    endloop
  endfacet
  facet normal 0.000000e+00 1.000000e+00 0.000000e+00
    outer loop
      vertex   -3.459716e+01 -2.600000e+01 -1.442817e+00
      vertex   3.468085e+01 -2.600000e+01 -1.600664e+00
      vertex   -3.478111e+01 -2.600000e+01 -1.748537e+00
    endloop
  endfacet
  facet normal -0.000000e+00 1.000000e+00 0.000000e+00
    outer loop
      vertex   -3.478111e+01 -2.600000e+01 -1.748537e+00
      vertex   3.468085e+01 -2.600000e+01 -1.600664e+00
      vertex   3.489677e+01 -2.600000e+01 -1.884704e+00
    endloop
  endfacet
  facet normal 0.000000e+00 1.000000e+00 0.000000e+00
    outer loop
      vertex   -3.478111e+01 -2.600000e+01 -1.748537e+00
      vertex   3.489677e+01 -2.600000e+01 -1.884704e+00
      vertex   -3.502648e+01 -2.600000e+01 -2.007567e+00
    endloop
  endfacet
  facet normal -0.000000e+00 1.000000e+00 0.000000e+00
    outer loop
      vertex   -3.502648e+01 -2.600000e+01 -2.007567e+00
      vertex   3.489677e+01 -2.600000e+01 -1.884704e+00
      vertex   3.516870e+01 -2.600000e+01 -2.115687e+00
    endloop
  endfacet
  facet normal 0.000000e+00 1.000000e+00 0.000000e+00
    outer loop
      vertex   -3.502648e+01 -2.600000e+01 -2.007567e+00
      vertex   3.516870e+01 -2.600000e+01 -2.115687e+00
      vertex   -3.532179e+01 -2.600000e+01 -2.207795e+00
    endloop
  endfacet
  facet normal -0.000000e+00 1.000000e+00 0.000000e+00
    outer loop
      vertex   -3.532179e+01 -2.600000e+01 -2.207795e+00
      vertex   3.516870e+01 -2.600000e+01 -2.115687e+00
      vertex   3.548394e+01 -2.600000e+01 -2.282812e+00
    endloop
  endfacet
  facet normal 0.000000e+00 1.000000e+00 0.000000e+00
    outer loop
      vertex   -3.532179e+01 -2.600000e+01 -2.207795e+00
      vertex   3.548394e+01 -2.600000e+01 -2.282812e+00
      vertex   -3.565324e+01 -2.600000e+01 -2.339857e+00
    endloop
  endfacet
  facet normal -0.000000e+00 1.000000e+00 0.000000e+00
    outer loop
      vertex   -3.565324e+01 -2.600000e+01 -2.339857e+00
      vertex   3.548394e+01 -2.600000e+01 -2.282812e+00
      vertex   3.582772e+01 -2.600000e+01 -2.378264e+00
    endloop
  endfacet
  facet normal 0.000000e+00 0.000000e+00 1.000000e+00
    outer loop
      vertex   4.336900e+01 -2.799352e+01 4.100000e+00
      vertex   -4.336900e+01 -2.799352e+01 4.100000e+00
      vertex   4.356897e+01 -2.899281e+01 4.100000e+00
    endloop
  endfacet
  facet normal 0.000000e+00 0.000000e+00 1.000000e+00
    outer loop
      vertex   4.356897e+01 -2.899281e+01 4.100000e+00
      vertex   -4.336900e+01 -2.799352e+01 4.100000e+00
      vertex   -4.356897e+01 -2.899281e+01 4.100000e+00
    endloop
  endfacet
  facet normal 0.000000e+00 0.000000e+00 1.000000e+00
    outer loop
      vertex   4.356897e+01 -2.899281e+01 4.100000e+00
      vertex   -4.356897e+01 -2.899281e+01 4.100000e+00
      vertex   4.360219e+01 -2.916191e+01 4.100000e+00
    endloop
  endfacet
  facet normal 0.000000e+00 0.000000e+00 1.000000e+00
    outer loop
      vertex   4.360219e+01 -2.916191e+01 4.100000e+00
      vertex   -4.356897e+01 -2.899281e+01 4.100000e+00
      vertex   -4.360219e+01 -2.916191e+01 4.100000e+00
    endloop
  endfacet
  facet normal 0.000000e+00 0.000000e+00 1.000000e+00
    outer loop
      vertex   4.360219e+01 -2.916191e+01 4.100000e+00
      vertex   -4.360219e+01 -2.916191e+01 4.100000e+00
      vertex   4.363561e+01 -2.933097e+01 4.100000e+00
    endloop
  endfacet
  facet normal 0.000000e+00 0.000000e+00 1.000000e+00
    outer loop
      vertex   4.363561e+01 -2.933097e+01 4.100000e+00
      vertex   -4.360219e+01 -2.916191e+01 4.100000e+00
      vertex   -4.363561e+01 -2.933097e+01 4.100000e+00
    endloop
  endfacet
  facet normal 0.000000e+00 0.000000e+00 1.000000e+00
    outer loop
      vertex   4.363561e+01 -2.933097e+01 4.100000e+00
      vertex   -4.363561e+01 -2.933097e+01 4.100000e+00
      vertex   4.366922e+01 -2.950000e+01 4.100000e+00
    endloop
  endfacet
  facet normal 0.000000e+00 0.000000e+00 1.000000e+00
    outer loop
      vertex   4.366922e+01 -2.950000e+01 4.100000e+00
      vertex   -4.363561e+01 -2.933097e+01 4.100000e+00
      vertex   -4.366922e+01 -2.950000e+01 4.100000e+00
    endloop
  endfacet
  facet normal -0.000000e+00 0.000000e+00 1.000000e+00
    outer loop
      vertex   -4.336900e+01 -2.799352e+01 4.100000e+00
      vertex   4.336900e+01 -2.799352e+01 4.100000e+00
      vertex   -4.316090e+01 -2.699590e+01 4.100000e+00
    endloop
  endfacet
  facet normal 0.000000e+00 0.000000e+00 1.000000e+00
    outer loop
      vertex   -4.316090e+01 -2.699590e+01 4.100000e+00
      vertex   4.336900e+01 -2.799352e+01 4.100000e+00
      vertex   4.316090e+01 -2.699590e+01 4.100000e+00
    endloop
  endfacet
  facet normal -0.000000e+00 0.000000e+00 1.000000e+00
    outer loop
      vertex   -4.316090e+01 -2.699590e+01 4.100000e+00
      vertex   4.316090e+01 -2.699590e+01 4.100000e+00
      vertex   -4.294466e+01 -2.600000e+01 4.100000e+00
    endloop
  endfacet
  facet normal -0.000000e+00 0.000000e+00 1.000000e+00
    outer loop
      vertex   -4.294466e+01 -2.600000e+01 4.100000e+00
      vertex   4.316090e+01 -2.699590e+01 4.100000e+00
      vertex   4.294466e+01 -2.600000e+01 4.100000e+00
    endloop
  endfacet
  facet normal 9.951845e-01 -9.801711e-02 -7.265921e-04
    outer loop
      vertex   1.294236e+01 1.124147e+02 3.300000e+01
      vertex   1.292478e+01 1.123324e+02 2.003333e+01
      vertex   1.300000e+01 1.130000e+02 3.300000e+01
    endloop
  endfacet
  facet normal 9.937122e-01 -1.119645e-01 0.000000e+00
    outer loop
      vertex   1.300000e+01 1.130000e+02 3.300000e+01
      vertex   1.292478e+01 1.123324e+02 2.003333e+01
      vertex   1.292478e+01 1.123324e+02 7.066667e+00
    endloop
  endfacet
  facet normal 9.913200e-01 -1.314703e-01 5.090473e-04
    outer loop
      vertex   1.300000e+01 1.130000e+02 3.300000e+01
      vertex   1.292478e+01 1.123324e+02 7.066667e+00
      vertex   1.294236e+01 1.124147e+02 -5.900000e+00
    endloop
  endfacet
  facet normal 9.569402e-01 -2.902846e-01 -5.454449e-04
    outer loop
      vertex   1.294236e+01 1.124147e+02 -5.900000e+00
      vertex   1.292478e+01 1.123324e+02 7.066667e+00
      vertex   1.277164e+01 1.118519e+02 -5.900000e+00
    endloop
  endfacet
  facet normal 9.438828e-01 -3.302789e-01 1.090782e-03
    outer loop
      vertex   1.277164e+01 1.118519e+02 -5.900000e+00
      vertex   1.292478e+01 1.123324e+02 7.066667e+00
      vertex   1.270291e+01 1.116983e+02 7.066667e+00
    endloop
  endfacet
  facet normal 8.819209e-01 -4.713965e-01 -9.093132e-04
    outer loop
      vertex   1.277164e+01 1.118519e+02 -5.900000e+00
      vertex   1.270291e+01 1.116983e+02 7.066667e+00
      vertex   1.249441e+01 1.113333e+02 -5.900000e+00
    endloop
  endfacet
  facet normal 8.467234e-01 -5.320316e-01 1.363745e-03
    outer loop
      vertex   1.249441e+01 1.113333e+02 -5.900000e+00
      vertex   1.270291e+01 1.116983e+02 7.066667e+00
      vertex   1.234549e+01 1.111295e+02 7.066667e+00
    endloop
  endfacet
  facet normal 7.730100e-01 -6.343929e-01 -1.091319e-03
    outer loop
      vertex   1.249441e+01 1.113333e+02 -5.900000e+00
      vertex   1.234549e+01 1.111295e+02 7.066667e+00
      vertex   1.212132e+01 1.108787e+02 -5.900000e+00
    endloop
  endfacet
  facet normal 7.071060e-01 -7.071060e-01 1.454757e-03
    outer loop
      vertex   1.212132e+01 1.108787e+02 -5.900000e+00
      vertex   1.234549e+01 1.111295e+02 7.066667e+00
      vertex   1.187047e+01 1.106545e+02 7.066667e+00
    endloop
  endfacet
  facet normal 6.343929e-01 -7.730100e-01 -1.091319e-03
    outer loop
      vertex   1.212132e+01 1.108787e+02 -5.900000e+00
      vertex   1.187047e+01 1.106545e+02 7.066667e+00
      vertex   1.166671e+01 1.105056e+02 -5.900000e+00
    endloop
  endfacet
  facet normal 5.320316e-01 -8.467234e-01 1.363745e-03
    outer loop
      vertex   1.166671e+01 1.105056e+02 -5.900000e+00
      vertex   1.187047e+01 1.106545e+02 7.066667e+00
      vertex   1.130165e+01 1.102971e+02 7.066667e+00
    endloop
  endfacet
  facet normal 4.713965e-01 -8.819209e-01 -9.093132e-04
    outer loop
      vertex   1.166671e+01 1.105056e+02 -5.900000e+00
      vertex   1.130165e+01 1.102971e+02 7.066667e+00
      vertex   1.114805e+01 1.102284e+02 -5.900000e+00
    endloop
  endfacet
  facet normal 3.302789e-01 -9.438828e-01 1.090782e-03
    outer loop
      vertex   1.114805e+01 1.102284e+02 -5.900000e+00
      vertex   1.130165e+01 1.102971e+02 7.066667e+00
      vertex   1.066756e+01 1.100752e+02 7.066667e+00
    endloop
  endfacet
  facet normal 2.902846e-01 -9.569402e-01 -5.454449e-04
    outer loop
      vertex   1.114805e+01 1.102284e+02 -5.900000e+00
      vertex   1.066756e+01 1.100752e+02 7.066667e+00
      vertex   1.058527e+01 1.100576e+02 -5.900000e+00
    endloop
  endfacet
  facet normal 9.801711e-02 -9.951845e-01 7.265921e-04
    outer loop
      vertex   1.058527e+01 1.100576e+02 -5.900000e+00
      vertex   1.066756e+01 1.100752e+02 7.066667e+00
      vertex   1.000000e+01 1.100000e+02 -5.900000e+00
    endloop
  endfacet
  facet normal 1.119645e-01 -9.937122e-01 0.000000e+00
    outer loop
      vertex   1.000000e+01 1.100000e+02 -5.900000e+00
      vertex   1.066756e+01 1.100752e+02 7.066667e+00
      vertex   1.066756e+01 1.100752e+02 2.003333e+01
    endloop
  endfacet
  facet normal 1.314703e-01 -9.913200e-01 -5.090473e-04
    outer loop
      vertex   1.000000e+01 1.100000e+02 -5.900000e+00
      vertex   1.066756e+01 1.100752e+02 2.003333e+01
      vertex   1.058527e+01 1.100576e+02 3.300000e+01
    endloop
  endfacet
  facet normal 2.902846e-01 -9.569402e-01 5.454449e-04
    outer loop
      vertex   1.058527e+01 1.100576e+02 3.300000e+01
      vertex   1.066756e+01 1.100752e+02 2.003333e+01
      vertex   1.114805e+01 1.102284e+02 3.300000e+01
    endloop
  endfacet
  facet normal 3.302789e-01 -9.438828e-01 -1.090782e-03
    outer loop
      vertex   1.114805e+01 1.102284e+02 3.300000e+01
      vertex   1.066756e+01 1.100752e+02 2.003333e+01
      vertex   1.130165e+01 1.102971e+02 2.003333e+01
    endloop
  endfacet
  facet normal 4.713965e-01 -8.819209e-01 9.093132e-04
    outer loop
      vertex   1.114805e+01 1.102284e+02 3.300000e+01
      vertex   1.130165e+01 1.102971e+02 2.003333e+01
      vertex   1.166671e+01 1.105056e+02 3.300000e+01
    endloop
  endfacet
  facet normal 5.320316e-01 -8.467234e-01 -1.363745e-03
    outer loop
      vertex   1.166671e+01 1.105056e+02 3.300000e+01
      vertex   1.130165e+01 1.102971e+02 2.003333e+01
      vertex   1.187047e+01 1.106545e+02 2.003333e+01
    endloop
  endfacet
  facet normal 6.343929e-01 -7.730100e-01 1.091319e-03
    outer loop
      vertex   1.166671e+01 1.105056e+02 3.300000e+01
      vertex   1.187047e+01 1.106545e+02 2.003333e+01
      vertex   1.212132e+01 1.108787e+02 3.300000e+01
    endloop
  endfacet
  facet normal 7.071060e-01 -7.071060e-01 -1.454757e-03
    outer loop
      vertex   1.212132e+01 1.108787e+02 3.300000e+01
      vertex   1.187047e+01 1.106545e+02 2.003333e+01
      vertex   1.234549e+01 1.111295e+02 2.003333e+01
    endloop
  endfacet
  facet normal 7.730100e-01 -6.343929e-01 1.091319e-03
    outer loop
      vertex   1.212132e+01 1.108787e+02 3.300000e+01
      vertex   1.234549e+01 1.111295e+02 2.003333e+01
      vertex   1.249441e+01 1.113333e+02 3.300000e+01
    endloop
  endfacet
  facet normal 8.467234e-01 -5.320316e-01 -1.363745e-03
    outer loop
      vertex   1.249441e+01 1.113333e+02 3.300000e+01
      vertex   1.234549e+01 1.111295e+02 2.003333e+01
      vertex   1.270291e+01 1.116983e+02 2.003333e+01
    endloop
  endfacet
  facet normal 8.819209e-01 -4.713965e-01 9.093132e-04
    outer loop
      vertex   1.249441e+01 1.113333e+02 3.300000e+01
      vertex   1.270291e+01 1.116983e+02 2.003333e+01
      vertex   1.277164e+01 1.118519e+02 3.300000e+01
    endloop
  endfacet
  facet normal 9.438828e-01 -3.302789e-01 -1.090782e-03
    outer loop
      vertex   1.277164e+01 1.118519e+02 3.300000e+01
      vertex   1.270291e+01 1.116983e+02 2.003333e+01
      vertex   1.292478e+01 1.123324e+02 2.003333e+01
    endloop
  endfacet
  facet normal 9.569402e-01 -2.902846e-01 5.454449e-04
    outer loop
      vertex   1.277164e+01 1.118519e+02 3.300000e+01
      vertex   1.292478e+01 1.123324e+02 2.003333e+01
      vertex   1.294236e+01 1.124147e+02 3.300000e+01
    endloop
  endfacet
  facet normal 9.801714e-02 -9.951847e-01 3.636692e-16
    outer loop
      vertex   1.058527e+01 1.100576e+02 3.300000e+01
      vertex   1.000000e+01 1.100000e+02 3.300000e+01
      vertex   1.000000e+01 1.100000e+02 -5.900000e+00
    endloop
  endfacet
  facet normal 9.951847e-01 -9.801714e-02 1.364897e-16
    outer loop
      vertex   1.294236e+01 1.124147e+02 -5.900000e+00
      vertex   1.300000e+01 1.130000e+02 -5.900000e+00
      vertex   1.300000e+01 1.130000e+02 3.300000e+01
    endloop
  endfacet
  facet normal 9.438833e-01 -3.302791e-01 0.000000e+00
    outer loop
      vertex   1.270291e+01 1.116983e+02 7.066667e+00
      vertex   1.292478e+01 1.123324e+02 7.066667e+00
      vertex   1.292478e+01 1.123324e+02 2.003333e+01
    endloop
  endfacet
  facet normal 8.467242e-01 -5.320321e-01 0.000000e+00
    outer loop
      vertex   1.234549e+01 1.111295e+02 7.066667e+00
      vertex   1.270291e+01 1.116983e+02 7.066667e+00
      vertex   1.270291e+01 1.116983e+02 2.003333e+01
    endloop
  endfacet
  facet normal 9.438833e-01 -3.302791e-01 0.000000e+00
    outer loop
      vertex   1.270291e+01 1.116983e+02 2.003333e+01
      vertex   1.270291e+01 1.116983e+02 7.066667e+00
      vertex   1.292478e+01 1.123324e+02 2.003333e+01
    endloop
  endfacet
  facet normal 7.071068e-01 -7.071068e-01 0.000000e+00
    outer loop
      vertex   1.187047e+01 1.106545e+02 7.066667e+00
      vertex   1.234549e+01 1.111295e+02 7.066667e+00
      vertex   1.234549e+01 1.111295e+02 2.003333e+01
    endloop
  endfacet
  facet normal 8.467242e-01 -5.320321e-01 0.000000e+00
    outer loop
      vertex   1.234549e+01 1.111295e+02 2.003333e+01
      vertex   1.234549e+01 1.111295e+02 7.066667e+00
      vertex   1.270291e+01 1.116983e+02 2.003333e+01
    endloop
  endfacet
  facet normal 5.320321e-01 -8.467242e-01 0.000000e+00
    outer loop
      vertex   1.130165e+01 1.102971e+02 7.066667e+00
      vertex   1.187047e+01 1.106545e+02 7.066667e+00
      vertex   1.187047e+01 1.106545e+02 2.003333e+01
    endloop
  endfacet
  facet normal 7.071068e-01 -7.071068e-01 0.000000e+00
    outer loop
      vertex   1.187047e+01 1.106545e+02 2.003333e+01
      vertex   1.187047e+01 1.106545e+02 7.066667e+00
      vertex   1.234549e+01 1.111295e+02 2.003333e+01
    endloop
  endfacet
  facet normal 3.302791e-01 -9.438833e-01 0.000000e+00
    outer loop
      vertex   1.066756e+01 1.100752e+02 7.066667e+00
      vertex   1.130165e+01 1.102971e+02 7.066667e+00
      vertex   1.130165e+01 1.102971e+02 2.003333e+01
    endloop
  endfacet
  facet normal 5.320321e-01 -8.467242e-01 0.000000e+00
    outer loop
      vertex   1.130165e+01 1.102971e+02 2.003333e+01
      vertex   1.130165e+01 1.102971e+02 7.066667e+00
      vertex   1.187047e+01 1.106545e+02 2.003333e+01
    endloop
  endfacet
  facet normal 3.302791e-01 -9.438833e-01 0.000000e+00
    outer loop
      vertex   1.066756e+01 1.100752e+02 2.003333e+01
      vertex   1.066756e+01 1.100752e+02 7.066667e+00
      vertex   1.130165e+01 1.102971e+02 2.003333e+01
    endloop
  endfacet
  facet normal -7.105427e-16 -1.000000e+00 3.653176e-16
    outer loop
      vertex   1.000000e+01 1.100000e+02 3.300000e+01
      vertex   -1.000000e+01 1.100000e+02 3.300000e+01
      vertex   1.000000e+01 1.100000e+02 -5.900000e+00
    endloop
  endfacet
  facet normal -1.421085e-15 -1.000000e+00 0.000000e+00
    outer loop
      vertex   1.000000e+01 1.100000e+02 -5.900000e+00
      vertex   -1.000000e+01 1.100000e+02 3.300000e+01
      vertex   -1.000000e+01 1.100000e+02 -5.900000e+00
    endloop
  endfacet
  facet normal 0.000000e+00 -0.000000e+00 1.000000e+00
    outer loop
      vertex   1.058527e+01 1.100576e+02 3.300000e+01
      vertex   1.114805e+01 1.102284e+02 3.300000e+01
      vertex   1.000000e+01 1.100000e+02 3.300000e+01
    endloop
  endfacet
  facet normal 0.000000e+00 0.000000e+00 1.000000e+00
    outer loop
      vertex   1.000000e+01 1.100000e+02 3.300000e+01
      vertex   1.114805e+01 1.102284e+02 3.300000e+01
      vertex   1.166671e+01 1.105056e+02 3.300000e+01
    endloop
  endfacet
  facet normal 0.000000e+00 0.000000e+00 1.000000e+00
    outer loop
      vertex   1.000000e+01 1.100000e+02 3.300000e+01
      vertex   1.166671e+01 1.105056e+02 3.300000e+01
      vertex   1.212132e+01 1.108787e+02 3.300000e+01
    endloop
  endfacet
  facet normal 0.000000e+00 -0.000000e+00 1.000000e+00
    outer loop
      vertex   1.000000e+01 1.100000e+02 3.300000e+01
      vertex   1.212132e+01 1.108787e+02 3.300000e+01
      vertex   2.850000e+00 1.121500e+02 3.300000e+01
    endloop
  endfacet
  facet normal 0.000000e+00 0.000000e+00 1.000000e+00
    outer loop
      vertex   2.850000e+00 1.121500e+02 3.300000e+01
      vertex   1.212132e+01 1.108787e+02 3.300000e+01
      vertex   1.249441e+01 1.113333e+02 3.300000e+01
    endloop
  endfacet
  facet normal 0.000000e+00 0.000000e+00 1.000000e+00
    outer loop
      vertex   2.850000e+00 1.121500e+02 3.300000e+01
      vertex   1.249441e+01 1.113333e+02 3.300000e+01
      vertex   1.277164e+01 1.118519e+02 3.300000e+01
    endloop
  endfacet
  facet normal 0.000000e+00 -0.000000e+00 1.000000e+00
    outer loop
      vertex   1.277164e+01 1.118519e+02 3.300000e+01
      vertex   1.294236e+01 1.124147e+02 3.300000e+01
      vertex   2.850000e+00 1.121500e+02 3.300000e+01
    endloop
  endfacet
  facet normal 0.000000e+00 0.000000e+00 1.000000e+00
    outer loop
      vertex   2.850000e+00 1.121500e+02 3.300000e+01
      vertex   1.294236e+01 1.124147e+02 3.300000e+01
      vertex   1.300000e+01 1.130000e+02 3.300000e+01
    endloop
  endfacet
  facet normal 0.000000e+00 0.000000e+00 1.000000e+00
    outer loop
      vertex   2.850000e+00 1.121500e+02 3.300000e+01
      vertex   1.300000e+01 1.130000e+02 3.300000e+01
      vertex   2.850000e+00 1.178500e+02 3.300000e+01
    endloop
  endfacet
  facet normal -0.000000e+00 0.000000e+00 1.000000e+00
    outer loop
      vertex   2.850000e+00 1.178500e+02 3.300000e+01
      vertex   1.300000e+01 1.130000e+02 3.300000e+01
      vertex   1.300000e+01 1.200000e+02 3.300000e+01
    endloop
  endfacet
  facet normal 0.000000e+00 -0.000000e+00 1.000000e+00
    outer loop
      vertex   2.850000e+00 1.178500e+02 3.300000e+01
      vertex   1.300000e+01 1.200000e+02 3.300000e+01
      vertex   -1.300000e+01 1.200000e+02 3.300000e+01
    endloop
  endfacet
  facet normal 0.000000e+00 0.000000e+00 1.000000e+00
    outer loop
      vertex   2.850000e+00 1.178500e+02 3.300000e+01
      vertex   -1.300000e+01 1.200000e+02 3.300000e+01
      vertex   -2.850000e+00 1.178500e+02 3.300000e+01
    endloop
  endfacet
  facet normal 0.000000e+00 0.000000e+00 1.000000e+00
    outer loop
      vertex   -2.850000e+00 1.178500e+02 3.300000e+01
      vertex   -1.300000e+01 1.200000e+02 3.300000e+01
      vertex   -1.300000e+01 1.130000e+02 3.300000e+01
    endloop
  endfacet
  facet normal 0.000000e+00 0.000000e+00 1.000000e+00
    outer loop
      vertex   -2.850000e+00 1.178500e+02 3.300000e+01
      vertex   -1.300000e+01 1.130000e+02 3.300000e+01
      vertex   -2.850000e+00 1.121500e+02 3.300000e+01
    endloop
  endfacet
  facet normal 0.000000e+00 0.000000e+00 1.000000e+00
    outer loop
      vertex   -2.850000e+00 1.121500e+02 3.300000e+01
      vertex   -1.300000e+01 1.130000e+02 3.300000e+01
      vertex   -1.294236e+01 1.124147e+02 3.300000e+01
    endloop
  endfacet
  facet normal 0.000000e+00 0.000000e+00 1.000000e+00
    outer loop
      vertex   -2.850000e+00 1.121500e+02 3.300000e+01
      vertex   -1.294236e+01 1.124147e+02 3.300000e+01
      vertex   -1.277164e+01 1.118519e+02 3.300000e+01
    endloop
  endfacet
  facet normal -0.000000e+00 0.000000e+00 1.000000e+00
    outer loop
      vertex   -1.277164e+01 1.118519e+02 3.300000e+01
      vertex   -1.249441e+01 1.113333e+02 3.300000e+01
      vertex   -2.850000e+00 1.121500e+02 3.300000e+01
    endloop
  endfacet
  facet normal 0.000000e+00 0.000000e+00 1.000000e+00
    outer loop
      vertex   -2.850000e+00 1.121500e+02 3.300000e+01
      vertex   -1.249441e+01 1.113333e+02 3.300000e+01
      vertex   -1.212132e+01 1.108787e+02 3.300000e+01
    endloop
  endfacet
  facet normal 0.000000e+00 0.000000e+00 1.000000e+00
    outer loop
      vertex   -2.850000e+00 1.121500e+02 3.300000e+01
      vertex   -1.212132e+01 1.108787e+02 3.300000e+01
      vertex   -1.000000e+01 1.100000e+02 3.300000e+01
    endloop
  endfacet
  facet normal 0.000000e+00 0.000000e+00 1.000000e+00
    outer loop
      vertex   -1.000000e+01 1.100000e+02 3.300000e+01
      vertex   -1.212132e+01 1.108787e+02 3.300000e+01
      vertex   -1.166671e+01 1.105056e+02 3.300000e+01
    endloop
  endfacet
  facet normal 0.000000e+00 0.000000e+00 1.000000e+00
    outer loop
      vertex   -1.000000e+01 1.100000e+02 3.300000e+01
      vertex   -1.166671e+01 1.105056e+02 3.300000e+01
      vertex   -1.114805e+01 1.102284e+02 3.300000e+01
    endloop
  endfacet
  facet normal 0.000000e+00 0.000000e+00 1.000000e+00
    outer loop
      vertex   -1.114805e+01 1.102284e+02 3.300000e+01
      vertex   -1.058527e+01 1.100576e+02 3.300000e+01
      vertex   -1.000000e+01 1.100000e+02 3.300000e+01
    endloop
  endfacet
  facet normal -0.000000e+00 0.000000e+00 1.000000e+00
    outer loop
      vertex   -1.000000e+01 1.100000e+02 3.300000e+01
      vertex   1.000000e+01 1.100000e+02 3.300000e+01
      vertex   -2.850000e+00 1.121500e+02 3.300000e+01
    endloop
  endfacet
  facet normal -0.000000e+00 0.000000e+00 1.000000e+00
    outer loop
      vertex   -2.850000e+00 1.121500e+02 3.300000e+01
      vertex   1.000000e+01 1.100000e+02 3.300000e+01
      vertex   2.850000e+00 1.121500e+02 3.300000e+01
    endloop
  endfacet
  facet normal -9.801711e-02 -9.951845e-01 -7.265921e-04
    outer loop
      vertex   -1.058527e+01 1.100576e+02 3.300000e+01
      vertex   -1.066756e+01 1.100752e+02 2.003333e+01
      vertex   -1.000000e+01 1.100000e+02 3.300000e+01
    endloop
  endfacet
  facet normal -1.119645e-01 -9.937122e-01 0.000000e+00
    outer loop
      vertex   -1.000000e+01 1.100000e+02 3.300000e+01
      vertex   -1.066756e+01 1.100752e+02 2.003333e+01
      vertex   -1.066756e+01 1.100752e+02 7.066667e+00
    endloop
  endfacet
  facet normal -1.314703e-01 -9.913200e-01 5.090473e-04
    outer loop
      vertex   -1.000000e+01 1.100000e+02 3.300000e+01
      vertex   -1.066756e+01 1.100752e+02 7.066667e+00
      vertex   -1.058527e+01 1.100576e+02 -5.900000e+00
    endloop
  endfacet
  facet normal -2.902846e-01 -9.569402e-01 -5.454449e-04
    outer loop
      vertex   -1.058527e+01 1.100576e+02 -5.900000e+00
      vertex   -1.066756e+01 1.100752e+02 7.066667e+00
      vertex   -1.114805e+01 1.102284e+02 -5.900000e+00
    endloop
  endfacet
  facet normal -3.302789e-01 -9.438828e-01 1.090782e-03
    outer loop
      vertex   -1.114805e+01 1.102284e+02 -5.900000e+00
      vertex   -1.066756e+01 1.100752e+02 7.066667e+00
      vertex   -1.130165e+01 1.102971e+02 7.066667e+00
    endloop
  endfacet
  facet normal -4.713965e-01 -8.819209e-01 -9.093132e-04
    outer loop
      vertex   -1.114805e+01 1.102284e+02 -5.900000e+00
      vertex   -1.130165e+01 1.102971e+02 7.066667e+00
      vertex   -1.166671e+01 1.105056e+02 -5.900000e+00
    endloop
  endfacet
  facet normal -5.320316e-01 -8.467234e-01 1.363745e-03
    outer loop
      vertex   -1.166671e+01 1.105056e+02 -5.900000e+00
      vertex   -1.130165e+01 1.102971e+02 7.066667e+00
      vertex   -1.187047e+01 1.106545e+02 7.066667e+00
    endloop
  endfacet
  facet normal -6.343929e-01 -7.730100e-01 -1.091319e-03
    outer loop
      vertex   -1.166671e+01 1.105056e+02 -5.900000e+00
      vertex   -1.187047e+01 1.106545e+02 7.066667e+00
      vertex   -1.212132e+01 1.108787e+02 -5.900000e+00
    endloop
  endfacet
  facet normal -7.071060e-01 -7.071060e-01 1.454757e-03
    outer loop
      vertex   -1.212132e+01 1.108787e+02 -5.900000e+00
      vertex   -1.187047e+01 1.106545e+02 7.066667e+00
      vertex   -1.234549e+01 1.111295e+02 7.066667e+00
    endloop
  endfacet
  facet normal -7.730100e-01 -6.343929e-01 -1.091319e-03
    outer loop
      vertex   -1.212132e+01 1.108787e+02 -5.900000e+00
      vertex   -1.234549e+01 1.111295e+02 7.066667e+00
      vertex   -1.249441e+01 1.113333e+02 -5.900000e+00
    endloop
  endfacet
  facet normal -8.467234e-01 -5.320316e-01 1.363745e-03
    outer loop
      vertex   -1.249441e+01 1.113333e+02 -5.900000e+00
      vertex   -1.234549e+01 1.111295e+02 7.066667e+00
      vertex   -1.270291e+01 1.116983e+02 7.066667e+00
    endloop
  endfacet
  facet normal -8.819209e-01 -4.713965e-01 -9.093132e-04
    outer loop
      vertex   -1.249441e+01 1.113333e+02 -5.900000e+00
      vertex   -1.270291e+01 1.116983e+02 7.066667e+00
      vertex   -1.277164e+01 1.118519e+02 -5.900000e+00
    endloop
  endfacet
  facet normal -9.438828e-01 -3.302789e-01 1.090782e-03
    outer loop
      vertex   -1.277164e+01 1.118519e+02 -5.900000e+00
      vertex   -1.270291e+01 1.116983e+02 7.066667e+00
      vertex   -1.292478e+01 1.123324e+02 7.066667e+00
    endloop
  endfacet
  facet normal -9.569402e-01 -2.902846e-01 -5.454449e-04
    outer loop
      vertex   -1.277164e+01 1.118519e+02 -5.900000e+00
      vertex   -1.292478e+01 1.123324e+02 7.066667e+00
      vertex   -1.294236e+01 1.124147e+02 -5.900000e+00
    endloop
  endfacet
  facet normal -9.951845e-01 -9.801711e-02 7.265921e-04
    outer loop
      vertex   -1.294236e+01 1.124147e+02 -5.900000e+00
      vertex   -1.292478e+01 1.123324e+02 7.066667e+00
      vertex   -1.300000e+01 1.130000e+02 -5.900000e+00
    endloop
  endfacet
  facet normal -9.937122e-01 -1.119645e-01 0.000000e+00
    outer loop
      vertex   -1.300000e+01 1.130000e+02 -5.900000e+00
      vertex   -1.292478e+01 1.123324e+02 7.066667e+00
      vertex   -1.292478e+01 1.123324e+02 2.003333e+01
    endloop
  endfacet
  facet normal -9.913200e-01 -1.314703e-01 -5.090473e-04
    outer loop
      vertex   -1.300000e+01 1.130000e+02 -5.900000e+00
      vertex   -1.292478e+01 1.123324e+02 2.003333e+01
      vertex   -1.294236e+01 1.124147e+02 3.300000e+01
    endloop
  endfacet
  facet normal -9.569402e-01 -2.902846e-01 5.454449e-04
    outer loop
      vertex   -1.294236e+01 1.124147e+02 3.300000e+01
      vertex   -1.292478e+01 1.123324e+02 2.003333e+01
      vertex   -1.277164e+01 1.118519e+02 3.300000e+01
    endloop
  endfacet
  facet normal -9.438828e-01 -3.302789e-01 -1.090782e-03
    outer loop
      vertex   -1.277164e+01 1.118519e+02 3.300000e+01
      vertex   -1.292478e+01 1.123324e+02 2.003333e+01
      vertex   -1.270291e+01 1.116983e+02 2.003333e+01
    endloop
  endfacet
  facet normal -8.819209e-01 -4.713965e-01 9.093132e-04
    outer loop
      vertex   -1.277164e+01 1.118519e+02 3.300000e+01
      vertex   -1.270291e+01 1.116983e+02 2.003333e+01
      vertex   -1.249441e+01 1.113333e+02 3.300000e+01
    endloop
  endfacet
  facet normal -8.467234e-01 -5.320316e-01 -1.363745e-03
    outer loop
      vertex   -1.249441e+01 1.113333e+02 3.300000e+01
      vertex   -1.270291e+01 1.116983e+02 2.003333e+01
      vertex   -1.234549e+01 1.111295e+02 2.003333e+01
    endloop
  endfacet
  facet normal -7.730100e-01 -6.343929e-01 1.091319e-03
    outer loop
      vertex   -1.249441e+01 1.113333e+02 3.300000e+01
      vertex   -1.234549e+01 1.111295e+02 2.003333e+01
      vertex   -1.212132e+01 1.108787e+02 3.300000e+01
    endloop
  endfacet
  facet normal -7.071060e-01 -7.071060e-01 -1.454757e-03
    outer loop
      vertex   -1.212132e+01 1.108787e+02 3.300000e+01
      vertex   -1.234549e+01 1.111295e+02 2.003333e+01
      vertex   -1.187047e+01 1.106545e+02 2.003333e+01
    endloop
  endfacet
  facet normal -6.343929e-01 -7.730100e-01 1.091319e-03
    outer loop
      vertex   -1.212132e+01 1.108787e+02 3.300000e+01
      vertex   -1.187047e+01 1.106545e+02 2.003333e+01
      vertex   -1.166671e+01 1.105056e+02 3.300000e+01
    endloop
  endfacet
  facet normal -5.320316e-01 -8.467234e-01 -1.363745e-03
    outer loop
      vertex   -1.166671e+01 1.105056e+02 3.300000e+01
      vertex   -1.187047e+01 1.106545e+02 2.003333e+01
      vertex   -1.130165e+01 1.102971e+02 2.003333e+01
    endloop
  endfacet
  facet normal -4.713965e-01 -8.819209e-01 9.093132e-04
    outer loop
      vertex   -1.166671e+01 1.105056e+02 3.300000e+01
      vertex   -1.130165e+01 1.102971e+02 2.003333e+01
      vertex   -1.114805e+01 1.102284e+02 3.300000e+01
    endloop
  endfacet
  facet normal -3.302789e-01 -9.438828e-01 -1.090782e-03
    outer loop
      vertex   -1.114805e+01 1.102284e+02 3.300000e+01
      vertex   -1.130165e+01 1.102971e+02 2.003333e+01
      vertex   -1.066756e+01 1.100752e+02 2.003333e+01
    endloop
  endfacet
  facet normal -2.902846e-01 -9.569402e-01 5.454449e-04
    outer loop
      vertex   -1.114805e+01 1.102284e+02 3.300000e+01
      vertex   -1.066756e+01 1.100752e+02 2.003333e+01
      vertex   -1.058527e+01 1.100576e+02 3.300000e+01
    endloop
  endfacet
  facet normal -9.951847e-01 -9.801714e-02 0.000000e+00
    outer loop
      vertex   -1.294236e+01 1.124147e+02 3.300000e+01
      vertex   -1.300000e+01 1.130000e+02 3.300000e+01
      vertex   -1.300000e+01 1.130000e+02 -5.900000e+00
    endloop
  endfacet
  facet normal -9.801714e-02 -9.951847e-01 0.000000e+00
    outer loop
      vertex   -1.058527e+01 1.100576e+02 -5.900000e+00
      vertex   -1.000000e+01 1.100000e+02 -5.900000e+00
      vertex   -1.000000e+01 1.100000e+02 3.300000e+01
    endloop
  endfacet
  facet normal -3.302791e-01 -9.438833e-01 0.000000e+00
    outer loop
      vertex   -1.130165e+01 1.102971e+02 7.066667e+00
      vertex   -1.066756e+01 1.100752e+02 7.066667e+00
      vertex   -1.066756e+01 1.100752e+02 2.003333e+01
    endloop
  endfacet
  facet normal -5.320321e-01 -8.467242e-01 0.000000e+00
    outer loop
      vertex   -1.187047e+01 1.106545e+02 7.066667e+00
      vertex   -1.130165e+01 1.102971e+02 7.066667e+00
      vertex   -1.130165e+01 1.102971e+02 2.003333e+01
    endloop
  endfacet
  facet normal -3.302791e-01 -9.438833e-01 -0.000000e+00
    outer loop
      vertex   -1.130165e+01 1.102971e+02 2.003333e+01
      vertex   -1.130165e+01 1.102971e+02 7.066667e+00
      vertex   -1.066756e+01 1.100752e+02 2.003333e+01
    endloop
  endfacet
  facet normal -7.071068e-01 -7.071068e-01 0.000000e+00
    outer loop
      vertex   -1.234549e+01 1.111295e+02 7.066667e+00
      vertex   -1.187047e+01 1.106545e+02 7.066667e+00
      vertex   -1.187047e+01 1.106545e+02 2.003333e+01
    endloop
  endfacet
  facet normal -5.320321e-01 -8.467242e-01 -0.000000e+00
    outer loop
      vertex   -1.187047e+01 1.106545e+02 2.003333e+01
      vertex   -1.187047e+01 1.106545e+02 7.066667e+00
      vertex   -1.130165e+01 1.102971e+02 2.003333e+01
    endloop
  endfacet
  facet normal -8.467242e-01 -5.320321e-01 0.000000e+00
    outer loop
      vertex   -1.270291e+01 1.116983e+02 7.066667e+00
      vertex   -1.234549e+01 1.111295e+02 7.066667e+00
      vertex   -1.234549e+01 1.111295e+02 2.003333e+01
    endloop
  endfacet
  facet normal -7.071068e-01 -7.071068e-01 -0.000000e+00
    outer loop
      vertex   -1.234549e+01 1.111295e+02 2.003333e+01
      vertex   -1.234549e+01 1.111295e+02 7.066667e+00
      vertex   -1.187047e+01 1.106545e+02 2.003333e+01
    endloop
  endfacet
  facet normal -9.438833e-01 -3.302791e-01 0.000000e+00
    outer loop
      vertex   -1.292478e+01 1.123324e+02 7.066667e+00
      vertex   -1.270291e+01 1.116983e+02 7.066667e+00
      vertex   -1.270291e+01 1.116983e+02 2.003333e+01
    endloop
  endfacet
  facet normal -8.467242e-01 -5.320321e-01 -0.000000e+00
    outer loop
      vertex   -1.270291e+01 1.116983e+02 2.003333e+01
      vertex   -1.270291e+01 1.116983e+02 7.066667e+00
      vertex   -1.234549e+01 1.111295e+02 2.003333e+01
    endloop
  endfacet
  facet normal -9.438833e-01 -3.302791e-01 -0.000000e+00
    outer loop
      vertex   -1.292478e+01 1.123324e+02 2.003333e+01
      vertex   -1.292478e+01 1.123324e+02 7.066667e+00
      vertex   -1.270291e+01 1.116983e+02 2.003333e+01
    endloop
  endfacet
  facet normal -1.000000e+00 -1.141944e-14 -0.000000e+00
    outer loop
      vertex   -1.300000e+01 1.130000e+02 3.300000e+01
      vertex   -1.300000e+01 1.200000e+02 3.300000e+01
      vertex   -1.300000e+01 1.130000e+02 -5.900000e+00
    endloop
  endfacet
  facet normal -1.000000e+00 -1.141944e-14 0.000000e+00
    outer loop
      vertex   -1.300000e+01 1.130000e+02 -5.900000e+00
      vertex   -1.300000e+01 1.200000e+02 3.300000e+01
      vertex   -1.300000e+01 1.200000e+02 -5.900000e+00
    endloop
  endfacet
  facet normal -9.941380e-01 -1.081190e-01 -0.000000e+00
    outer loop
      vertex   1.562593e+00 1.153440e+02 3.130000e+01
      vertex   1.562593e+00 1.153440e+02 3.000000e+01
      vertex   1.600000e+00 1.150000e+02 3.130000e+01
    endloop
  endfacet
  facet normal -9.941380e-01 -1.081190e-01 -0.000000e+00
    outer loop
      vertex   1.600000e+00 1.150000e+02 3.130000e+01
      vertex   1.562593e+00 1.153440e+02 3.000000e+01
      vertex   1.600000e+00 1.150000e+02 3.000000e+01
    endloop
  endfacet
  facet normal -9.941380e-01 1.081190e-01 0.000000e+00
    outer loop
      vertex   1.600000e+00 1.150000e+02 3.130000e+01
      vertex   1.600000e+00 1.150000e+02 3.000000e+01
      vertex   1.562593e+00 1.146560e+02 3.130000e+01
    endloop
  endfacet
  facet normal -9.941380e-01 1.081190e-01 0.000000e+00
    outer loop
      vertex   1.562593e+00 1.146560e+02 3.130000e+01
      vertex   1.600000e+00 1.150000e+02 3.000000e+01
      vertex   1.562593e+00 1.146560e+02 3.000000e+01
    endloop
  endfacet
  facet normal -9.476532e-01 3.193015e-01 0.000000e+00
    outer loop
      vertex   1.562593e+00 1.146560e+02 3.130000e+01
      vertex   1.562593e+00 1.146560e+02 3.000000e+01
      vertex   1.452121e+00 1.143282e+02 3.130000e+01
    endloop
  endfacet
  facet normal -9.476532e-01 3.193015e-01 0.000000e+00
    outer loop
      vertex   1.452121e+00 1.143282e+02 3.130000e+01
      vertex   1.562593e+00 1.146560e+02 3.000000e+01
      vertex   1.452121e+00 1.143282e+02 3.000000e+01
    endloop
  endfacet
  facet normal -8.568572e-01 5.155539e-01 0.000000e+00
    outer loop
      vertex   1.452121e+00 1.143282e+02 3.130000e+01
      vertex   1.452121e+00 1.143282e+02 3.000000e+01
      vertex   1.273749e+00 1.140317e+02 3.130000e+01
    endloop
  endfacet
  facet normal -8.568572e-01 5.155539e-01 4.390627e-16
    outer loop
      vertex   1.273749e+00 1.140317e+02 3.130000e+01
      vertex   1.452121e+00 1.143282e+02 3.000000e+01
      vertex   1.273749e+00 1.140317e+02 3.000000e+01
    endloop
  endfacet
  facet normal -7.259955e-01 6.876995e-01 3.720078e-16
    outer loop
      vertex   1.273749e+00 1.140317e+02 3.130000e+01
      vertex   1.273749e+00 1.140317e+02 3.000000e+01
      vertex   1.035818e+00 1.137805e+02 3.130000e+01
    endloop
  endfacet
  facet normal -7.259955e-01 6.876995e-01 3.720078e-16
    outer loop
      vertex   1.035818e+00 1.137805e+02 3.130000e+01
      vertex   1.273749e+00 1.140317e+02 3.000000e+01
      vertex   1.035818e+00 1.137805e+02 3.000000e+01
    endloop
  endfacet
  facet normal -5.611871e-01 8.276890e-01 2.875582e-16
    outer loop
      vertex   1.035818e+00 1.137805e+02 3.130000e+01
      vertex   1.035818e+00 1.137805e+02 3.000000e+01
      vertex   7.494535e-01 1.135864e+02 3.130000e+01
    endloop
  endfacet
  facet normal -5.611871e-01 8.276890e-01 2.875582e-16
    outer loop
      vertex   7.494535e-01 1.135864e+02 3.130000e+01
      vertex   1.035818e+00 1.137805e+02 3.000000e+01
      vertex   7.494535e-01 1.135864e+02 3.000000e+01
    endloop
  endfacet
  facet normal -3.701382e-01 9.289767e-01 1.896627e-16
    outer loop
      vertex   7.494535e-01 1.135864e+02 3.130000e+01
      vertex   7.494535e-01 1.135864e+02 3.000000e+01
      vertex   4.280453e-01 1.134583e+02 3.130000e+01
    endloop
  endfacet
  facet normal -3.701382e-01 9.289767e-01 2.054680e-16
    outer loop
      vertex   4.280453e-01 1.134583e+02 3.130000e+01
      vertex   7.494535e-01 1.135864e+02 3.000000e+01
      vertex   4.280453e-01 1.134583e+02 3.000000e+01
    endloop
  endfacet
  facet normal -1.617820e-01 9.868265e-01 8.980705e-17
    outer loop
      vertex   4.280453e-01 1.134583e+02 3.130000e+01
      vertex   4.280453e-01 1.134583e+02 3.000000e+01
      vertex   8.662225e-02 1.134023e+02 3.130000e+01
    endloop
  endfacet
  facet normal -1.617820e-01 9.868265e-01 4.663058e-17
    outer loop
      vertex   8.662225e-02 1.134023e+02 3.130000e+01
      vertex   4.280453e-01 1.134583e+02 3.000000e+01
      vertex   8.662225e-02 1.134023e+02 3.000000e+01
    endloop
  endfacet
  facet normal 5.413891e-02 9.985334e-01 -1.560451e-17
    outer loop
      vertex   8.662225e-02 1.134023e+02 3.130000e+01
      vertex   8.662225e-02 1.134023e+02 3.000000e+01
      vertex   -2.588512e-01 1.134211e+02 3.130000e+01
    endloop
  endfacet
  facet normal 5.413891e-02 9.985334e-01 -1.387068e-17
    outer loop
      vertex   -2.588512e-01 1.134211e+02 3.130000e+01
      vertex   8.662225e-02 1.134023e+02 3.000000e+01
      vertex   -2.588512e-01 1.134211e+02 3.000000e+01
    endloop
  endfacet
  facet normal 2.675283e-01 9.635500e-01 -6.854218e-17
    outer loop
      vertex   -2.588512e-01 1.134211e+02 3.130000e+01
      vertex   -2.588512e-01 1.134211e+02 3.000000e+01
      vertex   -5.922210e-01 1.135136e+02 3.130000e+01
    endloop
  endfacet
  facet normal 2.675283e-01 9.635500e-01 -6.854218e-17
    outer loop
      vertex   -5.922210e-01 1.135136e+02 3.130000e+01
      vertex   -2.588512e-01 1.134211e+02 3.000000e+01
      vertex   -5.922210e-01 1.135136e+02 3.000000e+01
    endloop
  endfacet
  facet normal 4.684084e-01 8.835120e-01 -1.200087e-16
    outer loop
      vertex   -5.922210e-01 1.135136e+02 3.130000e+01
      vertex   -5.922210e-01 1.135136e+02 3.000000e+01
      vertex   -8.978993e-01 1.136757e+02 3.130000e+01
    endloop
  endfacet
  facet normal 4.684084e-01 8.835120e-01 0.000000e+00
    outer loop
      vertex   -8.978993e-01 1.136757e+02 3.130000e+01
      vertex   -5.922210e-01 1.135136e+02 3.000000e+01
      vertex   -8.978993e-01 1.136757e+02 3.000000e+01
    endloop
  endfacet
  facet normal 6.473863e-01 7.621621e-01 0.000000e+00
    outer loop
      vertex   -8.978993e-01 1.136757e+02 3.130000e+01
      vertex   -8.978993e-01 1.136757e+02 3.000000e+01
      vertex   -1.161593e+00 1.138997e+02 3.130000e+01
    endloop
  endfacet
  facet normal 6.473863e-01 7.621621e-01 -2.211517e-16
    outer loop
      vertex   -1.161593e+00 1.138997e+02 3.130000e+01
      vertex   -8.978993e-01 1.136757e+02 3.000000e+01
      vertex   -1.161593e+00 1.138997e+02 3.000000e+01
    endloop
  endfacet
  facet normal 7.960931e-01 6.051742e-01 -2.719510e-16
    outer loop
      vertex   -1.161593e+00 1.138997e+02 3.130000e+01
      vertex   -1.161593e+00 1.138997e+02 3.000000e+01
      vertex   -1.370971e+00 1.141751e+02 3.130000e+01
    endloop
  endfacet
  facet normal 7.960931e-01 6.051742e-01 -2.719510e-16
    outer loop
      vertex   -1.370971e+00 1.141751e+02 3.130000e+01
      vertex   -1.161593e+00 1.138997e+02 3.000000e+01
      vertex   -1.370971e+00 1.141751e+02 3.000000e+01
    endloop
  endfacet
  facet normal 9.075754e-01 4.198891e-01 -3.100342e-16
    outer loop
      vertex   -1.370971e+00 1.141751e+02 3.130000e+01
      vertex   -1.370971e+00 1.141751e+02 3.000000e+01
      vertex   -1.516245e+00 1.144891e+02 3.130000e+01
    endloop
  endfacet
  facet normal 9.075754e-01 4.198891e-01 -3.100342e-16
    outer loop
      vertex   -1.516245e+00 1.144891e+02 3.130000e+01
      vertex   -1.370971e+00 1.141751e+02 3.000000e+01
      vertex   -1.516245e+00 1.144891e+02 3.000000e+01
    endloop
  endfacet
  facet normal 9.766206e-01 2.149704e-01 -3.336205e-16
    outer loop
      vertex   -1.516245e+00 1.144891e+02 3.130000e+01
      vertex   -1.516245e+00 1.144891e+02 3.000000e+01
      vertex   -1.590621e+00 1.148270e+02 3.130000e+01
    endloop
  endfacet
  facet normal 9.766206e-01 2.149704e-01 0.000000e+00
    outer loop
      vertex   -1.590621e+00 1.148270e+02 3.130000e+01
      vertex   -1.516245e+00 1.144891e+02 3.000000e+01
      vertex   -1.590621e+00 1.148270e+02 3.000000e+01
    endloop
  endfacet
  facet normal 1.000000e+00 -0.000000e+00 0.000000e+00
    outer loop
      vertex   -1.590621e+00 1.148270e+02 3.130000e+01
      vertex   -1.590621e+00 1.148270e+02 3.000000e+01
      vertex   -1.590621e+00 1.151730e+02 3.130000e+01
    endloop
  endfacet
  facet normal 1.000000e+00 0.000000e+00 0.000000e+00
    outer loop
      vertex   -1.590621e+00 1.151730e+02 3.130000e+01
      vertex   -1.590621e+00 1.148270e+02 3.000000e+01
      vertex   -1.590621e+00 1.151730e+02 3.000000e+01
    endloop
  endfacet
  facet normal 9.766206e-01 -2.149704e-01 0.000000e+00
    outer loop
      vertex   -1.590621e+00 1.151730e+02 3.130000e+01
      vertex   -1.590621e+00 1.151730e+02 3.000000e+01
      vertex   -1.516245e+00 1.155109e+02 3.130000e+01
    endloop
  endfacet
  facet normal 9.766206e-01 -2.149704e-01 3.336205e-16
    outer loop
      vertex   -1.516245e+00 1.155109e+02 3.130000e+01
      vertex   -1.590621e+00 1.151730e+02 3.000000e+01
      vertex   -1.516245e+00 1.155109e+02 3.000000e+01
    endloop
  endfacet
  facet normal 9.075754e-01 -4.198891e-01 3.100342e-16
    outer loop
      vertex   -1.516245e+00 1.155109e+02 3.130000e+01
      vertex   -1.516245e+00 1.155109e+02 3.000000e+01
      vertex   -1.370971e+00 1.158249e+02 3.130000e+01
    endloop
  endfacet
  facet normal 9.075754e-01 -4.198891e-01 3.100342e-16
    outer loop
      vertex   -1.370971e+00 1.158249e+02 3.130000e+01
      vertex   -1.516245e+00 1.155109e+02 3.000000e+01
      vertex   -1.370971e+00 1.158249e+02 3.000000e+01
    endloop
  endfacet
  facet normal 7.960931e-01 -6.051742e-01 2.719510e-16
    outer loop
      vertex   -1.370971e+00 1.158249e+02 3.130000e+01
      vertex   -1.370971e+00 1.158249e+02 3.000000e+01
      vertex   -1.161593e+00 1.161003e+02 3.130000e+01
    endloop
  endfacet
  facet normal 7.960931e-01 -6.051742e-01 2.719510e-16
    outer loop
      vertex   -1.161593e+00 1.161003e+02 3.130000e+01
      vertex   -1.370971e+00 1.158249e+02 3.000000e+01
      vertex   -1.161593e+00 1.161003e+02 3.000000e+01
    endloop
  endfacet
  facet normal 6.473863e-01 -7.621621e-01 2.211517e-16
    outer loop
      vertex   -1.161593e+00 1.161003e+02 3.130000e+01
      vertex   -1.161593e+00 1.161003e+02 3.000000e+01
      vertex   -8.978993e-01 1.163243e+02 3.130000e+01
    endloop
  endfacet
  facet normal 6.473863e-01 -7.621621e-01 0.000000e+00
    outer loop
      vertex   -8.978993e-01 1.163243e+02 3.130000e+01
      vertex   -1.161593e+00 1.161003e+02 3.000000e+01
      vertex   -8.978993e-01 1.163243e+02 3.000000e+01
    endloop
  endfacet
  facet normal 4.684084e-01 -8.835120e-01 0.000000e+00
    outer loop
      vertex   -8.978993e-01 1.163243e+02 3.130000e+01
      vertex   -8.978993e-01 1.163243e+02 3.000000e+01
      vertex   -5.922210e-01 1.164864e+02 3.130000e+01
    endloop
  endfacet
  facet normal 4.684084e-01 -8.835120e-01 1.200087e-16
    outer loop
      vertex   -5.922210e-01 1.164864e+02 3.130000e+01
      vertex   -8.978993e-01 1.163243e+02 3.000000e+01
      vertex   -5.922210e-01 1.164864e+02 3.000000e+01
    endloop
  endfacet
  facet normal 2.675283e-01 -9.635500e-01 6.854218e-17
    outer loop
      vertex   -5.922210e-01 1.164864e+02 3.130000e+01
      vertex   -5.922210e-01 1.164864e+02 3.000000e+01
      vertex   -2.588512e-01 1.165789e+02 3.130000e+01
    endloop
  endfacet
  facet normal 2.675283e-01 -9.635500e-01 6.854218e-17
    outer loop
      vertex   -2.588512e-01 1.165789e+02 3.130000e+01
      vertex   -5.922210e-01 1.164864e+02 3.000000e+01
      vertex   -2.588512e-01 1.165789e+02 3.000000e+01
    endloop
  endfacet
  facet normal 5.413891e-02 -9.985334e-01 1.387068e-17
    outer loop
      vertex   -2.588512e-01 1.165789e+02 3.130000e+01
      vertex   -2.588512e-01 1.165789e+02 3.000000e+01
      vertex   8.662225e-02 1.165977e+02 3.130000e+01
    endloop
  endfacet
  facet normal 5.413891e-02 -9.985334e-01 1.560451e-17
    outer loop
      vertex   8.662225e-02 1.165977e+02 3.130000e+01
      vertex   -2.588512e-01 1.165789e+02 3.000000e+01
      vertex   8.662225e-02 1.165977e+02 3.000000e+01
    endloop
  endfacet
  facet normal -1.617820e-01 -9.868265e-01 -4.663058e-17
    outer loop
      vertex   8.662225e-02 1.165977e+02 3.130000e+01
      vertex   8.662225e-02 1.165977e+02 3.000000e+01
      vertex   4.280453e-01 1.165417e+02 3.130000e+01
    endloop
  endfacet
  facet normal -1.617820e-01 -9.868265e-01 -8.980705e-17
    outer loop
      vertex   4.280453e-01 1.165417e+02 3.130000e+01
      vertex   8.662225e-02 1.165977e+02 3.000000e+01
      vertex   4.280453e-01 1.165417e+02 3.000000e+01
    endloop
  endfacet
  facet normal -3.701382e-01 -9.289767e-01 -2.054680e-16
    outer loop
      vertex   4.280453e-01 1.165417e+02 3.130000e+01
      vertex   4.280453e-01 1.165417e+02 3.000000e+01
      vertex   7.494535e-01 1.164136e+02 3.130000e+01
    endloop
  endfacet
  facet normal -3.701382e-01 -9.289767e-01 -1.896627e-16
    outer loop
      vertex   7.494535e-01 1.164136e+02 3.130000e+01
      vertex   4.280453e-01 1.165417e+02 3.000000e+01
      vertex   7.494535e-01 1.164136e+02 3.000000e+01
    endloop
  endfacet
  facet normal -5.611871e-01 -8.276890e-01 -2.875582e-16
    outer loop
      vertex   7.494535e-01 1.164136e+02 3.130000e+01
      vertex   7.494535e-01 1.164136e+02 3.000000e+01
      vertex   1.035818e+00 1.162195e+02 3.130000e+01
    endloop
  endfacet
  facet normal -5.611871e-01 -8.276890e-01 -2.875582e-16
    outer loop
      vertex   1.035818e+00 1.162195e+02 3.130000e+01
      vertex   7.494535e-01 1.164136e+02 3.000000e+01
      vertex   1.035818e+00 1.162195e+02 3.000000e+01
    endloop
  endfacet
  facet normal -7.259955e-01 -6.876995e-01 -3.720078e-16
    outer loop
      vertex   1.035818e+00 1.162195e+02 3.130000e+01
      vertex   1.035818e+00 1.162195e+02 3.000000e+01
      vertex   1.273749e+00 1.159683e+02 3.130000e+01
    endloop
  endfacet
  facet normal -7.259955e-01 -6.876995e-01 -3.720078e-16
    outer loop
      vertex   1.273749e+00 1.159683e+02 3.130000e+01
      vertex   1.035818e+00 1.162195e+02 3.000000e+01
      vertex   1.273749e+00 1.159683e+02 3.000000e+01
    endloop
  endfacet
  facet normal -8.568572e-01 -5.155539e-01 -4.390627e-16
    outer loop
      vertex   1.273749e+00 1.159683e+02 3.130000e+01
      vertex   1.273749e+00 1.159683e+02 3.000000e+01
      vertex   1.452121e+00 1.156718e+02 3.130000e+01
    endloop
  endfacet
  facet normal -8.568572e-01 -5.155539e-01 -0.000000e+00
    outer loop
      vertex   1.452121e+00 1.156718e+02 3.130000e+01
      vertex   1.273749e+00 1.159683e+02 3.000000e+01
      vertex   1.452121e+00 1.156718e+02 3.000000e+01
    endloop
  endfacet
  facet normal -9.476532e-01 -3.193015e-01 -0.000000e+00
    outer loop
      vertex   1.452121e+00 1.156718e+02 3.130000e+01
      vertex   1.452121e+00 1.156718e+02 3.000000e+01
      vertex   1.562593e+00 1.153440e+02 3.130000e+01
    endloop
  endfacet
  facet normal -9.476532e-01 -3.193015e-01 -0.000000e+00
    outer loop
      vertex   1.562593e+00 1.153440e+02 3.130000e+01
      vertex   1.452121e+00 1.156718e+02 3.000000e+01
      vertex   1.562593e+00 1.153440e+02 3.000000e+01
    endloop
  endfacet
  facet normal 0.000000e+00 -0.000000e+00 1.000000e+00
    outer loop
      vertex   1.562593e+00 1.146560e+02 3.000000e+01
      vertex   1.600000e+00 1.150000e+02 3.000000e+01
      vertex   -8.978993e-01 1.163243e+02 3.000000e+01
    endloop
  endfacet
  facet normal 0.000000e+00 0.000000e+00 1.000000e+00
    outer loop
      vertex   -8.978993e-01 1.163243e+02 3.000000e+01
      vertex   1.600000e+00 1.150000e+02 3.000000e+01
      vertex   1.562593e+00 1.153440e+02 3.000000e+01
    endloop
  endfacet
  facet normal 0.000000e+00 0.000000e+00 1.000000e+00
    outer loop
      vertex   -8.978993e-01 1.163243e+02 3.000000e+01
      vertex   1.562593e+00 1.153440e+02 3.000000e+01
      vertex   1.452121e+00 1.156718e+02 3.000000e+01
    endloop
  endfacet
  facet normal 0.000000e+00 0.000000e+00 1.000000e+00
    outer loop
      vertex   1.452121e+00 1.156718e+02 3.000000e+01
      vertex   1.273749e+00 1.159683e+02 3.000000e+01
      vertex   -8.978993e-01 1.163243e+02 3.000000e+01
    endloop
  endfacet
  facet normal 0.000000e+00 0.000000e+00 1.000000e+00
    outer loop
      vertex   -8.978993e-01 1.163243e+02 3.000000e+01
      vertex   1.273749e+00 1.159683e+02 3.000000e+01
      vertex   1.035818e+00 1.162195e+02 3.000000e+01
    endloop
  endfacet
  facet normal -0.000000e+00 0.000000e+00 1.000000e+00
    outer loop
      vertex   -8.978993e-01 1.163243e+02 3.000000e+01
      vertex   1.035818e+00 1.162195e+02 3.000000e+01
      vertex   7.494535e-01 1.164136e+02 3.000000e+01
    endloop
  endfacet
  facet normal 0.000000e+00 0.000000e+00 1.000000e+00
    outer loop
      vertex   -8.978993e-01 1.163243e+02 3.000000e+01
      vertex   7.494535e-01 1.164136e+02 3.000000e+01
      vertex   -5.922210e-01 1.164864e+02 3.000000e+01
    endloop
  endfacet
  facet normal -0.000000e+00 0.000000e+00 1.000000e+00
    outer loop
      vertex   -5.922210e-01 1.164864e+02 3.000000e+01
      vertex   7.494535e-01 1.164136e+02 3.000000e+01
      vertex   4.280453e-01 1.165417e+02 3.000000e+01
    endloop
  endfacet
  facet normal 0.000000e+00 0.000000e+00 1.000000e+00
    outer loop
      vertex   -5.922210e-01 1.164864e+02 3.000000e+01
      vertex   4.280453e-01 1.165417e+02 3.000000e+01
      vertex   -2.588512e-01 1.165789e+02 3.000000e+01
    endloop
  endfacet
  facet normal -0.000000e+00 0.000000e+00 1.000000e+00
    outer loop
      vertex   -2.588512e-01 1.165789e+02 3.000000e+01
      vertex   4.280453e-01 1.165417e+02 3.000000e+01
      vertex   8.662225e-02 1.165977e+02 3.000000e+01
    endloop
  endfacet
  facet normal -0.000000e+00 0.000000e+00 1.000000e+00
    outer loop
      vertex   -1.161593e+00 1.161003e+02 3.000000e+01
      vertex   -8.978993e-01 1.136757e+02 3.000000e+01
      vertex   -8.978993e-01 1.163243e+02 3.000000e+01
    endloop
  endfacet
  facet normal 0.000000e+00 0.000000e+00 1.000000e+00
    outer loop
      vertex   -8.978993e-01 1.163243e+02 3.000000e+01
      vertex   -8.978993e-01 1.136757e+02 3.000000e+01
      vertex   -5.922210e-01 1.135136e+02 3.000000e+01
    endloop
  endfacet
  facet normal 0.000000e+00 0.000000e+00 1.000000e+00
    outer loop
      vertex   -8.978993e-01 1.163243e+02 3.000000e+01
      vertex   -5.922210e-01 1.135136e+02 3.000000e+01
      vertex   -2.588512e-01 1.134211e+02 3.000000e+01
    endloop
  endfacet
  facet normal 0.000000e+00 0.000000e+00 1.000000e+00
    outer loop
      vertex   -8.978993e-01 1.136757e+02 3.000000e+01
      vertex   -1.161593e+00 1.161003e+02 3.000000e+01
      vertex   -1.161593e+00 1.138997e+02 3.000000e+01
    endloop
  endfacet
  facet normal 0.000000e+00 -0.000000e+00 1.000000e+00
    outer loop
      vertex   -1.161593e+00 1.138997e+02 3.000000e+01
      vertex   -1.161593e+00 1.161003e+02 3.000000e+01
      vertex   -1.370971e+00 1.158249e+02 3.000000e+01
    endloop
  endfacet
  facet normal 0.000000e+00 0.000000e+00 1.000000e+00
    outer loop
      vertex   -1.161593e+00 1.138997e+02 3.000000e+01
      vertex   -1.370971e+00 1.158249e+02 3.000000e+01
      vertex   -1.370971e+00 1.141751e+02 3.000000e+01
    endloop
  endfacet
  facet normal 0.000000e+00 -0.000000e+00 1.000000e+00
    outer loop
      vertex   -1.370971e+00 1.141751e+02 3.000000e+01
      vertex   -1.370971e+00 1.158249e+02 3.000000e+01
      vertex   -1.516245e+00 1.155109e+02 3.000000e+01
    endloop
  endfacet
  facet normal 0.000000e+00 0.000000e+00 1.000000e+00
    outer loop
      vertex   -1.370971e+00 1.141751e+02 3.000000e+01
      vertex   -1.516245e+00 1.155109e+02 3.000000e+01
      vertex   -1.516245e+00 1.144891e+02 3.000000e+01
    endloop
  endfacet
  facet normal 0.000000e+00 -0.000000e+00 1.000000e+00
    outer loop
      vertex   -1.516245e+00 1.144891e+02 3.000000e+01
      vertex   -1.516245e+00 1.155109e+02 3.000000e+01
      vertex   -1.590621e+00 1.151730e+02 3.000000e+01
    endloop
  endfacet
  facet normal 0.000000e+00 0.000000e+00 1.000000e+00
    outer loop
      vertex   -1.516245e+00 1.144891e+02 3.000000e+01
      vertex   -1.590621e+00 1.151730e+02 3.000000e+01
      vertex   -1.590621e+00 1.148270e+02 3.000000e+01
    endloop
  endfacet
  facet normal -0.000000e+00 -0.000000e+00 1.000000e+00
    outer loop
      vertex   -2.588512e-01 1.134211e+02 3.000000e+01
      vertex   8.662225e-02 1.134023e+02 3.000000e+01
      vertex   -8.978993e-01 1.163243e+02 3.000000e+01
    endloop
  endfacet
  facet normal 0.000000e+00 0.000000e+00 1.000000e+00
    outer loop
      vertex   -8.978993e-01 1.163243e+02 3.000000e+01
      vertex   8.662225e-02 1.134023e+02 3.000000e+01
      vertex   4.280453e-01 1.134583e+02 3.000000e+01
    endloop
  endfacet
  facet normal 0.000000e+00 0.000000e+00 1.000000e+00
    outer loop
      vertex   -8.978993e-01 1.163243e+02 3.000000e+01
      vertex   4.280453e-01 1.134583e+02 3.000000e+01
      vertex   7.494535e-01 1.135864e+02 3.000000e+01
    endloop
  endfacet
  facet normal 0.000000e+00 -0.000000e+00 1.000000e+00
    outer loop
      vertex   7.494535e-01 1.135864e+02 3.000000e+01
      vertex   1.035818e+00 1.137805e+02 3.000000e+01
      vertex   -8.978993e-01 1.163243e+02 3.000000e+01
    endloop
  endfacet
  facet normal 0.000000e+00 0.000000e+00 1.000000e+00
    outer loop
      vertex   -8.978993e-01 1.163243e+02 3.000000e+01
      vertex   1.035818e+00 1.137805e+02 3.000000e+01
      vertex   1.273749e+00 1.140317e+02 3.000000e+01
    endloop
  endfacet
  facet normal 0.000000e+00 0.000000e+00 1.000000e+00
    outer loop
      vertex   -8.978993e-01 1.163243e+02 3.000000e+01
      vertex   1.273749e+00 1.140317e+02 3.000000e+01
      vertex   1.452121e+00 1.143282e+02 3.000000e+01
    endloop
  endfacet
  facet normal 0.000000e+00 -0.000000e+00 1.000000e+00
    outer loop
      vertex   1.452121e+00 1.143282e+02 3.000000e+01
      vertex   1.562593e+00 1.146560e+02 3.000000e+01
      vertex   -8.978993e-01 1.163243e+02 3.000000e+01
    endloop
  endfacet
  facet normal -0.000000e+00 1.000000e+00 0.000000e+00
    outer loop
      vertex   -2.850000e+00 1.121500e+02 3.300000e+01
      vertex   2.850000e+00 1.121500e+02 3.300000e+01
      vertex   -2.850000e+00 1.121500e+02 3.130000e+01
    endloop
  endfacet
  facet normal 0.000000e+00 1.000000e+00 0.000000e+00
    outer loop
      vertex   -2.850000e+00 1.121500e+02 3.130000e+01
      vertex   2.850000e+00 1.121500e+02 3.300000e+01
      vertex   2.850000e+00 1.121500e+02 3.130000e+01
    endloop
  endfacet
  facet normal -1.000000e+00 0.000000e+00 0.000000e+00
    outer loop
      vertex   2.850000e+00 1.121500e+02 3.300000e+01
      vertex   2.850000e+00 1.178500e+02 3.300000e+01
      vertex   2.850000e+00 1.121500e+02 3.130000e+01
    endloop
  endfacet
  facet normal -1.000000e+00 0.000000e+00 0.000000e+00
    outer loop
      vertex   2.850000e+00 1.121500e+02 3.130000e+01
      vertex   2.850000e+00 1.178500e+02 3.300000e+01
      vertex   2.850000e+00 1.178500e+02 3.130000e+01
    endloop
  endfacet
  facet normal -0.000000e+00 -1.000000e+00 -0.000000e+00
    outer loop
      vertex   2.850000e+00 1.178500e+02 3.300000e+01
      vertex   -2.850000e+00 1.178500e+02 3.300000e+01
      vertex   2.850000e+00 1.178500e+02 3.130000e+01
    endloop
  endfacet
  facet normal 0.000000e+00 -1.000000e+00 0.000000e+00
    outer loop
      vertex   2.850000e+00 1.178500e+02 3.130000e+01
      vertex   -2.850000e+00 1.178500e+02 3.300000e+01
      vertex   -2.850000e+00 1.178500e+02 3.130000e+01
    endloop
  endfacet
  facet normal 1.000000e+00 0.000000e+00 0.000000e+00
    outer loop
      vertex   -2.850000e+00 1.178500e+02 3.300000e+01
      vertex   -2.850000e+00 1.121500e+02 3.300000e+01
      vertex   -2.850000e+00 1.178500e+02 3.130000e+01
    endloop
  endfacet
  facet normal 1.000000e+00 0.000000e+00 0.000000e+00
    outer loop
      vertex   -2.850000e+00 1.178500e+02 3.130000e+01
      vertex   -2.850000e+00 1.121500e+02 3.300000e+01
      vertex   -2.850000e+00 1.121500e+02 3.130000e+01
    endloop
  endfacet
  facet normal -0.000000e+00 0.000000e+00 1.000000e+00
    outer loop
      vertex   1.562593e+00 1.146560e+02 3.130000e+01
      vertex   2.850000e+00 1.121500e+02 3.130000e+01
      vertex   1.600000e+00 1.150000e+02 3.130000e+01
    endloop
  endfacet
  facet normal -0.000000e+00 0.000000e+00 1.000000e+00
    outer loop
      vertex   1.600000e+00 1.150000e+02 3.130000e+01
      vertex   2.850000e+00 1.121500e+02 3.130000e+01
      vertex   2.850000e+00 1.178500e+02 3.130000e+01
    endloop
  endfacet
  facet normal 0.000000e+00 -0.000000e+00 1.000000e+00
    outer loop
      vertex   1.600000e+00 1.150000e+02 3.130000e+01
      vertex   2.850000e+00 1.178500e+02 3.130000e+01
      vertex   1.562593e+00 1.153440e+02 3.130000e+01
    endloop
  endfacet
  facet normal 0.000000e+00 -0.000000e+00 1.000000e+00
    outer loop
      vertex   1.562593e+00 1.153440e+02 3.130000e+01
      vertex   2.850000e+00 1.178500e+02 3.130000e+01
      vertex   1.452121e+00 1.156718e+02 3.130000e+01
    endloop
  endfacet
  facet normal 0.000000e+00 -0.000000e+00 1.000000e+00
    outer loop
      vertex   1.452121e+00 1.156718e+02 3.130000e+01
      vertex   2.850000e+00 1.178500e+02 3.130000e+01
      vertex   1.273749e+00 1.159683e+02 3.130000e+01
    endloop
  endfacet
  facet normal 0.000000e+00 -0.000000e+00 1.000000e+00
    outer loop
      vertex   1.273749e+00 1.159683e+02 3.130000e+01
      vertex   2.850000e+00 1.178500e+02 3.130000e+01
      vertex   1.035818e+00 1.162195e+02 3.130000e+01
    endloop
  endfacet
  facet normal 0.000000e+00 -0.000000e+00 1.000000e+00
    outer loop
      vertex   1.035818e+00 1.162195e+02 3.130000e+01
      vertex   2.850000e+00 1.178500e+02 3.130000e+01
      vertex   7.494535e-01 1.164136e+02 3.130000e+01
    endloop
  endfacet
  facet normal 0.000000e+00 -0.000000e+00 1.000000e+00
    outer loop
      vertex   7.494535e-01 1.164136e+02 3.130000e+01
      vertex   2.850000e+00 1.178500e+02 3.130000e+01
      vertex   4.280453e-01 1.165417e+02 3.130000e+01
    endloop
  endfacet
  facet normal 0.000000e+00 -0.000000e+00 1.000000e+00
    outer loop
      vertex   4.280453e-01 1.165417e+02 3.130000e+01
      vertex   2.850000e+00 1.178500e+02 3.130000e+01
      vertex   8.662225e-02 1.165977e+02 3.130000e+01
    endloop
  endfacet
  facet normal 0.000000e+00 -0.000000e+00 1.000000e+00
    outer loop
      vertex   8.662225e-02 1.165977e+02 3.130000e+01
      vertex   2.850000e+00 1.178500e+02 3.130000e+01
      vertex   -2.850000e+00 1.178500e+02 3.130000e+01
    endloop
  endfacet
  facet normal 0.000000e+00 0.000000e+00 1.000000e+00
    outer loop
      vertex   8.662225e-02 1.165977e+02 3.130000e+01
      vertex   -2.850000e+00 1.178500e+02 3.130000e+01
      vertex   -2.588512e-01 1.165789e+02 3.130000e+01
    endloop
  endfacet
  facet normal 0.000000e+00 0.000000e+00 1.000000e+00
    outer loop
      vertex   -2.588512e-01 1.165789e+02 3.130000e+01
      vertex   -2.850000e+00 1.178500e+02 3.130000e+01
      vertex   -5.922210e-01 1.164864e+02 3.130000e+01
    endloop
  endfacet
  facet normal 0.000000e+00 0.000000e+00 1.000000e+00
    outer loop
      vertex   -5.922210e-01 1.164864e+02 3.130000e+01
      vertex   -2.850000e+00 1.178500e+02 3.130000e+01
      vertex   -8.978993e-01 1.163243e+02 3.130000e+01
    endloop
  endfacet
  facet normal 0.000000e+00 0.000000e+00 1.000000e+00
    outer loop
      vertex   -8.978993e-01 1.163243e+02 3.130000e+01
      vertex   -2.850000e+00 1.178500e+02 3.130000e+01
      vertex   -1.161593e+00 1.161003e+02 3.130000e+01
    endloop
  endfacet
  facet normal 0.000000e+00 0.000000e+00 1.000000e+00
    outer loop
      vertex   -1.161593e+00 1.161003e+02 3.130000e+01
      vertex   -2.850000e+00 1.178500e+02 3.130000e+01
      vertex   -1.370971e+00 1.158249e+02 3.130000e+01
    endloop
  endfacet
  facet normal 0.000000e+00 0.000000e+00 1.000000e+00
    outer loop
      vertex   -1.370971e+00 1.158249e+02 3.130000e+01
      vertex   -2.850000e+00 1.178500e+02 3.130000e+01
      vertex   -1.516245e+00 1.155109e+02 3.130000e+01
    endloop
  endfacet
  facet normal 0.000000e+00 0.000000e+00 1.000000e+00
    outer loop
      vertex   -1.516245e+00 1.155109e+02 3.130000e+01
      vertex   -2.850000e+00 1.178500e+02 3.130000e+01
      vertex   -1.590621e+00 1.151730e+02 3.130000e+01
    endloop
  endfacet
  facet normal 0.000000e+00 0.000000e+00 1.000000e+00
    outer loop
      vertex   -1.590621e+00 1.151730e+02 3.130000e+01
      vertex   -2.850000e+00 1.178500e+02 3.130000e+01
      vertex   -1.590621e+00 1.148270e+02 3.130000e+01
    endloop
  endfacet
  facet normal 0.000000e+00 0.000000e+00 1.000000e+00
    outer loop
      vertex   -1.590621e+00 1.148270e+02 3.130000e+01
      vertex   -2.850000e+00 1.178500e+02 3.130000e+01
      vertex   -2.850000e+00 1.121500e+02 3.130000e+01
    endloop
  endfacet
  facet normal 0.000000e+00 0.000000e+00 1.000000e+00
    outer loop
      vertex   -1.590621e+00 1.148270e+02 3.130000e+01
      vertex   -2.850000e+00 1.121500e+02 3.130000e+01
      vertex   -1.516245e+00 1.144891e+02 3.130000e+01
    endloop
  endfacet
  facet normal 0.000000e+00 0.000000e+00 1.000000e+00
    outer loop
      vertex   -1.516245e+00 1.144891e+02 3.130000e+01
      vertex   -2.850000e+00 1.121500e+02 3.130000e+01
      vertex   -1.370971e+00 1.141751e+02 3.130000e+01
    endloop
  endfacet
  facet normal 0.000000e+00 0.000000e+00 1.000000e+00
    outer loop
      vertex   -1.370971e+00 1.141751e+02 3.130000e+01
      vertex   -2.850000e+00 1.121500e+02 3.130000e+01
      vertex   -1.161593e+00 1.138997e+02 3.130000e+01
    endloop
  endfacet
  facet normal 0.000000e+00 0.000000e+00 1.000000e+00
    outer loop
      vertex   -1.161593e+00 1.138997e+02 3.130000e+01
      vertex   -2.850000e+00 1.121500e+02 3.130000e+01
      vertex   -8.978993e-01 1.136757e+02 3.130000e+01
    endloop
  endfacet
  facet normal 0.000000e+00 0.000000e+00 1.000000e+00
    outer loop
      vertex   -8.978993e-01 1.136757e+02 3.130000e+01
      vertex   -2.850000e+00 1.121500e+02 3.130000e+01
      vertex   -5.922210e-01 1.135136e+02 3.130000e+01
    endloop
  endfacet
  facet normal 0.000000e+00 0.000000e+00 1.000000e+00
    outer loop
      vertex   -5.922210e-01 1.135136e+02 3.130000e+01
      vertex   -2.850000e+00 1.121500e+02 3.130000e+01
      vertex   -2.588512e-01 1.134211e+02 3.130000e+01
    endloop
  endfacet
  facet normal 0.000000e+00 0.000000e+00 1.000000e+00
    outer loop
      vertex   -2.588512e-01 1.134211e+02 3.130000e+01
      vertex   -2.850000e+00 1.121500e+02 3.130000e+01
      vertex   8.662225e-02 1.134023e+02 3.130000e+01
    endloop
  endfacet
  facet normal 0.000000e+00 0.000000e+00 1.000000e+00
    outer loop
      vertex   8.662225e-02 1.134023e+02 3.130000e+01
      vertex   -2.850000e+00 1.121500e+02 3.130000e+01
      vertex   2.850000e+00 1.121500e+02 3.130000e+01
    endloop
  endfacet
  facet normal -0.000000e+00 0.000000e+00 1.000000e+00
    outer loop
      vertex   8.662225e-02 1.134023e+02 3.130000e+01
      vertex   2.850000e+00 1.121500e+02 3.130000e+01
      vertex   4.280453e-01 1.134583e+02 3.130000e+01
    endloop
  endfacet
  facet normal -0.000000e+00 0.000000e+00 1.000000e+00
    outer loop
      vertex   4.280453e-01 1.134583e+02 3.130000e+01
      vertex   2.850000e+00 1.121500e+02 3.130000e+01
      vertex   7.494535e-01 1.135864e+02 3.130000e+01
    endloop
  endfacet
  facet normal -0.000000e+00 0.000000e+00 1.000000e+00
    outer loop
      vertex   7.494535e-01 1.135864e+02 3.130000e+01
      vertex   2.850000e+00 1.121500e+02 3.130000e+01
      vertex   1.035818e+00 1.137805e+02 3.130000e+01
    endloop
  endfacet
  facet normal -0.000000e+00 0.000000e+00 1.000000e+00
    outer loop
      vertex   1.035818e+00 1.137805e+02 3.130000e+01
      vertex   2.850000e+00 1.121500e+02 3.130000e+01
      vertex   1.273749e+00 1.140317e+02 3.130000e+01
    endloop
  endfacet
  facet normal -0.000000e+00 0.000000e+00 1.000000e+00
    outer loop
      vertex   1.273749e+00 1.140317e+02 3.130000e+01
      vertex   2.850000e+00 1.121500e+02 3.130000e+01
      vertex   1.452121e+00 1.143282e+02 3.130000e+01
    endloop
  endfacet
  facet normal -0.000000e+00 0.000000e+00 1.000000e+00
    outer loop
      vertex   1.452121e+00 1.143282e+02 3.130000e+01
      vertex   2.850000e+00 1.121500e+02 3.130000e+01
      vertex   1.562593e+00 1.146560e+02 3.130000e+01
    endloop
  endfacet
  facet normal 1.000000e+00 7.612958e-16 1.369941e-16
    outer loop
      vertex   1.300000e+01 1.130000e+02 -5.900000e+00
      vertex   1.300000e+01 1.200000e+02 -5.900000e+00
      vertex   1.300000e+01 1.130000e+02 3.300000e+01
    endloop
  endfacet
  facet normal 1.000000e+00 -0.000000e+00 0.000000e+00
    outer loop
      vertex   1.300000e+01 1.130000e+02 3.300000e+01
      vertex   1.300000e+01 1.200000e+02 -5.900000e+00
      vertex   1.300000e+01 1.200000e+02 3.300000e+01
    endloop
  endfacet
  facet normal 3.835153e-02 9.992643e-01 -0.000000e+00
    outer loop
      vertex   1.500000e+01 1.200000e+02 -1.200000e+01
      vertex   1.500000e+01 1.200000e+02 -5.900000e+00
      vertex   1.729940e+01 1.199117e+02 -1.200000e+01
    endloop
  endfacet
  facet normal 3.835153e-02 9.992643e-01 -0.000000e+00
    outer loop
      vertex   1.729940e+01 1.199117e+02 -1.200000e+01
      vertex   1.500000e+01 1.200000e+02 -5.900000e+00
      vertex   1.729940e+01 1.199117e+02 -5.900000e+00
    endloop
  endfacet
  facet normal 1.148290e-01 9.933853e-01 -0.000000e+00
    outer loop
      vertex   1.729940e+01 1.199117e+02 -1.200000e+01
      vertex   1.729940e+01 1.199117e+02 -5.900000e+00
      vertex   1.958527e+01 1.196475e+02 -1.200000e+01
    endloop
  endfacet
  facet normal 1.148290e-01 9.933853e-01 -0.000000e+00
    outer loop
      vertex   1.958527e+01 1.196475e+02 -1.200000e+01
      vertex   1.729940e+01 1.199117e+02 -5.900000e+00
      vertex   1.958527e+01 1.196475e+02 -5.900000e+00
    endloop
  endfacet
  facet normal 1.906308e-01 9.816618e-01 -0.000000e+00
    outer loop
      vertex   1.958527e+01 1.196475e+02 -1.200000e+01
      vertex   1.958527e+01 1.196475e+02 -5.900000e+00
      vertex   2.184416e+01 1.192089e+02 -1.200000e+01
    endloop
  endfacet
  facet normal 1.906308e-01 9.816618e-01 -0.000000e+00
    outer loop
      vertex   2.184416e+01 1.192089e+02 -1.200000e+01
      vertex   1.958527e+01 1.196475e+02 -5.900000e+00
      vertex   2.184416e+01 1.192089e+02 -5.900000e+00
    endloop
  endfacet
  facet normal 2.653111e-01 9.641629e-01 -0.000000e+00
    outer loop
      vertex   2.184416e+01 1.192089e+02 -1.200000e+01
      vertex   2.184416e+01 1.192089e+02 -5.900000e+00
      vertex   2.406279e+01 1.185984e+02 -1.200000e+01
    endloop
  endfacet
  facet normal 2.653111e-01 9.641629e-01 -0.000000e+00
    outer loop
      vertex   2.406279e+01 1.185984e+02 -1.200000e+01
      vertex   2.184416e+01 1.192089e+02 -5.900000e+00
      vertex   2.406279e+01 1.185984e+02 -5.900000e+00
    endloop
  endfacet
  facet normal 3.384305e-01 9.409914e-01 -0.000000e+00
    outer loop
      vertex   2.406279e+01 1.185984e+02 -1.200000e+01
      vertex   2.406279e+01 1.185984e+02 -5.900000e+00
      vertex   2.622810e+01 1.178196e+02 -1.200000e+01
    endloop
  endfacet
  facet normal 3.384305e-01 9.409914e-01 4.581464e-15
    outer loop
      vertex   2.622810e+01 1.178196e+02 -1.200000e+01
      vertex   2.406279e+01 1.185984e+02 -5.900000e+00
      vertex   2.622810e+01 1.178196e+02 -5.900000e+00
    endloop
  endfacet
  facet normal 4.095587e-01 9.122837e-01 4.489133e-15
    outer loop
      vertex   2.622810e+01 1.178196e+02 -1.200000e+01
      vertex   2.622810e+01 1.178196e+02 -5.900000e+00
      vertex   2.832735e+01 1.168772e+02 -1.200000e+01
    endloop
  endfacet
  facet normal 4.095587e-01 9.122837e-01 -0.000000e+00
    outer loop
      vertex   2.832735e+01 1.168772e+02 -1.200000e+01
      vertex   2.622810e+01 1.178196e+02 -5.900000e+00
      vertex   2.832735e+01 1.168772e+02 -5.900000e+00
    endloop
  endfacet
  facet normal 4.782774e-01 8.782088e-01 -0.000000e+00
    outer loop
      vertex   2.832735e+01 1.168772e+02 -1.200000e+01
      vertex   2.832735e+01 1.168772e+02 -5.900000e+00
      vertex   3.034819e+01 1.157766e+02 -1.200000e+01
    endloop
  endfacet
  facet normal 4.782774e-01 8.782088e-01 3.160136e-15
    outer loop
      vertex   3.034819e+01 1.157766e+02 -1.200000e+01
      vertex   2.832735e+01 1.168772e+02 -5.900000e+00
      vertex   3.034819e+01 1.157766e+02 -5.900000e+00
    endloop
  endfacet
  facet normal 5.551987e-01 8.317178e-01 3.231028e-15
    outer loop
      vertex   3.034819e+01 1.157766e+02 -1.200000e+01
      vertex   3.034819e+01 1.157766e+02 -5.900000e+00
      vertex   3.206239e+01 1.146323e+02 -1.200000e+01
    endloop
  endfacet
  facet normal 5.551987e-01 8.317178e-01 -0.000000e+00
    outer loop
      vertex   3.206239e+01 1.146323e+02 -1.200000e+01
      vertex   3.034819e+01 1.157766e+02 -5.900000e+00
      vertex   3.206239e+01 1.146323e+02 -5.900000e+00
    endloop
  endfacet
  facet normal 6.378468e-01 7.701633e-01 -0.000000e+00
    outer loop
      vertex   3.206239e+01 1.146323e+02 -1.200000e+01
      vertex   3.206239e+01 1.146323e+02 -5.900000e+00
      vertex   3.364972e+01 1.133177e+02 -1.200000e+01
    endloop
  endfacet
  facet normal 6.378468e-01 7.701633e-01 -0.000000e+00
    outer loop
      vertex   3.364972e+01 1.133177e+02 -1.200000e+01
      vertex   3.206239e+01 1.146323e+02 -5.900000e+00
      vertex   3.364972e+01 1.133177e+02 -5.900000e+00
    endloop
  endfacet
  facet normal 7.137211e-01 7.004300e-01 -0.000000e+00
    outer loop
      vertex   3.364972e+01 1.133177e+02 -1.200000e+01
      vertex   3.364972e+01 1.133177e+02 -5.900000e+00
      vertex   3.509333e+01 1.118467e+02 -1.200000e+01
    endloop
  endfacet
  facet normal 7.137211e-01 7.004300e-01 -0.000000e+00
    outer loop
      vertex   3.509333e+01 1.118467e+02 -1.200000e+01
      vertex   3.364972e+01 1.133177e+02 -5.900000e+00
      vertex   3.509333e+01 1.118467e+02 -5.900000e+00
    endloop
  endfacet
  facet normal 7.820160e-01 6.232583e-01 -0.000000e+00
    outer loop
      vertex   3.509333e+01 1.118467e+02 -1.200000e+01
      vertex   3.509333e+01 1.118467e+02 -5.900000e+00
      vertex   3.637789e+01 1.102349e+02 -1.200000e+01
    endloop
  endfacet
  facet normal 7.820160e-01 6.232583e-01 -0.000000e+00
    outer loop
      vertex   3.637789e+01 1.102349e+02 -1.200000e+01
      vertex   3.509333e+01 1.118467e+02 -5.900000e+00
      vertex   3.637789e+01 1.102349e+02 -5.900000e+00
    endloop
  endfacet
  facet normal 8.420062e-01 5.394679e-01 -0.000000e+00
    outer loop
      vertex   3.637789e+01 1.102349e+02 -1.200000e+01
      vertex   3.637789e+01 1.102349e+02 -5.900000e+00
      vertex   3.748975e+01 1.084995e+02 -1.200000e+01
    endloop
  endfacet
  facet normal 8.420062e-01 5.394679e-01 2.759814e-16
    outer loop
      vertex   3.748975e+01 1.084995e+02 -1.200000e+01
      vertex   3.637789e+01 1.102349e+02 -5.900000e+00
      vertex   3.748975e+01 1.084995e+02 -5.900000e+00
    endloop
  endfacet
  facet normal 8.930545e-01 4.499485e-01 7.970309e-18
    outer loop
      vertex   3.748975e+01 1.084995e+02 -1.200000e+01
      vertex   3.748975e+01 1.084995e+02 -5.900000e+00
      vertex   3.841711e+01 1.066589e+02 -1.200000e+01
    endloop
  endfacet
  facet normal 8.930545e-01 4.499485e-01 -0.000000e+00
    outer loop
      vertex   3.841711e+01 1.066589e+02 -1.200000e+01
      vertex   3.748975e+01 1.084995e+02 -5.900000e+00
      vertex   3.841711e+01 1.066589e+02 -5.900000e+00
    endloop
  endfacet
  facet normal 9.346189e-01 3.556508e-01 -0.000000e+00
    outer loop
      vertex   3.841711e+01 1.066589e+02 -1.200000e+01
      vertex   3.841711e+01 1.066589e+02 -5.900000e+00
      vertex   3.915011e+01 1.047326e+02 -1.200000e+01
    endloop
  endfacet
  facet normal 9.346189e-01 3.556508e-01 8.285413e-16
    outer loop
      vertex   3.915011e+01 1.047326e+02 -1.200000e+01
      vertex   3.841711e+01 1.066589e+02 -5.900000e+00
      vertex   3.915011e+01 1.047326e+02 -5.900000e+00
    endloop
  endfacet
  facet normal 9.662580e-01 2.575762e-01 6.000620e-16
    outer loop
      vertex   3.915011e+01 1.047326e+02 -1.200000e+01
      vertex   3.915011e+01 1.047326e+02 -5.900000e+00
      vertex   3.968099e+01 1.027411e+02 -1.200000e+01
    endloop
  endfacet
  facet normal 9.662580e-01 2.575762e-01 1.200124e-15
    outer loop
      vertex   3.968099e+01 1.027411e+02 -1.200000e+01
      vertex   3.915011e+01 1.047326e+02 -5.900000e+00
      vertex   3.968099e+01 1.027411e+02 -5.900000e+00
    endloop
  endfacet
  facet normal 9.876357e-01 1.567663e-01 7.304205e-16
    outer loop
      vertex   3.968099e+01 1.027411e+02 -1.200000e+01
      vertex   3.968099e+01 1.027411e+02 -5.900000e+00
      vertex   4.000409e+01 1.007056e+02 -1.200000e+01
    endloop
  endfacet
  facet normal 9.876357e-01 1.567663e-01 -2.300844e-15
    outer loop
      vertex   4.000409e+01 1.007056e+02 -1.200000e+01
      vertex   3.968099e+01 1.027411e+02 -5.900000e+00
      vertex   4.000409e+01 1.007056e+02 -5.900000e+00
    endloop
  endfacet
  facet normal 9.985251e-01 5.429150e-02 -2.326212e-15
    outer loop
      vertex   4.000409e+01 1.007056e+02 -1.200000e+01
      vertex   4.000409e+01 1.007056e+02 -5.900000e+00
      vertex   4.011599e+01 9.864759e+01 -1.200000e+01
    endloop
  endfacet
  facet normal 9.985251e-01 5.429150e-02 -0.000000e+00
    outer loop
      vertex   4.011599e+01 9.864759e+01 -1.200000e+01
      vertex   4.000409e+01 1.007056e+02 -5.900000e+00
      vertex   4.011599e+01 9.864759e+01 -5.900000e+00
    endloop
  endfacet
  facet normal 9.988105e-01 -4.875981e-02 0.000000e+00
    outer loop
      vertex   4.011599e+01 9.864759e+01 -1.200000e+01
      vertex   4.011599e+01 9.864759e+01 -5.900000e+00
      vertex   4.001549e+01 9.658901e+01 -1.200000e+01
    endloop
  endfacet
  facet normal 9.988105e-01 -4.875981e-02 1.163439e-15
    outer loop
      vertex   4.001549e+01 9.658901e+01 -1.200000e+01
      vertex   4.011599e+01 9.864759e+01 -5.900000e+00
      vertex   4.001549e+01 9.658901e+01 -5.900000e+00
    endloop
  endfacet
  facet normal 9.884889e-01 -1.512933e-01 1.151416e-15
    outer loop
      vertex   4.001549e+01 9.658901e+01 -1.200000e+01
      vertex   4.001549e+01 9.658901e+01 -5.900000e+00
      vertex   3.970367e+01 9.455170e+01 -1.200000e+01
    endloop
  endfacet
  facet normal 9.884889e-01 -1.512933e-01 0.000000e+00
    outer loop
      vertex   3.970367e+01 9.455170e+01 -1.200000e+01
      vertex   4.001549e+01 9.658901e+01 -5.900000e+00
      vertex   3.970367e+01 9.455170e+01 -5.900000e+00
    endloop
  endfacet
  facet normal 9.676699e-01 -2.522201e-01 0.000000e+00
    outer loop
      vertex   3.970367e+01 9.455170e+01 -1.200000e+01
      vertex   3.970367e+01 9.455170e+01 -5.900000e+00
      vertex   3.918383e+01 9.255730e+01 -1.200000e+01
    endloop
  endfacet
  facet normal 9.676699e-01 -2.522201e-01 2.254331e-15
    outer loop
      vertex   3.918383e+01 9.255730e+01 -1.200000e+01
      vertex   3.970367e+01 9.455170e+01 -5.900000e+00
      vertex   3.918383e+01 9.255730e+01 -5.900000e+00
    endloop
  endfacet
  facet normal 9.365745e-01 -3.504685e-01 2.181889e-15
    outer loop
      vertex   3.918383e+01 9.255730e+01 -1.200000e+01
      vertex   3.918383e+01 9.255730e+01 -5.900000e+00
      vertex   3.846151e+01 9.062699e+01 -1.200000e+01
    endloop
  endfacet
  facet normal 9.365745e-01 -3.504685e-01 2.744764e-16
    outer loop
      vertex   3.846151e+01 9.062699e+01 -1.200000e+01
      vertex   3.918383e+01 9.255730e+01 -5.900000e+00
      vertex   3.846151e+01 9.062699e+01 -5.900000e+00
    endloop
  endfacet
  facet normal 8.955331e-01 -4.449949e-01 6.456833e-18
    outer loop
      vertex   3.846151e+01 9.062699e+01 -1.200000e+01
      vertex   3.846151e+01 9.062699e+01 -5.900000e+00
      vertex   3.754436e+01 8.878126e+01 -1.200000e+01
    endloop
  endfacet
  facet normal 8.955331e-01 -4.449949e-01 -1.030225e-15
    outer loop
      vertex   3.754436e+01 8.878126e+01 -1.200000e+01
      vertex   3.846151e+01 9.062699e+01 -5.900000e+00
      vertex   3.754436e+01 8.878126e+01 -5.900000e+00
    endloop
  endfacet
  facet normal 8.449814e-01 -5.347957e-01 -1.507517e-15
    outer loop
      vertex   3.754436e+01 8.878126e+01 -1.200000e+01
      vertex   3.754436e+01 8.878126e+01 -5.900000e+00
      vertex   3.644213e+01 8.703973e+01 -1.200000e+01
    endloop
  endfacet
  facet normal 8.449814e-01 -5.347957e-01 7.226235e-16
    outer loop
      vertex   3.644213e+01 8.703973e+01 -1.200000e+01
      vertex   3.754436e+01 8.878126e+01 -5.900000e+00
      vertex   3.644213e+01 8.703973e+01 -5.900000e+00
    endloop
  endfacet
  facet normal 7.854563e-01 -6.189172e-01 3.879775e-16
    outer loop
      vertex   3.644213e+01 8.703973e+01 -1.200000e+01
      vertex   3.644213e+01 8.703973e+01 -5.900000e+00
      vertex   3.516652e+01 8.542087e+01 -1.200000e+01
    endloop
  endfacet
  facet normal 7.854563e-01 -6.189172e-01 -1.053882e-15
    outer loop
      vertex   3.516652e+01 8.542087e+01 -1.200000e+01
      vertex   3.644213e+01 8.703973e+01 -5.900000e+00
      vertex   3.516652e+01 8.542087e+01 -5.900000e+00
    endloop
  endfacet
  facet normal 9.999463e-01 1.036137e-02 0.000000e+00
    outer loop
      vertex   2.312573e+01 5.363972e+01 -5.900000e+00
      vertex   2.314163e+01 5.210620e+01 -1.200000e+01
      vertex   2.312573e+01 5.363972e+01 -6.900000e+00
    endloop
  endfacet
  facet normal 9.999552e-01 -7.743416e-03 5.443962e-03
    outer loop
      vertex   2.312573e+01 5.363972e+01 -6.900000e+00
      vertex   2.314163e+01 5.210620e+01 -1.200000e+01
      vertex   2.316714e+01 5.540102e+01 -1.200000e+01
    endloop
  endfacet
  facet normal 9.993031e-01 -3.703399e-02 -4.676925e-03
    outer loop
      vertex   2.312573e+01 5.363972e+01 -6.900000e+00
      vertex   2.316714e+01 5.540102e+01 -1.200000e+01
      vertex   2.323976e+01 5.671654e+01 -6.900000e+00
    endloop
  endfacet
  facet normal 9.971394e-01 -7.540126e-02 5.250495e-03
    outer loop
      vertex   2.323976e+01 5.671654e+01 -6.900000e+00
      vertex   2.316714e+01 5.540102e+01 -1.200000e+01
      vertex   2.341558e+01 5.868656e+01 -1.200000e+01
    endloop
  endfacet
  facet normal 9.949614e-01 -1.001625e-01 -4.389358e-03
    outer loop
      vertex   2.323976e+01 5.671654e+01 -6.900000e+00
      vertex   2.341558e+01 5.868656e+01 -1.200000e+01
      vertex   2.354816e+01 5.977998e+01 -6.900000e+00
    endloop
  endfacet
  facet normal 9.897520e-01 -1.427136e-01 4.868835e-03
    outer loop
      vertex   2.354816e+01 5.977998e+01 -6.900000e+00
      vertex   2.341558e+01 5.868656e+01 -1.200000e+01
      vertex   2.388582e+01 6.194776e+01 -1.200000e+01
    endloop
  endfacet
  facet normal 9.866364e-01 -1.628902e-01 -3.913599e-03
    outer loop
      vertex   2.354816e+01 5.977998e+01 -6.900000e+00
      vertex   2.388582e+01 6.194776e+01 -1.200000e+01
      vertex   2.404969e+01 6.281779e+01 -6.900000e+00
    endloop
  endfacet
  facet normal 9.778266e-01 -2.093719e-01 4.298987e-03
    outer loop
      vertex   2.404969e+01 6.281779e+01 -6.900000e+00
      vertex   2.388582e+01 6.194776e+01 -1.200000e+01
      vertex   2.457569e+01 6.516965e+01 -1.200000e+01
    endloop
  endfacet
  facet normal 9.743612e-01 -2.249661e-01 -3.249654e-03
    outer loop
      vertex   2.404969e+01 6.281779e+01 -6.900000e+00
      vertex   2.457569e+01 6.516965e+01 -1.200000e+01
      vertex   2.474235e+01 6.581779e+01 -6.900000e+00
    endloop
  endfacet
  facet normal 9.614175e-01 -2.750706e-01 3.540959e-03
    outer loop
      vertex   2.474235e+01 6.581779e+01 -6.900000e+00
      vertex   2.457569e+01 6.516965e+01 -1.200000e+01
      vertex   2.548203e+01 6.833746e+01 -1.200000e+01
    endloop
  endfacet
  facet normal 9.581844e-01 -2.861414e-01 -2.397533e-03
    outer loop
      vertex   2.474235e+01 6.581779e+01 -6.900000e+00
      vertex   2.548203e+01 6.833746e+01 -1.200000e+01
      vertex   2.562336e+01 6.876798e+01 -6.900000e+00
    endloop
  endfacet
  facet normal 9.405995e-01 -3.395082e-01 2.594761e-03
    outer loop
      vertex   2.562336e+01 6.876798e+01 -6.900000e+00
      vertex   2.548203e+01 6.833746e+01 -1.200000e+01
      vertex   2.660069e+01 7.143667e+01 -1.200000e+01
    endloop
  endfacet
  facet normal 9.381704e-01 -3.461711e-01 -1.357252e-03
    outer loop
      vertex   2.562336e+01 6.876798e+01 -6.900000e+00
      vertex   2.660069e+01 7.143667e+01 -1.200000e+01
      vertex   2.668920e+01 7.165654e+01 -6.900000e+00
    endloop
  endfacet
  facet normal 9.154676e-01 -4.023891e-01 1.460410e-03
    outer loop
      vertex   2.668920e+01 7.165654e+01 -6.900000e+00
      vertex   2.660069e+01 7.143667e+01 -1.200000e+01
      vertex   2.792653e+01 7.445307e+01 -1.200000e+01
    endloop
  endfacet
  facet normal 9.143988e-01 -4.048145e-01 -1.288300e-04
    outer loop
      vertex   2.668920e+01 7.165654e+01 -6.900000e+00
      vertex   2.792653e+01 7.445307e+01 -1.200000e+01
      vertex   2.793559e+01 7.447191e+01 -6.900000e+00
    endloop
  endfacet
  facet normal 8.869650e-01 -4.618367e-01 1.305908e-04
    outer loop
      vertex   2.793559e+01 7.447191e+01 -6.900000e+00
      vertex   2.792653e+01 7.445307e+01 -1.200000e+01
      vertex   2.935755e+01 7.720281e+01 -6.900000e+00
    endloop
  endfacet
  facet normal 8.861357e-01 -4.634242e-01 1.219190e-03
    outer loop
      vertex   2.935755e+01 7.720281e+01 -6.900000e+00
      vertex   2.792653e+01 7.445307e+01 -1.200000e+01
      vertex   2.945348e+01 7.737282e+01 -1.200000e+01
    endloop
  endfacet
  facet normal 8.559790e-01 -5.170093e-01 -1.134233e-03
    outer loop
      vertex   2.935755e+01 7.720281e+01 -6.900000e+00
      vertex   2.945348e+01 7.737282e+01 -1.200000e+01
      vertex   3.094939e+01 7.983831e+01 -6.900000e+00
    endloop
  endfacet
  facet normal 8.527383e-01 -5.223329e-01 2.389946e-03
    outer loop
      vertex   3.094939e+01 7.983831e+01 -6.900000e+00
      vertex   2.945348e+01 7.737282e+01 -1.200000e+01
      vertex   3.117453e+01 8.018253e+01 -1.200000e+01
    endloop
  endfacet
  facet normal 8.215647e-01 -5.701109e-01 -2.210921e-03
    outer loop
      vertex   3.094939e+01 7.983831e+01 -6.900000e+00
      vertex   3.117453e+01 8.018253e+01 -1.200000e+01
      vertex   3.270472e+01 8.236786e+01 -6.900000e+00
    endloop
  endfacet
  facet normal 8.154301e-01 -5.788458e-01 3.372553e-03
    outer loop
      vertex   3.270472e+01 8.236786e+01 -6.900000e+00
      vertex   3.117453e+01 8.018253e+01 -1.200000e+01
      vertex   3.308179e+01 8.286932e+01 -1.200000e+01
    endloop
  endfacet
  facet normal 7.992594e-01 -6.009861e-01 0.000000e+00
    outer loop
      vertex   3.270472e+01 8.236786e+01 -6.900000e+00
      vertex   3.308179e+01 8.286932e+01 -1.200000e+01
      vertex   3.270472e+01 8.236786e+01 -5.900000e+00
    endloop
  endfacet
  facet normal 7.950388e-01 -6.065582e-01 -7.189626e-04
    outer loop
      vertex   3.270472e+01 8.236786e+01 -5.900000e+00
      vertex   3.308179e+01 8.286932e+01 -1.200000e+01
      vertex   3.349787e+01 8.340746e+01 -5.900000e+00
    endloop
  endfacet
  facet normal 7.784505e-01 -6.277018e-01 2.277800e-03
    outer loop
      vertex   3.349787e+01 8.340746e+01 -5.900000e+00
      vertex   3.308179e+01 8.286932e+01 -1.200000e+01
      vertex   3.431866e+01 8.442538e+01 -5.900000e+00
    endloop
  endfacet
  facet normal 7.743820e-01 -6.327032e-01 4.378595e-03
    outer loop
      vertex   3.431866e+01 8.442538e+01 -5.900000e+00
      vertex   3.308179e+01 8.286932e+01 -1.200000e+01
      vertex   3.516652e+01 8.542087e+01 -1.200000e+01
    endloop
  endfacet
  facet normal 7.613040e-01 -6.483952e-01 -1.238768e-15
    outer loop
      vertex   3.431866e+01 8.442538e+01 -5.900000e+00
      vertex   3.516652e+01 8.542087e+01 -1.200000e+01
      vertex   3.516652e+01 8.542087e+01 -5.900000e+00
    endloop
  endfacet
  facet normal 9.999379e-01 1.114305e-02 -1.965331e-04
    outer loop
      vertex   2.312573e+01 5.363972e+01 -5.900000e+00
      vertex   2.314367e+01 5.203015e+01 -5.900000e+00
      vertex   2.314163e+01 5.210620e+01 -1.200000e+01
    endloop
  endfacet
  facet normal 9.990221e-01 4.421230e-02 2.160280e-04
    outer loop
      vertex   2.314163e+01 5.210620e+01 -1.200000e+01
      vertex   2.314367e+01 5.203015e+01 -5.900000e+00
      vertex   2.321484e+01 5.042206e+01 -5.900000e+00
    endloop
  endfacet
  facet normal 9.981909e-01 5.995012e-02 4.571027e-03
    outer loop
      vertex   2.314163e+01 5.210620e+01 -1.200000e+01
      vertex   2.321484e+01 5.042206e+01 -5.900000e+00
      vertex   2.333916e+01 4.881721e+01 -1.200000e+01
    endloop
  endfacet
  facet normal 9.970131e-01 7.723317e-02 -5.448587e-14
    outer loop
      vertex   2.333916e+01 4.881721e+01 -1.200000e+01
      vertex   2.321484e+01 5.042206e+01 -5.900000e+00
      vertex   2.333916e+01 4.881721e+01 -5.900000e+00
    endloop
  endfacet
  facet normal 9.956827e-01 9.282254e-02 -9.473444e-16
    outer loop
      vertex   2.333916e+01 4.881721e+01 -1.200000e+01
      vertex   2.333916e+01 4.881721e+01 -5.900000e+00
      vertex   2.399003e+01 4.183546e+01 -1.200000e+01
    endloop
  endfacet
  facet normal 9.956827e-01 9.282254e-02 9.514274e-15
    outer loop
      vertex   2.399003e+01 4.183546e+01 -1.200000e+01
      vertex   2.333916e+01 4.881721e+01 -5.900000e+00
      vertex   2.399003e+01 4.183546e+01 -5.900000e+00
    endloop
  endfacet
  facet normal 9.958473e-01 9.103905e-02 5.712839e-15
    outer loop
      vertex   2.399003e+01 4.183546e+01 -1.200000e+01
      vertex   2.399003e+01 4.183546e+01 -5.900000e+00
      vertex   2.462840e+01 3.485255e+01 -1.200000e+01
    endloop
  endfacet
  facet normal 9.958473e-01 9.103905e-02 2.658338e-15
    outer loop
      vertex   2.462840e+01 3.485255e+01 -1.200000e+01
      vertex   2.399003e+01 4.183546e+01 -5.900000e+00
      vertex   2.462840e+01 3.485255e+01 -5.900000e+00
    endloop
  endfacet
  facet normal 9.960088e-01 8.925528e-02 8.989902e-16
    outer loop
      vertex   2.462840e+01 3.485255e+01 -1.200000e+01
      vertex   2.462840e+01 3.485255e+01 -5.900000e+00
      vertex   2.525426e+01 2.786852e+01 -1.200000e+01
    endloop
  endfacet
  facet normal 9.960088e-01 8.925528e-02 -3.622534e-14
    outer loop
      vertex   2.525426e+01 2.786852e+01 -1.200000e+01
      vertex   2.462840e+01 3.485255e+01 -5.900000e+00
      vertex   2.525426e+01 2.786852e+01 -5.900000e+00
    endloop
  endfacet
  facet normal -4.782774e-01 8.782088e-01 -1.392773e-15
    outer loop
      vertex   -3.034819e+01 1.157766e+02 -1.200000e+01
      vertex   -3.034819e+01 1.157766e+02 -5.900000e+00
      vertex   -2.832735e+01 1.168772e+02 -1.200000e+01
    endloop
  endfacet
  facet normal -4.782774e-01 8.782088e-01 1.210254e-15
    outer loop
      vertex   -2.832735e+01 1.168772e+02 -1.200000e+01
      vertex   -3.034819e+01 1.157766e+02 -5.900000e+00
      vertex   -2.832735e+01 1.168772e+02 -5.900000e+00
    endloop
  endfacet
  facet normal -4.095587e-01 9.122837e-01 1.409704e-15
    outer loop
      vertex   -2.832735e+01 1.168772e+02 -1.200000e+01
      vertex   -2.832735e+01 1.168772e+02 -5.900000e+00
      vertex   -2.622810e+01 1.178196e+02 -1.200000e+01
    endloop
  endfacet
  facet normal -4.095587e-01 9.122837e-01 -4.770639e-16
    outer loop
      vertex   -2.622810e+01 1.178196e+02 -1.200000e+01
      vertex   -2.832735e+01 1.168772e+02 -5.900000e+00
      vertex   -2.622810e+01 1.178196e+02 -5.900000e+00
    endloop
  endfacet
  facet normal -3.384305e-01 9.409914e-01 -3.942120e-16
    outer loop
      vertex   -2.622810e+01 1.178196e+02 -1.200000e+01
      vertex   -2.622810e+01 1.178196e+02 -5.900000e+00
      vertex   -2.406279e+01 1.185984e+02 -1.200000e+01
    endloop
  endfacet
  facet normal -3.384305e-01 9.409914e-01 1.403755e-15
    outer loop
      vertex   -2.406279e+01 1.185984e+02 -1.200000e+01
      vertex   -2.622810e+01 1.178196e+02 -5.900000e+00
      vertex   -2.406279e+01 1.185984e+02 -5.900000e+00
    endloop
  endfacet
  facet normal -2.653111e-01 9.641629e-01 1.628079e-15
    outer loop
      vertex   -2.406279e+01 1.185984e+02 -1.200000e+01
      vertex   -2.406279e+01 1.185984e+02 -5.900000e+00
      vertex   -2.184416e+01 1.192089e+02 -1.200000e+01
    endloop
  endfacet
  facet normal -2.653111e-01 9.641629e-01 0.000000e+00
    outer loop
      vertex   -2.184416e+01 1.192089e+02 -1.200000e+01
      vertex   -2.406279e+01 1.185984e+02 -5.900000e+00
      vertex   -2.184416e+01 1.192089e+02 -5.900000e+00
    endloop
  endfacet
  facet normal -1.906308e-01 9.816618e-01 0.000000e+00
    outer loop
      vertex   -2.184416e+01 1.192089e+02 -1.200000e+01
      vertex   -2.184416e+01 1.192089e+02 -5.900000e+00
      vertex   -1.958527e+01 1.196475e+02 -1.200000e+01
    endloop
  endfacet
  facet normal -1.906308e-01 9.816618e-01 -2.220514e-16
    outer loop
      vertex   -1.958527e+01 1.196475e+02 -1.200000e+01
      vertex   -2.184416e+01 1.192089e+02 -5.900000e+00
      vertex   -1.958527e+01 1.196475e+02 -5.900000e+00
    endloop
  endfacet
  facet normal -1.148290e-01 9.933853e-01 -1.337555e-16
    outer loop
      vertex   -1.958527e+01 1.196475e+02 -1.200000e+01
      vertex   -1.958527e+01 1.196475e+02 -5.900000e+00
      vertex   -1.729940e+01 1.199117e+02 -1.200000e+01
    endloop
  endfacet
  facet normal -1.148290e-01 9.933853e-01 -1.337555e-16
    outer loop
      vertex   -1.729940e+01 1.199117e+02 -1.200000e+01
      vertex   -1.958527e+01 1.196475e+02 -5.900000e+00
      vertex   -1.729940e+01 1.199117e+02 -5.900000e+00
    endloop
  endfacet
  facet normal -3.835153e-02 9.992643e-01 -4.467279e-17
    outer loop
      vertex   -1.729940e+01 1.199117e+02 -1.200000e+01
      vertex   -1.729940e+01 1.199117e+02 -5.900000e+00
      vertex   -1.500000e+01 1.200000e+02 -1.200000e+01
    endloop
  endfacet
  facet normal -3.835153e-02 9.992643e-01 0.000000e+00
    outer loop
      vertex   -1.500000e+01 1.200000e+02 -1.200000e+01
      vertex   -1.729940e+01 1.199117e+02 -5.900000e+00
      vertex   -1.500000e+01 1.200000e+02 -5.900000e+00
    endloop
  endfacet
  facet normal -7.854563e-01 -6.189172e-01 -9.149184e-16
    outer loop
      vertex   -3.516652e+01 8.542087e+01 -1.200000e+01
      vertex   -3.516652e+01 8.542087e+01 -5.900000e+00
      vertex   -3.644213e+01 8.703973e+01 -1.200000e+01
    endloop
  endfacet
  facet normal -7.854563e-01 -6.189172e-01 5.269409e-16
    outer loop
      vertex   -3.644213e+01 8.703973e+01 -1.200000e+01
      vertex   -3.516652e+01 8.542087e+01 -5.900000e+00
      vertex   -3.644213e+01 8.703973e+01 -5.900000e+00
    endloop
  endfacet
  facet normal -8.449814e-01 -5.347957e-01 2.616313e-16
    outer loop
      vertex   -3.644213e+01 8.703973e+01 -1.200000e+01
      vertex   -3.644213e+01 8.703973e+01 -5.900000e+00
      vertex   -3.754436e+01 8.878126e+01 -1.200000e+01
    endloop
  endfacet
  facet normal -8.449814e-01 -5.347957e-01 -9.842547e-16
    outer loop
      vertex   -3.754436e+01 8.878126e+01 -1.200000e+01
      vertex   -3.644213e+01 8.703973e+01 -5.900000e+00
      vertex   -3.754436e+01 8.878126e+01 -5.900000e+00
    endloop
  endfacet
  facet normal -8.955331e-01 -4.449949e-01 -1.043139e-15
    outer loop
      vertex   -3.754436e+01 8.878126e+01 -1.200000e+01
      vertex   -3.754436e+01 8.878126e+01 -5.900000e+00
      vertex   -3.846151e+01 9.062699e+01 -1.200000e+01
    endloop
  endfacet
  facet normal -8.955331e-01 -4.449949e-01 0.000000e+00
    outer loop
      vertex   -3.846151e+01 9.062699e+01 -1.200000e+01
      vertex   -3.754436e+01 8.878126e+01 -5.900000e+00
      vertex   -3.846151e+01 9.062699e+01 -5.900000e+00
    endloop
  endfacet
  facet normal -9.365745e-01 -3.504685e-01 0.000000e+00
    outer loop
      vertex   -3.846151e+01 9.062699e+01 -1.200000e+01
      vertex   -3.846151e+01 9.062699e+01 -5.900000e+00
      vertex   -3.918383e+01 9.255730e+01 -1.200000e+01
    endloop
  endfacet
  facet normal -9.365745e-01 -3.504685e-01 0.000000e+00
    outer loop
      vertex   -3.918383e+01 9.255730e+01 -1.200000e+01
      vertex   -3.846151e+01 9.062699e+01 -5.900000e+00
      vertex   -3.918383e+01 9.255730e+01 -5.900000e+00
    endloop
  endfacet
  facet normal -9.676699e-01 -2.522201e-01 0.000000e+00
    outer loop
      vertex   -3.918383e+01 9.255730e+01 -1.200000e+01
      vertex   -3.918383e+01 9.255730e+01 -5.900000e+00
      vertex   -3.970367e+01 9.455170e+01 -1.200000e+01
    endloop
  endfacet
  facet normal -9.676699e-01 -2.522201e-01 1.127165e-15
    outer loop
      vertex   -3.970367e+01 9.455170e+01 -1.200000e+01
      vertex   -3.918383e+01 9.255730e+01 -5.900000e+00
      vertex   -3.970367e+01 9.455170e+01 -5.900000e+00
    endloop
  endfacet
  facet normal -9.884889e-01 -1.512933e-01 1.151416e-15
    outer loop
      vertex   -3.970367e+01 9.455170e+01 -1.200000e+01
      vertex   -3.970367e+01 9.455170e+01 -5.900000e+00
      vertex   -4.001549e+01 9.658901e+01 -1.200000e+01
    endloop
  endfacet
  facet normal -9.884889e-01 -1.512933e-01 0.000000e+00
    outer loop
      vertex   -4.001549e+01 9.658901e+01 -1.200000e+01
      vertex   -3.970367e+01 9.455170e+01 -5.900000e+00
      vertex   -4.001549e+01 9.658901e+01 -5.900000e+00
    endloop
  endfacet
  facet normal -9.988105e-01 -4.875981e-02 0.000000e+00
    outer loop
      vertex   -4.001549e+01 9.658901e+01 -1.200000e+01
      vertex   -4.001549e+01 9.658901e+01 -5.900000e+00
      vertex   -4.011599e+01 9.864759e+01 -1.200000e+01
    endloop
  endfacet
  facet normal -9.988105e-01 -4.875981e-02 0.000000e+00
    outer loop
      vertex   -4.011599e+01 9.864759e+01 -1.200000e+01
      vertex   -4.001549e+01 9.658901e+01 -5.900000e+00
      vertex   -4.011599e+01 9.864759e+01 -5.900000e+00
    endloop
  endfacet
  facet normal -9.985251e-01 5.429150e-02 0.000000e+00
    outer loop
      vertex   -4.011599e+01 9.864759e+01 -1.200000e+01
      vertex   -4.011599e+01 9.864759e+01 -5.900000e+00
      vertex   -4.000409e+01 1.007056e+02 -1.200000e+01
    endloop
  endfacet
  facet normal -9.985251e-01 5.429150e-02 0.000000e+00
    outer loop
      vertex   -4.000409e+01 1.007056e+02 -1.200000e+01
      vertex   -4.011599e+01 9.864759e+01 -5.900000e+00
      vertex   -4.000409e+01 1.007056e+02 -5.900000e+00
    endloop
  endfacet
  facet normal -9.876357e-01 1.567663e-01 0.000000e+00
    outer loop
      vertex   -4.000409e+01 1.007056e+02 -1.200000e+01
      vertex   -4.000409e+01 1.007056e+02 -5.900000e+00
      vertex   -3.968099e+01 1.027411e+02 -1.200000e+01
    endloop
  endfacet
  facet normal -9.876357e-01 1.567663e-01 7.304205e-16
    outer loop
      vertex   -3.968099e+01 1.027411e+02 -1.200000e+01
      vertex   -4.000409e+01 1.007056e+02 -5.900000e+00
      vertex   -3.968099e+01 1.027411e+02 -5.900000e+00
    endloop
  endfacet
  facet normal -9.662580e-01 2.575762e-01 1.200124e-15
    outer loop
      vertex   -3.968099e+01 1.027411e+02 -1.200000e+01
      vertex   -3.968099e+01 1.027411e+02 -5.900000e+00
      vertex   -3.915011e+01 1.047326e+02 -1.200000e+01
    endloop
  endfacet
  facet normal -9.662580e-01 2.575762e-01 6.000620e-16
    outer loop
      vertex   -3.915011e+01 1.047326e+02 -1.200000e+01
      vertex   -3.968099e+01 1.027411e+02 -5.900000e+00
      vertex   -3.915011e+01 1.047326e+02 -5.900000e+00
    endloop
  endfacet
  facet normal -9.346189e-01 3.556508e-01 8.285413e-16
    outer loop
      vertex   -3.915011e+01 1.047326e+02 -1.200000e+01
      vertex   -3.915011e+01 1.047326e+02 -5.900000e+00
      vertex   -3.841711e+01 1.066589e+02 -1.200000e+01
    endloop
  endfacet
  facet normal -9.346189e-01 3.556508e-01 8.285413e-16
    outer loop
      vertex   -3.841711e+01 1.066589e+02 -1.200000e+01
      vertex   -3.915011e+01 1.047326e+02 -5.900000e+00
      vertex   -3.841711e+01 1.066589e+02 -5.900000e+00
    endloop
  endfacet
  facet normal -8.930545e-01 4.499485e-01 1.048222e-15
    outer loop
      vertex   -3.841711e+01 1.066589e+02 -1.200000e+01
      vertex   -3.841711e+01 1.066589e+02 -5.900000e+00
      vertex   -3.748975e+01 1.084995e+02 -1.200000e+01
    endloop
  endfacet
  facet normal -8.930545e-01 4.499485e-01 1.048222e-15
    outer loop
      vertex   -3.748975e+01 1.084995e+02 -1.200000e+01
      vertex   -3.841711e+01 1.066589e+02 -5.900000e+00
      vertex   -3.748975e+01 1.084995e+02 -5.900000e+00
    endloop
  endfacet
  facet normal -8.420062e-01 5.394679e-01 1.256770e-15
    outer loop
      vertex   -3.748975e+01 1.084995e+02 -1.200000e+01
      vertex   -3.748975e+01 1.084995e+02 -5.900000e+00
      vertex   -3.637789e+01 1.102349e+02 -1.200000e+01
    endloop
  endfacet
  facet normal -8.420062e-01 5.394679e-01 2.759814e-16
    outer loop
      vertex   -3.637789e+01 1.102349e+02 -1.200000e+01
      vertex   -3.748975e+01 1.084995e+02 -5.900000e+00
      vertex   -3.637789e+01 1.102349e+02 -5.900000e+00
    endloop
  endfacet
  facet normal -7.820160e-01 6.232583e-01 5.410616e-16
    outer loop
      vertex   -3.637789e+01 1.102349e+02 -1.200000e+01
      vertex   -3.637789e+01 1.102349e+02 -5.900000e+00
      vertex   -3.509333e+01 1.118467e+02 -1.200000e+01
    endloop
  endfacet
  facet normal -7.820160e-01 6.232583e-01 -9.109111e-16
    outer loop
      vertex   -3.509333e+01 1.118467e+02 -1.200000e+01
      vertex   -3.637789e+01 1.102349e+02 -5.900000e+00
      vertex   -3.509333e+01 1.118467e+02 -5.900000e+00
    endloop
  endfacet
  facet normal -7.137211e-01 7.004300e-01 -8.313596e-16
    outer loop
      vertex   -3.509333e+01 1.118467e+02 -1.200000e+01
      vertex   -3.509333e+01 1.118467e+02 -5.900000e+00
      vertex   -3.364972e+01 1.133177e+02 -1.200000e+01
    endloop
  endfacet
  facet normal -7.137211e-01 7.004300e-01 -8.313596e-16
    outer loop
      vertex   -3.364972e+01 1.133177e+02 -1.200000e+01
      vertex   -3.509333e+01 1.118467e+02 -5.900000e+00
      vertex   -3.364972e+01 1.133177e+02 -5.900000e+00
    endloop
  endfacet
  facet normal -6.378468e-01 7.701633e-01 -7.429793e-16
    outer loop
      vertex   -3.364972e+01 1.133177e+02 -1.200000e+01
      vertex   -3.364972e+01 1.133177e+02 -5.900000e+00
      vertex   -3.206239e+01 1.146323e+02 -1.200000e+01
    endloop
  endfacet
  facet normal -6.378468e-01 7.701633e-01 -7.429793e-16
    outer loop
      vertex   -3.206239e+01 1.146323e+02 -1.200000e+01
      vertex   -3.364972e+01 1.133177e+02 -5.900000e+00
      vertex   -3.206239e+01 1.146323e+02 -5.900000e+00
    endloop
  endfacet
  facet normal -5.551987e-01 8.317178e-01 -6.467088e-16
    outer loop
      vertex   -3.206239e+01 1.146323e+02 -1.200000e+01
      vertex   -3.206239e+01 1.146323e+02 -5.900000e+00
      vertex   -3.034819e+01 1.157766e+02 -1.200000e+01
    endloop
  endfacet
  facet normal -5.551987e-01 8.317178e-01 -1.616772e-15
    outer loop
      vertex   -3.034819e+01 1.157766e+02 -1.200000e+01
      vertex   -3.206239e+01 1.146323e+02 -5.900000e+00
      vertex   -3.034819e+01 1.157766e+02 -5.900000e+00
    endloop
  endfacet
  facet normal -9.960088e-01 8.925528e-02 -7.885262e-15
    outer loop
      vertex   -2.525426e+01 2.786852e+01 -1.200000e+01
      vertex   -2.525426e+01 2.786852e+01 -5.900000e+00
      vertex   -2.462840e+01 3.485255e+01 -1.200000e+01
    endloop
  endfacet
  facet normal -9.960088e-01 8.925528e-02 -5.546289e-15
    outer loop
      vertex   -2.462840e+01 3.485255e+01 -1.200000e+01
      vertex   -2.525426e+01 2.786852e+01 -5.900000e+00
      vertex   -2.462840e+01 3.485255e+01 -5.900000e+00
    endloop
  endfacet
  facet normal -9.958473e-01 9.103905e-02 -1.728582e-14
    outer loop
      vertex   -2.462840e+01 3.485255e+01 -1.200000e+01
      vertex   -2.462840e+01 3.485255e+01 -5.900000e+00
      vertex   -2.399003e+01 4.183546e+01 -1.200000e+01
    endloop
  endfacet
  facet normal -9.958473e-01 9.103905e-02 -8.228366e-15
    outer loop
      vertex   -2.399003e+01 4.183546e+01 -1.200000e+01
      vertex   -2.462840e+01 3.485255e+01 -5.900000e+00
      vertex   -2.399003e+01 4.183546e+01 -5.900000e+00
    endloop
  endfacet
  facet normal -9.956827e-01 9.282254e-02 -1.384363e-14
    outer loop
      vertex   -2.399003e+01 4.183546e+01 -1.200000e+01
      vertex   -2.399003e+01 4.183546e+01 -5.900000e+00
      vertex   -2.333916e+01 4.881721e+01 -1.200000e+01
    endloop
  endfacet
  facet normal -9.956827e-01 9.282254e-02 2.609539e-14
    outer loop
      vertex   -2.333916e+01 4.881721e+01 -1.200000e+01
      vertex   -2.399003e+01 4.183546e+01 -5.900000e+00
      vertex   -2.333916e+01 4.881721e+01 -5.900000e+00
    endloop
  endfacet
  facet normal 9.022000e-01 4.313180e-01 0.000000e+00
    outer loop
      vertex   3.215000e+01 3.974699e+00 -5.900000e+00
      vertex   3.215000e+01 3.974699e+00 -1.200000e+01
      vertex   3.060834e+01 7.199427e+00 -5.900000e+00
    endloop
  endfacet
  facet normal 9.022000e-01 4.313180e-01 -6.280120e-17
    outer loop
      vertex   3.060834e+01 7.199427e+00 -5.900000e+00
      vertex   3.215000e+01 3.974699e+00 -1.200000e+01
      vertex   3.060834e+01 7.199427e+00 -1.200000e+01
    endloop
  endfacet
  facet normal 9.245448e-01 3.810734e-01 -5.548544e-17
    outer loop
      vertex   3.060834e+01 7.199427e+00 -5.900000e+00
      vertex   3.060834e+01 7.199427e+00 -1.200000e+01
      vertex   2.924627e+01 1.050402e+01 -5.900000e+00
    endloop
  endfacet
  facet normal 9.245448e-01 3.810734e-01 2.219418e-16
    outer loop
      vertex   2.924627e+01 1.050402e+01 -5.900000e+00
      vertex   3.060834e+01 7.199427e+00 -1.200000e+01
      vertex   2.924627e+01 1.050402e+01 -1.200000e+01
    endloop
  endfacet
  facet normal 9.440939e-01 3.296766e-01 1.920076e-16
    outer loop
      vertex   2.924627e+01 1.050402e+01 -5.900000e+00
      vertex   2.924627e+01 1.050402e+01 -1.200000e+01
      vertex   2.806791e+01 1.387849e+01 -5.900000e+00
    endloop
  endfacet
  facet normal 9.440939e-01 3.296766e-01 1.920076e-16
    outer loop
      vertex   2.806791e+01 1.387849e+01 -5.900000e+00
      vertex   2.924627e+01 1.050402e+01 -1.200000e+01
      vertex   2.806791e+01 1.387849e+01 -1.200000e+01
    endloop
  endfacet
  facet normal 9.607883e-01 2.772829e-01 1.614929e-16
    outer loop
      vertex   2.806791e+01 1.387849e+01 -5.900000e+00
      vertex   2.806791e+01 1.387849e+01 -1.200000e+01
      vertex   2.707682e+01 1.731263e+01 -5.900000e+00
    endloop
  endfacet
  facet normal 9.607883e-01 2.772829e-01 0.000000e+00
    outer loop
      vertex   2.707682e+01 1.731263e+01 -5.900000e+00
      vertex   2.806791e+01 1.387849e+01 -1.200000e+01
      vertex   2.707682e+01 1.731263e+01 -1.200000e+01
    endloop
  endfacet
  facet normal 9.745775e-01 2.240507e-01 0.000000e+00
    outer loop
      vertex   2.707682e+01 1.731263e+01 -5.900000e+00
      vertex   2.707682e+01 1.731263e+01 -1.200000e+01
      vertex   2.627600e+01 2.079606e+01 -5.900000e+00
    endloop
  endfacet
  facet normal 9.745775e-01 2.240507e-01 1.304898e-16
    outer loop
      vertex   2.627600e+01 2.079606e+01 -5.900000e+00
      vertex   2.707682e+01 1.731263e+01 -1.200000e+01
      vertex   2.627600e+01 2.079606e+01 -1.200000e+01
    endloop
  endfacet
  facet normal 9.854197e-01 1.701410e-01 9.909219e-17
    outer loop
      vertex   2.627600e+01 2.079606e+01 -5.900000e+00
      vertex   2.627600e+01 2.079606e+01 -1.200000e+01
      vertex   2.566787e+01 2.431824e+01 -5.900000e+00
    endloop
  endfacet
  facet normal 9.854197e-01 1.701410e-01 1.981844e-16
    outer loop
      vertex   2.566787e+01 2.431824e+01 -5.900000e+00
      vertex   2.627600e+01 2.079606e+01 -1.200000e+01
      vertex   2.566787e+01 2.431824e+01 -1.200000e+01
    endloop
  endfacet
  facet normal 9.932822e-01 1.157169e-01 1.347898e-16
    outer loop
      vertex   2.566787e+01 2.431824e+01 -5.900000e+00
      vertex   2.566787e+01 2.431824e+01 -1.200000e+01
      vertex   2.525426e+01 2.786852e+01 -5.900000e+00
    endloop
  endfacet
  facet normal 9.932822e-01 1.157169e-01 -3.620395e-14
    outer loop
      vertex   2.525426e+01 2.786852e+01 -5.900000e+00
      vertex   2.566787e+01 2.431824e+01 -1.200000e+01
      vertex   2.525426e+01 2.786852e+01 -1.200000e+01
    endloop
  endfacet
  facet normal 9.805600e-01 1.962193e-01 3.481744e-16
    outer loop
      vertex   4.356897e+01 -2.899281e+01 4.100000e+00
      vertex   4.356897e+01 -2.899281e+01 -5.900000e+00
      vertex   4.336900e+01 -2.799352e+01 4.100000e+00
    endloop
  endfacet
  facet normal 9.805600e-01 1.962193e-01 0.000000e+00
    outer loop
      vertex   4.336900e+01 -2.799352e+01 4.100000e+00
      vertex   4.356897e+01 -2.899281e+01 -5.900000e+00
      vertex   4.356897e+01 -2.899281e+01 -1.200000e+01
    endloop
  endfacet
  facet normal 9.786862e-01 2.053605e-01 -5.906462e-04
    outer loop
      vertex   4.336900e+01 -2.799352e+01 4.100000e+00
      vertex   4.356897e+01 -2.899281e+01 -1.200000e+01
      vertex   4.294466e+01 -2.600000e+01 -5.900000e+00
    endloop
  endfacet
  facet normal 9.773035e-01 2.118080e-01 -3.895489e-03
    outer loop
      vertex   4.294466e+01 -2.600000e+01 -5.900000e+00
      vertex   4.356897e+01 -2.899281e+01 -1.200000e+01
      vertex   4.250989e+01 -2.410611e+01 -1.200000e+01
    endloop
  endfacet
  facet normal 9.715235e-01 2.369040e-01 4.308109e-03
    outer loop
      vertex   4.294466e+01 -2.600000e+01 -5.900000e+00
      vertex   4.250989e+01 -2.410611e+01 -1.200000e+01
      vertex   4.168339e+01 -2.082762e+01 -5.900000e+00
    endloop
  endfacet
  facet normal 9.680519e-01 2.507243e-01 -3.590112e-03
    outer loop
      vertex   4.168339e+01 -2.082762e+01 -5.900000e+00
      vertex   4.250989e+01 -2.410611e+01 -1.200000e+01
      vertex   4.125623e+01 -1.926568e+01 -1.200000e+01
    endloop
  endfacet
  facet normal 9.605560e-01 2.780588e-01 3.933958e-03
    outer loop
      vertex   4.168339e+01 -2.082762e+01 -5.900000e+00
      vertex   4.125623e+01 -1.926568e+01 -1.200000e+01
      vertex   4.020301e+01 -1.571364e+01 -5.900000e+00
    endloop
  endfacet
  facet normal 9.572516e-01 2.892396e-01 -3.147183e-03
    outer loop
      vertex   4.020301e+01 -1.571364e+01 -5.900000e+00
      vertex   4.125623e+01 -1.926568e+01 -1.200000e+01
      vertex   3.980998e+01 -1.447926e+01 -1.200000e+01
    endloop
  endfacet
  facet normal 9.478463e-01 3.187095e-01 3.422257e-03
    outer loop
      vertex   4.020301e+01 -1.571364e+01 -5.900000e+00
      vertex   3.980998e+01 -1.447926e+01 -1.200000e+01
      vertex   3.850621e+01 -1.066733e+01 -5.900000e+00
    endloop
  endfacet
  facet normal 9.449197e-01 3.272923e-01 -2.566704e-03
    outer loop
      vertex   3.850621e+01 -1.066733e+01 -5.900000e+00
      vertex   3.980998e+01 -1.447926e+01 -1.200000e+01
      vertex   3.817346e+01 -9.754506e+00 -1.200000e+01
    endloop
  endfacet
  facet normal 9.334172e-01 3.587822e-01 2.773007e-03
    outer loop
      vertex   3.850621e+01 -1.066733e+01 -5.900000e+00
      vertex   3.817346e+01 -9.754506e+00 -1.200000e+01
      vertex   3.659607e+01 -5.697859e+00 -5.900000e+00
    endloop
  endfacet
  facet normal 9.310757e-01 3.648213e-01 -1.848678e-03
    outer loop
      vertex   3.659607e+01 -5.697859e+00 -5.900000e+00
      vertex   3.817346e+01 -9.754506e+00 -1.200000e+01
      vertex   3.634930e+01 -5.098984e+00 -1.200000e+01
    endloop
  endfacet
  facet normal 9.172947e-01 3.982041e-01 1.986211e-03
    outer loop
      vertex   3.659607e+01 -5.697859e+00 -5.900000e+00
      vertex   3.634930e+01 -5.098984e+00 -1.200000e+01
      vertex   3.447605e+01 -8.142280e-01 -5.900000e+00
    endloop
  endfacet
  facet normal 9.157416e-01 4.017666e-01 -9.931077e-04
    outer loop
      vertex   3.447605e+01 -8.142280e-01 -5.900000e+00
      vertex   3.634930e+01 -5.098984e+00 -1.200000e+01
      vertex   3.434041e+01 -5.201398e-01 -1.200000e+01
    endloop
  endfacet
  facet normal 8.995077e-01 4.369037e-01 1.061873e-03
    outer loop
      vertex   3.447605e+01 -8.142280e-01 -5.900000e+00
      vertex   3.434041e+01 -5.201398e-01 -1.200000e+01
      vertex   3.215000e+01 3.974699e+00 -5.900000e+00
    endloop
  endfacet
  facet normal 8.989414e-01 4.380688e-01 0.000000e+00
    outer loop
      vertex   3.215000e+01 3.974699e+00 -5.900000e+00
      vertex   3.434041e+01 -5.201398e-01 -1.200000e+01
      vertex   3.215000e+01 3.974699e+00 -1.200000e+01
    endloop
  endfacet
  facet normal 9.772304e-01 2.121811e-01 0.000000e+00
    outer loop
      vertex   4.294466e+01 -2.600000e+01 4.100000e+00
      vertex   4.316090e+01 -2.699590e+01 4.100000e+00
      vertex   4.294466e+01 -2.600000e+01 -5.900000e+00
    endloop
  endfacet
  facet normal 9.789274e-01 2.042069e-01 -8.308441e-04
    outer loop
      vertex   4.294466e+01 -2.600000e+01 -5.900000e+00
      vertex   4.316090e+01 -2.699590e+01 4.100000e+00
      vertex   4.336900e+01 -2.799352e+01 4.100000e+00
    endloop
  endfacet
  facet normal 9.807956e-01 1.950384e-01 0.000000e+00
    outer loop
      vertex   4.366922e+01 -2.950000e+01 -5.900000e+00
      vertex   4.366922e+01 -2.950000e+01 -1.200000e+01
      vertex   4.363561e+01 -2.933097e+01 -5.900000e+00
    endloop
  endfacet
  facet normal 9.807956e-01 1.950384e-01 8.082038e-16
    outer loop
      vertex   4.363561e+01 -2.933097e+01 -5.900000e+00
      vertex   4.366922e+01 -2.950000e+01 -1.200000e+01
      vertex   4.363561e+01 -2.933097e+01 -1.200000e+01
    endloop
  endfacet
  facet normal 9.810190e-01 1.939114e-01 8.172570e-16
    outer loop
      vertex   4.363561e+01 -2.933097e+01 -5.900000e+00
      vertex   4.363561e+01 -2.933097e+01 -1.200000e+01
      vertex   4.360219e+01 -2.916191e+01 -5.900000e+00
    endloop
  endfacet
  facet normal 9.810190e-01 1.939114e-01 -2.125214e-16
    outer loop
      vertex   4.360219e+01 -2.916191e+01 -5.900000e+00
      vertex   4.363561e+01 -2.933097e+01 -1.200000e+01
      vertex   4.360219e+01 -2.916191e+01 -1.200000e+01
    endloop
  endfacet
  facet normal 9.812412e-01 1.927842e-01 -2.043845e-16
    outer loop
      vertex   4.360219e+01 -2.916191e+01 -5.900000e+00
      vertex   4.360219e+01 -2.916191e+01 -1.200000e+01
      vertex   4.356897e+01 -2.899281e+01 -5.900000e+00
    endloop
  endfacet
  facet normal 9.812412e-01 1.927842e-01 0.000000e+00
    outer loop
      vertex   4.356897e+01 -2.899281e+01 -5.900000e+00
      vertex   4.360219e+01 -2.916191e+01 -1.200000e+01
      vertex   4.356897e+01 -2.899281e+01 -1.200000e+01
    endloop
  endfacet
  facet normal -9.022000e-01 4.313180e-01 0.000000e+00
    outer loop
      vertex   -3.215000e+01 3.974699e+00 -1.200000e+01
      vertex   -3.215000e+01 3.974699e+00 -5.900000e+00
      vertex   -3.060834e+01 7.199427e+00 -1.200000e+01
    endloop
  endfacet
  facet normal -9.022000e-01 4.313180e-01 -4.007944e-14
    outer loop
      vertex   -3.060834e+01 7.199427e+00 -1.200000e+01
      vertex   -3.215000e+01 3.974699e+00 -5.900000e+00
      vertex   -3.060834e+01 7.199427e+00 -5.900000e+00
    endloop
  endfacet
  facet normal -9.245448e-01 3.810734e-01 3.636424e-14
    outer loop
      vertex   -3.060834e+01 7.199427e+00 -1.200000e+01
      vertex   -3.060834e+01 7.199427e+00 -5.900000e+00
      vertex   -2.924627e+01 1.050402e+01 -1.200000e+01
    endloop
  endfacet
  facet normal -9.245448e-01 3.810734e-01 -7.557772e-14
    outer loop
      vertex   -2.924627e+01 1.050402e+01 -1.200000e+01
      vertex   -3.060834e+01 7.199427e+00 -5.900000e+00
      vertex   -2.924627e+01 1.050402e+01 -5.900000e+00
    endloop
  endfacet
  facet normal -9.440939e-01 3.296766e-01 7.743386e-14
    outer loop
      vertex   -2.924627e+01 1.050402e+01 -1.200000e+01
      vertex   -2.924627e+01 1.050402e+01 -5.900000e+00
      vertex   -2.806791e+01 1.387849e+01 -1.200000e+01
    endloop
  endfacet
  facet normal -9.440939e-01 3.296766e-01 -1.151966e-13
    outer loop
      vertex   -2.806791e+01 1.387849e+01 -1.200000e+01
      vertex   -2.924627e+01 1.050402e+01 -5.900000e+00
      vertex   -2.806791e+01 1.387849e+01 -5.900000e+00
    endloop
  endfacet
  facet normal -9.607883e-01 2.772829e-01 1.143208e-13
    outer loop
      vertex   -2.806791e+01 1.387849e+01 -1.200000e+01
      vertex   -2.806791e+01 1.387849e+01 -5.900000e+00
      vertex   -2.707682e+01 1.731263e+01 -1.200000e+01
    endloop
  endfacet
  facet normal -9.607883e-01 2.772829e-01 -1.525086e-13
    outer loop
      vertex   -2.707682e+01 1.731263e+01 -1.200000e+01
      vertex   -2.806791e+01 1.387849e+01 -5.900000e+00
      vertex   -2.707682e+01 1.731263e+01 -5.900000e+00
    endloop
  endfacet
  facet normal -9.745775e-01 2.240507e-01 1.535200e-13
    outer loop
      vertex   -2.707682e+01 1.731263e+01 -1.200000e+01
      vertex   -2.707682e+01 1.731263e+01 -5.900000e+00
      vertex   -2.627600e+01 2.079606e+01 -1.200000e+01
    endloop
  endfacet
  facet normal -9.745775e-01 2.240507e-01 -1.907568e-13
    outer loop
      vertex   -2.627600e+01 2.079606e+01 -1.200000e+01
      vertex   -2.707682e+01 1.731263e+01 -5.900000e+00
      vertex   -2.627600e+01 2.079606e+01 -5.900000e+00
    endloop
  endfacet
  facet normal -9.854197e-01 1.701410e-01 1.917868e-13
    outer loop
      vertex   -2.627600e+01 2.079606e+01 -1.200000e+01
      vertex   -2.627600e+01 2.079606e+01 -5.900000e+00
      vertex   -2.566787e+01 2.431824e+01 -1.200000e+01
    endloop
  endfacet
  facet normal -9.854197e-01 1.701410e-01 -2.292842e-13
    outer loop
      vertex   -2.566787e+01 2.431824e+01 -1.200000e+01
      vertex   -2.627600e+01 2.079606e+01 -5.900000e+00
      vertex   -2.566787e+01 2.431824e+01 -5.900000e+00
    endloop
  endfacet
  facet normal -9.932822e-01 1.157169e-01 2.297924e-13
    outer loop
      vertex   -2.566787e+01 2.431824e+01 -1.200000e+01
      vertex   -2.566787e+01 2.431824e+01 -5.900000e+00
      vertex   -2.525426e+01 2.786852e+01 -1.200000e+01
    endloop
  endfacet
  facet normal -9.932822e-01 1.157169e-01 -2.669289e-13
    outer loop
      vertex   -2.525426e+01 2.786852e+01 -1.200000e+01
      vertex   -2.566787e+01 2.431824e+01 -5.900000e+00
      vertex   -2.525426e+01 2.786852e+01 -5.900000e+00
    endloop
  endfacet
  facet normal 0.000000e+00 0.000000e+00 -1.000000e+00
    outer loop
      vertex   8.862595e+00 9.734395e+01 -1.200000e+01
      vertex   2.540938e+01 9.817299e+01 -1.200000e+01
      vertex   8.900002e+00 9.700000e+01 -1.200000e+01
    endloop
  endfacet
  facet normal 0.000000e+00 0.000000e+00 -1.000000e+00
    outer loop
      vertex   8.900002e+00 9.700000e+01 -1.200000e+01
      vertex   2.540938e+01 9.817299e+01 -1.200000e+01
      vertex   2.540938e+01 9.782701e+01 -1.200000e+01
    endloop
  endfacet
  facet normal 0.000000e+00 -0.000000e+00 -1.000000e+00
    outer loop
      vertex   8.900002e+00 9.700000e+01 -1.200000e+01
      vertex   2.540938e+01 9.782701e+01 -1.200000e+01
      vertex   8.862595e+00 9.665604e+01 -1.200000e+01
    endloop
  endfacet
  facet normal 0.000000e+00 0.000000e+00 -1.000000e+00
    outer loop
      vertex   8.862595e+00 9.665604e+01 -1.200000e+01
      vertex   2.540938e+01 9.782701e+01 -1.200000e+01
      vertex   2.548375e+01 9.748912e+01 -1.200000e+01
    endloop
  endfacet
  facet normal 0.000000e+00 -0.000000e+00 -1.000000e+00
    outer loop
      vertex   8.862595e+00 9.665604e+01 -1.200000e+01
      vertex   2.548375e+01 9.748912e+01 -1.200000e+01
      vertex   8.752123e+00 9.632818e+01 -1.200000e+01
    endloop
  endfacet
  facet normal 0.000000e+00 0.000000e+00 -1.000000e+00
    outer loop
      vertex   8.752123e+00 9.632818e+01 -1.200000e+01
      vertex   2.548375e+01 9.748912e+01 -1.200000e+01
      vertex   2.562903e+01 9.717511e+01 -1.200000e+01
    endloop
  endfacet
  facet normal 0.000000e+00 0.000000e+00 -1.000000e+00
    outer loop
      vertex   8.752123e+00 9.632818e+01 -1.200000e+01
      vertex   2.562903e+01 9.717511e+01 -1.200000e+01
      vertex   2.583841e+01 9.689968e+01 -1.200000e+01
    endloop
  endfacet
  facet normal 0.000000e+00 0.000000e+00 -1.000000e+00
    outer loop
      vertex   8.752123e+00 9.767182e+01 -1.200000e+01
      vertex   1.729940e+01 1.199117e+02 -1.200000e+01
      vertex   8.862595e+00 9.734395e+01 -1.200000e+01
    endloop
  endfacet
  facet normal 0.000000e+00 0.000000e+00 -1.000000e+00
    outer loop
      vertex   8.862595e+00 9.734395e+01 -1.200000e+01
      vertex   1.729940e+01 1.199117e+02 -1.200000e+01
      vertex   2.548375e+01 9.851088e+01 -1.200000e+01
    endloop
  endfacet
  facet normal 0.000000e+00 0.000000e+00 -1.000000e+00
    outer loop
      vertex   8.862595e+00 9.734395e+01 -1.200000e+01
      vertex   2.548375e+01 9.851088e+01 -1.200000e+01
      vertex   2.540938e+01 9.817299e+01 -1.200000e+01
    endloop
  endfacet
  facet normal -0.000000e+00 0.000000e+00 -1.000000e+00
    outer loop
      vertex   1.729940e+01 1.199117e+02 -1.200000e+01
      vertex   8.752123e+00 9.767182e+01 -1.200000e+01
      vertex   1.500000e+01 1.200000e+02 -1.200000e+01
    endloop
  endfacet
  facet normal 0.000000e+00 0.000000e+00 -1.000000e+00
    outer loop
      vertex   1.500000e+01 1.200000e+02 -1.200000e+01
      vertex   8.752123e+00 9.767182e+01 -1.200000e+01
      vertex   8.573751e+00 9.796828e+01 -1.200000e+01
    endloop
  endfacet
  facet normal 0.000000e+00 0.000000e+00 -1.000000e+00
    outer loop
      vertex   1.500000e+01 1.200000e+02 -1.200000e+01
      vertex   8.573751e+00 9.796828e+01 -1.200000e+01
      vertex   8.335820e+00 9.821946e+01 -1.200000e+01
    endloop
  endfacet
  facet normal 0.000000e+00 0.000000e+00 -1.000000e+00
    outer loop
      vertex   8.335820e+00 9.821946e+01 -1.200000e+01
      vertex   8.049456e+00 9.841362e+01 -1.200000e+01
      vertex   1.500000e+01 1.200000e+02 -1.200000e+01
    endloop
  endfacet
  facet normal 0.000000e+00 0.000000e+00 -1.000000e+00
    outer loop
      vertex   1.500000e+01 1.200000e+02 -1.200000e+01
      vertex   8.049456e+00 9.841362e+01 -1.200000e+01
      vertex   7.728047e+00 9.854168e+01 -1.200000e+01
    endloop
  endfacet
  facet normal 0.000000e+00 0.000000e+00 -1.000000e+00
    outer loop
      vertex   1.500000e+01 1.200000e+02 -1.200000e+01
      vertex   7.728047e+00 9.854168e+01 -1.200000e+01
      vertex   7.386624e+00 9.859765e+01 -1.200000e+01
    endloop
  endfacet
  facet normal -0.000000e+00 0.000000e+00 -1.000000e+00
    outer loop
      vertex   7.386624e+00 9.859765e+01 -1.200000e+01
      vertex   7.041151e+00 9.857892e+01 -1.200000e+01
      vertex   1.500000e+01 1.200000e+02 -1.200000e+01
    endloop
  endfacet
  facet normal 0.000000e+00 0.000000e+00 -1.000000e+00
    outer loop
      vertex   1.500000e+01 1.200000e+02 -1.200000e+01
      vertex   7.041151e+00 9.857892e+01 -1.200000e+01
      vertex   6.707781e+00 9.848636e+01 -1.200000e+01
    endloop
  endfacet
  facet normal 0.000000e+00 0.000000e+00 -1.000000e+00
    outer loop
      vertex   1.500000e+01 1.200000e+02 -1.200000e+01
      vertex   6.707781e+00 9.848636e+01 -1.200000e+01
      vertex   6.402103e+00 9.832430e+01 -1.200000e+01
    endloop
  endfacet
  facet normal -0.000000e+00 0.000000e+00 -1.000000e+00
    outer loop
      vertex   6.138409e+00 9.810032e+01 -1.200000e+01
      vertex   -5.838405e+00 9.810032e+01 -1.200000e+01
      vertex   6.402103e+00 9.832430e+01 -1.200000e+01
    endloop
  endfacet
  facet normal 0.000000e+00 0.000000e+00 -1.000000e+00
    outer loop
      vertex   6.402103e+00 9.832430e+01 -1.200000e+01
      vertex   -5.838405e+00 9.810032e+01 -1.200000e+01
      vertex   -6.102099e+00 9.832430e+01 -1.200000e+01
    endloop
  endfacet
  facet normal -0.000000e+00 0.000000e+00 -1.000000e+00
    outer loop
      vertex   6.402103e+00 9.832430e+01 -1.200000e+01
      vertex   -6.102099e+00 9.832430e+01 -1.200000e+01
      vertex   1.500000e+01 1.200000e+02 -1.200000e+01
    endloop
  endfacet
  facet normal -0.000000e+00 0.000000e+00 -1.000000e+00
    outer loop
      vertex   1.500000e+01 1.200000e+02 -1.200000e+01
      vertex   -6.102099e+00 9.832430e+01 -1.200000e+01
      vertex   -1.500000e+01 1.200000e+02 -1.200000e+01
    endloop
  endfacet
  facet normal 0.000000e+00 0.000000e+00 -1.000000e+00
    outer loop
      vertex   -1.500000e+01 1.200000e+02 -1.200000e+01
      vertex   -6.102099e+00 9.832430e+01 -1.200000e+01
      vertex   -6.407777e+00 9.848636e+01 -1.200000e+01
    endloop
  endfacet
  facet normal 0.000000e+00 0.000000e+00 -1.000000e+00
    outer loop
      vertex   -1.500000e+01 1.200000e+02 -1.200000e+01
      vertex   -6.407777e+00 9.848636e+01 -1.200000e+01
      vertex   -6.741147e+00 9.857892e+01 -1.200000e+01
    endloop
  endfacet
  facet normal 0.000000e+00 0.000000e+00 -1.000000e+00
    outer loop
      vertex   -5.838405e+00 9.810032e+01 -1.200000e+01
      vertex   6.138409e+00 9.810032e+01 -1.200000e+01
      vertex   -5.629026e+00 9.782488e+01 -1.200000e+01
    endloop
  endfacet
  facet normal 0.000000e+00 0.000000e+00 -1.000000e+00
    outer loop
      vertex   -5.629026e+00 9.782488e+01 -1.200000e+01
      vertex   6.138409e+00 9.810032e+01 -1.200000e+01
      vertex   5.929031e+00 9.782488e+01 -1.200000e+01
    endloop
  endfacet
  facet normal 0.000000e+00 0.000000e+00 -1.000000e+00
    outer loop
      vertex   -5.629026e+00 9.782488e+01 -1.200000e+01
      vertex   5.929031e+00 9.782488e+01 -1.200000e+01
      vertex   -5.483753e+00 9.751088e+01 -1.200000e+01
    endloop
  endfacet
  facet normal 0.000000e+00 0.000000e+00 -1.000000e+00
    outer loop
      vertex   -5.483753e+00 9.751088e+01 -1.200000e+01
      vertex   5.929031e+00 9.782488e+01 -1.200000e+01
      vertex   5.783757e+00 9.751088e+01 -1.200000e+01
    endloop
  endfacet
  facet normal 0.000000e+00 0.000000e+00 -1.000000e+00
    outer loop
      vertex   -5.483753e+00 9.751088e+01 -1.200000e+01
      vertex   5.783757e+00 9.751088e+01 -1.200000e+01
      vertex   -5.409377e+00 9.717299e+01 -1.200000e+01
    endloop
  endfacet
  facet normal 0.000000e+00 0.000000e+00 -1.000000e+00
    outer loop
      vertex   -5.409377e+00 9.717299e+01 -1.200000e+01
      vertex   5.783757e+00 9.751088e+01 -1.200000e+01
      vertex   5.709381e+00 9.717299e+01 -1.200000e+01
    endloop
  endfacet
  facet normal 0.000000e+00 0.000000e+00 -1.000000e+00
    outer loop
      vertex   -5.409377e+00 9.717299e+01 -1.200000e+01
      vertex   5.709381e+00 9.717299e+01 -1.200000e+01
      vertex   -5.409377e+00 9.682701e+01 -1.200000e+01
    endloop
  endfacet
  facet normal 0.000000e+00 0.000000e+00 -1.000000e+00
    outer loop
      vertex   -5.409377e+00 9.682701e+01 -1.200000e+01
      vertex   5.709381e+00 9.717299e+01 -1.200000e+01
      vertex   5.709381e+00 9.682701e+01 -1.200000e+01
    endloop
  endfacet
  facet normal 0.000000e+00 -0.000000e+00 -1.000000e+00
    outer loop
      vertex   -5.409377e+00 9.682701e+01 -1.200000e+01
      vertex   5.709381e+00 9.682701e+01 -1.200000e+01
      vertex   -5.483753e+00 9.648912e+01 -1.200000e+01
    endloop
  endfacet
  facet normal 0.000000e+00 0.000000e+00 -1.000000e+00
    outer loop
      vertex   -5.483753e+00 9.648912e+01 -1.200000e+01
      vertex   5.709381e+00 9.682701e+01 -1.200000e+01
      vertex   5.783757e+00 9.648912e+01 -1.200000e+01
    endloop
  endfacet
  facet normal 0.000000e+00 -0.000000e+00 -1.000000e+00
    outer loop
      vertex   -5.483753e+00 9.648912e+01 -1.200000e+01
      vertex   5.783757e+00 9.648912e+01 -1.200000e+01
      vertex   -5.629026e+00 9.617511e+01 -1.200000e+01
    endloop
  endfacet
  facet normal 0.000000e+00 0.000000e+00 -1.000000e+00
    outer loop
      vertex   -5.629026e+00 9.617511e+01 -1.200000e+01
      vertex   5.783757e+00 9.648912e+01 -1.200000e+01
      vertex   5.929031e+00 9.617511e+01 -1.200000e+01
    endloop
  endfacet
  facet normal 0.000000e+00 -0.000000e+00 -1.000000e+00
    outer loop
      vertex   -5.629026e+00 9.617511e+01 -1.200000e+01
      vertex   5.929031e+00 9.617511e+01 -1.200000e+01
      vertex   -5.838405e+00 9.589968e+01 -1.200000e+01
    endloop
  endfacet
  facet normal 0.000000e+00 0.000000e+00 -1.000000e+00
    outer loop
      vertex   -5.838405e+00 9.589968e+01 -1.200000e+01
      vertex   5.929031e+00 9.617511e+01 -1.200000e+01
      vertex   6.138409e+00 9.589968e+01 -1.200000e+01
    endloop
  endfacet
  facet normal 0.000000e+00 -0.000000e+00 -1.000000e+00
    outer loop
      vertex   -5.838405e+00 9.589968e+01 -1.200000e+01
      vertex   6.138409e+00 9.589968e+01 -1.200000e+01
      vertex   -6.102099e+00 9.567570e+01 -1.200000e+01
    endloop
  endfacet
  facet normal 0.000000e+00 0.000000e+00 -1.000000e+00
    outer loop
      vertex   -6.102099e+00 9.567570e+01 -1.200000e+01
      vertex   6.138409e+00 9.589968e+01 -1.200000e+01
      vertex   6.402103e+00 9.567570e+01 -1.200000e+01
    endloop
  endfacet
  facet normal 0.000000e+00 -0.000000e+00 -1.000000e+00
    outer loop
      vertex   -6.102099e+00 9.567570e+01 -1.200000e+01
      vertex   6.402103e+00 9.567570e+01 -1.200000e+01
      vertex   -6.407777e+00 9.551363e+01 -1.200000e+01
    endloop
  endfacet
  facet normal 0.000000e+00 0.000000e+00 -1.000000e+00
    outer loop
      vertex   -6.407777e+00 9.551363e+01 -1.200000e+01
      vertex   6.402103e+00 9.567570e+01 -1.200000e+01
      vertex   6.707781e+00 9.551363e+01 -1.200000e+01
    endloop
  endfacet
  facet normal 0.000000e+00 -0.000000e+00 -1.000000e+00
    outer loop
      vertex   -6.407777e+00 9.551363e+01 -1.200000e+01
      vertex   6.707781e+00 9.551363e+01 -1.200000e+01
      vertex   -6.741147e+00 9.542108e+01 -1.200000e+01
    endloop
  endfacet
  facet normal 0.000000e+00 0.000000e+00 -1.000000e+00
    outer loop
      vertex   -6.741147e+00 9.542108e+01 -1.200000e+01
      vertex   6.707781e+00 9.551363e+01 -1.200000e+01
      vertex   7.041151e+00 9.542108e+01 -1.200000e+01
    endloop
  endfacet
  facet normal 0.000000e+00 -0.000000e+00 -1.000000e+00
    outer loop
      vertex   -6.741147e+00 9.542108e+01 -1.200000e+01
      vertex   7.041151e+00 9.542108e+01 -1.200000e+01
      vertex   -7.086620e+00 9.540234e+01 -1.200000e+01
    endloop
  endfacet
  facet normal 0.000000e+00 0.000000e+00 -1.000000e+00
    outer loop
      vertex   -7.086620e+00 9.540234e+01 -1.200000e+01
      vertex   7.041151e+00 9.542108e+01 -1.200000e+01
      vertex   7.386624e+00 9.540234e+01 -1.200000e+01
    endloop
  endfacet
  facet normal 0.000000e+00 0.000000e+00 -1.000000e+00
    outer loop
      vertex   -7.086620e+00 9.540234e+01 -1.200000e+01
      vertex   7.386624e+00 9.540234e+01 -1.200000e+01
      vertex   2.316714e+01 5.540102e+01 -1.200000e+01
    endloop
  endfacet
  facet normal 0.000000e+00 0.000000e+00 -1.000000e+00
    outer loop
      vertex   2.316714e+01 5.540102e+01 -1.200000e+01
      vertex   7.386624e+00 9.540234e+01 -1.200000e+01
      vertex   2.341558e+01 5.868656e+01 -1.200000e+01
    endloop
  endfacet
  facet normal 0.000000e+00 0.000000e+00 -1.000000e+00
    outer loop
      vertex   2.341558e+01 5.868656e+01 -1.200000e+01
      vertex   7.386624e+00 9.540234e+01 -1.200000e+01
      vertex   2.388582e+01 6.194776e+01 -1.200000e+01
    endloop
  endfacet
  facet normal 0.000000e+00 0.000000e+00 -1.000000e+00
    outer loop
      vertex   2.388582e+01 6.194776e+01 -1.200000e+01
      vertex   7.386624e+00 9.540234e+01 -1.200000e+01
      vertex   2.457569e+01 6.516965e+01 -1.200000e+01
    endloop
  endfacet
  facet normal 0.000000e+00 0.000000e+00 -1.000000e+00
    outer loop
      vertex   2.457569e+01 6.516965e+01 -1.200000e+01
      vertex   7.386624e+00 9.540234e+01 -1.200000e+01
      vertex   2.548203e+01 6.833746e+01 -1.200000e+01
    endloop
  endfacet
  facet normal 0.000000e+00 0.000000e+00 -1.000000e+00
    outer loop
      vertex   2.548203e+01 6.833746e+01 -1.200000e+01
      vertex   7.386624e+00 9.540234e+01 -1.200000e+01
      vertex   2.660069e+01 7.143667e+01 -1.200000e+01
    endloop
  endfacet
  facet normal 0.000000e+00 0.000000e+00 -1.000000e+00
    outer loop
      vertex   2.660069e+01 7.143667e+01 -1.200000e+01
      vertex   7.386624e+00 9.540234e+01 -1.200000e+01
      vertex   2.792653e+01 7.445307e+01 -1.200000e+01
    endloop
  endfacet
  facet normal 0.000000e+00 0.000000e+00 -1.000000e+00
    outer loop
      vertex   2.792653e+01 7.445307e+01 -1.200000e+01
      vertex   7.386624e+00 9.540234e+01 -1.200000e+01
      vertex   2.945348e+01 7.737282e+01 -1.200000e+01
    endloop
  endfacet
  facet normal 0.000000e+00 0.000000e+00 -1.000000e+00
    outer loop
      vertex   2.945348e+01 7.737282e+01 -1.200000e+01
      vertex   7.386624e+00 9.540234e+01 -1.200000e+01
      vertex   3.117453e+01 8.018253e+01 -1.200000e+01
    endloop
  endfacet
  facet normal 0.000000e+00 0.000000e+00 -1.000000e+00
    outer loop
      vertex   3.117453e+01 8.018253e+01 -1.200000e+01
      vertex   7.386624e+00 9.540234e+01 -1.200000e+01
      vertex   3.308179e+01 8.286932e+01 -1.200000e+01
    endloop
  endfacet
  facet normal 0.000000e+00 0.000000e+00 -1.000000e+00
    outer loop
      vertex   3.308179e+01 8.286932e+01 -1.200000e+01
      vertex   7.386624e+00 9.540234e+01 -1.200000e+01
      vertex   3.516652e+01 8.542087e+01 -1.200000e+01
    endloop
  endfacet
  facet normal 0.000000e+00 0.000000e+00 -1.000000e+00
    outer loop
      vertex   3.516652e+01 8.542087e+01 -1.200000e+01
      vertex   7.386624e+00 9.540234e+01 -1.200000e+01
      vertex   3.970367e+01 9.455170e+01 -1.200000e+01
    endloop
  endfacet
  facet normal 0.000000e+00 0.000000e+00 -1.000000e+00
    outer loop
      vertex   3.516652e+01 8.542087e+01 -1.200000e+01
      vertex   3.970367e+01 9.455170e+01 -1.200000e+01
      vertex   3.644213e+01 8.703973e+01 -1.200000e+01
    endloop
  endfacet
  facet normal 0.000000e+00 0.000000e+00 -1.000000e+00
    outer loop
      vertex   3.644213e+01 8.703973e+01 -1.200000e+01
      vertex   3.970367e+01 9.455170e+01 -1.200000e+01
      vertex   3.754436e+01 8.878126e+01 -1.200000e+01
    endloop
  endfacet
  facet normal 0.000000e+00 0.000000e+00 -1.000000e+00
    outer loop
      vertex   3.754436e+01 8.878126e+01 -1.200000e+01
      vertex   3.970367e+01 9.455170e+01 -1.200000e+01
      vertex   3.846151e+01 9.062699e+01 -1.200000e+01
    endloop
  endfacet
  facet normal 0.000000e+00 0.000000e+00 -1.000000e+00
    outer loop
      vertex   3.846151e+01 9.062699e+01 -1.200000e+01
      vertex   3.970367e+01 9.455170e+01 -1.200000e+01
      vertex   3.918383e+01 9.255730e+01 -1.200000e+01
    endloop
  endfacet
  facet normal 0.000000e+00 0.000000e+00 -1.000000e+00
    outer loop
      vertex   7.386624e+00 9.540234e+01 -1.200000e+01
      vertex   7.728047e+00 9.545832e+01 -1.200000e+01
      vertex   3.970367e+01 9.455170e+01 -1.200000e+01
    endloop
  endfacet
  facet normal 0.000000e+00 0.000000e+00 -1.000000e+00
    outer loop
      vertex   3.970367e+01 9.455170e+01 -1.200000e+01
      vertex   7.728047e+00 9.545832e+01 -1.200000e+01
      vertex   2.708662e+01 9.640235e+01 -1.200000e+01
    endloop
  endfacet
  facet normal 0.000000e+00 0.000000e+00 -1.000000e+00
    outer loop
      vertex   3.970367e+01 9.455170e+01 -1.200000e+01
      vertex   2.708662e+01 9.640235e+01 -1.200000e+01
      vertex   2.742805e+01 9.645832e+01 -1.200000e+01
    endloop
  endfacet
  facet normal 0.000000e+00 0.000000e+00 -1.000000e+00
    outer loop
      vertex   7.728047e+00 9.545832e+01 -1.200000e+01
      vertex   8.049456e+00 9.558638e+01 -1.200000e+01
      vertex   2.708662e+01 9.640235e+01 -1.200000e+01
    endloop
  endfacet
  facet normal 0.000000e+00 0.000000e+00 -1.000000e+00
    outer loop
      vertex   2.708662e+01 9.640235e+01 -1.200000e+01
      vertex   8.049456e+00 9.558638e+01 -1.200000e+01
      vertex   8.335820e+00 9.578054e+01 -1.200000e+01
    endloop
  endfacet
  facet normal 0.000000e+00 0.000000e+00 -1.000000e+00
    outer loop
      vertex   2.708662e+01 9.640235e+01 -1.200000e+01
      vertex   8.335820e+00 9.578054e+01 -1.200000e+01
      vertex   8.573751e+00 9.603172e+01 -1.200000e+01
    endloop
  endfacet
  facet normal 0.000000e+00 0.000000e+00 -1.000000e+00
    outer loop
      vertex   8.573751e+00 9.603172e+01 -1.200000e+01
      vertex   8.752123e+00 9.632818e+01 -1.200000e+01
      vertex   2.708662e+01 9.640235e+01 -1.200000e+01
    endloop
  endfacet
  facet normal -0.000000e+00 0.000000e+00 -1.000000e+00
    outer loop
      vertex   2.708662e+01 9.640235e+01 -1.200000e+01
      vertex   8.752123e+00 9.632818e+01 -1.200000e+01
      vertex   2.674115e+01 9.642108e+01 -1.200000e+01
    endloop
  endfacet
  facet normal -0.000000e+00 0.000000e+00 -1.000000e+00
    outer loop
      vertex   2.674115e+01 9.642108e+01 -1.200000e+01
      vertex   8.752123e+00 9.632818e+01 -1.200000e+01
      vertex   2.640778e+01 9.651364e+01 -1.200000e+01
    endloop
  endfacet
  facet normal -0.000000e+00 0.000000e+00 -1.000000e+00
    outer loop
      vertex   2.640778e+01 9.651364e+01 -1.200000e+01
      vertex   8.752123e+00 9.632818e+01 -1.200000e+01
      vertex   2.610210e+01 9.667570e+01 -1.200000e+01
    endloop
  endfacet
  facet normal -0.000000e+00 0.000000e+00 -1.000000e+00
    outer loop
      vertex   2.610210e+01 9.667570e+01 -1.200000e+01
      vertex   8.752123e+00 9.632818e+01 -1.200000e+01
      vertex   2.583841e+01 9.689968e+01 -1.200000e+01
    endloop
  endfacet
  facet normal 3.080360e-16 5.198039e-15 -1.000000e+00
    outer loop
      vertex   -8.562591e+00 9.665604e+01 -1.200000e+01
      vertex   -2.543741e+01 9.765605e+01 -1.200000e+01
      vertex   -8.599998e+00 9.700000e+01 -1.200000e+01
    endloop
  endfacet
  facet normal 1.050554e-16 -1.142547e-17 -1.000000e+00
    outer loop
      vertex   -8.599998e+00 9.700000e+01 -1.200000e+01
      vertex   -2.543741e+01 9.765605e+01 -1.200000e+01
      vertex   -2.540000e+01 9.800000e+01 -1.200000e+01
    endloop
  endfacet
  facet normal -2.003810e-16 -5.142745e-15 -1.000000e+00
    outer loop
      vertex   -8.599998e+00 9.700000e+01 -1.200000e+01
      vertex   -2.540000e+01 9.800000e+01 -1.200000e+01
      vertex   -8.562591e+00 9.734395e+01 -1.200000e+01
    endloop
  endfacet
  facet normal 0.000000e+00 0.000000e+00 -1.000000e+00
    outer loop
      vertex   -8.562591e+00 9.734395e+01 -1.200000e+01
      vertex   -2.540000e+01 9.800000e+01 -1.200000e+01
      vertex   -2.543741e+01 9.834395e+01 -1.200000e+01
    endloop
  endfacet
  facet normal 0.000000e+00 0.000000e+00 -1.000000e+00
    outer loop
      vertex   -8.562591e+00 9.734395e+01 -1.200000e+01
      vertex   -2.543741e+01 9.834395e+01 -1.200000e+01
      vertex   -1.729940e+01 1.199117e+02 -1.200000e+01
    endloop
  endfacet
  facet normal 0.000000e+00 0.000000e+00 -1.000000e+00
    outer loop
      vertex   -1.729940e+01 1.199117e+02 -1.200000e+01
      vertex   -2.543741e+01 9.834395e+01 -1.200000e+01
      vertex   -1.958527e+01 1.196475e+02 -1.200000e+01
    endloop
  endfacet
  facet normal 0.000000e+00 0.000000e+00 -1.000000e+00
    outer loop
      vertex   -1.958527e+01 1.196475e+02 -1.200000e+01
      vertex   -2.543741e+01 9.834395e+01 -1.200000e+01
      vertex   -2.554788e+01 9.867182e+01 -1.200000e+01
    endloop
  endfacet
  facet normal 0.000000e+00 0.000000e+00 -1.000000e+00
    outer loop
      vertex   -1.958527e+01 1.196475e+02 -1.200000e+01
      vertex   -2.554788e+01 9.867182e+01 -1.200000e+01
      vertex   -2.184416e+01 1.192089e+02 -1.200000e+01
    endloop
  endfacet
  facet normal 0.000000e+00 0.000000e+00 -1.000000e+00
    outer loop
      vertex   -2.184416e+01 1.192089e+02 -1.200000e+01
      vertex   -2.554788e+01 9.867182e+01 -1.200000e+01
      vertex   -2.572625e+01 9.896828e+01 -1.200000e+01
    endloop
  endfacet
  facet normal 0.000000e+00 0.000000e+00 -1.000000e+00
    outer loop
      vertex   -2.184416e+01 1.192089e+02 -1.200000e+01
      vertex   -2.572625e+01 9.896828e+01 -1.200000e+01
      vertex   -2.406279e+01 1.185984e+02 -1.200000e+01
    endloop
  endfacet
  facet normal 0.000000e+00 0.000000e+00 -1.000000e+00
    outer loop
      vertex   -2.406279e+01 1.185984e+02 -1.200000e+01
      vertex   -2.572625e+01 9.896828e+01 -1.200000e+01
      vertex   -2.596418e+01 9.921946e+01 -1.200000e+01
    endloop
  endfacet
  facet normal 0.000000e+00 0.000000e+00 -1.000000e+00
    outer loop
      vertex   -2.406279e+01 1.185984e+02 -1.200000e+01
      vertex   -2.596418e+01 9.921946e+01 -1.200000e+01
      vertex   -2.625055e+01 9.941362e+01 -1.200000e+01
    endloop
  endfacet
  facet normal 0.000000e+00 -0.000000e+00 -1.000000e+00
    outer loop
      vertex   -2.543741e+01 9.765605e+01 -1.200000e+01
      vertex   -8.562591e+00 9.665604e+01 -1.200000e+01
      vertex   -2.554788e+01 9.732818e+01 -1.200000e+01
    endloop
  endfacet
  facet normal 0.000000e+00 0.000000e+00 -1.000000e+00
    outer loop
      vertex   -2.554788e+01 9.732818e+01 -1.200000e+01
      vertex   -8.562591e+00 9.665604e+01 -1.200000e+01
      vertex   -8.452119e+00 9.632818e+01 -1.200000e+01
    endloop
  endfacet
  facet normal 0.000000e+00 -0.000000e+00 -1.000000e+00
    outer loop
      vertex   -2.554788e+01 9.732818e+01 -1.200000e+01
      vertex   -8.452119e+00 9.632818e+01 -1.200000e+01
      vertex   -2.572625e+01 9.703172e+01 -1.200000e+01
    endloop
  endfacet
  facet normal 0.000000e+00 -0.000000e+00 -1.000000e+00
    outer loop
      vertex   -2.572625e+01 9.703172e+01 -1.200000e+01
      vertex   -8.452119e+00 9.632818e+01 -1.200000e+01
      vertex   -2.596418e+01 9.678054e+01 -1.200000e+01
    endloop
  endfacet
  facet normal 0.000000e+00 -0.000000e+00 -1.000000e+00
    outer loop
      vertex   -2.596418e+01 9.678054e+01 -1.200000e+01
      vertex   -8.452119e+00 9.632818e+01 -1.200000e+01
      vertex   -2.625055e+01 9.658638e+01 -1.200000e+01
    endloop
  endfacet
  facet normal 0.000000e+00 -0.000000e+00 -1.000000e+00
    outer loop
      vertex   -2.625055e+01 9.658638e+01 -1.200000e+01
      vertex   -8.452119e+00 9.632818e+01 -1.200000e+01
      vertex   -2.657195e+01 9.645832e+01 -1.200000e+01
    endloop
  endfacet
  facet normal 0.000000e+00 -0.000000e+00 -1.000000e+00
    outer loop
      vertex   -2.657195e+01 9.645832e+01 -1.200000e+01
      vertex   -8.452119e+00 9.632818e+01 -1.200000e+01
      vertex   -2.691338e+01 9.640235e+01 -1.200000e+01
    endloop
  endfacet
  facet normal 0.000000e+00 0.000000e+00 -1.000000e+00
    outer loop
      vertex   -2.691338e+01 9.640235e+01 -1.200000e+01
      vertex   -8.452119e+00 9.632818e+01 -1.200000e+01
      vertex   -2.660069e+01 7.143667e+01 -1.200000e+01
    endloop
  endfacet
  facet normal 0.000000e+00 -0.000000e+00 -1.000000e+00
    outer loop
      vertex   -2.691338e+01 9.640235e+01 -1.200000e+01
      vertex   -2.660069e+01 7.143667e+01 -1.200000e+01
      vertex   -2.792653e+01 7.445307e+01 -1.200000e+01
    endloop
  endfacet
  facet normal 0.000000e+00 -0.000000e+00 -1.000000e+00
    outer loop
      vertex   -8.452119e+00 9.632818e+01 -1.200000e+01
      vertex   -8.273747e+00 9.603172e+01 -1.200000e+01
      vertex   -2.660069e+01 7.143667e+01 -1.200000e+01
    endloop
  endfacet
  facet normal 0.000000e+00 0.000000e+00 -1.000000e+00
    outer loop
      vertex   -2.660069e+01 7.143667e+01 -1.200000e+01
      vertex   -8.273747e+00 9.603172e+01 -1.200000e+01
      vertex   -2.548203e+01 6.833746e+01 -1.200000e+01
    endloop
  endfacet
  facet normal 0.000000e+00 0.000000e+00 -1.000000e+00
    outer loop
      vertex   -2.548203e+01 6.833746e+01 -1.200000e+01
      vertex   -8.273747e+00 9.603172e+01 -1.200000e+01
      vertex   -8.035816e+00 9.578054e+01 -1.200000e+01
    endloop
  endfacet
  facet normal 0.000000e+00 0.000000e+00 -1.000000e+00
    outer loop
      vertex   -2.548203e+01 6.833746e+01 -1.200000e+01
      vertex   -8.035816e+00 9.578054e+01 -1.200000e+01
      vertex   -2.457569e+01 6.516965e+01 -1.200000e+01
    endloop
  endfacet
  facet normal 0.000000e+00 0.000000e+00 -1.000000e+00
    outer loop
      vertex   -2.457569e+01 6.516965e+01 -1.200000e+01
      vertex   -8.035816e+00 9.578054e+01 -1.200000e+01
      vertex   -7.749451e+00 9.558638e+01 -1.200000e+01
    endloop
  endfacet
  facet normal 0.000000e+00 0.000000e+00 -1.000000e+00
    outer loop
      vertex   -2.457569e+01 6.516965e+01 -1.200000e+01
      vertex   -7.749451e+00 9.558638e+01 -1.200000e+01
      vertex   -2.388582e+01 6.194776e+01 -1.200000e+01
    endloop
  endfacet
  facet normal 0.000000e+00 0.000000e+00 -1.000000e+00
    outer loop
      vertex   -2.388582e+01 6.194776e+01 -1.200000e+01
      vertex   -7.749451e+00 9.558638e+01 -1.200000e+01
      vertex   -7.428043e+00 9.545832e+01 -1.200000e+01
    endloop
  endfacet
  facet normal 0.000000e+00 0.000000e+00 -1.000000e+00
    outer loop
      vertex   -2.388582e+01 6.194776e+01 -1.200000e+01
      vertex   -7.428043e+00 9.545832e+01 -1.200000e+01
      vertex   -7.086620e+00 9.540234e+01 -1.200000e+01
    endloop
  endfacet
  facet normal 0.000000e+00 0.000000e+00 -1.000000e+00
    outer loop
      vertex   -6.741147e+00 9.857892e+01 -1.200000e+01
      vertex   -7.086620e+00 9.859765e+01 -1.200000e+01
      vertex   -1.500000e+01 1.200000e+02 -1.200000e+01
    endloop
  endfacet
  facet normal 0.000000e+00 0.000000e+00 -1.000000e+00
    outer loop
      vertex   -1.500000e+01 1.200000e+02 -1.200000e+01
      vertex   -7.086620e+00 9.859765e+01 -1.200000e+01
      vertex   -7.428043e+00 9.854168e+01 -1.200000e+01
    endloop
  endfacet
  facet normal 0.000000e+00 0.000000e+00 -1.000000e+00
    outer loop
      vertex   -1.500000e+01 1.200000e+02 -1.200000e+01
      vertex   -7.428043e+00 9.854168e+01 -1.200000e+01
      vertex   -7.749451e+00 9.841362e+01 -1.200000e+01
    endloop
  endfacet
  facet normal -0.000000e+00 0.000000e+00 -1.000000e+00
    outer loop
      vertex   -7.749451e+00 9.841362e+01 -1.200000e+01
      vertex   -8.035816e+00 9.821946e+01 -1.200000e+01
      vertex   -1.500000e+01 1.200000e+02 -1.200000e+01
    endloop
  endfacet
  facet normal 0.000000e+00 0.000000e+00 -1.000000e+00
    outer loop
      vertex   -1.500000e+01 1.200000e+02 -1.200000e+01
      vertex   -8.035816e+00 9.821946e+01 -1.200000e+01
      vertex   -8.273747e+00 9.796828e+01 -1.200000e+01
    endloop
  endfacet
  facet normal 0.000000e+00 0.000000e+00 -1.000000e+00
    outer loop
      vertex   -1.500000e+01 1.200000e+02 -1.200000e+01
      vertex   -8.273747e+00 9.796828e+01 -1.200000e+01
      vertex   -8.452119e+00 9.767182e+01 -1.200000e+01
    endloop
  endfacet
  facet normal 0.000000e+00 -0.000000e+00 -1.000000e+00
    outer loop
      vertex   -1.500000e+01 1.200000e+02 -1.200000e+01
      vertex   -8.452119e+00 9.767182e+01 -1.200000e+01
      vertex   -1.729940e+01 1.199117e+02 -1.200000e+01
    endloop
  endfacet
  facet normal 0.000000e+00 0.000000e+00 -1.000000e+00
    outer loop
      vertex   -1.729940e+01 1.199117e+02 -1.200000e+01
      vertex   -8.452119e+00 9.767182e+01 -1.200000e+01
      vertex   -8.562591e+00 9.734395e+01 -1.200000e+01
    endloop
  endfacet
  facet normal 0.000000e+00 0.000000e+00 -1.000000e+00
    outer loop
      vertex   -2.406279e+01 1.185984e+02 -1.200000e+01
      vertex   -2.625055e+01 9.941362e+01 -1.200000e+01
      vertex   -2.622810e+01 1.178196e+02 -1.200000e+01
    endloop
  endfacet
  facet normal 0.000000e+00 0.000000e+00 -1.000000e+00
    outer loop
      vertex   -2.622810e+01 1.178196e+02 -1.200000e+01
      vertex   -2.625055e+01 9.941362e+01 -1.200000e+01
      vertex   -2.657195e+01 9.954168e+01 -1.200000e+01
    endloop
  endfacet
  facet normal 0.000000e+00 0.000000e+00 -1.000000e+00
    outer loop
      vertex   -2.622810e+01 1.178196e+02 -1.200000e+01
      vertex   -2.657195e+01 9.954168e+01 -1.200000e+01
      vertex   -2.832735e+01 1.168772e+02 -1.200000e+01
    endloop
  endfacet
  facet normal 0.000000e+00 0.000000e+00 -1.000000e+00
    outer loop
      vertex   -2.832735e+01 1.168772e+02 -1.200000e+01
      vertex   -2.657195e+01 9.954168e+01 -1.200000e+01
      vertex   -2.691338e+01 9.959765e+01 -1.200000e+01
    endloop
  endfacet
  facet normal 0.000000e+00 0.000000e+00 -1.000000e+00
    outer loop
      vertex   -2.832735e+01 1.168772e+02 -1.200000e+01
      vertex   -2.691338e+01 9.959765e+01 -1.200000e+01
      vertex   -2.725885e+01 9.957892e+01 -1.200000e+01
    endloop
  endfacet
  facet normal 0.000000e+00 0.000000e+00 -1.000000e+00
    outer loop
      vertex   -2.759222e+01 9.948636e+01 -1.200000e+01
      vertex   -3.915011e+01 1.047326e+02 -1.200000e+01
      vertex   -2.725885e+01 9.957892e+01 -1.200000e+01
    endloop
  endfacet
  facet normal 0.000000e+00 0.000000e+00 -1.000000e+00
    outer loop
      vertex   -2.725885e+01 9.957892e+01 -1.200000e+01
      vertex   -3.915011e+01 1.047326e+02 -1.200000e+01
      vertex   -3.841711e+01 1.066589e+02 -1.200000e+01
    endloop
  endfacet
  facet normal 0.000000e+00 0.000000e+00 -1.000000e+00
    outer loop
      vertex   -2.725885e+01 9.957892e+01 -1.200000e+01
      vertex   -3.841711e+01 1.066589e+02 -1.200000e+01
      vertex   -3.748975e+01 1.084995e+02 -1.200000e+01
    endloop
  endfacet
  facet normal -0.000000e+00 0.000000e+00 -1.000000e+00
    outer loop
      vertex   -2.759222e+01 9.948636e+01 -1.200000e+01
      vertex   -2.789790e+01 9.932430e+01 -1.200000e+01
      vertex   -3.915011e+01 1.047326e+02 -1.200000e+01
    endloop
  endfacet
  facet normal 0.000000e+00 0.000000e+00 -1.000000e+00
    outer loop
      vertex   -3.915011e+01 1.047326e+02 -1.200000e+01
      vertex   -2.789790e+01 9.932430e+01 -1.200000e+01
      vertex   -2.816159e+01 9.910032e+01 -1.200000e+01
    endloop
  endfacet
  facet normal 0.000000e+00 -0.000000e+00 -1.000000e+00
    outer loop
      vertex   -3.915011e+01 1.047326e+02 -1.200000e+01
      vertex   -2.816159e+01 9.910032e+01 -1.200000e+01
      vertex   -3.968099e+01 1.027411e+02 -1.200000e+01
    endloop
  endfacet
  facet normal 0.000000e+00 0.000000e+00 -1.000000e+00
    outer loop
      vertex   -3.968099e+01 1.027411e+02 -1.200000e+01
      vertex   -2.816159e+01 9.910032e+01 -1.200000e+01
      vertex   -2.837097e+01 9.882489e+01 -1.200000e+01
    endloop
  endfacet
  facet normal 0.000000e+00 0.000000e+00 -1.000000e+00
    outer loop
      vertex   -3.968099e+01 1.027411e+02 -1.200000e+01
      vertex   -2.837097e+01 9.882489e+01 -1.200000e+01
      vertex   -2.851625e+01 9.851088e+01 -1.200000e+01
    endloop
  endfacet
  facet normal -0.000000e+00 0.000000e+00 -1.000000e+00
    outer loop
      vertex   -2.851625e+01 9.851088e+01 -1.200000e+01
      vertex   -2.859062e+01 9.817299e+01 -1.200000e+01
      vertex   -3.968099e+01 1.027411e+02 -1.200000e+01
    endloop
  endfacet
  facet normal 0.000000e+00 -0.000000e+00 -1.000000e+00
    outer loop
      vertex   -3.968099e+01 1.027411e+02 -1.200000e+01
      vertex   -2.859062e+01 9.817299e+01 -1.200000e+01
      vertex   -4.000409e+01 1.007056e+02 -1.200000e+01
    endloop
  endfacet
  facet normal 0.000000e+00 -0.000000e+00 -1.000000e+00
    outer loop
      vertex   -4.000409e+01 1.007056e+02 -1.200000e+01
      vertex   -2.859062e+01 9.817299e+01 -1.200000e+01
      vertex   -4.011599e+01 9.864759e+01 -1.200000e+01
    endloop
  endfacet
  facet normal 0.000000e+00 0.000000e+00 -1.000000e+00
    outer loop
      vertex   -4.011599e+01 9.864759e+01 -1.200000e+01
      vertex   -2.859062e+01 9.817299e+01 -1.200000e+01
      vertex   -4.001549e+01 9.658901e+01 -1.200000e+01
    endloop
  endfacet
  facet normal 0.000000e+00 0.000000e+00 -1.000000e+00
    outer loop
      vertex   -4.001549e+01 9.658901e+01 -1.200000e+01
      vertex   -2.859062e+01 9.817299e+01 -1.200000e+01
      vertex   -3.970367e+01 9.455170e+01 -1.200000e+01
    endloop
  endfacet
  facet normal 0.000000e+00 0.000000e+00 -1.000000e+00
    outer loop
      vertex   -3.970367e+01 9.455170e+01 -1.200000e+01
      vertex   -2.859062e+01 9.817299e+01 -1.200000e+01
      vertex   -2.859062e+01 9.782701e+01 -1.200000e+01
    endloop
  endfacet
  facet normal 0.000000e+00 0.000000e+00 -1.000000e+00
    outer loop
      vertex   -3.970367e+01 9.455170e+01 -1.200000e+01
      vertex   -2.859062e+01 9.782701e+01 -1.200000e+01
      vertex   -3.918383e+01 9.255730e+01 -1.200000e+01
    endloop
  endfacet
  facet normal 0.000000e+00 0.000000e+00 -1.000000e+00
    outer loop
      vertex   -3.918383e+01 9.255730e+01 -1.200000e+01
      vertex   -2.859062e+01 9.782701e+01 -1.200000e+01
      vertex   -3.846151e+01 9.062699e+01 -1.200000e+01
    endloop
  endfacet
  facet normal 0.000000e+00 0.000000e+00 -1.000000e+00
    outer loop
      vertex   -3.846151e+01 9.062699e+01 -1.200000e+01
      vertex   -2.859062e+01 9.782701e+01 -1.200000e+01
      vertex   -3.754436e+01 8.878126e+01 -1.200000e+01
    endloop
  endfacet
  facet normal 0.000000e+00 0.000000e+00 -1.000000e+00
    outer loop
      vertex   -3.754436e+01 8.878126e+01 -1.200000e+01
      vertex   -2.859062e+01 9.782701e+01 -1.200000e+01
      vertex   -2.851625e+01 9.748912e+01 -1.200000e+01
    endloop
  endfacet
  facet normal 0.000000e+00 0.000000e+00 -1.000000e+00
    outer loop
      vertex   -3.754436e+01 8.878126e+01 -1.200000e+01
      vertex   -2.851625e+01 9.748912e+01 -1.200000e+01
      vertex   -3.644213e+01 8.703973e+01 -1.200000e+01
    endloop
  endfacet
  facet normal 0.000000e+00 0.000000e+00 -1.000000e+00
    outer loop
      vertex   -3.644213e+01 8.703973e+01 -1.200000e+01
      vertex   -2.851625e+01 9.748912e+01 -1.200000e+01
      vertex   -3.516652e+01 8.542087e+01 -1.200000e+01
    endloop
  endfacet
  facet normal 0.000000e+00 0.000000e+00 -1.000000e+00
    outer loop
      vertex   -3.516652e+01 8.542087e+01 -1.200000e+01
      vertex   -2.851625e+01 9.748912e+01 -1.200000e+01
      vertex   -2.837097e+01 9.717511e+01 -1.200000e+01
    endloop
  endfacet
  facet normal 0.000000e+00 0.000000e+00 -1.000000e+00
    outer loop
      vertex   -3.516652e+01 8.542087e+01 -1.200000e+01
      vertex   -2.837097e+01 9.717511e+01 -1.200000e+01
      vertex   -3.308179e+01 8.286932e+01 -1.200000e+01
    endloop
  endfacet
  facet normal 0.000000e+00 0.000000e+00 -1.000000e+00
    outer loop
      vertex   -3.308179e+01 8.286932e+01 -1.200000e+01
      vertex   -2.837097e+01 9.717511e+01 -1.200000e+01
      vertex   -2.816159e+01 9.689968e+01 -1.200000e+01
    endloop
  endfacet
  facet normal 0.000000e+00 0.000000e+00 -1.000000e+00
    outer loop
      vertex   -3.308179e+01 8.286932e+01 -1.200000e+01
      vertex   -2.816159e+01 9.689968e+01 -1.200000e+01
      vertex   -2.789790e+01 9.667570e+01 -1.200000e+01
    endloop
  endfacet
  facet normal 0.000000e+00 -0.000000e+00 -1.000000e+00
    outer loop
      vertex   -2.789790e+01 9.667570e+01 -1.200000e+01
      vertex   -2.759222e+01 9.651364e+01 -1.200000e+01
      vertex   -3.308179e+01 8.286932e+01 -1.200000e+01
    endloop
  endfacet
  facet normal 0.000000e+00 0.000000e+00 -1.000000e+00
    outer loop
      vertex   -3.308179e+01 8.286932e+01 -1.200000e+01
      vertex   -2.759222e+01 9.651364e+01 -1.200000e+01
      vertex   -3.117453e+01 8.018253e+01 -1.200000e+01
    endloop
  endfacet
  facet normal 0.000000e+00 0.000000e+00 -1.000000e+00
    outer loop
      vertex   -3.117453e+01 8.018253e+01 -1.200000e+01
      vertex   -2.759222e+01 9.651364e+01 -1.200000e+01
      vertex   -2.725885e+01 9.642108e+01 -1.200000e+01
    endloop
  endfacet
  facet normal 0.000000e+00 0.000000e+00 -1.000000e+00
    outer loop
      vertex   -3.117453e+01 8.018253e+01 -1.200000e+01
      vertex   -2.725885e+01 9.642108e+01 -1.200000e+01
      vertex   -2.691338e+01 9.640235e+01 -1.200000e+01
    endloop
  endfacet
  facet normal 0.000000e+00 0.000000e+00 -1.000000e+00
    outer loop
      vertex   2.856259e+01 9.834395e+01 -1.200000e+01
      vertex   3.915011e+01 1.047326e+02 -1.200000e+01
      vertex   2.860000e+01 9.800000e+01 -1.200000e+01
    endloop
  endfacet
  facet normal 0.000000e+00 0.000000e+00 -1.000000e+00
    outer loop
      vertex   2.860000e+01 9.800000e+01 -1.200000e+01
      vertex   3.915011e+01 1.047326e+02 -1.200000e+01
      vertex   3.968099e+01 1.027411e+02 -1.200000e+01
    endloop
  endfacet
  facet normal 0.000000e+00 0.000000e+00 -1.000000e+00
    outer loop
      vertex   2.860000e+01 9.800000e+01 -1.200000e+01
      vertex   3.968099e+01 1.027411e+02 -1.200000e+01
      vertex   4.000409e+01 1.007056e+02 -1.200000e+01
    endloop
  endfacet
  facet normal 0.000000e+00 0.000000e+00 -1.000000e+00
    outer loop
      vertex   2.845212e+01 9.867182e+01 -1.200000e+01
      vertex   3.637789e+01 1.102349e+02 -1.200000e+01
      vertex   2.856259e+01 9.834395e+01 -1.200000e+01
    endloop
  endfacet
  facet normal 0.000000e+00 0.000000e+00 -1.000000e+00
    outer loop
      vertex   2.856259e+01 9.834395e+01 -1.200000e+01
      vertex   3.637789e+01 1.102349e+02 -1.200000e+01
      vertex   3.748975e+01 1.084995e+02 -1.200000e+01
    endloop
  endfacet
  facet normal 0.000000e+00 0.000000e+00 -1.000000e+00
    outer loop
      vertex   2.856259e+01 9.834395e+01 -1.200000e+01
      vertex   3.748975e+01 1.084995e+02 -1.200000e+01
      vertex   3.841711e+01 1.066589e+02 -1.200000e+01
    endloop
  endfacet
  facet normal -0.000000e+00 0.000000e+00 -1.000000e+00
    outer loop
      vertex   3.637789e+01 1.102349e+02 -1.200000e+01
      vertex   2.845212e+01 9.867182e+01 -1.200000e+01
      vertex   3.509333e+01 1.118467e+02 -1.200000e+01
    endloop
  endfacet
  facet normal 0.000000e+00 0.000000e+00 -1.000000e+00
    outer loop
      vertex   3.509333e+01 1.118467e+02 -1.200000e+01
      vertex   2.845212e+01 9.867182e+01 -1.200000e+01
      vertex   2.827375e+01 9.896828e+01 -1.200000e+01
    endloop
  endfacet
  facet normal -0.000000e+00 0.000000e+00 -1.000000e+00
    outer loop
      vertex   3.509333e+01 1.118467e+02 -1.200000e+01
      vertex   2.827375e+01 9.896828e+01 -1.200000e+01
      vertex   3.364972e+01 1.133177e+02 -1.200000e+01
    endloop
  endfacet
  facet normal 0.000000e+00 0.000000e+00 -1.000000e+00
    outer loop
      vertex   3.364972e+01 1.133177e+02 -1.200000e+01
      vertex   2.827375e+01 9.896828e+01 -1.200000e+01
      vertex   2.803582e+01 9.921946e+01 -1.200000e+01
    endloop
  endfacet
  facet normal -0.000000e+00 0.000000e+00 -1.000000e+00
    outer loop
      vertex   3.364972e+01 1.133177e+02 -1.200000e+01
      vertex   2.803582e+01 9.921946e+01 -1.200000e+01
      vertex   3.206239e+01 1.146323e+02 -1.200000e+01
    endloop
  endfacet
  facet normal 0.000000e+00 0.000000e+00 -1.000000e+00
    outer loop
      vertex   3.206239e+01 1.146323e+02 -1.200000e+01
      vertex   2.803582e+01 9.921946e+01 -1.200000e+01
      vertex   2.774945e+01 9.941362e+01 -1.200000e+01
    endloop
  endfacet
  facet normal -0.000000e+00 0.000000e+00 -1.000000e+00
    outer loop
      vertex   3.206239e+01 1.146323e+02 -1.200000e+01
      vertex   2.774945e+01 9.941362e+01 -1.200000e+01
      vertex   3.034819e+01 1.157766e+02 -1.200000e+01
    endloop
  endfacet
  facet normal 0.000000e+00 0.000000e+00 -1.000000e+00
    outer loop
      vertex   3.034819e+01 1.157766e+02 -1.200000e+01
      vertex   2.774945e+01 9.941362e+01 -1.200000e+01
      vertex   2.742805e+01 9.954168e+01 -1.200000e+01
    endloop
  endfacet
  facet normal -0.000000e+00 0.000000e+00 -1.000000e+00
    outer loop
      vertex   3.034819e+01 1.157766e+02 -1.200000e+01
      vertex   2.742805e+01 9.954168e+01 -1.200000e+01
      vertex   2.832735e+01 1.168772e+02 -1.200000e+01
    endloop
  endfacet
  facet normal 0.000000e+00 0.000000e+00 -1.000000e+00
    outer loop
      vertex   2.832735e+01 1.168772e+02 -1.200000e+01
      vertex   2.742805e+01 9.954168e+01 -1.200000e+01
      vertex   2.708662e+01 9.959765e+01 -1.200000e+01
    endloop
  endfacet
  facet normal 0.000000e+00 0.000000e+00 -1.000000e+00
    outer loop
      vertex   2.832735e+01 1.168772e+02 -1.200000e+01
      vertex   2.708662e+01 9.959765e+01 -1.200000e+01
      vertex   2.674115e+01 9.957892e+01 -1.200000e+01
    endloop
  endfacet
  facet normal -0.000000e+00 0.000000e+00 -1.000000e+00
    outer loop
      vertex   2.832735e+01 1.168772e+02 -1.200000e+01
      vertex   2.674115e+01 9.957892e+01 -1.200000e+01
      vertex   2.622810e+01 1.178196e+02 -1.200000e+01
    endloop
  endfacet
  facet normal 0.000000e+00 0.000000e+00 -1.000000e+00
    outer loop
      vertex   2.622810e+01 1.178196e+02 -1.200000e+01
      vertex   2.674115e+01 9.957892e+01 -1.200000e+01
      vertex   2.640778e+01 9.948636e+01 -1.200000e+01
    endloop
  endfacet
  facet normal 0.000000e+00 -0.000000e+00 -1.000000e+00
    outer loop
      vertex   2.622810e+01 1.178196e+02 -1.200000e+01
      vertex   2.640778e+01 9.948636e+01 -1.200000e+01
      vertex   2.610210e+01 9.932430e+01 -1.200000e+01
    endloop
  endfacet
  facet normal -0.000000e+00 0.000000e+00 -1.000000e+00
    outer loop
      vertex   2.622810e+01 1.178196e+02 -1.200000e+01
      vertex   2.610210e+01 9.932430e+01 -1.200000e+01
      vertex   2.406279e+01 1.185984e+02 -1.200000e+01
    endloop
  endfacet
  facet normal 0.000000e+00 0.000000e+00 -1.000000e+00
    outer loop
      vertex   2.406279e+01 1.185984e+02 -1.200000e+01
      vertex   2.610210e+01 9.932430e+01 -1.200000e+01
      vertex   2.583841e+01 9.910032e+01 -1.200000e+01
    endloop
  endfacet
  facet normal -0.000000e+00 -0.000000e+00 -1.000000e+00
    outer loop
      vertex   2.406279e+01 1.185984e+02 -1.200000e+01
      vertex   2.583841e+01 9.910032e+01 -1.200000e+01
      vertex   2.184416e+01 1.192089e+02 -1.200000e+01
    endloop
  endfacet
  facet normal 0.000000e+00 0.000000e+00 -1.000000e+00
    outer loop
      vertex   2.184416e+01 1.192089e+02 -1.200000e+01
      vertex   2.583841e+01 9.910032e+01 -1.200000e+01
      vertex   2.562903e+01 9.882489e+01 -1.200000e+01
    endloop
  endfacet
  facet normal -0.000000e+00 -0.000000e+00 -1.000000e+00
    outer loop
      vertex   2.184416e+01 1.192089e+02 -1.200000e+01
      vertex   2.562903e+01 9.882489e+01 -1.200000e+01
      vertex   1.958527e+01 1.196475e+02 -1.200000e+01
    endloop
  endfacet
  facet normal 0.000000e+00 0.000000e+00 -1.000000e+00
    outer loop
      vertex   1.958527e+01 1.196475e+02 -1.200000e+01
      vertex   2.562903e+01 9.882489e+01 -1.200000e+01
      vertex   2.548375e+01 9.851088e+01 -1.200000e+01
    endloop
  endfacet
  facet normal -0.000000e+00 -0.000000e+00 -1.000000e+00
    outer loop
      vertex   1.958527e+01 1.196475e+02 -1.200000e+01
      vertex   2.548375e+01 9.851088e+01 -1.200000e+01
      vertex   1.729940e+01 1.199117e+02 -1.200000e+01
    endloop
  endfacet
  facet normal 0.000000e+00 0.000000e+00 -1.000000e+00
    outer loop
      vertex   2.742805e+01 9.645832e+01 -1.200000e+01
      vertex   2.774945e+01 9.658638e+01 -1.200000e+01
      vertex   3.970367e+01 9.455170e+01 -1.200000e+01
    endloop
  endfacet
  facet normal 0.000000e+00 0.000000e+00 -1.000000e+00
    outer loop
      vertex   3.970367e+01 9.455170e+01 -1.200000e+01
      vertex   2.774945e+01 9.658638e+01 -1.200000e+01
      vertex   2.803582e+01 9.678054e+01 -1.200000e+01
    endloop
  endfacet
  facet normal 0.000000e+00 0.000000e+00 -1.000000e+00
    outer loop
      vertex   3.970367e+01 9.455170e+01 -1.200000e+01
      vertex   2.803582e+01 9.678054e+01 -1.200000e+01
      vertex   2.827375e+01 9.703172e+01 -1.200000e+01
    endloop
  endfacet
  facet normal 0.000000e+00 0.000000e+00 -1.000000e+00
    outer loop
      vertex   2.827375e+01 9.703172e+01 -1.200000e+01
      vertex   2.845212e+01 9.732818e+01 -1.200000e+01
      vertex   3.970367e+01 9.455170e+01 -1.200000e+01
    endloop
  endfacet
  facet normal 0.000000e+00 0.000000e+00 -1.000000e+00
    outer loop
      vertex   3.970367e+01 9.455170e+01 -1.200000e+01
      vertex   2.845212e+01 9.732818e+01 -1.200000e+01
      vertex   2.856259e+01 9.765605e+01 -1.200000e+01
    endloop
  endfacet
  facet normal 0.000000e+00 0.000000e+00 -1.000000e+00
    outer loop
      vertex   3.970367e+01 9.455170e+01 -1.200000e+01
      vertex   2.856259e+01 9.765605e+01 -1.200000e+01
      vertex   2.860000e+01 9.800000e+01 -1.200000e+01
    endloop
  endfacet
  facet normal 0.000000e+00 1.285938e-16 -1.000000e+00
    outer loop
      vertex   -4.366922e+01 -2.950000e+01 -1.200000e+01
      vertex   -1.903211e+01 -1.568630e+01 -1.200000e+01
      vertex   4.366922e+01 -2.950000e+01 -1.200000e+01
    endloop
  endfacet
  facet normal -1.824316e-17 4.578688e-17 -1.000000e+00
    outer loop
      vertex   4.366922e+01 -2.950000e+01 -1.200000e+01
      vertex   -1.903211e+01 -1.568630e+01 -1.200000e+01
      vertex   -1.868057e+01 -1.554623e+01 -1.200000e+01
    endloop
  endfacet
  facet normal -2.141994e-17 3.159205e-17 -1.000000e+00
    outer loop
      vertex   4.366922e+01 -2.950000e+01 -1.200000e+01
      vertex   -1.868057e+01 -1.554623e+01 -1.200000e+01
      vertex   -1.836736e+01 -1.533387e+01 -1.200000e+01
    endloop
  endfacet
  facet normal -2.979327e-17 1.817309e-16 -1.000000e+00
    outer loop
      vertex   -1.903211e+01 -1.568630e+01 -1.200000e+01
      vertex   -4.366922e+01 -2.950000e+01 -1.200000e+01
      vertex   -1.940554e+01 -1.574752e+01 -1.200000e+01
    endloop
  endfacet
  facet normal 8.251033e-17 -1.640778e-17 -1.000000e+00
    outer loop
      vertex   -1.940554e+01 -1.574752e+01 -1.200000e+01
      vertex   -4.366922e+01 -2.950000e+01 -1.200000e+01
      vertex   -4.363561e+01 -2.933097e+01 -1.200000e+01
    endloop
  endfacet
  facet normal 8.244822e-17 -1.629698e-17 -1.000000e+00
    outer loop
      vertex   -1.940554e+01 -1.574752e+01 -1.200000e+01
      vertex   -4.363561e+01 -2.933097e+01 -1.200000e+01
      vertex   -4.360219e+01 -2.916191e+01 -1.200000e+01
    endloop
  endfacet
  facet normal 8.238700e-17 -1.618655e-17 -1.000000e+00
    outer loop
      vertex   -4.360219e+01 -2.916191e+01 -1.200000e+01
      vertex   -4.356897e+01 -2.899281e+01 -1.200000e+01
      vertex   -1.940554e+01 -1.574752e+01 -1.200000e+01
    endloop
  endfacet
  facet normal 8.342516e-17 -1.808048e-17 -1.000000e+00
    outer loop
      vertex   -1.940554e+01 -1.574752e+01 -1.200000e+01
      vertex   -4.356897e+01 -2.899281e+01 -1.200000e+01
      vertex   -4.250989e+01 -2.410611e+01 -1.200000e+01
    endloop
  endfacet
  facet normal 8.483288e-17 -2.197162e-17 -1.000000e+00
    outer loop
      vertex   -1.940554e+01 -1.574752e+01 -1.200000e+01
      vertex   -4.250989e+01 -2.410611e+01 -1.200000e+01
      vertex   -4.125623e+01 -1.926568e+01 -1.200000e+01
    endloop
  endfacet
  facet normal 9.511772e-17 -2.874042e-17 -1.000000e+00
    outer loop
      vertex   -3.980998e+01 -1.447926e+01 -1.200000e+01
      vertex   -2.115868e+01 -1.455886e+01 -1.200000e+01
      vertex   -4.125623e+01 -1.926568e+01 -1.200000e+01
    endloop
  endfacet
  facet normal 7.974611e-17 3.689448e-17 -1.000000e+00
    outer loop
      vertex   -4.125623e+01 -1.926568e+01 -1.200000e+01
      vertex   -2.115868e+01 -1.455886e+01 -1.200000e+01
      vertex   -2.099979e+01 -1.490230e+01 -1.200000e+01
    endloop
  endfacet
  facet normal 7.535432e-17 5.728286e-17 -1.000000e+00
    outer loop
      vertex   -4.125623e+01 -1.926568e+01 -1.200000e+01
      vertex   -2.099979e+01 -1.490230e+01 -1.200000e+01
      vertex   -2.077078e+01 -1.520356e+01 -1.200000e+01
    endloop
  endfacet
  facet normal 9.509980e-17 -3.293976e-17 -1.000000e+00
    outer loop
      vertex   -3.980998e+01 -1.447926e+01 -1.200000e+01
      vertex   -3.817346e+01 -9.754506e+00 -1.200000e+01
      vertex   -2.115868e+01 -1.455886e+01 -1.200000e+01
    endloop
  endfacet
  facet normal 1.113196e-16 2.450330e-17 -1.000000e+00
    outer loop
      vertex   -2.115868e+01 -1.455886e+01 -1.200000e+01
      vertex   -3.817346e+01 -9.754506e+00 -1.200000e+01
      vertex   -2.124003e+01 -1.418929e+01 -1.200000e+01
    endloop
  endfacet
  facet normal 9.513934e-17 -3.727824e-17 -1.000000e+00
    outer loop
      vertex   -2.124003e+01 -1.418929e+01 -1.200000e+01
      vertex   -3.817346e+01 -9.754506e+00 -1.200000e+01
      vertex   -3.634930e+01 -5.098984e+00 -1.200000e+01
    endloop
  endfacet
  facet normal 1.175673e-16 0.000000e+00 -1.000000e+00
    outer loop
      vertex   -2.124003e+01 -1.418929e+01 -1.200000e+01
      vertex   -3.634930e+01 -5.098984e+00 -1.200000e+01
      vertex   -2.124003e+01 -1.381087e+01 -1.200000e+01
    endloop
  endfacet
  facet normal 9.383089e-17 -4.116677e-17 -1.000000e+00
    outer loop
      vertex   -2.124003e+01 -1.381087e+01 -1.200000e+01
      vertex   -3.634930e+01 -5.098984e+00 -1.200000e+01
      vertex   -3.434041e+01 -5.201398e-01 -1.200000e+01
    endloop
  endfacet
  facet normal 1.108429e-16 -2.439838e-17 -1.000000e+00
    outer loop
      vertex   -2.124003e+01 -1.381087e+01 -1.200000e+01
      vertex   -3.434041e+01 -5.201398e-01 -1.200000e+01
      vertex   -2.115868e+01 -1.344130e+01 -1.200000e+01
    endloop
  endfacet
  facet normal 9.119614e-17 -4.444136e-17 -1.000000e+00
    outer loop
      vertex   -2.115868e+01 -1.344130e+01 -1.200000e+01
      vertex   -3.434041e+01 -5.201398e-01 -1.200000e+01
      vertex   -3.215000e+01 3.974699e+00 -1.200000e+01
    endloop
  endfacet
  facet normal 9.325285e-17 -4.314336e-17 -1.000000e+00
    outer loop
      vertex   -2.115868e+01 -1.344130e+01 -1.200000e+01
      vertex   -3.215000e+01 3.974699e+00 -1.200000e+01
      vertex   -2.099979e+01 -1.309786e+01 -1.200000e+01
    endloop
  endfacet
  facet normal 9.198129e-17 -4.397383e-17 -1.000000e+00
    outer loop
      vertex   -2.099979e+01 -1.309786e+01 -1.200000e+01
      vertex   -3.215000e+01 3.974699e+00 -1.200000e+01
      vertex   -3.060834e+01 7.199427e+00 -1.200000e+01
    endloop
  endfacet
  facet normal 7.094600e-17 -5.393175e-17 -1.000000e+00
    outer loop
      vertex   -2.099979e+01 -1.309786e+01 -1.200000e+01
      vertex   -3.060834e+01 7.199427e+00 -1.200000e+01
      vertex   -2.077078e+01 -1.279661e+01 -1.200000e+01
    endloop
  endfacet
  facet normal 5.321825e-17 -6.265337e-17 -1.000000e+00
    outer loop
      vertex   -2.077078e+01 -1.279661e+01 -1.200000e+01
      vertex   -3.060834e+01 7.199427e+00 -1.200000e+01
      vertex   -2.048236e+01 -1.255162e+01 -1.200000e+01
    endloop
  endfacet
  facet normal 9.724483e-17 -4.008180e-17 -1.000000e+00
    outer loop
      vertex   -2.048236e+01 -1.255162e+01 -1.200000e+01
      vertex   -3.060834e+01 7.199427e+00 -1.200000e+01
      vertex   -2.924627e+01 1.050402e+01 -1.200000e+01
    endloop
  endfacet
  facet normal 3.399630e-17 -6.412383e-17 -1.000000e+00
    outer loop
      vertex   -2.048236e+01 -1.255162e+01 -1.200000e+01
      vertex   -2.924627e+01 1.050402e+01 -1.200000e+01
      vertex   -2.014803e+01 -1.237437e+01 -1.200000e+01
    endloop
  endfacet
  facet normal 1.941400e-17 -6.992290e-17 -1.000000e+00
    outer loop
      vertex   -2.014803e+01 -1.237437e+01 -1.200000e+01
      vertex   -2.924627e+01 1.050402e+01 -1.200000e+01
      vertex   -1.978340e+01 -1.227313e+01 -1.200000e+01
    endloop
  endfacet
  facet normal 1.019920e-16 -3.561550e-17 -1.000000e+00
    outer loop
      vertex   -1.978340e+01 -1.227313e+01 -1.200000e+01
      vertex   -2.924627e+01 1.050402e+01 -1.200000e+01
      vertex   -2.806791e+01 1.387849e+01 -1.200000e+01
    endloop
  endfacet
  facet normal 3.620616e-18 -6.677833e-17 -1.000000e+00
    outer loop
      vertex   -1.978340e+01 -1.227313e+01 -1.200000e+01
      vertex   -2.806791e+01 1.387849e+01 -1.200000e+01
      vertex   -1.940554e+01 -1.225265e+01 -1.200000e+01
    endloop
  endfacet
  facet normal -1.178499e-17 -7.188523e-17 -1.000000e+00
    outer loop
      vertex   -1.940554e+01 -1.225265e+01 -1.200000e+01
      vertex   -2.806791e+01 1.387849e+01 -1.200000e+01
      vertex   -1.903211e+01 -1.231387e+01 -1.200000e+01
    endloop
  endfacet
  facet normal 1.070423e-16 -3.089234e-17 -1.000000e+00
    outer loop
      vertex   -1.903211e+01 -1.231387e+01 -1.200000e+01
      vertex   -2.806791e+01 1.387849e+01 -1.200000e+01
      vertex   -2.707682e+01 1.731263e+01 -1.200000e+01
    endloop
  endfacet
  facet normal -2.678779e-17 -6.723228e-17 -1.000000e+00
    outer loop
      vertex   -1.903211e+01 -1.231387e+01 -1.200000e+01
      vertex   -2.707682e+01 1.731263e+01 -1.200000e+01
      vertex   -1.868057e+01 -1.245393e+01 -1.200000e+01
    endloop
  endfacet
  facet normal 1.165631e-16 -2.679730e-17 -1.000000e+00
    outer loop
      vertex   -1.868057e+01 -1.245393e+01 -1.200000e+01
      vertex   -2.707682e+01 1.731263e+01 -1.200000e+01
      vertex   -2.627600e+01 2.079606e+01 -1.200000e+01
    endloop
  endfacet
  facet normal -4.286096e-17 -6.321519e-17 -1.000000e+00
    outer loop
      vertex   -1.868057e+01 -1.245393e+01 -1.200000e+01
      vertex   -2.627600e+01 2.079606e+01 -1.200000e+01
      vertex   -1.836736e+01 -1.266630e+01 -1.200000e+01
    endloop
  endfacet
  facet normal -7.467267e-17 -7.073371e-17 -1.000000e+00
    outer loop
      vertex   -1.836736e+01 -1.266630e+01 -1.200000e+01
      vertex   -2.627600e+01 2.079606e+01 -1.200000e+01
      vertex   -1.810712e+01 -1.294102e+01 -1.200000e+01
    endloop
  endfacet
  facet normal 1.269382e-16 -2.191695e-17 -1.000000e+00
    outer loop
      vertex   -1.810712e+01 -1.294102e+01 -1.200000e+01
      vertex   -2.627600e+01 2.079606e+01 -1.200000e+01
      vertex   -2.566787e+01 2.431824e+01 -1.200000e+01
    endloop
  endfacet
  facet normal 1.492557e-16 -1.738822e-17 -1.000000e+00
    outer loop
      vertex   -1.810712e+01 -1.294102e+01 -1.200000e+01
      vertex   -2.566787e+01 2.431824e+01 -1.200000e+01
      vertex   -2.525426e+01 2.786852e+01 -1.200000e+01
    endloop
  endfacet
  facet normal 0.000000e+00 -0.000000e+00 -1.000000e+00
    outer loop
      vertex   -2.462840e+01 3.485255e+01 -1.200000e+01
      vertex   2.462840e+01 3.485255e+01 -1.200000e+01
      vertex   -2.525426e+01 2.786852e+01 -1.200000e+01
    endloop
  endfacet
  facet normal 0.000000e+00 0.000000e+00 -1.000000e+00
    outer loop
      vertex   -2.525426e+01 2.786852e+01 -1.200000e+01
      vertex   2.462840e+01 3.485255e+01 -1.200000e+01
      vertex   2.525426e+01 2.786852e+01 -1.200000e+01
    endloop
  endfacet
  facet normal 1.215030e-31 -4.318485e-17 -1.000000e+00
    outer loop
      vertex   -2.525426e+01 2.786852e+01 -1.200000e+01
      vertex   2.525426e+01 2.786852e+01 -1.200000e+01
      vertex   -1.791203e+01 -1.326527e+01 -1.200000e+01
    endloop
  endfacet
  facet normal -3.703957e-17 -4.315092e-18 -1.000000e+00
    outer loop
      vertex   -1.791203e+01 -1.326527e+01 -1.200000e+01
      vertex   2.525426e+01 2.786852e+01 -1.200000e+01
      vertex   2.566787e+01 2.431824e+01 -1.200000e+01
    endloop
  endfacet
  facet normal -3.547818e-17 -6.125606e-18 -1.000000e+00
    outer loop
      vertex   -1.791203e+01 -1.326527e+01 -1.200000e+01
      vertex   2.566787e+01 2.431824e+01 -1.200000e+01
      vertex   2.627600e+01 2.079606e+01 -1.200000e+01
    endloop
  endfacet
  facet normal 0.000000e+00 0.000000e+00 -1.000000e+00
    outer loop
      vertex   2.462840e+01 3.485255e+01 -1.200000e+01
      vertex   -2.462840e+01 3.485255e+01 -1.200000e+01
      vertex   2.399003e+01 4.183546e+01 -1.200000e+01
    endloop
  endfacet
  facet normal -0.000000e+00 0.000000e+00 -1.000000e+00
    outer loop
      vertex   2.399003e+01 4.183546e+01 -1.200000e+01
      vertex   -2.462840e+01 3.485255e+01 -1.200000e+01
      vertex   -2.399003e+01 4.183546e+01 -1.200000e+01
    endloop
  endfacet
  facet normal 0.000000e+00 0.000000e+00 -1.000000e+00
    outer loop
      vertex   2.399003e+01 4.183546e+01 -1.200000e+01
      vertex   -2.399003e+01 4.183546e+01 -1.200000e+01
      vertex   2.333916e+01 4.881721e+01 -1.200000e+01
    endloop
  endfacet
  facet normal 0.000000e+00 0.000000e+00 -1.000000e+00
    outer loop
      vertex   2.333916e+01 4.881721e+01 -1.200000e+01
      vertex   -2.399003e+01 4.183546e+01 -1.200000e+01
      vertex   -2.333916e+01 4.881721e+01 -1.200000e+01
    endloop
  endfacet
  facet normal -0.000000e+00 0.000000e+00 -1.000000e+00
    outer loop
      vertex   2.333916e+01 4.881721e+01 -1.200000e+01
      vertex   -2.333916e+01 4.881721e+01 -1.200000e+01
      vertex   2.314163e+01 5.210620e+01 -1.200000e+01
    endloop
  endfacet
  facet normal 0.000000e+00 0.000000e+00 -1.000000e+00
    outer loop
      vertex   2.314163e+01 5.210620e+01 -1.200000e+01
      vertex   -2.333916e+01 4.881721e+01 -1.200000e+01
      vertex   -2.314163e+01 5.210620e+01 -1.200000e+01
    endloop
  endfacet
  facet normal -0.000000e+00 0.000000e+00 -1.000000e+00
    outer loop
      vertex   2.314163e+01 5.210620e+01 -1.200000e+01
      vertex   -2.314163e+01 5.210620e+01 -1.200000e+01
      vertex   2.316714e+01 5.540102e+01 -1.200000e+01
    endloop
  endfacet
  facet normal 0.000000e+00 0.000000e+00 -1.000000e+00
    outer loop
      vertex   2.316714e+01 5.540102e+01 -1.200000e+01
      vertex   -2.314163e+01 5.210620e+01 -1.200000e+01
      vertex   -2.316714e+01 5.540102e+01 -1.200000e+01
    endloop
  endfacet
  facet normal -0.000000e+00 0.000000e+00 -1.000000e+00
    outer loop
      vertex   2.316714e+01 5.540102e+01 -1.200000e+01
      vertex   -2.316714e+01 5.540102e+01 -1.200000e+01
      vertex   -7.086620e+00 9.540234e+01 -1.200000e+01
    endloop
  endfacet
  facet normal 0.000000e+00 0.000000e+00 -1.000000e+00
    outer loop
      vertex   -7.086620e+00 9.540234e+01 -1.200000e+01
      vertex   -2.316714e+01 5.540102e+01 -1.200000e+01
      vertex   -2.341558e+01 5.868656e+01 -1.200000e+01
    endloop
  endfacet
  facet normal 0.000000e+00 0.000000e+00 -1.000000e+00
    outer loop
      vertex   -7.086620e+00 9.540234e+01 -1.200000e+01
      vertex   -2.341558e+01 5.868656e+01 -1.200000e+01
      vertex   -2.388582e+01 6.194776e+01 -1.200000e+01
    endloop
  endfacet
  facet normal 0.000000e+00 0.000000e+00 -1.000000e+00
    outer loop
      vertex   -2.792653e+01 7.445307e+01 -1.200000e+01
      vertex   -2.945348e+01 7.737282e+01 -1.200000e+01
      vertex   -2.691338e+01 9.640235e+01 -1.200000e+01
    endloop
  endfacet
  facet normal 0.000000e+00 0.000000e+00 -1.000000e+00
    outer loop
      vertex   -2.691338e+01 9.640235e+01 -1.200000e+01
      vertex   -2.945348e+01 7.737282e+01 -1.200000e+01
      vertex   -3.117453e+01 8.018253e+01 -1.200000e+01
    endloop
  endfacet
  facet normal 0.000000e+00 0.000000e+00 -1.000000e+00
    outer loop
      vertex   -3.748975e+01 1.084995e+02 -1.200000e+01
      vertex   -3.637789e+01 1.102349e+02 -1.200000e+01
      vertex   -2.725885e+01 9.957892e+01 -1.200000e+01
    endloop
  endfacet
  facet normal 0.000000e+00 0.000000e+00 -1.000000e+00
    outer loop
      vertex   -2.725885e+01 9.957892e+01 -1.200000e+01
      vertex   -3.637789e+01 1.102349e+02 -1.200000e+01
      vertex   -3.509333e+01 1.118467e+02 -1.200000e+01
    endloop
  endfacet
  facet normal 0.000000e+00 0.000000e+00 -1.000000e+00
    outer loop
      vertex   -2.725885e+01 9.957892e+01 -1.200000e+01
      vertex   -3.509333e+01 1.118467e+02 -1.200000e+01
      vertex   -3.364972e+01 1.133177e+02 -1.200000e+01
    endloop
  endfacet
  facet normal 0.000000e+00 0.000000e+00 -1.000000e+00
    outer loop
      vertex   -3.364972e+01 1.133177e+02 -1.200000e+01
      vertex   -3.206239e+01 1.146323e+02 -1.200000e+01
      vertex   -2.725885e+01 9.957892e+01 -1.200000e+01
    endloop
  endfacet
  facet normal 0.000000e+00 0.000000e+00 -1.000000e+00
    outer loop
      vertex   -2.725885e+01 9.957892e+01 -1.200000e+01
      vertex   -3.206239e+01 1.146323e+02 -1.200000e+01
      vertex   -3.034819e+01 1.157766e+02 -1.200000e+01
    endloop
  endfacet
  facet normal 0.000000e+00 0.000000e+00 -1.000000e+00
    outer loop
      vertex   -2.725885e+01 9.957892e+01 -1.200000e+01
      vertex   -3.034819e+01 1.157766e+02 -1.200000e+01
      vertex   -2.832735e+01 1.168772e+02 -1.200000e+01
    endloop
  endfacet
  facet normal 0.000000e+00 -0.000000e+00 -1.000000e+00
    outer loop
      vertex   3.841711e+01 1.066589e+02 -1.200000e+01
      vertex   3.915011e+01 1.047326e+02 -1.200000e+01
      vertex   2.856259e+01 9.834395e+01 -1.200000e+01
    endloop
  endfacet
  facet normal 0.000000e+00 -0.000000e+00 -1.000000e+00
    outer loop
      vertex   4.000409e+01 1.007056e+02 -1.200000e+01
      vertex   4.011599e+01 9.864759e+01 -1.200000e+01
      vertex   2.860000e+01 9.800000e+01 -1.200000e+01
    endloop
  endfacet
  facet normal 0.000000e+00 0.000000e+00 -1.000000e+00
    outer loop
      vertex   2.860000e+01 9.800000e+01 -1.200000e+01
      vertex   4.011599e+01 9.864759e+01 -1.200000e+01
      vertex   4.001549e+01 9.658901e+01 -1.200000e+01
    endloop
  endfacet
  facet normal 0.000000e+00 0.000000e+00 -1.000000e+00
    outer loop
      vertex   2.860000e+01 9.800000e+01 -1.200000e+01
      vertex   4.001549e+01 9.658901e+01 -1.200000e+01
      vertex   3.970367e+01 9.455170e+01 -1.200000e+01
    endloop
  endfacet
  facet normal -3.191177e-17 -1.075233e-17 -1.000000e+00
    outer loop
      vertex   -1.791203e+01 -1.326527e+01 -1.200000e+01
      vertex   2.627600e+01 2.079606e+01 -1.200000e+01
      vertex   -1.779120e+01 -1.362388e+01 -1.200000e+01
    endloop
  endfacet
  facet normal -3.417374e-17 -7.856378e-18 -1.000000e+00
    outer loop
      vertex   -1.779120e+01 -1.362388e+01 -1.200000e+01
      vertex   2.627600e+01 2.079606e+01 -1.200000e+01
      vertex   2.707682e+01 1.731263e+01 -1.200000e+01
    endloop
  endfacet
  facet normal -3.302007e-17 -9.529570e-18 -1.000000e+00
    outer loop
      vertex   -1.779120e+01 -1.362388e+01 -1.200000e+01
      vertex   2.707682e+01 1.731263e+01 -1.200000e+01
      vertex   2.806791e+01 1.387849e+01 -1.200000e+01
    endloop
  endfacet
  facet normal -3.636337e-17 -3.954755e-18 -1.000000e+00
    outer loop
      vertex   -1.779120e+01 -1.362388e+01 -1.200000e+01
      vertex   2.806791e+01 1.387849e+01 -1.200000e+01
      vertex   -1.775028e+01 -1.400008e+01 -1.200000e+01
    endloop
  endfacet
  facet normal -3.197569e-17 -1.116587e-17 -1.000000e+00
    outer loop
      vertex   -1.775028e+01 -1.400008e+01 -1.200000e+01
      vertex   2.806791e+01 1.387849e+01 -1.200000e+01
      vertex   2.924627e+01 1.050402e+01 -1.200000e+01
    endloop
  endfacet
  facet normal -3.111148e-17 -1.282335e-17 -1.000000e+00
    outer loop
      vertex   -1.775028e+01 -1.400008e+01 -1.200000e+01
      vertex   2.924627e+01 1.050402e+01 -1.200000e+01
      vertex   3.060834e+01 7.199427e+00 -1.200000e+01
    endloop
  endfacet
  facet normal -3.857198e-17 4.194955e-18 -1.000000e+00
    outer loop
      vertex   -1.775028e+01 -1.400008e+01 -1.200000e+01
      vertex   3.060834e+01 7.199427e+00 -1.200000e+01
      vertex   -1.779120e+01 -1.437628e+01 -1.200000e+01
    endloop
  endfacet
  facet normal -3.025424e-17 -1.446375e-17 -1.000000e+00
    outer loop
      vertex   -1.779120e+01 -1.437628e+01 -1.200000e+01
      vertex   3.060834e+01 7.199427e+00 -1.200000e+01
      vertex   3.215000e+01 3.974699e+00 -1.200000e+01
    endloop
  endfacet
  facet normal -3.016709e-17 -1.470091e-17 -1.000000e+00
    outer loop
      vertex   -1.779120e+01 -1.437628e+01 -1.200000e+01
      vertex   3.215000e+01 3.974699e+00 -1.200000e+01
      vertex   3.434041e+01 -5.201398e-01 -1.200000e+01
    endloop
  endfacet
  facet normal -3.051595e-17 -1.338838e-17 -1.000000e+00
    outer loop
      vertex   3.434041e+01 -5.201398e-01 -1.200000e+01
      vertex   3.634930e+01 -5.098984e+00 -1.200000e+01
      vertex   -1.779120e+01 -1.437628e+01 -1.200000e+01
    endloop
  endfacet
  facet normal -3.074580e-17 -1.204706e-17 -1.000000e+00
    outer loop
      vertex   -1.779120e+01 -1.437628e+01 -1.200000e+01
      vertex   3.634930e+01 -5.098984e+00 -1.200000e+01
      vertex   3.817346e+01 -9.754506e+00 -1.200000e+01
    endloop
  endfacet
  facet normal -3.085801e-17 -1.068830e-17 -1.000000e+00
    outer loop
      vertex   -1.779120e+01 -1.437628e+01 -1.200000e+01
      vertex   3.817346e+01 -9.754506e+00 -1.200000e+01
      vertex   3.980998e+01 -1.447926e+01 -1.200000e+01
    endloop
  endfacet
  facet normal -3.085557e-17 -9.323205e-18 -1.000000e+00
    outer loop
      vertex   3.980998e+01 -1.447926e+01 -1.200000e+01
      vertex   4.125623e+01 -1.926568e+01 -1.200000e+01
      vertex   -1.779120e+01 -1.437628e+01 -1.200000e+01
    endloop
  endfacet
  facet normal -2.926701e-17 9.861204e-18 -1.000000e+00
    outer loop
      vertex   -1.779120e+01 -1.437628e+01 -1.200000e+01
      vertex   4.125623e+01 -1.926568e+01 -1.200000e+01
      vertex   -1.791203e+01 -1.473489e+01 -1.200000e+01
    endloop
  endfacet
  facet normal -3.062960e-17 -7.933030e-18 -1.000000e+00
    outer loop
      vertex   -1.791203e+01 -1.473489e+01 -1.200000e+01
      vertex   4.125623e+01 -1.926568e+01 -1.200000e+01
      vertex   4.250989e+01 -2.410611e+01 -1.200000e+01
    endloop
  endfacet
  facet normal -3.042180e-17 -6.593224e-18 -1.000000e+00
    outer loop
      vertex   -1.791203e+01 -1.473489e+01 -1.200000e+01
      vertex   4.250989e+01 -2.410611e+01 -1.200000e+01
      vertex   4.356897e+01 -2.899281e+01 -1.200000e+01
    endloop
  endfacet
  facet normal -3.027206e-17 -5.947543e-18 -1.000000e+00
    outer loop
      vertex   4.356897e+01 -2.899281e+01 -1.200000e+01
      vertex   4.360219e+01 -2.916191e+01 -1.200000e+01
      vertex   -1.791203e+01 -1.473489e+01 -1.200000e+01
    endloop
  endfacet
  facet normal -3.028095e-17 -5.985430e-18 -1.000000e+00
    outer loop
      vertex   -1.791203e+01 -1.473489e+01 -1.200000e+01
      vertex   4.360219e+01 -2.916191e+01 -1.200000e+01
      vertex   4.363561e+01 -2.933097e+01 -1.200000e+01
    endloop
  endfacet
  facet normal -3.028995e-17 -6.023376e-18 -1.000000e+00
    outer loop
      vertex   -1.791203e+01 -1.473489e+01 -1.200000e+01
      vertex   4.363561e+01 -2.933097e+01 -1.200000e+01
      vertex   4.366922e+01 -2.950000e+01 -1.200000e+01
    endloop
  endfacet
  facet normal -1.020476e-16 -6.139998e-17 -1.000000e+00
    outer loop
      vertex   -1.791203e+01 -1.326527e+01 -1.200000e+01
      vertex   -1.810712e+01 -1.294102e+01 -1.200000e+01
      vertex   -2.525426e+01 2.786852e+01 -1.200000e+01
    endloop
  endfacet
  facet normal 7.030135e-17 8.276515e-17 -1.000000e+00
    outer loop
      vertex   -2.077078e+01 -1.520356e+01 -1.200000e+01
      vertex   -2.048236e+01 -1.544854e+01 -1.200000e+01
      vertex   -4.125623e+01 -1.926568e+01 -1.200000e+01
    endloop
  endfacet
  facet normal 6.350084e-17 1.197753e-16 -1.000000e+00
    outer loop
      vertex   -4.125623e+01 -1.926568e+01 -1.200000e+01
      vertex   -2.048236e+01 -1.544854e+01 -1.200000e+01
      vertex   -2.014803e+01 -1.562579e+01 -1.200000e+01
    endloop
  endfacet
  facet normal 5.191311e-17 1.869741e-16 -1.000000e+00
    outer loop
      vertex   -4.125623e+01 -1.926568e+01 -1.200000e+01
      vertex   -2.014803e+01 -1.562579e+01 -1.200000e+01
      vertex   -1.978340e+01 -1.572703e+01 -1.200000e+01
    endloop
  endfacet
  facet normal 2.047925e-17 3.777175e-16 -1.000000e+00
    outer loop
      vertex   -1.978340e+01 -1.572703e+01 -1.200000e+01
      vertex   -1.940554e+01 -1.574752e+01 -1.200000e+01
      vertex   -4.125623e+01 -1.926568e+01 -1.200000e+01
    endloop
  endfacet
  facet normal -2.354179e-17 2.229997e-17 -1.000000e+00
    outer loop
      vertex   -1.836736e+01 -1.533387e+01 -1.200000e+01
      vertex   -1.810712e+01 -1.505914e+01 -1.200000e+01
      vertex   4.366922e+01 -2.950000e+01 -1.200000e+01
    endloop
  endfacet
  facet normal -2.520902e-17 1.516777e-17 -1.000000e+00
    outer loop
      vertex   4.366922e+01 -2.950000e+01 -1.200000e+01
      vertex   -1.810712e+01 -1.505914e+01 -1.200000e+01
      vertex   -1.791203e+01 -1.473489e+01 -1.200000e+01
    endloop
  endfacet
  facet normal -9.805600e-01 1.962193e-01 1.181610e-15
    outer loop
      vertex   -4.356897e+01 -2.899281e+01 4.100000e+00
      vertex   -4.336900e+01 -2.799352e+01 4.100000e+00
      vertex   -4.356897e+01 -2.899281e+01 -1.200000e+01
    endloop
  endfacet
  facet normal -9.786862e-01 2.053605e-01 -5.906462e-04
    outer loop
      vertex   -4.356897e+01 -2.899281e+01 -1.200000e+01
      vertex   -4.336900e+01 -2.799352e+01 4.100000e+00
      vertex   -4.294466e+01 -2.600000e+01 -5.900000e+00
    endloop
  endfacet
  facet normal -9.773035e-01 2.118080e-01 -3.895489e-03
    outer loop
      vertex   -4.356897e+01 -2.899281e+01 -1.200000e+01
      vertex   -4.294466e+01 -2.600000e+01 -5.900000e+00
      vertex   -4.250989e+01 -2.410611e+01 -1.200000e+01
    endloop
  endfacet
  facet normal -9.715235e-01 2.369040e-01 4.308109e-03
    outer loop
      vertex   -4.250989e+01 -2.410611e+01 -1.200000e+01
      vertex   -4.294466e+01 -2.600000e+01 -5.900000e+00
      vertex   -4.168339e+01 -2.082762e+01 -5.900000e+00
    endloop
  endfacet
  facet normal -9.680519e-01 2.507243e-01 -3.590112e-03
    outer loop
      vertex   -4.250989e+01 -2.410611e+01 -1.200000e+01
      vertex   -4.168339e+01 -2.082762e+01 -5.900000e+00
      vertex   -4.125623e+01 -1.926568e+01 -1.200000e+01
    endloop
  endfacet
  facet normal -9.605560e-01 2.780588e-01 3.933958e-03
    outer loop
      vertex   -4.125623e+01 -1.926568e+01 -1.200000e+01
      vertex   -4.168339e+01 -2.082762e+01 -5.900000e+00
      vertex   -4.020301e+01 -1.571364e+01 -5.900000e+00
    endloop
  endfacet
  facet normal -9.572516e-01 2.892396e-01 -3.147183e-03
    outer loop
      vertex   -4.125623e+01 -1.926568e+01 -1.200000e+01
      vertex   -4.020301e+01 -1.571364e+01 -5.900000e+00
      vertex   -3.980998e+01 -1.447926e+01 -1.200000e+01
    endloop
  endfacet
  facet normal -9.478463e-01 3.187095e-01 3.422257e-03
    outer loop
      vertex   -3.980998e+01 -1.447926e+01 -1.200000e+01
      vertex   -4.020301e+01 -1.571364e+01 -5.900000e+00
      vertex   -3.850621e+01 -1.066733e+01 -5.900000e+00
    endloop
  endfacet
  facet normal -9.449197e-01 3.272923e-01 -2.566704e-03
    outer loop
      vertex   -3.980998e+01 -1.447926e+01 -1.200000e+01
      vertex   -3.850621e+01 -1.066733e+01 -5.900000e+00
      vertex   -3.817346e+01 -9.754506e+00 -1.200000e+01
    endloop
  endfacet
  facet normal -9.334172e-01 3.587822e-01 2.773007e-03
    outer loop
      vertex   -3.817346e+01 -9.754506e+00 -1.200000e+01
      vertex   -3.850621e+01 -1.066733e+01 -5.900000e+00
      vertex   -3.659607e+01 -5.697859e+00 -5.900000e+00
    endloop
  endfacet
  facet normal -9.310757e-01 3.648213e-01 -1.848678e-03
    outer loop
      vertex   -3.817346e+01 -9.754506e+00 -1.200000e+01
      vertex   -3.659607e+01 -5.697859e+00 -5.900000e+00
      vertex   -3.634930e+01 -5.098984e+00 -1.200000e+01
    endloop
  endfacet
  facet normal -9.172947e-01 3.982041e-01 1.986211e-03
    outer loop
      vertex   -3.634930e+01 -5.098984e+00 -1.200000e+01
      vertex   -3.659607e+01 -5.697859e+00 -5.900000e+00
      vertex   -3.447605e+01 -8.142280e-01 -5.900000e+00
    endloop
  endfacet
  facet normal -9.157416e-01 4.017666e-01 -9.931077e-04
    outer loop
      vertex   -3.634930e+01 -5.098984e+00 -1.200000e+01
      vertex   -3.447605e+01 -8.142280e-01 -5.900000e+00
      vertex   -3.434041e+01 -5.201398e-01 -1.200000e+01
    endloop
  endfacet
  facet normal -8.995077e-01 4.369037e-01 1.061873e-03
    outer loop
      vertex   -3.434041e+01 -5.201398e-01 -1.200000e+01
      vertex   -3.447605e+01 -8.142280e-01 -5.900000e+00
      vertex   -3.215000e+01 3.974699e+00 -5.900000e+00
    endloop
  endfacet
  facet normal -8.989414e-01 4.380688e-01 0.000000e+00
    outer loop
      vertex   -3.434041e+01 -5.201398e-01 -1.200000e+01
      vertex   -3.215000e+01 3.974699e+00 -5.900000e+00
      vertex   -3.215000e+01 3.974699e+00 -1.200000e+01
    endloop
  endfacet
  facet normal -9.789274e-01 2.042069e-01 -8.308441e-04
    outer loop
      vertex   -4.336900e+01 -2.799352e+01 4.100000e+00
      vertex   -4.316090e+01 -2.699590e+01 4.100000e+00
      vertex   -4.294466e+01 -2.600000e+01 -5.900000e+00
    endloop
  endfacet
  facet normal -9.772304e-01 2.121811e-01 6.943639e-16
    outer loop
      vertex   -4.294466e+01 -2.600000e+01 -5.900000e+00
      vertex   -4.316090e+01 -2.699590e+01 4.100000e+00
      vertex   -4.294466e+01 -2.600000e+01 4.100000e+00
    endloop
  endfacet
  facet normal -9.807956e-01 1.950384e-01 1.731422e-15
    outer loop
      vertex   -4.366922e+01 -2.950000e+01 -1.200000e+01
      vertex   -4.366922e+01 -2.950000e+01 4.100000e+00
      vertex   -4.363561e+01 -2.933097e+01 -1.200000e+01
    endloop
  endfacet
  facet normal -9.807956e-01 1.950384e-01 5.604918e-16
    outer loop
      vertex   -4.363561e+01 -2.933097e+01 -1.200000e+01
      vertex   -4.366922e+01 -2.950000e+01 4.100000e+00
      vertex   -4.363561e+01 -2.933097e+01 4.100000e+00
    endloop
  endfacet
  facet normal -9.810190e-01 1.939114e-01 5.130580e-16
    outer loop
      vertex   -4.363561e+01 -2.933097e+01 -1.200000e+01
      vertex   -4.363561e+01 -2.933097e+01 4.100000e+00
      vertex   -4.360219e+01 -2.916191e+01 -1.200000e+01
    endloop
  endfacet
  facet normal -9.810190e-01 1.939114e-01 -1.053075e-15
    outer loop
      vertex   -4.360219e+01 -2.916191e+01 -1.200000e+01
      vertex   -4.363561e+01 -2.933097e+01 4.100000e+00
      vertex   -4.360219e+01 -2.916191e+01 4.100000e+00
    endloop
  endfacet
  facet normal -9.812412e-01 1.927842e-01 -1.148932e-15
    outer loop
      vertex   -4.360219e+01 -2.916191e+01 -1.200000e+01
      vertex   -4.360219e+01 -2.916191e+01 4.100000e+00
      vertex   -4.356897e+01 -2.899281e+01 -1.200000e+01
    endloop
  endfacet
  facet normal -9.812412e-01 1.927842e-01 7.434703e-16
    outer loop
      vertex   -4.356897e+01 -2.899281e+01 -1.200000e+01
      vertex   -4.360219e+01 -2.916191e+01 4.100000e+00
      vertex   -4.356897e+01 -2.899281e+01 4.100000e+00
    endloop
  endfacet
  facet normal 0.000000e+00 -1.000000e+00 0.000000e+00
    outer loop
      vertex   3.770609e+01 -2.950000e+01 -1.104701e+00
      vertex   4.366922e+01 -2.950000e+01 -5.900000e+00
      vertex   3.774466e+01 -2.950000e+01 -7.500000e-01
    endloop
  endfacet
  facet normal 0.000000e+00 -1.000000e+00 0.000000e+00
    outer loop
      vertex   3.774466e+01 -2.950000e+01 -7.500000e-01
      vertex   4.366922e+01 -2.950000e+01 -5.900000e+00
      vertex   4.366922e+01 -2.950000e+01 4.100000e+00
    endloop
  endfacet
  facet normal 0.000000e+00 -1.000000e+00 0.000000e+00
    outer loop
      vertex   3.774466e+01 -2.950000e+01 -7.500000e-01
      vertex   4.366922e+01 -2.950000e+01 4.100000e+00
      vertex   3.770609e+01 -2.950000e+01 -3.952988e-01
    endloop
  endfacet
  facet normal 0.000000e+00 -1.000000e+00 0.000000e+00
    outer loop
      vertex   3.770609e+01 -2.950000e+01 -3.952988e-01
      vertex   4.366922e+01 -2.950000e+01 4.100000e+00
      vertex   3.759216e+01 -2.950000e+01 -5.718298e-02
    endloop
  endfacet
  facet normal 0.000000e+00 -1.000000e+00 0.000000e+00
    outer loop
      vertex   3.759216e+01 -2.950000e+01 -5.718298e-02
      vertex   4.366922e+01 -2.950000e+01 4.100000e+00
      vertex   3.740822e+01 -2.950000e+01 2.485375e-01
    endloop
  endfacet
  facet normal 0.000000e+00 -1.000000e+00 0.000000e+00
    outer loop
      vertex   3.740822e+01 -2.950000e+01 2.485375e-01
      vertex   4.366922e+01 -2.950000e+01 4.100000e+00
      vertex   3.716285e+01 -2.950000e+01 5.075674e-01
    endloop
  endfacet
  facet normal 0.000000e+00 -1.000000e+00 0.000000e+00
    outer loop
      vertex   3.716285e+01 -2.950000e+01 5.075674e-01
      vertex   4.366922e+01 -2.950000e+01 4.100000e+00
      vertex   3.686754e+01 -2.950000e+01 7.077949e-01
    endloop
  endfacet
  facet normal 0.000000e+00 -1.000000e+00 0.000000e+00
    outer loop
      vertex   3.686754e+01 -2.950000e+01 7.077949e-01
      vertex   4.366922e+01 -2.950000e+01 4.100000e+00
      vertex   3.653608e+01 -2.950000e+01 8.398575e-01
    endloop
  endfacet
  facet normal 0.000000e+00 -1.000000e+00 0.000000e+00
    outer loop
      vertex   3.653608e+01 -2.950000e+01 8.398575e-01
      vertex   4.366922e+01 -2.950000e+01 4.100000e+00
      vertex   3.618399e+01 -2.950000e+01 8.975801e-01
    endloop
  endfacet
  facet normal -0.000000e+00 -1.000000e+00 0.000000e+00
    outer loop
      vertex   3.618399e+01 -2.950000e+01 8.975801e-01
      vertex   4.366922e+01 -2.950000e+01 4.100000e+00
      vertex   3.582772e+01 -2.950000e+01 8.782638e-01
    endloop
  endfacet
  facet normal 0.000000e+00 -1.000000e+00 0.000000e+00
    outer loop
      vertex   3.582772e+01 -2.950000e+01 8.782638e-01
      vertex   4.366922e+01 -2.950000e+01 4.100000e+00
      vertex   -4.366922e+01 -2.950000e+01 4.100000e+00
    endloop
  endfacet
  facet normal -0.000000e+00 -1.000000e+00 0.000000e+00
    outer loop
      vertex   3.582772e+01 -2.950000e+01 8.782638e-01
      vertex   -4.366922e+01 -2.950000e+01 4.100000e+00
      vertex   -3.565324e+01 -2.950000e+01 8.398575e-01
    endloop
  endfacet
  facet normal 0.000000e+00 -1.000000e+00 0.000000e+00
    outer loop
      vertex   -3.565324e+01 -2.950000e+01 8.398575e-01
      vertex   -4.366922e+01 -2.950000e+01 4.100000e+00
      vertex   -3.600533e+01 -2.950000e+01 8.975801e-01
    endloop
  endfacet
  facet normal -0.000000e+00 -1.000000e+00 0.000000e+00
    outer loop
      vertex   -3.600533e+01 -2.950000e+01 8.975801e-01
      vertex   -4.366922e+01 -2.950000e+01 4.100000e+00
      vertex   -3.636160e+01 -2.950000e+01 8.782638e-01
    endloop
  endfacet
  facet normal -0.000000e+00 -1.000000e+00 0.000000e+00
    outer loop
      vertex   -3.636160e+01 -2.950000e+01 8.782638e-01
      vertex   -4.366922e+01 -2.950000e+01 4.100000e+00
      vertex   -3.670539e+01 -2.950000e+01 7.828116e-01
    endloop
  endfacet
  facet normal -0.000000e+00 -1.000000e+00 0.000000e+00
    outer loop
      vertex   -3.670539e+01 -2.950000e+01 7.828116e-01
      vertex   -4.366922e+01 -2.950000e+01 4.100000e+00
      vertex   -3.702062e+01 -2.950000e+01 6.156868e-01
    endloop
  endfacet
  facet normal -0.000000e+00 -1.000000e+00 0.000000e+00
    outer loop
      vertex   -3.702062e+01 -2.950000e+01 6.156868e-01
      vertex   -4.366922e+01 -2.950000e+01 4.100000e+00
      vertex   -3.729256e+01 -2.950000e+01 3.847041e-01
    endloop
  endfacet
  facet normal -0.000000e+00 -1.000000e+00 0.000000e+00
    outer loop
      vertex   -3.729256e+01 -2.950000e+01 3.847041e-01
      vertex   -4.366922e+01 -2.950000e+01 4.100000e+00
      vertex   -3.750848e+01 -2.950000e+01 1.006639e-01
    endloop
  endfacet
  facet normal -0.000000e+00 -1.000000e+00 0.000000e+00
    outer loop
      vertex   -3.750848e+01 -2.950000e+01 1.006639e-01
      vertex   -4.366922e+01 -2.950000e+01 4.100000e+00
      vertex   -3.765829e+01 -2.950000e+01 -2.231525e-01
    endloop
  endfacet
  facet normal -0.000000e+00 -1.000000e+00 0.000000e+00
    outer loop
      vertex   -3.765829e+01 -2.950000e+01 -2.231525e-01
      vertex   -4.366922e+01 -2.950000e+01 4.100000e+00
      vertex   -3.773499e+01 -2.950000e+01 -5.716036e-01
    endloop
  endfacet
  facet normal -0.000000e+00 -1.000000e+00 -0.000000e+00
    outer loop
      vertex   -3.773499e+01 -2.950000e+01 -5.716036e-01
      vertex   -4.366922e+01 -2.950000e+01 4.100000e+00
      vertex   -3.773499e+01 -2.950000e+01 -9.283964e-01
    endloop
  endfacet
  facet normal -0.000000e+00 -1.000000e+00 -0.000000e+00
    outer loop
      vertex   -3.773499e+01 -2.950000e+01 -9.283964e-01
      vertex   -4.366922e+01 -2.950000e+01 4.100000e+00
      vertex   -3.765829e+01 -2.950000e+01 -1.276848e+00
    endloop
  endfacet
  facet normal -0.000000e+00 -1.000000e+00 -0.000000e+00
    outer loop
      vertex   -3.765829e+01 -2.950000e+01 -1.276848e+00
      vertex   -4.366922e+01 -2.950000e+01 4.100000e+00
      vertex   -3.750848e+01 -2.950000e+01 -1.600664e+00
    endloop
  endfacet
  facet normal -0.000000e+00 -1.000000e+00 0.000000e+00
    outer loop
      vertex   -3.750848e+01 -2.950000e+01 -1.600664e+00
      vertex   -4.366922e+01 -2.950000e+01 4.100000e+00
      vertex   -4.366922e+01 -2.950000e+01 -1.200000e+01
    endloop
  endfacet
  facet normal 0.000000e+00 -1.000000e+00 -0.000000e+00
    outer loop
      vertex   -3.750848e+01 -2.950000e+01 -1.600664e+00
      vertex   -4.366922e+01 -2.950000e+01 -1.200000e+01
      vertex   -3.729256e+01 -2.950000e+01 -1.884704e+00
    endloop
  endfacet
  facet normal 0.000000e+00 -1.000000e+00 -0.000000e+00
    outer loop
      vertex   -3.729256e+01 -2.950000e+01 -1.884704e+00
      vertex   -4.366922e+01 -2.950000e+01 -1.200000e+01
      vertex   -3.702062e+01 -2.950000e+01 -2.115687e+00
    endloop
  endfacet
  facet normal 0.000000e+00 -1.000000e+00 -0.000000e+00
    outer loop
      vertex   -3.702062e+01 -2.950000e+01 -2.115687e+00
      vertex   -4.366922e+01 -2.950000e+01 -1.200000e+01
      vertex   -3.670539e+01 -2.950000e+01 -2.282812e+00
    endloop
  endfacet
  facet normal 0.000000e+00 -1.000000e+00 -0.000000e+00
    outer loop
      vertex   -3.670539e+01 -2.950000e+01 -2.282812e+00
      vertex   -4.366922e+01 -2.950000e+01 -1.200000e+01
      vertex   -3.636160e+01 -2.950000e+01 -2.378264e+00
    endloop
  endfacet
  facet normal 0.000000e+00 -1.000000e+00 -0.000000e+00
    outer loop
      vertex   -3.636160e+01 -2.950000e+01 -2.378264e+00
      vertex   -4.366922e+01 -2.950000e+01 -1.200000e+01
      vertex   -3.600533e+01 -2.950000e+01 -2.397580e+00
    endloop
  endfacet
  facet normal 0.000000e+00 -1.000000e+00 -0.000000e+00
    outer loop
      vertex   -3.600533e+01 -2.950000e+01 -2.397580e+00
      vertex   -4.366922e+01 -2.950000e+01 -1.200000e+01
      vertex   -3.565324e+01 -2.950000e+01 -2.339857e+00
    endloop
  endfacet
  facet normal 0.000000e+00 -1.000000e+00 -0.000000e+00
    outer loop
      vertex   -3.565324e+01 -2.950000e+01 -2.339857e+00
      vertex   -4.366922e+01 -2.950000e+01 -1.200000e+01
      vertex   4.366922e+01 -2.950000e+01 -5.900000e+00
    endloop
  endfacet
  facet normal 0.000000e+00 -1.000000e+00 0.000000e+00
    outer loop
      vertex   -3.565324e+01 -2.950000e+01 -2.339857e+00
      vertex   4.366922e+01 -2.950000e+01 -5.900000e+00
      vertex   3.582772e+01 -2.950000e+01 -2.378264e+00
    endloop
  endfacet
  facet normal 0.000000e+00 -1.000000e+00 0.000000e+00
    outer loop
      vertex   3.582772e+01 -2.950000e+01 -2.378264e+00
      vertex   4.366922e+01 -2.950000e+01 -5.900000e+00
      vertex   3.618399e+01 -2.950000e+01 -2.397580e+00
    endloop
  endfacet
  facet normal 0.000000e+00 -1.000000e+00 0.000000e+00
    outer loop
      vertex   3.618399e+01 -2.950000e+01 -2.397580e+00
      vertex   4.366922e+01 -2.950000e+01 -5.900000e+00
      vertex   3.653608e+01 -2.950000e+01 -2.339857e+00
    endloop
  endfacet
  facet normal 0.000000e+00 -1.000000e+00 0.000000e+00
    outer loop
      vertex   3.653608e+01 -2.950000e+01 -2.339857e+00
      vertex   4.366922e+01 -2.950000e+01 -5.900000e+00
      vertex   3.686754e+01 -2.950000e+01 -2.207795e+00
    endloop
  endfacet
  facet normal 0.000000e+00 -1.000000e+00 0.000000e+00
    outer loop
      vertex   3.686754e+01 -2.950000e+01 -2.207795e+00
      vertex   4.366922e+01 -2.950000e+01 -5.900000e+00
      vertex   3.716285e+01 -2.950000e+01 -2.007567e+00
    endloop
  endfacet
  facet normal 0.000000e+00 -1.000000e+00 0.000000e+00
    outer loop
      vertex   3.716285e+01 -2.950000e+01 -2.007567e+00
      vertex   4.366922e+01 -2.950000e+01 -5.900000e+00
      vertex   3.740822e+01 -2.950000e+01 -1.748537e+00
    endloop
  endfacet
  facet normal 0.000000e+00 -1.000000e+00 0.000000e+00
    outer loop
      vertex   3.740822e+01 -2.950000e+01 -1.748537e+00
      vertex   4.366922e+01 -2.950000e+01 -5.900000e+00
      vertex   3.759216e+01 -2.950000e+01 -1.442817e+00
    endloop
  endfacet
  facet normal 0.000000e+00 -1.000000e+00 0.000000e+00
    outer loop
      vertex   3.759216e+01 -2.950000e+01 -1.442817e+00
      vertex   4.366922e+01 -2.950000e+01 -5.900000e+00
      vertex   3.770609e+01 -2.950000e+01 -1.104701e+00
    endloop
  endfacet
  facet normal 0.000000e+00 -1.000000e+00 0.000000e+00
    outer loop
      vertex   3.582772e+01 -2.950000e+01 -2.378264e+00
      vertex   3.548394e+01 -2.950000e+01 -2.282812e+00
      vertex   -3.565324e+01 -2.950000e+01 -2.339857e+00
    endloop
  endfacet
  facet normal 0.000000e+00 -1.000000e+00 0.000000e+00
    outer loop
      vertex   -3.565324e+01 -2.950000e+01 -2.339857e+00
      vertex   3.548394e+01 -2.950000e+01 -2.282812e+00
      vertex   -3.532179e+01 -2.950000e+01 -2.207795e+00
    endloop
  endfacet
  facet normal 0.000000e+00 -1.000000e+00 0.000000e+00
    outer loop
      vertex   -3.532179e+01 -2.950000e+01 -2.207795e+00
      vertex   3.548394e+01 -2.950000e+01 -2.282812e+00
      vertex   3.516870e+01 -2.950000e+01 -2.115687e+00
    endloop
  endfacet
  facet normal 0.000000e+00 -1.000000e+00 0.000000e+00
    outer loop
      vertex   -3.532179e+01 -2.950000e+01 -2.207795e+00
      vertex   3.516870e+01 -2.950000e+01 -2.115687e+00
      vertex   -3.502648e+01 -2.950000e+01 -2.007567e+00
    endloop
  endfacet
  facet normal 0.000000e+00 -1.000000e+00 0.000000e+00
    outer loop
      vertex   -3.502648e+01 -2.950000e+01 -2.007567e+00
      vertex   3.516870e+01 -2.950000e+01 -2.115687e+00
      vertex   3.489677e+01 -2.950000e+01 -1.884704e+00
    endloop
  endfacet
  facet normal 0.000000e+00 -1.000000e+00 0.000000e+00
    outer loop
      vertex   -3.502648e+01 -2.950000e+01 -2.007567e+00
      vertex   3.489677e+01 -2.950000e+01 -1.884704e+00
      vertex   -3.478111e+01 -2.950000e+01 -1.748537e+00
    endloop
  endfacet
  facet normal 0.000000e+00 -1.000000e+00 0.000000e+00
    outer loop
      vertex   -3.478111e+01 -2.950000e+01 -1.748537e+00
      vertex   3.489677e+01 -2.950000e+01 -1.884704e+00
      vertex   3.468085e+01 -2.950000e+01 -1.600664e+00
    endloop
  endfacet
  facet normal 0.000000e+00 -1.000000e+00 0.000000e+00
    outer loop
      vertex   -3.478111e+01 -2.950000e+01 -1.748537e+00
      vertex   3.468085e+01 -2.950000e+01 -1.600664e+00
      vertex   -3.459716e+01 -2.950000e+01 -1.442817e+00
    endloop
  endfacet
  facet normal 0.000000e+00 -1.000000e+00 0.000000e+00
    outer loop
      vertex   -3.459716e+01 -2.950000e+01 -1.442817e+00
      vertex   3.468085e+01 -2.950000e+01 -1.600664e+00
      vertex   3.453104e+01 -2.950000e+01 -1.276848e+00
    endloop
  endfacet
  facet normal 0.000000e+00 -1.000000e+00 0.000000e+00
    outer loop
      vertex   -3.459716e+01 -2.950000e+01 -1.442817e+00
      vertex   3.453104e+01 -2.950000e+01 -1.276848e+00
      vertex   -3.448324e+01 -2.950000e+01 -1.104701e+00
    endloop
  endfacet
  facet normal 0.000000e+00 -1.000000e+00 0.000000e+00
    outer loop
      vertex   -3.448324e+01 -2.950000e+01 -1.104701e+00
      vertex   3.453104e+01 -2.950000e+01 -1.276848e+00
      vertex   3.445434e+01 -2.950000e+01 -9.283964e-01
    endloop
  endfacet
  facet normal 0.000000e+00 -1.000000e+00 0.000000e+00
    outer loop
      vertex   -3.448324e+01 -2.950000e+01 -1.104701e+00
      vertex   3.445434e+01 -2.950000e+01 -9.283964e-01
      vertex   -3.444466e+01 -2.950000e+01 -7.500000e-01
    endloop
  endfacet
  facet normal 0.000000e+00 -1.000000e+00 0.000000e+00
    outer loop
      vertex   -3.444466e+01 -2.950000e+01 -7.500000e-01
      vertex   3.445434e+01 -2.950000e+01 -9.283964e-01
      vertex   3.445434e+01 -2.950000e+01 -5.716036e-01
    endloop
  endfacet
  facet normal 0.000000e+00 -1.000000e+00 0.000000e+00
    outer loop
      vertex   -3.444466e+01 -2.950000e+01 -7.500000e-01
      vertex   3.445434e+01 -2.950000e+01 -5.716036e-01
      vertex   -3.448324e+01 -2.950000e+01 -3.952988e-01
    endloop
  endfacet
  facet normal 0.000000e+00 -1.000000e+00 0.000000e+00
    outer loop
      vertex   -3.448324e+01 -2.950000e+01 -3.952988e-01
      vertex   3.445434e+01 -2.950000e+01 -5.716036e-01
      vertex   3.453104e+01 -2.950000e+01 -2.231525e-01
    endloop
  endfacet
  facet normal 0.000000e+00 -1.000000e+00 0.000000e+00
    outer loop
      vertex   -3.448324e+01 -2.950000e+01 -3.952988e-01
      vertex   3.453104e+01 -2.950000e+01 -2.231525e-01
      vertex   -3.459716e+01 -2.950000e+01 -5.718298e-02
    endloop
  endfacet
  facet normal 0.000000e+00 -1.000000e+00 0.000000e+00
    outer loop
      vertex   -3.459716e+01 -2.950000e+01 -5.718298e-02
      vertex   3.453104e+01 -2.950000e+01 -2.231525e-01
      vertex   3.468085e+01 -2.950000e+01 1.006639e-01
    endloop
  endfacet
  facet normal 0.000000e+00 -1.000000e+00 0.000000e+00
    outer loop
      vertex   -3.459716e+01 -2.950000e+01 -5.718298e-02
      vertex   3.468085e+01 -2.950000e+01 1.006639e-01
      vertex   -3.478111e+01 -2.950000e+01 2.485375e-01
    endloop
  endfacet
  facet normal 0.000000e+00 -1.000000e+00 0.000000e+00
    outer loop
      vertex   -3.478111e+01 -2.950000e+01 2.485375e-01
      vertex   3.468085e+01 -2.950000e+01 1.006639e-01
      vertex   3.489677e+01 -2.950000e+01 3.847041e-01
    endloop
  endfacet
  facet normal 0.000000e+00 -1.000000e+00 0.000000e+00
    outer loop
      vertex   -3.478111e+01 -2.950000e+01 2.485375e-01
      vertex   3.489677e+01 -2.950000e+01 3.847041e-01
      vertex   -3.502648e+01 -2.950000e+01 5.075674e-01
    endloop
  endfacet
  facet normal 0.000000e+00 -1.000000e+00 0.000000e+00
    outer loop
      vertex   -3.502648e+01 -2.950000e+01 5.075674e-01
      vertex   3.489677e+01 -2.950000e+01 3.847041e-01
      vertex   3.516870e+01 -2.950000e+01 6.156868e-01
    endloop
  endfacet
  facet normal 0.000000e+00 -1.000000e+00 0.000000e+00
    outer loop
      vertex   -3.502648e+01 -2.950000e+01 5.075674e-01
      vertex   3.516870e+01 -2.950000e+01 6.156868e-01
      vertex   -3.532179e+01 -2.950000e+01 7.077949e-01
    endloop
  endfacet
  facet normal 0.000000e+00 -1.000000e+00 0.000000e+00
    outer loop
      vertex   -3.532179e+01 -2.950000e+01 7.077949e-01
      vertex   3.516870e+01 -2.950000e+01 6.156868e-01
      vertex   3.548394e+01 -2.950000e+01 7.828116e-01
    endloop
  endfacet
  facet normal 0.000000e+00 -1.000000e+00 0.000000e+00
    outer loop
      vertex   -3.532179e+01 -2.950000e+01 7.077949e-01
      vertex   3.548394e+01 -2.950000e+01 7.828116e-01
      vertex   -3.565324e+01 -2.950000e+01 8.398575e-01
    endloop
  endfacet
  facet normal 0.000000e+00 -1.000000e+00 0.000000e+00
    outer loop
      vertex   -3.565324e+01 -2.950000e+01 8.398575e-01
      vertex   3.548394e+01 -2.950000e+01 7.828116e-01
      vertex   3.582772e+01 -2.950000e+01 8.782638e-01
    endloop
  endfacet
  facet normal 0.000000e+00 -1.000000e+00 0.000000e+00
    outer loop
      vertex   -4.366922e+01 -2.950000e+01 -1.200000e+01
      vertex   4.366922e+01 -2.950000e+01 -1.200000e+01
      vertex   4.366922e+01 -2.950000e+01 -5.900000e+00
    endloop
  endfacet
  facet normal -9.941380e-01 1.081190e-01 0.000000e+00
    outer loop
      vertex   -1.779120e+01 -1.437628e+01 -1.200000e+01
      vertex   -1.779120e+01 -1.437628e+01 -5.900000e+00
      vertex   -1.775028e+01 -1.400008e+01 -1.200000e+01
    endloop
  endfacet
  facet normal -9.941380e-01 1.081190e-01 0.000000e+00
    outer loop
      vertex   -1.775028e+01 -1.400008e+01 -1.200000e+01
      vertex   -1.779120e+01 -1.437628e+01 -5.900000e+00
      vertex   -1.775028e+01 -1.400008e+01 -5.900000e+00
    endloop
  endfacet
  facet normal -9.941380e-01 -1.081190e-01 0.000000e+00
    outer loop
      vertex   -1.775028e+01 -1.400008e+01 -1.200000e+01
      vertex   -1.775028e+01 -1.400008e+01 -5.900000e+00
      vertex   -1.779120e+01 -1.362388e+01 -1.200000e+01
    endloop
  endfacet
  facet normal -9.941380e-01 -1.081190e-01 0.000000e+00
    outer loop
      vertex   -1.779120e+01 -1.362388e+01 -1.200000e+01
      vertex   -1.775028e+01 -1.400008e+01 -5.900000e+00
      vertex   -1.779120e+01 -1.362388e+01 -5.900000e+00
    endloop
  endfacet
  facet normal -9.476532e-01 -3.193015e-01 0.000000e+00
    outer loop
      vertex   -1.779120e+01 -1.362388e+01 -1.200000e+01
      vertex   -1.779120e+01 -1.362388e+01 -5.900000e+00
      vertex   -1.791203e+01 -1.326527e+01 -1.200000e+01
    endloop
  endfacet
  facet normal -9.476532e-01 -3.193015e-01 0.000000e+00
    outer loop
      vertex   -1.791203e+01 -1.326527e+01 -1.200000e+01
      vertex   -1.779120e+01 -1.362388e+01 -5.900000e+00
      vertex   -1.791203e+01 -1.326527e+01 -5.900000e+00
    endloop
  endfacet
  facet normal -8.568572e-01 -5.155539e-01 0.000000e+00
    outer loop
      vertex   -1.791203e+01 -1.326527e+01 -1.200000e+01
      vertex   -1.791203e+01 -1.326527e+01 -5.900000e+00
      vertex   -1.810712e+01 -1.294102e+01 -1.200000e+01
    endloop
  endfacet
  facet normal -8.568572e-01 -5.155539e-01 -1.501324e-16
    outer loop
      vertex   -1.810712e+01 -1.294102e+01 -1.200000e+01
      vertex   -1.791203e+01 -1.326527e+01 -5.900000e+00
      vertex   -1.810712e+01 -1.294102e+01 -5.900000e+00
    endloop
  endfacet
  facet normal -7.259955e-01 -6.876995e-01 -2.002622e-16
    outer loop
      vertex   -1.810712e+01 -1.294102e+01 -1.200000e+01
      vertex   -1.810712e+01 -1.294102e+01 -5.900000e+00
      vertex   -1.836736e+01 -1.266630e+01 -1.200000e+01
    endloop
  endfacet
  facet normal -7.259955e-01 -6.876995e-01 0.000000e+00
    outer loop
      vertex   -1.836736e+01 -1.266630e+01 -1.200000e+01
      vertex   -1.810712e+01 -1.294102e+01 -5.900000e+00
      vertex   -1.836736e+01 -1.266630e+01 -5.900000e+00
    endloop
  endfacet
  facet normal -5.611871e-01 -8.276890e-01 0.000000e+00
    outer loop
      vertex   -1.836736e+01 -1.266630e+01 -1.200000e+01
      vertex   -1.836736e+01 -1.266630e+01 -5.900000e+00
      vertex   -1.868057e+01 -1.245393e+01 -1.200000e+01
    endloop
  endfacet
  facet normal -5.611871e-01 -8.276890e-01 3.268421e-16
    outer loop
      vertex   -1.868057e+01 -1.245393e+01 -1.200000e+01
      vertex   -1.836736e+01 -1.266630e+01 -5.900000e+00
      vertex   -1.868057e+01 -1.245393e+01 -5.900000e+00
    endloop
  endfacet
  facet normal -3.701382e-01 -9.289767e-01 2.155729e-16
    outer loop
      vertex   -1.868057e+01 -1.245393e+01 -1.200000e+01
      vertex   -1.868057e+01 -1.245393e+01 -5.900000e+00
      vertex   -1.903211e+01 -1.231387e+01 -1.200000e+01
    endloop
  endfacet
  facet normal -3.701382e-01 -9.289767e-01 0.000000e+00
    outer loop
      vertex   -1.903211e+01 -1.231387e+01 -1.200000e+01
      vertex   -1.868057e+01 -1.245393e+01 -5.900000e+00
      vertex   -1.903211e+01 -1.231387e+01 -5.900000e+00
    endloop
  endfacet
  facet normal -1.617820e-01 -9.868265e-01 0.000000e+00
    outer loop
      vertex   -1.903211e+01 -1.231387e+01 -1.200000e+01
      vertex   -1.903211e+01 -1.231387e+01 -5.900000e+00
      vertex   -1.940554e+01 -1.225265e+01 -1.200000e+01
    endloop
  endfacet
  facet normal -1.617820e-01 -9.868265e-01 0.000000e+00
    outer loop
      vertex   -1.940554e+01 -1.225265e+01 -1.200000e+01
      vertex   -1.903211e+01 -1.231387e+01 -5.900000e+00
      vertex   -1.940554e+01 -1.225265e+01 -5.900000e+00
    endloop
  endfacet
  facet normal 5.413891e-02 -9.985334e-01 0.000000e+00
    outer loop
      vertex   -1.940554e+01 -1.225265e+01 -1.200000e+01
      vertex   -1.940554e+01 -1.225265e+01 -5.900000e+00
      vertex   -1.978340e+01 -1.227313e+01 -1.200000e+01
    endloop
  endfacet
  facet normal 5.413891e-02 -9.985334e-01 0.000000e+00
    outer loop
      vertex   -1.978340e+01 -1.227313e+01 -1.200000e+01
      vertex   -1.940554e+01 -1.225265e+01 -5.900000e+00
      vertex   -1.978340e+01 -1.227313e+01 -5.900000e+00
    endloop
  endfacet
  facet normal 2.675283e-01 -9.635500e-01 0.000000e+00
    outer loop
      vertex   -1.978340e+01 -1.227313e+01 -1.200000e+01
      vertex   -1.978340e+01 -1.227313e+01 -5.900000e+00
      vertex   -2.014803e+01 -1.237437e+01 -1.200000e+01
    endloop
  endfacet
  facet normal 2.675283e-01 -9.635500e-01 0.000000e+00
    outer loop
      vertex   -2.014803e+01 -1.237437e+01 -1.200000e+01
      vertex   -1.978340e+01 -1.227313e+01 -5.900000e+00
      vertex   -2.014803e+01 -1.237437e+01 -5.900000e+00
    endloop
  endfacet
  facet normal 4.684084e-01 -8.835120e-01 0.000000e+00
    outer loop
      vertex   -2.014803e+01 -1.237437e+01 -1.200000e+01
      vertex   -2.014803e+01 -1.237437e+01 -5.900000e+00
      vertex   -2.048236e+01 -1.255162e+01 -1.200000e+01
    endloop
  endfacet
  facet normal 4.684084e-01 -8.835120e-01 0.000000e+00
    outer loop
      vertex   -2.048236e+01 -1.255162e+01 -1.200000e+01
      vertex   -2.014803e+01 -1.237437e+01 -5.900000e+00
      vertex   -2.048236e+01 -1.255162e+01 -5.900000e+00
    endloop
  endfacet
  facet normal 6.473863e-01 -7.621621e-01 0.000000e+00
    outer loop
      vertex   -2.048236e+01 -1.255162e+01 -1.200000e+01
      vertex   -2.048236e+01 -1.255162e+01 -5.900000e+00
      vertex   -2.077078e+01 -1.279661e+01 -1.200000e+01
    endloop
  endfacet
  facet normal 6.473863e-01 -7.621621e-01 0.000000e+00
    outer loop
      vertex   -2.077078e+01 -1.279661e+01 -1.200000e+01
      vertex   -2.048236e+01 -1.255162e+01 -5.900000e+00
      vertex   -2.077078e+01 -1.279661e+01 -5.900000e+00
    endloop
  endfacet
  facet normal 7.960931e-01 -6.051742e-01 0.000000e+00
    outer loop
      vertex   -2.077078e+01 -1.279661e+01 -1.200000e+01
      vertex   -2.077078e+01 -1.279661e+01 -5.900000e+00
      vertex   -2.099979e+01 -1.309786e+01 -1.200000e+01
    endloop
  endfacet
  facet normal 7.960931e-01 -6.051742e-01 0.000000e+00
    outer loop
      vertex   -2.099979e+01 -1.309786e+01 -1.200000e+01
      vertex   -2.077078e+01 -1.279661e+01 -5.900000e+00
      vertex   -2.099979e+01 -1.309786e+01 -5.900000e+00
    endloop
  endfacet
  facet normal 9.075754e-01 -4.198891e-01 0.000000e+00
    outer loop
      vertex   -2.099979e+01 -1.309786e+01 -1.200000e+01
      vertex   -2.099979e+01 -1.309786e+01 -5.900000e+00
      vertex   -2.115868e+01 -1.344130e+01 -1.200000e+01
    endloop
  endfacet
  facet normal 9.075754e-01 -4.198891e-01 1.222742e-16
    outer loop
      vertex   -2.115868e+01 -1.344130e+01 -1.200000e+01
      vertex   -2.099979e+01 -1.309786e+01 -5.900000e+00
      vertex   -2.115868e+01 -1.344130e+01 -5.900000e+00
    endloop
  endfacet
  facet normal 9.766206e-01 -2.149704e-01 6.260069e-17
    outer loop
      vertex   -2.115868e+01 -1.344130e+01 -1.200000e+01
      vertex   -2.115868e+01 -1.344130e+01 -5.900000e+00
      vertex   -2.124003e+01 -1.381087e+01 -1.200000e+01
    endloop
  endfacet
  facet normal 9.766206e-01 -2.149704e-01 0.000000e+00
    outer loop
      vertex   -2.124003e+01 -1.381087e+01 -1.200000e+01
      vertex   -2.115868e+01 -1.344130e+01 -5.900000e+00
      vertex   -2.124003e+01 -1.381087e+01 -5.900000e+00
    endloop
  endfacet
  facet normal 1.000000e+00 0.000000e+00 -0.000000e+00
    outer loop
      vertex   -2.124003e+01 -1.381087e+01 -1.200000e+01
      vertex   -2.124003e+01 -1.381087e+01 -5.900000e+00
      vertex   -2.124003e+01 -1.418929e+01 -1.200000e+01
    endloop
  endfacet
  facet normal 1.000000e+00 0.000000e+00 0.000000e+00
    outer loop
      vertex   -2.124003e+01 -1.418929e+01 -1.200000e+01
      vertex   -2.124003e+01 -1.381087e+01 -5.900000e+00
      vertex   -2.124003e+01 -1.418929e+01 -5.900000e+00
    endloop
  endfacet
  facet normal 9.766206e-01 2.149704e-01 -0.000000e+00
    outer loop
      vertex   -2.124003e+01 -1.418929e+01 -1.200000e+01
      vertex   -2.124003e+01 -1.418929e+01 -5.900000e+00
      vertex   -2.115868e+01 -1.455886e+01 -1.200000e+01
    endloop
  endfacet
  facet normal 9.766206e-01 2.149704e-01 -6.260069e-17
    outer loop
      vertex   -2.115868e+01 -1.455886e+01 -1.200000e+01
      vertex   -2.124003e+01 -1.418929e+01 -5.900000e+00
      vertex   -2.115868e+01 -1.455886e+01 -5.900000e+00
    endloop
  endfacet
  facet normal 9.075754e-01 4.198891e-01 -1.222742e-16
    outer loop
      vertex   -2.115868e+01 -1.455886e+01 -1.200000e+01
      vertex   -2.115868e+01 -1.455886e+01 -5.900000e+00
      vertex   -2.099979e+01 -1.490230e+01 -1.200000e+01
    endloop
  endfacet
  facet normal 9.075754e-01 4.198891e-01 -0.000000e+00
    outer loop
      vertex   -2.099979e+01 -1.490230e+01 -1.200000e+01
      vertex   -2.115868e+01 -1.455886e+01 -5.900000e+00
      vertex   -2.099979e+01 -1.490230e+01 -5.900000e+00
    endloop
  endfacet
  facet normal 7.960931e-01 6.051742e-01 -0.000000e+00
    outer loop
      vertex   -2.099979e+01 -1.490230e+01 -1.200000e+01
      vertex   -2.099979e+01 -1.490230e+01 -5.900000e+00
      vertex   -2.077078e+01 -1.520356e+01 -1.200000e+01
    endloop
  endfacet
  facet normal 7.960931e-01 6.051742e-01 -0.000000e+00
    outer loop
      vertex   -2.077078e+01 -1.520356e+01 -1.200000e+01
      vertex   -2.099979e+01 -1.490230e+01 -5.900000e+00
      vertex   -2.077078e+01 -1.520356e+01 -5.900000e+00
    endloop
  endfacet
  facet normal 6.473863e-01 7.621621e-01 -0.000000e+00
    outer loop
      vertex   -2.077078e+01 -1.520356e+01 -1.200000e+01
      vertex   -2.077078e+01 -1.520356e+01 -5.900000e+00
      vertex   -2.048236e+01 -1.544854e+01 -1.200000e+01
    endloop
  endfacet
  facet normal 6.473863e-01 7.621621e-01 -0.000000e+00
    outer loop
      vertex   -2.048236e+01 -1.544854e+01 -1.200000e+01
      vertex   -2.077078e+01 -1.520356e+01 -5.900000e+00
      vertex   -2.048236e+01 -1.544854e+01 -5.900000e+00
    endloop
  endfacet
  facet normal 4.684084e-01 8.835120e-01 -0.000000e+00
    outer loop
      vertex   -2.048236e+01 -1.544854e+01 -1.200000e+01
      vertex   -2.048236e+01 -1.544854e+01 -5.900000e+00
      vertex   -2.014803e+01 -1.562579e+01 -1.200000e+01
    endloop
  endfacet
  facet normal 4.684084e-01 8.835120e-01 -0.000000e+00
    outer loop
      vertex   -2.014803e+01 -1.562579e+01 -1.200000e+01
      vertex   -2.048236e+01 -1.544854e+01 -5.900000e+00
      vertex   -2.014803e+01 -1.562579e+01 -5.900000e+00
    endloop
  endfacet
  facet normal 2.675283e-01 9.635500e-01 -0.000000e+00
    outer loop
      vertex   -2.014803e+01 -1.562579e+01 -1.200000e+01
      vertex   -2.014803e+01 -1.562579e+01 -5.900000e+00
      vertex   -1.978340e+01 -1.572703e+01 -1.200000e+01
    endloop
  endfacet
  facet normal 2.675283e-01 9.635500e-01 -0.000000e+00
    outer loop
      vertex   -1.978340e+01 -1.572703e+01 -1.200000e+01
      vertex   -2.014803e+01 -1.562579e+01 -5.900000e+00
      vertex   -1.978340e+01 -1.572703e+01 -5.900000e+00
    endloop
  endfacet
  facet normal 5.413891e-02 9.985334e-01 -0.000000e+00
    outer loop
      vertex   -1.978340e+01 -1.572703e+01 -1.200000e+01
      vertex   -1.978340e+01 -1.572703e+01 -5.900000e+00
      vertex   -1.940554e+01 -1.574752e+01 -1.200000e+01
    endloop
  endfacet
  facet normal 5.413891e-02 9.985334e-01 -0.000000e+00
    outer loop
      vertex   -1.940554e+01 -1.574752e+01 -1.200000e+01
      vertex   -1.978340e+01 -1.572703e+01 -5.900000e+00
      vertex   -1.940554e+01 -1.574752e+01 -5.900000e+00
    endloop
  endfacet
  facet normal -1.617820e-01 9.868265e-01 0.000000e+00
    outer loop
      vertex   -1.940554e+01 -1.574752e+01 -1.200000e+01
      vertex   -1.940554e+01 -1.574752e+01 -5.900000e+00
      vertex   -1.903211e+01 -1.568630e+01 -1.200000e+01
    endloop
  endfacet
  facet normal -1.617820e-01 9.868265e-01 0.000000e+00
    outer loop
      vertex   -1.903211e+01 -1.568630e+01 -1.200000e+01
      vertex   -1.940554e+01 -1.574752e+01 -5.900000e+00
      vertex   -1.903211e+01 -1.568630e+01 -5.900000e+00
    endloop
  endfacet
  facet normal -3.701382e-01 9.289767e-01 0.000000e+00
    outer loop
      vertex   -1.903211e+01 -1.568630e+01 -1.200000e+01
      vertex   -1.903211e+01 -1.568630e+01 -5.900000e+00
      vertex   -1.868057e+01 -1.554623e+01 -1.200000e+01
    endloop
  endfacet
  facet normal -3.701382e-01 9.289767e-01 -2.155729e-16
    outer loop
      vertex   -1.868057e+01 -1.554623e+01 -1.200000e+01
      vertex   -1.903211e+01 -1.568630e+01 -5.900000e+00
      vertex   -1.868057e+01 -1.554623e+01 -5.900000e+00
    endloop
  endfacet
  facet normal -5.611871e-01 8.276890e-01 -3.268421e-16
    outer loop
      vertex   -1.868057e+01 -1.554623e+01 -1.200000e+01
      vertex   -1.868057e+01 -1.554623e+01 -5.900000e+00
      vertex   -1.836736e+01 -1.533387e+01 -1.200000e+01
    endloop
  endfacet
  facet normal -5.611871e-01 8.276890e-01 0.000000e+00
    outer loop
      vertex   -1.836736e+01 -1.533387e+01 -1.200000e+01
      vertex   -1.868057e+01 -1.554623e+01 -5.900000e+00
      vertex   -1.836736e+01 -1.533387e+01 -5.900000e+00
    endloop
  endfacet
  facet normal -7.259955e-01 6.876995e-01 0.000000e+00
    outer loop
      vertex   -1.836736e+01 -1.533387e+01 -1.200000e+01
      vertex   -1.836736e+01 -1.533387e+01 -5.900000e+00
      vertex   -1.810712e+01 -1.505914e+01 -1.200000e+01
    endloop
  endfacet
  facet normal -7.259955e-01 6.876995e-01 2.002622e-16
    outer loop
      vertex   -1.810712e+01 -1.505914e+01 -1.200000e+01
      vertex   -1.836736e+01 -1.533387e+01 -5.900000e+00
      vertex   -1.810712e+01 -1.505914e+01 -5.900000e+00
    endloop
  endfacet
  facet normal -8.568572e-01 5.155539e-01 1.501324e-16
    outer loop
      vertex   -1.810712e+01 -1.505914e+01 -1.200000e+01
      vertex   -1.810712e+01 -1.505914e+01 -5.900000e+00
      vertex   -1.791203e+01 -1.473489e+01 -1.200000e+01
    endloop
  endfacet
  facet normal -8.568572e-01 5.155539e-01 0.000000e+00
    outer loop
      vertex   -1.791203e+01 -1.473489e+01 -1.200000e+01
      vertex   -1.810712e+01 -1.505914e+01 -5.900000e+00
      vertex   -1.791203e+01 -1.473489e+01 -5.900000e+00
    endloop
  endfacet
  facet normal -9.476532e-01 3.193015e-01 0.000000e+00
    outer loop
      vertex   -1.791203e+01 -1.473489e+01 -1.200000e+01
      vertex   -1.791203e+01 -1.473489e+01 -5.900000e+00
      vertex   -1.779120e+01 -1.437628e+01 -1.200000e+01
    endloop
  endfacet
  facet normal -9.476532e-01 3.193015e-01 0.000000e+00
    outer loop
      vertex   -1.779120e+01 -1.437628e+01 -1.200000e+01
      vertex   -1.791203e+01 -1.473489e+01 -5.900000e+00
      vertex   -1.779120e+01 -1.437628e+01 -5.900000e+00
    endloop
  endfacet
  facet normal -7.105427e-15 1.000000e+00 0.000000e+00
    outer loop
      vertex   1.500000e+01 1.200000e+02 -5.900000e+00
      vertex   1.500000e+01 1.200000e+02 -1.200000e+01
      vertex   1.300000e+01 1.200000e+02 -5.900000e+00
    endloop
  endfacet
  facet normal 0.000000e+00 1.000000e+00 2.329648e-15
    outer loop
      vertex   1.300000e+01 1.200000e+02 -5.900000e+00
      vertex   1.500000e+01 1.200000e+02 -1.200000e+01
      vertex   -1.500000e+01 1.200000e+02 -1.200000e+01
    endloop
  endfacet
  facet normal 1.093143e-15 1.000000e+00 -2.688056e-15
    outer loop
      vertex   1.300000e+01 1.200000e+02 -5.900000e+00
      vertex   -1.500000e+01 1.200000e+02 -1.200000e+01
      vertex   -1.300000e+01 1.200000e+02 -5.900000e+00
    endloop
  endfacet
  facet normal -7.105427e-15 1.000000e+00 0.000000e+00
    outer loop
      vertex   -1.300000e+01 1.200000e+02 -5.900000e+00
      vertex   -1.500000e+01 1.200000e+02 -1.200000e+01
      vertex   -1.500000e+01 1.200000e+02 -5.900000e+00
    endloop
  endfacet
  facet normal 1.093143e-15 1.000000e+00 0.000000e+00
    outer loop
      vertex   -1.300000e+01 1.200000e+02 3.300000e+01
      vertex   1.300000e+01 1.200000e+02 3.300000e+01
      vertex   -1.300000e+01 1.200000e+02 -5.900000e+00
    endloop
  endfacet
  facet normal 1.093143e-15 1.000000e+00 0.000000e+00
    outer loop
      vertex   -1.300000e+01 1.200000e+02 -5.900000e+00
      vertex   1.300000e+01 1.200000e+02 3.300000e+01
      vertex   1.300000e+01 1.200000e+02 -5.900000e+00
    endloop
  endfacet
endsolid
