solid ASCII
  facet normal 9.982437e-01 5.924063e-02 0.000000e+00
    outer loop
      vertex   7.646088e+01 8.816677e+00 1.000000e+01
      vertex   7.646088e+01 8.816677e+00 6.666667e+00
      vertex   7.645000e+01 9.000000e+00 1.000000e+01
    endloop
  endfacet
  facet normal 9.982437e-01 5.924063e-02 0.000000e+00
    outer loop
      vertex   7.645000e+01 9.000000e+00 1.000000e+01
      vertex   7.646088e+01 8.816677e+00 6.666667e+00
      vertex   7.645000e+01 9.000000e+00 6.666667e+00
    endloop
  endfacet
  facet normal 9.982437e-01 -5.924063e-02 0.000000e+00
    outer loop
      vertex   7.645000e+01 9.000000e+00 1.000000e+01
      vertex   7.645000e+01 9.000000e+00 6.666667e+00
      vertex   7.646088e+01 9.183324e+00 1.000000e+01
    endloop
  endfacet
  facet normal 9.982437e-01 -5.924063e-02 0.000000e+00
    outer loop
      vertex   7.646088e+01 9.183324e+00 1.000000e+01
      vertex   7.645000e+01 9.000000e+00 6.666667e+00
      vertex   7.646088e+01 9.183324e+00 6.666667e+00
    endloop
  endfacet
  facet normal 9.842306e-01 -1.768903e-01 0.000000e+00
    outer loop
      vertex   7.646088e+01 9.183324e+00 1.000000e+01
      vertex   7.646088e+01 9.183324e+00 6.666667e+00
      vertex   7.649337e+01 9.364074e+00 1.000000e+01
    endloop
  endfacet
  facet normal 9.842306e-01 -1.768903e-01 0.000000e+00
    outer loop
      vertex   7.649337e+01 9.364074e+00 1.000000e+01
      vertex   7.646088e+01 9.183324e+00 6.666667e+00
      vertex   7.649337e+01 9.364074e+00 6.666667e+00
    endloop
  endfacet
  facet normal 9.564010e-01 -2.920568e-01 0.000000e+00
    outer loop
      vertex   7.649337e+01 9.364074e+00 1.000000e+01
      vertex   7.649337e+01 9.364074e+00 6.666667e+00
      vertex   7.654700e+01 9.539713e+00 1.000000e+01
    endloop
  endfacet
  facet normal 9.564010e-01 -2.920568e-01 1.556391e-16
    outer loop
      vertex   7.654700e+01 9.539713e+00 1.000000e+01
      vertex   7.649337e+01 9.364074e+00 6.666667e+00
      vertex   7.654700e+01 9.539713e+00 6.666667e+00
    endloop
  endfacet
  facet normal 9.151456e-01 -4.031234e-01 2.148273e-16
    outer loop
      vertex   7.654700e+01 9.539713e+00 1.000000e+01
      vertex   7.654700e+01 9.539713e+00 6.666667e+00
      vertex   7.662103e+01 9.707775e+00 1.000000e+01
    endloop
  endfacet
  facet normal 9.151456e-01 -4.031234e-01 0.000000e+00
    outer loop
      vertex   7.662103e+01 9.707775e+00 1.000000e+01
      vertex   7.654700e+01 9.539713e+00 6.666667e+00
      vertex   7.662103e+01 9.707775e+00 6.666667e+00
    endloop
  endfacet
  facet normal 8.610436e-01 -5.085311e-01 0.000000e+00
    outer loop
      vertex   7.662103e+01 9.707775e+00 1.000000e+01
      vertex   7.662103e+01 9.707775e+00 6.666667e+00
      vertex   7.671442e+01 9.865903e+00 1.000000e+01
    endloop
  endfacet
  facet normal 8.610436e-01 -5.085311e-01 2.709998e-16
    outer loop
      vertex   7.671442e+01 9.865903e+00 1.000000e+01
      vertex   7.662103e+01 9.707775e+00 6.666667e+00
      vertex   7.671442e+01 9.865903e+00 6.666667e+00
    endloop
  endfacet
  facet normal 7.948544e-01 -6.068001e-01 3.233681e-16
    outer loop
      vertex   7.671442e+01 9.865903e+00 1.000000e+01
      vertex   7.671442e+01 9.865903e+00 6.666667e+00
      vertex   7.682586e+01 1.001187e+01 1.000000e+01
    endloop
  endfacet
  facet normal 7.948544e-01 -6.068001e-01 6.467362e-16
    outer loop
      vertex   7.682586e+01 1.001187e+01 1.000000e+01
      vertex   7.671442e+01 9.865903e+00 6.666667e+00
      vertex   7.682586e+01 1.001187e+01 6.666667e+00
    endloop
  endfacet
  facet normal 7.175073e-01 -6.965510e-01 7.423939e-16
    outer loop
      vertex   7.682586e+01 1.001187e+01 1.000000e+01
      vertex   7.682586e+01 1.001187e+01 6.666667e+00
      vertex   7.695378e+01 1.014364e+01 1.000000e+01
    endloop
  endfacet
  facet normal 7.175073e-01 -6.965510e-01 0.000000e+00
    outer loop
      vertex   7.695378e+01 1.014364e+01 1.000000e+01
      vertex   7.682586e+01 1.001187e+01 6.666667e+00
      vertex   7.695378e+01 1.014364e+01 6.666667e+00
    endloop
  endfacet
  facet normal 6.300878e-01 -7.765239e-01 0.000000e+00
    outer loop
      vertex   7.695378e+01 1.014364e+01 1.000000e+01
      vertex   7.695378e+01 1.014364e+01 6.666667e+00
      vertex   7.709638e+01 1.025935e+01 1.000000e+01
    endloop
  endfacet
  facet normal 6.300878e-01 -7.765239e-01 4.138150e-16
    outer loop
      vertex   7.709638e+01 1.025935e+01 1.000000e+01
      vertex   7.695378e+01 1.014364e+01 6.666667e+00
      vertex   7.709638e+01 1.025935e+01 6.666667e+00
    endloop
  endfacet
  facet normal 5.338234e-01 -8.455960e-01 4.506241e-16
    outer loop
      vertex   7.709638e+01 1.025935e+01 1.000000e+01
      vertex   7.709638e+01 1.025935e+01 6.666667e+00
      vertex   7.725167e+01 1.035739e+01 1.000000e+01
    endloop
  endfacet
  facet normal 5.338234e-01 -8.455960e-01 0.000000e+00
    outer loop
      vertex   7.725167e+01 1.035739e+01 1.000000e+01
      vertex   7.709638e+01 1.025935e+01 6.666667e+00
      vertex   7.725167e+01 1.035739e+01 6.666667e+00
    endloop
  endfacet
  facet normal 4.300652e-01 -9.027978e-01 0.000000e+00
    outer loop
      vertex   7.725167e+01 1.035739e+01 1.000000e+01
      vertex   7.725167e+01 1.035739e+01 6.666667e+00
      vertex   7.741747e+01 1.043637e+01 1.000000e+01
    endloop
  endfacet
  facet normal 4.300652e-01 -9.027978e-01 0.000000e+00
    outer loop
      vertex   7.741747e+01 1.043637e+01 1.000000e+01
      vertex   7.725167e+01 1.035739e+01 6.666667e+00
      vertex   7.741747e+01 1.043637e+01 6.666667e+00
    endloop
  endfacet
  facet normal 3.202699e-01 -9.473264e-01 0.000000e+00
    outer loop
      vertex   7.741747e+01 1.043637e+01 1.000000e+01
      vertex   7.741747e+01 1.043637e+01 6.666667e+00
      vertex   7.759144e+01 1.049519e+01 1.000000e+01
    endloop
  endfacet
  facet normal 3.202699e-01 -9.473264e-01 0.000000e+00
    outer loop
      vertex   7.759144e+01 1.049519e+01 1.000000e+01
      vertex   7.741747e+01 1.043637e+01 6.666667e+00
      vertex   7.759144e+01 1.049519e+01 6.666667e+00
    endloop
  endfacet
  facet normal 2.059786e-01 -9.785565e-01 0.000000e+00
    outer loop
      vertex   7.759144e+01 1.049519e+01 1.000000e+01
      vertex   7.759144e+01 1.049519e+01 6.666667e+00
      vertex   7.777115e+01 1.053301e+01 1.000000e+01
    endloop
  endfacet
  facet normal 2.059786e-01 -9.785565e-01 0.000000e+00
    outer loop
      vertex   7.777115e+01 1.053301e+01 1.000000e+01
      vertex   7.759144e+01 1.049519e+01 6.666667e+00
      vertex   7.777115e+01 1.053301e+01 6.666667e+00
    endloop
  endfacet
  facet normal 8.879590e-02 -9.960498e-01 0.000000e+00
    outer loop
      vertex   7.777115e+01 1.053301e+01 1.000000e+01
      vertex   7.777115e+01 1.053301e+01 6.666667e+00
      vertex   7.795407e+01 1.054932e+01 1.000000e+01
    endloop
  endfacet
  facet normal 8.879590e-02 -9.960498e-01 0.000000e+00
    outer loop
      vertex   7.795407e+01 1.054932e+01 1.000000e+01
      vertex   7.777115e+01 1.053301e+01 6.666667e+00
      vertex   7.795407e+01 1.054932e+01 6.666667e+00
    endloop
  endfacet
  facet normal -2.963333e-02 -9.995608e-01 -0.000000e+00
    outer loop
      vertex   7.795407e+01 1.054932e+01 1.000000e+01
      vertex   7.795407e+01 1.054932e+01 6.666667e+00
      vertex   7.813763e+01 1.054388e+01 1.000000e+01
    endloop
  endfacet
  facet normal -2.963333e-02 -9.995608e-01 -0.000000e+00
    outer loop
      vertex   7.813763e+01 1.054388e+01 1.000000e+01
      vertex   7.795407e+01 1.054932e+01 6.666667e+00
      vertex   7.813763e+01 1.054388e+01 6.666667e+00
    endloop
  endfacet
  facet normal -1.476466e-01 -9.890402e-01 -0.000000e+00
    outer loop
      vertex   7.813763e+01 1.054388e+01 1.000000e+01
      vertex   7.813763e+01 1.054388e+01 6.666667e+00
      vertex   7.831927e+01 1.051676e+01 1.000000e+01
    endloop
  endfacet
  facet normal -1.476466e-01 -9.890402e-01 -0.000000e+00
    outer loop
      vertex   7.831927e+01 1.051676e+01 1.000000e+01
      vertex   7.813763e+01 1.054388e+01 6.666667e+00
      vertex   7.831927e+01 1.051676e+01 6.666667e+00
    endloop
  endfacet
  facet normal -2.635872e-01 -9.646356e-01 -0.000000e+00
    outer loop
      vertex   7.831927e+01 1.051676e+01 1.000000e+01
      vertex   7.831927e+01 1.051676e+01 6.666667e+00
      vertex   7.849642e+01 1.046836e+01 1.000000e+01
    endloop
  endfacet
  facet normal -2.635872e-01 -9.646356e-01 -0.000000e+00
    outer loop
      vertex   7.849642e+01 1.046836e+01 1.000000e+01
      vertex   7.831927e+01 1.051676e+01 6.666667e+00
      vertex   7.849642e+01 1.046836e+01 6.666667e+00
    endloop
  endfacet
  facet normal -3.758276e-01 -9.266896e-01 -0.000000e+00
    outer loop
      vertex   7.849642e+01 1.046836e+01 1.000000e+01
      vertex   7.849642e+01 1.046836e+01 6.666667e+00
      vertex   7.866660e+01 1.039934e+01 1.000000e+01
    endloop
  endfacet
  facet normal -3.758276e-01 -9.266896e-01 -4.938394e-16
    outer loop
      vertex   7.866660e+01 1.039934e+01 1.000000e+01
      vertex   7.849642e+01 1.046836e+01 6.666667e+00
      vertex   7.866660e+01 1.039934e+01 6.666667e+00
    endloop
  endfacet
  facet normal -4.827922e-01 -8.757349e-01 -4.666853e-16
    outer loop
      vertex   7.866660e+01 1.039934e+01 1.000000e+01
      vertex   7.866660e+01 1.039934e+01 6.666667e+00
      vertex   7.882743e+01 1.031067e+01 1.000000e+01
    endloop
  endfacet
  facet normal -4.827922e-01 -8.757349e-01 -0.000000e+00
    outer loop
      vertex   7.882743e+01 1.031067e+01 1.000000e+01
      vertex   7.866660e+01 1.039934e+01 6.666667e+00
      vertex   7.882743e+01 1.031067e+01 6.666667e+00
    endloop
  endfacet
  facet normal -5.829795e-01 -8.124869e-01 -0.000000e+00
    outer loop
      vertex   7.882743e+01 1.031067e+01 1.000000e+01
      vertex   7.882743e+01 1.031067e+01 6.666667e+00
      vertex   7.897664e+01 1.020361e+01 1.000000e+01
    endloop
  endfacet
  facet normal -5.829795e-01 -8.124869e-01 4.329800e-16
    outer loop
      vertex   7.897664e+01 1.020361e+01 1.000000e+01
      vertex   7.882743e+01 1.031067e+01 6.666667e+00
      vertex   7.897664e+01 1.020361e+01 6.666667e+00
    endloop
  endfacet
  facet normal -6.749830e-01 -7.378333e-01 3.931966e-16
    outer loop
      vertex   7.897664e+01 1.020361e+01 1.000000e+01
      vertex   7.897664e+01 1.020361e+01 6.666667e+00
      vertex   7.911214e+01 1.007965e+01 1.000000e+01
    endloop
  endfacet
  facet normal -6.749830e-01 -7.378333e-01 3.931966e-16
    outer loop
      vertex   7.911214e+01 1.007965e+01 1.000000e+01
      vertex   7.897664e+01 1.020361e+01 6.666667e+00
      vertex   7.911214e+01 1.007965e+01 6.666667e+00
    endloop
  endfacet
  facet normal -7.575112e-01 -6.528221e-01 3.478935e-16
    outer loop
      vertex   7.911214e+01 1.007965e+01 1.000000e+01
      vertex   7.911214e+01 1.007965e+01 6.666667e+00
      vertex   7.923203e+01 9.940540e+00 1.000000e+01
    endloop
  endfacet
  facet normal -7.575112e-01 -6.528221e-01 -0.000000e+00
    outer loop
      vertex   7.923203e+01 9.940540e+00 1.000000e+01
      vertex   7.911214e+01 1.007965e+01 6.666667e+00
      vertex   7.923203e+01 9.940540e+00 6.666667e+00
    endloop
  endfacet
  facet normal -8.294057e-01 -5.586468e-01 -0.000000e+00
    outer loop
      vertex   7.923203e+01 9.940540e+00 1.000000e+01
      vertex   7.923203e+01 9.940540e+00 6.666667e+00
      vertex   7.933462e+01 9.788223e+00 1.000000e+01
    endloop
  endfacet
  facet normal -8.294057e-01 -5.586468e-01 -0.000000e+00
    outer loop
      vertex   7.933462e+01 9.788223e+00 1.000000e+01
      vertex   7.923203e+01 9.940540e+00 6.666667e+00
      vertex   7.933462e+01 9.788223e+00 6.666667e+00
    endloop
  endfacet
  facet normal -8.896571e-01 -4.566292e-01 -0.000000e+00
    outer loop
      vertex   7.933462e+01 9.788223e+00 1.000000e+01
      vertex   7.933462e+01 9.788223e+00 6.666667e+00
      vertex   7.941848e+01 9.624841e+00 1.000000e+01
    endloop
  endfacet
  facet normal -8.896571e-01 -4.566292e-01 -0.000000e+00
    outer loop
      vertex   7.941848e+01 9.624841e+00 1.000000e+01
      vertex   7.933462e+01 9.788223e+00 6.666667e+00
      vertex   7.941848e+01 9.624841e+00 6.666667e+00
    endloop
  endfacet
  facet normal -9.374197e-01 -3.482016e-01 -0.000000e+00
    outer loop
      vertex   7.941848e+01 9.624841e+00 1.000000e+01
      vertex   7.941848e+01 9.624841e+00 6.666667e+00
      vertex   7.948242e+01 9.452688e+00 1.000000e+01
    endloop
  endfacet
  facet normal -9.374197e-01 -3.482016e-01 1.855591e-16
    outer loop
      vertex   7.948242e+01 9.452688e+00 1.000000e+01
      vertex   7.941848e+01 9.624841e+00 6.666667e+00
      vertex   7.948242e+01 9.452688e+00 6.666667e+00
    endloop
  endfacet
  facet normal -9.720229e-01 -2.348860e-01 1.251724e-16
    outer loop
      vertex   7.948242e+01 9.452688e+00 1.000000e+01
      vertex   7.948242e+01 9.452688e+00 6.666667e+00
      vertex   7.952556e+01 9.274180e+00 1.000000e+01
    endloop
  endfacet
  facet normal -9.720229e-01 -2.348860e-01 -0.000000e+00
    outer loop
      vertex   7.952556e+01 9.274180e+00 1.000000e+01
      vertex   7.948242e+01 9.452688e+00 6.666667e+00
      vertex   7.952556e+01 9.274180e+00 6.666667e+00
    endloop
  endfacet
  facet normal -9.929811e-01 -1.182732e-01 -0.000000e+00
    outer loop
      vertex   7.952556e+01 9.274180e+00 1.000000e+01
      vertex   7.952556e+01 9.274180e+00 6.666667e+00
      vertex   7.954728e+01 9.091823e+00 1.000000e+01
    endloop
  endfacet
  facet normal -9.929811e-01 -1.182732e-01 -0.000000e+00
    outer loop
      vertex   7.954728e+01 9.091823e+00 1.000000e+01
      vertex   7.952556e+01 9.274180e+00 6.666667e+00
      vertex   7.954728e+01 9.091823e+00 6.666667e+00
    endloop
  endfacet
  facet normal -1.000000e+00 -0.000000e+00 -0.000000e+00
    outer loop
      vertex   7.954728e+01 9.091823e+00 1.000000e+01
      vertex   7.954728e+01 9.091823e+00 6.666667e+00
      vertex   7.954728e+01 8.908177e+00 1.000000e+01
    endloop
  endfacet
  facet normal -1.000000e+00 0.000000e+00 0.000000e+00
    outer loop
      vertex   7.954728e+01 8.908177e+00 1.000000e+01
      vertex   7.954728e+01 9.091823e+00 6.666667e+00
      vertex   7.954728e+01 8.908177e+00 6.666667e+00
    endloop
  endfacet
  facet normal -9.929811e-01 1.182732e-01 0.000000e+00
    outer loop
      vertex   7.954728e+01 8.908177e+00 1.000000e+01
      vertex   7.954728e+01 8.908177e+00 6.666667e+00
      vertex   7.952556e+01 8.725820e+00 1.000000e+01
    endloop
  endfacet
  facet normal -9.929811e-01 1.182732e-01 0.000000e+00
    outer loop
      vertex   7.952556e+01 8.725820e+00 1.000000e+01
      vertex   7.954728e+01 8.908177e+00 6.666667e+00
      vertex   7.952556e+01 8.725820e+00 6.666667e+00
    endloop
  endfacet
  facet normal -9.720229e-01 2.348860e-01 0.000000e+00
    outer loop
      vertex   7.952556e+01 8.725820e+00 1.000000e+01
      vertex   7.952556e+01 8.725820e+00 6.666667e+00
      vertex   7.948242e+01 8.547312e+00 1.000000e+01
    endloop
  endfacet
  facet normal -9.720229e-01 2.348860e-01 1.251724e-16
    outer loop
      vertex   7.948242e+01 8.547312e+00 1.000000e+01
      vertex   7.952556e+01 8.725820e+00 6.666667e+00
      vertex   7.948242e+01 8.547312e+00 6.666667e+00
    endloop
  endfacet
  facet normal -9.374197e-01 3.482016e-01 1.855591e-16
    outer loop
      vertex   7.948242e+01 8.547312e+00 1.000000e+01
      vertex   7.948242e+01 8.547312e+00 6.666667e+00
      vertex   7.941848e+01 8.375159e+00 1.000000e+01
    endloop
  endfacet
  facet normal -9.374197e-01 3.482016e-01 0.000000e+00
    outer loop
      vertex   7.941848e+01 8.375159e+00 1.000000e+01
      vertex   7.948242e+01 8.547312e+00 6.666667e+00
      vertex   7.941848e+01 8.375159e+00 6.666667e+00
    endloop
  endfacet
  facet normal -8.896571e-01 4.566292e-01 0.000000e+00
    outer loop
      vertex   7.941848e+01 8.375159e+00 1.000000e+01
      vertex   7.941848e+01 8.375159e+00 6.666667e+00
      vertex   7.933462e+01 8.211777e+00 1.000000e+01
    endloop
  endfacet
  facet normal -8.896571e-01 4.566292e-01 0.000000e+00
    outer loop
      vertex   7.933462e+01 8.211777e+00 1.000000e+01
      vertex   7.941848e+01 8.375159e+00 6.666667e+00
      vertex   7.933462e+01 8.211777e+00 6.666667e+00
    endloop
  endfacet
  facet normal -8.294057e-01 5.586468e-01 0.000000e+00
    outer loop
      vertex   7.933462e+01 8.211777e+00 1.000000e+01
      vertex   7.933462e+01 8.211777e+00 6.666667e+00
      vertex   7.923203e+01 8.059460e+00 1.000000e+01
    endloop
  endfacet
  facet normal -8.294057e-01 5.586468e-01 0.000000e+00
    outer loop
      vertex   7.923203e+01 8.059460e+00 1.000000e+01
      vertex   7.933462e+01 8.211777e+00 6.666667e+00
      vertex   7.923203e+01 8.059460e+00 6.666667e+00
    endloop
  endfacet
  facet normal -7.575112e-01 6.528221e-01 0.000000e+00
    outer loop
      vertex   7.923203e+01 8.059460e+00 1.000000e+01
      vertex   7.923203e+01 8.059460e+00 6.666667e+00
      vertex   7.911214e+01 7.920346e+00 1.000000e+01
    endloop
  endfacet
  facet normal -7.575112e-01 6.528221e-01 3.478935e-16
    outer loop
      vertex   7.911214e+01 7.920346e+00 1.000000e+01
      vertex   7.923203e+01 8.059460e+00 6.666667e+00
      vertex   7.911214e+01 7.920346e+00 6.666667e+00
    endloop
  endfacet
  facet normal -6.749830e-01 7.378333e-01 3.931966e-16
    outer loop
      vertex   7.911214e+01 7.920346e+00 1.000000e+01
      vertex   7.911214e+01 7.920346e+00 6.666667e+00
      vertex   7.897664e+01 7.796388e+00 1.000000e+01
    endloop
  endfacet
  facet normal -6.749830e-01 7.378333e-01 -5.897948e-16
    outer loop
      vertex   7.897664e+01 7.796388e+00 1.000000e+01
      vertex   7.911214e+01 7.920346e+00 6.666667e+00
      vertex   7.897664e+01 7.796388e+00 6.666667e+00
    endloop
  endfacet
  facet normal -5.829795e-01 8.124869e-01 -6.494700e-16
    outer loop
      vertex   7.897664e+01 7.796388e+00 1.000000e+01
      vertex   7.897664e+01 7.796388e+00 6.666667e+00
      vertex   7.882743e+01 7.689326e+00 1.000000e+01
    endloop
  endfacet
  facet normal -5.829795e-01 8.124869e-01 0.000000e+00
    outer loop
      vertex   7.882743e+01 7.689326e+00 1.000000e+01
      vertex   7.897664e+01 7.796388e+00 6.666667e+00
      vertex   7.882743e+01 7.689326e+00 6.666667e+00
    endloop
  endfacet
  facet normal -4.827922e-01 8.757349e-01 0.000000e+00
    outer loop
      vertex   7.882743e+01 7.689326e+00 1.000000e+01
      vertex   7.882743e+01 7.689326e+00 6.666667e+00
      vertex   7.866660e+01 7.600663e+00 1.000000e+01
    endloop
  endfacet
  facet normal -4.827922e-01 8.757349e-01 -2.333427e-16
    outer loop
      vertex   7.866660e+01 7.600663e+00 1.000000e+01
      vertex   7.882743e+01 7.689326e+00 6.666667e+00
      vertex   7.866660e+01 7.600663e+00 6.666667e+00
    endloop
  endfacet
  facet normal -3.758276e-01 9.266896e-01 -2.469197e-16
    outer loop
      vertex   7.866660e+01 7.600663e+00 1.000000e+01
      vertex   7.866660e+01 7.600663e+00 6.666667e+00
      vertex   7.849642e+01 7.531644e+00 1.000000e+01
    endloop
  endfacet
  facet normal -3.758276e-01 9.266896e-01 0.000000e+00
    outer loop
      vertex   7.849642e+01 7.531644e+00 1.000000e+01
      vertex   7.866660e+01 7.600663e+00 6.666667e+00
      vertex   7.849642e+01 7.531644e+00 6.666667e+00
    endloop
  endfacet
  facet normal -2.635872e-01 9.646356e-01 0.000000e+00
    outer loop
      vertex   7.849642e+01 7.531644e+00 1.000000e+01
      vertex   7.849642e+01 7.531644e+00 6.666667e+00
      vertex   7.831927e+01 7.483238e+00 1.000000e+01
    endloop
  endfacet
  facet normal -2.635872e-01 9.646356e-01 0.000000e+00
    outer loop
      vertex   7.831927e+01 7.483238e+00 1.000000e+01
      vertex   7.849642e+01 7.531644e+00 6.666667e+00
      vertex   7.831927e+01 7.483238e+00 6.666667e+00
    endloop
  endfacet
  facet normal -1.476466e-01 9.890402e-01 0.000000e+00
    outer loop
      vertex   7.831927e+01 7.483238e+00 1.000000e+01
      vertex   7.831927e+01 7.483238e+00 6.666667e+00
      vertex   7.813763e+01 7.456123e+00 1.000000e+01
    endloop
  endfacet
  facet normal -1.476466e-01 9.890402e-01 -2.635332e-16
    outer loop
      vertex   7.813763e+01 7.456123e+00 1.000000e+01
      vertex   7.831927e+01 7.483238e+00 6.666667e+00
      vertex   7.813763e+01 7.456123e+00 6.666667e+00
    endloop
  endfacet
  facet normal -2.963333e-02 9.995608e-01 -2.663365e-16
    outer loop
      vertex   7.813763e+01 7.456123e+00 1.000000e+01
      vertex   7.813763e+01 7.456123e+00 6.666667e+00
      vertex   7.795407e+01 7.450681e+00 1.000000e+01
    endloop
  endfacet
  facet normal -2.963333e-02 9.995608e-01 0.000000e+00
    outer loop
      vertex   7.795407e+01 7.450681e+00 1.000000e+01
      vertex   7.813763e+01 7.456123e+00 6.666667e+00
      vertex   7.795407e+01 7.450681e+00 6.666667e+00
    endloop
  endfacet
  facet normal 8.879590e-02 9.960498e-01 0.000000e+00
    outer loop
      vertex   7.795407e+01 7.450681e+00 1.000000e+01
      vertex   7.795407e+01 7.450681e+00 6.666667e+00
      vertex   7.777115e+01 7.466988e+00 1.000000e+01
    endloop
  endfacet
  facet normal 8.879590e-02 9.960498e-01 -2.654010e-16
    outer loop
      vertex   7.777115e+01 7.466988e+00 1.000000e+01
      vertex   7.795407e+01 7.450681e+00 6.666667e+00
      vertex   7.777115e+01 7.466988e+00 6.666667e+00
    endloop
  endfacet
  facet normal 2.059786e-01 9.785565e-01 -2.607398e-16
    outer loop
      vertex   7.777115e+01 7.466988e+00 1.000000e+01
      vertex   7.777115e+01 7.466988e+00 6.666667e+00
      vertex   7.759144e+01 7.504815e+00 1.000000e+01
    endloop
  endfacet
  facet normal 2.059786e-01 9.785565e-01 2.607398e-16
    outer loop
      vertex   7.759144e+01 7.504815e+00 1.000000e+01
      vertex   7.777115e+01 7.466988e+00 6.666667e+00
      vertex   7.759144e+01 7.504815e+00 6.666667e+00
    endloop
  endfacet
  facet normal 3.202699e-01 9.473264e-01 2.524184e-16
    outer loop
      vertex   7.759144e+01 7.504815e+00 1.000000e+01
      vertex   7.759144e+01 7.504815e+00 6.666667e+00
      vertex   7.741747e+01 7.563631e+00 1.000000e+01
    endloop
  endfacet
  facet normal 3.202699e-01 9.473264e-01 0.000000e+00
    outer loop
      vertex   7.741747e+01 7.563631e+00 1.000000e+01
      vertex   7.759144e+01 7.504815e+00 6.666667e+00
      vertex   7.741747e+01 7.563631e+00 6.666667e+00
    endloop
  endfacet
  facet normal 4.300652e-01 9.027978e-01 0.000000e+00
    outer loop
      vertex   7.741747e+01 7.563631e+00 1.000000e+01
      vertex   7.741747e+01 7.563631e+00 6.666667e+00
      vertex   7.725167e+01 7.642611e+00 1.000000e+01
    endloop
  endfacet
  facet normal 4.300652e-01 9.027978e-01 0.000000e+00
    outer loop
      vertex   7.725167e+01 7.642611e+00 1.000000e+01
      vertex   7.741747e+01 7.563631e+00 6.666667e+00
      vertex   7.725167e+01 7.642611e+00 6.666667e+00
    endloop
  endfacet
  facet normal 5.338234e-01 8.455960e-01 0.000000e+00
    outer loop
      vertex   7.725167e+01 7.642611e+00 1.000000e+01
      vertex   7.725167e+01 7.642611e+00 6.666667e+00
      vertex   7.709638e+01 7.740645e+00 1.000000e+01
    endloop
  endfacet
  facet normal 5.338234e-01 8.455960e-01 2.253120e-16
    outer loop
      vertex   7.709638e+01 7.740645e+00 1.000000e+01
      vertex   7.725167e+01 7.642611e+00 6.666667e+00
      vertex   7.709638e+01 7.740645e+00 6.666667e+00
    endloop
  endfacet
  facet normal 6.300878e-01 7.765239e-01 2.069075e-16
    outer loop
      vertex   7.709638e+01 7.740645e+00 1.000000e+01
      vertex   7.709638e+01 7.740645e+00 6.666667e+00
      vertex   7.695378e+01 7.856359e+00 1.000000e+01
    endloop
  endfacet
  facet normal 6.300878e-01 7.765239e-01 0.000000e+00
    outer loop
      vertex   7.695378e+01 7.856359e+00 1.000000e+01
      vertex   7.709638e+01 7.740645e+00 6.666667e+00
      vertex   7.695378e+01 7.856359e+00 6.666667e+00
    endloop
  endfacet
  facet normal 7.175073e-01 6.965510e-01 0.000000e+00
    outer loop
      vertex   7.695378e+01 7.856359e+00 1.000000e+01
      vertex   7.695378e+01 7.856359e+00 6.666667e+00
      vertex   7.682586e+01 7.988126e+00 1.000000e+01
    endloop
  endfacet
  facet normal 7.175073e-01 6.965510e-01 3.711970e-16
    outer loop
      vertex   7.682586e+01 7.988126e+00 1.000000e+01
      vertex   7.695378e+01 7.856359e+00 6.666667e+00
      vertex   7.682586e+01 7.988126e+00 6.666667e+00
    endloop
  endfacet
  facet normal 7.948544e-01 6.068001e-01 3.233681e-16
    outer loop
      vertex   7.682586e+01 7.988126e+00 1.000000e+01
      vertex   7.682586e+01 7.988126e+00 6.666667e+00
      vertex   7.671442e+01 8.134098e+00 1.000000e+01
    endloop
  endfacet
  facet normal 7.948544e-01 6.068001e-01 3.233681e-16
    outer loop
      vertex   7.671442e+01 8.134098e+00 1.000000e+01
      vertex   7.682586e+01 7.988126e+00 6.666667e+00
      vertex   7.671442e+01 8.134098e+00 6.666667e+00
    endloop
  endfacet
  facet normal 8.610436e-01 5.085311e-01 2.709998e-16
    outer loop
      vertex   7.671442e+01 8.134098e+00 1.000000e+01
      vertex   7.671442e+01 8.134098e+00 6.666667e+00
      vertex   7.662103e+01 8.292225e+00 1.000000e+01
    endloop
  endfacet
  facet normal 8.610436e-01 5.085311e-01 0.000000e+00
    outer loop
      vertex   7.662103e+01 8.292225e+00 1.000000e+01
      vertex   7.671442e+01 8.134098e+00 6.666667e+00
      vertex   7.662103e+01 8.292225e+00 6.666667e+00
    endloop
  endfacet
  facet normal 9.151456e-01 4.031234e-01 0.000000e+00
    outer loop
      vertex   7.662103e+01 8.292225e+00 1.000000e+01
      vertex   7.662103e+01 8.292225e+00 6.666667e+00
      vertex   7.654700e+01 8.460288e+00 1.000000e+01
    endloop
  endfacet
  facet normal 9.151456e-01 4.031234e-01 2.148273e-16
    outer loop
      vertex   7.654700e+01 8.460288e+00 1.000000e+01
      vertex   7.662103e+01 8.292225e+00 6.666667e+00
      vertex   7.654700e+01 8.460288e+00 6.666667e+00
    endloop
  endfacet
  facet normal 9.564010e-01 2.920568e-01 1.556391e-16
    outer loop
      vertex   7.654700e+01 8.460288e+00 1.000000e+01
      vertex   7.654700e+01 8.460288e+00 6.666667e+00
      vertex   7.649337e+01 8.635927e+00 1.000000e+01
    endloop
  endfacet
  facet normal 9.564010e-01 2.920568e-01 0.000000e+00
    outer loop
      vertex   7.649337e+01 8.635927e+00 1.000000e+01
      vertex   7.654700e+01 8.460288e+00 6.666667e+00
      vertex   7.649337e+01 8.635927e+00 6.666667e+00
    endloop
  endfacet
  facet normal 9.842306e-01 1.768903e-01 0.000000e+00
    outer loop
      vertex   7.649337e+01 8.635927e+00 1.000000e+01
      vertex   7.649337e+01 8.635927e+00 6.666667e+00
      vertex   7.646088e+01 8.816677e+00 1.000000e+01
    endloop
  endfacet
  facet normal 9.842306e-01 1.768903e-01 0.000000e+00
    outer loop
      vertex   7.646088e+01 8.816677e+00 1.000000e+01
      vertex   7.649337e+01 8.635927e+00 6.666667e+00
      vertex   7.646088e+01 8.816677e+00 6.666667e+00
    endloop
  endfacet
  facet normal 9.982437e-01 -5.924063e-02 0.000000e+00
    outer loop
      vertex   7.646088e+01 9.183324e+00 0.000000e+00
      vertex   7.646088e+01 9.183324e+00 3.333333e+00
      vertex   7.645000e+01 9.000000e+00 0.000000e+00
    endloop
  endfacet
  facet normal 9.982437e-01 -5.924063e-02 0.000000e+00
    outer loop
      vertex   7.645000e+01 9.000000e+00 0.000000e+00
      vertex   7.646088e+01 9.183324e+00 3.333333e+00
      vertex   7.645000e+01 9.000000e+00 3.333333e+00
    endloop
  endfacet
  facet normal 9.982437e-01 5.924063e-02 -0.000000e+00
    outer loop
      vertex   7.645000e+01 9.000000e+00 0.000000e+00
      vertex   7.645000e+01 9.000000e+00 3.333333e+00
      vertex   7.646088e+01 8.816677e+00 0.000000e+00
    endloop
  endfacet
  facet normal 9.982437e-01 5.924063e-02 -0.000000e+00
    outer loop
      vertex   7.646088e+01 8.816677e+00 0.000000e+00
      vertex   7.645000e+01 9.000000e+00 3.333333e+00
      vertex   7.646088e+01 8.816677e+00 3.333333e+00
    endloop
  endfacet
  facet normal 9.842306e-01 1.768903e-01 -0.000000e+00
    outer loop
      vertex   7.646088e+01 8.816677e+00 0.000000e+00
      vertex   7.646088e+01 8.816677e+00 3.333333e+00
      vertex   7.649337e+01 8.635927e+00 0.000000e+00
    endloop
  endfacet
  facet normal 9.842306e-01 1.768903e-01 -0.000000e+00
    outer loop
      vertex   7.649337e+01 8.635927e+00 0.000000e+00
      vertex   7.646088e+01 8.816677e+00 3.333333e+00
      vertex   7.649337e+01 8.635927e+00 3.333333e+00
    endloop
  endfacet
  facet normal 9.564010e-01 2.920568e-01 -0.000000e+00
    outer loop
      vertex   7.649337e+01 8.635927e+00 0.000000e+00
      vertex   7.649337e+01 8.635927e+00 3.333333e+00
      vertex   7.654700e+01 8.460288e+00 0.000000e+00
    endloop
  endfacet
  facet normal 9.564010e-01 2.920568e-01 -1.556391e-16
    outer loop
      vertex   7.654700e+01 8.460288e+00 0.000000e+00
      vertex   7.649337e+01 8.635927e+00 3.333333e+00
      vertex   7.654700e+01 8.460288e+00 3.333333e+00
    endloop
  endfacet
  facet normal 9.151456e-01 4.031234e-01 -2.148273e-16
    outer loop
      vertex   7.654700e+01 8.460288e+00 0.000000e+00
      vertex   7.654700e+01 8.460288e+00 3.333333e+00
      vertex   7.662103e+01 8.292225e+00 0.000000e+00
    endloop
  endfacet
  facet normal 9.151456e-01 4.031234e-01 -0.000000e+00
    outer loop
      vertex   7.662103e+01 8.292225e+00 0.000000e+00
      vertex   7.654700e+01 8.460288e+00 3.333333e+00
      vertex   7.662103e+01 8.292225e+00 3.333333e+00
    endloop
  endfacet
  facet normal 8.610436e-01 5.085311e-01 -0.000000e+00
    outer loop
      vertex   7.662103e+01 8.292225e+00 0.000000e+00
      vertex   7.662103e+01 8.292225e+00 3.333333e+00
      vertex   7.671442e+01 8.134098e+00 0.000000e+00
    endloop
  endfacet
  facet normal 8.610436e-01 5.085311e-01 -2.709998e-16
    outer loop
      vertex   7.671442e+01 8.134098e+00 0.000000e+00
      vertex   7.662103e+01 8.292225e+00 3.333333e+00
      vertex   7.671442e+01 8.134098e+00 3.333333e+00
    endloop
  endfacet
  facet normal 7.948544e-01 6.068001e-01 -3.233681e-16
    outer loop
      vertex   7.671442e+01 8.134098e+00 0.000000e+00
      vertex   7.671442e+01 8.134098e+00 3.333333e+00
      vertex   7.682586e+01 7.988126e+00 0.000000e+00
    endloop
  endfacet
  facet normal 7.948544e-01 6.068001e-01 -3.233681e-16
    outer loop
      vertex   7.682586e+01 7.988126e+00 0.000000e+00
      vertex   7.671442e+01 8.134098e+00 3.333333e+00
      vertex   7.682586e+01 7.988126e+00 3.333333e+00
    endloop
  endfacet
  facet normal 7.175073e-01 6.965510e-01 -3.711970e-16
    outer loop
      vertex   7.682586e+01 7.988126e+00 0.000000e+00
      vertex   7.682586e+01 7.988126e+00 3.333333e+00
      vertex   7.695378e+01 7.856359e+00 0.000000e+00
    endloop
  endfacet
  facet normal 7.175073e-01 6.965510e-01 -0.000000e+00
    outer loop
      vertex   7.695378e+01 7.856359e+00 0.000000e+00
      vertex   7.682586e+01 7.988126e+00 3.333333e+00
      vertex   7.695378e+01 7.856359e+00 3.333333e+00
    endloop
  endfacet
  facet normal 6.300878e-01 7.765239e-01 -0.000000e+00
    outer loop
      vertex   7.695378e+01 7.856359e+00 0.000000e+00
      vertex   7.695378e+01 7.856359e+00 3.333333e+00
      vertex   7.709638e+01 7.740645e+00 0.000000e+00
    endloop
  endfacet
  facet normal 6.300878e-01 7.765239e-01 -2.069075e-16
    outer loop
      vertex   7.709638e+01 7.740645e+00 0.000000e+00
      vertex   7.695378e+01 7.856359e+00 3.333333e+00
      vertex   7.709638e+01 7.740645e+00 3.333333e+00
    endloop
  endfacet
  facet normal 5.338234e-01 8.455960e-01 -2.253120e-16
    outer loop
      vertex   7.709638e+01 7.740645e+00 0.000000e+00
      vertex   7.709638e+01 7.740645e+00 3.333333e+00
      vertex   7.725167e+01 7.642611e+00 0.000000e+00
    endloop
  endfacet
  facet normal 5.338234e-01 8.455960e-01 -0.000000e+00
    outer loop
      vertex   7.725167e+01 7.642611e+00 0.000000e+00
      vertex   7.709638e+01 7.740645e+00 3.333333e+00
      vertex   7.725167e+01 7.642611e+00 3.333333e+00
    endloop
  endfacet
  facet normal 4.300652e-01 9.027978e-01 -0.000000e+00
    outer loop
      vertex   7.725167e+01 7.642611e+00 0.000000e+00
      vertex   7.725167e+01 7.642611e+00 3.333333e+00
      vertex   7.741747e+01 7.563631e+00 0.000000e+00
    endloop
  endfacet
  facet normal 4.300652e-01 9.027978e-01 -0.000000e+00
    outer loop
      vertex   7.741747e+01 7.563631e+00 0.000000e+00
      vertex   7.725167e+01 7.642611e+00 3.333333e+00
      vertex   7.741747e+01 7.563631e+00 3.333333e+00
    endloop
  endfacet
  facet normal 3.202699e-01 9.473264e-01 -0.000000e+00
    outer loop
      vertex   7.741747e+01 7.563631e+00 0.000000e+00
      vertex   7.741747e+01 7.563631e+00 3.333333e+00
      vertex   7.759144e+01 7.504815e+00 0.000000e+00
    endloop
  endfacet
  facet normal 3.202699e-01 9.473264e-01 -2.524184e-16
    outer loop
      vertex   7.759144e+01 7.504815e+00 0.000000e+00
      vertex   7.741747e+01 7.563631e+00 3.333333e+00
      vertex   7.759144e+01 7.504815e+00 3.333333e+00
    endloop
  endfacet
  facet normal 2.059786e-01 9.785565e-01 -2.607398e-16
    outer loop
      vertex   7.759144e+01 7.504815e+00 0.000000e+00
      vertex   7.759144e+01 7.504815e+00 3.333333e+00
      vertex   7.777115e+01 7.466988e+00 0.000000e+00
    endloop
  endfacet
  facet normal 2.059786e-01 9.785565e-01 2.607398e-16
    outer loop
      vertex   7.777115e+01 7.466988e+00 0.000000e+00
      vertex   7.759144e+01 7.504815e+00 3.333333e+00
      vertex   7.777115e+01 7.466988e+00 3.333333e+00
    endloop
  endfacet
  facet normal 8.879590e-02 9.960498e-01 2.654010e-16
    outer loop
      vertex   7.777115e+01 7.466988e+00 0.000000e+00
      vertex   7.777115e+01 7.466988e+00 3.333333e+00
      vertex   7.795407e+01 7.450681e+00 0.000000e+00
    endloop
  endfacet
  facet normal 8.879590e-02 9.960498e-01 -0.000000e+00
    outer loop
      vertex   7.795407e+01 7.450681e+00 0.000000e+00
      vertex   7.777115e+01 7.466988e+00 3.333333e+00
      vertex   7.795407e+01 7.450681e+00 3.333333e+00
    endloop
  endfacet
  facet normal -2.963333e-02 9.995608e-01 0.000000e+00
    outer loop
      vertex   7.795407e+01 7.450681e+00 0.000000e+00
      vertex   7.795407e+01 7.450681e+00 3.333333e+00
      vertex   7.813763e+01 7.456123e+00 0.000000e+00
    endloop
  endfacet
  facet normal -2.963333e-02 9.995608e-01 2.663365e-16
    outer loop
      vertex   7.813763e+01 7.456123e+00 0.000000e+00
      vertex   7.795407e+01 7.450681e+00 3.333333e+00
      vertex   7.813763e+01 7.456123e+00 3.333333e+00
    endloop
  endfacet
  facet normal -1.476466e-01 9.890402e-01 2.635332e-16
    outer loop
      vertex   7.813763e+01 7.456123e+00 0.000000e+00
      vertex   7.813763e+01 7.456123e+00 3.333333e+00
      vertex   7.831927e+01 7.483238e+00 0.000000e+00
    endloop
  endfacet
  facet normal -1.476466e-01 9.890402e-01 0.000000e+00
    outer loop
      vertex   7.831927e+01 7.483238e+00 0.000000e+00
      vertex   7.813763e+01 7.456123e+00 3.333333e+00
      vertex   7.831927e+01 7.483238e+00 3.333333e+00
    endloop
  endfacet
  facet normal -2.635872e-01 9.646356e-01 0.000000e+00
    outer loop
      vertex   7.831927e+01 7.483238e+00 0.000000e+00
      vertex   7.831927e+01 7.483238e+00 3.333333e+00
      vertex   7.849642e+01 7.531644e+00 0.000000e+00
    endloop
  endfacet
  facet normal -2.635872e-01 9.646356e-01 0.000000e+00
    outer loop
      vertex   7.849642e+01 7.531644e+00 0.000000e+00
      vertex   7.831927e+01 7.483238e+00 3.333333e+00
      vertex   7.849642e+01 7.531644e+00 3.333333e+00
    endloop
  endfacet
  facet normal -3.758276e-01 9.266896e-01 0.000000e+00
    outer loop
      vertex   7.849642e+01 7.531644e+00 0.000000e+00
      vertex   7.849642e+01 7.531644e+00 3.333333e+00
      vertex   7.866660e+01 7.600663e+00 0.000000e+00
    endloop
  endfacet
  facet normal -3.758276e-01 9.266896e-01 2.469197e-16
    outer loop
      vertex   7.866660e+01 7.600663e+00 0.000000e+00
      vertex   7.849642e+01 7.531644e+00 3.333333e+00
      vertex   7.866660e+01 7.600663e+00 3.333333e+00
    endloop
  endfacet
  facet normal -4.827922e-01 8.757349e-01 2.333427e-16
    outer loop
      vertex   7.866660e+01 7.600663e+00 0.000000e+00
      vertex   7.866660e+01 7.600663e+00 3.333333e+00
      vertex   7.882743e+01 7.689326e+00 0.000000e+00
    endloop
  endfacet
  facet normal -4.827922e-01 8.757349e-01 0.000000e+00
    outer loop
      vertex   7.882743e+01 7.689326e+00 0.000000e+00
      vertex   7.866660e+01 7.600663e+00 3.333333e+00
      vertex   7.882743e+01 7.689326e+00 3.333333e+00
    endloop
  endfacet
  facet normal -5.829795e-01 8.124869e-01 0.000000e+00
    outer loop
      vertex   7.882743e+01 7.689326e+00 0.000000e+00
      vertex   7.882743e+01 7.689326e+00 3.333333e+00
      vertex   7.897664e+01 7.796388e+00 0.000000e+00
    endloop
  endfacet
  facet normal -5.829795e-01 8.124869e-01 6.494700e-16
    outer loop
      vertex   7.897664e+01 7.796388e+00 0.000000e+00
      vertex   7.882743e+01 7.689326e+00 3.333333e+00
      vertex   7.897664e+01 7.796388e+00 3.333333e+00
    endloop
  endfacet
  facet normal -6.749830e-01 7.378333e-01 5.897948e-16
    outer loop
      vertex   7.897664e+01 7.796388e+00 0.000000e+00
      vertex   7.897664e+01 7.796388e+00 3.333333e+00
      vertex   7.911214e+01 7.920346e+00 0.000000e+00
    endloop
  endfacet
  facet normal -6.749830e-01 7.378333e-01 -3.931966e-16
    outer loop
      vertex   7.911214e+01 7.920346e+00 0.000000e+00
      vertex   7.897664e+01 7.796388e+00 3.333333e+00
      vertex   7.911214e+01 7.920346e+00 3.333333e+00
    endloop
  endfacet
  facet normal -7.575112e-01 6.528221e-01 -3.478935e-16
    outer loop
      vertex   7.911214e+01 7.920346e+00 0.000000e+00
      vertex   7.911214e+01 7.920346e+00 3.333333e+00
      vertex   7.923203e+01 8.059460e+00 0.000000e+00
    endloop
  endfacet
  facet normal -7.575112e-01 6.528221e-01 0.000000e+00
    outer loop
      vertex   7.923203e+01 8.059460e+00 0.000000e+00
      vertex   7.911214e+01 7.920346e+00 3.333333e+00
      vertex   7.923203e+01 8.059460e+00 3.333333e+00
    endloop
  endfacet
  facet normal -8.294057e-01 5.586468e-01 0.000000e+00
    outer loop
      vertex   7.923203e+01 8.059460e+00 0.000000e+00
      vertex   7.923203e+01 8.059460e+00 3.333333e+00
      vertex   7.933462e+01 8.211777e+00 0.000000e+00
    endloop
  endfacet
  facet normal -8.294057e-01 5.586468e-01 0.000000e+00
    outer loop
      vertex   7.933462e+01 8.211777e+00 0.000000e+00
      vertex   7.923203e+01 8.059460e+00 3.333333e+00
      vertex   7.933462e+01 8.211777e+00 3.333333e+00
    endloop
  endfacet
  facet normal -8.896571e-01 4.566292e-01 0.000000e+00
    outer loop
      vertex   7.933462e+01 8.211777e+00 0.000000e+00
      vertex   7.933462e+01 8.211777e+00 3.333333e+00
      vertex   7.941848e+01 8.375159e+00 0.000000e+00
    endloop
  endfacet
  facet normal -8.896571e-01 4.566292e-01 0.000000e+00
    outer loop
      vertex   7.941848e+01 8.375159e+00 0.000000e+00
      vertex   7.933462e+01 8.211777e+00 3.333333e+00
      vertex   7.941848e+01 8.375159e+00 3.333333e+00
    endloop
  endfacet
  facet normal -9.374197e-01 3.482016e-01 0.000000e+00
    outer loop
      vertex   7.941848e+01 8.375159e+00 0.000000e+00
      vertex   7.941848e+01 8.375159e+00 3.333333e+00
      vertex   7.948242e+01 8.547312e+00 0.000000e+00
    endloop
  endfacet
  facet normal -9.374197e-01 3.482016e-01 -1.855591e-16
    outer loop
      vertex   7.948242e+01 8.547312e+00 0.000000e+00
      vertex   7.941848e+01 8.375159e+00 3.333333e+00
      vertex   7.948242e+01 8.547312e+00 3.333333e+00
    endloop
  endfacet
  facet normal -9.720229e-01 2.348860e-01 -1.251724e-16
    outer loop
      vertex   7.948242e+01 8.547312e+00 0.000000e+00
      vertex   7.948242e+01 8.547312e+00 3.333333e+00
      vertex   7.952556e+01 8.725820e+00 0.000000e+00
    endloop
  endfacet
  facet normal -9.720229e-01 2.348860e-01 0.000000e+00
    outer loop
      vertex   7.952556e+01 8.725820e+00 0.000000e+00
      vertex   7.948242e+01 8.547312e+00 3.333333e+00
      vertex   7.952556e+01 8.725820e+00 3.333333e+00
    endloop
  endfacet
  facet normal -9.929811e-01 1.182732e-01 0.000000e+00
    outer loop
      vertex   7.952556e+01 8.725820e+00 0.000000e+00
      vertex   7.952556e+01 8.725820e+00 3.333333e+00
      vertex   7.954728e+01 8.908177e+00 0.000000e+00
    endloop
  endfacet
  facet normal -9.929811e-01 1.182732e-01 0.000000e+00
    outer loop
      vertex   7.954728e+01 8.908177e+00 0.000000e+00
      vertex   7.952556e+01 8.725820e+00 3.333333e+00
      vertex   7.954728e+01 8.908177e+00 3.333333e+00
    endloop
  endfacet
  facet normal -1.000000e+00 0.000000e+00 0.000000e+00
    outer loop
      vertex   7.954728e+01 8.908177e+00 0.000000e+00
      vertex   7.954728e+01 8.908177e+00 3.333333e+00
      vertex   7.954728e+01 9.091823e+00 0.000000e+00
    endloop
  endfacet
  facet normal -1.000000e+00 0.000000e+00 0.000000e+00
    outer loop
      vertex   7.954728e+01 9.091823e+00 0.000000e+00
      vertex   7.954728e+01 8.908177e+00 3.333333e+00
      vertex   7.954728e+01 9.091823e+00 3.333333e+00
    endloop
  endfacet
  facet normal -9.929811e-01 -1.182732e-01 0.000000e+00
    outer loop
      vertex   7.954728e+01 9.091823e+00 0.000000e+00
      vertex   7.954728e+01 9.091823e+00 3.333333e+00
      vertex   7.952556e+01 9.274180e+00 0.000000e+00
    endloop
  endfacet
  facet normal -9.929811e-01 -1.182732e-01 0.000000e+00
    outer loop
      vertex   7.952556e+01 9.274180e+00 0.000000e+00
      vertex   7.954728e+01 9.091823e+00 3.333333e+00
      vertex   7.952556e+01 9.274180e+00 3.333333e+00
    endloop
  endfacet
  facet normal -9.720229e-01 -2.348860e-01 0.000000e+00
    outer loop
      vertex   7.952556e+01 9.274180e+00 0.000000e+00
      vertex   7.952556e+01 9.274180e+00 3.333333e+00
      vertex   7.948242e+01 9.452688e+00 0.000000e+00
    endloop
  endfacet
  facet normal -9.720229e-01 -2.348860e-01 -1.251724e-16
    outer loop
      vertex   7.948242e+01 9.452688e+00 0.000000e+00
      vertex   7.952556e+01 9.274180e+00 3.333333e+00
      vertex   7.948242e+01 9.452688e+00 3.333333e+00
    endloop
  endfacet
  facet normal -9.374197e-01 -3.482016e-01 -1.855591e-16
    outer loop
      vertex   7.948242e+01 9.452688e+00 0.000000e+00
      vertex   7.948242e+01 9.452688e+00 3.333333e+00
      vertex   7.941848e+01 9.624841e+00 0.000000e+00
    endloop
  endfacet
  facet normal -9.374197e-01 -3.482016e-01 0.000000e+00
    outer loop
      vertex   7.941848e+01 9.624841e+00 0.000000e+00
      vertex   7.948242e+01 9.452688e+00 3.333333e+00
      vertex   7.941848e+01 9.624841e+00 3.333333e+00
    endloop
  endfacet
  facet normal -8.896571e-01 -4.566292e-01 0.000000e+00
    outer loop
      vertex   7.941848e+01 9.624841e+00 0.000000e+00
      vertex   7.941848e+01 9.624841e+00 3.333333e+00
      vertex   7.933462e+01 9.788223e+00 0.000000e+00
    endloop
  endfacet
  facet normal -8.896571e-01 -4.566292e-01 0.000000e+00
    outer loop
      vertex   7.933462e+01 9.788223e+00 0.000000e+00
      vertex   7.941848e+01 9.624841e+00 3.333333e+00
      vertex   7.933462e+01 9.788223e+00 3.333333e+00
    endloop
  endfacet
  facet normal -8.294057e-01 -5.586468e-01 0.000000e+00
    outer loop
      vertex   7.933462e+01 9.788223e+00 0.000000e+00
      vertex   7.933462e+01 9.788223e+00 3.333333e+00
      vertex   7.923203e+01 9.940540e+00 0.000000e+00
    endloop
  endfacet
  facet normal -8.294057e-01 -5.586468e-01 0.000000e+00
    outer loop
      vertex   7.923203e+01 9.940540e+00 0.000000e+00
      vertex   7.933462e+01 9.788223e+00 3.333333e+00
      vertex   7.923203e+01 9.940540e+00 3.333333e+00
    endloop
  endfacet
  facet normal -7.575112e-01 -6.528221e-01 0.000000e+00
    outer loop
      vertex   7.923203e+01 9.940540e+00 0.000000e+00
      vertex   7.923203e+01 9.940540e+00 3.333333e+00
      vertex   7.911214e+01 1.007965e+01 0.000000e+00
    endloop
  endfacet
  facet normal -7.575112e-01 -6.528221e-01 -3.478935e-16
    outer loop
      vertex   7.911214e+01 1.007965e+01 0.000000e+00
      vertex   7.923203e+01 9.940540e+00 3.333333e+00
      vertex   7.911214e+01 1.007965e+01 3.333333e+00
    endloop
  endfacet
  facet normal -6.749830e-01 -7.378333e-01 -3.931966e-16
    outer loop
      vertex   7.911214e+01 1.007965e+01 0.000000e+00
      vertex   7.911214e+01 1.007965e+01 3.333333e+00
      vertex   7.897664e+01 1.020361e+01 0.000000e+00
    endloop
  endfacet
  facet normal -6.749830e-01 -7.378333e-01 -3.931966e-16
    outer loop
      vertex   7.897664e+01 1.020361e+01 0.000000e+00
      vertex   7.911214e+01 1.007965e+01 3.333333e+00
      vertex   7.897664e+01 1.020361e+01 3.333333e+00
    endloop
  endfacet
  facet normal -5.829795e-01 -8.124869e-01 -4.329800e-16
    outer loop
      vertex   7.897664e+01 1.020361e+01 0.000000e+00
      vertex   7.897664e+01 1.020361e+01 3.333333e+00
      vertex   7.882743e+01 1.031067e+01 0.000000e+00
    endloop
  endfacet
  facet normal -5.829795e-01 -8.124869e-01 0.000000e+00
    outer loop
      vertex   7.882743e+01 1.031067e+01 0.000000e+00
      vertex   7.897664e+01 1.020361e+01 3.333333e+00
      vertex   7.882743e+01 1.031067e+01 3.333333e+00
    endloop
  endfacet
  facet normal -4.827922e-01 -8.757349e-01 0.000000e+00
    outer loop
      vertex   7.882743e+01 1.031067e+01 0.000000e+00
      vertex   7.882743e+01 1.031067e+01 3.333333e+00
      vertex   7.866660e+01 1.039934e+01 0.000000e+00
    endloop
  endfacet
  facet normal -4.827922e-01 -8.757349e-01 4.666853e-16
    outer loop
      vertex   7.866660e+01 1.039934e+01 0.000000e+00
      vertex   7.882743e+01 1.031067e+01 3.333333e+00
      vertex   7.866660e+01 1.039934e+01 3.333333e+00
    endloop
  endfacet
  facet normal -3.758276e-01 -9.266896e-01 4.938394e-16
    outer loop
      vertex   7.866660e+01 1.039934e+01 0.000000e+00
      vertex   7.866660e+01 1.039934e+01 3.333333e+00
      vertex   7.849642e+01 1.046836e+01 0.000000e+00
    endloop
  endfacet
  facet normal -3.758276e-01 -9.266896e-01 0.000000e+00
    outer loop
      vertex   7.849642e+01 1.046836e+01 0.000000e+00
      vertex   7.866660e+01 1.039934e+01 3.333333e+00
      vertex   7.849642e+01 1.046836e+01 3.333333e+00
    endloop
  endfacet
  facet normal -2.635872e-01 -9.646356e-01 0.000000e+00
    outer loop
      vertex   7.849642e+01 1.046836e+01 0.000000e+00
      vertex   7.849642e+01 1.046836e+01 3.333333e+00
      vertex   7.831927e+01 1.051676e+01 0.000000e+00
    endloop
  endfacet
  facet normal -2.635872e-01 -9.646356e-01 0.000000e+00
    outer loop
      vertex   7.831927e+01 1.051676e+01 0.000000e+00
      vertex   7.849642e+01 1.046836e+01 3.333333e+00
      vertex   7.831927e+01 1.051676e+01 3.333333e+00
    endloop
  endfacet
  facet normal -1.476466e-01 -9.890402e-01 0.000000e+00
    outer loop
      vertex   7.831927e+01 1.051676e+01 0.000000e+00
      vertex   7.831927e+01 1.051676e+01 3.333333e+00
      vertex   7.813763e+01 1.054388e+01 0.000000e+00
    endloop
  endfacet
  facet normal -1.476466e-01 -9.890402e-01 0.000000e+00
    outer loop
      vertex   7.813763e+01 1.054388e+01 0.000000e+00
      vertex   7.831927e+01 1.051676e+01 3.333333e+00
      vertex   7.813763e+01 1.054388e+01 3.333333e+00
    endloop
  endfacet
  facet normal -2.963333e-02 -9.995608e-01 0.000000e+00
    outer loop
      vertex   7.813763e+01 1.054388e+01 0.000000e+00
      vertex   7.813763e+01 1.054388e+01 3.333333e+00
      vertex   7.795407e+01 1.054932e+01 0.000000e+00
    endloop
  endfacet
  facet normal -2.963333e-02 -9.995608e-01 0.000000e+00
    outer loop
      vertex   7.795407e+01 1.054932e+01 0.000000e+00
      vertex   7.813763e+01 1.054388e+01 3.333333e+00
      vertex   7.795407e+01 1.054932e+01 3.333333e+00
    endloop
  endfacet
  facet normal 8.879590e-02 -9.960498e-01 0.000000e+00
    outer loop
      vertex   7.795407e+01 1.054932e+01 0.000000e+00
      vertex   7.795407e+01 1.054932e+01 3.333333e+00
      vertex   7.777115e+01 1.053301e+01 0.000000e+00
    endloop
  endfacet
  facet normal 8.879590e-02 -9.960498e-01 0.000000e+00
    outer loop
      vertex   7.777115e+01 1.053301e+01 0.000000e+00
      vertex   7.795407e+01 1.054932e+01 3.333333e+00
      vertex   7.777115e+01 1.053301e+01 3.333333e+00
    endloop
  endfacet
  facet normal 2.059786e-01 -9.785565e-01 0.000000e+00
    outer loop
      vertex   7.777115e+01 1.053301e+01 0.000000e+00
      vertex   7.777115e+01 1.053301e+01 3.333333e+00
      vertex   7.759144e+01 1.049519e+01 0.000000e+00
    endloop
  endfacet
  facet normal 2.059786e-01 -9.785565e-01 0.000000e+00
    outer loop
      vertex   7.759144e+01 1.049519e+01 0.000000e+00
      vertex   7.777115e+01 1.053301e+01 3.333333e+00
      vertex   7.759144e+01 1.049519e+01 3.333333e+00
    endloop
  endfacet
  facet normal 3.202699e-01 -9.473264e-01 0.000000e+00
    outer loop
      vertex   7.759144e+01 1.049519e+01 0.000000e+00
      vertex   7.759144e+01 1.049519e+01 3.333333e+00
      vertex   7.741747e+01 1.043637e+01 0.000000e+00
    endloop
  endfacet
  facet normal 3.202699e-01 -9.473264e-01 0.000000e+00
    outer loop
      vertex   7.741747e+01 1.043637e+01 0.000000e+00
      vertex   7.759144e+01 1.049519e+01 3.333333e+00
      vertex   7.741747e+01 1.043637e+01 3.333333e+00
    endloop
  endfacet
  facet normal 4.300652e-01 -9.027978e-01 0.000000e+00
    outer loop
      vertex   7.741747e+01 1.043637e+01 0.000000e+00
      vertex   7.741747e+01 1.043637e+01 3.333333e+00
      vertex   7.725167e+01 1.035739e+01 0.000000e+00
    endloop
  endfacet
  facet normal 4.300652e-01 -9.027978e-01 0.000000e+00
    outer loop
      vertex   7.725167e+01 1.035739e+01 0.000000e+00
      vertex   7.741747e+01 1.043637e+01 3.333333e+00
      vertex   7.725167e+01 1.035739e+01 3.333333e+00
    endloop
  endfacet
  facet normal 5.338234e-01 -8.455960e-01 0.000000e+00
    outer loop
      vertex   7.725167e+01 1.035739e+01 0.000000e+00
      vertex   7.725167e+01 1.035739e+01 3.333333e+00
      vertex   7.709638e+01 1.025935e+01 0.000000e+00
    endloop
  endfacet
  facet normal 5.338234e-01 -8.455960e-01 -4.506241e-16
    outer loop
      vertex   7.709638e+01 1.025935e+01 0.000000e+00
      vertex   7.725167e+01 1.035739e+01 3.333333e+00
      vertex   7.709638e+01 1.025935e+01 3.333333e+00
    endloop
  endfacet
  facet normal 6.300878e-01 -7.765239e-01 -4.138150e-16
    outer loop
      vertex   7.709638e+01 1.025935e+01 0.000000e+00
      vertex   7.709638e+01 1.025935e+01 3.333333e+00
      vertex   7.695378e+01 1.014364e+01 0.000000e+00
    endloop
  endfacet
  facet normal 6.300878e-01 -7.765239e-01 0.000000e+00
    outer loop
      vertex   7.695378e+01 1.014364e+01 0.000000e+00
      vertex   7.709638e+01 1.025935e+01 3.333333e+00
      vertex   7.695378e+01 1.014364e+01 3.333333e+00
    endloop
  endfacet
  facet normal 7.175073e-01 -6.965510e-01 0.000000e+00
    outer loop
      vertex   7.695378e+01 1.014364e+01 0.000000e+00
      vertex   7.695378e+01 1.014364e+01 3.333333e+00
      vertex   7.682586e+01 1.001187e+01 0.000000e+00
    endloop
  endfacet
  facet normal 7.175073e-01 -6.965510e-01 -7.423939e-16
    outer loop
      vertex   7.682586e+01 1.001187e+01 0.000000e+00
      vertex   7.695378e+01 1.014364e+01 3.333333e+00
      vertex   7.682586e+01 1.001187e+01 3.333333e+00
    endloop
  endfacet
  facet normal 7.948544e-01 -6.068001e-01 -6.467362e-16
    outer loop
      vertex   7.682586e+01 1.001187e+01 0.000000e+00
      vertex   7.682586e+01 1.001187e+01 3.333333e+00
      vertex   7.671442e+01 9.865903e+00 0.000000e+00
    endloop
  endfacet
  facet normal 7.948544e-01 -6.068001e-01 -3.233681e-16
    outer loop
      vertex   7.671442e+01 9.865903e+00 0.000000e+00
      vertex   7.682586e+01 1.001187e+01 3.333333e+00
      vertex   7.671442e+01 9.865903e+00 3.333333e+00
    endloop
  endfacet
  facet normal 8.610436e-01 -5.085311e-01 -2.709998e-16
    outer loop
      vertex   7.671442e+01 9.865903e+00 0.000000e+00
      vertex   7.671442e+01 9.865903e+00 3.333333e+00
      vertex   7.662103e+01 9.707775e+00 0.000000e+00
    endloop
  endfacet
  facet normal 8.610436e-01 -5.085311e-01 0.000000e+00
    outer loop
      vertex   7.662103e+01 9.707775e+00 0.000000e+00
      vertex   7.671442e+01 9.865903e+00 3.333333e+00
      vertex   7.662103e+01 9.707775e+00 3.333333e+00
    endloop
  endfacet
  facet normal 9.151456e-01 -4.031234e-01 0.000000e+00
    outer loop
      vertex   7.662103e+01 9.707775e+00 0.000000e+00
      vertex   7.662103e+01 9.707775e+00 3.333333e+00
      vertex   7.654700e+01 9.539713e+00 0.000000e+00
    endloop
  endfacet
  facet normal 9.151456e-01 -4.031234e-01 -2.148273e-16
    outer loop
      vertex   7.654700e+01 9.539713e+00 0.000000e+00
      vertex   7.662103e+01 9.707775e+00 3.333333e+00
      vertex   7.654700e+01 9.539713e+00 3.333333e+00
    endloop
  endfacet
  facet normal 9.564010e-01 -2.920568e-01 -1.556391e-16
    outer loop
      vertex   7.654700e+01 9.539713e+00 0.000000e+00
      vertex   7.654700e+01 9.539713e+00 3.333333e+00
      vertex   7.649337e+01 9.364074e+00 0.000000e+00
    endloop
  endfacet
  facet normal 9.564010e-01 -2.920568e-01 0.000000e+00
    outer loop
      vertex   7.649337e+01 9.364074e+00 0.000000e+00
      vertex   7.654700e+01 9.539713e+00 3.333333e+00
      vertex   7.649337e+01 9.364074e+00 3.333333e+00
    endloop
  endfacet
  facet normal 9.842306e-01 -1.768903e-01 0.000000e+00
    outer loop
      vertex   7.649337e+01 9.364074e+00 0.000000e+00
      vertex   7.649337e+01 9.364074e+00 3.333333e+00
      vertex   7.646088e+01 9.183324e+00 0.000000e+00
    endloop
  endfacet
  facet normal 9.842306e-01 -1.768903e-01 0.000000e+00
    outer loop
      vertex   7.646088e+01 9.183324e+00 0.000000e+00
      vertex   7.649337e+01 9.364074e+00 3.333333e+00
      vertex   7.646088e+01 9.183324e+00 3.333333e+00
    endloop
  endfacet
  facet normal 9.982437e-01 -5.924063e-02 0.000000e+00
    outer loop
      vertex   7.645000e+01 9.000000e+00 6.666667e+00
      vertex   7.645000e+01 9.000000e+00 3.333333e+00
      vertex   7.646088e+01 9.183324e+00 6.666667e+00
    endloop
  endfacet
  facet normal 9.982437e-01 -5.924063e-02 0.000000e+00
    outer loop
      vertex   7.646088e+01 9.183324e+00 6.666667e+00
      vertex   7.645000e+01 9.000000e+00 3.333333e+00
      vertex   7.646088e+01 9.183324e+00 3.333333e+00
    endloop
  endfacet
  facet normal 9.842306e-01 -1.768903e-01 0.000000e+00
    outer loop
      vertex   7.646088e+01 9.183324e+00 6.666667e+00
      vertex   7.646088e+01 9.183324e+00 3.333333e+00
      vertex   7.649337e+01 9.364074e+00 6.666667e+00
    endloop
  endfacet
  facet normal 9.842306e-01 -1.768903e-01 0.000000e+00
    outer loop
      vertex   7.649337e+01 9.364074e+00 6.666667e+00
      vertex   7.646088e+01 9.183324e+00 3.333333e+00
      vertex   7.649337e+01 9.364074e+00 3.333333e+00
    endloop
  endfacet
  facet normal 9.564010e-01 -2.920568e-01 0.000000e+00
    outer loop
      vertex   7.649337e+01 9.364074e+00 6.666667e+00
      vertex   7.649337e+01 9.364074e+00 3.333333e+00
      vertex   7.654700e+01 9.539713e+00 6.666667e+00
    endloop
  endfacet
  facet normal 9.564010e-01 -2.920568e-01 0.000000e+00
    outer loop
      vertex   7.654700e+01 9.539713e+00 6.666667e+00
      vertex   7.649337e+01 9.364074e+00 3.333333e+00
      vertex   7.654700e+01 9.539713e+00 3.333333e+00
    endloop
  endfacet
  facet normal 9.151456e-01 -4.031234e-01 0.000000e+00
    outer loop
      vertex   7.654700e+01 9.539713e+00 6.666667e+00
      vertex   7.654700e+01 9.539713e+00 3.333333e+00
      vertex   7.662103e+01 9.707775e+00 6.666667e+00
    endloop
  endfacet
  facet normal 9.151456e-01 -4.031234e-01 0.000000e+00
    outer loop
      vertex   7.662103e+01 9.707775e+00 6.666667e+00
      vertex   7.654700e+01 9.539713e+00 3.333333e+00
      vertex   7.662103e+01 9.707775e+00 3.333333e+00
    endloop
  endfacet
  facet normal 8.610436e-01 -5.085311e-01 0.000000e+00
    outer loop
      vertex   7.662103e+01 9.707775e+00 6.666667e+00
      vertex   7.662103e+01 9.707775e+00 3.333333e+00
      vertex   7.671442e+01 9.865903e+00 6.666667e+00
    endloop
  endfacet
  facet normal 8.610436e-01 -5.085311e-01 0.000000e+00
    outer loop
      vertex   7.671442e+01 9.865903e+00 6.666667e+00
      vertex   7.662103e+01 9.707775e+00 3.333333e+00
      vertex   7.671442e+01 9.865903e+00 3.333333e+00
    endloop
  endfacet
  facet normal 7.948544e-01 -6.068001e-01 0.000000e+00
    outer loop
      vertex   7.671442e+01 9.865903e+00 6.666667e+00
      vertex   7.671442e+01 9.865903e+00 3.333333e+00
      vertex   7.682586e+01 1.001187e+01 6.666667e+00
    endloop
  endfacet
  facet normal 7.948544e-01 -6.068001e-01 0.000000e+00
    outer loop
      vertex   7.682586e+01 1.001187e+01 6.666667e+00
      vertex   7.671442e+01 9.865903e+00 3.333333e+00
      vertex   7.682586e+01 1.001187e+01 3.333333e+00
    endloop
  endfacet
  facet normal 7.175073e-01 -6.965510e-01 0.000000e+00
    outer loop
      vertex   7.682586e+01 1.001187e+01 6.666667e+00
      vertex   7.682586e+01 1.001187e+01 3.333333e+00
      vertex   7.695378e+01 1.014364e+01 6.666667e+00
    endloop
  endfacet
  facet normal 7.175073e-01 -6.965510e-01 0.000000e+00
    outer loop
      vertex   7.695378e+01 1.014364e+01 6.666667e+00
      vertex   7.682586e+01 1.001187e+01 3.333333e+00
      vertex   7.695378e+01 1.014364e+01 3.333333e+00
    endloop
  endfacet
  facet normal 6.300878e-01 -7.765239e-01 0.000000e+00
    outer loop
      vertex   7.695378e+01 1.014364e+01 6.666667e+00
      vertex   7.695378e+01 1.014364e+01 3.333333e+00
      vertex   7.709638e+01 1.025935e+01 6.666667e+00
    endloop
  endfacet
  facet normal 6.300878e-01 -7.765239e-01 0.000000e+00
    outer loop
      vertex   7.709638e+01 1.025935e+01 6.666667e+00
      vertex   7.695378e+01 1.014364e+01 3.333333e+00
      vertex   7.709638e+01 1.025935e+01 3.333333e+00
    endloop
  endfacet
  facet normal 5.338234e-01 -8.455960e-01 0.000000e+00
    outer loop
      vertex   7.709638e+01 1.025935e+01 6.666667e+00
      vertex   7.709638e+01 1.025935e+01 3.333333e+00
      vertex   7.725167e+01 1.035739e+01 6.666667e+00
    endloop
  endfacet
  facet normal 5.338234e-01 -8.455960e-01 0.000000e+00
    outer loop
      vertex   7.725167e+01 1.035739e+01 6.666667e+00
      vertex   7.709638e+01 1.025935e+01 3.333333e+00
      vertex   7.725167e+01 1.035739e+01 3.333333e+00
    endloop
  endfacet
  facet normal 4.300652e-01 -9.027978e-01 0.000000e+00
    outer loop
      vertex   7.725167e+01 1.035739e+01 6.666667e+00
      vertex   7.725167e+01 1.035739e+01 3.333333e+00
      vertex   7.741747e+01 1.043637e+01 6.666667e+00
    endloop
  endfacet
  facet normal 4.300652e-01 -9.027978e-01 0.000000e+00
    outer loop
      vertex   7.741747e+01 1.043637e+01 6.666667e+00
      vertex   7.725167e+01 1.035739e+01 3.333333e+00
      vertex   7.741747e+01 1.043637e+01 3.333333e+00
    endloop
  endfacet
  facet normal 3.202699e-01 -9.473264e-01 0.000000e+00
    outer loop
      vertex   7.741747e+01 1.043637e+01 6.666667e+00
      vertex   7.741747e+01 1.043637e+01 3.333333e+00
      vertex   7.759144e+01 1.049519e+01 6.666667e+00
    endloop
  endfacet
  facet normal 3.202699e-01 -9.473264e-01 0.000000e+00
    outer loop
      vertex   7.759144e+01 1.049519e+01 6.666667e+00
      vertex   7.741747e+01 1.043637e+01 3.333333e+00
      vertex   7.759144e+01 1.049519e+01 3.333333e+00
    endloop
  endfacet
  facet normal 2.059786e-01 -9.785565e-01 0.000000e+00
    outer loop
      vertex   7.759144e+01 1.049519e+01 6.666667e+00
      vertex   7.759144e+01 1.049519e+01 3.333333e+00
      vertex   7.777115e+01 1.053301e+01 6.666667e+00
    endloop
  endfacet
  facet normal 2.059786e-01 -9.785565e-01 0.000000e+00
    outer loop
      vertex   7.777115e+01 1.053301e+01 6.666667e+00
      vertex   7.759144e+01 1.049519e+01 3.333333e+00
      vertex   7.777115e+01 1.053301e+01 3.333333e+00
    endloop
  endfacet
  facet normal 8.879590e-02 -9.960498e-01 0.000000e+00
    outer loop
      vertex   7.777115e+01 1.053301e+01 6.666667e+00
      vertex   7.777115e+01 1.053301e+01 3.333333e+00
      vertex   7.795407e+01 1.054932e+01 6.666667e+00
    endloop
  endfacet
  facet normal 8.879590e-02 -9.960498e-01 0.000000e+00
    outer loop
      vertex   7.795407e+01 1.054932e+01 6.666667e+00
      vertex   7.777115e+01 1.053301e+01 3.333333e+00
      vertex   7.795407e+01 1.054932e+01 3.333333e+00
    endloop
  endfacet
  facet normal -2.963333e-02 -9.995608e-01 -0.000000e+00
    outer loop
      vertex   7.795407e+01 1.054932e+01 6.666667e+00
      vertex   7.795407e+01 1.054932e+01 3.333333e+00
      vertex   7.813763e+01 1.054388e+01 6.666667e+00
    endloop
  endfacet
  facet normal -2.963333e-02 -9.995608e-01 -0.000000e+00
    outer loop
      vertex   7.813763e+01 1.054388e+01 6.666667e+00
      vertex   7.795407e+01 1.054932e+01 3.333333e+00
      vertex   7.813763e+01 1.054388e+01 3.333333e+00
    endloop
  endfacet
  facet normal -1.476466e-01 -9.890402e-01 -0.000000e+00
    outer loop
      vertex   7.813763e+01 1.054388e+01 6.666667e+00
      vertex   7.813763e+01 1.054388e+01 3.333333e+00
      vertex   7.831927e+01 1.051676e+01 6.666667e+00
    endloop
  endfacet
  facet normal -1.476466e-01 -9.890402e-01 -0.000000e+00
    outer loop
      vertex   7.831927e+01 1.051676e+01 6.666667e+00
      vertex   7.813763e+01 1.054388e+01 3.333333e+00
      vertex   7.831927e+01 1.051676e+01 3.333333e+00
    endloop
  endfacet
  facet normal -2.635872e-01 -9.646356e-01 -0.000000e+00
    outer loop
      vertex   7.831927e+01 1.051676e+01 6.666667e+00
      vertex   7.831927e+01 1.051676e+01 3.333333e+00
      vertex   7.849642e+01 1.046836e+01 6.666667e+00
    endloop
  endfacet
  facet normal -2.635872e-01 -9.646356e-01 -0.000000e+00
    outer loop
      vertex   7.849642e+01 1.046836e+01 6.666667e+00
      vertex   7.831927e+01 1.051676e+01 3.333333e+00
      vertex   7.849642e+01 1.046836e+01 3.333333e+00
    endloop
  endfacet
  facet normal -3.758276e-01 -9.266896e-01 -0.000000e+00
    outer loop
      vertex   7.849642e+01 1.046836e+01 6.666667e+00
      vertex   7.849642e+01 1.046836e+01 3.333333e+00
      vertex   7.866660e+01 1.039934e+01 6.666667e+00
    endloop
  endfacet
  facet normal -3.758276e-01 -9.266896e-01 -0.000000e+00
    outer loop
      vertex   7.866660e+01 1.039934e+01 6.666667e+00
      vertex   7.849642e+01 1.046836e+01 3.333333e+00
      vertex   7.866660e+01 1.039934e+01 3.333333e+00
    endloop
  endfacet
  facet normal -4.827922e-01 -8.757349e-01 -0.000000e+00
    outer loop
      vertex   7.866660e+01 1.039934e+01 6.666667e+00
      vertex   7.866660e+01 1.039934e+01 3.333333e+00
      vertex   7.882743e+01 1.031067e+01 6.666667e+00
    endloop
  endfacet
  facet normal -4.827922e-01 -8.757349e-01 -0.000000e+00
    outer loop
      vertex   7.882743e+01 1.031067e+01 6.666667e+00
      vertex   7.866660e+01 1.039934e+01 3.333333e+00
      vertex   7.882743e+01 1.031067e+01 3.333333e+00
    endloop
  endfacet
  facet normal -5.829795e-01 -8.124869e-01 -0.000000e+00
    outer loop
      vertex   7.882743e+01 1.031067e+01 6.666667e+00
      vertex   7.882743e+01 1.031067e+01 3.333333e+00
      vertex   7.897664e+01 1.020361e+01 6.666667e+00
    endloop
  endfacet
  facet normal -5.829795e-01 -8.124869e-01 -0.000000e+00
    outer loop
      vertex   7.897664e+01 1.020361e+01 6.666667e+00
      vertex   7.882743e+01 1.031067e+01 3.333333e+00
      vertex   7.897664e+01 1.020361e+01 3.333333e+00
    endloop
  endfacet
  facet normal -6.749830e-01 -7.378333e-01 -0.000000e+00
    outer loop
      vertex   7.897664e+01 1.020361e+01 6.666667e+00
      vertex   7.897664e+01 1.020361e+01 3.333333e+00
      vertex   7.911214e+01 1.007965e+01 6.666667e+00
    endloop
  endfacet
  facet normal -6.749830e-01 -7.378333e-01 -0.000000e+00
    outer loop
      vertex   7.911214e+01 1.007965e+01 6.666667e+00
      vertex   7.897664e+01 1.020361e+01 3.333333e+00
      vertex   7.911214e+01 1.007965e+01 3.333333e+00
    endloop
  endfacet
  facet normal -7.575112e-01 -6.528221e-01 -0.000000e+00
    outer loop
      vertex   7.911214e+01 1.007965e+01 6.666667e+00
      vertex   7.911214e+01 1.007965e+01 3.333333e+00
      vertex   7.923203e+01 9.940540e+00 6.666667e+00
    endloop
  endfacet
  facet normal -7.575112e-01 -6.528221e-01 -0.000000e+00
    outer loop
      vertex   7.923203e+01 9.940540e+00 6.666667e+00
      vertex   7.911214e+01 1.007965e+01 3.333333e+00
      vertex   7.923203e+01 9.940540e+00 3.333333e+00
    endloop
  endfacet
  facet normal -8.294057e-01 -5.586468e-01 -0.000000e+00
    outer loop
      vertex   7.923203e+01 9.940540e+00 6.666667e+00
      vertex   7.923203e+01 9.940540e+00 3.333333e+00
      vertex   7.933462e+01 9.788223e+00 6.666667e+00
    endloop
  endfacet
  facet normal -8.294057e-01 -5.586468e-01 -0.000000e+00
    outer loop
      vertex   7.933462e+01 9.788223e+00 6.666667e+00
      vertex   7.923203e+01 9.940540e+00 3.333333e+00
      vertex   7.933462e+01 9.788223e+00 3.333333e+00
    endloop
  endfacet
  facet normal -8.896571e-01 -4.566292e-01 -0.000000e+00
    outer loop
      vertex   7.933462e+01 9.788223e+00 6.666667e+00
      vertex   7.933462e+01 9.788223e+00 3.333333e+00
      vertex   7.941848e+01 9.624841e+00 6.666667e+00
    endloop
  endfacet
  facet normal -8.896571e-01 -4.566292e-01 -0.000000e+00
    outer loop
      vertex   7.941848e+01 9.624841e+00 6.666667e+00
      vertex   7.933462e+01 9.788223e+00 3.333333e+00
      vertex   7.941848e+01 9.624841e+00 3.333333e+00
    endloop
  endfacet
  facet normal -9.374197e-01 -3.482016e-01 -0.000000e+00
    outer loop
      vertex   7.941848e+01 9.624841e+00 6.666667e+00
      vertex   7.941848e+01 9.624841e+00 3.333333e+00
      vertex   7.948242e+01 9.452688e+00 6.666667e+00
    endloop
  endfacet
  facet normal -9.374197e-01 -3.482016e-01 -0.000000e+00
    outer loop
      vertex   7.948242e+01 9.452688e+00 6.666667e+00
      vertex   7.941848e+01 9.624841e+00 3.333333e+00
      vertex   7.948242e+01 9.452688e+00 3.333333e+00
    endloop
  endfacet
  facet normal -9.720229e-01 -2.348860e-01 -0.000000e+00
    outer loop
      vertex   7.948242e+01 9.452688e+00 6.666667e+00
      vertex   7.948242e+01 9.452688e+00 3.333333e+00
      vertex   7.952556e+01 9.274180e+00 6.666667e+00
    endloop
  endfacet
  facet normal -9.720229e-01 -2.348860e-01 -0.000000e+00
    outer loop
      vertex   7.952556e+01 9.274180e+00 6.666667e+00
      vertex   7.948242e+01 9.452688e+00 3.333333e+00
      vertex   7.952556e+01 9.274180e+00 3.333333e+00
    endloop
  endfacet
  facet normal -9.929811e-01 -1.182732e-01 -0.000000e+00
    outer loop
      vertex   7.952556e+01 9.274180e+00 6.666667e+00
      vertex   7.952556e+01 9.274180e+00 3.333333e+00
      vertex   7.954728e+01 9.091823e+00 6.666667e+00
    endloop
  endfacet
  facet normal -9.929811e-01 -1.182732e-01 -0.000000e+00
    outer loop
      vertex   7.954728e+01 9.091823e+00 6.666667e+00
      vertex   7.952556e+01 9.274180e+00 3.333333e+00
      vertex   7.954728e+01 9.091823e+00 3.333333e+00
    endloop
  endfacet
  facet normal -1.000000e+00 -0.000000e+00 -0.000000e+00
    outer loop
      vertex   7.954728e+01 9.091823e+00 6.666667e+00
      vertex   7.954728e+01 9.091823e+00 3.333333e+00
      vertex   7.954728e+01 8.908177e+00 6.666667e+00
    endloop
  endfacet
  facet normal -1.000000e+00 0.000000e+00 0.000000e+00
    outer loop
      vertex   7.954728e+01 8.908177e+00 6.666667e+00
      vertex   7.954728e+01 9.091823e+00 3.333333e+00
      vertex   7.954728e+01 8.908177e+00 3.333333e+00
    endloop
  endfacet
  facet normal -9.929811e-01 1.182732e-01 0.000000e+00
    outer loop
      vertex   7.954728e+01 8.908177e+00 6.666667e+00
      vertex   7.954728e+01 8.908177e+00 3.333333e+00
      vertex   7.952556e+01 8.725820e+00 6.666667e+00
    endloop
  endfacet
  facet normal -9.929811e-01 1.182732e-01 0.000000e+00
    outer loop
      vertex   7.952556e+01 8.725820e+00 6.666667e+00
      vertex   7.954728e+01 8.908177e+00 3.333333e+00
      vertex   7.952556e+01 8.725820e+00 3.333333e+00
    endloop
  endfacet
  facet normal -9.720229e-01 2.348860e-01 0.000000e+00
    outer loop
      vertex   7.952556e+01 8.725820e+00 6.666667e+00
      vertex   7.952556e+01 8.725820e+00 3.333333e+00
      vertex   7.948242e+01 8.547312e+00 6.666667e+00
    endloop
  endfacet
  facet normal -9.720229e-01 2.348860e-01 0.000000e+00
    outer loop
      vertex   7.948242e+01 8.547312e+00 6.666667e+00
      vertex   7.952556e+01 8.725820e+00 3.333333e+00
      vertex   7.948242e+01 8.547312e+00 3.333333e+00
    endloop
  endfacet
  facet normal -9.374197e-01 3.482016e-01 0.000000e+00
    outer loop
      vertex   7.948242e+01 8.547312e+00 6.666667e+00
      vertex   7.948242e+01 8.547312e+00 3.333333e+00
      vertex   7.941848e+01 8.375159e+00 6.666667e+00
    endloop
  endfacet
  facet normal -9.374197e-01 3.482016e-01 0.000000e+00
    outer loop
      vertex   7.941848e+01 8.375159e+00 6.666667e+00
      vertex   7.948242e+01 8.547312e+00 3.333333e+00
      vertex   7.941848e+01 8.375159e+00 3.333333e+00
    endloop
  endfacet
  facet normal -8.896571e-01 4.566292e-01 0.000000e+00
    outer loop
      vertex   7.941848e+01 8.375159e+00 6.666667e+00
      vertex   7.941848e+01 8.375159e+00 3.333333e+00
      vertex   7.933462e+01 8.211777e+00 6.666667e+00
    endloop
  endfacet
  facet normal -8.896571e-01 4.566292e-01 0.000000e+00
    outer loop
      vertex   7.933462e+01 8.211777e+00 6.666667e+00
      vertex   7.941848e+01 8.375159e+00 3.333333e+00
      vertex   7.933462e+01 8.211777e+00 3.333333e+00
    endloop
  endfacet
  facet normal -8.294057e-01 5.586468e-01 0.000000e+00
    outer loop
      vertex   7.933462e+01 8.211777e+00 6.666667e+00
      vertex   7.933462e+01 8.211777e+00 3.333333e+00
      vertex   7.923203e+01 8.059460e+00 6.666667e+00
    endloop
  endfacet
  facet normal -8.294057e-01 5.586468e-01 0.000000e+00
    outer loop
      vertex   7.923203e+01 8.059460e+00 6.666667e+00
      vertex   7.933462e+01 8.211777e+00 3.333333e+00
      vertex   7.923203e+01 8.059460e+00 3.333333e+00
    endloop
  endfacet
  facet normal -7.575112e-01 6.528221e-01 0.000000e+00
    outer loop
      vertex   7.923203e+01 8.059460e+00 6.666667e+00
      vertex   7.923203e+01 8.059460e+00 3.333333e+00
      vertex   7.911214e+01 7.920346e+00 6.666667e+00
    endloop
  endfacet
  facet normal -7.575112e-01 6.528221e-01 0.000000e+00
    outer loop
      vertex   7.911214e+01 7.920346e+00 6.666667e+00
      vertex   7.923203e+01 8.059460e+00 3.333333e+00
      vertex   7.911214e+01 7.920346e+00 3.333333e+00
    endloop
  endfacet
  facet normal -6.749830e-01 7.378333e-01 0.000000e+00
    outer loop
      vertex   7.911214e+01 7.920346e+00 6.666667e+00
      vertex   7.911214e+01 7.920346e+00 3.333333e+00
      vertex   7.897664e+01 7.796388e+00 6.666667e+00
    endloop
  endfacet
  facet normal -6.749830e-01 7.378333e-01 0.000000e+00
    outer loop
      vertex   7.897664e+01 7.796388e+00 6.666667e+00
      vertex   7.911214e+01 7.920346e+00 3.333333e+00
      vertex   7.897664e+01 7.796388e+00 3.333333e+00
    endloop
  endfacet
  facet normal -5.829795e-01 8.124869e-01 0.000000e+00
    outer loop
      vertex   7.897664e+01 7.796388e+00 6.666667e+00
      vertex   7.897664e+01 7.796388e+00 3.333333e+00
      vertex   7.882743e+01 7.689326e+00 6.666667e+00
    endloop
  endfacet
  facet normal -5.829795e-01 8.124869e-01 0.000000e+00
    outer loop
      vertex   7.882743e+01 7.689326e+00 6.666667e+00
      vertex   7.897664e+01 7.796388e+00 3.333333e+00
      vertex   7.882743e+01 7.689326e+00 3.333333e+00
    endloop
  endfacet
  facet normal -4.827922e-01 8.757349e-01 0.000000e+00
    outer loop
      vertex   7.882743e+01 7.689326e+00 6.666667e+00
      vertex   7.882743e+01 7.689326e+00 3.333333e+00
      vertex   7.866660e+01 7.600663e+00 6.666667e+00
    endloop
  endfacet
  facet normal -4.827922e-01 8.757349e-01 0.000000e+00
    outer loop
      vertex   7.866660e+01 7.600663e+00 6.666667e+00
      vertex   7.882743e+01 7.689326e+00 3.333333e+00
      vertex   7.866660e+01 7.600663e+00 3.333333e+00
    endloop
  endfacet
  facet normal -3.758276e-01 9.266896e-01 0.000000e+00
    outer loop
      vertex   7.866660e+01 7.600663e+00 6.666667e+00
      vertex   7.866660e+01 7.600663e+00 3.333333e+00
      vertex   7.849642e+01 7.531644e+00 6.666667e+00
    endloop
  endfacet
  facet normal -3.758276e-01 9.266896e-01 0.000000e+00
    outer loop
      vertex   7.849642e+01 7.531644e+00 6.666667e+00
      vertex   7.866660e+01 7.600663e+00 3.333333e+00
      vertex   7.849642e+01 7.531644e+00 3.333333e+00
    endloop
  endfacet
  facet normal -2.635872e-01 9.646356e-01 0.000000e+00
    outer loop
      vertex   7.849642e+01 7.531644e+00 6.666667e+00
      vertex   7.849642e+01 7.531644e+00 3.333333e+00
      vertex   7.831927e+01 7.483238e+00 6.666667e+00
    endloop
  endfacet
  facet normal -2.635872e-01 9.646356e-01 0.000000e+00
    outer loop
      vertex   7.831927e+01 7.483238e+00 6.666667e+00
      vertex   7.849642e+01 7.531644e+00 3.333333e+00
      vertex   7.831927e+01 7.483238e+00 3.333333e+00
    endloop
  endfacet
  facet normal -1.476466e-01 9.890402e-01 0.000000e+00
    outer loop
      vertex   7.831927e+01 7.483238e+00 6.666667e+00
      vertex   7.831927e+01 7.483238e+00 3.333333e+00
      vertex   7.813763e+01 7.456123e+00 6.666667e+00
    endloop
  endfacet
  facet normal -1.476466e-01 9.890402e-01 0.000000e+00
    outer loop
      vertex   7.813763e+01 7.456123e+00 6.666667e+00
      vertex   7.831927e+01 7.483238e+00 3.333333e+00
      vertex   7.813763e+01 7.456123e+00 3.333333e+00
    endloop
  endfacet
  facet normal -2.963333e-02 9.995608e-01 0.000000e+00
    outer loop
      vertex   7.813763e+01 7.456123e+00 6.666667e+00
      vertex   7.813763e+01 7.456123e+00 3.333333e+00
      vertex   7.795407e+01 7.450681e+00 6.666667e+00
    endloop
  endfacet
  facet normal -2.963333e-02 9.995608e-01 0.000000e+00
    outer loop
      vertex   7.795407e+01 7.450681e+00 6.666667e+00
      vertex   7.813763e+01 7.456123e+00 3.333333e+00
      vertex   7.795407e+01 7.450681e+00 3.333333e+00
    endloop
  endfacet
  facet normal 8.879590e-02 9.960498e-01 0.000000e+00
    outer loop
      vertex   7.795407e+01 7.450681e+00 6.666667e+00
      vertex   7.795407e+01 7.450681e+00 3.333333e+00
      vertex   7.777115e+01 7.466988e+00 6.666667e+00
    endloop
  endfacet
  facet normal 8.879590e-02 9.960498e-01 0.000000e+00
    outer loop
      vertex   7.777115e+01 7.466988e+00 6.666667e+00
      vertex   7.795407e+01 7.450681e+00 3.333333e+00
      vertex   7.777115e+01 7.466988e+00 3.333333e+00
    endloop
  endfacet
  facet normal 2.059786e-01 9.785565e-01 0.000000e+00
    outer loop
      vertex   7.777115e+01 7.466988e+00 6.666667e+00
      vertex   7.777115e+01 7.466988e+00 3.333333e+00
      vertex   7.759144e+01 7.504815e+00 6.666667e+00
    endloop
  endfacet
  facet normal 2.059786e-01 9.785565e-01 0.000000e+00
    outer loop
      vertex   7.759144e+01 7.504815e+00 6.666667e+00
      vertex   7.777115e+01 7.466988e+00 3.333333e+00
      vertex   7.759144e+01 7.504815e+00 3.333333e+00
    endloop
  endfacet
  facet normal 3.202699e-01 9.473264e-01 0.000000e+00
    outer loop
      vertex   7.759144e+01 7.504815e+00 6.666667e+00
      vertex   7.759144e+01 7.504815e+00 3.333333e+00
      vertex   7.741747e+01 7.563631e+00 6.666667e+00
    endloop
  endfacet
  facet normal 3.202699e-01 9.473264e-01 0.000000e+00
    outer loop
      vertex   7.741747e+01 7.563631e+00 6.666667e+00
      vertex   7.759144e+01 7.504815e+00 3.333333e+00
      vertex   7.741747e+01 7.563631e+00 3.333333e+00
    endloop
  endfacet
  facet normal 4.300652e-01 9.027978e-01 0.000000e+00
    outer loop
      vertex   7.741747e+01 7.563631e+00 6.666667e+00
      vertex   7.741747e+01 7.563631e+00 3.333333e+00
      vertex   7.725167e+01 7.642611e+00 6.666667e+00
    endloop
  endfacet
  facet normal 4.300652e-01 9.027978e-01 0.000000e+00
    outer loop
      vertex   7.725167e+01 7.642611e+00 6.666667e+00
      vertex   7.741747e+01 7.563631e+00 3.333333e+00
      vertex   7.725167e+01 7.642611e+00 3.333333e+00
    endloop
  endfacet
  facet normal 5.338234e-01 8.455960e-01 0.000000e+00
    outer loop
      vertex   7.725167e+01 7.642611e+00 6.666667e+00
      vertex   7.725167e+01 7.642611e+00 3.333333e+00
      vertex   7.709638e+01 7.740645e+00 6.666667e+00
    endloop
  endfacet
  facet normal 5.338234e-01 8.455960e-01 0.000000e+00
    outer loop
      vertex   7.709638e+01 7.740645e+00 6.666667e+00
      vertex   7.725167e+01 7.642611e+00 3.333333e+00
      vertex   7.709638e+01 7.740645e+00 3.333333e+00
    endloop
  endfacet
  facet normal 6.300878e-01 7.765239e-01 0.000000e+00
    outer loop
      vertex   7.709638e+01 7.740645e+00 6.666667e+00
      vertex   7.709638e+01 7.740645e+00 3.333333e+00
      vertex   7.695378e+01 7.856359e+00 6.666667e+00
    endloop
  endfacet
  facet normal 6.300878e-01 7.765239e-01 0.000000e+00
    outer loop
      vertex   7.695378e+01 7.856359e+00 6.666667e+00
      vertex   7.709638e+01 7.740645e+00 3.333333e+00
      vertex   7.695378e+01 7.856359e+00 3.333333e+00
    endloop
  endfacet
  facet normal 7.175073e-01 6.965510e-01 0.000000e+00
    outer loop
      vertex   7.695378e+01 7.856359e+00 6.666667e+00
      vertex   7.695378e+01 7.856359e+00 3.333333e+00
      vertex   7.682586e+01 7.988126e+00 6.666667e+00
    endloop
  endfacet
  facet normal 7.175073e-01 6.965510e-01 0.000000e+00
    outer loop
      vertex   7.682586e+01 7.988126e+00 6.666667e+00
      vertex   7.695378e+01 7.856359e+00 3.333333e+00
      vertex   7.682586e+01 7.988126e+00 3.333333e+00
    endloop
  endfacet
  facet normal 7.948544e-01 6.068001e-01 0.000000e+00
    outer loop
      vertex   7.682586e+01 7.988126e+00 6.666667e+00
      vertex   7.682586e+01 7.988126e+00 3.333333e+00
      vertex   7.671442e+01 8.134098e+00 6.666667e+00
    endloop
  endfacet
  facet normal 7.948544e-01 6.068001e-01 0.000000e+00
    outer loop
      vertex   7.671442e+01 8.134098e+00 6.666667e+00
      vertex   7.682586e+01 7.988126e+00 3.333333e+00
      vertex   7.671442e+01 8.134098e+00 3.333333e+00
    endloop
  endfacet
  facet normal 8.610436e-01 5.085311e-01 0.000000e+00
    outer loop
      vertex   7.671442e+01 8.134098e+00 6.666667e+00
      vertex   7.671442e+01 8.134098e+00 3.333333e+00
      vertex   7.662103e+01 8.292225e+00 6.666667e+00
    endloop
  endfacet
  facet normal 8.610436e-01 5.085311e-01 0.000000e+00
    outer loop
      vertex   7.662103e+01 8.292225e+00 6.666667e+00
      vertex   7.671442e+01 8.134098e+00 3.333333e+00
      vertex   7.662103e+01 8.292225e+00 3.333333e+00
    endloop
  endfacet
  facet normal 9.151456e-01 4.031234e-01 0.000000e+00
    outer loop
      vertex   7.662103e+01 8.292225e+00 6.666667e+00
      vertex   7.662103e+01 8.292225e+00 3.333333e+00
      vertex   7.654700e+01 8.460288e+00 6.666667e+00
    endloop
  endfacet
  facet normal 9.151456e-01 4.031234e-01 0.000000e+00
    outer loop
      vertex   7.654700e+01 8.460288e+00 6.666667e+00
      vertex   7.662103e+01 8.292225e+00 3.333333e+00
      vertex   7.654700e+01 8.460288e+00 3.333333e+00
    endloop
  endfacet
  facet normal 9.564010e-01 2.920568e-01 0.000000e+00
    outer loop
      vertex   7.654700e+01 8.460288e+00 6.666667e+00
      vertex   7.654700e+01 8.460288e+00 3.333333e+00
      vertex   7.649337e+01 8.635927e+00 6.666667e+00
    endloop
  endfacet
  facet normal 9.564010e-01 2.920568e-01 0.000000e+00
    outer loop
      vertex   7.649337e+01 8.635927e+00 6.666667e+00
      vertex   7.654700e+01 8.460288e+00 3.333333e+00
      vertex   7.649337e+01 8.635927e+00 3.333333e+00
    endloop
  endfacet
  facet normal 9.842306e-01 1.768903e-01 0.000000e+00
    outer loop
      vertex   7.649337e+01 8.635927e+00 6.666667e+00
      vertex   7.649337e+01 8.635927e+00 3.333333e+00
      vertex   7.646088e+01 8.816677e+00 6.666667e+00
    endloop
  endfacet
  facet normal 9.842306e-01 1.768903e-01 0.000000e+00
    outer loop
      vertex   7.646088e+01 8.816677e+00 6.666667e+00
      vertex   7.649337e+01 8.635927e+00 3.333333e+00
      vertex   7.646088e+01 8.816677e+00 3.333333e+00
    endloop
  endfacet
  facet normal 9.982437e-01 5.924063e-02 0.000000e+00
    outer loop
      vertex   7.646088e+01 8.816677e+00 6.666667e+00
      vertex   7.646088e+01 8.816677e+00 3.333333e+00
      vertex   7.645000e+01 9.000000e+00 6.666667e+00
    endloop
  endfacet
  facet normal 9.982437e-01 5.924063e-02 0.000000e+00
    outer loop
      vertex   7.645000e+01 9.000000e+00 6.666667e+00
      vertex   7.646088e+01 8.816677e+00 3.333333e+00
      vertex   7.645000e+01 9.000000e+00 3.333333e+00
    endloop
  endfacet
  facet normal -9.994533e-01 3.306337e-02 0.000000e+00
    outer loop
      vertex   7.301093e+01 9.330453e+00 1.000000e+01
      vertex   7.301093e+01 9.330453e+00 5.000000e+00
      vertex   7.300000e+01 9.000000e+00 1.000000e+01
    endloop
  endfacet
  facet normal -9.994533e-01 3.306337e-02 0.000000e+00
    outer loop
      vertex   7.300000e+01 9.000000e+00 1.000000e+01
      vertex   7.301093e+01 9.330453e+00 5.000000e+00
      vertex   7.300000e+01 9.000000e+00 5.000000e+00
    endloop
  endfacet
  facet normal -9.994533e-01 -3.306337e-02 -0.000000e+00
    outer loop
      vertex   7.300000e+01 9.000000e+00 1.000000e+01
      vertex   7.300000e+01 9.000000e+00 5.000000e+00
      vertex   7.301093e+01 8.669547e+00 1.000000e+01
    endloop
  endfacet
  facet normal -9.994533e-01 -3.306337e-02 -0.000000e+00
    outer loop
      vertex   7.301093e+01 8.669547e+00 1.000000e+01
      vertex   7.300000e+01 9.000000e+00 5.000000e+00
      vertex   7.301093e+01 8.669547e+00 5.000000e+00
    endloop
  endfacet
  facet normal -9.950829e-01 -9.904553e-02 -0.000000e+00
    outer loop
      vertex   7.301093e+01 8.669547e+00 1.000000e+01
      vertex   7.301093e+01 8.669547e+00 5.000000e+00
      vertex   7.304368e+01 8.340539e+00 1.000000e+01
    endloop
  endfacet
  facet normal -9.950829e-01 -9.904553e-02 -0.000000e+00
    outer loop
      vertex   7.304368e+01 8.340539e+00 1.000000e+01
      vertex   7.301093e+01 8.669547e+00 5.000000e+00
      vertex   7.304368e+01 8.340539e+00 5.000000e+00
    endloop
  endfacet
  facet normal -9.863613e-01 -1.645946e-01 -0.000000e+00
    outer loop
      vertex   7.304368e+01 8.340539e+00 1.000000e+01
      vertex   7.304368e+01 8.340539e+00 5.000000e+00
      vertex   7.309810e+01 8.014415e+00 1.000000e+01
    endloop
  endfacet
  facet normal -9.863613e-01 -1.645946e-01 -0.000000e+00
    outer loop
      vertex   7.309810e+01 8.014415e+00 1.000000e+01
      vertex   7.304368e+01 8.340539e+00 5.000000e+00
      vertex   7.309810e+01 8.014415e+00 5.000000e+00
    endloop
  endfacet
  facet normal -9.733266e-01 -2.294239e-01 -0.000000e+00
    outer loop
      vertex   7.309810e+01 8.014415e+00 1.000000e+01
      vertex   7.309810e+01 8.014415e+00 5.000000e+00
      vertex   7.317396e+01 7.692600e+00 1.000000e+01
    endloop
  endfacet
  facet normal -9.733266e-01 -2.294239e-01 -0.000000e+00
    outer loop
      vertex   7.317396e+01 7.692600e+00 1.000000e+01
      vertex   7.309810e+01 8.014415e+00 5.000000e+00
      vertex   7.317396e+01 7.692600e+00 5.000000e+00
    endloop
  endfacet
  facet normal -9.560358e-01 -2.932500e-01 -0.000000e+00
    outer loop
      vertex   7.317396e+01 7.692600e+00 1.000000e+01
      vertex   7.317396e+01 7.692600e+00 5.000000e+00
      vertex   7.327091e+01 7.376503e+00 1.000000e+01
    endloop
  endfacet
  facet normal -9.560358e-01 -2.932500e-01 -0.000000e+00
    outer loop
      vertex   7.327091e+01 7.376503e+00 1.000000e+01
      vertex   7.317396e+01 7.692600e+00 5.000000e+00
      vertex   7.327091e+01 7.376503e+00 5.000000e+00
    endloop
  endfacet
  facet normal -9.345645e-01 -3.557938e-01 -0.000000e+00
    outer loop
      vertex   7.327091e+01 7.376503e+00 1.000000e+01
      vertex   7.327091e+01 7.376503e+00 5.000000e+00
      vertex   7.338855e+01 7.067504e+00 1.000000e+01
    endloop
  endfacet
  facet normal -9.345645e-01 -3.557938e-01 -0.000000e+00
    outer loop
      vertex   7.338855e+01 7.067504e+00 1.000000e+01
      vertex   7.327091e+01 7.376503e+00 5.000000e+00
      vertex   7.338855e+01 7.067504e+00 5.000000e+00
    endloop
  endfacet
  facet normal -9.090065e-01 -4.167819e-01 -0.000000e+00
    outer loop
      vertex   7.338855e+01 7.067504e+00 1.000000e+01
      vertex   7.338855e+01 7.067504e+00 5.000000e+00
      vertex   7.352635e+01 6.766956e+00 1.000000e+01
    endloop
  endfacet
  facet normal -9.090065e-01 -4.167819e-01 2.221060e-16
    outer loop
      vertex   7.352635e+01 6.766956e+00 1.000000e+01
      vertex   7.338855e+01 7.067504e+00 5.000000e+00
      vertex   7.352635e+01 6.766956e+00 5.000000e+00
    endloop
  endfacet
  facet normal -8.794738e-01 -4.759474e-01 2.536357e-16
    outer loop
      vertex   7.352635e+01 6.766956e+00 1.000000e+01
      vertex   7.352635e+01 6.766956e+00 5.000000e+00
      vertex   7.368372e+01 6.476172e+00 1.000000e+01
    endloop
  endfacet
  facet normal -8.794738e-01 -4.759474e-01 -0.000000e+00
    outer loop
      vertex   7.368372e+01 6.476172e+00 1.000000e+01
      vertex   7.352635e+01 6.766956e+00 5.000000e+00
      vertex   7.368372e+01 6.476172e+00 5.000000e+00
    endloop
  endfacet
  facet normal -8.460953e-01 -5.330317e-01 -0.000000e+00
    outer loop
      vertex   7.368372e+01 6.476172e+00 1.000000e+01
      vertex   7.368372e+01 6.476172e+00 5.000000e+00
      vertex   7.385996e+01 6.196425e+00 1.000000e+01
    endloop
  endfacet
  facet normal -8.460953e-01 -5.330317e-01 -0.000000e+00
    outer loop
      vertex   7.385996e+01 6.196425e+00 1.000000e+01
      vertex   7.368372e+01 6.476172e+00 5.000000e+00
      vertex   7.385996e+01 6.196425e+00 5.000000e+00
    endloop
  endfacet
  facet normal -8.090170e-01 -5.877853e-01 -0.000000e+00
    outer loop
      vertex   7.385996e+01 6.196425e+00 1.000000e+01
      vertex   7.385996e+01 6.196425e+00 5.000000e+00
      vertex   7.405430e+01 5.928937e+00 1.000000e+01
    endloop
  endfacet
  facet normal -8.090170e-01 -5.877853e-01 -0.000000e+00
    outer loop
      vertex   7.405430e+01 5.928937e+00 1.000000e+01
      vertex   7.385996e+01 6.196425e+00 5.000000e+00
      vertex   7.405430e+01 5.928937e+00 5.000000e+00
    endloop
  endfacet
  facet normal -7.684011e-01 -6.399685e-01 -0.000000e+00
    outer loop
      vertex   7.405430e+01 5.928937e+00 1.000000e+01
      vertex   7.405430e+01 5.928937e+00 5.000000e+00
      vertex   7.426589e+01 5.674877e+00 1.000000e+01
    endloop
  endfacet
  facet normal -7.684011e-01 -6.399685e-01 -2.273625e-16
    outer loop
      vertex   7.426589e+01 5.674877e+00 1.000000e+01
      vertex   7.405430e+01 5.928937e+00 5.000000e+00
      vertex   7.426589e+01 5.674877e+00 5.000000e+00
    endloop
  endfacet
  facet normal -7.244252e-01 -6.893534e-01 -2.449075e-16
    outer loop
      vertex   7.426589e+01 5.674877e+00 1.000000e+01
      vertex   7.426589e+01 5.674877e+00 5.000000e+00
      vertex   7.449382e+01 5.435358e+00 1.000000e+01
    endloop
  endfacet
  facet normal -7.244252e-01 -6.893534e-01 -0.000000e+00
    outer loop
      vertex   7.449382e+01 5.435358e+00 1.000000e+01
      vertex   7.426589e+01 5.674877e+00 5.000000e+00
      vertex   7.449382e+01 5.435358e+00 5.000000e+00
    endloop
  endfacet
  facet normal -6.772816e-01 -7.357239e-01 -0.000000e+00
    outer loop
      vertex   7.449382e+01 5.435358e+00 1.000000e+01
      vertex   7.449382e+01 5.435358e+00 5.000000e+00
      vertex   7.473707e+01 5.211426e+00 1.000000e+01
    endloop
  endfacet
  facet normal -6.772816e-01 -7.357239e-01 -0.000000e+00
    outer loop
      vertex   7.473707e+01 5.211426e+00 1.000000e+01
      vertex   7.449382e+01 5.435358e+00 5.000000e+00
      vertex   7.473707e+01 5.211426e+00 5.000000e+00
    endloop
  endfacet
  facet normal -6.271764e-01 -7.788773e-01 -0.000000e+00
    outer loop
      vertex   7.473707e+01 5.211426e+00 1.000000e+01
      vertex   7.473707e+01 5.211426e+00 5.000000e+00
      vertex   7.499460e+01 5.004060e+00 1.000000e+01
    endloop
  endfacet
  facet normal -6.271764e-01 -7.788773e-01 -1.383564e-16
    outer loop
      vertex   7.499460e+01 5.004060e+00 1.000000e+01
      vertex   7.473707e+01 5.211426e+00 5.000000e+00
      vertex   7.499460e+01 5.004060e+00 5.000000e+00
    endloop
  endfacet
  facet normal -5.743287e-01 -8.186248e-01 -1.454170e-16
    outer loop
      vertex   7.499460e+01 5.004060e+00 1.000000e+01
      vertex   7.499460e+01 5.004060e+00 5.000000e+00
      vertex   7.526526e+01 4.814168e+00 1.000000e+01
    endloop
  endfacet
  facet normal -5.743287e-01 -8.186248e-01 4.362509e-16
    outer loop
      vertex   7.526526e+01 4.814168e+00 1.000000e+01
      vertex   7.499460e+01 5.004060e+00 5.000000e+00
      vertex   7.526526e+01 4.814168e+00 5.000000e+00
    endloop
  endfacet
  facet normal -5.189696e-01 -8.547927e-01 4.555251e-16
    outer loop
      vertex   7.526526e+01 4.814168e+00 1.000000e+01
      vertex   7.526526e+01 4.814168e+00 5.000000e+00
      vertex   7.554788e+01 4.642579e+00 1.000000e+01
    endloop
  endfacet
  facet normal -5.189696e-01 -8.547927e-01 -0.000000e+00
    outer loop
      vertex   7.554788e+01 4.642579e+00 1.000000e+01
      vertex   7.526526e+01 4.814168e+00 5.000000e+00
      vertex   7.554788e+01 4.642579e+00 5.000000e+00
    endloop
  endfacet
  facet normal -4.613412e-01 -8.872228e-01 -0.000000e+00
    outer loop
      vertex   7.554788e+01 4.642579e+00 1.000000e+01
      vertex   7.554788e+01 4.642579e+00 5.000000e+00
      vertex   7.584123e+01 4.490044e+00 1.000000e+01
    endloop
  endfacet
  facet normal -4.613412e-01 -8.872228e-01 1.576024e-16
    outer loop
      vertex   7.584123e+01 4.490044e+00 1.000000e+01
      vertex   7.554788e+01 4.642579e+00 5.000000e+00
      vertex   7.584123e+01 4.490044e+00 5.000000e+00
    endloop
  endfacet
  facet normal -4.016954e-01 -9.157733e-01 1.626740e-16
    outer loop
      vertex   7.584123e+01 4.490044e+00 1.000000e+01
      vertex   7.584123e+01 4.490044e+00 5.000000e+00
      vertex   7.614401e+01 4.357230e+00 1.000000e+01
    endloop
  endfacet
  facet normal -4.016954e-01 -9.157733e-01 3.253480e-16
    outer loop
      vertex   7.614401e+01 4.357230e+00 1.000000e+01
      vertex   7.584123e+01 4.490044e+00 5.000000e+00
      vertex   7.614401e+01 4.357230e+00 5.000000e+00
    endloop
  endfacet
  facet normal -3.402932e-01 -9.403194e-01 3.340686e-16
    outer loop
      vertex   7.614401e+01 4.357230e+00 1.000000e+01
      vertex   7.614401e+01 4.357230e+00 5.000000e+00
      vertex   7.645492e+01 4.244718e+00 1.000000e+01
    endloop
  endfacet
  facet normal -3.402932e-01 -9.403194e-01 1.670343e-16
    outer loop
      vertex   7.645492e+01 4.244718e+00 1.000000e+01
      vertex   7.614401e+01 4.357230e+00 5.000000e+00
      vertex   7.645492e+01 4.244718e+00 5.000000e+00
    endloop
  endfacet
  facet normal -2.774029e-01 -9.607537e-01 1.706641e-16
    outer loop
      vertex   7.645492e+01 4.244718e+00 1.000000e+01
      vertex   7.645492e+01 4.244718e+00 5.000000e+00
      vertex   7.677257e+01 4.152999e+00 1.000000e+01
    endloop
  endfacet
  facet normal -2.774029e-01 -9.607537e-01 -1.706641e-16
    outer loop
      vertex   7.677257e+01 4.152999e+00 1.000000e+01
      vertex   7.645492e+01 4.244718e+00 5.000000e+00
      vertex   7.677257e+01 4.152999e+00 5.000000e+00
    endloop
  endfacet
  facet normal -2.132996e-01 -9.769868e-01 -1.735477e-16
    outer loop
      vertex   7.677257e+01 4.152999e+00 1.000000e+01
      vertex   7.677257e+01 4.152999e+00 5.000000e+00
      vertex   7.709560e+01 4.082475e+00 1.000000e+01
    endloop
  endfacet
  facet normal -2.132996e-01 -9.769868e-01 1.735477e-16
    outer loop
      vertex   7.709560e+01 4.082475e+00 1.000000e+01
      vertex   7.677257e+01 4.152999e+00 5.000000e+00
      vertex   7.709560e+01 4.082475e+00 5.000000e+00
    endloop
  endfacet
  facet normal -1.482636e-01 -9.889479e-01 1.756724e-16
    outer loop
      vertex   7.709560e+01 4.082475e+00 1.000000e+01
      vertex   7.709560e+01 4.082475e+00 5.000000e+00
      vertex   7.742258e+01 4.033454e+00 1.000000e+01
    endloop
  endfacet
  facet normal -1.482636e-01 -9.889479e-01 -0.000000e+00
    outer loop
      vertex   7.742258e+01 4.033454e+00 1.000000e+01
      vertex   7.709560e+01 4.082475e+00 5.000000e+00
      vertex   7.742258e+01 4.033454e+00 5.000000e+00
    endloop
  endfacet
  facet normal -8.257935e-02 -9.965845e-01 -0.000000e+00
    outer loop
      vertex   7.742258e+01 4.033454e+00 1.000000e+01
      vertex   7.742258e+01 4.033454e+00 5.000000e+00
      vertex   7.775208e+01 4.006150e+00 1.000000e+01
    endloop
  endfacet
  facet normal -8.257935e-02 -9.965845e-01 -0.000000e+00
    outer loop
      vertex   7.775208e+01 4.006150e+00 1.000000e+01
      vertex   7.742258e+01 4.033454e+00 5.000000e+00
      vertex   7.775208e+01 4.006150e+00 5.000000e+00
    endloop
  endfacet
  facet normal -1.653394e-02 -9.998633e-01 -0.000000e+00
    outer loop
      vertex   7.775208e+01 4.006150e+00 1.000000e+01
      vertex   7.775208e+01 4.006150e+00 5.000000e+00
      vertex   7.808267e+01 4.000684e+00 1.000000e+01
    endloop
  endfacet
  facet normal -1.653394e-02 -9.998633e-01 -0.000000e+00
    outer loop
      vertex   7.808267e+01 4.000684e+00 1.000000e+01
      vertex   7.775208e+01 4.006150e+00 5.000000e+00
      vertex   7.808267e+01 4.000684e+00 5.000000e+00
    endloop
  endfacet
  facet normal 4.958375e-02 -9.987700e-01 0.000000e+00
    outer loop
      vertex   7.808267e+01 4.000684e+00 1.000000e+01
      vertex   7.808267e+01 4.000684e+00 5.000000e+00
      vertex   7.841290e+01 4.017078e+00 1.000000e+01
    endloop
  endfacet
  facet normal 4.958375e-02 -9.987700e-01 0.000000e+00
    outer loop
      vertex   7.841290e+01 4.017078e+00 1.000000e+01
      vertex   7.808267e+01 4.000684e+00 5.000000e+00
      vertex   7.841290e+01 4.017078e+00 5.000000e+00
    endloop
  endfacet
  facet normal 1.154846e-01 -9.933093e-01 0.000000e+00
    outer loop
      vertex   7.841290e+01 4.017078e+00 1.000000e+01
      vertex   7.841290e+01 4.017078e+00 5.000000e+00
      vertex   7.874132e+01 4.055261e+00 1.000000e+01
    endloop
  endfacet
  facet normal 1.154846e-01 -9.933093e-01 1.764472e-16
    outer loop
      vertex   7.874132e+01 4.055261e+00 1.000000e+01
      vertex   7.841290e+01 4.017078e+00 5.000000e+00
      vertex   7.874132e+01 4.055261e+00 5.000000e+00
    endloop
  endfacet
  facet normal 1.808805e-01 -9.835051e-01 1.747056e-16
    outer loop
      vertex   7.874132e+01 4.055261e+00 1.000000e+01
      vertex   7.874132e+01 4.055261e+00 5.000000e+00
      vertex   7.906650e+01 4.115066e+00 1.000000e+01
    endloop
  endfacet
  facet normal 1.808805e-01 -9.835051e-01 1.747056e-16
    outer loop
      vertex   7.906650e+01 4.115066e+00 1.000000e+01
      vertex   7.874132e+01 4.055261e+00 5.000000e+00
      vertex   7.906650e+01 4.115066e+00 5.000000e+00
    endloop
  endfacet
  facet normal 2.454855e-01 -9.694003e-01 1.722001e-16
    outer loop
      vertex   7.906650e+01 4.115066e+00 1.000000e+01
      vertex   7.906650e+01 4.115066e+00 5.000000e+00
      vertex   7.938702e+01 4.196232e+00 1.000000e+01
    endloop
  endfacet
  facet normal 2.454855e-01 -9.694003e-01 0.000000e+00
    outer loop
      vertex   7.938702e+01 4.196232e+00 1.000000e+01
      vertex   7.906650e+01 4.115066e+00 5.000000e+00
      vertex   7.938702e+01 4.196232e+00 5.000000e+00
    endloop
  endfacet
  facet normal 3.090170e-01 -9.510565e-01 0.000000e+00
    outer loop
      vertex   7.938702e+01 4.196232e+00 1.000000e+01
      vertex   7.938702e+01 4.196232e+00 5.000000e+00
      vertex   7.970147e+01 4.298403e+00 1.000000e+01
    endloop
  endfacet
  facet normal 3.090170e-01 -9.510565e-01 1.689416e-16
    outer loop
      vertex   7.970147e+01 4.298403e+00 1.000000e+01
      vertex   7.938702e+01 4.196232e+00 5.000000e+00
      vertex   7.970147e+01 4.298403e+00 5.000000e+00
    endloop
  endfacet
  facet normal 3.711972e-01 -9.285540e-01 1.649443e-16
    outer loop
      vertex   7.970147e+01 4.298403e+00 1.000000e+01
      vertex   7.970147e+01 4.298403e+00 5.000000e+00
      vertex   8.000848e+01 4.421134e+00 1.000000e+01
    endloop
  endfacet
  facet normal 3.711972e-01 -9.285540e-01 -3.298887e-16
    outer loop
      vertex   8.000848e+01 4.421134e+00 1.000000e+01
      vertex   7.970147e+01 4.298403e+00 5.000000e+00
      vertex   8.000848e+01 4.421134e+00 5.000000e+00
    endloop
  endfacet
  facet normal 4.317544e-01 -9.019912e-01 -3.204517e-16
    outer loop
      vertex   8.000848e+01 4.421134e+00 1.000000e+01
      vertex   8.000848e+01 4.421134e+00 5.000000e+00
      vertex   8.030671e+01 4.563886e+00 1.000000e+01
    endloop
  endfacet
  facet normal 4.317544e-01 -9.019912e-01 1.602258e-16
    outer loop
      vertex   8.030671e+01 4.563886e+00 1.000000e+01
      vertex   8.000848e+01 4.421134e+00 5.000000e+00
      vertex   8.030671e+01 4.563886e+00 5.000000e+00
    endloop
  endfacet
  facet normal 4.904235e-01 -8.714842e-01 1.548067e-16
    outer loop
      vertex   8.030671e+01 4.563886e+00 1.000000e+01
      vertex   8.030671e+01 4.563886e+00 5.000000e+00
      vertex   8.059485e+01 4.726037e+00 1.000000e+01
    endloop
  endfacet
  facet normal 4.904235e-01 -8.714842e-01 -6.192268e-16
    outer loop
      vertex   8.059485e+01 4.726037e+00 1.000000e+01
      vertex   8.030671e+01 4.563886e+00 5.000000e+00
      vertex   8.059485e+01 4.726037e+00 5.000000e+00
    endloop
  endfacet
  facet normal 5.469482e-01 -8.371665e-01 -5.948426e-16
    outer loop
      vertex   8.059485e+01 4.726037e+00 1.000000e+01
      vertex   8.059485e+01 4.726037e+00 5.000000e+00
      vertex   8.087164e+01 4.906876e+00 1.000000e+01
    endloop
  endfacet
  facet normal 5.469482e-01 -8.371665e-01 -1.487106e-16
    outer loop
      vertex   8.087164e+01 4.906876e+00 1.000000e+01
      vertex   8.059485e+01 4.726037e+00 5.000000e+00
      vertex   8.087164e+01 4.906876e+00 5.000000e+00
    endloop
  endfacet
  facet normal 6.010811e-01 -7.991880e-01 -1.419643e-16
    outer loop
      vertex   8.087164e+01 4.906876e+00 1.000000e+01
      vertex   8.087164e+01 4.906876e+00 5.000000e+00
      vertex   8.113588e+01 5.105614e+00 1.000000e+01
    endloop
  endfacet
  facet normal 6.010811e-01 -7.991880e-01 -2.839286e-16
    outer loop
      vertex   8.113588e+01 5.105614e+00 1.000000e+01
      vertex   8.087164e+01 4.906876e+00 5.000000e+00
      vertex   8.113588e+01 5.105614e+00 5.000000e+00
    endloop
  endfacet
  facet normal 6.525858e-01 -7.577149e-01 -2.691944e-16
    outer loop
      vertex   8.113588e+01 5.105614e+00 1.000000e+01
      vertex   8.113588e+01 5.105614e+00 5.000000e+00
      vertex   8.138641e+01 5.321381e+00 1.000000e+01
    endloop
  endfacet
  facet normal 6.525858e-01 -7.577149e-01 0.000000e+00
    outer loop
      vertex   8.138641e+01 5.321381e+00 1.000000e+01
      vertex   8.113588e+01 5.105614e+00 5.000000e+00
      vertex   8.138641e+01 5.321381e+00 5.000000e+00
    endloop
  endfacet
  facet normal 7.012368e-01 -7.129284e-01 0.000000e+00
    outer loop
      vertex   8.138641e+01 5.321381e+00 1.000000e+01
      vertex   8.138641e+01 5.321381e+00 5.000000e+00
      vertex   8.162213e+01 5.553233e+00 1.000000e+01
    endloop
  endfacet
  facet normal 7.012368e-01 -7.129284e-01 0.000000e+00
    outer loop
      vertex   8.162213e+01 5.553233e+00 1.000000e+01
      vertex   8.138641e+01 5.321381e+00 5.000000e+00
      vertex   8.162213e+01 5.553233e+00 5.000000e+00
    endloop
  endfacet
  facet normal 7.468215e-01 -6.650246e-01 0.000000e+00
    outer loop
      vertex   8.162213e+01 5.553233e+00 1.000000e+01
      vertex   8.162213e+01 5.553233e+00 5.000000e+00
      vertex   8.184201e+01 5.800157e+00 1.000000e+01
    endloop
  endfacet
  facet normal 7.468215e-01 -6.650246e-01 -4.725284e-16
    outer loop
      vertex   8.184201e+01 5.800157e+00 1.000000e+01
      vertex   8.162213e+01 5.553233e+00 5.000000e+00
      vertex   8.184201e+01 5.800157e+00 5.000000e+00
    endloop
  endfacet
  facet normal 7.891405e-01 -6.142127e-01 -4.364244e-16
    outer loop
      vertex   8.184201e+01 5.800157e+00 1.000000e+01
      vertex   8.184201e+01 5.800157e+00 5.000000e+00
      vertex   8.204509e+01 6.061074e+00 1.000000e+01
    endloop
  endfacet
  facet normal 7.891405e-01 -6.142127e-01 2.182122e-16
    outer loop
      vertex   8.204509e+01 6.061074e+00 1.000000e+01
      vertex   8.184201e+01 5.800157e+00 5.000000e+00
      vertex   8.204509e+01 6.061074e+00 5.000000e+00
    endloop
  endfacet
  facet normal 8.280088e-01 -5.607151e-01 1.992060e-16
    outer loop
      vertex   8.204509e+01 6.061074e+00 1.000000e+01
      vertex   8.204509e+01 6.061074e+00 5.000000e+00
      vertex   8.223048e+01 6.334841e+00 1.000000e+01
    endloop
  endfacet
  facet normal 8.280088e-01 -5.607151e-01 3.984120e-16
    outer loop
      vertex   8.223048e+01 6.334841e+00 1.000000e+01
      vertex   8.204509e+01 6.061074e+00 5.000000e+00
      vertex   8.223048e+01 6.334841e+00 5.000000e+00
    endloop
  endfacet
  facet normal 8.632565e-01 -5.047655e-01 3.586575e-16
    outer loop
      vertex   8.223048e+01 6.334841e+00 1.000000e+01
      vertex   8.223048e+01 6.334841e+00 5.000000e+00
      vertex   8.239737e+01 6.620263e+00 1.000000e+01
    endloop
  endfacet
  facet normal 8.632565e-01 -5.047655e-01 -8.966437e-17
    outer loop
      vertex   8.239737e+01 6.620263e+00 1.000000e+01
      vertex   8.223048e+01 6.334841e+00 5.000000e+00
      vertex   8.239737e+01 6.620263e+00 5.000000e+00
    endloop
  endfacet
  facet normal 8.947293e-01 -4.466088e-01 -7.933366e-17
    outer loop
      vertex   8.239737e+01 6.620263e+00 1.000000e+01
      vertex   8.239737e+01 6.620263e+00 5.000000e+00
      vertex   8.254503e+01 6.916091e+00 1.000000e+01
    endloop
  endfacet
  facet normal 8.947293e-01 -4.466088e-01 7.933366e-17
    outer loop
      vertex   8.254503e+01 6.916091e+00 1.000000e+01
      vertex   8.239737e+01 6.620263e+00 5.000000e+00
      vertex   8.254503e+01 6.916091e+00 5.000000e+00
    endloop
  endfacet
  facet normal 9.222898e-01 -3.864992e-01 6.865604e-17
    outer loop
      vertex   8.254503e+01 6.916091e+00 1.000000e+01
      vertex   8.254503e+01 6.916091e+00 5.000000e+00
      vertex   8.267282e+01 7.221031e+00 1.000000e+01
    endloop
  endfacet
  facet normal 9.222898e-01 -3.864992e-01 0.000000e+00
    outer loop
      vertex   8.267282e+01 7.221031e+00 1.000000e+01
      vertex   8.254503e+01 6.916091e+00 5.000000e+00
      vertex   8.267282e+01 7.221031e+00 5.000000e+00
    endloop
  endfacet
  facet normal 9.458172e-01 -3.246995e-01 0.000000e+00
    outer loop
      vertex   8.267282e+01 7.221031e+00 1.000000e+01
      vertex   8.267282e+01 7.221031e+00 5.000000e+00
      vertex   8.278018e+01 7.533750e+00 1.000000e+01
    endloop
  endfacet
  facet normal 9.458172e-01 -3.246995e-01 5.767821e-17
    outer loop
      vertex   8.278018e+01 7.533750e+00 1.000000e+01
      vertex   8.267282e+01 7.221031e+00 5.000000e+00
      vertex   8.278018e+01 7.533750e+00 5.000000e+00
    endloop
  endfacet
  facet normal 9.652089e-01 -2.614799e-01 4.644817e-17
    outer loop
      vertex   8.278018e+01 7.533750e+00 1.000000e+01
      vertex   8.278018e+01 7.533750e+00 5.000000e+00
      vertex   8.286663e+01 7.852881e+00 1.000000e+01
    endloop
  endfacet
  facet normal 9.652089e-01 -2.614799e-01 1.393445e-16
    outer loop
      vertex   8.286663e+01 7.852881e+00 1.000000e+01
      vertex   8.278018e+01 7.533750e+00 5.000000e+00
      vertex   8.286663e+01 7.852881e+00 5.000000e+00
    endloop
  endfacet
  facet normal 9.803800e-01 -1.971170e-01 1.050451e-16
    outer loop
      vertex   8.286663e+01 7.852881e+00 1.000000e+01
      vertex   8.286663e+01 7.852881e+00 5.000000e+00
      vertex   8.293181e+01 8.177027e+00 1.000000e+01
    endloop
  endfacet
  facet normal 9.803800e-01 -1.971170e-01 0.000000e+00
    outer loop
      vertex   8.293181e+01 8.177027e+00 1.000000e+01
      vertex   8.286663e+01 7.852881e+00 5.000000e+00
      vertex   8.293181e+01 8.177027e+00 5.000000e+00
    endloop
  endfacet
  facet normal 9.912641e-01 -1.318922e-01 0.000000e+00
    outer loop
      vertex   8.293181e+01 8.177027e+00 1.000000e+01
      vertex   8.293181e+01 8.177027e+00 5.000000e+00
      vertex   8.297542e+01 8.504772e+00 1.000000e+01
    endloop
  endfacet
  facet normal 9.912641e-01 -1.318922e-01 0.000000e+00
    outer loop
      vertex   8.297542e+01 8.504772e+00 1.000000e+01
      vertex   8.293181e+01 8.177027e+00 5.000000e+00
      vertex   8.297542e+01 8.504772e+00 5.000000e+00
    endloop
  endfacet
  facet normal 9.978136e-01 -6.609058e-02 0.000000e+00
    outer loop
      vertex   8.297542e+01 8.504772e+00 1.000000e+01
      vertex   8.297542e+01 8.504772e+00 5.000000e+00
      vertex   8.299727e+01 8.834683e+00 1.000000e+01
    endloop
  endfacet
  facet normal 9.978136e-01 -6.609058e-02 0.000000e+00
    outer loop
      vertex   8.299727e+01 8.834683e+00 1.000000e+01
      vertex   8.297542e+01 8.504772e+00 5.000000e+00
      vertex   8.299727e+01 8.834683e+00 5.000000e+00
    endloop
  endfacet
  facet normal 1.000000e+00 -0.000000e+00 0.000000e+00
    outer loop
      vertex   8.299727e+01 8.834683e+00 1.000000e+01
      vertex   8.299727e+01 8.834683e+00 5.000000e+00
      vertex   8.299727e+01 9.165317e+00 1.000000e+01
    endloop
  endfacet
  facet normal 1.000000e+00 0.000000e+00 0.000000e+00
    outer loop
      vertex   8.299727e+01 9.165317e+00 1.000000e+01
      vertex   8.299727e+01 8.834683e+00 5.000000e+00
      vertex   8.299727e+01 9.165317e+00 5.000000e+00
    endloop
  endfacet
  facet normal 9.978136e-01 6.609058e-02 0.000000e+00
    outer loop
      vertex   8.299727e+01 9.165317e+00 1.000000e+01
      vertex   8.299727e+01 9.165317e+00 5.000000e+00
      vertex   8.297542e+01 9.495228e+00 1.000000e+01
    endloop
  endfacet
  facet normal 9.978136e-01 6.609058e-02 0.000000e+00
    outer loop
      vertex   8.297542e+01 9.495228e+00 1.000000e+01
      vertex   8.299727e+01 9.165317e+00 5.000000e+00
      vertex   8.297542e+01 9.495228e+00 5.000000e+00
    endloop
  endfacet
  facet normal 9.912641e-01 1.318922e-01 0.000000e+00
    outer loop
      vertex   8.297542e+01 9.495228e+00 1.000000e+01
      vertex   8.297542e+01 9.495228e+00 5.000000e+00
      vertex   8.293181e+01 9.822973e+00 1.000000e+01
    endloop
  endfacet
  facet normal 9.912641e-01 1.318922e-01 -4.685751e-17
    outer loop
      vertex   8.293181e+01 9.822973e+00 1.000000e+01
      vertex   8.297542e+01 9.495228e+00 5.000000e+00
      vertex   8.293181e+01 9.822973e+00 5.000000e+00
    endloop
  endfacet
  facet normal 9.803800e-01 1.971170e-01 -7.003004e-17
    outer loop
      vertex   8.293181e+01 9.822973e+00 1.000000e+01
      vertex   8.293181e+01 9.822973e+00 5.000000e+00
      vertex   8.286663e+01 1.014712e+01 1.000000e+01
    endloop
  endfacet
  facet normal 9.803800e-01 1.971170e-01 7.003004e-17
    outer loop
      vertex   8.286663e+01 1.014712e+01 1.000000e+01
      vertex   8.293181e+01 9.822973e+00 5.000000e+00
      vertex   8.286663e+01 1.014712e+01 5.000000e+00
    endloop
  endfacet
  facet normal 9.652089e-01 2.614799e-01 9.289634e-17
    outer loop
      vertex   8.286663e+01 1.014712e+01 1.000000e+01
      vertex   8.286663e+01 1.014712e+01 5.000000e+00
      vertex   8.278018e+01 1.046625e+01 1.000000e+01
    endloop
  endfacet
  facet normal 9.652089e-01 2.614799e-01 0.000000e+00
    outer loop
      vertex   8.278018e+01 1.046625e+01 1.000000e+01
      vertex   8.286663e+01 1.014712e+01 5.000000e+00
      vertex   8.278018e+01 1.046625e+01 5.000000e+00
    endloop
  endfacet
  facet normal 9.458172e-01 3.246995e-01 0.000000e+00
    outer loop
      vertex   8.278018e+01 1.046625e+01 1.000000e+01
      vertex   8.278018e+01 1.046625e+01 5.000000e+00
      vertex   8.267282e+01 1.077897e+01 1.000000e+01
    endloop
  endfacet
  facet normal 9.458172e-01 3.246995e-01 0.000000e+00
    outer loop
      vertex   8.267282e+01 1.077897e+01 1.000000e+01
      vertex   8.278018e+01 1.046625e+01 5.000000e+00
      vertex   8.267282e+01 1.077897e+01 5.000000e+00
    endloop
  endfacet
  facet normal 9.222898e-01 3.864992e-01 0.000000e+00
    outer loop
      vertex   8.267282e+01 1.077897e+01 1.000000e+01
      vertex   8.267282e+01 1.077897e+01 5.000000e+00
      vertex   8.254503e+01 1.108391e+01 1.000000e+01
    endloop
  endfacet
  facet normal 9.222898e-01 3.864992e-01 0.000000e+00
    outer loop
      vertex   8.254503e+01 1.108391e+01 1.000000e+01
      vertex   8.267282e+01 1.077897e+01 5.000000e+00
      vertex   8.254503e+01 1.108391e+01 5.000000e+00
    endloop
  endfacet
  facet normal 8.947293e-01 4.466088e-01 0.000000e+00
    outer loop
      vertex   8.254503e+01 1.108391e+01 1.000000e+01
      vertex   8.254503e+01 1.108391e+01 5.000000e+00
      vertex   8.239737e+01 1.137974e+01 1.000000e+01
    endloop
  endfacet
  facet normal 8.947293e-01 4.466088e-01 -1.586673e-16
    outer loop
      vertex   8.239737e+01 1.137974e+01 1.000000e+01
      vertex   8.254503e+01 1.108391e+01 5.000000e+00
      vertex   8.239737e+01 1.137974e+01 5.000000e+00
    endloop
  endfacet
  facet normal 8.632565e-01 5.047655e-01 -1.793287e-16
    outer loop
      vertex   8.239737e+01 1.137974e+01 1.000000e+01
      vertex   8.239737e+01 1.137974e+01 5.000000e+00
      vertex   8.223048e+01 1.166516e+01 1.000000e+01
    endloop
  endfacet
  facet normal 8.632565e-01 5.047655e-01 3.586575e-16
    outer loop
      vertex   8.223048e+01 1.166516e+01 1.000000e+01
      vertex   8.239737e+01 1.137974e+01 5.000000e+00
      vertex   8.223048e+01 1.166516e+01 5.000000e+00
    endloop
  endfacet
  facet normal 8.280088e-01 5.607151e-01 3.984120e-16
    outer loop
      vertex   8.223048e+01 1.166516e+01 1.000000e+01
      vertex   8.223048e+01 1.166516e+01 5.000000e+00
      vertex   8.204509e+01 1.193893e+01 1.000000e+01
    endloop
  endfacet
  facet normal 8.280088e-01 5.607151e-01 1.992060e-16
    outer loop
      vertex   8.204509e+01 1.193893e+01 1.000000e+01
      vertex   8.223048e+01 1.166516e+01 5.000000e+00
      vertex   8.204509e+01 1.193893e+01 5.000000e+00
    endloop
  endfacet
  facet normal 7.891405e-01 6.142127e-01 2.182122e-16
    outer loop
      vertex   8.204509e+01 1.193893e+01 1.000000e+01
      vertex   8.204509e+01 1.193893e+01 5.000000e+00
      vertex   8.184201e+01 1.219984e+01 1.000000e+01
    endloop
  endfacet
  facet normal 7.891405e-01 6.142127e-01 -6.546366e-16
    outer loop
      vertex   8.184201e+01 1.219984e+01 1.000000e+01
      vertex   8.204509e+01 1.193893e+01 5.000000e+00
      vertex   8.184201e+01 1.219984e+01 5.000000e+00
    endloop
  endfacet
  facet normal 7.468215e-01 6.650246e-01 -7.087926e-16
    outer loop
      vertex   8.184201e+01 1.219984e+01 1.000000e+01
      vertex   8.184201e+01 1.219984e+01 5.000000e+00
      vertex   8.162213e+01 1.244677e+01 1.000000e+01
    endloop
  endfacet
  facet normal 7.468215e-01 6.650246e-01 0.000000e+00
    outer loop
      vertex   8.162213e+01 1.244677e+01 1.000000e+01
      vertex   8.184201e+01 1.219984e+01 5.000000e+00
      vertex   8.162213e+01 1.244677e+01 5.000000e+00
    endloop
  endfacet
  facet normal 7.012368e-01 7.129284e-01 0.000000e+00
    outer loop
      vertex   8.162213e+01 1.244677e+01 1.000000e+01
      vertex   8.162213e+01 1.244677e+01 5.000000e+00
      vertex   8.138641e+01 1.267862e+01 1.000000e+01
    endloop
  endfacet
  facet normal 7.012368e-01 7.129284e-01 0.000000e+00
    outer loop
      vertex   8.138641e+01 1.267862e+01 1.000000e+01
      vertex   8.162213e+01 1.244677e+01 5.000000e+00
      vertex   8.138641e+01 1.267862e+01 5.000000e+00
    endloop
  endfacet
  facet normal 6.525858e-01 7.577149e-01 0.000000e+00
    outer loop
      vertex   8.138641e+01 1.267862e+01 1.000000e+01
      vertex   8.138641e+01 1.267862e+01 5.000000e+00
      vertex   8.113588e+01 1.289439e+01 1.000000e+01
    endloop
  endfacet
  facet normal 6.525858e-01 7.577149e-01 -2.691944e-16
    outer loop
      vertex   8.113588e+01 1.289439e+01 1.000000e+01
      vertex   8.138641e+01 1.267862e+01 5.000000e+00
      vertex   8.113588e+01 1.289439e+01 5.000000e+00
    endloop
  endfacet
  facet normal 6.010811e-01 7.991880e-01 -2.839286e-16
    outer loop
      vertex   8.113588e+01 1.289439e+01 1.000000e+01
      vertex   8.113588e+01 1.289439e+01 5.000000e+00
      vertex   8.087164e+01 1.309312e+01 1.000000e+01
    endloop
  endfacet
  facet normal 6.010811e-01 7.991880e-01 -2.839286e-16
    outer loop
      vertex   8.087164e+01 1.309312e+01 1.000000e+01
      vertex   8.113588e+01 1.289439e+01 5.000000e+00
      vertex   8.087164e+01 1.309312e+01 5.000000e+00
    endloop
  endfacet
  facet normal 5.469482e-01 8.371665e-01 -2.974213e-16
    outer loop
      vertex   8.087164e+01 1.309312e+01 1.000000e+01
      vertex   8.087164e+01 1.309312e+01 5.000000e+00
      vertex   8.059485e+01 1.327396e+01 1.000000e+01
    endloop
  endfacet
  facet normal 5.469482e-01 8.371665e-01 -5.948426e-16
    outer loop
      vertex   8.059485e+01 1.327396e+01 1.000000e+01
      vertex   8.087164e+01 1.309312e+01 5.000000e+00
      vertex   8.059485e+01 1.327396e+01 5.000000e+00
    endloop
  endfacet
  facet normal 4.904235e-01 8.714842e-01 -6.192268e-16
    outer loop
      vertex   8.059485e+01 1.327396e+01 1.000000e+01
      vertex   8.059485e+01 1.327396e+01 5.000000e+00
      vertex   8.030671e+01 1.343611e+01 1.000000e+01
    endloop
  endfacet
  facet normal 4.904235e-01 8.714842e-01 0.000000e+00
    outer loop
      vertex   8.030671e+01 1.343611e+01 1.000000e+01
      vertex   8.059485e+01 1.327396e+01 5.000000e+00
      vertex   8.030671e+01 1.343611e+01 5.000000e+00
    endloop
  endfacet
  facet normal 4.317544e-01 9.019912e-01 0.000000e+00
    outer loop
      vertex   8.030671e+01 1.343611e+01 1.000000e+01
      vertex   8.030671e+01 1.343611e+01 5.000000e+00
      vertex   8.000848e+01 1.357887e+01 1.000000e+01
    endloop
  endfacet
  facet normal 4.317544e-01 9.019912e-01 -3.204517e-16
    outer loop
      vertex   8.000848e+01 1.357887e+01 1.000000e+01
      vertex   8.030671e+01 1.343611e+01 5.000000e+00
      vertex   8.000848e+01 1.357887e+01 5.000000e+00
    endloop
  endfacet
  facet normal 3.711972e-01 9.285540e-01 -3.298887e-16
    outer loop
      vertex   8.000848e+01 1.357887e+01 1.000000e+01
      vertex   8.000848e+01 1.357887e+01 5.000000e+00
      vertex   7.970147e+01 1.370160e+01 1.000000e+01
    endloop
  endfacet
  facet normal 3.711972e-01 9.285540e-01 0.000000e+00
    outer loop
      vertex   7.970147e+01 1.370160e+01 1.000000e+01
      vertex   8.000848e+01 1.357887e+01 5.000000e+00
      vertex   7.970147e+01 1.370160e+01 5.000000e+00
    endloop
  endfacet
  facet normal 3.090170e-01 9.510565e-01 0.000000e+00
    outer loop
      vertex   7.970147e+01 1.370160e+01 1.000000e+01
      vertex   7.970147e+01 1.370160e+01 5.000000e+00
      vertex   7.938702e+01 1.380377e+01 1.000000e+01
    endloop
  endfacet
  facet normal 3.090170e-01 9.510565e-01 0.000000e+00
    outer loop
      vertex   7.938702e+01 1.380377e+01 1.000000e+01
      vertex   7.970147e+01 1.370160e+01 5.000000e+00
      vertex   7.938702e+01 1.380377e+01 5.000000e+00
    endloop
  endfacet
  facet normal 2.454855e-01 9.694003e-01 0.000000e+00
    outer loop
      vertex   7.938702e+01 1.380377e+01 1.000000e+01
      vertex   7.938702e+01 1.380377e+01 5.000000e+00
      vertex   7.906650e+01 1.388493e+01 1.000000e+01
    endloop
  endfacet
  facet normal 2.454855e-01 9.694003e-01 0.000000e+00
    outer loop
      vertex   7.906650e+01 1.388493e+01 1.000000e+01
      vertex   7.938702e+01 1.380377e+01 5.000000e+00
      vertex   7.906650e+01 1.388493e+01 5.000000e+00
    endloop
  endfacet
  facet normal 1.808805e-01 9.835051e-01 0.000000e+00
    outer loop
      vertex   7.906650e+01 1.388493e+01 1.000000e+01
      vertex   7.906650e+01 1.388493e+01 5.000000e+00
      vertex   7.874132e+01 1.394474e+01 1.000000e+01
    endloop
  endfacet
  facet normal 1.808805e-01 9.835051e-01 0.000000e+00
    outer loop
      vertex   7.874132e+01 1.394474e+01 1.000000e+01
      vertex   7.906650e+01 1.388493e+01 5.000000e+00
      vertex   7.874132e+01 1.394474e+01 5.000000e+00
    endloop
  endfacet
  facet normal 1.154846e-01 9.933093e-01 0.000000e+00
    outer loop
      vertex   7.874132e+01 1.394474e+01 1.000000e+01
      vertex   7.874132e+01 1.394474e+01 5.000000e+00
      vertex   7.841290e+01 1.398292e+01 1.000000e+01
    endloop
  endfacet
  facet normal 1.154846e-01 9.933093e-01 0.000000e+00
    outer loop
      vertex   7.841290e+01 1.398292e+01 1.000000e+01
      vertex   7.874132e+01 1.394474e+01 5.000000e+00
      vertex   7.841290e+01 1.398292e+01 5.000000e+00
    endloop
  endfacet
  facet normal 4.958375e-02 9.987700e-01 0.000000e+00
    outer loop
      vertex   7.841290e+01 1.398292e+01 1.000000e+01
      vertex   7.841290e+01 1.398292e+01 5.000000e+00
      vertex   7.808267e+01 1.399932e+01 1.000000e+01
    endloop
  endfacet
  facet normal 4.958375e-02 9.987700e-01 0.000000e+00
    outer loop
      vertex   7.808267e+01 1.399932e+01 1.000000e+01
      vertex   7.841290e+01 1.398292e+01 5.000000e+00
      vertex   7.808267e+01 1.399932e+01 5.000000e+00
    endloop
  endfacet
  facet normal -1.653394e-02 9.998633e-01 0.000000e+00
    outer loop
      vertex   7.808267e+01 1.399932e+01 1.000000e+01
      vertex   7.808267e+01 1.399932e+01 5.000000e+00
      vertex   7.775208e+01 1.399385e+01 1.000000e+01
    endloop
  endfacet
  facet normal -1.653394e-02 9.998633e-01 0.000000e+00
    outer loop
      vertex   7.775208e+01 1.399385e+01 1.000000e+01
      vertex   7.808267e+01 1.399932e+01 5.000000e+00
      vertex   7.775208e+01 1.399385e+01 5.000000e+00
    endloop
  endfacet
  facet normal -8.257935e-02 9.965845e-01 0.000000e+00
    outer loop
      vertex   7.775208e+01 1.399385e+01 1.000000e+01
      vertex   7.775208e+01 1.399385e+01 5.000000e+00
      vertex   7.742258e+01 1.396655e+01 1.000000e+01
    endloop
  endfacet
  facet normal -8.257935e-02 9.965845e-01 0.000000e+00
    outer loop
      vertex   7.742258e+01 1.396655e+01 1.000000e+01
      vertex   7.775208e+01 1.399385e+01 5.000000e+00
      vertex   7.742258e+01 1.396655e+01 5.000000e+00
    endloop
  endfacet
  facet normal -1.482636e-01 9.889479e-01 0.000000e+00
    outer loop
      vertex   7.742258e+01 1.396655e+01 1.000000e+01
      vertex   7.742258e+01 1.396655e+01 5.000000e+00
      vertex   7.709560e+01 1.391753e+01 1.000000e+01
    endloop
  endfacet
  facet normal -1.482636e-01 9.889479e-01 0.000000e+00
    outer loop
      vertex   7.709560e+01 1.391753e+01 1.000000e+01
      vertex   7.742258e+01 1.396655e+01 5.000000e+00
      vertex   7.709560e+01 1.391753e+01 5.000000e+00
    endloop
  endfacet
  facet normal -2.132996e-01 9.769868e-01 0.000000e+00
    outer loop
      vertex   7.709560e+01 1.391753e+01 1.000000e+01
      vertex   7.709560e+01 1.391753e+01 5.000000e+00
      vertex   7.677257e+01 1.384700e+01 1.000000e+01
    endloop
  endfacet
  facet normal -2.132996e-01 9.769868e-01 0.000000e+00
    outer loop
      vertex   7.677257e+01 1.384700e+01 1.000000e+01
      vertex   7.709560e+01 1.391753e+01 5.000000e+00
      vertex   7.677257e+01 1.384700e+01 5.000000e+00
    endloop
  endfacet
  facet normal -2.774029e-01 9.607537e-01 0.000000e+00
    outer loop
      vertex   7.677257e+01 1.384700e+01 1.000000e+01
      vertex   7.677257e+01 1.384700e+01 5.000000e+00
      vertex   7.645492e+01 1.375528e+01 1.000000e+01
    endloop
  endfacet
  facet normal -2.774029e-01 9.607537e-01 0.000000e+00
    outer loop
      vertex   7.645492e+01 1.375528e+01 1.000000e+01
      vertex   7.677257e+01 1.384700e+01 5.000000e+00
      vertex   7.645492e+01 1.375528e+01 5.000000e+00
    endloop
  endfacet
  facet normal -3.402932e-01 9.403194e-01 0.000000e+00
    outer loop
      vertex   7.645492e+01 1.375528e+01 1.000000e+01
      vertex   7.645492e+01 1.375528e+01 5.000000e+00
      vertex   7.614401e+01 1.364277e+01 1.000000e+01
    endloop
  endfacet
  facet normal -3.402932e-01 9.403194e-01 -3.340686e-16
    outer loop
      vertex   7.614401e+01 1.364277e+01 1.000000e+01
      vertex   7.645492e+01 1.375528e+01 5.000000e+00
      vertex   7.614401e+01 1.364277e+01 5.000000e+00
    endloop
  endfacet
  facet normal -4.016954e-01 9.157733e-01 -3.253480e-16
    outer loop
      vertex   7.614401e+01 1.364277e+01 1.000000e+01
      vertex   7.614401e+01 1.364277e+01 5.000000e+00
      vertex   7.584123e+01 1.350996e+01 1.000000e+01
    endloop
  endfacet
  facet normal -4.016954e-01 9.157733e-01 3.253480e-16
    outer loop
      vertex   7.584123e+01 1.350996e+01 1.000000e+01
      vertex   7.614401e+01 1.364277e+01 5.000000e+00
      vertex   7.584123e+01 1.350996e+01 5.000000e+00
    endloop
  endfacet
  facet normal -4.613412e-01 8.872228e-01 3.152049e-16
    outer loop
      vertex   7.584123e+01 1.350996e+01 1.000000e+01
      vertex   7.584123e+01 1.350996e+01 5.000000e+00
      vertex   7.554788e+01 1.335742e+01 1.000000e+01
    endloop
  endfacet
  facet normal -4.613412e-01 8.872228e-01 3.152049e-16
    outer loop
      vertex   7.554788e+01 1.335742e+01 1.000000e+01
      vertex   7.584123e+01 1.350996e+01 5.000000e+00
      vertex   7.554788e+01 1.335742e+01 5.000000e+00
    endloop
  endfacet
  facet normal -5.189696e-01 8.547927e-01 3.036834e-16
    outer loop
      vertex   7.554788e+01 1.335742e+01 1.000000e+01
      vertex   7.554788e+01 1.335742e+01 5.000000e+00
      vertex   7.526526e+01 1.318583e+01 1.000000e+01
    endloop
  endfacet
  facet normal -5.189696e-01 8.547927e-01 0.000000e+00
    outer loop
      vertex   7.526526e+01 1.318583e+01 1.000000e+01
      vertex   7.554788e+01 1.335742e+01 5.000000e+00
      vertex   7.526526e+01 1.318583e+01 5.000000e+00
    endloop
  endfacet
  facet normal -5.743287e-01 8.186248e-01 0.000000e+00
    outer loop
      vertex   7.526526e+01 1.318583e+01 1.000000e+01
      vertex   7.526526e+01 1.318583e+01 5.000000e+00
      vertex   7.499460e+01 1.299594e+01 1.000000e+01
    endloop
  endfacet
  facet normal -5.743287e-01 8.186248e-01 0.000000e+00
    outer loop
      vertex   7.499460e+01 1.299594e+01 1.000000e+01
      vertex   7.526526e+01 1.318583e+01 5.000000e+00
      vertex   7.499460e+01 1.299594e+01 5.000000e+00
    endloop
  endfacet
  facet normal -6.271764e-01 7.788773e-01 0.000000e+00
    outer loop
      vertex   7.499460e+01 1.299594e+01 1.000000e+01
      vertex   7.499460e+01 1.299594e+01 5.000000e+00
      vertex   7.473707e+01 1.278857e+01 1.000000e+01
    endloop
  endfacet
  facet normal -6.271764e-01 7.788773e-01 0.000000e+00
    outer loop
      vertex   7.473707e+01 1.278857e+01 1.000000e+01
      vertex   7.499460e+01 1.299594e+01 5.000000e+00
      vertex   7.473707e+01 1.278857e+01 5.000000e+00
    endloop
  endfacet
  facet normal -6.772816e-01 7.357239e-01 0.000000e+00
    outer loop
      vertex   7.473707e+01 1.278857e+01 1.000000e+01
      vertex   7.473707e+01 1.278857e+01 5.000000e+00
      vertex   7.449382e+01 1.256464e+01 1.000000e+01
    endloop
  endfacet
  facet normal -6.772816e-01 7.357239e-01 0.000000e+00
    outer loop
      vertex   7.449382e+01 1.256464e+01 1.000000e+01
      vertex   7.473707e+01 1.278857e+01 5.000000e+00
      vertex   7.449382e+01 1.256464e+01 5.000000e+00
    endloop
  endfacet
  facet normal -7.244252e-01 6.893534e-01 0.000000e+00
    outer loop
      vertex   7.449382e+01 1.256464e+01 1.000000e+01
      vertex   7.449382e+01 1.256464e+01 5.000000e+00
      vertex   7.426589e+01 1.232512e+01 1.000000e+01
    endloop
  endfacet
  facet normal -7.244252e-01 6.893534e-01 0.000000e+00
    outer loop
      vertex   7.426589e+01 1.232512e+01 1.000000e+01
      vertex   7.449382e+01 1.256464e+01 5.000000e+00
      vertex   7.426589e+01 1.232512e+01 5.000000e+00
    endloop
  endfacet
  facet normal -7.684011e-01 6.399685e-01 0.000000e+00
    outer loop
      vertex   7.426589e+01 1.232512e+01 1.000000e+01
      vertex   7.426589e+01 1.232512e+01 5.000000e+00
      vertex   7.405430e+01 1.207106e+01 1.000000e+01
    endloop
  endfacet
  facet normal -7.684011e-01 6.399685e-01 0.000000e+00
    outer loop
      vertex   7.405430e+01 1.207106e+01 1.000000e+01
      vertex   7.426589e+01 1.232512e+01 5.000000e+00
      vertex   7.405430e+01 1.207106e+01 5.000000e+00
    endloop
  endfacet
  facet normal -8.090170e-01 5.877853e-01 0.000000e+00
    outer loop
      vertex   7.405430e+01 1.207106e+01 1.000000e+01
      vertex   7.405430e+01 1.207106e+01 5.000000e+00
      vertex   7.385996e+01 1.180358e+01 1.000000e+01
    endloop
  endfacet
  facet normal -8.090170e-01 5.877853e-01 0.000000e+00
    outer loop
      vertex   7.385996e+01 1.180358e+01 1.000000e+01
      vertex   7.405430e+01 1.207106e+01 5.000000e+00
      vertex   7.385996e+01 1.180358e+01 5.000000e+00
    endloop
  endfacet
  facet normal -8.460953e-01 5.330317e-01 0.000000e+00
    outer loop
      vertex   7.385996e+01 1.180358e+01 1.000000e+01
      vertex   7.385996e+01 1.180358e+01 5.000000e+00
      vertex   7.368372e+01 1.152383e+01 1.000000e+01
    endloop
  endfacet
  facet normal -8.460953e-01 5.330317e-01 0.000000e+00
    outer loop
      vertex   7.368372e+01 1.152383e+01 1.000000e+01
      vertex   7.385996e+01 1.180358e+01 5.000000e+00
      vertex   7.368372e+01 1.152383e+01 5.000000e+00
    endloop
  endfacet
  facet normal -8.794738e-01 4.759474e-01 0.000000e+00
    outer loop
      vertex   7.368372e+01 1.152383e+01 1.000000e+01
      vertex   7.368372e+01 1.152383e+01 5.000000e+00
      vertex   7.352635e+01 1.123304e+01 1.000000e+01
    endloop
  endfacet
  facet normal -8.794738e-01 4.759474e-01 -1.690905e-16
    outer loop
      vertex   7.352635e+01 1.123304e+01 1.000000e+01
      vertex   7.368372e+01 1.152383e+01 5.000000e+00
      vertex   7.352635e+01 1.123304e+01 5.000000e+00
    endloop
  endfacet
  facet normal -9.090065e-01 4.167819e-01 -1.480707e-16
    outer loop
      vertex   7.352635e+01 1.123304e+01 1.000000e+01
      vertex   7.352635e+01 1.123304e+01 5.000000e+00
      vertex   7.338855e+01 1.093250e+01 1.000000e+01
    endloop
  endfacet
  facet normal -9.090065e-01 4.167819e-01 0.000000e+00
    outer loop
      vertex   7.338855e+01 1.093250e+01 1.000000e+01
      vertex   7.352635e+01 1.123304e+01 5.000000e+00
      vertex   7.338855e+01 1.093250e+01 5.000000e+00
    endloop
  endfacet
  facet normal -9.345645e-01 3.557938e-01 0.000000e+00
    outer loop
      vertex   7.338855e+01 1.093250e+01 1.000000e+01
      vertex   7.338855e+01 1.093250e+01 5.000000e+00
      vertex   7.327091e+01 1.062350e+01 1.000000e+01
    endloop
  endfacet
  facet normal -9.345645e-01 3.557938e-01 1.264034e-16
    outer loop
      vertex   7.327091e+01 1.062350e+01 1.000000e+01
      vertex   7.338855e+01 1.093250e+01 5.000000e+00
      vertex   7.327091e+01 1.062350e+01 5.000000e+00
    endloop
  endfacet
  facet normal -9.560358e-01 2.932500e-01 1.041833e-16
    outer loop
      vertex   7.327091e+01 1.062350e+01 1.000000e+01
      vertex   7.327091e+01 1.062350e+01 5.000000e+00
      vertex   7.317396e+01 1.030740e+01 1.000000e+01
    endloop
  endfacet
  facet normal -9.560358e-01 2.932500e-01 0.000000e+00
    outer loop
      vertex   7.317396e+01 1.030740e+01 1.000000e+01
      vertex   7.327091e+01 1.062350e+01 5.000000e+00
      vertex   7.317396e+01 1.030740e+01 5.000000e+00
    endloop
  endfacet
  facet normal -9.733266e-01 2.294239e-01 0.000000e+00
    outer loop
      vertex   7.317396e+01 1.030740e+01 1.000000e+01
      vertex   7.317396e+01 1.030740e+01 5.000000e+00
      vertex   7.309810e+01 9.985585e+00 1.000000e+01
    endloop
  endfacet
  facet normal -9.733266e-01 2.294239e-01 0.000000e+00
    outer loop
      vertex   7.309810e+01 9.985585e+00 1.000000e+01
      vertex   7.317396e+01 1.030740e+01 5.000000e+00
      vertex   7.309810e+01 9.985585e+00 5.000000e+00
    endloop
  endfacet
  facet normal -9.863613e-01 1.645946e-01 0.000000e+00
    outer loop
      vertex   7.309810e+01 9.985585e+00 1.000000e+01
      vertex   7.309810e+01 9.985585e+00 5.000000e+00
      vertex   7.304368e+01 9.659461e+00 1.000000e+01
    endloop
  endfacet
  facet normal -9.863613e-01 1.645946e-01 0.000000e+00
    outer loop
      vertex   7.304368e+01 9.659461e+00 1.000000e+01
      vertex   7.309810e+01 9.985585e+00 5.000000e+00
      vertex   7.304368e+01 9.659461e+00 5.000000e+00
    endloop
  endfacet
  facet normal -9.950829e-01 9.904553e-02 0.000000e+00
    outer loop
      vertex   7.304368e+01 9.659461e+00 1.000000e+01
      vertex   7.304368e+01 9.659461e+00 5.000000e+00
      vertex   7.301093e+01 9.330453e+00 1.000000e+01
    endloop
  endfacet
  facet normal -9.950829e-01 9.904553e-02 0.000000e+00
    outer loop
      vertex   7.301093e+01 9.330453e+00 1.000000e+01
      vertex   7.304368e+01 9.659461e+00 5.000000e+00
      vertex   7.301093e+01 9.330453e+00 5.000000e+00
    endloop
  endfacet
  facet normal -9.994533e-01 -3.306337e-02 0.000000e+00
    outer loop
      vertex   7.301093e+01 8.669547e+00 0.000000e+00
      vertex   7.301093e+01 8.669547e+00 5.000000e+00
      vertex   7.300000e+01 9.000000e+00 0.000000e+00
    endloop
  endfacet
  facet normal -9.994533e-01 -3.306337e-02 0.000000e+00
    outer loop
      vertex   7.300000e+01 9.000000e+00 0.000000e+00
      vertex   7.301093e+01 8.669547e+00 5.000000e+00
      vertex   7.300000e+01 9.000000e+00 5.000000e+00
    endloop
  endfacet
  facet normal -9.994533e-01 3.306337e-02 0.000000e+00
    outer loop
      vertex   7.300000e+01 9.000000e+00 0.000000e+00
      vertex   7.300000e+01 9.000000e+00 5.000000e+00
      vertex   7.301093e+01 9.330453e+00 0.000000e+00
    endloop
  endfacet
  facet normal -9.994533e-01 3.306337e-02 0.000000e+00
    outer loop
      vertex   7.301093e+01 9.330453e+00 0.000000e+00
      vertex   7.300000e+01 9.000000e+00 5.000000e+00
      vertex   7.301093e+01 9.330453e+00 5.000000e+00
    endloop
  endfacet
  facet normal -9.950829e-01 9.904553e-02 0.000000e+00
    outer loop
      vertex   7.301093e+01 9.330453e+00 0.000000e+00
      vertex   7.301093e+01 9.330453e+00 5.000000e+00
      vertex   7.304368e+01 9.659461e+00 0.000000e+00
    endloop
  endfacet
  facet normal -9.950829e-01 9.904553e-02 0.000000e+00
    outer loop
      vertex   7.304368e+01 9.659461e+00 0.000000e+00
      vertex   7.301093e+01 9.330453e+00 5.000000e+00
      vertex   7.304368e+01 9.659461e+00 5.000000e+00
    endloop
  endfacet
  facet normal -9.863613e-01 1.645946e-01 0.000000e+00
    outer loop
      vertex   7.304368e+01 9.659461e+00 0.000000e+00
      vertex   7.304368e+01 9.659461e+00 5.000000e+00
      vertex   7.309810e+01 9.985585e+00 0.000000e+00
    endloop
  endfacet
  facet normal -9.863613e-01 1.645946e-01 0.000000e+00
    outer loop
      vertex   7.309810e+01 9.985585e+00 0.000000e+00
      vertex   7.304368e+01 9.659461e+00 5.000000e+00
      vertex   7.309810e+01 9.985585e+00 5.000000e+00
    endloop
  endfacet
  facet normal -9.733266e-01 2.294239e-01 0.000000e+00
    outer loop
      vertex   7.309810e+01 9.985585e+00 0.000000e+00
      vertex   7.309810e+01 9.985585e+00 5.000000e+00
      vertex   7.317396e+01 1.030740e+01 0.000000e+00
    endloop
  endfacet
  facet normal -9.733266e-01 2.294239e-01 0.000000e+00
    outer loop
      vertex   7.317396e+01 1.030740e+01 0.000000e+00
      vertex   7.309810e+01 9.985585e+00 5.000000e+00
      vertex   7.317396e+01 1.030740e+01 5.000000e+00
    endloop
  endfacet
  facet normal -9.560358e-01 2.932500e-01 0.000000e+00
    outer loop
      vertex   7.317396e+01 1.030740e+01 0.000000e+00
      vertex   7.317396e+01 1.030740e+01 5.000000e+00
      vertex   7.327091e+01 1.062350e+01 0.000000e+00
    endloop
  endfacet
  facet normal -9.560358e-01 2.932500e-01 -1.041833e-16
    outer loop
      vertex   7.327091e+01 1.062350e+01 0.000000e+00
      vertex   7.317396e+01 1.030740e+01 5.000000e+00
      vertex   7.327091e+01 1.062350e+01 5.000000e+00
    endloop
  endfacet
  facet normal -9.345645e-01 3.557938e-01 -1.264034e-16
    outer loop
      vertex   7.327091e+01 1.062350e+01 0.000000e+00
      vertex   7.327091e+01 1.062350e+01 5.000000e+00
      vertex   7.338855e+01 1.093250e+01 0.000000e+00
    endloop
  endfacet
  facet normal -9.345645e-01 3.557938e-01 0.000000e+00
    outer loop
      vertex   7.338855e+01 1.093250e+01 0.000000e+00
      vertex   7.327091e+01 1.062350e+01 5.000000e+00
      vertex   7.338855e+01 1.093250e+01 5.000000e+00
    endloop
  endfacet
  facet normal -9.090065e-01 4.167819e-01 0.000000e+00
    outer loop
      vertex   7.338855e+01 1.093250e+01 0.000000e+00
      vertex   7.338855e+01 1.093250e+01 5.000000e+00
      vertex   7.352635e+01 1.123304e+01 0.000000e+00
    endloop
  endfacet
  facet normal -9.090065e-01 4.167819e-01 1.480707e-16
    outer loop
      vertex   7.352635e+01 1.123304e+01 0.000000e+00
      vertex   7.338855e+01 1.093250e+01 5.000000e+00
      vertex   7.352635e+01 1.123304e+01 5.000000e+00
    endloop
  endfacet
  facet normal -8.794738e-01 4.759474e-01 1.690905e-16
    outer loop
      vertex   7.352635e+01 1.123304e+01 0.000000e+00
      vertex   7.352635e+01 1.123304e+01 5.000000e+00
      vertex   7.368372e+01 1.152383e+01 0.000000e+00
    endloop
  endfacet
  facet normal -8.794738e-01 4.759474e-01 0.000000e+00
    outer loop
      vertex   7.368372e+01 1.152383e+01 0.000000e+00
      vertex   7.352635e+01 1.123304e+01 5.000000e+00
      vertex   7.368372e+01 1.152383e+01 5.000000e+00
    endloop
  endfacet
  facet normal -8.460953e-01 5.330317e-01 0.000000e+00
    outer loop
      vertex   7.368372e+01 1.152383e+01 0.000000e+00
      vertex   7.368372e+01 1.152383e+01 5.000000e+00
      vertex   7.385996e+01 1.180358e+01 0.000000e+00
    endloop
  endfacet
  facet normal -8.460953e-01 5.330317e-01 0.000000e+00
    outer loop
      vertex   7.385996e+01 1.180358e+01 0.000000e+00
      vertex   7.368372e+01 1.152383e+01 5.000000e+00
      vertex   7.385996e+01 1.180358e+01 5.000000e+00
    endloop
  endfacet
  facet normal -8.090170e-01 5.877853e-01 0.000000e+00
    outer loop
      vertex   7.385996e+01 1.180358e+01 0.000000e+00
      vertex   7.385996e+01 1.180358e+01 5.000000e+00
      vertex   7.405430e+01 1.207106e+01 0.000000e+00
    endloop
  endfacet
  facet normal -8.090170e-01 5.877853e-01 0.000000e+00
    outer loop
      vertex   7.405430e+01 1.207106e+01 0.000000e+00
      vertex   7.385996e+01 1.180358e+01 5.000000e+00
      vertex   7.405430e+01 1.207106e+01 5.000000e+00
    endloop
  endfacet
  facet normal -7.684011e-01 6.399685e-01 0.000000e+00
    outer loop
      vertex   7.405430e+01 1.207106e+01 0.000000e+00
      vertex   7.405430e+01 1.207106e+01 5.000000e+00
      vertex   7.426589e+01 1.232512e+01 0.000000e+00
    endloop
  endfacet
  facet normal -7.684011e-01 6.399685e-01 0.000000e+00
    outer loop
      vertex   7.426589e+01 1.232512e+01 0.000000e+00
      vertex   7.405430e+01 1.207106e+01 5.000000e+00
      vertex   7.426589e+01 1.232512e+01 5.000000e+00
    endloop
  endfacet
  facet normal -7.244252e-01 6.893534e-01 0.000000e+00
    outer loop
      vertex   7.426589e+01 1.232512e+01 0.000000e+00
      vertex   7.426589e+01 1.232512e+01 5.000000e+00
      vertex   7.449382e+01 1.256464e+01 0.000000e+00
    endloop
  endfacet
  facet normal -7.244252e-01 6.893534e-01 0.000000e+00
    outer loop
      vertex   7.449382e+01 1.256464e+01 0.000000e+00
      vertex   7.426589e+01 1.232512e+01 5.000000e+00
      vertex   7.449382e+01 1.256464e+01 5.000000e+00
    endloop
  endfacet
  facet normal -6.772816e-01 7.357239e-01 0.000000e+00
    outer loop
      vertex   7.449382e+01 1.256464e+01 0.000000e+00
      vertex   7.449382e+01 1.256464e+01 5.000000e+00
      vertex   7.473707e+01 1.278857e+01 0.000000e+00
    endloop
  endfacet
  facet normal -6.772816e-01 7.357239e-01 0.000000e+00
    outer loop
      vertex   7.473707e+01 1.278857e+01 0.000000e+00
      vertex   7.449382e+01 1.256464e+01 5.000000e+00
      vertex   7.473707e+01 1.278857e+01 5.000000e+00
    endloop
  endfacet
  facet normal -6.271764e-01 7.788773e-01 0.000000e+00
    outer loop
      vertex   7.473707e+01 1.278857e+01 0.000000e+00
      vertex   7.473707e+01 1.278857e+01 5.000000e+00
      vertex   7.499460e+01 1.299594e+01 0.000000e+00
    endloop
  endfacet
  facet normal -6.271764e-01 7.788773e-01 0.000000e+00
    outer loop
      vertex   7.499460e+01 1.299594e+01 0.000000e+00
      vertex   7.473707e+01 1.278857e+01 5.000000e+00
      vertex   7.499460e+01 1.299594e+01 5.000000e+00
    endloop
  endfacet
  facet normal -5.743287e-01 8.186248e-01 0.000000e+00
    outer loop
      vertex   7.499460e+01 1.299594e+01 0.000000e+00
      vertex   7.499460e+01 1.299594e+01 5.000000e+00
      vertex   7.526526e+01 1.318583e+01 0.000000e+00
    endloop
  endfacet
  facet normal -5.743287e-01 8.186248e-01 0.000000e+00
    outer loop
      vertex   7.526526e+01 1.318583e+01 0.000000e+00
      vertex   7.499460e+01 1.299594e+01 5.000000e+00
      vertex   7.526526e+01 1.318583e+01 5.000000e+00
    endloop
  endfacet
  facet normal -5.189696e-01 8.547927e-01 0.000000e+00
    outer loop
      vertex   7.526526e+01 1.318583e+01 0.000000e+00
      vertex   7.526526e+01 1.318583e+01 5.000000e+00
      vertex   7.554788e+01 1.335742e+01 0.000000e+00
    endloop
  endfacet
  facet normal -5.189696e-01 8.547927e-01 -3.036834e-16
    outer loop
      vertex   7.554788e+01 1.335742e+01 0.000000e+00
      vertex   7.526526e+01 1.318583e+01 5.000000e+00
      vertex   7.554788e+01 1.335742e+01 5.000000e+00
    endloop
  endfacet
  facet normal -4.613412e-01 8.872228e-01 -3.152049e-16
    outer loop
      vertex   7.554788e+01 1.335742e+01 0.000000e+00
      vertex   7.554788e+01 1.335742e+01 5.000000e+00
      vertex   7.584123e+01 1.350996e+01 0.000000e+00
    endloop
  endfacet
  facet normal -4.613412e-01 8.872228e-01 -3.152049e-16
    outer loop
      vertex   7.584123e+01 1.350996e+01 0.000000e+00
      vertex   7.554788e+01 1.335742e+01 5.000000e+00
      vertex   7.584123e+01 1.350996e+01 5.000000e+00
    endloop
  endfacet
  facet normal -4.016954e-01 9.157733e-01 -3.253480e-16
    outer loop
      vertex   7.584123e+01 1.350996e+01 0.000000e+00
      vertex   7.584123e+01 1.350996e+01 5.000000e+00
      vertex   7.614401e+01 1.364277e+01 0.000000e+00
    endloop
  endfacet
  facet normal -4.016954e-01 9.157733e-01 3.253480e-16
    outer loop
      vertex   7.614401e+01 1.364277e+01 0.000000e+00
      vertex   7.584123e+01 1.350996e+01 5.000000e+00
      vertex   7.614401e+01 1.364277e+01 5.000000e+00
    endloop
  endfacet
  facet normal -3.402932e-01 9.403194e-01 3.340686e-16
    outer loop
      vertex   7.614401e+01 1.364277e+01 0.000000e+00
      vertex   7.614401e+01 1.364277e+01 5.000000e+00
      vertex   7.645492e+01 1.375528e+01 0.000000e+00
    endloop
  endfacet
  facet normal -3.402932e-01 9.403194e-01 0.000000e+00
    outer loop
      vertex   7.645492e+01 1.375528e+01 0.000000e+00
      vertex   7.614401e+01 1.364277e+01 5.000000e+00
      vertex   7.645492e+01 1.375528e+01 5.000000e+00
    endloop
  endfacet
  facet normal -2.774029e-01 9.607537e-01 0.000000e+00
    outer loop
      vertex   7.645492e+01 1.375528e+01 0.000000e+00
      vertex   7.645492e+01 1.375528e+01 5.000000e+00
      vertex   7.677257e+01 1.384700e+01 0.000000e+00
    endloop
  endfacet
  facet normal -2.774029e-01 9.607537e-01 0.000000e+00
    outer loop
      vertex   7.677257e+01 1.384700e+01 0.000000e+00
      vertex   7.645492e+01 1.375528e+01 5.000000e+00
      vertex   7.677257e+01 1.384700e+01 5.000000e+00
    endloop
  endfacet
  facet normal -2.132996e-01 9.769868e-01 0.000000e+00
    outer loop
      vertex   7.677257e+01 1.384700e+01 0.000000e+00
      vertex   7.677257e+01 1.384700e+01 5.000000e+00
      vertex   7.709560e+01 1.391753e+01 0.000000e+00
    endloop
  endfacet
  facet normal -2.132996e-01 9.769868e-01 0.000000e+00
    outer loop
      vertex   7.709560e+01 1.391753e+01 0.000000e+00
      vertex   7.677257e+01 1.384700e+01 5.000000e+00
      vertex   7.709560e+01 1.391753e+01 5.000000e+00
    endloop
  endfacet
  facet normal -1.482636e-01 9.889479e-01 0.000000e+00
    outer loop
      vertex   7.709560e+01 1.391753e+01 0.000000e+00
      vertex   7.709560e+01 1.391753e+01 5.000000e+00
      vertex   7.742258e+01 1.396655e+01 0.000000e+00
    endloop
  endfacet
  facet normal -1.482636e-01 9.889479e-01 0.000000e+00
    outer loop
      vertex   7.742258e+01 1.396655e+01 0.000000e+00
      vertex   7.709560e+01 1.391753e+01 5.000000e+00
      vertex   7.742258e+01 1.396655e+01 5.000000e+00
    endloop
  endfacet
  facet normal -8.257935e-02 9.965845e-01 0.000000e+00
    outer loop
      vertex   7.742258e+01 1.396655e+01 0.000000e+00
      vertex   7.742258e+01 1.396655e+01 5.000000e+00
      vertex   7.775208e+01 1.399385e+01 0.000000e+00
    endloop
  endfacet
  facet normal -8.257935e-02 9.965845e-01 0.000000e+00
    outer loop
      vertex   7.775208e+01 1.399385e+01 0.000000e+00
      vertex   7.742258e+01 1.396655e+01 5.000000e+00
      vertex   7.775208e+01 1.399385e+01 5.000000e+00
    endloop
  endfacet
  facet normal -1.653394e-02 9.998633e-01 0.000000e+00
    outer loop
      vertex   7.775208e+01 1.399385e+01 0.000000e+00
      vertex   7.775208e+01 1.399385e+01 5.000000e+00
      vertex   7.808267e+01 1.399932e+01 0.000000e+00
    endloop
  endfacet
  facet normal -1.653394e-02 9.998633e-01 0.000000e+00
    outer loop
      vertex   7.808267e+01 1.399932e+01 0.000000e+00
      vertex   7.775208e+01 1.399385e+01 5.000000e+00
      vertex   7.808267e+01 1.399932e+01 5.000000e+00
    endloop
  endfacet
  facet normal 4.958375e-02 9.987700e-01 -0.000000e+00
    outer loop
      vertex   7.808267e+01 1.399932e+01 0.000000e+00
      vertex   7.808267e+01 1.399932e+01 5.000000e+00
      vertex   7.841290e+01 1.398292e+01 0.000000e+00
    endloop
  endfacet
  facet normal 4.958375e-02 9.987700e-01 -0.000000e+00
    outer loop
      vertex   7.841290e+01 1.398292e+01 0.000000e+00
      vertex   7.808267e+01 1.399932e+01 5.000000e+00
      vertex   7.841290e+01 1.398292e+01 5.000000e+00
    endloop
  endfacet
  facet normal 1.154846e-01 9.933093e-01 -0.000000e+00
    outer loop
      vertex   7.841290e+01 1.398292e+01 0.000000e+00
      vertex   7.841290e+01 1.398292e+01 5.000000e+00
      vertex   7.874132e+01 1.394474e+01 0.000000e+00
    endloop
  endfacet
  facet normal 1.154846e-01 9.933093e-01 -0.000000e+00
    outer loop
      vertex   7.874132e+01 1.394474e+01 0.000000e+00
      vertex   7.841290e+01 1.398292e+01 5.000000e+00
      vertex   7.874132e+01 1.394474e+01 5.000000e+00
    endloop
  endfacet
  facet normal 1.808805e-01 9.835051e-01 -0.000000e+00
    outer loop
      vertex   7.874132e+01 1.394474e+01 0.000000e+00
      vertex   7.874132e+01 1.394474e+01 5.000000e+00
      vertex   7.906650e+01 1.388493e+01 0.000000e+00
    endloop
  endfacet
  facet normal 1.808805e-01 9.835051e-01 -0.000000e+00
    outer loop
      vertex   7.906650e+01 1.388493e+01 0.000000e+00
      vertex   7.874132e+01 1.394474e+01 5.000000e+00
      vertex   7.906650e+01 1.388493e+01 5.000000e+00
    endloop
  endfacet
  facet normal 2.454855e-01 9.694003e-01 -0.000000e+00
    outer loop
      vertex   7.906650e+01 1.388493e+01 0.000000e+00
      vertex   7.906650e+01 1.388493e+01 5.000000e+00
      vertex   7.938702e+01 1.380377e+01 0.000000e+00
    endloop
  endfacet
  facet normal 2.454855e-01 9.694003e-01 -0.000000e+00
    outer loop
      vertex   7.938702e+01 1.380377e+01 0.000000e+00
      vertex   7.906650e+01 1.388493e+01 5.000000e+00
      vertex   7.938702e+01 1.380377e+01 5.000000e+00
    endloop
  endfacet
  facet normal 3.090170e-01 9.510565e-01 -0.000000e+00
    outer loop
      vertex   7.938702e+01 1.380377e+01 0.000000e+00
      vertex   7.938702e+01 1.380377e+01 5.000000e+00
      vertex   7.970147e+01 1.370160e+01 0.000000e+00
    endloop
  endfacet
  facet normal 3.090170e-01 9.510565e-01 -0.000000e+00
    outer loop
      vertex   7.970147e+01 1.370160e+01 0.000000e+00
      vertex   7.938702e+01 1.380377e+01 5.000000e+00
      vertex   7.970147e+01 1.370160e+01 5.000000e+00
    endloop
  endfacet
  facet normal 3.711972e-01 9.285540e-01 -0.000000e+00
    outer loop
      vertex   7.970147e+01 1.370160e+01 0.000000e+00
      vertex   7.970147e+01 1.370160e+01 5.000000e+00
      vertex   8.000848e+01 1.357887e+01 0.000000e+00
    endloop
  endfacet
  facet normal 3.711972e-01 9.285540e-01 3.298887e-16
    outer loop
      vertex   8.000848e+01 1.357887e+01 0.000000e+00
      vertex   7.970147e+01 1.370160e+01 5.000000e+00
      vertex   8.000848e+01 1.357887e+01 5.000000e+00
    endloop
  endfacet
  facet normal 4.317544e-01 9.019912e-01 3.204517e-16
    outer loop
      vertex   8.000848e+01 1.357887e+01 0.000000e+00
      vertex   8.000848e+01 1.357887e+01 5.000000e+00
      vertex   8.030671e+01 1.343611e+01 0.000000e+00
    endloop
  endfacet
  facet normal 4.317544e-01 9.019912e-01 -0.000000e+00
    outer loop
      vertex   8.030671e+01 1.343611e+01 0.000000e+00
      vertex   8.000848e+01 1.357887e+01 5.000000e+00
      vertex   8.030671e+01 1.343611e+01 5.000000e+00
    endloop
  endfacet
  facet normal 4.904235e-01 8.714842e-01 -0.000000e+00
    outer loop
      vertex   8.030671e+01 1.343611e+01 0.000000e+00
      vertex   8.030671e+01 1.343611e+01 5.000000e+00
      vertex   8.059485e+01 1.327396e+01 0.000000e+00
    endloop
  endfacet
  facet normal 4.904235e-01 8.714842e-01 6.192268e-16
    outer loop
      vertex   8.059485e+01 1.327396e+01 0.000000e+00
      vertex   8.030671e+01 1.343611e+01 5.000000e+00
      vertex   8.059485e+01 1.327396e+01 5.000000e+00
    endloop
  endfacet
  facet normal 5.469482e-01 8.371665e-01 5.948426e-16
    outer loop
      vertex   8.059485e+01 1.327396e+01 0.000000e+00
      vertex   8.059485e+01 1.327396e+01 5.000000e+00
      vertex   8.087164e+01 1.309312e+01 0.000000e+00
    endloop
  endfacet
  facet normal 5.469482e-01 8.371665e-01 2.974213e-16
    outer loop
      vertex   8.087164e+01 1.309312e+01 0.000000e+00
      vertex   8.059485e+01 1.327396e+01 5.000000e+00
      vertex   8.087164e+01 1.309312e+01 5.000000e+00
    endloop
  endfacet
  facet normal 6.010811e-01 7.991880e-01 2.839286e-16
    outer loop
      vertex   8.087164e+01 1.309312e+01 0.000000e+00
      vertex   8.087164e+01 1.309312e+01 5.000000e+00
      vertex   8.113588e+01 1.289439e+01 0.000000e+00
    endloop
  endfacet
  facet normal 6.010811e-01 7.991880e-01 2.839286e-16
    outer loop
      vertex   8.113588e+01 1.289439e+01 0.000000e+00
      vertex   8.087164e+01 1.309312e+01 5.000000e+00
      vertex   8.113588e+01 1.289439e+01 5.000000e+00
    endloop
  endfacet
  facet normal 6.525858e-01 7.577149e-01 2.691944e-16
    outer loop
      vertex   8.113588e+01 1.289439e+01 0.000000e+00
      vertex   8.113588e+01 1.289439e+01 5.000000e+00
      vertex   8.138641e+01 1.267862e+01 0.000000e+00
    endloop
  endfacet
  facet normal 6.525858e-01 7.577149e-01 -0.000000e+00
    outer loop
      vertex   8.138641e+01 1.267862e+01 0.000000e+00
      vertex   8.113588e+01 1.289439e+01 5.000000e+00
      vertex   8.138641e+01 1.267862e+01 5.000000e+00
    endloop
  endfacet
  facet normal 7.012368e-01 7.129284e-01 -0.000000e+00
    outer loop
      vertex   8.138641e+01 1.267862e+01 0.000000e+00
      vertex   8.138641e+01 1.267862e+01 5.000000e+00
      vertex   8.162213e+01 1.244677e+01 0.000000e+00
    endloop
  endfacet
  facet normal 7.012368e-01 7.129284e-01 -0.000000e+00
    outer loop
      vertex   8.162213e+01 1.244677e+01 0.000000e+00
      vertex   8.138641e+01 1.267862e+01 5.000000e+00
      vertex   8.162213e+01 1.244677e+01 5.000000e+00
    endloop
  endfacet
  facet normal 7.468215e-01 6.650246e-01 -0.000000e+00
    outer loop
      vertex   8.162213e+01 1.244677e+01 0.000000e+00
      vertex   8.162213e+01 1.244677e+01 5.000000e+00
      vertex   8.184201e+01 1.219984e+01 0.000000e+00
    endloop
  endfacet
  facet normal 7.468215e-01 6.650246e-01 7.087926e-16
    outer loop
      vertex   8.184201e+01 1.219984e+01 0.000000e+00
      vertex   8.162213e+01 1.244677e+01 5.000000e+00
      vertex   8.184201e+01 1.219984e+01 5.000000e+00
    endloop
  endfacet
  facet normal 7.891405e-01 6.142127e-01 6.546366e-16
    outer loop
      vertex   8.184201e+01 1.219984e+01 0.000000e+00
      vertex   8.184201e+01 1.219984e+01 5.000000e+00
      vertex   8.204509e+01 1.193893e+01 0.000000e+00
    endloop
  endfacet
  facet normal 7.891405e-01 6.142127e-01 -2.182122e-16
    outer loop
      vertex   8.204509e+01 1.193893e+01 0.000000e+00
      vertex   8.184201e+01 1.219984e+01 5.000000e+00
      vertex   8.204509e+01 1.193893e+01 5.000000e+00
    endloop
  endfacet
  facet normal 8.280088e-01 5.607151e-01 -1.992060e-16
    outer loop
      vertex   8.204509e+01 1.193893e+01 0.000000e+00
      vertex   8.204509e+01 1.193893e+01 5.000000e+00
      vertex   8.223048e+01 1.166516e+01 0.000000e+00
    endloop
  endfacet
  facet normal 8.280088e-01 5.607151e-01 -3.984120e-16
    outer loop
      vertex   8.223048e+01 1.166516e+01 0.000000e+00
      vertex   8.204509e+01 1.193893e+01 5.000000e+00
      vertex   8.223048e+01 1.166516e+01 5.000000e+00
    endloop
  endfacet
  facet normal 8.632565e-01 5.047655e-01 -3.586575e-16
    outer loop
      vertex   8.223048e+01 1.166516e+01 0.000000e+00
      vertex   8.223048e+01 1.166516e+01 5.000000e+00
      vertex   8.239737e+01 1.137974e+01 0.000000e+00
    endloop
  endfacet
  facet normal 8.632565e-01 5.047655e-01 1.793287e-16
    outer loop
      vertex   8.239737e+01 1.137974e+01 0.000000e+00
      vertex   8.223048e+01 1.166516e+01 5.000000e+00
      vertex   8.239737e+01 1.137974e+01 5.000000e+00
    endloop
  endfacet
  facet normal 8.947293e-01 4.466088e-01 1.586673e-16
    outer loop
      vertex   8.239737e+01 1.137974e+01 0.000000e+00
      vertex   8.239737e+01 1.137974e+01 5.000000e+00
      vertex   8.254503e+01 1.108391e+01 0.000000e+00
    endloop
  endfacet
  facet normal 8.947293e-01 4.466088e-01 -0.000000e+00
    outer loop
      vertex   8.254503e+01 1.108391e+01 0.000000e+00
      vertex   8.239737e+01 1.137974e+01 5.000000e+00
      vertex   8.254503e+01 1.108391e+01 5.000000e+00
    endloop
  endfacet
  facet normal 9.222898e-01 3.864992e-01 -0.000000e+00
    outer loop
      vertex   8.254503e+01 1.108391e+01 0.000000e+00
      vertex   8.254503e+01 1.108391e+01 5.000000e+00
      vertex   8.267282e+01 1.077897e+01 0.000000e+00
    endloop
  endfacet
  facet normal 9.222898e-01 3.864992e-01 -0.000000e+00
    outer loop
      vertex   8.267282e+01 1.077897e+01 0.000000e+00
      vertex   8.254503e+01 1.108391e+01 5.000000e+00
      vertex   8.267282e+01 1.077897e+01 5.000000e+00
    endloop
  endfacet
  facet normal 9.458172e-01 3.246995e-01 -0.000000e+00
    outer loop
      vertex   8.267282e+01 1.077897e+01 0.000000e+00
      vertex   8.267282e+01 1.077897e+01 5.000000e+00
      vertex   8.278018e+01 1.046625e+01 0.000000e+00
    endloop
  endfacet
  facet normal 9.458172e-01 3.246995e-01 -0.000000e+00
    outer loop
      vertex   8.278018e+01 1.046625e+01 0.000000e+00
      vertex   8.267282e+01 1.077897e+01 5.000000e+00
      vertex   8.278018e+01 1.046625e+01 5.000000e+00
    endloop
  endfacet
  facet normal 9.652089e-01 2.614799e-01 -0.000000e+00
    outer loop
      vertex   8.278018e+01 1.046625e+01 0.000000e+00
      vertex   8.278018e+01 1.046625e+01 5.000000e+00
      vertex   8.286663e+01 1.014712e+01 0.000000e+00
    endloop
  endfacet
  facet normal 9.652089e-01 2.614799e-01 -9.289634e-17
    outer loop
      vertex   8.286663e+01 1.014712e+01 0.000000e+00
      vertex   8.278018e+01 1.046625e+01 5.000000e+00
      vertex   8.286663e+01 1.014712e+01 5.000000e+00
    endloop
  endfacet
  facet normal 9.803800e-01 1.971170e-01 -7.003004e-17
    outer loop
      vertex   8.286663e+01 1.014712e+01 0.000000e+00
      vertex   8.286663e+01 1.014712e+01 5.000000e+00
      vertex   8.293181e+01 9.822973e+00 0.000000e+00
    endloop
  endfacet
  facet normal 9.803800e-01 1.971170e-01 7.003004e-17
    outer loop
      vertex   8.293181e+01 9.822973e+00 0.000000e+00
      vertex   8.286663e+01 1.014712e+01 5.000000e+00
      vertex   8.293181e+01 9.822973e+00 5.000000e+00
    endloop
  endfacet
  facet normal 9.912641e-01 1.318922e-01 4.685751e-17
    outer loop
      vertex   8.293181e+01 9.822973e+00 0.000000e+00
      vertex   8.293181e+01 9.822973e+00 5.000000e+00
      vertex   8.297542e+01 9.495228e+00 0.000000e+00
    endloop
  endfacet
  facet normal 9.912641e-01 1.318922e-01 -0.000000e+00
    outer loop
      vertex   8.297542e+01 9.495228e+00 0.000000e+00
      vertex   8.293181e+01 9.822973e+00 5.000000e+00
      vertex   8.297542e+01 9.495228e+00 5.000000e+00
    endloop
  endfacet
  facet normal 9.978136e-01 6.609058e-02 -0.000000e+00
    outer loop
      vertex   8.297542e+01 9.495228e+00 0.000000e+00
      vertex   8.297542e+01 9.495228e+00 5.000000e+00
      vertex   8.299727e+01 9.165317e+00 0.000000e+00
    endloop
  endfacet
  facet normal 9.978136e-01 6.609058e-02 -0.000000e+00
    outer loop
      vertex   8.299727e+01 9.165317e+00 0.000000e+00
      vertex   8.297542e+01 9.495228e+00 5.000000e+00
      vertex   8.299727e+01 9.165317e+00 5.000000e+00
    endloop
  endfacet
  facet normal 1.000000e+00 0.000000e+00 -0.000000e+00
    outer loop
      vertex   8.299727e+01 9.165317e+00 0.000000e+00
      vertex   8.299727e+01 9.165317e+00 5.000000e+00
      vertex   8.299727e+01 8.834683e+00 0.000000e+00
    endloop
  endfacet
  facet normal 1.000000e+00 0.000000e+00 0.000000e+00
    outer loop
      vertex   8.299727e+01 8.834683e+00 0.000000e+00
      vertex   8.299727e+01 9.165317e+00 5.000000e+00
      vertex   8.299727e+01 8.834683e+00 5.000000e+00
    endloop
  endfacet
  facet normal 9.978136e-01 -6.609058e-02 0.000000e+00
    outer loop
      vertex   8.299727e+01 8.834683e+00 0.000000e+00
      vertex   8.299727e+01 8.834683e+00 5.000000e+00
      vertex   8.297542e+01 8.504772e+00 0.000000e+00
    endloop
  endfacet
  facet normal 9.978136e-01 -6.609058e-02 0.000000e+00
    outer loop
      vertex   8.297542e+01 8.504772e+00 0.000000e+00
      vertex   8.299727e+01 8.834683e+00 5.000000e+00
      vertex   8.297542e+01 8.504772e+00 5.000000e+00
    endloop
  endfacet
  facet normal 9.912641e-01 -1.318922e-01 0.000000e+00
    outer loop
      vertex   8.297542e+01 8.504772e+00 0.000000e+00
      vertex   8.297542e+01 8.504772e+00 5.000000e+00
      vertex   8.293181e+01 8.177027e+00 0.000000e+00
    endloop
  endfacet
  facet normal 9.912641e-01 -1.318922e-01 0.000000e+00
    outer loop
      vertex   8.293181e+01 8.177027e+00 0.000000e+00
      vertex   8.297542e+01 8.504772e+00 5.000000e+00
      vertex   8.293181e+01 8.177027e+00 5.000000e+00
    endloop
  endfacet
  facet normal 9.803800e-01 -1.971170e-01 0.000000e+00
    outer loop
      vertex   8.293181e+01 8.177027e+00 0.000000e+00
      vertex   8.293181e+01 8.177027e+00 5.000000e+00
      vertex   8.286663e+01 7.852881e+00 0.000000e+00
    endloop
  endfacet
  facet normal 9.803800e-01 -1.971170e-01 -1.050451e-16
    outer loop
      vertex   8.286663e+01 7.852881e+00 0.000000e+00
      vertex   8.293181e+01 8.177027e+00 5.000000e+00
      vertex   8.286663e+01 7.852881e+00 5.000000e+00
    endloop
  endfacet
  facet normal 9.652089e-01 -2.614799e-01 -1.393445e-16
    outer loop
      vertex   8.286663e+01 7.852881e+00 0.000000e+00
      vertex   8.286663e+01 7.852881e+00 5.000000e+00
      vertex   8.278018e+01 7.533750e+00 0.000000e+00
    endloop
  endfacet
  facet normal 9.652089e-01 -2.614799e-01 -4.644817e-17
    outer loop
      vertex   8.278018e+01 7.533750e+00 0.000000e+00
      vertex   8.286663e+01 7.852881e+00 5.000000e+00
      vertex   8.278018e+01 7.533750e+00 5.000000e+00
    endloop
  endfacet
  facet normal 9.458172e-01 -3.246995e-01 -5.767821e-17
    outer loop
      vertex   8.278018e+01 7.533750e+00 0.000000e+00
      vertex   8.278018e+01 7.533750e+00 5.000000e+00
      vertex   8.267282e+01 7.221031e+00 0.000000e+00
    endloop
  endfacet
  facet normal 9.458172e-01 -3.246995e-01 0.000000e+00
    outer loop
      vertex   8.267282e+01 7.221031e+00 0.000000e+00
      vertex   8.278018e+01 7.533750e+00 5.000000e+00
      vertex   8.267282e+01 7.221031e+00 5.000000e+00
    endloop
  endfacet
  facet normal 9.222898e-01 -3.864992e-01 0.000000e+00
    outer loop
      vertex   8.267282e+01 7.221031e+00 0.000000e+00
      vertex   8.267282e+01 7.221031e+00 5.000000e+00
      vertex   8.254503e+01 6.916091e+00 0.000000e+00
    endloop
  endfacet
  facet normal 9.222898e-01 -3.864992e-01 -6.865604e-17
    outer loop
      vertex   8.254503e+01 6.916091e+00 0.000000e+00
      vertex   8.267282e+01 7.221031e+00 5.000000e+00
      vertex   8.254503e+01 6.916091e+00 5.000000e+00
    endloop
  endfacet
  facet normal 8.947293e-01 -4.466088e-01 -7.933366e-17
    outer loop
      vertex   8.254503e+01 6.916091e+00 0.000000e+00
      vertex   8.254503e+01 6.916091e+00 5.000000e+00
      vertex   8.239737e+01 6.620263e+00 0.000000e+00
    endloop
  endfacet
  facet normal 8.947293e-01 -4.466088e-01 7.933366e-17
    outer loop
      vertex   8.239737e+01 6.620263e+00 0.000000e+00
      vertex   8.254503e+01 6.916091e+00 5.000000e+00
      vertex   8.239737e+01 6.620263e+00 5.000000e+00
    endloop
  endfacet
  facet normal 8.632565e-01 -5.047655e-01 8.966437e-17
    outer loop
      vertex   8.239737e+01 6.620263e+00 0.000000e+00
      vertex   8.239737e+01 6.620263e+00 5.000000e+00
      vertex   8.223048e+01 6.334841e+00 0.000000e+00
    endloop
  endfacet
  facet normal 8.632565e-01 -5.047655e-01 -3.586575e-16
    outer loop
      vertex   8.223048e+01 6.334841e+00 0.000000e+00
      vertex   8.239737e+01 6.620263e+00 5.000000e+00
      vertex   8.223048e+01 6.334841e+00 5.000000e+00
    endloop
  endfacet
  facet normal 8.280088e-01 -5.607151e-01 -3.984120e-16
    outer loop
      vertex   8.223048e+01 6.334841e+00 0.000000e+00
      vertex   8.223048e+01 6.334841e+00 5.000000e+00
      vertex   8.204509e+01 6.061074e+00 0.000000e+00
    endloop
  endfacet
  facet normal 8.280088e-01 -5.607151e-01 -1.992060e-16
    outer loop
      vertex   8.204509e+01 6.061074e+00 0.000000e+00
      vertex   8.223048e+01 6.334841e+00 5.000000e+00
      vertex   8.204509e+01 6.061074e+00 5.000000e+00
    endloop
  endfacet
  facet normal 7.891405e-01 -6.142127e-01 -2.182122e-16
    outer loop
      vertex   8.204509e+01 6.061074e+00 0.000000e+00
      vertex   8.204509e+01 6.061074e+00 5.000000e+00
      vertex   8.184201e+01 5.800157e+00 0.000000e+00
    endloop
  endfacet
  facet normal 7.891405e-01 -6.142127e-01 4.364244e-16
    outer loop
      vertex   8.184201e+01 5.800157e+00 0.000000e+00
      vertex   8.204509e+01 6.061074e+00 5.000000e+00
      vertex   8.184201e+01 5.800157e+00 5.000000e+00
    endloop
  endfacet
  facet normal 7.468215e-01 -6.650246e-01 4.725284e-16
    outer loop
      vertex   8.184201e+01 5.800157e+00 0.000000e+00
      vertex   8.184201e+01 5.800157e+00 5.000000e+00
      vertex   8.162213e+01 5.553233e+00 0.000000e+00
    endloop
  endfacet
  facet normal 7.468215e-01 -6.650246e-01 0.000000e+00
    outer loop
      vertex   8.162213e+01 5.553233e+00 0.000000e+00
      vertex   8.184201e+01 5.800157e+00 5.000000e+00
      vertex   8.162213e+01 5.553233e+00 5.000000e+00
    endloop
  endfacet
  facet normal 7.012368e-01 -7.129284e-01 0.000000e+00
    outer loop
      vertex   8.162213e+01 5.553233e+00 0.000000e+00
      vertex   8.162213e+01 5.553233e+00 5.000000e+00
      vertex   8.138641e+01 5.321381e+00 0.000000e+00
    endloop
  endfacet
  facet normal 7.012368e-01 -7.129284e-01 0.000000e+00
    outer loop
      vertex   8.138641e+01 5.321381e+00 0.000000e+00
      vertex   8.162213e+01 5.553233e+00 5.000000e+00
      vertex   8.138641e+01 5.321381e+00 5.000000e+00
    endloop
  endfacet
  facet normal 6.525858e-01 -7.577149e-01 0.000000e+00
    outer loop
      vertex   8.138641e+01 5.321381e+00 0.000000e+00
      vertex   8.138641e+01 5.321381e+00 5.000000e+00
      vertex   8.113588e+01 5.105614e+00 0.000000e+00
    endloop
  endfacet
  facet normal 6.525858e-01 -7.577149e-01 2.691944e-16
    outer loop
      vertex   8.113588e+01 5.105614e+00 0.000000e+00
      vertex   8.138641e+01 5.321381e+00 5.000000e+00
      vertex   8.113588e+01 5.105614e+00 5.000000e+00
    endloop
  endfacet
  facet normal 6.010811e-01 -7.991880e-01 2.839286e-16
    outer loop
      vertex   8.113588e+01 5.105614e+00 0.000000e+00
      vertex   8.113588e+01 5.105614e+00 5.000000e+00
      vertex   8.087164e+01 4.906876e+00 0.000000e+00
    endloop
  endfacet
  facet normal 6.010811e-01 -7.991880e-01 1.419643e-16
    outer loop
      vertex   8.087164e+01 4.906876e+00 0.000000e+00
      vertex   8.113588e+01 5.105614e+00 5.000000e+00
      vertex   8.087164e+01 4.906876e+00 5.000000e+00
    endloop
  endfacet
  facet normal 5.469482e-01 -8.371665e-01 1.487106e-16
    outer loop
      vertex   8.087164e+01 4.906876e+00 0.000000e+00
      vertex   8.087164e+01 4.906876e+00 5.000000e+00
      vertex   8.059485e+01 4.726037e+00 0.000000e+00
    endloop
  endfacet
  facet normal 5.469482e-01 -8.371665e-01 5.948426e-16
    outer loop
      vertex   8.059485e+01 4.726037e+00 0.000000e+00
      vertex   8.087164e+01 4.906876e+00 5.000000e+00
      vertex   8.059485e+01 4.726037e+00 5.000000e+00
    endloop
  endfacet
  facet normal 4.904235e-01 -8.714842e-01 6.192268e-16
    outer loop
      vertex   8.059485e+01 4.726037e+00 0.000000e+00
      vertex   8.059485e+01 4.726037e+00 5.000000e+00
      vertex   8.030671e+01 4.563886e+00 0.000000e+00
    endloop
  endfacet
  facet normal 4.904235e-01 -8.714842e-01 -1.548067e-16
    outer loop
      vertex   8.030671e+01 4.563886e+00 0.000000e+00
      vertex   8.059485e+01 4.726037e+00 5.000000e+00
      vertex   8.030671e+01 4.563886e+00 5.000000e+00
    endloop
  endfacet
  facet normal 4.317544e-01 -9.019912e-01 -1.602258e-16
    outer loop
      vertex   8.030671e+01 4.563886e+00 0.000000e+00
      vertex   8.030671e+01 4.563886e+00 5.000000e+00
      vertex   8.000848e+01 4.421134e+00 0.000000e+00
    endloop
  endfacet
  facet normal 4.317544e-01 -9.019912e-01 3.204517e-16
    outer loop
      vertex   8.000848e+01 4.421134e+00 0.000000e+00
      vertex   8.030671e+01 4.563886e+00 5.000000e+00
      vertex   8.000848e+01 4.421134e+00 5.000000e+00
    endloop
  endfacet
  facet normal 3.711972e-01 -9.285540e-01 3.298887e-16
    outer loop
      vertex   8.000848e+01 4.421134e+00 0.000000e+00
      vertex   8.000848e+01 4.421134e+00 5.000000e+00
      vertex   7.970147e+01 4.298403e+00 0.000000e+00
    endloop
  endfacet
  facet normal 3.711972e-01 -9.285540e-01 -1.649443e-16
    outer loop
      vertex   7.970147e+01 4.298403e+00 0.000000e+00
      vertex   8.000848e+01 4.421134e+00 5.000000e+00
      vertex   7.970147e+01 4.298403e+00 5.000000e+00
    endloop
  endfacet
  facet normal 3.090170e-01 -9.510565e-01 -1.689416e-16
    outer loop
      vertex   7.970147e+01 4.298403e+00 0.000000e+00
      vertex   7.970147e+01 4.298403e+00 5.000000e+00
      vertex   7.938702e+01 4.196232e+00 0.000000e+00
    endloop
  endfacet
  facet normal 3.090170e-01 -9.510565e-01 0.000000e+00
    outer loop
      vertex   7.938702e+01 4.196232e+00 0.000000e+00
      vertex   7.970147e+01 4.298403e+00 5.000000e+00
      vertex   7.938702e+01 4.196232e+00 5.000000e+00
    endloop
  endfacet
  facet normal 2.454855e-01 -9.694003e-01 0.000000e+00
    outer loop
      vertex   7.938702e+01 4.196232e+00 0.000000e+00
      vertex   7.938702e+01 4.196232e+00 5.000000e+00
      vertex   7.906650e+01 4.115066e+00 0.000000e+00
    endloop
  endfacet
  facet normal 2.454855e-01 -9.694003e-01 -1.722001e-16
    outer loop
      vertex   7.906650e+01 4.115066e+00 0.000000e+00
      vertex   7.938702e+01 4.196232e+00 5.000000e+00
      vertex   7.906650e+01 4.115066e+00 5.000000e+00
    endloop
  endfacet
  facet normal 1.808805e-01 -9.835051e-01 -1.747056e-16
    outer loop
      vertex   7.906650e+01 4.115066e+00 0.000000e+00
      vertex   7.906650e+01 4.115066e+00 5.000000e+00
      vertex   7.874132e+01 4.055261e+00 0.000000e+00
    endloop
  endfacet
  facet normal 1.808805e-01 -9.835051e-01 -1.747056e-16
    outer loop
      vertex   7.874132e+01 4.055261e+00 0.000000e+00
      vertex   7.906650e+01 4.115066e+00 5.000000e+00
      vertex   7.874132e+01 4.055261e+00 5.000000e+00
    endloop
  endfacet
  facet normal 1.154846e-01 -9.933093e-01 -1.764472e-16
    outer loop
      vertex   7.874132e+01 4.055261e+00 0.000000e+00
      vertex   7.874132e+01 4.055261e+00 5.000000e+00
      vertex   7.841290e+01 4.017078e+00 0.000000e+00
    endloop
  endfacet
  facet normal 1.154846e-01 -9.933093e-01 0.000000e+00
    outer loop
      vertex   7.841290e+01 4.017078e+00 0.000000e+00
      vertex   7.874132e+01 4.055261e+00 5.000000e+00
      vertex   7.841290e+01 4.017078e+00 5.000000e+00
    endloop
  endfacet
  facet normal 4.958375e-02 -9.987700e-01 0.000000e+00
    outer loop
      vertex   7.841290e+01 4.017078e+00 0.000000e+00
      vertex   7.841290e+01 4.017078e+00 5.000000e+00
      vertex   7.808267e+01 4.000684e+00 0.000000e+00
    endloop
  endfacet
  facet normal 4.958375e-02 -9.987700e-01 0.000000e+00
    outer loop
      vertex   7.808267e+01 4.000684e+00 0.000000e+00
      vertex   7.841290e+01 4.017078e+00 5.000000e+00
      vertex   7.808267e+01 4.000684e+00 5.000000e+00
    endloop
  endfacet
  facet normal -1.653394e-02 -9.998633e-01 0.000000e+00
    outer loop
      vertex   7.808267e+01 4.000684e+00 0.000000e+00
      vertex   7.808267e+01 4.000684e+00 5.000000e+00
      vertex   7.775208e+01 4.006150e+00 0.000000e+00
    endloop
  endfacet
  facet normal -1.653394e-02 -9.998633e-01 0.000000e+00
    outer loop
      vertex   7.775208e+01 4.006150e+00 0.000000e+00
      vertex   7.808267e+01 4.000684e+00 5.000000e+00
      vertex   7.775208e+01 4.006150e+00 5.000000e+00
    endloop
  endfacet
  facet normal -8.257935e-02 -9.965845e-01 0.000000e+00
    outer loop
      vertex   7.775208e+01 4.006150e+00 0.000000e+00
      vertex   7.775208e+01 4.006150e+00 5.000000e+00
      vertex   7.742258e+01 4.033454e+00 0.000000e+00
    endloop
  endfacet
  facet normal -8.257935e-02 -9.965845e-01 0.000000e+00
    outer loop
      vertex   7.742258e+01 4.033454e+00 0.000000e+00
      vertex   7.775208e+01 4.006150e+00 5.000000e+00
      vertex   7.742258e+01 4.033454e+00 5.000000e+00
    endloop
  endfacet
  facet normal -1.482636e-01 -9.889479e-01 0.000000e+00
    outer loop
      vertex   7.742258e+01 4.033454e+00 0.000000e+00
      vertex   7.742258e+01 4.033454e+00 5.000000e+00
      vertex   7.709560e+01 4.082475e+00 0.000000e+00
    endloop
  endfacet
  facet normal -1.482636e-01 -9.889479e-01 -1.756724e-16
    outer loop
      vertex   7.709560e+01 4.082475e+00 0.000000e+00
      vertex   7.742258e+01 4.033454e+00 5.000000e+00
      vertex   7.709560e+01 4.082475e+00 5.000000e+00
    endloop
  endfacet
  facet normal -2.132996e-01 -9.769868e-01 -1.735477e-16
    outer loop
      vertex   7.709560e+01 4.082475e+00 0.000000e+00
      vertex   7.709560e+01 4.082475e+00 5.000000e+00
      vertex   7.677257e+01 4.152999e+00 0.000000e+00
    endloop
  endfacet
  facet normal -2.132996e-01 -9.769868e-01 1.735477e-16
    outer loop
      vertex   7.677257e+01 4.152999e+00 0.000000e+00
      vertex   7.709560e+01 4.082475e+00 5.000000e+00
      vertex   7.677257e+01 4.152999e+00 5.000000e+00
    endloop
  endfacet
  facet normal -2.774029e-01 -9.607537e-01 1.706641e-16
    outer loop
      vertex   7.677257e+01 4.152999e+00 0.000000e+00
      vertex   7.677257e+01 4.152999e+00 5.000000e+00
      vertex   7.645492e+01 4.244718e+00 0.000000e+00
    endloop
  endfacet
  facet normal -2.774029e-01 -9.607537e-01 -1.706641e-16
    outer loop
      vertex   7.645492e+01 4.244718e+00 0.000000e+00
      vertex   7.677257e+01 4.152999e+00 5.000000e+00
      vertex   7.645492e+01 4.244718e+00 5.000000e+00
    endloop
  endfacet
  facet normal -3.402932e-01 -9.403194e-01 -1.670343e-16
    outer loop
      vertex   7.645492e+01 4.244718e+00 0.000000e+00
      vertex   7.645492e+01 4.244718e+00 5.000000e+00
      vertex   7.614401e+01 4.357230e+00 0.000000e+00
    endloop
  endfacet
  facet normal -3.402932e-01 -9.403194e-01 -3.340686e-16
    outer loop
      vertex   7.614401e+01 4.357230e+00 0.000000e+00
      vertex   7.645492e+01 4.244718e+00 5.000000e+00
      vertex   7.614401e+01 4.357230e+00 5.000000e+00
    endloop
  endfacet
  facet normal -4.016954e-01 -9.157733e-01 -3.253480e-16
    outer loop
      vertex   7.614401e+01 4.357230e+00 0.000000e+00
      vertex   7.614401e+01 4.357230e+00 5.000000e+00
      vertex   7.584123e+01 4.490044e+00 0.000000e+00
    endloop
  endfacet
  facet normal -4.016954e-01 -9.157733e-01 -1.626740e-16
    outer loop
      vertex   7.584123e+01 4.490044e+00 0.000000e+00
      vertex   7.614401e+01 4.357230e+00 5.000000e+00
      vertex   7.584123e+01 4.490044e+00 5.000000e+00
    endloop
  endfacet
  facet normal -4.613412e-01 -8.872228e-01 -1.576024e-16
    outer loop
      vertex   7.584123e+01 4.490044e+00 0.000000e+00
      vertex   7.584123e+01 4.490044e+00 5.000000e+00
      vertex   7.554788e+01 4.642579e+00 0.000000e+00
    endloop
  endfacet
  facet normal -4.613412e-01 -8.872228e-01 0.000000e+00
    outer loop
      vertex   7.554788e+01 4.642579e+00 0.000000e+00
      vertex   7.584123e+01 4.490044e+00 5.000000e+00
      vertex   7.554788e+01 4.642579e+00 5.000000e+00
    endloop
  endfacet
  facet normal -5.189696e-01 -8.547927e-01 0.000000e+00
    outer loop
      vertex   7.554788e+01 4.642579e+00 0.000000e+00
      vertex   7.554788e+01 4.642579e+00 5.000000e+00
      vertex   7.526526e+01 4.814168e+00 0.000000e+00
    endloop
  endfacet
  facet normal -5.189696e-01 -8.547927e-01 -4.555251e-16
    outer loop
      vertex   7.526526e+01 4.814168e+00 0.000000e+00
      vertex   7.554788e+01 4.642579e+00 5.000000e+00
      vertex   7.526526e+01 4.814168e+00 5.000000e+00
    endloop
  endfacet
  facet normal -5.743287e-01 -8.186248e-01 -4.362509e-16
    outer loop
      vertex   7.526526e+01 4.814168e+00 0.000000e+00
      vertex   7.526526e+01 4.814168e+00 5.000000e+00
      vertex   7.499460e+01 5.004060e+00 0.000000e+00
    endloop
  endfacet
  facet normal -5.743287e-01 -8.186248e-01 1.454170e-16
    outer loop
      vertex   7.499460e+01 5.004060e+00 0.000000e+00
      vertex   7.526526e+01 4.814168e+00 5.000000e+00
      vertex   7.499460e+01 5.004060e+00 5.000000e+00
    endloop
  endfacet
  facet normal -6.271764e-01 -7.788773e-01 1.383564e-16
    outer loop
      vertex   7.499460e+01 5.004060e+00 0.000000e+00
      vertex   7.499460e+01 5.004060e+00 5.000000e+00
      vertex   7.473707e+01 5.211426e+00 0.000000e+00
    endloop
  endfacet
  facet normal -6.271764e-01 -7.788773e-01 0.000000e+00
    outer loop
      vertex   7.473707e+01 5.211426e+00 0.000000e+00
      vertex   7.499460e+01 5.004060e+00 5.000000e+00
      vertex   7.473707e+01 5.211426e+00 5.000000e+00
    endloop
  endfacet
  facet normal -6.772816e-01 -7.357239e-01 0.000000e+00
    outer loop
      vertex   7.473707e+01 5.211426e+00 0.000000e+00
      vertex   7.473707e+01 5.211426e+00 5.000000e+00
      vertex   7.449382e+01 5.435358e+00 0.000000e+00
    endloop
  endfacet
  facet normal -6.772816e-01 -7.357239e-01 0.000000e+00
    outer loop
      vertex   7.449382e+01 5.435358e+00 0.000000e+00
      vertex   7.473707e+01 5.211426e+00 5.000000e+00
      vertex   7.449382e+01 5.435358e+00 5.000000e+00
    endloop
  endfacet
  facet normal -7.244252e-01 -6.893534e-01 0.000000e+00
    outer loop
      vertex   7.449382e+01 5.435358e+00 0.000000e+00
      vertex   7.449382e+01 5.435358e+00 5.000000e+00
      vertex   7.426589e+01 5.674877e+00 0.000000e+00
    endloop
  endfacet
  facet normal -7.244252e-01 -6.893534e-01 2.449075e-16
    outer loop
      vertex   7.426589e+01 5.674877e+00 0.000000e+00
      vertex   7.449382e+01 5.435358e+00 5.000000e+00
      vertex   7.426589e+01 5.674877e+00 5.000000e+00
    endloop
  endfacet
  facet normal -7.684011e-01 -6.399685e-01 2.273625e-16
    outer loop
      vertex   7.426589e+01 5.674877e+00 0.000000e+00
      vertex   7.426589e+01 5.674877e+00 5.000000e+00
      vertex   7.405430e+01 5.928937e+00 0.000000e+00
    endloop
  endfacet
  facet normal -7.684011e-01 -6.399685e-01 0.000000e+00
    outer loop
      vertex   7.405430e+01 5.928937e+00 0.000000e+00
      vertex   7.426589e+01 5.674877e+00 5.000000e+00
      vertex   7.405430e+01 5.928937e+00 5.000000e+00
    endloop
  endfacet
  facet normal -8.090170e-01 -5.877853e-01 0.000000e+00
    outer loop
      vertex   7.405430e+01 5.928937e+00 0.000000e+00
      vertex   7.405430e+01 5.928937e+00 5.000000e+00
      vertex   7.385996e+01 6.196425e+00 0.000000e+00
    endloop
  endfacet
  facet normal -8.090170e-01 -5.877853e-01 0.000000e+00
    outer loop
      vertex   7.385996e+01 6.196425e+00 0.000000e+00
      vertex   7.405430e+01 5.928937e+00 5.000000e+00
      vertex   7.385996e+01 6.196425e+00 5.000000e+00
    endloop
  endfacet
  facet normal -8.460953e-01 -5.330317e-01 0.000000e+00
    outer loop
      vertex   7.385996e+01 6.196425e+00 0.000000e+00
      vertex   7.385996e+01 6.196425e+00 5.000000e+00
      vertex   7.368372e+01 6.476172e+00 0.000000e+00
    endloop
  endfacet
  facet normal -8.460953e-01 -5.330317e-01 0.000000e+00
    outer loop
      vertex   7.368372e+01 6.476172e+00 0.000000e+00
      vertex   7.385996e+01 6.196425e+00 5.000000e+00
      vertex   7.368372e+01 6.476172e+00 5.000000e+00
    endloop
  endfacet
  facet normal -8.794738e-01 -4.759474e-01 0.000000e+00
    outer loop
      vertex   7.368372e+01 6.476172e+00 0.000000e+00
      vertex   7.368372e+01 6.476172e+00 5.000000e+00
      vertex   7.352635e+01 6.766956e+00 0.000000e+00
    endloop
  endfacet
  facet normal -8.794738e-01 -4.759474e-01 -2.536357e-16
    outer loop
      vertex   7.352635e+01 6.766956e+00 0.000000e+00
      vertex   7.368372e+01 6.476172e+00 5.000000e+00
      vertex   7.352635e+01 6.766956e+00 5.000000e+00
    endloop
  endfacet
  facet normal -9.090065e-01 -4.167819e-01 -2.221060e-16
    outer loop
      vertex   7.352635e+01 6.766956e+00 0.000000e+00
      vertex   7.352635e+01 6.766956e+00 5.000000e+00
      vertex   7.338855e+01 7.067504e+00 0.000000e+00
    endloop
  endfacet
  facet normal -9.090065e-01 -4.167819e-01 0.000000e+00
    outer loop
      vertex   7.338855e+01 7.067504e+00 0.000000e+00
      vertex   7.352635e+01 6.766956e+00 5.000000e+00
      vertex   7.338855e+01 7.067504e+00 5.000000e+00
    endloop
  endfacet
  facet normal -9.345645e-01 -3.557938e-01 0.000000e+00
    outer loop
      vertex   7.338855e+01 7.067504e+00 0.000000e+00
      vertex   7.338855e+01 7.067504e+00 5.000000e+00
      vertex   7.327091e+01 7.376503e+00 0.000000e+00
    endloop
  endfacet
  facet normal -9.345645e-01 -3.557938e-01 0.000000e+00
    outer loop
      vertex   7.327091e+01 7.376503e+00 0.000000e+00
      vertex   7.338855e+01 7.067504e+00 5.000000e+00
      vertex   7.327091e+01 7.376503e+00 5.000000e+00
    endloop
  endfacet
  facet normal -9.560358e-01 -2.932500e-01 0.000000e+00
    outer loop
      vertex   7.327091e+01 7.376503e+00 0.000000e+00
      vertex   7.327091e+01 7.376503e+00 5.000000e+00
      vertex   7.317396e+01 7.692600e+00 0.000000e+00
    endloop
  endfacet
  facet normal -9.560358e-01 -2.932500e-01 0.000000e+00
    outer loop
      vertex   7.317396e+01 7.692600e+00 0.000000e+00
      vertex   7.327091e+01 7.376503e+00 5.000000e+00
      vertex   7.317396e+01 7.692600e+00 5.000000e+00
    endloop
  endfacet
  facet normal -9.733266e-01 -2.294239e-01 0.000000e+00
    outer loop
      vertex   7.317396e+01 7.692600e+00 0.000000e+00
      vertex   7.317396e+01 7.692600e+00 5.000000e+00
      vertex   7.309810e+01 8.014415e+00 0.000000e+00
    endloop
  endfacet
  facet normal -9.733266e-01 -2.294239e-01 0.000000e+00
    outer loop
      vertex   7.309810e+01 8.014415e+00 0.000000e+00
      vertex   7.317396e+01 7.692600e+00 5.000000e+00
      vertex   7.309810e+01 8.014415e+00 5.000000e+00
    endloop
  endfacet
  facet normal -9.863613e-01 -1.645946e-01 0.000000e+00
    outer loop
      vertex   7.309810e+01 8.014415e+00 0.000000e+00
      vertex   7.309810e+01 8.014415e+00 5.000000e+00
      vertex   7.304368e+01 8.340539e+00 0.000000e+00
    endloop
  endfacet
  facet normal -9.863613e-01 -1.645946e-01 0.000000e+00
    outer loop
      vertex   7.304368e+01 8.340539e+00 0.000000e+00
      vertex   7.309810e+01 8.014415e+00 5.000000e+00
      vertex   7.304368e+01 8.340539e+00 5.000000e+00
    endloop
  endfacet
  facet normal -9.950829e-01 -9.904553e-02 0.000000e+00
    outer loop
      vertex   7.304368e+01 8.340539e+00 0.000000e+00
      vertex   7.304368e+01 8.340539e+00 5.000000e+00
      vertex   7.301093e+01 8.669547e+00 0.000000e+00
    endloop
  endfacet
  facet normal -9.950829e-01 -9.904553e-02 0.000000e+00
    outer loop
      vertex   7.301093e+01 8.669547e+00 0.000000e+00
      vertex   7.304368e+01 8.340539e+00 5.000000e+00
      vertex   7.301093e+01 8.669547e+00 5.000000e+00
    endloop
  endfacet
  facet normal 0.000000e+00 0.000000e+00 1.000000e+00
    outer loop
      vertex   7.646088e+01 8.816677e+00 1.000000e+01
      vertex   7.645000e+01 9.000000e+00 1.000000e+01
      vertex   7.300000e+01 9.000000e+00 1.000000e+01
    endloop
  endfacet
  facet normal 0.000000e+00 0.000000e+00 1.000000e+00
    outer loop
      vertex   7.300000e+01 9.000000e+00 1.000000e+01
      vertex   7.645000e+01 9.000000e+00 1.000000e+01
      vertex   7.646088e+01 9.183324e+00 1.000000e+01
    endloop
  endfacet
  facet normal 0.000000e+00 0.000000e+00 1.000000e+00
    outer loop
      vertex   7.300000e+01 9.000000e+00 1.000000e+01
      vertex   7.646088e+01 9.183324e+00 1.000000e+01
      vertex   7.301093e+01 9.330453e+00 1.000000e+01
    endloop
  endfacet
  facet normal -0.000000e+00 0.000000e+00 1.000000e+00
    outer loop
      vertex   7.301093e+01 9.330453e+00 1.000000e+01
      vertex   7.646088e+01 9.183324e+00 1.000000e+01
      vertex   7.649337e+01 9.364074e+00 1.000000e+01
    endloop
  endfacet
  facet normal 0.000000e+00 0.000000e+00 1.000000e+00
    outer loop
      vertex   7.301093e+01 9.330453e+00 1.000000e+01
      vertex   7.649337e+01 9.364074e+00 1.000000e+01
      vertex   7.654700e+01 9.539713e+00 1.000000e+01
    endloop
  endfacet
  facet normal 0.000000e+00 0.000000e+00 1.000000e+00
    outer loop
      vertex   7.301093e+01 9.330453e+00 1.000000e+01
      vertex   7.654700e+01 9.539713e+00 1.000000e+01
      vertex   7.304368e+01 9.659461e+00 1.000000e+01
    endloop
  endfacet
  facet normal -0.000000e+00 0.000000e+00 1.000000e+00
    outer loop
      vertex   7.304368e+01 9.659461e+00 1.000000e+01
      vertex   7.654700e+01 9.539713e+00 1.000000e+01
      vertex   7.662103e+01 9.707775e+00 1.000000e+01
    endloop
  endfacet
  facet normal 0.000000e+00 0.000000e+00 1.000000e+00
    outer loop
      vertex   7.304368e+01 9.659461e+00 1.000000e+01
      vertex   7.662103e+01 9.707775e+00 1.000000e+01
      vertex   7.671442e+01 9.865903e+00 1.000000e+01
    endloop
  endfacet
  facet normal 0.000000e+00 0.000000e+00 1.000000e+00
    outer loop
      vertex   7.304368e+01 9.659461e+00 1.000000e+01
      vertex   7.671442e+01 9.865903e+00 1.000000e+01
      vertex   7.309810e+01 9.985585e+00 1.000000e+01
    endloop
  endfacet
  facet normal -0.000000e+00 0.000000e+00 1.000000e+00
    outer loop
      vertex   7.309810e+01 9.985585e+00 1.000000e+01
      vertex   7.671442e+01 9.865903e+00 1.000000e+01
      vertex   7.682586e+01 1.001187e+01 1.000000e+01
    endloop
  endfacet
  facet normal 0.000000e+00 0.000000e+00 1.000000e+00
    outer loop
      vertex   7.309810e+01 9.985585e+00 1.000000e+01
      vertex   7.682586e+01 1.001187e+01 1.000000e+01
      vertex   7.695378e+01 1.014364e+01 1.000000e+01
    endloop
  endfacet
  facet normal 0.000000e+00 -0.000000e+00 1.000000e+00
    outer loop
      vertex   7.695378e+01 1.014364e+01 1.000000e+01
      vertex   7.709638e+01 1.025935e+01 1.000000e+01
      vertex   7.309810e+01 9.985585e+00 1.000000e+01
    endloop
  endfacet
  facet normal 0.000000e+00 0.000000e+00 1.000000e+00
    outer loop
      vertex   7.309810e+01 9.985585e+00 1.000000e+01
      vertex   7.709638e+01 1.025935e+01 1.000000e+01
      vertex   7.317396e+01 1.030740e+01 1.000000e+01
    endloop
  endfacet
  facet normal -0.000000e+00 0.000000e+00 1.000000e+00
    outer loop
      vertex   7.317396e+01 1.030740e+01 1.000000e+01
      vertex   7.709638e+01 1.025935e+01 1.000000e+01
      vertex   7.725167e+01 1.035739e+01 1.000000e+01
    endloop
  endfacet
  facet normal 0.000000e+00 0.000000e+00 1.000000e+00
    outer loop
      vertex   7.317396e+01 1.030740e+01 1.000000e+01
      vertex   7.725167e+01 1.035739e+01 1.000000e+01
      vertex   7.741747e+01 1.043637e+01 1.000000e+01
    endloop
  endfacet
  facet normal 0.000000e+00 -0.000000e+00 1.000000e+00
    outer loop
      vertex   7.741747e+01 1.043637e+01 1.000000e+01
      vertex   7.759144e+01 1.049519e+01 1.000000e+01
      vertex   7.317396e+01 1.030740e+01 1.000000e+01
    endloop
  endfacet
  facet normal 0.000000e+00 0.000000e+00 1.000000e+00
    outer loop
      vertex   7.317396e+01 1.030740e+01 1.000000e+01
      vertex   7.759144e+01 1.049519e+01 1.000000e+01
      vertex   7.777115e+01 1.053301e+01 1.000000e+01
    endloop
  endfacet
  facet normal 0.000000e+00 0.000000e+00 1.000000e+00
    outer loop
      vertex   7.317396e+01 1.030740e+01 1.000000e+01
      vertex   7.777115e+01 1.053301e+01 1.000000e+01
      vertex   7.795407e+01 1.054932e+01 1.000000e+01
    endloop
  endfacet
  facet normal 0.000000e+00 0.000000e+00 1.000000e+00
    outer loop
      vertex   7.813763e+01 1.054388e+01 1.000000e+01
      vertex   7.808267e+01 1.399932e+01 1.000000e+01
      vertex   7.795407e+01 1.054932e+01 1.000000e+01
    endloop
  endfacet
  facet normal 0.000000e+00 -0.000000e+00 1.000000e+00
    outer loop
      vertex   7.795407e+01 1.054932e+01 1.000000e+01
      vertex   7.808267e+01 1.399932e+01 1.000000e+01
      vertex   7.775208e+01 1.399385e+01 1.000000e+01
    endloop
  endfacet
  facet normal 0.000000e+00 0.000000e+00 1.000000e+00
    outer loop
      vertex   7.795407e+01 1.054932e+01 1.000000e+01
      vertex   7.775208e+01 1.399385e+01 1.000000e+01
      vertex   7.742258e+01 1.396655e+01 1.000000e+01
    endloop
  endfacet
  facet normal 0.000000e+00 -0.000000e+00 1.000000e+00
    outer loop
      vertex   7.831927e+01 1.051676e+01 1.000000e+01
      vertex   7.874132e+01 1.394474e+01 1.000000e+01
      vertex   7.813763e+01 1.054388e+01 1.000000e+01
    endloop
  endfacet
  facet normal 0.000000e+00 0.000000e+00 1.000000e+00
    outer loop
      vertex   7.813763e+01 1.054388e+01 1.000000e+01
      vertex   7.874132e+01 1.394474e+01 1.000000e+01
      vertex   7.841290e+01 1.398292e+01 1.000000e+01
    endloop
  endfacet
  facet normal 0.000000e+00 -0.000000e+00 1.000000e+00
    outer loop
      vertex   7.813763e+01 1.054388e+01 1.000000e+01
      vertex   7.841290e+01 1.398292e+01 1.000000e+01
      vertex   7.808267e+01 1.399932e+01 1.000000e+01
    endloop
  endfacet
  facet normal 0.000000e+00 -0.000000e+00 1.000000e+00
    outer loop
      vertex   7.849642e+01 1.046836e+01 1.000000e+01
      vertex   7.938702e+01 1.380377e+01 1.000000e+01
      vertex   7.831927e+01 1.051676e+01 1.000000e+01
    endloop
  endfacet
  facet normal 0.000000e+00 0.000000e+00 1.000000e+00
    outer loop
      vertex   7.831927e+01 1.051676e+01 1.000000e+01
      vertex   7.938702e+01 1.380377e+01 1.000000e+01
      vertex   7.906650e+01 1.388493e+01 1.000000e+01
    endloop
  endfacet
  facet normal 0.000000e+00 0.000000e+00 1.000000e+00
    outer loop
      vertex   7.831927e+01 1.051676e+01 1.000000e+01
      vertex   7.906650e+01 1.388493e+01 1.000000e+01
      vertex   7.874132e+01 1.394474e+01 1.000000e+01
    endloop
  endfacet
  facet normal 0.000000e+00 -0.000000e+00 1.000000e+00
    outer loop
      vertex   7.866660e+01 1.039934e+01 1.000000e+01
      vertex   8.000848e+01 1.357887e+01 1.000000e+01
      vertex   7.849642e+01 1.046836e+01 1.000000e+01
    endloop
  endfacet
  facet normal 0.000000e+00 0.000000e+00 1.000000e+00
    outer loop
      vertex   7.849642e+01 1.046836e+01 1.000000e+01
      vertex   8.000848e+01 1.357887e+01 1.000000e+01
      vertex   7.970147e+01 1.370160e+01 1.000000e+01
    endloop
  endfacet
  facet normal 0.000000e+00 0.000000e+00 1.000000e+00
    outer loop
      vertex   7.849642e+01 1.046836e+01 1.000000e+01
      vertex   7.970147e+01 1.370160e+01 1.000000e+01
      vertex   7.938702e+01 1.380377e+01 1.000000e+01
    endloop
  endfacet
  facet normal 0.000000e+00 0.000000e+00 1.000000e+00
    outer loop
      vertex   8.000848e+01 1.357887e+01 1.000000e+01
      vertex   7.866660e+01 1.039934e+01 1.000000e+01
      vertex   8.030671e+01 1.343611e+01 1.000000e+01
    endloop
  endfacet
  facet normal 0.000000e+00 0.000000e+00 1.000000e+00
    outer loop
      vertex   8.030671e+01 1.343611e+01 1.000000e+01
      vertex   7.866660e+01 1.039934e+01 1.000000e+01
      vertex   7.882743e+01 1.031067e+01 1.000000e+01
    endloop
  endfacet
  facet normal 0.000000e+00 0.000000e+00 1.000000e+00
    outer loop
      vertex   8.030671e+01 1.343611e+01 1.000000e+01
      vertex   7.882743e+01 1.031067e+01 1.000000e+01
      vertex   8.059485e+01 1.327396e+01 1.000000e+01
    endloop
  endfacet
  facet normal 0.000000e+00 0.000000e+00 1.000000e+00
    outer loop
      vertex   8.059485e+01 1.327396e+01 1.000000e+01
      vertex   7.882743e+01 1.031067e+01 1.000000e+01
      vertex   8.087164e+01 1.309312e+01 1.000000e+01
    endloop
  endfacet
  facet normal 0.000000e+00 0.000000e+00 1.000000e+00
    outer loop
      vertex   8.087164e+01 1.309312e+01 1.000000e+01
      vertex   7.882743e+01 1.031067e+01 1.000000e+01
      vertex   7.897664e+01 1.020361e+01 1.000000e+01
    endloop
  endfacet
  facet normal 0.000000e+00 0.000000e+00 1.000000e+00
    outer loop
      vertex   8.087164e+01 1.309312e+01 1.000000e+01
      vertex   7.897664e+01 1.020361e+01 1.000000e+01
      vertex   8.113588e+01 1.289439e+01 1.000000e+01
    endloop
  endfacet
  facet normal 0.000000e+00 0.000000e+00 1.000000e+00
    outer loop
      vertex   8.113588e+01 1.289439e+01 1.000000e+01
      vertex   7.897664e+01 1.020361e+01 1.000000e+01
      vertex   8.138641e+01 1.267862e+01 1.000000e+01
    endloop
  endfacet
  facet normal 0.000000e+00 0.000000e+00 1.000000e+00
    outer loop
      vertex   8.138641e+01 1.267862e+01 1.000000e+01
      vertex   7.897664e+01 1.020361e+01 1.000000e+01
      vertex   7.911214e+01 1.007965e+01 1.000000e+01
    endloop
  endfacet
  facet normal 0.000000e+00 0.000000e+00 1.000000e+00
    outer loop
      vertex   8.138641e+01 1.267862e+01 1.000000e+01
      vertex   7.911214e+01 1.007965e+01 1.000000e+01
      vertex   8.162213e+01 1.244677e+01 1.000000e+01
    endloop
  endfacet
  facet normal 0.000000e+00 0.000000e+00 1.000000e+00
    outer loop
      vertex   8.162213e+01 1.244677e+01 1.000000e+01
      vertex   7.911214e+01 1.007965e+01 1.000000e+01
      vertex   8.184201e+01 1.219984e+01 1.000000e+01
    endloop
  endfacet
  facet normal 0.000000e+00 0.000000e+00 1.000000e+00
    outer loop
      vertex   8.184201e+01 1.219984e+01 1.000000e+01
      vertex   7.911214e+01 1.007965e+01 1.000000e+01
      vertex   7.923203e+01 9.940540e+00 1.000000e+01
    endloop
  endfacet
  facet normal 0.000000e+00 0.000000e+00 1.000000e+00
    outer loop
      vertex   8.184201e+01 1.219984e+01 1.000000e+01
      vertex   7.923203e+01 9.940540e+00 1.000000e+01
      vertex   8.204509e+01 1.193893e+01 1.000000e+01
    endloop
  endfacet
  facet normal 0.000000e+00 0.000000e+00 1.000000e+00
    outer loop
      vertex   8.204509e+01 1.193893e+01 1.000000e+01
      vertex   7.923203e+01 9.940540e+00 1.000000e+01
      vertex   8.223048e+01 1.166516e+01 1.000000e+01
    endloop
  endfacet
  facet normal 0.000000e+00 0.000000e+00 1.000000e+00
    outer loop
      vertex   8.223048e+01 1.166516e+01 1.000000e+01
      vertex   7.923203e+01 9.940540e+00 1.000000e+01
      vertex   7.933462e+01 9.788223e+00 1.000000e+01
    endloop
  endfacet
  facet normal 0.000000e+00 0.000000e+00 1.000000e+00
    outer loop
      vertex   8.223048e+01 1.166516e+01 1.000000e+01
      vertex   7.933462e+01 9.788223e+00 1.000000e+01
      vertex   8.239737e+01 1.137974e+01 1.000000e+01
    endloop
  endfacet
  facet normal 0.000000e+00 0.000000e+00 1.000000e+00
    outer loop
      vertex   8.239737e+01 1.137974e+01 1.000000e+01
      vertex   7.933462e+01 9.788223e+00 1.000000e+01
      vertex   7.941848e+01 9.624841e+00 1.000000e+01
    endloop
  endfacet
  facet normal 0.000000e+00 0.000000e+00 1.000000e+00
    outer loop
      vertex   8.239737e+01 1.137974e+01 1.000000e+01
      vertex   7.941848e+01 9.624841e+00 1.000000e+01
      vertex   8.254503e+01 1.108391e+01 1.000000e+01
    endloop
  endfacet
  facet normal 0.000000e+00 0.000000e+00 1.000000e+00
    outer loop
      vertex   8.254503e+01 1.108391e+01 1.000000e+01
      vertex   7.941848e+01 9.624841e+00 1.000000e+01
      vertex   8.267282e+01 1.077897e+01 1.000000e+01
    endloop
  endfacet
  facet normal 0.000000e+00 0.000000e+00 1.000000e+00
    outer loop
      vertex   8.267282e+01 1.077897e+01 1.000000e+01
      vertex   7.941848e+01 9.624841e+00 1.000000e+01
      vertex   7.948242e+01 9.452688e+00 1.000000e+01
    endloop
  endfacet
  facet normal 0.000000e+00 0.000000e+00 1.000000e+00
    outer loop
      vertex   8.267282e+01 1.077897e+01 1.000000e+01
      vertex   7.948242e+01 9.452688e+00 1.000000e+01
      vertex   8.278018e+01 1.046625e+01 1.000000e+01
    endloop
  endfacet
  facet normal 0.000000e+00 0.000000e+00 1.000000e+00
    outer loop
      vertex   8.278018e+01 1.046625e+01 1.000000e+01
      vertex   7.948242e+01 9.452688e+00 1.000000e+01
      vertex   8.286663e+01 1.014712e+01 1.000000e+01
    endloop
  endfacet
  facet normal 0.000000e+00 0.000000e+00 1.000000e+00
    outer loop
      vertex   8.286663e+01 1.014712e+01 1.000000e+01
      vertex   7.948242e+01 9.452688e+00 1.000000e+01
      vertex   7.952556e+01 9.274180e+00 1.000000e+01
    endloop
  endfacet
  facet normal 0.000000e+00 0.000000e+00 1.000000e+00
    outer loop
      vertex   8.286663e+01 1.014712e+01 1.000000e+01
      vertex   7.952556e+01 9.274180e+00 1.000000e+01
      vertex   8.293181e+01 9.822973e+00 1.000000e+01
    endloop
  endfacet
  facet normal 0.000000e+00 0.000000e+00 1.000000e+00
    outer loop
      vertex   8.293181e+01 9.822973e+00 1.000000e+01
      vertex   7.952556e+01 9.274180e+00 1.000000e+01
      vertex   8.297542e+01 9.495228e+00 1.000000e+01
    endloop
  endfacet
  facet normal 0.000000e+00 0.000000e+00 1.000000e+00
    outer loop
      vertex   8.297542e+01 9.495228e+00 1.000000e+01
      vertex   7.952556e+01 9.274180e+00 1.000000e+01
      vertex   7.954728e+01 9.091823e+00 1.000000e+01
    endloop
  endfacet
  facet normal 0.000000e+00 0.000000e+00 1.000000e+00
    outer loop
      vertex   8.297542e+01 9.495228e+00 1.000000e+01
      vertex   7.954728e+01 9.091823e+00 1.000000e+01
      vertex   8.299727e+01 9.165317e+00 1.000000e+01
    endloop
  endfacet
  facet normal 0.000000e+00 0.000000e+00 1.000000e+00
    outer loop
      vertex   8.299727e+01 9.165317e+00 1.000000e+01
      vertex   7.954728e+01 9.091823e+00 1.000000e+01
      vertex   8.299727e+01 8.834683e+00 1.000000e+01
    endloop
  endfacet
  facet normal 0.000000e+00 0.000000e+00 1.000000e+00
    outer loop
      vertex   8.299727e+01 8.834683e+00 1.000000e+01
      vertex   7.954728e+01 9.091823e+00 1.000000e+01
      vertex   7.954728e+01 8.908177e+00 1.000000e+01
    endloop
  endfacet
  facet normal 0.000000e+00 0.000000e+00 1.000000e+00
    outer loop
      vertex   8.299727e+01 8.834683e+00 1.000000e+01
      vertex   7.954728e+01 8.908177e+00 1.000000e+01
      vertex   8.297542e+01 8.504772e+00 1.000000e+01
    endloop
  endfacet
  facet normal 0.000000e+00 0.000000e+00 1.000000e+00
    outer loop
      vertex   8.297542e+01 8.504772e+00 1.000000e+01
      vertex   7.954728e+01 8.908177e+00 1.000000e+01
      vertex   7.952556e+01 8.725820e+00 1.000000e+01
    endloop
  endfacet
  facet normal 0.000000e+00 0.000000e+00 1.000000e+00
    outer loop
      vertex   8.297542e+01 8.504772e+00 1.000000e+01
      vertex   7.952556e+01 8.725820e+00 1.000000e+01
      vertex   8.293181e+01 8.177027e+00 1.000000e+01
    endloop
  endfacet
  facet normal 0.000000e+00 0.000000e+00 1.000000e+00
    outer loop
      vertex   8.293181e+01 8.177027e+00 1.000000e+01
      vertex   7.952556e+01 8.725820e+00 1.000000e+01
      vertex   8.286663e+01 7.852881e+00 1.000000e+01
    endloop
  endfacet
  facet normal 0.000000e+00 0.000000e+00 1.000000e+00
    outer loop
      vertex   8.286663e+01 7.852881e+00 1.000000e+01
      vertex   7.952556e+01 8.725820e+00 1.000000e+01
      vertex   7.948242e+01 8.547312e+00 1.000000e+01
    endloop
  endfacet
  facet normal 0.000000e+00 0.000000e+00 1.000000e+00
    outer loop
      vertex   8.286663e+01 7.852881e+00 1.000000e+01
      vertex   7.948242e+01 8.547312e+00 1.000000e+01
      vertex   8.278018e+01 7.533750e+00 1.000000e+01
    endloop
  endfacet
  facet normal 0.000000e+00 0.000000e+00 1.000000e+00
    outer loop
      vertex   8.278018e+01 7.533750e+00 1.000000e+01
      vertex   7.948242e+01 8.547312e+00 1.000000e+01
      vertex   8.267282e+01 7.221031e+00 1.000000e+01
    endloop
  endfacet
  facet normal 0.000000e+00 0.000000e+00 1.000000e+00
    outer loop
      vertex   8.267282e+01 7.221031e+00 1.000000e+01
      vertex   7.948242e+01 8.547312e+00 1.000000e+01
      vertex   7.941848e+01 8.375159e+00 1.000000e+01
    endloop
  endfacet
  facet normal 0.000000e+00 0.000000e+00 1.000000e+00
    outer loop
      vertex   8.267282e+01 7.221031e+00 1.000000e+01
      vertex   7.941848e+01 8.375159e+00 1.000000e+01
      vertex   8.254503e+01 6.916091e+00 1.000000e+01
    endloop
  endfacet
  facet normal 0.000000e+00 0.000000e+00 1.000000e+00
    outer loop
      vertex   8.254503e+01 6.916091e+00 1.000000e+01
      vertex   7.941848e+01 8.375159e+00 1.000000e+01
      vertex   8.239737e+01 6.620263e+00 1.000000e+01
    endloop
  endfacet
  facet normal 0.000000e+00 0.000000e+00 1.000000e+00
    outer loop
      vertex   8.239737e+01 6.620263e+00 1.000000e+01
      vertex   7.941848e+01 8.375159e+00 1.000000e+01
      vertex   7.933462e+01 8.211777e+00 1.000000e+01
    endloop
  endfacet
  facet normal 0.000000e+00 0.000000e+00 1.000000e+00
    outer loop
      vertex   8.239737e+01 6.620263e+00 1.000000e+01
      vertex   7.933462e+01 8.211777e+00 1.000000e+01
      vertex   8.223048e+01 6.334841e+00 1.000000e+01
    endloop
  endfacet
  facet normal 0.000000e+00 0.000000e+00 1.000000e+00
    outer loop
      vertex   8.223048e+01 6.334841e+00 1.000000e+01
      vertex   7.933462e+01 8.211777e+00 1.000000e+01
      vertex   7.923203e+01 8.059460e+00 1.000000e+01
    endloop
  endfacet
  facet normal 0.000000e+00 0.000000e+00 1.000000e+00
    outer loop
      vertex   8.223048e+01 6.334841e+00 1.000000e+01
      vertex   7.923203e+01 8.059460e+00 1.000000e+01
      vertex   8.204509e+01 6.061074e+00 1.000000e+01
    endloop
  endfacet
  facet normal 0.000000e+00 0.000000e+00 1.000000e+00
    outer loop
      vertex   8.204509e+01 6.061074e+00 1.000000e+01
      vertex   7.923203e+01 8.059460e+00 1.000000e+01
      vertex   8.184201e+01 5.800157e+00 1.000000e+01
    endloop
  endfacet
  facet normal 0.000000e+00 0.000000e+00 1.000000e+00
    outer loop
      vertex   8.184201e+01 5.800157e+00 1.000000e+01
      vertex   7.923203e+01 8.059460e+00 1.000000e+01
      vertex   7.911214e+01 7.920346e+00 1.000000e+01
    endloop
  endfacet
  facet normal 0.000000e+00 0.000000e+00 1.000000e+00
    outer loop
      vertex   8.184201e+01 5.800157e+00 1.000000e+01
      vertex   7.911214e+01 7.920346e+00 1.000000e+01
      vertex   8.162213e+01 5.553233e+00 1.000000e+01
    endloop
  endfacet
  facet normal 0.000000e+00 0.000000e+00 1.000000e+00
    outer loop
      vertex   8.162213e+01 5.553233e+00 1.000000e+01
      vertex   7.911214e+01 7.920346e+00 1.000000e+01
      vertex   7.897664e+01 7.796388e+00 1.000000e+01
    endloop
  endfacet
  facet normal 0.000000e+00 0.000000e+00 1.000000e+00
    outer loop
      vertex   8.162213e+01 5.553233e+00 1.000000e+01
      vertex   7.897664e+01 7.796388e+00 1.000000e+01
      vertex   7.882743e+01 7.689326e+00 1.000000e+01
    endloop
  endfacet
  facet normal 0.000000e+00 0.000000e+00 1.000000e+00
    outer loop
      vertex   7.882743e+01 7.689326e+00 1.000000e+01
      vertex   7.866660e+01 7.600663e+00 1.000000e+01
      vertex   8.162213e+01 5.553233e+00 1.000000e+01
    endloop
  endfacet
  facet normal 0.000000e+00 0.000000e+00 1.000000e+00
    outer loop
      vertex   8.162213e+01 5.553233e+00 1.000000e+01
      vertex   7.866660e+01 7.600663e+00 1.000000e+01
      vertex   7.849642e+01 7.531644e+00 1.000000e+01
    endloop
  endfacet
  facet normal 0.000000e+00 0.000000e+00 1.000000e+00
    outer loop
      vertex   8.162213e+01 5.553233e+00 1.000000e+01
      vertex   7.849642e+01 7.531644e+00 1.000000e+01
      vertex   7.831927e+01 7.483238e+00 1.000000e+01
    endloop
  endfacet
  facet normal 0.000000e+00 0.000000e+00 1.000000e+00
    outer loop
      vertex   7.831927e+01 7.483238e+00 1.000000e+01
      vertex   7.813763e+01 7.456123e+00 1.000000e+01
      vertex   8.162213e+01 5.553233e+00 1.000000e+01
    endloop
  endfacet
  facet normal 0.000000e+00 0.000000e+00 1.000000e+00
    outer loop
      vertex   8.162213e+01 5.553233e+00 1.000000e+01
      vertex   7.813763e+01 7.456123e+00 1.000000e+01
      vertex   7.795407e+01 7.450681e+00 1.000000e+01
    endloop
  endfacet
  facet normal 0.000000e+00 0.000000e+00 1.000000e+00
    outer loop
      vertex   8.162213e+01 5.553233e+00 1.000000e+01
      vertex   7.795407e+01 7.450681e+00 1.000000e+01
      vertex   7.426589e+01 5.674877e+00 1.000000e+01
    endloop
  endfacet
  facet normal 0.000000e+00 -0.000000e+00 1.000000e+00
    outer loop
      vertex   7.426589e+01 5.674877e+00 1.000000e+01
      vertex   7.795407e+01 7.450681e+00 1.000000e+01
      vertex   7.405430e+01 5.928937e+00 1.000000e+01
    endloop
  endfacet
  facet normal 0.000000e+00 -0.000000e+00 1.000000e+00
    outer loop
      vertex   7.405430e+01 5.928937e+00 1.000000e+01
      vertex   7.795407e+01 7.450681e+00 1.000000e+01
      vertex   7.385996e+01 6.196425e+00 1.000000e+01
    endloop
  endfacet
  facet normal 0.000000e+00 -0.000000e+00 1.000000e+00
    outer loop
      vertex   7.385996e+01 6.196425e+00 1.000000e+01
      vertex   7.795407e+01 7.450681e+00 1.000000e+01
      vertex   7.368372e+01 6.476172e+00 1.000000e+01
    endloop
  endfacet
  facet normal 0.000000e+00 -0.000000e+00 1.000000e+00
    outer loop
      vertex   7.368372e+01 6.476172e+00 1.000000e+01
      vertex   7.795407e+01 7.450681e+00 1.000000e+01
      vertex   7.352635e+01 6.766956e+00 1.000000e+01
    endloop
  endfacet
  facet normal 0.000000e+00 -0.000000e+00 1.000000e+00
    outer loop
      vertex   7.352635e+01 6.766956e+00 1.000000e+01
      vertex   7.795407e+01 7.450681e+00 1.000000e+01
      vertex   7.338855e+01 7.067504e+00 1.000000e+01
    endloop
  endfacet
  facet normal 0.000000e+00 -0.000000e+00 1.000000e+00
    outer loop
      vertex   7.338855e+01 7.067504e+00 1.000000e+01
      vertex   7.795407e+01 7.450681e+00 1.000000e+01
      vertex   7.327091e+01 7.376503e+00 1.000000e+01
    endloop
  endfacet
  facet normal 0.000000e+00 0.000000e+00 1.000000e+00
    outer loop
      vertex   7.327091e+01 7.376503e+00 1.000000e+01
      vertex   7.795407e+01 7.450681e+00 1.000000e+01
      vertex   7.777115e+01 7.466988e+00 1.000000e+01
    endloop
  endfacet
  facet normal 0.000000e+00 0.000000e+00 1.000000e+00
    outer loop
      vertex   7.327091e+01 7.376503e+00 1.000000e+01
      vertex   7.777115e+01 7.466988e+00 1.000000e+01
      vertex   7.759144e+01 7.504815e+00 1.000000e+01
    endloop
  endfacet
  facet normal 0.000000e+00 0.000000e+00 1.000000e+00
    outer loop
      vertex   7.759144e+01 7.504815e+00 1.000000e+01
      vertex   7.741747e+01 7.563631e+00 1.000000e+01
      vertex   7.327091e+01 7.376503e+00 1.000000e+01
    endloop
  endfacet
  facet normal 0.000000e+00 0.000000e+00 1.000000e+00
    outer loop
      vertex   7.327091e+01 7.376503e+00 1.000000e+01
      vertex   7.741747e+01 7.563631e+00 1.000000e+01
      vertex   7.725167e+01 7.642611e+00 1.000000e+01
    endloop
  endfacet
  facet normal 0.000000e+00 -0.000000e+00 1.000000e+00
    outer loop
      vertex   7.327091e+01 7.376503e+00 1.000000e+01
      vertex   7.725167e+01 7.642611e+00 1.000000e+01
      vertex   7.317396e+01 7.692600e+00 1.000000e+01
    endloop
  endfacet
  facet normal -0.000000e+00 0.000000e+00 1.000000e+00
    outer loop
      vertex   7.317396e+01 7.692600e+00 1.000000e+01
      vertex   7.725167e+01 7.642611e+00 1.000000e+01
      vertex   7.709638e+01 7.740645e+00 1.000000e+01
    endloop
  endfacet
  facet normal 0.000000e+00 0.000000e+00 1.000000e+00
    outer loop
      vertex   7.317396e+01 7.692600e+00 1.000000e+01
      vertex   7.709638e+01 7.740645e+00 1.000000e+01
      vertex   7.695378e+01 7.856359e+00 1.000000e+01
    endloop
  endfacet
  facet normal 0.000000e+00 0.000000e+00 1.000000e+00
    outer loop
      vertex   7.695378e+01 7.856359e+00 1.000000e+01
      vertex   7.682586e+01 7.988126e+00 1.000000e+01
      vertex   7.317396e+01 7.692600e+00 1.000000e+01
    endloop
  endfacet
  facet normal 0.000000e+00 -0.000000e+00 1.000000e+00
    outer loop
      vertex   7.317396e+01 7.692600e+00 1.000000e+01
      vertex   7.682586e+01 7.988126e+00 1.000000e+01
      vertex   7.309810e+01 8.014415e+00 1.000000e+01
    endloop
  endfacet
  facet normal -0.000000e+00 0.000000e+00 1.000000e+00
    outer loop
      vertex   7.309810e+01 8.014415e+00 1.000000e+01
      vertex   7.682586e+01 7.988126e+00 1.000000e+01
      vertex   7.671442e+01 8.134098e+00 1.000000e+01
    endloop
  endfacet
  facet normal 0.000000e+00 0.000000e+00 1.000000e+00
    outer loop
      vertex   7.309810e+01 8.014415e+00 1.000000e+01
      vertex   7.671442e+01 8.134098e+00 1.000000e+01
      vertex   7.662103e+01 8.292225e+00 1.000000e+01
    endloop
  endfacet
  facet normal 0.000000e+00 -0.000000e+00 1.000000e+00
    outer loop
      vertex   7.309810e+01 8.014415e+00 1.000000e+01
      vertex   7.662103e+01 8.292225e+00 1.000000e+01
      vertex   7.304368e+01 8.340539e+00 1.000000e+01
    endloop
  endfacet
  facet normal -0.000000e+00 0.000000e+00 1.000000e+00
    outer loop
      vertex   7.304368e+01 8.340539e+00 1.000000e+01
      vertex   7.662103e+01 8.292225e+00 1.000000e+01
      vertex   7.654700e+01 8.460288e+00 1.000000e+01
    endloop
  endfacet
  facet normal 0.000000e+00 0.000000e+00 1.000000e+00
    outer loop
      vertex   7.304368e+01 8.340539e+00 1.000000e+01
      vertex   7.654700e+01 8.460288e+00 1.000000e+01
      vertex   7.649337e+01 8.635927e+00 1.000000e+01
    endloop
  endfacet
  facet normal 0.000000e+00 -0.000000e+00 1.000000e+00
    outer loop
      vertex   7.304368e+01 8.340539e+00 1.000000e+01
      vertex   7.649337e+01 8.635927e+00 1.000000e+01
      vertex   7.301093e+01 8.669547e+00 1.000000e+01
    endloop
  endfacet
  facet normal -0.000000e+00 0.000000e+00 1.000000e+00
    outer loop
      vertex   7.301093e+01 8.669547e+00 1.000000e+01
      vertex   7.649337e+01 8.635927e+00 1.000000e+01
      vertex   7.646088e+01 8.816677e+00 1.000000e+01
    endloop
  endfacet
  facet normal 0.000000e+00 -0.000000e+00 1.000000e+00
    outer loop
      vertex   7.301093e+01 8.669547e+00 1.000000e+01
      vertex   7.646088e+01 8.816677e+00 1.000000e+01
      vertex   7.300000e+01 9.000000e+00 1.000000e+01
    endloop
  endfacet
  facet normal 0.000000e+00 0.000000e+00 1.000000e+00
    outer loop
      vertex   7.426589e+01 5.674877e+00 1.000000e+01
      vertex   7.449382e+01 5.435358e+00 1.000000e+01
      vertex   8.162213e+01 5.553233e+00 1.000000e+01
    endloop
  endfacet
  facet normal 0.000000e+00 0.000000e+00 1.000000e+00
    outer loop
      vertex   8.162213e+01 5.553233e+00 1.000000e+01
      vertex   7.449382e+01 5.435358e+00 1.000000e+01
      vertex   8.138641e+01 5.321381e+00 1.000000e+01
    endloop
  endfacet
  facet normal 0.000000e+00 0.000000e+00 1.000000e+00
    outer loop
      vertex   8.138641e+01 5.321381e+00 1.000000e+01
      vertex   7.449382e+01 5.435358e+00 1.000000e+01
      vertex   7.473707e+01 5.211426e+00 1.000000e+01
    endloop
  endfacet
  facet normal 0.000000e+00 0.000000e+00 1.000000e+00
    outer loop
      vertex   8.138641e+01 5.321381e+00 1.000000e+01
      vertex   7.473707e+01 5.211426e+00 1.000000e+01
      vertex   8.113588e+01 5.105614e+00 1.000000e+01
    endloop
  endfacet
  facet normal 0.000000e+00 0.000000e+00 1.000000e+00
    outer loop
      vertex   8.113588e+01 5.105614e+00 1.000000e+01
      vertex   7.473707e+01 5.211426e+00 1.000000e+01
      vertex   7.499460e+01 5.004060e+00 1.000000e+01
    endloop
  endfacet
  facet normal 0.000000e+00 0.000000e+00 1.000000e+00
    outer loop
      vertex   8.113588e+01 5.105614e+00 1.000000e+01
      vertex   7.499460e+01 5.004060e+00 1.000000e+01
      vertex   8.087164e+01 4.906876e+00 1.000000e+01
    endloop
  endfacet
  facet normal 0.000000e+00 0.000000e+00 1.000000e+00
    outer loop
      vertex   8.087164e+01 4.906876e+00 1.000000e+01
      vertex   7.499460e+01 5.004060e+00 1.000000e+01
      vertex   7.526526e+01 4.814168e+00 1.000000e+01
    endloop
  endfacet
  facet normal 0.000000e+00 0.000000e+00 1.000000e+00
    outer loop
      vertex   8.087164e+01 4.906876e+00 1.000000e+01
      vertex   7.526526e+01 4.814168e+00 1.000000e+01
      vertex   8.059485e+01 4.726037e+00 1.000000e+01
    endloop
  endfacet
  facet normal 0.000000e+00 0.000000e+00 1.000000e+00
    outer loop
      vertex   8.059485e+01 4.726037e+00 1.000000e+01
      vertex   7.526526e+01 4.814168e+00 1.000000e+01
      vertex   7.554788e+01 4.642579e+00 1.000000e+01
    endloop
  endfacet
  facet normal 0.000000e+00 0.000000e+00 1.000000e+00
    outer loop
      vertex   8.059485e+01 4.726037e+00 1.000000e+01
      vertex   7.554788e+01 4.642579e+00 1.000000e+01
      vertex   8.030671e+01 4.563886e+00 1.000000e+01
    endloop
  endfacet
  facet normal 0.000000e+00 0.000000e+00 1.000000e+00
    outer loop
      vertex   8.030671e+01 4.563886e+00 1.000000e+01
      vertex   7.554788e+01 4.642579e+00 1.000000e+01
      vertex   7.584123e+01 4.490044e+00 1.000000e+01
    endloop
  endfacet
  facet normal 0.000000e+00 0.000000e+00 1.000000e+00
    outer loop
      vertex   8.030671e+01 4.563886e+00 1.000000e+01
      vertex   7.584123e+01 4.490044e+00 1.000000e+01
      vertex   8.000848e+01 4.421134e+00 1.000000e+01
    endloop
  endfacet
  facet normal 0.000000e+00 0.000000e+00 1.000000e+00
    outer loop
      vertex   8.000848e+01 4.421134e+00 1.000000e+01
      vertex   7.584123e+01 4.490044e+00 1.000000e+01
      vertex   7.614401e+01 4.357230e+00 1.000000e+01
    endloop
  endfacet
  facet normal 0.000000e+00 0.000000e+00 1.000000e+00
    outer loop
      vertex   8.000848e+01 4.421134e+00 1.000000e+01
      vertex   7.614401e+01 4.357230e+00 1.000000e+01
      vertex   7.970147e+01 4.298403e+00 1.000000e+01
    endloop
  endfacet
  facet normal 0.000000e+00 0.000000e+00 1.000000e+00
    outer loop
      vertex   7.970147e+01 4.298403e+00 1.000000e+01
      vertex   7.614401e+01 4.357230e+00 1.000000e+01
      vertex   7.645492e+01 4.244718e+00 1.000000e+01
    endloop
  endfacet
  facet normal 0.000000e+00 0.000000e+00 1.000000e+00
    outer loop
      vertex   7.970147e+01 4.298403e+00 1.000000e+01
      vertex   7.645492e+01 4.244718e+00 1.000000e+01
      vertex   7.938702e+01 4.196232e+00 1.000000e+01
    endloop
  endfacet
  facet normal 0.000000e+00 0.000000e+00 1.000000e+00
    outer loop
      vertex   7.938702e+01 4.196232e+00 1.000000e+01
      vertex   7.645492e+01 4.244718e+00 1.000000e+01
      vertex   7.677257e+01 4.152999e+00 1.000000e+01
    endloop
  endfacet
  facet normal 0.000000e+00 0.000000e+00 1.000000e+00
    outer loop
      vertex   7.938702e+01 4.196232e+00 1.000000e+01
      vertex   7.677257e+01 4.152999e+00 1.000000e+01
      vertex   7.906650e+01 4.115066e+00 1.000000e+01
    endloop
  endfacet
  facet normal 0.000000e+00 0.000000e+00 1.000000e+00
    outer loop
      vertex   7.906650e+01 4.115066e+00 1.000000e+01
      vertex   7.677257e+01 4.152999e+00 1.000000e+01
      vertex   7.709560e+01 4.082475e+00 1.000000e+01
    endloop
  endfacet
  facet normal 0.000000e+00 0.000000e+00 1.000000e+00
    outer loop
      vertex   7.906650e+01 4.115066e+00 1.000000e+01
      vertex   7.709560e+01 4.082475e+00 1.000000e+01
      vertex   7.874132e+01 4.055261e+00 1.000000e+01
    endloop
  endfacet
  facet normal 0.000000e+00 0.000000e+00 1.000000e+00
    outer loop
      vertex   7.874132e+01 4.055261e+00 1.000000e+01
      vertex   7.709560e+01 4.082475e+00 1.000000e+01
      vertex   7.742258e+01 4.033454e+00 1.000000e+01
    endloop
  endfacet
  facet normal 0.000000e+00 0.000000e+00 1.000000e+00
    outer loop
      vertex   7.874132e+01 4.055261e+00 1.000000e+01
      vertex   7.742258e+01 4.033454e+00 1.000000e+01
      vertex   7.841290e+01 4.017078e+00 1.000000e+01
    endloop
  endfacet
  facet normal 0.000000e+00 0.000000e+00 1.000000e+00
    outer loop
      vertex   7.841290e+01 4.017078e+00 1.000000e+01
      vertex   7.742258e+01 4.033454e+00 1.000000e+01
      vertex   7.775208e+01 4.006150e+00 1.000000e+01
    endloop
  endfacet
  facet normal 0.000000e+00 0.000000e+00 1.000000e+00
    outer loop
      vertex   7.841290e+01 4.017078e+00 1.000000e+01
      vertex   7.775208e+01 4.006150e+00 1.000000e+01
      vertex   7.808267e+01 4.000684e+00 1.000000e+01
    endloop
  endfacet
  facet normal 0.000000e+00 0.000000e+00 1.000000e+00
    outer loop
      vertex   7.742258e+01 1.396655e+01 1.000000e+01
      vertex   7.709560e+01 1.391753e+01 1.000000e+01
      vertex   7.795407e+01 1.054932e+01 1.000000e+01
    endloop
  endfacet
  facet normal 0.000000e+00 0.000000e+00 1.000000e+00
    outer loop
      vertex   7.795407e+01 1.054932e+01 1.000000e+01
      vertex   7.709560e+01 1.391753e+01 1.000000e+01
      vertex   7.677257e+01 1.384700e+01 1.000000e+01
    endloop
  endfacet
  facet normal 0.000000e+00 0.000000e+00 1.000000e+00
    outer loop
      vertex   7.795407e+01 1.054932e+01 1.000000e+01
      vertex   7.677257e+01 1.384700e+01 1.000000e+01
      vertex   7.645492e+01 1.375528e+01 1.000000e+01
    endloop
  endfacet
  facet normal 0.000000e+00 0.000000e+00 1.000000e+00
    outer loop
      vertex   7.645492e+01 1.375528e+01 1.000000e+01
      vertex   7.614401e+01 1.364277e+01 1.000000e+01
      vertex   7.795407e+01 1.054932e+01 1.000000e+01
    endloop
  endfacet
  facet normal 0.000000e+00 0.000000e+00 1.000000e+00
    outer loop
      vertex   7.795407e+01 1.054932e+01 1.000000e+01
      vertex   7.614401e+01 1.364277e+01 1.000000e+01
      vertex   7.584123e+01 1.350996e+01 1.000000e+01
    endloop
  endfacet
  facet normal 0.000000e+00 0.000000e+00 1.000000e+00
    outer loop
      vertex   7.795407e+01 1.054932e+01 1.000000e+01
      vertex   7.584123e+01 1.350996e+01 1.000000e+01
      vertex   7.554788e+01 1.335742e+01 1.000000e+01
    endloop
  endfacet
  facet normal 0.000000e+00 0.000000e+00 1.000000e+00
    outer loop
      vertex   7.554788e+01 1.335742e+01 1.000000e+01
      vertex   7.526526e+01 1.318583e+01 1.000000e+01
      vertex   7.795407e+01 1.054932e+01 1.000000e+01
    endloop
  endfacet
  facet normal 0.000000e+00 0.000000e+00 1.000000e+00
    outer loop
      vertex   7.795407e+01 1.054932e+01 1.000000e+01
      vertex   7.526526e+01 1.318583e+01 1.000000e+01
      vertex   7.499460e+01 1.299594e+01 1.000000e+01
    endloop
  endfacet
  facet normal 0.000000e+00 0.000000e+00 1.000000e+00
    outer loop
      vertex   7.795407e+01 1.054932e+01 1.000000e+01
      vertex   7.499460e+01 1.299594e+01 1.000000e+01
      vertex   7.473707e+01 1.278857e+01 1.000000e+01
    endloop
  endfacet
  facet normal 0.000000e+00 0.000000e+00 1.000000e+00
    outer loop
      vertex   7.473707e+01 1.278857e+01 1.000000e+01
      vertex   7.449382e+01 1.256464e+01 1.000000e+01
      vertex   7.795407e+01 1.054932e+01 1.000000e+01
    endloop
  endfacet
  facet normal 0.000000e+00 0.000000e+00 1.000000e+00
    outer loop
      vertex   7.795407e+01 1.054932e+01 1.000000e+01
      vertex   7.449382e+01 1.256464e+01 1.000000e+01
      vertex   7.426589e+01 1.232512e+01 1.000000e+01
    endloop
  endfacet
  facet normal 0.000000e+00 0.000000e+00 1.000000e+00
    outer loop
      vertex   7.795407e+01 1.054932e+01 1.000000e+01
      vertex   7.426589e+01 1.232512e+01 1.000000e+01
      vertex   7.405430e+01 1.207106e+01 1.000000e+01
    endloop
  endfacet
  facet normal 0.000000e+00 0.000000e+00 1.000000e+00
    outer loop
      vertex   7.405430e+01 1.207106e+01 1.000000e+01
      vertex   7.385996e+01 1.180358e+01 1.000000e+01
      vertex   7.795407e+01 1.054932e+01 1.000000e+01
    endloop
  endfacet
  facet normal 0.000000e+00 0.000000e+00 1.000000e+00
    outer loop
      vertex   7.795407e+01 1.054932e+01 1.000000e+01
      vertex   7.385996e+01 1.180358e+01 1.000000e+01
      vertex   7.368372e+01 1.152383e+01 1.000000e+01
    endloop
  endfacet
  facet normal 0.000000e+00 0.000000e+00 1.000000e+00
    outer loop
      vertex   7.795407e+01 1.054932e+01 1.000000e+01
      vertex   7.368372e+01 1.152383e+01 1.000000e+01
      vertex   7.352635e+01 1.123304e+01 1.000000e+01
    endloop
  endfacet
  facet normal 0.000000e+00 0.000000e+00 1.000000e+00
    outer loop
      vertex   7.352635e+01 1.123304e+01 1.000000e+01
      vertex   7.338855e+01 1.093250e+01 1.000000e+01
      vertex   7.795407e+01 1.054932e+01 1.000000e+01
    endloop
  endfacet
  facet normal 0.000000e+00 0.000000e+00 1.000000e+00
    outer loop
      vertex   7.795407e+01 1.054932e+01 1.000000e+01
      vertex   7.338855e+01 1.093250e+01 1.000000e+01
      vertex   7.327091e+01 1.062350e+01 1.000000e+01
    endloop
  endfacet
  facet normal 0.000000e+00 0.000000e+00 1.000000e+00
    outer loop
      vertex   7.795407e+01 1.054932e+01 1.000000e+01
      vertex   7.327091e+01 1.062350e+01 1.000000e+01
      vertex   7.317396e+01 1.030740e+01 1.000000e+01
    endloop
  endfacet
  facet normal -0.000000e+00 0.000000e+00 -1.000000e+00
    outer loop
      vertex   7.646088e+01 8.816677e+00 0.000000e+00
      vertex   7.301093e+01 8.669547e+00 0.000000e+00
      vertex   7.645000e+01 9.000000e+00 0.000000e+00
    endloop
  endfacet
  facet normal 0.000000e+00 0.000000e+00 -1.000000e+00
    outer loop
      vertex   7.645000e+01 9.000000e+00 0.000000e+00
      vertex   7.301093e+01 8.669547e+00 0.000000e+00
      vertex   7.300000e+01 9.000000e+00 0.000000e+00
    endloop
  endfacet
  facet normal -0.000000e+00 0.000000e+00 -1.000000e+00
    outer loop
      vertex   7.645000e+01 9.000000e+00 0.000000e+00
      vertex   7.300000e+01 9.000000e+00 0.000000e+00
      vertex   7.646088e+01 9.183324e+00 0.000000e+00
    endloop
  endfacet
  facet normal -0.000000e+00 0.000000e+00 -1.000000e+00
    outer loop
      vertex   7.646088e+01 9.183324e+00 0.000000e+00
      vertex   7.300000e+01 9.000000e+00 0.000000e+00
      vertex   7.301093e+01 9.330453e+00 0.000000e+00
    endloop
  endfacet
  facet normal 0.000000e+00 0.000000e+00 -1.000000e+00
    outer loop
      vertex   7.646088e+01 9.183324e+00 0.000000e+00
      vertex   7.301093e+01 9.330453e+00 0.000000e+00
      vertex   7.649337e+01 9.364074e+00 0.000000e+00
    endloop
  endfacet
  facet normal -0.000000e+00 0.000000e+00 -1.000000e+00
    outer loop
      vertex   7.649337e+01 9.364074e+00 0.000000e+00
      vertex   7.301093e+01 9.330453e+00 0.000000e+00
      vertex   7.654700e+01 9.539713e+00 0.000000e+00
    endloop
  endfacet
  facet normal -0.000000e+00 0.000000e+00 -1.000000e+00
    outer loop
      vertex   7.654700e+01 9.539713e+00 0.000000e+00
      vertex   7.301093e+01 9.330453e+00 0.000000e+00
      vertex   7.304368e+01 9.659461e+00 0.000000e+00
    endloop
  endfacet
  facet normal 0.000000e+00 0.000000e+00 -1.000000e+00
    outer loop
      vertex   7.654700e+01 9.539713e+00 0.000000e+00
      vertex   7.304368e+01 9.659461e+00 0.000000e+00
      vertex   7.662103e+01 9.707775e+00 0.000000e+00
    endloop
  endfacet
  facet normal -0.000000e+00 0.000000e+00 -1.000000e+00
    outer loop
      vertex   7.662103e+01 9.707775e+00 0.000000e+00
      vertex   7.304368e+01 9.659461e+00 0.000000e+00
      vertex   7.671442e+01 9.865903e+00 0.000000e+00
    endloop
  endfacet
  facet normal -0.000000e+00 0.000000e+00 -1.000000e+00
    outer loop
      vertex   7.671442e+01 9.865903e+00 0.000000e+00
      vertex   7.304368e+01 9.659461e+00 0.000000e+00
      vertex   7.309810e+01 9.985585e+00 0.000000e+00
    endloop
  endfacet
  facet normal 0.000000e+00 0.000000e+00 -1.000000e+00
    outer loop
      vertex   7.671442e+01 9.865903e+00 0.000000e+00
      vertex   7.309810e+01 9.985585e+00 0.000000e+00
      vertex   7.682586e+01 1.001187e+01 0.000000e+00
    endloop
  endfacet
  facet normal -0.000000e+00 0.000000e+00 -1.000000e+00
    outer loop
      vertex   7.682586e+01 1.001187e+01 0.000000e+00
      vertex   7.309810e+01 9.985585e+00 0.000000e+00
      vertex   7.695378e+01 1.014364e+01 0.000000e+00
    endloop
  endfacet
  facet normal -0.000000e+00 0.000000e+00 -1.000000e+00
    outer loop
      vertex   7.695378e+01 1.014364e+01 0.000000e+00
      vertex   7.309810e+01 9.985585e+00 0.000000e+00
      vertex   7.709638e+01 1.025935e+01 0.000000e+00
    endloop
  endfacet
  facet normal -0.000000e+00 0.000000e+00 -1.000000e+00
    outer loop
      vertex   7.709638e+01 1.025935e+01 0.000000e+00
      vertex   7.309810e+01 9.985585e+00 0.000000e+00
      vertex   7.317396e+01 1.030740e+01 0.000000e+00
    endloop
  endfacet
  facet normal 0.000000e+00 0.000000e+00 -1.000000e+00
    outer loop
      vertex   7.709638e+01 1.025935e+01 0.000000e+00
      vertex   7.317396e+01 1.030740e+01 0.000000e+00
      vertex   7.725167e+01 1.035739e+01 0.000000e+00
    endloop
  endfacet
  facet normal -0.000000e+00 0.000000e+00 -1.000000e+00
    outer loop
      vertex   7.725167e+01 1.035739e+01 0.000000e+00
      vertex   7.317396e+01 1.030740e+01 0.000000e+00
      vertex   7.741747e+01 1.043637e+01 0.000000e+00
    endloop
  endfacet
  facet normal -0.000000e+00 0.000000e+00 -1.000000e+00
    outer loop
      vertex   7.741747e+01 1.043637e+01 0.000000e+00
      vertex   7.317396e+01 1.030740e+01 0.000000e+00
      vertex   7.759144e+01 1.049519e+01 0.000000e+00
    endloop
  endfacet
  facet normal -0.000000e+00 0.000000e+00 -1.000000e+00
    outer loop
      vertex   7.759144e+01 1.049519e+01 0.000000e+00
      vertex   7.317396e+01 1.030740e+01 0.000000e+00
      vertex   7.777115e+01 1.053301e+01 0.000000e+00
    endloop
  endfacet
  facet normal -0.000000e+00 0.000000e+00 -1.000000e+00
    outer loop
      vertex   7.777115e+01 1.053301e+01 0.000000e+00
      vertex   7.317396e+01 1.030740e+01 0.000000e+00
      vertex   7.795407e+01 1.054932e+01 0.000000e+00
    endloop
  endfacet
  facet normal -0.000000e+00 0.000000e+00 -1.000000e+00
    outer loop
      vertex   7.795407e+01 1.054932e+01 0.000000e+00
      vertex   7.317396e+01 1.030740e+01 0.000000e+00
      vertex   7.327091e+01 1.062350e+01 0.000000e+00
    endloop
  endfacet
  facet normal 0.000000e+00 0.000000e+00 -1.000000e+00
    outer loop
      vertex   7.795407e+01 1.054932e+01 0.000000e+00
      vertex   7.327091e+01 1.062350e+01 0.000000e+00
      vertex   7.338855e+01 1.093250e+01 0.000000e+00
    endloop
  endfacet
  facet normal 0.000000e+00 -0.000000e+00 -1.000000e+00
    outer loop
      vertex   7.646088e+01 8.816677e+00 0.000000e+00
      vertex   7.649337e+01 8.635927e+00 0.000000e+00
      vertex   7.301093e+01 8.669547e+00 0.000000e+00
    endloop
  endfacet
  facet normal 0.000000e+00 0.000000e+00 -1.000000e+00
    outer loop
      vertex   7.301093e+01 8.669547e+00 0.000000e+00
      vertex   7.649337e+01 8.635927e+00 0.000000e+00
      vertex   7.304368e+01 8.340539e+00 0.000000e+00
    endloop
  endfacet
  facet normal 0.000000e+00 0.000000e+00 -1.000000e+00
    outer loop
      vertex   7.304368e+01 8.340539e+00 0.000000e+00
      vertex   7.649337e+01 8.635927e+00 0.000000e+00
      vertex   7.654700e+01 8.460288e+00 0.000000e+00
    endloop
  endfacet
  facet normal 0.000000e+00 0.000000e+00 -1.000000e+00
    outer loop
      vertex   7.304368e+01 8.340539e+00 0.000000e+00
      vertex   7.654700e+01 8.460288e+00 0.000000e+00
      vertex   7.662103e+01 8.292225e+00 0.000000e+00
    endloop
  endfacet
  facet normal 0.000000e+00 0.000000e+00 -1.000000e+00
    outer loop
      vertex   7.304368e+01 8.340539e+00 0.000000e+00
      vertex   7.662103e+01 8.292225e+00 0.000000e+00
      vertex   7.309810e+01 8.014415e+00 0.000000e+00
    endloop
  endfacet
  facet normal 0.000000e+00 0.000000e+00 -1.000000e+00
    outer loop
      vertex   7.309810e+01 8.014415e+00 0.000000e+00
      vertex   7.662103e+01 8.292225e+00 0.000000e+00
      vertex   7.671442e+01 8.134098e+00 0.000000e+00
    endloop
  endfacet
  facet normal 0.000000e+00 0.000000e+00 -1.000000e+00
    outer loop
      vertex   7.309810e+01 8.014415e+00 0.000000e+00
      vertex   7.671442e+01 8.134098e+00 0.000000e+00
      vertex   7.682586e+01 7.988126e+00 0.000000e+00
    endloop
  endfacet
  facet normal 0.000000e+00 0.000000e+00 -1.000000e+00
    outer loop
      vertex   7.309810e+01 8.014415e+00 0.000000e+00
      vertex   7.682586e+01 7.988126e+00 0.000000e+00
      vertex   7.317396e+01 7.692600e+00 0.000000e+00
    endloop
  endfacet
  facet normal 0.000000e+00 0.000000e+00 -1.000000e+00
    outer loop
      vertex   7.317396e+01 7.692600e+00 0.000000e+00
      vertex   7.682586e+01 7.988126e+00 0.000000e+00
      vertex   7.695378e+01 7.856359e+00 0.000000e+00
    endloop
  endfacet
  facet normal 0.000000e+00 0.000000e+00 -1.000000e+00
    outer loop
      vertex   7.317396e+01 7.692600e+00 0.000000e+00
      vertex   7.695378e+01 7.856359e+00 0.000000e+00
      vertex   7.709638e+01 7.740645e+00 0.000000e+00
    endloop
  endfacet
  facet normal 0.000000e+00 -0.000000e+00 -1.000000e+00
    outer loop
      vertex   7.709638e+01 7.740645e+00 0.000000e+00
      vertex   7.725167e+01 7.642611e+00 0.000000e+00
      vertex   7.317396e+01 7.692600e+00 0.000000e+00
    endloop
  endfacet
  facet normal 0.000000e+00 0.000000e+00 -1.000000e+00
    outer loop
      vertex   7.317396e+01 7.692600e+00 0.000000e+00
      vertex   7.725167e+01 7.642611e+00 0.000000e+00
      vertex   7.327091e+01 7.376503e+00 0.000000e+00
    endloop
  endfacet
  facet normal 0.000000e+00 0.000000e+00 -1.000000e+00
    outer loop
      vertex   7.327091e+01 7.376503e+00 0.000000e+00
      vertex   7.725167e+01 7.642611e+00 0.000000e+00
      vertex   7.741747e+01 7.563631e+00 0.000000e+00
    endloop
  endfacet
  facet normal 0.000000e+00 0.000000e+00 -1.000000e+00
    outer loop
      vertex   7.327091e+01 7.376503e+00 0.000000e+00
      vertex   7.741747e+01 7.563631e+00 0.000000e+00
      vertex   7.759144e+01 7.504815e+00 0.000000e+00
    endloop
  endfacet
  facet normal 0.000000e+00 -0.000000e+00 -1.000000e+00
    outer loop
      vertex   7.759144e+01 7.504815e+00 0.000000e+00
      vertex   7.777115e+01 7.466988e+00 0.000000e+00
      vertex   7.327091e+01 7.376503e+00 0.000000e+00
    endloop
  endfacet
  facet normal 0.000000e+00 0.000000e+00 -1.000000e+00
    outer loop
      vertex   7.327091e+01 7.376503e+00 0.000000e+00
      vertex   7.777115e+01 7.466988e+00 0.000000e+00
      vertex   7.795407e+01 7.450681e+00 0.000000e+00
    endloop
  endfacet
  facet normal 0.000000e+00 0.000000e+00 -1.000000e+00
    outer loop
      vertex   7.327091e+01 7.376503e+00 0.000000e+00
      vertex   7.795407e+01 7.450681e+00 0.000000e+00
      vertex   7.338855e+01 7.067504e+00 0.000000e+00
    endloop
  endfacet
  facet normal 0.000000e+00 0.000000e+00 -1.000000e+00
    outer loop
      vertex   7.338855e+01 7.067504e+00 0.000000e+00
      vertex   7.795407e+01 7.450681e+00 0.000000e+00
      vertex   7.352635e+01 6.766956e+00 0.000000e+00
    endloop
  endfacet
  facet normal 0.000000e+00 0.000000e+00 -1.000000e+00
    outer loop
      vertex   7.352635e+01 6.766956e+00 0.000000e+00
      vertex   7.795407e+01 7.450681e+00 0.000000e+00
      vertex   7.368372e+01 6.476172e+00 0.000000e+00
    endloop
  endfacet
  facet normal 0.000000e+00 0.000000e+00 -1.000000e+00
    outer loop
      vertex   7.368372e+01 6.476172e+00 0.000000e+00
      vertex   7.795407e+01 7.450681e+00 0.000000e+00
      vertex   7.385996e+01 6.196425e+00 0.000000e+00
    endloop
  endfacet
  facet normal 0.000000e+00 0.000000e+00 -1.000000e+00
    outer loop
      vertex   7.385996e+01 6.196425e+00 0.000000e+00
      vertex   7.795407e+01 7.450681e+00 0.000000e+00
      vertex   7.405430e+01 5.928937e+00 0.000000e+00
    endloop
  endfacet
  facet normal 0.000000e+00 0.000000e+00 -1.000000e+00
    outer loop
      vertex   7.405430e+01 5.928937e+00 0.000000e+00
      vertex   7.795407e+01 7.450681e+00 0.000000e+00
      vertex   7.426589e+01 5.674877e+00 0.000000e+00
    endloop
  endfacet
  facet normal 0.000000e+00 0.000000e+00 -1.000000e+00
    outer loop
      vertex   7.426589e+01 5.674877e+00 0.000000e+00
      vertex   7.795407e+01 7.450681e+00 0.000000e+00
      vertex   8.162213e+01 5.553233e+00 0.000000e+00
    endloop
  endfacet
  facet normal 0.000000e+00 0.000000e+00 -1.000000e+00
    outer loop
      vertex   7.426589e+01 5.674877e+00 0.000000e+00
      vertex   8.162213e+01 5.553233e+00 0.000000e+00
      vertex   7.449382e+01 5.435358e+00 0.000000e+00
    endloop
  endfacet
  facet normal 0.000000e+00 0.000000e+00 -1.000000e+00
    outer loop
      vertex   7.449382e+01 5.435358e+00 0.000000e+00
      vertex   8.162213e+01 5.553233e+00 0.000000e+00
      vertex   8.138641e+01 5.321381e+00 0.000000e+00
    endloop
  endfacet
  facet normal 0.000000e+00 0.000000e+00 -1.000000e+00
    outer loop
      vertex   7.449382e+01 5.435358e+00 0.000000e+00
      vertex   8.138641e+01 5.321381e+00 0.000000e+00
      vertex   7.473707e+01 5.211426e+00 0.000000e+00
    endloop
  endfacet
  facet normal 0.000000e+00 0.000000e+00 -1.000000e+00
    outer loop
      vertex   7.473707e+01 5.211426e+00 0.000000e+00
      vertex   8.138641e+01 5.321381e+00 0.000000e+00
      vertex   8.113588e+01 5.105614e+00 0.000000e+00
    endloop
  endfacet
  facet normal 0.000000e+00 0.000000e+00 -1.000000e+00
    outer loop
      vertex   7.473707e+01 5.211426e+00 0.000000e+00
      vertex   8.113588e+01 5.105614e+00 0.000000e+00
      vertex   7.499460e+01 5.004060e+00 0.000000e+00
    endloop
  endfacet
  facet normal 0.000000e+00 0.000000e+00 -1.000000e+00
    outer loop
      vertex   7.499460e+01 5.004060e+00 0.000000e+00
      vertex   8.113588e+01 5.105614e+00 0.000000e+00
      vertex   8.087164e+01 4.906876e+00 0.000000e+00
    endloop
  endfacet
  facet normal 0.000000e+00 0.000000e+00 -1.000000e+00
    outer loop
      vertex   7.499460e+01 5.004060e+00 0.000000e+00
      vertex   8.087164e+01 4.906876e+00 0.000000e+00
      vertex   7.526526e+01 4.814168e+00 0.000000e+00
    endloop
  endfacet
  facet normal 0.000000e+00 0.000000e+00 -1.000000e+00
    outer loop
      vertex   7.526526e+01 4.814168e+00 0.000000e+00
      vertex   8.087164e+01 4.906876e+00 0.000000e+00
      vertex   8.059485e+01 4.726037e+00 0.000000e+00
    endloop
  endfacet
  facet normal 0.000000e+00 0.000000e+00 -1.000000e+00
    outer loop
      vertex   7.526526e+01 4.814168e+00 0.000000e+00
      vertex   8.059485e+01 4.726037e+00 0.000000e+00
      vertex   7.554788e+01 4.642579e+00 0.000000e+00
    endloop
  endfacet
  facet normal 0.000000e+00 0.000000e+00 -1.000000e+00
    outer loop
      vertex   7.554788e+01 4.642579e+00 0.000000e+00
      vertex   8.059485e+01 4.726037e+00 0.000000e+00
      vertex   8.030671e+01 4.563886e+00 0.000000e+00
    endloop
  endfacet
  facet normal 0.000000e+00 0.000000e+00 -1.000000e+00
    outer loop
      vertex   7.554788e+01 4.642579e+00 0.000000e+00
      vertex   8.030671e+01 4.563886e+00 0.000000e+00
      vertex   7.584123e+01 4.490044e+00 0.000000e+00
    endloop
  endfacet
  facet normal 0.000000e+00 0.000000e+00 -1.000000e+00
    outer loop
      vertex   7.584123e+01 4.490044e+00 0.000000e+00
      vertex   8.030671e+01 4.563886e+00 0.000000e+00
      vertex   8.000848e+01 4.421134e+00 0.000000e+00
    endloop
  endfacet
  facet normal 0.000000e+00 0.000000e+00 -1.000000e+00
    outer loop
      vertex   7.584123e+01 4.490044e+00 0.000000e+00
      vertex   8.000848e+01 4.421134e+00 0.000000e+00
      vertex   7.614401e+01 4.357230e+00 0.000000e+00
    endloop
  endfacet
  facet normal 0.000000e+00 0.000000e+00 -1.000000e+00
    outer loop
      vertex   7.614401e+01 4.357230e+00 0.000000e+00
      vertex   8.000848e+01 4.421134e+00 0.000000e+00
      vertex   7.970147e+01 4.298403e+00 0.000000e+00
    endloop
  endfacet
  facet normal 0.000000e+00 0.000000e+00 -1.000000e+00
    outer loop
      vertex   7.614401e+01 4.357230e+00 0.000000e+00
      vertex   7.970147e+01 4.298403e+00 0.000000e+00
      vertex   7.645492e+01 4.244718e+00 0.000000e+00
    endloop
  endfacet
  facet normal 0.000000e+00 0.000000e+00 -1.000000e+00
    outer loop
      vertex   7.645492e+01 4.244718e+00 0.000000e+00
      vertex   7.970147e+01 4.298403e+00 0.000000e+00
      vertex   7.938702e+01 4.196232e+00 0.000000e+00
    endloop
  endfacet
  facet normal 0.000000e+00 0.000000e+00 -1.000000e+00
    outer loop
      vertex   7.645492e+01 4.244718e+00 0.000000e+00
      vertex   7.938702e+01 4.196232e+00 0.000000e+00
      vertex   7.677257e+01 4.152999e+00 0.000000e+00
    endloop
  endfacet
  facet normal 0.000000e+00 0.000000e+00 -1.000000e+00
    outer loop
      vertex   7.677257e+01 4.152999e+00 0.000000e+00
      vertex   7.938702e+01 4.196232e+00 0.000000e+00
      vertex   7.906650e+01 4.115066e+00 0.000000e+00
    endloop
  endfacet
  facet normal 0.000000e+00 0.000000e+00 -1.000000e+00
    outer loop
      vertex   7.677257e+01 4.152999e+00 0.000000e+00
      vertex   7.906650e+01 4.115066e+00 0.000000e+00
      vertex   7.709560e+01 4.082475e+00 0.000000e+00
    endloop
  endfacet
  facet normal 0.000000e+00 0.000000e+00 -1.000000e+00
    outer loop
      vertex   7.709560e+01 4.082475e+00 0.000000e+00
      vertex   7.906650e+01 4.115066e+00 0.000000e+00
      vertex   7.874132e+01 4.055261e+00 0.000000e+00
    endloop
  endfacet
  facet normal 0.000000e+00 0.000000e+00 -1.000000e+00
    outer loop
      vertex   7.709560e+01 4.082475e+00 0.000000e+00
      vertex   7.874132e+01 4.055261e+00 0.000000e+00
      vertex   7.742258e+01 4.033454e+00 0.000000e+00
    endloop
  endfacet
  facet normal 0.000000e+00 0.000000e+00 -1.000000e+00
    outer loop
      vertex   7.742258e+01 4.033454e+00 0.000000e+00
      vertex   7.874132e+01 4.055261e+00 0.000000e+00
      vertex   7.841290e+01 4.017078e+00 0.000000e+00
    endloop
  endfacet
  facet normal 0.000000e+00 0.000000e+00 -1.000000e+00
    outer loop
      vertex   7.742258e+01 4.033454e+00 0.000000e+00
      vertex   7.841290e+01 4.017078e+00 0.000000e+00
      vertex   7.775208e+01 4.006150e+00 0.000000e+00
    endloop
  endfacet
  facet normal 0.000000e+00 0.000000e+00 -1.000000e+00
    outer loop
      vertex   7.775208e+01 4.006150e+00 0.000000e+00
      vertex   7.841290e+01 4.017078e+00 0.000000e+00
      vertex   7.808267e+01 4.000684e+00 0.000000e+00
    endloop
  endfacet
  facet normal 0.000000e+00 0.000000e+00 -1.000000e+00
    outer loop
      vertex   7.795407e+01 7.450681e+00 0.000000e+00
      vertex   7.813763e+01 7.456123e+00 0.000000e+00
      vertex   8.162213e+01 5.553233e+00 0.000000e+00
    endloop
  endfacet
  facet normal 0.000000e+00 0.000000e+00 -1.000000e+00
    outer loop
      vertex   8.162213e+01 5.553233e+00 0.000000e+00
      vertex   7.813763e+01 7.456123e+00 0.000000e+00
      vertex   7.831927e+01 7.483238e+00 0.000000e+00
    endloop
  endfacet
  facet normal 0.000000e+00 0.000000e+00 -1.000000e+00
    outer loop
      vertex   8.162213e+01 5.553233e+00 0.000000e+00
      vertex   7.831927e+01 7.483238e+00 0.000000e+00
      vertex   7.849642e+01 7.531644e+00 0.000000e+00
    endloop
  endfacet
  facet normal 0.000000e+00 0.000000e+00 -1.000000e+00
    outer loop
      vertex   7.849642e+01 7.531644e+00 0.000000e+00
      vertex   7.866660e+01 7.600663e+00 0.000000e+00
      vertex   8.162213e+01 5.553233e+00 0.000000e+00
    endloop
  endfacet
  facet normal 0.000000e+00 0.000000e+00 -1.000000e+00
    outer loop
      vertex   8.162213e+01 5.553233e+00 0.000000e+00
      vertex   7.866660e+01 7.600663e+00 0.000000e+00
      vertex   7.882743e+01 7.689326e+00 0.000000e+00
    endloop
  endfacet
  facet normal 0.000000e+00 0.000000e+00 -1.000000e+00
    outer loop
      vertex   8.162213e+01 5.553233e+00 0.000000e+00
      vertex   7.882743e+01 7.689326e+00 0.000000e+00
      vertex   7.897664e+01 7.796388e+00 0.000000e+00
    endloop
  endfacet
  facet normal 0.000000e+00 0.000000e+00 -1.000000e+00
    outer loop
      vertex   7.897664e+01 7.796388e+00 0.000000e+00
      vertex   7.911214e+01 7.920346e+00 0.000000e+00
      vertex   8.162213e+01 5.553233e+00 0.000000e+00
    endloop
  endfacet
  facet normal 0.000000e+00 0.000000e+00 -1.000000e+00
    outer loop
      vertex   8.162213e+01 5.553233e+00 0.000000e+00
      vertex   7.911214e+01 7.920346e+00 0.000000e+00
      vertex   8.184201e+01 5.800157e+00 0.000000e+00
    endloop
  endfacet
  facet normal 0.000000e+00 0.000000e+00 -1.000000e+00
    outer loop
      vertex   8.184201e+01 5.800157e+00 0.000000e+00
      vertex   7.911214e+01 7.920346e+00 0.000000e+00
      vertex   7.923203e+01 8.059460e+00 0.000000e+00
    endloop
  endfacet
  facet normal 0.000000e+00 0.000000e+00 -1.000000e+00
    outer loop
      vertex   8.184201e+01 5.800157e+00 0.000000e+00
      vertex   7.923203e+01 8.059460e+00 0.000000e+00
      vertex   8.204509e+01 6.061074e+00 0.000000e+00
    endloop
  endfacet
  facet normal 0.000000e+00 0.000000e+00 -1.000000e+00
    outer loop
      vertex   8.204509e+01 6.061074e+00 0.000000e+00
      vertex   7.923203e+01 8.059460e+00 0.000000e+00
      vertex   8.223048e+01 6.334841e+00 0.000000e+00
    endloop
  endfacet
  facet normal 0.000000e+00 0.000000e+00 -1.000000e+00
    outer loop
      vertex   8.223048e+01 6.334841e+00 0.000000e+00
      vertex   7.923203e+01 8.059460e+00 0.000000e+00
      vertex   7.933462e+01 8.211777e+00 0.000000e+00
    endloop
  endfacet
  facet normal 0.000000e+00 0.000000e+00 -1.000000e+00
    outer loop
      vertex   8.223048e+01 6.334841e+00 0.000000e+00
      vertex   7.933462e+01 8.211777e+00 0.000000e+00
      vertex   8.239737e+01 6.620263e+00 0.000000e+00
    endloop
  endfacet
  facet normal 0.000000e+00 0.000000e+00 -1.000000e+00
    outer loop
      vertex   8.239737e+01 6.620263e+00 0.000000e+00
      vertex   7.933462e+01 8.211777e+00 0.000000e+00
      vertex   7.941848e+01 8.375159e+00 0.000000e+00
    endloop
  endfacet
  facet normal 0.000000e+00 0.000000e+00 -1.000000e+00
    outer loop
      vertex   8.239737e+01 6.620263e+00 0.000000e+00
      vertex   7.941848e+01 8.375159e+00 0.000000e+00
      vertex   8.254503e+01 6.916091e+00 0.000000e+00
    endloop
  endfacet
  facet normal 0.000000e+00 0.000000e+00 -1.000000e+00
    outer loop
      vertex   8.254503e+01 6.916091e+00 0.000000e+00
      vertex   7.941848e+01 8.375159e+00 0.000000e+00
      vertex   8.267282e+01 7.221031e+00 0.000000e+00
    endloop
  endfacet
  facet normal 0.000000e+00 0.000000e+00 -1.000000e+00
    outer loop
      vertex   8.267282e+01 7.221031e+00 0.000000e+00
      vertex   7.941848e+01 8.375159e+00 0.000000e+00
      vertex   7.948242e+01 8.547312e+00 0.000000e+00
    endloop
  endfacet
  facet normal 0.000000e+00 0.000000e+00 -1.000000e+00
    outer loop
      vertex   8.267282e+01 7.221031e+00 0.000000e+00
      vertex   7.948242e+01 8.547312e+00 0.000000e+00
      vertex   8.278018e+01 7.533750e+00 0.000000e+00
    endloop
  endfacet
  facet normal 0.000000e+00 0.000000e+00 -1.000000e+00
    outer loop
      vertex   8.278018e+01 7.533750e+00 0.000000e+00
      vertex   7.948242e+01 8.547312e+00 0.000000e+00
      vertex   8.286663e+01 7.852881e+00 0.000000e+00
    endloop
  endfacet
  facet normal 0.000000e+00 0.000000e+00 -1.000000e+00
    outer loop
      vertex   8.286663e+01 7.852881e+00 0.000000e+00
      vertex   7.948242e+01 8.547312e+00 0.000000e+00
      vertex   7.952556e+01 8.725820e+00 0.000000e+00
    endloop
  endfacet
  facet normal 0.000000e+00 0.000000e+00 -1.000000e+00
    outer loop
      vertex   8.286663e+01 7.852881e+00 0.000000e+00
      vertex   7.952556e+01 8.725820e+00 0.000000e+00
      vertex   8.293181e+01 8.177027e+00 0.000000e+00
    endloop
  endfacet
  facet normal 0.000000e+00 0.000000e+00 -1.000000e+00
    outer loop
      vertex   8.293181e+01 8.177027e+00 0.000000e+00
      vertex   7.952556e+01 8.725820e+00 0.000000e+00
      vertex   8.297542e+01 8.504772e+00 0.000000e+00
    endloop
  endfacet
  facet normal 0.000000e+00 0.000000e+00 -1.000000e+00
    outer loop
      vertex   8.297542e+01 8.504772e+00 0.000000e+00
      vertex   7.952556e+01 8.725820e+00 0.000000e+00
      vertex   7.954728e+01 8.908177e+00 0.000000e+00
    endloop
  endfacet
  facet normal 0.000000e+00 0.000000e+00 -1.000000e+00
    outer loop
      vertex   8.297542e+01 8.504772e+00 0.000000e+00
      vertex   7.954728e+01 8.908177e+00 0.000000e+00
      vertex   8.299727e+01 8.834683e+00 0.000000e+00
    endloop
  endfacet
  facet normal 0.000000e+00 0.000000e+00 -1.000000e+00
    outer loop
      vertex   8.299727e+01 8.834683e+00 0.000000e+00
      vertex   7.954728e+01 8.908177e+00 0.000000e+00
      vertex   7.954728e+01 9.091823e+00 0.000000e+00
    endloop
  endfacet
  facet normal 0.000000e+00 0.000000e+00 -1.000000e+00
    outer loop
      vertex   8.299727e+01 8.834683e+00 0.000000e+00
      vertex   7.954728e+01 9.091823e+00 0.000000e+00
      vertex   8.299727e+01 9.165317e+00 0.000000e+00
    endloop
  endfacet
  facet normal -0.000000e+00 0.000000e+00 -1.000000e+00
    outer loop
      vertex   8.299727e+01 9.165317e+00 0.000000e+00
      vertex   7.954728e+01 9.091823e+00 0.000000e+00
      vertex   8.297542e+01 9.495228e+00 0.000000e+00
    endloop
  endfacet
  facet normal 0.000000e+00 0.000000e+00 -1.000000e+00
    outer loop
      vertex   8.297542e+01 9.495228e+00 0.000000e+00
      vertex   7.954728e+01 9.091823e+00 0.000000e+00
      vertex   7.952556e+01 9.274180e+00 0.000000e+00
    endloop
  endfacet
  facet normal -0.000000e+00 0.000000e+00 -1.000000e+00
    outer loop
      vertex   8.297542e+01 9.495228e+00 0.000000e+00
      vertex   7.952556e+01 9.274180e+00 0.000000e+00
      vertex   8.293181e+01 9.822973e+00 0.000000e+00
    endloop
  endfacet
  facet normal -0.000000e+00 0.000000e+00 -1.000000e+00
    outer loop
      vertex   8.293181e+01 9.822973e+00 0.000000e+00
      vertex   7.952556e+01 9.274180e+00 0.000000e+00
      vertex   8.286663e+01 1.014712e+01 0.000000e+00
    endloop
  endfacet
  facet normal 0.000000e+00 0.000000e+00 -1.000000e+00
    outer loop
      vertex   8.286663e+01 1.014712e+01 0.000000e+00
      vertex   7.952556e+01 9.274180e+00 0.000000e+00
      vertex   7.948242e+01 9.452688e+00 0.000000e+00
    endloop
  endfacet
  facet normal -0.000000e+00 0.000000e+00 -1.000000e+00
    outer loop
      vertex   8.286663e+01 1.014712e+01 0.000000e+00
      vertex   7.948242e+01 9.452688e+00 0.000000e+00
      vertex   8.278018e+01 1.046625e+01 0.000000e+00
    endloop
  endfacet
  facet normal -0.000000e+00 0.000000e+00 -1.000000e+00
    outer loop
      vertex   8.278018e+01 1.046625e+01 0.000000e+00
      vertex   7.948242e+01 9.452688e+00 0.000000e+00
      vertex   8.267282e+01 1.077897e+01 0.000000e+00
    endloop
  endfacet
  facet normal 0.000000e+00 0.000000e+00 -1.000000e+00
    outer loop
      vertex   8.267282e+01 1.077897e+01 0.000000e+00
      vertex   7.948242e+01 9.452688e+00 0.000000e+00
      vertex   7.941848e+01 9.624841e+00 0.000000e+00
    endloop
  endfacet
  facet normal -0.000000e+00 0.000000e+00 -1.000000e+00
    outer loop
      vertex   8.267282e+01 1.077897e+01 0.000000e+00
      vertex   7.941848e+01 9.624841e+00 0.000000e+00
      vertex   8.254503e+01 1.108391e+01 0.000000e+00
    endloop
  endfacet
  facet normal -0.000000e+00 0.000000e+00 -1.000000e+00
    outer loop
      vertex   8.254503e+01 1.108391e+01 0.000000e+00
      vertex   7.941848e+01 9.624841e+00 0.000000e+00
      vertex   8.239737e+01 1.137974e+01 0.000000e+00
    endloop
  endfacet
  facet normal 0.000000e+00 0.000000e+00 -1.000000e+00
    outer loop
      vertex   8.239737e+01 1.137974e+01 0.000000e+00
      vertex   7.941848e+01 9.624841e+00 0.000000e+00
      vertex   7.933462e+01 9.788223e+00 0.000000e+00
    endloop
  endfacet
  facet normal -0.000000e+00 0.000000e+00 -1.000000e+00
    outer loop
      vertex   8.239737e+01 1.137974e+01 0.000000e+00
      vertex   7.933462e+01 9.788223e+00 0.000000e+00
      vertex   8.223048e+01 1.166516e+01 0.000000e+00
    endloop
  endfacet
  facet normal 0.000000e+00 0.000000e+00 -1.000000e+00
    outer loop
      vertex   8.223048e+01 1.166516e+01 0.000000e+00
      vertex   7.933462e+01 9.788223e+00 0.000000e+00
      vertex   7.923203e+01 9.940540e+00 0.000000e+00
    endloop
  endfacet
  facet normal -0.000000e+00 0.000000e+00 -1.000000e+00
    outer loop
      vertex   8.223048e+01 1.166516e+01 0.000000e+00
      vertex   7.923203e+01 9.940540e+00 0.000000e+00
      vertex   8.204509e+01 1.193893e+01 0.000000e+00
    endloop
  endfacet
  facet normal -0.000000e+00 0.000000e+00 -1.000000e+00
    outer loop
      vertex   8.204509e+01 1.193893e+01 0.000000e+00
      vertex   7.923203e+01 9.940540e+00 0.000000e+00
      vertex   8.184201e+01 1.219984e+01 0.000000e+00
    endloop
  endfacet
  facet normal 0.000000e+00 0.000000e+00 -1.000000e+00
    outer loop
      vertex   8.184201e+01 1.219984e+01 0.000000e+00
      vertex   7.923203e+01 9.940540e+00 0.000000e+00
      vertex   7.911214e+01 1.007965e+01 0.000000e+00
    endloop
  endfacet
  facet normal -0.000000e+00 0.000000e+00 -1.000000e+00
    outer loop
      vertex   8.184201e+01 1.219984e+01 0.000000e+00
      vertex   7.911214e+01 1.007965e+01 0.000000e+00
      vertex   8.162213e+01 1.244677e+01 0.000000e+00
    endloop
  endfacet
  facet normal -0.000000e+00 0.000000e+00 -1.000000e+00
    outer loop
      vertex   8.162213e+01 1.244677e+01 0.000000e+00
      vertex   7.911214e+01 1.007965e+01 0.000000e+00
      vertex   8.138641e+01 1.267862e+01 0.000000e+00
    endloop
  endfacet
  facet normal 0.000000e+00 0.000000e+00 -1.000000e+00
    outer loop
      vertex   8.138641e+01 1.267862e+01 0.000000e+00
      vertex   7.911214e+01 1.007965e+01 0.000000e+00
      vertex   7.897664e+01 1.020361e+01 0.000000e+00
    endloop
  endfacet
  facet normal -0.000000e+00 0.000000e+00 -1.000000e+00
    outer loop
      vertex   8.138641e+01 1.267862e+01 0.000000e+00
      vertex   7.897664e+01 1.020361e+01 0.000000e+00
      vertex   8.113588e+01 1.289439e+01 0.000000e+00
    endloop
  endfacet
  facet normal -0.000000e+00 0.000000e+00 -1.000000e+00
    outer loop
      vertex   8.113588e+01 1.289439e+01 0.000000e+00
      vertex   7.897664e+01 1.020361e+01 0.000000e+00
      vertex   8.087164e+01 1.309312e+01 0.000000e+00
    endloop
  endfacet
  facet normal 0.000000e+00 0.000000e+00 -1.000000e+00
    outer loop
      vertex   8.087164e+01 1.309312e+01 0.000000e+00
      vertex   7.897664e+01 1.020361e+01 0.000000e+00
      vertex   7.882743e+01 1.031067e+01 0.000000e+00
    endloop
  endfacet
  facet normal -0.000000e+00 0.000000e+00 -1.000000e+00
    outer loop
      vertex   8.087164e+01 1.309312e+01 0.000000e+00
      vertex   7.882743e+01 1.031067e+01 0.000000e+00
      vertex   8.059485e+01 1.327396e+01 0.000000e+00
    endloop
  endfacet
  facet normal -0.000000e+00 0.000000e+00 -1.000000e+00
    outer loop
      vertex   8.059485e+01 1.327396e+01 0.000000e+00
      vertex   7.882743e+01 1.031067e+01 0.000000e+00
      vertex   8.030671e+01 1.343611e+01 0.000000e+00
    endloop
  endfacet
  facet normal 0.000000e+00 0.000000e+00 -1.000000e+00
    outer loop
      vertex   8.030671e+01 1.343611e+01 0.000000e+00
      vertex   7.882743e+01 1.031067e+01 0.000000e+00
      vertex   7.866660e+01 1.039934e+01 0.000000e+00
    endloop
  endfacet
  facet normal -0.000000e+00 0.000000e+00 -1.000000e+00
    outer loop
      vertex   8.030671e+01 1.343611e+01 0.000000e+00
      vertex   7.866660e+01 1.039934e+01 0.000000e+00
      vertex   8.000848e+01 1.357887e+01 0.000000e+00
    endloop
  endfacet
  facet normal 0.000000e+00 0.000000e+00 -1.000000e+00
    outer loop
      vertex   8.000848e+01 1.357887e+01 0.000000e+00
      vertex   7.866660e+01 1.039934e+01 0.000000e+00
      vertex   7.849642e+01 1.046836e+01 0.000000e+00
    endloop
  endfacet
  facet normal -0.000000e+00 0.000000e+00 -1.000000e+00
    outer loop
      vertex   8.000848e+01 1.357887e+01 0.000000e+00
      vertex   7.849642e+01 1.046836e+01 0.000000e+00
      vertex   7.970147e+01 1.370160e+01 0.000000e+00
    endloop
  endfacet
  facet normal -0.000000e+00 0.000000e+00 -1.000000e+00
    outer loop
      vertex   7.970147e+01 1.370160e+01 0.000000e+00
      vertex   7.849642e+01 1.046836e+01 0.000000e+00
      vertex   7.938702e+01 1.380377e+01 0.000000e+00
    endloop
  endfacet
  facet normal 0.000000e+00 0.000000e+00 -1.000000e+00
    outer loop
      vertex   7.938702e+01 1.380377e+01 0.000000e+00
      vertex   7.849642e+01 1.046836e+01 0.000000e+00
      vertex   7.831927e+01 1.051676e+01 0.000000e+00
    endloop
  endfacet
  facet normal -0.000000e+00 0.000000e+00 -1.000000e+00
    outer loop
      vertex   7.938702e+01 1.380377e+01 0.000000e+00
      vertex   7.831927e+01 1.051676e+01 0.000000e+00
      vertex   7.906650e+01 1.388493e+01 0.000000e+00
    endloop
  endfacet
  facet normal -0.000000e+00 0.000000e+00 -1.000000e+00
    outer loop
      vertex   7.906650e+01 1.388493e+01 0.000000e+00
      vertex   7.831927e+01 1.051676e+01 0.000000e+00
      vertex   7.874132e+01 1.394474e+01 0.000000e+00
    endloop
  endfacet
  facet normal 0.000000e+00 0.000000e+00 -1.000000e+00
    outer loop
      vertex   7.874132e+01 1.394474e+01 0.000000e+00
      vertex   7.831927e+01 1.051676e+01 0.000000e+00
      vertex   7.813763e+01 1.054388e+01 0.000000e+00
    endloop
  endfacet
  facet normal -0.000000e+00 0.000000e+00 -1.000000e+00
    outer loop
      vertex   7.874132e+01 1.394474e+01 0.000000e+00
      vertex   7.813763e+01 1.054388e+01 0.000000e+00
      vertex   7.841290e+01 1.398292e+01 0.000000e+00
    endloop
  endfacet
  facet normal -0.000000e+00 0.000000e+00 -1.000000e+00
    outer loop
      vertex   7.841290e+01 1.398292e+01 0.000000e+00
      vertex   7.813763e+01 1.054388e+01 0.000000e+00
      vertex   7.808267e+01 1.399932e+01 0.000000e+00
    endloop
  endfacet
  facet normal 0.000000e+00 -0.000000e+00 -1.000000e+00
    outer loop
      vertex   7.808267e+01 1.399932e+01 0.000000e+00
      vertex   7.813763e+01 1.054388e+01 0.000000e+00
      vertex   7.795407e+01 1.054932e+01 0.000000e+00
    endloop
  endfacet
  facet normal 0.000000e+00 0.000000e+00 -1.000000e+00
    outer loop
      vertex   7.808267e+01 1.399932e+01 0.000000e+00
      vertex   7.795407e+01 1.054932e+01 0.000000e+00
      vertex   7.775208e+01 1.399385e+01 0.000000e+00
    endloop
  endfacet
  facet normal 0.000000e+00 -0.000000e+00 -1.000000e+00
    outer loop
      vertex   7.775208e+01 1.399385e+01 0.000000e+00
      vertex   7.795407e+01 1.054932e+01 0.000000e+00
      vertex   7.742258e+01 1.396655e+01 0.000000e+00
    endloop
  endfacet
  facet normal 0.000000e+00 -0.000000e+00 -1.000000e+00
    outer loop
      vertex   7.742258e+01 1.396655e+01 0.000000e+00
      vertex   7.795407e+01 1.054932e+01 0.000000e+00
      vertex   7.709560e+01 1.391753e+01 0.000000e+00
    endloop
  endfacet
  facet normal 0.000000e+00 -0.000000e+00 -1.000000e+00
    outer loop
      vertex   7.709560e+01 1.391753e+01 0.000000e+00
      vertex   7.795407e+01 1.054932e+01 0.000000e+00
      vertex   7.677257e+01 1.384700e+01 0.000000e+00
    endloop
  endfacet
  facet normal 0.000000e+00 -0.000000e+00 -1.000000e+00
    outer loop
      vertex   7.677257e+01 1.384700e+01 0.000000e+00
      vertex   7.795407e+01 1.054932e+01 0.000000e+00
      vertex   7.645492e+01 1.375528e+01 0.000000e+00
    endloop
  endfacet
  facet normal 0.000000e+00 -0.000000e+00 -1.000000e+00
    outer loop
      vertex   7.645492e+01 1.375528e+01 0.000000e+00
      vertex   7.795407e+01 1.054932e+01 0.000000e+00
      vertex   7.614401e+01 1.364277e+01 0.000000e+00
    endloop
  endfacet
  facet normal 0.000000e+00 -0.000000e+00 -1.000000e+00
    outer loop
      vertex   7.614401e+01 1.364277e+01 0.000000e+00
      vertex   7.795407e+01 1.054932e+01 0.000000e+00
      vertex   7.584123e+01 1.350996e+01 0.000000e+00
    endloop
  endfacet
  facet normal 0.000000e+00 -0.000000e+00 -1.000000e+00
    outer loop
      vertex   7.584123e+01 1.350996e+01 0.000000e+00
      vertex   7.795407e+01 1.054932e+01 0.000000e+00
      vertex   7.554788e+01 1.335742e+01 0.000000e+00
    endloop
  endfacet
  facet normal 0.000000e+00 -0.000000e+00 -1.000000e+00
    outer loop
      vertex   7.554788e+01 1.335742e+01 0.000000e+00
      vertex   7.795407e+01 1.054932e+01 0.000000e+00
      vertex   7.526526e+01 1.318583e+01 0.000000e+00
    endloop
  endfacet
  facet normal 0.000000e+00 -0.000000e+00 -1.000000e+00
    outer loop
      vertex   7.526526e+01 1.318583e+01 0.000000e+00
      vertex   7.795407e+01 1.054932e+01 0.000000e+00
      vertex   7.499460e+01 1.299594e+01 0.000000e+00
    endloop
  endfacet
  facet normal 0.000000e+00 -0.000000e+00 -1.000000e+00
    outer loop
      vertex   7.499460e+01 1.299594e+01 0.000000e+00
      vertex   7.795407e+01 1.054932e+01 0.000000e+00
      vertex   7.473707e+01 1.278857e+01 0.000000e+00
    endloop
  endfacet
  facet normal 0.000000e+00 -0.000000e+00 -1.000000e+00
    outer loop
      vertex   7.473707e+01 1.278857e+01 0.000000e+00
      vertex   7.795407e+01 1.054932e+01 0.000000e+00
      vertex   7.449382e+01 1.256464e+01 0.000000e+00
    endloop
  endfacet
  facet normal 0.000000e+00 -0.000000e+00 -1.000000e+00
    outer loop
      vertex   7.449382e+01 1.256464e+01 0.000000e+00
      vertex   7.795407e+01 1.054932e+01 0.000000e+00
      vertex   7.426589e+01 1.232512e+01 0.000000e+00
    endloop
  endfacet
  facet normal 0.000000e+00 -0.000000e+00 -1.000000e+00
    outer loop
      vertex   7.426589e+01 1.232512e+01 0.000000e+00
      vertex   7.795407e+01 1.054932e+01 0.000000e+00
      vertex   7.405430e+01 1.207106e+01 0.000000e+00
    endloop
  endfacet
  facet normal 0.000000e+00 -0.000000e+00 -1.000000e+00
    outer loop
      vertex   7.405430e+01 1.207106e+01 0.000000e+00
      vertex   7.795407e+01 1.054932e+01 0.000000e+00
      vertex   7.385996e+01 1.180358e+01 0.000000e+00
    endloop
  endfacet
  facet normal 0.000000e+00 -0.000000e+00 -1.000000e+00
    outer loop
      vertex   7.385996e+01 1.180358e+01 0.000000e+00
      vertex   7.795407e+01 1.054932e+01 0.000000e+00
      vertex   7.368372e+01 1.152383e+01 0.000000e+00
    endloop
  endfacet
  facet normal 0.000000e+00 -0.000000e+00 -1.000000e+00
    outer loop
      vertex   7.368372e+01 1.152383e+01 0.000000e+00
      vertex   7.795407e+01 1.054932e+01 0.000000e+00
      vertex   7.352635e+01 1.123304e+01 0.000000e+00
    endloop
  endfacet
  facet normal 0.000000e+00 -0.000000e+00 -1.000000e+00
    outer loop
      vertex   7.352635e+01 1.123304e+01 0.000000e+00
      vertex   7.795407e+01 1.054932e+01 0.000000e+00
      vertex   7.338855e+01 1.093250e+01 0.000000e+00
    endloop
  endfacet
endsolid
