solid ASCII
  facet normal 1.000000e+00 0.000000e+00 0.000000e+00
    outer loop
      vertex   -4.700000e+00 9.899998e+00 3.300000e+01
      vertex   -4.700000e+00 1.430000e+01 3.300000e+01
      vertex   -4.700000e+00 9.899998e+00 3.600000e+01
    endloop
  endfacet
  facet normal 1.000000e+00 -0.000000e+00 0.000000e+00
    outer loop
      vertex   -4.700000e+00 9.899998e+00 3.600000e+01
      vertex   -4.700000e+00 1.430000e+01 3.300000e+01
      vertex   -4.700000e+00 1.430000e+01 3.600000e+01
    endloop
  endfacet
  facet normal 0.000000e+00 1.000000e+00 -0.000000e+00
    outer loop
      vertex   4.700000e+00 9.899998e+00 3.300000e+01
      vertex   -4.700000e+00 9.899998e+00 3.300000e+01
      vertex   4.700000e+00 9.899998e+00 3.600000e+01
    endloop
  endfacet
  facet normal 0.000000e+00 1.000000e+00 0.000000e+00
    outer loop
      vertex   4.700000e+00 9.899998e+00 3.600000e+01
      vertex   -4.700000e+00 9.899998e+00 3.300000e+01
      vertex   -4.700000e+00 9.899998e+00 3.600000e+01
    endloop
  endfacet
  facet normal -1.000000e+00 0.000000e+00 0.000000e+00
    outer loop
      vertex   4.700000e+00 1.430000e+01 3.300000e+01
      vertex   4.700000e+00 9.899998e+00 3.300000e+01
      vertex   4.700000e+00 1.430000e+01 3.600000e+01
    endloop
  endfacet
  facet normal -1.000000e+00 -0.000000e+00 0.000000e+00
    outer loop
      vertex   4.700000e+00 1.430000e+01 3.600000e+01
      vertex   4.700000e+00 9.899998e+00 3.300000e+01
      vertex   4.700000e+00 9.899998e+00 3.600000e+01
    endloop
  endfacet
  facet normal 0.000000e+00 -1.000000e+00 0.000000e+00
    outer loop
      vertex   -4.700000e+00 1.430000e+01 3.300000e+01
      vertex   4.700000e+00 1.430000e+01 3.300000e+01
      vertex   -4.700000e+00 1.430000e+01 3.600000e+01
    endloop
  endfacet
  facet normal 0.000000e+00 -1.000000e+00 0.000000e+00
    outer loop
      vertex   -4.700000e+00 1.430000e+01 3.600000e+01
      vertex   4.700000e+00 1.430000e+01 3.300000e+01
      vertex   4.700000e+00 1.430000e+01 3.600000e+01
    endloop
  endfacet
  facet normal -1.000000e+00 0.000000e+00 0.000000e+00
    outer loop
      vertex   4.700000e+00 7.930000e+01 3.300000e+01
      vertex   4.700000e+00 7.490000e+01 3.300000e+01
      vertex   4.700000e+00 7.930000e+01 3.600000e+01
    endloop
  endfacet
  facet normal -1.000000e+00 -0.000000e+00 0.000000e+00
    outer loop
      vertex   4.700000e+00 7.930000e+01 3.600000e+01
      vertex   4.700000e+00 7.490000e+01 3.300000e+01
      vertex   4.700000e+00 7.490000e+01 3.600000e+01
    endloop
  endfacet
  facet normal 0.000000e+00 -1.000000e+00 0.000000e+00
    outer loop
      vertex   -4.700000e+00 7.930000e+01 3.300000e+01
      vertex   4.700000e+00 7.930000e+01 3.300000e+01
      vertex   -4.700000e+00 7.930000e+01 3.600000e+01
    endloop
  endfacet
  facet normal 0.000000e+00 -1.000000e+00 0.000000e+00
    outer loop
      vertex   -4.700000e+00 7.930000e+01 3.600000e+01
      vertex   4.700000e+00 7.930000e+01 3.300000e+01
      vertex   4.700000e+00 7.930000e+01 3.600000e+01
    endloop
  endfacet
  facet normal 1.000000e+00 0.000000e+00 0.000000e+00
    outer loop
      vertex   -4.700000e+00 7.490000e+01 3.300000e+01
      vertex   -4.700000e+00 7.930000e+01 3.300000e+01
      vertex   -4.700000e+00 7.490000e+01 3.600000e+01
    endloop
  endfacet
  facet normal 1.000000e+00 -0.000000e+00 0.000000e+00
    outer loop
      vertex   -4.700000e+00 7.490000e+01 3.600000e+01
      vertex   -4.700000e+00 7.930000e+01 3.300000e+01
      vertex   -4.700000e+00 7.930000e+01 3.600000e+01
    endloop
  endfacet
  facet normal 0.000000e+00 1.000000e+00 -0.000000e+00
    outer loop
      vertex   4.700000e+00 7.490000e+01 3.300000e+01
      vertex   -4.700000e+00 7.490000e+01 3.300000e+01
      vertex   4.700000e+00 7.490000e+01 3.600000e+01
    endloop
  endfacet
  facet normal 0.000000e+00 1.000000e+00 0.000000e+00
    outer loop
      vertex   4.700000e+00 7.490000e+01 3.600000e+01
      vertex   -4.700000e+00 7.490000e+01 3.300000e+01
      vertex   -4.700000e+00 7.490000e+01 3.600000e+01
    endloop
  endfacet
  facet normal -9.941380e-01 1.081190e-01 0.000000e+00
    outer loop
      vertex   -2.804676e+01 1.167006e+01 3.300000e+01
      vertex   -2.804676e+01 1.167006e+01 3.600000e+01
      vertex   -2.800000e+01 1.210000e+01 3.300000e+01
    endloop
  endfacet
  facet normal -9.941380e-01 1.081190e-01 0.000000e+00
    outer loop
      vertex   -2.800000e+01 1.210000e+01 3.300000e+01
      vertex   -2.804676e+01 1.167006e+01 3.600000e+01
      vertex   -2.800000e+01 1.210000e+01 3.600000e+01
    endloop
  endfacet
  facet normal -9.941380e-01 -1.081190e-01 0.000000e+00
    outer loop
      vertex   -2.800000e+01 1.210000e+01 3.300000e+01
      vertex   -2.800000e+01 1.210000e+01 3.600000e+01
      vertex   -2.804676e+01 1.252994e+01 3.300000e+01
    endloop
  endfacet
  facet normal -9.941380e-01 -1.081190e-01 0.000000e+00
    outer loop
      vertex   -2.804676e+01 1.252994e+01 3.300000e+01
      vertex   -2.800000e+01 1.210000e+01 3.600000e+01
      vertex   -2.804676e+01 1.252994e+01 3.600000e+01
    endloop
  endfacet
  facet normal -9.476532e-01 -3.193015e-01 0.000000e+00
    outer loop
      vertex   -2.804676e+01 1.252994e+01 3.300000e+01
      vertex   -2.804676e+01 1.252994e+01 3.600000e+01
      vertex   -2.818485e+01 1.293978e+01 3.300000e+01
    endloop
  endfacet
  facet normal -9.476532e-01 -3.193015e-01 0.000000e+00
    outer loop
      vertex   -2.818485e+01 1.293978e+01 3.300000e+01
      vertex   -2.804676e+01 1.252994e+01 3.600000e+01
      vertex   -2.818485e+01 1.293978e+01 3.600000e+01
    endloop
  endfacet
  facet normal -8.568572e-01 -5.155539e-01 0.000000e+00
    outer loop
      vertex   -2.818485e+01 1.293978e+01 3.300000e+01
      vertex   -2.818485e+01 1.293978e+01 3.600000e+01
      vertex   -2.840781e+01 1.331035e+01 3.300000e+01
    endloop
  endfacet
  facet normal -8.568572e-01 -5.155539e-01 0.000000e+00
    outer loop
      vertex   -2.840781e+01 1.331035e+01 3.300000e+01
      vertex   -2.818485e+01 1.293978e+01 3.600000e+01
      vertex   -2.840781e+01 1.331035e+01 3.600000e+01
    endloop
  endfacet
  facet normal -7.259955e-01 -6.876995e-01 0.000000e+00
    outer loop
      vertex   -2.840781e+01 1.331035e+01 3.300000e+01
      vertex   -2.840781e+01 1.331035e+01 3.600000e+01
      vertex   -2.870523e+01 1.362432e+01 3.300000e+01
    endloop
  endfacet
  facet normal -7.259955e-01 -6.876995e-01 8.597514e-16
    outer loop
      vertex   -2.870523e+01 1.362432e+01 3.300000e+01
      vertex   -2.840781e+01 1.331035e+01 3.600000e+01
      vertex   -2.870523e+01 1.362432e+01 3.600000e+01
    endloop
  endfacet
  facet normal -5.611871e-01 -8.276890e-01 6.645790e-16
    outer loop
      vertex   -2.870523e+01 1.362432e+01 3.300000e+01
      vertex   -2.870523e+01 1.362432e+01 3.600000e+01
      vertex   -2.906318e+01 1.386702e+01 3.300000e+01
    endloop
  endfacet
  facet normal -5.611871e-01 -8.276890e-01 0.000000e+00
    outer loop
      vertex   -2.906318e+01 1.386702e+01 3.300000e+01
      vertex   -2.870523e+01 1.362432e+01 3.600000e+01
      vertex   -2.906318e+01 1.386702e+01 3.600000e+01
    endloop
  endfacet
  facet normal -3.701382e-01 -9.289767e-01 0.000000e+00
    outer loop
      vertex   -2.906318e+01 1.386702e+01 3.300000e+01
      vertex   -2.906318e+01 1.386702e+01 3.600000e+01
      vertex   -2.946494e+01 1.402710e+01 3.300000e+01
    endloop
  endfacet
  facet normal -3.701382e-01 -9.289767e-01 4.383316e-16
    outer loop
      vertex   -2.946494e+01 1.402710e+01 3.300000e+01
      vertex   -2.906318e+01 1.386702e+01 3.600000e+01
      vertex   -2.946494e+01 1.402710e+01 3.600000e+01
    endloop
  endfacet
  facet normal -1.617820e-01 -9.868265e-01 1.915884e-16
    outer loop
      vertex   -2.946494e+01 1.402710e+01 3.300000e+01
      vertex   -2.946494e+01 1.402710e+01 3.600000e+01
      vertex   -2.989172e+01 1.409706e+01 3.300000e+01
    endloop
  endfacet
  facet normal -1.617820e-01 -9.868265e-01 0.000000e+00
    outer loop
      vertex   -2.989172e+01 1.409706e+01 3.300000e+01
      vertex   -2.946494e+01 1.402710e+01 3.600000e+01
      vertex   -2.989172e+01 1.409706e+01 3.600000e+01
    endloop
  endfacet
  facet normal 5.413891e-02 -9.985334e-01 0.000000e+00
    outer loop
      vertex   -2.989172e+01 1.409706e+01 3.300000e+01
      vertex   -2.989172e+01 1.409706e+01 3.600000e+01
      vertex   -3.032356e+01 1.407365e+01 3.300000e+01
    endloop
  endfacet
  facet normal 5.413891e-02 -9.985334e-01 -6.411335e-17
    outer loop
      vertex   -3.032356e+01 1.407365e+01 3.300000e+01
      vertex   -2.989172e+01 1.409706e+01 3.600000e+01
      vertex   -3.032356e+01 1.407365e+01 3.600000e+01
    endloop
  endfacet
  facet normal 2.675283e-01 -9.635500e-01 -3.168172e-16
    outer loop
      vertex   -3.032356e+01 1.407365e+01 3.300000e+01
      vertex   -3.032356e+01 1.407365e+01 3.600000e+01
      vertex   -3.074028e+01 1.395795e+01 3.300000e+01
    endloop
  endfacet
  facet normal 2.675283e-01 -9.635500e-01 0.000000e+00
    outer loop
      vertex   -3.074028e+01 1.395795e+01 3.300000e+01
      vertex   -3.032356e+01 1.407365e+01 3.600000e+01
      vertex   -3.074028e+01 1.395795e+01 3.600000e+01
    endloop
  endfacet
  facet normal 4.684084e-01 -8.835120e-01 0.000000e+00
    outer loop
      vertex   -3.074028e+01 1.395795e+01 3.300000e+01
      vertex   -3.074028e+01 1.395795e+01 3.600000e+01
      vertex   -3.112237e+01 1.375538e+01 3.300000e+01
    endloop
  endfacet
  facet normal 4.684084e-01 -8.835120e-01 0.000000e+00
    outer loop
      vertex   -3.112237e+01 1.375538e+01 3.300000e+01
      vertex   -3.074028e+01 1.395795e+01 3.600000e+01
      vertex   -3.112237e+01 1.375538e+01 3.600000e+01
    endloop
  endfacet
  facet normal 6.473863e-01 -7.621621e-01 0.000000e+00
    outer loop
      vertex   -3.112237e+01 1.375538e+01 3.300000e+01
      vertex   -3.112237e+01 1.375538e+01 3.600000e+01
      vertex   -3.145199e+01 1.347540e+01 3.300000e+01
    endloop
  endfacet
  facet normal 6.473863e-01 -7.621621e-01 0.000000e+00
    outer loop
      vertex   -3.145199e+01 1.347540e+01 3.300000e+01
      vertex   -3.112237e+01 1.375538e+01 3.600000e+01
      vertex   -3.145199e+01 1.347540e+01 3.600000e+01
    endloop
  endfacet
  facet normal 7.960931e-01 -6.051742e-01 0.000000e+00
    outer loop
      vertex   -3.145199e+01 1.347540e+01 3.300000e+01
      vertex   -3.145199e+01 1.347540e+01 3.600000e+01
      vertex   -3.171371e+01 1.313111e+01 3.300000e+01
    endloop
  endfacet
  facet normal 7.960931e-01 -6.051742e-01 -9.427636e-16
    outer loop
      vertex   -3.171371e+01 1.313111e+01 3.300000e+01
      vertex   -3.145199e+01 1.347540e+01 3.600000e+01
      vertex   -3.171371e+01 1.313111e+01 3.600000e+01
    endloop
  endfacet
  facet normal 9.075754e-01 -4.198891e-01 -1.074785e-15
    outer loop
      vertex   -3.171371e+01 1.313111e+01 3.300000e+01
      vertex   -3.171371e+01 1.313111e+01 3.600000e+01
      vertex   -3.189531e+01 1.273860e+01 3.300000e+01
    endloop
  endfacet
  facet normal 9.075754e-01 -4.198891e-01 0.000000e+00
    outer loop
      vertex   -3.189531e+01 1.273860e+01 3.300000e+01
      vertex   -3.171371e+01 1.313111e+01 3.600000e+01
      vertex   -3.189531e+01 1.273860e+01 3.600000e+01
    endloop
  endfacet
  facet normal 9.766206e-01 -2.149704e-01 0.000000e+00
    outer loop
      vertex   -3.189531e+01 1.273860e+01 3.300000e+01
      vertex   -3.189531e+01 1.273860e+01 3.600000e+01
      vertex   -3.198828e+01 1.231624e+01 3.300000e+01
    endloop
  endfacet
  facet normal 9.766206e-01 -2.149704e-01 0.000000e+00
    outer loop
      vertex   -3.198828e+01 1.231624e+01 3.300000e+01
      vertex   -3.189531e+01 1.273860e+01 3.600000e+01
      vertex   -3.198828e+01 1.231624e+01 3.600000e+01
    endloop
  endfacet
  facet normal 1.000000e+00 0.000000e+00 -0.000000e+00
    outer loop
      vertex   -3.198828e+01 1.231624e+01 3.300000e+01
      vertex   -3.198828e+01 1.231624e+01 3.600000e+01
      vertex   -3.198828e+01 1.188376e+01 3.300000e+01
    endloop
  endfacet
  facet normal 1.000000e+00 0.000000e+00 0.000000e+00
    outer loop
      vertex   -3.198828e+01 1.188376e+01 3.300000e+01
      vertex   -3.198828e+01 1.231624e+01 3.600000e+01
      vertex   -3.198828e+01 1.188376e+01 3.600000e+01
    endloop
  endfacet
  facet normal 9.766206e-01 2.149704e-01 -0.000000e+00
    outer loop
      vertex   -3.198828e+01 1.188376e+01 3.300000e+01
      vertex   -3.198828e+01 1.188376e+01 3.600000e+01
      vertex   -3.189531e+01 1.146139e+01 3.300000e+01
    endloop
  endfacet
  facet normal 9.766206e-01 2.149704e-01 -0.000000e+00
    outer loop
      vertex   -3.189531e+01 1.146139e+01 3.300000e+01
      vertex   -3.198828e+01 1.188376e+01 3.600000e+01
      vertex   -3.189531e+01 1.146139e+01 3.600000e+01
    endloop
  endfacet
  facet normal 9.075754e-01 4.198891e-01 -0.000000e+00
    outer loop
      vertex   -3.189531e+01 1.146139e+01 3.300000e+01
      vertex   -3.189531e+01 1.146139e+01 3.600000e+01
      vertex   -3.171371e+01 1.106889e+01 3.300000e+01
    endloop
  endfacet
  facet normal 9.075754e-01 4.198891e-01 1.074785e-15
    outer loop
      vertex   -3.171371e+01 1.106889e+01 3.300000e+01
      vertex   -3.189531e+01 1.146139e+01 3.600000e+01
      vertex   -3.171371e+01 1.106889e+01 3.600000e+01
    endloop
  endfacet
  facet normal 7.960931e-01 6.051742e-01 9.427636e-16
    outer loop
      vertex   -3.171371e+01 1.106889e+01 3.300000e+01
      vertex   -3.171371e+01 1.106889e+01 3.600000e+01
      vertex   -3.145199e+01 1.072460e+01 3.300000e+01
    endloop
  endfacet
  facet normal 7.960931e-01 6.051742e-01 -0.000000e+00
    outer loop
      vertex   -3.145199e+01 1.072460e+01 3.300000e+01
      vertex   -3.171371e+01 1.106889e+01 3.600000e+01
      vertex   -3.145199e+01 1.072460e+01 3.600000e+01
    endloop
  endfacet
  facet normal 6.473863e-01 7.621621e-01 -0.000000e+00
    outer loop
      vertex   -3.145199e+01 1.072460e+01 3.300000e+01
      vertex   -3.145199e+01 1.072460e+01 3.600000e+01
      vertex   -3.112237e+01 1.044462e+01 3.300000e+01
    endloop
  endfacet
  facet normal 6.473863e-01 7.621621e-01 -0.000000e+00
    outer loop
      vertex   -3.112237e+01 1.044462e+01 3.300000e+01
      vertex   -3.145199e+01 1.072460e+01 3.600000e+01
      vertex   -3.112237e+01 1.044462e+01 3.600000e+01
    endloop
  endfacet
  facet normal 4.684084e-01 8.835120e-01 -0.000000e+00
    outer loop
      vertex   -3.112237e+01 1.044462e+01 3.300000e+01
      vertex   -3.112237e+01 1.044462e+01 3.600000e+01
      vertex   -3.074028e+01 1.024204e+01 3.300000e+01
    endloop
  endfacet
  facet normal 4.684084e-01 8.835120e-01 -0.000000e+00
    outer loop
      vertex   -3.074028e+01 1.024204e+01 3.300000e+01
      vertex   -3.112237e+01 1.044462e+01 3.600000e+01
      vertex   -3.074028e+01 1.024204e+01 3.600000e+01
    endloop
  endfacet
  facet normal 2.675283e-01 9.635500e-01 -0.000000e+00
    outer loop
      vertex   -3.074028e+01 1.024204e+01 3.300000e+01
      vertex   -3.074028e+01 1.024204e+01 3.600000e+01
      vertex   -3.032356e+01 1.012634e+01 3.300000e+01
    endloop
  endfacet
  facet normal 2.675283e-01 9.635500e-01 3.168172e-16
    outer loop
      vertex   -3.032356e+01 1.012634e+01 3.300000e+01
      vertex   -3.074028e+01 1.024204e+01 3.600000e+01
      vertex   -3.032356e+01 1.012634e+01 3.600000e+01
    endloop
  endfacet
  facet normal 5.413891e-02 9.985334e-01 6.411335e-17
    outer loop
      vertex   -3.032356e+01 1.012634e+01 3.300000e+01
      vertex   -3.032356e+01 1.012634e+01 3.600000e+01
      vertex   -2.989172e+01 1.010293e+01 3.300000e+01
    endloop
  endfacet
  facet normal 5.413891e-02 9.985334e-01 -0.000000e+00
    outer loop
      vertex   -2.989172e+01 1.010293e+01 3.300000e+01
      vertex   -3.032356e+01 1.012634e+01 3.600000e+01
      vertex   -2.989172e+01 1.010293e+01 3.600000e+01
    endloop
  endfacet
  facet normal -1.617820e-01 9.868265e-01 0.000000e+00
    outer loop
      vertex   -2.989172e+01 1.010293e+01 3.300000e+01
      vertex   -2.989172e+01 1.010293e+01 3.600000e+01
      vertex   -2.946494e+01 1.017290e+01 3.300000e+01
    endloop
  endfacet
  facet normal -1.617820e-01 9.868265e-01 -1.915884e-16
    outer loop
      vertex   -2.946494e+01 1.017290e+01 3.300000e+01
      vertex   -2.989172e+01 1.010293e+01 3.600000e+01
      vertex   -2.946494e+01 1.017290e+01 3.600000e+01
    endloop
  endfacet
  facet normal -3.701382e-01 9.289767e-01 -4.383316e-16
    outer loop
      vertex   -2.946494e+01 1.017290e+01 3.300000e+01
      vertex   -2.946494e+01 1.017290e+01 3.600000e+01
      vertex   -2.906318e+01 1.033297e+01 3.300000e+01
    endloop
  endfacet
  facet normal -3.701382e-01 9.289767e-01 0.000000e+00
    outer loop
      vertex   -2.906318e+01 1.033297e+01 3.300000e+01
      vertex   -2.946494e+01 1.017290e+01 3.600000e+01
      vertex   -2.906318e+01 1.033297e+01 3.600000e+01
    endloop
  endfacet
  facet normal -5.611871e-01 8.276890e-01 0.000000e+00
    outer loop
      vertex   -2.906318e+01 1.033297e+01 3.300000e+01
      vertex   -2.906318e+01 1.033297e+01 3.600000e+01
      vertex   -2.870523e+01 1.057567e+01 3.300000e+01
    endloop
  endfacet
  facet normal -5.611871e-01 8.276890e-01 -6.645790e-16
    outer loop
      vertex   -2.870523e+01 1.057567e+01 3.300000e+01
      vertex   -2.906318e+01 1.033297e+01 3.600000e+01
      vertex   -2.870523e+01 1.057567e+01 3.600000e+01
    endloop
  endfacet
  facet normal -7.259955e-01 6.876995e-01 -8.597514e-16
    outer loop
      vertex   -2.870523e+01 1.057567e+01 3.300000e+01
      vertex   -2.870523e+01 1.057567e+01 3.600000e+01
      vertex   -2.840781e+01 1.088965e+01 3.300000e+01
    endloop
  endfacet
  facet normal -7.259955e-01 6.876995e-01 0.000000e+00
    outer loop
      vertex   -2.840781e+01 1.088965e+01 3.300000e+01
      vertex   -2.870523e+01 1.057567e+01 3.600000e+01
      vertex   -2.840781e+01 1.088965e+01 3.600000e+01
    endloop
  endfacet
  facet normal -8.568572e-01 5.155539e-01 0.000000e+00
    outer loop
      vertex   -2.840781e+01 1.088965e+01 3.300000e+01
      vertex   -2.840781e+01 1.088965e+01 3.600000e+01
      vertex   -2.818485e+01 1.126022e+01 3.300000e+01
    endloop
  endfacet
  facet normal -8.568572e-01 5.155539e-01 0.000000e+00
    outer loop
      vertex   -2.818485e+01 1.126022e+01 3.300000e+01
      vertex   -2.840781e+01 1.088965e+01 3.600000e+01
      vertex   -2.818485e+01 1.126022e+01 3.600000e+01
    endloop
  endfacet
  facet normal -9.476532e-01 3.193015e-01 0.000000e+00
    outer loop
      vertex   -2.818485e+01 1.126022e+01 3.300000e+01
      vertex   -2.818485e+01 1.126022e+01 3.600000e+01
      vertex   -2.804676e+01 1.167006e+01 3.300000e+01
    endloop
  endfacet
  facet normal -9.476532e-01 3.193015e-01 0.000000e+00
    outer loop
      vertex   -2.804676e+01 1.167006e+01 3.300000e+01
      vertex   -2.818485e+01 1.126022e+01 3.600000e+01
      vertex   -2.804676e+01 1.167006e+01 3.600000e+01
    endloop
  endfacet
  facet normal -9.941380e-01 1.081190e-01 0.000000e+00
    outer loop
      vertex   2.195324e+01 7.667006e+01 3.300000e+01
      vertex   2.195324e+01 7.667006e+01 3.600000e+01
      vertex   2.200000e+01 7.710000e+01 3.300000e+01
    endloop
  endfacet
  facet normal -9.941380e-01 1.081190e-01 0.000000e+00
    outer loop
      vertex   2.200000e+01 7.710000e+01 3.300000e+01
      vertex   2.195324e+01 7.667006e+01 3.600000e+01
      vertex   2.200000e+01 7.710000e+01 3.600000e+01
    endloop
  endfacet
  facet normal -9.941380e-01 -1.081190e-01 0.000000e+00
    outer loop
      vertex   2.200000e+01 7.710000e+01 3.300000e+01
      vertex   2.200000e+01 7.710000e+01 3.600000e+01
      vertex   2.195324e+01 7.752994e+01 3.300000e+01
    endloop
  endfacet
  facet normal -9.941380e-01 -1.081190e-01 0.000000e+00
    outer loop
      vertex   2.195324e+01 7.752994e+01 3.300000e+01
      vertex   2.200000e+01 7.710000e+01 3.600000e+01
      vertex   2.195324e+01 7.752994e+01 3.600000e+01
    endloop
  endfacet
  facet normal -9.476532e-01 -3.193015e-01 0.000000e+00
    outer loop
      vertex   2.195324e+01 7.752994e+01 3.300000e+01
      vertex   2.195324e+01 7.752994e+01 3.600000e+01
      vertex   2.181515e+01 7.793978e+01 3.300000e+01
    endloop
  endfacet
  facet normal -9.476532e-01 -3.193015e-01 0.000000e+00
    outer loop
      vertex   2.181515e+01 7.793978e+01 3.300000e+01
      vertex   2.195324e+01 7.752994e+01 3.600000e+01
      vertex   2.181515e+01 7.793978e+01 3.600000e+01
    endloop
  endfacet
  facet normal -8.568572e-01 -5.155539e-01 0.000000e+00
    outer loop
      vertex   2.181515e+01 7.793978e+01 3.300000e+01
      vertex   2.181515e+01 7.793978e+01 3.600000e+01
      vertex   2.159219e+01 7.831035e+01 3.300000e+01
    endloop
  endfacet
  facet normal -8.568572e-01 -5.155539e-01 -2.442154e-15
    outer loop
      vertex   2.159219e+01 7.831035e+01 3.300000e+01
      vertex   2.181515e+01 7.793978e+01 3.600000e+01
      vertex   2.159219e+01 7.831035e+01 3.600000e+01
    endloop
  endfacet
  facet normal -7.259955e-01 -6.876995e-01 -3.257599e-15
    outer loop
      vertex   2.159219e+01 7.831035e+01 3.300000e+01
      vertex   2.159219e+01 7.831035e+01 3.600000e+01
      vertex   2.129477e+01 7.862432e+01 3.300000e+01
    endloop
  endfacet
  facet normal -7.259955e-01 -6.876995e-01 8.597514e-16
    outer loop
      vertex   2.129477e+01 7.862432e+01 3.300000e+01
      vertex   2.159219e+01 7.831035e+01 3.600000e+01
      vertex   2.129477e+01 7.862432e+01 3.600000e+01
    endloop
  endfacet
  facet normal -5.611871e-01 -8.276890e-01 6.645790e-16
    outer loop
      vertex   2.129477e+01 7.862432e+01 3.300000e+01
      vertex   2.129477e+01 7.862432e+01 3.600000e+01
      vertex   2.093682e+01 7.886702e+01 3.300000e+01
    endloop
  endfacet
  facet normal -5.611871e-01 -8.276890e-01 0.000000e+00
    outer loop
      vertex   2.093682e+01 7.886702e+01 3.300000e+01
      vertex   2.129477e+01 7.862432e+01 3.600000e+01
      vertex   2.093682e+01 7.886702e+01 3.600000e+01
    endloop
  endfacet
  facet normal -3.701382e-01 -9.289767e-01 0.000000e+00
    outer loop
      vertex   2.093682e+01 7.886702e+01 3.300000e+01
      vertex   2.093682e+01 7.886702e+01 3.600000e+01
      vertex   2.053506e+01 7.902710e+01 3.300000e+01
    endloop
  endfacet
  facet normal -3.701382e-01 -9.289767e-01 4.383316e-16
    outer loop
      vertex   2.053506e+01 7.902710e+01 3.300000e+01
      vertex   2.093682e+01 7.886702e+01 3.600000e+01
      vertex   2.053506e+01 7.902710e+01 3.600000e+01
    endloop
  endfacet
  facet normal -1.617820e-01 -9.868265e-01 1.915884e-16
    outer loop
      vertex   2.053506e+01 7.902710e+01 3.300000e+01
      vertex   2.053506e+01 7.902710e+01 3.600000e+01
      vertex   2.010828e+01 7.909706e+01 3.300000e+01
    endloop
  endfacet
  facet normal -1.617820e-01 -9.868265e-01 0.000000e+00
    outer loop
      vertex   2.010828e+01 7.909706e+01 3.300000e+01
      vertex   2.053506e+01 7.902710e+01 3.600000e+01
      vertex   2.010828e+01 7.909706e+01 3.600000e+01
    endloop
  endfacet
  facet normal 5.413891e-02 -9.985334e-01 0.000000e+00
    outer loop
      vertex   2.010828e+01 7.909706e+01 3.300000e+01
      vertex   2.010828e+01 7.909706e+01 3.600000e+01
      vertex   1.967644e+01 7.907365e+01 3.300000e+01
    endloop
  endfacet
  facet normal 5.413891e-02 -9.985334e-01 0.000000e+00
    outer loop
      vertex   1.967644e+01 7.907365e+01 3.300000e+01
      vertex   2.010828e+01 7.909706e+01 3.600000e+01
      vertex   1.967644e+01 7.907365e+01 3.600000e+01
    endloop
  endfacet
  facet normal 2.675283e-01 -9.635500e-01 0.000000e+00
    outer loop
      vertex   1.967644e+01 7.907365e+01 3.300000e+01
      vertex   1.967644e+01 7.907365e+01 3.600000e+01
      vertex   1.925972e+01 7.895795e+01 3.300000e+01
    endloop
  endfacet
  facet normal 2.675283e-01 -9.635500e-01 0.000000e+00
    outer loop
      vertex   1.925972e+01 7.895795e+01 3.300000e+01
      vertex   1.967644e+01 7.907365e+01 3.600000e+01
      vertex   1.925972e+01 7.895795e+01 3.600000e+01
    endloop
  endfacet
  facet normal 4.684084e-01 -8.835120e-01 0.000000e+00
    outer loop
      vertex   1.925972e+01 7.895795e+01 3.300000e+01
      vertex   1.925972e+01 7.895795e+01 3.600000e+01
      vertex   1.887763e+01 7.875538e+01 3.300000e+01
    endloop
  endfacet
  facet normal 4.684084e-01 -8.835120e-01 0.000000e+00
    outer loop
      vertex   1.887763e+01 7.875538e+01 3.300000e+01
      vertex   1.925972e+01 7.895795e+01 3.600000e+01
      vertex   1.887763e+01 7.875538e+01 3.600000e+01
    endloop
  endfacet
  facet normal 6.473863e-01 -7.621621e-01 0.000000e+00
    outer loop
      vertex   1.887763e+01 7.875538e+01 3.300000e+01
      vertex   1.887763e+01 7.875538e+01 3.600000e+01
      vertex   1.854801e+01 7.847540e+01 3.300000e+01
    endloop
  endfacet
  facet normal 6.473863e-01 -7.621621e-01 -7.666594e-16
    outer loop
      vertex   1.854801e+01 7.847540e+01 3.300000e+01
      vertex   1.887763e+01 7.875538e+01 3.600000e+01
      vertex   1.854801e+01 7.847540e+01 3.600000e+01
    endloop
  endfacet
  facet normal 7.960931e-01 -6.051742e-01 -9.427636e-16
    outer loop
      vertex   1.854801e+01 7.847540e+01 3.300000e+01
      vertex   1.854801e+01 7.847540e+01 3.600000e+01
      vertex   1.828629e+01 7.813111e+01 3.300000e+01
    endloop
  endfacet
  facet normal 7.960931e-01 -6.051742e-01 0.000000e+00
    outer loop
      vertex   1.828629e+01 7.813111e+01 3.300000e+01
      vertex   1.854801e+01 7.847540e+01 3.600000e+01
      vertex   1.828629e+01 7.813111e+01 3.600000e+01
    endloop
  endfacet
  facet normal 9.075754e-01 -4.198891e-01 0.000000e+00
    outer loop
      vertex   1.828629e+01 7.813111e+01 3.300000e+01
      vertex   1.828629e+01 7.813111e+01 3.600000e+01
      vertex   1.810469e+01 7.773860e+01 3.300000e+01
    endloop
  endfacet
  facet normal 9.075754e-01 -4.198891e-01 -1.074785e-15
    outer loop
      vertex   1.810469e+01 7.773860e+01 3.300000e+01
      vertex   1.828629e+01 7.813111e+01 3.600000e+01
      vertex   1.810469e+01 7.773860e+01 3.600000e+01
    endloop
  endfacet
  facet normal 9.766206e-01 -2.149704e-01 -1.156551e-15
    outer loop
      vertex   1.810469e+01 7.773860e+01 3.300000e+01
      vertex   1.810469e+01 7.773860e+01 3.600000e+01
      vertex   1.801172e+01 7.731624e+01 3.300000e+01
    endloop
  endfacet
  facet normal 9.766206e-01 -2.149704e-01 0.000000e+00
    outer loop
      vertex   1.801172e+01 7.731624e+01 3.300000e+01
      vertex   1.810469e+01 7.773860e+01 3.600000e+01
      vertex   1.801172e+01 7.731624e+01 3.600000e+01
    endloop
  endfacet
  facet normal 1.000000e+00 0.000000e+00 -0.000000e+00
    outer loop
      vertex   1.801172e+01 7.731624e+01 3.300000e+01
      vertex   1.801172e+01 7.731624e+01 3.600000e+01
      vertex   1.801172e+01 7.688376e+01 3.300000e+01
    endloop
  endfacet
  facet normal 1.000000e+00 0.000000e+00 0.000000e+00
    outer loop
      vertex   1.801172e+01 7.688376e+01 3.300000e+01
      vertex   1.801172e+01 7.731624e+01 3.600000e+01
      vertex   1.801172e+01 7.688376e+01 3.600000e+01
    endloop
  endfacet
  facet normal 9.766206e-01 2.149704e-01 -0.000000e+00
    outer loop
      vertex   1.801172e+01 7.688376e+01 3.300000e+01
      vertex   1.801172e+01 7.688376e+01 3.600000e+01
      vertex   1.810469e+01 7.646139e+01 3.300000e+01
    endloop
  endfacet
  facet normal 9.766206e-01 2.149704e-01 1.156551e-15
    outer loop
      vertex   1.810469e+01 7.646139e+01 3.300000e+01
      vertex   1.801172e+01 7.688376e+01 3.600000e+01
      vertex   1.810469e+01 7.646139e+01 3.600000e+01
    endloop
  endfacet
  facet normal 9.075754e-01 4.198891e-01 1.074785e-15
    outer loop
      vertex   1.810469e+01 7.646139e+01 3.300000e+01
      vertex   1.810469e+01 7.646139e+01 3.600000e+01
      vertex   1.828629e+01 7.606889e+01 3.300000e+01
    endloop
  endfacet
  facet normal 9.075754e-01 4.198891e-01 -0.000000e+00
    outer loop
      vertex   1.828629e+01 7.606889e+01 3.300000e+01
      vertex   1.810469e+01 7.646139e+01 3.600000e+01
      vertex   1.828629e+01 7.606889e+01 3.600000e+01
    endloop
  endfacet
  facet normal 7.960931e-01 6.051742e-01 -0.000000e+00
    outer loop
      vertex   1.828629e+01 7.606889e+01 3.300000e+01
      vertex   1.828629e+01 7.606889e+01 3.600000e+01
      vertex   1.854801e+01 7.572460e+01 3.300000e+01
    endloop
  endfacet
  facet normal 7.960931e-01 6.051742e-01 9.427636e-16
    outer loop
      vertex   1.854801e+01 7.572460e+01 3.300000e+01
      vertex   1.828629e+01 7.606889e+01 3.600000e+01
      vertex   1.854801e+01 7.572460e+01 3.600000e+01
    endloop
  endfacet
  facet normal 6.473863e-01 7.621621e-01 7.666594e-16
    outer loop
      vertex   1.854801e+01 7.572460e+01 3.300000e+01
      vertex   1.854801e+01 7.572460e+01 3.600000e+01
      vertex   1.887763e+01 7.544462e+01 3.300000e+01
    endloop
  endfacet
  facet normal 6.473863e-01 7.621621e-01 -0.000000e+00
    outer loop
      vertex   1.887763e+01 7.544462e+01 3.300000e+01
      vertex   1.854801e+01 7.572460e+01 3.600000e+01
      vertex   1.887763e+01 7.544462e+01 3.600000e+01
    endloop
  endfacet
  facet normal 4.684084e-01 8.835120e-01 -0.000000e+00
    outer loop
      vertex   1.887763e+01 7.544462e+01 3.300000e+01
      vertex   1.887763e+01 7.544462e+01 3.600000e+01
      vertex   1.925972e+01 7.524204e+01 3.300000e+01
    endloop
  endfacet
  facet normal 4.684084e-01 8.835120e-01 -0.000000e+00
    outer loop
      vertex   1.925972e+01 7.524204e+01 3.300000e+01
      vertex   1.887763e+01 7.544462e+01 3.600000e+01
      vertex   1.925972e+01 7.524204e+01 3.600000e+01
    endloop
  endfacet
  facet normal 2.675283e-01 9.635500e-01 -0.000000e+00
    outer loop
      vertex   1.925972e+01 7.524204e+01 3.300000e+01
      vertex   1.925972e+01 7.524204e+01 3.600000e+01
      vertex   1.967644e+01 7.512634e+01 3.300000e+01
    endloop
  endfacet
  facet normal 2.675283e-01 9.635500e-01 -0.000000e+00
    outer loop
      vertex   1.967644e+01 7.512634e+01 3.300000e+01
      vertex   1.925972e+01 7.524204e+01 3.600000e+01
      vertex   1.967644e+01 7.512634e+01 3.600000e+01
    endloop
  endfacet
  facet normal 5.413891e-02 9.985334e-01 -0.000000e+00
    outer loop
      vertex   1.967644e+01 7.512634e+01 3.300000e+01
      vertex   1.967644e+01 7.512634e+01 3.600000e+01
      vertex   2.010828e+01 7.510293e+01 3.300000e+01
    endloop
  endfacet
  facet normal 5.413891e-02 9.985334e-01 -0.000000e+00
    outer loop
      vertex   2.010828e+01 7.510293e+01 3.300000e+01
      vertex   1.967644e+01 7.512634e+01 3.600000e+01
      vertex   2.010828e+01 7.510293e+01 3.600000e+01
    endloop
  endfacet
  facet normal -1.617820e-01 9.868265e-01 0.000000e+00
    outer loop
      vertex   2.010828e+01 7.510293e+01 3.300000e+01
      vertex   2.010828e+01 7.510293e+01 3.600000e+01
      vertex   2.053506e+01 7.517290e+01 3.300000e+01
    endloop
  endfacet
  facet normal -1.617820e-01 9.868265e-01 -1.915884e-16
    outer loop
      vertex   2.053506e+01 7.517290e+01 3.300000e+01
      vertex   2.010828e+01 7.510293e+01 3.600000e+01
      vertex   2.053506e+01 7.517290e+01 3.600000e+01
    endloop
  endfacet
  facet normal -3.701382e-01 9.289767e-01 -4.383316e-16
    outer loop
      vertex   2.053506e+01 7.517290e+01 3.300000e+01
      vertex   2.053506e+01 7.517290e+01 3.600000e+01
      vertex   2.093682e+01 7.533297e+01 3.300000e+01
    endloop
  endfacet
  facet normal -3.701382e-01 9.289767e-01 0.000000e+00
    outer loop
      vertex   2.093682e+01 7.533297e+01 3.300000e+01
      vertex   2.053506e+01 7.517290e+01 3.600000e+01
      vertex   2.093682e+01 7.533297e+01 3.600000e+01
    endloop
  endfacet
  facet normal -5.611871e-01 8.276890e-01 0.000000e+00
    outer loop
      vertex   2.093682e+01 7.533297e+01 3.300000e+01
      vertex   2.093682e+01 7.533297e+01 3.600000e+01
      vertex   2.129477e+01 7.557567e+01 3.300000e+01
    endloop
  endfacet
  facet normal -5.611871e-01 8.276890e-01 -6.645790e-16
    outer loop
      vertex   2.129477e+01 7.557567e+01 3.300000e+01
      vertex   2.093682e+01 7.533297e+01 3.600000e+01
      vertex   2.129477e+01 7.557567e+01 3.600000e+01
    endloop
  endfacet
  facet normal -7.259955e-01 6.876995e-01 -8.597514e-16
    outer loop
      vertex   2.129477e+01 7.557567e+01 3.300000e+01
      vertex   2.129477e+01 7.557567e+01 3.600000e+01
      vertex   2.159219e+01 7.588965e+01 3.300000e+01
    endloop
  endfacet
  facet normal -7.259955e-01 6.876995e-01 3.257599e-15
    outer loop
      vertex   2.159219e+01 7.588965e+01 3.300000e+01
      vertex   2.129477e+01 7.557567e+01 3.600000e+01
      vertex   2.159219e+01 7.588965e+01 3.600000e+01
    endloop
  endfacet
  facet normal -8.568572e-01 5.155539e-01 2.442154e-15
    outer loop
      vertex   2.159219e+01 7.588965e+01 3.300000e+01
      vertex   2.159219e+01 7.588965e+01 3.600000e+01
      vertex   2.181515e+01 7.626022e+01 3.300000e+01
    endloop
  endfacet
  facet normal -8.568572e-01 5.155539e-01 0.000000e+00
    outer loop
      vertex   2.181515e+01 7.626022e+01 3.300000e+01
      vertex   2.159219e+01 7.588965e+01 3.600000e+01
      vertex   2.181515e+01 7.626022e+01 3.600000e+01
    endloop
  endfacet
  facet normal -9.476532e-01 3.193015e-01 0.000000e+00
    outer loop
      vertex   2.181515e+01 7.626022e+01 3.300000e+01
      vertex   2.181515e+01 7.626022e+01 3.600000e+01
      vertex   2.195324e+01 7.667006e+01 3.300000e+01
    endloop
  endfacet
  facet normal -9.476532e-01 3.193015e-01 0.000000e+00
    outer loop
      vertex   2.195324e+01 7.667006e+01 3.300000e+01
      vertex   2.181515e+01 7.626022e+01 3.600000e+01
      vertex   2.195324e+01 7.667006e+01 3.600000e+01
    endloop
  endfacet
  facet normal -9.941380e-01 1.081190e-01 0.000000e+00
    outer loop
      vertex   3.195324e+01 1.167006e+01 3.300000e+01
      vertex   3.195324e+01 1.167006e+01 3.600000e+01
      vertex   3.200000e+01 1.210000e+01 3.300000e+01
    endloop
  endfacet
  facet normal -9.941380e-01 1.081190e-01 0.000000e+00
    outer loop
      vertex   3.200000e+01 1.210000e+01 3.300000e+01
      vertex   3.195324e+01 1.167006e+01 3.600000e+01
      vertex   3.200000e+01 1.210000e+01 3.600000e+01
    endloop
  endfacet
  facet normal -9.941380e-01 -1.081190e-01 0.000000e+00
    outer loop
      vertex   3.200000e+01 1.210000e+01 3.300000e+01
      vertex   3.200000e+01 1.210000e+01 3.600000e+01
      vertex   3.195324e+01 1.252994e+01 3.300000e+01
    endloop
  endfacet
  facet normal -9.941380e-01 -1.081190e-01 0.000000e+00
    outer loop
      vertex   3.195324e+01 1.252994e+01 3.300000e+01
      vertex   3.200000e+01 1.210000e+01 3.600000e+01
      vertex   3.195324e+01 1.252994e+01 3.600000e+01
    endloop
  endfacet
  facet normal -9.476532e-01 -3.193015e-01 0.000000e+00
    outer loop
      vertex   3.195324e+01 1.252994e+01 3.300000e+01
      vertex   3.195324e+01 1.252994e+01 3.600000e+01
      vertex   3.181515e+01 1.293978e+01 3.300000e+01
    endloop
  endfacet
  facet normal -9.476532e-01 -3.193015e-01 0.000000e+00
    outer loop
      vertex   3.181515e+01 1.293978e+01 3.300000e+01
      vertex   3.195324e+01 1.252994e+01 3.600000e+01
      vertex   3.181515e+01 1.293978e+01 3.600000e+01
    endloop
  endfacet
  facet normal -8.568572e-01 -5.155539e-01 0.000000e+00
    outer loop
      vertex   3.181515e+01 1.293978e+01 3.300000e+01
      vertex   3.181515e+01 1.293978e+01 3.600000e+01
      vertex   3.159219e+01 1.331035e+01 3.300000e+01
    endloop
  endfacet
  facet normal -8.568572e-01 -5.155539e-01 0.000000e+00
    outer loop
      vertex   3.159219e+01 1.331035e+01 3.300000e+01
      vertex   3.181515e+01 1.293978e+01 3.600000e+01
      vertex   3.159219e+01 1.331035e+01 3.600000e+01
    endloop
  endfacet
  facet normal -7.259955e-01 -6.876995e-01 0.000000e+00
    outer loop
      vertex   3.159219e+01 1.331035e+01 3.300000e+01
      vertex   3.159219e+01 1.331035e+01 3.600000e+01
      vertex   3.129477e+01 1.362432e+01 3.300000e+01
    endloop
  endfacet
  facet normal -7.259955e-01 -6.876995e-01 -4.071999e-16
    outer loop
      vertex   3.129477e+01 1.362432e+01 3.300000e+01
      vertex   3.159219e+01 1.331035e+01 3.600000e+01
      vertex   3.129477e+01 1.362432e+01 3.600000e+01
    endloop
  endfacet
  facet normal -5.611871e-01 -8.276890e-01 -4.900903e-16
    outer loop
      vertex   3.129477e+01 1.362432e+01 3.300000e+01
      vertex   3.129477e+01 1.362432e+01 3.600000e+01
      vertex   3.093682e+01 1.386702e+01 3.300000e+01
    endloop
  endfacet
  facet normal -5.611871e-01 -8.276890e-01 -4.900903e-16
    outer loop
      vertex   3.093682e+01 1.386702e+01 3.300000e+01
      vertex   3.129477e+01 1.362432e+01 3.600000e+01
      vertex   3.093682e+01 1.386702e+01 3.600000e+01
    endloop
  endfacet
  facet normal -3.701382e-01 -9.289767e-01 -5.500647e-16
    outer loop
      vertex   3.093682e+01 1.386702e+01 3.300000e+01
      vertex   3.093682e+01 1.386702e+01 3.600000e+01
      vertex   3.053506e+01 1.402710e+01 3.300000e+01
    endloop
  endfacet
  facet normal -3.701382e-01 -9.289767e-01 0.000000e+00
    outer loop
      vertex   3.053506e+01 1.402710e+01 3.300000e+01
      vertex   3.093682e+01 1.386702e+01 3.600000e+01
      vertex   3.053506e+01 1.402710e+01 3.600000e+01
    endloop
  endfacet
  facet normal -1.617820e-01 -9.868265e-01 0.000000e+00
    outer loop
      vertex   3.053506e+01 1.402710e+01 3.300000e+01
      vertex   3.053506e+01 1.402710e+01 3.600000e+01
      vertex   3.010828e+01 1.409706e+01 3.300000e+01
    endloop
  endfacet
  facet normal -1.617820e-01 -9.868265e-01 0.000000e+00
    outer loop
      vertex   3.010828e+01 1.409706e+01 3.300000e+01
      vertex   3.053506e+01 1.402710e+01 3.600000e+01
      vertex   3.010828e+01 1.409706e+01 3.600000e+01
    endloop
  endfacet
  facet normal 5.413891e-02 -9.985334e-01 0.000000e+00
    outer loop
      vertex   3.010828e+01 1.409706e+01 3.300000e+01
      vertex   3.010828e+01 1.409706e+01 3.600000e+01
      vertex   2.967644e+01 1.407365e+01 3.300000e+01
    endloop
  endfacet
  facet normal 5.413891e-02 -9.985334e-01 0.000000e+00
    outer loop
      vertex   2.967644e+01 1.407365e+01 3.300000e+01
      vertex   3.010828e+01 1.409706e+01 3.600000e+01
      vertex   2.967644e+01 1.407365e+01 3.600000e+01
    endloop
  endfacet
  facet normal 2.675283e-01 -9.635500e-01 0.000000e+00
    outer loop
      vertex   2.967644e+01 1.407365e+01 3.300000e+01
      vertex   2.967644e+01 1.407365e+01 3.600000e+01
      vertex   2.925972e+01 1.395795e+01 3.300000e+01
    endloop
  endfacet
  facet normal 2.675283e-01 -9.635500e-01 0.000000e+00
    outer loop
      vertex   2.925972e+01 1.395795e+01 3.300000e+01
      vertex   2.967644e+01 1.407365e+01 3.600000e+01
      vertex   2.925972e+01 1.395795e+01 3.600000e+01
    endloop
  endfacet
  facet normal 4.684084e-01 -8.835120e-01 0.000000e+00
    outer loop
      vertex   2.925972e+01 1.395795e+01 3.300000e+01
      vertex   2.925972e+01 1.395795e+01 3.600000e+01
      vertex   2.887763e+01 1.375538e+01 3.300000e+01
    endloop
  endfacet
  facet normal 4.684084e-01 -8.835120e-01 0.000000e+00
    outer loop
      vertex   2.887763e+01 1.375538e+01 3.300000e+01
      vertex   2.925972e+01 1.395795e+01 3.600000e+01
      vertex   2.887763e+01 1.375538e+01 3.600000e+01
    endloop
  endfacet
  facet normal 6.473863e-01 -7.621621e-01 0.000000e+00
    outer loop
      vertex   2.887763e+01 1.375538e+01 3.300000e+01
      vertex   2.887763e+01 1.375538e+01 3.600000e+01
      vertex   2.854801e+01 1.347540e+01 3.300000e+01
    endloop
  endfacet
  facet normal 6.473863e-01 -7.621621e-01 -7.666594e-16
    outer loop
      vertex   2.854801e+01 1.347540e+01 3.300000e+01
      vertex   2.887763e+01 1.375538e+01 3.600000e+01
      vertex   2.854801e+01 1.347540e+01 3.600000e+01
    endloop
  endfacet
  facet normal 7.960931e-01 -6.051742e-01 -9.427636e-16
    outer loop
      vertex   2.854801e+01 1.347540e+01 3.300000e+01
      vertex   2.854801e+01 1.347540e+01 3.600000e+01
      vertex   2.828629e+01 1.313111e+01 3.300000e+01
    endloop
  endfacet
  facet normal 7.960931e-01 -6.051742e-01 0.000000e+00
    outer loop
      vertex   2.828629e+01 1.313111e+01 3.300000e+01
      vertex   2.854801e+01 1.347540e+01 3.600000e+01
      vertex   2.828629e+01 1.313111e+01 3.600000e+01
    endloop
  endfacet
  facet normal 9.075754e-01 -4.198891e-01 0.000000e+00
    outer loop
      vertex   2.828629e+01 1.313111e+01 3.300000e+01
      vertex   2.828629e+01 1.313111e+01 3.600000e+01
      vertex   2.810469e+01 1.273860e+01 3.300000e+01
    endloop
  endfacet
  facet normal 9.075754e-01 -4.198891e-01 0.000000e+00
    outer loop
      vertex   2.810469e+01 1.273860e+01 3.300000e+01
      vertex   2.828629e+01 1.313111e+01 3.600000e+01
      vertex   2.810469e+01 1.273860e+01 3.600000e+01
    endloop
  endfacet
  facet normal 9.766206e-01 -2.149704e-01 0.000000e+00
    outer loop
      vertex   2.810469e+01 1.273860e+01 3.300000e+01
      vertex   2.810469e+01 1.273860e+01 3.600000e+01
      vertex   2.801172e+01 1.231624e+01 3.300000e+01
    endloop
  endfacet
  facet normal 9.766206e-01 -2.149704e-01 0.000000e+00
    outer loop
      vertex   2.801172e+01 1.231624e+01 3.300000e+01
      vertex   2.810469e+01 1.273860e+01 3.600000e+01
      vertex   2.801172e+01 1.231624e+01 3.600000e+01
    endloop
  endfacet
  facet normal 1.000000e+00 0.000000e+00 -0.000000e+00
    outer loop
      vertex   2.801172e+01 1.231624e+01 3.300000e+01
      vertex   2.801172e+01 1.231624e+01 3.600000e+01
      vertex   2.801172e+01 1.188376e+01 3.300000e+01
    endloop
  endfacet
  facet normal 1.000000e+00 0.000000e+00 0.000000e+00
    outer loop
      vertex   2.801172e+01 1.188376e+01 3.300000e+01
      vertex   2.801172e+01 1.231624e+01 3.600000e+01
      vertex   2.801172e+01 1.188376e+01 3.600000e+01
    endloop
  endfacet
  facet normal 9.766206e-01 2.149704e-01 -0.000000e+00
    outer loop
      vertex   2.801172e+01 1.188376e+01 3.300000e+01
      vertex   2.801172e+01 1.188376e+01 3.600000e+01
      vertex   2.810469e+01 1.146139e+01 3.300000e+01
    endloop
  endfacet
  facet normal 9.766206e-01 2.149704e-01 -0.000000e+00
    outer loop
      vertex   2.810469e+01 1.146139e+01 3.300000e+01
      vertex   2.801172e+01 1.188376e+01 3.600000e+01
      vertex   2.810469e+01 1.146139e+01 3.600000e+01
    endloop
  endfacet
  facet normal 9.075754e-01 4.198891e-01 -0.000000e+00
    outer loop
      vertex   2.810469e+01 1.146139e+01 3.300000e+01
      vertex   2.810469e+01 1.146139e+01 3.600000e+01
      vertex   2.828629e+01 1.106889e+01 3.300000e+01
    endloop
  endfacet
  facet normal 9.075754e-01 4.198891e-01 -0.000000e+00
    outer loop
      vertex   2.828629e+01 1.106889e+01 3.300000e+01
      vertex   2.810469e+01 1.146139e+01 3.600000e+01
      vertex   2.828629e+01 1.106889e+01 3.600000e+01
    endloop
  endfacet
  facet normal 7.960931e-01 6.051742e-01 -0.000000e+00
    outer loop
      vertex   2.828629e+01 1.106889e+01 3.300000e+01
      vertex   2.828629e+01 1.106889e+01 3.600000e+01
      vertex   2.854801e+01 1.072460e+01 3.300000e+01
    endloop
  endfacet
  facet normal 7.960931e-01 6.051742e-01 9.427636e-16
    outer loop
      vertex   2.854801e+01 1.072460e+01 3.300000e+01
      vertex   2.828629e+01 1.106889e+01 3.600000e+01
      vertex   2.854801e+01 1.072460e+01 3.600000e+01
    endloop
  endfacet
  facet normal 6.473863e-01 7.621621e-01 7.666594e-16
    outer loop
      vertex   2.854801e+01 1.072460e+01 3.300000e+01
      vertex   2.854801e+01 1.072460e+01 3.600000e+01
      vertex   2.887763e+01 1.044462e+01 3.300000e+01
    endloop
  endfacet
  facet normal 6.473863e-01 7.621621e-01 -0.000000e+00
    outer loop
      vertex   2.887763e+01 1.044462e+01 3.300000e+01
      vertex   2.854801e+01 1.072460e+01 3.600000e+01
      vertex   2.887763e+01 1.044462e+01 3.600000e+01
    endloop
  endfacet
  facet normal 4.684084e-01 8.835120e-01 -0.000000e+00
    outer loop
      vertex   2.887763e+01 1.044462e+01 3.300000e+01
      vertex   2.887763e+01 1.044462e+01 3.600000e+01
      vertex   2.925972e+01 1.024204e+01 3.300000e+01
    endloop
  endfacet
  facet normal 4.684084e-01 8.835120e-01 -0.000000e+00
    outer loop
      vertex   2.925972e+01 1.024204e+01 3.300000e+01
      vertex   2.887763e+01 1.044462e+01 3.600000e+01
      vertex   2.925972e+01 1.024204e+01 3.600000e+01
    endloop
  endfacet
  facet normal 2.675283e-01 9.635500e-01 -0.000000e+00
    outer loop
      vertex   2.925972e+01 1.024204e+01 3.300000e+01
      vertex   2.925972e+01 1.024204e+01 3.600000e+01
      vertex   2.967644e+01 1.012634e+01 3.300000e+01
    endloop
  endfacet
  facet normal 2.675283e-01 9.635500e-01 -0.000000e+00
    outer loop
      vertex   2.967644e+01 1.012634e+01 3.300000e+01
      vertex   2.925972e+01 1.024204e+01 3.600000e+01
      vertex   2.967644e+01 1.012634e+01 3.600000e+01
    endloop
  endfacet
  facet normal 5.413891e-02 9.985334e-01 -0.000000e+00
    outer loop
      vertex   2.967644e+01 1.012634e+01 3.300000e+01
      vertex   2.967644e+01 1.012634e+01 3.600000e+01
      vertex   3.010828e+01 1.010293e+01 3.300000e+01
    endloop
  endfacet
  facet normal 5.413891e-02 9.985334e-01 -0.000000e+00
    outer loop
      vertex   3.010828e+01 1.010293e+01 3.300000e+01
      vertex   2.967644e+01 1.012634e+01 3.600000e+01
      vertex   3.010828e+01 1.010293e+01 3.600000e+01
    endloop
  endfacet
  facet normal -1.617820e-01 9.868265e-01 0.000000e+00
    outer loop
      vertex   3.010828e+01 1.010293e+01 3.300000e+01
      vertex   3.010828e+01 1.010293e+01 3.600000e+01
      vertex   3.053506e+01 1.017290e+01 3.300000e+01
    endloop
  endfacet
  facet normal -1.617820e-01 9.868265e-01 0.000000e+00
    outer loop
      vertex   3.053506e+01 1.017290e+01 3.300000e+01
      vertex   3.010828e+01 1.010293e+01 3.600000e+01
      vertex   3.053506e+01 1.017290e+01 3.600000e+01
    endloop
  endfacet
  facet normal -3.701382e-01 9.289767e-01 0.000000e+00
    outer loop
      vertex   3.053506e+01 1.017290e+01 3.300000e+01
      vertex   3.053506e+01 1.017290e+01 3.600000e+01
      vertex   3.093682e+01 1.033297e+01 3.300000e+01
    endloop
  endfacet
  facet normal -3.701382e-01 9.289767e-01 5.500647e-16
    outer loop
      vertex   3.093682e+01 1.033297e+01 3.300000e+01
      vertex   3.053506e+01 1.017290e+01 3.600000e+01
      vertex   3.093682e+01 1.033297e+01 3.600000e+01
    endloop
  endfacet
  facet normal -5.611871e-01 8.276890e-01 4.900903e-16
    outer loop
      vertex   3.093682e+01 1.033297e+01 3.300000e+01
      vertex   3.093682e+01 1.033297e+01 3.600000e+01
      vertex   3.129477e+01 1.057567e+01 3.300000e+01
    endloop
  endfacet
  facet normal -5.611871e-01 8.276890e-01 4.900903e-16
    outer loop
      vertex   3.129477e+01 1.057567e+01 3.300000e+01
      vertex   3.093682e+01 1.033297e+01 3.600000e+01
      vertex   3.129477e+01 1.057567e+01 3.600000e+01
    endloop
  endfacet
  facet normal -7.259955e-01 6.876995e-01 4.071999e-16
    outer loop
      vertex   3.129477e+01 1.057567e+01 3.300000e+01
      vertex   3.129477e+01 1.057567e+01 3.600000e+01
      vertex   3.159219e+01 1.088965e+01 3.300000e+01
    endloop
  endfacet
  facet normal -7.259955e-01 6.876995e-01 0.000000e+00
    outer loop
      vertex   3.159219e+01 1.088965e+01 3.300000e+01
      vertex   3.129477e+01 1.057567e+01 3.600000e+01
      vertex   3.159219e+01 1.088965e+01 3.600000e+01
    endloop
  endfacet
  facet normal -8.568572e-01 5.155539e-01 0.000000e+00
    outer loop
      vertex   3.159219e+01 1.088965e+01 3.300000e+01
      vertex   3.159219e+01 1.088965e+01 3.600000e+01
      vertex   3.181515e+01 1.126022e+01 3.300000e+01
    endloop
  endfacet
  facet normal -8.568572e-01 5.155539e-01 0.000000e+00
    outer loop
      vertex   3.181515e+01 1.126022e+01 3.300000e+01
      vertex   3.159219e+01 1.088965e+01 3.600000e+01
      vertex   3.181515e+01 1.126022e+01 3.600000e+01
    endloop
  endfacet
  facet normal -9.476532e-01 3.193015e-01 0.000000e+00
    outer loop
      vertex   3.181515e+01 1.126022e+01 3.300000e+01
      vertex   3.181515e+01 1.126022e+01 3.600000e+01
      vertex   3.195324e+01 1.167006e+01 3.300000e+01
    endloop
  endfacet
  facet normal -9.476532e-01 3.193015e-01 0.000000e+00
    outer loop
      vertex   3.195324e+01 1.167006e+01 3.300000e+01
      vertex   3.181515e+01 1.126022e+01 3.600000e+01
      vertex   3.195324e+01 1.167006e+01 3.600000e+01
    endloop
  endfacet
  facet normal -9.941380e-01 1.081190e-01 0.000000e+00
    outer loop
      vertex   -1.804676e+01 7.667006e+01 3.300000e+01
      vertex   -1.804676e+01 7.667006e+01 3.600000e+01
      vertex   -1.800000e+01 7.710000e+01 3.300000e+01
    endloop
  endfacet
  facet normal -9.941380e-01 1.081190e-01 0.000000e+00
    outer loop
      vertex   -1.800000e+01 7.710000e+01 3.300000e+01
      vertex   -1.804676e+01 7.667006e+01 3.600000e+01
      vertex   -1.800000e+01 7.710000e+01 3.600000e+01
    endloop
  endfacet
  facet normal -9.941380e-01 -1.081190e-01 0.000000e+00
    outer loop
      vertex   -1.800000e+01 7.710000e+01 3.300000e+01
      vertex   -1.800000e+01 7.710000e+01 3.600000e+01
      vertex   -1.804676e+01 7.752994e+01 3.300000e+01
    endloop
  endfacet
  facet normal -9.941380e-01 -1.081190e-01 0.000000e+00
    outer loop
      vertex   -1.804676e+01 7.752994e+01 3.300000e+01
      vertex   -1.800000e+01 7.710000e+01 3.600000e+01
      vertex   -1.804676e+01 7.752994e+01 3.600000e+01
    endloop
  endfacet
  facet normal -9.476532e-01 -3.193015e-01 0.000000e+00
    outer loop
      vertex   -1.804676e+01 7.752994e+01 3.300000e+01
      vertex   -1.804676e+01 7.752994e+01 3.600000e+01
      vertex   -1.818485e+01 7.793978e+01 3.300000e+01
    endloop
  endfacet
  facet normal -9.476532e-01 -3.193015e-01 0.000000e+00
    outer loop
      vertex   -1.818485e+01 7.793978e+01 3.300000e+01
      vertex   -1.804676e+01 7.752994e+01 3.600000e+01
      vertex   -1.818485e+01 7.793978e+01 3.600000e+01
    endloop
  endfacet
  facet normal -8.568572e-01 -5.155539e-01 0.000000e+00
    outer loop
      vertex   -1.818485e+01 7.793978e+01 3.300000e+01
      vertex   -1.818485e+01 7.793978e+01 3.600000e+01
      vertex   -1.840781e+01 7.831035e+01 3.300000e+01
    endloop
  endfacet
  facet normal -8.568572e-01 -5.155539e-01 1.014723e-15
    outer loop
      vertex   -1.840781e+01 7.831035e+01 3.300000e+01
      vertex   -1.818485e+01 7.793978e+01 3.600000e+01
      vertex   -1.840781e+01 7.831035e+01 3.600000e+01
    endloop
  endfacet
  facet normal -7.259955e-01 -6.876995e-01 8.597514e-16
    outer loop
      vertex   -1.840781e+01 7.831035e+01 3.300000e+01
      vertex   -1.840781e+01 7.831035e+01 3.600000e+01
      vertex   -1.870523e+01 7.862432e+01 3.300000e+01
    endloop
  endfacet
  facet normal -7.259955e-01 -6.876995e-01 0.000000e+00
    outer loop
      vertex   -1.870523e+01 7.862432e+01 3.300000e+01
      vertex   -1.840781e+01 7.831035e+01 3.600000e+01
      vertex   -1.870523e+01 7.862432e+01 3.600000e+01
    endloop
  endfacet
  facet normal -5.611871e-01 -8.276890e-01 0.000000e+00
    outer loop
      vertex   -1.870523e+01 7.862432e+01 3.300000e+01
      vertex   -1.870523e+01 7.862432e+01 3.600000e+01
      vertex   -1.906318e+01 7.886702e+01 3.300000e+01
    endloop
  endfacet
  facet normal -5.611871e-01 -8.276890e-01 0.000000e+00
    outer loop
      vertex   -1.906318e+01 7.886702e+01 3.300000e+01
      vertex   -1.870523e+01 7.862432e+01 3.600000e+01
      vertex   -1.906318e+01 7.886702e+01 3.600000e+01
    endloop
  endfacet
  facet normal -3.701382e-01 -9.289767e-01 0.000000e+00
    outer loop
      vertex   -1.906318e+01 7.886702e+01 3.300000e+01
      vertex   -1.906318e+01 7.886702e+01 3.600000e+01
      vertex   -1.946494e+01 7.902710e+01 3.300000e+01
    endloop
  endfacet
  facet normal -3.701382e-01 -9.289767e-01 4.383316e-16
    outer loop
      vertex   -1.946494e+01 7.902710e+01 3.300000e+01
      vertex   -1.906318e+01 7.886702e+01 3.600000e+01
      vertex   -1.946494e+01 7.902710e+01 3.600000e+01
    endloop
  endfacet
  facet normal -1.617820e-01 -9.868265e-01 1.915884e-16
    outer loop
      vertex   -1.946494e+01 7.902710e+01 3.300000e+01
      vertex   -1.946494e+01 7.902710e+01 3.600000e+01
      vertex   -1.989172e+01 7.909706e+01 3.300000e+01
    endloop
  endfacet
  facet normal -1.617820e-01 -9.868265e-01 1.915884e-16
    outer loop
      vertex   -1.989172e+01 7.909706e+01 3.300000e+01
      vertex   -1.946494e+01 7.902710e+01 3.600000e+01
      vertex   -1.989172e+01 7.909706e+01 3.600000e+01
    endloop
  endfacet
  facet normal 5.413891e-02 -9.985334e-01 -6.411335e-17
    outer loop
      vertex   -1.989172e+01 7.909706e+01 3.300000e+01
      vertex   -1.989172e+01 7.909706e+01 3.600000e+01
      vertex   -2.032356e+01 7.907365e+01 3.300000e+01
    endloop
  endfacet
  facet normal 5.413891e-02 -9.985334e-01 0.000000e+00
    outer loop
      vertex   -2.032356e+01 7.907365e+01 3.300000e+01
      vertex   -1.989172e+01 7.909706e+01 3.600000e+01
      vertex   -2.032356e+01 7.907365e+01 3.600000e+01
    endloop
  endfacet
  facet normal 2.675283e-01 -9.635500e-01 0.000000e+00
    outer loop
      vertex   -2.032356e+01 7.907365e+01 3.300000e+01
      vertex   -2.032356e+01 7.907365e+01 3.600000e+01
      vertex   -2.074028e+01 7.895795e+01 3.300000e+01
    endloop
  endfacet
  facet normal 2.675283e-01 -9.635500e-01 0.000000e+00
    outer loop
      vertex   -2.074028e+01 7.895795e+01 3.300000e+01
      vertex   -2.032356e+01 7.907365e+01 3.600000e+01
      vertex   -2.074028e+01 7.895795e+01 3.600000e+01
    endloop
  endfacet
  facet normal 4.684084e-01 -8.835120e-01 0.000000e+00
    outer loop
      vertex   -2.074028e+01 7.895795e+01 3.300000e+01
      vertex   -2.074028e+01 7.895795e+01 3.600000e+01
      vertex   -2.112237e+01 7.875538e+01 3.300000e+01
    endloop
  endfacet
  facet normal 4.684084e-01 -8.835120e-01 0.000000e+00
    outer loop
      vertex   -2.112237e+01 7.875538e+01 3.300000e+01
      vertex   -2.074028e+01 7.895795e+01 3.600000e+01
      vertex   -2.112237e+01 7.875538e+01 3.600000e+01
    endloop
  endfacet
  facet normal 6.473863e-01 -7.621621e-01 0.000000e+00
    outer loop
      vertex   -2.112237e+01 7.875538e+01 3.300000e+01
      vertex   -2.112237e+01 7.875538e+01 3.600000e+01
      vertex   -2.145199e+01 7.847540e+01 3.300000e+01
    endloop
  endfacet
  facet normal 6.473863e-01 -7.621621e-01 -7.666594e-16
    outer loop
      vertex   -2.145199e+01 7.847540e+01 3.300000e+01
      vertex   -2.112237e+01 7.875538e+01 3.600000e+01
      vertex   -2.145199e+01 7.847540e+01 3.600000e+01
    endloop
  endfacet
  facet normal 7.960931e-01 -6.051742e-01 -9.427636e-16
    outer loop
      vertex   -2.145199e+01 7.847540e+01 3.300000e+01
      vertex   -2.145199e+01 7.847540e+01 3.600000e+01
      vertex   -2.171371e+01 7.813111e+01 3.300000e+01
    endloop
  endfacet
  facet normal 7.960931e-01 -6.051742e-01 0.000000e+00
    outer loop
      vertex   -2.171371e+01 7.813111e+01 3.300000e+01
      vertex   -2.145199e+01 7.847540e+01 3.600000e+01
      vertex   -2.171371e+01 7.813111e+01 3.600000e+01
    endloop
  endfacet
  facet normal 9.075754e-01 -4.198891e-01 0.000000e+00
    outer loop
      vertex   -2.171371e+01 7.813111e+01 3.300000e+01
      vertex   -2.171371e+01 7.813111e+01 3.600000e+01
      vertex   -2.189531e+01 7.773860e+01 3.300000e+01
    endloop
  endfacet
  facet normal 9.075754e-01 -4.198891e-01 1.988994e-15
    outer loop
      vertex   -2.189531e+01 7.773860e+01 3.300000e+01
      vertex   -2.171371e+01 7.813111e+01 3.600000e+01
      vertex   -2.189531e+01 7.773860e+01 3.600000e+01
    endloop
  endfacet
  facet normal 9.766206e-01 -2.149704e-01 1.018305e-15
    outer loop
      vertex   -2.189531e+01 7.773860e+01 3.300000e+01
      vertex   -2.189531e+01 7.773860e+01 3.600000e+01
      vertex   -2.198828e+01 7.731624e+01 3.300000e+01
    endloop
  endfacet
  facet normal 9.766206e-01 -2.149704e-01 0.000000e+00
    outer loop
      vertex   -2.198828e+01 7.731624e+01 3.300000e+01
      vertex   -2.189531e+01 7.773860e+01 3.600000e+01
      vertex   -2.198828e+01 7.731624e+01 3.600000e+01
    endloop
  endfacet
  facet normal 1.000000e+00 0.000000e+00 -0.000000e+00
    outer loop
      vertex   -2.198828e+01 7.731624e+01 3.300000e+01
      vertex   -2.198828e+01 7.731624e+01 3.600000e+01
      vertex   -2.198828e+01 7.688376e+01 3.300000e+01
    endloop
  endfacet
  facet normal 1.000000e+00 0.000000e+00 0.000000e+00
    outer loop
      vertex   -2.198828e+01 7.688376e+01 3.300000e+01
      vertex   -2.198828e+01 7.731624e+01 3.600000e+01
      vertex   -2.198828e+01 7.688376e+01 3.600000e+01
    endloop
  endfacet
  facet normal 9.766206e-01 2.149704e-01 -0.000000e+00
    outer loop
      vertex   -2.198828e+01 7.688376e+01 3.300000e+01
      vertex   -2.198828e+01 7.688376e+01 3.600000e+01
      vertex   -2.189531e+01 7.646139e+01 3.300000e+01
    endloop
  endfacet
  facet normal 9.766206e-01 2.149704e-01 -1.018305e-15
    outer loop
      vertex   -2.189531e+01 7.646139e+01 3.300000e+01
      vertex   -2.198828e+01 7.688376e+01 3.600000e+01
      vertex   -2.189531e+01 7.646139e+01 3.600000e+01
    endloop
  endfacet
  facet normal 9.075754e-01 4.198891e-01 -1.988994e-15
    outer loop
      vertex   -2.189531e+01 7.646139e+01 3.300000e+01
      vertex   -2.189531e+01 7.646139e+01 3.600000e+01
      vertex   -2.171371e+01 7.606889e+01 3.300000e+01
    endloop
  endfacet
  facet normal 9.075754e-01 4.198891e-01 -0.000000e+00
    outer loop
      vertex   -2.171371e+01 7.606889e+01 3.300000e+01
      vertex   -2.189531e+01 7.646139e+01 3.600000e+01
      vertex   -2.171371e+01 7.606889e+01 3.600000e+01
    endloop
  endfacet
  facet normal 7.960931e-01 6.051742e-01 -0.000000e+00
    outer loop
      vertex   -2.171371e+01 7.606889e+01 3.300000e+01
      vertex   -2.171371e+01 7.606889e+01 3.600000e+01
      vertex   -2.145199e+01 7.572460e+01 3.300000e+01
    endloop
  endfacet
  facet normal 7.960931e-01 6.051742e-01 9.427636e-16
    outer loop
      vertex   -2.145199e+01 7.572460e+01 3.300000e+01
      vertex   -2.171371e+01 7.606889e+01 3.600000e+01
      vertex   -2.145199e+01 7.572460e+01 3.600000e+01
    endloop
  endfacet
  facet normal 6.473863e-01 7.621621e-01 7.666594e-16
    outer loop
      vertex   -2.145199e+01 7.572460e+01 3.300000e+01
      vertex   -2.145199e+01 7.572460e+01 3.600000e+01
      vertex   -2.112237e+01 7.544462e+01 3.300000e+01
    endloop
  endfacet
  facet normal 6.473863e-01 7.621621e-01 -0.000000e+00
    outer loop
      vertex   -2.112237e+01 7.544462e+01 3.300000e+01
      vertex   -2.145199e+01 7.572460e+01 3.600000e+01
      vertex   -2.112237e+01 7.544462e+01 3.600000e+01
    endloop
  endfacet
  facet normal 4.684084e-01 8.835120e-01 -0.000000e+00
    outer loop
      vertex   -2.112237e+01 7.544462e+01 3.300000e+01
      vertex   -2.112237e+01 7.544462e+01 3.600000e+01
      vertex   -2.074028e+01 7.524204e+01 3.300000e+01
    endloop
  endfacet
  facet normal 4.684084e-01 8.835120e-01 -0.000000e+00
    outer loop
      vertex   -2.074028e+01 7.524204e+01 3.300000e+01
      vertex   -2.112237e+01 7.544462e+01 3.600000e+01
      vertex   -2.074028e+01 7.524204e+01 3.600000e+01
    endloop
  endfacet
  facet normal 2.675283e-01 9.635500e-01 -0.000000e+00
    outer loop
      vertex   -2.074028e+01 7.524204e+01 3.300000e+01
      vertex   -2.074028e+01 7.524204e+01 3.600000e+01
      vertex   -2.032356e+01 7.512634e+01 3.300000e+01
    endloop
  endfacet
  facet normal 2.675283e-01 9.635500e-01 -0.000000e+00
    outer loop
      vertex   -2.032356e+01 7.512634e+01 3.300000e+01
      vertex   -2.074028e+01 7.524204e+01 3.600000e+01
      vertex   -2.032356e+01 7.512634e+01 3.600000e+01
    endloop
  endfacet
  facet normal 5.413891e-02 9.985334e-01 -0.000000e+00
    outer loop
      vertex   -2.032356e+01 7.512634e+01 3.300000e+01
      vertex   -2.032356e+01 7.512634e+01 3.600000e+01
      vertex   -1.989172e+01 7.510293e+01 3.300000e+01
    endloop
  endfacet
  facet normal 5.413891e-02 9.985334e-01 6.411335e-17
    outer loop
      vertex   -1.989172e+01 7.510293e+01 3.300000e+01
      vertex   -2.032356e+01 7.512634e+01 3.600000e+01
      vertex   -1.989172e+01 7.510293e+01 3.600000e+01
    endloop
  endfacet
  facet normal -1.617820e-01 9.868265e-01 -1.915884e-16
    outer loop
      vertex   -1.989172e+01 7.510293e+01 3.300000e+01
      vertex   -1.989172e+01 7.510293e+01 3.600000e+01
      vertex   -1.946494e+01 7.517290e+01 3.300000e+01
    endloop
  endfacet
  facet normal -1.617820e-01 9.868265e-01 -1.915884e-16
    outer loop
      vertex   -1.946494e+01 7.517290e+01 3.300000e+01
      vertex   -1.989172e+01 7.510293e+01 3.600000e+01
      vertex   -1.946494e+01 7.517290e+01 3.600000e+01
    endloop
  endfacet
  facet normal -3.701382e-01 9.289767e-01 -4.383316e-16
    outer loop
      vertex   -1.946494e+01 7.517290e+01 3.300000e+01
      vertex   -1.946494e+01 7.517290e+01 3.600000e+01
      vertex   -1.906318e+01 7.533297e+01 3.300000e+01
    endloop
  endfacet
  facet normal -3.701382e-01 9.289767e-01 0.000000e+00
    outer loop
      vertex   -1.906318e+01 7.533297e+01 3.300000e+01
      vertex   -1.946494e+01 7.517290e+01 3.600000e+01
      vertex   -1.906318e+01 7.533297e+01 3.600000e+01
    endloop
  endfacet
  facet normal -5.611871e-01 8.276890e-01 0.000000e+00
    outer loop
      vertex   -1.906318e+01 7.533297e+01 3.300000e+01
      vertex   -1.906318e+01 7.533297e+01 3.600000e+01
      vertex   -1.870523e+01 7.557567e+01 3.300000e+01
    endloop
  endfacet
  facet normal -5.611871e-01 8.276890e-01 0.000000e+00
    outer loop
      vertex   -1.870523e+01 7.557567e+01 3.300000e+01
      vertex   -1.906318e+01 7.533297e+01 3.600000e+01
      vertex   -1.870523e+01 7.557567e+01 3.600000e+01
    endloop
  endfacet
  facet normal -7.259955e-01 6.876995e-01 0.000000e+00
    outer loop
      vertex   -1.870523e+01 7.557567e+01 3.300000e+01
      vertex   -1.870523e+01 7.557567e+01 3.600000e+01
      vertex   -1.840781e+01 7.588965e+01 3.300000e+01
    endloop
  endfacet
  facet normal -7.259955e-01 6.876995e-01 -8.597514e-16
    outer loop
      vertex   -1.840781e+01 7.588965e+01 3.300000e+01
      vertex   -1.870523e+01 7.557567e+01 3.600000e+01
      vertex   -1.840781e+01 7.588965e+01 3.600000e+01
    endloop
  endfacet
  facet normal -8.568572e-01 5.155539e-01 -1.014723e-15
    outer loop
      vertex   -1.840781e+01 7.588965e+01 3.300000e+01
      vertex   -1.840781e+01 7.588965e+01 3.600000e+01
      vertex   -1.818485e+01 7.626022e+01 3.300000e+01
    endloop
  endfacet
  facet normal -8.568572e-01 5.155539e-01 0.000000e+00
    outer loop
      vertex   -1.818485e+01 7.626022e+01 3.300000e+01
      vertex   -1.840781e+01 7.588965e+01 3.600000e+01
      vertex   -1.818485e+01 7.626022e+01 3.600000e+01
    endloop
  endfacet
  facet normal -9.476532e-01 3.193015e-01 0.000000e+00
    outer loop
      vertex   -1.818485e+01 7.626022e+01 3.300000e+01
      vertex   -1.818485e+01 7.626022e+01 3.600000e+01
      vertex   -1.804676e+01 7.667006e+01 3.300000e+01
    endloop
  endfacet
  facet normal -9.476532e-01 3.193015e-01 0.000000e+00
    outer loop
      vertex   -1.804676e+01 7.667006e+01 3.300000e+01
      vertex   -1.818485e+01 7.626022e+01 3.600000e+01
      vertex   -1.804676e+01 7.667006e+01 3.600000e+01
    endloop
  endfacet
  facet normal 0.000000e+00 -1.000000e+00 0.000000e+00
    outer loop
      vertex   -6.500000e+01 -2.640000e+01 2.800000e+01
      vertex   -3.632130e+01 -2.640000e+01 2.800000e+01
      vertex   -6.500000e+01 -2.640000e+01 3.300000e+01
    endloop
  endfacet
  facet normal 0.000000e+00 -1.000000e+00 0.000000e+00
    outer loop
      vertex   -6.500000e+01 -2.640000e+01 3.300000e+01
      vertex   -3.632130e+01 -2.640000e+01 2.800000e+01
      vertex   -3.632130e+01 -2.640000e+01 3.300000e+01
    endloop
  endfacet
  facet normal 0.000000e+00 1.000000e+00 -0.000000e+00
    outer loop
      vertex   -3.117573e+01 -2.250000e+01 2.800000e+01
      vertex   -6.500000e+01 -2.250000e+01 2.800000e+01
      vertex   -3.117573e+01 -2.250000e+01 3.300000e+01
    endloop
  endfacet
  facet normal 0.000000e+00 1.000000e+00 0.000000e+00
    outer loop
      vertex   -3.117573e+01 -2.250000e+01 3.300000e+01
      vertex   -6.500000e+01 -2.250000e+01 2.800000e+01
      vertex   -6.500000e+01 -2.250000e+01 3.300000e+01
    endloop
  endfacet
  facet normal -1.405603e-01 9.900721e-01 0.000000e+00
    outer loop
      vertex   -3.632130e+01 -2.640000e+01 3.300000e+01
      vertex   -3.632130e+01 -2.640000e+01 2.800000e+01
      vertex   -3.671221e+01 -2.645550e+01 3.300000e+01
    endloop
  endfacet
  facet normal -1.405603e-01 9.900721e-01 0.000000e+00
    outer loop
      vertex   -3.671221e+01 -2.645550e+01 3.300000e+01
      vertex   -3.632130e+01 -2.640000e+01 2.800000e+01
      vertex   -3.671221e+01 -2.645550e+01 2.800000e+01
    endloop
  endfacet
  facet normal -8.451543e-02 9.964222e-01 0.000000e+00
    outer loop
      vertex   -3.671221e+01 -2.645550e+01 3.300000e+01
      vertex   -3.671221e+01 -2.645550e+01 2.800000e+01
      vertex   -3.710562e+01 -2.648887e+01 3.300000e+01
    endloop
  endfacet
  facet normal -8.451543e-02 9.964222e-01 0.000000e+00
    outer loop
      vertex   -3.710562e+01 -2.648887e+01 3.300000e+01
      vertex   -3.671221e+01 -2.645550e+01 2.800000e+01
      vertex   -3.710562e+01 -2.648887e+01 2.800000e+01
    endloop
  endfacet
  facet normal -2.820171e-02 9.996023e-01 0.000000e+00
    outer loop
      vertex   -3.710562e+01 -2.648887e+01 3.300000e+01
      vertex   -3.710562e+01 -2.648887e+01 2.800000e+01
      vertex   -3.750028e+01 -2.650000e+01 3.300000e+01
    endloop
  endfacet
  facet normal -2.820171e-02 9.996023e-01 0.000000e+00
    outer loop
      vertex   -3.750028e+01 -2.650000e+01 3.300000e+01
      vertex   -3.710562e+01 -2.648887e+01 2.800000e+01
      vertex   -3.750028e+01 -2.650000e+01 2.800000e+01
    endloop
  endfacet
  facet normal -9.326551e-01 3.607692e-01 0.000000e+00
    outer loop
      vertex   -3.117573e+01 -2.250000e+01 2.800000e+01
      vertex   -3.117573e+01 -2.250000e+01 3.300000e+01
      vertex   -3.080323e+01 -2.153701e+01 2.800000e+01
    endloop
  endfacet
  facet normal -9.326551e-01 3.607692e-01 0.000000e+00
    outer loop
      vertex   -3.080323e+01 -2.153701e+01 2.800000e+01
      vertex   -3.117573e+01 -2.250000e+01 3.300000e+01
      vertex   -3.080323e+01 -2.153701e+01 3.300000e+01
    endloop
  endfacet
  facet normal -9.755788e-01 2.196498e-01 0.000000e+00
    outer loop
      vertex   -3.080323e+01 -2.153701e+01 2.800000e+01
      vertex   -3.080323e+01 -2.153701e+01 3.300000e+01
      vertex   -3.057643e+01 -2.052971e+01 2.800000e+01
    endloop
  endfacet
  facet normal -9.755788e-01 2.196498e-01 1.560706e-16
    outer loop
      vertex   -3.057643e+01 -2.052971e+01 2.800000e+01
      vertex   -3.080323e+01 -2.153701e+01 3.300000e+01
      vertex   -3.057643e+01 -2.052971e+01 3.300000e+01
    endloop
  endfacet
  facet normal -9.972767e-01 7.375148e-02 5.240358e-17
    outer loop
      vertex   -3.057643e+01 -2.052971e+01 2.800000e+01
      vertex   -3.057643e+01 -2.052971e+01 3.300000e+01
      vertex   -3.050028e+01 -1.950000e+01 2.800000e+01
    endloop
  endfacet
  facet normal -9.972767e-01 7.375148e-02 0.000000e+00
    outer loop
      vertex   -3.050028e+01 -1.950000e+01 2.800000e+01
      vertex   -3.057643e+01 -2.052971e+01 3.300000e+01
      vertex   -3.050028e+01 -1.950000e+01 3.300000e+01
    endloop
  endfacet
  facet normal -0.000000e+00 0.000000e+00 -1.000000e+00
    outer loop
      vertex   -3.632130e+01 -2.640000e+01 3.300000e+01
      vertex   -3.671221e+01 -2.645550e+01 3.300000e+01
      vertex   -6.500000e+01 -2.640000e+01 3.300000e+01
    endloop
  endfacet
  facet normal 0.000000e+00 0.000000e+00 -1.000000e+00
    outer loop
      vertex   -6.500000e+01 -2.640000e+01 3.300000e+01
      vertex   -3.671221e+01 -2.645550e+01 3.300000e+01
      vertex   -6.500000e+01 -2.650000e+01 3.300000e+01
    endloop
  endfacet
  facet normal 0.000000e+00 0.000000e+00 -1.000000e+00
    outer loop
      vertex   -6.500000e+01 -2.650000e+01 3.300000e+01
      vertex   -3.671221e+01 -2.645550e+01 3.300000e+01
      vertex   -3.710562e+01 -2.648887e+01 3.300000e+01
    endloop
  endfacet
  facet normal 0.000000e+00 0.000000e+00 -1.000000e+00
    outer loop
      vertex   -6.500000e+01 -2.650000e+01 3.300000e+01
      vertex   -3.710562e+01 -2.648887e+01 3.300000e+01
      vertex   -3.750028e+01 -2.650000e+01 3.300000e+01
    endloop
  endfacet
  facet normal 0.000000e+00 0.000000e+00 -1.000000e+00
    outer loop
      vertex   -4.700000e+00 9.899998e+00 3.300000e+01
      vertex   -2.250000e+01 1.210000e+01 3.300000e+01
      vertex   -4.700000e+00 1.430000e+01 3.300000e+01
    endloop
  endfacet
  facet normal 0.000000e+00 0.000000e+00 -1.000000e+00
    outer loop
      vertex   -4.700000e+00 1.430000e+01 3.300000e+01
      vertex   -2.250000e+01 1.210000e+01 3.300000e+01
      vertex   -2.253507e+01 1.242245e+01 3.300000e+01
    endloop
  endfacet
  facet normal 0.000000e+00 0.000000e+00 -1.000000e+00
    outer loop
      vertex   -4.700000e+00 1.430000e+01 3.300000e+01
      vertex   -2.253507e+01 1.242245e+01 3.300000e+01
      vertex   -2.263864e+01 1.272983e+01 3.300000e+01
    endloop
  endfacet
  facet normal -0.000000e+00 0.000000e+00 -1.000000e+00
    outer loop
      vertex   4.700000e+00 9.899998e+00 3.300000e+01
      vertex   -9.589627e+00 -9.227360e+00 3.300000e+01
      vertex   -4.700000e+00 9.899998e+00 3.300000e+01
    endloop
  endfacet
  facet normal 0.000000e+00 0.000000e+00 -1.000000e+00
    outer loop
      vertex   -4.700000e+00 9.899998e+00 3.300000e+01
      vertex   -9.589627e+00 -9.227360e+00 3.300000e+01
      vertex   -1.041166e+01 -7.803561e+00 3.300000e+01
    endloop
  endfacet
  facet normal 0.000000e+00 0.000000e+00 -1.000000e+00
    outer loop
      vertex   -4.700000e+00 9.899998e+00 3.300000e+01
      vertex   -1.041166e+01 -7.803561e+00 3.300000e+01
      vertex   -1.143671e+01 -6.518181e+00 3.300000e+01
    endloop
  endfacet
  facet normal 0.000000e+00 0.000000e+00 -1.000000e+00
    outer loop
      vertex   4.700000e+00 1.430000e+01 3.300000e+01
      vertex   2.250879e+01 1.193782e+01 3.300000e+01
      vertex   4.700000e+00 9.899998e+00 3.300000e+01
    endloop
  endfacet
  facet normal 0.000000e+00 0.000000e+00 -1.000000e+00
    outer loop
      vertex   4.700000e+00 9.899998e+00 3.300000e+01
      vertex   2.250879e+01 1.193782e+01 3.300000e+01
      vertex   2.257852e+01 1.162105e+01 3.300000e+01
    endloop
  endfacet
  facet normal 0.000000e+00 0.000000e+00 -1.000000e+00
    outer loop
      vertex   4.700000e+00 9.899998e+00 3.300000e+01
      vertex   2.257852e+01 1.162105e+01 3.300000e+01
      vertex   2.271471e+01 1.132667e+01 3.300000e+01
    endloop
  endfacet
  facet normal 0.000000e+00 0.000000e+00 -1.000000e+00
    outer loop
      vertex   -4.700000e+00 1.430000e+01 3.300000e+01
      vertex   2.500000e+01 4.000000e+01 3.300000e+01
      vertex   4.700000e+00 1.430000e+01 3.300000e+01
    endloop
  endfacet
  facet normal 0.000000e+00 0.000000e+00 -1.000000e+00
    outer loop
      vertex   4.700000e+00 1.430000e+01 3.300000e+01
      vertex   2.500000e+01 4.000000e+01 3.300000e+01
      vertex   2.511657e+01 3.735787e+01 3.300000e+01
    endloop
  endfacet
  facet normal 0.000000e+00 0.000000e+00 -1.000000e+00
    outer loop
      vertex   4.700000e+00 1.430000e+01 3.300000e+01
      vertex   2.511657e+01 3.735787e+01 3.300000e+01
      vertex   2.546539e+01 3.473628e+01 3.300000e+01
    endloop
  endfacet
  facet normal 0.000000e+00 0.000000e+00 -1.000000e+00
    outer loop
      vertex   4.700000e+00 7.930000e+01 3.300000e+01
      vertex   1.801172e+01 7.688376e+01 3.300000e+01
      vertex   4.700000e+00 7.490000e+01 3.300000e+01
    endloop
  endfacet
  facet normal 0.000000e+00 0.000000e+00 -1.000000e+00
    outer loop
      vertex   4.700000e+00 7.490000e+01 3.300000e+01
      vertex   1.801172e+01 7.688376e+01 3.300000e+01
      vertex   1.810469e+01 7.646139e+01 3.300000e+01
    endloop
  endfacet
  facet normal 0.000000e+00 0.000000e+00 -1.000000e+00
    outer loop
      vertex   4.700000e+00 7.490000e+01 3.300000e+01
      vertex   1.810469e+01 7.646139e+01 3.300000e+01
      vertex   1.828629e+01 7.606889e+01 3.300000e+01
    endloop
  endfacet
  facet normal 0.000000e+00 0.000000e+00 -1.000000e+00
    outer loop
      vertex   -4.700000e+00 7.930000e+01 3.300000e+01
      vertex   1.010000e+01 9.110000e+01 3.300000e+01
      vertex   4.700000e+00 7.930000e+01 3.300000e+01
    endloop
  endfacet
  facet normal 0.000000e+00 0.000000e+00 -1.000000e+00
    outer loop
      vertex   4.700000e+00 7.930000e+01 3.300000e+01
      vertex   1.010000e+01 9.110000e+01 3.300000e+01
      vertex   1.828629e+01 7.813111e+01 3.300000e+01
    endloop
  endfacet
  facet normal 0.000000e+00 0.000000e+00 -1.000000e+00
    outer loop
      vertex   4.700000e+00 7.930000e+01 3.300000e+01
      vertex   1.828629e+01 7.813111e+01 3.300000e+01
      vertex   1.810469e+01 7.773860e+01 3.300000e+01
    endloop
  endfacet
  facet normal 0.000000e+00 0.000000e+00 -1.000000e+00
    outer loop
      vertex   -4.700000e+00 7.490000e+01 3.300000e+01
      vertex   -1.800000e+01 7.710000e+01 3.300000e+01
      vertex   -4.700000e+00 7.930000e+01 3.300000e+01
    endloop
  endfacet
  facet normal 0.000000e+00 0.000000e+00 -1.000000e+00
    outer loop
      vertex   -4.700000e+00 7.930000e+01 3.300000e+01
      vertex   -1.800000e+01 7.710000e+01 3.300000e+01
      vertex   -1.804676e+01 7.752994e+01 3.300000e+01
    endloop
  endfacet
  facet normal 0.000000e+00 0.000000e+00 -1.000000e+00
    outer loop
      vertex   -4.700000e+00 7.930000e+01 3.300000e+01
      vertex   -1.804676e+01 7.752994e+01 3.300000e+01
      vertex   -1.818485e+01 7.793978e+01 3.300000e+01
    endloop
  endfacet
  facet normal -0.000000e+00 0.000000e+00 -1.000000e+00
    outer loop
      vertex   4.700000e+00 7.490000e+01 3.300000e+01
      vertex   -2.500000e+01 4.000000e+01 3.300000e+01
      vertex   -4.700000e+00 7.490000e+01 3.300000e+01
    endloop
  endfacet
  facet normal -0.000000e+00 0.000000e+00 -1.000000e+00
    outer loop
      vertex   -4.700000e+00 7.490000e+01 3.300000e+01
      vertex   -2.500000e+01 4.000000e+01 3.300000e+01
      vertex   -1.906318e+01 7.533297e+01 3.300000e+01
    endloop
  endfacet
  facet normal 0.000000e+00 0.000000e+00 -1.000000e+00
    outer loop
      vertex   -4.700000e+00 7.490000e+01 3.300000e+01
      vertex   -1.906318e+01 7.533297e+01 3.300000e+01
      vertex   -1.870523e+01 7.557567e+01 3.300000e+01
    endloop
  endfacet
  facet normal 0.000000e+00 0.000000e+00 -1.000000e+00
    outer loop
      vertex   -2.804676e+01 1.252994e+01 3.300000e+01
      vertex   -2.549121e+01 1.226218e+01 3.300000e+01
      vertex   -2.800000e+01 1.210000e+01 3.300000e+01
    endloop
  endfacet
  facet normal 0.000000e+00 0.000000e+00 -1.000000e+00
    outer loop
      vertex   -2.800000e+01 1.210000e+01 3.300000e+01
      vertex   -2.549121e+01 1.226218e+01 3.300000e+01
      vertex   -2.549121e+01 1.193782e+01 3.300000e+01
    endloop
  endfacet
  facet normal 0.000000e+00 -0.000000e+00 -1.000000e+00
    outer loop
      vertex   -2.800000e+01 1.210000e+01 3.300000e+01
      vertex   -2.549121e+01 1.193782e+01 3.300000e+01
      vertex   -2.804676e+01 1.167006e+01 3.300000e+01
    endloop
  endfacet
  facet normal 0.000000e+00 0.000000e+00 -1.000000e+00
    outer loop
      vertex   -2.804676e+01 1.167006e+01 3.300000e+01
      vertex   -2.549121e+01 1.193782e+01 3.300000e+01
      vertex   -2.542148e+01 1.162105e+01 3.300000e+01
    endloop
  endfacet
  facet normal 0.000000e+00 -0.000000e+00 -1.000000e+00
    outer loop
      vertex   -2.804676e+01 1.167006e+01 3.300000e+01
      vertex   -2.542148e+01 1.162105e+01 3.300000e+01
      vertex   -2.818485e+01 1.126022e+01 3.300000e+01
    endloop
  endfacet
  facet normal 0.000000e+00 0.000000e+00 -1.000000e+00
    outer loop
      vertex   -2.818485e+01 1.126022e+01 3.300000e+01
      vertex   -2.542148e+01 1.162105e+01 3.300000e+01
      vertex   -2.528529e+01 1.132667e+01 3.300000e+01
    endloop
  endfacet
  facet normal 0.000000e+00 -0.000000e+00 -1.000000e+00
    outer loop
      vertex   -2.818485e+01 1.126022e+01 3.300000e+01
      vertex   -2.528529e+01 1.132667e+01 3.300000e+01
      vertex   -2.840781e+01 1.088965e+01 3.300000e+01
    endloop
  endfacet
  facet normal 0.000000e+00 0.000000e+00 -1.000000e+00
    outer loop
      vertex   -2.840781e+01 1.088965e+01 3.300000e+01
      vertex   -2.528529e+01 1.132667e+01 3.300000e+01
      vertex   -2.508899e+01 1.106845e+01 3.300000e+01
    endloop
  endfacet
  facet normal 0.000000e+00 0.000000e+00 -1.000000e+00
    outer loop
      vertex   -2.840781e+01 1.088965e+01 3.300000e+01
      vertex   -2.508899e+01 1.106845e+01 3.300000e+01
      vertex   -2.484178e+01 1.085846e+01 3.300000e+01
    endloop
  endfacet
  facet normal 0.000000e+00 0.000000e+00 -1.000000e+00
    outer loop
      vertex   -2.549121e+01 1.226218e+01 3.300000e+01
      vertex   -2.804676e+01 1.252994e+01 3.300000e+01
      vertex   -2.542148e+01 1.257895e+01 3.300000e+01
    endloop
  endfacet
  facet normal -0.000000e+00 0.000000e+00 -1.000000e+00
    outer loop
      vertex   -2.542148e+01 1.257895e+01 3.300000e+01
      vertex   -2.804676e+01 1.252994e+01 3.300000e+01
      vertex   -2.818485e+01 1.293978e+01 3.300000e+01
    endloop
  endfacet
  facet normal 0.000000e+00 0.000000e+00 -1.000000e+00
    outer loop
      vertex   -2.542148e+01 1.257895e+01 3.300000e+01
      vertex   -2.818485e+01 1.293978e+01 3.300000e+01
      vertex   -2.528529e+01 1.287333e+01 3.300000e+01
    endloop
  endfacet
  facet normal 0.000000e+00 0.000000e+00 -1.000000e+00
    outer loop
      vertex   -2.528529e+01 1.287333e+01 3.300000e+01
      vertex   -2.818485e+01 1.293978e+01 3.300000e+01
      vertex   -2.840781e+01 1.331035e+01 3.300000e+01
    endloop
  endfacet
  facet normal 0.000000e+00 0.000000e+00 -1.000000e+00
    outer loop
      vertex   -2.528529e+01 1.287333e+01 3.300000e+01
      vertex   -2.840781e+01 1.331035e+01 3.300000e+01
      vertex   -2.508899e+01 1.313155e+01 3.300000e+01
    endloop
  endfacet
  facet normal 0.000000e+00 0.000000e+00 -1.000000e+00
    outer loop
      vertex   -2.508899e+01 1.313155e+01 3.300000e+01
      vertex   -2.840781e+01 1.331035e+01 3.300000e+01
      vertex   -2.484178e+01 1.334153e+01 3.300000e+01
    endloop
  endfacet
  facet normal -0.000000e+00 0.000000e+00 -1.000000e+00
    outer loop
      vertex   -2.484178e+01 1.334153e+01 3.300000e+01
      vertex   -2.840781e+01 1.331035e+01 3.300000e+01
      vertex   -2.870523e+01 1.362432e+01 3.300000e+01
    endloop
  endfacet
  facet normal 0.000000e+00 0.000000e+00 -1.000000e+00
    outer loop
      vertex   -2.484178e+01 1.334153e+01 3.300000e+01
      vertex   -2.870523e+01 1.362432e+01 3.300000e+01
      vertex   -2.455521e+01 1.349346e+01 3.300000e+01
    endloop
  endfacet
  facet normal 0.000000e+00 0.000000e+00 -1.000000e+00
    outer loop
      vertex   -2.455521e+01 1.349346e+01 3.300000e+01
      vertex   -2.870523e+01 1.362432e+01 3.300000e+01
      vertex   -2.906318e+01 1.386702e+01 3.300000e+01
    endloop
  endfacet
  facet normal 0.000000e+00 0.000000e+00 -1.000000e+00
    outer loop
      vertex   -2.455521e+01 1.349346e+01 3.300000e+01
      vertex   -2.906318e+01 1.386702e+01 3.300000e+01
      vertex   -3.053660e+01 2.263503e+01 3.300000e+01
    endloop
  endfacet
  facet normal 0.000000e+00 0.000000e+00 -1.000000e+00
    outer loop
      vertex   -3.053660e+01 2.263503e+01 3.300000e+01
      vertex   -2.906318e+01 1.386702e+01 3.300000e+01
      vertex   -2.946494e+01 1.402710e+01 3.300000e+01
    endloop
  endfacet
  facet normal 0.000000e+00 -0.000000e+00 -1.000000e+00
    outer loop
      vertex   -3.053660e+01 2.263503e+01 3.300000e+01
      vertex   -2.946494e+01 1.402710e+01 3.300000e+01
      vertex   -3.216101e+01 2.054800e+01 3.300000e+01
    endloop
  endfacet
  facet normal 0.000000e+00 0.000000e+00 -1.000000e+00
    outer loop
      vertex   -3.216101e+01 2.054800e+01 3.300000e+01
      vertex   -2.946494e+01 1.402710e+01 3.300000e+01
      vertex   -2.989172e+01 1.409706e+01 3.300000e+01
    endloop
  endfacet
  facet normal 0.000000e+00 0.000000e+00 -1.000000e+00
    outer loop
      vertex   -3.216101e+01 2.054800e+01 3.300000e+01
      vertex   -2.989172e+01 1.409706e+01 3.300000e+01
      vertex   -3.032356e+01 1.407365e+01 3.300000e+01
    endloop
  endfacet
  facet normal 0.000000e+00 -0.000000e+00 -1.000000e+00
    outer loop
      vertex   -3.216101e+01 2.054800e+01 3.300000e+01
      vertex   -3.032356e+01 1.407365e+01 3.300000e+01
      vertex   -3.396291e+01 1.861213e+01 3.300000e+01
    endloop
  endfacet
  facet normal 0.000000e+00 0.000000e+00 -1.000000e+00
    outer loop
      vertex   -3.396291e+01 1.861213e+01 3.300000e+01
      vertex   -3.032356e+01 1.407365e+01 3.300000e+01
      vertex   -3.074028e+01 1.395795e+01 3.300000e+01
    endloop
  endfacet
  facet normal 0.000000e+00 0.000000e+00 -1.000000e+00
    outer loop
      vertex   -3.396291e+01 1.861213e+01 3.300000e+01
      vertex   -3.074028e+01 1.395795e+01 3.300000e+01
      vertex   -3.112237e+01 1.375538e+01 3.300000e+01
    endloop
  endfacet
  facet normal -0.000000e+00 0.000000e+00 -1.000000e+00
    outer loop
      vertex   -3.112237e+01 1.375538e+01 3.300000e+01
      vertex   -3.145199e+01 1.347540e+01 3.300000e+01
      vertex   -3.396291e+01 1.861213e+01 3.300000e+01
    endloop
  endfacet
  facet normal 0.000000e+00 -0.000000e+00 -1.000000e+00
    outer loop
      vertex   -3.396291e+01 1.861213e+01 3.300000e+01
      vertex   -3.145199e+01 1.347540e+01 3.300000e+01
      vertex   -3.592830e+01 1.684249e+01 3.300000e+01
    endloop
  endfacet
  facet normal 0.000000e+00 0.000000e+00 -1.000000e+00
    outer loop
      vertex   -3.592830e+01 1.684249e+01 3.300000e+01
      vertex   -3.145199e+01 1.347540e+01 3.300000e+01
      vertex   -3.171371e+01 1.313111e+01 3.300000e+01
    endloop
  endfacet
  facet normal 0.000000e+00 0.000000e+00 -1.000000e+00
    outer loop
      vertex   -3.592830e+01 1.684249e+01 3.300000e+01
      vertex   -3.171371e+01 1.313111e+01 3.300000e+01
      vertex   -3.189531e+01 1.273860e+01 3.300000e+01
    endloop
  endfacet
  facet normal -0.000000e+00 0.000000e+00 -1.000000e+00
    outer loop
      vertex   -3.189531e+01 1.273860e+01 3.300000e+01
      vertex   -3.198828e+01 1.231624e+01 3.300000e+01
      vertex   -3.592830e+01 1.684249e+01 3.300000e+01
    endloop
  endfacet
  facet normal 0.000000e+00 -0.000000e+00 -1.000000e+00
    outer loop
      vertex   -3.592830e+01 1.684249e+01 3.300000e+01
      vertex   -3.198828e+01 1.231624e+01 3.300000e+01
      vertex   -3.804191e+01 1.525281e+01 3.300000e+01
    endloop
  endfacet
  facet normal 0.000000e+00 0.000000e+00 -1.000000e+00
    outer loop
      vertex   -3.804191e+01 1.525281e+01 3.300000e+01
      vertex   -3.198828e+01 1.231624e+01 3.300000e+01
      vertex   -3.198828e+01 1.188376e+01 3.300000e+01
    endloop
  endfacet
  facet normal 0.000000e+00 -0.000000e+00 -1.000000e+00
    outer loop
      vertex   -3.804191e+01 1.525281e+01 3.300000e+01
      vertex   -3.198828e+01 1.188376e+01 3.300000e+01
      vertex   -3.836740e+01 7.333745e+00 3.300000e+01
    endloop
  endfacet
  facet normal 0.000000e+00 0.000000e+00 -1.000000e+00
    outer loop
      vertex   -3.836740e+01 7.333745e+00 3.300000e+01
      vertex   -3.198828e+01 1.188376e+01 3.300000e+01
      vertex   -3.189531e+01 1.146139e+01 3.300000e+01
    endloop
  endfacet
  facet normal 0.000000e+00 0.000000e+00 -1.000000e+00
    outer loop
      vertex   -3.836740e+01 7.333745e+00 3.300000e+01
      vertex   -3.189531e+01 1.146139e+01 3.300000e+01
      vertex   -3.810716e+01 7.059016e+00 3.300000e+01
    endloop
  endfacet
  facet normal 0.000000e+00 0.000000e+00 -1.000000e+00
    outer loop
      vertex   -3.810716e+01 7.059016e+00 3.300000e+01
      vertex   -3.189531e+01 1.146139e+01 3.300000e+01
      vertex   -3.171371e+01 1.106889e+01 3.300000e+01
    endloop
  endfacet
  facet normal 0.000000e+00 0.000000e+00 -1.000000e+00
    outer loop
      vertex   -3.810716e+01 7.059016e+00 3.300000e+01
      vertex   -3.171371e+01 1.106889e+01 3.300000e+01
      vertex   -3.791207e+01 6.734766e+00 3.300000e+01
    endloop
  endfacet
  facet normal 0.000000e+00 0.000000e+00 -1.000000e+00
    outer loop
      vertex   -3.791207e+01 6.734766e+00 3.300000e+01
      vertex   -3.171371e+01 1.106889e+01 3.300000e+01
      vertex   -3.145199e+01 1.072460e+01 3.300000e+01
    endloop
  endfacet
  facet normal 0.000000e+00 0.000000e+00 -1.000000e+00
    outer loop
      vertex   -3.791207e+01 6.734766e+00 3.300000e+01
      vertex   -3.145199e+01 1.072460e+01 3.300000e+01
      vertex   -3.779124e+01 6.376158e+00 3.300000e+01
    endloop
  endfacet
  facet normal 0.000000e+00 0.000000e+00 -1.000000e+00
    outer loop
      vertex   -3.779124e+01 6.376158e+00 3.300000e+01
      vertex   -3.145199e+01 1.072460e+01 3.300000e+01
      vertex   -3.112237e+01 1.044462e+01 3.300000e+01
    endloop
  endfacet
  facet normal 0.000000e+00 0.000000e+00 -1.000000e+00
    outer loop
      vertex   -3.779124e+01 6.376158e+00 3.300000e+01
      vertex   -3.112237e+01 1.044462e+01 3.300000e+01
      vertex   -3.775032e+01 5.999959e+00 3.300000e+01
    endloop
  endfacet
  facet normal 0.000000e+00 0.000000e+00 -1.000000e+00
    outer loop
      vertex   -3.775032e+01 5.999959e+00 3.300000e+01
      vertex   -3.112237e+01 1.044462e+01 3.300000e+01
      vertex   -3.074028e+01 1.024204e+01 3.300000e+01
    endloop
  endfacet
  facet normal 0.000000e+00 -0.000000e+00 -1.000000e+00
    outer loop
      vertex   -3.775032e+01 5.999959e+00 3.300000e+01
      vertex   -3.074028e+01 1.024204e+01 3.300000e+01
      vertex   -3.779124e+01 5.623761e+00 3.300000e+01
    endloop
  endfacet
  facet normal 0.000000e+00 0.000000e+00 -1.000000e+00
    outer loop
      vertex   -3.779124e+01 5.623761e+00 3.300000e+01
      vertex   -3.074028e+01 1.024204e+01 3.300000e+01
      vertex   -3.032356e+01 1.012634e+01 3.300000e+01
    endloop
  endfacet
  facet normal 0.000000e+00 -0.000000e+00 -1.000000e+00
    outer loop
      vertex   -3.779124e+01 5.623761e+00 3.300000e+01
      vertex   -3.032356e+01 1.012634e+01 3.300000e+01
      vertex   -3.791207e+01 5.265152e+00 3.300000e+01
    endloop
  endfacet
  facet normal 0.000000e+00 0.000000e+00 -1.000000e+00
    outer loop
      vertex   -3.791207e+01 5.265152e+00 3.300000e+01
      vertex   -3.032356e+01 1.012634e+01 3.300000e+01
      vertex   -2.635867e+01 -5.399935e+00 3.300000e+01
    endloop
  endfacet
  facet normal 0.000000e+00 -0.000000e+00 -1.000000e+00
    outer loop
      vertex   -3.791207e+01 5.265152e+00 3.300000e+01
      vertex   -2.635867e+01 -5.399935e+00 3.300000e+01
      vertex   -3.810716e+01 4.940903e+00 3.300000e+01
    endloop
  endfacet
  facet normal 0.000000e+00 0.000000e+00 -1.000000e+00
    outer loop
      vertex   -3.810716e+01 4.940903e+00 3.300000e+01
      vertex   -2.635867e+01 -5.399935e+00 3.300000e+01
      vertex   -2.756386e+01 -6.518181e+00 3.300000e+01
    endloop
  endfacet
  facet normal 0.000000e+00 -0.000000e+00 -1.000000e+00
    outer loop
      vertex   -3.810716e+01 4.940903e+00 3.300000e+01
      vertex   -2.756386e+01 -6.518181e+00 3.300000e+01
      vertex   -3.836740e+01 4.666174e+00 3.300000e+01
    endloop
  endfacet
  facet normal 0.000000e+00 0.000000e+00 -1.000000e+00
    outer loop
      vertex   -3.836740e+01 4.666174e+00 3.300000e+01
      vertex   -2.756386e+01 -6.518181e+00 3.300000e+01
      vertex   -2.858891e+01 -7.803561e+00 3.300000e+01
    endloop
  endfacet
  facet normal 0.000000e+00 -0.000000e+00 -1.000000e+00
    outer loop
      vertex   -3.836740e+01 4.666174e+00 3.300000e+01
      vertex   -2.858891e+01 -7.803561e+00 3.300000e+01
      vertex   -3.868061e+01 4.453811e+00 3.300000e+01
    endloop
  endfacet
  facet normal 0.000000e+00 0.000000e+00 -1.000000e+00
    outer loop
      vertex   -3.868061e+01 4.453811e+00 3.300000e+01
      vertex   -2.858891e+01 -7.803561e+00 3.300000e+01
      vertex   -2.941094e+01 -9.227360e+00 3.300000e+01
    endloop
  endfacet
  facet normal 0.000000e+00 -0.000000e+00 -1.000000e+00
    outer loop
      vertex   -3.868061e+01 4.453811e+00 3.300000e+01
      vertex   -2.941094e+01 -9.227360e+00 3.300000e+01
      vertex   -3.903215e+01 4.313744e+00 3.300000e+01
    endloop
  endfacet
  facet normal 0.000000e+00 -0.000000e+00 -1.000000e+00
    outer loop
      vertex   -3.903215e+01 4.313744e+00 3.300000e+01
      vertex   -2.941094e+01 -9.227360e+00 3.300000e+01
      vertex   -3.940558e+01 4.252523e+00 3.300000e+01
    endloop
  endfacet
  facet normal 0.000000e+00 0.000000e+00 -1.000000e+00
    outer loop
      vertex   -3.940558e+01 4.252523e+00 3.300000e+01
      vertex   -2.941094e+01 -9.227360e+00 3.300000e+01
      vertex   -3.001159e+01 -1.075777e+01 3.300000e+01
    endloop
  endfacet
  facet normal -0.000000e+00 -0.000000e+00 -1.000000e+00
    outer loop
      vertex   -3.940558e+01 4.252523e+00 3.300000e+01
      vertex   -3.001159e+01 -1.075777e+01 3.300000e+01
      vertex   -3.978344e+01 4.273010e+00 3.300000e+01
    endloop
  endfacet
  facet normal 0.000000e+00 0.000000e+00 -1.000000e+00
    outer loop
      vertex   -3.978344e+01 4.273010e+00 3.300000e+01
      vertex   -3.001159e+01 -1.075777e+01 3.300000e+01
      vertex   -3.037742e+01 -1.236062e+01 3.300000e+01
    endloop
  endfacet
  facet normal -0.000000e+00 -0.000000e+00 -1.000000e+00
    outer loop
      vertex   -3.978344e+01 4.273010e+00 3.300000e+01
      vertex   -3.037742e+01 -1.236062e+01 3.300000e+01
      vertex   -4.014807e+01 4.374248e+00 3.300000e+01
    endloop
  endfacet
  facet normal 0.000000e+00 -0.000000e+00 -1.000000e+00
    outer loop
      vertex   -4.014807e+01 4.374248e+00 3.300000e+01
      vertex   -3.037742e+01 -1.236062e+01 3.300000e+01
      vertex   -5.969041e+01 -2.594109e+00 3.300000e+01
    endloop
  endfacet
  facet normal 0.000000e+00 0.000000e+00 -1.000000e+00
    outer loop
      vertex   -4.014807e+01 4.374248e+00 3.300000e+01
      vertex   -5.969041e+01 -2.594109e+00 3.300000e+01
      vertex   -5.811575e+01 -1.546614e-01 3.300000e+01
    endloop
  endfacet
  facet normal 0.000000e+00 0.000000e+00 -1.000000e+00
    outer loop
      vertex   -3.032356e+01 1.012634e+01 3.300000e+01
      vertex   -2.989172e+01 1.010293e+01 3.300000e+01
      vertex   -2.635867e+01 -5.399935e+00 3.300000e+01
    endloop
  endfacet
  facet normal 0.000000e+00 0.000000e+00 -1.000000e+00
    outer loop
      vertex   -2.635867e+01 -5.399935e+00 3.300000e+01
      vertex   -2.989172e+01 1.010293e+01 3.300000e+01
      vertex   -2.500028e+01 -4.473802e+00 3.300000e+01
    endloop
  endfacet
  facet normal 0.000000e+00 0.000000e+00 -1.000000e+00
    outer loop
      vertex   -2.500028e+01 -4.473802e+00 3.300000e+01
      vertex   -2.989172e+01 1.010293e+01 3.300000e+01
      vertex   -2.946494e+01 1.017290e+01 3.300000e+01
    endloop
  endfacet
  facet normal 0.000000e+00 0.000000e+00 -1.000000e+00
    outer loop
      vertex   -2.500028e+01 -4.473802e+00 3.300000e+01
      vertex   -2.946494e+01 1.017290e+01 3.300000e+01
      vertex   -2.351904e+01 -3.760470e+00 3.300000e+01
    endloop
  endfacet
  facet normal 0.000000e+00 0.000000e+00 -1.000000e+00
    outer loop
      vertex   -2.351904e+01 -3.760470e+00 3.300000e+01
      vertex   -2.946494e+01 1.017290e+01 3.300000e+01
      vertex   -2.906318e+01 1.033297e+01 3.300000e+01
    endloop
  endfacet
  facet normal 0.000000e+00 0.000000e+00 -1.000000e+00
    outer loop
      vertex   -2.351904e+01 -3.760470e+00 3.300000e+01
      vertex   -2.906318e+01 1.033297e+01 3.300000e+01
      vertex   -2.455521e+01 1.070653e+01 3.300000e+01
    endloop
  endfacet
  facet normal 0.000000e+00 0.000000e+00 -1.000000e+00
    outer loop
      vertex   -2.455521e+01 1.070653e+01 3.300000e+01
      vertex   -2.906318e+01 1.033297e+01 3.300000e+01
      vertex   -2.870523e+01 1.057567e+01 3.300000e+01
    endloop
  endfacet
  facet normal -0.000000e+00 0.000000e+00 -1.000000e+00
    outer loop
      vertex   -2.455521e+01 1.070653e+01 3.300000e+01
      vertex   -2.870523e+01 1.057567e+01 3.300000e+01
      vertex   -2.484178e+01 1.085846e+01 3.300000e+01
    endloop
  endfacet
  facet normal -0.000000e+00 0.000000e+00 -1.000000e+00
    outer loop
      vertex   -2.484178e+01 1.085846e+01 3.300000e+01
      vertex   -2.870523e+01 1.057567e+01 3.300000e+01
      vertex   -2.840781e+01 1.088965e+01 3.300000e+01
    endloop
  endfacet
  facet normal 0.000000e+00 0.000000e+00 -1.000000e+00
    outer loop
      vertex   2.195324e+01 7.752994e+01 3.300000e+01
      vertex   2.500000e+01 1.125000e+02 3.300000e+01
      vertex   2.200000e+01 7.710000e+01 3.300000e+01
    endloop
  endfacet
  facet normal 0.000000e+00 0.000000e+00 -1.000000e+00
    outer loop
      vertex   2.200000e+01 7.710000e+01 3.300000e+01
      vertex   2.500000e+01 1.125000e+02 3.300000e+01
      vertex   2.500000e+01 4.000000e+01 3.300000e+01
    endloop
  endfacet
  facet normal 0.000000e+00 -0.000000e+00 -1.000000e+00
    outer loop
      vertex   2.200000e+01 7.710000e+01 3.300000e+01
      vertex   2.500000e+01 4.000000e+01 3.300000e+01
      vertex   2.195324e+01 7.667006e+01 3.300000e+01
    endloop
  endfacet
  facet normal 0.000000e+00 -0.000000e+00 -1.000000e+00
    outer loop
      vertex   2.195324e+01 7.667006e+01 3.300000e+01
      vertex   2.500000e+01 4.000000e+01 3.300000e+01
      vertex   2.181515e+01 7.626022e+01 3.300000e+01
    endloop
  endfacet
  facet normal 0.000000e+00 -0.000000e+00 -1.000000e+00
    outer loop
      vertex   2.181515e+01 7.626022e+01 3.300000e+01
      vertex   2.500000e+01 4.000000e+01 3.300000e+01
      vertex   2.159219e+01 7.588965e+01 3.300000e+01
    endloop
  endfacet
  facet normal 0.000000e+00 -0.000000e+00 -1.000000e+00
    outer loop
      vertex   2.159219e+01 7.588965e+01 3.300000e+01
      vertex   2.500000e+01 4.000000e+01 3.300000e+01
      vertex   2.129477e+01 7.557567e+01 3.300000e+01
    endloop
  endfacet
  facet normal 0.000000e+00 -0.000000e+00 -1.000000e+00
    outer loop
      vertex   2.129477e+01 7.557567e+01 3.300000e+01
      vertex   2.500000e+01 4.000000e+01 3.300000e+01
      vertex   2.093682e+01 7.533297e+01 3.300000e+01
    endloop
  endfacet
  facet normal 0.000000e+00 -0.000000e+00 -1.000000e+00
    outer loop
      vertex   2.093682e+01 7.533297e+01 3.300000e+01
      vertex   2.500000e+01 4.000000e+01 3.300000e+01
      vertex   2.053506e+01 7.517290e+01 3.300000e+01
    endloop
  endfacet
  facet normal 0.000000e+00 -0.000000e+00 -1.000000e+00
    outer loop
      vertex   2.053506e+01 7.517290e+01 3.300000e+01
      vertex   2.500000e+01 4.000000e+01 3.300000e+01
      vertex   2.010828e+01 7.510293e+01 3.300000e+01
    endloop
  endfacet
  facet normal -0.000000e+00 -0.000000e+00 -1.000000e+00
    outer loop
      vertex   2.010828e+01 7.510293e+01 3.300000e+01
      vertex   2.500000e+01 4.000000e+01 3.300000e+01
      vertex   1.967644e+01 7.512634e+01 3.300000e+01
    endloop
  endfacet
  facet normal -0.000000e+00 -0.000000e+00 -1.000000e+00
    outer loop
      vertex   1.967644e+01 7.512634e+01 3.300000e+01
      vertex   2.500000e+01 4.000000e+01 3.300000e+01
      vertex   1.925972e+01 7.524204e+01 3.300000e+01
    endloop
  endfacet
  facet normal 0.000000e+00 -0.000000e+00 -1.000000e+00
    outer loop
      vertex   1.925972e+01 7.524204e+01 3.300000e+01
      vertex   2.500000e+01 4.000000e+01 3.300000e+01
      vertex   4.700000e+00 7.490000e+01 3.300000e+01
    endloop
  endfacet
  facet normal -0.000000e+00 0.000000e+00 -1.000000e+00
    outer loop
      vertex   1.925972e+01 7.524204e+01 3.300000e+01
      vertex   4.700000e+00 7.490000e+01 3.300000e+01
      vertex   1.887763e+01 7.544462e+01 3.300000e+01
    endloop
  endfacet
  facet normal -0.000000e+00 0.000000e+00 -1.000000e+00
    outer loop
      vertex   1.887763e+01 7.544462e+01 3.300000e+01
      vertex   4.700000e+00 7.490000e+01 3.300000e+01
      vertex   1.854801e+01 7.572460e+01 3.300000e+01
    endloop
  endfacet
  facet normal -0.000000e+00 0.000000e+00 -1.000000e+00
    outer loop
      vertex   1.854801e+01 7.572460e+01 3.300000e+01
      vertex   4.700000e+00 7.490000e+01 3.300000e+01
      vertex   1.828629e+01 7.606889e+01 3.300000e+01
    endloop
  endfacet
  facet normal 0.000000e+00 0.000000e+00 -1.000000e+00
    outer loop
      vertex   2.195324e+01 7.752994e+01 3.300000e+01
      vertex   2.181515e+01 7.793978e+01 3.300000e+01
      vertex   2.500000e+01 1.125000e+02 3.300000e+01
    endloop
  endfacet
  facet normal 0.000000e+00 0.000000e+00 -1.000000e+00
    outer loop
      vertex   2.500000e+01 1.125000e+02 3.300000e+01
      vertex   2.181515e+01 7.793978e+01 3.300000e+01
      vertex   2.159219e+01 7.831035e+01 3.300000e+01
    endloop
  endfacet
  facet normal 0.000000e+00 0.000000e+00 -1.000000e+00
    outer loop
      vertex   2.500000e+01 1.125000e+02 3.300000e+01
      vertex   2.159219e+01 7.831035e+01 3.300000e+01
      vertex   2.129477e+01 7.862432e+01 3.300000e+01
    endloop
  endfacet
  facet normal 0.000000e+00 0.000000e+00 -1.000000e+00
    outer loop
      vertex   2.500000e+01 1.125000e+02 3.300000e+01
      vertex   2.129477e+01 7.862432e+01 3.300000e+01
      vertex   1.414385e+01 9.688647e+01 3.300000e+01
    endloop
  endfacet
  facet normal 0.000000e+00 0.000000e+00 -1.000000e+00
    outer loop
      vertex   1.414385e+01 9.688647e+01 3.300000e+01
      vertex   2.129477e+01 7.862432e+01 3.300000e+01
      vertex   2.093682e+01 7.886702e+01 3.300000e+01
    endloop
  endfacet
  facet normal 0.000000e+00 -0.000000e+00 -1.000000e+00
    outer loop
      vertex   1.414385e+01 9.688647e+01 3.300000e+01
      vertex   2.093682e+01 7.886702e+01 3.300000e+01
      vertex   1.409504e+01 9.666473e+01 3.300000e+01
    endloop
  endfacet
  facet normal 0.000000e+00 0.000000e+00 -1.000000e+00
    outer loop
      vertex   1.409504e+01 9.666473e+01 3.300000e+01
      vertex   2.093682e+01 7.886702e+01 3.300000e+01
      vertex   2.053506e+01 7.902710e+01 3.300000e+01
    endloop
  endfacet
  facet normal 0.000000e+00 -0.000000e+00 -1.000000e+00
    outer loop
      vertex   1.409504e+01 9.666473e+01 3.300000e+01
      vertex   2.053506e+01 7.902710e+01 3.300000e+01
      vertex   1.399970e+01 9.645867e+01 3.300000e+01
    endloop
  endfacet
  facet normal 0.000000e+00 0.000000e+00 -1.000000e+00
    outer loop
      vertex   1.399970e+01 9.645867e+01 3.300000e+01
      vertex   2.053506e+01 7.902710e+01 3.300000e+01
      vertex   2.010828e+01 7.909706e+01 3.300000e+01
    endloop
  endfacet
  facet normal 0.000000e+00 -0.000000e+00 -1.000000e+00
    outer loop
      vertex   1.399970e+01 9.645867e+01 3.300000e+01
      vertex   2.010828e+01 7.909706e+01 3.300000e+01
      vertex   1.386230e+01 9.627791e+01 3.300000e+01
    endloop
  endfacet
  facet normal 0.000000e+00 0.000000e+00 -1.000000e+00
    outer loop
      vertex   1.386230e+01 9.627791e+01 3.300000e+01
      vertex   2.010828e+01 7.909706e+01 3.300000e+01
      vertex   1.967644e+01 7.907365e+01 3.300000e+01
    endloop
  endfacet
  facet normal 0.000000e+00 -0.000000e+00 -1.000000e+00
    outer loop
      vertex   1.386230e+01 9.627791e+01 3.300000e+01
      vertex   1.967644e+01 7.907365e+01 3.300000e+01
      vertex   1.368925e+01 9.613092e+01 3.300000e+01
    endloop
  endfacet
  facet normal 0.000000e+00 -0.000000e+00 -1.000000e+00
    outer loop
      vertex   1.368925e+01 9.613092e+01 3.300000e+01
      vertex   1.967644e+01 7.907365e+01 3.300000e+01
      vertex   1.010000e+01 9.110000e+01 3.300000e+01
    endloop
  endfacet
  facet normal 0.000000e+00 0.000000e+00 -1.000000e+00
    outer loop
      vertex   1.368925e+01 9.613092e+01 3.300000e+01
      vertex   1.010000e+01 9.110000e+01 3.300000e+01
      vertex   1.348865e+01 9.602457e+01 3.300000e+01
    endloop
  endfacet
  facet normal 0.000000e+00 0.000000e+00 -1.000000e+00
    outer loop
      vertex   1.348865e+01 9.602457e+01 3.300000e+01
      vertex   1.010000e+01 9.110000e+01 3.300000e+01
      vertex   1.326987e+01 9.596383e+01 3.300000e+01
    endloop
  endfacet
  facet normal 0.000000e+00 0.000000e+00 -1.000000e+00
    outer loop
      vertex   1.326987e+01 9.596383e+01 3.300000e+01
      vertex   1.010000e+01 9.110000e+01 3.300000e+01
      vertex   1.304316e+01 9.595154e+01 3.300000e+01
    endloop
  endfacet
  facet normal -0.000000e+00 0.000000e+00 -1.000000e+00
    outer loop
      vertex   1.304316e+01 9.595154e+01 3.300000e+01
      vertex   1.010000e+01 9.110000e+01 3.300000e+01
      vertex   1.281910e+01 9.598827e+01 3.300000e+01
    endloop
  endfacet
  facet normal -0.000000e+00 0.000000e+00 -1.000000e+00
    outer loop
      vertex   1.281910e+01 9.598827e+01 3.300000e+01
      vertex   1.010000e+01 9.110000e+01 3.300000e+01
      vertex   1.260817e+01 9.607231e+01 3.300000e+01
    endloop
  endfacet
  facet normal -0.000000e+00 0.000000e+00 -1.000000e+00
    outer loop
      vertex   1.260817e+01 9.607231e+01 3.300000e+01
      vertex   1.010000e+01 9.110000e+01 3.300000e+01
      vertex   1.242025e+01 9.619973e+01 3.300000e+01
    endloop
  endfacet
  facet normal -0.000000e+00 0.000000e+00 -1.000000e+00
    outer loop
      vertex   1.242025e+01 9.619973e+01 3.300000e+01
      vertex   1.010000e+01 9.110000e+01 3.300000e+01
      vertex   1.226410e+01 9.636456e+01 3.300000e+01
    endloop
  endfacet
  facet normal -0.000000e+00 0.000000e+00 -1.000000e+00
    outer loop
      vertex   1.226410e+01 9.636456e+01 3.300000e+01
      vertex   1.010000e+01 9.110000e+01 3.300000e+01
      vertex   1.214705e+01 9.655911e+01 3.300000e+01
    endloop
  endfacet
  facet normal -0.000000e+00 0.000000e+00 -1.000000e+00
    outer loop
      vertex   1.214705e+01 9.655911e+01 3.300000e+01
      vertex   1.010000e+01 9.110000e+01 3.300000e+01
      vertex   1.207455e+01 9.677428e+01 3.300000e+01
    endloop
  endfacet
  facet normal -0.000000e+00 0.000000e+00 -1.000000e+00
    outer loop
      vertex   1.207455e+01 9.677428e+01 3.300000e+01
      vertex   1.010000e+01 9.110000e+01 3.300000e+01
      vertex   1.205000e+01 9.700000e+01 3.300000e+01
    endloop
  endfacet
  facet normal -0.000000e+00 0.000000e+00 -1.000000e+00
    outer loop
      vertex   1.205000e+01 9.700000e+01 3.300000e+01
      vertex   1.010000e+01 9.110000e+01 3.300000e+01
      vertex   1.010000e+01 1.029000e+02 3.300000e+01
    endloop
  endfacet
  facet normal 0.000000e+00 0.000000e+00 -1.000000e+00
    outer loop
      vertex   1.205000e+01 9.700000e+01 3.300000e+01
      vertex   1.010000e+01 1.029000e+02 3.300000e+01
      vertex   1.207455e+01 9.722572e+01 3.300000e+01
    endloop
  endfacet
  facet normal 0.000000e+00 0.000000e+00 -1.000000e+00
    outer loop
      vertex   1.207455e+01 9.722572e+01 3.300000e+01
      vertex   1.010000e+01 1.029000e+02 3.300000e+01
      vertex   1.214705e+01 9.744088e+01 3.300000e+01
    endloop
  endfacet
  facet normal 0.000000e+00 0.000000e+00 -1.000000e+00
    outer loop
      vertex   1.214705e+01 9.744088e+01 3.300000e+01
      vertex   1.010000e+01 1.029000e+02 3.300000e+01
      vertex   1.226410e+01 9.763543e+01 3.300000e+01
    endloop
  endfacet
  facet normal 0.000000e+00 0.000000e+00 -1.000000e+00
    outer loop
      vertex   1.226410e+01 9.763543e+01 3.300000e+01
      vertex   1.010000e+01 1.029000e+02 3.300000e+01
      vertex   1.242025e+01 9.780027e+01 3.300000e+01
    endloop
  endfacet
  facet normal 0.000000e+00 0.000000e+00 -1.000000e+00
    outer loop
      vertex   1.242025e+01 9.780027e+01 3.300000e+01
      vertex   1.010000e+01 1.029000e+02 3.300000e+01
      vertex   1.260817e+01 9.792769e+01 3.300000e+01
    endloop
  endfacet
  facet normal 0.000000e+00 0.000000e+00 -1.000000e+00
    outer loop
      vertex   1.260817e+01 9.792769e+01 3.300000e+01
      vertex   1.010000e+01 1.029000e+02 3.300000e+01
      vertex   1.281910e+01 9.801173e+01 3.300000e+01
    endloop
  endfacet
  facet normal 0.000000e+00 0.000000e+00 -1.000000e+00
    outer loop
      vertex   1.281910e+01 9.801173e+01 3.300000e+01
      vertex   1.010000e+01 1.029000e+02 3.300000e+01
      vertex   1.304316e+01 9.804846e+01 3.300000e+01
    endloop
  endfacet
  facet normal 0.000000e+00 0.000000e+00 -1.000000e+00
    outer loop
      vertex   1.304316e+01 9.804846e+01 3.300000e+01
      vertex   1.010000e+01 1.029000e+02 3.300000e+01
      vertex   1.326987e+01 9.803617e+01 3.300000e+01
    endloop
  endfacet
  facet normal 0.000000e+00 0.000000e+00 -1.000000e+00
    outer loop
      vertex   1.326987e+01 9.803617e+01 3.300000e+01
      vertex   1.010000e+01 1.029000e+02 3.300000e+01
      vertex   1.348865e+01 9.797542e+01 3.300000e+01
    endloop
  endfacet
  facet normal 0.000000e+00 0.000000e+00 -1.000000e+00
    outer loop
      vertex   1.348865e+01 9.797542e+01 3.300000e+01
      vertex   1.010000e+01 1.029000e+02 3.300000e+01
      vertex   1.368925e+01 9.786907e+01 3.300000e+01
    endloop
  endfacet
  facet normal 0.000000e+00 0.000000e+00 -1.000000e+00
    outer loop
      vertex   1.368925e+01 9.786907e+01 3.300000e+01
      vertex   1.010000e+01 1.029000e+02 3.300000e+01
      vertex   1.686006e+01 1.130000e+02 3.300000e+01
    endloop
  endfacet
  facet normal 0.000000e+00 0.000000e+00 -1.000000e+00
    outer loop
      vertex   1.368925e+01 9.786907e+01 3.300000e+01
      vertex   1.686006e+01 1.130000e+02 3.300000e+01
      vertex   1.936006e+01 1.130000e+02 3.300000e+01
    endloop
  endfacet
  facet normal 0.000000e+00 0.000000e+00 -1.000000e+00
    outer loop
      vertex   1.936006e+01 1.130000e+02 3.300000e+01
      vertex   1.686006e+01 1.130000e+02 3.300000e+01
      vertex   1.936006e+01 1.160000e+02 3.300000e+01
    endloop
  endfacet
  facet normal -0.000000e+00 0.000000e+00 -1.000000e+00
    outer loop
      vertex   1.936006e+01 1.160000e+02 3.300000e+01
      vertex   1.686006e+01 1.130000e+02 3.300000e+01
      vertex   1.686006e+01 1.160000e+02 3.300000e+01
    endloop
  endfacet
  facet normal 0.000000e+00 0.000000e+00 -1.000000e+00
    outer loop
      vertex   1.936006e+01 1.160000e+02 3.300000e+01
      vertex   1.686006e+01 1.160000e+02 3.300000e+01
      vertex   1.834778e+01 1.199519e+02 3.300000e+01
    endloop
  endfacet
  facet normal -0.000000e+00 0.000000e+00 -1.000000e+00
    outer loop
      vertex   1.834778e+01 1.199519e+02 3.300000e+01
      vertex   1.686006e+01 1.160000e+02 3.300000e+01
      vertex   1.750000e+01 1.200000e+02 3.300000e+01
    endloop
  endfacet
  facet normal 0.000000e+00 0.000000e+00 -1.000000e+00
    outer loop
      vertex   1.750000e+01 1.200000e+02 3.300000e+01
      vertex   1.686006e+01 1.160000e+02 3.300000e+01
      vertex   1.620000e+01 1.200000e+02 3.300000e+01
    endloop
  endfacet
  facet normal 0.000000e+00 -0.000000e+00 -1.000000e+00
    outer loop
      vertex   1.620000e+01 1.200000e+02 3.300000e+01
      vertex   1.686006e+01 1.160000e+02 3.300000e+01
      vertex   1.620000e+01 1.160000e+02 3.300000e+01
    endloop
  endfacet
  facet normal -0.000000e+00 0.000000e+00 -1.000000e+00
    outer loop
      vertex   1.967644e+01 7.907365e+01 3.300000e+01
      vertex   1.925972e+01 7.895795e+01 3.300000e+01
      vertex   1.010000e+01 9.110000e+01 3.300000e+01
    endloop
  endfacet
  facet normal 0.000000e+00 0.000000e+00 -1.000000e+00
    outer loop
      vertex   1.010000e+01 9.110000e+01 3.300000e+01
      vertex   1.925972e+01 7.895795e+01 3.300000e+01
      vertex   1.887763e+01 7.875538e+01 3.300000e+01
    endloop
  endfacet
  facet normal 0.000000e+00 0.000000e+00 -1.000000e+00
    outer loop
      vertex   1.010000e+01 9.110000e+01 3.300000e+01
      vertex   1.887763e+01 7.875538e+01 3.300000e+01
      vertex   1.854801e+01 7.847540e+01 3.300000e+01
    endloop
  endfacet
  facet normal -0.000000e+00 0.000000e+00 -1.000000e+00
    outer loop
      vertex   1.854801e+01 7.847540e+01 3.300000e+01
      vertex   1.828629e+01 7.813111e+01 3.300000e+01
      vertex   1.010000e+01 9.110000e+01 3.300000e+01
    endloop
  endfacet
  facet normal -0.000000e+00 0.000000e+00 -1.000000e+00
    outer loop
      vertex   1.810469e+01 7.773860e+01 3.300000e+01
      vertex   1.801172e+01 7.731624e+01 3.300000e+01
      vertex   4.700000e+00 7.930000e+01 3.300000e+01
    endloop
  endfacet
  facet normal 0.000000e+00 0.000000e+00 -1.000000e+00
    outer loop
      vertex   4.700000e+00 7.930000e+01 3.300000e+01
      vertex   1.801172e+01 7.731624e+01 3.300000e+01
      vertex   1.801172e+01 7.688376e+01 3.300000e+01
    endloop
  endfacet
  facet normal 0.000000e+00 0.000000e+00 -1.000000e+00
    outer loop
      vertex   3.195324e+01 1.167006e+01 3.300000e+01
      vertex   3.200000e+01 1.210000e+01 3.300000e+01
      vertex   3.804191e+01 1.525281e+01 3.300000e+01
    endloop
  endfacet
  facet normal 0.000000e+00 0.000000e+00 -1.000000e+00
    outer loop
      vertex   3.804191e+01 1.525281e+01 3.300000e+01
      vertex   3.200000e+01 1.210000e+01 3.300000e+01
      vertex   3.195324e+01 1.252994e+01 3.300000e+01
    endloop
  endfacet
  facet normal -0.000000e+00 0.000000e+00 -1.000000e+00
    outer loop
      vertex   3.804191e+01 1.525281e+01 3.300000e+01
      vertex   3.195324e+01 1.252994e+01 3.300000e+01
      vertex   3.592830e+01 1.684249e+01 3.300000e+01
    endloop
  endfacet
  facet normal 0.000000e+00 0.000000e+00 -1.000000e+00
    outer loop
      vertex   3.592830e+01 1.684249e+01 3.300000e+01
      vertex   3.195324e+01 1.252994e+01 3.300000e+01
      vertex   3.181515e+01 1.293978e+01 3.300000e+01
    endloop
  endfacet
  facet normal 0.000000e+00 0.000000e+00 -1.000000e+00
    outer loop
      vertex   3.592830e+01 1.684249e+01 3.300000e+01
      vertex   3.181515e+01 1.293978e+01 3.300000e+01
      vertex   3.159219e+01 1.331035e+01 3.300000e+01
    endloop
  endfacet
  facet normal -0.000000e+00 0.000000e+00 -1.000000e+00
    outer loop
      vertex   3.592830e+01 1.684249e+01 3.300000e+01
      vertex   3.159219e+01 1.331035e+01 3.300000e+01
      vertex   3.396291e+01 1.861213e+01 3.300000e+01
    endloop
  endfacet
  facet normal 0.000000e+00 0.000000e+00 -1.000000e+00
    outer loop
      vertex   3.396291e+01 1.861213e+01 3.300000e+01
      vertex   3.159219e+01 1.331035e+01 3.300000e+01
      vertex   3.129477e+01 1.362432e+01 3.300000e+01
    endloop
  endfacet
  facet normal 0.000000e+00 0.000000e+00 -1.000000e+00
    outer loop
      vertex   3.396291e+01 1.861213e+01 3.300000e+01
      vertex   3.129477e+01 1.362432e+01 3.300000e+01
      vertex   3.093682e+01 1.386702e+01 3.300000e+01
    endloop
  endfacet
  facet normal 0.000000e+00 0.000000e+00 -1.000000e+00
    outer loop
      vertex   3.093682e+01 1.386702e+01 3.300000e+01
      vertex   3.053506e+01 1.402710e+01 3.300000e+01
      vertex   3.396291e+01 1.861213e+01 3.300000e+01
    endloop
  endfacet
  facet normal -0.000000e+00 0.000000e+00 -1.000000e+00
    outer loop
      vertex   3.396291e+01 1.861213e+01 3.300000e+01
      vertex   3.053506e+01 1.402710e+01 3.300000e+01
      vertex   3.216101e+01 2.054800e+01 3.300000e+01
    endloop
  endfacet
  facet normal 0.000000e+00 0.000000e+00 -1.000000e+00
    outer loop
      vertex   3.216101e+01 2.054800e+01 3.300000e+01
      vertex   3.053506e+01 1.402710e+01 3.300000e+01
      vertex   3.010828e+01 1.409706e+01 3.300000e+01
    endloop
  endfacet
  facet normal 0.000000e+00 0.000000e+00 -1.000000e+00
    outer loop
      vertex   3.216101e+01 2.054800e+01 3.300000e+01
      vertex   3.010828e+01 1.409706e+01 3.300000e+01
      vertex   2.967644e+01 1.407365e+01 3.300000e+01
    endloop
  endfacet
  facet normal -0.000000e+00 0.000000e+00 -1.000000e+00
    outer loop
      vertex   2.967644e+01 1.407365e+01 3.300000e+01
      vertex   2.925972e+01 1.395795e+01 3.300000e+01
      vertex   3.216101e+01 2.054800e+01 3.300000e+01
    endloop
  endfacet
  facet normal -0.000000e+00 0.000000e+00 -1.000000e+00
    outer loop
      vertex   3.216101e+01 2.054800e+01 3.300000e+01
      vertex   2.925972e+01 1.395795e+01 3.300000e+01
      vertex   3.053660e+01 2.263503e+01 3.300000e+01
    endloop
  endfacet
  facet normal 0.000000e+00 0.000000e+00 -1.000000e+00
    outer loop
      vertex   3.053660e+01 2.263503e+01 3.300000e+01
      vertex   2.925972e+01 1.395795e+01 3.300000e+01
      vertex   2.887763e+01 1.375538e+01 3.300000e+01
    endloop
  endfacet
  facet normal 0.000000e+00 0.000000e+00 -1.000000e+00
    outer loop
      vertex   3.053660e+01 2.263503e+01 3.300000e+01
      vertex   2.887763e+01 1.375538e+01 3.300000e+01
      vertex   2.470261e+01 1.342527e+01 3.300000e+01
    endloop
  endfacet
  facet normal 0.000000e+00 0.000000e+00 -1.000000e+00
    outer loop
      vertex   2.470261e+01 1.342527e+01 3.300000e+01
      vertex   2.887763e+01 1.375538e+01 3.300000e+01
      vertex   2.854801e+01 1.347540e+01 3.300000e+01
    endloop
  endfacet
  facet normal 0.000000e+00 0.000000e+00 -1.000000e+00
    outer loop
      vertex   2.470261e+01 1.342527e+01 3.300000e+01
      vertex   2.854801e+01 1.347540e+01 3.300000e+01
      vertex   2.497108e+01 1.324324e+01 3.300000e+01
    endloop
  endfacet
  facet normal 0.000000e+00 0.000000e+00 -1.000000e+00
    outer loop
      vertex   2.497108e+01 1.324324e+01 3.300000e+01
      vertex   2.854801e+01 1.347540e+01 3.300000e+01
      vertex   2.519414e+01 1.300776e+01 3.300000e+01
    endloop
  endfacet
  facet normal 0.000000e+00 0.000000e+00 -1.000000e+00
    outer loop
      vertex   2.519414e+01 1.300776e+01 3.300000e+01
      vertex   2.854801e+01 1.347540e+01 3.300000e+01
      vertex   2.828629e+01 1.313111e+01 3.300000e+01
    endloop
  endfacet
  facet normal 0.000000e+00 0.000000e+00 -1.000000e+00
    outer loop
      vertex   2.519414e+01 1.300776e+01 3.300000e+01
      vertex   2.828629e+01 1.313111e+01 3.300000e+01
      vertex   2.536136e+01 1.272983e+01 3.300000e+01
    endloop
  endfacet
  facet normal 0.000000e+00 0.000000e+00 -1.000000e+00
    outer loop
      vertex   2.536136e+01 1.272983e+01 3.300000e+01
      vertex   2.828629e+01 1.313111e+01 3.300000e+01
      vertex   2.810469e+01 1.273860e+01 3.300000e+01
    endloop
  endfacet
  facet normal 0.000000e+00 0.000000e+00 -1.000000e+00
    outer loop
      vertex   2.536136e+01 1.272983e+01 3.300000e+01
      vertex   2.810469e+01 1.273860e+01 3.300000e+01
      vertex   2.546493e+01 1.242245e+01 3.300000e+01
    endloop
  endfacet
  facet normal 0.000000e+00 0.000000e+00 -1.000000e+00
    outer loop
      vertex   2.546493e+01 1.242245e+01 3.300000e+01
      vertex   2.810469e+01 1.273860e+01 3.300000e+01
      vertex   2.801172e+01 1.231624e+01 3.300000e+01
    endloop
  endfacet
  facet normal 0.000000e+00 0.000000e+00 -1.000000e+00
    outer loop
      vertex   2.546493e+01 1.242245e+01 3.300000e+01
      vertex   2.801172e+01 1.231624e+01 3.300000e+01
      vertex   2.550000e+01 1.210000e+01 3.300000e+01
    endloop
  endfacet
  facet normal 0.000000e+00 0.000000e+00 -1.000000e+00
    outer loop
      vertex   2.550000e+01 1.210000e+01 3.300000e+01
      vertex   2.801172e+01 1.231624e+01 3.300000e+01
      vertex   2.801172e+01 1.188376e+01 3.300000e+01
    endloop
  endfacet
  facet normal 0.000000e+00 -0.000000e+00 -1.000000e+00
    outer loop
      vertex   2.550000e+01 1.210000e+01 3.300000e+01
      vertex   2.801172e+01 1.188376e+01 3.300000e+01
      vertex   2.546493e+01 1.177754e+01 3.300000e+01
    endloop
  endfacet
  facet normal 0.000000e+00 0.000000e+00 -1.000000e+00
    outer loop
      vertex   2.546493e+01 1.177754e+01 3.300000e+01
      vertex   2.801172e+01 1.188376e+01 3.300000e+01
      vertex   2.810469e+01 1.146139e+01 3.300000e+01
    endloop
  endfacet
  facet normal 0.000000e+00 -0.000000e+00 -1.000000e+00
    outer loop
      vertex   2.546493e+01 1.177754e+01 3.300000e+01
      vertex   2.810469e+01 1.146139e+01 3.300000e+01
      vertex   2.536136e+01 1.147016e+01 3.300000e+01
    endloop
  endfacet
  facet normal 0.000000e+00 0.000000e+00 -1.000000e+00
    outer loop
      vertex   2.536136e+01 1.147016e+01 3.300000e+01
      vertex   2.810469e+01 1.146139e+01 3.300000e+01
      vertex   2.828629e+01 1.106889e+01 3.300000e+01
    endloop
  endfacet
  facet normal 0.000000e+00 -0.000000e+00 -1.000000e+00
    outer loop
      vertex   2.536136e+01 1.147016e+01 3.300000e+01
      vertex   2.828629e+01 1.106889e+01 3.300000e+01
      vertex   2.519414e+01 1.119224e+01 3.300000e+01
    endloop
  endfacet
  facet normal 0.000000e+00 0.000000e+00 -1.000000e+00
    outer loop
      vertex   2.519414e+01 1.119224e+01 3.300000e+01
      vertex   2.828629e+01 1.106889e+01 3.300000e+01
      vertex   2.854801e+01 1.072460e+01 3.300000e+01
    endloop
  endfacet
  facet normal 0.000000e+00 -0.000000e+00 -1.000000e+00
    outer loop
      vertex   2.519414e+01 1.119224e+01 3.300000e+01
      vertex   2.854801e+01 1.072460e+01 3.300000e+01
      vertex   2.497108e+01 1.095675e+01 3.300000e+01
    endloop
  endfacet
  facet normal 0.000000e+00 -0.000000e+00 -1.000000e+00
    outer loop
      vertex   2.497108e+01 1.095675e+01 3.300000e+01
      vertex   2.854801e+01 1.072460e+01 3.300000e+01
      vertex   2.470261e+01 1.077473e+01 3.300000e+01
    endloop
  endfacet
  facet normal 0.000000e+00 0.000000e+00 -1.000000e+00
    outer loop
      vertex   2.470261e+01 1.077473e+01 3.300000e+01
      vertex   2.854801e+01 1.072460e+01 3.300000e+01
      vertex   2.887763e+01 1.044462e+01 3.300000e+01
    endloop
  endfacet
  facet normal 0.000000e+00 -0.000000e+00 -1.000000e+00
    outer loop
      vertex   2.470261e+01 1.077473e+01 3.300000e+01
      vertex   2.887763e+01 1.044462e+01 3.300000e+01
      vertex   2.440129e+01 1.065467e+01 3.300000e+01
    endloop
  endfacet
  facet normal 0.000000e+00 0.000000e+00 -1.000000e+00
    outer loop
      vertex   2.440129e+01 1.065467e+01 3.300000e+01
      vertex   2.887763e+01 1.044462e+01 3.300000e+01
      vertex   2.925972e+01 1.024204e+01 3.300000e+01
    endloop
  endfacet
  facet normal 0.000000e+00 -0.000000e+00 -1.000000e+00
    outer loop
      vertex   2.440129e+01 1.065467e+01 3.300000e+01
      vertex   2.925972e+01 1.024204e+01 3.300000e+01
      vertex   2.408121e+01 1.060220e+01 3.300000e+01
    endloop
  endfacet
  facet normal 0.000000e+00 0.000000e+00 -1.000000e+00
    outer loop
      vertex   2.408121e+01 1.060220e+01 3.300000e+01
      vertex   2.925972e+01 1.024204e+01 3.300000e+01
      vertex   2.967644e+01 1.012634e+01 3.300000e+01
    endloop
  endfacet
  facet normal 0.000000e+00 0.000000e+00 -1.000000e+00
    outer loop
      vertex   2.408121e+01 1.060220e+01 3.300000e+01
      vertex   2.967644e+01 1.012634e+01 3.300000e+01
      vertex   3.922934e+01 4.796484e+00 3.300000e+01
    endloop
  endfacet
  facet normal 0.000000e+00 0.000000e+00 -1.000000e+00
    outer loop
      vertex   3.922934e+01 4.796484e+00 3.300000e+01
      vertex   2.967644e+01 1.012634e+01 3.300000e+01
      vertex   3.900033e+01 5.097739e+00 3.300000e+01
    endloop
  endfacet
  facet normal 0.000000e+00 0.000000e+00 -1.000000e+00
    outer loop
      vertex   3.900033e+01 5.097739e+00 3.300000e+01
      vertex   2.967644e+01 1.012634e+01 3.300000e+01
      vertex   3.010828e+01 1.010293e+01 3.300000e+01
    endloop
  endfacet
  facet normal 0.000000e+00 0.000000e+00 -1.000000e+00
    outer loop
      vertex   3.900033e+01 5.097739e+00 3.300000e+01
      vertex   3.010828e+01 1.010293e+01 3.300000e+01
      vertex   3.884144e+01 5.441181e+00 3.300000e+01
    endloop
  endfacet
  facet normal 0.000000e+00 0.000000e+00 -1.000000e+00
    outer loop
      vertex   3.884144e+01 5.441181e+00 3.300000e+01
      vertex   3.010828e+01 1.010293e+01 3.300000e+01
      vertex   3.053506e+01 1.017290e+01 3.300000e+01
    endloop
  endfacet
  facet normal 0.000000e+00 0.000000e+00 -1.000000e+00
    outer loop
      vertex   3.884144e+01 5.441181e+00 3.300000e+01
      vertex   3.053506e+01 1.017290e+01 3.300000e+01
      vertex   3.093682e+01 1.033297e+01 3.300000e+01
    endloop
  endfacet
  facet normal 0.000000e+00 0.000000e+00 -1.000000e+00
    outer loop
      vertex   3.884144e+01 5.441181e+00 3.300000e+01
      vertex   3.093682e+01 1.033297e+01 3.300000e+01
      vertex   3.876009e+01 5.810751e+00 3.300000e+01
    endloop
  endfacet
  facet normal 0.000000e+00 0.000000e+00 -1.000000e+00
    outer loop
      vertex   3.876009e+01 5.810751e+00 3.300000e+01
      vertex   3.093682e+01 1.033297e+01 3.300000e+01
      vertex   3.129477e+01 1.057567e+01 3.300000e+01
    endloop
  endfacet
  facet normal 0.000000e+00 0.000000e+00 -1.000000e+00
    outer loop
      vertex   3.876009e+01 5.810751e+00 3.300000e+01
      vertex   3.129477e+01 1.057567e+01 3.300000e+01
      vertex   3.876009e+01 6.189168e+00 3.300000e+01
    endloop
  endfacet
  facet normal 0.000000e+00 0.000000e+00 -1.000000e+00
    outer loop
      vertex   3.876009e+01 6.189168e+00 3.300000e+01
      vertex   3.129477e+01 1.057567e+01 3.300000e+01
      vertex   3.159219e+01 1.088965e+01 3.300000e+01
    endloop
  endfacet
  facet normal 0.000000e+00 0.000000e+00 -1.000000e+00
    outer loop
      vertex   3.876009e+01 6.189168e+00 3.300000e+01
      vertex   3.159219e+01 1.088965e+01 3.300000e+01
      vertex   3.884144e+01 6.558738e+00 3.300000e+01
    endloop
  endfacet
  facet normal 0.000000e+00 0.000000e+00 -1.000000e+00
    outer loop
      vertex   3.884144e+01 6.558738e+00 3.300000e+01
      vertex   3.159219e+01 1.088965e+01 3.300000e+01
      vertex   3.181515e+01 1.126022e+01 3.300000e+01
    endloop
  endfacet
  facet normal 0.000000e+00 0.000000e+00 -1.000000e+00
    outer loop
      vertex   3.884144e+01 6.558738e+00 3.300000e+01
      vertex   3.181515e+01 1.126022e+01 3.300000e+01
      vertex   3.900033e+01 6.902180e+00 3.300000e+01
    endloop
  endfacet
  facet normal 0.000000e+00 0.000000e+00 -1.000000e+00
    outer loop
      vertex   3.900033e+01 6.902180e+00 3.300000e+01
      vertex   3.181515e+01 1.126022e+01 3.300000e+01
      vertex   3.195324e+01 1.167006e+01 3.300000e+01
    endloop
  endfacet
  facet normal 0.000000e+00 0.000000e+00 -1.000000e+00
    outer loop
      vertex   3.900033e+01 6.902180e+00 3.300000e+01
      vertex   3.195324e+01 1.167006e+01 3.300000e+01
      vertex   3.922934e+01 7.203435e+00 3.300000e+01
    endloop
  endfacet
  facet normal 0.000000e+00 0.000000e+00 -1.000000e+00
    outer loop
      vertex   3.922934e+01 7.203435e+00 3.300000e+01
      vertex   3.195324e+01 1.167006e+01 3.300000e+01
      vertex   3.804191e+01 1.525281e+01 3.300000e+01
    endloop
  endfacet
  facet normal 0.000000e+00 0.000000e+00 -1.000000e+00
    outer loop
      vertex   3.922934e+01 7.203435e+00 3.300000e+01
      vertex   3.804191e+01 1.525281e+01 3.300000e+01
      vertex   3.951776e+01 7.448417e+00 3.300000e+01
    endloop
  endfacet
  facet normal 0.000000e+00 0.000000e+00 -1.000000e+00
    outer loop
      vertex   3.951776e+01 7.448417e+00 3.300000e+01
      vertex   3.804191e+01 1.525281e+01 3.300000e+01
      vertex   4.028732e+01 1.385546e+01 3.300000e+01
    endloop
  endfacet
  facet normal 0.000000e+00 0.000000e+00 -1.000000e+00
    outer loop
      vertex   3.951776e+01 7.448417e+00 3.300000e+01
      vertex   4.028732e+01 1.385546e+01 3.300000e+01
      vertex   3.985209e+01 7.625671e+00 3.300000e+01
    endloop
  endfacet
  facet normal 0.000000e+00 0.000000e+00 -1.000000e+00
    outer loop
      vertex   3.985209e+01 7.625671e+00 3.300000e+01
      vertex   4.028732e+01 1.385546e+01 3.300000e+01
      vertex   4.021672e+01 7.726908e+00 3.300000e+01
    endloop
  endfacet
  facet normal 0.000000e+00 0.000000e+00 -1.000000e+00
    outer loop
      vertex   4.021672e+01 7.726908e+00 3.300000e+01
      vertex   4.028732e+01 1.385546e+01 3.300000e+01
      vertex   4.059458e+01 7.747395e+00 3.300000e+01
    endloop
  endfacet
  facet normal 0.000000e+00 0.000000e+00 -1.000000e+00
    outer loop
      vertex   4.059458e+01 7.747395e+00 3.300000e+01
      vertex   4.028732e+01 1.385546e+01 3.300000e+01
      vertex   4.264706e+01 1.266129e+01 3.300000e+01
    endloop
  endfacet
  facet normal 0.000000e+00 0.000000e+00 -1.000000e+00
    outer loop
      vertex   4.059458e+01 7.747395e+00 3.300000e+01
      vertex   4.264706e+01 1.266129e+01 3.300000e+01
      vertex   4.096801e+01 7.686174e+00 3.300000e+01
    endloop
  endfacet
  facet normal 0.000000e+00 0.000000e+00 -1.000000e+00
    outer loop
      vertex   4.096801e+01 7.686174e+00 3.300000e+01
      vertex   4.264706e+01 1.266129e+01 3.300000e+01
      vertex   4.131955e+01 7.546108e+00 3.300000e+01
    endloop
  endfacet
  facet normal 0.000000e+00 0.000000e+00 -1.000000e+00
    outer loop
      vertex   4.131955e+01 7.546108e+00 3.300000e+01
      vertex   4.264706e+01 1.266129e+01 3.300000e+01
      vertex   4.163276e+01 7.333745e+00 3.300000e+01
    endloop
  endfacet
  facet normal 0.000000e+00 0.000000e+00 -1.000000e+00
    outer loop
      vertex   4.163276e+01 7.333745e+00 3.300000e+01
      vertex   4.264706e+01 1.266129e+01 3.300000e+01
      vertex   4.524540e+01 1.136551e+01 3.300000e+01
    endloop
  endfacet
  facet normal 0.000000e+00 0.000000e+00 -1.000000e+00
    outer loop
      vertex   4.163276e+01 7.333745e+00 3.300000e+01
      vertex   4.524540e+01 1.136551e+01 3.300000e+01
      vertex   4.189300e+01 7.059016e+00 3.300000e+01
    endloop
  endfacet
  facet normal 0.000000e+00 0.000000e+00 -1.000000e+00
    outer loop
      vertex   4.189300e+01 7.059016e+00 3.300000e+01
      vertex   4.524540e+01 1.136551e+01 3.300000e+01
      vertex   4.208809e+01 6.734766e+00 3.300000e+01
    endloop
  endfacet
  facet normal 0.000000e+00 0.000000e+00 -1.000000e+00
    outer loop
      vertex   4.208809e+01 6.734766e+00 3.300000e+01
      vertex   4.524540e+01 1.136551e+01 3.300000e+01
      vertex   4.773723e+01 9.875121e+00 3.300000e+01
    endloop
  endfacet
  facet normal 0.000000e+00 0.000000e+00 -1.000000e+00
    outer loop
      vertex   4.208809e+01 6.734766e+00 3.300000e+01
      vertex   4.773723e+01 9.875121e+00 3.300000e+01
      vertex   4.220892e+01 6.376158e+00 3.300000e+01
    endloop
  endfacet
  facet normal 0.000000e+00 0.000000e+00 -1.000000e+00
    outer loop
      vertex   4.220892e+01 6.376158e+00 3.300000e+01
      vertex   4.773723e+01 9.875121e+00 3.300000e+01
      vertex   4.224984e+01 5.999959e+00 3.300000e+01
    endloop
  endfacet
  facet normal 0.000000e+00 -0.000000e+00 -1.000000e+00
    outer loop
      vertex   4.224984e+01 5.999959e+00 3.300000e+01
      vertex   4.773723e+01 9.875121e+00 3.300000e+01
      vertex   4.220892e+01 5.623761e+00 3.300000e+01
    endloop
  endfacet
  facet normal 0.000000e+00 0.000000e+00 -1.000000e+00
    outer loop
      vertex   4.220892e+01 5.623761e+00 3.300000e+01
      vertex   4.773723e+01 9.875121e+00 3.300000e+01
      vertex   5.010798e+01 8.198824e+00 3.300000e+01
    endloop
  endfacet
  facet normal 0.000000e+00 -0.000000e+00 -1.000000e+00
    outer loop
      vertex   4.220892e+01 5.623761e+00 3.300000e+01
      vertex   5.010798e+01 8.198824e+00 3.300000e+01
      vertex   4.208809e+01 5.265152e+00 3.300000e+01
    endloop
  endfacet
  facet normal 0.000000e+00 0.000000e+00 -1.000000e+00
    outer loop
      vertex   4.208809e+01 5.265152e+00 3.300000e+01
      vertex   5.010798e+01 8.198824e+00 3.300000e+01
      vertex   5.234383e+01 6.346407e+00 3.300000e+01
    endloop
  endfacet
  facet normal 0.000000e+00 -0.000000e+00 -1.000000e+00
    outer loop
      vertex   4.208809e+01 5.265152e+00 3.300000e+01
      vertex   5.234383e+01 6.346407e+00 3.300000e+01
      vertex   4.189300e+01 4.940903e+00 3.300000e+01
    endloop
  endfacet
  facet normal 0.000000e+00 0.000000e+00 -1.000000e+00
    outer loop
      vertex   4.189300e+01 4.940903e+00 3.300000e+01
      vertex   5.234383e+01 6.346407e+00 3.300000e+01
      vertex   5.443170e+01 4.328684e+00 3.300000e+01
    endloop
  endfacet
  facet normal 0.000000e+00 -0.000000e+00 -1.000000e+00
    outer loop
      vertex   4.189300e+01 4.940903e+00 3.300000e+01
      vertex   5.443170e+01 4.328684e+00 3.300000e+01
      vertex   4.163276e+01 4.666174e+00 3.300000e+01
    endloop
  endfacet
  facet normal 0.000000e+00 0.000000e+00 -1.000000e+00
    outer loop
      vertex   4.163276e+01 4.666174e+00 3.300000e+01
      vertex   5.443170e+01 4.328684e+00 3.300000e+01
      vertex   5.635943e+01 2.157436e+00 3.300000e+01
    endloop
  endfacet
  facet normal 0.000000e+00 -0.000000e+00 -1.000000e+00
    outer loop
      vertex   4.163276e+01 4.666174e+00 3.300000e+01
      vertex   5.635943e+01 2.157436e+00 3.300000e+01
      vertex   4.131955e+01 4.453811e+00 3.300000e+01
    endloop
  endfacet
  facet normal 0.000000e+00 0.000000e+00 -1.000000e+00
    outer loop
      vertex   4.131955e+01 4.453811e+00 3.300000e+01
      vertex   5.635943e+01 2.157436e+00 3.300000e+01
      vertex   5.811575e+01 -1.546614e-01 3.300000e+01
    endloop
  endfacet
  facet normal 0.000000e+00 0.000000e+00 -1.000000e+00
    outer loop
      vertex   4.131955e+01 4.453811e+00 3.300000e+01
      vertex   5.811575e+01 -1.546614e-01 3.300000e+01
      vertex   5.969041e+01 -2.594109e+00 3.300000e+01
    endloop
  endfacet
  facet normal -0.000000e+00 0.000000e+00 -1.000000e+00
    outer loop
      vertex   -4.700000e+00 7.930000e+01 3.300000e+01
      vertex   -1.818485e+01 7.793978e+01 3.300000e+01
      vertex   -1.290000e+01 9.110000e+01 3.300000e+01
    endloop
  endfacet
  facet normal 0.000000e+00 0.000000e+00 -1.000000e+00
    outer loop
      vertex   -1.290000e+01 9.110000e+01 3.300000e+01
      vertex   -1.818485e+01 7.793978e+01 3.300000e+01
      vertex   -1.840781e+01 7.831035e+01 3.300000e+01
    endloop
  endfacet
  facet normal 0.000000e+00 0.000000e+00 -1.000000e+00
    outer loop
      vertex   -1.290000e+01 9.110000e+01 3.300000e+01
      vertex   -1.840781e+01 7.831035e+01 3.300000e+01
      vertex   -1.870523e+01 7.862432e+01 3.300000e+01
    endloop
  endfacet
  facet normal 0.000000e+00 0.000000e+00 -1.000000e+00
    outer loop
      vertex   -1.870523e+01 7.862432e+01 3.300000e+01
      vertex   -1.906318e+01 7.886702e+01 3.300000e+01
      vertex   -1.290000e+01 9.110000e+01 3.300000e+01
    endloop
  endfacet
  facet normal 0.000000e+00 0.000000e+00 -1.000000e+00
    outer loop
      vertex   -1.290000e+01 9.110000e+01 3.300000e+01
      vertex   -1.906318e+01 7.886702e+01 3.300000e+01
      vertex   -1.946494e+01 7.902710e+01 3.300000e+01
    endloop
  endfacet
  facet normal 0.000000e+00 0.000000e+00 -1.000000e+00
    outer loop
      vertex   -1.290000e+01 9.110000e+01 3.300000e+01
      vertex   -1.946494e+01 7.902710e+01 3.300000e+01
      vertex   -1.989172e+01 7.909706e+01 3.300000e+01
    endloop
  endfacet
  facet normal -0.000000e+00 0.000000e+00 -1.000000e+00
    outer loop
      vertex   -1.989172e+01 7.909706e+01 3.300000e+01
      vertex   -2.032356e+01 7.907365e+01 3.300000e+01
      vertex   -1.290000e+01 9.110000e+01 3.300000e+01
    endloop
  endfacet
  facet normal -0.000000e+00 0.000000e+00 -1.000000e+00
    outer loop
      vertex   -1.290000e+01 9.110000e+01 3.300000e+01
      vertex   -2.032356e+01 7.907365e+01 3.300000e+01
      vertex   -1.657975e+01 9.619973e+01 3.300000e+01
    endloop
  endfacet
  facet normal 0.000000e+00 0.000000e+00 -1.000000e+00
    outer loop
      vertex   -1.290000e+01 9.110000e+01 3.300000e+01
      vertex   -1.657975e+01 9.619973e+01 3.300000e+01
      vertex   -1.639183e+01 9.607231e+01 3.300000e+01
    endloop
  endfacet
  facet normal -0.000000e+00 0.000000e+00 -1.000000e+00
    outer loop
      vertex   -2.032356e+01 7.907365e+01 3.300000e+01
      vertex   -2.074028e+01 7.895795e+01 3.300000e+01
      vertex   -1.657975e+01 9.619973e+01 3.300000e+01
    endloop
  endfacet
  facet normal -0.000000e+00 0.000000e+00 -1.000000e+00
    outer loop
      vertex   -1.657975e+01 9.619973e+01 3.300000e+01
      vertex   -2.074028e+01 7.895795e+01 3.300000e+01
      vertex   -1.673590e+01 9.636456e+01 3.300000e+01
    endloop
  endfacet
  facet normal 0.000000e+00 0.000000e+00 -1.000000e+00
    outer loop
      vertex   -1.673590e+01 9.636456e+01 3.300000e+01
      vertex   -2.074028e+01 7.895795e+01 3.300000e+01
      vertex   -2.112237e+01 7.875538e+01 3.300000e+01
    endloop
  endfacet
  facet normal -0.000000e+00 0.000000e+00 -1.000000e+00
    outer loop
      vertex   -1.673590e+01 9.636456e+01 3.300000e+01
      vertex   -2.112237e+01 7.875538e+01 3.300000e+01
      vertex   -1.685295e+01 9.655911e+01 3.300000e+01
    endloop
  endfacet
  facet normal 0.000000e+00 0.000000e+00 -1.000000e+00
    outer loop
      vertex   -1.685295e+01 9.655911e+01 3.300000e+01
      vertex   -2.112237e+01 7.875538e+01 3.300000e+01
      vertex   -2.145199e+01 7.847540e+01 3.300000e+01
    endloop
  endfacet
  facet normal -0.000000e+00 0.000000e+00 -1.000000e+00
    outer loop
      vertex   -1.685295e+01 9.655911e+01 3.300000e+01
      vertex   -2.145199e+01 7.847540e+01 3.300000e+01
      vertex   -1.692545e+01 9.677428e+01 3.300000e+01
    endloop
  endfacet
  facet normal 0.000000e+00 0.000000e+00 -1.000000e+00
    outer loop
      vertex   -1.692545e+01 9.677428e+01 3.300000e+01
      vertex   -2.145199e+01 7.847540e+01 3.300000e+01
      vertex   -2.171371e+01 7.813111e+01 3.300000e+01
    endloop
  endfacet
  facet normal -0.000000e+00 0.000000e+00 -1.000000e+00
    outer loop
      vertex   -1.692545e+01 9.677428e+01 3.300000e+01
      vertex   -2.171371e+01 7.813111e+01 3.300000e+01
      vertex   -2.500000e+01 1.125000e+02 3.300000e+01
    endloop
  endfacet
  facet normal 0.000000e+00 0.000000e+00 -1.000000e+00
    outer loop
      vertex   -2.500000e+01 1.125000e+02 3.300000e+01
      vertex   -2.171371e+01 7.813111e+01 3.300000e+01
      vertex   -2.189531e+01 7.773860e+01 3.300000e+01
    endloop
  endfacet
  facet normal 0.000000e+00 0.000000e+00 -1.000000e+00
    outer loop
      vertex   -2.500000e+01 1.125000e+02 3.300000e+01
      vertex   -2.189531e+01 7.773860e+01 3.300000e+01
      vertex   -2.198828e+01 7.731624e+01 3.300000e+01
    endloop
  endfacet
  facet normal -0.000000e+00 -0.000000e+00 -1.000000e+00
    outer loop
      vertex   -2.198828e+01 7.731624e+01 3.300000e+01
      vertex   -2.198828e+01 7.688376e+01 3.300000e+01
      vertex   -2.500000e+01 1.125000e+02 3.300000e+01
    endloop
  endfacet
  facet normal 0.000000e+00 0.000000e+00 -1.000000e+00
    outer loop
      vertex   -2.500000e+01 1.125000e+02 3.300000e+01
      vertex   -2.198828e+01 7.688376e+01 3.300000e+01
      vertex   -2.500000e+01 4.000000e+01 3.300000e+01
    endloop
  endfacet
  facet normal 0.000000e+00 0.000000e+00 -1.000000e+00
    outer loop
      vertex   -2.500000e+01 4.000000e+01 3.300000e+01
      vertex   -2.198828e+01 7.688376e+01 3.300000e+01
      vertex   -2.189531e+01 7.646139e+01 3.300000e+01
    endloop
  endfacet
  facet normal 0.000000e+00 0.000000e+00 -1.000000e+00
    outer loop
      vertex   -2.500000e+01 4.000000e+01 3.300000e+01
      vertex   -2.189531e+01 7.646139e+01 3.300000e+01
      vertex   -2.171371e+01 7.606889e+01 3.300000e+01
    endloop
  endfacet
  facet normal 0.000000e+00 -0.000000e+00 -1.000000e+00
    outer loop
      vertex   -2.171371e+01 7.606889e+01 3.300000e+01
      vertex   -2.145199e+01 7.572460e+01 3.300000e+01
      vertex   -2.500000e+01 4.000000e+01 3.300000e+01
    endloop
  endfacet
  facet normal 0.000000e+00 0.000000e+00 -1.000000e+00
    outer loop
      vertex   -2.500000e+01 4.000000e+01 3.300000e+01
      vertex   -2.145199e+01 7.572460e+01 3.300000e+01
      vertex   -2.112237e+01 7.544462e+01 3.300000e+01
    endloop
  endfacet
  facet normal 0.000000e+00 0.000000e+00 -1.000000e+00
    outer loop
      vertex   -2.500000e+01 4.000000e+01 3.300000e+01
      vertex   -2.112237e+01 7.544462e+01 3.300000e+01
      vertex   -2.074028e+01 7.524204e+01 3.300000e+01
    endloop
  endfacet
  facet normal 0.000000e+00 -0.000000e+00 -1.000000e+00
    outer loop
      vertex   -2.074028e+01 7.524204e+01 3.300000e+01
      vertex   -2.032356e+01 7.512634e+01 3.300000e+01
      vertex   -2.500000e+01 4.000000e+01 3.300000e+01
    endloop
  endfacet
  facet normal 0.000000e+00 0.000000e+00 -1.000000e+00
    outer loop
      vertex   -2.500000e+01 4.000000e+01 3.300000e+01
      vertex   -2.032356e+01 7.512634e+01 3.300000e+01
      vertex   -1.989172e+01 7.510293e+01 3.300000e+01
    endloop
  endfacet
  facet normal 0.000000e+00 0.000000e+00 -1.000000e+00
    outer loop
      vertex   -2.500000e+01 4.000000e+01 3.300000e+01
      vertex   -1.989172e+01 7.510293e+01 3.300000e+01
      vertex   -1.946494e+01 7.517290e+01 3.300000e+01
    endloop
  endfacet
  facet normal 0.000000e+00 -0.000000e+00 -1.000000e+00
    outer loop
      vertex   -1.946494e+01 7.517290e+01 3.300000e+01
      vertex   -1.906318e+01 7.533297e+01 3.300000e+01
      vertex   -2.500000e+01 4.000000e+01 3.300000e+01
    endloop
  endfacet
  facet normal 0.000000e+00 0.000000e+00 -1.000000e+00
    outer loop
      vertex   -1.870523e+01 7.557567e+01 3.300000e+01
      vertex   -1.840781e+01 7.588965e+01 3.300000e+01
      vertex   -4.700000e+00 7.490000e+01 3.300000e+01
    endloop
  endfacet
  facet normal 0.000000e+00 0.000000e+00 -1.000000e+00
    outer loop
      vertex   -4.700000e+00 7.490000e+01 3.300000e+01
      vertex   -1.840781e+01 7.588965e+01 3.300000e+01
      vertex   -1.818485e+01 7.626022e+01 3.300000e+01
    endloop
  endfacet
  facet normal 0.000000e+00 0.000000e+00 -1.000000e+00
    outer loop
      vertex   -4.700000e+00 7.490000e+01 3.300000e+01
      vertex   -1.818485e+01 7.626022e+01 3.300000e+01
      vertex   -1.804676e+01 7.667006e+01 3.300000e+01
    endloop
  endfacet
  facet normal 0.000000e+00 0.000000e+00 -1.000000e+00
    outer loop
      vertex   -1.804676e+01 7.667006e+01 3.300000e+01
      vertex   -1.800000e+01 7.710000e+01 3.300000e+01
      vertex   -4.700000e+00 7.490000e+01 3.300000e+01
    endloop
  endfacet
  facet normal -0.000000e+00 -0.000000e+00 -1.000000e+00
    outer loop
      vertex   3.922934e+01 4.796484e+00 3.300000e+01
      vertex   3.951776e+01 4.551502e+00 3.300000e+01
      vertex   2.408121e+01 1.060220e+01 3.300000e+01
    endloop
  endfacet
  facet normal -0.000000e+00 -0.000000e+00 -1.000000e+00
    outer loop
      vertex   2.408121e+01 1.060220e+01 3.300000e+01
      vertex   3.951776e+01 4.551502e+00 3.300000e+01
      vertex   2.375733e+01 1.061976e+01 3.300000e+01
    endloop
  endfacet
  facet normal 0.000000e+00 -0.000000e+00 -1.000000e+00
    outer loop
      vertex   2.375733e+01 1.061976e+01 3.300000e+01
      vertex   3.951776e+01 4.551502e+00 3.300000e+01
      vertex   -7.824840e+00 -2.250000e+01 3.300000e+01
    endloop
  endfacet
  facet normal -0.000000e+00 0.000000e+00 -1.000000e+00
    outer loop
      vertex   2.375733e+01 1.061976e+01 3.300000e+01
      vertex   -7.824840e+00 -2.250000e+01 3.300000e+01
      vertex   2.344479e+01 1.070653e+01 3.300000e+01
    endloop
  endfacet
  facet normal 0.000000e+00 0.000000e+00 -1.000000e+00
    outer loop
      vertex   2.344479e+01 1.070653e+01 3.300000e+01
      vertex   -7.824840e+00 -2.250000e+01 3.300000e+01
      vertex   -8.500284e+00 -1.400008e+01 3.300000e+01
    endloop
  endfacet
  facet normal 0.000000e+00 0.000000e+00 -1.000000e+00
    outer loop
      vertex   2.344479e+01 1.070653e+01 3.300000e+01
      vertex   -8.500284e+00 -1.400008e+01 3.300000e+01
      vertex   4.700000e+00 9.899998e+00 3.300000e+01
    endloop
  endfacet
  facet normal 0.000000e+00 0.000000e+00 -1.000000e+00
    outer loop
      vertex   4.700000e+00 9.899998e+00 3.300000e+01
      vertex   -8.500284e+00 -1.400008e+01 3.300000e+01
      vertex   -8.623145e+00 -1.236062e+01 3.300000e+01
    endloop
  endfacet
  facet normal 0.000000e+00 0.000000e+00 -1.000000e+00
    outer loop
      vertex   4.700000e+00 9.899998e+00 3.300000e+01
      vertex   -8.623145e+00 -1.236062e+01 3.300000e+01
      vertex   -8.988984e+00 -1.075777e+01 3.300000e+01
    endloop
  endfacet
  facet normal 0.000000e+00 -0.000000e+00 -1.000000e+00
    outer loop
      vertex   3.951776e+01 4.551502e+00 3.300000e+01
      vertex   3.985209e+01 4.374248e+00 3.300000e+01
      vertex   -7.824840e+00 -2.250000e+01 3.300000e+01
    endloop
  endfacet
  facet normal 0.000000e+00 0.000000e+00 -1.000000e+00
    outer loop
      vertex   -7.824840e+00 -2.250000e+01 3.300000e+01
      vertex   3.985209e+01 4.374248e+00 3.300000e+01
      vertex   6.500000e+01 -2.250000e+01 3.300000e+01
    endloop
  endfacet
  facet normal 0.000000e+00 0.000000e+00 -1.000000e+00
    outer loop
      vertex   6.500000e+01 -2.250000e+01 3.300000e+01
      vertex   3.985209e+01 4.374248e+00 3.300000e+01
      vertex   4.021672e+01 4.273010e+00 3.300000e+01
    endloop
  endfacet
  facet normal 0.000000e+00 0.000000e+00 -1.000000e+00
    outer loop
      vertex   6.500000e+01 -2.250000e+01 3.300000e+01
      vertex   4.021672e+01 4.273010e+00 3.300000e+01
      vertex   4.059458e+01 4.252523e+00 3.300000e+01
    endloop
  endfacet
  facet normal 0.000000e+00 -0.000000e+00 -1.000000e+00
    outer loop
      vertex   4.096801e+01 4.313744e+00 3.300000e+01
      vertex   6.323809e+01 -1.053092e+01 3.300000e+01
      vertex   4.059458e+01 4.252523e+00 3.300000e+01
    endloop
  endfacet
  facet normal 0.000000e+00 0.000000e+00 -1.000000e+00
    outer loop
      vertex   4.059458e+01 4.252523e+00 3.300000e+01
      vertex   6.323809e+01 -1.053092e+01 3.300000e+01
      vertex   6.400554e+01 -1.333118e+01 3.300000e+01
    endloop
  endfacet
  facet normal 0.000000e+00 0.000000e+00 -1.000000e+00
    outer loop
      vertex   4.059458e+01 4.252523e+00 3.300000e+01
      vertex   6.400554e+01 -1.333118e+01 3.300000e+01
      vertex   6.455694e+01 -1.618187e+01 3.300000e+01
    endloop
  endfacet
  facet normal 0.000000e+00 -0.000000e+00 -1.000000e+00
    outer loop
      vertex   4.131955e+01 4.453811e+00 3.300000e+01
      vertex   5.969041e+01 -2.594109e+00 3.300000e+01
      vertex   4.096801e+01 4.313744e+00 3.300000e+01
    endloop
  endfacet
  facet normal 0.000000e+00 0.000000e+00 -1.000000e+00
    outer loop
      vertex   4.096801e+01 4.313744e+00 3.300000e+01
      vertex   5.969041e+01 -2.594109e+00 3.300000e+01
      vertex   6.107421e+01 -5.146665e+00 3.300000e+01
    endloop
  endfacet
  facet normal 0.000000e+00 0.000000e+00 -1.000000e+00
    outer loop
      vertex   4.096801e+01 4.313744e+00 3.300000e+01
      vertex   6.107421e+01 -5.146665e+00 3.300000e+01
      vertex   6.225908e+01 -7.797426e+00 3.300000e+01
    endloop
  endfacet
  facet normal 0.000000e+00 0.000000e+00 -1.000000e+00
    outer loop
      vertex   -3.836740e+01 7.333745e+00 3.300000e+01
      vertex   -3.868061e+01 7.546108e+00 3.300000e+01
      vertex   -3.804191e+01 1.525281e+01 3.300000e+01
    endloop
  endfacet
  facet normal 0.000000e+00 0.000000e+00 -1.000000e+00
    outer loop
      vertex   -3.804191e+01 1.525281e+01 3.300000e+01
      vertex   -3.868061e+01 7.546108e+00 3.300000e+01
      vertex   -4.028732e+01 1.385546e+01 3.300000e+01
    endloop
  endfacet
  facet normal 0.000000e+00 0.000000e+00 -1.000000e+00
    outer loop
      vertex   -4.028732e+01 1.385546e+01 3.300000e+01
      vertex   -3.868061e+01 7.546108e+00 3.300000e+01
      vertex   -3.903215e+01 7.686174e+00 3.300000e+01
    endloop
  endfacet
  facet normal 0.000000e+00 0.000000e+00 -1.000000e+00
    outer loop
      vertex   -4.028732e+01 1.385546e+01 3.300000e+01
      vertex   -3.903215e+01 7.686174e+00 3.300000e+01
      vertex   -3.940558e+01 7.747395e+00 3.300000e+01
    endloop
  endfacet
  facet normal -0.000000e+00 0.000000e+00 -1.000000e+00
    outer loop
      vertex   -3.940558e+01 7.747395e+00 3.300000e+01
      vertex   -3.978344e+01 7.726908e+00 3.300000e+01
      vertex   -4.028732e+01 1.385546e+01 3.300000e+01
    endloop
  endfacet
  facet normal 0.000000e+00 -0.000000e+00 -1.000000e+00
    outer loop
      vertex   -4.028732e+01 1.385546e+01 3.300000e+01
      vertex   -3.978344e+01 7.726908e+00 3.300000e+01
      vertex   -4.264706e+01 1.266129e+01 3.300000e+01
    endloop
  endfacet
  facet normal 0.000000e+00 0.000000e+00 -1.000000e+00
    outer loop
      vertex   -4.264706e+01 1.266129e+01 3.300000e+01
      vertex   -3.978344e+01 7.726908e+00 3.300000e+01
      vertex   -4.014807e+01 7.625671e+00 3.300000e+01
    endloop
  endfacet
  facet normal 0.000000e+00 0.000000e+00 -1.000000e+00
    outer loop
      vertex   -4.264706e+01 1.266129e+01 3.300000e+01
      vertex   -4.014807e+01 7.625671e+00 3.300000e+01
      vertex   -4.048240e+01 7.448417e+00 3.300000e+01
    endloop
  endfacet
  facet normal -0.000000e+00 0.000000e+00 -1.000000e+00
    outer loop
      vertex   -4.048240e+01 7.448417e+00 3.300000e+01
      vertex   -4.077082e+01 7.203435e+00 3.300000e+01
      vertex   -4.264706e+01 1.266129e+01 3.300000e+01
    endloop
  endfacet
  facet normal 0.000000e+00 -0.000000e+00 -1.000000e+00
    outer loop
      vertex   -4.264706e+01 1.266129e+01 3.300000e+01
      vertex   -4.077082e+01 7.203435e+00 3.300000e+01
      vertex   -4.524540e+01 1.136551e+01 3.300000e+01
    endloop
  endfacet
  facet normal 0.000000e+00 0.000000e+00 -1.000000e+00
    outer loop
      vertex   -4.524540e+01 1.136551e+01 3.300000e+01
      vertex   -4.077082e+01 7.203435e+00 3.300000e+01
      vertex   -4.099983e+01 6.902180e+00 3.300000e+01
    endloop
  endfacet
  facet normal 0.000000e+00 0.000000e+00 -1.000000e+00
    outer loop
      vertex   -4.524540e+01 1.136551e+01 3.300000e+01
      vertex   -4.099983e+01 6.902180e+00 3.300000e+01
      vertex   -4.115872e+01 6.558738e+00 3.300000e+01
    endloop
  endfacet
  facet normal -0.000000e+00 0.000000e+00 -1.000000e+00
    outer loop
      vertex   -4.115872e+01 6.558738e+00 3.300000e+01
      vertex   -4.124007e+01 6.189168e+00 3.300000e+01
      vertex   -4.524540e+01 1.136551e+01 3.300000e+01
    endloop
  endfacet
  facet normal 0.000000e+00 -0.000000e+00 -1.000000e+00
    outer loop
      vertex   -4.524540e+01 1.136551e+01 3.300000e+01
      vertex   -4.124007e+01 6.189168e+00 3.300000e+01
      vertex   -4.773723e+01 9.875121e+00 3.300000e+01
    endloop
  endfacet
  facet normal 0.000000e+00 0.000000e+00 -1.000000e+00
    outer loop
      vertex   -4.773723e+01 9.875121e+00 3.300000e+01
      vertex   -4.124007e+01 6.189168e+00 3.300000e+01
      vertex   -4.124007e+01 5.810751e+00 3.300000e+01
    endloop
  endfacet
  facet normal 0.000000e+00 -0.000000e+00 -1.000000e+00
    outer loop
      vertex   -4.773723e+01 9.875121e+00 3.300000e+01
      vertex   -4.124007e+01 5.810751e+00 3.300000e+01
      vertex   -5.010798e+01 8.198824e+00 3.300000e+01
    endloop
  endfacet
  facet normal 0.000000e+00 0.000000e+00 -1.000000e+00
    outer loop
      vertex   -5.010798e+01 8.198824e+00 3.300000e+01
      vertex   -4.124007e+01 5.810751e+00 3.300000e+01
      vertex   -4.115872e+01 5.441181e+00 3.300000e+01
    endloop
  endfacet
  facet normal 0.000000e+00 0.000000e+00 -1.000000e+00
    outer loop
      vertex   -5.010798e+01 8.198824e+00 3.300000e+01
      vertex   -4.115872e+01 5.441181e+00 3.300000e+01
      vertex   -4.099983e+01 5.097739e+00 3.300000e+01
    endloop
  endfacet
  facet normal 0.000000e+00 -0.000000e+00 -1.000000e+00
    outer loop
      vertex   -5.010798e+01 8.198824e+00 3.300000e+01
      vertex   -4.099983e+01 5.097739e+00 3.300000e+01
      vertex   -5.234383e+01 6.346407e+00 3.300000e+01
    endloop
  endfacet
  facet normal 0.000000e+00 0.000000e+00 -1.000000e+00
    outer loop
      vertex   -5.234383e+01 6.346407e+00 3.300000e+01
      vertex   -4.099983e+01 5.097739e+00 3.300000e+01
      vertex   -4.077082e+01 4.796484e+00 3.300000e+01
    endloop
  endfacet
  facet normal 0.000000e+00 -0.000000e+00 -1.000000e+00
    outer loop
      vertex   -5.234383e+01 6.346407e+00 3.300000e+01
      vertex   -4.077082e+01 4.796484e+00 3.300000e+01
      vertex   -5.443170e+01 4.328684e+00 3.300000e+01
    endloop
  endfacet
  facet normal 0.000000e+00 0.000000e+00 -1.000000e+00
    outer loop
      vertex   -5.443170e+01 4.328684e+00 3.300000e+01
      vertex   -4.077082e+01 4.796484e+00 3.300000e+01
      vertex   -4.048240e+01 4.551502e+00 3.300000e+01
    endloop
  endfacet
  facet normal 0.000000e+00 -0.000000e+00 -1.000000e+00
    outer loop
      vertex   -5.443170e+01 4.328684e+00 3.300000e+01
      vertex   -4.048240e+01 4.551502e+00 3.300000e+01
      vertex   -5.635943e+01 2.157436e+00 3.300000e+01
    endloop
  endfacet
  facet normal 0.000000e+00 -0.000000e+00 -1.000000e+00
    outer loop
      vertex   -5.635943e+01 2.157436e+00 3.300000e+01
      vertex   -4.048240e+01 4.551502e+00 3.300000e+01
      vertex   -5.811575e+01 -1.546614e-01 3.300000e+01
    endloop
  endfacet
  facet normal 0.000000e+00 0.000000e+00 -1.000000e+00
    outer loop
      vertex   -5.811575e+01 -1.546614e-01 3.300000e+01
      vertex   -4.048240e+01 4.551502e+00 3.300000e+01
      vertex   -4.014807e+01 4.374248e+00 3.300000e+01
    endloop
  endfacet
  facet normal 0.000000e+00 0.000000e+00 -1.000000e+00
    outer loop
      vertex   1.414385e+01 9.688647e+01 3.300000e+01
      vertex   1.414385e+01 9.711352e+01 3.300000e+01
      vertex   2.500000e+01 1.125000e+02 3.300000e+01
    endloop
  endfacet
  facet normal 0.000000e+00 0.000000e+00 -1.000000e+00
    outer loop
      vertex   2.500000e+01 1.125000e+02 3.300000e+01
      vertex   1.414385e+01 9.711352e+01 3.300000e+01
      vertex   1.409504e+01 9.733526e+01 3.300000e+01
    endloop
  endfacet
  facet normal 0.000000e+00 0.000000e+00 -1.000000e+00
    outer loop
      vertex   2.500000e+01 1.125000e+02 3.300000e+01
      vertex   1.409504e+01 9.733526e+01 3.300000e+01
      vertex   1.399970e+01 9.754133e+01 3.300000e+01
    endloop
  endfacet
  facet normal 0.000000e+00 0.000000e+00 -1.000000e+00
    outer loop
      vertex   1.386230e+01 9.772208e+01 3.300000e+01
      vertex   1.936006e+01 1.130000e+02 3.300000e+01
      vertex   1.399970e+01 9.754133e+01 3.300000e+01
    endloop
  endfacet
  facet normal 0.000000e+00 0.000000e+00 -1.000000e+00
    outer loop
      vertex   1.399970e+01 9.754133e+01 3.300000e+01
      vertex   1.936006e+01 1.130000e+02 3.300000e+01
      vertex   2.200000e+01 1.130000e+02 3.300000e+01
    endloop
  endfacet
  facet normal 0.000000e+00 0.000000e+00 -1.000000e+00
    outer loop
      vertex   1.399970e+01 9.754133e+01 3.300000e+01
      vertex   2.200000e+01 1.130000e+02 3.300000e+01
      vertex   2.500000e+01 1.125000e+02 3.300000e+01
    endloop
  endfacet
  facet normal 0.000000e+00 0.000000e+00 -1.000000e+00
    outer loop
      vertex   2.500000e+01 1.125000e+02 3.300000e+01
      vertex   2.200000e+01 1.130000e+02 3.300000e+01
      vertex   2.491061e+01 1.136545e+02 3.300000e+01
    endloop
  endfacet
  facet normal -0.000000e+00 0.000000e+00 -1.000000e+00
    outer loop
      vertex   2.491061e+01 1.136545e+02 3.300000e+01
      vertex   2.200000e+01 1.130000e+02 3.300000e+01
      vertex   2.464456e+01 1.147815e+02 3.300000e+01
    endloop
  endfacet
  facet normal -0.000000e+00 0.000000e+00 -1.000000e+00
    outer loop
      vertex   2.464456e+01 1.147815e+02 3.300000e+01
      vertex   2.200000e+01 1.130000e+02 3.300000e+01
      vertex   2.420820e+01 1.158541e+02 3.300000e+01
    endloop
  endfacet
  facet normal -0.000000e+00 0.000000e+00 -1.000000e+00
    outer loop
      vertex   2.420820e+01 1.158541e+02 3.300000e+01
      vertex   2.200000e+01 1.130000e+02 3.300000e+01
      vertex   2.361194e+01 1.168467e+02 3.300000e+01
    endloop
  endfacet
  facet normal -0.000000e+00 0.000000e+00 -1.000000e+00
    outer loop
      vertex   2.361194e+01 1.168467e+02 3.300000e+01
      vertex   2.200000e+01 1.130000e+02 3.300000e+01
      vertex   2.286997e+01 1.177358e+02 3.300000e+01
    endloop
  endfacet
  facet normal -0.000000e+00 0.000000e+00 -1.000000e+00
    outer loop
      vertex   2.286997e+01 1.177358e+02 3.300000e+01
      vertex   2.200000e+01 1.130000e+02 3.300000e+01
      vertex   2.200000e+01 1.185000e+02 3.300000e+01
    endloop
  endfacet
  facet normal 0.000000e+00 0.000000e+00 -1.000000e+00
    outer loop
      vertex   1.386230e+01 9.772208e+01 3.300000e+01
      vertex   1.368925e+01 9.786907e+01 3.300000e+01
      vertex   1.936006e+01 1.130000e+02 3.300000e+01
    endloop
  endfacet
  facet normal 0.000000e+00 0.000000e+00 -1.000000e+00
    outer loop
      vertex   -1.290000e+01 1.029000e+02 3.300000e+01
      vertex   -2.588512e-01 1.134211e+02 3.300000e+01
      vertex   1.010000e+01 1.029000e+02 3.300000e+01
    endloop
  endfacet
  facet normal 0.000000e+00 0.000000e+00 -1.000000e+00
    outer loop
      vertex   1.010000e+01 1.029000e+02 3.300000e+01
      vertex   -2.588512e-01 1.134211e+02 3.300000e+01
      vertex   8.662225e-02 1.134023e+02 3.300000e+01
    endloop
  endfacet
  facet normal 0.000000e+00 0.000000e+00 -1.000000e+00
    outer loop
      vertex   1.010000e+01 1.029000e+02 3.300000e+01
      vertex   8.662225e-02 1.134023e+02 3.300000e+01
      vertex   4.280453e-01 1.134583e+02 3.300000e+01
    endloop
  endfacet
  facet normal 0.000000e+00 0.000000e+00 -1.000000e+00
    outer loop
      vertex   -1.290000e+01 9.110000e+01 3.300000e+01
      vertex   -1.485615e+01 9.688647e+01 3.300000e+01
      vertex   -1.290000e+01 1.029000e+02 3.300000e+01
    endloop
  endfacet
  facet normal 0.000000e+00 0.000000e+00 -1.000000e+00
    outer loop
      vertex   -1.290000e+01 1.029000e+02 3.300000e+01
      vertex   -1.485615e+01 9.688647e+01 3.300000e+01
      vertex   -1.485615e+01 9.711352e+01 3.300000e+01
    endloop
  endfacet
  facet normal 0.000000e+00 0.000000e+00 -1.000000e+00
    outer loop
      vertex   -1.290000e+01 1.029000e+02 3.300000e+01
      vertex   -1.485615e+01 9.711352e+01 3.300000e+01
      vertex   -1.490496e+01 9.733526e+01 3.300000e+01
    endloop
  endfacet
  facet normal 0.000000e+00 0.000000e+00 -1.000000e+00
    outer loop
      vertex   -1.290000e+01 9.110000e+01 3.300000e+01
      vertex   1.010000e+01 9.110000e+01 3.300000e+01
      vertex   -4.700000e+00 7.930000e+01 3.300000e+01
    endloop
  endfacet
  facet normal -0.000000e+00 0.000000e+00 -1.000000e+00
    outer loop
      vertex   -1.692545e+01 9.722572e+01 3.300000e+01
      vertex   -1.695000e+01 9.700000e+01 3.300000e+01
      vertex   -2.500000e+01 1.125000e+02 3.300000e+01
    endloop
  endfacet
  facet normal 0.000000e+00 0.000000e+00 -1.000000e+00
    outer loop
      vertex   -2.500000e+01 1.125000e+02 3.300000e+01
      vertex   -1.695000e+01 9.700000e+01 3.300000e+01
      vertex   -1.692545e+01 9.677428e+01 3.300000e+01
    endloop
  endfacet
  facet normal 0.000000e+00 0.000000e+00 -1.000000e+00
    outer loop
      vertex   -1.639183e+01 9.607231e+01 3.300000e+01
      vertex   -1.618090e+01 9.598827e+01 3.300000e+01
      vertex   -1.290000e+01 9.110000e+01 3.300000e+01
    endloop
  endfacet
  facet normal 0.000000e+00 0.000000e+00 -1.000000e+00
    outer loop
      vertex   -1.290000e+01 9.110000e+01 3.300000e+01
      vertex   -1.618090e+01 9.598827e+01 3.300000e+01
      vertex   -1.595684e+01 9.595154e+01 3.300000e+01
    endloop
  endfacet
  facet normal 0.000000e+00 0.000000e+00 -1.000000e+00
    outer loop
      vertex   -1.290000e+01 9.110000e+01 3.300000e+01
      vertex   -1.595684e+01 9.595154e+01 3.300000e+01
      vertex   -1.573013e+01 9.596383e+01 3.300000e+01
    endloop
  endfacet
  facet normal 0.000000e+00 0.000000e+00 -1.000000e+00
    outer loop
      vertex   -1.573013e+01 9.596383e+01 3.300000e+01
      vertex   -1.551135e+01 9.602457e+01 3.300000e+01
      vertex   -1.290000e+01 9.110000e+01 3.300000e+01
    endloop
  endfacet
  facet normal 0.000000e+00 0.000000e+00 -1.000000e+00
    outer loop
      vertex   -1.290000e+01 9.110000e+01 3.300000e+01
      vertex   -1.551135e+01 9.602457e+01 3.300000e+01
      vertex   -1.531075e+01 9.613092e+01 3.300000e+01
    endloop
  endfacet
  facet normal 0.000000e+00 0.000000e+00 -1.000000e+00
    outer loop
      vertex   -1.290000e+01 9.110000e+01 3.300000e+01
      vertex   -1.531075e+01 9.613092e+01 3.300000e+01
      vertex   -1.513770e+01 9.627791e+01 3.300000e+01
    endloop
  endfacet
  facet normal 0.000000e+00 0.000000e+00 -1.000000e+00
    outer loop
      vertex   -1.513770e+01 9.627791e+01 3.300000e+01
      vertex   -1.500030e+01 9.645867e+01 3.300000e+01
      vertex   -1.290000e+01 9.110000e+01 3.300000e+01
    endloop
  endfacet
  facet normal 0.000000e+00 0.000000e+00 -1.000000e+00
    outer loop
      vertex   -1.290000e+01 9.110000e+01 3.300000e+01
      vertex   -1.500030e+01 9.645867e+01 3.300000e+01
      vertex   -1.490496e+01 9.666473e+01 3.300000e+01
    endloop
  endfacet
  facet normal 0.000000e+00 0.000000e+00 -1.000000e+00
    outer loop
      vertex   -1.290000e+01 9.110000e+01 3.300000e+01
      vertex   -1.490496e+01 9.666473e+01 3.300000e+01
      vertex   -1.485615e+01 9.688647e+01 3.300000e+01
    endloop
  endfacet
  facet normal 0.000000e+00 0.000000e+00 -1.000000e+00
    outer loop
      vertex   -1.490496e+01 9.733526e+01 3.300000e+01
      vertex   -1.500030e+01 9.754133e+01 3.300000e+01
      vertex   -1.290000e+01 1.029000e+02 3.300000e+01
    endloop
  endfacet
  facet normal 0.000000e+00 0.000000e+00 -1.000000e+00
    outer loop
      vertex   -1.290000e+01 1.029000e+02 3.300000e+01
      vertex   -1.500030e+01 9.754133e+01 3.300000e+01
      vertex   -1.513770e+01 9.772208e+01 3.300000e+01
    endloop
  endfacet
  facet normal 0.000000e+00 0.000000e+00 -1.000000e+00
    outer loop
      vertex   -1.290000e+01 1.029000e+02 3.300000e+01
      vertex   -1.513770e+01 9.772208e+01 3.300000e+01
      vertex   -1.531075e+01 9.786907e+01 3.300000e+01
    endloop
  endfacet
  facet normal 0.000000e+00 0.000000e+00 -1.000000e+00
    outer loop
      vertex   -1.531075e+01 9.786907e+01 3.300000e+01
      vertex   -1.551135e+01 9.797542e+01 3.300000e+01
      vertex   -1.290000e+01 1.029000e+02 3.300000e+01
    endloop
  endfacet
  facet normal 0.000000e+00 0.000000e+00 -1.000000e+00
    outer loop
      vertex   -1.290000e+01 1.029000e+02 3.300000e+01
      vertex   -1.551135e+01 9.797542e+01 3.300000e+01
      vertex   -1.573013e+01 9.803617e+01 3.300000e+01
    endloop
  endfacet
  facet normal 0.000000e+00 0.000000e+00 -1.000000e+00
    outer loop
      vertex   -1.290000e+01 1.029000e+02 3.300000e+01
      vertex   -1.573013e+01 9.803617e+01 3.300000e+01
      vertex   -1.595684e+01 9.804846e+01 3.300000e+01
    endloop
  endfacet
  facet normal -0.000000e+00 0.000000e+00 -1.000000e+00
    outer loop
      vertex   -1.595684e+01 9.804846e+01 3.300000e+01
      vertex   -1.618090e+01 9.801173e+01 3.300000e+01
      vertex   -1.290000e+01 1.029000e+02 3.300000e+01
    endloop
  endfacet
  facet normal 0.000000e+00 0.000000e+00 -1.000000e+00
    outer loop
      vertex   -1.290000e+01 1.029000e+02 3.300000e+01
      vertex   -1.618090e+01 9.801173e+01 3.300000e+01
      vertex   -1.639183e+01 9.792769e+01 3.300000e+01
    endloop
  endfacet
  facet normal -0.000000e+00 0.000000e+00 -1.000000e+00
    outer loop
      vertex   -1.290000e+01 1.029000e+02 3.300000e+01
      vertex   -1.639183e+01 9.792769e+01 3.300000e+01
      vertex   -1.936006e+01 1.130000e+02 3.300000e+01
    endloop
  endfacet
  facet normal 0.000000e+00 0.000000e+00 -1.000000e+00
    outer loop
      vertex   -1.936006e+01 1.130000e+02 3.300000e+01
      vertex   -1.639183e+01 9.792769e+01 3.300000e+01
      vertex   -1.657975e+01 9.780027e+01 3.300000e+01
    endloop
  endfacet
  facet normal -0.000000e+00 -0.000000e+00 -1.000000e+00
    outer loop
      vertex   -1.936006e+01 1.130000e+02 3.300000e+01
      vertex   -1.657975e+01 9.780027e+01 3.300000e+01
      vertex   -2.200000e+01 1.130000e+02 3.300000e+01
    endloop
  endfacet
  facet normal 0.000000e+00 0.000000e+00 -1.000000e+00
    outer loop
      vertex   -2.200000e+01 1.130000e+02 3.300000e+01
      vertex   -1.657975e+01 9.780027e+01 3.300000e+01
      vertex   -1.673590e+01 9.763543e+01 3.300000e+01
    endloop
  endfacet
  facet normal 0.000000e+00 -0.000000e+00 -1.000000e+00
    outer loop
      vertex   -2.200000e+01 1.130000e+02 3.300000e+01
      vertex   -1.673590e+01 9.763543e+01 3.300000e+01
      vertex   -2.500000e+01 1.125000e+02 3.300000e+01
    endloop
  endfacet
  facet normal 0.000000e+00 0.000000e+00 -1.000000e+00
    outer loop
      vertex   -2.500000e+01 1.125000e+02 3.300000e+01
      vertex   -1.673590e+01 9.763543e+01 3.300000e+01
      vertex   -1.685295e+01 9.744088e+01 3.300000e+01
    endloop
  endfacet
  facet normal 0.000000e+00 0.000000e+00 -1.000000e+00
    outer loop
      vertex   -2.500000e+01 1.125000e+02 3.300000e+01
      vertex   -1.685295e+01 9.744088e+01 3.300000e+01
      vertex   -1.692545e+01 9.722572e+01 3.300000e+01
    endloop
  endfacet
  facet normal 0.000000e+00 0.000000e+00 -1.000000e+00
    outer loop
      vertex   1.562593e+00 1.146560e+02 3.300000e+01
      vertex   1.600000e+00 1.150000e+02 3.300000e+01
      vertex   1.420000e+01 1.130000e+02 3.300000e+01
    endloop
  endfacet
  facet normal 0.000000e+00 0.000000e+00 -1.000000e+00
    outer loop
      vertex   1.420000e+01 1.130000e+02 3.300000e+01
      vertex   1.600000e+00 1.150000e+02 3.300000e+01
      vertex   1.562593e+00 1.153440e+02 3.300000e+01
    endloop
  endfacet
  facet normal 0.000000e+00 0.000000e+00 -1.000000e+00
    outer loop
      vertex   1.420000e+01 1.130000e+02 3.300000e+01
      vertex   1.562593e+00 1.153440e+02 3.300000e+01
      vertex   1.420000e+01 1.200000e+02 3.300000e+01
    endloop
  endfacet
  facet normal 0.000000e+00 0.000000e+00 -1.000000e+00
    outer loop
      vertex   1.420000e+01 1.200000e+02 3.300000e+01
      vertex   1.562593e+00 1.153440e+02 3.300000e+01
      vertex   1.452121e+00 1.156718e+02 3.300000e+01
    endloop
  endfacet
  facet normal 0.000000e+00 0.000000e+00 -1.000000e+00
    outer loop
      vertex   1.420000e+01 1.200000e+02 3.300000e+01
      vertex   1.452121e+00 1.156718e+02 3.300000e+01
      vertex   1.273749e+00 1.159683e+02 3.300000e+01
    endloop
  endfacet
  facet normal 0.000000e+00 0.000000e+00 -1.000000e+00
    outer loop
      vertex   1.273749e+00 1.159683e+02 3.300000e+01
      vertex   1.035818e+00 1.162195e+02 3.300000e+01
      vertex   1.420000e+01 1.200000e+02 3.300000e+01
    endloop
  endfacet
  facet normal 0.000000e+00 0.000000e+00 -1.000000e+00
    outer loop
      vertex   1.420000e+01 1.200000e+02 3.300000e+01
      vertex   1.035818e+00 1.162195e+02 3.300000e+01
      vertex   7.494535e-01 1.164136e+02 3.300000e+01
    endloop
  endfacet
  facet normal 0.000000e+00 0.000000e+00 -1.000000e+00
    outer loop
      vertex   1.420000e+01 1.200000e+02 3.300000e+01
      vertex   7.494535e-01 1.164136e+02 3.300000e+01
      vertex   4.280453e-01 1.165417e+02 3.300000e+01
    endloop
  endfacet
  facet normal 0.000000e+00 0.000000e+00 -1.000000e+00
    outer loop
      vertex   4.280453e-01 1.165417e+02 3.300000e+01
      vertex   8.662225e-02 1.165977e+02 3.300000e+01
      vertex   1.420000e+01 1.200000e+02 3.300000e+01
    endloop
  endfacet
  facet normal -0.000000e+00 0.000000e+00 -1.000000e+00
    outer loop
      vertex   1.420000e+01 1.200000e+02 3.300000e+01
      vertex   8.662225e-02 1.165977e+02 3.300000e+01
      vertex   -1.420000e+01 1.200000e+02 3.300000e+01
    endloop
  endfacet
  facet normal 0.000000e+00 0.000000e+00 -1.000000e+00
    outer loop
      vertex   -1.420000e+01 1.200000e+02 3.300000e+01
      vertex   8.662225e-02 1.165977e+02 3.300000e+01
      vertex   -2.588512e-01 1.165789e+02 3.300000e+01
    endloop
  endfacet
  facet normal 0.000000e+00 0.000000e+00 -1.000000e+00
    outer loop
      vertex   -1.420000e+01 1.200000e+02 3.300000e+01
      vertex   -2.588512e-01 1.165789e+02 3.300000e+01
      vertex   -5.922210e-01 1.164864e+02 3.300000e+01
    endloop
  endfacet
  facet normal -0.000000e+00 0.000000e+00 -1.000000e+00
    outer loop
      vertex   -5.922210e-01 1.164864e+02 3.300000e+01
      vertex   -8.978993e-01 1.163243e+02 3.300000e+01
      vertex   -1.420000e+01 1.200000e+02 3.300000e+01
    endloop
  endfacet
  facet normal 0.000000e+00 0.000000e+00 -1.000000e+00
    outer loop
      vertex   -1.420000e+01 1.200000e+02 3.300000e+01
      vertex   -8.978993e-01 1.163243e+02 3.300000e+01
      vertex   -1.161593e+00 1.161003e+02 3.300000e+01
    endloop
  endfacet
  facet normal 0.000000e+00 0.000000e+00 -1.000000e+00
    outer loop
      vertex   -1.420000e+01 1.200000e+02 3.300000e+01
      vertex   -1.161593e+00 1.161003e+02 3.300000e+01
      vertex   -1.370971e+00 1.158249e+02 3.300000e+01
    endloop
  endfacet
  facet normal -0.000000e+00 0.000000e+00 -1.000000e+00
    outer loop
      vertex   -1.370971e+00 1.158249e+02 3.300000e+01
      vertex   -1.516245e+00 1.155109e+02 3.300000e+01
      vertex   -1.420000e+01 1.200000e+02 3.300000e+01
    endloop
  endfacet
  facet normal 0.000000e+00 0.000000e+00 -1.000000e+00
    outer loop
      vertex   -1.420000e+01 1.200000e+02 3.300000e+01
      vertex   -1.516245e+00 1.155109e+02 3.300000e+01
      vertex   -1.590621e+00 1.151730e+02 3.300000e+01
    endloop
  endfacet
  facet normal 0.000000e+00 0.000000e+00 -1.000000e+00
    outer loop
      vertex   -1.420000e+01 1.200000e+02 3.300000e+01
      vertex   -1.590621e+00 1.151730e+02 3.300000e+01
      vertex   -1.420000e+01 1.130000e+02 3.300000e+01
    endloop
  endfacet
  facet normal 0.000000e+00 0.000000e+00 -1.000000e+00
    outer loop
      vertex   -1.420000e+01 1.130000e+02 3.300000e+01
      vertex   -1.590621e+00 1.151730e+02 3.300000e+01
      vertex   -1.590621e+00 1.148270e+02 3.300000e+01
    endloop
  endfacet
  facet normal 0.000000e+00 0.000000e+00 -1.000000e+00
    outer loop
      vertex   -1.420000e+01 1.130000e+02 3.300000e+01
      vertex   -1.590621e+00 1.148270e+02 3.300000e+01
      vertex   -1.516245e+00 1.144891e+02 3.300000e+01
    endloop
  endfacet
  facet normal 0.000000e+00 -0.000000e+00 -1.000000e+00
    outer loop
      vertex   -1.516245e+00 1.144891e+02 3.300000e+01
      vertex   -1.370971e+00 1.141751e+02 3.300000e+01
      vertex   -1.420000e+01 1.130000e+02 3.300000e+01
    endloop
  endfacet
  facet normal 0.000000e+00 0.000000e+00 -1.000000e+00
    outer loop
      vertex   -1.420000e+01 1.130000e+02 3.300000e+01
      vertex   -1.370971e+00 1.141751e+02 3.300000e+01
      vertex   -1.290000e+01 1.029000e+02 3.300000e+01
    endloop
  endfacet
  facet normal -0.000000e+00 -0.000000e+00 -1.000000e+00
    outer loop
      vertex   -1.420000e+01 1.130000e+02 3.300000e+01
      vertex   -1.290000e+01 1.029000e+02 3.300000e+01
      vertex   -1.686006e+01 1.130000e+02 3.300000e+01
    endloop
  endfacet
  facet normal -0.000000e+00 -0.000000e+00 -1.000000e+00
    outer loop
      vertex   -1.686006e+01 1.130000e+02 3.300000e+01
      vertex   -1.290000e+01 1.029000e+02 3.300000e+01
      vertex   -1.936006e+01 1.130000e+02 3.300000e+01
    endloop
  endfacet
  facet normal 0.000000e+00 0.000000e+00 -1.000000e+00
    outer loop
      vertex   -1.686006e+01 1.130000e+02 3.300000e+01
      vertex   -1.936006e+01 1.130000e+02 3.300000e+01
      vertex   -1.686006e+01 1.160000e+02 3.300000e+01
    endloop
  endfacet
  facet normal -0.000000e+00 0.000000e+00 -1.000000e+00
    outer loop
      vertex   -1.686006e+01 1.160000e+02 3.300000e+01
      vertex   -1.936006e+01 1.130000e+02 3.300000e+01
      vertex   -1.936006e+01 1.160000e+02 3.300000e+01
    endloop
  endfacet
  facet normal 0.000000e+00 0.000000e+00 -1.000000e+00
    outer loop
      vertex   -1.686006e+01 1.160000e+02 3.300000e+01
      vertex   -1.936006e+01 1.160000e+02 3.300000e+01
      vertex   -1.834778e+01 1.199519e+02 3.300000e+01
    endloop
  endfacet
  facet normal 0.000000e+00 0.000000e+00 -1.000000e+00
    outer loop
      vertex   -1.834778e+01 1.199519e+02 3.300000e+01
      vertex   -1.936006e+01 1.160000e+02 3.300000e+01
      vertex   -1.918469e+01 1.198083e+02 3.300000e+01
    endloop
  endfacet
  facet normal 0.000000e+00 0.000000e+00 -1.000000e+00
    outer loop
      vertex   -1.918469e+01 1.198083e+02 3.300000e+01
      vertex   -1.936006e+01 1.160000e+02 3.300000e+01
      vertex   -2.000000e+01 1.195711e+02 3.300000e+01
    endloop
  endfacet
  facet normal 0.000000e+00 0.000000e+00 -1.000000e+00
    outer loop
      vertex   -2.000000e+01 1.195711e+02 3.300000e+01
      vertex   -1.936006e+01 1.160000e+02 3.300000e+01
      vertex   -2.000000e+01 1.160000e+02 3.300000e+01
    endloop
  endfacet
  facet normal 0.000000e+00 -0.000000e+00 -1.000000e+00
    outer loop
      vertex   -1.370971e+00 1.141751e+02 3.300000e+01
      vertex   -1.161593e+00 1.138997e+02 3.300000e+01
      vertex   -1.290000e+01 1.029000e+02 3.300000e+01
    endloop
  endfacet
  facet normal 0.000000e+00 0.000000e+00 -1.000000e+00
    outer loop
      vertex   -1.290000e+01 1.029000e+02 3.300000e+01
      vertex   -1.161593e+00 1.138997e+02 3.300000e+01
      vertex   -8.978993e-01 1.136757e+02 3.300000e+01
    endloop
  endfacet
  facet normal 0.000000e+00 0.000000e+00 -1.000000e+00
    outer loop
      vertex   -1.290000e+01 1.029000e+02 3.300000e+01
      vertex   -8.978993e-01 1.136757e+02 3.300000e+01
      vertex   -5.922210e-01 1.135136e+02 3.300000e+01
    endloop
  endfacet
  facet normal 0.000000e+00 -0.000000e+00 -1.000000e+00
    outer loop
      vertex   -5.922210e-01 1.135136e+02 3.300000e+01
      vertex   -2.588512e-01 1.134211e+02 3.300000e+01
      vertex   -1.290000e+01 1.029000e+02 3.300000e+01
    endloop
  endfacet
  facet normal 0.000000e+00 0.000000e+00 -1.000000e+00
    outer loop
      vertex   4.280453e-01 1.134583e+02 3.300000e+01
      vertex   7.494535e-01 1.135864e+02 3.300000e+01
      vertex   1.010000e+01 1.029000e+02 3.300000e+01
    endloop
  endfacet
  facet normal 0.000000e+00 0.000000e+00 -1.000000e+00
    outer loop
      vertex   1.010000e+01 1.029000e+02 3.300000e+01
      vertex   7.494535e-01 1.135864e+02 3.300000e+01
      vertex   1.035818e+00 1.137805e+02 3.300000e+01
    endloop
  endfacet
  facet normal 0.000000e+00 0.000000e+00 -1.000000e+00
    outer loop
      vertex   1.010000e+01 1.029000e+02 3.300000e+01
      vertex   1.035818e+00 1.137805e+02 3.300000e+01
      vertex   1.273749e+00 1.140317e+02 3.300000e+01
    endloop
  endfacet
  facet normal 0.000000e+00 0.000000e+00 -1.000000e+00
    outer loop
      vertex   1.273749e+00 1.140317e+02 3.300000e+01
      vertex   1.452121e+00 1.143282e+02 3.300000e+01
      vertex   1.010000e+01 1.029000e+02 3.300000e+01
    endloop
  endfacet
  facet normal 0.000000e+00 0.000000e+00 -1.000000e+00
    outer loop
      vertex   1.010000e+01 1.029000e+02 3.300000e+01
      vertex   1.452121e+00 1.143282e+02 3.300000e+01
      vertex   1.420000e+01 1.130000e+02 3.300000e+01
    endloop
  endfacet
  facet normal 0.000000e+00 0.000000e+00 -1.000000e+00
    outer loop
      vertex   1.010000e+01 1.029000e+02 3.300000e+01
      vertex   1.420000e+01 1.130000e+02 3.300000e+01
      vertex   1.686006e+01 1.130000e+02 3.300000e+01
    endloop
  endfacet
  facet normal 0.000000e+00 0.000000e+00 -1.000000e+00
    outer loop
      vertex   1.452121e+00 1.143282e+02 3.300000e+01
      vertex   1.562593e+00 1.146560e+02 3.300000e+01
      vertex   1.420000e+01 1.130000e+02 3.300000e+01
    endloop
  endfacet
  facet normal 0.000000e+00 0.000000e+00 -1.000000e+00
    outer loop
      vertex   -2.263864e+01 1.272983e+01 3.300000e+01
      vertex   -2.280586e+01 1.300776e+01 3.300000e+01
      vertex   -4.700000e+00 1.430000e+01 3.300000e+01
    endloop
  endfacet
  facet normal 0.000000e+00 0.000000e+00 -1.000000e+00
    outer loop
      vertex   -4.700000e+00 1.430000e+01 3.300000e+01
      vertex   -2.280586e+01 1.300776e+01 3.300000e+01
      vertex   -2.302892e+01 1.324324e+01 3.300000e+01
    endloop
  endfacet
  facet normal -0.000000e+00 0.000000e+00 -1.000000e+00
    outer loop
      vertex   -4.700000e+00 1.430000e+01 3.300000e+01
      vertex   -2.302892e+01 1.324324e+01 3.300000e+01
      vertex   -2.684712e+01 2.963587e+01 3.300000e+01
    endloop
  endfacet
  facet normal 0.000000e+00 0.000000e+00 -1.000000e+00
    outer loop
      vertex   -2.684712e+01 2.963587e+01 3.300000e+01
      vertex   -2.302892e+01 1.324324e+01 3.300000e+01
      vertex   -2.329739e+01 1.342527e+01 3.300000e+01
    endloop
  endfacet
  facet normal 0.000000e+00 -0.000000e+00 -1.000000e+00
    outer loop
      vertex   -2.684712e+01 2.963587e+01 3.300000e+01
      vertex   -2.329739e+01 1.342527e+01 3.300000e+01
      vertex   -2.786929e+01 2.719670e+01 3.300000e+01
    endloop
  endfacet
  facet normal 0.000000e+00 0.000000e+00 -1.000000e+00
    outer loop
      vertex   -2.786929e+01 2.719670e+01 3.300000e+01
      vertex   -2.329739e+01 1.342527e+01 3.300000e+01
      vertex   -2.359871e+01 1.354532e+01 3.300000e+01
    endloop
  endfacet
  facet normal 0.000000e+00 -0.000000e+00 -1.000000e+00
    outer loop
      vertex   -2.786929e+01 2.719670e+01 3.300000e+01
      vertex   -2.359871e+01 1.354532e+01 3.300000e+01
      vertex   -2.910231e+01 2.485702e+01 3.300000e+01
    endloop
  endfacet
  facet normal 0.000000e+00 0.000000e+00 -1.000000e+00
    outer loop
      vertex   -2.910231e+01 2.485702e+01 3.300000e+01
      vertex   -2.359871e+01 1.354532e+01 3.300000e+01
      vertex   -2.391879e+01 1.359780e+01 3.300000e+01
    endloop
  endfacet
  facet normal 0.000000e+00 0.000000e+00 -1.000000e+00
    outer loop
      vertex   -2.910231e+01 2.485702e+01 3.300000e+01
      vertex   -2.391879e+01 1.359780e+01 3.300000e+01
      vertex   -2.424267e+01 1.358024e+01 3.300000e+01
    endloop
  endfacet
  facet normal 0.000000e+00 -0.000000e+00 -1.000000e+00
    outer loop
      vertex   -2.910231e+01 2.485702e+01 3.300000e+01
      vertex   -2.424267e+01 1.358024e+01 3.300000e+01
      vertex   -3.053660e+01 2.263503e+01 3.300000e+01
    endloop
  endfacet
  facet normal 0.000000e+00 0.000000e+00 -1.000000e+00
    outer loop
      vertex   -3.053660e+01 2.263503e+01 3.300000e+01
      vertex   -2.424267e+01 1.358024e+01 3.300000e+01
      vertex   -2.455521e+01 1.349346e+01 3.300000e+01
    endloop
  endfacet
  facet normal 0.000000e+00 0.000000e+00 -1.000000e+00
    outer loop
      vertex   -2.455521e+01 1.070653e+01 3.300000e+01
      vertex   -2.424267e+01 1.061976e+01 3.300000e+01
      vertex   -2.351904e+01 -3.760470e+00 3.300000e+01
    endloop
  endfacet
  facet normal 0.000000e+00 0.000000e+00 -1.000000e+00
    outer loop
      vertex   -2.351904e+01 -3.760470e+00 3.300000e+01
      vertex   -2.424267e+01 1.061976e+01 3.300000e+01
      vertex   -2.194801e+01 -3.275874e+00 3.300000e+01
    endloop
  endfacet
  facet normal 0.000000e+00 0.000000e+00 -1.000000e+00
    outer loop
      vertex   -2.194801e+01 -3.275874e+00 3.300000e+01
      vertex   -2.424267e+01 1.061976e+01 3.300000e+01
      vertex   -2.391879e+01 1.060220e+01 3.300000e+01
    endloop
  endfacet
  facet normal 0.000000e+00 0.000000e+00 -1.000000e+00
    outer loop
      vertex   -2.194801e+01 -3.275874e+00 3.300000e+01
      vertex   -2.391879e+01 1.060220e+01 3.300000e+01
      vertex   -2.359871e+01 1.065467e+01 3.300000e+01
    endloop
  endfacet
  facet normal 0.000000e+00 0.000000e+00 -1.000000e+00
    outer loop
      vertex   -2.194801e+01 -3.275874e+00 3.300000e+01
      vertex   -2.359871e+01 1.065467e+01 3.300000e+01
      vertex   -2.032232e+01 -3.030840e+00 3.300000e+01
    endloop
  endfacet
  facet normal 0.000000e+00 0.000000e+00 -1.000000e+00
    outer loop
      vertex   -2.032232e+01 -3.030840e+00 3.300000e+01
      vertex   -2.359871e+01 1.065467e+01 3.300000e+01
      vertex   -2.329739e+01 1.077473e+01 3.300000e+01
    endloop
  endfacet
  facet normal 0.000000e+00 0.000000e+00 -1.000000e+00
    outer loop
      vertex   -2.032232e+01 -3.030840e+00 3.300000e+01
      vertex   -2.329739e+01 1.077473e+01 3.300000e+01
      vertex   -2.302892e+01 1.095675e+01 3.300000e+01
    endloop
  endfacet
  facet normal 0.000000e+00 0.000000e+00 -1.000000e+00
    outer loop
      vertex   -2.032232e+01 -3.030840e+00 3.300000e+01
      vertex   -2.302892e+01 1.095675e+01 3.300000e+01
      vertex   -1.867825e+01 -3.030840e+00 3.300000e+01
    endloop
  endfacet
  facet normal 0.000000e+00 0.000000e+00 -1.000000e+00
    outer loop
      vertex   -1.867825e+01 -3.030840e+00 3.300000e+01
      vertex   -2.302892e+01 1.095675e+01 3.300000e+01
      vertex   -2.280586e+01 1.119224e+01 3.300000e+01
    endloop
  endfacet
  facet normal 0.000000e+00 0.000000e+00 -1.000000e+00
    outer loop
      vertex   -1.867825e+01 -3.030840e+00 3.300000e+01
      vertex   -2.280586e+01 1.119224e+01 3.300000e+01
      vertex   -1.705255e+01 -3.275874e+00 3.300000e+01
    endloop
  endfacet
  facet normal 0.000000e+00 0.000000e+00 -1.000000e+00
    outer loop
      vertex   -1.705255e+01 -3.275874e+00 3.300000e+01
      vertex   -2.280586e+01 1.119224e+01 3.300000e+01
      vertex   -2.263864e+01 1.147016e+01 3.300000e+01
    endloop
  endfacet
  facet normal 0.000000e+00 0.000000e+00 -1.000000e+00
    outer loop
      vertex   -1.705255e+01 -3.275874e+00 3.300000e+01
      vertex   -2.263864e+01 1.147016e+01 3.300000e+01
      vertex   -4.700000e+00 9.899998e+00 3.300000e+01
    endloop
  endfacet
  facet normal 0.000000e+00 0.000000e+00 -1.000000e+00
    outer loop
      vertex   -4.700000e+00 9.899998e+00 3.300000e+01
      vertex   -2.263864e+01 1.147016e+01 3.300000e+01
      vertex   -2.253507e+01 1.177754e+01 3.300000e+01
    endloop
  endfacet
  facet normal 0.000000e+00 0.000000e+00 -1.000000e+00
    outer loop
      vertex   -4.700000e+00 9.899998e+00 3.300000e+01
      vertex   -2.253507e+01 1.177754e+01 3.300000e+01
      vertex   -2.250000e+01 1.210000e+01 3.300000e+01
    endloop
  endfacet
  facet normal 0.000000e+00 0.000000e+00 -1.000000e+00
    outer loop
      vertex   2.470261e+01 1.342527e+01 3.300000e+01
      vertex   2.440129e+01 1.354532e+01 3.300000e+01
      vertex   3.053660e+01 2.263503e+01 3.300000e+01
    endloop
  endfacet
  facet normal 0.000000e+00 0.000000e+00 -1.000000e+00
    outer loop
      vertex   3.053660e+01 2.263503e+01 3.300000e+01
      vertex   2.440129e+01 1.354532e+01 3.300000e+01
      vertex   2.408121e+01 1.359780e+01 3.300000e+01
    endloop
  endfacet
  facet normal -0.000000e+00 0.000000e+00 -1.000000e+00
    outer loop
      vertex   3.053660e+01 2.263503e+01 3.300000e+01
      vertex   2.408121e+01 1.359780e+01 3.300000e+01
      vertex   2.910231e+01 2.485702e+01 3.300000e+01
    endloop
  endfacet
  facet normal 0.000000e+00 0.000000e+00 -1.000000e+00
    outer loop
      vertex   2.910231e+01 2.485702e+01 3.300000e+01
      vertex   2.408121e+01 1.359780e+01 3.300000e+01
      vertex   2.375733e+01 1.358024e+01 3.300000e+01
    endloop
  endfacet
  facet normal -0.000000e+00 0.000000e+00 -1.000000e+00
    outer loop
      vertex   2.910231e+01 2.485702e+01 3.300000e+01
      vertex   2.375733e+01 1.358024e+01 3.300000e+01
      vertex   2.786929e+01 2.719670e+01 3.300000e+01
    endloop
  endfacet
  facet normal 0.000000e+00 0.000000e+00 -1.000000e+00
    outer loop
      vertex   2.786929e+01 2.719670e+01 3.300000e+01
      vertex   2.375733e+01 1.358024e+01 3.300000e+01
      vertex   2.344479e+01 1.349346e+01 3.300000e+01
    endloop
  endfacet
  facet normal 0.000000e+00 0.000000e+00 -1.000000e+00
    outer loop
      vertex   2.786929e+01 2.719670e+01 3.300000e+01
      vertex   2.344479e+01 1.349346e+01 3.300000e+01
      vertex   2.315822e+01 1.334153e+01 3.300000e+01
    endloop
  endfacet
  facet normal -0.000000e+00 0.000000e+00 -1.000000e+00
    outer loop
      vertex   2.786929e+01 2.719670e+01 3.300000e+01
      vertex   2.315822e+01 1.334153e+01 3.300000e+01
      vertex   2.684712e+01 2.963587e+01 3.300000e+01
    endloop
  endfacet
  facet normal 0.000000e+00 0.000000e+00 -1.000000e+00
    outer loop
      vertex   2.684712e+01 2.963587e+01 3.300000e+01
      vertex   2.315822e+01 1.334153e+01 3.300000e+01
      vertex   2.291101e+01 1.313155e+01 3.300000e+01
    endloop
  endfacet
  facet normal 0.000000e+00 0.000000e+00 -1.000000e+00
    outer loop
      vertex   2.684712e+01 2.963587e+01 3.300000e+01
      vertex   2.291101e+01 1.313155e+01 3.300000e+01
      vertex   4.700000e+00 1.430000e+01 3.300000e+01
    endloop
  endfacet
  facet normal 0.000000e+00 0.000000e+00 -1.000000e+00
    outer loop
      vertex   4.700000e+00 1.430000e+01 3.300000e+01
      vertex   2.291101e+01 1.313155e+01 3.300000e+01
      vertex   2.271471e+01 1.287333e+01 3.300000e+01
    endloop
  endfacet
  facet normal 0.000000e+00 0.000000e+00 -1.000000e+00
    outer loop
      vertex   4.700000e+00 1.430000e+01 3.300000e+01
      vertex   2.271471e+01 1.287333e+01 3.300000e+01
      vertex   2.257852e+01 1.257895e+01 3.300000e+01
    endloop
  endfacet
  facet normal -0.000000e+00 0.000000e+00 -1.000000e+00
    outer loop
      vertex   2.257852e+01 1.257895e+01 3.300000e+01
      vertex   2.250879e+01 1.226218e+01 3.300000e+01
      vertex   4.700000e+00 1.430000e+01 3.300000e+01
    endloop
  endfacet
  facet normal 0.000000e+00 0.000000e+00 -1.000000e+00
    outer loop
      vertex   4.700000e+00 1.430000e+01 3.300000e+01
      vertex   2.250879e+01 1.226218e+01 3.300000e+01
      vertex   2.250879e+01 1.193782e+01 3.300000e+01
    endloop
  endfacet
  facet normal 0.000000e+00 -0.000000e+00 -1.000000e+00
    outer loop
      vertex   2.271471e+01 1.132667e+01 3.300000e+01
      vertex   2.291101e+01 1.106845e+01 3.300000e+01
      vertex   4.700000e+00 9.899998e+00 3.300000e+01
    endloop
  endfacet
  facet normal 0.000000e+00 0.000000e+00 -1.000000e+00
    outer loop
      vertex   4.700000e+00 9.899998e+00 3.300000e+01
      vertex   2.291101e+01 1.106845e+01 3.300000e+01
      vertex   2.315822e+01 1.085846e+01 3.300000e+01
    endloop
  endfacet
  facet normal 0.000000e+00 0.000000e+00 -1.000000e+00
    outer loop
      vertex   4.700000e+00 9.899998e+00 3.300000e+01
      vertex   2.315822e+01 1.085846e+01 3.300000e+01
      vertex   2.344479e+01 1.070653e+01 3.300000e+01
    endloop
  endfacet
  facet normal 0.000000e+00 0.000000e+00 -1.000000e+00
    outer loop
      vertex   -6.500000e+01 -2.250000e+01 3.300000e+01
      vertex   -6.500000e+01 -2.196773e+01 3.300000e+01
      vertex   -3.117573e+01 -2.250000e+01 3.300000e+01
    endloop
  endfacet
  facet normal 0.000000e+00 0.000000e+00 -1.000000e+00
    outer loop
      vertex   -3.117573e+01 -2.250000e+01 3.300000e+01
      vertex   -6.500000e+01 -2.196773e+01 3.300000e+01
      vertex   -6.488907e+01 -1.906633e+01 3.300000e+01
    endloop
  endfacet
  facet normal 0.000000e+00 0.000000e+00 -1.000000e+00
    outer loop
      vertex   -3.117573e+01 -2.250000e+01 3.300000e+01
      vertex   -6.488907e+01 -1.906633e+01 3.300000e+01
      vertex   -6.455694e+01 -1.618187e+01 3.300000e+01
    endloop
  endfacet
  facet normal 0.000000e+00 0.000000e+00 -1.000000e+00
    outer loop
      vertex   -6.455694e+01 -1.618187e+01 3.300000e+01
      vertex   -6.400554e+01 -1.333118e+01 3.300000e+01
      vertex   -3.117573e+01 -2.250000e+01 3.300000e+01
    endloop
  endfacet
  facet normal 0.000000e+00 0.000000e+00 -1.000000e+00
    outer loop
      vertex   -3.117573e+01 -2.250000e+01 3.300000e+01
      vertex   -6.400554e+01 -1.333118e+01 3.300000e+01
      vertex   -6.323809e+01 -1.053092e+01 3.300000e+01
    endloop
  endfacet
  facet normal 0.000000e+00 0.000000e+00 -1.000000e+00
    outer loop
      vertex   -3.117573e+01 -2.250000e+01 3.300000e+01
      vertex   -6.323809e+01 -1.053092e+01 3.300000e+01
      vertex   -3.050028e+01 -1.950000e+01 3.300000e+01
    endloop
  endfacet
  facet normal 0.000000e+00 0.000000e+00 -1.000000e+00
    outer loop
      vertex   -3.050028e+01 -1.950000e+01 3.300000e+01
      vertex   -6.323809e+01 -1.053092e+01 3.300000e+01
      vertex   -3.050028e+01 -1.400008e+01 3.300000e+01
    endloop
  endfacet
  facet normal 0.000000e+00 0.000000e+00 -1.000000e+00
    outer loop
      vertex   -3.050028e+01 -1.400008e+01 3.300000e+01
      vertex   -6.323809e+01 -1.053092e+01 3.300000e+01
      vertex   -6.225908e+01 -7.797426e+00 3.300000e+01
    endloop
  endfacet
  facet normal 0.000000e+00 0.000000e+00 -1.000000e+00
    outer loop
      vertex   -3.050028e+01 -1.400008e+01 3.300000e+01
      vertex   -6.225908e+01 -7.797426e+00 3.300000e+01
      vertex   -6.107421e+01 -5.146665e+00 3.300000e+01
    endloop
  endfacet
  facet normal 0.000000e+00 0.000000e+00 -1.000000e+00
    outer loop
      vertex   -6.107421e+01 -5.146665e+00 3.300000e+01
      vertex   -5.969041e+01 -2.594109e+00 3.300000e+01
      vertex   -3.050028e+01 -1.400008e+01 3.300000e+01
    endloop
  endfacet
  facet normal 0.000000e+00 0.000000e+00 -1.000000e+00
    outer loop
      vertex   -3.050028e+01 -1.400008e+01 3.300000e+01
      vertex   -5.969041e+01 -2.594109e+00 3.300000e+01
      vertex   -3.037742e+01 -1.236062e+01 3.300000e+01
    endloop
  endfacet
  facet normal 0.000000e+00 0.000000e+00 -1.000000e+00
    outer loop
      vertex   -2.684712e+01 2.963587e+01 3.300000e+01
      vertex   -2.604373e+01 3.215560e+01 3.300000e+01
      vertex   -4.700000e+00 1.430000e+01 3.300000e+01
    endloop
  endfacet
  facet normal 0.000000e+00 0.000000e+00 -1.000000e+00
    outer loop
      vertex   -4.700000e+00 1.430000e+01 3.300000e+01
      vertex   -2.604373e+01 3.215560e+01 3.300000e+01
      vertex   -2.546539e+01 3.473628e+01 3.300000e+01
    endloop
  endfacet
  facet normal 0.000000e+00 0.000000e+00 -1.000000e+00
    outer loop
      vertex   -4.700000e+00 1.430000e+01 3.300000e+01
      vertex   -2.546539e+01 3.473628e+01 3.300000e+01
      vertex   -2.511657e+01 3.735787e+01 3.300000e+01
    endloop
  endfacet
  facet normal 0.000000e+00 0.000000e+00 -1.000000e+00
    outer loop
      vertex   -2.511657e+01 3.735787e+01 3.300000e+01
      vertex   -2.500000e+01 4.000000e+01 3.300000e+01
      vertex   -4.700000e+00 1.430000e+01 3.300000e+01
    endloop
  endfacet
  facet normal 0.000000e+00 0.000000e+00 -1.000000e+00
    outer loop
      vertex   -4.700000e+00 1.430000e+01 3.300000e+01
      vertex   -2.500000e+01 4.000000e+01 3.300000e+01
      vertex   2.500000e+01 4.000000e+01 3.300000e+01
    endloop
  endfacet
  facet normal 0.000000e+00 0.000000e+00 -1.000000e+00
    outer loop
      vertex   -2.500000e+01 1.125000e+02 3.300000e+01
      vertex   -2.491061e+01 1.136545e+02 3.300000e+01
      vertex   -2.200000e+01 1.130000e+02 3.300000e+01
    endloop
  endfacet
  facet normal 0.000000e+00 0.000000e+00 -1.000000e+00
    outer loop
      vertex   -2.200000e+01 1.130000e+02 3.300000e+01
      vertex   -2.491061e+01 1.136545e+02 3.300000e+01
      vertex   -2.464456e+01 1.147815e+02 3.300000e+01
    endloop
  endfacet
  facet normal 0.000000e+00 0.000000e+00 -1.000000e+00
    outer loop
      vertex   -2.200000e+01 1.130000e+02 3.300000e+01
      vertex   -2.464456e+01 1.147815e+02 3.300000e+01
      vertex   -2.420820e+01 1.158541e+02 3.300000e+01
    endloop
  endfacet
  facet normal 0.000000e+00 0.000000e+00 -1.000000e+00
    outer loop
      vertex   -2.420820e+01 1.158541e+02 3.300000e+01
      vertex   -2.361194e+01 1.168467e+02 3.300000e+01
      vertex   -2.200000e+01 1.130000e+02 3.300000e+01
    endloop
  endfacet
  facet normal 0.000000e+00 0.000000e+00 -1.000000e+00
    outer loop
      vertex   -2.200000e+01 1.130000e+02 3.300000e+01
      vertex   -2.361194e+01 1.168467e+02 3.300000e+01
      vertex   -2.286997e+01 1.177358e+02 3.300000e+01
    endloop
  endfacet
  facet normal 0.000000e+00 0.000000e+00 -1.000000e+00
    outer loop
      vertex   -2.200000e+01 1.130000e+02 3.300000e+01
      vertex   -2.286997e+01 1.177358e+02 3.300000e+01
      vertex   -2.200000e+01 1.185000e+02 3.300000e+01
    endloop
  endfacet
  facet normal 0.000000e+00 0.000000e+00 -1.000000e+00
    outer loop
      vertex   -1.834778e+01 1.199519e+02 3.300000e+01
      vertex   -1.750000e+01 1.200000e+02 3.300000e+01
      vertex   -1.686006e+01 1.160000e+02 3.300000e+01
    endloop
  endfacet
  facet normal 0.000000e+00 0.000000e+00 -1.000000e+00
    outer loop
      vertex   -1.686006e+01 1.160000e+02 3.300000e+01
      vertex   -1.750000e+01 1.200000e+02 3.300000e+01
      vertex   -1.620000e+01 1.200000e+02 3.300000e+01
    endloop
  endfacet
  facet normal 0.000000e+00 0.000000e+00 -1.000000e+00
    outer loop
      vertex   -1.686006e+01 1.160000e+02 3.300000e+01
      vertex   -1.620000e+01 1.200000e+02 3.300000e+01
      vertex   -1.620000e+01 1.160000e+02 3.300000e+01
    endloop
  endfacet
  facet normal 0.000000e+00 0.000000e+00 -1.000000e+00
    outer loop
      vertex   1.834778e+01 1.199519e+02 3.300000e+01
      vertex   1.918469e+01 1.198083e+02 3.300000e+01
      vertex   1.936006e+01 1.160000e+02 3.300000e+01
    endloop
  endfacet
  facet normal 0.000000e+00 0.000000e+00 -1.000000e+00
    outer loop
      vertex   1.936006e+01 1.160000e+02 3.300000e+01
      vertex   1.918469e+01 1.198083e+02 3.300000e+01
      vertex   2.000000e+01 1.195711e+02 3.300000e+01
    endloop
  endfacet
  facet normal 0.000000e+00 0.000000e+00 -1.000000e+00
    outer loop
      vertex   1.936006e+01 1.160000e+02 3.300000e+01
      vertex   2.000000e+01 1.195711e+02 3.300000e+01
      vertex   2.000000e+01 1.160000e+02 3.300000e+01
    endloop
  endfacet
  facet normal 0.000000e+00 -0.000000e+00 -1.000000e+00
    outer loop
      vertex   2.546539e+01 3.473628e+01 3.300000e+01
      vertex   2.604373e+01 3.215560e+01 3.300000e+01
      vertex   4.700000e+00 1.430000e+01 3.300000e+01
    endloop
  endfacet
  facet normal 0.000000e+00 0.000000e+00 -1.000000e+00
    outer loop
      vertex   4.700000e+00 1.430000e+01 3.300000e+01
      vertex   2.604373e+01 3.215560e+01 3.300000e+01
      vertex   2.684712e+01 2.963587e+01 3.300000e+01
    endloop
  endfacet
  facet normal -0.000000e+00 -0.000000e+00 -1.000000e+00
    outer loop
      vertex   6.225908e+01 -7.797426e+00 3.300000e+01
      vertex   6.323809e+01 -1.053092e+01 3.300000e+01
      vertex   4.096801e+01 4.313744e+00 3.300000e+01
    endloop
  endfacet
  facet normal -0.000000e+00 -0.000000e+00 -1.000000e+00
    outer loop
      vertex   6.455694e+01 -1.618187e+01 3.300000e+01
      vertex   6.488907e+01 -1.906633e+01 3.300000e+01
      vertex   4.059458e+01 4.252523e+00 3.300000e+01
    endloop
  endfacet
  facet normal 0.000000e+00 0.000000e+00 -1.000000e+00
    outer loop
      vertex   4.059458e+01 4.252523e+00 3.300000e+01
      vertex   6.488907e+01 -1.906633e+01 3.300000e+01
      vertex   6.500000e+01 -2.196773e+01 3.300000e+01
    endloop
  endfacet
  facet normal 0.000000e+00 0.000000e+00 -1.000000e+00
    outer loop
      vertex   4.059458e+01 4.252523e+00 3.300000e+01
      vertex   6.500000e+01 -2.196773e+01 3.300000e+01
      vertex   6.500000e+01 -2.250000e+01 3.300000e+01
    endloop
  endfacet
  facet normal 0.000000e+00 0.000000e+00 -1.000000e+00
    outer loop
      vertex   -8.500284e+00 -1.400008e+01 3.300000e+01
      vertex   -7.824840e+00 -2.250000e+01 3.300000e+01
      vertex   -8.500284e+00 -1.950000e+01 3.300000e+01
    endloop
  endfacet
  facet normal 0.000000e+00 0.000000e+00 -1.000000e+00
    outer loop
      vertex   -8.500284e+00 -1.950000e+01 3.300000e+01
      vertex   -7.824840e+00 -2.250000e+01 3.300000e+01
      vertex   -8.197342e+00 -2.153701e+01 3.300000e+01
    endloop
  endfacet
  facet normal 0.000000e+00 0.000000e+00 -1.000000e+00
    outer loop
      vertex   -8.500284e+00 -1.950000e+01 3.300000e+01
      vertex   -8.197342e+00 -2.153701e+01 3.300000e+01
      vertex   -8.424135e+00 -2.052971e+01 3.300000e+01
    endloop
  endfacet
  facet normal 0.000000e+00 0.000000e+00 -1.000000e+00
    outer loop
      vertex   -8.988984e+00 -1.075777e+01 3.300000e+01
      vertex   -9.589627e+00 -9.227360e+00 3.300000e+01
      vertex   4.700000e+00 9.899998e+00 3.300000e+01
    endloop
  endfacet
  facet normal 0.000000e+00 0.000000e+00 -1.000000e+00
    outer loop
      vertex   -1.143671e+01 -6.518181e+00 3.300000e+01
      vertex   -1.264190e+01 -5.399935e+00 3.300000e+01
      vertex   -4.700000e+00 9.899998e+00 3.300000e+01
    endloop
  endfacet
  facet normal 0.000000e+00 0.000000e+00 -1.000000e+00
    outer loop
      vertex   -4.700000e+00 9.899998e+00 3.300000e+01
      vertex   -1.264190e+01 -5.399935e+00 3.300000e+01
      vertex   -1.400028e+01 -4.473802e+00 3.300000e+01
    endloop
  endfacet
  facet normal 0.000000e+00 0.000000e+00 -1.000000e+00
    outer loop
      vertex   -4.700000e+00 9.899998e+00 3.300000e+01
      vertex   -1.400028e+01 -4.473802e+00 3.300000e+01
      vertex   -1.548153e+01 -3.760470e+00 3.300000e+01
    endloop
  endfacet
  facet normal 0.000000e+00 0.000000e+00 -1.000000e+00
    outer loop
      vertex   -1.548153e+01 -3.760470e+00 3.300000e+01
      vertex   -1.705255e+01 -3.275874e+00 3.300000e+01
      vertex   -4.700000e+00 9.899998e+00 3.300000e+01
    endloop
  endfacet
  facet normal -0.000000e+00 0.000000e+00 -1.000000e+00
    outer loop
      vertex   -3.057643e+01 -2.052971e+01 3.300000e+01
      vertex   -3.080323e+01 -2.153701e+01 3.300000e+01
      vertex   -3.050028e+01 -1.950000e+01 3.300000e+01
    endloop
  endfacet
  facet normal 0.000000e+00 0.000000e+00 -1.000000e+00
    outer loop
      vertex   -3.050028e+01 -1.950000e+01 3.300000e+01
      vertex   -3.080323e+01 -2.153701e+01 3.300000e+01
      vertex   -3.117573e+01 -2.250000e+01 3.300000e+01
    endloop
  endfacet
  facet normal 0.000000e+00 -0.000000e+00 -1.000000e+00
    outer loop
      vertex   4.700000e+00 7.490000e+01 3.300000e+01
      vertex   2.500000e+01 4.000000e+01 3.300000e+01
      vertex   -2.500000e+01 4.000000e+01 3.300000e+01
    endloop
  endfacet
  facet normal 0.000000e+00 -1.000000e+00 0.000000e+00
    outer loop
      vertex   -2.679267e+00 -2.640000e+01 2.800000e+01
      vertex   6.500000e+01 -2.640000e+01 2.800000e+01
      vertex   -2.679267e+00 -2.640000e+01 3.300000e+01
    endloop
  endfacet
  facet normal 0.000000e+00 -1.000000e+00 0.000000e+00
    outer loop
      vertex   -2.679267e+00 -2.640000e+01 3.300000e+01
      vertex   6.500000e+01 -2.640000e+01 2.800000e+01
      vertex   6.500000e+01 -2.640000e+01 3.300000e+01
    endloop
  endfacet
  facet normal 0.000000e+00 1.000000e+00 -0.000000e+00
    outer loop
      vertex   6.500000e+01 -2.250000e+01 2.800000e+01
      vertex   -7.824840e+00 -2.250000e+01 2.800000e+01
      vertex   6.500000e+01 -2.250000e+01 3.300000e+01
    endloop
  endfacet
  facet normal 0.000000e+00 1.000000e+00 0.000000e+00
    outer loop
      vertex   6.500000e+01 -2.250000e+01 3.300000e+01
      vertex   -7.824840e+00 -2.250000e+01 2.800000e+01
      vertex   -7.824840e+00 -2.250000e+01 3.300000e+01
    endloop
  endfacet
  facet normal 1.405603e-01 9.900721e-01 -0.000000e+00
    outer loop
      vertex   -2.679267e+00 -2.640000e+01 2.800000e+01
      vertex   -2.679267e+00 -2.640000e+01 3.300000e+01
      vertex   -2.288363e+00 -2.645550e+01 2.800000e+01
    endloop
  endfacet
  facet normal 1.405603e-01 9.900721e-01 -0.000000e+00
    outer loop
      vertex   -2.288363e+00 -2.645550e+01 2.800000e+01
      vertex   -2.679267e+00 -2.640000e+01 3.300000e+01
      vertex   -2.288363e+00 -2.645550e+01 3.300000e+01
    endloop
  endfacet
  facet normal 8.451543e-02 9.964222e-01 -0.000000e+00
    outer loop
      vertex   -2.288363e+00 -2.645550e+01 2.800000e+01
      vertex   -2.288363e+00 -2.645550e+01 3.300000e+01
      vertex   -1.894951e+00 -2.648887e+01 2.800000e+01
    endloop
  endfacet
  facet normal 8.451543e-02 9.964222e-01 -0.000000e+00
    outer loop
      vertex   -1.894951e+00 -2.648887e+01 2.800000e+01
      vertex   -2.288363e+00 -2.645550e+01 3.300000e+01
      vertex   -1.894951e+00 -2.648887e+01 3.300000e+01
    endloop
  endfacet
  facet normal 2.820171e-02 9.996023e-01 -0.000000e+00
    outer loop
      vertex   -1.894951e+00 -2.648887e+01 2.800000e+01
      vertex   -1.894951e+00 -2.648887e+01 3.300000e+01
      vertex   -1.500284e+00 -2.650000e+01 2.800000e+01
    endloop
  endfacet
  facet normal 2.820171e-02 9.996023e-01 -0.000000e+00
    outer loop
      vertex   -1.500284e+00 -2.650000e+01 2.800000e+01
      vertex   -1.894951e+00 -2.648887e+01 3.300000e+01
      vertex   -1.500284e+00 -2.650000e+01 3.300000e+01
    endloop
  endfacet
  facet normal 0.000000e+00 0.000000e+00 -1.000000e+00
    outer loop
      vertex   -2.679267e+00 -2.640000e+01 3.300000e+01
      vertex   6.500000e+01 -2.640000e+01 3.300000e+01
      vertex   -2.288363e+00 -2.645550e+01 3.300000e+01
    endloop
  endfacet
  facet normal 0.000000e+00 0.000000e+00 -1.000000e+00
    outer loop
      vertex   -2.288363e+00 -2.645550e+01 3.300000e+01
      vertex   6.500000e+01 -2.640000e+01 3.300000e+01
      vertex   6.500000e+01 -2.650000e+01 3.300000e+01
    endloop
  endfacet
  facet normal 0.000000e+00 0.000000e+00 -1.000000e+00
    outer loop
      vertex   -2.288363e+00 -2.645550e+01 3.300000e+01
      vertex   6.500000e+01 -2.650000e+01 3.300000e+01
      vertex   -1.894951e+00 -2.648887e+01 3.300000e+01
    endloop
  endfacet
  facet normal 0.000000e+00 0.000000e+00 -1.000000e+00
    outer loop
      vertex   -1.894951e+00 -2.648887e+01 3.300000e+01
      vertex   6.500000e+01 -2.650000e+01 3.300000e+01
      vertex   -1.500284e+00 -2.650000e+01 3.300000e+01
    endloop
  endfacet
  facet normal -9.941380e-01 1.081190e-01 0.000000e+00
    outer loop
      vertex   2.546493e+01 1.177754e+01 3.300000e+01
      vertex   2.546493e+01 1.177754e+01 3.600000e+01
      vertex   2.550000e+01 1.210000e+01 3.300000e+01
    endloop
  endfacet
  facet normal -9.941380e-01 1.081190e-01 0.000000e+00
    outer loop
      vertex   2.550000e+01 1.210000e+01 3.300000e+01
      vertex   2.546493e+01 1.177754e+01 3.600000e+01
      vertex   2.550000e+01 1.210000e+01 3.600000e+01
    endloop
  endfacet
  facet normal -9.941380e-01 -1.081190e-01 0.000000e+00
    outer loop
      vertex   2.550000e+01 1.210000e+01 3.300000e+01
      vertex   2.550000e+01 1.210000e+01 3.600000e+01
      vertex   2.546493e+01 1.242245e+01 3.300000e+01
    endloop
  endfacet
  facet normal -9.941380e-01 -1.081190e-01 0.000000e+00
    outer loop
      vertex   2.546493e+01 1.242245e+01 3.300000e+01
      vertex   2.550000e+01 1.210000e+01 3.600000e+01
      vertex   2.546493e+01 1.242245e+01 3.600000e+01
    endloop
  endfacet
  facet normal -9.476532e-01 -3.193015e-01 0.000000e+00
    outer loop
      vertex   2.546493e+01 1.242245e+01 3.300000e+01
      vertex   2.546493e+01 1.242245e+01 3.600000e+01
      vertex   2.536136e+01 1.272983e+01 3.300000e+01
    endloop
  endfacet
  facet normal -9.476532e-01 -3.193015e-01 0.000000e+00
    outer loop
      vertex   2.536136e+01 1.272983e+01 3.300000e+01
      vertex   2.546493e+01 1.242245e+01 3.600000e+01
      vertex   2.536136e+01 1.272983e+01 3.600000e+01
    endloop
  endfacet
  facet normal -8.568572e-01 -5.155539e-01 0.000000e+00
    outer loop
      vertex   2.536136e+01 1.272983e+01 3.300000e+01
      vertex   2.536136e+01 1.272983e+01 3.600000e+01
      vertex   2.519414e+01 1.300776e+01 3.300000e+01
    endloop
  endfacet
  facet normal -8.568572e-01 -5.155539e-01 -6.105384e-16
    outer loop
      vertex   2.519414e+01 1.300776e+01 3.300000e+01
      vertex   2.536136e+01 1.272983e+01 3.600000e+01
      vertex   2.519414e+01 1.300776e+01 3.600000e+01
    endloop
  endfacet
  facet normal -7.259955e-01 -6.876995e-01 -8.143998e-16
    outer loop
      vertex   2.519414e+01 1.300776e+01 3.300000e+01
      vertex   2.519414e+01 1.300776e+01 3.600000e+01
      vertex   2.497108e+01 1.324324e+01 3.300000e+01
    endloop
  endfacet
  facet normal -7.259955e-01 -6.876995e-01 8.597514e-16
    outer loop
      vertex   2.497108e+01 1.324324e+01 3.300000e+01
      vertex   2.519414e+01 1.300776e+01 3.600000e+01
      vertex   2.497108e+01 1.324324e+01 3.600000e+01
    endloop
  endfacet
  facet normal -5.611871e-01 -8.276890e-01 6.645790e-16
    outer loop
      vertex   2.497108e+01 1.324324e+01 3.300000e+01
      vertex   2.497108e+01 1.324324e+01 3.600000e+01
      vertex   2.470261e+01 1.342527e+01 3.300000e+01
    endloop
  endfacet
  facet normal -5.611871e-01 -8.276890e-01 0.000000e+00
    outer loop
      vertex   2.470261e+01 1.342527e+01 3.300000e+01
      vertex   2.497108e+01 1.324324e+01 3.600000e+01
      vertex   2.470261e+01 1.342527e+01 3.600000e+01
    endloop
  endfacet
  facet normal -3.701382e-01 -9.289767e-01 0.000000e+00
    outer loop
      vertex   2.470261e+01 1.342527e+01 3.300000e+01
      vertex   2.470261e+01 1.342527e+01 3.600000e+01
      vertex   2.440129e+01 1.354532e+01 3.300000e+01
    endloop
  endfacet
  facet normal -3.701382e-01 -9.289767e-01 8.766633e-16
    outer loop
      vertex   2.440129e+01 1.354532e+01 3.300000e+01
      vertex   2.470261e+01 1.342527e+01 3.600000e+01
      vertex   2.440129e+01 1.354532e+01 3.600000e+01
    endloop
  endfacet
  facet normal -1.617820e-01 -9.868265e-01 3.831767e-16
    outer loop
      vertex   2.440129e+01 1.354532e+01 3.300000e+01
      vertex   2.440129e+01 1.354532e+01 3.600000e+01
      vertex   2.408121e+01 1.359780e+01 3.300000e+01
    endloop
  endfacet
  facet normal -1.617820e-01 -9.868265e-01 0.000000e+00
    outer loop
      vertex   2.408121e+01 1.359780e+01 3.300000e+01
      vertex   2.440129e+01 1.354532e+01 3.600000e+01
      vertex   2.408121e+01 1.359780e+01 3.600000e+01
    endloop
  endfacet
  facet normal 5.413891e-02 -9.985334e-01 0.000000e+00
    outer loop
      vertex   2.408121e+01 1.359780e+01 3.300000e+01
      vertex   2.408121e+01 1.359780e+01 3.600000e+01
      vertex   2.375733e+01 1.358024e+01 3.300000e+01
    endloop
  endfacet
  facet normal 5.413891e-02 -9.985334e-01 0.000000e+00
    outer loop
      vertex   2.375733e+01 1.358024e+01 3.300000e+01
      vertex   2.408121e+01 1.359780e+01 3.600000e+01
      vertex   2.375733e+01 1.358024e+01 3.600000e+01
    endloop
  endfacet
  facet normal 2.675283e-01 -9.635500e-01 0.000000e+00
    outer loop
      vertex   2.375733e+01 1.358024e+01 3.300000e+01
      vertex   2.375733e+01 1.358024e+01 3.600000e+01
      vertex   2.344479e+01 1.349346e+01 3.300000e+01
    endloop
  endfacet
  facet normal 2.675283e-01 -9.635500e-01 0.000000e+00
    outer loop
      vertex   2.344479e+01 1.349346e+01 3.300000e+01
      vertex   2.375733e+01 1.358024e+01 3.600000e+01
      vertex   2.344479e+01 1.349346e+01 3.600000e+01
    endloop
  endfacet
  facet normal 4.684084e-01 -8.835120e-01 0.000000e+00
    outer loop
      vertex   2.344479e+01 1.349346e+01 3.300000e+01
      vertex   2.344479e+01 1.349346e+01 3.600000e+01
      vertex   2.315822e+01 1.334153e+01 3.300000e+01
    endloop
  endfacet
  facet normal 4.684084e-01 -8.835120e-01 0.000000e+00
    outer loop
      vertex   2.315822e+01 1.334153e+01 3.300000e+01
      vertex   2.344479e+01 1.349346e+01 3.600000e+01
      vertex   2.315822e+01 1.334153e+01 3.600000e+01
    endloop
  endfacet
  facet normal 6.473863e-01 -7.621621e-01 0.000000e+00
    outer loop
      vertex   2.315822e+01 1.334153e+01 3.300000e+01
      vertex   2.315822e+01 1.334153e+01 3.600000e+01
      vertex   2.291101e+01 1.313155e+01 3.300000e+01
    endloop
  endfacet
  facet normal 6.473863e-01 -7.621621e-01 0.000000e+00
    outer loop
      vertex   2.291101e+01 1.313155e+01 3.300000e+01
      vertex   2.315822e+01 1.334153e+01 3.600000e+01
      vertex   2.291101e+01 1.313155e+01 3.600000e+01
    endloop
  endfacet
  facet normal 7.960931e-01 -6.051742e-01 0.000000e+00
    outer loop
      vertex   2.291101e+01 1.313155e+01 3.300000e+01
      vertex   2.291101e+01 1.313155e+01 3.600000e+01
      vertex   2.271471e+01 1.287333e+01 3.300000e+01
    endloop
  endfacet
  facet normal 7.960931e-01 -6.051742e-01 0.000000e+00
    outer loop
      vertex   2.271471e+01 1.287333e+01 3.300000e+01
      vertex   2.291101e+01 1.313155e+01 3.600000e+01
      vertex   2.271471e+01 1.287333e+01 3.600000e+01
    endloop
  endfacet
  facet normal 9.075754e-01 -4.198891e-01 0.000000e+00
    outer loop
      vertex   2.271471e+01 1.287333e+01 3.300000e+01
      vertex   2.271471e+01 1.287333e+01 3.600000e+01
      vertex   2.257852e+01 1.257895e+01 3.300000e+01
    endloop
  endfacet
  facet normal 9.075754e-01 -4.198891e-01 0.000000e+00
    outer loop
      vertex   2.257852e+01 1.257895e+01 3.300000e+01
      vertex   2.271471e+01 1.287333e+01 3.600000e+01
      vertex   2.257852e+01 1.257895e+01 3.600000e+01
    endloop
  endfacet
  facet normal 9.766206e-01 -2.149704e-01 0.000000e+00
    outer loop
      vertex   2.257852e+01 1.257895e+01 3.300000e+01
      vertex   2.257852e+01 1.257895e+01 3.600000e+01
      vertex   2.250879e+01 1.226218e+01 3.300000e+01
    endloop
  endfacet
  facet normal 9.766206e-01 -2.149704e-01 0.000000e+00
    outer loop
      vertex   2.250879e+01 1.226218e+01 3.300000e+01
      vertex   2.257852e+01 1.257895e+01 3.600000e+01
      vertex   2.250879e+01 1.226218e+01 3.600000e+01
    endloop
  endfacet
  facet normal 1.000000e+00 0.000000e+00 -0.000000e+00
    outer loop
      vertex   2.250879e+01 1.226218e+01 3.300000e+01
      vertex   2.250879e+01 1.226218e+01 3.600000e+01
      vertex   2.250879e+01 1.193782e+01 3.300000e+01
    endloop
  endfacet
  facet normal 1.000000e+00 0.000000e+00 0.000000e+00
    outer loop
      vertex   2.250879e+01 1.193782e+01 3.300000e+01
      vertex   2.250879e+01 1.226218e+01 3.600000e+01
      vertex   2.250879e+01 1.193782e+01 3.600000e+01
    endloop
  endfacet
  facet normal 9.766206e-01 2.149704e-01 -0.000000e+00
    outer loop
      vertex   2.250879e+01 1.193782e+01 3.300000e+01
      vertex   2.250879e+01 1.193782e+01 3.600000e+01
      vertex   2.257852e+01 1.162105e+01 3.300000e+01
    endloop
  endfacet
  facet normal 9.766206e-01 2.149704e-01 -0.000000e+00
    outer loop
      vertex   2.257852e+01 1.162105e+01 3.300000e+01
      vertex   2.250879e+01 1.193782e+01 3.600000e+01
      vertex   2.257852e+01 1.162105e+01 3.600000e+01
    endloop
  endfacet
  facet normal 9.075754e-01 4.198891e-01 -0.000000e+00
    outer loop
      vertex   2.257852e+01 1.162105e+01 3.300000e+01
      vertex   2.257852e+01 1.162105e+01 3.600000e+01
      vertex   2.271471e+01 1.132667e+01 3.300000e+01
    endloop
  endfacet
  facet normal 9.075754e-01 4.198891e-01 -0.000000e+00
    outer loop
      vertex   2.271471e+01 1.132667e+01 3.300000e+01
      vertex   2.257852e+01 1.162105e+01 3.600000e+01
      vertex   2.271471e+01 1.132667e+01 3.600000e+01
    endloop
  endfacet
  facet normal 7.960931e-01 6.051742e-01 -0.000000e+00
    outer loop
      vertex   2.271471e+01 1.132667e+01 3.300000e+01
      vertex   2.271471e+01 1.132667e+01 3.600000e+01
      vertex   2.291101e+01 1.106845e+01 3.300000e+01
    endloop
  endfacet
  facet normal 7.960931e-01 6.051742e-01 -0.000000e+00
    outer loop
      vertex   2.291101e+01 1.106845e+01 3.300000e+01
      vertex   2.271471e+01 1.132667e+01 3.600000e+01
      vertex   2.291101e+01 1.106845e+01 3.600000e+01
    endloop
  endfacet
  facet normal 6.473863e-01 7.621621e-01 -0.000000e+00
    outer loop
      vertex   2.291101e+01 1.106845e+01 3.300000e+01
      vertex   2.291101e+01 1.106845e+01 3.600000e+01
      vertex   2.315822e+01 1.085846e+01 3.300000e+01
    endloop
  endfacet
  facet normal 6.473863e-01 7.621621e-01 -0.000000e+00
    outer loop
      vertex   2.315822e+01 1.085846e+01 3.300000e+01
      vertex   2.291101e+01 1.106845e+01 3.600000e+01
      vertex   2.315822e+01 1.085846e+01 3.600000e+01
    endloop
  endfacet
  facet normal 4.684084e-01 8.835120e-01 -0.000000e+00
    outer loop
      vertex   2.315822e+01 1.085846e+01 3.300000e+01
      vertex   2.315822e+01 1.085846e+01 3.600000e+01
      vertex   2.344479e+01 1.070653e+01 3.300000e+01
    endloop
  endfacet
  facet normal 4.684084e-01 8.835120e-01 -0.000000e+00
    outer loop
      vertex   2.344479e+01 1.070653e+01 3.300000e+01
      vertex   2.315822e+01 1.085846e+01 3.600000e+01
      vertex   2.344479e+01 1.070653e+01 3.600000e+01
    endloop
  endfacet
  facet normal 2.675283e-01 9.635500e-01 -0.000000e+00
    outer loop
      vertex   2.344479e+01 1.070653e+01 3.300000e+01
      vertex   2.344479e+01 1.070653e+01 3.600000e+01
      vertex   2.375733e+01 1.061976e+01 3.300000e+01
    endloop
  endfacet
  facet normal 2.675283e-01 9.635500e-01 -0.000000e+00
    outer loop
      vertex   2.375733e+01 1.061976e+01 3.300000e+01
      vertex   2.344479e+01 1.070653e+01 3.600000e+01
      vertex   2.375733e+01 1.061976e+01 3.600000e+01
    endloop
  endfacet
  facet normal 5.413891e-02 9.985334e-01 -0.000000e+00
    outer loop
      vertex   2.375733e+01 1.061976e+01 3.300000e+01
      vertex   2.375733e+01 1.061976e+01 3.600000e+01
      vertex   2.408121e+01 1.060220e+01 3.300000e+01
    endloop
  endfacet
  facet normal 5.413891e-02 9.985334e-01 -0.000000e+00
    outer loop
      vertex   2.408121e+01 1.060220e+01 3.300000e+01
      vertex   2.375733e+01 1.061976e+01 3.600000e+01
      vertex   2.408121e+01 1.060220e+01 3.600000e+01
    endloop
  endfacet
  facet normal -1.617820e-01 9.868265e-01 0.000000e+00
    outer loop
      vertex   2.408121e+01 1.060220e+01 3.300000e+01
      vertex   2.408121e+01 1.060220e+01 3.600000e+01
      vertex   2.440129e+01 1.065467e+01 3.300000e+01
    endloop
  endfacet
  facet normal -1.617820e-01 9.868265e-01 -3.831767e-16
    outer loop
      vertex   2.440129e+01 1.065467e+01 3.300000e+01
      vertex   2.408121e+01 1.060220e+01 3.600000e+01
      vertex   2.440129e+01 1.065467e+01 3.600000e+01
    endloop
  endfacet
  facet normal -3.701382e-01 9.289767e-01 -8.766633e-16
    outer loop
      vertex   2.440129e+01 1.065467e+01 3.300000e+01
      vertex   2.440129e+01 1.065467e+01 3.600000e+01
      vertex   2.470261e+01 1.077473e+01 3.300000e+01
    endloop
  endfacet
  facet normal -3.701382e-01 9.289767e-01 0.000000e+00
    outer loop
      vertex   2.470261e+01 1.077473e+01 3.300000e+01
      vertex   2.440129e+01 1.065467e+01 3.600000e+01
      vertex   2.470261e+01 1.077473e+01 3.600000e+01
    endloop
  endfacet
  facet normal -5.611871e-01 8.276890e-01 0.000000e+00
    outer loop
      vertex   2.470261e+01 1.077473e+01 3.300000e+01
      vertex   2.470261e+01 1.077473e+01 3.600000e+01
      vertex   2.497108e+01 1.095675e+01 3.300000e+01
    endloop
  endfacet
  facet normal -5.611871e-01 8.276890e-01 -6.645790e-16
    outer loop
      vertex   2.497108e+01 1.095675e+01 3.300000e+01
      vertex   2.470261e+01 1.077473e+01 3.600000e+01
      vertex   2.497108e+01 1.095675e+01 3.600000e+01
    endloop
  endfacet
  facet normal -7.259955e-01 6.876995e-01 -8.597514e-16
    outer loop
      vertex   2.497108e+01 1.095675e+01 3.300000e+01
      vertex   2.497108e+01 1.095675e+01 3.600000e+01
      vertex   2.519414e+01 1.119224e+01 3.300000e+01
    endloop
  endfacet
  facet normal -7.259955e-01 6.876995e-01 8.143998e-16
    outer loop
      vertex   2.519414e+01 1.119224e+01 3.300000e+01
      vertex   2.497108e+01 1.095675e+01 3.600000e+01
      vertex   2.519414e+01 1.119224e+01 3.600000e+01
    endloop
  endfacet
  facet normal -8.568572e-01 5.155539e-01 6.105384e-16
    outer loop
      vertex   2.519414e+01 1.119224e+01 3.300000e+01
      vertex   2.519414e+01 1.119224e+01 3.600000e+01
      vertex   2.536136e+01 1.147016e+01 3.300000e+01
    endloop
  endfacet
  facet normal -8.568572e-01 5.155539e-01 0.000000e+00
    outer loop
      vertex   2.536136e+01 1.147016e+01 3.300000e+01
      vertex   2.519414e+01 1.119224e+01 3.600000e+01
      vertex   2.536136e+01 1.147016e+01 3.600000e+01
    endloop
  endfacet
  facet normal -9.476532e-01 3.193015e-01 0.000000e+00
    outer loop
      vertex   2.536136e+01 1.147016e+01 3.300000e+01
      vertex   2.536136e+01 1.147016e+01 3.600000e+01
      vertex   2.546493e+01 1.177754e+01 3.300000e+01
    endloop
  endfacet
  facet normal -9.476532e-01 3.193015e-01 0.000000e+00
    outer loop
      vertex   2.546493e+01 1.177754e+01 3.300000e+01
      vertex   2.536136e+01 1.147016e+01 3.600000e+01
      vertex   2.546493e+01 1.177754e+01 3.600000e+01
    endloop
  endfacet
  facet normal -9.941380e-01 1.081190e-01 0.000000e+00
    outer loop
      vertex   -2.253507e+01 1.177754e+01 3.300000e+01
      vertex   -2.253507e+01 1.177754e+01 3.600000e+01
      vertex   -2.250000e+01 1.210000e+01 3.300000e+01
    endloop
  endfacet
  facet normal -9.941380e-01 1.081190e-01 0.000000e+00
    outer loop
      vertex   -2.250000e+01 1.210000e+01 3.300000e+01
      vertex   -2.253507e+01 1.177754e+01 3.600000e+01
      vertex   -2.250000e+01 1.210000e+01 3.600000e+01
    endloop
  endfacet
  facet normal -9.941380e-01 -1.081190e-01 0.000000e+00
    outer loop
      vertex   -2.250000e+01 1.210000e+01 3.300000e+01
      vertex   -2.250000e+01 1.210000e+01 3.600000e+01
      vertex   -2.253507e+01 1.242245e+01 3.300000e+01
    endloop
  endfacet
  facet normal -9.941380e-01 -1.081190e-01 0.000000e+00
    outer loop
      vertex   -2.253507e+01 1.242245e+01 3.300000e+01
      vertex   -2.250000e+01 1.210000e+01 3.600000e+01
      vertex   -2.253507e+01 1.242245e+01 3.600000e+01
    endloop
  endfacet
  facet normal -9.476532e-01 -3.193015e-01 0.000000e+00
    outer loop
      vertex   -2.253507e+01 1.242245e+01 3.300000e+01
      vertex   -2.253507e+01 1.242245e+01 3.600000e+01
      vertex   -2.263864e+01 1.272983e+01 3.300000e+01
    endloop
  endfacet
  facet normal -9.476532e-01 -3.193015e-01 0.000000e+00
    outer loop
      vertex   -2.263864e+01 1.272983e+01 3.300000e+01
      vertex   -2.253507e+01 1.242245e+01 3.600000e+01
      vertex   -2.263864e+01 1.272983e+01 3.600000e+01
    endloop
  endfacet
  facet normal -8.568572e-01 -5.155539e-01 0.000000e+00
    outer loop
      vertex   -2.263864e+01 1.272983e+01 3.300000e+01
      vertex   -2.263864e+01 1.272983e+01 3.600000e+01
      vertex   -2.280586e+01 1.300776e+01 3.300000e+01
    endloop
  endfacet
  facet normal -8.568572e-01 -5.155539e-01 0.000000e+00
    outer loop
      vertex   -2.280586e+01 1.300776e+01 3.300000e+01
      vertex   -2.263864e+01 1.272983e+01 3.600000e+01
      vertex   -2.280586e+01 1.300776e+01 3.600000e+01
    endloop
  endfacet
  facet normal -7.259955e-01 -6.876995e-01 0.000000e+00
    outer loop
      vertex   -2.280586e+01 1.300776e+01 3.300000e+01
      vertex   -2.280586e+01 1.300776e+01 3.600000e+01
      vertex   -2.302892e+01 1.324324e+01 3.300000e+01
    endloop
  endfacet
  facet normal -7.259955e-01 -6.876995e-01 0.000000e+00
    outer loop
      vertex   -2.302892e+01 1.324324e+01 3.300000e+01
      vertex   -2.280586e+01 1.300776e+01 3.600000e+01
      vertex   -2.302892e+01 1.324324e+01 3.600000e+01
    endloop
  endfacet
  facet normal -5.611871e-01 -8.276890e-01 0.000000e+00
    outer loop
      vertex   -2.302892e+01 1.324324e+01 3.300000e+01
      vertex   -2.302892e+01 1.324324e+01 3.600000e+01
      vertex   -2.329739e+01 1.342527e+01 3.300000e+01
    endloop
  endfacet
  facet normal -5.611871e-01 -8.276890e-01 -9.801807e-16
    outer loop
      vertex   -2.329739e+01 1.342527e+01 3.300000e+01
      vertex   -2.302892e+01 1.324324e+01 3.600000e+01
      vertex   -2.329739e+01 1.342527e+01 3.600000e+01
    endloop
  endfacet
  facet normal -3.701382e-01 -9.289767e-01 -1.100129e-15
    outer loop
      vertex   -2.329739e+01 1.342527e+01 3.300000e+01
      vertex   -2.329739e+01 1.342527e+01 3.600000e+01
      vertex   -2.359871e+01 1.354532e+01 3.300000e+01
    endloop
  endfacet
  facet normal -3.701382e-01 -9.289767e-01 0.000000e+00
    outer loop
      vertex   -2.359871e+01 1.354532e+01 3.300000e+01
      vertex   -2.329739e+01 1.342527e+01 3.600000e+01
      vertex   -2.359871e+01 1.354532e+01 3.600000e+01
    endloop
  endfacet
  facet normal -1.617820e-01 -9.868265e-01 0.000000e+00
    outer loop
      vertex   -2.359871e+01 1.354532e+01 3.300000e+01
      vertex   -2.359871e+01 1.354532e+01 3.600000e+01
      vertex   -2.391879e+01 1.359780e+01 3.300000e+01
    endloop
  endfacet
  facet normal -1.617820e-01 -9.868265e-01 0.000000e+00
    outer loop
      vertex   -2.391879e+01 1.359780e+01 3.300000e+01
      vertex   -2.359871e+01 1.354532e+01 3.600000e+01
      vertex   -2.391879e+01 1.359780e+01 3.600000e+01
    endloop
  endfacet
  facet normal 5.413891e-02 -9.985334e-01 0.000000e+00
    outer loop
      vertex   -2.391879e+01 1.359780e+01 3.300000e+01
      vertex   -2.391879e+01 1.359780e+01 3.600000e+01
      vertex   -2.424267e+01 1.358024e+01 3.300000e+01
    endloop
  endfacet
  facet normal 5.413891e-02 -9.985334e-01 0.000000e+00
    outer loop
      vertex   -2.424267e+01 1.358024e+01 3.300000e+01
      vertex   -2.391879e+01 1.359780e+01 3.600000e+01
      vertex   -2.424267e+01 1.358024e+01 3.600000e+01
    endloop
  endfacet
  facet normal 2.675283e-01 -9.635500e-01 0.000000e+00
    outer loop
      vertex   -2.424267e+01 1.358024e+01 3.300000e+01
      vertex   -2.424267e+01 1.358024e+01 3.600000e+01
      vertex   -2.455521e+01 1.349346e+01 3.300000e+01
    endloop
  endfacet
  facet normal 2.675283e-01 -9.635500e-01 5.705362e-16
    outer loop
      vertex   -2.455521e+01 1.349346e+01 3.300000e+01
      vertex   -2.424267e+01 1.358024e+01 3.600000e+01
      vertex   -2.455521e+01 1.349346e+01 3.600000e+01
    endloop
  endfacet
  facet normal 4.684084e-01 -8.835120e-01 5.231442e-16
    outer loop
      vertex   -2.455521e+01 1.349346e+01 3.300000e+01
      vertex   -2.455521e+01 1.349346e+01 3.600000e+01
      vertex   -2.484178e+01 1.334153e+01 3.300000e+01
    endloop
  endfacet
  facet normal 4.684084e-01 -8.835120e-01 0.000000e+00
    outer loop
      vertex   -2.484178e+01 1.334153e+01 3.300000e+01
      vertex   -2.455521e+01 1.349346e+01 3.600000e+01
      vertex   -2.484178e+01 1.334153e+01 3.600000e+01
    endloop
  endfacet
  facet normal 6.473863e-01 -7.621621e-01 0.000000e+00
    outer loop
      vertex   -2.484178e+01 1.334153e+01 3.300000e+01
      vertex   -2.484178e+01 1.334153e+01 3.600000e+01
      vertex   -2.508899e+01 1.313155e+01 3.300000e+01
    endloop
  endfacet
  facet normal 6.473863e-01 -7.621621e-01 4.512906e-16
    outer loop
      vertex   -2.508899e+01 1.313155e+01 3.300000e+01
      vertex   -2.484178e+01 1.334153e+01 3.600000e+01
      vertex   -2.508899e+01 1.313155e+01 3.600000e+01
    endloop
  endfacet
  facet normal 7.960931e-01 -6.051742e-01 3.583351e-16
    outer loop
      vertex   -2.508899e+01 1.313155e+01 3.300000e+01
      vertex   -2.508899e+01 1.313155e+01 3.600000e+01
      vertex   -2.528529e+01 1.287333e+01 3.300000e+01
    endloop
  endfacet
  facet normal 7.960931e-01 -6.051742e-01 3.583351e-16
    outer loop
      vertex   -2.528529e+01 1.287333e+01 3.300000e+01
      vertex   -2.508899e+01 1.313155e+01 3.600000e+01
      vertex   -2.528529e+01 1.287333e+01 3.600000e+01
    endloop
  endfacet
  facet normal 9.075754e-01 -4.198891e-01 2.486243e-16
    outer loop
      vertex   -2.528529e+01 1.287333e+01 3.300000e+01
      vertex   -2.528529e+01 1.287333e+01 3.600000e+01
      vertex   -2.542148e+01 1.257895e+01 3.300000e+01
    endloop
  endfacet
  facet normal 9.075754e-01 -4.198891e-01 0.000000e+00
    outer loop
      vertex   -2.542148e+01 1.257895e+01 3.300000e+01
      vertex   -2.528529e+01 1.287333e+01 3.600000e+01
      vertex   -2.542148e+01 1.257895e+01 3.600000e+01
    endloop
  endfacet
  facet normal 9.766206e-01 -2.149704e-01 0.000000e+00
    outer loop
      vertex   -2.542148e+01 1.257895e+01 3.300000e+01
      vertex   -2.542148e+01 1.257895e+01 3.600000e+01
      vertex   -2.549121e+01 1.226218e+01 3.300000e+01
    endloop
  endfacet
  facet normal 9.766206e-01 -2.149704e-01 0.000000e+00
    outer loop
      vertex   -2.549121e+01 1.226218e+01 3.300000e+01
      vertex   -2.542148e+01 1.257895e+01 3.600000e+01
      vertex   -2.549121e+01 1.226218e+01 3.600000e+01
    endloop
  endfacet
  facet normal 1.000000e+00 0.000000e+00 -0.000000e+00
    outer loop
      vertex   -2.549121e+01 1.226218e+01 3.300000e+01
      vertex   -2.549121e+01 1.226218e+01 3.600000e+01
      vertex   -2.549121e+01 1.193782e+01 3.300000e+01
    endloop
  endfacet
  facet normal 1.000000e+00 0.000000e+00 0.000000e+00
    outer loop
      vertex   -2.549121e+01 1.193782e+01 3.300000e+01
      vertex   -2.549121e+01 1.226218e+01 3.600000e+01
      vertex   -2.549121e+01 1.193782e+01 3.600000e+01
    endloop
  endfacet
  facet normal 9.766206e-01 2.149704e-01 -0.000000e+00
    outer loop
      vertex   -2.549121e+01 1.193782e+01 3.300000e+01
      vertex   -2.549121e+01 1.193782e+01 3.600000e+01
      vertex   -2.542148e+01 1.162105e+01 3.300000e+01
    endloop
  endfacet
  facet normal 9.766206e-01 2.149704e-01 -0.000000e+00
    outer loop
      vertex   -2.542148e+01 1.162105e+01 3.300000e+01
      vertex   -2.549121e+01 1.193782e+01 3.600000e+01
      vertex   -2.542148e+01 1.162105e+01 3.600000e+01
    endloop
  endfacet
  facet normal 9.075754e-01 4.198891e-01 -0.000000e+00
    outer loop
      vertex   -2.542148e+01 1.162105e+01 3.300000e+01
      vertex   -2.542148e+01 1.162105e+01 3.600000e+01
      vertex   -2.528529e+01 1.132667e+01 3.300000e+01
    endloop
  endfacet
  facet normal 9.075754e-01 4.198891e-01 -2.486243e-16
    outer loop
      vertex   -2.528529e+01 1.132667e+01 3.300000e+01
      vertex   -2.542148e+01 1.162105e+01 3.600000e+01
      vertex   -2.528529e+01 1.132667e+01 3.600000e+01
    endloop
  endfacet
  facet normal 7.960931e-01 6.051742e-01 -3.583351e-16
    outer loop
      vertex   -2.528529e+01 1.132667e+01 3.300000e+01
      vertex   -2.528529e+01 1.132667e+01 3.600000e+01
      vertex   -2.508899e+01 1.106845e+01 3.300000e+01
    endloop
  endfacet
  facet normal 7.960931e-01 6.051742e-01 -3.583351e-16
    outer loop
      vertex   -2.508899e+01 1.106845e+01 3.300000e+01
      vertex   -2.528529e+01 1.132667e+01 3.600000e+01
      vertex   -2.508899e+01 1.106845e+01 3.600000e+01
    endloop
  endfacet
  facet normal 6.473863e-01 7.621621e-01 -4.512906e-16
    outer loop
      vertex   -2.508899e+01 1.106845e+01 3.300000e+01
      vertex   -2.508899e+01 1.106845e+01 3.600000e+01
      vertex   -2.484178e+01 1.085846e+01 3.300000e+01
    endloop
  endfacet
  facet normal 6.473863e-01 7.621621e-01 -0.000000e+00
    outer loop
      vertex   -2.484178e+01 1.085846e+01 3.300000e+01
      vertex   -2.508899e+01 1.106845e+01 3.600000e+01
      vertex   -2.484178e+01 1.085846e+01 3.600000e+01
    endloop
  endfacet
  facet normal 4.684084e-01 8.835120e-01 -0.000000e+00
    outer loop
      vertex   -2.484178e+01 1.085846e+01 3.300000e+01
      vertex   -2.484178e+01 1.085846e+01 3.600000e+01
      vertex   -2.455521e+01 1.070653e+01 3.300000e+01
    endloop
  endfacet
  facet normal 4.684084e-01 8.835120e-01 -5.231442e-16
    outer loop
      vertex   -2.455521e+01 1.070653e+01 3.300000e+01
      vertex   -2.484178e+01 1.085846e+01 3.600000e+01
      vertex   -2.455521e+01 1.070653e+01 3.600000e+01
    endloop
  endfacet
  facet normal 2.675283e-01 9.635500e-01 -5.705362e-16
    outer loop
      vertex   -2.455521e+01 1.070653e+01 3.300000e+01
      vertex   -2.455521e+01 1.070653e+01 3.600000e+01
      vertex   -2.424267e+01 1.061976e+01 3.300000e+01
    endloop
  endfacet
  facet normal 2.675283e-01 9.635500e-01 -0.000000e+00
    outer loop
      vertex   -2.424267e+01 1.061976e+01 3.300000e+01
      vertex   -2.455521e+01 1.070653e+01 3.600000e+01
      vertex   -2.424267e+01 1.061976e+01 3.600000e+01
    endloop
  endfacet
  facet normal 5.413891e-02 9.985334e-01 -0.000000e+00
    outer loop
      vertex   -2.424267e+01 1.061976e+01 3.300000e+01
      vertex   -2.424267e+01 1.061976e+01 3.600000e+01
      vertex   -2.391879e+01 1.060220e+01 3.300000e+01
    endloop
  endfacet
  facet normal 5.413891e-02 9.985334e-01 -0.000000e+00
    outer loop
      vertex   -2.391879e+01 1.060220e+01 3.300000e+01
      vertex   -2.424267e+01 1.061976e+01 3.600000e+01
      vertex   -2.391879e+01 1.060220e+01 3.600000e+01
    endloop
  endfacet
  facet normal -1.617820e-01 9.868265e-01 0.000000e+00
    outer loop
      vertex   -2.391879e+01 1.060220e+01 3.300000e+01
      vertex   -2.391879e+01 1.060220e+01 3.600000e+01
      vertex   -2.359871e+01 1.065467e+01 3.300000e+01
    endloop
  endfacet
  facet normal -1.617820e-01 9.868265e-01 0.000000e+00
    outer loop
      vertex   -2.359871e+01 1.065467e+01 3.300000e+01
      vertex   -2.391879e+01 1.060220e+01 3.600000e+01
      vertex   -2.359871e+01 1.065467e+01 3.600000e+01
    endloop
  endfacet
  facet normal -3.701382e-01 9.289767e-01 0.000000e+00
    outer loop
      vertex   -2.359871e+01 1.065467e+01 3.300000e+01
      vertex   -2.359871e+01 1.065467e+01 3.600000e+01
      vertex   -2.329739e+01 1.077473e+01 3.300000e+01
    endloop
  endfacet
  facet normal -3.701382e-01 9.289767e-01 1.100129e-15
    outer loop
      vertex   -2.329739e+01 1.077473e+01 3.300000e+01
      vertex   -2.359871e+01 1.065467e+01 3.600000e+01
      vertex   -2.329739e+01 1.077473e+01 3.600000e+01
    endloop
  endfacet
  facet normal -5.611871e-01 8.276890e-01 9.801807e-16
    outer loop
      vertex   -2.329739e+01 1.077473e+01 3.300000e+01
      vertex   -2.329739e+01 1.077473e+01 3.600000e+01
      vertex   -2.302892e+01 1.095675e+01 3.300000e+01
    endloop
  endfacet
  facet normal -5.611871e-01 8.276890e-01 0.000000e+00
    outer loop
      vertex   -2.302892e+01 1.095675e+01 3.300000e+01
      vertex   -2.329739e+01 1.077473e+01 3.600000e+01
      vertex   -2.302892e+01 1.095675e+01 3.600000e+01
    endloop
  endfacet
  facet normal -7.259955e-01 6.876995e-01 0.000000e+00
    outer loop
      vertex   -2.302892e+01 1.095675e+01 3.300000e+01
      vertex   -2.302892e+01 1.095675e+01 3.600000e+01
      vertex   -2.280586e+01 1.119224e+01 3.300000e+01
    endloop
  endfacet
  facet normal -7.259955e-01 6.876995e-01 0.000000e+00
    outer loop
      vertex   -2.280586e+01 1.119224e+01 3.300000e+01
      vertex   -2.302892e+01 1.095675e+01 3.600000e+01
      vertex   -2.280586e+01 1.119224e+01 3.600000e+01
    endloop
  endfacet
  facet normal -8.568572e-01 5.155539e-01 0.000000e+00
    outer loop
      vertex   -2.280586e+01 1.119224e+01 3.300000e+01
      vertex   -2.280586e+01 1.119224e+01 3.600000e+01
      vertex   -2.263864e+01 1.147016e+01 3.300000e+01
    endloop
  endfacet
  facet normal -8.568572e-01 5.155539e-01 0.000000e+00
    outer loop
      vertex   -2.263864e+01 1.147016e+01 3.300000e+01
      vertex   -2.280586e+01 1.119224e+01 3.600000e+01
      vertex   -2.263864e+01 1.147016e+01 3.600000e+01
    endloop
  endfacet
  facet normal -9.476532e-01 3.193015e-01 0.000000e+00
    outer loop
      vertex   -2.263864e+01 1.147016e+01 3.300000e+01
      vertex   -2.263864e+01 1.147016e+01 3.600000e+01
      vertex   -2.253507e+01 1.177754e+01 3.300000e+01
    endloop
  endfacet
  facet normal -9.476532e-01 3.193015e-01 0.000000e+00
    outer loop
      vertex   -2.253507e+01 1.177754e+01 3.300000e+01
      vertex   -2.263864e+01 1.147016e+01 3.600000e+01
      vertex   -2.253507e+01 1.177754e+01 3.600000e+01
    endloop
  endfacet
  facet normal -0.000000e+00 1.000000e+00 0.000000e+00
    outer loop
      vertex   -2.000000e+01 1.160000e+02 3.300000e+01
      vertex   -1.936006e+01 1.160000e+02 3.300000e+01
      vertex   -2.000000e+01 1.160000e+02 2.900000e+01
    endloop
  endfacet
  facet normal 0.000000e+00 1.000000e+00 0.000000e+00
    outer loop
      vertex   -2.000000e+01 1.160000e+02 2.900000e+01
      vertex   -1.936006e+01 1.160000e+02 3.300000e+01
      vertex   -1.936006e+01 1.160000e+02 2.900000e+01
    endloop
  endfacet
  facet normal 1.000000e+00 0.000000e+00 0.000000e+00
    outer loop
      vertex   -2.000000e+01 1.195711e+02 3.300000e+01
      vertex   -2.000000e+01 1.160000e+02 3.300000e+01
      vertex   -2.000000e+01 1.195711e+02 2.900000e+01
    endloop
  endfacet
  facet normal 1.000000e+00 0.000000e+00 0.000000e+00
    outer loop
      vertex   -2.000000e+01 1.195711e+02 2.900000e+01
      vertex   -2.000000e+01 1.160000e+02 3.300000e+01
      vertex   -2.000000e+01 1.160000e+02 2.900000e+01
    endloop
  endfacet
  facet normal -1.000000e+00 0.000000e+00 0.000000e+00
    outer loop
      vertex   -2.200000e+01 1.130000e+02 3.300000e+01
      vertex   -2.200000e+01 1.185000e+02 3.300000e+01
      vertex   -2.200000e+01 1.130000e+02 2.900000e+01
    endloop
  endfacet
  facet normal -1.000000e+00 0.000000e+00 0.000000e+00
    outer loop
      vertex   -2.200000e+01 1.130000e+02 2.900000e+01
      vertex   -2.200000e+01 1.185000e+02 3.300000e+01
      vertex   -2.200000e+01 1.185000e+02 2.900000e+01
    endloop
  endfacet
  facet normal -0.000000e+00 -1.000000e+00 -0.000000e+00
    outer loop
      vertex   -1.936006e+01 1.130000e+02 3.300000e+01
      vertex   -2.200000e+01 1.130000e+02 3.300000e+01
      vertex   -1.936006e+01 1.130000e+02 2.900000e+01
    endloop
  endfacet
  facet normal 0.000000e+00 -1.000000e+00 0.000000e+00
    outer loop
      vertex   -1.936006e+01 1.130000e+02 2.900000e+01
      vertex   -2.200000e+01 1.130000e+02 3.300000e+01
      vertex   -2.200000e+01 1.130000e+02 2.900000e+01
    endloop
  endfacet
  facet normal 1.000000e+00 0.000000e+00 0.000000e+00
    outer loop
      vertex   -1.936006e+01 1.160000e+02 3.300000e+01
      vertex   -1.936006e+01 1.130000e+02 3.300000e+01
      vertex   -1.936006e+01 1.160000e+02 2.900000e+01
    endloop
  endfacet
  facet normal 1.000000e+00 0.000000e+00 0.000000e+00
    outer loop
      vertex   -1.936006e+01 1.160000e+02 2.900000e+01
      vertex   -1.936006e+01 1.130000e+02 3.300000e+01
      vertex   -1.936006e+01 1.130000e+02 2.900000e+01
    endloop
  endfacet
  facet normal -0.000000e+00 -0.000000e+00 -1.000000e+00
    outer loop
      vertex   -1.936006e+01 1.160000e+02 2.900000e+01
      vertex   -1.936006e+01 1.130000e+02 2.900000e+01
      vertex   -2.000000e+01 1.160000e+02 2.900000e+01
    endloop
  endfacet
  facet normal 0.000000e+00 -0.000000e+00 -1.000000e+00
    outer loop
      vertex   -2.000000e+01 1.160000e+02 2.900000e+01
      vertex   -1.936006e+01 1.130000e+02 2.900000e+01
      vertex   -2.200000e+01 1.130000e+02 2.900000e+01
    endloop
  endfacet
  facet normal -0.000000e+00 0.000000e+00 -1.000000e+00
    outer loop
      vertex   -2.000000e+01 1.160000e+02 2.900000e+01
      vertex   -2.200000e+01 1.130000e+02 2.900000e+01
      vertex   -2.137067e+01 1.189240e+02 2.900000e+01
    endloop
  endfacet
  facet normal 0.000000e+00 0.000000e+00 -1.000000e+00
    outer loop
      vertex   -2.137067e+01 1.189240e+02 2.900000e+01
      vertex   -2.200000e+01 1.130000e+02 2.900000e+01
      vertex   -2.200000e+01 1.185000e+02 2.900000e+01
    endloop
  endfacet
  facet normal 0.000000e+00 0.000000e+00 -1.000000e+00
    outer loop
      vertex   -2.137067e+01 1.189240e+02 2.900000e+01
      vertex   -2.070173e+01 1.192823e+02 2.900000e+01
      vertex   -2.000000e+01 1.160000e+02 2.900000e+01
    endloop
  endfacet
  facet normal 0.000000e+00 0.000000e+00 -1.000000e+00
    outer loop
      vertex   -2.000000e+01 1.160000e+02 2.900000e+01
      vertex   -2.070173e+01 1.192823e+02 2.900000e+01
      vertex   -2.000000e+01 1.195711e+02 2.900000e+01
    endloop
  endfacet
  facet normal -5.342305e-15 -1.000000e+00 -0.000000e+00
    outer loop
      vertex   1.686006e+01 1.130000e+02 3.300000e+01
      vertex   1.420000e+01 1.130000e+02 3.300000e+01
      vertex   1.686006e+01 1.130000e+02 2.900000e+01
    endloop
  endfacet
  facet normal -5.342305e-15 -1.000000e+00 0.000000e+00
    outer loop
      vertex   1.686006e+01 1.130000e+02 2.900000e+01
      vertex   1.420000e+01 1.130000e+02 3.300000e+01
      vertex   1.420000e+01 1.130000e+02 2.900000e+01
    endloop
  endfacet
  facet normal 1.000000e+00 0.000000e+00 0.000000e+00
    outer loop
      vertex   1.686006e+01 1.160000e+02 3.300000e+01
      vertex   1.686006e+01 1.130000e+02 3.300000e+01
      vertex   1.686006e+01 1.160000e+02 2.900000e+01
    endloop
  endfacet
  facet normal 1.000000e+00 0.000000e+00 0.000000e+00
    outer loop
      vertex   1.686006e+01 1.160000e+02 2.900000e+01
      vertex   1.686006e+01 1.130000e+02 3.300000e+01
      vertex   1.686006e+01 1.130000e+02 2.900000e+01
    endloop
  endfacet
  facet normal -0.000000e+00 1.000000e+00 0.000000e+00
    outer loop
      vertex   1.620000e+01 1.160000e+02 3.300000e+01
      vertex   1.686006e+01 1.160000e+02 3.300000e+01
      vertex   1.620000e+01 1.160000e+02 2.900000e+01
    endloop
  endfacet
  facet normal 0.000000e+00 1.000000e+00 0.000000e+00
    outer loop
      vertex   1.620000e+01 1.160000e+02 2.900000e+01
      vertex   1.686006e+01 1.160000e+02 3.300000e+01
      vertex   1.686006e+01 1.160000e+02 2.900000e+01
    endloop
  endfacet
  facet normal 1.000000e+00 -1.776357e-15 0.000000e+00
    outer loop
      vertex   1.620000e+01 1.200000e+02 3.300000e+01
      vertex   1.620000e+01 1.160000e+02 3.300000e+01
      vertex   1.620000e+01 1.200000e+02 2.900000e+01
    endloop
  endfacet
  facet normal 1.000000e+00 -1.776357e-15 0.000000e+00
    outer loop
      vertex   1.620000e+01 1.200000e+02 2.900000e+01
      vertex   1.620000e+01 1.160000e+02 3.300000e+01
      vertex   1.620000e+01 1.160000e+02 2.900000e+01
    endloop
  endfacet
  facet normal -1.000000e+00 5.075305e-16 0.000000e+00
    outer loop
      vertex   1.420000e+01 1.130000e+02 3.300000e+01
      vertex   1.420000e+01 1.200000e+02 3.300000e+01
      vertex   1.420000e+01 1.130000e+02 2.900000e+01
    endloop
  endfacet
  facet normal -1.000000e+00 5.075305e-16 0.000000e+00
    outer loop
      vertex   1.420000e+01 1.130000e+02 2.900000e+01
      vertex   1.420000e+01 1.200000e+02 3.300000e+01
      vertex   1.420000e+01 1.200000e+02 2.900000e+01
    endloop
  endfacet
  facet normal 0.000000e+00 0.000000e+00 -1.000000e+00
    outer loop
      vertex   1.686006e+01 1.130000e+02 2.900000e+01
      vertex   1.420000e+01 1.130000e+02 2.900000e+01
      vertex   1.620000e+01 1.160000e+02 2.900000e+01
    endloop
  endfacet
  facet normal -0.000000e+00 0.000000e+00 -1.000000e+00
    outer loop
      vertex   1.620000e+01 1.160000e+02 2.900000e+01
      vertex   1.420000e+01 1.130000e+02 2.900000e+01
      vertex   1.420000e+01 1.200000e+02 2.900000e+01
    endloop
  endfacet
  facet normal 0.000000e+00 0.000000e+00 -1.000000e+00
    outer loop
      vertex   1.620000e+01 1.160000e+02 2.900000e+01
      vertex   1.420000e+01 1.200000e+02 2.900000e+01
      vertex   1.620000e+01 1.200000e+02 2.900000e+01
    endloop
  endfacet
  facet normal 0.000000e+00 0.000000e+00 -1.000000e+00
    outer loop
      vertex   1.620000e+01 1.160000e+02 2.900000e+01
      vertex   1.686006e+01 1.160000e+02 2.900000e+01
      vertex   1.686006e+01 1.130000e+02 2.900000e+01
    endloop
  endfacet
  facet normal -1.000000e+00 0.000000e+00 0.000000e+00
    outer loop
      vertex   -1.620000e+01 1.160000e+02 3.300000e+01
      vertex   -1.620000e+01 1.200000e+02 3.300000e+01
      vertex   -1.620000e+01 1.160000e+02 2.900000e+01
    endloop
  endfacet
  facet normal -1.000000e+00 0.000000e+00 0.000000e+00
    outer loop
      vertex   -1.620000e+01 1.160000e+02 2.900000e+01
      vertex   -1.620000e+01 1.200000e+02 3.300000e+01
      vertex   -1.620000e+01 1.200000e+02 2.900000e+01
    endloop
  endfacet
  facet normal -0.000000e+00 1.000000e+00 0.000000e+00
    outer loop
      vertex   -1.686006e+01 1.160000e+02 3.300000e+01
      vertex   -1.620000e+01 1.160000e+02 3.300000e+01
      vertex   -1.686006e+01 1.160000e+02 2.900000e+01
    endloop
  endfacet
  facet normal 0.000000e+00 1.000000e+00 0.000000e+00
    outer loop
      vertex   -1.686006e+01 1.160000e+02 2.900000e+01
      vertex   -1.620000e+01 1.160000e+02 3.300000e+01
      vertex   -1.620000e+01 1.160000e+02 2.900000e+01
    endloop
  endfacet
  facet normal -1.000000e+00 0.000000e+00 0.000000e+00
    outer loop
      vertex   -1.686006e+01 1.130000e+02 3.300000e+01
      vertex   -1.686006e+01 1.160000e+02 3.300000e+01
      vertex   -1.686006e+01 1.130000e+02 2.900000e+01
    endloop
  endfacet
  facet normal -1.000000e+00 0.000000e+00 0.000000e+00
    outer loop
      vertex   -1.686006e+01 1.130000e+02 2.900000e+01
      vertex   -1.686006e+01 1.160000e+02 3.300000e+01
      vertex   -1.686006e+01 1.160000e+02 2.900000e+01
    endloop
  endfacet
  facet normal -0.000000e+00 -1.000000e+00 -0.000000e+00
    outer loop
      vertex   -1.420000e+01 1.130000e+02 3.300000e+01
      vertex   -1.686006e+01 1.130000e+02 3.300000e+01
      vertex   -1.420000e+01 1.130000e+02 2.900000e+01
    endloop
  endfacet
  facet normal 0.000000e+00 -1.000000e+00 0.000000e+00
    outer loop
      vertex   -1.420000e+01 1.130000e+02 2.900000e+01
      vertex   -1.686006e+01 1.130000e+02 3.300000e+01
      vertex   -1.686006e+01 1.130000e+02 2.900000e+01
    endloop
  endfacet
  facet normal 1.000000e+00 0.000000e+00 0.000000e+00
    outer loop
      vertex   -1.420000e+01 1.200000e+02 3.300000e+01
      vertex   -1.420000e+01 1.130000e+02 3.300000e+01
      vertex   -1.420000e+01 1.200000e+02 2.900000e+01
    endloop
  endfacet
  facet normal 1.000000e+00 0.000000e+00 0.000000e+00
    outer loop
      vertex   -1.420000e+01 1.200000e+02 2.900000e+01
      vertex   -1.420000e+01 1.130000e+02 3.300000e+01
      vertex   -1.420000e+01 1.130000e+02 2.900000e+01
    endloop
  endfacet
  facet normal 0.000000e+00 0.000000e+00 -1.000000e+00
    outer loop
      vertex   -1.620000e+01 1.200000e+02 2.900000e+01
      vertex   -1.420000e+01 1.200000e+02 2.900000e+01
      vertex   -1.620000e+01 1.160000e+02 2.900000e+01
    endloop
  endfacet
  facet normal 0.000000e+00 0.000000e+00 -1.000000e+00
    outer loop
      vertex   -1.620000e+01 1.160000e+02 2.900000e+01
      vertex   -1.420000e+01 1.200000e+02 2.900000e+01
      vertex   -1.420000e+01 1.130000e+02 2.900000e+01
    endloop
  endfacet
  facet normal 0.000000e+00 -0.000000e+00 -1.000000e+00
    outer loop
      vertex   -1.620000e+01 1.160000e+02 2.900000e+01
      vertex   -1.420000e+01 1.130000e+02 2.900000e+01
      vertex   -1.686006e+01 1.130000e+02 2.900000e+01
    endloop
  endfacet
  facet normal 0.000000e+00 0.000000e+00 -1.000000e+00
    outer loop
      vertex   -1.686006e+01 1.130000e+02 2.900000e+01
      vertex   -1.686006e+01 1.160000e+02 2.900000e+01
      vertex   -1.620000e+01 1.160000e+02 2.900000e+01
    endloop
  endfacet
  facet normal -1.000000e+00 0.000000e+00 0.000000e+00
    outer loop
      vertex   1.936006e+01 1.130000e+02 3.300000e+01
      vertex   1.936006e+01 1.160000e+02 3.300000e+01
      vertex   1.936006e+01 1.130000e+02 2.900000e+01
    endloop
  endfacet
  facet normal -1.000000e+00 0.000000e+00 0.000000e+00
    outer loop
      vertex   1.936006e+01 1.130000e+02 2.900000e+01
      vertex   1.936006e+01 1.160000e+02 3.300000e+01
      vertex   1.936006e+01 1.160000e+02 2.900000e+01
    endloop
  endfacet
  facet normal -5.383023e-15 -1.000000e+00 -0.000000e+00
    outer loop
      vertex   2.200000e+01 1.130000e+02 3.300000e+01
      vertex   1.936006e+01 1.130000e+02 3.300000e+01
      vertex   2.200000e+01 1.130000e+02 2.900000e+01
    endloop
  endfacet
  facet normal -5.383023e-15 -1.000000e+00 0.000000e+00
    outer loop
      vertex   2.200000e+01 1.130000e+02 2.900000e+01
      vertex   1.936006e+01 1.130000e+02 3.300000e+01
      vertex   1.936006e+01 1.130000e+02 2.900000e+01
    endloop
  endfacet
  facet normal 1.000000e+00 -1.291896e-15 0.000000e+00
    outer loop
      vertex   2.200000e+01 1.185000e+02 3.300000e+01
      vertex   2.200000e+01 1.130000e+02 3.300000e+01
      vertex   2.200000e+01 1.185000e+02 2.900000e+01
    endloop
  endfacet
  facet normal 1.000000e+00 -1.291896e-15 0.000000e+00
    outer loop
      vertex   2.200000e+01 1.185000e+02 2.900000e+01
      vertex   2.200000e+01 1.130000e+02 3.300000e+01
      vertex   2.200000e+01 1.130000e+02 2.900000e+01
    endloop
  endfacet
  facet normal -1.000000e+00 0.000000e+00 0.000000e+00
    outer loop
      vertex   2.000000e+01 1.160000e+02 3.300000e+01
      vertex   2.000000e+01 1.195711e+02 3.300000e+01
      vertex   2.000000e+01 1.160000e+02 2.900000e+01
    endloop
  endfacet
  facet normal -1.000000e+00 0.000000e+00 0.000000e+00
    outer loop
      vertex   2.000000e+01 1.160000e+02 2.900000e+01
      vertex   2.000000e+01 1.195711e+02 3.300000e+01
      vertex   2.000000e+01 1.195711e+02 2.900000e+01
    endloop
  endfacet
  facet normal -0.000000e+00 1.000000e+00 0.000000e+00
    outer loop
      vertex   1.936006e+01 1.160000e+02 3.300000e+01
      vertex   2.000000e+01 1.160000e+02 3.300000e+01
      vertex   1.936006e+01 1.160000e+02 2.900000e+01
    endloop
  endfacet
  facet normal 0.000000e+00 1.000000e+00 0.000000e+00
    outer loop
      vertex   1.936006e+01 1.160000e+02 2.900000e+01
      vertex   2.000000e+01 1.160000e+02 3.300000e+01
      vertex   2.000000e+01 1.160000e+02 2.900000e+01
    endloop
  endfacet
  facet normal 0.000000e+00 0.000000e+00 -1.000000e+00
    outer loop
      vertex   1.936006e+01 1.160000e+02 2.900000e+01
      vertex   2.000000e+01 1.160000e+02 2.900000e+01
      vertex   1.936006e+01 1.130000e+02 2.900000e+01
    endloop
  endfacet
  facet normal 0.000000e+00 0.000000e+00 -1.000000e+00
    outer loop
      vertex   1.936006e+01 1.130000e+02 2.900000e+01
      vertex   2.000000e+01 1.160000e+02 2.900000e+01
      vertex   2.200000e+01 1.130000e+02 2.900000e+01
    endloop
  endfacet
  facet normal 0.000000e+00 0.000000e+00 -1.000000e+00
    outer loop
      vertex   2.200000e+01 1.130000e+02 2.900000e+01
      vertex   2.000000e+01 1.160000e+02 2.900000e+01
      vertex   2.137067e+01 1.189240e+02 2.900000e+01
    endloop
  endfacet
  facet normal 0.000000e+00 0.000000e+00 -1.000000e+00
    outer loop
      vertex   2.200000e+01 1.130000e+02 2.900000e+01
      vertex   2.137067e+01 1.189240e+02 2.900000e+01
      vertex   2.200000e+01 1.185000e+02 2.900000e+01
    endloop
  endfacet
  facet normal 0.000000e+00 0.000000e+00 -1.000000e+00
    outer loop
      vertex   2.000000e+01 1.195711e+02 2.900000e+01
      vertex   2.070173e+01 1.192823e+02 2.900000e+01
      vertex   2.000000e+01 1.160000e+02 2.900000e+01
    endloop
  endfacet
  facet normal 0.000000e+00 0.000000e+00 -1.000000e+00
    outer loop
      vertex   2.000000e+01 1.160000e+02 2.900000e+01
      vertex   2.070173e+01 1.192823e+02 2.900000e+01
      vertex   2.137067e+01 1.189240e+02 2.900000e+01
    endloop
  endfacet
  facet normal -9.992700e-01 3.820425e-02 0.000000e+00
    outer loop
      vertex   -6.500000e+01 -2.196773e+01 3.300000e+01
      vertex   -6.500000e+01 -2.196773e+01 3.600000e+01
      vertex   -6.488907e+01 -1.906633e+01 3.300000e+01
    endloop
  endfacet
  facet normal -9.992700e-01 3.820425e-02 -4.597765e-15
    outer loop
      vertex   -6.488907e+01 -1.906633e+01 3.300000e+01
      vertex   -6.500000e+01 -2.196773e+01 3.600000e+01
      vertex   -6.488907e+01 -1.906633e+01 3.600000e+01
    endloop
  endfacet
  facet normal -9.934360e-01 1.143897e-01 -4.299464e-15
    outer loop
      vertex   -6.488907e+01 -1.906633e+01 3.300000e+01
      vertex   -6.488907e+01 -1.906633e+01 3.600000e+01
      vertex   -6.455694e+01 -1.618187e+01 3.300000e+01
    endloop
  endfacet
  facet normal -9.934360e-01 1.143897e-01 2.709293e-16
    outer loop
      vertex   -6.455694e+01 -1.618187e+01 3.300000e+01
      vertex   -6.488907e+01 -1.906633e+01 3.600000e+01
      vertex   -6.455694e+01 -1.618187e+01 3.600000e+01
    endloop
  endfacet
  facet normal -9.818020e-01 1.899073e-01 4.497909e-16
    outer loop
      vertex   -6.455694e+01 -1.618187e+01 3.300000e+01
      vertex   -6.455694e+01 -1.618187e+01 3.600000e+01
      vertex   -6.400554e+01 -1.333118e+01 3.300000e+01
    endloop
  endfacet
  facet normal -9.818020e-01 1.899073e-01 5.622387e-16
    outer loop
      vertex   -6.400554e+01 -1.333118e+01 3.300000e+01
      vertex   -6.455694e+01 -1.618187e+01 3.600000e+01
      vertex   -6.400554e+01 -1.333118e+01 3.600000e+01
    endloop
  endfacet
  facet normal -9.644361e-01 2.643162e-01 7.825333e-16
    outer loop
      vertex   -6.400554e+01 -1.333118e+01 3.300000e+01
      vertex   -6.400554e+01 -1.333118e+01 3.600000e+01
      vertex   -6.323809e+01 -1.053092e+01 3.300000e+01
    endloop
  endfacet
  facet normal -9.644361e-01 2.643162e-01 7.825333e-16
    outer loop
      vertex   -6.323809e+01 -1.053092e+01 3.300000e+01
      vertex   -6.400554e+01 -1.333118e+01 3.600000e+01
      vertex   -6.323809e+01 -1.053092e+01 3.600000e+01
    endloop
  endfacet
  facet normal -9.414395e-01 3.371820e-01 9.982592e-16
    outer loop
      vertex   -6.323809e+01 -1.053092e+01 3.300000e+01
      vertex   -6.323809e+01 -1.053092e+01 3.600000e+01
      vertex   -6.225908e+01 -7.797426e+00 3.300000e+01
    endloop
  endfacet
  facet normal -9.414395e-01 3.371820e-01 9.982592e-16
    outer loop
      vertex   -6.225908e+01 -7.797426e+00 3.300000e+01
      vertex   -6.323809e+01 -1.053092e+01 3.600000e+01
      vertex   -6.225908e+01 -7.797426e+00 3.600000e+01
    endloop
  endfacet
  facet normal -9.129465e-01 4.080792e-01 1.208157e-15
    outer loop
      vertex   -6.225908e+01 -7.797426e+00 3.300000e+01
      vertex   -6.225908e+01 -7.797426e+00 3.600000e+01
      vertex   -6.107421e+01 -5.146665e+00 3.300000e+01
    endloop
  endfacet
  facet normal -9.129465e-01 4.080792e-01 1.208157e-15
    outer loop
      vertex   -6.107421e+01 -5.146665e+00 3.300000e+01
      vertex   -6.225908e+01 -7.797426e+00 3.600000e+01
      vertex   -6.107421e+01 -5.146665e+00 3.600000e+01
    endloop
  endfacet
  facet normal -8.791236e-01 4.765939e-01 1.411001e-15
    outer loop
      vertex   -6.107421e+01 -5.146665e+00 3.300000e+01
      vertex   -6.107421e+01 -5.146665e+00 3.600000e+01
      vertex   -5.969041e+01 -2.594109e+00 3.300000e+01
    endloop
  endfacet
  facet normal -8.791236e-01 4.765939e-01 1.023932e-15
    outer loop
      vertex   -5.969041e+01 -2.594109e+00 3.300000e+01
      vertex   -6.107421e+01 -5.146665e+00 3.600000e+01
      vertex   -5.969041e+01 -2.594109e+00 3.600000e+01
    endloop
  endfacet
  facet normal -8.401681e-01 5.423261e-01 7.857117e-16
    outer loop
      vertex   -5.969041e+01 -2.594109e+00 3.300000e+01
      vertex   -5.969041e+01 -2.594109e+00 3.600000e+01
      vertex   -5.811575e+01 -1.546614e-01 3.300000e+01
    endloop
  endfacet
  facet normal -8.401681e-01 5.423261e-01 8.028040e-16
    outer loop
      vertex   -5.811575e+01 -1.546614e-01 3.300000e+01
      vertex   -5.969041e+01 -2.594109e+00 3.600000e+01
      vertex   -5.811575e+01 -1.546614e-01 3.600000e+01
    endloop
  endfacet
  facet normal -7.963074e-01 6.048921e-01 8.954202e-16
    outer loop
      vertex   -5.811575e+01 -1.546614e-01 3.300000e+01
      vertex   -5.811575e+01 -1.546614e-01 3.600000e+01
      vertex   -5.635943e+01 2.157436e+00 3.300000e+01
    endloop
  endfacet
  facet normal -7.963074e-01 6.048921e-01 9.519432e-17
    outer loop
      vertex   -5.635943e+01 2.157436e+00 3.300000e+01
      vertex   -5.811575e+01 -1.546614e-01 3.600000e+01
      vertex   -5.635943e+01 2.157436e+00 3.600000e+01
    endloop
  endfacet
  facet normal -7.477977e-01 6.639266e-01 -1.944769e-16
    outer loop
      vertex   -5.635943e+01 2.157436e+00 3.300000e+01
      vertex   -5.635943e+01 2.157436e+00 3.600000e+01
      vertex   -5.443170e+01 4.328684e+00 3.300000e+01
    endloop
  endfacet
  facet normal -7.477977e-01 6.639266e-01 -7.883320e-16
    outer loop
      vertex   -5.443170e+01 4.328684e+00 3.300000e+01
      vertex   -5.635943e+01 2.157436e+00 3.600000e+01
      vertex   -5.443170e+01 4.328684e+00 3.600000e+01
    endloop
  endfacet
  facet normal -6.949222e-01 7.190849e-01 -5.814469e-16
    outer loop
      vertex   -5.443170e+01 4.328684e+00 3.300000e+01
      vertex   -5.443170e+01 4.328684e+00 3.600000e+01
      vertex   -5.234383e+01 6.346407e+00 3.300000e+01
    endloop
  endfacet
  facet normal -6.949222e-01 7.190849e-01 -2.128919e-15
    outer loop
      vertex   -5.234383e+01 6.346407e+00 3.300000e+01
      vertex   -5.443170e+01 4.328684e+00 3.600000e+01
      vertex   -5.234383e+01 6.346407e+00 3.600000e+01
    endloop
  endfacet
  facet normal -6.379895e-01 7.700450e-01 -2.279791e-15
    outer loop
      vertex   -5.234383e+01 6.346407e+00 3.300000e+01
      vertex   -5.234383e+01 6.346407e+00 3.600000e+01
      vertex   -5.010798e+01 8.198824e+00 3.300000e+01
    endloop
  endfacet
  facet normal -6.379895e-01 7.700450e-01 -1.654251e-15
    outer loop
      vertex   -5.010798e+01 8.198824e+00 3.300000e+01
      vertex   -5.234383e+01 6.346407e+00 3.600000e+01
      vertex   -5.010798e+01 8.198824e+00 3.600000e+01
    endloop
  endfacet
  facet normal -5.773321e-01 8.165094e-01 -1.284382e-15
    outer loop
      vertex   -5.010798e+01 8.198824e+00 3.300000e+01
      vertex   -5.010798e+01 8.198824e+00 3.600000e+01
      vertex   -4.773723e+01 9.875121e+00 3.300000e+01
    endloop
  endfacet
  facet normal -5.773321e-01 8.165094e-01 -8.301494e-17
    outer loop
      vertex   -4.773723e+01 9.875121e+00 3.300000e+01
      vertex   -5.010798e+01 8.198824e+00 3.600000e+01
      vertex   -4.773723e+01 9.875121e+00 3.600000e+01
    endloop
  endfacet
  facet normal -5.133041e-01 8.582068e-01 -3.087332e-16
    outer loop
      vertex   -4.773723e+01 9.875121e+00 3.300000e+01
      vertex   -4.773723e+01 9.875121e+00 3.600000e+01
      vertex   -4.524540e+01 1.136551e+01 3.300000e+01
    endloop
  endfacet
  facet normal -5.133041e-01 8.582068e-01 1.106442e-15
    outer loop
      vertex   -4.524540e+01 1.136551e+01 3.300000e+01
      vertex   -4.773723e+01 9.875121e+00 3.600000e+01
      vertex   -4.524540e+01 1.136551e+01 3.600000e+01
    endloop
  endfacet
  facet normal -4.462793e-01 8.948937e-01 5.215871e-16
    outer loop
      vertex   -4.524540e+01 1.136551e+01 3.300000e+01
      vertex   -4.524540e+01 1.136551e+01 3.600000e+01
      vertex   -4.264706e+01 1.266129e+01 3.300000e+01
    endloop
  endfacet
  facet normal -4.462793e-01 8.948937e-01 0.000000e+00
    outer loop
      vertex   -4.264706e+01 1.266129e+01 3.300000e+01
      vertex   -4.524540e+01 1.136551e+01 3.600000e+01
      vertex   -4.264706e+01 1.266129e+01 3.600000e+01
    endloop
  endfacet
  facet normal -4.515326e-01 8.922546e-01 0.000000e+00
    outer loop
      vertex   -4.264706e+01 1.266129e+01 3.300000e+01
      vertex   -4.264706e+01 1.266129e+01 3.600000e+01
      vertex   -4.028732e+01 1.385546e+01 3.300000e+01
    endloop
  endfacet
  facet normal -4.515326e-01 8.922546e-01 1.056642e-15
    outer loop
      vertex   -4.028732e+01 1.385546e+01 3.300000e+01
      vertex   -4.264706e+01 1.266129e+01 3.600000e+01
      vertex   -4.028732e+01 1.385546e+01 3.600000e+01
    endloop
  endfacet
  facet normal -5.283597e-01 8.490206e-01 1.005442e-15
    outer loop
      vertex   -4.028732e+01 1.385546e+01 3.300000e+01
      vertex   -4.028732e+01 1.385546e+01 3.600000e+01
      vertex   -3.804191e+01 1.525281e+01 3.300000e+01
    endloop
  endfacet
  facet normal -5.283597e-01 8.490206e-01 0.000000e+00
    outer loop
      vertex   -3.804191e+01 1.525281e+01 3.300000e+01
      vertex   -4.028732e+01 1.385546e+01 3.600000e+01
      vertex   -3.804191e+01 1.525281e+01 3.600000e+01
    endloop
  endfacet
  facet normal -6.010806e-01 7.991884e-01 0.000000e+00
    outer loop
      vertex   -3.804191e+01 1.525281e+01 3.300000e+01
      vertex   -3.804191e+01 1.525281e+01 3.600000e+01
      vertex   -3.592830e+01 1.684249e+01 3.300000e+01
    endloop
  endfacet
  facet normal -6.010806e-01 7.991884e-01 -9.464292e-16
    outer loop
      vertex   -3.592830e+01 1.684249e+01 3.300000e+01
      vertex   -3.804191e+01 1.525281e+01 3.600000e+01
      vertex   -3.592830e+01 1.684249e+01 3.600000e+01
    endloop
  endfacet
  facet normal -6.691301e-01 7.431453e-01 -8.800608e-16
    outer loop
      vertex   -3.592830e+01 1.684249e+01 3.300000e+01
      vertex   -3.592830e+01 1.684249e+01 3.600000e+01
      vertex   -3.396291e+01 1.861213e+01 3.300000e+01
    endloop
  endfacet
  facet normal -6.691301e-01 7.431453e-01 0.000000e+00
    outer loop
      vertex   -3.396291e+01 1.861213e+01 3.300000e+01
      vertex   -3.592830e+01 1.684249e+01 3.600000e+01
      vertex   -3.396291e+01 1.861213e+01 3.600000e+01
    endloop
  endfacet
  facet normal -7.319795e-01 6.813267e-01 0.000000e+00
    outer loop
      vertex   -3.396291e+01 1.861213e+01 3.300000e+01
      vertex   -3.396291e+01 1.861213e+01 3.600000e+01
      vertex   -3.216101e+01 2.054800e+01 3.300000e+01
    endloop
  endfacet
  facet normal -7.319795e-01 6.813267e-01 1.199699e-16
    outer loop
      vertex   -3.216101e+01 2.054800e+01 3.300000e+01
      vertex   -3.396291e+01 1.861213e+01 3.600000e+01
      vertex   -3.216101e+01 2.054800e+01 3.600000e+01
    endloop
  endfacet
  facet normal -7.891402e-01 6.142131e-01 4.143106e-16
    outer loop
      vertex   -3.216101e+01 2.054800e+01 3.300000e+01
      vertex   -3.216101e+01 2.054800e+01 3.600000e+01
      vertex   -3.053660e+01 2.263503e+01 3.300000e+01
    endloop
  endfacet
  facet normal -7.891402e-01 6.142131e-01 -2.071553e-16
    outer loop
      vertex   -3.053660e+01 2.263503e+01 3.300000e+01
      vertex   -3.216101e+01 2.054800e+01 3.600000e+01
      vertex   -3.053660e+01 2.263503e+01 3.600000e+01
    endloop
  endfacet
  facet normal -8.401681e-01 5.423261e-01 -3.527157e-16
    outer loop
      vertex   -3.053660e+01 2.263503e+01 3.300000e+01
      vertex   -3.053660e+01 2.263503e+01 3.600000e+01
      vertex   -2.910231e+01 2.485702e+01 3.300000e+01
    endloop
  endfacet
  facet normal -8.401681e-01 5.423261e-01 0.000000e+00
    outer loop
      vertex   -2.910231e+01 2.485702e+01 3.300000e+01
      vertex   -3.053660e+01 2.263503e+01 3.600000e+01
      vertex   -2.910231e+01 2.485702e+01 3.600000e+01
    endloop
  endfacet
  facet normal -8.846665e-01 4.662244e-01 0.000000e+00
    outer loop
      vertex   -2.910231e+01 2.485702e+01 3.300000e+01
      vertex   -2.910231e+01 2.485702e+01 3.600000e+01
      vertex   -2.786929e+01 2.719670e+01 3.300000e+01
    endloop
  endfacet
  facet normal -8.846665e-01 4.662244e-01 0.000000e+00
    outer loop
      vertex   -2.786929e+01 2.719670e+01 3.300000e+01
      vertex   -2.910231e+01 2.485702e+01 3.600000e+01
      vertex   -2.786929e+01 2.719670e+01 3.600000e+01
    endloop
  endfacet
  facet normal -9.222896e-01 3.864994e-01 0.000000e+00
    outer loop
      vertex   -2.786929e+01 2.719670e+01 3.300000e+01
      vertex   -2.786929e+01 2.719670e+01 3.600000e+01
      vertex   -2.684712e+01 2.963587e+01 3.300000e+01
    endloop
  endfacet
  facet normal -9.222896e-01 3.864994e-01 0.000000e+00
    outer loop
      vertex   -2.684712e+01 2.963587e+01 3.300000e+01
      vertex   -2.786929e+01 2.719670e+01 3.600000e+01
      vertex   -2.684712e+01 2.963587e+01 3.600000e+01
    endloop
  endfacet
  facet normal -9.527452e-01 3.037707e-01 0.000000e+00
    outer loop
      vertex   -2.684712e+01 2.963587e+01 3.300000e+01
      vertex   -2.684712e+01 2.963587e+01 3.600000e+01
      vertex   -2.604373e+01 3.215560e+01 3.300000e+01
    endloop
  endfacet
  facet normal -9.527452e-01 3.037707e-01 0.000000e+00
    outer loop
      vertex   -2.604373e+01 3.215560e+01 3.300000e+01
      vertex   -2.684712e+01 2.963587e+01 3.600000e+01
      vertex   -2.604373e+01 3.215560e+01 3.600000e+01
    endloop
  endfacet
  facet normal -9.757963e-01 2.186813e-01 0.000000e+00
    outer loop
      vertex   -2.604373e+01 3.215560e+01 3.300000e+01
      vertex   -2.604373e+01 3.215560e+01 3.600000e+01
      vertex   -2.546539e+01 3.473628e+01 3.300000e+01
    endloop
  endfacet
  facet normal -9.757963e-01 2.186813e-01 0.000000e+00
    outer loop
      vertex   -2.546539e+01 3.473628e+01 3.300000e+01
      vertex   -2.604373e+01 3.215560e+01 3.600000e+01
      vertex   -2.546539e+01 3.473628e+01 3.600000e+01
    endloop
  endfacet
  facet normal -9.912641e-01 1.318923e-01 0.000000e+00
    outer loop
      vertex   -2.546539e+01 3.473628e+01 3.300000e+01
      vertex   -2.546539e+01 3.473628e+01 3.600000e+01
      vertex   -2.511657e+01 3.735787e+01 3.300000e+01
    endloop
  endfacet
  facet normal -9.912641e-01 1.318923e-01 0.000000e+00
    outer loop
      vertex   -2.511657e+01 3.735787e+01 3.300000e+01
      vertex   -2.546539e+01 3.473628e+01 3.600000e+01
      vertex   -2.511657e+01 3.735787e+01 3.600000e+01
    endloop
  endfacet
  facet normal -9.990281e-01 4.407828e-02 0.000000e+00
    outer loop
      vertex   -2.511657e+01 3.735787e+01 3.300000e+01
      vertex   -2.511657e+01 3.735787e+01 3.600000e+01
      vertex   -2.500000e+01 4.000000e+01 3.300000e+01
    endloop
  endfacet
  facet normal -9.990281e-01 4.407828e-02 0.000000e+00
    outer loop
      vertex   -2.500000e+01 4.000000e+01 3.300000e+01
      vertex   -2.511657e+01 3.735787e+01 3.600000e+01
      vertex   -2.500000e+01 4.000000e+01 3.600000e+01
    endloop
  endfacet
  facet normal 0.000000e+00 0.000000e+00 1.000000e+00
    outer loop
      vertex   -4.700000e+00 1.430000e+01 3.600000e+01
      vertex   -2.250000e+01 1.210000e+01 3.600000e+01
      vertex   -4.700000e+00 9.899998e+00 3.600000e+01
    endloop
  endfacet
  facet normal 0.000000e+00 0.000000e+00 1.000000e+00
    outer loop
      vertex   -4.700000e+00 9.899998e+00 3.600000e+01
      vertex   -2.250000e+01 1.210000e+01 3.600000e+01
      vertex   -2.253507e+01 1.177754e+01 3.600000e+01
    endloop
  endfacet
  facet normal 0.000000e+00 0.000000e+00 1.000000e+00
    outer loop
      vertex   -4.700000e+00 9.899998e+00 3.600000e+01
      vertex   -2.253507e+01 1.177754e+01 3.600000e+01
      vertex   -2.263864e+01 1.147016e+01 3.600000e+01
    endloop
  endfacet
  facet normal 0.000000e+00 0.000000e+00 1.000000e+00
    outer loop
      vertex   4.700000e+00 1.430000e+01 3.600000e+01
      vertex   -2.500000e+01 4.000000e+01 3.600000e+01
      vertex   -4.700000e+00 1.430000e+01 3.600000e+01
    endloop
  endfacet
  facet normal 0.000000e+00 0.000000e+00 1.000000e+00
    outer loop
      vertex   -4.700000e+00 1.430000e+01 3.600000e+01
      vertex   -2.500000e+01 4.000000e+01 3.600000e+01
      vertex   -2.511657e+01 3.735787e+01 3.600000e+01
    endloop
  endfacet
  facet normal 0.000000e+00 0.000000e+00 1.000000e+00
    outer loop
      vertex   -4.700000e+00 1.430000e+01 3.600000e+01
      vertex   -2.511657e+01 3.735787e+01 3.600000e+01
      vertex   -2.546539e+01 3.473628e+01 3.600000e+01
    endloop
  endfacet
  facet normal 0.000000e+00 0.000000e+00 1.000000e+00
    outer loop
      vertex   4.700000e+00 9.899998e+00 3.600000e+01
      vertex   2.250879e+01 1.226218e+01 3.600000e+01
      vertex   4.700000e+00 1.430000e+01 3.600000e+01
    endloop
  endfacet
  facet normal 0.000000e+00 0.000000e+00 1.000000e+00
    outer loop
      vertex   4.700000e+00 1.430000e+01 3.600000e+01
      vertex   2.250879e+01 1.226218e+01 3.600000e+01
      vertex   2.257852e+01 1.257895e+01 3.600000e+01
    endloop
  endfacet
  facet normal 0.000000e+00 0.000000e+00 1.000000e+00
    outer loop
      vertex   4.700000e+00 1.430000e+01 3.600000e+01
      vertex   2.257852e+01 1.257895e+01 3.600000e+01
      vertex   2.271471e+01 1.287333e+01 3.600000e+01
    endloop
  endfacet
  facet normal -0.000000e+00 0.000000e+00 1.000000e+00
    outer loop
      vertex   -4.700000e+00 9.899998e+00 3.600000e+01
      vertex   -1.779120e+01 -1.362388e+01 3.600000e+01
      vertex   4.700000e+00 9.899998e+00 3.600000e+01
    endloop
  endfacet
  facet normal 0.000000e+00 0.000000e+00 1.000000e+00
    outer loop
      vertex   4.700000e+00 9.899998e+00 3.600000e+01
      vertex   -1.779120e+01 -1.362388e+01 3.600000e+01
      vertex   -1.775028e+01 -1.400008e+01 3.600000e+01
    endloop
  endfacet
  facet normal 0.000000e+00 0.000000e+00 1.000000e+00
    outer loop
      vertex   4.700000e+00 9.899998e+00 3.600000e+01
      vertex   -1.775028e+01 -1.400008e+01 3.600000e+01
      vertex   -1.779120e+01 -1.437628e+01 3.600000e+01
    endloop
  endfacet
  facet normal 0.000000e+00 0.000000e+00 1.000000e+00
    outer loop
      vertex   4.700000e+00 7.490000e+01 3.600000e+01
      vertex   1.801172e+01 7.731624e+01 3.600000e+01
      vertex   4.700000e+00 7.930000e+01 3.600000e+01
    endloop
  endfacet
  facet normal 0.000000e+00 0.000000e+00 1.000000e+00
    outer loop
      vertex   4.700000e+00 7.930000e+01 3.600000e+01
      vertex   1.801172e+01 7.731624e+01 3.600000e+01
      vertex   1.810469e+01 7.773860e+01 3.600000e+01
    endloop
  endfacet
  facet normal 0.000000e+00 0.000000e+00 1.000000e+00
    outer loop
      vertex   4.700000e+00 7.930000e+01 3.600000e+01
      vertex   1.810469e+01 7.773860e+01 3.600000e+01
      vertex   1.828629e+01 7.813111e+01 3.600000e+01
    endloop
  endfacet
  facet normal -0.000000e+00 0.000000e+00 1.000000e+00
    outer loop
      vertex   -4.700000e+00 7.490000e+01 3.600000e+01
      vertex   2.500000e+01 4.000000e+01 3.600000e+01
      vertex   4.700000e+00 7.490000e+01 3.600000e+01
    endloop
  endfacet
  facet normal -0.000000e+00 0.000000e+00 1.000000e+00
    outer loop
      vertex   4.700000e+00 7.490000e+01 3.600000e+01
      vertex   2.500000e+01 4.000000e+01 3.600000e+01
      vertex   1.925972e+01 7.524204e+01 3.600000e+01
    endloop
  endfacet
  facet normal 0.000000e+00 0.000000e+00 1.000000e+00
    outer loop
      vertex   4.700000e+00 7.490000e+01 3.600000e+01
      vertex   1.925972e+01 7.524204e+01 3.600000e+01
      vertex   1.887763e+01 7.544462e+01 3.600000e+01
    endloop
  endfacet
  facet normal 0.000000e+00 0.000000e+00 1.000000e+00
    outer loop
      vertex   -4.700000e+00 7.930000e+01 3.600000e+01
      vertex   -1.800000e+01 7.710000e+01 3.600000e+01
      vertex   -4.700000e+00 7.490000e+01 3.600000e+01
    endloop
  endfacet
  facet normal 0.000000e+00 0.000000e+00 1.000000e+00
    outer loop
      vertex   -4.700000e+00 7.490000e+01 3.600000e+01
      vertex   -1.800000e+01 7.710000e+01 3.600000e+01
      vertex   -1.804676e+01 7.667006e+01 3.600000e+01
    endloop
  endfacet
  facet normal 0.000000e+00 0.000000e+00 1.000000e+00
    outer loop
      vertex   -4.700000e+00 7.490000e+01 3.600000e+01
      vertex   -1.804676e+01 7.667006e+01 3.600000e+01
      vertex   -1.818485e+01 7.626022e+01 3.600000e+01
    endloop
  endfacet
  facet normal 0.000000e+00 -0.000000e+00 1.000000e+00
    outer loop
      vertex   4.700000e+00 7.930000e+01 3.600000e+01
      vertex   1.010000e+01 9.110000e+01 3.600000e+01
      vertex   -4.700000e+00 7.930000e+01 3.600000e+01
    endloop
  endfacet
  facet normal 0.000000e+00 -0.000000e+00 1.000000e+00
    outer loop
      vertex   -4.700000e+00 7.930000e+01 3.600000e+01
      vertex   1.010000e+01 9.110000e+01 3.600000e+01
      vertex   -1.290000e+01 9.110000e+01 3.600000e+01
    endloop
  endfacet
  facet normal 0.000000e+00 0.000000e+00 1.000000e+00
    outer loop
      vertex   -4.700000e+00 7.930000e+01 3.600000e+01
      vertex   -1.290000e+01 9.110000e+01 3.600000e+01
      vertex   -1.818485e+01 7.793978e+01 3.600000e+01
    endloop
  endfacet
  facet normal 0.000000e+00 -0.000000e+00 1.000000e+00
    outer loop
      vertex   -1.818485e+01 7.793978e+01 3.600000e+01
      vertex   -1.290000e+01 9.110000e+01 3.600000e+01
      vertex   -1.840781e+01 7.831035e+01 3.600000e+01
    endloop
  endfacet
  facet normal 0.000000e+00 -0.000000e+00 1.000000e+00
    outer loop
      vertex   -1.840781e+01 7.831035e+01 3.600000e+01
      vertex   -1.290000e+01 9.110000e+01 3.600000e+01
      vertex   -1.870523e+01 7.862432e+01 3.600000e+01
    endloop
  endfacet
  facet normal 0.000000e+00 -0.000000e+00 1.000000e+00
    outer loop
      vertex   -1.870523e+01 7.862432e+01 3.600000e+01
      vertex   -1.290000e+01 9.110000e+01 3.600000e+01
      vertex   -1.906318e+01 7.886702e+01 3.600000e+01
    endloop
  endfacet
  facet normal 0.000000e+00 -0.000000e+00 1.000000e+00
    outer loop
      vertex   -1.906318e+01 7.886702e+01 3.600000e+01
      vertex   -1.290000e+01 9.110000e+01 3.600000e+01
      vertex   -1.946494e+01 7.902710e+01 3.600000e+01
    endloop
  endfacet
  facet normal 0.000000e+00 -0.000000e+00 1.000000e+00
    outer loop
      vertex   -1.946494e+01 7.902710e+01 3.600000e+01
      vertex   -1.290000e+01 9.110000e+01 3.600000e+01
      vertex   -1.989172e+01 7.909706e+01 3.600000e+01
    endloop
  endfacet
  facet normal 0.000000e+00 -0.000000e+00 1.000000e+00
    outer loop
      vertex   -1.989172e+01 7.909706e+01 3.600000e+01
      vertex   -1.290000e+01 9.110000e+01 3.600000e+01
      vertex   -2.032356e+01 7.907365e+01 3.600000e+01
    endloop
  endfacet
  facet normal 0.000000e+00 0.000000e+00 1.000000e+00
    outer loop
      vertex   -2.032356e+01 7.907365e+01 3.600000e+01
      vertex   -1.290000e+01 9.110000e+01 3.600000e+01
      vertex   -1.639183e+01 9.607231e+01 3.600000e+01
    endloop
  endfacet
  facet normal 0.000000e+00 0.000000e+00 1.000000e+00
    outer loop
      vertex   -2.032356e+01 7.907365e+01 3.600000e+01
      vertex   -1.639183e+01 9.607231e+01 3.600000e+01
      vertex   -1.657975e+01 9.619973e+01 3.600000e+01
    endloop
  endfacet
  facet normal 0.000000e+00 0.000000e+00 1.000000e+00
    outer loop
      vertex   -2.804676e+01 1.167006e+01 3.600000e+01
      vertex   -2.549121e+01 1.193782e+01 3.600000e+01
      vertex   -2.800000e+01 1.210000e+01 3.600000e+01
    endloop
  endfacet
  facet normal -0.000000e+00 0.000000e+00 1.000000e+00
    outer loop
      vertex   -2.800000e+01 1.210000e+01 3.600000e+01
      vertex   -2.549121e+01 1.193782e+01 3.600000e+01
      vertex   -2.549121e+01 1.226218e+01 3.600000e+01
    endloop
  endfacet
  facet normal 0.000000e+00 -0.000000e+00 1.000000e+00
    outer loop
      vertex   -2.800000e+01 1.210000e+01 3.600000e+01
      vertex   -2.549121e+01 1.226218e+01 3.600000e+01
      vertex   -2.804676e+01 1.252994e+01 3.600000e+01
    endloop
  endfacet
  facet normal -0.000000e+00 0.000000e+00 1.000000e+00
    outer loop
      vertex   -2.804676e+01 1.252994e+01 3.600000e+01
      vertex   -2.549121e+01 1.226218e+01 3.600000e+01
      vertex   -2.542148e+01 1.257895e+01 3.600000e+01
    endloop
  endfacet
  facet normal 0.000000e+00 -0.000000e+00 1.000000e+00
    outer loop
      vertex   -2.804676e+01 1.252994e+01 3.600000e+01
      vertex   -2.542148e+01 1.257895e+01 3.600000e+01
      vertex   -2.818485e+01 1.293978e+01 3.600000e+01
    endloop
  endfacet
  facet normal 0.000000e+00 0.000000e+00 1.000000e+00
    outer loop
      vertex   -2.818485e+01 1.293978e+01 3.600000e+01
      vertex   -2.542148e+01 1.257895e+01 3.600000e+01
      vertex   -2.528529e+01 1.287333e+01 3.600000e+01
    endloop
  endfacet
  facet normal -0.000000e+00 -0.000000e+00 1.000000e+00
    outer loop
      vertex   -2.818485e+01 1.293978e+01 3.600000e+01
      vertex   -2.528529e+01 1.287333e+01 3.600000e+01
      vertex   -2.840781e+01 1.331035e+01 3.600000e+01
    endloop
  endfacet
  facet normal 0.000000e+00 0.000000e+00 1.000000e+00
    outer loop
      vertex   -2.840781e+01 1.331035e+01 3.600000e+01
      vertex   -2.528529e+01 1.287333e+01 3.600000e+01
      vertex   -2.508899e+01 1.313155e+01 3.600000e+01
    endloop
  endfacet
  facet normal -0.000000e+00 -0.000000e+00 1.000000e+00
    outer loop
      vertex   -2.840781e+01 1.331035e+01 3.600000e+01
      vertex   -2.508899e+01 1.313155e+01 3.600000e+01
      vertex   -2.870523e+01 1.362432e+01 3.600000e+01
    endloop
  endfacet
  facet normal 0.000000e+00 0.000000e+00 1.000000e+00
    outer loop
      vertex   -2.870523e+01 1.362432e+01 3.600000e+01
      vertex   -2.508899e+01 1.313155e+01 3.600000e+01
      vertex   -2.484178e+01 1.334153e+01 3.600000e+01
    endloop
  endfacet
  facet normal 0.000000e+00 0.000000e+00 1.000000e+00
    outer loop
      vertex   -2.870523e+01 1.362432e+01 3.600000e+01
      vertex   -2.484178e+01 1.334153e+01 3.600000e+01
      vertex   -2.455521e+01 1.349346e+01 3.600000e+01
    endloop
  endfacet
  facet normal 0.000000e+00 0.000000e+00 1.000000e+00
    outer loop
      vertex   -2.549121e+01 1.193782e+01 3.600000e+01
      vertex   -2.804676e+01 1.167006e+01 3.600000e+01
      vertex   -2.542148e+01 1.162105e+01 3.600000e+01
    endloop
  endfacet
  facet normal 0.000000e+00 0.000000e+00 1.000000e+00
    outer loop
      vertex   -2.542148e+01 1.162105e+01 3.600000e+01
      vertex   -2.804676e+01 1.167006e+01 3.600000e+01
      vertex   -2.818485e+01 1.126022e+01 3.600000e+01
    endloop
  endfacet
  facet normal 0.000000e+00 0.000000e+00 1.000000e+00
    outer loop
      vertex   -2.542148e+01 1.162105e+01 3.600000e+01
      vertex   -2.818485e+01 1.126022e+01 3.600000e+01
      vertex   -2.528529e+01 1.132667e+01 3.600000e+01
    endloop
  endfacet
  facet normal 0.000000e+00 0.000000e+00 1.000000e+00
    outer loop
      vertex   -2.528529e+01 1.132667e+01 3.600000e+01
      vertex   -2.818485e+01 1.126022e+01 3.600000e+01
      vertex   -2.840781e+01 1.088965e+01 3.600000e+01
    endloop
  endfacet
  facet normal 0.000000e+00 0.000000e+00 1.000000e+00
    outer loop
      vertex   -2.528529e+01 1.132667e+01 3.600000e+01
      vertex   -2.840781e+01 1.088965e+01 3.600000e+01
      vertex   -2.508899e+01 1.106845e+01 3.600000e+01
    endloop
  endfacet
  facet normal 0.000000e+00 0.000000e+00 1.000000e+00
    outer loop
      vertex   -2.508899e+01 1.106845e+01 3.600000e+01
      vertex   -2.840781e+01 1.088965e+01 3.600000e+01
      vertex   -2.870523e+01 1.057567e+01 3.600000e+01
    endloop
  endfacet
  facet normal 0.000000e+00 0.000000e+00 1.000000e+00
    outer loop
      vertex   -2.508899e+01 1.106845e+01 3.600000e+01
      vertex   -2.870523e+01 1.057567e+01 3.600000e+01
      vertex   -2.484178e+01 1.085846e+01 3.600000e+01
    endloop
  endfacet
  facet normal 0.000000e+00 0.000000e+00 1.000000e+00
    outer loop
      vertex   -2.484178e+01 1.085846e+01 3.600000e+01
      vertex   -2.870523e+01 1.057567e+01 3.600000e+01
      vertex   -2.455521e+01 1.070653e+01 3.600000e+01
    endloop
  endfacet
  facet normal 0.000000e+00 0.000000e+00 1.000000e+00
    outer loop
      vertex   -2.455521e+01 1.070653e+01 3.600000e+01
      vertex   -2.870523e+01 1.057567e+01 3.600000e+01
      vertex   -2.906318e+01 1.033297e+01 3.600000e+01
    endloop
  endfacet
  facet normal 0.000000e+00 0.000000e+00 1.000000e+00
    outer loop
      vertex   -2.455521e+01 1.070653e+01 3.600000e+01
      vertex   -2.906318e+01 1.033297e+01 3.600000e+01
      vertex   -2.424267e+01 1.061976e+01 3.600000e+01
    endloop
  endfacet
  facet normal 0.000000e+00 0.000000e+00 1.000000e+00
    outer loop
      vertex   -2.424267e+01 1.061976e+01 3.600000e+01
      vertex   -2.906318e+01 1.033297e+01 3.600000e+01
      vertex   -2.946494e+01 1.017290e+01 3.600000e+01
    endloop
  endfacet
  facet normal 0.000000e+00 0.000000e+00 1.000000e+00
    outer loop
      vertex   -2.424267e+01 1.061976e+01 3.600000e+01
      vertex   -2.946494e+01 1.017290e+01 3.600000e+01
      vertex   -2.048236e+01 -1.255162e+01 3.600000e+01
    endloop
  endfacet
  facet normal 0.000000e+00 0.000000e+00 1.000000e+00
    outer loop
      vertex   -2.048236e+01 -1.255162e+01 3.600000e+01
      vertex   -2.946494e+01 1.017290e+01 3.600000e+01
      vertex   -2.077078e+01 -1.279661e+01 3.600000e+01
    endloop
  endfacet
  facet normal 0.000000e+00 0.000000e+00 1.000000e+00
    outer loop
      vertex   -2.077078e+01 -1.279661e+01 3.600000e+01
      vertex   -2.946494e+01 1.017290e+01 3.600000e+01
      vertex   -2.989172e+01 1.010293e+01 3.600000e+01
    endloop
  endfacet
  facet normal 0.000000e+00 0.000000e+00 1.000000e+00
    outer loop
      vertex   -2.077078e+01 -1.279661e+01 3.600000e+01
      vertex   -2.989172e+01 1.010293e+01 3.600000e+01
      vertex   -3.810716e+01 4.940903e+00 3.600000e+01
    endloop
  endfacet
  facet normal 0.000000e+00 0.000000e+00 1.000000e+00
    outer loop
      vertex   -3.810716e+01 4.940903e+00 3.600000e+01
      vertex   -2.989172e+01 1.010293e+01 3.600000e+01
      vertex   -3.791207e+01 5.265152e+00 3.600000e+01
    endloop
  endfacet
  facet normal 0.000000e+00 0.000000e+00 1.000000e+00
    outer loop
      vertex   -3.791207e+01 5.265152e+00 3.600000e+01
      vertex   -2.989172e+01 1.010293e+01 3.600000e+01
      vertex   -3.032356e+01 1.012634e+01 3.600000e+01
    endloop
  endfacet
  facet normal 0.000000e+00 0.000000e+00 1.000000e+00
    outer loop
      vertex   -3.791207e+01 5.265152e+00 3.600000e+01
      vertex   -3.032356e+01 1.012634e+01 3.600000e+01
      vertex   -3.779124e+01 5.623761e+00 3.600000e+01
    endloop
  endfacet
  facet normal 0.000000e+00 0.000000e+00 1.000000e+00
    outer loop
      vertex   -3.779124e+01 5.623761e+00 3.600000e+01
      vertex   -3.032356e+01 1.012634e+01 3.600000e+01
      vertex   -3.074028e+01 1.024204e+01 3.600000e+01
    endloop
  endfacet
  facet normal 0.000000e+00 0.000000e+00 1.000000e+00
    outer loop
      vertex   -3.779124e+01 5.623761e+00 3.600000e+01
      vertex   -3.074028e+01 1.024204e+01 3.600000e+01
      vertex   -3.775032e+01 5.999959e+00 3.600000e+01
    endloop
  endfacet
  facet normal 0.000000e+00 0.000000e+00 1.000000e+00
    outer loop
      vertex   -3.775032e+01 5.999959e+00 3.600000e+01
      vertex   -3.074028e+01 1.024204e+01 3.600000e+01
      vertex   -3.112237e+01 1.044462e+01 3.600000e+01
    endloop
  endfacet
  facet normal 0.000000e+00 -0.000000e+00 1.000000e+00
    outer loop
      vertex   -3.775032e+01 5.999959e+00 3.600000e+01
      vertex   -3.112237e+01 1.044462e+01 3.600000e+01
      vertex   -3.779124e+01 6.376158e+00 3.600000e+01
    endloop
  endfacet
  facet normal 0.000000e+00 0.000000e+00 1.000000e+00
    outer loop
      vertex   -3.779124e+01 6.376158e+00 3.600000e+01
      vertex   -3.112237e+01 1.044462e+01 3.600000e+01
      vertex   -3.145199e+01 1.072460e+01 3.600000e+01
    endloop
  endfacet
  facet normal 0.000000e+00 -0.000000e+00 1.000000e+00
    outer loop
      vertex   -3.779124e+01 6.376158e+00 3.600000e+01
      vertex   -3.145199e+01 1.072460e+01 3.600000e+01
      vertex   -3.791207e+01 6.734766e+00 3.600000e+01
    endloop
  endfacet
  facet normal 0.000000e+00 0.000000e+00 1.000000e+00
    outer loop
      vertex   -3.791207e+01 6.734766e+00 3.600000e+01
      vertex   -3.145199e+01 1.072460e+01 3.600000e+01
      vertex   -3.171371e+01 1.106889e+01 3.600000e+01
    endloop
  endfacet
  facet normal 0.000000e+00 -0.000000e+00 1.000000e+00
    outer loop
      vertex   -3.791207e+01 6.734766e+00 3.600000e+01
      vertex   -3.171371e+01 1.106889e+01 3.600000e+01
      vertex   -3.810716e+01 7.059016e+00 3.600000e+01
    endloop
  endfacet
  facet normal 0.000000e+00 0.000000e+00 1.000000e+00
    outer loop
      vertex   -3.810716e+01 7.059016e+00 3.600000e+01
      vertex   -3.171371e+01 1.106889e+01 3.600000e+01
      vertex   -3.189531e+01 1.146139e+01 3.600000e+01
    endloop
  endfacet
  facet normal 0.000000e+00 -0.000000e+00 1.000000e+00
    outer loop
      vertex   -3.810716e+01 7.059016e+00 3.600000e+01
      vertex   -3.189531e+01 1.146139e+01 3.600000e+01
      vertex   -3.836740e+01 7.333745e+00 3.600000e+01
    endloop
  endfacet
  facet normal 0.000000e+00 0.000000e+00 1.000000e+00
    outer loop
      vertex   -3.836740e+01 7.333745e+00 3.600000e+01
      vertex   -3.189531e+01 1.146139e+01 3.600000e+01
      vertex   -3.198828e+01 1.188376e+01 3.600000e+01
    endloop
  endfacet
  facet normal 0.000000e+00 0.000000e+00 1.000000e+00
    outer loop
      vertex   -3.836740e+01 7.333745e+00 3.600000e+01
      vertex   -3.198828e+01 1.188376e+01 3.600000e+01
      vertex   -3.804191e+01 1.525281e+01 3.600000e+01
    endloop
  endfacet
  facet normal 0.000000e+00 0.000000e+00 1.000000e+00
    outer loop
      vertex   -3.804191e+01 1.525281e+01 3.600000e+01
      vertex   -3.198828e+01 1.188376e+01 3.600000e+01
      vertex   -3.198828e+01 1.231624e+01 3.600000e+01
    endloop
  endfacet
  facet normal -0.000000e+00 0.000000e+00 1.000000e+00
    outer loop
      vertex   -3.804191e+01 1.525281e+01 3.600000e+01
      vertex   -3.198828e+01 1.231624e+01 3.600000e+01
      vertex   -3.592830e+01 1.684249e+01 3.600000e+01
    endloop
  endfacet
  facet normal 0.000000e+00 0.000000e+00 1.000000e+00
    outer loop
      vertex   -3.592830e+01 1.684249e+01 3.600000e+01
      vertex   -3.198828e+01 1.231624e+01 3.600000e+01
      vertex   -3.189531e+01 1.273860e+01 3.600000e+01
    endloop
  endfacet
  facet normal 0.000000e+00 0.000000e+00 1.000000e+00
    outer loop
      vertex   -3.592830e+01 1.684249e+01 3.600000e+01
      vertex   -3.189531e+01 1.273860e+01 3.600000e+01
      vertex   -3.171371e+01 1.313111e+01 3.600000e+01
    endloop
  endfacet
  facet normal 0.000000e+00 -0.000000e+00 1.000000e+00
    outer loop
      vertex   -3.171371e+01 1.313111e+01 3.600000e+01
      vertex   -3.145199e+01 1.347540e+01 3.600000e+01
      vertex   -3.592830e+01 1.684249e+01 3.600000e+01
    endloop
  endfacet
  facet normal -0.000000e+00 0.000000e+00 1.000000e+00
    outer loop
      vertex   -3.592830e+01 1.684249e+01 3.600000e+01
      vertex   -3.145199e+01 1.347540e+01 3.600000e+01
      vertex   -3.396291e+01 1.861213e+01 3.600000e+01
    endloop
  endfacet
  facet normal 0.000000e+00 0.000000e+00 1.000000e+00
    outer loop
      vertex   -3.396291e+01 1.861213e+01 3.600000e+01
      vertex   -3.145199e+01 1.347540e+01 3.600000e+01
      vertex   -3.112237e+01 1.375538e+01 3.600000e+01
    endloop
  endfacet
  facet normal 0.000000e+00 0.000000e+00 1.000000e+00
    outer loop
      vertex   -3.396291e+01 1.861213e+01 3.600000e+01
      vertex   -3.112237e+01 1.375538e+01 3.600000e+01
      vertex   -3.074028e+01 1.395795e+01 3.600000e+01
    endloop
  endfacet
  facet normal 0.000000e+00 -0.000000e+00 1.000000e+00
    outer loop
      vertex   -3.074028e+01 1.395795e+01 3.600000e+01
      vertex   -3.032356e+01 1.407365e+01 3.600000e+01
      vertex   -3.396291e+01 1.861213e+01 3.600000e+01
    endloop
  endfacet
  facet normal -0.000000e+00 0.000000e+00 1.000000e+00
    outer loop
      vertex   -3.396291e+01 1.861213e+01 3.600000e+01
      vertex   -3.032356e+01 1.407365e+01 3.600000e+01
      vertex   -3.216101e+01 2.054800e+01 3.600000e+01
    endloop
  endfacet
  facet normal 0.000000e+00 0.000000e+00 1.000000e+00
    outer loop
      vertex   -3.216101e+01 2.054800e+01 3.600000e+01
      vertex   -3.032356e+01 1.407365e+01 3.600000e+01
      vertex   -2.989172e+01 1.409706e+01 3.600000e+01
    endloop
  endfacet
  facet normal 0.000000e+00 0.000000e+00 1.000000e+00
    outer loop
      vertex   -3.216101e+01 2.054800e+01 3.600000e+01
      vertex   -2.989172e+01 1.409706e+01 3.600000e+01
      vertex   -2.946494e+01 1.402710e+01 3.600000e+01
    endloop
  endfacet
  facet normal -0.000000e+00 0.000000e+00 1.000000e+00
    outer loop
      vertex   -3.216101e+01 2.054800e+01 3.600000e+01
      vertex   -2.946494e+01 1.402710e+01 3.600000e+01
      vertex   -3.053660e+01 2.263503e+01 3.600000e+01
    endloop
  endfacet
  facet normal 0.000000e+00 0.000000e+00 1.000000e+00
    outer loop
      vertex   -3.053660e+01 2.263503e+01 3.600000e+01
      vertex   -2.946494e+01 1.402710e+01 3.600000e+01
      vertex   -2.906318e+01 1.386702e+01 3.600000e+01
    endloop
  endfacet
  facet normal 0.000000e+00 0.000000e+00 1.000000e+00
    outer loop
      vertex   -3.053660e+01 2.263503e+01 3.600000e+01
      vertex   -2.906318e+01 1.386702e+01 3.600000e+01
      vertex   -2.455521e+01 1.349346e+01 3.600000e+01
    endloop
  endfacet
  facet normal 0.000000e+00 0.000000e+00 1.000000e+00
    outer loop
      vertex   -2.455521e+01 1.349346e+01 3.600000e+01
      vertex   -2.906318e+01 1.386702e+01 3.600000e+01
      vertex   -2.870523e+01 1.362432e+01 3.600000e+01
    endloop
  endfacet
  facet normal -0.000000e+00 0.000000e+00 1.000000e+00
    outer loop
      vertex   2.195324e+01 7.667006e+01 3.600000e+01
      vertex   2.500000e+01 4.000000e+01 3.600000e+01
      vertex   2.200000e+01 7.710000e+01 3.600000e+01
    endloop
  endfacet
  facet normal -0.000000e+00 0.000000e+00 1.000000e+00
    outer loop
      vertex   2.200000e+01 7.710000e+01 3.600000e+01
      vertex   2.500000e+01 4.000000e+01 3.600000e+01
      vertex   2.500000e+01 1.125000e+02 3.600000e+01
    endloop
  endfacet
  facet normal 0.000000e+00 -0.000000e+00 1.000000e+00
    outer loop
      vertex   2.200000e+01 7.710000e+01 3.600000e+01
      vertex   2.500000e+01 1.125000e+02 3.600000e+01
      vertex   2.195324e+01 7.752994e+01 3.600000e+01
    endloop
  endfacet
  facet normal 0.000000e+00 -0.000000e+00 1.000000e+00
    outer loop
      vertex   2.195324e+01 7.752994e+01 3.600000e+01
      vertex   2.500000e+01 1.125000e+02 3.600000e+01
      vertex   2.181515e+01 7.793978e+01 3.600000e+01
    endloop
  endfacet
  facet normal 0.000000e+00 -0.000000e+00 1.000000e+00
    outer loop
      vertex   2.181515e+01 7.793978e+01 3.600000e+01
      vertex   2.500000e+01 1.125000e+02 3.600000e+01
      vertex   2.159219e+01 7.831035e+01 3.600000e+01
    endloop
  endfacet
  facet normal 0.000000e+00 -0.000000e+00 1.000000e+00
    outer loop
      vertex   2.159219e+01 7.831035e+01 3.600000e+01
      vertex   2.500000e+01 1.125000e+02 3.600000e+01
      vertex   2.129477e+01 7.862432e+01 3.600000e+01
    endloop
  endfacet
  facet normal 0.000000e+00 -0.000000e+00 1.000000e+00
    outer loop
      vertex   2.129477e+01 7.862432e+01 3.600000e+01
      vertex   2.500000e+01 1.125000e+02 3.600000e+01
      vertex   1.414385e+01 9.688647e+01 3.600000e+01
    endloop
  endfacet
  facet normal 0.000000e+00 0.000000e+00 1.000000e+00
    outer loop
      vertex   2.129477e+01 7.862432e+01 3.600000e+01
      vertex   1.414385e+01 9.688647e+01 3.600000e+01
      vertex   2.093682e+01 7.886702e+01 3.600000e+01
    endloop
  endfacet
  facet normal 0.000000e+00 0.000000e+00 1.000000e+00
    outer loop
      vertex   2.093682e+01 7.886702e+01 3.600000e+01
      vertex   1.414385e+01 9.688647e+01 3.600000e+01
      vertex   1.409504e+01 9.666473e+01 3.600000e+01
    endloop
  endfacet
  facet normal 0.000000e+00 0.000000e+00 1.000000e+00
    outer loop
      vertex   2.093682e+01 7.886702e+01 3.600000e+01
      vertex   1.409504e+01 9.666473e+01 3.600000e+01
      vertex   2.053506e+01 7.902710e+01 3.600000e+01
    endloop
  endfacet
  facet normal 0.000000e+00 0.000000e+00 1.000000e+00
    outer loop
      vertex   2.053506e+01 7.902710e+01 3.600000e+01
      vertex   1.409504e+01 9.666473e+01 3.600000e+01
      vertex   1.399970e+01 9.645867e+01 3.600000e+01
    endloop
  endfacet
  facet normal 0.000000e+00 0.000000e+00 1.000000e+00
    outer loop
      vertex   2.053506e+01 7.902710e+01 3.600000e+01
      vertex   1.399970e+01 9.645867e+01 3.600000e+01
      vertex   2.010828e+01 7.909706e+01 3.600000e+01
    endloop
  endfacet
  facet normal 0.000000e+00 0.000000e+00 1.000000e+00
    outer loop
      vertex   2.010828e+01 7.909706e+01 3.600000e+01
      vertex   1.399970e+01 9.645867e+01 3.600000e+01
      vertex   1.386230e+01 9.627791e+01 3.600000e+01
    endloop
  endfacet
  facet normal 0.000000e+00 0.000000e+00 1.000000e+00
    outer loop
      vertex   2.010828e+01 7.909706e+01 3.600000e+01
      vertex   1.386230e+01 9.627791e+01 3.600000e+01
      vertex   1.967644e+01 7.907365e+01 3.600000e+01
    endloop
  endfacet
  facet normal 0.000000e+00 0.000000e+00 1.000000e+00
    outer loop
      vertex   1.967644e+01 7.907365e+01 3.600000e+01
      vertex   1.386230e+01 9.627791e+01 3.600000e+01
      vertex   1.368925e+01 9.613092e+01 3.600000e+01
    endloop
  endfacet
  facet normal 0.000000e+00 0.000000e+00 1.000000e+00
    outer loop
      vertex   1.967644e+01 7.907365e+01 3.600000e+01
      vertex   1.368925e+01 9.613092e+01 3.600000e+01
      vertex   1.010000e+01 9.110000e+01 3.600000e+01
    endloop
  endfacet
  facet normal 0.000000e+00 0.000000e+00 1.000000e+00
    outer loop
      vertex   1.010000e+01 9.110000e+01 3.600000e+01
      vertex   1.368925e+01 9.613092e+01 3.600000e+01
      vertex   1.348865e+01 9.602457e+01 3.600000e+01
    endloop
  endfacet
  facet normal 0.000000e+00 0.000000e+00 1.000000e+00
    outer loop
      vertex   1.010000e+01 9.110000e+01 3.600000e+01
      vertex   1.348865e+01 9.602457e+01 3.600000e+01
      vertex   1.326987e+01 9.596383e+01 3.600000e+01
    endloop
  endfacet
  facet normal 0.000000e+00 0.000000e+00 1.000000e+00
    outer loop
      vertex   2.195324e+01 7.667006e+01 3.600000e+01
      vertex   2.181515e+01 7.626022e+01 3.600000e+01
      vertex   2.500000e+01 4.000000e+01 3.600000e+01
    endloop
  endfacet
  facet normal 0.000000e+00 0.000000e+00 1.000000e+00
    outer loop
      vertex   2.500000e+01 4.000000e+01 3.600000e+01
      vertex   2.181515e+01 7.626022e+01 3.600000e+01
      vertex   2.159219e+01 7.588965e+01 3.600000e+01
    endloop
  endfacet
  facet normal 0.000000e+00 0.000000e+00 1.000000e+00
    outer loop
      vertex   2.500000e+01 4.000000e+01 3.600000e+01
      vertex   2.159219e+01 7.588965e+01 3.600000e+01
      vertex   2.129477e+01 7.557567e+01 3.600000e+01
    endloop
  endfacet
  facet normal 0.000000e+00 0.000000e+00 1.000000e+00
    outer loop
      vertex   2.129477e+01 7.557567e+01 3.600000e+01
      vertex   2.093682e+01 7.533297e+01 3.600000e+01
      vertex   2.500000e+01 4.000000e+01 3.600000e+01
    endloop
  endfacet
  facet normal 0.000000e+00 0.000000e+00 1.000000e+00
    outer loop
      vertex   2.500000e+01 4.000000e+01 3.600000e+01
      vertex   2.093682e+01 7.533297e+01 3.600000e+01
      vertex   2.053506e+01 7.517290e+01 3.600000e+01
    endloop
  endfacet
  facet normal 0.000000e+00 0.000000e+00 1.000000e+00
    outer loop
      vertex   2.500000e+01 4.000000e+01 3.600000e+01
      vertex   2.053506e+01 7.517290e+01 3.600000e+01
      vertex   2.010828e+01 7.510293e+01 3.600000e+01
    endloop
  endfacet
  facet normal 0.000000e+00 0.000000e+00 1.000000e+00
    outer loop
      vertex   2.010828e+01 7.510293e+01 3.600000e+01
      vertex   1.967644e+01 7.512634e+01 3.600000e+01
      vertex   2.500000e+01 4.000000e+01 3.600000e+01
    endloop
  endfacet
  facet normal 0.000000e+00 0.000000e+00 1.000000e+00
    outer loop
      vertex   2.500000e+01 4.000000e+01 3.600000e+01
      vertex   1.967644e+01 7.512634e+01 3.600000e+01
      vertex   1.925972e+01 7.524204e+01 3.600000e+01
    endloop
  endfacet
  facet normal 0.000000e+00 0.000000e+00 1.000000e+00
    outer loop
      vertex   1.887763e+01 7.544462e+01 3.600000e+01
      vertex   1.854801e+01 7.572460e+01 3.600000e+01
      vertex   4.700000e+00 7.490000e+01 3.600000e+01
    endloop
  endfacet
  facet normal 0.000000e+00 0.000000e+00 1.000000e+00
    outer loop
      vertex   4.700000e+00 7.490000e+01 3.600000e+01
      vertex   1.854801e+01 7.572460e+01 3.600000e+01
      vertex   1.828629e+01 7.606889e+01 3.600000e+01
    endloop
  endfacet
  facet normal 0.000000e+00 0.000000e+00 1.000000e+00
    outer loop
      vertex   4.700000e+00 7.490000e+01 3.600000e+01
      vertex   1.828629e+01 7.606889e+01 3.600000e+01
      vertex   1.810469e+01 7.646139e+01 3.600000e+01
    endloop
  endfacet
  facet normal 0.000000e+00 0.000000e+00 1.000000e+00
    outer loop
      vertex   1.810469e+01 7.646139e+01 3.600000e+01
      vertex   1.801172e+01 7.688376e+01 3.600000e+01
      vertex   4.700000e+00 7.490000e+01 3.600000e+01
    endloop
  endfacet
  facet normal 0.000000e+00 0.000000e+00 1.000000e+00
    outer loop
      vertex   4.700000e+00 7.490000e+01 3.600000e+01
      vertex   1.801172e+01 7.688376e+01 3.600000e+01
      vertex   1.801172e+01 7.731624e+01 3.600000e+01
    endloop
  endfacet
  facet normal -0.000000e+00 0.000000e+00 1.000000e+00
    outer loop
      vertex   4.700000e+00 7.930000e+01 3.600000e+01
      vertex   1.828629e+01 7.813111e+01 3.600000e+01
      vertex   1.010000e+01 9.110000e+01 3.600000e+01
    endloop
  endfacet
  facet normal 0.000000e+00 0.000000e+00 1.000000e+00
    outer loop
      vertex   1.010000e+01 9.110000e+01 3.600000e+01
      vertex   1.828629e+01 7.813111e+01 3.600000e+01
      vertex   1.854801e+01 7.847540e+01 3.600000e+01
    endloop
  endfacet
  facet normal 0.000000e+00 0.000000e+00 1.000000e+00
    outer loop
      vertex   1.010000e+01 9.110000e+01 3.600000e+01
      vertex   1.854801e+01 7.847540e+01 3.600000e+01
      vertex   1.887763e+01 7.875538e+01 3.600000e+01
    endloop
  endfacet
  facet normal 0.000000e+00 -0.000000e+00 1.000000e+00
    outer loop
      vertex   1.887763e+01 7.875538e+01 3.600000e+01
      vertex   1.925972e+01 7.895795e+01 3.600000e+01
      vertex   1.010000e+01 9.110000e+01 3.600000e+01
    endloop
  endfacet
  facet normal 0.000000e+00 0.000000e+00 1.000000e+00
    outer loop
      vertex   1.010000e+01 9.110000e+01 3.600000e+01
      vertex   1.925972e+01 7.895795e+01 3.600000e+01
      vertex   1.967644e+01 7.907365e+01 3.600000e+01
    endloop
  endfacet
  facet normal -0.000000e+00 0.000000e+00 1.000000e+00
    outer loop
      vertex   3.195324e+01 1.252994e+01 3.600000e+01
      vertex   3.200000e+01 1.210000e+01 3.600000e+01
      vertex   3.804191e+01 1.525281e+01 3.600000e+01
    endloop
  endfacet
  facet normal 0.000000e+00 0.000000e+00 1.000000e+00
    outer loop
      vertex   3.804191e+01 1.525281e+01 3.600000e+01
      vertex   3.200000e+01 1.210000e+01 3.600000e+01
      vertex   3.195324e+01 1.167006e+01 3.600000e+01
    endloop
  endfacet
  facet normal 0.000000e+00 0.000000e+00 1.000000e+00
    outer loop
      vertex   3.804191e+01 1.525281e+01 3.600000e+01
      vertex   3.195324e+01 1.167006e+01 3.600000e+01
      vertex   3.922934e+01 7.203435e+00 3.600000e+01
    endloop
  endfacet
  facet normal 0.000000e+00 0.000000e+00 1.000000e+00
    outer loop
      vertex   3.922934e+01 7.203435e+00 3.600000e+01
      vertex   3.195324e+01 1.167006e+01 3.600000e+01
      vertex   3.900033e+01 6.902180e+00 3.600000e+01
    endloop
  endfacet
  facet normal 0.000000e+00 0.000000e+00 1.000000e+00
    outer loop
      vertex   3.900033e+01 6.902180e+00 3.600000e+01
      vertex   3.195324e+01 1.167006e+01 3.600000e+01
      vertex   3.181515e+01 1.126022e+01 3.600000e+01
    endloop
  endfacet
  facet normal 0.000000e+00 0.000000e+00 1.000000e+00
    outer loop
      vertex   3.900033e+01 6.902180e+00 3.600000e+01
      vertex   3.181515e+01 1.126022e+01 3.600000e+01
      vertex   3.884144e+01 6.558738e+00 3.600000e+01
    endloop
  endfacet
  facet normal 0.000000e+00 0.000000e+00 1.000000e+00
    outer loop
      vertex   3.884144e+01 6.558738e+00 3.600000e+01
      vertex   3.181515e+01 1.126022e+01 3.600000e+01
      vertex   3.159219e+01 1.088965e+01 3.600000e+01
    endloop
  endfacet
  facet normal 0.000000e+00 0.000000e+00 1.000000e+00
    outer loop
      vertex   3.884144e+01 6.558738e+00 3.600000e+01
      vertex   3.159219e+01 1.088965e+01 3.600000e+01
      vertex   3.876009e+01 6.189168e+00 3.600000e+01
    endloop
  endfacet
  facet normal 0.000000e+00 0.000000e+00 1.000000e+00
    outer loop
      vertex   3.876009e+01 6.189168e+00 3.600000e+01
      vertex   3.159219e+01 1.088965e+01 3.600000e+01
      vertex   3.129477e+01 1.057567e+01 3.600000e+01
    endloop
  endfacet
  facet normal 0.000000e+00 0.000000e+00 1.000000e+00
    outer loop
      vertex   3.876009e+01 6.189168e+00 3.600000e+01
      vertex   3.129477e+01 1.057567e+01 3.600000e+01
      vertex   3.876009e+01 5.810751e+00 3.600000e+01
    endloop
  endfacet
  facet normal 0.000000e+00 0.000000e+00 1.000000e+00
    outer loop
      vertex   3.876009e+01 5.810751e+00 3.600000e+01
      vertex   3.129477e+01 1.057567e+01 3.600000e+01
      vertex   3.093682e+01 1.033297e+01 3.600000e+01
    endloop
  endfacet
  facet normal 0.000000e+00 0.000000e+00 1.000000e+00
    outer loop
      vertex   3.876009e+01 5.810751e+00 3.600000e+01
      vertex   3.093682e+01 1.033297e+01 3.600000e+01
      vertex   3.884144e+01 5.441181e+00 3.600000e+01
    endloop
  endfacet
  facet normal 0.000000e+00 0.000000e+00 1.000000e+00
    outer loop
      vertex   3.884144e+01 5.441181e+00 3.600000e+01
      vertex   3.093682e+01 1.033297e+01 3.600000e+01
      vertex   3.053506e+01 1.017290e+01 3.600000e+01
    endloop
  endfacet
  facet normal 0.000000e+00 0.000000e+00 1.000000e+00
    outer loop
      vertex   3.884144e+01 5.441181e+00 3.600000e+01
      vertex   3.053506e+01 1.017290e+01 3.600000e+01
      vertex   3.900033e+01 5.097739e+00 3.600000e+01
    endloop
  endfacet
  facet normal 0.000000e+00 0.000000e+00 1.000000e+00
    outer loop
      vertex   3.900033e+01 5.097739e+00 3.600000e+01
      vertex   3.053506e+01 1.017290e+01 3.600000e+01
      vertex   3.010828e+01 1.010293e+01 3.600000e+01
    endloop
  endfacet
  facet normal 0.000000e+00 0.000000e+00 1.000000e+00
    outer loop
      vertex   3.900033e+01 5.097739e+00 3.600000e+01
      vertex   3.010828e+01 1.010293e+01 3.600000e+01
      vertex   2.967644e+01 1.012634e+01 3.600000e+01
    endloop
  endfacet
  facet normal 0.000000e+00 0.000000e+00 1.000000e+00
    outer loop
      vertex   2.925972e+01 1.024204e+01 3.600000e+01
      vertex   2.408121e+01 1.060220e+01 3.600000e+01
      vertex   2.967644e+01 1.012634e+01 3.600000e+01
    endloop
  endfacet
  facet normal 0.000000e+00 0.000000e+00 1.000000e+00
    outer loop
      vertex   2.967644e+01 1.012634e+01 3.600000e+01
      vertex   2.408121e+01 1.060220e+01 3.600000e+01
      vertex   3.922934e+01 4.796484e+00 3.600000e+01
    endloop
  endfacet
  facet normal 0.000000e+00 0.000000e+00 1.000000e+00
    outer loop
      vertex   2.967644e+01 1.012634e+01 3.600000e+01
      vertex   3.922934e+01 4.796484e+00 3.600000e+01
      vertex   3.900033e+01 5.097739e+00 3.600000e+01
    endloop
  endfacet
  facet normal -0.000000e+00 0.000000e+00 1.000000e+00
    outer loop
      vertex   2.408121e+01 1.060220e+01 3.600000e+01
      vertex   2.925972e+01 1.024204e+01 3.600000e+01
      vertex   2.440129e+01 1.065467e+01 3.600000e+01
    endloop
  endfacet
  facet normal 0.000000e+00 0.000000e+00 1.000000e+00
    outer loop
      vertex   2.440129e+01 1.065467e+01 3.600000e+01
      vertex   2.925972e+01 1.024204e+01 3.600000e+01
      vertex   2.887763e+01 1.044462e+01 3.600000e+01
    endloop
  endfacet
  facet normal -0.000000e+00 0.000000e+00 1.000000e+00
    outer loop
      vertex   2.440129e+01 1.065467e+01 3.600000e+01
      vertex   2.887763e+01 1.044462e+01 3.600000e+01
      vertex   2.470261e+01 1.077473e+01 3.600000e+01
    endloop
  endfacet
  facet normal 0.000000e+00 0.000000e+00 1.000000e+00
    outer loop
      vertex   2.470261e+01 1.077473e+01 3.600000e+01
      vertex   2.887763e+01 1.044462e+01 3.600000e+01
      vertex   2.854801e+01 1.072460e+01 3.600000e+01
    endloop
  endfacet
  facet normal -0.000000e+00 0.000000e+00 1.000000e+00
    outer loop
      vertex   2.470261e+01 1.077473e+01 3.600000e+01
      vertex   2.854801e+01 1.072460e+01 3.600000e+01
      vertex   2.497108e+01 1.095675e+01 3.600000e+01
    endloop
  endfacet
  facet normal -0.000000e+00 0.000000e+00 1.000000e+00
    outer loop
      vertex   2.497108e+01 1.095675e+01 3.600000e+01
      vertex   2.854801e+01 1.072460e+01 3.600000e+01
      vertex   2.519414e+01 1.119224e+01 3.600000e+01
    endloop
  endfacet
  facet normal 0.000000e+00 0.000000e+00 1.000000e+00
    outer loop
      vertex   2.519414e+01 1.119224e+01 3.600000e+01
      vertex   2.854801e+01 1.072460e+01 3.600000e+01
      vertex   2.828629e+01 1.106889e+01 3.600000e+01
    endloop
  endfacet
  facet normal -0.000000e+00 0.000000e+00 1.000000e+00
    outer loop
      vertex   2.519414e+01 1.119224e+01 3.600000e+01
      vertex   2.828629e+01 1.106889e+01 3.600000e+01
      vertex   2.536136e+01 1.147016e+01 3.600000e+01
    endloop
  endfacet
  facet normal 0.000000e+00 0.000000e+00 1.000000e+00
    outer loop
      vertex   2.536136e+01 1.147016e+01 3.600000e+01
      vertex   2.828629e+01 1.106889e+01 3.600000e+01
      vertex   2.810469e+01 1.146139e+01 3.600000e+01
    endloop
  endfacet
  facet normal -0.000000e+00 0.000000e+00 1.000000e+00
    outer loop
      vertex   2.536136e+01 1.147016e+01 3.600000e+01
      vertex   2.810469e+01 1.146139e+01 3.600000e+01
      vertex   2.546493e+01 1.177754e+01 3.600000e+01
    endloop
  endfacet
  facet normal -0.000000e+00 0.000000e+00 1.000000e+00
    outer loop
      vertex   2.546493e+01 1.177754e+01 3.600000e+01
      vertex   2.810469e+01 1.146139e+01 3.600000e+01
      vertex   2.801172e+01 1.188376e+01 3.600000e+01
    endloop
  endfacet
  facet normal 0.000000e+00 0.000000e+00 1.000000e+00
    outer loop
      vertex   2.546493e+01 1.177754e+01 3.600000e+01
      vertex   2.801172e+01 1.188376e+01 3.600000e+01
      vertex   2.550000e+01 1.210000e+01 3.600000e+01
    endloop
  endfacet
  facet normal -0.000000e+00 0.000000e+00 1.000000e+00
    outer loop
      vertex   2.550000e+01 1.210000e+01 3.600000e+01
      vertex   2.801172e+01 1.188376e+01 3.600000e+01
      vertex   2.801172e+01 1.231624e+01 3.600000e+01
    endloop
  endfacet
  facet normal 0.000000e+00 -0.000000e+00 1.000000e+00
    outer loop
      vertex   2.550000e+01 1.210000e+01 3.600000e+01
      vertex   2.801172e+01 1.231624e+01 3.600000e+01
      vertex   2.546493e+01 1.242245e+01 3.600000e+01
    endloop
  endfacet
  facet normal -0.000000e+00 0.000000e+00 1.000000e+00
    outer loop
      vertex   2.546493e+01 1.242245e+01 3.600000e+01
      vertex   2.801172e+01 1.231624e+01 3.600000e+01
      vertex   2.810469e+01 1.273860e+01 3.600000e+01
    endloop
  endfacet
  facet normal 0.000000e+00 -0.000000e+00 1.000000e+00
    outer loop
      vertex   2.546493e+01 1.242245e+01 3.600000e+01
      vertex   2.810469e+01 1.273860e+01 3.600000e+01
      vertex   2.536136e+01 1.272983e+01 3.600000e+01
    endloop
  endfacet
  facet normal 0.000000e+00 0.000000e+00 1.000000e+00
    outer loop
      vertex   2.536136e+01 1.272983e+01 3.600000e+01
      vertex   2.810469e+01 1.273860e+01 3.600000e+01
      vertex   2.828629e+01 1.313111e+01 3.600000e+01
    endloop
  endfacet
  facet normal 0.000000e+00 -0.000000e+00 1.000000e+00
    outer loop
      vertex   2.536136e+01 1.272983e+01 3.600000e+01
      vertex   2.828629e+01 1.313111e+01 3.600000e+01
      vertex   2.519414e+01 1.300776e+01 3.600000e+01
    endloop
  endfacet
  facet normal 0.000000e+00 0.000000e+00 1.000000e+00
    outer loop
      vertex   2.519414e+01 1.300776e+01 3.600000e+01
      vertex   2.828629e+01 1.313111e+01 3.600000e+01
      vertex   2.854801e+01 1.347540e+01 3.600000e+01
    endloop
  endfacet
  facet normal 0.000000e+00 -0.000000e+00 1.000000e+00
    outer loop
      vertex   2.519414e+01 1.300776e+01 3.600000e+01
      vertex   2.854801e+01 1.347540e+01 3.600000e+01
      vertex   2.497108e+01 1.324324e+01 3.600000e+01
    endloop
  endfacet
  facet normal 0.000000e+00 -0.000000e+00 1.000000e+00
    outer loop
      vertex   2.497108e+01 1.324324e+01 3.600000e+01
      vertex   2.854801e+01 1.347540e+01 3.600000e+01
      vertex   2.470261e+01 1.342527e+01 3.600000e+01
    endloop
  endfacet
  facet normal 0.000000e+00 0.000000e+00 1.000000e+00
    outer loop
      vertex   2.470261e+01 1.342527e+01 3.600000e+01
      vertex   2.854801e+01 1.347540e+01 3.600000e+01
      vertex   2.887763e+01 1.375538e+01 3.600000e+01
    endloop
  endfacet
  facet normal 0.000000e+00 0.000000e+00 1.000000e+00
    outer loop
      vertex   2.470261e+01 1.342527e+01 3.600000e+01
      vertex   2.887763e+01 1.375538e+01 3.600000e+01
      vertex   3.053660e+01 2.263503e+01 3.600000e+01
    endloop
  endfacet
  facet normal 0.000000e+00 0.000000e+00 1.000000e+00
    outer loop
      vertex   3.053660e+01 2.263503e+01 3.600000e+01
      vertex   2.887763e+01 1.375538e+01 3.600000e+01
      vertex   2.925972e+01 1.395795e+01 3.600000e+01
    endloop
  endfacet
  facet normal 0.000000e+00 0.000000e+00 1.000000e+00
    outer loop
      vertex   3.053660e+01 2.263503e+01 3.600000e+01
      vertex   2.925972e+01 1.395795e+01 3.600000e+01
      vertex   3.216101e+01 2.054800e+01 3.600000e+01
    endloop
  endfacet
  facet normal 0.000000e+00 0.000000e+00 1.000000e+00
    outer loop
      vertex   3.216101e+01 2.054800e+01 3.600000e+01
      vertex   2.925972e+01 1.395795e+01 3.600000e+01
      vertex   2.967644e+01 1.407365e+01 3.600000e+01
    endloop
  endfacet
  facet normal 0.000000e+00 0.000000e+00 1.000000e+00
    outer loop
      vertex   3.216101e+01 2.054800e+01 3.600000e+01
      vertex   2.967644e+01 1.407365e+01 3.600000e+01
      vertex   3.010828e+01 1.409706e+01 3.600000e+01
    endloop
  endfacet
  facet normal -0.000000e+00 0.000000e+00 1.000000e+00
    outer loop
      vertex   3.010828e+01 1.409706e+01 3.600000e+01
      vertex   3.053506e+01 1.402710e+01 3.600000e+01
      vertex   3.216101e+01 2.054800e+01 3.600000e+01
    endloop
  endfacet
  facet normal 0.000000e+00 0.000000e+00 1.000000e+00
    outer loop
      vertex   3.216101e+01 2.054800e+01 3.600000e+01
      vertex   3.053506e+01 1.402710e+01 3.600000e+01
      vertex   3.396291e+01 1.861213e+01 3.600000e+01
    endloop
  endfacet
  facet normal 0.000000e+00 0.000000e+00 1.000000e+00
    outer loop
      vertex   3.396291e+01 1.861213e+01 3.600000e+01
      vertex   3.053506e+01 1.402710e+01 3.600000e+01
      vertex   3.093682e+01 1.386702e+01 3.600000e+01
    endloop
  endfacet
  facet normal 0.000000e+00 0.000000e+00 1.000000e+00
    outer loop
      vertex   3.396291e+01 1.861213e+01 3.600000e+01
      vertex   3.093682e+01 1.386702e+01 3.600000e+01
      vertex   3.129477e+01 1.362432e+01 3.600000e+01
    endloop
  endfacet
  facet normal -0.000000e+00 0.000000e+00 1.000000e+00
    outer loop
      vertex   3.129477e+01 1.362432e+01 3.600000e+01
      vertex   3.159219e+01 1.331035e+01 3.600000e+01
      vertex   3.396291e+01 1.861213e+01 3.600000e+01
    endloop
  endfacet
  facet normal 0.000000e+00 0.000000e+00 1.000000e+00
    outer loop
      vertex   3.396291e+01 1.861213e+01 3.600000e+01
      vertex   3.159219e+01 1.331035e+01 3.600000e+01
      vertex   3.592830e+01 1.684249e+01 3.600000e+01
    endloop
  endfacet
  facet normal 0.000000e+00 0.000000e+00 1.000000e+00
    outer loop
      vertex   3.592830e+01 1.684249e+01 3.600000e+01
      vertex   3.159219e+01 1.331035e+01 3.600000e+01
      vertex   3.181515e+01 1.293978e+01 3.600000e+01
    endloop
  endfacet
  facet normal 0.000000e+00 0.000000e+00 1.000000e+00
    outer loop
      vertex   3.592830e+01 1.684249e+01 3.600000e+01
      vertex   3.181515e+01 1.293978e+01 3.600000e+01
      vertex   3.195324e+01 1.252994e+01 3.600000e+01
    endloop
  endfacet
  facet normal 0.000000e+00 0.000000e+00 1.000000e+00
    outer loop
      vertex   3.592830e+01 1.684249e+01 3.600000e+01
      vertex   3.195324e+01 1.252994e+01 3.600000e+01
      vertex   3.804191e+01 1.525281e+01 3.600000e+01
    endloop
  endfacet
  facet normal 0.000000e+00 0.000000e+00 1.000000e+00
    outer loop
      vertex   -1.818485e+01 7.626022e+01 3.600000e+01
      vertex   -1.840781e+01 7.588965e+01 3.600000e+01
      vertex   -4.700000e+00 7.490000e+01 3.600000e+01
    endloop
  endfacet
  facet normal 0.000000e+00 0.000000e+00 1.000000e+00
    outer loop
      vertex   -4.700000e+00 7.490000e+01 3.600000e+01
      vertex   -1.840781e+01 7.588965e+01 3.600000e+01
      vertex   -1.870523e+01 7.557567e+01 3.600000e+01
    endloop
  endfacet
  facet normal 0.000000e+00 0.000000e+00 1.000000e+00
    outer loop
      vertex   -4.700000e+00 7.490000e+01 3.600000e+01
      vertex   -1.870523e+01 7.557567e+01 3.600000e+01
      vertex   -1.906318e+01 7.533297e+01 3.600000e+01
    endloop
  endfacet
  facet normal 0.000000e+00 0.000000e+00 1.000000e+00
    outer loop
      vertex   -4.700000e+00 7.490000e+01 3.600000e+01
      vertex   -1.906318e+01 7.533297e+01 3.600000e+01
      vertex   -2.500000e+01 4.000000e+01 3.600000e+01
    endloop
  endfacet
  facet normal 0.000000e+00 0.000000e+00 1.000000e+00
    outer loop
      vertex   -2.500000e+01 4.000000e+01 3.600000e+01
      vertex   -1.906318e+01 7.533297e+01 3.600000e+01
      vertex   -1.946494e+01 7.517290e+01 3.600000e+01
    endloop
  endfacet
  facet normal 0.000000e+00 0.000000e+00 1.000000e+00
    outer loop
      vertex   -2.500000e+01 4.000000e+01 3.600000e+01
      vertex   -1.946494e+01 7.517290e+01 3.600000e+01
      vertex   -1.989172e+01 7.510293e+01 3.600000e+01
    endloop
  endfacet
  facet normal 0.000000e+00 0.000000e+00 1.000000e+00
    outer loop
      vertex   -1.989172e+01 7.510293e+01 3.600000e+01
      vertex   -2.032356e+01 7.512634e+01 3.600000e+01
      vertex   -2.500000e+01 4.000000e+01 3.600000e+01
    endloop
  endfacet
  facet normal 0.000000e+00 0.000000e+00 1.000000e+00
    outer loop
      vertex   -2.500000e+01 4.000000e+01 3.600000e+01
      vertex   -2.032356e+01 7.512634e+01 3.600000e+01
      vertex   -2.074028e+01 7.524204e+01 3.600000e+01
    endloop
  endfacet
  facet normal 0.000000e+00 0.000000e+00 1.000000e+00
    outer loop
      vertex   -2.500000e+01 4.000000e+01 3.600000e+01
      vertex   -2.074028e+01 7.524204e+01 3.600000e+01
      vertex   -2.112237e+01 7.544462e+01 3.600000e+01
    endloop
  endfacet
  facet normal 0.000000e+00 0.000000e+00 1.000000e+00
    outer loop
      vertex   -2.112237e+01 7.544462e+01 3.600000e+01
      vertex   -2.145199e+01 7.572460e+01 3.600000e+01
      vertex   -2.500000e+01 4.000000e+01 3.600000e+01
    endloop
  endfacet
  facet normal 0.000000e+00 0.000000e+00 1.000000e+00
    outer loop
      vertex   -2.500000e+01 4.000000e+01 3.600000e+01
      vertex   -2.145199e+01 7.572460e+01 3.600000e+01
      vertex   -2.171371e+01 7.606889e+01 3.600000e+01
    endloop
  endfacet
  facet normal 0.000000e+00 0.000000e+00 1.000000e+00
    outer loop
      vertex   -2.500000e+01 4.000000e+01 3.600000e+01
      vertex   -2.171371e+01 7.606889e+01 3.600000e+01
      vertex   -2.189531e+01 7.646139e+01 3.600000e+01
    endloop
  endfacet
  facet normal 0.000000e+00 0.000000e+00 1.000000e+00
    outer loop
      vertex   -2.189531e+01 7.646139e+01 3.600000e+01
      vertex   -2.198828e+01 7.688376e+01 3.600000e+01
      vertex   -2.500000e+01 4.000000e+01 3.600000e+01
    endloop
  endfacet
  facet normal 0.000000e+00 0.000000e+00 1.000000e+00
    outer loop
      vertex   -2.500000e+01 4.000000e+01 3.600000e+01
      vertex   -2.198828e+01 7.688376e+01 3.600000e+01
      vertex   -2.500000e+01 1.125000e+02 3.600000e+01
    endloop
  endfacet
  facet normal 0.000000e+00 0.000000e+00 1.000000e+00
    outer loop
      vertex   -2.500000e+01 1.125000e+02 3.600000e+01
      vertex   -2.198828e+01 7.688376e+01 3.600000e+01
      vertex   -2.198828e+01 7.731624e+01 3.600000e+01
    endloop
  endfacet
  facet normal 0.000000e+00 0.000000e+00 1.000000e+00
    outer loop
      vertex   -2.500000e+01 1.125000e+02 3.600000e+01
      vertex   -2.198828e+01 7.731624e+01 3.600000e+01
      vertex   -2.189531e+01 7.773860e+01 3.600000e+01
    endloop
  endfacet
  facet normal 0.000000e+00 -0.000000e+00 1.000000e+00
    outer loop
      vertex   -2.189531e+01 7.773860e+01 3.600000e+01
      vertex   -2.171371e+01 7.813111e+01 3.600000e+01
      vertex   -2.500000e+01 1.125000e+02 3.600000e+01
    endloop
  endfacet
  facet normal 0.000000e+00 0.000000e+00 1.000000e+00
    outer loop
      vertex   -2.500000e+01 1.125000e+02 3.600000e+01
      vertex   -2.171371e+01 7.813111e+01 3.600000e+01
      vertex   -1.692545e+01 9.677428e+01 3.600000e+01
    endloop
  endfacet
  facet normal 0.000000e+00 0.000000e+00 1.000000e+00
    outer loop
      vertex   -2.500000e+01 1.125000e+02 3.600000e+01
      vertex   -1.692545e+01 9.677428e+01 3.600000e+01
      vertex   -1.695000e+01 9.700000e+01 3.600000e+01
    endloop
  endfacet
  facet normal 0.000000e+00 0.000000e+00 1.000000e+00
    outer loop
      vertex   -2.171371e+01 7.813111e+01 3.600000e+01
      vertex   -2.145199e+01 7.847540e+01 3.600000e+01
      vertex   -1.692545e+01 9.677428e+01 3.600000e+01
    endloop
  endfacet
  facet normal 0.000000e+00 0.000000e+00 1.000000e+00
    outer loop
      vertex   -1.692545e+01 9.677428e+01 3.600000e+01
      vertex   -2.145199e+01 7.847540e+01 3.600000e+01
      vertex   -1.685295e+01 9.655911e+01 3.600000e+01
    endloop
  endfacet
  facet normal 0.000000e+00 0.000000e+00 1.000000e+00
    outer loop
      vertex   -1.685295e+01 9.655911e+01 3.600000e+01
      vertex   -2.145199e+01 7.847540e+01 3.600000e+01
      vertex   -2.112237e+01 7.875538e+01 3.600000e+01
    endloop
  endfacet
  facet normal 0.000000e+00 0.000000e+00 1.000000e+00
    outer loop
      vertex   -1.685295e+01 9.655911e+01 3.600000e+01
      vertex   -2.112237e+01 7.875538e+01 3.600000e+01
      vertex   -1.673590e+01 9.636456e+01 3.600000e+01
    endloop
  endfacet
  facet normal 0.000000e+00 0.000000e+00 1.000000e+00
    outer loop
      vertex   -1.673590e+01 9.636456e+01 3.600000e+01
      vertex   -2.112237e+01 7.875538e+01 3.600000e+01
      vertex   -2.074028e+01 7.895795e+01 3.600000e+01
    endloop
  endfacet
  facet normal 0.000000e+00 0.000000e+00 1.000000e+00
    outer loop
      vertex   -1.673590e+01 9.636456e+01 3.600000e+01
      vertex   -2.074028e+01 7.895795e+01 3.600000e+01
      vertex   -1.657975e+01 9.619973e+01 3.600000e+01
    endloop
  endfacet
  facet normal 0.000000e+00 0.000000e+00 1.000000e+00
    outer loop
      vertex   -1.657975e+01 9.619973e+01 3.600000e+01
      vertex   -2.074028e+01 7.895795e+01 3.600000e+01
      vertex   -2.032356e+01 7.907365e+01 3.600000e+01
    endloop
  endfacet
  facet normal -0.000000e+00 0.000000e+00 1.000000e+00
    outer loop
      vertex   -1.818485e+01 7.793978e+01 3.600000e+01
      vertex   -1.804676e+01 7.752994e+01 3.600000e+01
      vertex   -4.700000e+00 7.930000e+01 3.600000e+01
    endloop
  endfacet
  facet normal 0.000000e+00 0.000000e+00 1.000000e+00
    outer loop
      vertex   -4.700000e+00 7.930000e+01 3.600000e+01
      vertex   -1.804676e+01 7.752994e+01 3.600000e+01
      vertex   -1.800000e+01 7.710000e+01 3.600000e+01
    endloop
  endfacet
  facet normal 0.000000e+00 0.000000e+00 1.000000e+00
    outer loop
      vertex   3.922934e+01 4.796484e+00 3.600000e+01
      vertex   2.408121e+01 1.060220e+01 3.600000e+01
      vertex   3.951776e+01 4.551502e+00 3.600000e+01
    endloop
  endfacet
  facet normal 0.000000e+00 0.000000e+00 1.000000e+00
    outer loop
      vertex   3.951776e+01 4.551502e+00 3.600000e+01
      vertex   2.408121e+01 1.060220e+01 3.600000e+01
      vertex   2.375733e+01 1.061976e+01 3.600000e+01
    endloop
  endfacet
  facet normal 0.000000e+00 0.000000e+00 1.000000e+00
    outer loop
      vertex   3.951776e+01 4.551502e+00 3.600000e+01
      vertex   2.375733e+01 1.061976e+01 3.600000e+01
      vertex   -1.791203e+01 -1.473489e+01 3.600000e+01
    endloop
  endfacet
  facet normal 0.000000e+00 0.000000e+00 1.000000e+00
    outer loop
      vertex   -1.791203e+01 -1.473489e+01 3.600000e+01
      vertex   2.375733e+01 1.061976e+01 3.600000e+01
      vertex   -1.779120e+01 -1.437628e+01 3.600000e+01
    endloop
  endfacet
  facet normal 0.000000e+00 0.000000e+00 1.000000e+00
    outer loop
      vertex   -1.779120e+01 -1.437628e+01 3.600000e+01
      vertex   2.375733e+01 1.061976e+01 3.600000e+01
      vertex   4.700000e+00 9.899998e+00 3.600000e+01
    endloop
  endfacet
  facet normal 0.000000e+00 0.000000e+00 1.000000e+00
    outer loop
      vertex   2.375733e+01 1.061976e+01 3.600000e+01
      vertex   2.344479e+01 1.070653e+01 3.600000e+01
      vertex   4.700000e+00 9.899998e+00 3.600000e+01
    endloop
  endfacet
  facet normal 0.000000e+00 0.000000e+00 1.000000e+00
    outer loop
      vertex   4.700000e+00 9.899998e+00 3.600000e+01
      vertex   2.344479e+01 1.070653e+01 3.600000e+01
      vertex   2.315822e+01 1.085846e+01 3.600000e+01
    endloop
  endfacet
  facet normal 0.000000e+00 0.000000e+00 1.000000e+00
    outer loop
      vertex   4.700000e+00 9.899998e+00 3.600000e+01
      vertex   2.315822e+01 1.085846e+01 3.600000e+01
      vertex   2.291101e+01 1.106845e+01 3.600000e+01
    endloop
  endfacet
  facet normal 0.000000e+00 0.000000e+00 1.000000e+00
    outer loop
      vertex   2.291101e+01 1.106845e+01 3.600000e+01
      vertex   2.271471e+01 1.132667e+01 3.600000e+01
      vertex   4.700000e+00 9.899998e+00 3.600000e+01
    endloop
  endfacet
  facet normal 0.000000e+00 0.000000e+00 1.000000e+00
    outer loop
      vertex   4.700000e+00 9.899998e+00 3.600000e+01
      vertex   2.271471e+01 1.132667e+01 3.600000e+01
      vertex   2.257852e+01 1.162105e+01 3.600000e+01
    endloop
  endfacet
  facet normal 0.000000e+00 0.000000e+00 1.000000e+00
    outer loop
      vertex   4.700000e+00 9.899998e+00 3.600000e+01
      vertex   2.257852e+01 1.162105e+01 3.600000e+01
      vertex   2.250879e+01 1.193782e+01 3.600000e+01
    endloop
  endfacet
  facet normal 0.000000e+00 -0.000000e+00 1.000000e+00
    outer loop
      vertex   2.250879e+01 1.193782e+01 3.600000e+01
      vertex   2.250879e+01 1.226218e+01 3.600000e+01
      vertex   4.700000e+00 9.899998e+00 3.600000e+01
    endloop
  endfacet
  facet normal 0.000000e+00 -0.000000e+00 1.000000e+00
    outer loop
      vertex   2.271471e+01 1.287333e+01 3.600000e+01
      vertex   2.291101e+01 1.313155e+01 3.600000e+01
      vertex   4.700000e+00 1.430000e+01 3.600000e+01
    endloop
  endfacet
  facet normal -0.000000e+00 0.000000e+00 1.000000e+00
    outer loop
      vertex   4.700000e+00 1.430000e+01 3.600000e+01
      vertex   2.291101e+01 1.313155e+01 3.600000e+01
      vertex   2.684712e+01 2.963587e+01 3.600000e+01
    endloop
  endfacet
  facet normal 0.000000e+00 0.000000e+00 1.000000e+00
    outer loop
      vertex   4.700000e+00 1.430000e+01 3.600000e+01
      vertex   2.684712e+01 2.963587e+01 3.600000e+01
      vertex   2.604373e+01 3.215560e+01 3.600000e+01
    endloop
  endfacet
  facet normal 0.000000e+00 0.000000e+00 1.000000e+00
    outer loop
      vertex   2.291101e+01 1.313155e+01 3.600000e+01
      vertex   2.315822e+01 1.334153e+01 3.600000e+01
      vertex   2.684712e+01 2.963587e+01 3.600000e+01
    endloop
  endfacet
  facet normal 0.000000e+00 0.000000e+00 1.000000e+00
    outer loop
      vertex   2.684712e+01 2.963587e+01 3.600000e+01
      vertex   2.315822e+01 1.334153e+01 3.600000e+01
      vertex   2.786929e+01 2.719670e+01 3.600000e+01
    endloop
  endfacet
  facet normal 0.000000e+00 0.000000e+00 1.000000e+00
    outer loop
      vertex   2.786929e+01 2.719670e+01 3.600000e+01
      vertex   2.315822e+01 1.334153e+01 3.600000e+01
      vertex   2.344479e+01 1.349346e+01 3.600000e+01
    endloop
  endfacet
  facet normal 0.000000e+00 0.000000e+00 1.000000e+00
    outer loop
      vertex   2.786929e+01 2.719670e+01 3.600000e+01
      vertex   2.344479e+01 1.349346e+01 3.600000e+01
      vertex   2.375733e+01 1.358024e+01 3.600000e+01
    endloop
  endfacet
  facet normal 0.000000e+00 0.000000e+00 1.000000e+00
    outer loop
      vertex   2.786929e+01 2.719670e+01 3.600000e+01
      vertex   2.375733e+01 1.358024e+01 3.600000e+01
      vertex   2.910231e+01 2.485702e+01 3.600000e+01
    endloop
  endfacet
  facet normal 0.000000e+00 0.000000e+00 1.000000e+00
    outer loop
      vertex   2.910231e+01 2.485702e+01 3.600000e+01
      vertex   2.375733e+01 1.358024e+01 3.600000e+01
      vertex   2.408121e+01 1.359780e+01 3.600000e+01
    endloop
  endfacet
  facet normal 0.000000e+00 0.000000e+00 1.000000e+00
    outer loop
      vertex   2.910231e+01 2.485702e+01 3.600000e+01
      vertex   2.408121e+01 1.359780e+01 3.600000e+01
      vertex   2.440129e+01 1.354532e+01 3.600000e+01
    endloop
  endfacet
  facet normal 0.000000e+00 0.000000e+00 1.000000e+00
    outer loop
      vertex   2.910231e+01 2.485702e+01 3.600000e+01
      vertex   2.440129e+01 1.354532e+01 3.600000e+01
      vertex   3.053660e+01 2.263503e+01 3.600000e+01
    endloop
  endfacet
  facet normal 0.000000e+00 0.000000e+00 1.000000e+00
    outer loop
      vertex   3.053660e+01 2.263503e+01 3.600000e+01
      vertex   2.440129e+01 1.354532e+01 3.600000e+01
      vertex   2.470261e+01 1.342527e+01 3.600000e+01
    endloop
  endfacet
  facet normal 0.000000e+00 0.000000e+00 1.000000e+00
    outer loop
      vertex   -2.263864e+01 1.147016e+01 3.600000e+01
      vertex   -2.280586e+01 1.119224e+01 3.600000e+01
      vertex   -4.700000e+00 9.899998e+00 3.600000e+01
    endloop
  endfacet
  facet normal 0.000000e+00 0.000000e+00 1.000000e+00
    outer loop
      vertex   -4.700000e+00 9.899998e+00 3.600000e+01
      vertex   -2.280586e+01 1.119224e+01 3.600000e+01
      vertex   -1.868057e+01 -1.245393e+01 3.600000e+01
    endloop
  endfacet
  facet normal 0.000000e+00 0.000000e+00 1.000000e+00
    outer loop
      vertex   -4.700000e+00 9.899998e+00 3.600000e+01
      vertex   -1.868057e+01 -1.245393e+01 3.600000e+01
      vertex   -1.836736e+01 -1.266630e+01 3.600000e+01
    endloop
  endfacet
  facet normal 0.000000e+00 0.000000e+00 1.000000e+00
    outer loop
      vertex   -2.280586e+01 1.119224e+01 3.600000e+01
      vertex   -2.302892e+01 1.095675e+01 3.600000e+01
      vertex   -1.868057e+01 -1.245393e+01 3.600000e+01
    endloop
  endfacet
  facet normal 0.000000e+00 0.000000e+00 1.000000e+00
    outer loop
      vertex   -1.868057e+01 -1.245393e+01 3.600000e+01
      vertex   -2.302892e+01 1.095675e+01 3.600000e+01
      vertex   -1.903211e+01 -1.231387e+01 3.600000e+01
    endloop
  endfacet
  facet normal 0.000000e+00 0.000000e+00 1.000000e+00
    outer loop
      vertex   -1.903211e+01 -1.231387e+01 3.600000e+01
      vertex   -2.302892e+01 1.095675e+01 3.600000e+01
      vertex   -2.329739e+01 1.077473e+01 3.600000e+01
    endloop
  endfacet
  facet normal 0.000000e+00 0.000000e+00 1.000000e+00
    outer loop
      vertex   -1.903211e+01 -1.231387e+01 3.600000e+01
      vertex   -2.329739e+01 1.077473e+01 3.600000e+01
      vertex   -1.940554e+01 -1.225265e+01 3.600000e+01
    endloop
  endfacet
  facet normal 0.000000e+00 0.000000e+00 1.000000e+00
    outer loop
      vertex   -1.940554e+01 -1.225265e+01 3.600000e+01
      vertex   -2.329739e+01 1.077473e+01 3.600000e+01
      vertex   -2.359871e+01 1.065467e+01 3.600000e+01
    endloop
  endfacet
  facet normal 0.000000e+00 0.000000e+00 1.000000e+00
    outer loop
      vertex   -1.940554e+01 -1.225265e+01 3.600000e+01
      vertex   -2.359871e+01 1.065467e+01 3.600000e+01
      vertex   -1.978340e+01 -1.227313e+01 3.600000e+01
    endloop
  endfacet
  facet normal 0.000000e+00 0.000000e+00 1.000000e+00
    outer loop
      vertex   -1.978340e+01 -1.227313e+01 3.600000e+01
      vertex   -2.359871e+01 1.065467e+01 3.600000e+01
      vertex   -2.391879e+01 1.060220e+01 3.600000e+01
    endloop
  endfacet
  facet normal 0.000000e+00 0.000000e+00 1.000000e+00
    outer loop
      vertex   -1.978340e+01 -1.227313e+01 3.600000e+01
      vertex   -2.391879e+01 1.060220e+01 3.600000e+01
      vertex   -2.014803e+01 -1.237437e+01 3.600000e+01
    endloop
  endfacet
  facet normal 0.000000e+00 0.000000e+00 1.000000e+00
    outer loop
      vertex   -2.014803e+01 -1.237437e+01 3.600000e+01
      vertex   -2.391879e+01 1.060220e+01 3.600000e+01
      vertex   -2.424267e+01 1.061976e+01 3.600000e+01
    endloop
  endfacet
  facet normal 0.000000e+00 0.000000e+00 1.000000e+00
    outer loop
      vertex   -2.014803e+01 -1.237437e+01 3.600000e+01
      vertex   -2.424267e+01 1.061976e+01 3.600000e+01
      vertex   -2.048236e+01 -1.255162e+01 3.600000e+01
    endloop
  endfacet
  facet normal 0.000000e+00 -0.000000e+00 1.000000e+00
    outer loop
      vertex   -2.455521e+01 1.349346e+01 3.600000e+01
      vertex   -2.424267e+01 1.358024e+01 3.600000e+01
      vertex   -3.053660e+01 2.263503e+01 3.600000e+01
    endloop
  endfacet
  facet normal -0.000000e+00 0.000000e+00 1.000000e+00
    outer loop
      vertex   -3.053660e+01 2.263503e+01 3.600000e+01
      vertex   -2.424267e+01 1.358024e+01 3.600000e+01
      vertex   -2.910231e+01 2.485702e+01 3.600000e+01
    endloop
  endfacet
  facet normal 0.000000e+00 0.000000e+00 1.000000e+00
    outer loop
      vertex   -2.910231e+01 2.485702e+01 3.600000e+01
      vertex   -2.424267e+01 1.358024e+01 3.600000e+01
      vertex   -2.391879e+01 1.359780e+01 3.600000e+01
    endloop
  endfacet
  facet normal 0.000000e+00 0.000000e+00 1.000000e+00
    outer loop
      vertex   -2.910231e+01 2.485702e+01 3.600000e+01
      vertex   -2.391879e+01 1.359780e+01 3.600000e+01
      vertex   -2.359871e+01 1.354532e+01 3.600000e+01
    endloop
  endfacet
  facet normal -0.000000e+00 0.000000e+00 1.000000e+00
    outer loop
      vertex   -2.910231e+01 2.485702e+01 3.600000e+01
      vertex   -2.359871e+01 1.354532e+01 3.600000e+01
      vertex   -2.786929e+01 2.719670e+01 3.600000e+01
    endloop
  endfacet
  facet normal 0.000000e+00 0.000000e+00 1.000000e+00
    outer loop
      vertex   -2.786929e+01 2.719670e+01 3.600000e+01
      vertex   -2.359871e+01 1.354532e+01 3.600000e+01
      vertex   -2.329739e+01 1.342527e+01 3.600000e+01
    endloop
  endfacet
  facet normal -0.000000e+00 0.000000e+00 1.000000e+00
    outer loop
      vertex   -2.786929e+01 2.719670e+01 3.600000e+01
      vertex   -2.329739e+01 1.342527e+01 3.600000e+01
      vertex   -2.684712e+01 2.963587e+01 3.600000e+01
    endloop
  endfacet
  facet normal 0.000000e+00 0.000000e+00 1.000000e+00
    outer loop
      vertex   -2.684712e+01 2.963587e+01 3.600000e+01
      vertex   -2.329739e+01 1.342527e+01 3.600000e+01
      vertex   -2.302892e+01 1.324324e+01 3.600000e+01
    endloop
  endfacet
  facet normal 0.000000e+00 0.000000e+00 1.000000e+00
    outer loop
      vertex   -2.684712e+01 2.963587e+01 3.600000e+01
      vertex   -2.302892e+01 1.324324e+01 3.600000e+01
      vertex   -4.700000e+00 1.430000e+01 3.600000e+01
    endloop
  endfacet
  facet normal 0.000000e+00 0.000000e+00 1.000000e+00
    outer loop
      vertex   -4.700000e+00 1.430000e+01 3.600000e+01
      vertex   -2.302892e+01 1.324324e+01 3.600000e+01
      vertex   -2.280586e+01 1.300776e+01 3.600000e+01
    endloop
  endfacet
  facet normal 0.000000e+00 0.000000e+00 1.000000e+00
    outer loop
      vertex   -4.700000e+00 1.430000e+01 3.600000e+01
      vertex   -2.280586e+01 1.300776e+01 3.600000e+01
      vertex   -2.263864e+01 1.272983e+01 3.600000e+01
    endloop
  endfacet
  facet normal -0.000000e+00 0.000000e+00 1.000000e+00
    outer loop
      vertex   -2.263864e+01 1.272983e+01 3.600000e+01
      vertex   -2.253507e+01 1.242245e+01 3.600000e+01
      vertex   -4.700000e+00 1.430000e+01 3.600000e+01
    endloop
  endfacet
  facet normal 0.000000e+00 0.000000e+00 1.000000e+00
    outer loop
      vertex   -4.700000e+00 1.430000e+01 3.600000e+01
      vertex   -2.253507e+01 1.242245e+01 3.600000e+01
      vertex   -2.250000e+01 1.210000e+01 3.600000e+01
    endloop
  endfacet
  facet normal -0.000000e+00 0.000000e+00 1.000000e+00
    outer loop
      vertex   1.562593e+00 1.153440e+02 3.600000e+01
      vertex   1.600000e+00 1.150000e+02 3.600000e+01
      vertex   1.750000e+01 1.200000e+02 3.600000e+01
    endloop
  endfacet
  facet normal 0.000000e+00 0.000000e+00 1.000000e+00
    outer loop
      vertex   1.750000e+01 1.200000e+02 3.600000e+01
      vertex   1.600000e+00 1.150000e+02 3.600000e+01
      vertex   1.562593e+00 1.146560e+02 3.600000e+01
    endloop
  endfacet
  facet normal 0.000000e+00 0.000000e+00 1.000000e+00
    outer loop
      vertex   1.750000e+01 1.200000e+02 3.600000e+01
      vertex   1.562593e+00 1.146560e+02 3.600000e+01
      vertex   1.010000e+01 1.029000e+02 3.600000e+01
    endloop
  endfacet
  facet normal 0.000000e+00 0.000000e+00 1.000000e+00
    outer loop
      vertex   1.010000e+01 1.029000e+02 3.600000e+01
      vertex   1.562593e+00 1.146560e+02 3.600000e+01
      vertex   1.452121e+00 1.143282e+02 3.600000e+01
    endloop
  endfacet
  facet normal 0.000000e+00 0.000000e+00 1.000000e+00
    outer loop
      vertex   1.010000e+01 1.029000e+02 3.600000e+01
      vertex   1.452121e+00 1.143282e+02 3.600000e+01
      vertex   1.273749e+00 1.140317e+02 3.600000e+01
    endloop
  endfacet
  facet normal 0.000000e+00 0.000000e+00 1.000000e+00
    outer loop
      vertex   1.273749e+00 1.140317e+02 3.600000e+01
      vertex   1.035818e+00 1.137805e+02 3.600000e+01
      vertex   1.010000e+01 1.029000e+02 3.600000e+01
    endloop
  endfacet
  facet normal 0.000000e+00 0.000000e+00 1.000000e+00
    outer loop
      vertex   1.010000e+01 1.029000e+02 3.600000e+01
      vertex   1.035818e+00 1.137805e+02 3.600000e+01
      vertex   7.494535e-01 1.135864e+02 3.600000e+01
    endloop
  endfacet
  facet normal 0.000000e+00 0.000000e+00 1.000000e+00
    outer loop
      vertex   1.010000e+01 1.029000e+02 3.600000e+01
      vertex   7.494535e-01 1.135864e+02 3.600000e+01
      vertex   4.280453e-01 1.134583e+02 3.600000e+01
    endloop
  endfacet
  facet normal 0.000000e+00 0.000000e+00 1.000000e+00
    outer loop
      vertex   4.280453e-01 1.134583e+02 3.600000e+01
      vertex   8.662225e-02 1.134023e+02 3.600000e+01
      vertex   1.010000e+01 1.029000e+02 3.600000e+01
    endloop
  endfacet
  facet normal 0.000000e+00 0.000000e+00 1.000000e+00
    outer loop
      vertex   1.010000e+01 1.029000e+02 3.600000e+01
      vertex   8.662225e-02 1.134023e+02 3.600000e+01
      vertex   -2.588512e-01 1.134211e+02 3.600000e+01
    endloop
  endfacet
  facet normal 0.000000e+00 0.000000e+00 1.000000e+00
    outer loop
      vertex   1.010000e+01 1.029000e+02 3.600000e+01
      vertex   -2.588512e-01 1.134211e+02 3.600000e+01
      vertex   -1.290000e+01 1.029000e+02 3.600000e+01
    endloop
  endfacet
  facet normal 0.000000e+00 0.000000e+00 1.000000e+00
    outer loop
      vertex   -1.290000e+01 1.029000e+02 3.600000e+01
      vertex   -2.588512e-01 1.134211e+02 3.600000e+01
      vertex   -5.922210e-01 1.135136e+02 3.600000e+01
    endloop
  endfacet
  facet normal 0.000000e+00 0.000000e+00 1.000000e+00
    outer loop
      vertex   -1.290000e+01 1.029000e+02 3.600000e+01
      vertex   -5.922210e-01 1.135136e+02 3.600000e+01
      vertex   -8.978993e-01 1.136757e+02 3.600000e+01
    endloop
  endfacet
  facet normal 0.000000e+00 0.000000e+00 1.000000e+00
    outer loop
      vertex   -8.978993e-01 1.136757e+02 3.600000e+01
      vertex   -1.161593e+00 1.138997e+02 3.600000e+01
      vertex   -1.290000e+01 1.029000e+02 3.600000e+01
    endloop
  endfacet
  facet normal 0.000000e+00 0.000000e+00 1.000000e+00
    outer loop
      vertex   -1.290000e+01 1.029000e+02 3.600000e+01
      vertex   -1.161593e+00 1.138997e+02 3.600000e+01
      vertex   -1.370971e+00 1.141751e+02 3.600000e+01
    endloop
  endfacet
  facet normal 0.000000e+00 0.000000e+00 1.000000e+00
    outer loop
      vertex   -1.290000e+01 1.029000e+02 3.600000e+01
      vertex   -1.370971e+00 1.141751e+02 3.600000e+01
      vertex   -1.516245e+00 1.144891e+02 3.600000e+01
    endloop
  endfacet
  facet normal 0.000000e+00 0.000000e+00 1.000000e+00
    outer loop
      vertex   -1.516245e+00 1.144891e+02 3.600000e+01
      vertex   -1.590621e+00 1.148270e+02 3.600000e+01
      vertex   -1.290000e+01 1.029000e+02 3.600000e+01
    endloop
  endfacet
  facet normal 0.000000e+00 -0.000000e+00 1.000000e+00
    outer loop
      vertex   -1.290000e+01 1.029000e+02 3.600000e+01
      vertex   -1.590621e+00 1.148270e+02 3.600000e+01
      vertex   -1.750000e+01 1.200000e+02 3.600000e+01
    endloop
  endfacet
  facet normal 0.000000e+00 0.000000e+00 1.000000e+00
    outer loop
      vertex   -1.290000e+01 1.029000e+02 3.600000e+01
      vertex   -1.750000e+01 1.200000e+02 3.600000e+01
      vertex   -2.500000e+01 1.125000e+02 3.600000e+01
    endloop
  endfacet
  facet normal 0.000000e+00 0.000000e+00 1.000000e+00
    outer loop
      vertex   -2.500000e+01 1.125000e+02 3.600000e+01
      vertex   -1.750000e+01 1.200000e+02 3.600000e+01
      vertex   -1.880236e+01 1.198861e+02 3.600000e+01
    endloop
  endfacet
  facet normal 0.000000e+00 0.000000e+00 1.000000e+00
    outer loop
      vertex   -2.500000e+01 1.125000e+02 3.600000e+01
      vertex   -1.880236e+01 1.198861e+02 3.600000e+01
      vertex   -2.006515e+01 1.195477e+02 3.600000e+01
    endloop
  endfacet
  facet normal 0.000000e+00 -0.000000e+00 1.000000e+00
    outer loop
      vertex   -1.590621e+00 1.148270e+02 3.600000e+01
      vertex   -1.590621e+00 1.151730e+02 3.600000e+01
      vertex   -1.750000e+01 1.200000e+02 3.600000e+01
    endloop
  endfacet
  facet normal 0.000000e+00 0.000000e+00 1.000000e+00
    outer loop
      vertex   -1.750000e+01 1.200000e+02 3.600000e+01
      vertex   -1.590621e+00 1.151730e+02 3.600000e+01
      vertex   -1.516245e+00 1.155109e+02 3.600000e+01
    endloop
  endfacet
  facet normal 0.000000e+00 0.000000e+00 1.000000e+00
    outer loop
      vertex   -1.750000e+01 1.200000e+02 3.600000e+01
      vertex   -1.516245e+00 1.155109e+02 3.600000e+01
      vertex   -1.370971e+00 1.158249e+02 3.600000e+01
    endloop
  endfacet
  facet normal 0.000000e+00 -0.000000e+00 1.000000e+00
    outer loop
      vertex   -1.370971e+00 1.158249e+02 3.600000e+01
      vertex   -1.161593e+00 1.161003e+02 3.600000e+01
      vertex   -1.750000e+01 1.200000e+02 3.600000e+01
    endloop
  endfacet
  facet normal 0.000000e+00 0.000000e+00 1.000000e+00
    outer loop
      vertex   -1.750000e+01 1.200000e+02 3.600000e+01
      vertex   -1.161593e+00 1.161003e+02 3.600000e+01
      vertex   -8.978993e-01 1.163243e+02 3.600000e+01
    endloop
  endfacet
  facet normal 0.000000e+00 0.000000e+00 1.000000e+00
    outer loop
      vertex   -1.750000e+01 1.200000e+02 3.600000e+01
      vertex   -8.978993e-01 1.163243e+02 3.600000e+01
      vertex   -5.922210e-01 1.164864e+02 3.600000e+01
    endloop
  endfacet
  facet normal 0.000000e+00 -0.000000e+00 1.000000e+00
    outer loop
      vertex   -5.922210e-01 1.164864e+02 3.600000e+01
      vertex   -2.588512e-01 1.165789e+02 3.600000e+01
      vertex   -1.750000e+01 1.200000e+02 3.600000e+01
    endloop
  endfacet
  facet normal 0.000000e+00 0.000000e+00 1.000000e+00
    outer loop
      vertex   -1.750000e+01 1.200000e+02 3.600000e+01
      vertex   -2.588512e-01 1.165789e+02 3.600000e+01
      vertex   8.662225e-02 1.165977e+02 3.600000e+01
    endloop
  endfacet
  facet normal -0.000000e+00 0.000000e+00 1.000000e+00
    outer loop
      vertex   -1.750000e+01 1.200000e+02 3.600000e+01
      vertex   8.662225e-02 1.165977e+02 3.600000e+01
      vertex   1.750000e+01 1.200000e+02 3.600000e+01
    endloop
  endfacet
  facet normal 0.000000e+00 0.000000e+00 1.000000e+00
    outer loop
      vertex   1.750000e+01 1.200000e+02 3.600000e+01
      vertex   8.662225e-02 1.165977e+02 3.600000e+01
      vertex   4.280453e-01 1.165417e+02 3.600000e+01
    endloop
  endfacet
  facet normal 0.000000e+00 0.000000e+00 1.000000e+00
    outer loop
      vertex   1.750000e+01 1.200000e+02 3.600000e+01
      vertex   4.280453e-01 1.165417e+02 3.600000e+01
      vertex   7.494535e-01 1.164136e+02 3.600000e+01
    endloop
  endfacet
  facet normal -0.000000e+00 0.000000e+00 1.000000e+00
    outer loop
      vertex   7.494535e-01 1.164136e+02 3.600000e+01
      vertex   1.035818e+00 1.162195e+02 3.600000e+01
      vertex   1.750000e+01 1.200000e+02 3.600000e+01
    endloop
  endfacet
  facet normal 0.000000e+00 0.000000e+00 1.000000e+00
    outer loop
      vertex   1.750000e+01 1.200000e+02 3.600000e+01
      vertex   1.035818e+00 1.162195e+02 3.600000e+01
      vertex   1.273749e+00 1.159683e+02 3.600000e+01
    endloop
  endfacet
  facet normal 0.000000e+00 0.000000e+00 1.000000e+00
    outer loop
      vertex   1.750000e+01 1.200000e+02 3.600000e+01
      vertex   1.273749e+00 1.159683e+02 3.600000e+01
      vertex   1.452121e+00 1.156718e+02 3.600000e+01
    endloop
  endfacet
  facet normal -0.000000e+00 0.000000e+00 1.000000e+00
    outer loop
      vertex   1.452121e+00 1.156718e+02 3.600000e+01
      vertex   1.562593e+00 1.153440e+02 3.600000e+01
      vertex   1.750000e+01 1.200000e+02 3.600000e+01
    endloop
  endfacet
  facet normal -0.000000e+00 0.000000e+00 1.000000e+00
    outer loop
      vertex   -1.810712e+01 -1.505914e+01 3.600000e+01
      vertex   6.500000e+01 -2.650000e+01 3.600000e+01
      vertex   -1.791203e+01 -1.473489e+01 3.600000e+01
    endloop
  endfacet
  facet normal -0.000000e+00 0.000000e+00 1.000000e+00
    outer loop
      vertex   -1.791203e+01 -1.473489e+01 3.600000e+01
      vertex   6.500000e+01 -2.650000e+01 3.600000e+01
      vertex   3.985209e+01 4.374248e+00 3.600000e+01
    endloop
  endfacet
  facet normal 0.000000e+00 0.000000e+00 1.000000e+00
    outer loop
      vertex   -1.791203e+01 -1.473489e+01 3.600000e+01
      vertex   3.985209e+01 4.374248e+00 3.600000e+01
      vertex   3.951776e+01 4.551502e+00 3.600000e+01
    endloop
  endfacet
  facet normal 0.000000e+00 0.000000e+00 1.000000e+00
    outer loop
      vertex   -1.810712e+01 -1.505914e+01 3.600000e+01
      vertex   -1.836736e+01 -1.533387e+01 3.600000e+01
      vertex   6.500000e+01 -2.650000e+01 3.600000e+01
    endloop
  endfacet
  facet normal 0.000000e+00 0.000000e+00 1.000000e+00
    outer loop
      vertex   6.500000e+01 -2.650000e+01 3.600000e+01
      vertex   -1.836736e+01 -1.533387e+01 3.600000e+01
      vertex   -1.868057e+01 -1.554623e+01 3.600000e+01
    endloop
  endfacet
  facet normal 0.000000e+00 0.000000e+00 1.000000e+00
    outer loop
      vertex   6.500000e+01 -2.650000e+01 3.600000e+01
      vertex   -1.868057e+01 -1.554623e+01 3.600000e+01
      vertex   -1.903211e+01 -1.568630e+01 3.600000e+01
    endloop
  endfacet
  facet normal 0.000000e+00 0.000000e+00 1.000000e+00
    outer loop
      vertex   -1.903211e+01 -1.568630e+01 3.600000e+01
      vertex   -1.940554e+01 -1.574752e+01 3.600000e+01
      vertex   6.500000e+01 -2.650000e+01 3.600000e+01
    endloop
  endfacet
  facet normal 0.000000e+00 0.000000e+00 1.000000e+00
    outer loop
      vertex   6.500000e+01 -2.650000e+01 3.600000e+01
      vertex   -1.940554e+01 -1.574752e+01 3.600000e+01
      vertex   -6.500000e+01 -2.650000e+01 3.600000e+01
    endloop
  endfacet
  facet normal 0.000000e+00 0.000000e+00 1.000000e+00
    outer loop
      vertex   -6.500000e+01 -2.650000e+01 3.600000e+01
      vertex   -1.940554e+01 -1.574752e+01 3.600000e+01
      vertex   -1.978340e+01 -1.572703e+01 3.600000e+01
    endloop
  endfacet
  facet normal 0.000000e+00 0.000000e+00 1.000000e+00
    outer loop
      vertex   -6.500000e+01 -2.650000e+01 3.600000e+01
      vertex   -1.978340e+01 -1.572703e+01 3.600000e+01
      vertex   -2.014803e+01 -1.562579e+01 3.600000e+01
    endloop
  endfacet
  facet normal 0.000000e+00 0.000000e+00 1.000000e+00
    outer loop
      vertex   -2.014803e+01 -1.562579e+01 3.600000e+01
      vertex   -2.048236e+01 -1.544854e+01 3.600000e+01
      vertex   -6.500000e+01 -2.650000e+01 3.600000e+01
    endloop
  endfacet
  facet normal 0.000000e+00 0.000000e+00 1.000000e+00
    outer loop
      vertex   -6.500000e+01 -2.650000e+01 3.600000e+01
      vertex   -2.048236e+01 -1.544854e+01 3.600000e+01
      vertex   -2.077078e+01 -1.520356e+01 3.600000e+01
    endloop
  endfacet
  facet normal 0.000000e+00 0.000000e+00 1.000000e+00
    outer loop
      vertex   -6.500000e+01 -2.650000e+01 3.600000e+01
      vertex   -2.077078e+01 -1.520356e+01 3.600000e+01
      vertex   -2.099979e+01 -1.490230e+01 3.600000e+01
    endloop
  endfacet
  facet normal 0.000000e+00 0.000000e+00 1.000000e+00
    outer loop
      vertex   -2.099979e+01 -1.490230e+01 3.600000e+01
      vertex   -2.115868e+01 -1.455886e+01 3.600000e+01
      vertex   -6.500000e+01 -2.650000e+01 3.600000e+01
    endloop
  endfacet
  facet normal 0.000000e+00 0.000000e+00 1.000000e+00
    outer loop
      vertex   -6.500000e+01 -2.650000e+01 3.600000e+01
      vertex   -2.115868e+01 -1.455886e+01 3.600000e+01
      vertex   -6.500000e+01 -2.196773e+01 3.600000e+01
    endloop
  endfacet
  facet normal 0.000000e+00 0.000000e+00 1.000000e+00
    outer loop
      vertex   -6.500000e+01 -2.196773e+01 3.600000e+01
      vertex   -2.115868e+01 -1.455886e+01 3.600000e+01
      vertex   -6.488907e+01 -1.906633e+01 3.600000e+01
    endloop
  endfacet
  facet normal 0.000000e+00 0.000000e+00 1.000000e+00
    outer loop
      vertex   -6.488907e+01 -1.906633e+01 3.600000e+01
      vertex   -2.115868e+01 -1.455886e+01 3.600000e+01
      vertex   -6.455694e+01 -1.618187e+01 3.600000e+01
    endloop
  endfacet
  facet normal 0.000000e+00 0.000000e+00 1.000000e+00
    outer loop
      vertex   -6.455694e+01 -1.618187e+01 3.600000e+01
      vertex   -2.115868e+01 -1.455886e+01 3.600000e+01
      vertex   -3.978344e+01 4.273010e+00 3.600000e+01
    endloop
  endfacet
  facet normal 0.000000e+00 0.000000e+00 1.000000e+00
    outer loop
      vertex   -6.455694e+01 -1.618187e+01 3.600000e+01
      vertex   -3.978344e+01 4.273010e+00 3.600000e+01
      vertex   -6.400554e+01 -1.333118e+01 3.600000e+01
    endloop
  endfacet
  facet normal 0.000000e+00 0.000000e+00 1.000000e+00
    outer loop
      vertex   -6.400554e+01 -1.333118e+01 3.600000e+01
      vertex   -3.978344e+01 4.273010e+00 3.600000e+01
      vertex   -6.323809e+01 -1.053092e+01 3.600000e+01
    endloop
  endfacet
  facet normal 0.000000e+00 0.000000e+00 1.000000e+00
    outer loop
      vertex   -6.323809e+01 -1.053092e+01 3.600000e+01
      vertex   -3.978344e+01 4.273010e+00 3.600000e+01
      vertex   -6.225908e+01 -7.797426e+00 3.600000e+01
    endloop
  endfacet
  facet normal 0.000000e+00 0.000000e+00 1.000000e+00
    outer loop
      vertex   -6.225908e+01 -7.797426e+00 3.600000e+01
      vertex   -3.978344e+01 4.273010e+00 3.600000e+01
      vertex   -4.014807e+01 4.374248e+00 3.600000e+01
    endloop
  endfacet
  facet normal 0.000000e+00 0.000000e+00 1.000000e+00
    outer loop
      vertex   -6.225908e+01 -7.797426e+00 3.600000e+01
      vertex   -4.014807e+01 4.374248e+00 3.600000e+01
      vertex   -6.107421e+01 -5.146665e+00 3.600000e+01
    endloop
  endfacet
  facet normal 0.000000e+00 0.000000e+00 1.000000e+00
    outer loop
      vertex   -6.107421e+01 -5.146665e+00 3.600000e+01
      vertex   -4.014807e+01 4.374248e+00 3.600000e+01
      vertex   -5.969041e+01 -2.594109e+00 3.600000e+01
    endloop
  endfacet
  facet normal 0.000000e+00 0.000000e+00 1.000000e+00
    outer loop
      vertex   -5.969041e+01 -2.594109e+00 3.600000e+01
      vertex   -4.014807e+01 4.374248e+00 3.600000e+01
      vertex   -5.811575e+01 -1.546614e-01 3.600000e+01
    endloop
  endfacet
  facet normal 0.000000e+00 0.000000e+00 1.000000e+00
    outer loop
      vertex   -5.811575e+01 -1.546614e-01 3.600000e+01
      vertex   -4.014807e+01 4.374248e+00 3.600000e+01
      vertex   -4.048240e+01 4.551502e+00 3.600000e+01
    endloop
  endfacet
  facet normal 0.000000e+00 0.000000e+00 1.000000e+00
    outer loop
      vertex   -5.811575e+01 -1.546614e-01 3.600000e+01
      vertex   -4.048240e+01 4.551502e+00 3.600000e+01
      vertex   -5.635943e+01 2.157436e+00 3.600000e+01
    endloop
  endfacet
  facet normal 0.000000e+00 0.000000e+00 1.000000e+00
    outer loop
      vertex   -5.635943e+01 2.157436e+00 3.600000e+01
      vertex   -4.048240e+01 4.551502e+00 3.600000e+01
      vertex   -5.443170e+01 4.328684e+00 3.600000e+01
    endloop
  endfacet
  facet normal 0.000000e+00 0.000000e+00 1.000000e+00
    outer loop
      vertex   -5.443170e+01 4.328684e+00 3.600000e+01
      vertex   -4.048240e+01 4.551502e+00 3.600000e+01
      vertex   -4.077082e+01 4.796484e+00 3.600000e+01
    endloop
  endfacet
  facet normal 0.000000e+00 0.000000e+00 1.000000e+00
    outer loop
      vertex   -5.443170e+01 4.328684e+00 3.600000e+01
      vertex   -4.077082e+01 4.796484e+00 3.600000e+01
      vertex   -5.234383e+01 6.346407e+00 3.600000e+01
    endloop
  endfacet
  facet normal 0.000000e+00 0.000000e+00 1.000000e+00
    outer loop
      vertex   -5.234383e+01 6.346407e+00 3.600000e+01
      vertex   -4.077082e+01 4.796484e+00 3.600000e+01
      vertex   -4.099983e+01 5.097739e+00 3.600000e+01
    endloop
  endfacet
  facet normal -0.000000e+00 0.000000e+00 1.000000e+00
    outer loop
      vertex   -5.234383e+01 6.346407e+00 3.600000e+01
      vertex   -4.099983e+01 5.097739e+00 3.600000e+01
      vertex   -5.010798e+01 8.198824e+00 3.600000e+01
    endloop
  endfacet
  facet normal 0.000000e+00 0.000000e+00 1.000000e+00
    outer loop
      vertex   -5.010798e+01 8.198824e+00 3.600000e+01
      vertex   -4.099983e+01 5.097739e+00 3.600000e+01
      vertex   -4.115872e+01 5.441181e+00 3.600000e+01
    endloop
  endfacet
  facet normal 0.000000e+00 0.000000e+00 1.000000e+00
    outer loop
      vertex   -5.010798e+01 8.198824e+00 3.600000e+01
      vertex   -4.115872e+01 5.441181e+00 3.600000e+01
      vertex   -4.124007e+01 5.810751e+00 3.600000e+01
    endloop
  endfacet
  facet normal 0.000000e+00 0.000000e+00 1.000000e+00
    outer loop
      vertex   -2.115868e+01 -1.455886e+01 3.600000e+01
      vertex   -2.124003e+01 -1.418929e+01 3.600000e+01
      vertex   -3.978344e+01 4.273010e+00 3.600000e+01
    endloop
  endfacet
  facet normal 0.000000e+00 0.000000e+00 1.000000e+00
    outer loop
      vertex   -3.978344e+01 4.273010e+00 3.600000e+01
      vertex   -2.124003e+01 -1.418929e+01 3.600000e+01
      vertex   -3.940558e+01 4.252523e+00 3.600000e+01
    endloop
  endfacet
  facet normal 0.000000e+00 0.000000e+00 1.000000e+00
    outer loop
      vertex   -3.940558e+01 4.252523e+00 3.600000e+01
      vertex   -2.124003e+01 -1.418929e+01 3.600000e+01
      vertex   -2.124003e+01 -1.381087e+01 3.600000e+01
    endloop
  endfacet
  facet normal -0.000000e+00 0.000000e+00 1.000000e+00
    outer loop
      vertex   -3.940558e+01 4.252523e+00 3.600000e+01
      vertex   -2.124003e+01 -1.381087e+01 3.600000e+01
      vertex   -3.903215e+01 4.313744e+00 3.600000e+01
    endloop
  endfacet
  facet normal -0.000000e+00 0.000000e+00 1.000000e+00
    outer loop
      vertex   -3.903215e+01 4.313744e+00 3.600000e+01
      vertex   -2.124003e+01 -1.381087e+01 3.600000e+01
      vertex   -3.868061e+01 4.453811e+00 3.600000e+01
    endloop
  endfacet
  facet normal 0.000000e+00 0.000000e+00 1.000000e+00
    outer loop
      vertex   -3.868061e+01 4.453811e+00 3.600000e+01
      vertex   -2.124003e+01 -1.381087e+01 3.600000e+01
      vertex   -2.115868e+01 -1.344130e+01 3.600000e+01
    endloop
  endfacet
  facet normal -0.000000e+00 0.000000e+00 1.000000e+00
    outer loop
      vertex   -3.868061e+01 4.453811e+00 3.600000e+01
      vertex   -2.115868e+01 -1.344130e+01 3.600000e+01
      vertex   -3.836740e+01 4.666174e+00 3.600000e+01
    endloop
  endfacet
  facet normal 0.000000e+00 0.000000e+00 1.000000e+00
    outer loop
      vertex   -3.836740e+01 4.666174e+00 3.600000e+01
      vertex   -2.115868e+01 -1.344130e+01 3.600000e+01
      vertex   -2.099979e+01 -1.309786e+01 3.600000e+01
    endloop
  endfacet
  facet normal -0.000000e+00 0.000000e+00 1.000000e+00
    outer loop
      vertex   -3.836740e+01 4.666174e+00 3.600000e+01
      vertex   -2.099979e+01 -1.309786e+01 3.600000e+01
      vertex   -3.810716e+01 4.940903e+00 3.600000e+01
    endloop
  endfacet
  facet normal 0.000000e+00 0.000000e+00 1.000000e+00
    outer loop
      vertex   -3.810716e+01 4.940903e+00 3.600000e+01
      vertex   -2.099979e+01 -1.309786e+01 3.600000e+01
      vertex   -2.077078e+01 -1.279661e+01 3.600000e+01
    endloop
  endfacet
  facet normal -0.000000e+00 0.000000e+00 1.000000e+00
    outer loop
      vertex   -1.836736e+01 -1.266630e+01 3.600000e+01
      vertex   -1.810712e+01 -1.294102e+01 3.600000e+01
      vertex   -4.700000e+00 9.899998e+00 3.600000e+01
    endloop
  endfacet
  facet normal 0.000000e+00 0.000000e+00 1.000000e+00
    outer loop
      vertex   -4.700000e+00 9.899998e+00 3.600000e+01
      vertex   -1.810712e+01 -1.294102e+01 3.600000e+01
      vertex   -1.791203e+01 -1.326527e+01 3.600000e+01
    endloop
  endfacet
  facet normal 0.000000e+00 0.000000e+00 1.000000e+00
    outer loop
      vertex   -4.700000e+00 9.899998e+00 3.600000e+01
      vertex   -1.791203e+01 -1.326527e+01 3.600000e+01
      vertex   -1.779120e+01 -1.362388e+01 3.600000e+01
    endloop
  endfacet
  facet normal 0.000000e+00 -0.000000e+00 1.000000e+00
    outer loop
      vertex   -1.695000e+01 9.700000e+01 3.600000e+01
      vertex   -1.692545e+01 9.722572e+01 3.600000e+01
      vertex   -2.500000e+01 1.125000e+02 3.600000e+01
    endloop
  endfacet
  facet normal 0.000000e+00 0.000000e+00 1.000000e+00
    outer loop
      vertex   -2.500000e+01 1.125000e+02 3.600000e+01
      vertex   -1.692545e+01 9.722572e+01 3.600000e+01
      vertex   -1.685295e+01 9.744088e+01 3.600000e+01
    endloop
  endfacet
  facet normal 0.000000e+00 0.000000e+00 1.000000e+00
    outer loop
      vertex   -2.500000e+01 1.125000e+02 3.600000e+01
      vertex   -1.685295e+01 9.744088e+01 3.600000e+01
      vertex   -1.673590e+01 9.763543e+01 3.600000e+01
    endloop
  endfacet
  facet normal 0.000000e+00 -0.000000e+00 1.000000e+00
    outer loop
      vertex   -1.673590e+01 9.763543e+01 3.600000e+01
      vertex   -1.657975e+01 9.780027e+01 3.600000e+01
      vertex   -2.500000e+01 1.125000e+02 3.600000e+01
    endloop
  endfacet
  facet normal 0.000000e+00 0.000000e+00 1.000000e+00
    outer loop
      vertex   -2.500000e+01 1.125000e+02 3.600000e+01
      vertex   -1.657975e+01 9.780027e+01 3.600000e+01
      vertex   -1.639183e+01 9.792769e+01 3.600000e+01
    endloop
  endfacet
  facet normal 0.000000e+00 0.000000e+00 1.000000e+00
    outer loop
      vertex   -2.500000e+01 1.125000e+02 3.600000e+01
      vertex   -1.639183e+01 9.792769e+01 3.600000e+01
      vertex   -1.290000e+01 1.029000e+02 3.600000e+01
    endloop
  endfacet
  facet normal 0.000000e+00 0.000000e+00 1.000000e+00
    outer loop
      vertex   -1.290000e+01 1.029000e+02 3.600000e+01
      vertex   -1.639183e+01 9.792769e+01 3.600000e+01
      vertex   -1.618090e+01 9.801173e+01 3.600000e+01
    endloop
  endfacet
  facet normal 0.000000e+00 0.000000e+00 1.000000e+00
    outer loop
      vertex   -1.290000e+01 1.029000e+02 3.600000e+01
      vertex   -1.618090e+01 9.801173e+01 3.600000e+01
      vertex   -1.595684e+01 9.804846e+01 3.600000e+01
    endloop
  endfacet
  facet normal -0.000000e+00 0.000000e+00 1.000000e+00
    outer loop
      vertex   -1.595684e+01 9.804846e+01 3.600000e+01
      vertex   -1.573013e+01 9.803617e+01 3.600000e+01
      vertex   -1.290000e+01 1.029000e+02 3.600000e+01
    endloop
  endfacet
  facet normal 0.000000e+00 0.000000e+00 1.000000e+00
    outer loop
      vertex   -1.290000e+01 1.029000e+02 3.600000e+01
      vertex   -1.573013e+01 9.803617e+01 3.600000e+01
      vertex   -1.551135e+01 9.797542e+01 3.600000e+01
    endloop
  endfacet
  facet normal 0.000000e+00 0.000000e+00 1.000000e+00
    outer loop
      vertex   -1.290000e+01 1.029000e+02 3.600000e+01
      vertex   -1.551135e+01 9.797542e+01 3.600000e+01
      vertex   -1.531075e+01 9.786907e+01 3.600000e+01
    endloop
  endfacet
  facet normal -0.000000e+00 0.000000e+00 1.000000e+00
    outer loop
      vertex   -1.531075e+01 9.786907e+01 3.600000e+01
      vertex   -1.513770e+01 9.772208e+01 3.600000e+01
      vertex   -1.290000e+01 1.029000e+02 3.600000e+01
    endloop
  endfacet
  facet normal 0.000000e+00 0.000000e+00 1.000000e+00
    outer loop
      vertex   -1.290000e+01 1.029000e+02 3.600000e+01
      vertex   -1.513770e+01 9.772208e+01 3.600000e+01
      vertex   -1.500030e+01 9.754133e+01 3.600000e+01
    endloop
  endfacet
  facet normal 0.000000e+00 0.000000e+00 1.000000e+00
    outer loop
      vertex   -1.290000e+01 1.029000e+02 3.600000e+01
      vertex   -1.500030e+01 9.754133e+01 3.600000e+01
      vertex   -1.490496e+01 9.733526e+01 3.600000e+01
    endloop
  endfacet
  facet normal -0.000000e+00 0.000000e+00 1.000000e+00
    outer loop
      vertex   -1.490496e+01 9.733526e+01 3.600000e+01
      vertex   -1.485615e+01 9.711352e+01 3.600000e+01
      vertex   -1.290000e+01 1.029000e+02 3.600000e+01
    endloop
  endfacet
  facet normal 0.000000e+00 0.000000e+00 1.000000e+00
    outer loop
      vertex   -1.290000e+01 1.029000e+02 3.600000e+01
      vertex   -1.485615e+01 9.711352e+01 3.600000e+01
      vertex   -1.290000e+01 9.110000e+01 3.600000e+01
    endloop
  endfacet
  facet normal 0.000000e+00 0.000000e+00 1.000000e+00
    outer loop
      vertex   -1.290000e+01 9.110000e+01 3.600000e+01
      vertex   -1.485615e+01 9.711352e+01 3.600000e+01
      vertex   -1.485615e+01 9.688647e+01 3.600000e+01
    endloop
  endfacet
  facet normal 0.000000e+00 0.000000e+00 1.000000e+00
    outer loop
      vertex   -1.290000e+01 9.110000e+01 3.600000e+01
      vertex   -1.485615e+01 9.688647e+01 3.600000e+01
      vertex   -1.490496e+01 9.666473e+01 3.600000e+01
    endloop
  endfacet
  facet normal 0.000000e+00 0.000000e+00 1.000000e+00
    outer loop
      vertex   -1.490496e+01 9.666473e+01 3.600000e+01
      vertex   -1.500030e+01 9.645867e+01 3.600000e+01
      vertex   -1.290000e+01 9.110000e+01 3.600000e+01
    endloop
  endfacet
  facet normal 0.000000e+00 0.000000e+00 1.000000e+00
    outer loop
      vertex   -1.290000e+01 9.110000e+01 3.600000e+01
      vertex   -1.500030e+01 9.645867e+01 3.600000e+01
      vertex   -1.513770e+01 9.627791e+01 3.600000e+01
    endloop
  endfacet
  facet normal 0.000000e+00 0.000000e+00 1.000000e+00
    outer loop
      vertex   -1.290000e+01 9.110000e+01 3.600000e+01
      vertex   -1.513770e+01 9.627791e+01 3.600000e+01
      vertex   -1.531075e+01 9.613092e+01 3.600000e+01
    endloop
  endfacet
  facet normal 0.000000e+00 0.000000e+00 1.000000e+00
    outer loop
      vertex   -1.531075e+01 9.613092e+01 3.600000e+01
      vertex   -1.551135e+01 9.602457e+01 3.600000e+01
      vertex   -1.290000e+01 9.110000e+01 3.600000e+01
    endloop
  endfacet
  facet normal 0.000000e+00 0.000000e+00 1.000000e+00
    outer loop
      vertex   -1.290000e+01 9.110000e+01 3.600000e+01
      vertex   -1.551135e+01 9.602457e+01 3.600000e+01
      vertex   -1.573013e+01 9.596383e+01 3.600000e+01
    endloop
  endfacet
  facet normal 0.000000e+00 0.000000e+00 1.000000e+00
    outer loop
      vertex   -1.290000e+01 9.110000e+01 3.600000e+01
      vertex   -1.573013e+01 9.596383e+01 3.600000e+01
      vertex   -1.595684e+01 9.595154e+01 3.600000e+01
    endloop
  endfacet
  facet normal 0.000000e+00 0.000000e+00 1.000000e+00
    outer loop
      vertex   -1.595684e+01 9.595154e+01 3.600000e+01
      vertex   -1.618090e+01 9.598827e+01 3.600000e+01
      vertex   -1.290000e+01 9.110000e+01 3.600000e+01
    endloop
  endfacet
  facet normal 0.000000e+00 0.000000e+00 1.000000e+00
    outer loop
      vertex   -1.290000e+01 9.110000e+01 3.600000e+01
      vertex   -1.618090e+01 9.598827e+01 3.600000e+01
      vertex   -1.639183e+01 9.607231e+01 3.600000e+01
    endloop
  endfacet
  facet normal 0.000000e+00 0.000000e+00 1.000000e+00
    outer loop
      vertex   1.010000e+01 9.110000e+01 3.600000e+01
      vertex   1.205000e+01 9.700000e+01 3.600000e+01
      vertex   1.010000e+01 1.029000e+02 3.600000e+01
    endloop
  endfacet
  facet normal 0.000000e+00 0.000000e+00 1.000000e+00
    outer loop
      vertex   1.010000e+01 1.029000e+02 3.600000e+01
      vertex   1.205000e+01 9.700000e+01 3.600000e+01
      vertex   1.207455e+01 9.722572e+01 3.600000e+01
    endloop
  endfacet
  facet normal 0.000000e+00 0.000000e+00 1.000000e+00
    outer loop
      vertex   1.010000e+01 1.029000e+02 3.600000e+01
      vertex   1.207455e+01 9.722572e+01 3.600000e+01
      vertex   1.214705e+01 9.744088e+01 3.600000e+01
    endloop
  endfacet
  facet normal 0.000000e+00 -0.000000e+00 1.000000e+00
    outer loop
      vertex   1.214705e+01 9.744088e+01 3.600000e+01
      vertex   1.226410e+01 9.763543e+01 3.600000e+01
      vertex   1.010000e+01 1.029000e+02 3.600000e+01
    endloop
  endfacet
  facet normal 0.000000e+00 0.000000e+00 1.000000e+00
    outer loop
      vertex   1.010000e+01 1.029000e+02 3.600000e+01
      vertex   1.226410e+01 9.763543e+01 3.600000e+01
      vertex   1.242025e+01 9.780027e+01 3.600000e+01
    endloop
  endfacet
  facet normal 0.000000e+00 0.000000e+00 1.000000e+00
    outer loop
      vertex   1.010000e+01 1.029000e+02 3.600000e+01
      vertex   1.242025e+01 9.780027e+01 3.600000e+01
      vertex   1.260817e+01 9.792769e+01 3.600000e+01
    endloop
  endfacet
  facet normal 0.000000e+00 -0.000000e+00 1.000000e+00
    outer loop
      vertex   1.260817e+01 9.792769e+01 3.600000e+01
      vertex   1.281910e+01 9.801173e+01 3.600000e+01
      vertex   1.010000e+01 1.029000e+02 3.600000e+01
    endloop
  endfacet
  facet normal 0.000000e+00 0.000000e+00 1.000000e+00
    outer loop
      vertex   1.010000e+01 1.029000e+02 3.600000e+01
      vertex   1.281910e+01 9.801173e+01 3.600000e+01
      vertex   1.304316e+01 9.804846e+01 3.600000e+01
    endloop
  endfacet
  facet normal 0.000000e+00 0.000000e+00 1.000000e+00
    outer loop
      vertex   1.010000e+01 1.029000e+02 3.600000e+01
      vertex   1.304316e+01 9.804846e+01 3.600000e+01
      vertex   1.326987e+01 9.803617e+01 3.600000e+01
    endloop
  endfacet
  facet normal -0.000000e+00 -0.000000e+00 1.000000e+00
    outer loop
      vertex   1.326987e+01 9.803617e+01 3.600000e+01
      vertex   1.348865e+01 9.797542e+01 3.600000e+01
      vertex   1.010000e+01 1.029000e+02 3.600000e+01
    endloop
  endfacet
  facet normal 0.000000e+00 0.000000e+00 1.000000e+00
    outer loop
      vertex   1.010000e+01 1.029000e+02 3.600000e+01
      vertex   1.348865e+01 9.797542e+01 3.600000e+01
      vertex   1.368925e+01 9.786907e+01 3.600000e+01
    endloop
  endfacet
  facet normal -0.000000e+00 0.000000e+00 1.000000e+00
    outer loop
      vertex   1.010000e+01 1.029000e+02 3.600000e+01
      vertex   1.368925e+01 9.786907e+01 3.600000e+01
      vertex   2.500000e+01 1.125000e+02 3.600000e+01
    endloop
  endfacet
  facet normal 0.000000e+00 0.000000e+00 1.000000e+00
    outer loop
      vertex   2.500000e+01 1.125000e+02 3.600000e+01
      vertex   1.368925e+01 9.786907e+01 3.600000e+01
      vertex   1.386230e+01 9.772208e+01 3.600000e+01
    endloop
  endfacet
  facet normal 0.000000e+00 0.000000e+00 1.000000e+00
    outer loop
      vertex   2.500000e+01 1.125000e+02 3.600000e+01
      vertex   1.386230e+01 9.772208e+01 3.600000e+01
      vertex   1.399970e+01 9.754133e+01 3.600000e+01
    endloop
  endfacet
  facet normal -0.000000e+00 0.000000e+00 1.000000e+00
    outer loop
      vertex   1.399970e+01 9.754133e+01 3.600000e+01
      vertex   1.409504e+01 9.733526e+01 3.600000e+01
      vertex   2.500000e+01 1.125000e+02 3.600000e+01
    endloop
  endfacet
  facet normal 0.000000e+00 0.000000e+00 1.000000e+00
    outer loop
      vertex   2.500000e+01 1.125000e+02 3.600000e+01
      vertex   1.409504e+01 9.733526e+01 3.600000e+01
      vertex   1.414385e+01 9.711352e+01 3.600000e+01
    endloop
  endfacet
  facet normal 0.000000e+00 0.000000e+00 1.000000e+00
    outer loop
      vertex   2.500000e+01 1.125000e+02 3.600000e+01
      vertex   1.414385e+01 9.711352e+01 3.600000e+01
      vertex   1.414385e+01 9.688647e+01 3.600000e+01
    endloop
  endfacet
  facet normal 0.000000e+00 0.000000e+00 1.000000e+00
    outer loop
      vertex   1.326987e+01 9.596383e+01 3.600000e+01
      vertex   1.304316e+01 9.595154e+01 3.600000e+01
      vertex   1.010000e+01 9.110000e+01 3.600000e+01
    endloop
  endfacet
  facet normal 0.000000e+00 0.000000e+00 1.000000e+00
    outer loop
      vertex   1.010000e+01 9.110000e+01 3.600000e+01
      vertex   1.304316e+01 9.595154e+01 3.600000e+01
      vertex   1.281910e+01 9.598827e+01 3.600000e+01
    endloop
  endfacet
  facet normal 0.000000e+00 0.000000e+00 1.000000e+00
    outer loop
      vertex   1.010000e+01 9.110000e+01 3.600000e+01
      vertex   1.281910e+01 9.598827e+01 3.600000e+01
      vertex   1.260817e+01 9.607231e+01 3.600000e+01
    endloop
  endfacet
  facet normal 0.000000e+00 0.000000e+00 1.000000e+00
    outer loop
      vertex   1.260817e+01 9.607231e+01 3.600000e+01
      vertex   1.242025e+01 9.619973e+01 3.600000e+01
      vertex   1.010000e+01 9.110000e+01 3.600000e+01
    endloop
  endfacet
  facet normal 0.000000e+00 0.000000e+00 1.000000e+00
    outer loop
      vertex   1.010000e+01 9.110000e+01 3.600000e+01
      vertex   1.242025e+01 9.619973e+01 3.600000e+01
      vertex   1.226410e+01 9.636456e+01 3.600000e+01
    endloop
  endfacet
  facet normal 0.000000e+00 0.000000e+00 1.000000e+00
    outer loop
      vertex   1.010000e+01 9.110000e+01 3.600000e+01
      vertex   1.226410e+01 9.636456e+01 3.600000e+01
      vertex   1.214705e+01 9.655911e+01 3.600000e+01
    endloop
  endfacet
  facet normal 0.000000e+00 0.000000e+00 1.000000e+00
    outer loop
      vertex   1.214705e+01 9.655911e+01 3.600000e+01
      vertex   1.207455e+01 9.677428e+01 3.600000e+01
      vertex   1.010000e+01 9.110000e+01 3.600000e+01
    endloop
  endfacet
  facet normal 0.000000e+00 0.000000e+00 1.000000e+00
    outer loop
      vertex   1.010000e+01 9.110000e+01 3.600000e+01
      vertex   1.207455e+01 9.677428e+01 3.600000e+01
      vertex   1.205000e+01 9.700000e+01 3.600000e+01
    endloop
  endfacet
  facet normal -0.000000e+00 0.000000e+00 1.000000e+00
    outer loop
      vertex   -4.524540e+01 1.136551e+01 3.600000e+01
      vertex   -4.077082e+01 7.203435e+00 3.600000e+01
      vertex   -4.264706e+01 1.266129e+01 3.600000e+01
    endloop
  endfacet
  facet normal 0.000000e+00 0.000000e+00 1.000000e+00
    outer loop
      vertex   -4.264706e+01 1.266129e+01 3.600000e+01
      vertex   -4.077082e+01 7.203435e+00 3.600000e+01
      vertex   -4.048240e+01 7.448417e+00 3.600000e+01
    endloop
  endfacet
  facet normal 0.000000e+00 0.000000e+00 1.000000e+00
    outer loop
      vertex   -4.264706e+01 1.266129e+01 3.600000e+01
      vertex   -4.048240e+01 7.448417e+00 3.600000e+01
      vertex   -4.014807e+01 7.625671e+00 3.600000e+01
    endloop
  endfacet
  facet normal -0.000000e+00 0.000000e+00 1.000000e+00
    outer loop
      vertex   -4.773723e+01 9.875121e+00 3.600000e+01
      vertex   -4.124007e+01 6.189168e+00 3.600000e+01
      vertex   -4.524540e+01 1.136551e+01 3.600000e+01
    endloop
  endfacet
  facet normal 0.000000e+00 0.000000e+00 1.000000e+00
    outer loop
      vertex   -4.524540e+01 1.136551e+01 3.600000e+01
      vertex   -4.124007e+01 6.189168e+00 3.600000e+01
      vertex   -4.115872e+01 6.558738e+00 3.600000e+01
    endloop
  endfacet
  facet normal 0.000000e+00 0.000000e+00 1.000000e+00
    outer loop
      vertex   -4.524540e+01 1.136551e+01 3.600000e+01
      vertex   -4.115872e+01 6.558738e+00 3.600000e+01
      vertex   -4.099983e+01 6.902180e+00 3.600000e+01
    endloop
  endfacet
  facet normal 0.000000e+00 0.000000e+00 1.000000e+00
    outer loop
      vertex   -4.124007e+01 6.189168e+00 3.600000e+01
      vertex   -4.773723e+01 9.875121e+00 3.600000e+01
      vertex   -4.124007e+01 5.810751e+00 3.600000e+01
    endloop
  endfacet
  facet normal 0.000000e+00 0.000000e+00 1.000000e+00
    outer loop
      vertex   -4.124007e+01 5.810751e+00 3.600000e+01
      vertex   -4.773723e+01 9.875121e+00 3.600000e+01
      vertex   -5.010798e+01 8.198824e+00 3.600000e+01
    endloop
  endfacet
  facet normal 0.000000e+00 0.000000e+00 1.000000e+00
    outer loop
      vertex   6.500000e+01 -2.196773e+01 3.600000e+01
      vertex   4.059458e+01 4.252523e+00 3.600000e+01
      vertex   6.500000e+01 -2.650000e+01 3.600000e+01
    endloop
  endfacet
  facet normal 0.000000e+00 0.000000e+00 1.000000e+00
    outer loop
      vertex   6.500000e+01 -2.650000e+01 3.600000e+01
      vertex   4.059458e+01 4.252523e+00 3.600000e+01
      vertex   4.021672e+01 4.273010e+00 3.600000e+01
    endloop
  endfacet
  facet normal 0.000000e+00 0.000000e+00 1.000000e+00
    outer loop
      vertex   6.500000e+01 -2.650000e+01 3.600000e+01
      vertex   4.021672e+01 4.273010e+00 3.600000e+01
      vertex   3.985209e+01 4.374248e+00 3.600000e+01
    endloop
  endfacet
  facet normal 0.000000e+00 0.000000e+00 1.000000e+00
    outer loop
      vertex   6.500000e+01 -2.196773e+01 3.600000e+01
      vertex   6.488907e+01 -1.906633e+01 3.600000e+01
      vertex   4.059458e+01 4.252523e+00 3.600000e+01
    endloop
  endfacet
  facet normal 0.000000e+00 0.000000e+00 1.000000e+00
    outer loop
      vertex   4.059458e+01 4.252523e+00 3.600000e+01
      vertex   6.488907e+01 -1.906633e+01 3.600000e+01
      vertex   6.455694e+01 -1.618187e+01 3.600000e+01
    endloop
  endfacet
  facet normal 0.000000e+00 0.000000e+00 1.000000e+00
    outer loop
      vertex   4.059458e+01 4.252523e+00 3.600000e+01
      vertex   6.455694e+01 -1.618187e+01 3.600000e+01
      vertex   6.400554e+01 -1.333118e+01 3.600000e+01
    endloop
  endfacet
  facet normal -0.000000e+00 0.000000e+00 1.000000e+00
    outer loop
      vertex   4.059458e+01 4.252523e+00 3.600000e+01
      vertex   6.400554e+01 -1.333118e+01 3.600000e+01
      vertex   4.096801e+01 4.313744e+00 3.600000e+01
    endloop
  endfacet
  facet normal 0.000000e+00 0.000000e+00 1.000000e+00
    outer loop
      vertex   4.096801e+01 4.313744e+00 3.600000e+01
      vertex   6.400554e+01 -1.333118e+01 3.600000e+01
      vertex   6.323809e+01 -1.053092e+01 3.600000e+01
    endloop
  endfacet
  facet normal 0.000000e+00 0.000000e+00 1.000000e+00
    outer loop
      vertex   4.096801e+01 4.313744e+00 3.600000e+01
      vertex   6.323809e+01 -1.053092e+01 3.600000e+01
      vertex   6.225908e+01 -7.797426e+00 3.600000e+01
    endloop
  endfacet
  facet normal 0.000000e+00 0.000000e+00 1.000000e+00
    outer loop
      vertex   6.225908e+01 -7.797426e+00 3.600000e+01
      vertex   6.107421e+01 -5.146665e+00 3.600000e+01
      vertex   4.096801e+01 4.313744e+00 3.600000e+01
    endloop
  endfacet
  facet normal 0.000000e+00 0.000000e+00 1.000000e+00
    outer loop
      vertex   4.096801e+01 4.313744e+00 3.600000e+01
      vertex   6.107421e+01 -5.146665e+00 3.600000e+01
      vertex   5.969041e+01 -2.594109e+00 3.600000e+01
    endloop
  endfacet
  facet normal -0.000000e+00 0.000000e+00 1.000000e+00
    outer loop
      vertex   4.096801e+01 4.313744e+00 3.600000e+01
      vertex   5.969041e+01 -2.594109e+00 3.600000e+01
      vertex   4.131955e+01 4.453811e+00 3.600000e+01
    endloop
  endfacet
  facet normal 0.000000e+00 0.000000e+00 1.000000e+00
    outer loop
      vertex   4.131955e+01 4.453811e+00 3.600000e+01
      vertex   5.969041e+01 -2.594109e+00 3.600000e+01
      vertex   5.811575e+01 -1.546614e-01 3.600000e+01
    endloop
  endfacet
  facet normal 0.000000e+00 0.000000e+00 1.000000e+00
    outer loop
      vertex   4.131955e+01 4.453811e+00 3.600000e+01
      vertex   5.811575e+01 -1.546614e-01 3.600000e+01
      vertex   5.635943e+01 2.157436e+00 3.600000e+01
    endloop
  endfacet
  facet normal -0.000000e+00 0.000000e+00 1.000000e+00
    outer loop
      vertex   4.131955e+01 4.453811e+00 3.600000e+01
      vertex   5.635943e+01 2.157436e+00 3.600000e+01
      vertex   4.163276e+01 4.666174e+00 3.600000e+01
    endloop
  endfacet
  facet normal 0.000000e+00 0.000000e+00 1.000000e+00
    outer loop
      vertex   4.163276e+01 4.666174e+00 3.600000e+01
      vertex   5.635943e+01 2.157436e+00 3.600000e+01
      vertex   5.443170e+01 4.328684e+00 3.600000e+01
    endloop
  endfacet
  facet normal -0.000000e+00 0.000000e+00 1.000000e+00
    outer loop
      vertex   4.163276e+01 4.666174e+00 3.600000e+01
      vertex   5.443170e+01 4.328684e+00 3.600000e+01
      vertex   4.189300e+01 4.940903e+00 3.600000e+01
    endloop
  endfacet
  facet normal -0.000000e+00 0.000000e+00 1.000000e+00
    outer loop
      vertex   4.189300e+01 4.940903e+00 3.600000e+01
      vertex   5.443170e+01 4.328684e+00 3.600000e+01
      vertex   5.234383e+01 6.346407e+00 3.600000e+01
    endloop
  endfacet
  facet normal 0.000000e+00 0.000000e+00 1.000000e+00
    outer loop
      vertex   4.189300e+01 4.940903e+00 3.600000e+01
      vertex   5.234383e+01 6.346407e+00 3.600000e+01
      vertex   4.208809e+01 5.265152e+00 3.600000e+01
    endloop
  endfacet
  facet normal 0.000000e+00 0.000000e+00 1.000000e+00
    outer loop
      vertex   4.208809e+01 5.265152e+00 3.600000e+01
      vertex   5.234383e+01 6.346407e+00 3.600000e+01
      vertex   5.010798e+01 8.198824e+00 3.600000e+01
    endloop
  endfacet
  facet normal 0.000000e+00 0.000000e+00 1.000000e+00
    outer loop
      vertex   4.208809e+01 5.265152e+00 3.600000e+01
      vertex   5.010798e+01 8.198824e+00 3.600000e+01
      vertex   4.220892e+01 5.623761e+00 3.600000e+01
    endloop
  endfacet
  facet normal 0.000000e+00 0.000000e+00 1.000000e+00
    outer loop
      vertex   4.220892e+01 5.623761e+00 3.600000e+01
      vertex   5.010798e+01 8.198824e+00 3.600000e+01
      vertex   4.773723e+01 9.875121e+00 3.600000e+01
    endloop
  endfacet
  facet normal 0.000000e+00 0.000000e+00 1.000000e+00
    outer loop
      vertex   4.220892e+01 5.623761e+00 3.600000e+01
      vertex   4.773723e+01 9.875121e+00 3.600000e+01
      vertex   4.224984e+01 5.999959e+00 3.600000e+01
    endloop
  endfacet
  facet normal 0.000000e+00 -0.000000e+00 1.000000e+00
    outer loop
      vertex   4.224984e+01 5.999959e+00 3.600000e+01
      vertex   4.773723e+01 9.875121e+00 3.600000e+01
      vertex   4.220892e+01 6.376158e+00 3.600000e+01
    endloop
  endfacet
  facet normal 0.000000e+00 0.000000e+00 1.000000e+00
    outer loop
      vertex   4.220892e+01 6.376158e+00 3.600000e+01
      vertex   4.773723e+01 9.875121e+00 3.600000e+01
      vertex   4.524540e+01 1.136551e+01 3.600000e+01
    endloop
  endfacet
  facet normal 0.000000e+00 -0.000000e+00 1.000000e+00
    outer loop
      vertex   4.220892e+01 6.376158e+00 3.600000e+01
      vertex   4.524540e+01 1.136551e+01 3.600000e+01
      vertex   4.208809e+01 6.734766e+00 3.600000e+01
    endloop
  endfacet
  facet normal 0.000000e+00 -0.000000e+00 1.000000e+00
    outer loop
      vertex   4.208809e+01 6.734766e+00 3.600000e+01
      vertex   4.524540e+01 1.136551e+01 3.600000e+01
      vertex   4.189300e+01 7.059016e+00 3.600000e+01
    endloop
  endfacet
  facet normal 0.000000e+00 -0.000000e+00 1.000000e+00
    outer loop
      vertex   4.189300e+01 7.059016e+00 3.600000e+01
      vertex   4.524540e+01 1.136551e+01 3.600000e+01
      vertex   4.163276e+01 7.333745e+00 3.600000e+01
    endloop
  endfacet
  facet normal 0.000000e+00 0.000000e+00 1.000000e+00
    outer loop
      vertex   4.163276e+01 7.333745e+00 3.600000e+01
      vertex   4.524540e+01 1.136551e+01 3.600000e+01
      vertex   4.264706e+01 1.266129e+01 3.600000e+01
    endloop
  endfacet
  facet normal 0.000000e+00 -0.000000e+00 1.000000e+00
    outer loop
      vertex   4.163276e+01 7.333745e+00 3.600000e+01
      vertex   4.264706e+01 1.266129e+01 3.600000e+01
      vertex   4.131955e+01 7.546108e+00 3.600000e+01
    endloop
  endfacet
  facet normal 0.000000e+00 -0.000000e+00 1.000000e+00
    outer loop
      vertex   4.131955e+01 7.546108e+00 3.600000e+01
      vertex   4.264706e+01 1.266129e+01 3.600000e+01
      vertex   4.096801e+01 7.686174e+00 3.600000e+01
    endloop
  endfacet
  facet normal 0.000000e+00 -0.000000e+00 1.000000e+00
    outer loop
      vertex   4.096801e+01 7.686174e+00 3.600000e+01
      vertex   4.264706e+01 1.266129e+01 3.600000e+01
      vertex   4.059458e+01 7.747395e+00 3.600000e+01
    endloop
  endfacet
  facet normal 0.000000e+00 -0.000000e+00 1.000000e+00
    outer loop
      vertex   4.059458e+01 7.747395e+00 3.600000e+01
      vertex   4.264706e+01 1.266129e+01 3.600000e+01
      vertex   4.028732e+01 1.385546e+01 3.600000e+01
    endloop
  endfacet
  facet normal 0.000000e+00 0.000000e+00 1.000000e+00
    outer loop
      vertex   4.059458e+01 7.747395e+00 3.600000e+01
      vertex   4.028732e+01 1.385546e+01 3.600000e+01
      vertex   4.021672e+01 7.726908e+00 3.600000e+01
    endloop
  endfacet
  facet normal 0.000000e+00 -0.000000e+00 1.000000e+00
    outer loop
      vertex   4.021672e+01 7.726908e+00 3.600000e+01
      vertex   4.028732e+01 1.385546e+01 3.600000e+01
      vertex   3.985209e+01 7.625671e+00 3.600000e+01
    endloop
  endfacet
  facet normal 0.000000e+00 -0.000000e+00 1.000000e+00
    outer loop
      vertex   3.985209e+01 7.625671e+00 3.600000e+01
      vertex   4.028732e+01 1.385546e+01 3.600000e+01
      vertex   3.951776e+01 7.448417e+00 3.600000e+01
    endloop
  endfacet
  facet normal 0.000000e+00 -0.000000e+00 1.000000e+00
    outer loop
      vertex   3.951776e+01 7.448417e+00 3.600000e+01
      vertex   4.028732e+01 1.385546e+01 3.600000e+01
      vertex   3.804191e+01 1.525281e+01 3.600000e+01
    endloop
  endfacet
  facet normal 0.000000e+00 0.000000e+00 1.000000e+00
    outer loop
      vertex   3.951776e+01 7.448417e+00 3.600000e+01
      vertex   3.804191e+01 1.525281e+01 3.600000e+01
      vertex   3.922934e+01 7.203435e+00 3.600000e+01
    endloop
  endfacet
  facet normal 0.000000e+00 0.000000e+00 1.000000e+00
    outer loop
      vertex   2.604373e+01 3.215560e+01 3.600000e+01
      vertex   2.546539e+01 3.473628e+01 3.600000e+01
      vertex   4.700000e+00 1.430000e+01 3.600000e+01
    endloop
  endfacet
  facet normal 0.000000e+00 0.000000e+00 1.000000e+00
    outer loop
      vertex   4.700000e+00 1.430000e+01 3.600000e+01
      vertex   2.546539e+01 3.473628e+01 3.600000e+01
      vertex   2.511657e+01 3.735787e+01 3.600000e+01
    endloop
  endfacet
  facet normal 0.000000e+00 0.000000e+00 1.000000e+00
    outer loop
      vertex   4.700000e+00 1.430000e+01 3.600000e+01
      vertex   2.511657e+01 3.735787e+01 3.600000e+01
      vertex   2.500000e+01 4.000000e+01 3.600000e+01
    endloop
  endfacet
  facet normal 0.000000e+00 0.000000e+00 1.000000e+00
    outer loop
      vertex   2.488606e+01 1.138024e+02 3.600000e+01
      vertex   2.454769e+01 1.150652e+02 3.600000e+01
      vertex   2.500000e+01 1.125000e+02 3.600000e+01
    endloop
  endfacet
  facet normal 0.000000e+00 0.000000e+00 1.000000e+00
    outer loop
      vertex   2.500000e+01 1.125000e+02 3.600000e+01
      vertex   2.454769e+01 1.150652e+02 3.600000e+01
      vertex   2.399519e+01 1.162500e+02 3.600000e+01
    endloop
  endfacet
  facet normal 0.000000e+00 0.000000e+00 1.000000e+00
    outer loop
      vertex   2.500000e+01 1.125000e+02 3.600000e+01
      vertex   2.399519e+01 1.162500e+02 3.600000e+01
      vertex   2.324533e+01 1.173209e+02 3.600000e+01
    endloop
  endfacet
  facet normal 0.000000e+00 0.000000e+00 1.000000e+00
    outer loop
      vertex   2.324533e+01 1.173209e+02 3.600000e+01
      vertex   2.232091e+01 1.182453e+02 3.600000e+01
      vertex   2.500000e+01 1.125000e+02 3.600000e+01
    endloop
  endfacet
  facet normal 0.000000e+00 0.000000e+00 1.000000e+00
    outer loop
      vertex   2.500000e+01 1.125000e+02 3.600000e+01
      vertex   2.232091e+01 1.182453e+02 3.600000e+01
      vertex   2.125000e+01 1.189952e+02 3.600000e+01
    endloop
  endfacet
  facet normal 0.000000e+00 0.000000e+00 1.000000e+00
    outer loop
      vertex   2.500000e+01 1.125000e+02 3.600000e+01
      vertex   2.125000e+01 1.189952e+02 3.600000e+01
      vertex   2.006515e+01 1.195477e+02 3.600000e+01
    endloop
  endfacet
  facet normal 0.000000e+00 0.000000e+00 1.000000e+00
    outer loop
      vertex   2.006515e+01 1.195477e+02 3.600000e+01
      vertex   1.880236e+01 1.198861e+02 3.600000e+01
      vertex   2.500000e+01 1.125000e+02 3.600000e+01
    endloop
  endfacet
  facet normal 0.000000e+00 0.000000e+00 1.000000e+00
    outer loop
      vertex   2.500000e+01 1.125000e+02 3.600000e+01
      vertex   1.880236e+01 1.198861e+02 3.600000e+01
      vertex   1.750000e+01 1.200000e+02 3.600000e+01
    endloop
  endfacet
  facet normal 0.000000e+00 0.000000e+00 1.000000e+00
    outer loop
      vertex   2.500000e+01 1.125000e+02 3.600000e+01
      vertex   1.750000e+01 1.200000e+02 3.600000e+01
      vertex   1.010000e+01 1.029000e+02 3.600000e+01
    endloop
  endfacet
  facet normal 0.000000e+00 0.000000e+00 1.000000e+00
    outer loop
      vertex   -2.006515e+01 1.195477e+02 3.600000e+01
      vertex   -2.125000e+01 1.189952e+02 3.600000e+01
      vertex   -2.500000e+01 1.125000e+02 3.600000e+01
    endloop
  endfacet
  facet normal 0.000000e+00 0.000000e+00 1.000000e+00
    outer loop
      vertex   -2.500000e+01 1.125000e+02 3.600000e+01
      vertex   -2.125000e+01 1.189952e+02 3.600000e+01
      vertex   -2.232091e+01 1.182453e+02 3.600000e+01
    endloop
  endfacet
  facet normal 0.000000e+00 0.000000e+00 1.000000e+00
    outer loop
      vertex   -2.500000e+01 1.125000e+02 3.600000e+01
      vertex   -2.232091e+01 1.182453e+02 3.600000e+01
      vertex   -2.324533e+01 1.173209e+02 3.600000e+01
    endloop
  endfacet
  facet normal 0.000000e+00 0.000000e+00 1.000000e+00
    outer loop
      vertex   -2.324533e+01 1.173209e+02 3.600000e+01
      vertex   -2.399519e+01 1.162500e+02 3.600000e+01
      vertex   -2.500000e+01 1.125000e+02 3.600000e+01
    endloop
  endfacet
  facet normal 0.000000e+00 0.000000e+00 1.000000e+00
    outer loop
      vertex   -2.500000e+01 1.125000e+02 3.600000e+01
      vertex   -2.399519e+01 1.162500e+02 3.600000e+01
      vertex   -2.454769e+01 1.150652e+02 3.600000e+01
    endloop
  endfacet
  facet normal 0.000000e+00 0.000000e+00 1.000000e+00
    outer loop
      vertex   -2.500000e+01 1.125000e+02 3.600000e+01
      vertex   -2.454769e+01 1.150652e+02 3.600000e+01
      vertex   -2.488606e+01 1.138024e+02 3.600000e+01
    endloop
  endfacet
  facet normal 0.000000e+00 0.000000e+00 1.000000e+00
    outer loop
      vertex   -2.546539e+01 3.473628e+01 3.600000e+01
      vertex   -2.604373e+01 3.215560e+01 3.600000e+01
      vertex   -4.700000e+00 1.430000e+01 3.600000e+01
    endloop
  endfacet
  facet normal 0.000000e+00 0.000000e+00 1.000000e+00
    outer loop
      vertex   -4.700000e+00 1.430000e+01 3.600000e+01
      vertex   -2.604373e+01 3.215560e+01 3.600000e+01
      vertex   -2.684712e+01 2.963587e+01 3.600000e+01
    endloop
  endfacet
  facet normal 0.000000e+00 -0.000000e+00 1.000000e+00
    outer loop
      vertex   -3.836740e+01 7.333745e+00 3.600000e+01
      vertex   -3.804191e+01 1.525281e+01 3.600000e+01
      vertex   -3.868061e+01 7.546108e+00 3.600000e+01
    endloop
  endfacet
  facet normal 0.000000e+00 -0.000000e+00 1.000000e+00
    outer loop
      vertex   -3.868061e+01 7.546108e+00 3.600000e+01
      vertex   -3.804191e+01 1.525281e+01 3.600000e+01
      vertex   -4.028732e+01 1.385546e+01 3.600000e+01
    endloop
  endfacet
  facet normal 0.000000e+00 0.000000e+00 1.000000e+00
    outer loop
      vertex   -3.868061e+01 7.546108e+00 3.600000e+01
      vertex   -4.028732e+01 1.385546e+01 3.600000e+01
      vertex   -3.903215e+01 7.686174e+00 3.600000e+01
    endloop
  endfacet
  facet normal 0.000000e+00 0.000000e+00 1.000000e+00
    outer loop
      vertex   -3.903215e+01 7.686174e+00 3.600000e+01
      vertex   -4.028732e+01 1.385546e+01 3.600000e+01
      vertex   -3.940558e+01 7.747395e+00 3.600000e+01
    endloop
  endfacet
  facet normal 0.000000e+00 0.000000e+00 1.000000e+00
    outer loop
      vertex   -3.940558e+01 7.747395e+00 3.600000e+01
      vertex   -4.028732e+01 1.385546e+01 3.600000e+01
      vertex   -3.978344e+01 7.726908e+00 3.600000e+01
    endloop
  endfacet
  facet normal 0.000000e+00 0.000000e+00 1.000000e+00
    outer loop
      vertex   -3.978344e+01 7.726908e+00 3.600000e+01
      vertex   -4.028732e+01 1.385546e+01 3.600000e+01
      vertex   -4.264706e+01 1.266129e+01 3.600000e+01
    endloop
  endfacet
  facet normal 0.000000e+00 0.000000e+00 1.000000e+00
    outer loop
      vertex   -3.978344e+01 7.726908e+00 3.600000e+01
      vertex   -4.264706e+01 1.266129e+01 3.600000e+01
      vertex   -4.014807e+01 7.625671e+00 3.600000e+01
    endloop
  endfacet
  facet normal 0.000000e+00 -0.000000e+00 1.000000e+00
    outer loop
      vertex   -4.099983e+01 6.902180e+00 3.600000e+01
      vertex   -4.077082e+01 7.203435e+00 3.600000e+01
      vertex   -4.524540e+01 1.136551e+01 3.600000e+01
    endloop
  endfacet
  facet normal 0.000000e+00 -0.000000e+00 1.000000e+00
    outer loop
      vertex   4.700000e+00 1.430000e+01 3.600000e+01
      vertex   2.500000e+01 4.000000e+01 3.600000e+01
      vertex   -2.500000e+01 4.000000e+01 3.600000e+01
    endloop
  endfacet
  facet normal -0.000000e+00 0.000000e+00 1.000000e+00
    outer loop
      vertex   -2.500000e+01 4.000000e+01 3.600000e+01
      vertex   2.500000e+01 4.000000e+01 3.600000e+01
      vertex   -4.700000e+00 7.490000e+01 3.600000e+01
    endloop
  endfacet
  facet normal 9.992700e-01 3.820425e-02 0.000000e+00
    outer loop
      vertex   6.500000e+01 -2.196773e+01 3.600000e+01
      vertex   6.500000e+01 -2.196773e+01 3.300000e+01
      vertex   6.488907e+01 -1.906633e+01 3.600000e+01
    endloop
  endfacet
  facet normal 9.992700e-01 3.820425e-02 4.643008e-15
    outer loop
      vertex   6.488907e+01 -1.906633e+01 3.600000e+01
      vertex   6.500000e+01 -2.196773e+01 3.300000e+01
      vertex   6.488907e+01 -1.906633e+01 3.300000e+01
    endloop
  endfacet
  facet normal 9.934360e-01 1.143897e-01 4.434929e-15
    outer loop
      vertex   6.488907e+01 -1.906633e+01 3.600000e+01
      vertex   6.488907e+01 -1.906633e+01 3.300000e+01
      vertex   6.455694e+01 -1.618187e+01 3.600000e+01
    endloop
  endfacet
  facet normal 9.934360e-01 1.143897e-01 -2.709293e-16
    outer loop
      vertex   6.455694e+01 -1.618187e+01 3.600000e+01
      vertex   6.488907e+01 -1.906633e+01 3.300000e+01
      vertex   6.455694e+01 -1.618187e+01 3.300000e+01
    endloop
  endfacet
  facet normal 9.818020e-01 1.899073e-01 -4.497909e-16
    outer loop
      vertex   6.455694e+01 -1.618187e+01 3.600000e+01
      vertex   6.455694e+01 -1.618187e+01 3.300000e+01
      vertex   6.400554e+01 -1.333118e+01 3.600000e+01
    endloop
  endfacet
  facet normal 9.818020e-01 1.899073e-01 -5.622387e-16
    outer loop
      vertex   6.400554e+01 -1.333118e+01 3.600000e+01
      vertex   6.455694e+01 -1.618187e+01 3.300000e+01
      vertex   6.400554e+01 -1.333118e+01 3.300000e+01
    endloop
  endfacet
  facet normal 9.644361e-01 2.643162e-01 -7.825333e-16
    outer loop
      vertex   6.400554e+01 -1.333118e+01 3.600000e+01
      vertex   6.400554e+01 -1.333118e+01 3.300000e+01
      vertex   6.323809e+01 -1.053092e+01 3.600000e+01
    endloop
  endfacet
  facet normal 9.644361e-01 2.643162e-01 -7.825333e-16
    outer loop
      vertex   6.323809e+01 -1.053092e+01 3.600000e+01
      vertex   6.400554e+01 -1.333118e+01 3.300000e+01
      vertex   6.323809e+01 -1.053092e+01 3.300000e+01
    endloop
  endfacet
  facet normal 9.414395e-01 3.371820e-01 -9.982592e-16
    outer loop
      vertex   6.323809e+01 -1.053092e+01 3.600000e+01
      vertex   6.323809e+01 -1.053092e+01 3.300000e+01
      vertex   6.225908e+01 -7.797426e+00 3.600000e+01
    endloop
  endfacet
  facet normal 9.414395e-01 3.371820e-01 -9.982592e-16
    outer loop
      vertex   6.225908e+01 -7.797426e+00 3.600000e+01
      vertex   6.323809e+01 -1.053092e+01 3.300000e+01
      vertex   6.225908e+01 -7.797426e+00 3.300000e+01
    endloop
  endfacet
  facet normal 9.129465e-01 4.080792e-01 -1.208157e-15
    outer loop
      vertex   6.225908e+01 -7.797426e+00 3.600000e+01
      vertex   6.225908e+01 -7.797426e+00 3.300000e+01
      vertex   6.107421e+01 -5.146665e+00 3.600000e+01
    endloop
  endfacet
  facet normal 9.129465e-01 4.080792e-01 -1.208157e-15
    outer loop
      vertex   6.107421e+01 -5.146665e+00 3.600000e+01
      vertex   6.225908e+01 -7.797426e+00 3.300000e+01
      vertex   6.107421e+01 -5.146665e+00 3.300000e+01
    endloop
  endfacet
  facet normal 8.791236e-01 4.765939e-01 -1.411001e-15
    outer loop
      vertex   6.107421e+01 -5.146665e+00 3.600000e+01
      vertex   6.107421e+01 -5.146665e+00 3.300000e+01
      vertex   5.969041e+01 -2.594109e+00 3.600000e+01
    endloop
  endfacet
  facet normal 8.791236e-01 4.765939e-01 -1.023932e-15
    outer loop
      vertex   5.969041e+01 -2.594109e+00 3.600000e+01
      vertex   6.107421e+01 -5.146665e+00 3.300000e+01
      vertex   5.969041e+01 -2.594109e+00 3.300000e+01
    endloop
  endfacet
  facet normal 8.401681e-01 5.423261e-01 -7.857117e-16
    outer loop
      vertex   5.969041e+01 -2.594109e+00 3.600000e+01
      vertex   5.969041e+01 -2.594109e+00 3.300000e+01
      vertex   5.811575e+01 -1.546614e-01 3.600000e+01
    endloop
  endfacet
  facet normal 8.401681e-01 5.423261e-01 -8.028040e-16
    outer loop
      vertex   5.811575e+01 -1.546614e-01 3.600000e+01
      vertex   5.969041e+01 -2.594109e+00 3.300000e+01
      vertex   5.811575e+01 -1.546614e-01 3.300000e+01
    endloop
  endfacet
  facet normal 7.963074e-01 6.048921e-01 -8.954202e-16
    outer loop
      vertex   5.811575e+01 -1.546614e-01 3.600000e+01
      vertex   5.811575e+01 -1.546614e-01 3.300000e+01
      vertex   5.635943e+01 2.157436e+00 3.600000e+01
    endloop
  endfacet
  facet normal 7.963074e-01 6.048921e-01 -9.519432e-17
    outer loop
      vertex   5.635943e+01 2.157436e+00 3.600000e+01
      vertex   5.811575e+01 -1.546614e-01 3.300000e+01
      vertex   5.635943e+01 2.157436e+00 3.300000e+01
    endloop
  endfacet
  facet normal 7.477977e-01 6.639266e-01 1.944769e-16
    outer loop
      vertex   5.635943e+01 2.157436e+00 3.600000e+01
      vertex   5.635943e+01 2.157436e+00 3.300000e+01
      vertex   5.443170e+01 4.328684e+00 3.600000e+01
    endloop
  endfacet
  facet normal 7.477977e-01 6.639266e-01 7.883320e-16
    outer loop
      vertex   5.443170e+01 4.328684e+00 3.600000e+01
      vertex   5.635943e+01 2.157436e+00 3.300000e+01
      vertex   5.443170e+01 4.328684e+00 3.300000e+01
    endloop
  endfacet
  facet normal 6.949222e-01 7.190849e-01 5.814469e-16
    outer loop
      vertex   5.443170e+01 4.328684e+00 3.600000e+01
      vertex   5.443170e+01 4.328684e+00 3.300000e+01
      vertex   5.234383e+01 6.346407e+00 3.600000e+01
    endloop
  endfacet
  facet normal 6.949222e-01 7.190849e-01 2.128919e-15
    outer loop
      vertex   5.234383e+01 6.346407e+00 3.600000e+01
      vertex   5.443170e+01 4.328684e+00 3.300000e+01
      vertex   5.234383e+01 6.346407e+00 3.300000e+01
    endloop
  endfacet
  facet normal 6.379895e-01 7.700450e-01 2.279791e-15
    outer loop
      vertex   5.234383e+01 6.346407e+00 3.600000e+01
      vertex   5.234383e+01 6.346407e+00 3.300000e+01
      vertex   5.010798e+01 8.198824e+00 3.600000e+01
    endloop
  endfacet
  facet normal 6.379895e-01 7.700450e-01 2.110209e-15
    outer loop
      vertex   5.010798e+01 8.198824e+00 3.600000e+01
      vertex   5.234383e+01 6.346407e+00 3.300000e+01
      vertex   5.010798e+01 8.198824e+00 3.300000e+01
    endloop
  endfacet
  facet normal 5.773321e-01 8.165094e-01 1.767853e-15
    outer loop
      vertex   5.010798e+01 8.198824e+00 3.600000e+01
      vertex   5.010798e+01 8.198824e+00 3.300000e+01
      vertex   4.773723e+01 9.875121e+00 3.600000e+01
    endloop
  endfacet
  facet normal 5.773321e-01 8.165094e-01 8.301494e-17
    outer loop
      vertex   4.773723e+01 9.875121e+00 3.600000e+01
      vertex   5.010798e+01 8.198824e+00 3.300000e+01
      vertex   4.773723e+01 9.875121e+00 3.300000e+01
    endloop
  endfacet
  facet normal 5.133041e-01 8.582068e-01 3.087332e-16
    outer loop
      vertex   4.773723e+01 9.875121e+00 3.600000e+01
      vertex   4.773723e+01 9.875121e+00 3.300000e+01
      vertex   4.524540e+01 1.136551e+01 3.600000e+01
    endloop
  endfacet
  facet normal 5.133041e-01 8.582068e-01 -5.982819e-16
    outer loop
      vertex   4.524540e+01 1.136551e+01 3.600000e+01
      vertex   4.773723e+01 9.875121e+00 3.300000e+01
      vertex   4.524540e+01 1.136551e+01 3.300000e+01
    endloop
  endfacet
  facet normal 4.462793e-01 8.948937e-01 8.296401e-18
    outer loop
      vertex   4.524540e+01 1.136551e+01 3.600000e+01
      vertex   4.524540e+01 1.136551e+01 3.300000e+01
      vertex   4.264706e+01 1.266129e+01 3.600000e+01
    endloop
  endfacet
  facet normal 4.462793e-01 8.948937e-01 0.000000e+00
    outer loop
      vertex   4.264706e+01 1.266129e+01 3.600000e+01
      vertex   4.524540e+01 1.136551e+01 3.300000e+01
      vertex   4.264706e+01 1.266129e+01 3.300000e+01
    endloop
  endfacet
  facet normal 1.000000e+00 0.000000e+00 -0.000000e+00
    outer loop
      vertex   6.500000e+01 -2.196773e+01 3.300000e+01
      vertex   6.500000e+01 -2.196773e+01 3.600000e+01
      vertex   6.500000e+01 -2.250000e+01 3.300000e+01
    endloop
  endfacet
  facet normal 1.000000e+00 0.000000e+00 -0.000000e+00
    outer loop
      vertex   6.500000e+01 -2.250000e+01 3.300000e+01
      vertex   6.500000e+01 -2.196773e+01 3.600000e+01
      vertex   6.500000e+01 -2.650000e+01 3.600000e+01
    endloop
  endfacet
  facet normal 1.000000e+00 0.000000e+00 0.000000e+00
    outer loop
      vertex   6.500000e+01 -2.250000e+01 3.300000e+01
      vertex   6.500000e+01 -2.650000e+01 3.600000e+01
      vertex   6.500000e+01 -2.640000e+01 3.300000e+01
    endloop
  endfacet
  facet normal 1.000000e+00 0.000000e+00 0.000000e+00
    outer loop
      vertex   6.500000e+01 -2.640000e+01 3.300000e+01
      vertex   6.500000e+01 -2.650000e+01 3.600000e+01
      vertex   6.500000e+01 -2.650000e+01 3.300000e+01
    endloop
  endfacet
  facet normal 1.000000e+00 0.000000e+00 0.000000e+00
    outer loop
      vertex   6.500000e+01 -2.640000e+01 2.800000e+01
      vertex   6.500000e+01 -2.250000e+01 2.800000e+01
      vertex   6.500000e+01 -2.640000e+01 3.300000e+01
    endloop
  endfacet
  facet normal 1.000000e+00 -0.000000e+00 0.000000e+00
    outer loop
      vertex   6.500000e+01 -2.640000e+01 3.300000e+01
      vertex   6.500000e+01 -2.250000e+01 2.800000e+01
      vertex   6.500000e+01 -2.250000e+01 3.300000e+01
    endloop
  endfacet
  facet normal -9.941380e-01 1.081190e-01 0.000000e+00
    outer loop
      vertex   1.562593e+00 1.146560e+02 3.300000e+01
      vertex   1.562593e+00 1.146560e+02 3.600000e+01
      vertex   1.600000e+00 1.150000e+02 3.300000e+01
    endloop
  endfacet
  facet normal -9.941380e-01 1.081190e-01 0.000000e+00
    outer loop
      vertex   1.600000e+00 1.150000e+02 3.300000e+01
      vertex   1.562593e+00 1.146560e+02 3.600000e+01
      vertex   1.600000e+00 1.150000e+02 3.600000e+01
    endloop
  endfacet
  facet normal -9.941380e-01 -1.081190e-01 0.000000e+00
    outer loop
      vertex   1.600000e+00 1.150000e+02 3.300000e+01
      vertex   1.600000e+00 1.150000e+02 3.600000e+01
      vertex   1.562593e+00 1.153440e+02 3.300000e+01
    endloop
  endfacet
  facet normal -9.941380e-01 -1.081190e-01 0.000000e+00
    outer loop
      vertex   1.562593e+00 1.153440e+02 3.300000e+01
      vertex   1.600000e+00 1.150000e+02 3.600000e+01
      vertex   1.562593e+00 1.153440e+02 3.600000e+01
    endloop
  endfacet
  facet normal -9.476532e-01 -3.193015e-01 0.000000e+00
    outer loop
      vertex   1.562593e+00 1.153440e+02 3.300000e+01
      vertex   1.562593e+00 1.153440e+02 3.600000e+01
      vertex   1.452121e+00 1.156718e+02 3.300000e+01
    endloop
  endfacet
  facet normal -9.476532e-01 -3.193015e-01 0.000000e+00
    outer loop
      vertex   1.452121e+00 1.156718e+02 3.300000e+01
      vertex   1.562593e+00 1.153440e+02 3.600000e+01
      vertex   1.452121e+00 1.156718e+02 3.600000e+01
    endloop
  endfacet
  facet normal -8.568572e-01 -5.155539e-01 0.000000e+00
    outer loop
      vertex   1.452121e+00 1.156718e+02 3.300000e+01
      vertex   1.452121e+00 1.156718e+02 3.600000e+01
      vertex   1.273749e+00 1.159683e+02 3.300000e+01
    endloop
  endfacet
  facet normal -8.568572e-01 -5.155539e-01 1.902605e-16
    outer loop
      vertex   1.273749e+00 1.159683e+02 3.300000e+01
      vertex   1.452121e+00 1.156718e+02 3.600000e+01
      vertex   1.273749e+00 1.159683e+02 3.600000e+01
    endloop
  endfacet
  facet normal -7.259955e-01 -6.876995e-01 1.612034e-16
    outer loop
      vertex   1.273749e+00 1.159683e+02 3.300000e+01
      vertex   1.273749e+00 1.159683e+02 3.600000e+01
      vertex   1.035818e+00 1.162195e+02 3.300000e+01
    endloop
  endfacet
  facet normal -7.259955e-01 -6.876995e-01 1.612034e-16
    outer loop
      vertex   1.035818e+00 1.162195e+02 3.300000e+01
      vertex   1.273749e+00 1.159683e+02 3.600000e+01
      vertex   1.035818e+00 1.162195e+02 3.600000e+01
    endloop
  endfacet
  facet normal -5.611871e-01 -8.276890e-01 1.246086e-16
    outer loop
      vertex   1.035818e+00 1.162195e+02 3.300000e+01
      vertex   1.035818e+00 1.162195e+02 3.600000e+01
      vertex   7.494535e-01 1.164136e+02 3.300000e+01
    endloop
  endfacet
  facet normal -5.611871e-01 -8.276890e-01 1.246086e-16
    outer loop
      vertex   7.494535e-01 1.164136e+02 3.300000e+01
      vertex   1.035818e+00 1.162195e+02 3.600000e+01
      vertex   7.494535e-01 1.164136e+02 3.600000e+01
    endloop
  endfacet
  facet normal -3.701382e-01 -9.289767e-01 8.218718e-17
    outer loop
      vertex   7.494535e-01 1.164136e+02 3.300000e+01
      vertex   7.494535e-01 1.164136e+02 3.600000e+01
      vertex   4.280453e-01 1.165417e+02 3.300000e+01
    endloop
  endfacet
  facet normal -3.701382e-01 -9.289767e-01 8.903611e-17
    outer loop
      vertex   4.280453e-01 1.165417e+02 3.300000e+01
      vertex   7.494535e-01 1.164136e+02 3.600000e+01
      vertex   4.280453e-01 1.165417e+02 3.600000e+01
    endloop
  endfacet
  facet normal -1.617820e-01 -9.868265e-01 3.891639e-17
    outer loop
      vertex   4.280453e-01 1.165417e+02 3.300000e+01
      vertex   4.280453e-01 1.165417e+02 3.600000e+01
      vertex   8.662225e-02 1.165977e+02 3.300000e+01
    endloop
  endfacet
  facet normal -1.617820e-01 -9.868265e-01 2.020659e-17
    outer loop
      vertex   8.662225e-02 1.165977e+02 3.300000e+01
      vertex   4.280453e-01 1.165417e+02 3.600000e+01
      vertex   8.662225e-02 1.165977e+02 3.600000e+01
    endloop
  endfacet
  facet normal 5.413891e-02 -9.985334e-01 -6.761955e-18
    outer loop
      vertex   8.662225e-02 1.165977e+02 3.300000e+01
      vertex   8.662225e-02 1.165977e+02 3.600000e+01
      vertex   -2.588512e-01 1.165789e+02 3.300000e+01
    endloop
  endfacet
  facet normal 5.413891e-02 -9.985334e-01 -6.010626e-18
    outer loop
      vertex   -2.588512e-01 1.165789e+02 3.300000e+01
      vertex   8.662225e-02 1.165977e+02 3.600000e+01
      vertex   -2.588512e-01 1.165789e+02 3.600000e+01
    endloop
  endfacet
  facet normal 2.675283e-01 -9.635500e-01 -2.970161e-17
    outer loop
      vertex   -2.588512e-01 1.165789e+02 3.300000e+01
      vertex   -2.588512e-01 1.165789e+02 3.600000e+01
      vertex   -5.922210e-01 1.164864e+02 3.300000e+01
    endloop
  endfacet
  facet normal 2.675283e-01 -9.635500e-01 -2.970161e-17
    outer loop
      vertex   -5.922210e-01 1.164864e+02 3.300000e+01
      vertex   -2.588512e-01 1.165789e+02 3.600000e+01
      vertex   -5.922210e-01 1.164864e+02 3.600000e+01
    endloop
  endfacet
  facet normal 4.684084e-01 -8.835120e-01 -5.200378e-17
    outer loop
      vertex   -5.922210e-01 1.164864e+02 3.300000e+01
      vertex   -5.922210e-01 1.164864e+02 3.600000e+01
      vertex   -8.978993e-01 1.163243e+02 3.300000e+01
    endloop
  endfacet
  facet normal 4.684084e-01 -8.835120e-01 0.000000e+00
    outer loop
      vertex   -8.978993e-01 1.163243e+02 3.300000e+01
      vertex   -5.922210e-01 1.164864e+02 3.600000e+01
      vertex   -8.978993e-01 1.163243e+02 3.600000e+01
    endloop
  endfacet
  facet normal 6.473863e-01 -7.621621e-01 0.000000e+00
    outer loop
      vertex   -8.978993e-01 1.163243e+02 3.300000e+01
      vertex   -8.978993e-01 1.163243e+02 3.600000e+01
      vertex   -1.161593e+00 1.161003e+02 3.300000e+01
    endloop
  endfacet
  facet normal 6.473863e-01 -7.621621e-01 -9.583242e-17
    outer loop
      vertex   -1.161593e+00 1.161003e+02 3.300000e+01
      vertex   -8.978993e-01 1.163243e+02 3.600000e+01
      vertex   -1.161593e+00 1.161003e+02 3.600000e+01
    endloop
  endfacet
  facet normal 7.960931e-01 -6.051742e-01 -1.178454e-16
    outer loop
      vertex   -1.161593e+00 1.161003e+02 3.300000e+01
      vertex   -1.161593e+00 1.161003e+02 3.600000e+01
      vertex   -1.370971e+00 1.158249e+02 3.300000e+01
    endloop
  endfacet
  facet normal 7.960931e-01 -6.051742e-01 -1.178454e-16
    outer loop
      vertex   -1.370971e+00 1.158249e+02 3.300000e+01
      vertex   -1.161593e+00 1.161003e+02 3.600000e+01
      vertex   -1.370971e+00 1.158249e+02 3.600000e+01
    endloop
  endfacet
  facet normal 9.075754e-01 -4.198891e-01 -1.343482e-16
    outer loop
      vertex   -1.370971e+00 1.158249e+02 3.300000e+01
      vertex   -1.370971e+00 1.158249e+02 3.600000e+01
      vertex   -1.516245e+00 1.155109e+02 3.300000e+01
    endloop
  endfacet
  facet normal 9.075754e-01 -4.198891e-01 -1.343482e-16
    outer loop
      vertex   -1.516245e+00 1.155109e+02 3.300000e+01
      vertex   -1.370971e+00 1.158249e+02 3.600000e+01
      vertex   -1.516245e+00 1.155109e+02 3.600000e+01
    endloop
  endfacet
  facet normal 9.766206e-01 -2.149704e-01 -1.445689e-16
    outer loop
      vertex   -1.516245e+00 1.155109e+02 3.300000e+01
      vertex   -1.516245e+00 1.155109e+02 3.600000e+01
      vertex   -1.590621e+00 1.151730e+02 3.300000e+01
    endloop
  endfacet
  facet normal 9.766206e-01 -2.149704e-01 0.000000e+00
    outer loop
      vertex   -1.590621e+00 1.151730e+02 3.300000e+01
      vertex   -1.516245e+00 1.155109e+02 3.600000e+01
      vertex   -1.590621e+00 1.151730e+02 3.600000e+01
    endloop
  endfacet
  facet normal 1.000000e+00 0.000000e+00 -0.000000e+00
    outer loop
      vertex   -1.590621e+00 1.151730e+02 3.300000e+01
      vertex   -1.590621e+00 1.151730e+02 3.600000e+01
      vertex   -1.590621e+00 1.148270e+02 3.300000e+01
    endloop
  endfacet
  facet normal 1.000000e+00 0.000000e+00 0.000000e+00
    outer loop
      vertex   -1.590621e+00 1.148270e+02 3.300000e+01
      vertex   -1.590621e+00 1.151730e+02 3.600000e+01
      vertex   -1.590621e+00 1.148270e+02 3.600000e+01
    endloop
  endfacet
  facet normal 9.766206e-01 2.149704e-01 -0.000000e+00
    outer loop
      vertex   -1.590621e+00 1.148270e+02 3.300000e+01
      vertex   -1.590621e+00 1.148270e+02 3.600000e+01
      vertex   -1.516245e+00 1.144891e+02 3.300000e+01
    endloop
  endfacet
  facet normal 9.766206e-01 2.149704e-01 1.445689e-16
    outer loop
      vertex   -1.516245e+00 1.144891e+02 3.300000e+01
      vertex   -1.590621e+00 1.148270e+02 3.600000e+01
      vertex   -1.516245e+00 1.144891e+02 3.600000e+01
    endloop
  endfacet
  facet normal 9.075754e-01 4.198891e-01 1.343482e-16
    outer loop
      vertex   -1.516245e+00 1.144891e+02 3.300000e+01
      vertex   -1.516245e+00 1.144891e+02 3.600000e+01
      vertex   -1.370971e+00 1.141751e+02 3.300000e+01
    endloop
  endfacet
  facet normal 9.075754e-01 4.198891e-01 1.343482e-16
    outer loop
      vertex   -1.370971e+00 1.141751e+02 3.300000e+01
      vertex   -1.516245e+00 1.144891e+02 3.600000e+01
      vertex   -1.370971e+00 1.141751e+02 3.600000e+01
    endloop
  endfacet
  facet normal 7.960931e-01 6.051742e-01 1.178454e-16
    outer loop
      vertex   -1.370971e+00 1.141751e+02 3.300000e+01
      vertex   -1.370971e+00 1.141751e+02 3.600000e+01
      vertex   -1.161593e+00 1.138997e+02 3.300000e+01
    endloop
  endfacet
  facet normal 7.960931e-01 6.051742e-01 1.178454e-16
    outer loop
      vertex   -1.161593e+00 1.138997e+02 3.300000e+01
      vertex   -1.370971e+00 1.141751e+02 3.600000e+01
      vertex   -1.161593e+00 1.138997e+02 3.600000e+01
    endloop
  endfacet
  facet normal 6.473863e-01 7.621621e-01 9.583242e-17
    outer loop
      vertex   -1.161593e+00 1.138997e+02 3.300000e+01
      vertex   -1.161593e+00 1.138997e+02 3.600000e+01
      vertex   -8.978993e-01 1.136757e+02 3.300000e+01
    endloop
  endfacet
  facet normal 6.473863e-01 7.621621e-01 -0.000000e+00
    outer loop
      vertex   -8.978993e-01 1.136757e+02 3.300000e+01
      vertex   -1.161593e+00 1.138997e+02 3.600000e+01
      vertex   -8.978993e-01 1.136757e+02 3.600000e+01
    endloop
  endfacet
  facet normal 4.684084e-01 8.835120e-01 -0.000000e+00
    outer loop
      vertex   -8.978993e-01 1.136757e+02 3.300000e+01
      vertex   -8.978993e-01 1.136757e+02 3.600000e+01
      vertex   -5.922210e-01 1.135136e+02 3.300000e+01
    endloop
  endfacet
  facet normal 4.684084e-01 8.835120e-01 5.200378e-17
    outer loop
      vertex   -5.922210e-01 1.135136e+02 3.300000e+01
      vertex   -8.978993e-01 1.136757e+02 3.600000e+01
      vertex   -5.922210e-01 1.135136e+02 3.600000e+01
    endloop
  endfacet
  facet normal 2.675283e-01 9.635500e-01 2.970161e-17
    outer loop
      vertex   -5.922210e-01 1.135136e+02 3.300000e+01
      vertex   -5.922210e-01 1.135136e+02 3.600000e+01
      vertex   -2.588512e-01 1.134211e+02 3.300000e+01
    endloop
  endfacet
  facet normal 2.675283e-01 9.635500e-01 2.970161e-17
    outer loop
      vertex   -2.588512e-01 1.134211e+02 3.300000e+01
      vertex   -5.922210e-01 1.135136e+02 3.600000e+01
      vertex   -2.588512e-01 1.134211e+02 3.600000e+01
    endloop
  endfacet
  facet normal 5.413891e-02 9.985334e-01 6.010626e-18
    outer loop
      vertex   -2.588512e-01 1.134211e+02 3.300000e+01
      vertex   -2.588512e-01 1.134211e+02 3.600000e+01
      vertex   8.662225e-02 1.134023e+02 3.300000e+01
    endloop
  endfacet
  facet normal 5.413891e-02 9.985334e-01 6.761955e-18
    outer loop
      vertex   8.662225e-02 1.134023e+02 3.300000e+01
      vertex   -2.588512e-01 1.134211e+02 3.600000e+01
      vertex   8.662225e-02 1.134023e+02 3.600000e+01
    endloop
  endfacet
  facet normal -1.617820e-01 9.868265e-01 -2.020659e-17
    outer loop
      vertex   8.662225e-02 1.134023e+02 3.300000e+01
      vertex   8.662225e-02 1.134023e+02 3.600000e+01
      vertex   4.280453e-01 1.134583e+02 3.300000e+01
    endloop
  endfacet
  facet normal -1.617820e-01 9.868265e-01 -3.891639e-17
    outer loop
      vertex   4.280453e-01 1.134583e+02 3.300000e+01
      vertex   8.662225e-02 1.134023e+02 3.600000e+01
      vertex   4.280453e-01 1.134583e+02 3.600000e+01
    endloop
  endfacet
  facet normal -3.701382e-01 9.289767e-01 -8.903611e-17
    outer loop
      vertex   4.280453e-01 1.134583e+02 3.300000e+01
      vertex   4.280453e-01 1.134583e+02 3.600000e+01
      vertex   7.494535e-01 1.135864e+02 3.300000e+01
    endloop
  endfacet
  facet normal -3.701382e-01 9.289767e-01 -8.218718e-17
    outer loop
      vertex   7.494535e-01 1.135864e+02 3.300000e+01
      vertex   4.280453e-01 1.134583e+02 3.600000e+01
      vertex   7.494535e-01 1.135864e+02 3.600000e+01
    endloop
  endfacet
  facet normal -5.611871e-01 8.276890e-01 -1.246086e-16
    outer loop
      vertex   7.494535e-01 1.135864e+02 3.300000e+01
      vertex   7.494535e-01 1.135864e+02 3.600000e+01
      vertex   1.035818e+00 1.137805e+02 3.300000e+01
    endloop
  endfacet
  facet normal -5.611871e-01 8.276890e-01 -1.246086e-16
    outer loop
      vertex   1.035818e+00 1.137805e+02 3.300000e+01
      vertex   7.494535e-01 1.135864e+02 3.600000e+01
      vertex   1.035818e+00 1.137805e+02 3.600000e+01
    endloop
  endfacet
  facet normal -7.259955e-01 6.876995e-01 -1.612034e-16
    outer loop
      vertex   1.035818e+00 1.137805e+02 3.300000e+01
      vertex   1.035818e+00 1.137805e+02 3.600000e+01
      vertex   1.273749e+00 1.140317e+02 3.300000e+01
    endloop
  endfacet
  facet normal -7.259955e-01 6.876995e-01 -1.612034e-16
    outer loop
      vertex   1.273749e+00 1.140317e+02 3.300000e+01
      vertex   1.035818e+00 1.137805e+02 3.600000e+01
      vertex   1.273749e+00 1.140317e+02 3.600000e+01
    endloop
  endfacet
  facet normal -8.568572e-01 5.155539e-01 -1.902605e-16
    outer loop
      vertex   1.273749e+00 1.140317e+02 3.300000e+01
      vertex   1.273749e+00 1.140317e+02 3.600000e+01
      vertex   1.452121e+00 1.143282e+02 3.300000e+01
    endloop
  endfacet
  facet normal -8.568572e-01 5.155539e-01 0.000000e+00
    outer loop
      vertex   1.452121e+00 1.143282e+02 3.300000e+01
      vertex   1.273749e+00 1.140317e+02 3.600000e+01
      vertex   1.452121e+00 1.143282e+02 3.600000e+01
    endloop
  endfacet
  facet normal -9.476532e-01 3.193015e-01 0.000000e+00
    outer loop
      vertex   1.452121e+00 1.143282e+02 3.300000e+01
      vertex   1.452121e+00 1.143282e+02 3.600000e+01
      vertex   1.562593e+00 1.146560e+02 3.300000e+01
    endloop
  endfacet
  facet normal -9.476532e-01 3.193015e-01 0.000000e+00
    outer loop
      vertex   1.562593e+00 1.146560e+02 3.300000e+01
      vertex   1.452121e+00 1.143282e+02 3.600000e+01
      vertex   1.562593e+00 1.146560e+02 3.600000e+01
    endloop
  endfacet
  facet normal -9.941380e-01 1.081190e-01 0.000000e+00
    outer loop
      vertex   -1.779120e+01 -1.437628e+01 3.300000e+01
      vertex   -1.779120e+01 -1.437628e+01 3.600000e+01
      vertex   -1.775028e+01 -1.400008e+01 3.300000e+01
    endloop
  endfacet
  facet normal -9.941380e-01 1.081190e-01 0.000000e+00
    outer loop
      vertex   -1.775028e+01 -1.400008e+01 3.300000e+01
      vertex   -1.779120e+01 -1.437628e+01 3.600000e+01
      vertex   -1.775028e+01 -1.400008e+01 3.600000e+01
    endloop
  endfacet
  facet normal -9.941380e-01 -1.081190e-01 0.000000e+00
    outer loop
      vertex   -1.775028e+01 -1.400008e+01 3.300000e+01
      vertex   -1.775028e+01 -1.400008e+01 3.600000e+01
      vertex   -1.779120e+01 -1.362388e+01 3.300000e+01
    endloop
  endfacet
  facet normal -9.941380e-01 -1.081190e-01 0.000000e+00
    outer loop
      vertex   -1.779120e+01 -1.362388e+01 3.300000e+01
      vertex   -1.775028e+01 -1.400008e+01 3.600000e+01
      vertex   -1.779120e+01 -1.362388e+01 3.600000e+01
    endloop
  endfacet
  facet normal -9.476532e-01 -3.193015e-01 0.000000e+00
    outer loop
      vertex   -1.779120e+01 -1.362388e+01 3.300000e+01
      vertex   -1.779120e+01 -1.362388e+01 3.600000e+01
      vertex   -1.791203e+01 -1.326527e+01 3.300000e+01
    endloop
  endfacet
  facet normal -9.476532e-01 -3.193015e-01 0.000000e+00
    outer loop
      vertex   -1.791203e+01 -1.326527e+01 3.300000e+01
      vertex   -1.779120e+01 -1.362388e+01 3.600000e+01
      vertex   -1.791203e+01 -1.326527e+01 3.600000e+01
    endloop
  endfacet
  facet normal -8.568572e-01 -5.155539e-01 0.000000e+00
    outer loop
      vertex   -1.791203e+01 -1.326527e+01 3.300000e+01
      vertex   -1.791203e+01 -1.326527e+01 3.600000e+01
      vertex   -1.810712e+01 -1.294102e+01 3.300000e+01
    endloop
  endfacet
  facet normal -8.568572e-01 -5.155539e-01 -3.052692e-16
    outer loop
      vertex   -1.810712e+01 -1.294102e+01 3.300000e+01
      vertex   -1.791203e+01 -1.326527e+01 3.600000e+01
      vertex   -1.810712e+01 -1.294102e+01 3.600000e+01
    endloop
  endfacet
  facet normal -7.259955e-01 -6.876995e-01 -4.071999e-16
    outer loop
      vertex   -1.810712e+01 -1.294102e+01 3.300000e+01
      vertex   -1.810712e+01 -1.294102e+01 3.600000e+01
      vertex   -1.836736e+01 -1.266630e+01 3.300000e+01
    endloop
  endfacet
  facet normal -7.259955e-01 -6.876995e-01 0.000000e+00
    outer loop
      vertex   -1.836736e+01 -1.266630e+01 3.300000e+01
      vertex   -1.810712e+01 -1.294102e+01 3.600000e+01
      vertex   -1.836736e+01 -1.266630e+01 3.600000e+01
    endloop
  endfacet
  facet normal -5.611871e-01 -8.276890e-01 0.000000e+00
    outer loop
      vertex   -1.836736e+01 -1.266630e+01 3.300000e+01
      vertex   -1.836736e+01 -1.266630e+01 3.600000e+01
      vertex   -1.868057e+01 -1.245393e+01 3.300000e+01
    endloop
  endfacet
  facet normal -5.611871e-01 -8.276890e-01 6.645790e-16
    outer loop
      vertex   -1.868057e+01 -1.245393e+01 3.300000e+01
      vertex   -1.836736e+01 -1.266630e+01 3.600000e+01
      vertex   -1.868057e+01 -1.245393e+01 3.600000e+01
    endloop
  endfacet
  facet normal -3.701382e-01 -9.289767e-01 4.383316e-16
    outer loop
      vertex   -1.868057e+01 -1.245393e+01 3.300000e+01
      vertex   -1.868057e+01 -1.245393e+01 3.600000e+01
      vertex   -1.903211e+01 -1.231387e+01 3.300000e+01
    endloop
  endfacet
  facet normal -3.701382e-01 -9.289767e-01 0.000000e+00
    outer loop
      vertex   -1.903211e+01 -1.231387e+01 3.300000e+01
      vertex   -1.868057e+01 -1.245393e+01 3.600000e+01
      vertex   -1.903211e+01 -1.231387e+01 3.600000e+01
    endloop
  endfacet
  facet normal -1.617820e-01 -9.868265e-01 0.000000e+00
    outer loop
      vertex   -1.903211e+01 -1.231387e+01 3.300000e+01
      vertex   -1.903211e+01 -1.231387e+01 3.600000e+01
      vertex   -1.940554e+01 -1.225265e+01 3.300000e+01
    endloop
  endfacet
  facet normal -1.617820e-01 -9.868265e-01 0.000000e+00
    outer loop
      vertex   -1.940554e+01 -1.225265e+01 3.300000e+01
      vertex   -1.903211e+01 -1.231387e+01 3.600000e+01
      vertex   -1.940554e+01 -1.225265e+01 3.600000e+01
    endloop
  endfacet
  facet normal 5.413891e-02 -9.985334e-01 0.000000e+00
    outer loop
      vertex   -1.940554e+01 -1.225265e+01 3.300000e+01
      vertex   -1.940554e+01 -1.225265e+01 3.600000e+01
      vertex   -1.978340e+01 -1.227313e+01 3.300000e+01
    endloop
  endfacet
  facet normal 5.413891e-02 -9.985334e-01 0.000000e+00
    outer loop
      vertex   -1.978340e+01 -1.227313e+01 3.300000e+01
      vertex   -1.940554e+01 -1.225265e+01 3.600000e+01
      vertex   -1.978340e+01 -1.227313e+01 3.600000e+01
    endloop
  endfacet
  facet normal 2.675283e-01 -9.635500e-01 0.000000e+00
    outer loop
      vertex   -1.978340e+01 -1.227313e+01 3.300000e+01
      vertex   -1.978340e+01 -1.227313e+01 3.600000e+01
      vertex   -2.014803e+01 -1.237437e+01 3.300000e+01
    endloop
  endfacet
  facet normal 2.675283e-01 -9.635500e-01 0.000000e+00
    outer loop
      vertex   -2.014803e+01 -1.237437e+01 3.300000e+01
      vertex   -1.978340e+01 -1.227313e+01 3.600000e+01
      vertex   -2.014803e+01 -1.237437e+01 3.600000e+01
    endloop
  endfacet
  facet normal 4.684084e-01 -8.835120e-01 0.000000e+00
    outer loop
      vertex   -2.014803e+01 -1.237437e+01 3.300000e+01
      vertex   -2.014803e+01 -1.237437e+01 3.600000e+01
      vertex   -2.048236e+01 -1.255162e+01 3.300000e+01
    endloop
  endfacet
  facet normal 4.684084e-01 -8.835120e-01 0.000000e+00
    outer loop
      vertex   -2.048236e+01 -1.255162e+01 3.300000e+01
      vertex   -2.014803e+01 -1.237437e+01 3.600000e+01
      vertex   -2.048236e+01 -1.255162e+01 3.600000e+01
    endloop
  endfacet
  facet normal 6.473863e-01 -7.621621e-01 0.000000e+00
    outer loop
      vertex   -2.048236e+01 -1.255162e+01 3.300000e+01
      vertex   -2.048236e+01 -1.255162e+01 3.600000e+01
      vertex   -2.077078e+01 -1.279661e+01 3.300000e+01
    endloop
  endfacet
  facet normal 6.473863e-01 -7.621621e-01 0.000000e+00
    outer loop
      vertex   -2.077078e+01 -1.279661e+01 3.300000e+01
      vertex   -2.048236e+01 -1.255162e+01 3.600000e+01
      vertex   -2.077078e+01 -1.279661e+01 3.600000e+01
    endloop
  endfacet
  facet normal 7.960931e-01 -6.051742e-01 0.000000e+00
    outer loop
      vertex   -2.077078e+01 -1.279661e+01 3.300000e+01
      vertex   -2.077078e+01 -1.279661e+01 3.600000e+01
      vertex   -2.099979e+01 -1.309786e+01 3.300000e+01
    endloop
  endfacet
  facet normal 7.960931e-01 -6.051742e-01 0.000000e+00
    outer loop
      vertex   -2.099979e+01 -1.309786e+01 3.300000e+01
      vertex   -2.077078e+01 -1.279661e+01 3.600000e+01
      vertex   -2.099979e+01 -1.309786e+01 3.600000e+01
    endloop
  endfacet
  facet normal 9.075754e-01 -4.198891e-01 0.000000e+00
    outer loop
      vertex   -2.099979e+01 -1.309786e+01 3.300000e+01
      vertex   -2.099979e+01 -1.309786e+01 3.600000e+01
      vertex   -2.115868e+01 -1.344130e+01 3.300000e+01
    endloop
  endfacet
  facet normal 9.075754e-01 -4.198891e-01 2.486243e-16
    outer loop
      vertex   -2.115868e+01 -1.344130e+01 3.300000e+01
      vertex   -2.099979e+01 -1.309786e+01 3.600000e+01
      vertex   -2.115868e+01 -1.344130e+01 3.600000e+01
    endloop
  endfacet
  facet normal 9.766206e-01 -2.149704e-01 1.272881e-16
    outer loop
      vertex   -2.115868e+01 -1.344130e+01 3.300000e+01
      vertex   -2.115868e+01 -1.344130e+01 3.600000e+01
      vertex   -2.124003e+01 -1.381087e+01 3.300000e+01
    endloop
  endfacet
  facet normal 9.766206e-01 -2.149704e-01 0.000000e+00
    outer loop
      vertex   -2.124003e+01 -1.381087e+01 3.300000e+01
      vertex   -2.115868e+01 -1.344130e+01 3.600000e+01
      vertex   -2.124003e+01 -1.381087e+01 3.600000e+01
    endloop
  endfacet
  facet normal 1.000000e+00 0.000000e+00 -0.000000e+00
    outer loop
      vertex   -2.124003e+01 -1.381087e+01 3.300000e+01
      vertex   -2.124003e+01 -1.381087e+01 3.600000e+01
      vertex   -2.124003e+01 -1.418929e+01 3.300000e+01
    endloop
  endfacet
  facet normal 1.000000e+00 0.000000e+00 0.000000e+00
    outer loop
      vertex   -2.124003e+01 -1.418929e+01 3.300000e+01
      vertex   -2.124003e+01 -1.381087e+01 3.600000e+01
      vertex   -2.124003e+01 -1.418929e+01 3.600000e+01
    endloop
  endfacet
  facet normal 9.766206e-01 2.149704e-01 -0.000000e+00
    outer loop
      vertex   -2.124003e+01 -1.418929e+01 3.300000e+01
      vertex   -2.124003e+01 -1.418929e+01 3.600000e+01
      vertex   -2.115868e+01 -1.455886e+01 3.300000e+01
    endloop
  endfacet
  facet normal 9.766206e-01 2.149704e-01 -1.272881e-16
    outer loop
      vertex   -2.115868e+01 -1.455886e+01 3.300000e+01
      vertex   -2.124003e+01 -1.418929e+01 3.600000e+01
      vertex   -2.115868e+01 -1.455886e+01 3.600000e+01
    endloop
  endfacet
  facet normal 9.075754e-01 4.198891e-01 -2.486243e-16
    outer loop
      vertex   -2.115868e+01 -1.455886e+01 3.300000e+01
      vertex   -2.115868e+01 -1.455886e+01 3.600000e+01
      vertex   -2.099979e+01 -1.490230e+01 3.300000e+01
    endloop
  endfacet
  facet normal 9.075754e-01 4.198891e-01 -0.000000e+00
    outer loop
      vertex   -2.099979e+01 -1.490230e+01 3.300000e+01
      vertex   -2.115868e+01 -1.455886e+01 3.600000e+01
      vertex   -2.099979e+01 -1.490230e+01 3.600000e+01
    endloop
  endfacet
  facet normal 7.960931e-01 6.051742e-01 -0.000000e+00
    outer loop
      vertex   -2.099979e+01 -1.490230e+01 3.300000e+01
      vertex   -2.099979e+01 -1.490230e+01 3.600000e+01
      vertex   -2.077078e+01 -1.520356e+01 3.300000e+01
    endloop
  endfacet
  facet normal 7.960931e-01 6.051742e-01 -0.000000e+00
    outer loop
      vertex   -2.077078e+01 -1.520356e+01 3.300000e+01
      vertex   -2.099979e+01 -1.490230e+01 3.600000e+01
      vertex   -2.077078e+01 -1.520356e+01 3.600000e+01
    endloop
  endfacet
  facet normal 6.473863e-01 7.621621e-01 -0.000000e+00
    outer loop
      vertex   -2.077078e+01 -1.520356e+01 3.300000e+01
      vertex   -2.077078e+01 -1.520356e+01 3.600000e+01
      vertex   -2.048236e+01 -1.544854e+01 3.300000e+01
    endloop
  endfacet
  facet normal 6.473863e-01 7.621621e-01 -0.000000e+00
    outer loop
      vertex   -2.048236e+01 -1.544854e+01 3.300000e+01
      vertex   -2.077078e+01 -1.520356e+01 3.600000e+01
      vertex   -2.048236e+01 -1.544854e+01 3.600000e+01
    endloop
  endfacet
  facet normal 4.684084e-01 8.835120e-01 -0.000000e+00
    outer loop
      vertex   -2.048236e+01 -1.544854e+01 3.300000e+01
      vertex   -2.048236e+01 -1.544854e+01 3.600000e+01
      vertex   -2.014803e+01 -1.562579e+01 3.300000e+01
    endloop
  endfacet
  facet normal 4.684084e-01 8.835120e-01 -0.000000e+00
    outer loop
      vertex   -2.014803e+01 -1.562579e+01 3.300000e+01
      vertex   -2.048236e+01 -1.544854e+01 3.600000e+01
      vertex   -2.014803e+01 -1.562579e+01 3.600000e+01
    endloop
  endfacet
  facet normal 2.675283e-01 9.635500e-01 -0.000000e+00
    outer loop
      vertex   -2.014803e+01 -1.562579e+01 3.300000e+01
      vertex   -2.014803e+01 -1.562579e+01 3.600000e+01
      vertex   -1.978340e+01 -1.572703e+01 3.300000e+01
    endloop
  endfacet
  facet normal 2.675283e-01 9.635500e-01 -0.000000e+00
    outer loop
      vertex   -1.978340e+01 -1.572703e+01 3.300000e+01
      vertex   -2.014803e+01 -1.562579e+01 3.600000e+01
      vertex   -1.978340e+01 -1.572703e+01 3.600000e+01
    endloop
  endfacet
  facet normal 5.413891e-02 9.985334e-01 -0.000000e+00
    outer loop
      vertex   -1.978340e+01 -1.572703e+01 3.300000e+01
      vertex   -1.978340e+01 -1.572703e+01 3.600000e+01
      vertex   -1.940554e+01 -1.574752e+01 3.300000e+01
    endloop
  endfacet
  facet normal 5.413891e-02 9.985334e-01 -0.000000e+00
    outer loop
      vertex   -1.940554e+01 -1.574752e+01 3.300000e+01
      vertex   -1.978340e+01 -1.572703e+01 3.600000e+01
      vertex   -1.940554e+01 -1.574752e+01 3.600000e+01
    endloop
  endfacet
  facet normal -1.617820e-01 9.868265e-01 0.000000e+00
    outer loop
      vertex   -1.940554e+01 -1.574752e+01 3.300000e+01
      vertex   -1.940554e+01 -1.574752e+01 3.600000e+01
      vertex   -1.903211e+01 -1.568630e+01 3.300000e+01
    endloop
  endfacet
  facet normal -1.617820e-01 9.868265e-01 0.000000e+00
    outer loop
      vertex   -1.903211e+01 -1.568630e+01 3.300000e+01
      vertex   -1.940554e+01 -1.574752e+01 3.600000e+01
      vertex   -1.903211e+01 -1.568630e+01 3.600000e+01
    endloop
  endfacet
  facet normal -3.701382e-01 9.289767e-01 0.000000e+00
    outer loop
      vertex   -1.903211e+01 -1.568630e+01 3.300000e+01
      vertex   -1.903211e+01 -1.568630e+01 3.600000e+01
      vertex   -1.868057e+01 -1.554623e+01 3.300000e+01
    endloop
  endfacet
  facet normal -3.701382e-01 9.289767e-01 -4.383316e-16
    outer loop
      vertex   -1.868057e+01 -1.554623e+01 3.300000e+01
      vertex   -1.903211e+01 -1.568630e+01 3.600000e+01
      vertex   -1.868057e+01 -1.554623e+01 3.600000e+01
    endloop
  endfacet
  facet normal -5.611871e-01 8.276890e-01 -6.645790e-16
    outer loop
      vertex   -1.868057e+01 -1.554623e+01 3.300000e+01
      vertex   -1.868057e+01 -1.554623e+01 3.600000e+01
      vertex   -1.836736e+01 -1.533387e+01 3.300000e+01
    endloop
  endfacet
  facet normal -5.611871e-01 8.276890e-01 0.000000e+00
    outer loop
      vertex   -1.836736e+01 -1.533387e+01 3.300000e+01
      vertex   -1.868057e+01 -1.554623e+01 3.600000e+01
      vertex   -1.836736e+01 -1.533387e+01 3.600000e+01
    endloop
  endfacet
  facet normal -7.259955e-01 6.876995e-01 0.000000e+00
    outer loop
      vertex   -1.836736e+01 -1.533387e+01 3.300000e+01
      vertex   -1.836736e+01 -1.533387e+01 3.600000e+01
      vertex   -1.810712e+01 -1.505914e+01 3.300000e+01
    endloop
  endfacet
  facet normal -7.259955e-01 6.876995e-01 4.071999e-16
    outer loop
      vertex   -1.810712e+01 -1.505914e+01 3.300000e+01
      vertex   -1.836736e+01 -1.533387e+01 3.600000e+01
      vertex   -1.810712e+01 -1.505914e+01 3.600000e+01
    endloop
  endfacet
  facet normal -8.568572e-01 5.155539e-01 3.052692e-16
    outer loop
      vertex   -1.810712e+01 -1.505914e+01 3.300000e+01
      vertex   -1.810712e+01 -1.505914e+01 3.600000e+01
      vertex   -1.791203e+01 -1.473489e+01 3.300000e+01
    endloop
  endfacet
  facet normal -8.568572e-01 5.155539e-01 0.000000e+00
    outer loop
      vertex   -1.791203e+01 -1.473489e+01 3.300000e+01
      vertex   -1.810712e+01 -1.505914e+01 3.600000e+01
      vertex   -1.791203e+01 -1.473489e+01 3.600000e+01
    endloop
  endfacet
  facet normal -9.476532e-01 3.193015e-01 0.000000e+00
    outer loop
      vertex   -1.791203e+01 -1.473489e+01 3.300000e+01
      vertex   -1.791203e+01 -1.473489e+01 3.600000e+01
      vertex   -1.779120e+01 -1.437628e+01 3.300000e+01
    endloop
  endfacet
  facet normal -9.476532e-01 3.193015e-01 0.000000e+00
    outer loop
      vertex   -1.779120e+01 -1.437628e+01 3.300000e+01
      vertex   -1.791203e+01 -1.473489e+01 3.600000e+01
      vertex   -1.779120e+01 -1.437628e+01 3.600000e+01
    endloop
  endfacet
  facet normal 9.941380e-01 1.081190e-01 0.000000e+00
    outer loop
      vertex   -1.692545e+01 9.677428e+01 3.600000e+01
      vertex   -1.692545e+01 9.677428e+01 3.300000e+01
      vertex   -1.695000e+01 9.700000e+01 3.600000e+01
    endloop
  endfacet
  facet normal 9.941380e-01 1.081190e-01 0.000000e+00
    outer loop
      vertex   -1.695000e+01 9.700000e+01 3.600000e+01
      vertex   -1.692545e+01 9.677428e+01 3.300000e+01
      vertex   -1.695000e+01 9.700000e+01 3.300000e+01
    endloop
  endfacet
  facet normal 9.941380e-01 -1.081190e-01 0.000000e+00
    outer loop
      vertex   -1.695000e+01 9.700000e+01 3.600000e+01
      vertex   -1.695000e+01 9.700000e+01 3.300000e+01
      vertex   -1.692545e+01 9.722572e+01 3.600000e+01
    endloop
  endfacet
  facet normal 9.941380e-01 -1.081190e-01 0.000000e+00
    outer loop
      vertex   -1.692545e+01 9.722572e+01 3.600000e+01
      vertex   -1.695000e+01 9.700000e+01 3.300000e+01
      vertex   -1.692545e+01 9.722572e+01 3.300000e+01
    endloop
  endfacet
  facet normal 9.476532e-01 -3.193015e-01 0.000000e+00
    outer loop
      vertex   -1.692545e+01 9.722572e+01 3.600000e+01
      vertex   -1.692545e+01 9.722572e+01 3.300000e+01
      vertex   -1.685295e+01 9.744088e+01 3.600000e+01
    endloop
  endfacet
  facet normal 9.476532e-01 -3.193015e-01 0.000000e+00
    outer loop
      vertex   -1.685295e+01 9.744088e+01 3.600000e+01
      vertex   -1.692545e+01 9.722572e+01 3.300000e+01
      vertex   -1.685295e+01 9.744088e+01 3.300000e+01
    endloop
  endfacet
  facet normal 8.568572e-01 -5.155539e-01 0.000000e+00
    outer loop
      vertex   -1.685295e+01 9.744088e+01 3.600000e+01
      vertex   -1.685295e+01 9.744088e+01 3.300000e+01
      vertex   -1.673590e+01 9.763543e+01 3.600000e+01
    endloop
  endfacet
  facet normal 8.568572e-01 -5.155539e-01 0.000000e+00
    outer loop
      vertex   -1.673590e+01 9.763543e+01 3.600000e+01
      vertex   -1.685295e+01 9.744088e+01 3.300000e+01
      vertex   -1.673590e+01 9.763543e+01 3.300000e+01
    endloop
  endfacet
  facet normal 7.259955e-01 -6.876995e-01 0.000000e+00
    outer loop
      vertex   -1.673590e+01 9.763543e+01 3.600000e+01
      vertex   -1.673590e+01 9.763543e+01 3.300000e+01
      vertex   -1.657975e+01 9.780027e+01 3.600000e+01
    endloop
  endfacet
  facet normal 7.259955e-01 -6.876995e-01 0.000000e+00
    outer loop
      vertex   -1.657975e+01 9.780027e+01 3.600000e+01
      vertex   -1.673590e+01 9.763543e+01 3.300000e+01
      vertex   -1.657975e+01 9.780027e+01 3.300000e+01
    endloop
  endfacet
  facet normal 5.611871e-01 -8.276890e-01 0.000000e+00
    outer loop
      vertex   -1.657975e+01 9.780027e+01 3.600000e+01
      vertex   -1.657975e+01 9.780027e+01 3.300000e+01
      vertex   -1.639183e+01 9.792769e+01 3.600000e+01
    endloop
  endfacet
  facet normal 5.611871e-01 -8.276890e-01 0.000000e+00
    outer loop
      vertex   -1.639183e+01 9.792769e+01 3.600000e+01
      vertex   -1.657975e+01 9.780027e+01 3.300000e+01
      vertex   -1.639183e+01 9.792769e+01 3.300000e+01
    endloop
  endfacet
  facet normal 3.701382e-01 -9.289767e-01 0.000000e+00
    outer loop
      vertex   -1.639183e+01 9.792769e+01 3.600000e+01
      vertex   -1.639183e+01 9.792769e+01 3.300000e+01
      vertex   -1.618090e+01 9.801173e+01 3.600000e+01
    endloop
  endfacet
  facet normal 3.701382e-01 -9.289767e-01 0.000000e+00
    outer loop
      vertex   -1.618090e+01 9.801173e+01 3.600000e+01
      vertex   -1.639183e+01 9.792769e+01 3.300000e+01
      vertex   -1.618090e+01 9.801173e+01 3.300000e+01
    endloop
  endfacet
  facet normal 1.617820e-01 -9.868265e-01 0.000000e+00
    outer loop
      vertex   -1.618090e+01 9.801173e+01 3.600000e+01
      vertex   -1.618090e+01 9.801173e+01 3.300000e+01
      vertex   -1.595684e+01 9.804846e+01 3.600000e+01
    endloop
  endfacet
  facet normal 1.617820e-01 -9.868265e-01 0.000000e+00
    outer loop
      vertex   -1.595684e+01 9.804846e+01 3.600000e+01
      vertex   -1.618090e+01 9.801173e+01 3.300000e+01
      vertex   -1.595684e+01 9.804846e+01 3.300000e+01
    endloop
  endfacet
  facet normal -5.413891e-02 -9.985334e-01 -0.000000e+00
    outer loop
      vertex   -1.595684e+01 9.804846e+01 3.600000e+01
      vertex   -1.595684e+01 9.804846e+01 3.300000e+01
      vertex   -1.573013e+01 9.803617e+01 3.600000e+01
    endloop
  endfacet
  facet normal -5.413891e-02 -9.985334e-01 -0.000000e+00
    outer loop
      vertex   -1.573013e+01 9.803617e+01 3.600000e+01
      vertex   -1.595684e+01 9.804846e+01 3.300000e+01
      vertex   -1.573013e+01 9.803617e+01 3.300000e+01
    endloop
  endfacet
  facet normal -2.675283e-01 -9.635500e-01 -0.000000e+00
    outer loop
      vertex   -1.573013e+01 9.803617e+01 3.600000e+01
      vertex   -1.573013e+01 9.803617e+01 3.300000e+01
      vertex   -1.551135e+01 9.797542e+01 3.600000e+01
    endloop
  endfacet
  facet normal -2.675283e-01 -9.635500e-01 -0.000000e+00
    outer loop
      vertex   -1.551135e+01 9.797542e+01 3.600000e+01
      vertex   -1.573013e+01 9.803617e+01 3.300000e+01
      vertex   -1.551135e+01 9.797542e+01 3.300000e+01
    endloop
  endfacet
  facet normal -4.684084e-01 -8.835120e-01 -0.000000e+00
    outer loop
      vertex   -1.551135e+01 9.797542e+01 3.600000e+01
      vertex   -1.551135e+01 9.797542e+01 3.300000e+01
      vertex   -1.531075e+01 9.786907e+01 3.600000e+01
    endloop
  endfacet
  facet normal -4.684084e-01 -8.835120e-01 -0.000000e+00
    outer loop
      vertex   -1.531075e+01 9.786907e+01 3.600000e+01
      vertex   -1.551135e+01 9.797542e+01 3.300000e+01
      vertex   -1.531075e+01 9.786907e+01 3.300000e+01
    endloop
  endfacet
  facet normal -6.473863e-01 -7.621621e-01 -0.000000e+00
    outer loop
      vertex   -1.531075e+01 9.786907e+01 3.600000e+01
      vertex   -1.531075e+01 9.786907e+01 3.300000e+01
      vertex   -1.513770e+01 9.772208e+01 3.600000e+01
    endloop
  endfacet
  facet normal -6.473863e-01 -7.621621e-01 3.833297e-16
    outer loop
      vertex   -1.513770e+01 9.772208e+01 3.600000e+01
      vertex   -1.531075e+01 9.786907e+01 3.300000e+01
      vertex   -1.513770e+01 9.772208e+01 3.300000e+01
    endloop
  endfacet
  facet normal -7.960931e-01 -6.051742e-01 4.713818e-16
    outer loop
      vertex   -1.513770e+01 9.772208e+01 3.600000e+01
      vertex   -1.513770e+01 9.772208e+01 3.300000e+01
      vertex   -1.500030e+01 9.754133e+01 3.600000e+01
    endloop
  endfacet
  facet normal -7.960931e-01 -6.051742e-01 -0.000000e+00
    outer loop
      vertex   -1.500030e+01 9.754133e+01 3.600000e+01
      vertex   -1.513770e+01 9.772208e+01 3.300000e+01
      vertex   -1.500030e+01 9.754133e+01 3.300000e+01
    endloop
  endfacet
  facet normal -9.075754e-01 -4.198891e-01 -0.000000e+00
    outer loop
      vertex   -1.500030e+01 9.754133e+01 3.600000e+01
      vertex   -1.500030e+01 9.754133e+01 3.300000e+01
      vertex   -1.490496e+01 9.733526e+01 3.600000e+01
    endloop
  endfacet
  facet normal -9.075754e-01 -4.198891e-01 -0.000000e+00
    outer loop
      vertex   -1.490496e+01 9.733526e+01 3.600000e+01
      vertex   -1.500030e+01 9.754133e+01 3.300000e+01
      vertex   -1.490496e+01 9.733526e+01 3.300000e+01
    endloop
  endfacet
  facet normal -9.766206e-01 -2.149704e-01 -0.000000e+00
    outer loop
      vertex   -1.490496e+01 9.733526e+01 3.600000e+01
      vertex   -1.490496e+01 9.733526e+01 3.300000e+01
      vertex   -1.485615e+01 9.711352e+01 3.600000e+01
    endloop
  endfacet
  facet normal -9.766206e-01 -2.149704e-01 -0.000000e+00
    outer loop
      vertex   -1.485615e+01 9.711352e+01 3.600000e+01
      vertex   -1.490496e+01 9.733526e+01 3.300000e+01
      vertex   -1.485615e+01 9.711352e+01 3.300000e+01
    endloop
  endfacet
  facet normal -1.000000e+00 -0.000000e+00 -0.000000e+00
    outer loop
      vertex   -1.485615e+01 9.711352e+01 3.600000e+01
      vertex   -1.485615e+01 9.711352e+01 3.300000e+01
      vertex   -1.485615e+01 9.688647e+01 3.600000e+01
    endloop
  endfacet
  facet normal -1.000000e+00 0.000000e+00 0.000000e+00
    outer loop
      vertex   -1.485615e+01 9.688647e+01 3.600000e+01
      vertex   -1.485615e+01 9.711352e+01 3.300000e+01
      vertex   -1.485615e+01 9.688647e+01 3.300000e+01
    endloop
  endfacet
  facet normal -9.766206e-01 2.149704e-01 0.000000e+00
    outer loop
      vertex   -1.485615e+01 9.688647e+01 3.600000e+01
      vertex   -1.485615e+01 9.688647e+01 3.300000e+01
      vertex   -1.490496e+01 9.666473e+01 3.600000e+01
    endloop
  endfacet
  facet normal -9.766206e-01 2.149704e-01 0.000000e+00
    outer loop
      vertex   -1.490496e+01 9.666473e+01 3.600000e+01
      vertex   -1.485615e+01 9.688647e+01 3.300000e+01
      vertex   -1.490496e+01 9.666473e+01 3.300000e+01
    endloop
  endfacet
  facet normal -9.075754e-01 4.198891e-01 0.000000e+00
    outer loop
      vertex   -1.490496e+01 9.666473e+01 3.600000e+01
      vertex   -1.490496e+01 9.666473e+01 3.300000e+01
      vertex   -1.500030e+01 9.645867e+01 3.600000e+01
    endloop
  endfacet
  facet normal -9.075754e-01 4.198891e-01 0.000000e+00
    outer loop
      vertex   -1.500030e+01 9.645867e+01 3.600000e+01
      vertex   -1.490496e+01 9.666473e+01 3.300000e+01
      vertex   -1.500030e+01 9.645867e+01 3.300000e+01
    endloop
  endfacet
  facet normal -7.960931e-01 6.051742e-01 0.000000e+00
    outer loop
      vertex   -1.500030e+01 9.645867e+01 3.600000e+01
      vertex   -1.500030e+01 9.645867e+01 3.300000e+01
      vertex   -1.513770e+01 9.627791e+01 3.600000e+01
    endloop
  endfacet
  facet normal -7.960931e-01 6.051742e-01 -4.713818e-16
    outer loop
      vertex   -1.513770e+01 9.627791e+01 3.600000e+01
      vertex   -1.500030e+01 9.645867e+01 3.300000e+01
      vertex   -1.513770e+01 9.627791e+01 3.300000e+01
    endloop
  endfacet
  facet normal -6.473863e-01 7.621621e-01 -3.833297e-16
    outer loop
      vertex   -1.513770e+01 9.627791e+01 3.600000e+01
      vertex   -1.513770e+01 9.627791e+01 3.300000e+01
      vertex   -1.531075e+01 9.613092e+01 3.600000e+01
    endloop
  endfacet
  facet normal -6.473863e-01 7.621621e-01 0.000000e+00
    outer loop
      vertex   -1.531075e+01 9.613092e+01 3.600000e+01
      vertex   -1.513770e+01 9.627791e+01 3.300000e+01
      vertex   -1.531075e+01 9.613092e+01 3.300000e+01
    endloop
  endfacet
  facet normal -4.684084e-01 8.835120e-01 0.000000e+00
    outer loop
      vertex   -1.531075e+01 9.613092e+01 3.600000e+01
      vertex   -1.531075e+01 9.613092e+01 3.300000e+01
      vertex   -1.551135e+01 9.602457e+01 3.600000e+01
    endloop
  endfacet
  facet normal -4.684084e-01 8.835120e-01 0.000000e+00
    outer loop
      vertex   -1.551135e+01 9.602457e+01 3.600000e+01
      vertex   -1.531075e+01 9.613092e+01 3.300000e+01
      vertex   -1.551135e+01 9.602457e+01 3.300000e+01
    endloop
  endfacet
  facet normal -2.675283e-01 9.635500e-01 0.000000e+00
    outer loop
      vertex   -1.551135e+01 9.602457e+01 3.600000e+01
      vertex   -1.551135e+01 9.602457e+01 3.300000e+01
      vertex   -1.573013e+01 9.596383e+01 3.600000e+01
    endloop
  endfacet
  facet normal -2.675283e-01 9.635500e-01 0.000000e+00
    outer loop
      vertex   -1.573013e+01 9.596383e+01 3.600000e+01
      vertex   -1.551135e+01 9.602457e+01 3.300000e+01
      vertex   -1.573013e+01 9.596383e+01 3.300000e+01
    endloop
  endfacet
  facet normal -5.413891e-02 9.985334e-01 0.000000e+00
    outer loop
      vertex   -1.573013e+01 9.596383e+01 3.600000e+01
      vertex   -1.573013e+01 9.596383e+01 3.300000e+01
      vertex   -1.595684e+01 9.595154e+01 3.600000e+01
    endloop
  endfacet
  facet normal -5.413891e-02 9.985334e-01 0.000000e+00
    outer loop
      vertex   -1.595684e+01 9.595154e+01 3.600000e+01
      vertex   -1.573013e+01 9.596383e+01 3.300000e+01
      vertex   -1.595684e+01 9.595154e+01 3.300000e+01
    endloop
  endfacet
  facet normal 1.617820e-01 9.868265e-01 0.000000e+00
    outer loop
      vertex   -1.595684e+01 9.595154e+01 3.600000e+01
      vertex   -1.595684e+01 9.595154e+01 3.300000e+01
      vertex   -1.618090e+01 9.598827e+01 3.600000e+01
    endloop
  endfacet
  facet normal 1.617820e-01 9.868265e-01 0.000000e+00
    outer loop
      vertex   -1.618090e+01 9.598827e+01 3.600000e+01
      vertex   -1.595684e+01 9.595154e+01 3.300000e+01
      vertex   -1.618090e+01 9.598827e+01 3.300000e+01
    endloop
  endfacet
  facet normal 3.701382e-01 9.289767e-01 0.000000e+00
    outer loop
      vertex   -1.618090e+01 9.598827e+01 3.600000e+01
      vertex   -1.618090e+01 9.598827e+01 3.300000e+01
      vertex   -1.639183e+01 9.607231e+01 3.600000e+01
    endloop
  endfacet
  facet normal 3.701382e-01 9.289767e-01 0.000000e+00
    outer loop
      vertex   -1.639183e+01 9.607231e+01 3.600000e+01
      vertex   -1.618090e+01 9.598827e+01 3.300000e+01
      vertex   -1.639183e+01 9.607231e+01 3.300000e+01
    endloop
  endfacet
  facet normal 5.611871e-01 8.276890e-01 0.000000e+00
    outer loop
      vertex   -1.639183e+01 9.607231e+01 3.600000e+01
      vertex   -1.639183e+01 9.607231e+01 3.300000e+01
      vertex   -1.657975e+01 9.619973e+01 3.600000e+01
    endloop
  endfacet
  facet normal 5.611871e-01 8.276890e-01 0.000000e+00
    outer loop
      vertex   -1.657975e+01 9.619973e+01 3.600000e+01
      vertex   -1.639183e+01 9.607231e+01 3.300000e+01
      vertex   -1.657975e+01 9.619973e+01 3.300000e+01
    endloop
  endfacet
  facet normal 7.259955e-01 6.876995e-01 0.000000e+00
    outer loop
      vertex   -1.657975e+01 9.619973e+01 3.600000e+01
      vertex   -1.657975e+01 9.619973e+01 3.300000e+01
      vertex   -1.673590e+01 9.636456e+01 3.600000e+01
    endloop
  endfacet
  facet normal 7.259955e-01 6.876995e-01 0.000000e+00
    outer loop
      vertex   -1.673590e+01 9.636456e+01 3.600000e+01
      vertex   -1.657975e+01 9.619973e+01 3.300000e+01
      vertex   -1.673590e+01 9.636456e+01 3.300000e+01
    endloop
  endfacet
  facet normal 8.568572e-01 5.155539e-01 0.000000e+00
    outer loop
      vertex   -1.673590e+01 9.636456e+01 3.600000e+01
      vertex   -1.673590e+01 9.636456e+01 3.300000e+01
      vertex   -1.685295e+01 9.655911e+01 3.600000e+01
    endloop
  endfacet
  facet normal 8.568572e-01 5.155539e-01 0.000000e+00
    outer loop
      vertex   -1.685295e+01 9.655911e+01 3.600000e+01
      vertex   -1.673590e+01 9.636456e+01 3.300000e+01
      vertex   -1.685295e+01 9.655911e+01 3.300000e+01
    endloop
  endfacet
  facet normal 9.476532e-01 3.193015e-01 0.000000e+00
    outer loop
      vertex   -1.685295e+01 9.655911e+01 3.600000e+01
      vertex   -1.685295e+01 9.655911e+01 3.300000e+01
      vertex   -1.692545e+01 9.677428e+01 3.600000e+01
    endloop
  endfacet
  facet normal 9.476532e-01 3.193015e-01 0.000000e+00
    outer loop
      vertex   -1.692545e+01 9.677428e+01 3.600000e+01
      vertex   -1.685295e+01 9.655911e+01 3.300000e+01
      vertex   -1.692545e+01 9.677428e+01 3.300000e+01
    endloop
  endfacet
  facet normal -1.000000e+00 0.000000e+00 0.000000e+00
    outer loop
      vertex   1.010000e+01 9.110000e+01 3.600000e+01
      vertex   1.010000e+01 1.029000e+02 3.600000e+01
      vertex   1.010000e+01 9.110000e+01 3.300000e+01
    endloop
  endfacet
  facet normal -1.000000e+00 0.000000e+00 0.000000e+00
    outer loop
      vertex   1.010000e+01 9.110000e+01 3.300000e+01
      vertex   1.010000e+01 1.029000e+02 3.600000e+01
      vertex   1.010000e+01 1.029000e+02 3.300000e+01
    endloop
  endfacet
  facet normal -0.000000e+00 1.000000e+00 0.000000e+00
    outer loop
      vertex   -1.290000e+01 9.110000e+01 3.600000e+01
      vertex   1.010000e+01 9.110000e+01 3.600000e+01
      vertex   -1.290000e+01 9.110000e+01 3.300000e+01
    endloop
  endfacet
  facet normal 0.000000e+00 1.000000e+00 0.000000e+00
    outer loop
      vertex   -1.290000e+01 9.110000e+01 3.300000e+01
      vertex   1.010000e+01 9.110000e+01 3.600000e+01
      vertex   1.010000e+01 9.110000e+01 3.300000e+01
    endloop
  endfacet
  facet normal 1.000000e+00 0.000000e+00 0.000000e+00
    outer loop
      vertex   -1.290000e+01 1.029000e+02 3.600000e+01
      vertex   -1.290000e+01 9.110000e+01 3.600000e+01
      vertex   -1.290000e+01 1.029000e+02 3.300000e+01
    endloop
  endfacet
  facet normal 1.000000e+00 0.000000e+00 0.000000e+00
    outer loop
      vertex   -1.290000e+01 1.029000e+02 3.300000e+01
      vertex   -1.290000e+01 9.110000e+01 3.600000e+01
      vertex   -1.290000e+01 9.110000e+01 3.300000e+01
    endloop
  endfacet
  facet normal -0.000000e+00 -1.000000e+00 -0.000000e+00
    outer loop
      vertex   1.010000e+01 1.029000e+02 3.600000e+01
      vertex   -1.290000e+01 1.029000e+02 3.600000e+01
      vertex   1.010000e+01 1.029000e+02 3.300000e+01
    endloop
  endfacet
  facet normal 0.000000e+00 -1.000000e+00 0.000000e+00
    outer loop
      vertex   1.010000e+01 1.029000e+02 3.300000e+01
      vertex   -1.290000e+01 1.029000e+02 3.600000e+01
      vertex   -1.290000e+01 1.029000e+02 3.300000e+01
    endloop
  endfacet
  facet normal 9.941380e-01 1.081190e-01 0.000000e+00
    outer loop
      vertex   1.207455e+01 9.677428e+01 3.600000e+01
      vertex   1.207455e+01 9.677428e+01 3.300000e+01
      vertex   1.205000e+01 9.700000e+01 3.600000e+01
    endloop
  endfacet
  facet normal 9.941380e-01 1.081190e-01 0.000000e+00
    outer loop
      vertex   1.205000e+01 9.700000e+01 3.600000e+01
      vertex   1.207455e+01 9.677428e+01 3.300000e+01
      vertex   1.205000e+01 9.700000e+01 3.300000e+01
    endloop
  endfacet
  facet normal 9.941380e-01 -1.081190e-01 0.000000e+00
    outer loop
      vertex   1.205000e+01 9.700000e+01 3.600000e+01
      vertex   1.205000e+01 9.700000e+01 3.300000e+01
      vertex   1.207455e+01 9.722572e+01 3.600000e+01
    endloop
  endfacet
  facet normal 9.941380e-01 -1.081190e-01 0.000000e+00
    outer loop
      vertex   1.207455e+01 9.722572e+01 3.600000e+01
      vertex   1.205000e+01 9.700000e+01 3.300000e+01
      vertex   1.207455e+01 9.722572e+01 3.300000e+01
    endloop
  endfacet
  facet normal 9.476532e-01 -3.193015e-01 0.000000e+00
    outer loop
      vertex   1.207455e+01 9.722572e+01 3.600000e+01
      vertex   1.207455e+01 9.722572e+01 3.300000e+01
      vertex   1.214705e+01 9.744088e+01 3.600000e+01
    endloop
  endfacet
  facet normal 9.476532e-01 -3.193015e-01 0.000000e+00
    outer loop
      vertex   1.214705e+01 9.744088e+01 3.600000e+01
      vertex   1.207455e+01 9.722572e+01 3.300000e+01
      vertex   1.214705e+01 9.744088e+01 3.300000e+01
    endloop
  endfacet
  facet normal 8.568572e-01 -5.155539e-01 0.000000e+00
    outer loop
      vertex   1.214705e+01 9.744088e+01 3.600000e+01
      vertex   1.214705e+01 9.744088e+01 3.300000e+01
      vertex   1.226410e+01 9.763543e+01 3.600000e+01
    endloop
  endfacet
  facet normal 8.568572e-01 -5.155539e-01 0.000000e+00
    outer loop
      vertex   1.226410e+01 9.763543e+01 3.600000e+01
      vertex   1.214705e+01 9.744088e+01 3.300000e+01
      vertex   1.226410e+01 9.763543e+01 3.300000e+01
    endloop
  endfacet
  facet normal 7.259955e-01 -6.876995e-01 0.000000e+00
    outer loop
      vertex   1.226410e+01 9.763543e+01 3.600000e+01
      vertex   1.226410e+01 9.763543e+01 3.300000e+01
      vertex   1.242025e+01 9.780027e+01 3.600000e+01
    endloop
  endfacet
  facet normal 7.259955e-01 -6.876995e-01 0.000000e+00
    outer loop
      vertex   1.242025e+01 9.780027e+01 3.600000e+01
      vertex   1.226410e+01 9.763543e+01 3.300000e+01
      vertex   1.242025e+01 9.780027e+01 3.300000e+01
    endloop
  endfacet
  facet normal 5.611871e-01 -8.276890e-01 0.000000e+00
    outer loop
      vertex   1.242025e+01 9.780027e+01 3.600000e+01
      vertex   1.242025e+01 9.780027e+01 3.300000e+01
      vertex   1.260817e+01 9.792769e+01 3.600000e+01
    endloop
  endfacet
  facet normal 5.611871e-01 -8.276890e-01 0.000000e+00
    outer loop
      vertex   1.260817e+01 9.792769e+01 3.600000e+01
      vertex   1.242025e+01 9.780027e+01 3.300000e+01
      vertex   1.260817e+01 9.792769e+01 3.300000e+01
    endloop
  endfacet
  facet normal 3.701382e-01 -9.289767e-01 0.000000e+00
    outer loop
      vertex   1.260817e+01 9.792769e+01 3.600000e+01
      vertex   1.260817e+01 9.792769e+01 3.300000e+01
      vertex   1.281910e+01 9.801173e+01 3.600000e+01
    endloop
  endfacet
  facet normal 3.701382e-01 -9.289767e-01 0.000000e+00
    outer loop
      vertex   1.281910e+01 9.801173e+01 3.600000e+01
      vertex   1.260817e+01 9.792769e+01 3.300000e+01
      vertex   1.281910e+01 9.801173e+01 3.300000e+01
    endloop
  endfacet
  facet normal 1.617820e-01 -9.868265e-01 0.000000e+00
    outer loop
      vertex   1.281910e+01 9.801173e+01 3.600000e+01
      vertex   1.281910e+01 9.801173e+01 3.300000e+01
      vertex   1.304316e+01 9.804846e+01 3.600000e+01
    endloop
  endfacet
  facet normal 1.617820e-01 -9.868265e-01 0.000000e+00
    outer loop
      vertex   1.304316e+01 9.804846e+01 3.600000e+01
      vertex   1.281910e+01 9.801173e+01 3.300000e+01
      vertex   1.304316e+01 9.804846e+01 3.300000e+01
    endloop
  endfacet
  facet normal -5.413891e-02 -9.985334e-01 -0.000000e+00
    outer loop
      vertex   1.304316e+01 9.804846e+01 3.600000e+01
      vertex   1.304316e+01 9.804846e+01 3.300000e+01
      vertex   1.326987e+01 9.803617e+01 3.600000e+01
    endloop
  endfacet
  facet normal -5.413891e-02 -9.985334e-01 -0.000000e+00
    outer loop
      vertex   1.326987e+01 9.803617e+01 3.600000e+01
      vertex   1.304316e+01 9.804846e+01 3.300000e+01
      vertex   1.326987e+01 9.803617e+01 3.300000e+01
    endloop
  endfacet
  facet normal -2.675283e-01 -9.635500e-01 -0.000000e+00
    outer loop
      vertex   1.326987e+01 9.803617e+01 3.600000e+01
      vertex   1.326987e+01 9.803617e+01 3.300000e+01
      vertex   1.348865e+01 9.797542e+01 3.600000e+01
    endloop
  endfacet
  facet normal -2.675283e-01 -9.635500e-01 -0.000000e+00
    outer loop
      vertex   1.348865e+01 9.797542e+01 3.600000e+01
      vertex   1.326987e+01 9.803617e+01 3.300000e+01
      vertex   1.348865e+01 9.797542e+01 3.300000e+01
    endloop
  endfacet
  facet normal -4.684084e-01 -8.835120e-01 -0.000000e+00
    outer loop
      vertex   1.348865e+01 9.797542e+01 3.600000e+01
      vertex   1.348865e+01 9.797542e+01 3.300000e+01
      vertex   1.368925e+01 9.786907e+01 3.600000e+01
    endloop
  endfacet
  facet normal -4.684084e-01 -8.835120e-01 -0.000000e+00
    outer loop
      vertex   1.368925e+01 9.786907e+01 3.600000e+01
      vertex   1.348865e+01 9.797542e+01 3.300000e+01
      vertex   1.368925e+01 9.786907e+01 3.300000e+01
    endloop
  endfacet
  facet normal -6.473863e-01 -7.621621e-01 -0.000000e+00
    outer loop
      vertex   1.368925e+01 9.786907e+01 3.600000e+01
      vertex   1.368925e+01 9.786907e+01 3.300000e+01
      vertex   1.386230e+01 9.772208e+01 3.600000e+01
    endloop
  endfacet
  facet normal -6.473863e-01 -7.621621e-01 3.833297e-16
    outer loop
      vertex   1.386230e+01 9.772208e+01 3.600000e+01
      vertex   1.368925e+01 9.786907e+01 3.300000e+01
      vertex   1.386230e+01 9.772208e+01 3.300000e+01
    endloop
  endfacet
  facet normal -7.960931e-01 -6.051742e-01 4.713818e-16
    outer loop
      vertex   1.386230e+01 9.772208e+01 3.600000e+01
      vertex   1.386230e+01 9.772208e+01 3.300000e+01
      vertex   1.399970e+01 9.754133e+01 3.600000e+01
    endloop
  endfacet
  facet normal -7.960931e-01 -6.051742e-01 -0.000000e+00
    outer loop
      vertex   1.399970e+01 9.754133e+01 3.600000e+01
      vertex   1.386230e+01 9.772208e+01 3.300000e+01
      vertex   1.399970e+01 9.754133e+01 3.300000e+01
    endloop
  endfacet
  facet normal -9.075754e-01 -4.198891e-01 -0.000000e+00
    outer loop
      vertex   1.399970e+01 9.754133e+01 3.600000e+01
      vertex   1.399970e+01 9.754133e+01 3.300000e+01
      vertex   1.409504e+01 9.733526e+01 3.600000e+01
    endloop
  endfacet
  facet normal -9.075754e-01 -4.198891e-01 -0.000000e+00
    outer loop
      vertex   1.409504e+01 9.733526e+01 3.600000e+01
      vertex   1.399970e+01 9.754133e+01 3.300000e+01
      vertex   1.409504e+01 9.733526e+01 3.300000e+01
    endloop
  endfacet
  facet normal -9.766206e-01 -2.149704e-01 -0.000000e+00
    outer loop
      vertex   1.409504e+01 9.733526e+01 3.600000e+01
      vertex   1.409504e+01 9.733526e+01 3.300000e+01
      vertex   1.414385e+01 9.711352e+01 3.600000e+01
    endloop
  endfacet
  facet normal -9.766206e-01 -2.149704e-01 -0.000000e+00
    outer loop
      vertex   1.414385e+01 9.711352e+01 3.600000e+01
      vertex   1.409504e+01 9.733526e+01 3.300000e+01
      vertex   1.414385e+01 9.711352e+01 3.300000e+01
    endloop
  endfacet
  facet normal -1.000000e+00 -0.000000e+00 -0.000000e+00
    outer loop
      vertex   1.414385e+01 9.711352e+01 3.600000e+01
      vertex   1.414385e+01 9.711352e+01 3.300000e+01
      vertex   1.414385e+01 9.688647e+01 3.600000e+01
    endloop
  endfacet
  facet normal -1.000000e+00 0.000000e+00 0.000000e+00
    outer loop
      vertex   1.414385e+01 9.688647e+01 3.600000e+01
      vertex   1.414385e+01 9.711352e+01 3.300000e+01
      vertex   1.414385e+01 9.688647e+01 3.300000e+01
    endloop
  endfacet
  facet normal -9.766206e-01 2.149704e-01 0.000000e+00
    outer loop
      vertex   1.414385e+01 9.688647e+01 3.600000e+01
      vertex   1.414385e+01 9.688647e+01 3.300000e+01
      vertex   1.409504e+01 9.666473e+01 3.600000e+01
    endloop
  endfacet
  facet normal -9.766206e-01 2.149704e-01 0.000000e+00
    outer loop
      vertex   1.409504e+01 9.666473e+01 3.600000e+01
      vertex   1.414385e+01 9.688647e+01 3.300000e+01
      vertex   1.409504e+01 9.666473e+01 3.300000e+01
    endloop
  endfacet
  facet normal -9.075754e-01 4.198891e-01 0.000000e+00
    outer loop
      vertex   1.409504e+01 9.666473e+01 3.600000e+01
      vertex   1.409504e+01 9.666473e+01 3.300000e+01
      vertex   1.399970e+01 9.645867e+01 3.600000e+01
    endloop
  endfacet
  facet normal -9.075754e-01 4.198891e-01 0.000000e+00
    outer loop
      vertex   1.399970e+01 9.645867e+01 3.600000e+01
      vertex   1.409504e+01 9.666473e+01 3.300000e+01
      vertex   1.399970e+01 9.645867e+01 3.300000e+01
    endloop
  endfacet
  facet normal -7.960931e-01 6.051742e-01 0.000000e+00
    outer loop
      vertex   1.399970e+01 9.645867e+01 3.600000e+01
      vertex   1.399970e+01 9.645867e+01 3.300000e+01
      vertex   1.386230e+01 9.627791e+01 3.600000e+01
    endloop
  endfacet
  facet normal -7.960931e-01 6.051742e-01 -4.713818e-16
    outer loop
      vertex   1.386230e+01 9.627791e+01 3.600000e+01
      vertex   1.399970e+01 9.645867e+01 3.300000e+01
      vertex   1.386230e+01 9.627791e+01 3.300000e+01
    endloop
  endfacet
  facet normal -6.473863e-01 7.621621e-01 -3.833297e-16
    outer loop
      vertex   1.386230e+01 9.627791e+01 3.600000e+01
      vertex   1.386230e+01 9.627791e+01 3.300000e+01
      vertex   1.368925e+01 9.613092e+01 3.600000e+01
    endloop
  endfacet
  facet normal -6.473863e-01 7.621621e-01 0.000000e+00
    outer loop
      vertex   1.368925e+01 9.613092e+01 3.600000e+01
      vertex   1.386230e+01 9.627791e+01 3.300000e+01
      vertex   1.368925e+01 9.613092e+01 3.300000e+01
    endloop
  endfacet
  facet normal -4.684084e-01 8.835120e-01 0.000000e+00
    outer loop
      vertex   1.368925e+01 9.613092e+01 3.600000e+01
      vertex   1.368925e+01 9.613092e+01 3.300000e+01
      vertex   1.348865e+01 9.602457e+01 3.600000e+01
    endloop
  endfacet
  facet normal -4.684084e-01 8.835120e-01 0.000000e+00
    outer loop
      vertex   1.348865e+01 9.602457e+01 3.600000e+01
      vertex   1.368925e+01 9.613092e+01 3.300000e+01
      vertex   1.348865e+01 9.602457e+01 3.300000e+01
    endloop
  endfacet
  facet normal -2.675283e-01 9.635500e-01 0.000000e+00
    outer loop
      vertex   1.348865e+01 9.602457e+01 3.600000e+01
      vertex   1.348865e+01 9.602457e+01 3.300000e+01
      vertex   1.326987e+01 9.596383e+01 3.600000e+01
    endloop
  endfacet
  facet normal -2.675283e-01 9.635500e-01 0.000000e+00
    outer loop
      vertex   1.326987e+01 9.596383e+01 3.600000e+01
      vertex   1.348865e+01 9.602457e+01 3.300000e+01
      vertex   1.326987e+01 9.596383e+01 3.300000e+01
    endloop
  endfacet
  facet normal -5.413891e-02 9.985334e-01 0.000000e+00
    outer loop
      vertex   1.326987e+01 9.596383e+01 3.600000e+01
      vertex   1.326987e+01 9.596383e+01 3.300000e+01
      vertex   1.304316e+01 9.595154e+01 3.600000e+01
    endloop
  endfacet
  facet normal -5.413891e-02 9.985334e-01 0.000000e+00
    outer loop
      vertex   1.304316e+01 9.595154e+01 3.600000e+01
      vertex   1.326987e+01 9.596383e+01 3.300000e+01
      vertex   1.304316e+01 9.595154e+01 3.300000e+01
    endloop
  endfacet
  facet normal 1.617820e-01 9.868265e-01 0.000000e+00
    outer loop
      vertex   1.304316e+01 9.595154e+01 3.600000e+01
      vertex   1.304316e+01 9.595154e+01 3.300000e+01
      vertex   1.281910e+01 9.598827e+01 3.600000e+01
    endloop
  endfacet
  facet normal 1.617820e-01 9.868265e-01 0.000000e+00
    outer loop
      vertex   1.281910e+01 9.598827e+01 3.600000e+01
      vertex   1.304316e+01 9.595154e+01 3.300000e+01
      vertex   1.281910e+01 9.598827e+01 3.300000e+01
    endloop
  endfacet
  facet normal 3.701382e-01 9.289767e-01 0.000000e+00
    outer loop
      vertex   1.281910e+01 9.598827e+01 3.600000e+01
      vertex   1.281910e+01 9.598827e+01 3.300000e+01
      vertex   1.260817e+01 9.607231e+01 3.600000e+01
    endloop
  endfacet
  facet normal 3.701382e-01 9.289767e-01 0.000000e+00
    outer loop
      vertex   1.260817e+01 9.607231e+01 3.600000e+01
      vertex   1.281910e+01 9.598827e+01 3.300000e+01
      vertex   1.260817e+01 9.607231e+01 3.300000e+01
    endloop
  endfacet
  facet normal 5.611871e-01 8.276890e-01 0.000000e+00
    outer loop
      vertex   1.260817e+01 9.607231e+01 3.600000e+01
      vertex   1.260817e+01 9.607231e+01 3.300000e+01
      vertex   1.242025e+01 9.619973e+01 3.600000e+01
    endloop
  endfacet
  facet normal 5.611871e-01 8.276890e-01 0.000000e+00
    outer loop
      vertex   1.242025e+01 9.619973e+01 3.600000e+01
      vertex   1.260817e+01 9.607231e+01 3.300000e+01
      vertex   1.242025e+01 9.619973e+01 3.300000e+01
    endloop
  endfacet
  facet normal 7.259955e-01 6.876995e-01 0.000000e+00
    outer loop
      vertex   1.242025e+01 9.619973e+01 3.600000e+01
      vertex   1.242025e+01 9.619973e+01 3.300000e+01
      vertex   1.226410e+01 9.636456e+01 3.600000e+01
    endloop
  endfacet
  facet normal 7.259955e-01 6.876995e-01 0.000000e+00
    outer loop
      vertex   1.226410e+01 9.636456e+01 3.600000e+01
      vertex   1.242025e+01 9.619973e+01 3.300000e+01
      vertex   1.226410e+01 9.636456e+01 3.300000e+01
    endloop
  endfacet
  facet normal 8.568572e-01 5.155539e-01 0.000000e+00
    outer loop
      vertex   1.226410e+01 9.636456e+01 3.600000e+01
      vertex   1.226410e+01 9.636456e+01 3.300000e+01
      vertex   1.214705e+01 9.655911e+01 3.600000e+01
    endloop
  endfacet
  facet normal 8.568572e-01 5.155539e-01 0.000000e+00
    outer loop
      vertex   1.214705e+01 9.655911e+01 3.600000e+01
      vertex   1.226410e+01 9.636456e+01 3.300000e+01
      vertex   1.214705e+01 9.655911e+01 3.300000e+01
    endloop
  endfacet
  facet normal 9.476532e-01 3.193015e-01 0.000000e+00
    outer loop
      vertex   1.214705e+01 9.655911e+01 3.600000e+01
      vertex   1.214705e+01 9.655911e+01 3.300000e+01
      vertex   1.207455e+01 9.677428e+01 3.600000e+01
    endloop
  endfacet
  facet normal 9.476532e-01 3.193015e-01 0.000000e+00
    outer loop
      vertex   1.207455e+01 9.677428e+01 3.600000e+01
      vertex   1.214705e+01 9.655911e+01 3.300000e+01
      vertex   1.207455e+01 9.677428e+01 3.300000e+01
    endloop
  endfacet
  facet normal -1.015057e-15 -1.000000e+00 0.000000e+00
    outer loop
      vertex   6.500000e+01 -2.650000e+01 3.300000e+01
      vertex   6.500000e+01 -2.650000e+01 3.600000e+01
      vertex   -1.500284e+00 -2.650000e+01 3.300000e+01
    endloop
  endfacet
  facet normal -1.093143e-15 -1.000000e+00 1.730913e-15
    outer loop
      vertex   -1.500284e+00 -2.650000e+01 3.300000e+01
      vertex   6.500000e+01 -2.650000e+01 3.600000e+01
      vertex   -6.500000e+01 -2.650000e+01 3.600000e+01
    endloop
  endfacet
  facet normal -1.081557e-15 -1.000000e+00 1.976138e-15
    outer loop
      vertex   -1.500284e+00 -2.650000e+01 3.300000e+01
      vertex   -6.500000e+01 -2.650000e+01 3.600000e+01
      vertex   -8.069912e+00 -2.650000e+01 3.300000e+01
    endloop
  endfacet
  facet normal -7.770336e-16 -1.000000e+00 7.754989e-15
    outer loop
      vertex   -8.069912e+00 -2.650000e+01 3.300000e+01
      vertex   -6.500000e+01 -2.650000e+01 3.600000e+01
      vertex   -3.093066e+01 -2.650000e+01 3.300000e+01
    endloop
  endfacet
  facet normal 4.326229e-15 -1.000000e+00 6.570992e-14
    outer loop
      vertex   -3.093066e+01 -2.650000e+01 3.300000e+01
      vertex   -6.500000e+01 -2.650000e+01 3.600000e+01
      vertex   -3.750028e+01 -2.650000e+01 3.300000e+01
    endloop
  endfacet
  facet normal 4.326229e-15 -1.000000e+00 0.000000e+00
    outer loop
      vertex   -3.093066e+01 -2.650000e+01 3.300000e+01
      vertex   -3.750028e+01 -2.650000e+01 3.300000e+01
      vertex   -3.750028e+01 -2.650000e+01 2.800000e+01
    endloop
  endfacet
  facet normal -2.842200e-15 -1.000000e+00 -0.000000e+00
    outer loop
      vertex   -6.500000e+01 -2.650000e+01 3.600000e+01
      vertex   -6.500000e+01 -2.650000e+01 3.300000e+01
      vertex   -3.750028e+01 -2.650000e+01 3.300000e+01
    endloop
  endfacet
  facet normal 4.326229e-15 -1.000000e+00 0.000000e+00
    outer loop
      vertex   -3.750028e+01 -2.650000e+01 2.800000e+01
      vertex   -3.093066e+01 -2.650000e+01 2.800000e+01
      vertex   -3.093066e+01 -2.650000e+01 3.300000e+01
    endloop
  endfacet
  facet normal -1.081557e-15 -1.000000e+00 -0.000000e+00
    outer loop
      vertex   -8.069912e+00 -2.650000e+01 3.300000e+01
      vertex   -8.069912e+00 -2.650000e+01 2.800000e+01
      vertex   -1.500284e+00 -2.650000e+01 3.300000e+01
    endloop
  endfacet
  facet normal -1.081557e-15 -1.000000e+00 -0.000000e+00
    outer loop
      vertex   -1.500284e+00 -2.650000e+01 3.300000e+01
      vertex   -8.069912e+00 -2.650000e+01 2.800000e+01
      vertex   -1.500284e+00 -2.650000e+01 2.800000e+01
    endloop
  endfacet
  facet normal 0.000000e+00 0.000000e+00 -1.000000e+00
    outer loop
      vertex   -1.779120e+01 -1.362388e+01 3.300000e+01
      vertex   -1.121485e+01 -1.261749e+01 3.300000e+01
      vertex   -1.775028e+01 -1.400008e+01 3.300000e+01
    endloop
  endfacet
  facet normal 0.000000e+00 0.000000e+00 -1.000000e+00
    outer loop
      vertex   -1.775028e+01 -1.400008e+01 3.300000e+01
      vertex   -1.121485e+01 -1.261749e+01 3.300000e+01
      vertex   -1.110028e+01 -1.400008e+01 3.300000e+01
    endloop
  endfacet
  facet normal 0.000000e+00 -0.000000e+00 -1.000000e+00
    outer loop
      vertex   -1.775028e+01 -1.400008e+01 3.300000e+01
      vertex   -1.110028e+01 -1.400008e+01 3.300000e+01
      vertex   -1.779120e+01 -1.437628e+01 3.300000e+01
    endloop
  endfacet
  facet normal 0.000000e+00 -0.000000e+00 -1.000000e+00
    outer loop
      vertex   -1.779120e+01 -1.437628e+01 3.300000e+01
      vertex   -1.110028e+01 -1.400008e+01 3.300000e+01
      vertex   -1.791203e+01 -1.473489e+01 3.300000e+01
    endloop
  endfacet
  facet normal 0.000000e+00 0.000000e+00 -1.000000e+00
    outer loop
      vertex   -1.791203e+01 -1.473489e+01 3.300000e+01
      vertex   -1.110028e+01 -1.400008e+01 3.300000e+01
      vertex   -1.110028e+01 -1.950000e+01 3.300000e+01
    endloop
  endfacet
  facet normal 0.000000e+00 -0.000000e+00 -1.000000e+00
    outer loop
      vertex   -1.791203e+01 -1.473489e+01 3.300000e+01
      vertex   -1.110028e+01 -1.950000e+01 3.300000e+01
      vertex   -1.810712e+01 -1.505914e+01 3.300000e+01
    endloop
  endfacet
  facet normal 0.000000e+00 -0.000000e+00 -1.000000e+00
    outer loop
      vertex   -1.810712e+01 -1.505914e+01 3.300000e+01
      vertex   -1.110028e+01 -1.950000e+01 3.300000e+01
      vertex   -1.836736e+01 -1.533387e+01 3.300000e+01
    endloop
  endfacet
  facet normal 0.000000e+00 -0.000000e+00 -1.000000e+00
    outer loop
      vertex   -1.836736e+01 -1.533387e+01 3.300000e+01
      vertex   -1.110028e+01 -1.950000e+01 3.300000e+01
      vertex   -1.868057e+01 -1.554623e+01 3.300000e+01
    endloop
  endfacet
  facet normal 0.000000e+00 -0.000000e+00 -1.000000e+00
    outer loop
      vertex   -1.868057e+01 -1.554623e+01 3.300000e+01
      vertex   -1.110028e+01 -1.950000e+01 3.300000e+01
      vertex   -1.903211e+01 -1.568630e+01 3.300000e+01
    endloop
  endfacet
  facet normal 0.000000e+00 0.000000e+00 -1.000000e+00
    outer loop
      vertex   -1.903211e+01 -1.568630e+01 3.300000e+01
      vertex   -1.110028e+01 -1.950000e+01 3.300000e+01
      vertex   -1.101140e+01 -2.080333e+01 3.300000e+01
    endloop
  endfacet
  facet normal 0.000000e+00 -0.000000e+00 -1.000000e+00
    outer loop
      vertex   -1.903211e+01 -1.568630e+01 3.300000e+01
      vertex   -1.101140e+01 -2.080333e+01 3.300000e+01
      vertex   -1.940554e+01 -1.574752e+01 3.300000e+01
    endloop
  endfacet
  facet normal 0.000000e+00 0.000000e+00 -1.000000e+00
    outer loop
      vertex   -1.940554e+01 -1.574752e+01 3.300000e+01
      vertex   -1.101140e+01 -2.080333e+01 3.300000e+01
      vertex   -1.074640e+01 -2.208252e+01 3.300000e+01
    endloop
  endfacet
  facet normal 0.000000e+00 -0.000000e+00 -1.000000e+00
    outer loop
      vertex   -1.940554e+01 -1.574752e+01 3.300000e+01
      vertex   -1.074640e+01 -2.208252e+01 3.300000e+01
      vertex   -2.825417e+01 -2.208252e+01 3.300000e+01
    endloop
  endfacet
  facet normal 0.000000e+00 -0.000000e+00 -1.000000e+00
    outer loop
      vertex   -2.825417e+01 -2.208252e+01 3.300000e+01
      vertex   -1.074640e+01 -2.208252e+01 3.300000e+01
      vertex   -2.869039e+01 -2.331389e+01 3.300000e+01
    endloop
  endfacet
  facet normal 0.000000e+00 0.000000e+00 -1.000000e+00
    outer loop
      vertex   -2.869039e+01 -2.331389e+01 3.300000e+01
      vertex   -1.074640e+01 -2.208252e+01 3.300000e+01
      vertex   -1.031018e+01 -2.331389e+01 3.300000e+01
    endloop
  endfacet
  facet normal 0.000000e+00 -0.000000e+00 -1.000000e+00
    outer loop
      vertex   -2.869039e+01 -2.331389e+01 3.300000e+01
      vertex   -1.031018e+01 -2.331389e+01 3.300000e+01
      vertex   -2.928975e+01 -2.447464e+01 3.300000e+01
    endloop
  endfacet
  facet normal 0.000000e+00 0.000000e+00 -1.000000e+00
    outer loop
      vertex   -2.928975e+01 -2.447464e+01 3.300000e+01
      vertex   -1.031018e+01 -2.331389e+01 3.300000e+01
      vertex   -9.710822e+00 -2.447464e+01 3.300000e+01
    endloop
  endfacet
  facet normal 0.000000e+00 -0.000000e+00 -1.000000e+00
    outer loop
      vertex   -2.928975e+01 -2.447464e+01 3.300000e+01
      vertex   -9.710822e+00 -2.447464e+01 3.300000e+01
      vertex   -3.004114e+01 -2.554327e+01 3.300000e+01
    endloop
  endfacet
  facet normal 0.000000e+00 0.000000e+00 -1.000000e+00
    outer loop
      vertex   -3.004114e+01 -2.554327e+01 3.300000e+01
      vertex   -9.710822e+00 -2.447464e+01 3.300000e+01
      vertex   -8.959429e+00 -2.554327e+01 3.300000e+01
    endloop
  endfacet
  facet normal 0.000000e+00 -0.000000e+00 -1.000000e+00
    outer loop
      vertex   -3.004114e+01 -2.554327e+01 3.300000e+01
      vertex   -8.959429e+00 -2.554327e+01 3.300000e+01
      vertex   -3.093066e+01 -2.650000e+01 3.300000e+01
    endloop
  endfacet
  facet normal 0.000000e+00 0.000000e+00 -1.000000e+00
    outer loop
      vertex   -3.093066e+01 -2.650000e+01 3.300000e+01
      vertex   -8.959429e+00 -2.554327e+01 3.300000e+01
      vertex   -8.069912e+00 -2.650000e+01 3.300000e+01
    endloop
  endfacet
  facet normal -0.000000e+00 0.000000e+00 -1.000000e+00
    outer loop
      vertex   -1.121485e+01 -1.261749e+01 3.300000e+01
      vertex   -1.779120e+01 -1.362388e+01 3.300000e+01
      vertex   -1.155542e+01 -1.127261e+01 3.300000e+01
    endloop
  endfacet
  facet normal 0.000000e+00 0.000000e+00 -1.000000e+00
    outer loop
      vertex   -1.155542e+01 -1.127261e+01 3.300000e+01
      vertex   -1.779120e+01 -1.362388e+01 3.300000e+01
      vertex   -1.791203e+01 -1.326527e+01 3.300000e+01
    endloop
  endfacet
  facet normal -0.000000e+00 0.000000e+00 -1.000000e+00
    outer loop
      vertex   -1.155542e+01 -1.127261e+01 3.300000e+01
      vertex   -1.791203e+01 -1.326527e+01 3.300000e+01
      vertex   -1.211270e+01 -1.000212e+01 3.300000e+01
    endloop
  endfacet
  facet normal 0.000000e+00 0.000000e+00 -1.000000e+00
    outer loop
      vertex   -1.211270e+01 -1.000212e+01 3.300000e+01
      vertex   -1.791203e+01 -1.326527e+01 3.300000e+01
      vertex   -1.810712e+01 -1.294102e+01 3.300000e+01
    endloop
  endfacet
  facet normal -0.000000e+00 0.000000e+00 -1.000000e+00
    outer loop
      vertex   -1.211270e+01 -1.000212e+01 3.300000e+01
      vertex   -1.810712e+01 -1.294102e+01 3.300000e+01
      vertex   -1.287150e+01 -8.840694e+00 3.300000e+01
    endloop
  endfacet
  facet normal 0.000000e+00 0.000000e+00 -1.000000e+00
    outer loop
      vertex   -1.287150e+01 -8.840694e+00 3.300000e+01
      vertex   -1.810712e+01 -1.294102e+01 3.300000e+01
      vertex   -1.836736e+01 -1.266630e+01 3.300000e+01
    endloop
  endfacet
  facet normal -0.000000e+00 0.000000e+00 -1.000000e+00
    outer loop
      vertex   -1.287150e+01 -8.840694e+00 3.300000e+01
      vertex   -1.836736e+01 -1.266630e+01 3.300000e+01
      vertex   -1.381112e+01 -7.820000e+00 3.300000e+01
    endloop
  endfacet
  facet normal 0.000000e+00 0.000000e+00 -1.000000e+00
    outer loop
      vertex   -1.381112e+01 -7.820000e+00 3.300000e+01
      vertex   -1.836736e+01 -1.266630e+01 3.300000e+01
      vertex   -1.868057e+01 -1.245393e+01 3.300000e+01
    endloop
  endfacet
  facet normal -0.000000e+00 0.000000e+00 -1.000000e+00
    outer loop
      vertex   -1.381112e+01 -7.820000e+00 3.300000e+01
      vertex   -1.868057e+01 -1.245393e+01 3.300000e+01
      vertex   -1.490592e+01 -6.967883e+00 3.300000e+01
    endloop
  endfacet
  facet normal -0.000000e+00 0.000000e+00 -1.000000e+00
    outer loop
      vertex   -1.490592e+01 -6.967883e+00 3.300000e+01
      vertex   -1.868057e+01 -1.245393e+01 3.300000e+01
      vertex   -1.612604e+01 -6.307585e+00 3.300000e+01
    endloop
  endfacet
  facet normal 0.000000e+00 0.000000e+00 -1.000000e+00
    outer loop
      vertex   -1.612604e+01 -6.307585e+00 3.300000e+01
      vertex   -1.868057e+01 -1.245393e+01 3.300000e+01
      vertex   -1.903211e+01 -1.231387e+01 3.300000e+01
    endloop
  endfacet
  facet normal -0.000000e+00 0.000000e+00 -1.000000e+00
    outer loop
      vertex   -1.612604e+01 -6.307585e+00 3.300000e+01
      vertex   -1.903211e+01 -1.231387e+01 3.300000e+01
      vertex   -1.743821e+01 -5.857119e+00 3.300000e+01
    endloop
  endfacet
  facet normal 0.000000e+00 0.000000e+00 -1.000000e+00
    outer loop
      vertex   -1.743821e+01 -5.857119e+00 3.300000e+01
      vertex   -1.903211e+01 -1.231387e+01 3.300000e+01
      vertex   -1.940554e+01 -1.225265e+01 3.300000e+01
    endloop
  endfacet
  facet normal -0.000000e+00 0.000000e+00 -1.000000e+00
    outer loop
      vertex   -1.743821e+01 -5.857119e+00 3.300000e+01
      vertex   -1.940554e+01 -1.225265e+01 3.300000e+01
      vertex   -1.880662e+01 -5.628772e+00 3.300000e+01
    endloop
  endfacet
  facet normal -0.000000e+00 0.000000e+00 -1.000000e+00
    outer loop
      vertex   -1.880662e+01 -5.628772e+00 3.300000e+01
      vertex   -1.940554e+01 -1.225265e+01 3.300000e+01
      vertex   -2.019395e+01 -5.628772e+00 3.300000e+01
    endloop
  endfacet
  facet normal 0.000000e+00 0.000000e+00 -1.000000e+00
    outer loop
      vertex   -2.019395e+01 -5.628772e+00 3.300000e+01
      vertex   -1.940554e+01 -1.225265e+01 3.300000e+01
      vertex   -1.978340e+01 -1.227313e+01 3.300000e+01
    endloop
  endfacet
  facet normal 0.000000e+00 -0.000000e+00 -1.000000e+00
    outer loop
      vertex   -2.019395e+01 -5.628772e+00 3.300000e+01
      vertex   -1.978340e+01 -1.227313e+01 3.300000e+01
      vertex   -2.156236e+01 -5.857119e+00 3.300000e+01
    endloop
  endfacet
  facet normal 0.000000e+00 -0.000000e+00 -1.000000e+00
    outer loop
      vertex   -2.156236e+01 -5.857119e+00 3.300000e+01
      vertex   -1.978340e+01 -1.227313e+01 3.300000e+01
      vertex   -2.287453e+01 -6.307585e+00 3.300000e+01
    endloop
  endfacet
  facet normal 0.000000e+00 0.000000e+00 -1.000000e+00
    outer loop
      vertex   -2.287453e+01 -6.307585e+00 3.300000e+01
      vertex   -1.978340e+01 -1.227313e+01 3.300000e+01
      vertex   -2.014803e+01 -1.237437e+01 3.300000e+01
    endloop
  endfacet
  facet normal 0.000000e+00 -0.000000e+00 -1.000000e+00
    outer loop
      vertex   -2.287453e+01 -6.307585e+00 3.300000e+01
      vertex   -2.014803e+01 -1.237437e+01 3.300000e+01
      vertex   -2.409465e+01 -6.967883e+00 3.300000e+01
    endloop
  endfacet
  facet normal 0.000000e+00 0.000000e+00 -1.000000e+00
    outer loop
      vertex   -2.409465e+01 -6.967883e+00 3.300000e+01
      vertex   -2.014803e+01 -1.237437e+01 3.300000e+01
      vertex   -2.048236e+01 -1.255162e+01 3.300000e+01
    endloop
  endfacet
  facet normal 0.000000e+00 -0.000000e+00 -1.000000e+00
    outer loop
      vertex   -2.409465e+01 -6.967883e+00 3.300000e+01
      vertex   -2.048236e+01 -1.255162e+01 3.300000e+01
      vertex   -2.518945e+01 -7.820000e+00 3.300000e+01
    endloop
  endfacet
  facet normal 0.000000e+00 0.000000e+00 -1.000000e+00
    outer loop
      vertex   -2.518945e+01 -7.820000e+00 3.300000e+01
      vertex   -2.048236e+01 -1.255162e+01 3.300000e+01
      vertex   -2.077078e+01 -1.279661e+01 3.300000e+01
    endloop
  endfacet
  facet normal 0.000000e+00 -0.000000e+00 -1.000000e+00
    outer loop
      vertex   -2.518945e+01 -7.820000e+00 3.300000e+01
      vertex   -2.077078e+01 -1.279661e+01 3.300000e+01
      vertex   -2.612906e+01 -8.840694e+00 3.300000e+01
    endloop
  endfacet
  facet normal 0.000000e+00 -0.000000e+00 -1.000000e+00
    outer loop
      vertex   -2.612906e+01 -8.840694e+00 3.300000e+01
      vertex   -2.077078e+01 -1.279661e+01 3.300000e+01
      vertex   -2.688786e+01 -1.000212e+01 3.300000e+01
    endloop
  endfacet
  facet normal 0.000000e+00 0.000000e+00 -1.000000e+00
    outer loop
      vertex   -2.688786e+01 -1.000212e+01 3.300000e+01
      vertex   -2.077078e+01 -1.279661e+01 3.300000e+01
      vertex   -2.099979e+01 -1.309786e+01 3.300000e+01
    endloop
  endfacet
  facet normal 0.000000e+00 -0.000000e+00 -1.000000e+00
    outer loop
      vertex   -2.688786e+01 -1.000212e+01 3.300000e+01
      vertex   -2.099979e+01 -1.309786e+01 3.300000e+01
      vertex   -2.744515e+01 -1.127261e+01 3.300000e+01
    endloop
  endfacet
  facet normal 0.000000e+00 0.000000e+00 -1.000000e+00
    outer loop
      vertex   -2.744515e+01 -1.127261e+01 3.300000e+01
      vertex   -2.099979e+01 -1.309786e+01 3.300000e+01
      vertex   -2.115868e+01 -1.344130e+01 3.300000e+01
    endloop
  endfacet
  facet normal 0.000000e+00 -0.000000e+00 -1.000000e+00
    outer loop
      vertex   -2.744515e+01 -1.127261e+01 3.300000e+01
      vertex   -2.115868e+01 -1.344130e+01 3.300000e+01
      vertex   -2.778572e+01 -1.261749e+01 3.300000e+01
    endloop
  endfacet
  facet normal 0.000000e+00 0.000000e+00 -1.000000e+00
    outer loop
      vertex   -2.778572e+01 -1.261749e+01 3.300000e+01
      vertex   -2.115868e+01 -1.344130e+01 3.300000e+01
      vertex   -2.124003e+01 -1.381087e+01 3.300000e+01
    endloop
  endfacet
  facet normal 0.000000e+00 -0.000000e+00 -1.000000e+00
    outer loop
      vertex   -2.778572e+01 -1.261749e+01 3.300000e+01
      vertex   -2.124003e+01 -1.381087e+01 3.300000e+01
      vertex   -2.790028e+01 -1.400008e+01 3.300000e+01
    endloop
  endfacet
  facet normal 0.000000e+00 0.000000e+00 -1.000000e+00
    outer loop
      vertex   -2.790028e+01 -1.400008e+01 3.300000e+01
      vertex   -2.124003e+01 -1.381087e+01 3.300000e+01
      vertex   -2.124003e+01 -1.418929e+01 3.300000e+01
    endloop
  endfacet
  facet normal 0.000000e+00 0.000000e+00 -1.000000e+00
    outer loop
      vertex   -2.790028e+01 -1.400008e+01 3.300000e+01
      vertex   -2.124003e+01 -1.418929e+01 3.300000e+01
      vertex   -2.115868e+01 -1.455886e+01 3.300000e+01
    endloop
  endfacet
  facet normal -0.000000e+00 -0.000000e+00 -1.000000e+00
    outer loop
      vertex   -2.115868e+01 -1.455886e+01 3.300000e+01
      vertex   -2.099979e+01 -1.490230e+01 3.300000e+01
      vertex   -2.790028e+01 -1.400008e+01 3.300000e+01
    endloop
  endfacet
  facet normal 0.000000e+00 0.000000e+00 -1.000000e+00
    outer loop
      vertex   -2.790028e+01 -1.400008e+01 3.300000e+01
      vertex   -2.099979e+01 -1.490230e+01 3.300000e+01
      vertex   -2.790028e+01 -1.950000e+01 3.300000e+01
    endloop
  endfacet
  facet normal 0.000000e+00 0.000000e+00 -1.000000e+00
    outer loop
      vertex   -2.790028e+01 -1.950000e+01 3.300000e+01
      vertex   -2.099979e+01 -1.490230e+01 3.300000e+01
      vertex   -2.077078e+01 -1.520356e+01 3.300000e+01
    endloop
  endfacet
  facet normal 0.000000e+00 0.000000e+00 -1.000000e+00
    outer loop
      vertex   -2.790028e+01 -1.950000e+01 3.300000e+01
      vertex   -2.077078e+01 -1.520356e+01 3.300000e+01
      vertex   -2.048236e+01 -1.544854e+01 3.300000e+01
    endloop
  endfacet
  facet normal 0.000000e+00 -0.000000e+00 -1.000000e+00
    outer loop
      vertex   -2.048236e+01 -1.544854e+01 3.300000e+01
      vertex   -2.014803e+01 -1.562579e+01 3.300000e+01
      vertex   -2.790028e+01 -1.950000e+01 3.300000e+01
    endloop
  endfacet
  facet normal 0.000000e+00 -0.000000e+00 -1.000000e+00
    outer loop
      vertex   -2.790028e+01 -1.950000e+01 3.300000e+01
      vertex   -2.014803e+01 -1.562579e+01 3.300000e+01
      vertex   -2.798917e+01 -2.080333e+01 3.300000e+01
    endloop
  endfacet
  facet normal 0.000000e+00 0.000000e+00 -1.000000e+00
    outer loop
      vertex   -2.798917e+01 -2.080333e+01 3.300000e+01
      vertex   -2.014803e+01 -1.562579e+01 3.300000e+01
      vertex   -1.978340e+01 -1.572703e+01 3.300000e+01
    endloop
  endfacet
  facet normal 0.000000e+00 -0.000000e+00 -1.000000e+00
    outer loop
      vertex   -2.798917e+01 -2.080333e+01 3.300000e+01
      vertex   -1.978340e+01 -1.572703e+01 3.300000e+01
      vertex   -2.825417e+01 -2.208252e+01 3.300000e+01
    endloop
  endfacet
  facet normal 0.000000e+00 0.000000e+00 -1.000000e+00
    outer loop
      vertex   -2.825417e+01 -2.208252e+01 3.300000e+01
      vertex   -1.978340e+01 -1.572703e+01 3.300000e+01
      vertex   -1.940554e+01 -1.574752e+01 3.300000e+01
    endloop
  endfacet
  facet normal 7.323623e-01 -6.809151e-01 0.000000e+00
    outer loop
      vertex   -3.093066e+01 -2.650000e+01 3.300000e+01
      vertex   -3.093066e+01 -2.650000e+01 2.800000e+01
      vertex   -3.004114e+01 -2.554327e+01 3.300000e+01
    endloop
  endfacet
  facet normal 7.323623e-01 -6.809151e-01 0.000000e+00
    outer loop
      vertex   -3.004114e+01 -2.554327e+01 3.300000e+01
      vertex   -3.093066e+01 -2.650000e+01 2.800000e+01
      vertex   -3.004114e+01 -2.554327e+01 2.800000e+01
    endloop
  endfacet
  facet normal 8.180249e-01 -5.751828e-01 0.000000e+00
    outer loop
      vertex   -3.004114e+01 -2.554327e+01 3.300000e+01
      vertex   -3.004114e+01 -2.554327e+01 2.800000e+01
      vertex   -2.928975e+01 -2.447464e+01 2.800000e+01
    endloop
  endfacet
  facet normal 8.180249e-01 -5.751828e-01 0.000000e+00
    outer loop
      vertex   -3.004114e+01 -2.554327e+01 3.300000e+01
      vertex   -2.928975e+01 -2.447464e+01 2.800000e+01
      vertex   -2.928975e+01 -2.447464e+01 3.300000e+01
    endloop
  endfacet
  facet normal 8.885398e-01 -4.587995e-01 0.000000e+00
    outer loop
      vertex   -2.928975e+01 -2.447464e+01 3.300000e+01
      vertex   -2.928975e+01 -2.447464e+01 2.800000e+01
      vertex   -2.869039e+01 -2.331389e+01 2.800000e+01
    endloop
  endfacet
  facet normal 8.885398e-01 -4.587995e-01 0.000000e+00
    outer loop
      vertex   -2.928975e+01 -2.447464e+01 3.300000e+01
      vertex   -2.869039e+01 -2.331389e+01 2.800000e+01
      vertex   -2.869039e+01 -2.331389e+01 3.300000e+01
    endloop
  endfacet
  facet normal 9.426012e-01 -3.339205e-01 0.000000e+00
    outer loop
      vertex   -2.869039e+01 -2.331389e+01 3.300000e+01
      vertex   -2.869039e+01 -2.331389e+01 2.800000e+01
      vertex   -2.825417e+01 -2.208252e+01 2.800000e+01
    endloop
  endfacet
  facet normal 9.426012e-01 -3.339205e-01 0.000000e+00
    outer loop
      vertex   -2.869039e+01 -2.331389e+01 3.300000e+01
      vertex   -2.825417e+01 -2.208252e+01 2.800000e+01
      vertex   -2.825417e+01 -2.208252e+01 3.300000e+01
    endloop
  endfacet
  facet normal 9.792081e-01 -2.028581e-01 0.000000e+00
    outer loop
      vertex   -2.825417e+01 -2.208252e+01 3.300000e+01
      vertex   -2.825417e+01 -2.208252e+01 2.800000e+01
      vertex   -2.798917e+01 -2.080333e+01 2.800000e+01
    endloop
  endfacet
  facet normal 9.792081e-01 -2.028581e-01 0.000000e+00
    outer loop
      vertex   -2.825417e+01 -2.208252e+01 3.300000e+01
      vertex   -2.798917e+01 -2.080333e+01 2.800000e+01
      vertex   -2.798917e+01 -2.080333e+01 3.300000e+01
    endloop
  endfacet
  facet normal 9.976826e-01 -6.803935e-02 0.000000e+00
    outer loop
      vertex   -2.798917e+01 -2.080333e+01 3.300000e+01
      vertex   -2.798917e+01 -2.080333e+01 2.800000e+01
      vertex   -2.790028e+01 -1.950000e+01 3.300000e+01
    endloop
  endfacet
  facet normal 9.976826e-01 -6.803935e-02 0.000000e+00
    outer loop
      vertex   -2.790028e+01 -1.950000e+01 3.300000e+01
      vertex   -2.798917e+01 -2.080333e+01 2.800000e+01
      vertex   -2.790028e+01 -1.950000e+01 2.800000e+01
    endloop
  endfacet
  facet normal -1.000000e+00 0.000000e+00 0.000000e+00
    outer loop
      vertex   -6.500000e+01 -2.196773e+01 3.300000e+01
      vertex   -6.500000e+01 -2.250000e+01 3.300000e+01
      vertex   -6.500000e+01 -2.196773e+01 3.600000e+01
    endloop
  endfacet
  facet normal -1.000000e+00 -0.000000e+00 0.000000e+00
    outer loop
      vertex   -6.500000e+01 -2.196773e+01 3.600000e+01
      vertex   -6.500000e+01 -2.250000e+01 3.300000e+01
      vertex   -6.500000e+01 -2.650000e+01 3.600000e+01
    endloop
  endfacet
  facet normal -1.000000e+00 0.000000e+00 0.000000e+00
    outer loop
      vertex   -6.500000e+01 -2.650000e+01 3.600000e+01
      vertex   -6.500000e+01 -2.250000e+01 3.300000e+01
      vertex   -6.500000e+01 -2.640000e+01 3.300000e+01
    endloop
  endfacet
  facet normal -1.000000e+00 0.000000e+00 0.000000e+00
    outer loop
      vertex   -6.500000e+01 -2.650000e+01 3.600000e+01
      vertex   -6.500000e+01 -2.640000e+01 3.300000e+01
      vertex   -6.500000e+01 -2.650000e+01 3.300000e+01
    endloop
  endfacet
  facet normal -1.000000e+00 0.000000e+00 0.000000e+00
    outer loop
      vertex   -6.500000e+01 -2.250000e+01 2.800000e+01
      vertex   -6.500000e+01 -2.640000e+01 2.800000e+01
      vertex   -6.500000e+01 -2.250000e+01 3.300000e+01
    endloop
  endfacet
  facet normal -1.000000e+00 -0.000000e+00 0.000000e+00
    outer loop
      vertex   -6.500000e+01 -2.250000e+01 3.300000e+01
      vertex   -6.500000e+01 -2.640000e+01 2.800000e+01
      vertex   -6.500000e+01 -2.640000e+01 3.300000e+01
    endloop
  endfacet
  facet normal -1.000000e+00 0.000000e+00 0.000000e+00
    outer loop
      vertex   -3.050028e+01 -1.950000e+01 3.300000e+01
      vertex   -3.050028e+01 -1.400008e+01 3.300000e+01
      vertex   -3.050028e+01 -1.950000e+01 2.800000e+01
    endloop
  endfacet
  facet normal -1.000000e+00 0.000000e+00 0.000000e+00
    outer loop
      vertex   -3.050028e+01 -1.950000e+01 2.800000e+01
      vertex   -3.050028e+01 -1.400008e+01 3.300000e+01
      vertex   -3.050028e+01 -1.400008e+01 2.800000e+01
    endloop
  endfacet
  facet normal 1.000000e+00 0.000000e+00 0.000000e+00
    outer loop
      vertex   -2.790028e+01 -1.400008e+01 3.300000e+01
      vertex   -2.790028e+01 -1.950000e+01 3.300000e+01
      vertex   -2.790028e+01 -1.400008e+01 2.800000e+01
    endloop
  endfacet
  facet normal 1.000000e+00 0.000000e+00 0.000000e+00
    outer loop
      vertex   -2.790028e+01 -1.400008e+01 2.800000e+01
      vertex   -2.790028e+01 -1.950000e+01 3.300000e+01
      vertex   -2.790028e+01 -1.950000e+01 2.800000e+01
    endloop
  endfacet
  facet normal -9.965845e-01 -8.257935e-02 0.000000e+00
    outer loop
      vertex   -1.110028e+01 -1.400008e+01 2.800000e+01
      vertex   -1.110028e+01 -1.400008e+01 3.300000e+01
      vertex   -1.121485e+01 -1.261749e+01 2.800000e+01
    endloop
  endfacet
  facet normal -9.965845e-01 -8.257935e-02 0.000000e+00
    outer loop
      vertex   -1.121485e+01 -1.261749e+01 2.800000e+01
      vertex   -1.110028e+01 -1.400008e+01 3.300000e+01
      vertex   -1.121485e+01 -1.261749e+01 3.300000e+01
    endloop
  endfacet
  facet normal -9.694003e-01 -2.454855e-01 0.000000e+00
    outer loop
      vertex   -1.121485e+01 -1.261749e+01 2.800000e+01
      vertex   -1.121485e+01 -1.261749e+01 3.300000e+01
      vertex   -1.155542e+01 -1.127261e+01 2.800000e+01
    endloop
  endfacet
  facet normal -9.694003e-01 -2.454855e-01 0.000000e+00
    outer loop
      vertex   -1.155542e+01 -1.127261e+01 2.800000e+01
      vertex   -1.121485e+01 -1.261749e+01 3.300000e+01
      vertex   -1.155542e+01 -1.127261e+01 3.300000e+01
    endloop
  endfacet
  facet normal -9.157733e-01 -4.016954e-01 0.000000e+00
    outer loop
      vertex   -1.155542e+01 -1.127261e+01 2.800000e+01
      vertex   -1.155542e+01 -1.127261e+01 3.300000e+01
      vertex   -1.211270e+01 -1.000212e+01 2.800000e+01
    endloop
  endfacet
  facet normal -9.157733e-01 -4.016954e-01 0.000000e+00
    outer loop
      vertex   -1.211270e+01 -1.000212e+01 2.800000e+01
      vertex   -1.155542e+01 -1.127261e+01 3.300000e+01
      vertex   -1.211270e+01 -1.000212e+01 3.300000e+01
    endloop
  endfacet
  facet normal -8.371665e-01 -5.469482e-01 0.000000e+00
    outer loop
      vertex   -1.211270e+01 -1.000212e+01 2.800000e+01
      vertex   -1.211270e+01 -1.000212e+01 3.300000e+01
      vertex   -1.287150e+01 -8.840694e+00 2.800000e+01
    endloop
  endfacet
  facet normal -8.371665e-01 -5.469482e-01 0.000000e+00
    outer loop
      vertex   -1.287150e+01 -8.840694e+00 2.800000e+01
      vertex   -1.211270e+01 -1.000212e+01 3.300000e+01
      vertex   -1.287150e+01 -8.840694e+00 3.300000e+01
    endloop
  endfacet
  facet normal -7.357239e-01 -6.772816e-01 0.000000e+00
    outer loop
      vertex   -1.287150e+01 -8.840694e+00 2.800000e+01
      vertex   -1.287150e+01 -8.840694e+00 3.300000e+01
      vertex   -1.381112e+01 -7.820000e+00 2.800000e+01
    endloop
  endfacet
  facet normal -7.357239e-01 -6.772816e-01 0.000000e+00
    outer loop
      vertex   -1.381112e+01 -7.820000e+00 2.800000e+01
      vertex   -1.287150e+01 -8.840694e+00 3.300000e+01
      vertex   -1.381112e+01 -7.820000e+00 3.300000e+01
    endloop
  endfacet
  facet normal -6.142127e-01 -7.891405e-01 0.000000e+00
    outer loop
      vertex   -1.381112e+01 -7.820000e+00 2.800000e+01
      vertex   -1.381112e+01 -7.820000e+00 3.300000e+01
      vertex   -1.490592e+01 -6.967883e+00 2.800000e+01
    endloop
  endfacet
  facet normal -6.142127e-01 -7.891405e-01 0.000000e+00
    outer loop
      vertex   -1.490592e+01 -6.967883e+00 2.800000e+01
      vertex   -1.381112e+01 -7.820000e+00 3.300000e+01
      vertex   -1.490592e+01 -6.967883e+00 3.300000e+01
    endloop
  endfacet
  facet normal -4.759474e-01 -8.794738e-01 0.000000e+00
    outer loop
      vertex   -1.490592e+01 -6.967883e+00 2.800000e+01
      vertex   -1.490592e+01 -6.967883e+00 3.300000e+01
      vertex   -1.612604e+01 -6.307585e+00 2.800000e+01
    endloop
  endfacet
  facet normal -4.759474e-01 -8.794738e-01 3.124518e-16
    outer loop
      vertex   -1.612604e+01 -6.307585e+00 2.800000e+01
      vertex   -1.490592e+01 -6.967883e+00 3.300000e+01
      vertex   -1.612604e+01 -6.307585e+00 3.300000e+01
    endloop
  endfacet
  facet normal -3.246995e-01 -9.458172e-01 3.360218e-16
    outer loop
      vertex   -1.612604e+01 -6.307585e+00 2.800000e+01
      vertex   -1.612604e+01 -6.307585e+00 3.300000e+01
      vertex   -1.743821e+01 -5.857119e+00 2.800000e+01
    endloop
  endfacet
  facet normal -3.246995e-01 -9.458172e-01 0.000000e+00
    outer loop
      vertex   -1.743821e+01 -5.857119e+00 2.800000e+01
      vertex   -1.612604e+01 -6.307585e+00 3.300000e+01
      vertex   -1.743821e+01 -5.857119e+00 3.300000e+01
    endloop
  endfacet
  facet normal -1.645946e-01 -9.863613e-01 0.000000e+00
    outer loop
      vertex   -1.743821e+01 -5.857119e+00 2.800000e+01
      vertex   -1.743821e+01 -5.857119e+00 3.300000e+01
      vertex   -1.880662e+01 -5.628772e+00 2.800000e+01
    endloop
  endfacet
  facet normal -1.645946e-01 -9.863613e-01 0.000000e+00
    outer loop
      vertex   -1.880662e+01 -5.628772e+00 2.800000e+01
      vertex   -1.743821e+01 -5.857119e+00 3.300000e+01
      vertex   -1.880662e+01 -5.628772e+00 3.300000e+01
    endloop
  endfacet
  facet normal 0.000000e+00 -1.000000e+00 0.000000e+00
    outer loop
      vertex   -1.880662e+01 -5.628772e+00 2.800000e+01
      vertex   -1.880662e+01 -5.628772e+00 3.300000e+01
      vertex   -2.019395e+01 -5.628772e+00 2.800000e+01
    endloop
  endfacet
  facet normal 0.000000e+00 -1.000000e+00 0.000000e+00
    outer loop
      vertex   -2.019395e+01 -5.628772e+00 2.800000e+01
      vertex   -1.880662e+01 -5.628772e+00 3.300000e+01
      vertex   -2.019395e+01 -5.628772e+00 3.300000e+01
    endloop
  endfacet
  facet normal 1.645946e-01 -9.863613e-01 0.000000e+00
    outer loop
      vertex   -2.019395e+01 -5.628772e+00 2.800000e+01
      vertex   -2.019395e+01 -5.628772e+00 3.300000e+01
      vertex   -2.156236e+01 -5.857119e+00 2.800000e+01
    endloop
  endfacet
  facet normal 1.645946e-01 -9.863613e-01 0.000000e+00
    outer loop
      vertex   -2.156236e+01 -5.857119e+00 2.800000e+01
      vertex   -2.019395e+01 -5.628772e+00 3.300000e+01
      vertex   -2.156236e+01 -5.857119e+00 3.300000e+01
    endloop
  endfacet
  facet normal 3.246995e-01 -9.458172e-01 0.000000e+00
    outer loop
      vertex   -2.156236e+01 -5.857119e+00 2.800000e+01
      vertex   -2.156236e+01 -5.857119e+00 3.300000e+01
      vertex   -2.287453e+01 -6.307585e+00 2.800000e+01
    endloop
  endfacet
  facet normal 3.246995e-01 -9.458172e-01 -3.360218e-16
    outer loop
      vertex   -2.287453e+01 -6.307585e+00 2.800000e+01
      vertex   -2.156236e+01 -5.857119e+00 3.300000e+01
      vertex   -2.287453e+01 -6.307585e+00 3.300000e+01
    endloop
  endfacet
  facet normal 4.759474e-01 -8.794738e-01 -3.124518e-16
    outer loop
      vertex   -2.287453e+01 -6.307585e+00 2.800000e+01
      vertex   -2.287453e+01 -6.307585e+00 3.300000e+01
      vertex   -2.409465e+01 -6.967883e+00 2.800000e+01
    endloop
  endfacet
  facet normal 4.759474e-01 -8.794738e-01 -3.124518e-16
    outer loop
      vertex   -2.409465e+01 -6.967883e+00 2.800000e+01
      vertex   -2.287453e+01 -6.307585e+00 3.300000e+01
      vertex   -2.409465e+01 -6.967883e+00 3.300000e+01
    endloop
  endfacet
  facet normal 6.142127e-01 -7.891405e-01 -2.803590e-16
    outer loop
      vertex   -2.409465e+01 -6.967883e+00 2.800000e+01
      vertex   -2.409465e+01 -6.967883e+00 3.300000e+01
      vertex   -2.518945e+01 -7.820000e+00 2.800000e+01
    endloop
  endfacet
  facet normal 6.142127e-01 -7.891405e-01 0.000000e+00
    outer loop
      vertex   -2.518945e+01 -7.820000e+00 2.800000e+01
      vertex   -2.409465e+01 -6.967883e+00 3.300000e+01
      vertex   -2.518945e+01 -7.820000e+00 3.300000e+01
    endloop
  endfacet
  facet normal 7.357239e-01 -6.772816e-01 0.000000e+00
    outer loop
      vertex   -2.518945e+01 -7.820000e+00 2.800000e+01
      vertex   -2.518945e+01 -7.820000e+00 3.300000e+01
      vertex   -2.612906e+01 -8.840694e+00 2.800000e+01
    endloop
  endfacet
  facet normal 7.357239e-01 -6.772816e-01 0.000000e+00
    outer loop
      vertex   -2.612906e+01 -8.840694e+00 2.800000e+01
      vertex   -2.518945e+01 -7.820000e+00 3.300000e+01
      vertex   -2.612906e+01 -8.840694e+00 3.300000e+01
    endloop
  endfacet
  facet normal 8.371665e-01 -5.469482e-01 0.000000e+00
    outer loop
      vertex   -2.612906e+01 -8.840694e+00 2.800000e+01
      vertex   -2.612906e+01 -8.840694e+00 3.300000e+01
      vertex   -2.688786e+01 -1.000212e+01 2.800000e+01
    endloop
  endfacet
  facet normal 8.371665e-01 -5.469482e-01 -1.943150e-16
    outer loop
      vertex   -2.688786e+01 -1.000212e+01 2.800000e+01
      vertex   -2.612906e+01 -8.840694e+00 3.300000e+01
      vertex   -2.688786e+01 -1.000212e+01 3.300000e+01
    endloop
  endfacet
  facet normal 9.157733e-01 -4.016954e-01 -1.427109e-16
    outer loop
      vertex   -2.688786e+01 -1.000212e+01 2.800000e+01
      vertex   -2.688786e+01 -1.000212e+01 3.300000e+01
      vertex   -2.744515e+01 -1.127261e+01 2.800000e+01
    endloop
  endfacet
  facet normal 9.157733e-01 -4.016954e-01 0.000000e+00
    outer loop
      vertex   -2.744515e+01 -1.127261e+01 2.800000e+01
      vertex   -2.688786e+01 -1.000212e+01 3.300000e+01
      vertex   -2.744515e+01 -1.127261e+01 3.300000e+01
    endloop
  endfacet
  facet normal 9.694003e-01 -2.454855e-01 0.000000e+00
    outer loop
      vertex   -2.744515e+01 -1.127261e+01 2.800000e+01
      vertex   -2.744515e+01 -1.127261e+01 3.300000e+01
      vertex   -2.778572e+01 -1.261749e+01 2.800000e+01
    endloop
  endfacet
  facet normal 9.694003e-01 -2.454855e-01 -8.721396e-17
    outer loop
      vertex   -2.778572e+01 -1.261749e+01 2.800000e+01
      vertex   -2.744515e+01 -1.127261e+01 3.300000e+01
      vertex   -2.778572e+01 -1.261749e+01 3.300000e+01
    endloop
  endfacet
  facet normal 9.965845e-01 -8.257935e-02 -2.933808e-17
    outer loop
      vertex   -2.778572e+01 -1.261749e+01 2.800000e+01
      vertex   -2.778572e+01 -1.261749e+01 3.300000e+01
      vertex   -2.790028e+01 -1.400008e+01 2.800000e+01
    endloop
  endfacet
  facet normal 9.965845e-01 -8.257935e-02 0.000000e+00
    outer loop
      vertex   -2.790028e+01 -1.400008e+01 2.800000e+01
      vertex   -2.778572e+01 -1.261749e+01 3.300000e+01
      vertex   -2.790028e+01 -1.400008e+01 3.300000e+01
    endloop
  endfacet
  facet normal -1.000000e+00 -1.291915e-15 -0.000000e+00
    outer loop
      vertex   -1.110028e+01 -1.950000e+01 3.300000e+01
      vertex   -1.110028e+01 -1.400008e+01 3.300000e+01
      vertex   -1.110028e+01 -1.950000e+01 2.800000e+01
    endloop
  endfacet
  facet normal -1.000000e+00 -1.291915e-15 0.000000e+00
    outer loop
      vertex   -1.110028e+01 -1.950000e+01 2.800000e+01
      vertex   -1.110028e+01 -1.400008e+01 3.300000e+01
      vertex   -1.110028e+01 -1.400008e+01 2.800000e+01
    endloop
  endfacet
  facet normal -7.323623e-01 -6.809151e-01 0.000000e+00
    outer loop
      vertex   -8.069912e+00 -2.650000e+01 2.800000e+01
      vertex   -8.069912e+00 -2.650000e+01 3.300000e+01
      vertex   -8.959429e+00 -2.554327e+01 2.800000e+01
    endloop
  endfacet
  facet normal -7.323623e-01 -6.809151e-01 0.000000e+00
    outer loop
      vertex   -8.959429e+00 -2.554327e+01 2.800000e+01
      vertex   -8.069912e+00 -2.650000e+01 3.300000e+01
      vertex   -8.959429e+00 -2.554327e+01 3.300000e+01
    endloop
  endfacet
  facet normal -8.180249e-01 -5.751828e-01 0.000000e+00
    outer loop
      vertex   -8.959429e+00 -2.554327e+01 2.800000e+01
      vertex   -8.959429e+00 -2.554327e+01 3.300000e+01
      vertex   -9.710822e+00 -2.447464e+01 3.300000e+01
    endloop
  endfacet
  facet normal -8.180249e-01 -5.751828e-01 2.889534e-16
    outer loop
      vertex   -8.959429e+00 -2.554327e+01 2.800000e+01
      vertex   -9.710822e+00 -2.447464e+01 3.300000e+01
      vertex   -9.710822e+00 -2.447464e+01 2.800000e+01
    endloop
  endfacet
  facet normal -8.885398e-01 -4.587995e-01 3.156728e-16
    outer loop
      vertex   -9.710822e+00 -2.447464e+01 2.800000e+01
      vertex   -9.710822e+00 -2.447464e+01 3.300000e+01
      vertex   -1.031018e+01 -2.331389e+01 3.300000e+01
    endloop
  endfacet
  facet normal -8.885398e-01 -4.587995e-01 0.000000e+00
    outer loop
      vertex   -9.710822e+00 -2.447464e+01 2.800000e+01
      vertex   -1.031018e+01 -2.331389e+01 3.300000e+01
      vertex   -1.031018e+01 -2.331389e+01 2.800000e+01
    endloop
  endfacet
  facet normal -9.426012e-01 -3.339205e-01 0.000000e+00
    outer loop
      vertex   -1.031018e+01 -2.331389e+01 2.800000e+01
      vertex   -1.031018e+01 -2.331389e+01 3.300000e+01
      vertex   -1.074640e+01 -2.208252e+01 3.300000e+01
    endloop
  endfacet
  facet normal -9.426012e-01 -3.339205e-01 1.019835e-16
    outer loop
      vertex   -1.031018e+01 -2.331389e+01 2.800000e+01
      vertex   -1.074640e+01 -2.208252e+01 3.300000e+01
      vertex   -1.074640e+01 -2.208252e+01 2.800000e+01
    endloop
  endfacet
  facet normal -9.792081e-01 -2.028581e-01 2.037452e-16
    outer loop
      vertex   -1.074640e+01 -2.208252e+01 2.800000e+01
      vertex   -1.074640e+01 -2.208252e+01 3.300000e+01
      vertex   -1.101140e+01 -2.080333e+01 3.300000e+01
    endloop
  endfacet
  facet normal -9.792081e-01 -2.028581e-01 0.000000e+00
    outer loop
      vertex   -1.074640e+01 -2.208252e+01 2.800000e+01
      vertex   -1.101140e+01 -2.080333e+01 3.300000e+01
      vertex   -1.101140e+01 -2.080333e+01 2.800000e+01
    endloop
  endfacet
  facet normal -9.976826e-01 -6.803935e-02 0.000000e+00
    outer loop
      vertex   -1.101140e+01 -2.080333e+01 2.800000e+01
      vertex   -1.101140e+01 -2.080333e+01 3.300000e+01
      vertex   -1.110028e+01 -1.950000e+01 2.800000e+01
    endloop
  endfacet
  facet normal -9.976826e-01 -6.803935e-02 0.000000e+00
    outer loop
      vertex   -1.110028e+01 -1.950000e+01 2.800000e+01
      vertex   -1.101140e+01 -2.080333e+01 3.300000e+01
      vertex   -1.110028e+01 -1.950000e+01 3.300000e+01
    endloop
  endfacet
  facet normal 9.326551e-01 3.607692e-01 0.000000e+00
    outer loop
      vertex   -7.824840e+00 -2.250000e+01 3.300000e+01
      vertex   -7.824840e+00 -2.250000e+01 2.800000e+01
      vertex   -8.197342e+00 -2.153701e+01 3.300000e+01
    endloop
  endfacet
  facet normal 9.326551e-01 3.607692e-01 0.000000e+00
    outer loop
      vertex   -8.197342e+00 -2.153701e+01 3.300000e+01
      vertex   -7.824840e+00 -2.250000e+01 2.800000e+01
      vertex   -8.197342e+00 -2.153701e+01 2.800000e+01
    endloop
  endfacet
  facet normal 9.755788e-01 2.196498e-01 0.000000e+00
    outer loop
      vertex   -8.197342e+00 -2.153701e+01 3.300000e+01
      vertex   -8.197342e+00 -2.153701e+01 2.800000e+01
      vertex   -8.424135e+00 -2.052971e+01 3.300000e+01
    endloop
  endfacet
  facet normal 9.755788e-01 2.196498e-01 0.000000e+00
    outer loop
      vertex   -8.424135e+00 -2.052971e+01 3.300000e+01
      vertex   -8.197342e+00 -2.153701e+01 2.800000e+01
      vertex   -8.424135e+00 -2.052971e+01 2.800000e+01
    endloop
  endfacet
  facet normal 9.972767e-01 7.375148e-02 0.000000e+00
    outer loop
      vertex   -8.424135e+00 -2.052971e+01 3.300000e+01
      vertex   -8.424135e+00 -2.052971e+01 2.800000e+01
      vertex   -8.500284e+00 -1.950000e+01 3.300000e+01
    endloop
  endfacet
  facet normal 9.972767e-01 7.375148e-02 0.000000e+00
    outer loop
      vertex   -8.500284e+00 -1.950000e+01 3.300000e+01
      vertex   -8.424135e+00 -2.052971e+01 2.800000e+01
      vertex   -8.500284e+00 -1.950000e+01 2.800000e+01
    endloop
  endfacet
  facet normal 1.000000e+00 9.689362e-16 0.000000e+00
    outer loop
      vertex   -8.500284e+00 -1.400008e+01 3.300000e+01
      vertex   -8.500284e+00 -1.950000e+01 3.300000e+01
      vertex   -8.500284e+00 -1.400008e+01 2.800000e+01
    endloop
  endfacet
  facet normal 1.000000e+00 9.689362e-16 0.000000e+00
    outer loop
      vertex   -8.500284e+00 -1.400008e+01 2.800000e+01
      vertex   -8.500284e+00 -1.950000e+01 3.300000e+01
      vertex   -8.500284e+00 -1.950000e+01 2.800000e+01
    endloop
  endfacet
  facet normal -9.972038e-01 7.473009e-02 0.000000e+00
    outer loop
      vertex   -3.050028e+01 -1.400008e+01 2.800000e+01
      vertex   -3.050028e+01 -1.400008e+01 3.300000e+01
      vertex   -3.037742e+01 -1.236062e+01 2.800000e+01
    endloop
  endfacet
  facet normal -9.972038e-01 7.473009e-02 5.309893e-17
    outer loop
      vertex   -3.037742e+01 -1.236062e+01 2.800000e+01
      vertex   -3.050028e+01 -1.400008e+01 3.300000e+01
      vertex   -3.037742e+01 -1.236062e+01 3.300000e+01
    endloop
  endfacet
  facet normal -9.749279e-01 2.225209e-01 1.581106e-16
    outer loop
      vertex   -3.037742e+01 -1.236062e+01 2.800000e+01
      vertex   -3.037742e+01 -1.236062e+01 3.300000e+01
      vertex   -3.001159e+01 -1.075777e+01 2.800000e+01
    endloop
  endfacet
  facet normal -9.749279e-01 2.225209e-01 -6.136726e-16
    outer loop
      vertex   -3.001159e+01 -1.075777e+01 2.800000e+01
      vertex   -3.037742e+01 -1.236062e+01 3.300000e+01
      vertex   -3.001159e+01 -1.075777e+01 3.300000e+01
    endloop
  endfacet
  facet normal -9.308737e-01 3.653410e-01 -5.316304e-16
    outer loop
      vertex   -3.001159e+01 -1.075777e+01 2.800000e+01
      vertex   -3.001159e+01 -1.075777e+01 3.300000e+01
      vertex   -2.941094e+01 -9.227360e+00 2.800000e+01
    endloop
  endfacet
  facet normal -9.308737e-01 3.653410e-01 0.000000e+00
    outer loop
      vertex   -2.941094e+01 -9.227360e+00 2.800000e+01
      vertex   -3.001159e+01 -1.075777e+01 3.300000e+01
      vertex   -2.941094e+01 -9.227360e+00 3.300000e+01
    endloop
  endfacet
  facet normal -8.660254e-01 5.000000e-01 0.000000e+00
    outer loop
      vertex   -2.941094e+01 -9.227360e+00 2.800000e+01
      vertex   -2.941094e+01 -9.227360e+00 3.300000e+01
      vertex   -2.858891e+01 -7.803561e+00 2.800000e+01
    endloop
  endfacet
  facet normal -8.660254e-01 5.000000e-01 3.552714e-16
    outer loop
      vertex   -2.858891e+01 -7.803561e+00 2.800000e+01
      vertex   -2.941094e+01 -9.227360e+00 3.300000e+01
      vertex   -2.858891e+01 -7.803561e+00 3.300000e+01
    endloop
  endfacet
  facet normal -7.818315e-01 6.234898e-01 4.430161e-16
    outer loop
      vertex   -2.858891e+01 -7.803561e+00 2.800000e+01
      vertex   -2.858891e+01 -7.803561e+00 3.300000e+01
      vertex   -2.756386e+01 -6.518181e+00 2.800000e+01
    endloop
  endfacet
  facet normal -7.818315e-01 6.234898e-01 3.322621e-16
    outer loop
      vertex   -2.756386e+01 -6.518181e+00 2.800000e+01
      vertex   -2.858891e+01 -7.803561e+00 3.300000e+01
      vertex   -2.756386e+01 -6.518181e+00 3.300000e+01
    endloop
  endfacet
  facet normal -6.801727e-01 7.330519e-01 3.906485e-16
    outer loop
      vertex   -2.756386e+01 -6.518181e+00 2.800000e+01
      vertex   -2.756386e+01 -6.518181e+00 3.300000e+01
      vertex   -2.635867e+01 -5.399935e+00 2.800000e+01
    endloop
  endfacet
  facet normal -6.801727e-01 7.330519e-01 0.000000e+00
    outer loop
      vertex   -2.635867e+01 -5.399935e+00 2.800000e+01
      vertex   -2.756386e+01 -6.518181e+00 3.300000e+01
      vertex   -2.635867e+01 -5.399935e+00 3.300000e+01
    endloop
  endfacet
  facet normal -5.633201e-01 8.262388e-01 0.000000e+00
    outer loop
      vertex   -2.635867e+01 -5.399935e+00 2.800000e+01
      vertex   -2.635867e+01 -5.399935e+00 3.300000e+01
      vertex   -2.500028e+01 -4.473802e+00 2.800000e+01
    endloop
  endfacet
  facet normal -5.633201e-01 8.262388e-01 -5.069870e-16
    outer loop
      vertex   -2.500028e+01 -4.473802e+00 2.800000e+01
      vertex   -2.635867e+01 -5.399935e+00 3.300000e+01
      vertex   -2.500028e+01 -4.473802e+00 3.300000e+01
    endloop
  endfacet
  facet normal -4.338837e-01 9.009689e-01 -2.964974e-16
    outer loop
      vertex   -2.500028e+01 -4.473802e+00 2.800000e+01
      vertex   -2.500028e+01 -4.473802e+00 3.300000e+01
      vertex   -2.351904e+01 -3.760470e+00 2.800000e+01
    endloop
  endfacet
  facet normal -4.338837e-01 9.009689e-01 4.001106e-16
    outer loop
      vertex   -2.351904e+01 -3.760470e+00 2.800000e+01
      vertex   -2.500028e+01 -4.473802e+00 3.300000e+01
      vertex   -2.351904e+01 -3.760470e+00 3.300000e+01
    endloop
  endfacet
  facet normal -2.947552e-01 9.555728e-01 4.243596e-16
    outer loop
      vertex   -2.351904e+01 -3.760470e+00 2.800000e+01
      vertex   -2.351904e+01 -3.760470e+00 3.300000e+01
      vertex   -2.194801e+01 -3.275874e+00 2.800000e+01
    endloop
  endfacet
  facet normal -2.947552e-01 9.555728e-01 0.000000e+00
    outer loop
      vertex   -2.194801e+01 -3.275874e+00 2.800000e+01
      vertex   -2.351904e+01 -3.760470e+00 3.300000e+01
      vertex   -2.194801e+01 -3.275874e+00 3.300000e+01
    endloop
  endfacet
  facet normal -1.490423e-01 9.888308e-01 0.000000e+00
    outer loop
      vertex   -2.194801e+01 -3.275874e+00 2.800000e+01
      vertex   -2.194801e+01 -3.275874e+00 3.300000e+01
      vertex   -2.032232e+01 -3.030840e+00 2.800000e+01
    endloop
  endfacet
  facet normal -1.490423e-01 9.888308e-01 -1.059009e-16
    outer loop
      vertex   -2.032232e+01 -3.030840e+00 2.800000e+01
      vertex   -2.194801e+01 -3.275874e+00 3.300000e+01
      vertex   -2.032232e+01 -3.030840e+00 3.300000e+01
    endloop
  endfacet
  facet normal 0.000000e+00 1.000000e+00 -0.000000e+00
    outer loop
      vertex   -2.032232e+01 -3.030840e+00 2.800000e+01
      vertex   -2.032232e+01 -3.030840e+00 3.300000e+01
      vertex   -1.867825e+01 -3.030840e+00 2.800000e+01
    endloop
  endfacet
  facet normal 0.000000e+00 1.000000e+00 -0.000000e+00
    outer loop
      vertex   -1.867825e+01 -3.030840e+00 2.800000e+01
      vertex   -2.032232e+01 -3.030840e+00 3.300000e+01
      vertex   -1.867825e+01 -3.030840e+00 3.300000e+01
    endloop
  endfacet
  facet normal 1.490423e-01 9.888308e-01 -0.000000e+00
    outer loop
      vertex   -1.867825e+01 -3.030840e+00 2.800000e+01
      vertex   -1.867825e+01 -3.030840e+00 3.300000e+01
      vertex   -1.705255e+01 -3.275874e+00 2.800000e+01
    endloop
  endfacet
  facet normal 1.490423e-01 9.888308e-01 -0.000000e+00
    outer loop
      vertex   -1.705255e+01 -3.275874e+00 2.800000e+01
      vertex   -1.867825e+01 -3.030840e+00 3.300000e+01
      vertex   -1.705255e+01 -3.275874e+00 3.300000e+01
    endloop
  endfacet
  facet normal 2.947552e-01 9.555728e-01 -0.000000e+00
    outer loop
      vertex   -1.705255e+01 -3.275874e+00 2.800000e+01
      vertex   -1.705255e+01 -3.275874e+00 3.300000e+01
      vertex   -1.548153e+01 -3.760470e+00 2.800000e+01
    endloop
  endfacet
  facet normal 2.947552e-01 9.555728e-01 3.141542e-16
    outer loop
      vertex   -1.548153e+01 -3.760470e+00 2.800000e+01
      vertex   -1.705255e+01 -3.275874e+00 3.300000e+01
      vertex   -1.548153e+01 -3.760470e+00 3.300000e+01
    endloop
  endfacet
  facet normal 4.338837e-01 9.009689e-01 4.624394e-16
    outer loop
      vertex   -1.548153e+01 -3.760470e+00 2.800000e+01
      vertex   -1.548153e+01 -3.760470e+00 3.300000e+01
      vertex   -1.400028e+01 -4.473802e+00 2.800000e+01
    endloop
  endfacet
  facet normal 4.338837e-01 9.009689e-01 1.482487e-16
    outer loop
      vertex   -1.400028e+01 -4.473802e+00 2.800000e+01
      vertex   -1.548153e+01 -3.760470e+00 3.300000e+01
      vertex   -1.400028e+01 -4.473802e+00 3.300000e+01
    endloop
  endfacet
  facet normal 5.633201e-01 8.262388e-01 2.534935e-16
    outer loop
      vertex   -1.400028e+01 -4.473802e+00 2.800000e+01
      vertex   -1.400028e+01 -4.473802e+00 3.300000e+01
      vertex   -1.264190e+01 -5.399935e+00 2.800000e+01
    endloop
  endfacet
  facet normal 5.633201e-01 8.262388e-01 -0.000000e+00
    outer loop
      vertex   -1.264190e+01 -5.399935e+00 2.800000e+01
      vertex   -1.400028e+01 -4.473802e+00 3.300000e+01
      vertex   -1.264190e+01 -5.399935e+00 3.300000e+01
    endloop
  endfacet
  facet normal 6.801727e-01 7.330519e-01 -0.000000e+00
    outer loop
      vertex   -1.264190e+01 -5.399935e+00 2.800000e+01
      vertex   -1.264190e+01 -5.399935e+00 3.300000e+01
      vertex   -1.143671e+01 -6.518181e+00 2.800000e+01
    endloop
  endfacet
  facet normal 6.801727e-01 7.330519e-01 9.264329e-17
    outer loop
      vertex   -1.143671e+01 -6.518181e+00 2.800000e+01
      vertex   -1.264190e+01 -5.399935e+00 3.300000e+01
      vertex   -1.143671e+01 -6.518181e+00 3.300000e+01
    endloop
  endfacet
  facet normal 7.818315e-01 6.234898e-01 2.232626e-16
    outer loop
      vertex   -1.143671e+01 -6.518181e+00 2.800000e+01
      vertex   -1.143671e+01 -6.518181e+00 3.300000e+01
      vertex   -1.041166e+01 -7.803561e+00 2.800000e+01
    endloop
  endfacet
  facet normal 7.818315e-01 6.234898e-01 5.010249e-16
    outer loop
      vertex   -1.041166e+01 -7.803561e+00 2.800000e+01
      vertex   -1.143671e+01 -6.518181e+00 3.300000e+01
      vertex   -1.041166e+01 -7.803561e+00 3.300000e+01
    endloop
  endfacet
  facet normal 8.660254e-01 5.000000e-01 6.565686e-16
    outer loop
      vertex   -1.041166e+01 -7.803561e+00 2.800000e+01
      vertex   -1.041166e+01 -7.803561e+00 3.300000e+01
      vertex   -9.589627e+00 -9.227360e+00 2.800000e+01
    endloop
  endfacet
  facet normal 8.660254e-01 5.000000e-01 -0.000000e+00
    outer loop
      vertex   -9.589627e+00 -9.227360e+00 2.800000e+01
      vertex   -1.041166e+01 -7.803561e+00 3.300000e+01
      vertex   -9.589627e+00 -9.227360e+00 3.300000e+01
    endloop
  endfacet
  facet normal 9.308737e-01 3.653410e-01 -0.000000e+00
    outer loop
      vertex   -9.589627e+00 -9.227360e+00 2.800000e+01
      vertex   -9.589627e+00 -9.227360e+00 3.300000e+01
      vertex   -8.988984e+00 -1.075777e+01 2.800000e+01
    endloop
  endfacet
  facet normal 9.308737e-01 3.653410e-01 -0.000000e+00
    outer loop
      vertex   -8.988984e+00 -1.075777e+01 2.800000e+01
      vertex   -9.589627e+00 -9.227360e+00 3.300000e+01
      vertex   -8.988984e+00 -1.075777e+01 3.300000e+01
    endloop
  endfacet
  facet normal 9.749279e-01 2.225209e-01 -0.000000e+00
    outer loop
      vertex   -8.988984e+00 -1.075777e+01 2.800000e+01
      vertex   -8.988984e+00 -1.075777e+01 3.300000e+01
      vertex   -8.623145e+00 -1.236062e+01 2.800000e+01
    endloop
  endfacet
  facet normal 9.749279e-01 2.225209e-01 -2.371659e-16
    outer loop
      vertex   -8.623145e+00 -1.236062e+01 2.800000e+01
      vertex   -8.988984e+00 -1.075777e+01 3.300000e+01
      vertex   -8.623145e+00 -1.236062e+01 3.300000e+01
    endloop
  endfacet
  facet normal 9.972038e-01 7.473009e-02 -7.964839e-17
    outer loop
      vertex   -8.623145e+00 -1.236062e+01 2.800000e+01
      vertex   -8.623145e+00 -1.236062e+01 3.300000e+01
      vertex   -8.500284e+00 -1.400008e+01 2.800000e+01
    endloop
  endfacet
  facet normal 9.972038e-01 7.473009e-02 -0.000000e+00
    outer loop
      vertex   -8.500284e+00 -1.400008e+01 2.800000e+01
      vertex   -8.623145e+00 -1.236062e+01 3.300000e+01
      vertex   -8.500284e+00 -1.400008e+01 3.300000e+01
    endloop
  endfacet
  facet normal 0.000000e+00 0.000000e+00 -1.000000e+00
    outer loop
      vertex   -1.500284e+00 -2.650000e+01 2.800000e+01
      vertex   -8.069912e+00 -2.650000e+01 2.800000e+01
      vertex   -1.894951e+00 -2.648887e+01 2.800000e+01
    endloop
  endfacet
  facet normal -0.000000e+00 0.000000e+00 -1.000000e+00
    outer loop
      vertex   -1.894951e+00 -2.648887e+01 2.800000e+01
      vertex   -8.069912e+00 -2.650000e+01 2.800000e+01
      vertex   -2.288363e+00 -2.645550e+01 2.800000e+01
    endloop
  endfacet
  facet normal -0.000000e+00 0.000000e+00 -1.000000e+00
    outer loop
      vertex   -2.288363e+00 -2.645550e+01 2.800000e+01
      vertex   -8.069912e+00 -2.650000e+01 2.800000e+01
      vertex   -2.679267e+00 -2.640000e+01 2.800000e+01
    endloop
  endfacet
  facet normal -0.000000e+00 0.000000e+00 -1.000000e+00
    outer loop
      vertex   -2.679267e+00 -2.640000e+01 2.800000e+01
      vertex   -8.069912e+00 -2.650000e+01 2.800000e+01
      vertex   -8.959429e+00 -2.554327e+01 2.800000e+01
    endloop
  endfacet
  facet normal 0.000000e+00 0.000000e+00 -1.000000e+00
    outer loop
      vertex   -2.679267e+00 -2.640000e+01 2.800000e+01
      vertex   -8.959429e+00 -2.554327e+01 2.800000e+01
      vertex   -9.710822e+00 -2.447464e+01 2.800000e+01
    endloop
  endfacet
  facet normal 0.000000e+00 0.000000e+00 -1.000000e+00
    outer loop
      vertex   -2.679267e+00 -2.640000e+01 2.800000e+01
      vertex   -9.710822e+00 -2.447464e+01 2.800000e+01
      vertex   -7.824840e+00 -2.250000e+01 2.800000e+01
    endloop
  endfacet
  facet normal 0.000000e+00 0.000000e+00 -1.000000e+00
    outer loop
      vertex   -7.824840e+00 -2.250000e+01 2.800000e+01
      vertex   -9.710822e+00 -2.447464e+01 2.800000e+01
      vertex   -1.031018e+01 -2.331389e+01 2.800000e+01
    endloop
  endfacet
  facet normal -0.000000e+00 0.000000e+00 -1.000000e+00
    outer loop
      vertex   -7.824840e+00 -2.250000e+01 2.800000e+01
      vertex   -1.031018e+01 -2.331389e+01 2.800000e+01
      vertex   -1.074640e+01 -2.208252e+01 2.800000e+01
    endloop
  endfacet
  facet normal 0.000000e+00 0.000000e+00 -1.000000e+00
    outer loop
      vertex   -7.824840e+00 -2.250000e+01 2.800000e+01
      vertex   -1.074640e+01 -2.208252e+01 2.800000e+01
      vertex   -8.197342e+00 -2.153701e+01 2.800000e+01
    endloop
  endfacet
  facet normal -0.000000e+00 0.000000e+00 -1.000000e+00
    outer loop
      vertex   -8.197342e+00 -2.153701e+01 2.800000e+01
      vertex   -1.074640e+01 -2.208252e+01 2.800000e+01
      vertex   -1.101140e+01 -2.080333e+01 2.800000e+01
    endloop
  endfacet
  facet normal 0.000000e+00 0.000000e+00 -1.000000e+00
    outer loop
      vertex   -8.197342e+00 -2.153701e+01 2.800000e+01
      vertex   -1.101140e+01 -2.080333e+01 2.800000e+01
      vertex   -8.424135e+00 -2.052971e+01 2.800000e+01
    endloop
  endfacet
  facet normal -0.000000e+00 0.000000e+00 -1.000000e+00
    outer loop
      vertex   -8.424135e+00 -2.052971e+01 2.800000e+01
      vertex   -1.101140e+01 -2.080333e+01 2.800000e+01
      vertex   -1.110028e+01 -1.950000e+01 2.800000e+01
    endloop
  endfacet
  facet normal 0.000000e+00 0.000000e+00 -1.000000e+00
    outer loop
      vertex   -8.424135e+00 -2.052971e+01 2.800000e+01
      vertex   -1.110028e+01 -1.950000e+01 2.800000e+01
      vertex   -8.500284e+00 -1.950000e+01 2.800000e+01
    endloop
  endfacet
  facet normal 0.000000e+00 0.000000e+00 -1.000000e+00
    outer loop
      vertex   -8.500284e+00 -1.950000e+01 2.800000e+01
      vertex   -1.110028e+01 -1.950000e+01 2.800000e+01
      vertex   -8.500284e+00 -1.400008e+01 2.800000e+01
    endloop
  endfacet
  facet normal 0.000000e+00 0.000000e+00 -1.000000e+00
    outer loop
      vertex   -8.500284e+00 -1.400008e+01 2.800000e+01
      vertex   -1.110028e+01 -1.950000e+01 2.800000e+01
      vertex   -1.110028e+01 -1.400008e+01 2.800000e+01
    endloop
  endfacet
  facet normal -0.000000e+00 0.000000e+00 -1.000000e+00
    outer loop
      vertex   -8.500284e+00 -1.400008e+01 2.800000e+01
      vertex   -1.110028e+01 -1.400008e+01 2.800000e+01
      vertex   -1.121485e+01 -1.261749e+01 2.800000e+01
    endloop
  endfacet
  facet normal 0.000000e+00 0.000000e+00 -1.000000e+00
    outer loop
      vertex   -8.500284e+00 -1.400008e+01 2.800000e+01
      vertex   -1.121485e+01 -1.261749e+01 2.800000e+01
      vertex   -8.623145e+00 -1.236062e+01 2.800000e+01
    endloop
  endfacet
  facet normal -0.000000e+00 0.000000e+00 -1.000000e+00
    outer loop
      vertex   -8.623145e+00 -1.236062e+01 2.800000e+01
      vertex   -1.121485e+01 -1.261749e+01 2.800000e+01
      vertex   -1.155542e+01 -1.127261e+01 2.800000e+01
    endloop
  endfacet
  facet normal 0.000000e+00 0.000000e+00 -1.000000e+00
    outer loop
      vertex   -8.623145e+00 -1.236062e+01 2.800000e+01
      vertex   -1.155542e+01 -1.127261e+01 2.800000e+01
      vertex   -8.988984e+00 -1.075777e+01 2.800000e+01
    endloop
  endfacet
  facet normal -0.000000e+00 0.000000e+00 -1.000000e+00
    outer loop
      vertex   -8.988984e+00 -1.075777e+01 2.800000e+01
      vertex   -1.155542e+01 -1.127261e+01 2.800000e+01
      vertex   -1.211270e+01 -1.000212e+01 2.800000e+01
    endloop
  endfacet
  facet normal 0.000000e+00 0.000000e+00 -1.000000e+00
    outer loop
      vertex   -8.988984e+00 -1.075777e+01 2.800000e+01
      vertex   -1.211270e+01 -1.000212e+01 2.800000e+01
      vertex   -9.589627e+00 -9.227360e+00 2.800000e+01
    endloop
  endfacet
  facet normal -0.000000e+00 0.000000e+00 -1.000000e+00
    outer loop
      vertex   -9.589627e+00 -9.227360e+00 2.800000e+01
      vertex   -1.211270e+01 -1.000212e+01 2.800000e+01
      vertex   -1.287150e+01 -8.840694e+00 2.800000e+01
    endloop
  endfacet
  facet normal 0.000000e+00 0.000000e+00 -1.000000e+00
    outer loop
      vertex   -9.589627e+00 -9.227360e+00 2.800000e+01
      vertex   -1.287150e+01 -8.840694e+00 2.800000e+01
      vertex   -1.041166e+01 -7.803561e+00 2.800000e+01
    endloop
  endfacet
  facet normal 0.000000e+00 0.000000e+00 -1.000000e+00
    outer loop
      vertex   -1.041166e+01 -7.803561e+00 2.800000e+01
      vertex   -1.287150e+01 -8.840694e+00 2.800000e+01
      vertex   -1.381112e+01 -7.820000e+00 2.800000e+01
    endloop
  endfacet
  facet normal -0.000000e+00 0.000000e+00 -1.000000e+00
    outer loop
      vertex   -1.041166e+01 -7.803561e+00 2.800000e+01
      vertex   -1.381112e+01 -7.820000e+00 2.800000e+01
      vertex   -1.490592e+01 -6.967883e+00 2.800000e+01
    endloop
  endfacet
  facet normal 0.000000e+00 0.000000e+00 -1.000000e+00
    outer loop
      vertex   -1.041166e+01 -7.803561e+00 2.800000e+01
      vertex   -1.490592e+01 -6.967883e+00 2.800000e+01
      vertex   -1.143671e+01 -6.518181e+00 2.800000e+01
    endloop
  endfacet
  facet normal -0.000000e+00 0.000000e+00 -1.000000e+00
    outer loop
      vertex   -1.143671e+01 -6.518181e+00 2.800000e+01
      vertex   -1.490592e+01 -6.967883e+00 2.800000e+01
      vertex   -1.612604e+01 -6.307585e+00 2.800000e+01
    endloop
  endfacet
  facet normal 0.000000e+00 0.000000e+00 -1.000000e+00
    outer loop
      vertex   -1.143671e+01 -6.518181e+00 2.800000e+01
      vertex   -1.612604e+01 -6.307585e+00 2.800000e+01
      vertex   -1.264190e+01 -5.399935e+00 2.800000e+01
    endloop
  endfacet
  facet normal 0.000000e+00 0.000000e+00 -1.000000e+00
    outer loop
      vertex   -1.264190e+01 -5.399935e+00 2.800000e+01
      vertex   -1.612604e+01 -6.307585e+00 2.800000e+01
      vertex   -1.743821e+01 -5.857119e+00 2.800000e+01
    endloop
  endfacet
  facet normal 0.000000e+00 0.000000e+00 -1.000000e+00
    outer loop
      vertex   -1.264190e+01 -5.399935e+00 2.800000e+01
      vertex   -1.743821e+01 -5.857119e+00 2.800000e+01
      vertex   -1.880662e+01 -5.628772e+00 2.800000e+01
    endloop
  endfacet
  facet normal -0.000000e+00 0.000000e+00 -1.000000e+00
    outer loop
      vertex   -1.264190e+01 -5.399935e+00 2.800000e+01
      vertex   -1.880662e+01 -5.628772e+00 2.800000e+01
      vertex   -1.400028e+01 -4.473802e+00 2.800000e+01
    endloop
  endfacet
  facet normal 0.000000e+00 0.000000e+00 -1.000000e+00
    outer loop
      vertex   -1.400028e+01 -4.473802e+00 2.800000e+01
      vertex   -1.880662e+01 -5.628772e+00 2.800000e+01
      vertex   -2.019395e+01 -5.628772e+00 2.800000e+01
    endloop
  endfacet
  facet normal -0.000000e+00 0.000000e+00 -1.000000e+00
    outer loop
      vertex   -1.400028e+01 -4.473802e+00 2.800000e+01
      vertex   -2.019395e+01 -5.628772e+00 2.800000e+01
      vertex   -2.500028e+01 -4.473802e+00 2.800000e+01
    endloop
  endfacet
  facet normal 0.000000e+00 -0.000000e+00 -1.000000e+00
    outer loop
      vertex   -2.500028e+01 -4.473802e+00 2.800000e+01
      vertex   -2.019395e+01 -5.628772e+00 2.800000e+01
      vertex   -2.635867e+01 -5.399935e+00 2.800000e+01
    endloop
  endfacet
  facet normal 0.000000e+00 0.000000e+00 -1.000000e+00
    outer loop
      vertex   -2.635867e+01 -5.399935e+00 2.800000e+01
      vertex   -2.019395e+01 -5.628772e+00 2.800000e+01
      vertex   -2.156236e+01 -5.857119e+00 2.800000e+01
    endloop
  endfacet
  facet normal 0.000000e+00 0.000000e+00 -1.000000e+00
    outer loop
      vertex   -2.635867e+01 -5.399935e+00 2.800000e+01
      vertex   -2.156236e+01 -5.857119e+00 2.800000e+01
      vertex   -2.287453e+01 -6.307585e+00 2.800000e+01
    endloop
  endfacet
  facet normal 0.000000e+00 -0.000000e+00 -1.000000e+00
    outer loop
      vertex   -2.635867e+01 -5.399935e+00 2.800000e+01
      vertex   -2.287453e+01 -6.307585e+00 2.800000e+01
      vertex   -2.756386e+01 -6.518181e+00 2.800000e+01
    endloop
  endfacet
  facet normal 0.000000e+00 0.000000e+00 -1.000000e+00
    outer loop
      vertex   -2.756386e+01 -6.518181e+00 2.800000e+01
      vertex   -2.287453e+01 -6.307585e+00 2.800000e+01
      vertex   -2.409465e+01 -6.967883e+00 2.800000e+01
    endloop
  endfacet
  facet normal 0.000000e+00 -0.000000e+00 -1.000000e+00
    outer loop
      vertex   -2.756386e+01 -6.518181e+00 2.800000e+01
      vertex   -2.409465e+01 -6.967883e+00 2.800000e+01
      vertex   -2.858891e+01 -7.803561e+00 2.800000e+01
    endloop
  endfacet
  facet normal 0.000000e+00 0.000000e+00 -1.000000e+00
    outer loop
      vertex   -2.858891e+01 -7.803561e+00 2.800000e+01
      vertex   -2.409465e+01 -6.967883e+00 2.800000e+01
      vertex   -2.518945e+01 -7.820000e+00 2.800000e+01
    endloop
  endfacet
  facet normal 0.000000e+00 0.000000e+00 -1.000000e+00
    outer loop
      vertex   -2.858891e+01 -7.803561e+00 2.800000e+01
      vertex   -2.518945e+01 -7.820000e+00 2.800000e+01
      vertex   -2.612906e+01 -8.840694e+00 2.800000e+01
    endloop
  endfacet
  facet normal 0.000000e+00 -0.000000e+00 -1.000000e+00
    outer loop
      vertex   -2.858891e+01 -7.803561e+00 2.800000e+01
      vertex   -2.612906e+01 -8.840694e+00 2.800000e+01
      vertex   -2.941094e+01 -9.227360e+00 2.800000e+01
    endloop
  endfacet
  facet normal 0.000000e+00 0.000000e+00 -1.000000e+00
    outer loop
      vertex   -2.941094e+01 -9.227360e+00 2.800000e+01
      vertex   -2.612906e+01 -8.840694e+00 2.800000e+01
      vertex   -2.688786e+01 -1.000212e+01 2.800000e+01
    endloop
  endfacet
  facet normal 0.000000e+00 -0.000000e+00 -1.000000e+00
    outer loop
      vertex   -2.941094e+01 -9.227360e+00 2.800000e+01
      vertex   -2.688786e+01 -1.000212e+01 2.800000e+01
      vertex   -3.001159e+01 -1.075777e+01 2.800000e+01
    endloop
  endfacet
  facet normal 0.000000e+00 0.000000e+00 -1.000000e+00
    outer loop
      vertex   -3.001159e+01 -1.075777e+01 2.800000e+01
      vertex   -2.688786e+01 -1.000212e+01 2.800000e+01
      vertex   -2.744515e+01 -1.127261e+01 2.800000e+01
    endloop
  endfacet
  facet normal 0.000000e+00 -0.000000e+00 -1.000000e+00
    outer loop
      vertex   -3.001159e+01 -1.075777e+01 2.800000e+01
      vertex   -2.744515e+01 -1.127261e+01 2.800000e+01
      vertex   -3.037742e+01 -1.236062e+01 2.800000e+01
    endloop
  endfacet
  facet normal 0.000000e+00 0.000000e+00 -1.000000e+00
    outer loop
      vertex   -3.037742e+01 -1.236062e+01 2.800000e+01
      vertex   -2.744515e+01 -1.127261e+01 2.800000e+01
      vertex   -2.778572e+01 -1.261749e+01 2.800000e+01
    endloop
  endfacet
  facet normal 0.000000e+00 -0.000000e+00 -1.000000e+00
    outer loop
      vertex   -3.037742e+01 -1.236062e+01 2.800000e+01
      vertex   -2.778572e+01 -1.261749e+01 2.800000e+01
      vertex   -3.050028e+01 -1.400008e+01 2.800000e+01
    endloop
  endfacet
  facet normal 0.000000e+00 0.000000e+00 -1.000000e+00
    outer loop
      vertex   -3.050028e+01 -1.400008e+01 2.800000e+01
      vertex   -2.778572e+01 -1.261749e+01 2.800000e+01
      vertex   -2.790028e+01 -1.400008e+01 2.800000e+01
    endloop
  endfacet
  facet normal 0.000000e+00 0.000000e+00 -1.000000e+00
    outer loop
      vertex   -3.050028e+01 -1.400008e+01 2.800000e+01
      vertex   -2.790028e+01 -1.400008e+01 2.800000e+01
      vertex   -3.050028e+01 -1.950000e+01 2.800000e+01
    endloop
  endfacet
  facet normal 0.000000e+00 0.000000e+00 -1.000000e+00
    outer loop
      vertex   -3.050028e+01 -1.950000e+01 2.800000e+01
      vertex   -2.790028e+01 -1.400008e+01 2.800000e+01
      vertex   -2.790028e+01 -1.950000e+01 2.800000e+01
    endloop
  endfacet
  facet normal 0.000000e+00 -0.000000e+00 -1.000000e+00
    outer loop
      vertex   -3.050028e+01 -1.950000e+01 2.800000e+01
      vertex   -2.790028e+01 -1.950000e+01 2.800000e+01
      vertex   -3.057643e+01 -2.052971e+01 2.800000e+01
    endloop
  endfacet
  facet normal 0.000000e+00 0.000000e+00 -1.000000e+00
    outer loop
      vertex   -3.057643e+01 -2.052971e+01 2.800000e+01
      vertex   -2.790028e+01 -1.950000e+01 2.800000e+01
      vertex   -2.798917e+01 -2.080333e+01 2.800000e+01
    endloop
  endfacet
  facet normal 0.000000e+00 -0.000000e+00 -1.000000e+00
    outer loop
      vertex   -3.057643e+01 -2.052971e+01 2.800000e+01
      vertex   -2.798917e+01 -2.080333e+01 2.800000e+01
      vertex   -3.080323e+01 -2.153701e+01 2.800000e+01
    endloop
  endfacet
  facet normal 0.000000e+00 0.000000e+00 -1.000000e+00
    outer loop
      vertex   -3.080323e+01 -2.153701e+01 2.800000e+01
      vertex   -2.798917e+01 -2.080333e+01 2.800000e+01
      vertex   -2.825417e+01 -2.208252e+01 2.800000e+01
    endloop
  endfacet
  facet normal 0.000000e+00 -0.000000e+00 -1.000000e+00
    outer loop
      vertex   -3.080323e+01 -2.153701e+01 2.800000e+01
      vertex   -2.825417e+01 -2.208252e+01 2.800000e+01
      vertex   -3.117573e+01 -2.250000e+01 2.800000e+01
    endloop
  endfacet
  facet normal 0.000000e+00 0.000000e+00 -1.000000e+00
    outer loop
      vertex   -3.117573e+01 -2.250000e+01 2.800000e+01
      vertex   -2.825417e+01 -2.208252e+01 2.800000e+01
      vertex   -2.869039e+01 -2.331389e+01 2.800000e+01
    endloop
  endfacet
  facet normal 0.000000e+00 0.000000e+00 -1.000000e+00
    outer loop
      vertex   -3.117573e+01 -2.250000e+01 2.800000e+01
      vertex   -2.869039e+01 -2.331389e+01 2.800000e+01
      vertex   -2.928975e+01 -2.447464e+01 2.800000e+01
    endloop
  endfacet
  facet normal -0.000000e+00 0.000000e+00 -1.000000e+00
    outer loop
      vertex   -3.004114e+01 -2.554327e+01 2.800000e+01
      vertex   -3.632130e+01 -2.640000e+01 2.800000e+01
      vertex   -2.928975e+01 -2.447464e+01 2.800000e+01
    endloop
  endfacet
  facet normal -0.000000e+00 0.000000e+00 -1.000000e+00
    outer loop
      vertex   -2.928975e+01 -2.447464e+01 2.800000e+01
      vertex   -3.632130e+01 -2.640000e+01 2.800000e+01
      vertex   -6.500000e+01 -2.250000e+01 2.800000e+01
    endloop
  endfacet
  facet normal 0.000000e+00 0.000000e+00 -1.000000e+00
    outer loop
      vertex   -2.928975e+01 -2.447464e+01 2.800000e+01
      vertex   -6.500000e+01 -2.250000e+01 2.800000e+01
      vertex   -3.117573e+01 -2.250000e+01 2.800000e+01
    endloop
  endfacet
  facet normal 0.000000e+00 0.000000e+00 -1.000000e+00
    outer loop
      vertex   -3.004114e+01 -2.554327e+01 2.800000e+01
      vertex   -3.093066e+01 -2.650000e+01 2.800000e+01
      vertex   -3.632130e+01 -2.640000e+01 2.800000e+01
    endloop
  endfacet
  facet normal 0.000000e+00 -0.000000e+00 -1.000000e+00
    outer loop
      vertex   -3.632130e+01 -2.640000e+01 2.800000e+01
      vertex   -3.093066e+01 -2.650000e+01 2.800000e+01
      vertex   -3.671221e+01 -2.645550e+01 2.800000e+01
    endloop
  endfacet
  facet normal 0.000000e+00 -0.000000e+00 -1.000000e+00
    outer loop
      vertex   -3.671221e+01 -2.645550e+01 2.800000e+01
      vertex   -3.093066e+01 -2.650000e+01 2.800000e+01
      vertex   -3.710562e+01 -2.648887e+01 2.800000e+01
    endloop
  endfacet
  facet normal 0.000000e+00 -0.000000e+00 -1.000000e+00
    outer loop
      vertex   -3.710562e+01 -2.648887e+01 2.800000e+01
      vertex   -3.093066e+01 -2.650000e+01 2.800000e+01
      vertex   -3.750028e+01 -2.650000e+01 2.800000e+01
    endloop
  endfacet
  facet normal 0.000000e+00 0.000000e+00 -1.000000e+00
    outer loop
      vertex   -3.632130e+01 -2.640000e+01 2.800000e+01
      vertex   -6.500000e+01 -2.640000e+01 2.800000e+01
      vertex   -6.500000e+01 -2.250000e+01 2.800000e+01
    endloop
  endfacet
  facet normal 0.000000e+00 0.000000e+00 -1.000000e+00
    outer loop
      vertex   -1.400028e+01 -4.473802e+00 2.800000e+01
      vertex   -2.500028e+01 -4.473802e+00 2.800000e+01
      vertex   -1.548153e+01 -3.760470e+00 2.800000e+01
    endloop
  endfacet
  facet normal -0.000000e+00 0.000000e+00 -1.000000e+00
    outer loop
      vertex   -1.548153e+01 -3.760470e+00 2.800000e+01
      vertex   -2.500028e+01 -4.473802e+00 2.800000e+01
      vertex   -2.351904e+01 -3.760470e+00 2.800000e+01
    endloop
  endfacet
  facet normal 0.000000e+00 0.000000e+00 -1.000000e+00
    outer loop
      vertex   -1.548153e+01 -3.760470e+00 2.800000e+01
      vertex   -2.351904e+01 -3.760470e+00 2.800000e+01
      vertex   -1.705255e+01 -3.275874e+00 2.800000e+01
    endloop
  endfacet
  facet normal -0.000000e+00 0.000000e+00 -1.000000e+00
    outer loop
      vertex   -1.705255e+01 -3.275874e+00 2.800000e+01
      vertex   -2.351904e+01 -3.760470e+00 2.800000e+01
      vertex   -2.194801e+01 -3.275874e+00 2.800000e+01
    endloop
  endfacet
  facet normal 0.000000e+00 0.000000e+00 -1.000000e+00
    outer loop
      vertex   -1.705255e+01 -3.275874e+00 2.800000e+01
      vertex   -2.194801e+01 -3.275874e+00 2.800000e+01
      vertex   -1.867825e+01 -3.030840e+00 2.800000e+01
    endloop
  endfacet
  facet normal -0.000000e+00 0.000000e+00 -1.000000e+00
    outer loop
      vertex   -1.867825e+01 -3.030840e+00 2.800000e+01
      vertex   -2.194801e+01 -3.275874e+00 2.800000e+01
      vertex   -2.032232e+01 -3.030840e+00 2.800000e+01
    endloop
  endfacet
  facet normal 0.000000e+00 0.000000e+00 -1.000000e+00
    outer loop
      vertex   -7.824840e+00 -2.250000e+01 2.800000e+01
      vertex   6.500000e+01 -2.250000e+01 2.800000e+01
      vertex   -2.679267e+00 -2.640000e+01 2.800000e+01
    endloop
  endfacet
  facet normal 0.000000e+00 0.000000e+00 -1.000000e+00
    outer loop
      vertex   -2.679267e+00 -2.640000e+01 2.800000e+01
      vertex   6.500000e+01 -2.250000e+01 2.800000e+01
      vertex   6.500000e+01 -2.640000e+01 2.800000e+01
    endloop
  endfacet
  facet normal -9.970158e-01 7.719772e-02 0.000000e+00
    outer loop
      vertex   -2.500000e+01 1.125000e+02 3.300000e+01
      vertex   -2.500000e+01 1.125000e+02 3.600000e+01
      vertex   -2.491061e+01 1.136545e+02 3.300000e+01
    endloop
  endfacet
  facet normal -9.961873e-01 8.715509e-02 3.856652e-03
    outer loop
      vertex   -2.491061e+01 1.136545e+02 3.300000e+01
      vertex   -2.500000e+01 1.125000e+02 3.600000e+01
      vertex   -2.488606e+01 1.138024e+02 3.600000e+01
    endloop
  endfacet
  facet normal -9.732435e-01 2.297516e-01 -3.358789e-03
    outer loop
      vertex   -2.491061e+01 1.136545e+02 3.300000e+01
      vertex   -2.488606e+01 1.138024e+02 3.600000e+01
      vertex   -2.464456e+01 1.147815e+02 3.300000e+01
    endloop
  endfacet
  facet normal -9.659040e-01 2.588132e-01 6.717128e-03
    outer loop
      vertex   -2.464456e+01 1.147815e+02 3.300000e+01
      vertex   -2.488606e+01 1.138024e+02 3.600000e+01
      vertex   -2.454769e+01 1.150652e+02 3.600000e+01
    endloop
  endfacet
  facet normal -9.262668e-01 3.768251e-01 -5.720820e-03
    outer loop
      vertex   -2.464456e+01 1.147815e+02 3.300000e+01
      vertex   -2.454769e+01 1.150652e+02 3.600000e+01
      vertex   -2.420820e+01 1.158541e+02 3.300000e+01
    endloop
  endfacet
  facet normal -9.062744e-01 4.226027e-01 8.580340e-03
    outer loop
      vertex   -2.420820e+01 1.158541e+02 3.300000e+01
      vertex   -2.454769e+01 1.150652e+02 3.600000e+01
      vertex   -2.399519e+01 1.162500e+02 3.600000e+01
    endloop
  endfacet
  facet normal -8.572127e-01 5.149138e-01 -7.085196e-03
    outer loop
      vertex   -2.420820e+01 1.158541e+02 3.300000e+01
      vertex   -2.399519e+01 1.162500e+02 3.600000e+01
      vertex   -2.361194e+01 1.168467e+02 3.300000e+01
    endloop
  endfacet
  facet normal -8.191155e-01 5.735508e-01 9.445644e-03
    outer loop
      vertex   -2.361194e+01 1.168467e+02 3.300000e+01
      vertex   -2.399519e+01 1.162500e+02 3.600000e+01
      vertex   -2.324533e+01 1.173209e+02 3.600000e+01
    endloop
  endfacet
  facet normal -7.677304e-01 6.407297e-01 -7.451438e-03
    outer loop
      vertex   -2.361194e+01 1.168467e+02 3.300000e+01
      vertex   -2.324533e+01 1.173209e+02 3.600000e+01
      vertex   -2.286997e+01 1.177358e+02 3.300000e+01
    endloop
  endfacet
  facet normal -7.070761e-01 7.070761e-01 9.312758e-03
    outer loop
      vertex   -2.286997e+01 1.177358e+02 3.300000e+01
      vertex   -2.324533e+01 1.173209e+02 3.600000e+01
      vertex   -2.232091e+01 1.182453e+02 3.600000e+01
    endloop
  endfacet
  facet normal -6.599523e-01 7.512765e-01 -6.819421e-03
    outer loop
      vertex   -2.286997e+01 1.177358e+02 3.300000e+01
      vertex   -2.232091e+01 1.182453e+02 3.600000e+01
      vertex   -2.200000e+01 1.185000e+02 3.300000e+01
    endloop
  endfacet
  facet normal -5.735572e-01 8.191246e-01 8.181724e-03
    outer loop
      vertex   -2.200000e+01 1.185000e+02 3.300000e+01
      vertex   -2.232091e+01 1.182453e+02 3.600000e+01
      vertex   -2.125000e+01 1.189952e+02 3.600000e+01
    endloop
  endfacet
  facet normal -5.540081e-01 8.325105e-01 1.084925e-03
    outer loop
      vertex   -2.200000e+01 1.185000e+02 3.300000e+01
      vertex   -2.125000e+01 1.189952e+02 3.600000e+01
      vertex   -2.137067e+01 1.189240e+02 2.900000e+01
    endloop
  endfacet
  facet normal -4.720977e-01 8.815459e-01 -8.257888e-04
    outer loop
      vertex   -2.137067e+01 1.189240e+02 2.900000e+01
      vertex   -2.125000e+01 1.189952e+02 3.600000e+01
      vertex   -2.070173e+01 1.192823e+02 2.900000e+01
    endloop
  endfacet
  facet normal -4.226148e-01 9.063003e-01 4.065110e-03
    outer loop
      vertex   -2.070173e+01 1.192823e+02 2.900000e+01
      vertex   -2.125000e+01 1.189952e+02 3.600000e+01
      vertex   -2.006515e+01 1.195477e+02 3.600000e+01
    endloop
  endfacet
  facet normal -3.806023e-01 9.247387e-01 -4.546556e-04
    outer loop
      vertex   -2.070173e+01 1.192823e+02 2.900000e+01
      vertex   -2.006515e+01 1.195477e+02 3.600000e+01
      vertex   -2.000000e+01 1.195711e+02 2.900000e+01
    endloop
  endfacet
  facet normal -3.376803e-01 9.412609e-01 0.000000e+00
    outer loop
      vertex   -2.000000e+01 1.195711e+02 2.900000e+01
      vertex   -2.006515e+01 1.195477e+02 3.600000e+01
      vertex   -2.000000e+01 1.195711e+02 3.300000e+01
    endloop
  endfacet
  facet normal -2.794269e-01 9.601659e-01 1.412383e-03
    outer loop
      vertex   -2.000000e+01 1.195711e+02 3.300000e+01
      vertex   -2.006515e+01 1.195477e+02 3.600000e+01
      vertex   -1.918469e+01 1.198083e+02 3.300000e+01
    endloop
  endfacet
  facet normal -2.588108e-01 9.658952e-01 7.960714e-03
    outer loop
      vertex   -1.918469e+01 1.198083e+02 3.300000e+01
      vertex   -2.006515e+01 1.195477e+02 3.600000e+01
      vertex   -1.880236e+01 1.198861e+02 3.600000e+01
    endloop
  endfacet
  facet normal -1.691006e-01 9.855907e-01 -3.982319e-03
    outer loop
      vertex   -1.918469e+01 1.198083e+02 3.300000e+01
      vertex   -1.880236e+01 1.198861e+02 3.600000e+01
      vertex   -1.834778e+01 1.199519e+02 3.300000e+01
    endloop
  endfacet
  facet normal -8.715247e-02 9.961573e-01 8.667164e-03
    outer loop
      vertex   -1.834778e+01 1.199519e+02 3.300000e+01
      vertex   -1.880236e+01 1.198861e+02 3.600000e+01
      vertex   -1.750000e+01 1.200000e+02 3.600000e+01
    endloop
  endfacet
  facet normal -5.660921e-02 9.983964e-01 0.000000e+00
    outer loop
      vertex   -1.834778e+01 1.199519e+02 3.300000e+01
      vertex   -1.750000e+01 1.200000e+02 3.600000e+01
      vertex   -1.750000e+01 1.200000e+02 3.300000e+01
    endloop
  endfacet
  facet normal -5.587605e-01 8.293291e-01 0.000000e+00
    outer loop
      vertex   -2.137067e+01 1.189240e+02 2.900000e+01
      vertex   -2.200000e+01 1.185000e+02 2.900000e+01
      vertex   -2.200000e+01 1.185000e+02 3.300000e+01
    endloop
  endfacet
  facet normal 0.000000e+00 1.000000e+00 0.000000e+00
    outer loop
      vertex   -1.750000e+01 1.200000e+02 3.300000e+01
      vertex   -1.750000e+01 1.200000e+02 3.600000e+01
      vertex   -1.620000e+01 1.200000e+02 3.300000e+01
    endloop
  endfacet
  facet normal 0.000000e+00 1.000000e+00 -0.000000e+00
    outer loop
      vertex   -1.620000e+01 1.200000e+02 3.300000e+01
      vertex   -1.750000e+01 1.200000e+02 3.600000e+01
      vertex   -1.420000e+01 1.200000e+02 3.300000e+01
    endloop
  endfacet
  facet normal -0.000000e+00 1.000000e+00 0.000000e+00
    outer loop
      vertex   -1.620000e+01 1.200000e+02 3.300000e+01
      vertex   -1.420000e+01 1.200000e+02 3.300000e+01
      vertex   -1.620000e+01 1.200000e+02 2.900000e+01
    endloop
  endfacet
  facet normal 0.000000e+00 1.000000e+00 0.000000e+00
    outer loop
      vertex   -1.620000e+01 1.200000e+02 2.900000e+01
      vertex   -1.420000e+01 1.200000e+02 3.300000e+01
      vertex   -1.420000e+01 1.200000e+02 2.900000e+01
    endloop
  endfacet
  facet normal -4.060244e-16 1.000000e+00 -4.466269e-16
    outer loop
      vertex   -1.750000e+01 1.200000e+02 3.600000e+01
      vertex   1.750000e+01 1.200000e+02 3.600000e+01
      vertex   -1.420000e+01 1.200000e+02 3.300000e+01
    endloop
  endfacet
  facet normal 0.000000e+00 1.000000e+00 -4.736952e-15
    outer loop
      vertex   -1.420000e+01 1.200000e+02 3.300000e+01
      vertex   1.750000e+01 1.200000e+02 3.600000e+01
      vertex   1.420000e+01 1.200000e+02 3.300000e+01
    endloop
  endfacet
  facet normal 7.105427e-15 1.000000e+00 -1.255292e-14
    outer loop
      vertex   1.420000e+01 1.200000e+02 3.300000e+01
      vertex   1.750000e+01 1.200000e+02 3.600000e+01
      vertex   1.620000e+01 1.200000e+02 3.300000e+01
    endloop
  endfacet
  facet normal 7.105427e-15 1.000000e+00 0.000000e+00
    outer loop
      vertex   1.420000e+01 1.200000e+02 3.300000e+01
      vertex   1.620000e+01 1.200000e+02 3.300000e+01
      vertex   1.420000e+01 1.200000e+02 2.900000e+01
    endloop
  endfacet
  facet normal 7.105427e-15 1.000000e+00 0.000000e+00
    outer loop
      vertex   1.420000e+01 1.200000e+02 2.900000e+01
      vertex   1.620000e+01 1.200000e+02 3.300000e+01
      vertex   1.620000e+01 1.200000e+02 2.900000e+01
    endloop
  endfacet
  facet normal -2.186285e-14 1.000000e+00 0.000000e+00
    outer loop
      vertex   1.750000e+01 1.200000e+02 3.600000e+01
      vertex   1.750000e+01 1.200000e+02 3.300000e+01
      vertex   1.620000e+01 1.200000e+02 3.300000e+01
    endloop
  endfacet
  facet normal 5.660921e-02 9.983964e-01 -0.000000e+00
    outer loop
      vertex   1.750000e+01 1.200000e+02 3.300000e+01
      vertex   1.750000e+01 1.200000e+02 3.600000e+01
      vertex   1.834778e+01 1.199519e+02 3.300000e+01
    endloop
  endfacet
  facet normal 8.715247e-02 9.961573e-01 8.667164e-03
    outer loop
      vertex   1.834778e+01 1.199519e+02 3.300000e+01
      vertex   1.750000e+01 1.200000e+02 3.600000e+01
      vertex   1.880236e+01 1.198861e+02 3.600000e+01
    endloop
  endfacet
  facet normal 1.691006e-01 9.855907e-01 -3.982319e-03
    outer loop
      vertex   1.834778e+01 1.199519e+02 3.300000e+01
      vertex   1.880236e+01 1.198861e+02 3.600000e+01
      vertex   1.918469e+01 1.198083e+02 3.300000e+01
    endloop
  endfacet
  facet normal 2.588108e-01 9.658952e-01 7.960714e-03
    outer loop
      vertex   1.918469e+01 1.198083e+02 3.300000e+01
      vertex   1.880236e+01 1.198861e+02 3.600000e+01
      vertex   2.006515e+01 1.195477e+02 3.600000e+01
    endloop
  endfacet
  facet normal 2.794269e-01 9.601659e-01 1.412383e-03
    outer loop
      vertex   1.918469e+01 1.198083e+02 3.300000e+01
      vertex   2.006515e+01 1.195477e+02 3.600000e+01
      vertex   2.000000e+01 1.195711e+02 3.300000e+01
    endloop
  endfacet
  facet normal 3.376803e-01 9.412609e-01 0.000000e+00
    outer loop
      vertex   2.000000e+01 1.195711e+02 3.300000e+01
      vertex   2.006515e+01 1.195477e+02 3.600000e+01
      vertex   2.000000e+01 1.195711e+02 2.900000e+01
    endloop
  endfacet
  facet normal 3.806023e-01 9.247387e-01 -4.546556e-04
    outer loop
      vertex   2.000000e+01 1.195711e+02 2.900000e+01
      vertex   2.006515e+01 1.195477e+02 3.600000e+01
      vertex   2.070173e+01 1.192823e+02 2.900000e+01
    endloop
  endfacet
  facet normal 4.226148e-01 9.063003e-01 4.065110e-03
    outer loop
      vertex   2.070173e+01 1.192823e+02 2.900000e+01
      vertex   2.006515e+01 1.195477e+02 3.600000e+01
      vertex   2.125000e+01 1.189952e+02 3.600000e+01
    endloop
  endfacet
  facet normal 4.720977e-01 8.815459e-01 -8.257888e-04
    outer loop
      vertex   2.070173e+01 1.192823e+02 2.900000e+01
      vertex   2.125000e+01 1.189952e+02 3.600000e+01
      vertex   2.137067e+01 1.189240e+02 2.900000e+01
    endloop
  endfacet
  facet normal 5.540081e-01 8.325105e-01 1.084925e-03
    outer loop
      vertex   2.137067e+01 1.189240e+02 2.900000e+01
      vertex   2.125000e+01 1.189952e+02 3.600000e+01
      vertex   2.200000e+01 1.185000e+02 3.300000e+01
    endloop
  endfacet
  facet normal 5.587605e-01 8.293291e-01 0.000000e+00
    outer loop
      vertex   2.137067e+01 1.189240e+02 2.900000e+01
      vertex   2.200000e+01 1.185000e+02 3.300000e+01
      vertex   2.200000e+01 1.185000e+02 2.900000e+01
    endloop
  endfacet
  facet normal 5.735572e-01 8.191246e-01 8.181724e-03
    outer loop
      vertex   2.125000e+01 1.189952e+02 3.600000e+01
      vertex   2.232091e+01 1.182453e+02 3.600000e+01
      vertex   2.200000e+01 1.185000e+02 3.300000e+01
    endloop
  endfacet
  facet normal 6.599523e-01 7.512765e-01 -6.819421e-03
    outer loop
      vertex   2.200000e+01 1.185000e+02 3.300000e+01
      vertex   2.232091e+01 1.182453e+02 3.600000e+01
      vertex   2.286997e+01 1.177358e+02 3.300000e+01
    endloop
  endfacet
  facet normal 7.070761e-01 7.070761e-01 9.312758e-03
    outer loop
      vertex   2.286997e+01 1.177358e+02 3.300000e+01
      vertex   2.232091e+01 1.182453e+02 3.600000e+01
      vertex   2.324533e+01 1.173209e+02 3.600000e+01
    endloop
  endfacet
  facet normal 7.677304e-01 6.407297e-01 -7.451438e-03
    outer loop
      vertex   2.286997e+01 1.177358e+02 3.300000e+01
      vertex   2.324533e+01 1.173209e+02 3.600000e+01
      vertex   2.361194e+01 1.168467e+02 3.300000e+01
    endloop
  endfacet
  facet normal 8.191155e-01 5.735508e-01 9.445644e-03
    outer loop
      vertex   2.361194e+01 1.168467e+02 3.300000e+01
      vertex   2.324533e+01 1.173209e+02 3.600000e+01
      vertex   2.399519e+01 1.162500e+02 3.600000e+01
    endloop
  endfacet
  facet normal 8.572127e-01 5.149138e-01 -7.085196e-03
    outer loop
      vertex   2.361194e+01 1.168467e+02 3.300000e+01
      vertex   2.399519e+01 1.162500e+02 3.600000e+01
      vertex   2.420820e+01 1.158541e+02 3.300000e+01
    endloop
  endfacet
  facet normal 9.062744e-01 4.226027e-01 8.580340e-03
    outer loop
      vertex   2.420820e+01 1.158541e+02 3.300000e+01
      vertex   2.399519e+01 1.162500e+02 3.600000e+01
      vertex   2.454769e+01 1.150652e+02 3.600000e+01
    endloop
  endfacet
  facet normal 9.262668e-01 3.768251e-01 -5.720820e-03
    outer loop
      vertex   2.420820e+01 1.158541e+02 3.300000e+01
      vertex   2.454769e+01 1.150652e+02 3.600000e+01
      vertex   2.464456e+01 1.147815e+02 3.300000e+01
    endloop
  endfacet
  facet normal 9.659040e-01 2.588132e-01 6.717128e-03
    outer loop
      vertex   2.464456e+01 1.147815e+02 3.300000e+01
      vertex   2.454769e+01 1.150652e+02 3.600000e+01
      vertex   2.488606e+01 1.138024e+02 3.600000e+01
    endloop
  endfacet
  facet normal 9.732435e-01 2.297516e-01 -3.358789e-03
    outer loop
      vertex   2.464456e+01 1.147815e+02 3.300000e+01
      vertex   2.488606e+01 1.138024e+02 3.600000e+01
      vertex   2.491061e+01 1.136545e+02 3.300000e+01
    endloop
  endfacet
  facet normal 9.961873e-01 8.715509e-02 3.856652e-03
    outer loop
      vertex   2.491061e+01 1.136545e+02 3.300000e+01
      vertex   2.488606e+01 1.138024e+02 3.600000e+01
      vertex   2.500000e+01 1.125000e+02 3.600000e+01
    endloop
  endfacet
  facet normal 9.970158e-01 7.719772e-02 0.000000e+00
    outer loop
      vertex   2.491061e+01 1.136545e+02 3.300000e+01
      vertex   2.500000e+01 1.125000e+02 3.600000e+01
      vertex   2.500000e+01 1.125000e+02 3.300000e+01
    endloop
  endfacet
  facet normal 4.515326e-01 8.922546e-01 0.000000e+00
    outer loop
      vertex   4.264706e+01 1.266129e+01 3.600000e+01
      vertex   4.264706e+01 1.266129e+01 3.300000e+01
      vertex   4.028732e+01 1.385546e+01 3.600000e+01
    endloop
  endfacet
  facet normal 4.515326e-01 8.922546e-01 -1.056642e-15
    outer loop
      vertex   4.028732e+01 1.385546e+01 3.600000e+01
      vertex   4.264706e+01 1.266129e+01 3.300000e+01
      vertex   4.028732e+01 1.385546e+01 3.300000e+01
    endloop
  endfacet
  facet normal 5.283597e-01 8.490206e-01 -1.005442e-15
    outer loop
      vertex   4.028732e+01 1.385546e+01 3.600000e+01
      vertex   4.028732e+01 1.385546e+01 3.300000e+01
      vertex   3.804191e+01 1.525281e+01 3.600000e+01
    endloop
  endfacet
  facet normal 5.283597e-01 8.490206e-01 0.000000e+00
    outer loop
      vertex   3.804191e+01 1.525281e+01 3.600000e+01
      vertex   4.028732e+01 1.385546e+01 3.300000e+01
      vertex   3.804191e+01 1.525281e+01 3.300000e+01
    endloop
  endfacet
  facet normal 6.010806e-01 7.991884e-01 0.000000e+00
    outer loop
      vertex   3.804191e+01 1.525281e+01 3.600000e+01
      vertex   3.804191e+01 1.525281e+01 3.300000e+01
      vertex   3.592830e+01 1.684249e+01 3.600000e+01
    endloop
  endfacet
  facet normal 6.010806e-01 7.991884e-01 9.464292e-16
    outer loop
      vertex   3.592830e+01 1.684249e+01 3.600000e+01
      vertex   3.804191e+01 1.525281e+01 3.300000e+01
      vertex   3.592830e+01 1.684249e+01 3.300000e+01
    endloop
  endfacet
  facet normal 6.691301e-01 7.431453e-01 8.800608e-16
    outer loop
      vertex   3.592830e+01 1.684249e+01 3.600000e+01
      vertex   3.592830e+01 1.684249e+01 3.300000e+01
      vertex   3.396291e+01 1.861213e+01 3.600000e+01
    endloop
  endfacet
  facet normal 6.691301e-01 7.431453e-01 8.800608e-16
    outer loop
      vertex   3.396291e+01 1.861213e+01 3.600000e+01
      vertex   3.592830e+01 1.684249e+01 3.300000e+01
      vertex   3.396291e+01 1.861213e+01 3.300000e+01
    endloop
  endfacet
  facet normal 7.319795e-01 6.813267e-01 8.068529e-16
    outer loop
      vertex   3.396291e+01 1.861213e+01 3.600000e+01
      vertex   3.396291e+01 1.861213e+01 3.300000e+01
      vertex   3.216101e+01 2.054800e+01 3.600000e+01
    endloop
  endfacet
  facet normal 7.319795e-01 6.813267e-01 -9.268228e-16
    outer loop
      vertex   3.216101e+01 2.054800e+01 3.600000e+01
      vertex   3.396291e+01 1.861213e+01 3.300000e+01
      vertex   3.216101e+01 2.054800e+01 3.300000e+01
    endloop
  endfacet
  facet normal 7.891402e-01 6.142131e-01 -1.141685e-15
    outer loop
      vertex   3.216101e+01 2.054800e+01 3.600000e+01
      vertex   3.216101e+01 2.054800e+01 3.300000e+01
      vertex   3.053660e+01 2.263503e+01 3.600000e+01
    endloop
  endfacet
  facet normal 7.891402e-01 6.142131e-01 -5.202192e-16
    outer loop
      vertex   3.053660e+01 2.263503e+01 3.600000e+01
      vertex   3.216101e+01 2.054800e+01 3.300000e+01
      vertex   3.053660e+01 2.263503e+01 3.300000e+01
    endloop
  endfacet
  facet normal 8.401681e-01 5.423261e-01 -2.895275e-16
    outer loop
      vertex   3.053660e+01 2.263503e+01 3.600000e+01
      vertex   3.053660e+01 2.263503e+01 3.300000e+01
      vertex   2.910231e+01 2.485702e+01 3.600000e+01
    endloop
  endfacet
  facet normal 8.401681e-01 5.423261e-01 -6.422432e-16
    outer loop
      vertex   2.910231e+01 2.485702e+01 3.600000e+01
      vertex   3.053660e+01 2.263503e+01 3.300000e+01
      vertex   2.910231e+01 2.485702e+01 3.300000e+01
    endloop
  endfacet
  facet normal 8.846665e-01 4.662244e-01 -5.521207e-16
    outer loop
      vertex   2.910231e+01 2.485702e+01 3.600000e+01
      vertex   2.910231e+01 2.485702e+01 3.300000e+01
      vertex   2.786929e+01 2.719670e+01 3.600000e+01
    endloop
  endfacet
  facet normal 8.846665e-01 4.662244e-01 0.000000e+00
    outer loop
      vertex   2.786929e+01 2.719670e+01 3.600000e+01
      vertex   2.910231e+01 2.485702e+01 3.300000e+01
      vertex   2.786929e+01 2.719670e+01 3.300000e+01
    endloop
  endfacet
  facet normal 9.222896e-01 3.864994e-01 0.000000e+00
    outer loop
      vertex   2.786929e+01 2.719670e+01 3.600000e+01
      vertex   2.786929e+01 2.719670e+01 3.300000e+01
      vertex   2.684712e+01 2.963587e+01 3.600000e+01
    endloop
  endfacet
  facet normal 9.222896e-01 3.864994e-01 9.154146e-16
    outer loop
      vertex   2.684712e+01 2.963587e+01 3.600000e+01
      vertex   2.786929e+01 2.719670e+01 3.300000e+01
      vertex   2.684712e+01 2.963587e+01 3.300000e+01
    endloop
  endfacet
  facet normal 9.527452e-01 3.037707e-01 7.194736e-16
    outer loop
      vertex   2.684712e+01 2.963587e+01 3.600000e+01
      vertex   2.684712e+01 2.963587e+01 3.300000e+01
      vertex   2.604373e+01 3.215560e+01 3.600000e+01
    endloop
  endfacet
  facet normal 9.527452e-01 3.037707e-01 0.000000e+00
    outer loop
      vertex   2.604373e+01 3.215560e+01 3.600000e+01
      vertex   2.684712e+01 2.963587e+01 3.300000e+01
      vertex   2.604373e+01 3.215560e+01 3.300000e+01
    endloop
  endfacet
  facet normal 9.757963e-01 2.186813e-01 0.000000e+00
    outer loop
      vertex   2.604373e+01 3.215560e+01 3.600000e+01
      vertex   2.604373e+01 3.215560e+01 3.300000e+01
      vertex   2.546539e+01 3.473628e+01 3.600000e+01
    endloop
  endfacet
  facet normal 9.757963e-01 2.186813e-01 0.000000e+00
    outer loop
      vertex   2.546539e+01 3.473628e+01 3.600000e+01
      vertex   2.604373e+01 3.215560e+01 3.300000e+01
      vertex   2.546539e+01 3.473628e+01 3.300000e+01
    endloop
  endfacet
  facet normal 9.912641e-01 1.318923e-01 0.000000e+00
    outer loop
      vertex   2.546539e+01 3.473628e+01 3.600000e+01
      vertex   2.546539e+01 3.473628e+01 3.300000e+01
      vertex   2.511657e+01 3.735787e+01 3.600000e+01
    endloop
  endfacet
  facet normal 9.912641e-01 1.318923e-01 0.000000e+00
    outer loop
      vertex   2.511657e+01 3.735787e+01 3.600000e+01
      vertex   2.546539e+01 3.473628e+01 3.300000e+01
      vertex   2.511657e+01 3.735787e+01 3.300000e+01
    endloop
  endfacet
  facet normal 9.990281e-01 4.407828e-02 0.000000e+00
    outer loop
      vertex   2.511657e+01 3.735787e+01 3.600000e+01
      vertex   2.511657e+01 3.735787e+01 3.300000e+01
      vertex   2.500000e+01 4.000000e+01 3.600000e+01
    endloop
  endfacet
  facet normal 9.990281e-01 4.407828e-02 0.000000e+00
    outer loop
      vertex   2.500000e+01 4.000000e+01 3.600000e+01
      vertex   2.511657e+01 3.735787e+01 3.300000e+01
      vertex   2.500000e+01 4.000000e+01 3.300000e+01
    endloop
  endfacet
  facet normal 1.000000e+00 0.000000e+00 0.000000e+00
    outer loop
      vertex   2.500000e+01 1.125000e+02 3.600000e+01
      vertex   2.500000e+01 4.000000e+01 3.600000e+01
      vertex   2.500000e+01 1.125000e+02 3.300000e+01
    endloop
  endfacet
  facet normal 1.000000e+00 0.000000e+00 0.000000e+00
    outer loop
      vertex   2.500000e+01 1.125000e+02 3.300000e+01
      vertex   2.500000e+01 4.000000e+01 3.600000e+01
      vertex   2.500000e+01 4.000000e+01 3.300000e+01
    endloop
  endfacet
  facet normal -9.941380e-01 1.081190e-01 0.000000e+00
    outer loop
      vertex   -3.779124e+01 5.623761e+00 3.300000e+01
      vertex   -3.779124e+01 5.623761e+00 3.600000e+01
      vertex   -3.775032e+01 5.999959e+00 3.300000e+01
    endloop
  endfacet
  facet normal -9.941380e-01 1.081190e-01 0.000000e+00
    outer loop
      vertex   -3.775032e+01 5.999959e+00 3.300000e+01
      vertex   -3.779124e+01 5.623761e+00 3.600000e+01
      vertex   -3.775032e+01 5.999959e+00 3.600000e+01
    endloop
  endfacet
  facet normal -9.941380e-01 -1.081190e-01 0.000000e+00
    outer loop
      vertex   -3.775032e+01 5.999959e+00 3.300000e+01
      vertex   -3.775032e+01 5.999959e+00 3.600000e+01
      vertex   -3.779124e+01 6.376158e+00 3.300000e+01
    endloop
  endfacet
  facet normal -9.941380e-01 -1.081190e-01 0.000000e+00
    outer loop
      vertex   -3.779124e+01 6.376158e+00 3.300000e+01
      vertex   -3.775032e+01 5.999959e+00 3.600000e+01
      vertex   -3.779124e+01 6.376158e+00 3.600000e+01
    endloop
  endfacet
  facet normal -9.476532e-01 -3.193015e-01 0.000000e+00
    outer loop
      vertex   -3.779124e+01 6.376158e+00 3.300000e+01
      vertex   -3.779124e+01 6.376158e+00 3.600000e+01
      vertex   -3.791207e+01 6.734766e+00 3.300000e+01
    endloop
  endfacet
  facet normal -9.476532e-01 -3.193015e-01 0.000000e+00
    outer loop
      vertex   -3.791207e+01 6.734766e+00 3.300000e+01
      vertex   -3.779124e+01 6.376158e+00 3.600000e+01
      vertex   -3.791207e+01 6.734766e+00 3.600000e+01
    endloop
  endfacet
  facet normal -8.568572e-01 -5.155539e-01 0.000000e+00
    outer loop
      vertex   -3.791207e+01 6.734766e+00 3.300000e+01
      vertex   -3.791207e+01 6.734766e+00 3.600000e+01
      vertex   -3.810716e+01 7.059016e+00 3.300000e+01
    endloop
  endfacet
  facet normal -8.568572e-01 -5.155539e-01 -1.526346e-16
    outer loop
      vertex   -3.810716e+01 7.059016e+00 3.300000e+01
      vertex   -3.791207e+01 6.734766e+00 3.600000e+01
      vertex   -3.810716e+01 7.059016e+00 3.600000e+01
    endloop
  endfacet
  facet normal -7.259955e-01 -6.876995e-01 -2.035999e-16
    outer loop
      vertex   -3.810716e+01 7.059016e+00 3.300000e+01
      vertex   -3.810716e+01 7.059016e+00 3.600000e+01
      vertex   -3.836740e+01 7.333745e+00 3.300000e+01
    endloop
  endfacet
  facet normal -7.259955e-01 -6.876995e-01 0.000000e+00
    outer loop
      vertex   -3.836740e+01 7.333745e+00 3.300000e+01
      vertex   -3.810716e+01 7.059016e+00 3.600000e+01
      vertex   -3.836740e+01 7.333745e+00 3.600000e+01
    endloop
  endfacet
  facet normal -5.611871e-01 -8.276890e-01 0.000000e+00
    outer loop
      vertex   -3.836740e+01 7.333745e+00 3.300000e+01
      vertex   -3.836740e+01 7.333745e+00 3.600000e+01
      vertex   -3.868061e+01 7.546108e+00 3.300000e+01
    endloop
  endfacet
  facet normal -5.611871e-01 -8.276890e-01 0.000000e+00
    outer loop
      vertex   -3.868061e+01 7.546108e+00 3.300000e+01
      vertex   -3.836740e+01 7.333745e+00 3.600000e+01
      vertex   -3.868061e+01 7.546108e+00 3.600000e+01
    endloop
  endfacet
  facet normal -3.701382e-01 -9.289767e-01 0.000000e+00
    outer loop
      vertex   -3.868061e+01 7.546108e+00 3.300000e+01
      vertex   -3.868061e+01 7.546108e+00 3.600000e+01
      vertex   -3.903215e+01 7.686174e+00 3.300000e+01
    endloop
  endfacet
  facet normal -3.701382e-01 -9.289767e-01 0.000000e+00
    outer loop
      vertex   -3.903215e+01 7.686174e+00 3.300000e+01
      vertex   -3.868061e+01 7.546108e+00 3.600000e+01
      vertex   -3.903215e+01 7.686174e+00 3.600000e+01
    endloop
  endfacet
  facet normal -1.617820e-01 -9.868265e-01 0.000000e+00
    outer loop
      vertex   -3.903215e+01 7.686174e+00 3.300000e+01
      vertex   -3.903215e+01 7.686174e+00 3.600000e+01
      vertex   -3.940558e+01 7.747395e+00 3.300000e+01
    endloop
  endfacet
  facet normal -1.617820e-01 -9.868265e-01 0.000000e+00
    outer loop
      vertex   -3.940558e+01 7.747395e+00 3.300000e+01
      vertex   -3.903215e+01 7.686174e+00 3.600000e+01
      vertex   -3.940558e+01 7.747395e+00 3.600000e+01
    endloop
  endfacet
  facet normal 5.413891e-02 -9.985334e-01 0.000000e+00
    outer loop
      vertex   -3.940558e+01 7.747395e+00 3.300000e+01
      vertex   -3.940558e+01 7.747395e+00 3.600000e+01
      vertex   -3.978344e+01 7.726908e+00 3.300000e+01
    endloop
  endfacet
  facet normal 5.413891e-02 -9.985334e-01 0.000000e+00
    outer loop
      vertex   -3.978344e+01 7.726908e+00 3.300000e+01
      vertex   -3.940558e+01 7.747395e+00 3.600000e+01
      vertex   -3.978344e+01 7.726908e+00 3.600000e+01
    endloop
  endfacet
  facet normal 2.675283e-01 -9.635500e-01 0.000000e+00
    outer loop
      vertex   -3.978344e+01 7.726908e+00 3.300000e+01
      vertex   -3.978344e+01 7.726908e+00 3.600000e+01
      vertex   -4.014807e+01 7.625671e+00 3.300000e+01
    endloop
  endfacet
  facet normal 2.675283e-01 -9.635500e-01 0.000000e+00
    outer loop
      vertex   -4.014807e+01 7.625671e+00 3.300000e+01
      vertex   -3.978344e+01 7.726908e+00 3.600000e+01
      vertex   -4.014807e+01 7.625671e+00 3.600000e+01
    endloop
  endfacet
  facet normal 4.684084e-01 -8.835120e-01 0.000000e+00
    outer loop
      vertex   -4.014807e+01 7.625671e+00 3.300000e+01
      vertex   -4.014807e+01 7.625671e+00 3.600000e+01
      vertex   -4.048240e+01 7.448417e+00 3.300000e+01
    endloop
  endfacet
  facet normal 4.684084e-01 -8.835120e-01 0.000000e+00
    outer loop
      vertex   -4.048240e+01 7.448417e+00 3.300000e+01
      vertex   -4.014807e+01 7.625671e+00 3.600000e+01
      vertex   -4.048240e+01 7.448417e+00 3.600000e+01
    endloop
  endfacet
  facet normal 6.473863e-01 -7.621621e-01 0.000000e+00
    outer loop
      vertex   -4.048240e+01 7.448417e+00 3.300000e+01
      vertex   -4.048240e+01 7.448417e+00 3.600000e+01
      vertex   -4.077082e+01 7.203435e+00 3.300000e+01
    endloop
  endfacet
  facet normal 6.473863e-01 -7.621621e-01 2.256453e-16
    outer loop
      vertex   -4.077082e+01 7.203435e+00 3.300000e+01
      vertex   -4.048240e+01 7.448417e+00 3.600000e+01
      vertex   -4.077082e+01 7.203435e+00 3.600000e+01
    endloop
  endfacet
  facet normal 7.960931e-01 -6.051742e-01 1.791676e-16
    outer loop
      vertex   -4.077082e+01 7.203435e+00 3.300000e+01
      vertex   -4.077082e+01 7.203435e+00 3.600000e+01
      vertex   -4.099983e+01 6.902180e+00 3.300000e+01
    endloop
  endfacet
  facet normal 7.960931e-01 -6.051742e-01 1.791676e-16
    outer loop
      vertex   -4.099983e+01 6.902180e+00 3.300000e+01
      vertex   -4.077082e+01 7.203435e+00 3.600000e+01
      vertex   -4.099983e+01 6.902180e+00 3.600000e+01
    endloop
  endfacet
  facet normal 9.075754e-01 -4.198891e-01 1.243121e-16
    outer loop
      vertex   -4.099983e+01 6.902180e+00 3.300000e+01
      vertex   -4.099983e+01 6.902180e+00 3.600000e+01
      vertex   -4.115872e+01 6.558738e+00 3.300000e+01
    endloop
  endfacet
  facet normal 9.075754e-01 -4.198891e-01 2.486243e-16
    outer loop
      vertex   -4.115872e+01 6.558738e+00 3.300000e+01
      vertex   -4.099983e+01 6.902180e+00 3.600000e+01
      vertex   -4.115872e+01 6.558738e+00 3.600000e+01
    endloop
  endfacet
  facet normal 9.766206e-01 -2.149704e-01 1.272881e-16
    outer loop
      vertex   -4.115872e+01 6.558738e+00 3.300000e+01
      vertex   -4.115872e+01 6.558738e+00 3.600000e+01
      vertex   -4.124007e+01 6.189168e+00 3.300000e+01
    endloop
  endfacet
  facet normal 9.766206e-01 -2.149704e-01 0.000000e+00
    outer loop
      vertex   -4.124007e+01 6.189168e+00 3.300000e+01
      vertex   -4.115872e+01 6.558738e+00 3.600000e+01
      vertex   -4.124007e+01 6.189168e+00 3.600000e+01
    endloop
  endfacet
  facet normal 1.000000e+00 0.000000e+00 -0.000000e+00
    outer loop
      vertex   -4.124007e+01 6.189168e+00 3.300000e+01
      vertex   -4.124007e+01 6.189168e+00 3.600000e+01
      vertex   -4.124007e+01 5.810751e+00 3.300000e+01
    endloop
  endfacet
  facet normal 1.000000e+00 0.000000e+00 0.000000e+00
    outer loop
      vertex   -4.124007e+01 5.810751e+00 3.300000e+01
      vertex   -4.124007e+01 6.189168e+00 3.600000e+01
      vertex   -4.124007e+01 5.810751e+00 3.600000e+01
    endloop
  endfacet
  facet normal 9.766206e-01 2.149704e-01 -0.000000e+00
    outer loop
      vertex   -4.124007e+01 5.810751e+00 3.300000e+01
      vertex   -4.124007e+01 5.810751e+00 3.600000e+01
      vertex   -4.115872e+01 5.441181e+00 3.300000e+01
    endloop
  endfacet
  facet normal 9.766206e-01 2.149704e-01 -1.272881e-16
    outer loop
      vertex   -4.115872e+01 5.441181e+00 3.300000e+01
      vertex   -4.124007e+01 5.810751e+00 3.600000e+01
      vertex   -4.115872e+01 5.441181e+00 3.600000e+01
    endloop
  endfacet
  facet normal 9.075754e-01 4.198891e-01 -2.486243e-16
    outer loop
      vertex   -4.115872e+01 5.441181e+00 3.300000e+01
      vertex   -4.115872e+01 5.441181e+00 3.600000e+01
      vertex   -4.099983e+01 5.097739e+00 3.300000e+01
    endloop
  endfacet
  facet normal 9.075754e-01 4.198891e-01 -1.243121e-16
    outer loop
      vertex   -4.099983e+01 5.097739e+00 3.300000e+01
      vertex   -4.115872e+01 5.441181e+00 3.600000e+01
      vertex   -4.099983e+01 5.097739e+00 3.600000e+01
    endloop
  endfacet
  facet normal 7.960931e-01 6.051742e-01 -1.791676e-16
    outer loop
      vertex   -4.099983e+01 5.097739e+00 3.300000e+01
      vertex   -4.099983e+01 5.097739e+00 3.600000e+01
      vertex   -4.077082e+01 4.796484e+00 3.300000e+01
    endloop
  endfacet
  facet normal 7.960931e-01 6.051742e-01 -1.791676e-16
    outer loop
      vertex   -4.077082e+01 4.796484e+00 3.300000e+01
      vertex   -4.099983e+01 5.097739e+00 3.600000e+01
      vertex   -4.077082e+01 4.796484e+00 3.600000e+01
    endloop
  endfacet
  facet normal 6.473863e-01 7.621621e-01 -2.256453e-16
    outer loop
      vertex   -4.077082e+01 4.796484e+00 3.300000e+01
      vertex   -4.077082e+01 4.796484e+00 3.600000e+01
      vertex   -4.048240e+01 4.551502e+00 3.300000e+01
    endloop
  endfacet
  facet normal 6.473863e-01 7.621621e-01 -0.000000e+00
    outer loop
      vertex   -4.048240e+01 4.551502e+00 3.300000e+01
      vertex   -4.077082e+01 4.796484e+00 3.600000e+01
      vertex   -4.048240e+01 4.551502e+00 3.600000e+01
    endloop
  endfacet
  facet normal 4.684084e-01 8.835120e-01 -0.000000e+00
    outer loop
      vertex   -4.048240e+01 4.551502e+00 3.300000e+01
      vertex   -4.048240e+01 4.551502e+00 3.600000e+01
      vertex   -4.014807e+01 4.374248e+00 3.300000e+01
    endloop
  endfacet
  facet normal 4.684084e-01 8.835120e-01 -0.000000e+00
    outer loop
      vertex   -4.014807e+01 4.374248e+00 3.300000e+01
      vertex   -4.048240e+01 4.551502e+00 3.600000e+01
      vertex   -4.014807e+01 4.374248e+00 3.600000e+01
    endloop
  endfacet
  facet normal 2.675283e-01 9.635500e-01 -0.000000e+00
    outer loop
      vertex   -4.014807e+01 4.374248e+00 3.300000e+01
      vertex   -4.014807e+01 4.374248e+00 3.600000e+01
      vertex   -3.978344e+01 4.273010e+00 3.300000e+01
    endloop
  endfacet
  facet normal 2.675283e-01 9.635500e-01 -0.000000e+00
    outer loop
      vertex   -3.978344e+01 4.273010e+00 3.300000e+01
      vertex   -4.014807e+01 4.374248e+00 3.600000e+01
      vertex   -3.978344e+01 4.273010e+00 3.600000e+01
    endloop
  endfacet
  facet normal 5.413891e-02 9.985334e-01 -0.000000e+00
    outer loop
      vertex   -3.978344e+01 4.273010e+00 3.300000e+01
      vertex   -3.978344e+01 4.273010e+00 3.600000e+01
      vertex   -3.940558e+01 4.252523e+00 3.300000e+01
    endloop
  endfacet
  facet normal 5.413891e-02 9.985334e-01 -0.000000e+00
    outer loop
      vertex   -3.940558e+01 4.252523e+00 3.300000e+01
      vertex   -3.978344e+01 4.273010e+00 3.600000e+01
      vertex   -3.940558e+01 4.252523e+00 3.600000e+01
    endloop
  endfacet
  facet normal -1.617820e-01 9.868265e-01 0.000000e+00
    outer loop
      vertex   -3.940558e+01 4.252523e+00 3.300000e+01
      vertex   -3.940558e+01 4.252523e+00 3.600000e+01
      vertex   -3.903215e+01 4.313744e+00 3.300000e+01
    endloop
  endfacet
  facet normal -1.617820e-01 9.868265e-01 2.921593e-16
    outer loop
      vertex   -3.903215e+01 4.313744e+00 3.300000e+01
      vertex   -3.940558e+01 4.252523e+00 3.600000e+01
      vertex   -3.903215e+01 4.313744e+00 3.600000e+01
    endloop
  endfacet
  facet normal -3.701382e-01 9.289767e-01 2.750324e-16
    outer loop
      vertex   -3.903215e+01 4.313744e+00 3.300000e+01
      vertex   -3.903215e+01 4.313744e+00 3.600000e+01
      vertex   -3.868061e+01 4.453811e+00 3.300000e+01
    endloop
  endfacet
  facet normal -3.701382e-01 9.289767e-01 0.000000e+00
    outer loop
      vertex   -3.868061e+01 4.453811e+00 3.300000e+01
      vertex   -3.903215e+01 4.313744e+00 3.600000e+01
      vertex   -3.868061e+01 4.453811e+00 3.600000e+01
    endloop
  endfacet
  facet normal -5.611871e-01 8.276890e-01 0.000000e+00
    outer loop
      vertex   -3.868061e+01 4.453811e+00 3.300000e+01
      vertex   -3.868061e+01 4.453811e+00 3.600000e+01
      vertex   -3.836740e+01 4.666174e+00 3.300000e+01
    endloop
  endfacet
  facet normal -5.611871e-01 8.276890e-01 0.000000e+00
    outer loop
      vertex   -3.836740e+01 4.666174e+00 3.300000e+01
      vertex   -3.868061e+01 4.453811e+00 3.600000e+01
      vertex   -3.836740e+01 4.666174e+00 3.600000e+01
    endloop
  endfacet
  facet normal -7.259955e-01 6.876995e-01 0.000000e+00
    outer loop
      vertex   -3.836740e+01 4.666174e+00 3.300000e+01
      vertex   -3.836740e+01 4.666174e+00 3.600000e+01
      vertex   -3.810716e+01 4.940903e+00 3.300000e+01
    endloop
  endfacet
  facet normal -7.259955e-01 6.876995e-01 4.071999e-16
    outer loop
      vertex   -3.810716e+01 4.940903e+00 3.300000e+01
      vertex   -3.836740e+01 4.666174e+00 3.600000e+01
      vertex   -3.810716e+01 4.940903e+00 3.600000e+01
    endloop
  endfacet
  facet normal -8.568572e-01 5.155539e-01 3.052692e-16
    outer loop
      vertex   -3.810716e+01 4.940903e+00 3.300000e+01
      vertex   -3.810716e+01 4.940903e+00 3.600000e+01
      vertex   -3.791207e+01 5.265152e+00 3.300000e+01
    endloop
  endfacet
  facet normal -8.568572e-01 5.155539e-01 0.000000e+00
    outer loop
      vertex   -3.791207e+01 5.265152e+00 3.300000e+01
      vertex   -3.810716e+01 4.940903e+00 3.600000e+01
      vertex   -3.791207e+01 5.265152e+00 3.600000e+01
    endloop
  endfacet
  facet normal -9.476532e-01 3.193015e-01 0.000000e+00
    outer loop
      vertex   -3.791207e+01 5.265152e+00 3.300000e+01
      vertex   -3.791207e+01 5.265152e+00 3.600000e+01
      vertex   -3.779124e+01 5.623761e+00 3.300000e+01
    endloop
  endfacet
  facet normal -9.476532e-01 3.193015e-01 0.000000e+00
    outer loop
      vertex   -3.779124e+01 5.623761e+00 3.300000e+01
      vertex   -3.791207e+01 5.265152e+00 3.600000e+01
      vertex   -3.779124e+01 5.623761e+00 3.600000e+01
    endloop
  endfacet
  facet normal -9.941380e-01 1.081190e-01 0.000000e+00
    outer loop
      vertex   4.220892e+01 5.623761e+00 3.300000e+01
      vertex   4.220892e+01 5.623761e+00 3.600000e+01
      vertex   4.224984e+01 5.999959e+00 3.300000e+01
    endloop
  endfacet
  facet normal -9.941380e-01 1.081190e-01 0.000000e+00
    outer loop
      vertex   4.224984e+01 5.999959e+00 3.300000e+01
      vertex   4.220892e+01 5.623761e+00 3.600000e+01
      vertex   4.224984e+01 5.999959e+00 3.600000e+01
    endloop
  endfacet
  facet normal -9.941380e-01 -1.081190e-01 0.000000e+00
    outer loop
      vertex   4.224984e+01 5.999959e+00 3.300000e+01
      vertex   4.224984e+01 5.999959e+00 3.600000e+01
      vertex   4.220892e+01 6.376158e+00 3.300000e+01
    endloop
  endfacet
  facet normal -9.941380e-01 -1.081190e-01 0.000000e+00
    outer loop
      vertex   4.220892e+01 6.376158e+00 3.300000e+01
      vertex   4.224984e+01 5.999959e+00 3.600000e+01
      vertex   4.220892e+01 6.376158e+00 3.600000e+01
    endloop
  endfacet
  facet normal -9.476532e-01 -3.193015e-01 0.000000e+00
    outer loop
      vertex   4.220892e+01 6.376158e+00 3.300000e+01
      vertex   4.220892e+01 6.376158e+00 3.600000e+01
      vertex   4.208809e+01 6.734766e+00 3.300000e+01
    endloop
  endfacet
  facet normal -9.476532e-01 -3.193015e-01 0.000000e+00
    outer loop
      vertex   4.208809e+01 6.734766e+00 3.300000e+01
      vertex   4.220892e+01 6.376158e+00 3.600000e+01
      vertex   4.208809e+01 6.734766e+00 3.600000e+01
    endloop
  endfacet
  facet normal -8.568572e-01 -5.155539e-01 0.000000e+00
    outer loop
      vertex   4.208809e+01 6.734766e+00 3.300000e+01
      vertex   4.208809e+01 6.734766e+00 3.600000e+01
      vertex   4.189300e+01 7.059016e+00 3.300000e+01
    endloop
  endfacet
  facet normal -8.568572e-01 -5.155539e-01 1.876811e-15
    outer loop
      vertex   4.189300e+01 7.059016e+00 3.300000e+01
      vertex   4.208809e+01 6.734766e+00 3.600000e+01
      vertex   4.189300e+01 7.059016e+00 3.600000e+01
    endloop
  endfacet
  facet normal -7.259955e-01 -6.876995e-01 1.515903e-15
    outer loop
      vertex   4.189300e+01 7.059016e+00 3.300000e+01
      vertex   4.189300e+01 7.059016e+00 3.600000e+01
      vertex   4.163276e+01 7.333745e+00 3.300000e+01
    endloop
  endfacet
  facet normal -7.259955e-01 -6.876995e-01 1.515903e-15
    outer loop
      vertex   4.163276e+01 7.333745e+00 3.300000e+01
      vertex   4.189300e+01 7.059016e+00 3.600000e+01
      vertex   4.163276e+01 7.333745e+00 3.600000e+01
    endloop
  endfacet
  facet normal -5.611871e-01 -8.276890e-01 1.084113e-15
    outer loop
      vertex   4.163276e+01 7.333745e+00 3.300000e+01
      vertex   4.163276e+01 7.333745e+00 3.600000e+01
      vertex   4.131955e+01 7.546108e+00 3.300000e+01
    endloop
  endfacet
  facet normal -5.611871e-01 -8.276890e-01 -2.450452e-16
    outer loop
      vertex   4.131955e+01 7.546108e+00 3.300000e+01
      vertex   4.163276e+01 7.333745e+00 3.600000e+01
      vertex   4.131955e+01 7.546108e+00 3.600000e+01
    endloop
  endfacet
  facet normal -3.701382e-01 -9.289767e-01 -2.750324e-16
    outer loop
      vertex   4.131955e+01 7.546108e+00 3.300000e+01
      vertex   4.131955e+01 7.546108e+00 3.600000e+01
      vertex   4.096801e+01 7.686174e+00 3.300000e+01
    endloop
  endfacet
  facet normal -3.701382e-01 -9.289767e-01 8.766633e-16
    outer loop
      vertex   4.096801e+01 7.686174e+00 3.300000e+01
      vertex   4.131955e+01 7.546108e+00 3.600000e+01
      vertex   4.096801e+01 7.686174e+00 3.600000e+01
    endloop
  endfacet
  facet normal -1.617820e-01 -9.868265e-01 3.831767e-16
    outer loop
      vertex   4.096801e+01 7.686174e+00 3.300000e+01
      vertex   4.096801e+01 7.686174e+00 3.600000e+01
      vertex   4.059458e+01 7.747395e+00 3.300000e+01
    endloop
  endfacet
  facet normal -1.617820e-01 -9.868265e-01 7.663535e-16
    outer loop
      vertex   4.059458e+01 7.747395e+00 3.300000e+01
      vertex   4.096801e+01 7.686174e+00 3.600000e+01
      vertex   4.059458e+01 7.747395e+00 3.600000e+01
    endloop
  endfacet
  facet normal 5.413891e-02 -9.985334e-01 -2.564534e-16
    outer loop
      vertex   4.059458e+01 7.747395e+00 3.300000e+01
      vertex   4.059458e+01 7.747395e+00 3.600000e+01
      vertex   4.021672e+01 7.726908e+00 3.300000e+01
    endloop
  endfacet
  facet normal 5.413891e-02 -9.985334e-01 0.000000e+00
    outer loop
      vertex   4.021672e+01 7.726908e+00 3.300000e+01
      vertex   4.059458e+01 7.747395e+00 3.600000e+01
      vertex   4.021672e+01 7.726908e+00 3.600000e+01
    endloop
  endfacet
  facet normal 2.675283e-01 -9.635500e-01 0.000000e+00
    outer loop
      vertex   4.021672e+01 7.726908e+00 3.300000e+01
      vertex   4.021672e+01 7.726908e+00 3.600000e+01
      vertex   3.985209e+01 7.625671e+00 3.300000e+01
    endloop
  endfacet
  facet normal 2.675283e-01 -9.635500e-01 -6.336344e-16
    outer loop
      vertex   3.985209e+01 7.625671e+00 3.300000e+01
      vertex   4.021672e+01 7.726908e+00 3.600000e+01
      vertex   3.985209e+01 7.625671e+00 3.600000e+01
    endloop
  endfacet
  facet normal 4.684084e-01 -8.835120e-01 -1.109414e-15
    outer loop
      vertex   3.985209e+01 7.625671e+00 3.300000e+01
      vertex   3.985209e+01 7.625671e+00 3.600000e+01
      vertex   3.951776e+01 7.448417e+00 3.300000e+01
    endloop
  endfacet
  facet normal 4.684084e-01 -8.835120e-01 0.000000e+00
    outer loop
      vertex   3.951776e+01 7.448417e+00 3.300000e+01
      vertex   3.985209e+01 7.625671e+00 3.600000e+01
      vertex   3.951776e+01 7.448417e+00 3.600000e+01
    endloop
  endfacet
  facet normal 6.473863e-01 -7.621621e-01 0.000000e+00
    outer loop
      vertex   3.951776e+01 7.448417e+00 3.300000e+01
      vertex   3.951776e+01 7.448417e+00 3.600000e+01
      vertex   3.922934e+01 7.203435e+00 3.300000e+01
    endloop
  endfacet
  facet normal 6.473863e-01 -7.621621e-01 2.256453e-16
    outer loop
      vertex   3.922934e+01 7.203435e+00 3.300000e+01
      vertex   3.951776e+01 7.448417e+00 3.600000e+01
      vertex   3.922934e+01 7.203435e+00 3.600000e+01
    endloop
  endfacet
  facet normal 7.960931e-01 -6.051742e-01 1.791676e-16
    outer loop
      vertex   3.922934e+01 7.203435e+00 3.300000e+01
      vertex   3.922934e+01 7.203435e+00 3.600000e+01
      vertex   3.900033e+01 6.902180e+00 3.300000e+01
    endloop
  endfacet
  facet normal 7.960931e-01 -6.051742e-01 3.583351e-16
    outer loop
      vertex   3.900033e+01 6.902180e+00 3.300000e+01
      vertex   3.922934e+01 7.203435e+00 3.600000e+01
      vertex   3.900033e+01 6.902180e+00 3.600000e+01
    endloop
  endfacet
  facet normal 9.075754e-01 -4.198891e-01 2.486243e-16
    outer loop
      vertex   3.900033e+01 6.902180e+00 3.300000e+01
      vertex   3.900033e+01 6.902180e+00 3.600000e+01
      vertex   3.884144e+01 6.558738e+00 3.300000e+01
    endloop
  endfacet
  facet normal 9.075754e-01 -4.198891e-01 0.000000e+00
    outer loop
      vertex   3.884144e+01 6.558738e+00 3.300000e+01
      vertex   3.900033e+01 6.902180e+00 3.600000e+01
      vertex   3.884144e+01 6.558738e+00 3.600000e+01
    endloop
  endfacet
  facet normal 9.766206e-01 -2.149704e-01 0.000000e+00
    outer loop
      vertex   3.884144e+01 6.558738e+00 3.300000e+01
      vertex   3.884144e+01 6.558738e+00 3.600000e+01
      vertex   3.876009e+01 6.189168e+00 3.300000e+01
    endloop
  endfacet
  facet normal 9.766206e-01 -2.149704e-01 0.000000e+00
    outer loop
      vertex   3.876009e+01 6.189168e+00 3.300000e+01
      vertex   3.884144e+01 6.558738e+00 3.600000e+01
      vertex   3.876009e+01 6.189168e+00 3.600000e+01
    endloop
  endfacet
  facet normal 1.000000e+00 0.000000e+00 -0.000000e+00
    outer loop
      vertex   3.876009e+01 6.189168e+00 3.300000e+01
      vertex   3.876009e+01 6.189168e+00 3.600000e+01
      vertex   3.876009e+01 5.810751e+00 3.300000e+01
    endloop
  endfacet
  facet normal 1.000000e+00 0.000000e+00 0.000000e+00
    outer loop
      vertex   3.876009e+01 5.810751e+00 3.300000e+01
      vertex   3.876009e+01 6.189168e+00 3.600000e+01
      vertex   3.876009e+01 5.810751e+00 3.600000e+01
    endloop
  endfacet
  facet normal 9.766206e-01 2.149704e-01 -0.000000e+00
    outer loop
      vertex   3.876009e+01 5.810751e+00 3.300000e+01
      vertex   3.876009e+01 5.810751e+00 3.600000e+01
      vertex   3.884144e+01 5.441181e+00 3.300000e+01
    endloop
  endfacet
  facet normal 9.766206e-01 2.149704e-01 -0.000000e+00
    outer loop
      vertex   3.884144e+01 5.441181e+00 3.300000e+01
      vertex   3.876009e+01 5.810751e+00 3.600000e+01
      vertex   3.884144e+01 5.441181e+00 3.600000e+01
    endloop
  endfacet
  facet normal 9.075754e-01 4.198891e-01 -0.000000e+00
    outer loop
      vertex   3.884144e+01 5.441181e+00 3.300000e+01
      vertex   3.884144e+01 5.441181e+00 3.600000e+01
      vertex   3.900033e+01 5.097739e+00 3.300000e+01
    endloop
  endfacet
  facet normal 9.075754e-01 4.198891e-01 -2.486243e-16
    outer loop
      vertex   3.900033e+01 5.097739e+00 3.300000e+01
      vertex   3.884144e+01 5.441181e+00 3.600000e+01
      vertex   3.900033e+01 5.097739e+00 3.600000e+01
    endloop
  endfacet
  facet normal 7.960931e-01 6.051742e-01 -3.583351e-16
    outer loop
      vertex   3.900033e+01 5.097739e+00 3.300000e+01
      vertex   3.900033e+01 5.097739e+00 3.600000e+01
      vertex   3.922934e+01 4.796484e+00 3.300000e+01
    endloop
  endfacet
  facet normal 7.960931e-01 6.051742e-01 -1.791676e-16
    outer loop
      vertex   3.922934e+01 4.796484e+00 3.300000e+01
      vertex   3.900033e+01 5.097739e+00 3.600000e+01
      vertex   3.922934e+01 4.796484e+00 3.600000e+01
    endloop
  endfacet
  facet normal 6.473863e-01 7.621621e-01 -2.256453e-16
    outer loop
      vertex   3.922934e+01 4.796484e+00 3.300000e+01
      vertex   3.922934e+01 4.796484e+00 3.600000e+01
      vertex   3.951776e+01 4.551502e+00 3.300000e+01
    endloop
  endfacet
  facet normal 6.473863e-01 7.621621e-01 -0.000000e+00
    outer loop
      vertex   3.951776e+01 4.551502e+00 3.300000e+01
      vertex   3.922934e+01 4.796484e+00 3.600000e+01
      vertex   3.951776e+01 4.551502e+00 3.600000e+01
    endloop
  endfacet
  facet normal 4.684084e-01 8.835120e-01 -0.000000e+00
    outer loop
      vertex   3.951776e+01 4.551502e+00 3.300000e+01
      vertex   3.951776e+01 4.551502e+00 3.600000e+01
      vertex   3.985209e+01 4.374248e+00 3.300000e+01
    endloop
  endfacet
  facet normal 4.684084e-01 8.835120e-01 1.109414e-15
    outer loop
      vertex   3.985209e+01 4.374248e+00 3.300000e+01
      vertex   3.951776e+01 4.551502e+00 3.600000e+01
      vertex   3.985209e+01 4.374248e+00 3.600000e+01
    endloop
  endfacet
  facet normal 2.675283e-01 9.635500e-01 6.336344e-16
    outer loop
      vertex   3.985209e+01 4.374248e+00 3.300000e+01
      vertex   3.985209e+01 4.374248e+00 3.600000e+01
      vertex   4.021672e+01 4.273010e+00 3.300000e+01
    endloop
  endfacet
  facet normal 2.675283e-01 9.635500e-01 -0.000000e+00
    outer loop
      vertex   4.021672e+01 4.273010e+00 3.300000e+01
      vertex   3.985209e+01 4.374248e+00 3.600000e+01
      vertex   4.021672e+01 4.273010e+00 3.600000e+01
    endloop
  endfacet
  facet normal 5.413891e-02 9.985334e-01 -0.000000e+00
    outer loop
      vertex   4.021672e+01 4.273010e+00 3.300000e+01
      vertex   4.021672e+01 4.273010e+00 3.600000e+01
      vertex   4.059458e+01 4.252523e+00 3.300000e+01
    endloop
  endfacet
  facet normal 5.413891e-02 9.985334e-01 2.564534e-16
    outer loop
      vertex   4.059458e+01 4.252523e+00 3.300000e+01
      vertex   4.021672e+01 4.273010e+00 3.600000e+01
      vertex   4.059458e+01 4.252523e+00 3.600000e+01
    endloop
  endfacet
  facet normal -1.617820e-01 9.868265e-01 -7.663535e-16
    outer loop
      vertex   4.059458e+01 4.252523e+00 3.300000e+01
      vertex   4.059458e+01 4.252523e+00 3.600000e+01
      vertex   4.096801e+01 4.313744e+00 3.300000e+01
    endloop
  endfacet
  facet normal -1.617820e-01 9.868265e-01 -3.831767e-16
    outer loop
      vertex   4.096801e+01 4.313744e+00 3.300000e+01
      vertex   4.059458e+01 4.252523e+00 3.600000e+01
      vertex   4.096801e+01 4.313744e+00 3.600000e+01
    endloop
  endfacet
  facet normal -3.701382e-01 9.289767e-01 -8.766633e-16
    outer loop
      vertex   4.096801e+01 4.313744e+00 3.300000e+01
      vertex   4.096801e+01 4.313744e+00 3.600000e+01
      vertex   4.131955e+01 4.453811e+00 3.300000e+01
    endloop
  endfacet
  facet normal -3.701382e-01 9.289767e-01 2.750324e-16
    outer loop
      vertex   4.131955e+01 4.453811e+00 3.300000e+01
      vertex   4.096801e+01 4.313744e+00 3.600000e+01
      vertex   4.131955e+01 4.453811e+00 3.600000e+01
    endloop
  endfacet
  facet normal -5.611871e-01 8.276890e-01 2.450452e-16
    outer loop
      vertex   4.131955e+01 4.453811e+00 3.300000e+01
      vertex   4.131955e+01 4.453811e+00 3.600000e+01
      vertex   4.163276e+01 4.666174e+00 3.300000e+01
    endloop
  endfacet
  facet normal -5.611871e-01 8.276890e-01 -1.329158e-15
    outer loop
      vertex   4.163276e+01 4.666174e+00 3.300000e+01
      vertex   4.131955e+01 4.453811e+00 3.600000e+01
      vertex   4.163276e+01 4.666174e+00 3.600000e+01
    endloop
  endfacet
  facet normal -7.259955e-01 6.876995e-01 -1.719503e-15
    outer loop
      vertex   4.163276e+01 4.666174e+00 3.300000e+01
      vertex   4.163276e+01 4.666174e+00 3.600000e+01
      vertex   4.189300e+01 4.940903e+00 3.300000e+01
    endloop
  endfacet
  facet normal -7.259955e-01 6.876995e-01 -1.515903e-15
    outer loop
      vertex   4.189300e+01 4.940903e+00 3.300000e+01
      vertex   4.163276e+01 4.666174e+00 3.600000e+01
      vertex   4.189300e+01 4.940903e+00 3.600000e+01
    endloop
  endfacet
  facet normal -8.568572e-01 5.155539e-01 -1.876811e-15
    outer loop
      vertex   4.189300e+01 4.940903e+00 3.300000e+01
      vertex   4.189300e+01 4.940903e+00 3.600000e+01
      vertex   4.208809e+01 5.265152e+00 3.300000e+01
    endloop
  endfacet
  facet normal -8.568572e-01 5.155539e-01 0.000000e+00
    outer loop
      vertex   4.208809e+01 5.265152e+00 3.300000e+01
      vertex   4.189300e+01 4.940903e+00 3.600000e+01
      vertex   4.208809e+01 5.265152e+00 3.600000e+01
    endloop
  endfacet
  facet normal -9.476532e-01 3.193015e-01 0.000000e+00
    outer loop
      vertex   4.208809e+01 5.265152e+00 3.300000e+01
      vertex   4.208809e+01 5.265152e+00 3.600000e+01
      vertex   4.220892e+01 5.623761e+00 3.300000e+01
    endloop
  endfacet
  facet normal -9.476532e-01 3.193015e-01 0.000000e+00
    outer loop
      vertex   4.220892e+01 5.623761e+00 3.300000e+01
      vertex   4.208809e+01 5.265152e+00 3.600000e+01
      vertex   4.220892e+01 5.623761e+00 3.600000e+01
    endloop
  endfacet
  facet normal -1.000000e+00 0.000000e+00 0.000000e+00
    outer loop
      vertex   -2.500000e+01 1.125000e+02 3.300000e+01
      vertex   -2.500000e+01 4.000000e+01 3.300000e+01
      vertex   -2.500000e+01 1.125000e+02 3.600000e+01
    endloop
  endfacet
  facet normal -1.000000e+00 -0.000000e+00 0.000000e+00
    outer loop
      vertex   -2.500000e+01 1.125000e+02 3.600000e+01
      vertex   -2.500000e+01 4.000000e+01 3.300000e+01
      vertex   -2.500000e+01 4.000000e+01 3.600000e+01
    endloop
  endfacet
endsolid
